$ date -u
Sun Sep 27 08:15:02 UTC 2026
exit_code=0
$ python3 configure.py
exit_code=0
$ .tools/bin/ninja -j2
[1/921] MWCC build/GEDE01/src/game/game_fn_800094C0.o
[2/921] MWCC build/GEDE01/src/game/game_fn_80008014.o
[3/921] MWCC build/GEDE01/src/game/game_fn_800098C0.o
[4/921] MWCC build/GEDE01/src/game/game_fn_800096E0.o
[5/921] MWCC build/GEDE01/src/game/game_fn_80009AB4.o
[6/921] MWCC build/GEDE01/src/game/game_fn_800099D8.o
[7/921] MWCC build/GEDE01/src/game/game_fn_8000A26C.o
[8/921] MWCC build/GEDE01/src/game/game_fn_8000AC88.o
[9/921] MWCC build/GEDE01/src/game/game_fn_8000AEB4.o
[10/921] MWCC build/GEDE01/src/game/game_fn_8000AFB4.o
[11/921] MWCC build/GEDE01/src/game/game_fn_8000B36C.o
[12/921] MWCC build/GEDE01/src/game/game_fn_8000B1B8.o
[13/921] MWCC build/GEDE01/src/game/game_fn_8000B630.o
[14/921] MWCC build/GEDE01/src/game/game_fn_8000B7FC.o
[15/921] MWCC build/GEDE01/src/game/game_fn_8000B900.o
[16/921] MWCC build/GEDE01/src/game/game_fn_8000BA0C.o
[17/921] MWCC build/GEDE01/src/game/game_fn_8000BAA0.o
[18/921] MWCC build/GEDE01/src/game/game_fn_8000BC40.o
[19/921] MWCC build/GEDE01/src/game/game_fn_8000C06C.o
[20/921] MWCC build/GEDE01/src/game/game_fn_8000C17C.o
[21/921] MWCC build/GEDE01/src/game/game_fn_8000C400.o
[22/921] MWCC build/GEDE01/src/game/game_fn_8000C848.o
[23/921] MWCC build/GEDE01/src/game/game_fn_8000C91C.o
[24/921] MWCC build/GEDE01/src/game/game_fn_8000D0BC.o
[25/921] MWCC build/GEDE01/src/game/game_fn_8000D3D4.o
[26/921] MWCC build/GEDE01/src/game/game_fn_8000D590.o
[27/921] MWCC build/GEDE01/src/game/game_fn_8000D8A4.o
[28/921] MWCC build/GEDE01/src/game/game_fn_8000DA50.o
[29/921] MWCC build/GEDE01/src/game/game_fn_8000DAF4.o
[30/921] MWCC build/GEDE01/src/game/game_fn_8000E054.o
[31/921] MWCC build/GEDE01/src/game/game_fn_8000E138.o
[32/921] MWCC build/GEDE01/src/game/game_fn_8000E0AC.o
[33/921] MWCC build/GEDE01/src/game/game_fn_8000E1C4.o
[34/921] MWCC build/GEDE01/src/game/game_fn_8000E96C.o
[35/921] MWCC build/GEDE01/src/game/game_fn_8000EB14.o
[36/921] MWCC build/GEDE01/src/game/game_fn_8000EBD4.o
[37/921] MWCC build/GEDE01/src/game/game_fn_8000ED44.o
[38/921] MWCC build/GEDE01/src/game/game_fn_8000EFC4.o
[39/921] MWCC build/GEDE01/src/game/game_fn_8000F4B0.o
[40/921] MWCC build/GEDE01/src/game/game_fn_8000F774.o
[41/921] MWCC build/GEDE01/src/game/game_fn_8000FDE8.o
[42/921] MWCC build/GEDE01/src/game/game_fn_8000FFD8.o
[43/921] MWCC build/GEDE01/src/game/game_fn_800119FC.o
[44/921] MWCC build/GEDE01/src/game/game_fn_80012DA8.o
[45/921] MWCC build/GEDE01/src/game/game_fn_80012F40.o
[46/921] MWCC build/GEDE01/src/game/game_fn_80012FD0.o
[47/921] MWCC build/GEDE01/src/game/game_fn_800131E8.o
[48/921] MWCC build/GEDE01/src/game/game_fn_80013340.o
[49/921] MWCC build/GEDE01/src/game/game_fn_80013870.o
[50/921] MWCC build/GEDE01/src/game/game_fn_80013CB0.o
[51/921] MWCC build/GEDE01/src/game/game_fn_800142DC.o
[52/921] MWCC build/GEDE01/src/game/game_fn_80013D54.o
[53/921] MWCC build/GEDE01/src/game/game_fn_800144CC.o
[54/921] MWCC build/GEDE01/src/game/game_fn_80014784.o
[55/921] MWCC build/GEDE01/src/game/game_fn_80015058.o
[56/921] MWCC build/GEDE01/src/game/game_fn_800149D4.o
[57/921] MWCC build/GEDE01/src/game/game_fn_80015320.o
[58/921] MWCC build/GEDE01/src/game/game_fn_80015568.o
[59/921] MWCC build/GEDE01/src/game/game_fn_80015BE0.o
[60/921] MWCC build/GEDE01/src/game/game_fn_800156FC.o
[61/921] MWCC build/GEDE01/src/game/game_fn_80015D40.o
[62/921] MWCC build/GEDE01/src/game/game_fn_80015F04.o
[63/921] MWCC build/GEDE01/src/game/game_fn_80016128.o
[64/921] MWCC build/GEDE01/src/game/game_fn_80016270.o
[65/921] MWCC build/GEDE01/src/game/game_fn_80016904.o
[66/921] MWCC build/GEDE01/src/game/game_fn_80016B24.o
[67/921] MWCC build/GEDE01/src/game/game_fn_800171C0.o
[68/921] MWCC build/GEDE01/src/game/game_fn_800173CC.o
[69/921] MWCC build/GEDE01/src/game/game_fn_800176F0.o
[70/921] MWCC build/GEDE01/src/game/game_fn_80017910.o
[71/921] MWCC build/GEDE01/src/game/game_fn_800179AC.o
[72/921] MWCC build/GEDE01/src/game/game_fn_80017A3C.o
[73/921] MWCC build/GEDE01/src/game/game_fn_80017AE4.o
[74/921] MWCC build/GEDE01/src/game/game_fn_80017C3C.o
[75/921] MWCC build/GEDE01/src/game/game_fn_80017CC8.o
[76/921] MWCC build/GEDE01/src/game/game_fn_80017DB0.o
[77/921] MWCC build/GEDE01/src/game/game_fn_80019054.o
[78/921] MWCC build/GEDE01/src/game/game_fn_80018EF4.o
[79/921] MWCC build/GEDE01/src/game/game_fn_800194D0.o
[80/921] MWCC build/GEDE01/src/game/game_fn_80019244.o
[81/921] MWCC build/GEDE01/src/game/game_fn_80019C10.o
[82/921] MWCC build/GEDE01/src/game/game_fn_80019940.o
[83/921] MWCC build/GEDE01/src/game/game_fn_80019D2C.o
[84/921] MWCC build/GEDE01/src/game/game_fn_80019F98.o
[85/921] MWCC build/GEDE01/src/game/game_fn_8001AAB8.o
[86/921] MWCC build/GEDE01/src/game/game_fn_8001A6C4.o
[87/921] MWCC build/GEDE01/src/game/game_fn_8001ADF8.o
[88/921] MWCC build/GEDE01/src/game/game_fn_8001AF68.o
[89/921] MWCC build/GEDE01/src/game/game_fn_8001B294.o
[90/921] MWCC build/GEDE01/src/game/game_fn_8001B124.o
[91/921] MWCC build/GEDE01/src/game/game_fn_8001B808.o
[92/921] MWCC build/GEDE01/src/game/game_fn_8001B874.o
[93/921] MWCC build/GEDE01/src/game/game_fn_8001CA04.o
[94/921] MWCC build/GEDE01/src/game/game_fn_8001C078.o
[95/921] MWCC build/GEDE01/src/game/game_fn_8001CE94.o
[96/921] MWCC build/GEDE01/src/game/game_fn_8001CD58.o
[97/921] MWCC build/GEDE01/src/game/game_fn_8001E644.o
[98/921] MWCC build/GEDE01/src/game/game_fn_8001FE1C.o
[99/921] MWCC build/GEDE01/src/game/game_fn_80020E94.o
[100/921] MWCC build/GEDE01/src/game/game_fn_80024F28.o
[101/921] MWCC build/GEDE01/src/game/game_fn_800272B4.o
[102/921] MWCC build/GEDE01/src/game/game_fn_8002B748.o
[103/921] MWCC build/GEDE01/src/game/game_fn_8002DAE0.o
[104/921] MWCC build/GEDE01/src/game/game_fn_8002E3F0.o
[105/921] MWCC build/GEDE01/src/game/game_fn_8002EA68.o
[106/921] MWCC build/GEDE01/src/game/game_fn_8002F428.o
[107/921] MWCC build/GEDE01/src/game/game_fn_80031544.o
[108/921] MWCC build/GEDE01/src/game/game_fn_8003232C.o
[109/921] MWCC build/GEDE01/src/game/game_fn_80032B84.o
[110/921] MWCC build/GEDE01/src/game/game_fn_80033038.o
[111/921] MWCC build/GEDE01/src/game/game_fn_80033180.o
[112/921] MWCC build/GEDE01/src/game/game_fn_800359A0.o
[113/921] MWCC build/GEDE01/src/game/game_fn_800361F8.o
[114/921] MWCC build/GEDE01/src/game/game_fn_80036C40.o
[115/921] MWCC build/GEDE01/src/game/game_fn_80038878.o
[116/921] MWCC build/GEDE01/src/game/game_fn_80048ADC.o
[117/921] MWCC build/GEDE01/src/game/game_fn_80048B24.o
[118/921] MWCC build/GEDE01/src/game/game_fn_8004998C.o
[119/921] MWCC build/GEDE01/src/game/game_fn_80050B08.o
[120/921] MWCC build/GEDE01/src/game/game_fn_80052310.o
[121/921] MWCC build/GEDE01/src/game/game_fn_800542D0.o
[122/921] MWCC build/GEDE01/src/game/game_fn_8005EC6C.o
[123/921] MWCC build/GEDE01/src/game/game_data_80239E10.o
[124/921] MWCC build/GEDE01/src/game/game_fn_8005EE9C.o
[125/921] MWCC build/GEDE01/src/game/game_fn_8005FD84.o
[126/921] MWCC build/GEDE01/src/game/game_data_80239E18.o
[127/921] MWCC build/GEDE01/src/game/game_fn_80066888.o
[128/921] MWCC build/GEDE01/src/game/game_fn_80066E78.o
[129/921] MWCC build/GEDE01/src/game/game_fn_8006B620.o
[130/921] MWCC build/GEDE01/src/game/game_fn_8006B0F0.o
[131/921] MWCC build/GEDE01/src/game/game_fn_8006E53C.o
[132/921] MWCC build/GEDE01/src/game/game_fn_80071A58.o
[133/921] MWCC build/GEDE01/src/game/game_fn_80074310.o
[134/921] MWCC build/GEDE01/src/game/game_fn_80078500.o
[135/921] MWCC build/GEDE01/src/game/game_fn_80079AA4.o
[136/921] MWCC build/GEDE01/src/game/game_fn_80079908.o
[137/921] MWCC build/GEDE01/src/game/game_fn_8007B540.o
[138/921] MWCC build/GEDE01/src/game/game_fn_8007B2F4.o
[139/921] MWCC build/GEDE01/src/game/game_fn_8007B828.o
[140/921] MWCC build/GEDE01/src/game/game_fn_8007B640.o
[141/921] MWCC build/GEDE01/src/game/game_fn_8007D4D8.o
[142/921] MWCC build/GEDE01/src/game/game_fn_8007BA3C.o
[143/921] MWCC build/GEDE01/src/game/game_fn_8007F770.o
[144/921] MWCC build/GEDE01/src/game/game_fn_800886D8.o
[145/921] MWCC build/GEDE01/src/game/game_fn_80088F4C.o
[146/921] MWCC build/GEDE01/src/game/game_fn_80089A34.o
[147/921] MWCC build/GEDE01/src/game/game_fn_8008A2E0.o
[148/921] MWCC build/GEDE01/src/game/game_fn_8008F224.o
[149/921] MWCC build/GEDE01/src/game/game_fn_8008F890.o
[150/921] MWCC build/GEDE01/src/game/game_fn_80090004.o
[151/921] MWCC build/GEDE01/src/game/game_fn_800934A0.o
[152/921] MWCC build/GEDE01/src/game/game_fn_80095D10.o
[153/921] MWCC build/GEDE01/src/game/game_fn_80095FDC.o
[154/921] MWCC build/GEDE01/src/game/game_fn_80096830.o
[155/921] MWCC build/GEDE01/src/game/game_fn_8009C424.o
[156/921] MWCC build/GEDE01/src/game/game_fn_8009E808.o
[157/921] MWCC build/GEDE01/src/game/game_fn_800A2130.o
[158/921] MWCC build/GEDE01/src/game/game_fn_800A2FCC.o
[159/921] MWCC build/GEDE01/src/game/game_fn_800A3180.o
[160/921] MWCC build/GEDE01/src/game/game_fn_800A3894.o
[161/921] MWCC build/GEDE01/src/game/game_fn_800A4428.o
[162/921] MWCC build/GEDE01/src/game/game_fn_800A4798.o
[163/921] MWCC build/GEDE01/src/game/game_fn_800A7E88.o
[164/921] MWCC build/GEDE01/src/game/game_fn_800AF230.o
[165/921] MWCC build/GEDE01/src/game/game_fn_800B2EC0.o
[166/921] MWCC build/GEDE01/src/game/game_fn_800BB5C4.o
[167/921] MWCC build/GEDE01/src/game/game_fn_800BB7A8.o
[168/921] MWCC build/GEDE01/src/game/game_fn_800BB9A4.o
[169/921] MWCC build/GEDE01/src/game/game_fn_800BBAF0.o
[170/921] MWCC build/GEDE01/src/game/game_fn_800C030C.o
[171/921] MWCC build/GEDE01/src/game/game_fn_800C17EC.o
[172/921] MWCC build/GEDE01/src/game/game_fn_800C59F0.o
[173/921] MWCC build/GEDE01/src/game/game_fn_800C644C.o
[174/921] MWCC build/GEDE01/src/game/game_fn_800C65FC.o
[175/921] MWCC build/GEDE01/src/game/game_fn_800C9C60.o
[176/921] MWCC build/GEDE01/src/game/game_fn_800CB760.o
[177/921] MWCC build/GEDE01/src/game/game_fn_800CB8F4.o
[178/921] MWCC build/GEDE01/src/game/game_fn_800CF598.o
[179/921] MWCC build/GEDE01/src/game/game_fn_800D9064.o
[180/921] MWCC build/GEDE01/src/game/game_fn_800D9E10.o
[181/921] MWCC build/GEDE01/src/game/game_fn_800DC4D4.o
[182/921] MWCC build/GEDE01/src/game/game_fn_800E4980.o
[183/921] MWCC build/GEDE01/src/game/game_TRKNubWelcome.o
[184/921] MWCC build/GEDE01/src/game/game_TRK_main.o
[185/921] MWCC build/GEDE01/src/game/game_InitMetroTRKCommTable.o
[186/921] MWCC build/GEDE01/src/game/game_fn_800FD0C8.o
[187/921] MWCC build/GEDE01/src/game/game_fn_8010242C.o
[188/921] MWCC build/GEDE01/src/game/game_fn_801098C0.o
[189/921] MWCC build/GEDE01/src/game/game_fn_8010F184.o
[190/921] MWCC build/GEDE01/src/game/game_fn_801126E0.o
[191/921] MWCC build/GEDE01/src/game/game_fn_801128E4.o
[192/921] MWCC build/GEDE01/src/game/game_fn_801141B8.o
[193/921] MWCC build/GEDE01/src/game/game_fn_80119C70.o
[194/921] MWCC build/GEDE01/src/game/game_fn_8011F140.o
[195/921] MWCC build/GEDE01/src/game/game_fn_801247F8.o
[196/921] MWCC build/GEDE01/src/game/game_fn_80126A00.o
[197/921] MWCC build/GEDE01/src/game/game_fn_8012976C.o
[198/921] MWCC build/GEDE01/src/game/game_fn_8012DB28.o
[199/921] MWCC build/GEDE01/src/game/game_fn_8013CBE4.o
[200/921] MWCC build/GEDE01/src/game/game_fn_8013D6A4.o
[201/921] MWCC build/GEDE01/src/game/game_fn_8013DB8C.o
[202/921] MWCC build/GEDE01/src/game/game_fn_8014549C.o
[203/921] MWCC build/GEDE01/src/game/game_fn_8014AF38.o
[204/921] MWCC build/GEDE01/src/game/game_fn_8014B494.o
[205/921] MWCC build/GEDE01/src/game/game_fn_8014BA14.o
[206/921] MWCC build/GEDE01/src/game/game_fn_8014CA98.o
[207/921] MWCC build/GEDE01/src/game/game_fn_80150A24.o
[208/921] MWCC build/GEDE01/src/game/game_fn_801535D8.o
[209/921] MWCC build/GEDE01/src/game/game_fn_80153898.o
[210/921] MWCC build/GEDE01/src/game/game_fn_80153A24.o
[211/921] MWCC build/GEDE01/src/game/game_fn_80154F74.o
[212/921] MWCC build/GEDE01/src/game/game_fn_80155814.o
[213/921] MWCC build/GEDE01/src/game/game_fn_80157C0C.o
[214/921] MWCC build/GEDE01/src/game/game_fn_80158B20.o
[215/921] MWCC build/GEDE01/src/game/game_fn_80158D38.o
[216/921] MWCC build/GEDE01/src/game/game_fn_8015DB84.o
[217/921] MWCC build/GEDE01/src/game/game_fn_8015DC54.o
[218/921] MWCC build/GEDE01/src/game/game_fn_8015EDC0.o
[219/921] MWCC build/GEDE01/src/game/game_fn_80167454.o
[220/921] MWCC build/GEDE01/src/game/game_fn_80167B5C.o
[221/921] MWCC build/GEDE01/src/game/game_fn_80169650.o
[222/921] MWCC build/GEDE01/src/game/game_fn_8016BD0C.o
[223/921] MWCC build/GEDE01/src/game/game_fn_8016BE1C.o
[224/921] MWCC build/GEDE01/src/game/game_fn_8016BF60.o
[225/921] MWCC build/GEDE01/src/game/game_fn_8016C0BC.o
[226/921] MWCC build/GEDE01/src/game/game_fn_8016C164.o
[227/921] MWCC build/GEDE01/src/game/game_fn_8016C238.o
[228/921] MWCC build/GEDE01/src/game/game_fn_8016C4BC.o
[229/921] MWCC build/GEDE01/src/game/game_fn_8016C774.o
[230/921] MWCC build/GEDE01/src/game/game_fn_8016D040.o
[231/921] MWCC build/GEDE01/src/game/game_fn_8016D1F8.o
[232/921] MWCC build/GEDE01/src/game/game_fn_8016D2B8.o
[233/921] MWCC build/GEDE01/src/game/game_fn_8016D9C0.o
[234/921] MWCC build/GEDE01/src/game/game_fn_8016DF4C.o
[235/921] MWCC build/GEDE01/src/game/game_fn_8016E8F8.o
[236/921] MWCC build/GEDE01/src/game/game_fn_8016FEF8.o
[237/921] MWCC build/GEDE01/src/game/game_fn_8017038C.o
[238/921] MWCC build/GEDE01/src/game/game_fn_801704F8.o
[239/921] MWCC build/GEDE01/src/game/game_fn_801706DC.o
[240/921] MWCC build/GEDE01/src/game/game_fn_80170A40.o
[241/921] MWCC build/GEDE01/src/game/game_fn_80170DF4.o
[242/921] MWCC build/GEDE01/src/game/game_fn_80170E9C.o
[243/921] MWCC build/GEDE01/src/game/game_fn_8017138C.o
[244/921] MWCC build/GEDE01/src/game/game_fn_80171664.o
[245/921] MWCC build/GEDE01/src/game/game_fn_801718F4.o
[246/921] MWCC build/GEDE01/src/game/game_fn_801719B4.o
[247/921] MWCC build/GEDE01/src/game/game_fn_80171F30.o
[248/921] MWCC build/GEDE01/src/game/game_fn_8017250C.o
[249/921] MWCC build/GEDE01/src/game/game_fn_801726EC.o
[250/921] MWCC build/GEDE01/src/game/game_fn_80172BB0.o
[251/921] MWCC build/GEDE01/src/game/game_fn_80172C78.o
[252/921] MWCC build/GEDE01/src/game/game_fn_80172DB8.o
[253/921] MWCC build/GEDE01/src/game/game_fn_80173270.o
[254/921] MWCC build/GEDE01/src/game/game_fn_801734B4.o
[255/921] MWCC build/GEDE01/src/game/game_fn_80173770.o
[256/921] MWCC build/GEDE01/src/game/game_fn_80173BDC.o
[257/921] MWCC build/GEDE01/src/game/game_fn_80173D44.o
[258/921] MWCC build/GEDE01/src/game/game_fn_80173F04.o
[259/921] MWCC build/GEDE01/src/game/game_fn_80174184.o
[260/921] MWCC build/GEDE01/src/game/game_fn_80174358.o
[261/921] MWCC build/GEDE01/src/game/game_fn_80174F2C.o
[262/921] MWCC build/GEDE01/src/game/game_fn_801752B0.o
[263/921] MWCC build/GEDE01/src/game/game_fn_8017553C.o
[264/921] MWCC build/GEDE01/src/game/game_fn_80175A08.o
[265/921] MWCC build/GEDE01/src/game/game_fn_80175E64.o
[266/921] MWCC build/GEDE01/src/game/game_fn_80175F0C.o
[267/921] MWCC build/GEDE01/src/game/game_fn_80175FD4.o
[268/921] MWCC build/GEDE01/src/game/game_fn_80176098.o
[269/921] MWCC build/GEDE01/src/game/game_fn_80176160.o
[270/921] MWCC build/GEDE01/src/game/game_fn_80176220.o
[271/921] MWCC build/GEDE01/src/game/game_fn_801762E8.o
[272/921] MWCC build/GEDE01/src/game/game_fn_8017652C.o
[273/921] MWCC build/GEDE01/src/game/game_fn_80176FA0.o
[274/921] MWCC build/GEDE01/src/game/game_fn_80176DF4.o
[275/921] MWCC build/GEDE01/src/game/game_fn_801770F8.o
[276/921] MWCC build/GEDE01/src/game/game_fn_8017718C.o
[277/921] MWCC build/GEDE01/src/game/game_fn_80178F88.o
[278/921] MWCC build/GEDE01/src/game/game_fn_80177434.o
[279/921] MWCC build/GEDE01/src/game/game_fn_80179398.o
[280/921] MWCC build/GEDE01/src/game/game_fn_8017960C.o
[281/921] MWCC build/GEDE01/src/game/game_fn_8017974C.o
[282/921] MWCC build/GEDE01/src/game/game_fn_80179904.o
[283/921] MWCC build/GEDE01/src/game/game_fn_80179A18.o
[284/921] MWCC build/GEDE01/src/game/game_fn_80179A74.o
[285/921] MWCC build/GEDE01/src/game/game_fn_80179EB8.o
[286/921] MWCC build/GEDE01/src/game/game_fn_80179F20.o
[287/921] MWCC build/GEDE01/src/game/game_fn_8017A010.o
[288/921] MWCC build/GEDE01/src/game/game_fn_8017A12C.o
[289/921] MWCC build/GEDE01/src/game/game_fn_8017A1C0.o
[290/921] MWCC build/GEDE01/src/game/game_fn_8017A9B8.o
[291/921] MWCC build/GEDE01/src/game/game_fn_8017AC20.o
[292/921] MWCC build/GEDE01/src/game/game_fn_8017E850.o
[293/921] MWCC build/GEDE01/src/game/game_fn_8017E958.o
[294/921] MWCC build/GEDE01/src/game/game_fn_80180DDC.o
[295/921] MWCC build/GEDE01/src/game/game_fn_801810A0.o
[296/921] MWCC build/GEDE01/src/game/game_fn_801816D4.o
[297/921] MWCC build/GEDE01/src/game/game_fn_801859FC.o
[298/921] MWCC build/GEDE01/src/game/game_fn_80185AE8.o
[299/921] MWCC build/GEDE01/src/game/game_fn_80185F10.o
[300/921] MWCC build/GEDE01/src/game/game_fn_801861C4.o
[301/921] MWCC build/GEDE01/src/game/game_fn_801865EC.o
[302/921] MWCC build/GEDE01/src/game/game_fn_8018680C.o
[303/921] MWCC build/GEDE01/src/game/game_fn_80186E10.o
[304/921] MWCC build/GEDE01/src/game/game_fn_80186F70.o
[305/921] MWCC build/GEDE01/src/game/game_fn_80187120.o
[306/921] MWCC build/GEDE01/src/game/game_fn_80187320.o
[307/921] MWCC build/GEDE01/src/game/game_fn_801875FC.o
[308/921] MWCC build/GEDE01/src/game/game_fn_801878E0.o
[309/921] MWCC build/GEDE01/src/game/game_fn_80187BB4.o
[310/921] MWCC build/GEDE01/src/game/game_fn_80187E40.o
[311/921] MWCC build/GEDE01/src/game/game_fn_80188A7C.o
[312/921] MWCC build/GEDE01/src/game/game_fn_80188B44.o
[313/921] MWCC build/GEDE01/src/game/game_fn_80188C1C.o
[314/921] MWCC build/GEDE01/src/game/game_fn_80188E28.o
[315/921] MWCC build/GEDE01/src/game/game_fn_80189028.o
[316/921] MWCC build/GEDE01/src/game/game_fn_801891D8.o
[317/921] MWCC build/GEDE01/src/game/game_fn_80189390.o
[318/921] MWCC build/GEDE01/src/game/game_fn_801895E8.o
[319/921] MWCC build/GEDE01/src/game/game_fn_801896A0.o
[320/921] MWCC build/GEDE01/src/game/game_fn_80189760.o
[321/921] MWCC build/GEDE01/src/game/game_fn_80189968.o
[322/921] MWCC build/GEDE01/src/game/game_fn_80189C14.o
[323/921] MWCC build/GEDE01/src/game/game_fn_8018C2D0.o
[324/921] MWCC build/GEDE01/src/game/game_fn_8018D1F0.o
[325/921] MWCC build/GEDE01/src/game/game_fn_8018D2E0.o
[326/921] MWCC build/GEDE01/src/game/game_fn_8018D400.o
[327/921] MWCC build/GEDE01/src/game/game_fn_8018D688.o
[328/921] MWCC build/GEDE01/src/game/game_fn_8018E0D8.o
[329/921] MWCC build/GEDE01/src/game/game_fn_8018DC24.o
[330/921] MWCC build/GEDE01/src/game/game_fn_8018F1D0.o
[331/921] MWCC build/GEDE01/src/game/game_fn_8018F81C.o
[332/921] MWCC build/GEDE01/src/game/game_fn_8018FEDC.o
[333/921] MWCC build/GEDE01/src/game/game_fn_8019120C.o
[334/921] MWCC build/GEDE01/src/game/game_fn_80191360.o
[335/921] MWCC build/GEDE01/src/game/game_fn_801916D0.o
[336/921] MWCC build/GEDE01/src/game/game_fn_8019197C.o
[337/921] MWCC build/GEDE01/src/game/game_fn_80191F58.o
[338/921] MWCC build/GEDE01/src/game/game_fn_801926EC.o
[339/921] MWCC build/GEDE01/src/game/game_fn_801929A4.o
[340/921] MWCC build/GEDE01/src/game/game_fn_80192F54.o
[341/921] MWCC build/GEDE01/src/game/game_fn_801931C4.o
[342/921] MWCC build/GEDE01/src/game/game_fn_80193E1C.o
[343/921] MWCC build/GEDE01/src/game/game_fn_80193F3C.o
[344/921] MWCC build/GEDE01/src/game/game_fn_80194F80.o
[345/921] MWCC build/GEDE01/src/game/game_fn_801952E8.o
[346/921] MWCC build/GEDE01/src/game/game_fn_80197910.o
[347/921] MWCC build/GEDE01/src/game/game_fn_80198154.o
[348/921] MWCC build/GEDE01/src/game/game_fn_80198AAC.o
[349/921] MWCC build/GEDE01/src/game/game_fn_80198BF4.o
[350/921] MWCC build/GEDE01/src/game/game_fn_801991E0.o
[351/921] MWCC build/GEDE01/src/game/game_fn_8019B1BC.o
[352/921] MWCC build/GEDE01/src/game/game_fn_8019CC28.o
[353/921] MWCC build/GEDE01/src/game/game_fn_8019CFC4.o
[354/921] MWCC build/GEDE01/src/game/game_fn_8019E5E4.o
[355/921] MWCC build/GEDE01/src/game/game_fn_8019E8C8.o
[356/921] MWCC build/GEDE01/src/game/game_fn_801A1F18.o
[357/921] MWCC build/GEDE01/src/game/game_fn_801A2A54.o
[358/921] MWCC build/GEDE01/src/game/game_fn_801A34BC.o
[359/921] MWCC build/GEDE01/src/game/game_fn_801A3A78.o
[360/921] MWCC build/GEDE01/src/game/game_fn_801A4430.o
[361/921] MWCC build/GEDE01/src/game/game_fn_801A4CE0.o
[362/921] MWCC build/GEDE01/src/game/game_fn_801A5FB0.o
[363/921] MWCC build/GEDE01/src/game/game_fn_801A6410.o
[364/921] MWCC build/GEDE01/src/game/game_fn_801A657C.o
[365/921] MWCC build/GEDE01/src/game/game_fn_801A6ADC.o
[366/921] MWCC build/GEDE01/src/game/game_fn_801A6C58.o
[367/921] MWCC build/GEDE01/src/game/game_fn_801A6CB4.o
[368/921] MWCC build/GEDE01/src/game/game_fn_801A7E04.o
[369/921] MWCC build/GEDE01/src/game/game_fn_801A7EA8.o
[370/921] MWCC build/GEDE01/src/game/game_fn_801A93E8.o
[371/921] MWCC build/GEDE01/src/game/game_fn_801AB154.o
[372/921] MWCC build/GEDE01/src/game/game_fn_801ABD3C.o
[373/921] MWCC build/GEDE01/src/game/game_fn_801AC8AC.o
[374/921] MWCC build/GEDE01/src/game/game_fn_801ACFE8.o
[375/921] MWCC build/GEDE01/src/game/game_fn_801AD08C.o
[376/921] MWCC build/GEDE01/src/game/game_fn_801AFA74.o
[377/921] MWCC build/GEDE01/src/game/game_fn_801B02F0.o
[378/921] MWCC build/GEDE01/src/game/game_fn_801B1BA0.o
[379/921] MWCC build/GEDE01/src/game/game_fn_801B35BC.o
[380/921] MWCC build/GEDE01/src/game/game_fn_801B46C8.o
[381/921] MWCC build/GEDE01/src/game/game_fn_801B4FB4.o
[382/921] MWCC build/GEDE01/src/game/game_fn_801B5228.o
[383/921] MWCC build/GEDE01/src/game/game_fn_801B58F0.o
[384/921] MWCC build/GEDE01/src/game/game_fn_801B6F1C.o
[385/921] MWCC build/GEDE01/src/game/game_fn_801B86C0.o
[386/921] MWCC build/GEDE01/src/game/game_fn_801B941C.o
[387/921] MWCC build/GEDE01/src/game/game_fn_801B9E7C.o
[388/921] MWCC build/GEDE01/src/game/game_fn_801BA15C.o
[389/921] MWCC build/GEDE01/src/game/game_fn_801BA708.o
[390/921] MWCC build/GEDE01/src/game/game_fn_801BA94C.o
[391/921] MWCC build/GEDE01/src/game/game_fn_801BB1A0.o
[392/921] MWCC build/GEDE01/src/game/game_fn_801BC0D4.o
[393/921] MWCC build/GEDE01/src/game/game_fn_801BC240.o
[394/921] MWCC build/GEDE01/src/game/game_fn_801BC8F4.o
[395/921] MWCC build/GEDE01/src/game/game_fn_801BCC04.o
[396/921] MWCC build/GEDE01/src/game/game_fn_801BD990.o
[397/921] MWCC build/GEDE01/src/game/game_fn_801BDE7C.o
[398/921] MWCC build/GEDE01/src/game/game_fn_801BE0D4.o
[399/921] MWCC build/GEDE01/src/game/game_fn_801BEF40.o
[400/921] MWCC build/GEDE01/src/game/game_fn_801C1CB0.o
[401/921] MWCC build/GEDE01/src/game/game_fn_801C2980.o
[402/921] MWCC build/GEDE01/src/game/game_fn_801C29BC.o
[403/921] MWCC build/GEDE01/src/game/game_fn_801C2AAC.o
[404/921] MWCC build/GEDE01/src/game/game_fn_801C2D9C.o
[405/921] MWCC build/GEDE01/src/game/game_fn_801C8160.o
[406/921] MWCC build/GEDE01/src/game/game_fn_801C8224.o
[407/921] MWCC build/GEDE01/src/game/game_fn_801C8600.o
[408/921] MWCC build/GEDE01/src/game/game_fn_801C4B5C.o
[409/921] MWCC build/GEDE01/src/game/game_fn_801C87DC.o
[410/921] MWCC build/GEDE01/src/game/game_fn_801C8CC0.o
[411/921] MWCC build/GEDE01/src/game/game_fn_801C8F50.o
[412/921] MWCC build/GEDE01/src/game/game_fn_801C90A4.o
[413/921] MWCC build/GEDE01/src/game/game_fn_801C9510.o
[414/921] MWCC build/GEDE01/src/game/game_fn_801C970C.o
[415/921] MWCC build/GEDE01/src/game/game_fn_801C9A08.o
[416/921] MWCC build/GEDE01/src/game/game_fn_801C9B1C.o
[417/921] MWCC build/GEDE01/src/game/game_fn_801CB4F8.o
[418/921] MWCC build/GEDE01/src/game/game_fn_801CD228.o
[419/921] MWCC build/GEDE01/src/game/game_fn_801CE09C.o
[420/921] MWCC build/GEDE01/src/game/game_fn_801CE594.o
[421/921] MWCC build/GEDE01/src/game/game_fn_801D1B10.o
[422/921] MWCC build/GEDE01/src/game/game_fn_801D1F78.o
[423/921] MWCC build/GEDE01/src/game/game_fn_801D3988.o
[424/921] MWCC build/GEDE01/src/game/game_fn_801D76A8.o
[425/921] MWCC build/GEDE01/src/game/game_fn_801D7C24.o
[426/921] MWCC build/GEDE01/src/game/game_fn_801D8050.o
[427/921] MWCC build/GEDE01/src/game/game_fn_801D9FE4.o
[428/921] MWCC build/GEDE01/src/game/game_fn_801E2A48.o
[429/921] MWCC build/GEDE01/src/game/game_fn_801E41AC.o
[430/921] MWCC build/GEDE01/src/game/game_fn_801E504C.o
[431/921] MWCC build/GEDE01/src/game/game_fn_801E6814.o
[432/921] MWCC build/GEDE01/src/game/game_fn_801E7014.o
[433/921] MWCC build/GEDE01/src/game/game_fn_801E995C.o
[434/921] MWCC build/GEDE01/src/game/game_fn_801EB09C.o
[435/921] MWCC build/GEDE01/src/game/game_fn_801ECD74.o
[436/921] MWCC build/GEDE01/src/game/game_fn_801EB11C.o
[437/921] MWCC build/GEDE01/src/game/game_fn_801ECF50.o
[438/921] MWCC build/GEDE01/src/game/game_fn_801ED5F4.o
[439/921] MWCC build/GEDE01/src/game/game_fn_801EF910.o
[440/921] MWCC build/GEDE01/src/game/game_fn_801EF580.o
[441/921] MWCC build/GEDE01/src/game/game_fn_801F0CB0.o
[442/921] MWCC build/GEDE01/src/game/game_fn_801F10BC.o
[443/921] MWCC build/GEDE01/src/game/game_fn_801F35A8.o
[444/921] MWCC build/GEDE01/src/game/game_fn_801F1A38.o
[445/921] MWCC build/GEDE01/src/game/game_fn_801F55A0.o
[446/921] MWCC build/GEDE01/src/game/game_fn_801F69F0.o
[447/921] MWCC build/GEDE01/src/game/game_fn_801F6BD8.o
[448/921] MWCC build/GEDE01/src/game/game_fn_801F7510.o
[449/921] MWCC build/GEDE01/src/game/game_fn_801F76EC.o
[450/921] MWCC build/GEDE01/src/game/game_fn_801F8264.o
[451/921] MWCC build/GEDE01/src/game/game_fn_801F89B4.o
[452/921] MWCC build/GEDE01/src/game/game_fn_801F9AF8.o
[453/921] MWCC build/GEDE01/src/game/game_fn_801F9CF4.o
[454/921] MWCC build/GEDE01/src/game/game_fn_801FA9C8.o
[455/921] MWCC build/GEDE01/src/game/game_fn_801FB6A4.o
[456/921] MWCC build/GEDE01/src/game/game_fn_801FC034.o
[457/921] MWCC build/GEDE01/src/game/game_fn_801FFE78.o
[458/921] MWCC build/GEDE01/src/game/game_fn_801FC204.o
[459/921] EXTERNALIZE build/GEDE01/src/game/game_fn_800DC4D4.o
[460/921] EXTERNALIZE build/GEDE01/src/game/game_fn_80119C70.o
[461/921] EXTERNALIZE build/GEDE01/src/game/game_fn_80175A08.o
[462/921] EXTERNALIZE build/GEDE01/src/game/game_fn_80066E78.o
[463/921] EXTERNALIZE build/GEDE01/src/game/game_fn_801247F8.o
[464/921] EXTERNALIZE build/GEDE01/src/game/game_fn_801EF910.o
[465/921] EXTERNALIZE build/GEDE01/src/game/game_fn_801ECF50.o
[466/921] EXTERNALIZE build/GEDE01/src/game/game_fn_801FC204.o
[467/921] EXTERNALIZE JUMPTABLES build/GEDE01/src/game/game_fn_80050B08.o
[468/921] EXTERNALIZE build/GEDE01/src/game/game_fn_801EB09C.o
[469/921] EXTERNALIZE build/GEDE01/src/game/game_fn_801EB11C.o
[470/921] EXTERNALIZE build/GEDE01/src/game/game_fn_801D9FE4.o
[471/921] EXTERNALIZE build/GEDE01/src/game/game_fn_801E41AC.o
[472/921] EXTERNALIZE build/GEDE01/src/game/game_fn_801D76A8.o
[473/921] EXTERNALIZE build/GEDE01/src/game/game_fn_801D8050.o
[474/921] EXTERNALIZE build/GEDE01/src/game/game_fn_801D7C24.o
[475/921] EXTERNALIZE build/GEDE01/src/game/game_fn_8019B1BC.o
[476/921] EXTERNALIZE build/GEDE01/src/game/game_fn_80178F88.o
[477/921] EXTERNALIZE build/GEDE01/src/game/game_fn_801CD228.o
[478/921] EXTERNALIZE build/GEDE01/src/game/game_fn_801C970C.o
[479/921] EXTERNALIZE build/GEDE01/src/game/game_fn_801BA15C.o
[480/921] EXTERNALIZE build/GEDE01/src/game/game_fn_801C9510.o
[481/921] EXTERNALIZE build/GEDE01/src/game/game_fn_80126A00.o
[482/921] EXTERNALIZE build/GEDE01/src/game/game_fn_8013D6A4.o
[483/921] EXTERNALIZE build/GEDE01/src/game/game_fn_800C9C60.o
[484/921] EXTERNALIZE build/GEDE01/src/game/game_fn_801B5228.o
[485/921] EXTERNALIZE build/GEDE01/src/game/game_fn_801B4FB4.o
[486/921] EXTERNALIZE build/GEDE01/src/game/game_fn_801C87DC.o
[487/921] EXTERNALIZE build/GEDE01/src/game/game_fn_801B6F1C.o
[488/921] EXTERNALIZE build/GEDE01/src/game/game_fn_801C8CC0.o
[489/921] EXTERNALIZE build/GEDE01/src/game/game_fn_800FD0C8.o
[490/921] EXTERNALIZE build/GEDE01/src/game/game_fn_801BDE7C.o
[491/921] EXTERNALIZE build/GEDE01/src/game/game_fn_801BE0D4.o
[492/921] EXTERNALIZE STATIC POOL build/GEDE01/src/game/game_fn_801C9A08.o
build/GEDE01/src/game/game_fn_801C9A08.o: lbl_80629390 now undefined; section 3 emptied
[493/921] EXTERNALIZE build/GEDE01/src/game/game_fn_801B941C.o
[494/921] EXTERNALIZE STATIC POOL build/GEDE01/src/game/game_fn_801C9B1C.o
build/GEDE01/src/game/game_fn_801C9B1C.o: lbl_80629390 now undefined; section 3 emptied
[495/921] EXTERNALIZE STATIC POOL build/GEDE01/src/game/game_fn_801BD990.o
build/GEDE01/src/game/game_fn_801BD990.o: lbl_80626D80 now undefined; section 6 emptied
[496/921] EXTERNALIZE STATIC POOL build/GEDE01/src/game/game_fn_801B58F0.o
build/GEDE01/src/game/game_fn_801B58F0.o: lbl_8060C020 now undefined; section 3 emptied
[497/921] EXTERNALIZE STATIC POOL build/GEDE01/src/game/game_fn_801B9E7C.o
build/GEDE01/src/game/game_fn_801B9E7C.o: 0 relocation(s) moved from streamInfo to ...bss.0
build/GEDE01/src/game/game_fn_801B9E7C.o: lbl_8061AE48 now undefined; section 6 emptied
[498/921] EXTERNALIZE STATIC POOL build/GEDE01/src/game/game_fn_801BB1A0.o
build/GEDE01/src/game/game_fn_801BB1A0.o: 0 relocation(s) moved from streamInfo to ...bss.0
build/GEDE01/src/game/game_fn_801BB1A0.o: lbl_8061AE48 now undefined; section 6 emptied
[499/921] EXTERNALIZE STATIC POOL build/GEDE01/src/game/game_fn_801BA708.o
build/GEDE01/src/game/game_fn_801BA708.o: 0 relocation(s) moved from streamInfo to ...bss.0
build/GEDE01/src/game/game_fn_801BA708.o: lbl_8061AE48 now undefined; section 6 emptied
[500/921] EXTERNALIZE STATIC build/GEDE01/src/game/game_fn_801B35BC.o
build/GEDE01/src/game/game_fn_801B35BC.o: lbl_8060D420 now undefined; section 6 emptied
[501/921] EXTERNALIZE build/GEDE01/src/game/game_fn_801BA94C.o
build/GEDE01/src/game/game_fn_801BA94C.o: 0 relocation(s) moved from streamInfo to ...bss.0
build/GEDE01/src/game/game_fn_801BA94C.o: lbl_8061AE48 now undefined; section 6 emptied
[502/921] EXTERNALIZE STATIC POOL build/GEDE01/src/game/game_fn_801BC8F4.o
build/GEDE01/src/game/game_fn_801BC8F4.o: lbl_8061C748 now undefined; section 6 emptied
[503/921] EXTERNALIZE STATIC build/GEDE01/src/game/game_fn_801BC240.o
build/GEDE01/src/game/game_fn_801BC240.o: lbl_8061C748 now undefined; section 6 emptied
[504/921] EXTERNALIZE STATIC POOL build/GEDE01/src/game/game_fn_801BCC04.o
build/GEDE01/src/game/game_fn_801BCC04.o: lbl_8061C748 now undefined; section 6 emptied
[505/921] EXTERNALIZE STATIC POOL build/GEDE01/src/game/game_fn_801BC0D4.o
build/GEDE01/src/game/game_fn_801BC0D4.o: lbl_8061C748 now undefined; section 6 emptied
[506/921] EXTERNALIZE STATIC POOL build/GEDE01/src/game/game_fn_801C1CB0.o
build/GEDE01/src/game/game_fn_801C1CB0.o: lbl_80626DA0 now undefined; section 3 emptied
[507/921] RENAME build/GEDE01/src/game/game_InitMetroTRKCommTable.o
[508/921] EXTERNALIZE STATIC POOL build/GEDE01/src/game/game_fn_801CE09C.o
build/GEDE01/src/game/game_fn_801CE09C.o: lbl_80631340 now undefined; section 6 emptied
[509/921] RENAME RUNTIME INTRINSICS build/GEDE01/src/game/game_fn_801CB4F8.o
[510/921] EXTERNALIZE STATIC POOL build/GEDE01/src/game/game_fn_8010242C.o
build/GEDE01/src/game/game_fn_8010242C.o: lbl_8032CC08 now undefined; section 3 emptied
[511/921] EXTERNALIZE build/GEDE01/src/game/game_fn_801D3988.o
[512/921] EXTERNALIZE build/GEDE01/src/game/game_fn_801D1B10.o
[513/921] ALIGN DATA build/GEDE01/src/game/game_fn_80008014.o
[514/921] EXTERNALIZE build/GEDE01/src/game/game_fn_801CE594.o
[515/921] EXTERNALIZE build/GEDE01/src/game/game_fn_8014549C.o
[516/921] EXTERNALIZE build/GEDE01/src/game/game_fn_801C8224.o
[517/921] EXTERNALIZE build/GEDE01/src/game/game_fn_801098C0.o
[518/921] EXTERNALIZE build/GEDE01/src/game/game_fn_8000FDE8.o
[519/921] EXTERNALIZE build/GEDE01/src/game/game_fn_80185F10.o
[520/921] EXTERNALIZE build/GEDE01/src/game/game_fn_801C29BC.o
[521/921] EXTERNALIZE build/GEDE01/src/game/game_fn_801C8F50.o
[522/921] EXTERNALIZE build/GEDE01/src/game/game_fn_8007B828.o
[523/921] EXTERNALIZE build/GEDE01/src/game/game_fn_801C90A4.o
[524/921] EXTERNALIZE build/GEDE01/src/game/game_fn_801C8160.o
[525/921] EXTERNALIZE build/GEDE01/src/game/game_fn_801C2AAC.o
[526/921] EXTERNALIZE build/GEDE01/src/game/game_fn_801C2D9C.o
[527/921] EXTERNALIZE build/GEDE01/src/game/game_fn_801C2980.o
[528/921] EXTERNALIZE build/GEDE01/src/game/game_fn_801B02F0.o
[529/921] EXTERNALIZE build/GEDE01/src/game/game_fn_801AFA74.o
[530/921] EXTERNALIZE build/GEDE01/src/game/game_fn_801AC8AC.o
[531/921] EXTERNALIZE build/GEDE01/src/game/game_fn_801ABD3C.o
[532/921] EXTERNALIZE build/GEDE01/src/game/game_fn_801816D4.o
[533/921] EXTERNALIZE build/GEDE01/src/game/game_fn_8011F140.o
[534/921] EXTERNALIZE build/GEDE01/src/game/game_fn_801AD08C.o
[535/921] EXTERNALIZE build/GEDE01/src/game/game_fn_8004998C.o
[536/921] EXTERNALIZE build/GEDE01/src/game/game_fn_80079AA4.o
[537/921] EXTERNALIZE build/GEDE01/src/game/game_fn_801A3A78.o
[538/921] EXTERNALIZE build/GEDE01/src/game/game_fn_80158D38.o
[539/921] EXTERNALIZE build/GEDE01/src/game/game_fn_8008F224.o
[540/921] EXTERNALIZE build/GEDE01/src/game/game_fn_80167454.o
[541/921] EXTERNALIZE build/GEDE01/src/game/game_fn_800AF230.o
[542/921] EXTERNALIZE build/GEDE01/src/game/game_fn_801AB154.o
[543/921] EXTERNALIZE build/GEDE01/src/game/game_fn_801A93E8.o
[544/921] EXTERNALIZE build/GEDE01/src/game/game_fn_801A7E04.o
[545/921] EXTERNALIZE build/GEDE01/src/game/game_fn_801A7EA8.o
[546/921] EXTERNALIZE build/GEDE01/src/game/game_fn_801A6CB4.o
[547/921] EXTERNALIZE build/GEDE01/src/game/game_fn_801A4CE0.o
[548/921] EXTERNALIZE build/GEDE01/src/game/game_fn_801A6C58.o
[549/921] NAME JUMPTABLE build/GEDE01/src/game/game_fn_801A6ADC.o
[550/921] EXTERNALIZE build/GEDE01/src/game/game_fn_801A6410.o
[551/921] EXTERNALIZE build/GEDE01/src/game/game_fn_801A5FB0.o
[552/921] EXTERNALIZE build/GEDE01/src/game/game_fn_801A1F18.o
[553/921] EXTERNALIZE build/GEDE01/src/game/game_fn_8019E8C8.o
[554/921] EXTERNALIZE build/GEDE01/src/game/game_fn_8019E5E4.o
[555/921] EXTERNALIZE build/GEDE01/src/game/game_fn_8019CFC4.o
[556/921] EXTERNALIZE build/GEDE01/src/game/game_fn_8019CC28.o
[557/921] EXTERNALIZE build/GEDE01/src/game/game_fn_801991E0.o
[558/921] EXTERNALIZE build/GEDE01/src/game/game_fn_80198BF4.o
[559/921] EXTERNALIZE build/GEDE01/src/game/game_fn_80198AAC.o
[560/921] EXTERNALIZE build/GEDE01/src/game/game_fn_80198154.o
[561/921] EXTERNALIZE build/GEDE01/src/game/game_fn_80194F80.o
[562/921] EXTERNALIZE build/GEDE01/src/game/game_fn_80197910.o
[563/921] EXTERNALIZE build/GEDE01/src/game/game_fn_80177434.o
repointed 2 relocations to lbl_80250588
[564/921] EXTERNALIZE build/GEDE01/src/game/game_fn_80193E1C.o
[565/921] EXTERNALIZE build/GEDE01/src/game/game_fn_801931C4.o
[566/921] EXTERNALIZE build/GEDE01/src/game/game_fn_80193F3C.o
[567/921] EXTERNALIZE build/GEDE01/src/game/game_fn_80192F54.o
[568/921] EXTERNALIZE build/GEDE01/src/game/game_fn_80191F58.o
[569/921] EXTERNALIZE build/GEDE01/src/game/game_fn_8019197C.o
[570/921] EXTERNALIZE build/GEDE01/src/game/game_fn_80191360.o
[571/921] GLOBALIZE build/GEDE01/src/game/game_fn_8018F1D0.o
[572/921] EXTERNALIZE build/GEDE01/src/game/game_fn_8018D688.o
[573/921] EXTERNALIZE build/GEDE01/src/game/game_fn_8018F81C.o
[574/921] EXTERNALIZE build/GEDE01/src/game/game_fn_8018D2E0.o
[575/921] EXTERNALIZE build/GEDE01/src/game/game_fn_80189968.o
[576/921] EXTERNALIZE build/GEDE01/src/game/game_fn_80189760.o
[577/921] EXTERNALIZE build/GEDE01/src/game/game_fn_8018D1F0.o
[578/921] EXTERNALIZE build/GEDE01/src/game/game_fn_801896A0.o
[579/921] EXTERNALIZE build/GEDE01/src/game/game_fn_801895E8.o
[580/921] EXTERNALIZE build/GEDE01/src/game/game_fn_80189390.o
[581/921] EXTERNALIZE build/GEDE01/src/game/game_fn_801891D8.o
[582/921] EXTERNALIZE build/GEDE01/src/game/game_fn_80188E28.o
[583/921] EXTERNALIZE build/GEDE01/src/game/game_fn_80189028.o
[584/921] EXTERNALIZE build/GEDE01/src/game/game_fn_80188B44.o
[585/921] EXTERNALIZE build/GEDE01/src/game/game_fn_80188C1C.o
[586/921] EXTERNALIZE build/GEDE01/src/game/game_fn_80188A7C.o
[587/921] EXTERNALIZE build/GEDE01/src/game/game_fn_801878E0.o
[588/921] EXTERNALIZE build/GEDE01/src/game/game_fn_80187120.o
[589/921] EXTERNALIZE build/GEDE01/src/game/game_fn_80186E10.o
[590/921] EXTERNALIZE build/GEDE01/src/game/game_fn_8018FEDC.o
[591/921] EXTERNALIZE build/GEDE01/src/game/game_fn_801865EC.o
[592/921] EXTERNALIZE build/GEDE01/src/game/game_fn_80185AE8.o
[593/921] EXTERNALIZE build/GEDE01/src/game/game_fn_80180DDC.o
[594/921] EXTERNALIZE build/GEDE01/src/game/game_fn_801859FC.o
[595/921] EXTERNALIZE build/GEDE01/src/game/game_fn_8017E850.o
[596/921] EXTERNALIZE build/GEDE01/src/game/game_fn_8017E958.o
[597/921] EXTERNALIZE build/GEDE01/src/game/game_fn_8017718C.o
[598/921] EXTERNALIZE build/GEDE01/src/game/game_fn_801770F8.o
[599/921] EXTERNALIZE build/GEDE01/src/game/game_fn_80176FA0.o
[600/921] EXTERNALIZE build/GEDE01/src/game/game_fn_80176DF4.o
[601/921] EXTERNALIZE build/GEDE01/src/game/game_fn_80174358.o
[602/921] EXTERNALIZE build/GEDE01/src/game/game_fn_80173F04.o
[603/921] EXTERNALIZE build/GEDE01/src/game/game_fn_80174184.o
[604/921] EXTERNALIZE build/GEDE01/src/game/game_fn_8017553C.o
[605/921] EXTERNALIZE build/GEDE01/src/game/game_fn_80173770.o
[606/921] EXTERNALIZE build/GEDE01/src/game/game_fn_80173D44.o
[607/921] EXTERNALIZE build/GEDE01/src/game/game_fn_80173270.o
[608/921] EXTERNALIZE build/GEDE01/src/game/game_fn_801734B4.o
[609/921] EXTERNALIZE build/GEDE01/src/game/game_fn_80172DB8.o
[610/921] EXTERNALIZE build/GEDE01/src/game/game_fn_80172C78.o
[611/921] EXTERNALIZE build/GEDE01/src/game/game_fn_80172BB0.o
[612/921] EXTERNALIZE build/GEDE01/src/game/game_fn_801726EC.o
[613/921] EXTERNALIZE build/GEDE01/src/game/game_fn_8017250C.o
[614/921] EXTERNALIZE build/GEDE01/src/game/game_fn_80171F30.o
[615/921] EXTERNALIZE build/GEDE01/src/game/game_fn_801719B4.o
[616/921] EXTERNALIZE build/GEDE01/src/game/game_fn_801718F4.o
[617/921] EXTERNALIZE build/GEDE01/src/game/game_fn_80171664.o
[618/921] EXTERNALIZE build/GEDE01/src/game/game_fn_8017138C.o
[619/921] EXTERNALIZE build/GEDE01/src/game/game_fn_80170A40.o
[620/921] EXTERNALIZE build/GEDE01/src/game/game_fn_801706DC.o
[621/921] NORMALIZE build/GEDE01/src/game/game_TRKNubWelcome.o
[622/921] NORMALIZE build/GEDE01/src/game/game_TRK_main.o
[623/921] NORMALIZE build/GEDE01/src/game/game_data_80239E18.o
[624/921] NORMALIZE build/GEDE01/src/game/game_data_80239E10.o
[625/921] EXTERNALIZE build/GEDE01/src/game/game_fn_8017652C.o
[626/921] EXTERNALIZE build/GEDE01/src/game/game_fn_80170E9C.o
[627/921] EXTERNALIZE build/GEDE01/src/game/game_fn_80175E64.o
[628/921] EXTERNALIZE build/GEDE01/src/game/game_fn_80175F0C.o
[629/921] EXTERNALIZE build/GEDE01/src/game/game_fn_80175FD4.o
[630/921] EXTERNALIZE build/GEDE01/src/game/game_fn_80176098.o
[631/921] EXTERNALIZE build/GEDE01/src/game/game_fn_80176160.o
[632/921] EXTERNALIZE build/GEDE01/src/game/game_fn_80176220.o
[633/921] EXTERNALIZE build/GEDE01/src/game/game_fn_80170DF4.o
[634/921] EXTERNALIZE build/GEDE01/src/game/game_fn_801762E8.o
[635/921] EXTERNALIZE build/GEDE01/src/game/game_fn_8016E8F8.o
[636/921] EXTERNALIZE build/GEDE01/src/game/game_fn_8016FEF8.o
[637/921] EXTERNALIZE build/GEDE01/src/game/game_fn_801704F8.o
[638/921] NORMALIZE build/GEDE01/src/game/game_fn_8016DF4C.o
[639/921] EXTERNALIZE build/GEDE01/src/game/game_fn_8016D2B8.o
[640/921] EXTERNALIZE build/GEDE01/src/game/game_fn_8016D1F8.o
[641/921] EXTERNALIZE build/GEDE01/src/game/game_fn_8016D040.o
[642/921] EXTERNALIZE build/GEDE01/src/game/game_fn_8016C774.o
[643/921] EXTERNALIZE build/GEDE01/src/game/game_fn_8016C4BC.o
[644/921] EXTERNALIZE build/GEDE01/src/game/game_fn_8016C238.o
[645/921] EXTERNALIZE build/GEDE01/src/game/game_fn_8016C164.o
[646/921] EXTERNALIZE build/GEDE01/src/game/game_fn_8016C0BC.o
[647/921] EXTERNALIZE build/GEDE01/src/game/game_fn_8017038C.o
[648/921] EXTERNALIZE build/GEDE01/src/game/game_fn_8016BF60.o
[649/921] EXTERNALIZE build/GEDE01/src/game/game_fn_8016BE1C.o
[650/921] EXTERNALIZE build/GEDE01/src/game/game_fn_8016BD0C.o
[651/921] EXTERNALIZE build/GEDE01/src/game/game_fn_80169650.o
[652/921] EXTERNALIZE build/GEDE01/src/game/game_fn_80167B5C.o
[653/921] EXTERNALIZE build/GEDE01/src/game/game_fn_8015EDC0.o
[654/921] EXTERNALIZE build/GEDE01/src/game/game_fn_8015DC54.o
[655/921] EXTERNALIZE build/GEDE01/src/game/game_fn_8015DB84.o
[656/921] EXTERNALIZE build/GEDE01/src/game/game_fn_80179398.o
[657/921] EXTERNALIZE build/GEDE01/src/game/game_fn_80158B20.o
[658/921] EXTERNALIZE build/GEDE01/src/game/game_fn_8017960C.o
[659/921] EXTERNALIZE build/GEDE01/src/game/game_fn_8017974C.o
[660/921] EXTERNALIZE build/GEDE01/src/game/game_fn_8017A9B8.o
[661/921] EXTERNALIZE build/GEDE01/src/game/game_fn_80179904.o
[662/921] EXTERNALIZE build/GEDE01/src/game/game_fn_80179A18.o
[663/921] EXTERNALIZE build/GEDE01/src/game/game_fn_80179A74.o
[664/921] EXTERNALIZE build/GEDE01/src/game/game_fn_80179EB8.o
[665/921] EXTERNALIZE build/GEDE01/src/game/game_fn_80179F20.o
[666/921] EXTERNALIZE build/GEDE01/src/game/game_fn_8017A010.o
[667/921] EXTERNALIZE build/GEDE01/src/game/game_fn_8017A12C.o
[668/921] EXTERNALIZE build/GEDE01/src/game/game_fn_80157C0C.o
[669/921] EXTERNALIZE build/GEDE01/src/game/game_fn_8017A1C0.o
[670/921] EXTERNALIZE build/GEDE01/src/game/game_fn_80155814.o
[671/921] EXTERNALIZE build/GEDE01/src/game/game_fn_80153898.o
[672/921] EXTERNALIZE build/GEDE01/src/game/game_fn_8014B494.o
[673/921] EXTERNALIZE build/GEDE01/src/game/game_fn_8012DB28.o
[674/921] EXTERNALIZE build/GEDE01/src/game/game_fn_8014AF38.o
[675/921] EXTERNALIZE build/GEDE01/src/game/game_fn_801141B8.o
[676/921] EXTERNALIZE build/GEDE01/src/game/game_fn_801128E4.o
[677/921] EXTERNALIZE build/GEDE01/src/game/game_fn_801126E0.o
[678/921] EXTERNALIZE build/GEDE01/src/game/game_fn_8010F184.o
[679/921] EXTERNALIZE build/GEDE01/src/game/game_fn_800C17EC.o
[680/921] EXTERNALIZE build/GEDE01/src/game/game_fn_800E4980.o
[681/921] EXTERNALIZE build/GEDE01/src/game/game_fn_800C59F0.o
[682/921] EXTERNALIZE build/GEDE01/src/game/game_fn_800C030C.o
[683/921] EXTERNALIZE build/GEDE01/src/game/game_fn_800C65FC.o
[684/921] EXTERNALIZE build/GEDE01/src/game/game_fn_800C644C.o
[685/921] EXTERNALIZE build/GEDE01/src/game/game_fn_800CB760.o
[686/921] EXTERNALIZE build/GEDE01/src/game/game_fn_800CB8F4.o
[687/921] EXTERNALIZE build/GEDE01/src/game/game_fn_80078500.o
[688/921] EXTERNALIZE build/GEDE01/src/game/game_fn_80079908.o
[689/921] EXTERNALIZE build/GEDE01/src/game/game_fn_8007B2F4.o
[690/921] EXTERNALIZE build/GEDE01/src/game/game_fn_8007B540.o
[691/921] EXTERNALIZE build/GEDE01/src/game/game_fn_8007B640.o
[692/921] EXTERNALIZE build/GEDE01/src/game/game_fn_800886D8.o
[693/921] EXTERNALIZE build/GEDE01/src/game/game_fn_8007BA3C.o
[694/921] EXTERNALIZE build/GEDE01/src/game/game_fn_800A3894.o
[695/921] EXTERNALIZE build/GEDE01/src/game/game_fn_800934A0.o
[696/921] EXTERNALIZE build/GEDE01/src/game/game_fn_800A4798.o
[697/921] EXTERNALIZE build/GEDE01/src/game/game_fn_800A7E88.o
[698/921] GLOBALIZE build/GEDE01/src/game/game_fn_800A2130.o
[699/921] EXTERNALIZE build/GEDE01/src/game/game_fn_800A2FCC.o
[700/921] EXTERNALIZE build/GEDE01/src/game/game_fn_8009C424.o
[701/921] EXTERNALIZE SWITCHES build/GEDE01/src/game/game_fn_80095FDC.o
[702/921] GLOBALIZE build/GEDE01/src/game/game_fn_8008F890.o
[703/921] EXTERNALIZE build/GEDE01/src/game/game_fn_80096830.o
[704/921] EXTERNALIZE build/GEDE01/src/game/game_fn_800A4428.o
[705/921] EXTERNALIZE build/GEDE01/src/game/game_fn_80074310.o
[706/921] GLOBALIZE build/GEDE01/src/game/game_fn_8005FD84.o
[707/921] EXTERNALIZE build/GEDE01/src/game/game_fn_80066888.o
[708/921] EXTERNALIZE build/GEDE01/src/game/game_fn_8005EC6C.o
[709/921] EXTERNALIZE build/GEDE01/src/game/game_fn_80052310.o
[710/921] EXTERNALIZE build/GEDE01/src/game/game_fn_80048B24.o
[711/921] NAME SWITCH build/GEDE01/src/game/game_fn_80020E94.o
[712/921] NAME SWITCH build/GEDE01/src/game/game_fn_8005EE9C.o
[713/921] NAME SWITCH build/GEDE01/src/game/game_fn_8016D9C0.o
[714/921] NAME SWITCH build/GEDE01/src/game/game_fn_80071A58.o
[715/921] EXTERNALIZE build/GEDE01/src/game/game_fn_80048ADC.o
[716/921] NAME SWITCH build/GEDE01/src/game/game_fn_8006B620.o
[717/921] NAME SWITCH build/GEDE01/src/game/game_fn_8001FE1C.o
[718/921] NAME SWITCH build/GEDE01/src/game/game_fn_8001E644.o
[719/921] EXTERNALIZE build/GEDE01/src/game/game_fn_80038878.o
[720/921] EXTERNALIZE build/GEDE01/src/game/game_fn_801B46C8.o
build/GEDE01/src/game/game_fn_801B46C8.o: lbl_8060C020 now undefined; section 6 emptied
[721/921] EXTERNALIZE build/GEDE01/src/game/game_fn_80036C40.o
[722/921] EXTERNALIZE build/GEDE01/src/game/game_fn_800359A0.o
[723/921] EXTERNALIZE build/GEDE01/src/game/game_fn_80033180.o
[724/921] EXTERNALIZE build/GEDE01/src/game/game_fn_80033038.o
[725/921] EXTERNALIZE build/GEDE01/src/game/game_fn_80032B84.o
[726/921] EXTERNALIZE build/GEDE01/src/game/game_fn_8003232C.o
[727/921] EXTERNALIZE build/GEDE01/src/game/game_fn_8002E3F0.o
[728/921] EXTERNALIZE build/GEDE01/src/game/game_fn_8002DAE0.o
[729/921] EXTERNALIZE build/GEDE01/src/game/game_fn_8002EA68.o
[730/921] EXTERNALIZE build/GEDE01/src/game/game_fn_8002F428.o
[731/921] GLOBALIZE build/GEDE01/src/game/game_fn_8002B748.o
[732/921] NAME SWITCHES build/GEDE01/src/game/game_fn_80024F28.o
[733/921] EXTERNALIZE build/GEDE01/src/game/game_fn_800272B4.o
[734/921] EXTERNALIZE build/GEDE01/src/game/game_fn_8001CE94.o
[735/921] EXTERNALIZE build/GEDE01/src/game/game_fn_8001C078.o
[736/921] EXTERNALIZE build/GEDE01/src/game/game_fn_8001CD58.o
[737/921] EXTERNALIZE build/GEDE01/src/game/game_fn_8001B808.o
[738/921] EXTERNALIZE build/GEDE01/src/game/game_fn_8001B874.o
[739/921] EXTERNALIZE build/GEDE01/src/game/game_fn_8001B294.o
[740/921] EXTERNALIZE build/GEDE01/src/game/game_fn_8001B124.o
[741/921] EXTERNALIZE build/GEDE01/src/game/game_fn_8001ADF8.o
[742/921] EXTERNALIZE build/GEDE01/src/game/game_fn_8001AF68.o
[743/921] EXTERNALIZE build/GEDE01/src/game/game_fn_8001AAB8.o
[744/921] EXTERNALIZE build/GEDE01/src/game/game_fn_8001A6C4.o
[745/921] EXTERNALIZE build/GEDE01/src/game/game_fn_80019F98.o
[746/921] EXTERNALIZE build/GEDE01/src/game/game_fn_80019D2C.o
[747/921] EXTERNALIZE build/GEDE01/src/game/game_fn_80019C10.o
[748/921] EXTERNALIZE build/GEDE01/src/game/game_fn_80019940.o
[749/921] EXTERNALIZE build/GEDE01/src/game/game_fn_800194D0.o
[750/921] EXTERNALIZE build/GEDE01/src/game/game_fn_80019054.o
[751/921] EXTERNALIZE build/GEDE01/src/game/game_fn_80019244.o
[752/921] EXTERNALIZE build/GEDE01/src/game/game_fn_80018EF4.o
[753/921] EXTERNALIZE build/GEDE01/src/game/game_fn_80017DB0.o
[754/921] EXTERNALIZE build/GEDE01/src/game/game_fn_80017C3C.o
[755/921] EXTERNALIZE build/GEDE01/src/game/game_fn_80017CC8.o
[756/921] EXTERNALIZE build/GEDE01/src/game/game_fn_80017AE4.o
[757/921] EXTERNALIZE build/GEDE01/src/game/game_fn_80017A3C.o
[758/921] EXTERNALIZE build/GEDE01/src/game/game_fn_80017910.o
[759/921] EXTERNALIZE build/GEDE01/src/game/game_fn_800179AC.o
[760/921] EXTERNALIZE FLAGS build/GEDE01/src/game/game_fn_800119FC.o
[761/921] EXTERNALIZE build/GEDE01/src/game/game_fn_8000FFD8.o
[762/921] EXTERNALIZE build/GEDE01/src/game/game_fn_8000F4B0.o
[763/921] EXTERNALIZE build/GEDE01/src/game/game_fn_8000EFC4.o
[764/921] GLOBALIZE build/GEDE01/src/game/game_fn_800094C0.o
[765/921] EXTERNALIZE build/GEDE01/src/game/game_fn_800096E0.o
[766/921] EXTERNALIZE build/GEDE01/src/game/game_fn_800098C0.o
[767/921] EXTERNALIZE build/GEDE01/src/game/game_fn_800099D8.o
[768/921] EXTERNALIZE build/GEDE01/src/game/game_fn_80009AB4.o
[769/921] EXTERNALIZE build/GEDE01/src/game/game_fn_800171C0.o
[770/921] EXTERNALIZE build/GEDE01/src/game/game_fn_8000A26C.o
[771/921] EXTERNALIZE build/GEDE01/src/game/game_fn_800176F0.o
[772/921] EXTERNALIZE build/GEDE01/src/game/game_fn_8000AC88.o
[773/921] EXTERNALIZE build/GEDE01/src/game/game_fn_8000AFB4.o
[774/921] EXTERNALIZE build/GEDE01/src/game/game_fn_8000AEB4.o
[775/921] EXTERNALIZE build/GEDE01/src/game/game_fn_8000B36C.o
[776/921] EXTERNALIZE build/GEDE01/src/game/game_fn_8000B1B8.o
[777/921] EXTERNALIZE build/GEDE01/src/game/game_fn_8000B630.o
[778/921] EXTERNALIZE build/GEDE01/src/game/game_fn_8000B7FC.o
[779/921] EXTERNALIZE build/GEDE01/src/game/game_fn_8000BA0C.o
[780/921] EXTERNALIZE build/GEDE01/src/game/game_fn_8000B900.o
[781/921] EXTERNALIZE build/GEDE01/src/game/game_fn_8000BC40.o
[782/921] EXTERNALIZE build/GEDE01/src/game/game_fn_8000BAA0.o
[783/921] EXTERNALIZE build/GEDE01/src/game/game_fn_8000C17C.o
[784/921] EXTERNALIZE build/GEDE01/src/game/game_fn_8000C06C.o
[785/921] EXTERNALIZE build/GEDE01/src/game/game_fn_8000C400.o
[786/921] EXTERNALIZE build/GEDE01/src/game/game_fn_8000C848.o
[787/921] EXTERNALIZE build/GEDE01/src/game/game_fn_8000C91C.o
[788/921] EXTERNALIZE build/GEDE01/src/game/game_fn_8000D0BC.o
[789/921] NAME SWITCH build/GEDE01/src/game/game_fn_8000D8A4.o
[790/921] EXTERNALIZE build/GEDE01/src/game/game_fn_8000D3D4.o
[791/921] EXTERNALIZE build/GEDE01/src/game/game_fn_8000E054.o
[792/921] EXTERNALIZE build/GEDE01/src/game/game_fn_8000E0AC.o
[793/921] EXTERNALIZE build/GEDE01/src/game/game_fn_8000E96C.o
[794/921] EXTERNALIZE build/GEDE01/src/game/game_fn_8000F774.o
[795/921] EXTERNALIZE build/GEDE01/src/game/game_fn_8000EB14.o
[796/921] EXTERNALIZE build/GEDE01/src/game/game_fn_8000EBD4.o
[797/921] EXTERNALIZE build/GEDE01/src/game/game_fn_8000ED44.o
[798/921] EXTERNALIZE build/GEDE01/src/game/game_fn_8000E138.o
[799/921] EXTERNALIZE build/GEDE01/src/game/game_fn_8000E1C4.o
[800/921] EXTERNALIZE build/GEDE01/src/game/game_fn_8000D590.o
[801/921] EXTERNALIZE build/GEDE01/src/game/game_fn_8000DA50.o
[802/921] EXTERNALIZE build/GEDE01/src/game/game_fn_8000DAF4.o
[803/921] EXTERNALIZE build/GEDE01/src/game/game_fn_80012DA8.o
[804/921] EXTERNALIZE build/GEDE01/src/game/game_fn_80012F40.o
[805/921] EXTERNALIZE build/GEDE01/src/game/game_fn_80012FD0.o
[806/921] EXTERNALIZE build/GEDE01/src/game/game_fn_800131E8.o
[807/921] EXTERNALIZE build/GEDE01/src/game/game_fn_80013340.o
[808/921] EXTERNALIZE build/GEDE01/src/game/game_fn_80013870.o
[809/921] EXTERNALIZE build/GEDE01/src/game/game_fn_80013CB0.o
[810/921] EXTERNALIZE build/GEDE01/src/game/game_fn_80013D54.o
[811/921] EXTERNALIZE build/GEDE01/src/game/game_fn_800142DC.o
[812/921] EXTERNALIZE build/GEDE01/src/game/game_fn_800144CC.o
[813/921] EXTERNALIZE build/GEDE01/src/game/game_fn_80014784.o
[814/921] EXTERNALIZE build/GEDE01/src/game/game_fn_800149D4.o
[815/921] EXTERNALIZE build/GEDE01/src/game/game_fn_80015058.o
[816/921] EXTERNALIZE build/GEDE01/src/game/game_fn_80015320.o
[817/921] EXTERNALIZE build/GEDE01/src/game/game_fn_80015568.o
[818/921] EXTERNALIZE build/GEDE01/src/game/game_fn_800156FC.o
[819/921] EXTERNALIZE build/GEDE01/src/game/game_fn_80015BE0.o
[820/921] EXTERNALIZE build/GEDE01/src/game/game_fn_80015D40.o
[821/921] EXTERNALIZE build/GEDE01/src/game/game_fn_80015F04.o
[822/921] EXTERNALIZE build/GEDE01/src/game/game_fn_80016128.o
[823/921] EXTERNALIZE build/GEDE01/src/game/game_fn_80016270.o
[824/921] EXTERNALIZE build/GEDE01/src/game/game_fn_80016904.o
[825/921] EXTERNALIZE build/GEDE01/src/game/game_fn_80016B24.o
[826/921] EXTERNALIZE build/GEDE01/src/game/game_fn_800173CC.o
[827/921] EXTERNALIZE build/GEDE01/src/game/game_fn_801BEF40.o
[828/921] EXTERNALIZE build/GEDE01/src/game/game_fn_801B86C0.o
[829/921] EXTERNALIZE STATIC POOL build/GEDE01/src/game/game_fn_801C4B5C.o
build/GEDE01/src/game/game_fn_801C4B5C.o: lbl_80628CB0 now undefined; section 6 emptied
[830/921] EXTERNALIZE build/GEDE01/src/game/game_fn_80173BDC.o
[831/921] EXTERNALIZE build/GEDE01/src/game/game_fn_801C8600.o
[832/921] EXTERNALIZE build/GEDE01/src/game/game_fn_801E7014.o
[833/921] EXTERNALIZE build/GEDE01/src/game/game_fn_8014BA14.o
[834/921] EXTERNALIZE build/GEDE01/src/game/game_fn_801A4430.o
[835/921] EXTERNALIZE build/GEDE01/src/game/game_fn_800B2EC0.o
[836/921] EXTERNALIZE build/GEDE01/src/game/game_fn_8001CA04.o
[837/921] EXTERNALIZE build/GEDE01/src/game/game_fn_80031544.o
[838/921] EXTERNALIZE build/GEDE01/src/game/game_fn_8006B0F0.o
[839/921] EXTERNALIZE build/GEDE01/src/game/game_fn_8007D4D8.o
[840/921] EXTERNALIZE build/GEDE01/src/game/game_fn_8007F770.o
[841/921] EXTERNALIZE build/GEDE01/src/game/game_fn_80088F4C.o
[842/921] EXTERNALIZE build/GEDE01/src/game/game_fn_8008A2E0.o
[843/921] EXTERNALIZE build/GEDE01/src/game/game_fn_80089A34.o
[844/921] EXTERNALIZE build/GEDE01/src/game/game_fn_80090004.o
[845/921] EXTERNALIZE build/GEDE01/src/game/game_fn_80095D10.o
[846/921] EXTERNALIZE build/GEDE01/src/game/game_fn_800A3180.o
[847/921] EXTERNALIZE build/GEDE01/src/game/game_fn_800BB7A8.o
[848/921] EXTERNALIZE build/GEDE01/src/game/game_fn_800BB5C4.o
[849/921] EXTERNALIZE build/GEDE01/src/game/game_fn_800BB9A4.o
[850/921] EXTERNALIZE build/GEDE01/src/game/game_fn_800BBAF0.o
[851/921] EXTERNALIZE build/GEDE01/src/game/game_fn_800D9064.o
[852/921] EXTERNALIZE build/GEDE01/src/game/game_fn_800D9E10.o
[853/921] EXTERNALIZE build/GEDE01/src/game/game_fn_8012976C.o
[854/921] EXTERNALIZE build/GEDE01/src/game/game_fn_8013DB8C.o
[855/921] EXTERNALIZE build/GEDE01/src/game/game_fn_8013CBE4.o
[856/921] EXTERNALIZE build/GEDE01/src/game/game_fn_8014CA98.o
[857/921] EXTERNALIZE build/GEDE01/src/game/game_fn_80153A24.o
[858/921] EXTERNALIZE build/GEDE01/src/game/game_fn_801535D8.o
[859/921] EXTERNALIZE build/GEDE01/src/game/game_fn_80174F2C.o
[860/921] EXTERNALIZE build/GEDE01/src/game/game_fn_801752B0.o
[861/921] EXTERNALIZE build/GEDE01/src/game/game_fn_8017AC20.o
[862/921] EXTERNALIZE build/GEDE01/src/game/game_fn_801861C4.o
[863/921] EXTERNALIZE build/GEDE01/src/game/game_fn_8018680C.o
[864/921] EXTERNALIZE build/GEDE01/src/game/game_fn_80186F70.o
[865/921] EXTERNALIZE build/GEDE01/src/game/game_fn_80187320.o
[866/921] EXTERNALIZE build/GEDE01/src/game/game_fn_801810A0.o
[867/921] EXTERNALIZE build/GEDE01/src/game/game_fn_801875FC.o
[868/921] EXTERNALIZE build/GEDE01/src/game/game_fn_800542D0.o
[869/921] EXTERNALIZE build/GEDE01/src/game/game_fn_80187E40.o
[870/921] EXTERNALIZE build/GEDE01/src/game/game_fn_80187BB4.o
[871/921] EXTERNALIZE build/GEDE01/src/game/game_fn_80189C14.o
[872/921] EXTERNALIZE build/GEDE01/src/game/game_fn_8018C2D0.o
[873/921] EXTERNALIZE build/GEDE01/src/game/game_fn_8018D400.o
[874/921] EXTERNALIZE build/GEDE01/src/game/game_fn_8018E0D8.o
[875/921] EXTERNALIZE build/GEDE01/src/game/game_fn_8019120C.o
[876/921] EXTERNALIZE build/GEDE01/src/game/game_fn_8018DC24.o
[877/921] EXTERNALIZE build/GEDE01/src/game/game_fn_801926EC.o
[878/921] EXTERNALIZE build/GEDE01/src/game/game_fn_801916D0.o
[879/921] EXTERNALIZE build/GEDE01/src/game/game_fn_801929A4.o
[880/921] EXTERNALIZE build/GEDE01/src/game/game_fn_801952E8.o
[881/921] EXTERNALIZE build/GEDE01/src/game/game_fn_801A2A54.o
[882/921] EXTERNALIZE build/GEDE01/src/game/game_fn_801A34BC.o
[883/921] EXTERNALIZE build/GEDE01/src/game/game_fn_801A657C.o
[884/921] EXTERNALIZE build/GEDE01/src/game/game_fn_801D1F78.o
[885/921] EXTERNALIZE build/GEDE01/src/game/game_fn_801E2A48.o
[886/921] EXTERNALIZE build/GEDE01/src/game/game_fn_801E995C.o
[887/921] EXTERNALIZE build/GEDE01/src/game/game_fn_801E6814.o
[888/921] EXTERNALIZE build/GEDE01/src/game/game_fn_801F0CB0.o
[889/921] EXTERNALIZE build/GEDE01/src/game/game_fn_801EF580.o
[890/921] EXTERNALIZE build/GEDE01/src/game/game_fn_801F10BC.o
[891/921] EXTERNALIZE build/GEDE01/src/game/game_fn_801F35A8.o
[892/921] EXTERNALIZE build/GEDE01/src/game/game_fn_801ECD74.o
[893/921] EXTERNALIZE build/GEDE01/src/game/game_fn_801ED5F4.o
[894/921] EXTERNALIZE build/GEDE01/src/game/game_fn_801F69F0.o
[895/921] EXTERNALIZE build/GEDE01/src/game/game_fn_801F76EC.o
[896/921] EXTERNALIZE build/GEDE01/src/game/game_fn_801F8264.o
[897/921] EXTERNALIZE build/GEDE01/src/game/game_fn_801F89B4.o
[898/921] EXTERNALIZE build/GEDE01/src/game/game_fn_801F9AF8.o
[899/921] EXTERNALIZE build/GEDE01/src/game/game_fn_801F6BD8.o
[900/921] EXTERNALIZE build/GEDE01/src/game/game_fn_801FB6A4.o
[901/921] EXTERNALIZE JUMPTABLES build/GEDE01/src/game/game_fn_800361F8.o
[902/921] EXTERNALIZE JUMPTABLES build/GEDE01/src/game/game_fn_8006E53C.o
[903/921] EXTERNALIZE JUMPTABLES build/GEDE01/src/game/game_fn_800CF598.o
[904/921] EXTERNALIZE JUMPTABLES build/GEDE01/src/game/game_fn_801ACFE8.o
[905/921] EXTERNALIZE JUMPTABLES build/GEDE01/src/game/game_fn_801B1BA0.o
[906/921] EXTERNALIZE build/GEDE01/src/game/game_fn_80150A24.o
[907/921] EXTERNALIZE build/GEDE01/src/game/game_fn_80154F74.o
[908/921] EXTERNALIZE build/GEDE01/src/game/game_fn_801E504C.o
[909/921] EXTERNALIZE build/GEDE01/src/game/game_fn_8009E808.o
[910/921] EXTERNALIZE build/GEDE01/src/game/game_fn_801F1A38.o
[911/921] EXTERNALIZE build/GEDE01/src/game/game_fn_801FFE78.o
[912/921] EXTERNALIZE build/GEDE01/src/game/game_fn_801F7510.o
[913/921] EXTERNALIZE build/GEDE01/src/game/game_fn_801F55A0.o
[914/921] EXTERNALIZE build/GEDE01/src/game/game_fn_801FC034.o
[915/921] EXTERNALIZE build/GEDE01/src/game/game_fn_801F9CF4.o
[916/921] EXTERNALIZE build/GEDE01/src/game/game_fn_801FA9C8.o
[917/921] REPORT
 INFO Loading project .
 INFO Generating report for 7068 units (using 8 threads)
 INFO Report generated in 0.174s
 INFO Writing to build/GEDE01/report.json
[918/921] LINK build/GEDE01/main.elf
### mwldeppc.exe Linker Warning:
#   Section '.ignored' is unknown. Section ignored.
### mwldeppc.exe Linker Warning:
#   Section '.ignored' is unknown. Section ignored.
### mwldeppc.exe Linker Warning:
#   Section '.ignored' is unknown. Section ignored.
### mwldeppc.exe Linker Warning:
#   Section '.ignored' is unknown. Section ignored.
### mwldeppc.exe Linker Warning:
#   Section '.ignored' is unknown. Section ignored.
### mwldeppc.exe Linker Warning:
#   Section '.ignored' is unknown. Section ignored.
### mwldeppc.exe Linker Warning:
#   Section '.ignored' is unknown. Section ignored.
### mwldeppc.exe Linker Warning:
#   Section '.ignored' is unknown. Section ignored.
### mwldeppc.exe Linker Warning:
#   Section '.ignored' is unknown. Section ignored.
### mwldeppc.exe Linker Warning:
#   Section '.ignored' is unknown. Section ignored.
### mwldeppc.exe Linker Warning:
#   Section '.ignored' is unknown. Section ignored.
### mwldeppc.exe Linker Warning:
#   Section '.ignored' is unknown. Section ignored.
### mwldeppc.exe Linker Warning:
#   Section '.ignored' is unknown. Section ignored.
### mwldeppc.exe Linker Warning:
#   Section '.ignored' is unknown. Section ignored.
### mwldeppc.exe Linker Warning:
#   Section '.ignored' is unknown. Section ignored.
### mwldeppc.exe Linker Warning:
#   Section '.ignored' is unknown. Section ignored.
### mwldeppc.exe Linker Warning:
#   Section '.ignored' is unknown. Section ignored.
### mwldeppc.exe Linker Warning:
#   Section '.ignored' is unknown. Section ignored.
### mwldeppc.exe Linker Warning:
#   Section '.ignored' is unknown. Section ignored.
### mwldeppc.exe Linker Warning:
#   Section '.ignored' is unknown. Section ignored.
### mwldeppc.exe Linker Warning:
#   Section '.ignored' is unknown. Section ignored.
### mwldeppc.exe Linker Warning:
#   Section '.ignored' is unknown. Section ignored.
### mwldeppc.exe Linker Warning:
#   Section '.ignored' is unknown. Section ignored.
### mwldeppc.exe Linker Warning:
#   Section '.ignored' is unknown. Section ignored.
### mwldeppc.exe Linker Warning:
#   Section '.ignored' is unknown. Section ignored.
### mwldeppc.exe Linker Warning:
#   Section '.ignored' is unknown. Section ignored.
### mwldeppc.exe Linker Warning:
#   Section '.ignored' is unknown. Section ignored.
### mwldeppc.exe Linker Warning:
#   Section '.ignored' is unknown. Section ignored.
### mwldeppc.exe Linker Warning:
#   Section '.ignored' is unknown. Section ignored.
### mwldeppc.exe Linker Warning:
#   Section '.ignored' is unknown. Section ignored.
### mwldeppc.exe Linker Warning:
#   Section '.ignored' is unknown. Section ignored.
### mwldeppc.exe Linker Warning:
#   Section '.ignored' is unknown. Section ignored.
### mwldeppc.exe Linker Warning:
#   Section '.ignored' is unknown. Section ignored.
### mwldeppc.exe Linker Warning:
#   Section '.ignored' is unknown. Section ignored.
### mwldeppc.exe Linker Warning:
#   Section '.ignored' is unknown. Section ignored.
### mwldeppc.exe Linker Warning:
#   Section '.ignored' is unknown. Section ignored.
### mwldeppc.exe Linker Warning:
#   Section '.ignored' is unknown. Section ignored.
### mwldeppc.exe Linker Warning:
#   Section '.ignored' is unknown. Section ignored.
### mwldeppc.exe Linker Warning:
#   Section '.ignored' is unknown. Section ignored.
### mwldeppc.exe Linker Warning:
#   Section '.ignored' is unknown. Section ignored.
### mwldeppc.exe Linker Warning:
#   Section '.ignored' is unknown. Section ignored.
### mwldeppc.exe Linker Warning:
#   Section '.ignored' is unknown. Section ignored.
### mwldeppc.exe Linker Warning:
#   Section '.ignored' is unknown. Section ignored.
### mwldeppc.exe Linker Warning:
#   Section '.ignored' is unknown. Section ignored.
### mwldeppc.exe Linker Warning:
#   Section '.ignored' is unknown. Section ignored.
### mwldeppc.exe Linker Warning:
#   Section '.ignored' is unknown. Section ignored.
### mwldeppc.exe Linker Warning:
#   Section '.ignored' is unknown. Section ignored.
### mwldeppc.exe Linker Warning:
#   Section '.ignored' is unknown. Section ignored.
### mwldeppc.exe Linker Warning:
#   Section '.ignored' is unknown. Section ignored.
### mwldeppc.exe Linker Warning:
#   Section '.ignored' is unknown. Section ignored.
### mwldeppc.exe Linker Warning:
#   Section '.ignored' is unknown. Section ignored.
### mwldeppc.exe Linker Warning:
#   Section '.ignored' is unknown. Section ignored.
### mwldeppc.exe Linker Warning:
#   Section '.ignored' is unknown. Section ignored.
### mwldeppc.exe Linker Warning:
#   Section '.ignored' is unknown. Section ignored.
### mwldeppc.exe Linker Warning:
#   Section '.ignored' is unknown. Section ignored.
### mwldeppc.exe Linker Warning:
#   Section '.ignored' is unknown. Section ignored.
### mwldeppc.exe Linker Warning:
#   Section '.ignored' is unknown. Section ignored.
### mwldeppc.exe Linker Warning:
#   Section '.ignored' is unknown. Section ignored.
### mwldeppc.exe Linker Warning:
#   Section '.ignored' is unknown. Section ignored.
### mwldeppc.exe Linker Warning:
#   Section '.ignored' is unknown. Section ignored.
### mwldeppc.exe Linker Warning:
#   Section '.ignored' is unknown. Section ignored.
### mwldeppc.exe Linker Warning:
#   Section '.ignored' is unknown. Section ignored.
### mwldeppc.exe Linker Warning:
#   Section '.ignored' is unknown. Section ignored.
### mwldeppc.exe Linker Warning:
#   Section '.ignored' is unknown. Section ignored.
### mwldeppc.exe Linker Warning:
#   Section '.ignored' is unknown. Section ignored.
### mwldeppc.exe Linker Warning:
#   Section '.ignored' is unknown. Section ignored.
### mwldeppc.exe Linker Warning:
#   Section '.ignored' is unknown. Section ignored.
### mwldeppc.exe Linker Warning:
#   Section '.ignored' is unknown. Section ignored.
### mwldeppc.exe Linker Warning:
#   Section '.ignored' is unknown. Section ignored.
### mwldeppc.exe Linker Warning:
#   Section '.ignored' is unknown. Section ignored.
### mwldeppc.exe Linker Warning:
#   Section '.ignored' is unknown. Section ignored.
### mwldeppc.exe Linker Warning:
#   Section '.ignored' is unknown. Section ignored.
### mwldeppc.exe Linker Warning:
#   Section '.ignored' is unknown. Section ignored.
### mwldeppc.exe Linker Warning:
#   Section '.ignored' is unknown. Section ignored.
### mwldeppc.exe Linker Warning:
#   Section '.ignored' is unknown. Section ignored.
### mwldeppc.exe Linker Warning:
#   Section '.ignored' is unknown. Section ignored.
### mwldeppc.exe Linker Warning:
#   Section '.ignored' is unknown. Section ignored.
### mwldeppc.exe Linker Warning:
#   Section '.ignored' is unknown. Section ignored.
### mwldeppc.exe Linker Warning:
#   Section '.ignored' is unknown. Section ignored.
### mwldeppc.exe Linker Warning:
#   Section '.ignored' is unknown. Section ignored.
### mwldeppc.exe Linker Warning:
#   Section '.ignored' is unknown. Section ignored.
### mwldeppc.exe Linker Warning:
#   Section '.ignored' is unknown. Section ignored.
### mwldeppc.exe Linker Warning:
#   Section '.ignored' is unknown. Section ignored.
### mwldeppc.exe Linker Warning:
#   Section '.ignored' is unknown. Section ignored.
### mwldeppc.exe Linker Warning:
#   Section '.ignored' is unknown. Section ignored.
### mwldeppc.exe Linker Warning:
#   Section '.ignored' is unknown. Section ignored.
### mwldeppc.exe Linker Warning:
#   Section '.ignored' is unknown. Section ignored.
### mwldeppc.exe Linker Warning:
#   Section '.ignored' is unknown. Section ignored.
### mwldeppc.exe Linker Warning:
#   Section '.ignored' is unknown. Section ignored.
### mwldeppc.exe Linker Warning:
#   Section '.ignored' is unknown. Section ignored.
### mwldeppc.exe Linker Warning:
#   Section '.ignored' is unknown. Section ignored.
### mwldeppc.exe Linker Warning:
#   Section '.ignored' is unknown. Section ignored.
### mwldeppc.exe Linker Warning:
#   Section '.ignored' is unknown. Section ignored.
### mwldeppc.exe Linker Warning:
#   Section '.ignored' is unknown. Section ignored.
### mwldeppc.exe Linker Warning:
#   Section '.ignored' is unknown. Section ignored.
### mwldeppc.exe Linker Warning:
#   Section '.ignored' is unknown. Section ignored.
### mwldeppc.exe Linker Warning:
#   Section '.ignored' is unknown. Section ignored.
### mwldeppc.exe Linker Warning:
#   Section '.ignored' is unknown. Section ignored.
### mwldeppc.exe Linker Warning:
#   Section '.ignored' is unknown. Section ignored.
### mwldeppc.exe Linker Warning:
#   Section '.ignored' is unknown. Section ignored.
### mwldeppc.exe Linker Warning:
#   Section '.ignored' is unknown. Section ignored.
### mwldeppc.exe Linker Warning:
#   Section '.ignored' is unknown. Section ignored.
### mwldeppc.exe Linker Warning:
#   Section '.ignored' is unknown. Section ignored.
### mwldeppc.exe Linker Warning:
#   Section '.ignored' is unknown. Section ignored.
### mwldeppc.exe Linker Warning:
#   Section '.ignored' is unknown. Section ignored.
### mwldeppc.exe Linker Warning:
#   Section '.ignored' is unknown. Section ignored.
### mwldeppc.exe Linker Warning:
#   Section '.ignored' is unknown. Section ignored.
### mwldeppc.exe Linker Warning:
#   Section '.ignored' is unknown. Section ignored.
### mwldeppc.exe Linker Warning:
#   Section '.ignored' is unknown. Section ignored.
### mwldeppc.exe Linker Warning:
#   Section '.ignored' is unknown. Section ignored.
### mwldeppc.exe Linker Warning:
#   Section '.ignored' is unknown. Section ignored.
### mwldeppc.exe Linker Warning:
#   Section '.ignored' is unknown. Section ignored.
### mwldeppc.exe Linker Warning:
#   Section '.ignored' is unknown. Section ignored.
### mwldeppc.exe Linker Warning:
#   Section '.ignored' is unknown. Section ignored.
### mwldeppc.exe Linker Warning:
#   Section '.ignored' is unknown. Section ignored.
### mwldeppc.exe Linker Warning:
#   Section '.ignored' is unknown. Section ignored.
### mwldeppc.exe Linker Warning:
#   Section '.ignored' is unknown. Section ignored.
### mwldeppc.exe Linker Warning:
#   Section '.ignored' is unknown. Section ignored.
### mwldeppc.exe Linker Warning:
#   Section '.ignored' is unknown. Section ignored.
### mwldeppc.exe Linker Warning:
#   Section '.ignored' is unknown. Section ignored.
### mwldeppc.exe Linker Warning:
#   Section '.ignored' is unknown. Section ignored.
### mwldeppc.exe Linker Warning:
#   Section '.ignored' is unknown. Section ignored.
### mwldeppc.exe Linker Warning:
#   Section '.ignored' is unknown. Section ignored.
### mwldeppc.exe Linker Warning:
#   Section '.ignored' is unknown. Section ignored.
### mwldeppc.exe Linker Warning:
#   Section '.ignored' is unknown. Section ignored.
### mwldeppc.exe Linker Warning:
#   Section '.ignored' is unknown. Section ignored.
### mwldeppc.exe Linker Warning:
#   Section '.ignored' is unknown. Section ignored.
### mwldeppc.exe Linker Warning:
#   Section '.ignored' is unknown. Section ignored.
### mwldeppc.exe Linker Warning:
#   Section '.ignored' is unknown. Section ignored.
### mwldeppc.exe Linker Warning:
#   Section '.ignored' is unknown. Section ignored.
### mwldeppc.exe Linker Warning:
#   Section '.ignored' is unknown. Section ignored.
### mwldeppc.exe Linker Warning:
#   Section '.ignored' is unknown. Section ignored.
### mwldeppc.exe Linker Warning:
#   Section '.ignored' is unknown. Section ignored.
### mwldeppc.exe Linker Warning:
#   Section '.ignored' is unknown. Section ignored.
### mwldeppc.exe Linker Warning:
#   Section '.ignored' is unknown. Section ignored.
### mwldeppc.exe Linker Warning:
#   Section '.ignored' is unknown. Section ignored.
### mwldeppc.exe Linker Warning:
#   Section '.ignored' is unknown. Section ignored.
### mwldeppc.exe Linker Warning:
#   Section '.ignored' is unknown. Section ignored.
### mwldeppc.exe Linker Warning:
#   Section '.ignored' is unknown. Section ignored.
### mwldeppc.exe Linker Warning:
#   Section '.ignored' is unknown. Section ignored.
### mwldeppc.exe Linker Warning:
#   Section '.ignored' is unknown. Section ignored.
### mwldeppc.exe Linker Warning:
#   Section '.ignored' is unknown. Section ignored.
### mwldeppc.exe Linker Warning:
#   Section '.ignored' is unknown. Section ignored.
### mwldeppc.exe Linker Warning:
#   Section '.ignored' is unknown. Section ignored.
### mwldeppc.exe Linker Warning:
#   Section '.ignored' is unknown. Section ignored.
### mwldeppc.exe Linker Warning:
#   Section '.ignored' is unknown. Section ignored.
### mwldeppc.exe Linker Warning:
#   Section '.ignored' is unknown. Section ignored.
### mwldeppc.exe Linker Warning:
#   Section '.ignored' is unknown. Section ignored.
### mwldeppc.exe Linker Warning:
#   Section '.ignored' is unknown. Section ignored.
### mwldeppc.exe Linker Warning:
#   Section '.ignored' is unknown. Section ignored.
### mwldeppc.exe Linker Warning:
#   Section '.ignored' is unknown. Section ignored.
### mwldeppc.exe Linker Warning:
#   Section '.ignored' is unknown. Section ignored.
### mwldeppc.exe Linker Warning:
#   Section '.ignored' is unknown. Section ignored.
### mwldeppc.exe Linker Warning:
#   Section '.ignored' is unknown. Section ignored.
### mwldeppc.exe Linker Warning:
#   Section '.ignored' is unknown. Section ignored.
### mwldeppc.exe Linker Warning:
#   Section '.ignored' is unknown. Section ignored.
### mwldeppc.exe Linker Warning:
#   Section '.ignored' is unknown. Section ignored.
### mwldeppc.exe Linker Warning:
#   Section '.ignored' is unknown. Section ignored.
### mwldeppc.exe Linker Warning:
#   Section '.ignored' is unknown. Section ignored.
### mwldeppc.exe Linker Warning:
#   Section '.ignored' is unknown. Section ignored.
### mwldeppc.exe Linker Warning:
#   Section '.ignored' is unknown. Section ignored.
### mwldeppc.exe Linker Warning:
#   Section '.ignored' is unknown. Section ignored.
### mwldeppc.exe Linker Warning:
#   Section '.ignored' is unknown. Section ignored.
### mwldeppc.exe Linker Warning:
#   Section '.ignored' is unknown. Section ignored.
### mwldeppc.exe Linker Warning:
#   Section '.ignored' is unknown. Section ignored.
### mwldeppc.exe Linker Warning:
#   Section '.ignored' is unknown. Section ignored.
### mwldeppc.exe Linker Warning:
#   Section '.ignored' is unknown. Section ignored.
### mwldeppc.exe Linker Warning:
#   Section '.ignored' is unknown. Section ignored.
### mwldeppc.exe Linker Warning:
#   Section '.ignored' is unknown. Section ignored.
### mwldeppc.exe Linker Warning:
#   Section '.ignored' is unknown. Section ignored.
### mwldeppc.exe Linker Warning:
#   Section '.ignored' is unknown. Section ignored.
### mwldeppc.exe Linker Warning:
#   Section '.ignored' is unknown. Section ignored.
### mwldeppc.exe Linker Warning:
#   Section '.ignored' is unknown. Section ignored.
### mwldeppc.exe Linker Warning:
#   Section '.ignored' is unknown. Section ignored.
### mwldeppc.exe Linker Warning:
#   Section '.ignored' is unknown. Section ignored.
### mwldeppc.exe Linker Warning:
#   Section '.ignored' is unknown. Section ignored.
### mwldeppc.exe Linker Warning:
#   Section '.ignored' is unknown. Section ignored.
### mwldeppc.exe Linker Warning:
#   Section '.ignored' is unknown. Section ignored.
### mwldeppc.exe Linker Warning:
#   Section '.ignored' is unknown. Section ignored.
### mwldeppc.exe Linker Warning:
#   Section '.ignored' is unknown. Section ignored.
### mwldeppc.exe Linker Warning:
#   Section '.ignored' is unknown. Section ignored.
### mwldeppc.exe Linker Warning:
#   Section '.ignored' is unknown. Section ignored.
### mwldeppc.exe Linker Warning:
#   Section '.ignored' is unknown. Section ignored.
### mwldeppc.exe Linker Warning:
#   Section '.ignored' is unknown. Section ignored.
### mwldeppc.exe Linker Warning:
#   Section '.ignored' is unknown. Section ignored.
### mwldeppc.exe Linker Warning:
#   Section '.ignored' is unknown. Section ignored.
### mwldeppc.exe Linker Warning:
#   Section '.ignored' is unknown. Section ignored.
### mwldeppc.exe Linker Warning:
#   Section '.ignored' is unknown. Section ignored.
### mwldeppc.exe Linker Warning:
#   Section '.ignored' is unknown. Section ignored.
### mwldeppc.exe Linker Warning:
#   Section '.ignored' is unknown. Section ignored.
### mwldeppc.exe Linker Warning:
#   Section '.ignored' is unknown. Section ignored.
### mwldeppc.exe Linker Warning:
#   Section '.ignored' is unknown. Section ignored.
### mwldeppc.exe Linker Warning:
#   Section '.ignored' is unknown. Section ignored.
### mwldeppc.exe Linker Warning:
#   Section '.ignored' is unknown. Section ignored.
### mwldeppc.exe Linker Warning:
#   Section '.ignored' is unknown. Section ignored.
### mwldeppc.exe Linker Warning:
#   Section '.ignored' is unknown. Section ignored.
### mwldeppc.exe Linker Warning:
#   Section '.ignored' is unknown. Section ignored.
### mwldeppc.exe Linker Warning:
#   Section '.ignored' is unknown. Section ignored.
### mwldeppc.exe Linker Warning:
#   Section '.ignored' is unknown. Section ignored.
### mwldeppc.exe Linker Warning:
#   Section '.ignored' is unknown. Section ignored.
### mwldeppc.exe Linker Warning:
#   Section '.ignored' is unknown. Section ignored.
### mwldeppc.exe Linker Warning:
#   Section '.ignored' is unknown. Section ignored.
### mwldeppc.exe Linker Warning:
#   Section '.ignored' is unknown. Section ignored.
### mwldeppc.exe Linker Warning:
#   Section '.ignored' is unknown. Section ignored.
### mwldeppc.exe Linker Warning:
#   Section '.ignored' is unknown. Section ignored.
### mwldeppc.exe Linker Warning:
#   Section '.ignored' is unknown. Section ignored.
### mwldeppc.exe Linker Warning:
#   Section '.ignored' is unknown. Section ignored.
### mwldeppc.exe Linker Warning:
#   Section '.ignored' is unknown. Section ignored.
### mwldeppc.exe Linker Warning:
#   Section '.ignored' is unknown. Section ignored.
### mwldeppc.exe Linker Warning:
#   Section '.ignored' is unknown. Section ignored.
### mwldeppc.exe Linker Warning:
#   Section '.ignored' is unknown. Section ignored.
### mwldeppc.exe Linker Warning:
#   Section '.ignored' is unknown. Section ignored.
### mwldeppc.exe Linker Warning:
#   Section '.ignored' is unknown. Section ignored.
### mwldeppc.exe Linker Warning:
#   Section '.ignored' is unknown. Section ignored.
### mwldeppc.exe Linker Warning:
#   Section '.ignored' is unknown. Section ignored.
### mwldeppc.exe Linker Warning:
#   Section '.ignored' is unknown. Section ignored.
### mwldeppc.exe Linker Warning:
#   Section '.ignored' is unknown. Section ignored.
### mwldeppc.exe Linker Warning:
#   Section '.ignored' is unknown. Section ignored.
### mwldeppc.exe Linker Warning:
#   Section '.ignored' is unknown. Section ignored.
### mwldeppc.exe Linker Warning:
#   Section '.ignored' is unknown. Section ignored.
### mwldeppc.exe Linker Warning:
#   Section '.ignored' is unknown. Section ignored.
### mwldeppc.exe Linker Warning:
#   Section '.ignored' is unknown. Section ignored.
### mwldeppc.exe Linker Warning:
#   Section '.ignored' is unknown. Section ignored.
### mwldeppc.exe Linker Warning:
#   Section '.ignored' is unknown. Section ignored.
### mwldeppc.exe Linker Warning:
#   Section '.ignored' is unknown. Section ignored.
### mwldeppc.exe Linker Warning:
#   Section '.ignored' is unknown. Section ignored.
### mwldeppc.exe Linker Warning:
#   Section '.ignored' is unknown. Section ignored.
### mwldeppc.exe Linker Warning:
#   Section '.ignored' is unknown. Section ignored.
### mwldeppc.exe Linker Warning:
#   Section '.ignored' is unknown. Section ignored.
### mwldeppc.exe Linker Warning:
#   Section '.ignored' is unknown. Section ignored.
### mwldeppc.exe Linker Warning:
#   Section '.ignored' is unknown. Section ignored.
### mwldeppc.exe Linker Warning:
#   Section '.ignored' is unknown. Section ignored.
### mwldeppc.exe Linker Warning:
#   Section '.ignored' is unknown. Section ignored.
### mwldeppc.exe Linker Warning:
#   Section '.ignored' is unknown. Section ignored.
### mwldeppc.exe Linker Warning:
#   Section '.ignored' is unknown. Section ignored.
### mwldeppc.exe Linker Warning:
#   Section '.ignored' is unknown. Section ignored.
### mwldeppc.exe Linker Warning:
#   Section '.ignored' is unknown. Section ignored.
### mwldeppc.exe Linker Warning:
#   Section '.ignored' is unknown. Section ignored.
### mwldeppc.exe Linker Warning:
#   Section '.ignored' is unknown. Section ignored.
### mwldeppc.exe Linker Warning:
#   Section '.ignored' is unknown. Section ignored.
### mwldeppc.exe Linker Warning:
#   Section '.ignored' is unknown. Section ignored.
### mwldeppc.exe Linker Warning:
#   Section '.ignored' is unknown. Section ignored.
### mwldeppc.exe Linker Warning:
#   Section '.ignored' is unknown. Section ignored.
### mwldeppc.exe Linker Warning:
#   Section '.ignored' is unknown. Section ignored.
### mwldeppc.exe Linker Warning:
#   Section '.ignored' is unknown. Section ignored.
### mwldeppc.exe Linker Warning:
#   Section '.ignored' is unknown. Section ignored.
### mwldeppc.exe Linker Warning:
#   Section '.ignored' is unknown. Section ignored.
### mwldeppc.exe Linker Warning:
#   Section '.ignored' is unknown. Section ignored.
### mwldeppc.exe Linker Warning:
#   Section '.ignored' is unknown. Section ignored.
### mwldeppc.exe Linker Warning:
#   Section '.ignored' is unknown. Section ignored.
### mwldeppc.exe Linker Warning:
#   Section '.ignored' is unknown. Section ignored.
### mwldeppc.exe Linker Warning:
#   Section '.ignored' is unknown. Section ignored.
### mwldeppc.exe Linker Warning:
#   Section '.ignored' is unknown. Section ignored.
### mwldeppc.exe Linker Warning:
#   Section '.ignored' is unknown. Section ignored.
### mwldeppc.exe Linker Warning:
#   Section '.ignored' is unknown. Section ignored.
### mwldeppc.exe Linker Warning:
#   Section '.ignored' is unknown. Section ignored.
### mwldeppc.exe Linker Warning:
#   Section '.ignored' is unknown. Section ignored.
### mwldeppc.exe Linker Warning:
#   Section '.ignored' is unknown. Section ignored.
### mwldeppc.exe Linker Warning:
#   Section '.ignored' is unknown. Section ignored.
### mwldeppc.exe Linker Warning:
#   Section '.ignored' is unknown. Section ignored.
### mwldeppc.exe Linker Warning:
#   Section '.ignored' is unknown. Section ignored.
### mwldeppc.exe Linker Warning:
#   Section '.ignored' is unknown. Section ignored.
### mwldeppc.exe Linker Warning:
#   Section '.ignored' is unknown. Section ignored.
### mwldeppc.exe Linker Warning:
#   Section '.ignored' is unknown. Section ignored.
### mwldeppc.exe Linker Warning:
#   Section '.ignored' is unknown. Section ignored.
### mwldeppc.exe Linker Warning:
#   Section '.ignored' is unknown. Section ignored.
### mwldeppc.exe Linker Warning:
#   Section '.ignored' is unknown. Section ignored.
### mwldeppc.exe Linker Warning:
#   Section '.ignored' is unknown. Section ignored.
### mwldeppc.exe Linker Warning:
#   Section '.ignored' is unknown. Section ignored.
### mwldeppc.exe Linker Warning:
#   Section '.ignored' is unknown. Section ignored.
### mwldeppc.exe Linker Warning:
#   Section '.ignored' is unknown. Section ignored.
### mwldeppc.exe Linker Warning:
#   Section '.ignored' is unknown. Section ignored.
### mwldeppc.exe Linker Warning:
#   Section '.ignored' is unknown. Section ignored.
### mwldeppc.exe Linker Warning:
#   Section '.ignored' is unknown. Section ignored.
### mwldeppc.exe Linker Warning:
#   Section '.ignored' is unknown. Section ignored.
### mwldeppc.exe Linker Warning:
#   Section '.ignored' is unknown. Section ignored.
### mwldeppc.exe Linker Warning:
#   Section '.ignored' is unknown. Section ignored.
### mwldeppc.exe Linker Warning:
#   Section '.ignored' is unknown. Section ignored.
### mwldeppc.exe Linker Warning:
#   Section '.ignored' is unknown. Section ignored.
### mwldeppc.exe Linker Warning:
#   Section '.ignored' is unknown. Section ignored.
### mwldeppc.exe Linker Warning:
#   Section '.ignored' is unknown. Section ignored.
### mwldeppc.exe Linker Warning:
#   Section '.ignored' is unknown. Section ignored.
### mwldeppc.exe Linker Warning:
#   Section '.ignored' is unknown. Section ignored.
### mwldeppc.exe Linker Warning:
#   Section '.ignored' is unknown. Section ignored.
### mwldeppc.exe Linker Warning:
#   Section '.ignored' is unknown. Section ignored.
### mwldeppc.exe Linker Warning:
#   Section '.ignored' is unknown. Section ignored.
### mwldeppc.exe Linker Warning:
#   Section '.ignored' is unknown. Section ignored.
### mwldeppc.exe Linker Warning:
#   Section '.ignored' is unknown. Section ignored.
### mwldeppc.exe Linker Warning:
#   Section '.ignored' is unknown. Section ignored.
### mwldeppc.exe Linker Warning:
#   Section '.ignored' is unknown. Section ignored.
### mwldeppc.exe Linker Warning:
#   Section '.ignored' is unknown. Section ignored.
### mwldeppc.exe Linker Warning:
#   Section '.ignored' is unknown. Section ignored.
### mwldeppc.exe Linker Warning:
#   Section '.ignored' is unknown. Section ignored.
### mwldeppc.exe Linker Warning:
#   Section '.ignored' is unknown. Section ignored.
### mwldeppc.exe Linker Warning:
#   Section '.ignored' is unknown. Section ignored.
### mwldeppc.exe Linker Warning:
#   Section '.ignored' is unknown. Section ignored.
### mwldeppc.exe Linker Warning:
#   Section '.ignored' is unknown. Section ignored.
### mwldeppc.exe Linker Warning:
#   Section '.ignored' is unknown. Section ignored.
### mwldeppc.exe Linker Warning:
#   Section '.ignored' is unknown. Section ignored.
### mwldeppc.exe Linker Warning:
#   Section '.ignored' is unknown. Section ignored.
### mwldeppc.exe Linker Warning:
#   Section '.ignored' is unknown. Section ignored.
### mwldeppc.exe Linker Warning:
#   Section '.ignored' is unknown. Section ignored.
### mwldeppc.exe Linker Warning:
#   Section '.ignored' is unknown. Section ignored.
### mwldeppc.exe Linker Warning:
#   Section '.ignored' is unknown. Section ignored.
### mwldeppc.exe Linker Warning:
#   Section '.ignored' is unknown. Section ignored.
### mwldeppc.exe Linker Warning:
#   Section '.ignored' is unknown. Section ignored.
### mwldeppc.exe Linker Warning:
#   Section '.ignored' is unknown. Section ignored.
### mwldeppc.exe Linker Warning:
#   Section '.ignored' is unknown. Section ignored.
### mwldeppc.exe Linker Warning:
#   Section '.ignored' is unknown. Section ignored.
### mwldeppc.exe Linker Warning:
#   Section '.ignored' is unknown. Section ignored.
### mwldeppc.exe Linker Warning:
#   Section '.ignored' is unknown. Section ignored.
### mwldeppc.exe Linker Warning:
#   Section '.ignored' is unknown. Section ignored.
### mwldeppc.exe Linker Warning:
#   Section '.ignored' is unknown. Section ignored.
### mwldeppc.exe Linker Warning:
#   Section '.ignored' is unknown. Section ignored.
### mwldeppc.exe Linker Warning:
#   Section '.ignored' is unknown. Section ignored.
### mwldeppc.exe Linker Warning:
#   Section '.ignored' is unknown. Section ignored.
### mwldeppc.exe Linker Warning:
#   Section '.ignored' is unknown. Section ignored.
### mwldeppc.exe Linker Warning:
#   Section '.ignored' is unknown. Section ignored.
### mwldeppc.exe Linker Warning:
#   Section '.ignored' is unknown. Section ignored.
### mwldeppc.exe Linker Warning:
#   Section '.ignored' is unknown. Section ignored.
### mwldeppc.exe Linker Warning:
#   Section '.ignored' is unknown. Section ignored.
### mwldeppc.exe Linker Warning:
#   Section '.ignored' is unknown. Section ignored.
### mwldeppc.exe Linker Warning:
#   Section '.ignored' is unknown. Section ignored.
### mwldeppc.exe Linker Warning:
#   Section '.ignored' is unknown. Section ignored.
### mwldeppc.exe Linker Warning:
#   Section '.ignored' is unknown. Section ignored.
### mwldeppc.exe Linker Warning:
#   Section '.ignored' is unknown. Section ignored.
### mwldeppc.exe Linker Warning:
#   Section '.ignored' is unknown. Section ignored.
### mwldeppc.exe Linker Warning:
#   Section '.ignored' is unknown. Section ignored.
### mwldeppc.exe Linker Warning:
#   Section '.ignored' is unknown. Section ignored.
### mwldeppc.exe Linker Warning:
#   Section '.ignored' is unknown. Section ignored.
### mwldeppc.exe Linker Warning:
#   Section '.ignored' is unknown. Section ignored.
### mwldeppc.exe Linker Warning:
#   Section '.ignored' is unknown. Section ignored.
### mwldeppc.exe Linker Warning:
#   Section '.ignored' is unknown. Section ignored.
### mwldeppc.exe Linker Warning:
#   Section '.ignored' is unknown. Section ignored.
### mwldeppc.exe Linker Warning:
#   Section '.ignored' is unknown. Section ignored.
### mwldeppc.exe Linker Warning:
#   Section '.ignored' is unknown. Section ignored.
### mwldeppc.exe Linker Warning:
#   Section '.ignored' is unknown. Section ignored.
### mwldeppc.exe Linker Warning:
#   Section '.ignored' is unknown. Section ignored.
### mwldeppc.exe Linker Warning:
#   Section '.ignored' is unknown. Section ignored.
### mwldeppc.exe Linker Warning:
#   Section '.ignored' is unknown. Section ignored.
### mwldeppc.exe Linker Warning:
#   Section '.ignored' is unknown. Section ignored.
### mwldeppc.exe Linker Warning:
#   Section '.ignored' is unknown. Section ignored.
### mwldeppc.exe Linker Warning:
#   Section '.ignored' is unknown. Section ignored.
### mwldeppc.exe Linker Warning:
#   Section '.ignored' is unknown. Section ignored.
### mwldeppc.exe Linker Warning:
#   Section '.ignored' is unknown. Section ignored.
### mwldeppc.exe Linker Warning:
#   Section '.ignored' is unknown. Section ignored.
### mwldeppc.exe Linker Warning:
#   Section '.ignored' is unknown. Section ignored.
### mwldeppc.exe Linker Warning:
#   Section '.ignored' is unknown. Section ignored.
### mwldeppc.exe Linker Warning:
#   Section '.ignored' is unknown. Section ignored.
### mwldeppc.exe Linker Warning:
#   Section '.ignored' is unknown. Section ignored.
### mwldeppc.exe Linker Warning:
#   Section '.ignored' is unknown. Section ignored.
### mwldeppc.exe Linker Warning:
#   Section '.ignored' is unknown. Section ignored.
### mwldeppc.exe Linker Warning:
#   Section '.ignored' is unknown. Section ignored.
### mwldeppc.exe Linker Warning:
#   Section '.ignored' is unknown. Section ignored.
### mwldeppc.exe Linker Warning:
#   Section '.ignored' is unknown. Section ignored.
### mwldeppc.exe Linker Warning:
#   Section '.ignored' is unknown. Section ignored.
### mwldeppc.exe Linker Warning:
#   Section '.ignored' is unknown. Section ignored.
### mwldeppc.exe Linker Warning:
#   Section '.ignored' is unknown. Section ignored.
### mwldeppc.exe Linker Warning:
#   Section '.ignored' is unknown. Section ignored.
### mwldeppc.exe Linker Warning:
#   Section '.ignored' is unknown. Section ignored.
### mwldeppc.exe Linker Warning:
#   Section '.ignored' is unknown. Section ignored.
### mwldeppc.exe Linker Warning:
#   Section '.ignored' is unknown. Section ignored.
### mwldeppc.exe Linker Warning:
#   Section '.ignored' is unknown. Section ignored.
### mwldeppc.exe Linker Warning:
#   Section '.ignored' is unknown. Section ignored.
### mwldeppc.exe Linker Warning:
#   Section '.ignored' is unknown. Section ignored.
### mwldeppc.exe Linker Warning:
#   Section '.ignored' is unknown. Section ignored.
### mwldeppc.exe Linker Warning:
#   Section '.ignored' is unknown. Section ignored.
### mwldeppc.exe Linker Warning:
#   Section '.ignored' is unknown. Section ignored.
### mwldeppc.exe Linker Warning:
#   Section '.ignored' is unknown. Section ignored.
### mwldeppc.exe Linker Warning:
#   Section '.ignored' is unknown. Section ignored.
### mwldeppc.exe Linker Warning:
#   Section '.ignored' is unknown. Section ignored.
### mwldeppc.exe Linker Warning:
#   Section '.ignored' is unknown. Section ignored.
### mwldeppc.exe Linker Warning:
#   Section '.ignored' is unknown. Section ignored.
### mwldeppc.exe Linker Warning:
#   Section '.ignored' is unknown. Section ignored.
### mwldeppc.exe Linker Warning:
#   Section '.ignored' is unknown. Section ignored.
### mwldeppc.exe Linker Warning:
#   Section '.ignored' is unknown. Section ignored.
### mwldeppc.exe Linker Warning:
#   Section '.ignored' is unknown. Section ignored.
### mwldeppc.exe Linker Warning:
#   Section '.ignored' is unknown. Section ignored.
### mwldeppc.exe Linker Warning:
#   Section '.ignored' is unknown. Section ignored.
### mwldeppc.exe Linker Warning:
#   Section '.ignored' is unknown. Section ignored.
### mwldeppc.exe Linker Warning:
#   Section '.ignored' is unknown. Section ignored.
### mwldeppc.exe Linker Warning:
#   Section '.ignored' is unknown. Section ignored.
### mwldeppc.exe Linker Warning:
#   Section '.ignored' is unknown. Section ignored.
### mwldeppc.exe Linker Warning:
#   Section '.ignored' is unknown. Section ignored.
### mwldeppc.exe Linker Warning:
#   Section '.ignored' is unknown. Section ignored.
### mwldeppc.exe Linker Warning:
#   Section '.ignored' is unknown. Section ignored.
### mwldeppc.exe Linker Warning:
#   Section '.ignored' is unknown. Section ignored.
### mwldeppc.exe Linker Warning:
#   Section '.ignored' is unknown. Section ignored.
### mwldeppc.exe Linker Warning:
#   Section '.ignored' is unknown. Section ignored.
### mwldeppc.exe Linker Warning:
#   Section '.ignored' is unknown. Section ignored.
### mwldeppc.exe Linker Warning:
#   Section '.ignored' is unknown. Section ignored.
### mwldeppc.exe Linker Warning:
#   Section '.ignored' is unknown. Section ignored.
### mwldeppc.exe Linker Warning:
#   Section '.ignored' is unknown. Section ignored.
### mwldeppc.exe Linker Warning:
#   Section '.ignored' is unknown. Section ignored.
### mwldeppc.exe Linker Warning:
#   Section '.ignored' is unknown. Section ignored.
### mwldeppc.exe Linker Warning:
#   Section '.ignored' is unknown. Section ignored.
### mwldeppc.exe Linker Warning:
#   Section '.ignored' is unknown. Section ignored.
### mwldeppc.exe Linker Warning:
#   Section '.ignored' is unknown. Section ignored.
### mwldeppc.exe Linker Warning:
#   Section '.ignored' is unknown. Section ignored.
### mwldeppc.exe Linker Warning:
#   Section '.ignored' is unknown. Section ignored.
### mwldeppc.exe Linker Warning:
#   Section '.ignored' is unknown. Section ignored.
### mwldeppc.exe Linker Warning:
#   Section '.ignored' is unknown. Section ignored.
### mwldeppc.exe Linker Warning:
#   Section '.ignored' is unknown. Section ignored.
### mwldeppc.exe Linker Warning:
#   Section '.ignored' is unknown. Section ignored.
### mwldeppc.exe Linker Warning:
#   Section '.ignored' is unknown. Section ignored.
### mwldeppc.exe Linker Warning:
#   Section '.ignored' is unknown. Section ignored.
### mwldeppc.exe Linker Warning:
#   Section '.ignored' is unknown. Section ignored.
### mwldeppc.exe Linker Warning:
#   Section '.ignored' is unknown. Section ignored.
### mwldeppc.exe Linker Warning:
#   Section '.ignored' is unknown. Section ignored.
### mwldeppc.exe Linker Warning:
#   Section '.ignored' is unknown. Section ignored.
### mwldeppc.exe Linker Warning:
#   Section '.ignored' is unknown. Section ignored.
### mwldeppc.exe Linker Warning:
#   Section '.ignored' is unknown. Section ignored.
### mwldeppc.exe Linker Warning:
#   Section '.ignored' is unknown. Section ignored.
### mwldeppc.exe Linker Warning:
#   Section '.ignored' is unknown. Section ignored.
### mwldeppc.exe Linker Warning:
#   Section '.ignored' is unknown. Section ignored.
### mwldeppc.exe Linker Warning:
#   Section '.ignored' is unknown. Section ignored.
### mwldeppc.exe Linker Warning:
#   Section '.ignored' is unknown. Section ignored.
### mwldeppc.exe Linker Warning:
#   Section '.ignored' is unknown. Section ignored.
### mwldeppc.exe Linker Warning:
#   Section '.ignored' is unknown. Section ignored.
### mwldeppc.exe Linker Warning:
#   Section '.ignored' is unknown. Section ignored.
### mwldeppc.exe Linker Warning:
#   Section '.ignored' is unknown. Section ignored.
### mwldeppc.exe Linker Warning:
#   Section '.ignored' is unknown. Section ignored.
### mwldeppc.exe Linker Warning:
#   Section '.ignored' is unknown. Section ignored.
### mwldeppc.exe Linker Warning:
#   Section '.ignored' is unknown. Section ignored.
### mwldeppc.exe Linker Warning:
#   Section '.ignored' is unknown. Section ignored.
### mwldeppc.exe Linker Warning:
#   Section '.ignored' is unknown. Section ignored.
### mwldeppc.exe Linker Warning:
#   Section '.ignored' is unknown. Section ignored.
### mwldeppc.exe Linker Warning:
#   Section '.ignored' is unknown. Section ignored.
### mwldeppc.exe Linker Warning:
#   Section '.ignored' is unknown. Section ignored.
### mwldeppc.exe Linker Warning:
#   Section '.ignored' is unknown. Section ignored.
### mwldeppc.exe Linker Warning:
#   Section '.ignored' is unknown. Section ignored.
### mwldeppc.exe Linker Warning:
#   Section '.ignored' is unknown. Section ignored.
### mwldeppc.exe Linker Warning:
#   Section '.ignored' is unknown. Section ignored.
### mwldeppc.exe Linker Warning:
#   Section '.ignored' is unknown. Section ignored.
### mwldeppc.exe Linker Warning:
#   Section '.ignored' is unknown. Section ignored.
### mwldeppc.exe Linker Warning:
#   Section '.ignored' is unknown. Section ignored.
### mwldeppc.exe Linker Warning:
#   Section '.ignored' is unknown. Section ignored.
### mwldeppc.exe Linker Warning:
#   Section '.ignored' is unknown. Section ignored.
### mwldeppc.exe Linker Warning:
#   Section '.ignored' is unknown. Section ignored.
### mwldeppc.exe Linker Warning:
#   Section '.ignored' is unknown. Section ignored.
### mwldeppc.exe Linker Warning:
#   Section '.ignored' is unknown. Section ignored.
### mwldeppc.exe Linker Warning:
#   Section '.ignored' is unknown. Section ignored.
### mwldeppc.exe Linker Warning:
#   Section '.ignored' is unknown. Section ignored.
### mwldeppc.exe Linker Warning:
#   Section '.ignored' is unknown. Section ignored.
### mwldeppc.exe Linker Warning:
#   Section '.ignored' is unknown. Section ignored.
### mwldeppc.exe Linker Warning:
#   Section '.ignored' is unknown. Section ignored.
### mwldeppc.exe Linker Warning:
#   Section '.ignored' is unknown. Section ignored.
### mwldeppc.exe Linker Warning:
#   Section '.ignored' is unknown. Section ignored.
### mwldeppc.exe Linker Warning:
#   Section '.ignored' is unknown. Section ignored.
### mwldeppc.exe Linker Warning:
#   Section '.ignored' is unknown. Section ignored.
### mwldeppc.exe Linker Warning:
#   Section '.ignored' is unknown. Section ignored.
### mwldeppc.exe Linker Warning:
#   Section '.ignored' is unknown. Section ignored.
### mwldeppc.exe Linker Warning:
#   Section '.ignored' is unknown. Section ignored.
### mwldeppc.exe Linker Warning:
#   Section '.ignored' is unknown. Section ignored.
### mwldeppc.exe Linker Warning:
#   Section '.ignored' is unknown. Section ignored.
### mwldeppc.exe Linker Warning:
#   Section '.ignored' is unknown. Section ignored.
### mwldeppc.exe Linker Warning:
#   Section '.ignored' is unknown. Section ignored.
### mwldeppc.exe Linker Warning:
#   Section '.ignored' is unknown. Section ignored.
### mwldeppc.exe Linker Warning:
#   Section '.ignored' is unknown. Section ignored.
### mwldeppc.exe Linker Warning:
#   Section '.ignored' is unknown. Section ignored.
### mwldeppc.exe Linker Warning:
#   Section '.ignored' is unknown. Section ignored.
### mwldeppc.exe Linker Warning:
#   Section '.ignored' is unknown. Section ignored.
### mwldeppc.exe Linker Warning:
#   Section '.ignored' is unknown. Section ignored.
### mwldeppc.exe Linker Warning:
#   Section '.ignored' is unknown. Section ignored.
### mwldeppc.exe Linker Warning:
#   Section '.ignored' is unknown. Section ignored.
### mwldeppc.exe Linker Warning:
#   Section '.ignored' is unknown. Section ignored.
### mwldeppc.exe Linker Warning:
#   Section '.ignored' is unknown. Section ignored.
### mwldeppc.exe Linker Warning:
#   Section '.ignored' is unknown. Section ignored.
### mwldeppc.exe Linker Warning:
#   Section '.ignored' is unknown. Section ignored.
### mwldeppc.exe Linker Warning:
#   Section '.ignored' is unknown. Section ignored.
### mwldeppc.exe Linker Warning:
#   Section '.ignored' is unknown. Section ignored.
### mwldeppc.exe Linker Warning:
#   Section '.ignored' is unknown. Section ignored.
### mwldeppc.exe Linker Warning:
#   Section '.ignored' is unknown. Section ignored.
### mwldeppc.exe Linker Warning:
#   Section '.ignored' is unknown. Section ignored.
### mwldeppc.exe Linker Warning:
#   Section '.ignored' is unknown. Section ignored.
### mwldeppc.exe Linker Warning:
#   Section '.ignored' is unknown. Section ignored.
### mwldeppc.exe Linker Warning:
#   Section '.ignored' is unknown. Section ignored.
### mwldeppc.exe Linker Warning:
#   Section '.ignored' is unknown. Section ignored.
### mwldeppc.exe Linker Warning:
#   Section '.ignored' is unknown. Section ignored.
### mwldeppc.exe Linker Warning:
#   Section '.ignored' is unknown. Section ignored.
### mwldeppc.exe Linker Warning:
#   Section '.ignored' is unknown. Section ignored.
### mwldeppc.exe Linker Warning:
#   Section '.ignored' is unknown. Section ignored.
### mwldeppc.exe Linker Warning:
#   Section '.ignored' is unknown. Section ignored.
### mwldeppc.exe Linker Warning:
#   Section '.ignored' is unknown. Section ignored.
### mwldeppc.exe Linker Warning:
#   Section '.ignored' is unknown. Section ignored.
### mwldeppc.exe Linker Warning:
#   Section '.ignored' is unknown. Section ignored.
### mwldeppc.exe Linker Warning:
#   Section '.ignored' is unknown. Section ignored.
### mwldeppc.exe Linker Warning:
#   Section '.ignored' is unknown. Section ignored.
### mwldeppc.exe Linker Warning:
#   Section '.ignored' is unknown. Section ignored.
### mwldeppc.exe Linker Warning:
#   Section '.ignored' is unknown. Section ignored.
### mwldeppc.exe Linker Warning:
#   Section '.ignored' is unknown. Section ignored.
### mwldeppc.exe Linker Warning:
#   Section '.ignored' is unknown. Section ignored.
### mwldeppc.exe Linker Warning:
#   Section '.ignored' is unknown. Section ignored.
### mwldeppc.exe Linker Warning:
#   Section '.ignored' is unknown. Section ignored.
### mwldeppc.exe Linker Warning:
#   Section '.ignored' is unknown. Section ignored.
### mwldeppc.exe Linker Warning:
#   Section '.ignored' is unknown. Section ignored.
### mwldeppc.exe Linker Warning:
#   Section '.ignored' is unknown. Section ignored.
### mwldeppc.exe Linker Warning:
#   Section '.ignored' is unknown. Section ignored.
### mwldeppc.exe Linker Warning:
#   Section '.ignored' is unknown. Section ignored.
### mwldeppc.exe Linker Warning:
#   Section '.ignored' is unknown. Section ignored.
### mwldeppc.exe Linker Warning:
#   Section '.ignored' is unknown. Section ignored.
### mwldeppc.exe Linker Warning:
#   Section '.ignored' is unknown. Section ignored.
### mwldeppc.exe Linker Warning:
#   Section '.ignored' is unknown. Section ignored.
### mwldeppc.exe Linker Warning:
#   Section '.ignored' is unknown. Section ignored.
### mwldeppc.exe Linker Warning:
#   Section '.ignored' is unknown. Section ignored.
### mwldeppc.exe Linker Warning:
#   Section '.ignored' is unknown. Section ignored.
### mwldeppc.exe Linker Warning:
#   Section '.ignored' is unknown. Section ignored.
### mwldeppc.exe Linker Warning:
#   Section '.ignored' is unknown. Section ignored.
### mwldeppc.exe Linker Warning:
#   Section '.ignored' is unknown. Section ignored.
### mwldeppc.exe Linker Warning:
#   Section '.ignored' is unknown. Section ignored.
### mwldeppc.exe Linker Warning:
#   Section '.ignored' is unknown. Section ignored.
### mwldeppc.exe Linker Warning:
#   Section '.ignored' is unknown. Section ignored.
### mwldeppc.exe Linker Warning:
#   Section '.ignored' is unknown. Section ignored.
### mwldeppc.exe Linker Warning:
#   Section '.ignored' is unknown. Section ignored.
### mwldeppc.exe Linker Warning:
#   Section '.ignored' is unknown. Section ignored.
### mwldeppc.exe Linker Warning:
#   Section '.ignored' is unknown. Section ignored.
### mwldeppc.exe Linker Warning:
#   Section '.ignored' is unknown. Section ignored.
### mwldeppc.exe Linker Warning:
#   Section '.ignored' is unknown. Section ignored.
### mwldeppc.exe Linker Warning:
#   Section '.ignored' is unknown. Section ignored.
### mwldeppc.exe Linker Warning:
#   Section '.ignored' is unknown. Section ignored.
### mwldeppc.exe Linker Warning:
#   Section '.ignored' is unknown. Section ignored.
### mwldeppc.exe Linker Warning:
#   Section '.ignored' is unknown. Section ignored.
### mwldeppc.exe Linker Warning:
#   Section '.ignored' is unknown. Section ignored.
### mwldeppc.exe Linker Warning:
#   Section '.ignored' is unknown. Section ignored.
### mwldeppc.exe Linker Warning:
#   Section '.ignored' is unknown. Section ignored.
### mwldeppc.exe Linker Warning:
#   Section '.ignored' is unknown. Section ignored.
### mwldeppc.exe Linker Warning:
#   Section '.ignored' is unknown. Section ignored.
### mwldeppc.exe Linker Warning:
#   Section '.ignored' is unknown. Section ignored.
### mwldeppc.exe Linker Warning:
#   Section '.ignored' is unknown. Section ignored.
### mwldeppc.exe Linker Warning:
#   Section '.ignored' is unknown. Section ignored.
### mwldeppc.exe Linker Warning:
#   Section '.ignored' is unknown. Section ignored.
### mwldeppc.exe Linker Warning:
#   Section '.ignored' is unknown. Section ignored.
[919/921] DOL build/GEDE01/main.dol
[920/921] CHECK config/GEDE01/build.sha1
build/GEDE01/main.dol: OK
[921/921] PROGRESS
Progress:
  All: 58.36% fuzzy, 49.34% matched, 49.20% linked (6314 / 7068 files)
    Code: 1135092 / 2300692 bytes (6082 / 8214 functions)
    Data: 39634 / 4305642 bytes (0.92%)
  Game Code: 94.01% fuzzy, 79.44% matched, 79.22% linked (6296 / 6633 files)
    Code: 1132064 / 1425104 bytes (6020 / 6354 functions)
    Data: 39410 / 40426 bytes (97.49%)
  SDK/Runtime: 100.00% fuzzy, 100.00% matched, 100.00% linked (18 / 18 files)
    Code: 3028 / 3028 bytes (62 / 62 functions)
    Data: 224 / 224 bytes (100.00%)
exit_code=0
$ .tools/bin/ninja -j2 build/GEDE01/src/game/game_fn_801F1A38.externalized
[1/2] MWCC build/GEDE01/src/game/game_fn_801F1A38.o
[2/2] EXTERNALIZE build/GEDE01/src/game/game_fn_801F1A38.o
exit_code=0
$ .tools/bin/ninja -t commands build/GEDE01/src/game/game_fn_801F1A38.externalized
"/usr/bin/python3" tools/download_tool.py sjiswrap build/tools/sjiswrap.exe --tag v1.2.2
tools/mwcc_wrapper.py build/tools/sjiswrap.exe compilers/GC/1.3/mwcceppc.exe -nodefaults -proc gekko -align powerpc -enum int -fp hardware -Cpp_exceptions off -O4,p -inline auto -pragma "cats off" -pragma "warn_notinlined off" -maxerrors 1 -nosyspath -RTTI off -fp_contract on -str reuse -multibyte -i include -i build/GEDE01/include -DVERSION_GEDE01 -DNDEBUG=1 -lang=c -MMD -c src/game/game_fn_801F1A38.c -o build/GEDE01/src/game && "/usr/bin/python3" tools/transform_dep.py build/GEDE01/src/game/game_fn_801F1A38.d build/GEDE01/src/game/game_fn_801F1A38.d
python3 tools/externalize_elf_symbol.py build/GEDE01/src/game/game_fn_801F1A38.o @127 lbl_80651360 orig/GEDE01/sys/main.dol --require-whole-section && build/binutils/powerpc-eabi-objcopy --redefine-sym=@127=lbl_80651360 --remove-section=.sdata2 --rename-section=.comment=.ignored build/GEDE01/src/game/game_fn_801F1A38.o && touch build/GEDE01/src/game/game_fn_801F1A38.externalized
exit_code=0
$ sha256sum compilers/GC/1.3/mwcceppc.exe src/game/game_fn_801F1A38.c
4e502c38465500d4fda8d966b268151a6c74c730508e3d9b7efd23d1a6083715  compilers/GC/1.3/mwcceppc.exe
2dec2c191c26428483b5d876bc2cff8095c29c136b88a030a2b9bccd3c80b370  src/game/game_fn_801F1A38.c
exit_code=0
$ sha1sum build/GEDE01/main.dol orig/GEDE01/sys/main.dol
ea24b6af954876ce072562ff39cdb4c81d32be1f  build/GEDE01/main.dol
ea24b6af954876ce072562ff39cdb4c81d32be1f  orig/GEDE01/sys/main.dol
exit_code=0
$ build/tools/objdiff-cli diff -p . -u main/game/game_fn_801F1A38 fn_801F1A38 -o /home/rabbit/src/darkfoundry-new/.darkfoundry/worktrees/50c29326-0acb-40d9-995f-1837de479183/eternal-darkness-decomp/reports/GEDE01/attempt-1e4bad38-468b-4a9f-9ca7-70cb57e3161d/canonical.json --format json
 INFO Writing to /home/rabbit/src/darkfoundry-new/.darkfoundry/worktrees/50c29326-0acb-40d9-995f-1837de479183/eternal-darkness-decomp/reports/GEDE01/attempt-1e4bad38-468b-4a9f-9ca7-70cb57e3161d/canonical.json
exit_code=0
canonical match_percent=98.719376
$ build/tools/objdiff-cli diff -p . -u main/game/game_fn_801F1A38 fn_801F1A38 -c function_reloc_diffs=name_address -o /home/rabbit/src/darkfoundry-new/.darkfoundry/worktrees/50c29326-0acb-40d9-995f-1837de479183/eternal-darkness-decomp/reports/GEDE01/objdiff-1e4bad38-468b-4a9f-9ca7-70cb57e3161d.json --format json
 INFO Writing to /home/rabbit/src/darkfoundry-new/.darkfoundry/worktrees/50c29326-0acb-40d9-995f-1837de479183/eternal-darkness-decomp/reports/GEDE01/objdiff-1e4bad38-468b-4a9f-9ca7-70cb57e3161d.json
exit_code=0
strict match_percent=98.719376
$ build/binutils/powerpc-eabi-readelf -rW build/GEDE01/obj/game/game_fn_801F1A38.o

Relocation section '.rela.text' at offset 0x744 contains 39 entries:
 Offset     Info    Type                Sym. Value  Symbol's Name + Addend
00000060  0000040a R_PPC_REL24            00000000   fn_801FD258 + 0
00000068  0000050a R_PPC_REL24            00000000   fn_801FD240 + 0
000000f0  0000060a R_PPC_REL24            00000000   fn_801F15D0 + 0
0000010c  0000070a R_PPC_REL24            00000000   fn_801F3FD8 + 0
0000012c  0000086d R_PPC_EMB_SDA21        00000000   lbl_8064C388 + 0
00000180  0000090a R_PPC_REL24            00000000   fn_801F1A24 + 0
000001c0  00000a0a R_PPC_REL24            00000000   fn_801F0CB0 + 0
000001dc  00000b6d R_PPC_EMB_SDA21        00000000   lbl_80651360 + 0
00000218  00000a0a R_PPC_REL24            00000000   fn_801F0CB0 + 0
0000021c  00000c6d R_PPC_EMB_SDA21        00000000   lbl_8064CB48 + 0
00000248  00000b6d R_PPC_EMB_SDA21        00000000   lbl_80651360 + 0
00000278  00000d0a R_PPC_REL24            00000000   fn_800EBA80 + 0
000002b4  00000b6d R_PPC_EMB_SDA21        00000000   lbl_80651360 + 0
00000340  00000b6d R_PPC_EMB_SDA21        00000000   lbl_80651360 + 0
000003a8  00000a0a R_PPC_REL24            00000000   fn_801F0CB0 + 0
000003ac  00000c6d R_PPC_EMB_SDA21        00000000   lbl_8064CB48 + 0
000003d8  00000b6d R_PPC_EMB_SDA21        00000000   lbl_80651360 + 0
00000408  00000d0a R_PPC_REL24            00000000   fn_800EBA80 + 0
00000454  00000e6d R_PPC_EMB_SDA21        00000000   lbl_8064D18C + 0
00000468  00000f0a R_PPC_REL24            00000000   fn_8015E4E8 + 0
00000484  0000100a R_PPC_REL24            00000000   fn_80201B3C + 0
0000049c  0000110a R_PPC_REL24            00000000   fn_80201BC8 + 0
000004a0  0000120a R_PPC_REL24            00000000   fn_8011FB4C + 0
000004dc  00000b6d R_PPC_EMB_SDA21        00000000   lbl_80651360 + 0
00000528  00000a0a R_PPC_REL24            00000000   fn_801F0CB0 + 0
0000054c  00000a0a R_PPC_REL24            00000000   fn_801F0CB0 + 0
00000554  00000c6d R_PPC_EMB_SDA21        00000000   lbl_8064CB48 + 0
00000580  00000b6d R_PPC_EMB_SDA21        00000000   lbl_80651360 + 0
000005b0  00000d0a R_PPC_REL24            00000000   fn_800EBA80 + 0
000005d8  0000136d R_PPC_EMB_SDA21        00000000   lbl_8065134C + 0
000005e0  0000146d R_PPC_EMB_SDA21        00000000   lbl_806513C0 + 0
00000630  00000a0a R_PPC_REL24            00000000   fn_801F0CB0 + 0
00000634  00000c6d R_PPC_EMB_SDA21        00000000   lbl_8064CB48 + 0
00000640  0000156d R_PPC_EMB_SDA21        00000000   lbl_806513BC + 0
00000648  0000166d R_PPC_EMB_SDA21        00000000   lbl_806513C4 + 0
0000065c  00000d0a R_PPC_REL24            00000000   fn_800EBA80 + 0
0000066c  00000b6d R_PPC_EMB_SDA21        00000000   lbl_80651360 + 0
000006b0  00000d0a R_PPC_REL24            00000000   fn_800EBA80 + 0
000006d8  0000170a R_PPC_REL24            00000000   fn_801F10BC + 0
exit_code=0
$ build/binutils/powerpc-eabi-readelf -rW build/GEDE01/src/game/game_fn_801F1A38.o

Relocation section '.rela.text' at offset 0xac4 contains 39 entries:
 Offset     Info    Type                Sym. Value  Symbol's Name + Addend
00000060  00000b0a R_PPC_REL24            00000000   fn_801FD258 + 0
00000068  00000c0a R_PPC_REL24            00000000   fn_801FD240 + 0
000000f0  00000d0a R_PPC_REL24            00000000   fn_801F15D0 + 0
0000010c  00000e0a R_PPC_REL24            00000000   fn_801F3FD8 + 0
0000012c  0000046d R_PPC_EMB_SDA21        00000000   lbl_8064C388 + 0
00000180  00000f0a R_PPC_REL24            00000000   fn_801F1A24 + 0
000001c0  0000100a R_PPC_REL24            00000000   fn_801F0CB0 + 0
000001dc  0000036d R_PPC_EMB_SDA21        00000000   lbl_80651360 + 0
00000218  0000100a R_PPC_REL24            00000000   fn_801F0CB0 + 0
0000021c  0000056d R_PPC_EMB_SDA21        00000000   lbl_8064CB48 + 0
00000248  0000036d R_PPC_EMB_SDA21        00000000   lbl_80651360 + 0
00000278  0000110a R_PPC_REL24            00000000   fn_800EBA80 + 0
000002b4  0000036d R_PPC_EMB_SDA21        00000000   lbl_80651360 + 0
00000340  0000036d R_PPC_EMB_SDA21        00000000   lbl_80651360 + 0
000003a8  0000100a R_PPC_REL24            00000000   fn_801F0CB0 + 0
000003ac  0000056d R_PPC_EMB_SDA21        00000000   lbl_8064CB48 + 0
000003d8  0000036d R_PPC_EMB_SDA21        00000000   lbl_80651360 + 0
00000408  0000110a R_PPC_REL24            00000000   fn_800EBA80 + 0
00000454  0000066d R_PPC_EMB_SDA21        00000000   lbl_8064D18C + 0
00000468  0000120a R_PPC_REL24            00000000   fn_8015E4E8 + 0
00000484  0000130a R_PPC_REL24            00000000   fn_80201B3C + 0
0000049c  0000140a R_PPC_REL24            00000000   fn_80201BC8 + 0
000004a0  0000150a R_PPC_REL24            00000000   fn_8011FB4C + 0
000004dc  0000036d R_PPC_EMB_SDA21        00000000   lbl_80651360 + 0
00000528  0000100a R_PPC_REL24            00000000   fn_801F0CB0 + 0
0000054c  0000100a R_PPC_REL24            00000000   fn_801F0CB0 + 0
00000554  0000056d R_PPC_EMB_SDA21        00000000   lbl_8064CB48 + 0
00000580  0000036d R_PPC_EMB_SDA21        00000000   lbl_80651360 + 0
000005b0  0000110a R_PPC_REL24            00000000   fn_800EBA80 + 0
000005d8  0000076d R_PPC_EMB_SDA21        00000000   lbl_8065134C + 0
000005e0  0000086d R_PPC_EMB_SDA21        00000000   lbl_806513C0 + 0
00000630  0000100a R_PPC_REL24            00000000   fn_801F0CB0 + 0
00000634  0000056d R_PPC_EMB_SDA21        00000000   lbl_8064CB48 + 0
00000640  0000096d R_PPC_EMB_SDA21        00000000   lbl_806513BC + 0
00000648  00000a6d R_PPC_EMB_SDA21        00000000   lbl_806513C4 + 0
0000065c  0000110a R_PPC_REL24            00000000   fn_800EBA80 + 0
0000066c  0000036d R_PPC_EMB_SDA21        00000000   lbl_80651360 + 0
000006b0  0000110a R_PPC_REL24            00000000   fn_800EBA80 + 0
000006d8  0000160a R_PPC_REL24            00000000   fn_801F10BC + 0
exit_code=0
PASS: all 39 relocation offsets, types, symbol names, symbol values, and addends agree.
NonMatching candidate is excluded from the DOL link; hash validates the canonical link, not candidate inclusion.
