[1/933] MWCC build/GEDE01/src/game/game_fn_80008014.o
[2/933] MWCC build/GEDE01/src/game/game_fn_800094C0.o
[3/933] MWCC build/GEDE01/src/game/game_fn_800096E0.o
[4/933] MWCC build/GEDE01/src/game/game_fn_800098C0.o
[5/933] MWCC build/GEDE01/src/game/game_fn_800099D8.o
[6/933] MWCC build/GEDE01/src/game/game_fn_80009AB4.o
[7/933] MWCC build/GEDE01/src/game/game_fn_8000AC88.o
[8/933] MWCC build/GEDE01/src/game/game_fn_8000A26C.o
[9/933] MWCC build/GEDE01/src/game/game_fn_8000AEB4.o
[10/933] MWCC build/GEDE01/src/game/game_fn_8000AFB4.o
[11/933] MWCC build/GEDE01/src/game/game_fn_8000B1B8.o
[12/933] MWCC build/GEDE01/src/game/game_fn_8000B36C.o
[13/933] MWCC build/GEDE01/src/game/game_fn_8000B630.o
[14/933] MWCC build/GEDE01/src/game/game_fn_8000B7FC.o
[15/933] MWCC build/GEDE01/src/game/game_fn_8000B900.o
[16/933] MWCC build/GEDE01/src/game/game_fn_8000BA0C.o
[17/933] MWCC build/GEDE01/src/game/game_fn_8000BC40.o
[18/933] MWCC build/GEDE01/src/game/game_fn_8000BAA0.o
[19/933] MWCC build/GEDE01/src/game/game_fn_8000C06C.o
[20/933] MWCC build/GEDE01/src/game/game_fn_8000C17C.o
[21/933] MWCC build/GEDE01/src/game/game_fn_8000C848.o
[22/933] MWCC build/GEDE01/src/game/game_fn_8000C400.o
[23/933] MWCC build/GEDE01/src/game/game_fn_8000C91C.o
[24/933] MWCC build/GEDE01/src/game/game_fn_8000D0BC.o
[25/933] MWCC build/GEDE01/src/game/game_fn_8000D3D4.o
[26/933] MWCC build/GEDE01/src/game/game_fn_8000D590.o
[27/933] MWCC build/GEDE01/src/game/game_fn_8000D8A4.o
[28/933] MWCC build/GEDE01/src/game/game_fn_8000DA50.o
[29/933] MWCC build/GEDE01/src/game/game_fn_8000DAF4.o
[30/933] MWCC build/GEDE01/src/game/game_fn_8000E054.o
[31/933] MWCC build/GEDE01/src/game/game_fn_8000E0AC.o
[32/933] MWCC build/GEDE01/src/game/game_fn_8000E138.o
[33/933] MWCC build/GEDE01/src/game/game_fn_8000E1C4.o
[34/933] MWCC build/GEDE01/src/game/game_fn_8000E96C.o
[35/933] MWCC build/GEDE01/src/game/game_fn_8000EBD4.o
[36/933] MWCC build/GEDE01/src/game/game_fn_8000EB14.o
[37/933] MWCC build/GEDE01/src/game/game_fn_8000ED44.o
[38/933] MWCC build/GEDE01/src/game/game_fn_8000EFC4.o
[39/933] MWCC build/GEDE01/src/game/game_fn_8000F4B0.o
[40/933] MWCC build/GEDE01/src/game/game_fn_8000F774.o
[41/933] MWCC build/GEDE01/src/game/game_fn_8000FDE8.o
[42/933] MWCC build/GEDE01/src/game/game_fn_8000FFD8.o
[43/933] MWCC build/GEDE01/src/game/game_fn_800119FC.o
[44/933] MWCC build/GEDE01/src/game/game_fn_80012DA8.o
[45/933] MWCC build/GEDE01/src/game/game_fn_80012F40.o
[46/933] MWCC build/GEDE01/src/game/game_fn_80012FD0.o
[47/933] MWCC build/GEDE01/src/game/game_fn_800131E8.o
[48/933] MWCC build/GEDE01/src/game/game_fn_80013340.o
[49/933] MWCC build/GEDE01/src/game/game_fn_80013870.o
[50/933] MWCC build/GEDE01/src/game/game_fn_80013CB0.o
[51/933] MWCC build/GEDE01/src/game/game_fn_80013D54.o
[52/933] MWCC build/GEDE01/src/game/game_fn_800142DC.o
[53/933] MWCC build/GEDE01/src/game/game_fn_800144CC.o
[54/933] MWCC build/GEDE01/src/game/game_fn_80014784.o
[55/933] MWCC build/GEDE01/src/game/game_fn_800149D4.o
[56/933] MWCC build/GEDE01/src/game/game_fn_80015058.o
[57/933] MWCC build/GEDE01/src/game/game_fn_80015320.o
[58/933] MWCC build/GEDE01/src/game/game_fn_80015568.o
[59/933] MWCC build/GEDE01/src/game/game_fn_800156FC.o
[60/933] MWCC build/GEDE01/src/game/game_fn_80015BE0.o
[61/933] MWCC build/GEDE01/src/game/game_fn_80015D40.o
[62/933] MWCC build/GEDE01/src/game/game_fn_80015F04.o
[63/933] MWCC build/GEDE01/src/game/game_fn_80016128.o
[64/933] MWCC build/GEDE01/src/game/game_fn_80016270.o
[65/933] MWCC build/GEDE01/src/game/game_fn_80016904.o
[66/933] MWCC build/GEDE01/src/game/game_fn_80016B24.o
[67/933] MWCC build/GEDE01/src/game/game_fn_800171C0.o
[68/933] MWCC build/GEDE01/src/game/game_fn_800173CC.o
[69/933] MWCC build/GEDE01/src/game/game_fn_800176F0.o
[70/933] MWCC build/GEDE01/src/game/game_fn_80017910.o
[71/933] MWCC build/GEDE01/src/game/game_fn_800179AC.o
[72/933] MWCC build/GEDE01/src/game/game_fn_80017A3C.o
[73/933] MWCC build/GEDE01/src/game/game_fn_80017AE4.o
[74/933] MWCC build/GEDE01/src/game/game_fn_80017C3C.o
[75/933] MWCC build/GEDE01/src/game/game_fn_80017CC8.o
[76/933] MWCC build/GEDE01/src/game/game_fn_80017DB0.o
[77/933] MWCC build/GEDE01/src/game/game_fn_80019054.o
[78/933] MWCC build/GEDE01/src/game/game_fn_80018EF4.o
[79/933] MWCC build/GEDE01/src/game/game_fn_80019244.o
[80/933] MWCC build/GEDE01/src/game/game_fn_800194D0.o
[81/933] MWCC build/GEDE01/src/game/game_fn_80019C10.o
[82/933] MWCC build/GEDE01/src/game/game_fn_80019940.o
[83/933] MWCC build/GEDE01/src/game/game_fn_80019F98.o
[84/933] MWCC build/GEDE01/src/game/game_fn_80019D2C.o
[85/933] MWCC build/GEDE01/src/game/game_fn_8001AAB8.o
[86/933] MWCC build/GEDE01/src/game/game_fn_8001A6C4.o
[87/933] MWCC build/GEDE01/src/game/game_fn_8001AF68.o
[88/933] MWCC build/GEDE01/src/game/game_fn_8001ADF8.o
[89/933] MWCC build/GEDE01/src/game/game_fn_8001B294.o
[90/933] MWCC build/GEDE01/src/game/game_fn_8001B124.o
[91/933] MWCC build/GEDE01/src/game/game_fn_8001B808.o
[92/933] MWCC build/GEDE01/src/game/game_fn_8001B874.o
[93/933] MWCC build/GEDE01/src/game/game_fn_8001CA04.o
[94/933] MWCC build/GEDE01/src/game/game_fn_8001C078.o
[95/933] MWCC build/GEDE01/src/game/game_fn_8001CD58.o
[96/933] MWCC build/GEDE01/src/game/game_fn_8001CE94.o
[97/933] MWCC build/GEDE01/src/game/game_fn_8001E644.o
[98/933] MWCC build/GEDE01/src/game/game_fn_8001FE1C.o
[99/933] MWCC build/GEDE01/src/game/game_fn_80020E94.o
[100/933] MWCC build/GEDE01/src/game/game_fn_80024F28.o
[101/933] MWCC build/GEDE01/src/game/game_fn_800272B4.o
[102/933] MWCC build/GEDE01/src/game/game_fn_8002B748.o
[103/933] MWCC build/GEDE01/src/game/game_fn_8002DAE0.o
[104/933] MWCC build/GEDE01/src/game/game_fn_8002E3F0.o
[105/933] MWCC build/GEDE01/src/game/game_fn_8002EA68.o
[106/933] MWCC build/GEDE01/src/game/game_fn_8002F428.o
[107/933] MWCC build/GEDE01/src/game/game_fn_80031544.o
[108/933] MWCC build/GEDE01/src/game/game_fn_8003232C.o
[109/933] MWCC build/GEDE01/src/game/game_fn_80032B84.o
[110/933] MWCC build/GEDE01/src/game/game_fn_80033038.o
[111/933] MWCC build/GEDE01/src/game/game_fn_80033180.o
[112/933] MWCC build/GEDE01/src/game/game_fn_800359A0.o
[113/933] MWCC build/GEDE01/src/game/game_fn_800361F8.o
[114/933] MWCC build/GEDE01/src/game/game_fn_80036C40.o
[115/933] MWCC build/GEDE01/src/game/game_fn_80038878.o
[116/933] MWCC build/GEDE01/src/game/game_fn_80048ADC.o
[117/933] MWCC build/GEDE01/src/game/game_fn_80048B24.o
[118/933] MWCC build/GEDE01/src/game/game_fn_8004998C.o
[119/933] MWCC build/GEDE01/src/game/game_fn_80050B08.o
[120/933] MWCC build/GEDE01/src/game/game_fn_80052310.o
[121/933] MWCC build/GEDE01/src/game/game_fn_800542D0.o
[122/933] MWCC build/GEDE01/src/game/game_fn_8005EC6C.o
[123/933] MWCC build/GEDE01/src/game/game_fn_8005EE9C.o
[124/933] MWCC build/GEDE01/src/game/game_data_80239E10.o
[125/933] MWCC build/GEDE01/src/game/game_data_80239E18.o
[126/933] MWCC build/GEDE01/src/game/game_fn_8005FD84.o
[127/933] MWCC build/GEDE01/src/game/game_fn_80066888.o
[128/933] MWCC build/GEDE01/src/game/game_fn_80066E78.o
[129/933] MWCC build/GEDE01/src/game/game_fn_8006B0F0.o
[130/933] MWCC build/GEDE01/src/game/game_fn_8006B620.o
[131/933] MWCC build/GEDE01/src/game/game_fn_8006E53C.o
[132/933] MWCC build/GEDE01/src/game/game_fn_80071A58.o
[133/933] MWCC build/GEDE01/src/game/game_fn_80074310.o
[134/933] MWCC build/GEDE01/src/game/game_fn_80078500.o
[135/933] MWCC build/GEDE01/src/game/game_fn_80079908.o
[136/933] MWCC build/GEDE01/src/game/game_fn_80079AA4.o
[137/933] MWCC build/GEDE01/src/game/game_fn_8007B2F4.o
[138/933] MWCC build/GEDE01/src/game/game_fn_8007B540.o
[139/933] MWCC build/GEDE01/src/game/game_fn_8007B640.o
[140/933] MWCC build/GEDE01/src/game/game_fn_8007B828.o
[141/933] MWCC build/GEDE01/src/game/game_fn_8007BA3C.o
[142/933] MWCC build/GEDE01/src/game/game_fn_8007D4D8.o
[143/933] MWCC build/GEDE01/src/game/game_fn_8007F770.o
[144/933] MWCC build/GEDE01/src/game/game_fn_800886D8.o
[145/933] MWCC build/GEDE01/src/game/game_fn_80088F4C.o
[146/933] MWCC build/GEDE01/src/game/game_fn_80089A34.o
[147/933] MWCC build/GEDE01/src/game/game_fn_8008A2E0.o
[148/933] MWCC build/GEDE01/src/game/game_fn_8008F224.o
[149/933] MWCC build/GEDE01/src/game/game_fn_8008F890.o
[150/933] MWCC build/GEDE01/src/game/game_fn_80090004.o
[151/933] MWCC build/GEDE01/src/game/game_fn_800934A0.o
[152/933] MWCC build/GEDE01/src/game/game_fn_80095D10.o
[153/933] MWCC build/GEDE01/src/game/game_fn_80095E64.o
[154/933] MWCC build/GEDE01/src/game/game_fn_80095FDC.o
[155/933] MWCC build/GEDE01/src/game/game_fn_80096830.o
[156/933] MWCC build/GEDE01/src/game/game_fn_8009C424.o
[157/933] MWCC build/GEDE01/src/game/game_fn_8009E808.o
[158/933] MWCC build/GEDE01/src/game/game_fn_800A2130.o
[159/933] MWCC build/GEDE01/src/game/game_fn_800A2FCC.o
[160/933] MWCC build/GEDE01/src/game/game_fn_800A2B8C.o
[161/933] MWCC build/GEDE01/src/game/game_fn_800A3894.o
[162/933] MWCC build/GEDE01/src/game/game_fn_800A3180.o
[163/933] MWCC build/GEDE01/src/game/game_fn_800A4428.o
[164/933] MWCC build/GEDE01/src/game/game_fn_800A4798.o
[165/933] MWCC build/GEDE01/src/game/game_fn_800A7E88.o
[166/933] MWCC build/GEDE01/src/game/game_fn_800AF230.o
[167/933] MWCC build/GEDE01/src/game/game_fn_800B2EC0.o
[168/933] MWCC build/GEDE01/src/game/game_fn_800BB5C4.o
[169/933] MWCC build/GEDE01/src/game/game_fn_800BB7A8.o
[170/933] MWCC build/GEDE01/src/game/game_fn_800BB9A4.o
[171/933] MWCC build/GEDE01/src/game/game_fn_800BBAF0.o
[172/933] MWCC build/GEDE01/src/game/game_fn_800C030C.o
[173/933] MWCC build/GEDE01/src/game/game_fn_800C17EC.o
[174/933] MWCC build/GEDE01/src/game/game_fn_800C59F0.o
[175/933] MWCC build/GEDE01/src/game/game_fn_800C644C.o
[176/933] MWCC build/GEDE01/src/game/game_fn_800C65FC.o
[177/933] MWCC build/GEDE01/src/game/game_fn_800C9C60.o
[178/933] MWCC build/GEDE01/src/game/game_fn_800CB760.o
[179/933] MWCC build/GEDE01/src/game/game_fn_800CF598.o
[180/933] MWCC build/GEDE01/src/game/game_fn_800CB8F4.o
[181/933] MWCC build/GEDE01/src/game/game_fn_800D9064.o
[182/933] MWCC build/GEDE01/src/game/game_fn_800D9E10.o
[183/933] MWCC build/GEDE01/src/game/game_fn_800E4980.o
[184/933] MWCC build/GEDE01/src/game/game_fn_800DC4D4.o
[185/933] MWCC build/GEDE01/src/game/game_TRK_main.o
[186/933] MWCC build/GEDE01/src/game/game_TRKNubWelcome.o
[187/933] MWCC build/GEDE01/src/game/game_InitMetroTRKCommTable.o
[188/933] MWCC build/GEDE01/src/game/game_fn_800FD0C8.o
[189/933] MWCC build/GEDE01/src/game/game_fn_8010242C.o
[190/933] MWCC build/GEDE01/src/game/game_fn_801098C0.o
[191/933] MWCC build/GEDE01/src/game/game_fn_8010F184.o
[192/933] MWCC build/GEDE01/src/game/game_fn_801126E0.o
[193/933] MWCC build/GEDE01/src/game/game_fn_801141B8.o
[194/933] MWCC build/GEDE01/src/game/game_fn_801128E4.o
[195/933] MWCC build/GEDE01/src/game/game_fn_8011F140.o
[196/933] MWCC build/GEDE01/src/game/game_fn_80119C70.o
[197/933] MWCC build/GEDE01/src/game/game_fn_801247F8.o
[198/933] MWCC build/GEDE01/src/game/game_fn_80126A00.o
[199/933] MWCC build/GEDE01/src/game/game_fn_8012DB28.o
[200/933] MWCC build/GEDE01/src/game/game_fn_8012976C.o
[201/933] MWCC build/GEDE01/src/game/game_fn_8013D6A4.o
[202/933] MWCC build/GEDE01/src/game/game_fn_8013CBE4.o
[203/933] MWCC build/GEDE01/src/game/game_fn_8014549C.o
[204/933] MWCC build/GEDE01/src/game/game_fn_8013DB8C.o
[205/933] MWCC build/GEDE01/src/game/game_fn_8014AF38.o
[206/933] MWCC build/GEDE01/src/game/game_fn_8014B494.o
[207/933] MWCC build/GEDE01/src/game/game_fn_8014CA98.o
[208/933] MWCC build/GEDE01/src/game/game_fn_8014BA14.o
[209/933] MWCC build/GEDE01/src/game/game_fn_801535D8.o
[210/933] MWCC build/GEDE01/src/game/game_fn_80150A24.o
[211/933] MWCC build/GEDE01/src/game/game_fn_80153898.o
[212/933] MWCC build/GEDE01/src/game/game_fn_80153A24.o
[213/933] MWCC build/GEDE01/src/game/game_fn_80154F74.o
[214/933] MWCC build/GEDE01/src/game/game_fn_80155814.o
[215/933] MWCC build/GEDE01/src/game/game_fn_80157C0C.o
[216/933] MWCC build/GEDE01/src/game/game_fn_80158B20.o
[217/933] MWCC build/GEDE01/src/game/game_fn_80158D38.o
[218/933] MWCC build/GEDE01/src/game/game_fn_8015DB84.o
[219/933] MWCC build/GEDE01/src/game/game_fn_8015EDC0.o
[220/933] MWCC build/GEDE01/src/game/game_fn_8015DC54.o
[221/933] MWCC build/GEDE01/src/game/game_fn_80167454.o
[222/933] MWCC build/GEDE01/src/game/game_fn_80167B5C.o
[223/933] MWCC build/GEDE01/src/game/game_fn_80169650.o
[224/933] MWCC build/GEDE01/src/game/game_fn_8016BD0C.o
[225/933] MWCC build/GEDE01/src/game/game_fn_8016BF60.o
[226/933] MWCC build/GEDE01/src/game/game_fn_8016BE1C.o
[227/933] MWCC build/GEDE01/src/game/game_fn_8016C0BC.o
[228/933] MWCC build/GEDE01/src/game/game_fn_8016C164.o
[229/933] MWCC build/GEDE01/src/game/game_fn_8016C4BC.o
[230/933] MWCC build/GEDE01/src/game/game_fn_8016C238.o
[231/933] MWCC build/GEDE01/src/game/game_fn_8016C774.o
[232/933] MWCC build/GEDE01/src/game/game_fn_8016D040.o
[233/933] MWCC build/GEDE01/src/game/game_fn_8016D1F8.o
[234/933] MWCC build/GEDE01/src/game/game_fn_8016D2B8.o
[235/933] MWCC build/GEDE01/src/game/game_fn_8016D9C0.o
[236/933] MWCC build/GEDE01/src/game/game_fn_8016DF4C.o
[237/933] MWCC build/GEDE01/src/game/game_fn_8016FEF8.o
[238/933] MWCC build/GEDE01/src/game/game_fn_8016E8F8.o
[239/933] MWCC build/GEDE01/src/game/game_fn_8017038C.o
[240/933] MWCC build/GEDE01/src/game/game_fn_801704F8.o
[241/933] MWCC build/GEDE01/src/game/game_fn_801706DC.o
[242/933] MWCC build/GEDE01/src/game/game_fn_80170A40.o
[243/933] MWCC build/GEDE01/src/game/game_fn_80170DF4.o
[244/933] MWCC build/GEDE01/src/game/game_fn_80170E9C.o
[245/933] MWCC build/GEDE01/src/game/game_fn_8017138C.o
[246/933] MWCC build/GEDE01/src/game/game_fn_80171664.o
[247/933] MWCC build/GEDE01/src/game/game_fn_801718F4.o
[248/933] MWCC build/GEDE01/src/game/game_fn_801719B4.o
[249/933] MWCC build/GEDE01/src/game/game_fn_80171F30.o
[250/933] MWCC build/GEDE01/src/game/game_fn_8017250C.o
[251/933] MWCC build/GEDE01/src/game/game_fn_80172BB0.o
[252/933] MWCC build/GEDE01/src/game/game_fn_801726EC.o
[253/933] MWCC build/GEDE01/src/game/game_fn_80172C78.o
[254/933] MWCC build/GEDE01/src/game/game_fn_80172DB8.o
[255/933] MWCC build/GEDE01/src/game/game_fn_80173270.o
[256/933] MWCC build/GEDE01/src/game/game_fn_801734B4.o
[257/933] MWCC build/GEDE01/src/game/game_fn_80173BDC.o
[258/933] MWCC build/GEDE01/src/game/game_fn_80173770.o
[259/933] MWCC build/GEDE01/src/game/game_fn_80173F04.o
[260/933] MWCC build/GEDE01/src/game/game_fn_80173D44.o
[261/933] MWCC build/GEDE01/src/game/game_fn_80174184.o
[262/933] MWCC build/GEDE01/src/game/game_fn_80174358.o
[263/933] MWCC build/GEDE01/src/game/game_fn_80174F2C.o
[264/933] MWCC build/GEDE01/src/game/game_fn_801752B0.o
[265/933] MWCC build/GEDE01/src/game/game_fn_80175A08.o
[266/933] MWCC build/GEDE01/src/game/game_fn_8017553C.o
[267/933] MWCC build/GEDE01/src/game/game_fn_80175E64.o
[268/933] MWCC build/GEDE01/src/game/game_fn_80175F0C.o
[269/933] MWCC build/GEDE01/src/game/game_fn_80176098.o
[270/933] MWCC build/GEDE01/src/game/game_fn_80175FD4.o
[271/933] MWCC build/GEDE01/src/game/game_fn_80176220.o
[272/933] MWCC build/GEDE01/src/game/game_fn_80176160.o
[273/933] MWCC build/GEDE01/src/game/game_fn_801762E8.o
[274/933] MWCC build/GEDE01/src/game/game_fn_8017652C.o
[275/933] MWCC build/GEDE01/src/game/game_fn_80176DF4.o
[276/933] MWCC build/GEDE01/src/game/game_fn_80176FA0.o
[277/933] MWCC build/GEDE01/src/game/game_fn_801770F8.o
[278/933] MWCC build/GEDE01/src/game/game_fn_8017718C.o
[279/933] MWCC build/GEDE01/src/game/game_fn_80178F88.o
[280/933] MWCC build/GEDE01/src/game/game_fn_80177434.o
[281/933] MWCC build/GEDE01/src/game/game_fn_80179398.o
[282/933] MWCC build/GEDE01/src/game/game_fn_8017960C.o
[283/933] MWCC build/GEDE01/src/game/game_fn_8017974C.o
[284/933] MWCC build/GEDE01/src/game/game_fn_80179904.o
[285/933] MWCC build/GEDE01/src/game/game_fn_80179A18.o
[286/933] MWCC build/GEDE01/src/game/game_fn_80179A74.o
[287/933] MWCC build/GEDE01/src/game/game_fn_80179EB8.o
[288/933] MWCC build/GEDE01/src/game/game_fn_80179F20.o
[289/933] MWCC build/GEDE01/src/game/game_fn_8017A010.o
[290/933] MWCC build/GEDE01/src/game/game_fn_8017A12C.o
[291/933] MWCC build/GEDE01/src/game/game_fn_8017A1C0.o
[292/933] MWCC build/GEDE01/src/game/game_fn_8017A9B8.o
[293/933] MWCC build/GEDE01/src/game/game_fn_8017AC20.o
[294/933] MWCC build/GEDE01/src/game/game_fn_8017E850.o
[295/933] MWCC build/GEDE01/src/game/game_fn_8017E958.o
[296/933] MWCC build/GEDE01/src/game/game_fn_80180DDC.o
[297/933] MWCC build/GEDE01/src/game/game_fn_801810A0.o
[298/933] MWCC build/GEDE01/src/game/game_fn_801816D4.o
[299/933] MWCC build/GEDE01/src/game/game_fn_801859FC.o
[300/933] MWCC build/GEDE01/src/game/game_fn_80185AE8.o
[301/933] MWCC build/GEDE01/src/game/game_fn_80185F10.o
[302/933] MWCC build/GEDE01/src/game/game_fn_801861C4.o
[303/933] MWCC build/GEDE01/src/game/game_fn_801865EC.o
[304/933] MWCC build/GEDE01/src/game/game_fn_8018680C.o
[305/933] MWCC build/GEDE01/src/game/game_fn_80186E10.o
[306/933] MWCC build/GEDE01/src/game/game_fn_80186F70.o
[307/933] MWCC build/GEDE01/src/game/game_fn_80187120.o
[308/933] MWCC build/GEDE01/src/game/game_fn_80187320.o
[309/933] MWCC build/GEDE01/src/game/game_fn_801875FC.o
[310/933] MWCC build/GEDE01/src/game/game_fn_801878E0.o
[311/933] MWCC build/GEDE01/src/game/game_fn_80187BB4.o
[312/933] MWCC build/GEDE01/src/game/game_fn_80187E40.o
[313/933] MWCC build/GEDE01/src/game/game_fn_80188A7C.o
[314/933] MWCC build/GEDE01/src/game/game_fn_80188B44.o
[315/933] MWCC build/GEDE01/src/game/game_fn_80188C1C.o
[316/933] MWCC build/GEDE01/src/game/game_fn_80188E28.o
[317/933] MWCC build/GEDE01/src/game/game_fn_80189028.o
[318/933] MWCC build/GEDE01/src/game/game_fn_801891D8.o
[319/933] MWCC build/GEDE01/src/game/game_fn_80189390.o
[320/933] MWCC build/GEDE01/src/game/game_fn_801895E8.o
[321/933] MWCC build/GEDE01/src/game/game_fn_801896A0.o
[322/933] MWCC build/GEDE01/src/game/game_fn_80189760.o
[323/933] MWCC build/GEDE01/src/game/game_fn_80189968.o
[324/933] MWCC build/GEDE01/src/game/game_fn_80189C14.o
[325/933] MWCC build/GEDE01/src/game/game_fn_8018C2D0.o
[326/933] MWCC build/GEDE01/src/game/game_fn_8018D1F0.o
[327/933] MWCC build/GEDE01/src/game/game_fn_8018D2E0.o
[328/933] MWCC build/GEDE01/src/game/game_fn_8018D400.o
[329/933] MWCC build/GEDE01/src/game/game_fn_8018D688.o
[330/933] MWCC build/GEDE01/src/game/game_fn_8018DC24.o
[331/933] MWCC build/GEDE01/src/game/game_fn_8018E0D8.o
[332/933] MWCC build/GEDE01/src/game/game_fn_8018F1D0.o
[333/933] MWCC build/GEDE01/src/game/game_fn_8018F81C.o
[334/933] MWCC build/GEDE01/src/game/game_fn_8019120C.o
[335/933] MWCC build/GEDE01/src/game/game_fn_8018FEDC.o
[336/933] MWCC build/GEDE01/src/game/game_fn_80191360.o
[337/933] MWCC build/GEDE01/src/game/game_fn_801916D0.o
[338/933] MWCC build/GEDE01/src/game/game_fn_8019197C.o
[339/933] MWCC build/GEDE01/src/game/game_fn_80191F58.o
[340/933] MWCC build/GEDE01/src/game/game_fn_801926EC.o
[341/933] MWCC build/GEDE01/src/game/game_fn_801929A4.o
[342/933] MWCC build/GEDE01/src/game/game_fn_80192F54.o
[343/933] MWCC build/GEDE01/src/game/game_fn_801931C4.o
[344/933] MWCC build/GEDE01/src/game/game_fn_80193E1C.o
[345/933] MWCC build/GEDE01/src/game/game_fn_80193F3C.o
[346/933] MWCC build/GEDE01/src/game/game_fn_80194F80.o
[347/933] MWCC build/GEDE01/src/game/game_fn_801952E8.o
[348/933] MWCC build/GEDE01/src/game/game_fn_80197910.o
[349/933] MWCC build/GEDE01/src/game/game_fn_80198154.o
[350/933] MWCC build/GEDE01/src/game/game_fn_80198AAC.o
[351/933] MWCC build/GEDE01/src/game/game_fn_80198BF4.o
[352/933] MWCC build/GEDE01/src/game/game_fn_801991E0.o
[353/933] MWCC build/GEDE01/src/game/game_fn_8019B1BC.o
[354/933] MWCC build/GEDE01/src/game/game_fn_8019CC28.o
[355/933] MWCC build/GEDE01/src/game/game_fn_8019CFC4.o
[356/933] MWCC build/GEDE01/src/game/game_fn_8019E5E4.o
[357/933] MWCC build/GEDE01/src/game/game_fn_8019E8C8.o
[358/933] MWCC build/GEDE01/src/game/game_fn_801A1F18.o
[359/933] MWCC build/GEDE01/src/game/game_fn_801A1F8C.o
[360/933] MWCC build/GEDE01/src/game/game_fn_801A2A54.o
[361/933] MWCC build/GEDE01/src/game/game_fn_801A34BC.o
[362/933] MWCC build/GEDE01/src/game/game_fn_801A3A78.o
[363/933] MWCC build/GEDE01/src/game/game_fn_801A4430.o
[364/933] MWCC build/GEDE01/src/game/game_fn_801A4CE0.o
[365/933] MWCC build/GEDE01/src/game/game_fn_801A5FB0.o
[366/933] MWCC build/GEDE01/src/game/game_fn_801A6410.o
[367/933] MWCC build/GEDE01/src/game/game_fn_801A657C.o
[368/933] MWCC build/GEDE01/src/game/game_fn_801A6ADC.o
[369/933] MWCC build/GEDE01/src/game/game_fn_801A6C58.o
[370/933] MWCC build/GEDE01/src/game/game_fn_801A6CB4.o
[371/933] MWCC build/GEDE01/src/game/game_fn_801A7E04.o
[372/933] MWCC build/GEDE01/src/game/game_fn_801A7EA8.o
[373/933] MWCC build/GEDE01/src/game/game_fn_801A93E8.o
[374/933] MWCC build/GEDE01/src/game/game_fn_801AB154.o
[375/933] MWCC build/GEDE01/src/game/game_fn_801ABD3C.o
[376/933] MWCC build/GEDE01/src/game/game_fn_801AC8AC.o
[377/933] MWCC build/GEDE01/src/game/game_fn_801ACFE8.o
[378/933] MWCC build/GEDE01/src/game/game_fn_801AD08C.o
[379/933] MWCC build/GEDE01/src/game/game_fn_801AFA74.o
[380/933] MWCC build/GEDE01/src/game/game_fn_801B02F0.o
[381/933] MWCC build/GEDE01/src/game/game_fn_801B1BA0.o
[382/933] MWCC build/GEDE01/src/game/game_fn_801B35BC.o
[383/933] MWCC build/GEDE01/src/game/game_fn_801B46C8.o
[384/933] MWCC build/GEDE01/src/game/game_fn_801B4FB4.o
[385/933] MWCC build/GEDE01/src/game/game_fn_801B5228.o
[386/933] MWCC build/GEDE01/src/game/game_fn_801B58F0.o
[387/933] MWCC build/GEDE01/src/game/game_fn_801B6F1C.o
[388/933] MWCC build/GEDE01/src/game/game_fn_801B86C0.o
[389/933] MWCC build/GEDE01/src/game/game_fn_801B941C.o
[390/933] MWCC build/GEDE01/src/game/game_fn_801B9E7C.o
[391/933] MWCC build/GEDE01/src/game/game_fn_801BA15C.o
[392/933] MWCC build/GEDE01/src/game/game_fn_801BA708.o
[393/933] MWCC build/GEDE01/src/game/game_fn_801BA94C.o
[394/933] MWCC build/GEDE01/src/game/game_fn_801BB1A0.o
[395/933] MWCC build/GEDE01/src/game/game_fn_801BC0D4.o
[396/933] MWCC build/GEDE01/src/game/game_fn_801BC240.o
[397/933] MWCC build/GEDE01/src/game/game_fn_801BC8F4.o
[398/933] MWCC build/GEDE01/src/game/game_fn_801BCC04.o
[399/933] MWCC build/GEDE01/src/game/game_fn_801BD990.o
[400/933] MWCC build/GEDE01/src/game/game_fn_801BDE7C.o
[401/933] MWCC build/GEDE01/src/game/game_fn_801BE0D4.o
[402/933] MWCC build/GEDE01/src/game/game_fn_801C1CB0.o
[403/933] MWCC build/GEDE01/src/game/game_fn_801BEF40.o
[404/933] MWCC build/GEDE01/src/game/game_fn_801C2980.o
[405/933] MWCC build/GEDE01/src/game/game_fn_801C29BC.o
[406/933] MWCC build/GEDE01/src/game/game_fn_801C2AAC.o
[407/933] MWCC build/GEDE01/src/game/game_fn_801C2D9C.o
[408/933] MWCC build/GEDE01/src/game/game_fn_801C8160.o
[409/933] MWCC build/GEDE01/src/game/game_fn_801C8224.o
[410/933] MWCC build/GEDE01/src/game/game_fn_801C8600.o
[411/933] MWCC build/GEDE01/src/game/game_fn_801C4B5C.o
[412/933] MWCC build/GEDE01/src/game/game_fn_801C87DC.o
[413/933] MWCC build/GEDE01/src/game/game_fn_801C8CC0.o
[414/933] MWCC build/GEDE01/src/game/game_fn_801C8F50.o
[415/933] MWCC build/GEDE01/src/game/game_fn_801C90A4.o
[416/933] MWCC build/GEDE01/src/game/game_fn_801C9510.o
[417/933] MWCC build/GEDE01/src/game/game_fn_801C970C.o
[418/933] MWCC build/GEDE01/src/game/game_fn_801C9A08.o
[419/933] MWCC build/GEDE01/src/game/game_fn_801C9B1C.o
[420/933] MWCC build/GEDE01/src/game/game_fn_801CB4F8.o
[421/933] MWCC build/GEDE01/src/game/game_fn_801CD228.o
[422/933] MWCC build/GEDE01/src/game/game_fn_801CE09C.o
[423/933] MWCC build/GEDE01/src/game/game_fn_801CE594.o
[424/933] MWCC build/GEDE01/src/game/game_fn_801D1B10.o
[425/933] MWCC build/GEDE01/src/game/game_fn_801D1F78.o
[426/933] MWCC build/GEDE01/src/game/game_fn_801D3988.o
[427/933] MWCC build/GEDE01/src/game/game_fn_801D73D0.o
[428/933] MWCC build/GEDE01/src/game/game_fn_801D76A8.o
[429/933] MWCC build/GEDE01/src/game/game_fn_801D7C24.o
[430/933] MWCC build/GEDE01/src/game/game_fn_801D8050.o
[431/933] MWCC build/GEDE01/src/game/game_fn_801D9FE4.o
[432/933] MWCC build/GEDE01/src/game/game_fn_801E2A48.o
[433/933] MWCC build/GEDE01/src/game/game_fn_801E41AC.o
[434/933] MWCC build/GEDE01/src/game/game_fn_801E504C.o
[435/933] MWCC build/GEDE01/src/game/game_fn_801E6814.o
[436/933] MWCC build/GEDE01/src/game/game_fn_801E7014.o
[437/933] MWCC build/GEDE01/src/game/game_fn_801E995C.o
[438/933] MWCC build/GEDE01/src/game/game_fn_801EAA04.o
[439/933] MWCC build/GEDE01/src/game/game_fn_801EB09C.o
[440/933] MWCC build/GEDE01/src/game/game_fn_801EB11C.o
[441/933] MWCC build/GEDE01/src/game/game_fn_801ECD74.o
[442/933] MWCC build/GEDE01/src/game/game_fn_801ECF50.o
[443/933] MWCC build/GEDE01/src/game/game_fn_801ED5F4.o
[444/933] MWCC build/GEDE01/src/game/game_fn_801EF580.o
[445/933] MWCC build/GEDE01/src/game/game_fn_801EF910.o
[446/933] MWCC build/GEDE01/src/game/game_fn_801F0CB0.o
[447/933] MWCC build/GEDE01/src/game/game_fn_801F10BC.o
[448/933] MWCC build/GEDE01/src/game/game_fn_801F1A38.o
[449/933] MWCC build/GEDE01/src/game/game_fn_801F35A8.o
[450/933] MWCC build/GEDE01/src/game/game_fn_801F55A0.o
[451/933] MWCC build/GEDE01/src/game/game_fn_801F69F0.o
[452/933] MWCC build/GEDE01/src/game/game_fn_801F6BD8.o
[453/933] MWCC build/GEDE01/src/game/game_fn_801F7510.o
[454/933] MWCC build/GEDE01/src/game/game_fn_801F76EC.o
[455/933] MWCC build/GEDE01/src/game/game_fn_801F8264.o
[456/933] MWCC build/GEDE01/src/game/game_fn_801F89B4.o
[457/933] MWCC build/GEDE01/src/game/game_fn_801F8FAC.o
[458/933] MWCC build/GEDE01/src/game/game_fn_801F9AF8.o
[459/933] MWCC build/GEDE01/src/game/game_fn_801F9CF4.o
[460/933] MWCC build/GEDE01/src/game/game_fn_801FA9C8.o
[461/933] MWCC build/GEDE01/src/game/game_fn_801FB6A4.o
[462/933] MWCC build/GEDE01/src/game/game_fn_801FC034.o
[463/933] MWCC build/GEDE01/src/game/game_fn_801FC204.o
[464/933] EXTERNALIZE build/GEDE01/src/game/game_fn_800A2B8C.o
[465/933] MWCC build/GEDE01/src/game/game_fn_801FFE78.o
[466/933] EXTERNALIZE build/GEDE01/src/game/game_fn_800DC4D4.o
[467/933] EXTERNALIZE build/GEDE01/src/game/game_fn_80119C70.o
[468/933] EXTERNALIZE build/GEDE01/src/game/game_fn_80175A08.o
[469/933] EXTERNALIZE build/GEDE01/src/game/game_fn_80066E78.o
[470/933] EXTERNALIZE build/GEDE01/src/game/game_fn_801247F8.o
[471/933] EXTERNALIZE build/GEDE01/src/game/game_fn_801EF910.o
[472/933] EXTERNALIZE build/GEDE01/src/game/game_fn_801ECF50.o
[473/933] EXTERNALIZE build/GEDE01/src/game/game_fn_801FC204.o
[474/933] EXTERNALIZE build/GEDE01/src/game/game_fn_801EB09C.o
[475/933] EXTERNALIZE JUMPTABLES build/GEDE01/src/game/game_fn_80050B08.o
[476/933] EXTERNALIZE build/GEDE01/src/game/game_fn_801EB11C.o
[477/933] EXTERNALIZE build/GEDE01/src/game/game_fn_801D9FE4.o
[478/933] EXTERNALIZE build/GEDE01/src/game/game_fn_801E41AC.o
[479/933] EXTERNALIZE build/GEDE01/src/game/game_fn_801D73D0.o
[480/933] EXTERNALIZE build/GEDE01/src/game/game_fn_801D76A8.o
[481/933] EXTERNALIZE build/GEDE01/src/game/game_fn_801D8050.o
[482/933] EXTERNALIZE build/GEDE01/src/game/game_fn_801D7C24.o
[483/933] EXTERNALIZE build/GEDE01/src/game/game_fn_8019B1BC.o
[484/933] EXTERNALIZE build/GEDE01/src/game/game_fn_80178F88.o
[485/933] EXTERNALIZE build/GEDE01/src/game/game_fn_801CD228.o
[486/933] EXTERNALIZE build/GEDE01/src/game/game_fn_801C970C.o
[487/933] EXTERNALIZE build/GEDE01/src/game/game_fn_801BA15C.o
[488/933] EXTERNALIZE build/GEDE01/src/game/game_fn_801C9510.o
[489/933] EXTERNALIZE build/GEDE01/src/game/game_fn_80126A00.o
[490/933] EXTERNALIZE build/GEDE01/src/game/game_fn_8013D6A4.o
[491/933] EXTERNALIZE build/GEDE01/src/game/game_fn_800C9C60.o
[492/933] EXTERNALIZE build/GEDE01/src/game/game_fn_801B5228.o
[493/933] EXTERNALIZE build/GEDE01/src/game/game_fn_801B4FB4.o
[494/933] EXTERNALIZE build/GEDE01/src/game/game_fn_801C87DC.o
[495/933] EXTERNALIZE build/GEDE01/src/game/game_fn_801B6F1C.o
[496/933] EXTERNALIZE build/GEDE01/src/game/game_fn_801C8CC0.o
[497/933] EXTERNALIZE build/GEDE01/src/game/game_fn_800FD0C8.o
[498/933] EXTERNALIZE build/GEDE01/src/game/game_fn_801BDE7C.o
[499/933] EXTERNALIZE build/GEDE01/src/game/game_fn_801BE0D4.o
[500/933] EXTERNALIZE STATIC POOL build/GEDE01/src/game/game_fn_801C9A08.o
build/GEDE01/src/game/game_fn_801C9A08.o: lbl_80629390 now undefined; section 3 emptied
[501/933] EXTERNALIZE STATIC POOL build/GEDE01/src/game/game_fn_801C9B1C.o
build/GEDE01/src/game/game_fn_801C9B1C.o: lbl_80629390 now undefined; section 3 emptied
[502/933] EXTERNALIZE build/GEDE01/src/game/game_fn_801B941C.o
[503/933] EXTERNALIZE STATIC POOL build/GEDE01/src/game/game_fn_801BD990.o
build/GEDE01/src/game/game_fn_801BD990.o: lbl_80626D80 now undefined; section 6 emptied
[504/933] EXTERNALIZE STATIC POOL build/GEDE01/src/game/game_fn_801B58F0.o
build/GEDE01/src/game/game_fn_801B58F0.o: lbl_8060C020 now undefined; section 3 emptied
[505/933] EXTERNALIZE STATIC POOL build/GEDE01/src/game/game_fn_801B9E7C.o
build/GEDE01/src/game/game_fn_801B9E7C.o: 0 relocation(s) moved from streamInfo to ...bss.0
build/GEDE01/src/game/game_fn_801B9E7C.o: lbl_8061AE48 now undefined; section 6 emptied
[506/933] EXTERNALIZE STATIC POOL build/GEDE01/src/game/game_fn_801BB1A0.o
build/GEDE01/src/game/game_fn_801BB1A0.o: 0 relocation(s) moved from streamInfo to ...bss.0
build/GEDE01/src/game/game_fn_801BB1A0.o: lbl_8061AE48 now undefined; section 6 emptied
[507/933] EXTERNALIZE STATIC POOL build/GEDE01/src/game/game_fn_801BA708.o
build/GEDE01/src/game/game_fn_801BA708.o: 0 relocation(s) moved from streamInfo to ...bss.0
build/GEDE01/src/game/game_fn_801BA708.o: lbl_8061AE48 now undefined; section 6 emptied
[508/933] EXTERNALIZE STATIC build/GEDE01/src/game/game_fn_801B35BC.o
build/GEDE01/src/game/game_fn_801B35BC.o: lbl_8060D420 now undefined; section 6 emptied
[509/933] EXTERNALIZE build/GEDE01/src/game/game_fn_801BA94C.o
build/GEDE01/src/game/game_fn_801BA94C.o: 0 relocation(s) moved from streamInfo to ...bss.0
build/GEDE01/src/game/game_fn_801BA94C.o: lbl_8061AE48 now undefined; section 6 emptied
[510/933] EXTERNALIZE STATIC POOL build/GEDE01/src/game/game_fn_801BC8F4.o
build/GEDE01/src/game/game_fn_801BC8F4.o: lbl_8061C748 now undefined; section 6 emptied
[511/933] EXTERNALIZE STATIC build/GEDE01/src/game/game_fn_801BC240.o
build/GEDE01/src/game/game_fn_801BC240.o: lbl_8061C748 now undefined; section 6 emptied
[512/933] EXTERNALIZE STATIC POOL build/GEDE01/src/game/game_fn_801BCC04.o
build/GEDE01/src/game/game_fn_801BCC04.o: lbl_8061C748 now undefined; section 6 emptied
[513/933] EXTERNALIZE STATIC POOL build/GEDE01/src/game/game_fn_801BC0D4.o
build/GEDE01/src/game/game_fn_801BC0D4.o: lbl_8061C748 now undefined; section 6 emptied
[514/933] EXTERNALIZE STATIC POOL build/GEDE01/src/game/game_fn_801C1CB0.o
build/GEDE01/src/game/game_fn_801C1CB0.o: lbl_80626DA0 now undefined; section 3 emptied
[515/933] RENAME build/GEDE01/src/game/game_InitMetroTRKCommTable.o
[516/933] EXTERNALIZE STATIC POOL build/GEDE01/src/game/game_fn_801CE09C.o
build/GEDE01/src/game/game_fn_801CE09C.o: lbl_80631340 now undefined; section 6 emptied
[517/933] RENAME RUNTIME INTRINSICS build/GEDE01/src/game/game_fn_801CB4F8.o
[518/933] EXTERNALIZE STATIC POOL build/GEDE01/src/game/game_fn_8010242C.o
build/GEDE01/src/game/game_fn_8010242C.o: lbl_8032CC08 now undefined; section 3 emptied
[519/933] EXTERNALIZE build/GEDE01/src/game/game_fn_801D3988.o
[520/933] EXTERNALIZE build/GEDE01/src/game/game_fn_801D1B10.o
[521/933] ALIGN DATA build/GEDE01/src/game/game_fn_80008014.o
[522/933] EXTERNALIZE build/GEDE01/src/game/game_fn_801CE594.o
[523/933] EXTERNALIZE build/GEDE01/src/game/game_fn_8014549C.o
[524/933] EXTERNALIZE build/GEDE01/src/game/game_fn_801C8224.o
[525/933] EXTERNALIZE build/GEDE01/src/game/game_fn_801098C0.o
[526/933] EXTERNALIZE build/GEDE01/src/game/game_fn_8000FDE8.o
[527/933] EXTERNALIZE build/GEDE01/src/game/game_fn_80185F10.o
[528/933] EXTERNALIZE build/GEDE01/src/game/game_fn_801C29BC.o
[529/933] EXTERNALIZE build/GEDE01/src/game/game_fn_801C8F50.o
[530/933] EXTERNALIZE build/GEDE01/src/game/game_fn_8007B828.o
[531/933] EXTERNALIZE build/GEDE01/src/game/game_fn_801C90A4.o
[532/933] EXTERNALIZE build/GEDE01/src/game/game_fn_801C8160.o
[533/933] EXTERNALIZE build/GEDE01/src/game/game_fn_801C2AAC.o
[534/933] EXTERNALIZE build/GEDE01/src/game/game_fn_801C2D9C.o
[535/933] EXTERNALIZE build/GEDE01/src/game/game_fn_801C2980.o
[536/933] EXTERNALIZE build/GEDE01/src/game/game_fn_801B02F0.o
[537/933] EXTERNALIZE build/GEDE01/src/game/game_fn_801AFA74.o
[538/933] EXTERNALIZE build/GEDE01/src/game/game_fn_801AC8AC.o
[539/933] EXTERNALIZE build/GEDE01/src/game/game_fn_801ABD3C.o
[540/933] EXTERNALIZE build/GEDE01/src/game/game_fn_801816D4.o
[541/933] EXTERNALIZE build/GEDE01/src/game/game_fn_8011F140.o
[542/933] EXTERNALIZE build/GEDE01/src/game/game_fn_801AD08C.o
[543/933] EXTERNALIZE build/GEDE01/src/game/game_fn_8004998C.o
[544/933] EXTERNALIZE build/GEDE01/src/game/game_fn_80079AA4.o
[545/933] EXTERNALIZE build/GEDE01/src/game/game_fn_80158D38.o
[546/933] EXTERNALIZE build/GEDE01/src/game/game_fn_801A3A78.o
[547/933] EXTERNALIZE build/GEDE01/src/game/game_fn_8008F224.o
[548/933] EXTERNALIZE build/GEDE01/src/game/game_fn_80167454.o
[549/933] EXTERNALIZE build/GEDE01/src/game/game_fn_800AF230.o
[550/933] EXTERNALIZE build/GEDE01/src/game/game_fn_801A93E8.o
[551/933] EXTERNALIZE build/GEDE01/src/game/game_fn_801AB154.o
[552/933] EXTERNALIZE build/GEDE01/src/game/game_fn_801A7E04.o
[553/933] EXTERNALIZE build/GEDE01/src/game/game_fn_801A7EA8.o
[554/933] EXTERNALIZE build/GEDE01/src/game/game_fn_801A6CB4.o
[555/933] EXTERNALIZE build/GEDE01/src/game/game_fn_801A4CE0.o
[556/933] EXTERNALIZE build/GEDE01/src/game/game_fn_801A6C58.o
[557/933] NAME JUMPTABLE build/GEDE01/src/game/game_fn_801A6ADC.o
[558/933] EXTERNALIZE build/GEDE01/src/game/game_fn_801A6410.o
[559/933] EXTERNALIZE build/GEDE01/src/game/game_fn_801A5FB0.o
[560/933] EXTERNALIZE build/GEDE01/src/game/game_fn_801A1F18.o
[561/933] EXTERNALIZE build/GEDE01/src/game/game_fn_8019E8C8.o
[562/933] EXTERNALIZE build/GEDE01/src/game/game_fn_8019E5E4.o
[563/933] EXTERNALIZE build/GEDE01/src/game/game_fn_8019CFC4.o
[564/933] EXTERNALIZE build/GEDE01/src/game/game_fn_8019CC28.o
[565/933] EXTERNALIZE build/GEDE01/src/game/game_fn_801991E0.o
[566/933] EXTERNALIZE build/GEDE01/src/game/game_fn_80198BF4.o
[567/933] EXTERNALIZE build/GEDE01/src/game/game_fn_80198154.o
[568/933] EXTERNALIZE build/GEDE01/src/game/game_fn_80198AAC.o
[569/933] EXTERNALIZE build/GEDE01/src/game/game_fn_80194F80.o
[570/933] EXTERNALIZE build/GEDE01/src/game/game_fn_80197910.o
[571/933] EXTERNALIZE build/GEDE01/src/game/game_fn_80177434.o
repointed 2 relocations to lbl_80250588
[572/933] EXTERNALIZE build/GEDE01/src/game/game_fn_80193E1C.o
[573/933] EXTERNALIZE build/GEDE01/src/game/game_fn_801931C4.o
[574/933] EXTERNALIZE build/GEDE01/src/game/game_fn_80193F3C.o
[575/933] EXTERNALIZE build/GEDE01/src/game/game_fn_80192F54.o
[576/933] EXTERNALIZE build/GEDE01/src/game/game_fn_80191F58.o
[577/933] EXTERNALIZE build/GEDE01/src/game/game_fn_8019197C.o
[578/933] EXTERNALIZE build/GEDE01/src/game/game_fn_80191360.o
[579/933] GLOBALIZE build/GEDE01/src/game/game_fn_8018F1D0.o
[580/933] EXTERNALIZE build/GEDE01/src/game/game_fn_8018D688.o
[581/933] EXTERNALIZE build/GEDE01/src/game/game_fn_8018F81C.o
[582/933] EXTERNALIZE build/GEDE01/src/game/game_fn_8018D2E0.o
[583/933] EXTERNALIZE build/GEDE01/src/game/game_fn_80189968.o
[584/933] EXTERNALIZE build/GEDE01/src/game/game_fn_80189760.o
[585/933] EXTERNALIZE build/GEDE01/src/game/game_fn_8018D1F0.o
[586/933] EXTERNALIZE build/GEDE01/src/game/game_fn_801896A0.o
[587/933] EXTERNALIZE build/GEDE01/src/game/game_fn_801895E8.o
[588/933] EXTERNALIZE build/GEDE01/src/game/game_fn_80189390.o
[589/933] EXTERNALIZE build/GEDE01/src/game/game_fn_801891D8.o
[590/933] EXTERNALIZE build/GEDE01/src/game/game_fn_80188E28.o
[591/933] EXTERNALIZE build/GEDE01/src/game/game_fn_80189028.o
[592/933] EXTERNALIZE build/GEDE01/src/game/game_fn_80188B44.o
[593/933] EXTERNALIZE build/GEDE01/src/game/game_fn_80188C1C.o
[594/933] EXTERNALIZE build/GEDE01/src/game/game_fn_80188A7C.o
[595/933] EXTERNALIZE build/GEDE01/src/game/game_fn_801878E0.o
[596/933] EXTERNALIZE build/GEDE01/src/game/game_fn_80187120.o
[597/933] EXTERNALIZE build/GEDE01/src/game/game_fn_8018FEDC.o
[598/933] EXTERNALIZE build/GEDE01/src/game/game_fn_80186E10.o
[599/933] EXTERNALIZE build/GEDE01/src/game/game_fn_801865EC.o
[600/933] EXTERNALIZE build/GEDE01/src/game/game_fn_80185AE8.o
[601/933] EXTERNALIZE build/GEDE01/src/game/game_fn_80180DDC.o
[602/933] EXTERNALIZE build/GEDE01/src/game/game_fn_801859FC.o
[603/933] EXTERNALIZE build/GEDE01/src/game/game_fn_8017E958.o
[604/933] EXTERNALIZE build/GEDE01/src/game/game_fn_8017E850.o
[605/933] EXTERNALIZE build/GEDE01/src/game/game_fn_8017718C.o
[606/933] EXTERNALIZE build/GEDE01/src/game/game_fn_801770F8.o
[607/933] EXTERNALIZE build/GEDE01/src/game/game_fn_80176DF4.o
[608/933] EXTERNALIZE build/GEDE01/src/game/game_fn_80176FA0.o
[609/933] EXTERNALIZE build/GEDE01/src/game/game_fn_80174358.o
[610/933] EXTERNALIZE build/GEDE01/src/game/game_fn_80173F04.o
[611/933] EXTERNALIZE build/GEDE01/src/game/game_fn_80174184.o
[612/933] EXTERNALIZE build/GEDE01/src/game/game_fn_8017553C.o
[613/933] EXTERNALIZE build/GEDE01/src/game/game_fn_80173D44.o
[614/933] EXTERNALIZE build/GEDE01/src/game/game_fn_80173770.o
[615/933] EXTERNALIZE build/GEDE01/src/game/game_fn_801734B4.o
[616/933] EXTERNALIZE build/GEDE01/src/game/game_fn_80173270.o
[617/933] EXTERNALIZE build/GEDE01/src/game/game_fn_80172DB8.o
[618/933] EXTERNALIZE build/GEDE01/src/game/game_fn_80172C78.o
[619/933] EXTERNALIZE build/GEDE01/src/game/game_fn_80172BB0.o
[620/933] EXTERNALIZE build/GEDE01/src/game/game_fn_801726EC.o
[621/933] EXTERNALIZE build/GEDE01/src/game/game_fn_8017250C.o
[622/933] EXTERNALIZE build/GEDE01/src/game/game_fn_80171F30.o
[623/933] EXTERNALIZE build/GEDE01/src/game/game_fn_801718F4.o
[624/933] EXTERNALIZE build/GEDE01/src/game/game_fn_801719B4.o
[625/933] EXTERNALIZE build/GEDE01/src/game/game_fn_80171664.o
[626/933] EXTERNALIZE build/GEDE01/src/game/game_fn_8017138C.o
[627/933] EXTERNALIZE build/GEDE01/src/game/game_fn_80170A40.o
[628/933] EXTERNALIZE build/GEDE01/src/game/game_fn_801706DC.o
[629/933] NORMALIZE build/GEDE01/src/game/game_TRKNubWelcome.o
[630/933] NORMALIZE build/GEDE01/src/game/game_TRK_main.o
[631/933] NORMALIZE build/GEDE01/src/game/game_data_80239E10.o
[632/933] NORMALIZE build/GEDE01/src/game/game_data_80239E18.o
[633/933] EXTERNALIZE build/GEDE01/src/game/game_fn_80170E9C.o
[634/933] EXTERNALIZE build/GEDE01/src/game/game_fn_8017652C.o
[635/933] EXTERNALIZE build/GEDE01/src/game/game_fn_80175E64.o
[636/933] EXTERNALIZE build/GEDE01/src/game/game_fn_80175F0C.o
[637/933] EXTERNALIZE build/GEDE01/src/game/game_fn_80175FD4.o
[638/933] EXTERNALIZE build/GEDE01/src/game/game_fn_80176098.o
[639/933] EXTERNALIZE build/GEDE01/src/game/game_fn_80176220.o
[640/933] EXTERNALIZE build/GEDE01/src/game/game_fn_80176160.o
[641/933] EXTERNALIZE build/GEDE01/src/game/game_fn_80170DF4.o
[642/933] EXTERNALIZE build/GEDE01/src/game/game_fn_801762E8.o
[643/933] EXTERNALIZE build/GEDE01/src/game/game_fn_8016E8F8.o
[644/933] EXTERNALIZE build/GEDE01/src/game/game_fn_8016FEF8.o
[645/933] EXTERNALIZE build/GEDE01/src/game/game_fn_801704F8.o
[646/933] EXTERNALIZE build/GEDE01/src/game/game_fn_8016D2B8.o
[647/933] NORMALIZE build/GEDE01/src/game/game_fn_8016DF4C.o
[648/933] EXTERNALIZE build/GEDE01/src/game/game_fn_8016D040.o
[649/933] EXTERNALIZE build/GEDE01/src/game/game_fn_8016D1F8.o
[650/933] EXTERNALIZE build/GEDE01/src/game/game_fn_8016C774.o
[651/933] EXTERNALIZE build/GEDE01/src/game/game_fn_8016C4BC.o
[652/933] EXTERNALIZE build/GEDE01/src/game/game_fn_8016C238.o
[653/933] EXTERNALIZE build/GEDE01/src/game/game_fn_8016C164.o
[654/933] EXTERNALIZE build/GEDE01/src/game/game_fn_8016C0BC.o
[655/933] EXTERNALIZE build/GEDE01/src/game/game_fn_8017038C.o
[656/933] EXTERNALIZE build/GEDE01/src/game/game_fn_8016BF60.o
[657/933] EXTERNALIZE build/GEDE01/src/game/game_fn_8016BE1C.o
[658/933] EXTERNALIZE build/GEDE01/src/game/game_fn_8016BD0C.o
[659/933] EXTERNALIZE build/GEDE01/src/game/game_fn_80169650.o
[660/933] EXTERNALIZE build/GEDE01/src/game/game_fn_8015EDC0.o
[661/933] EXTERNALIZE build/GEDE01/src/game/game_fn_80167B5C.o
[662/933] EXTERNALIZE build/GEDE01/src/game/game_fn_8015DC54.o
[663/933] EXTERNALIZE build/GEDE01/src/game/game_fn_8015DB84.o
[664/933] EXTERNALIZE build/GEDE01/src/game/game_fn_80179398.o
[665/933] EXTERNALIZE build/GEDE01/src/game/game_fn_80158B20.o
[666/933] EXTERNALIZE build/GEDE01/src/game/game_fn_8017960C.o
[667/933] EXTERNALIZE build/GEDE01/src/game/game_fn_8017974C.o
[668/933] EXTERNALIZE build/GEDE01/src/game/game_fn_8017A9B8.o
[669/933] EXTERNALIZE build/GEDE01/src/game/game_fn_80179904.o
[670/933] EXTERNALIZE build/GEDE01/src/game/game_fn_80179A18.o
[671/933] EXTERNALIZE build/GEDE01/src/game/game_fn_80179A74.o
[672/933] EXTERNALIZE build/GEDE01/src/game/game_fn_80179EB8.o
[673/933] EXTERNALIZE build/GEDE01/src/game/game_fn_80179F20.o
[674/933] EXTERNALIZE build/GEDE01/src/game/game_fn_8017A010.o
[675/933] EXTERNALIZE build/GEDE01/src/game/game_fn_8017A12C.o
[676/933] EXTERNALIZE build/GEDE01/src/game/game_fn_80157C0C.o
[677/933] EXTERNALIZE build/GEDE01/src/game/game_fn_80155814.o
[678/933] EXTERNALIZE build/GEDE01/src/game/game_fn_8017A1C0.o
[679/933] EXTERNALIZE build/GEDE01/src/game/game_fn_80153898.o
[680/933] EXTERNALIZE build/GEDE01/src/game/game_fn_8014B494.o
[681/933] EXTERNALIZE build/GEDE01/src/game/game_fn_8014AF38.o
[682/933] EXTERNALIZE build/GEDE01/src/game/game_fn_8012DB28.o
[683/933] EXTERNALIZE build/GEDE01/src/game/game_fn_801141B8.o
[684/933] EXTERNALIZE build/GEDE01/src/game/game_fn_801128E4.o
[685/933] EXTERNALIZE build/GEDE01/src/game/game_fn_801126E0.o
[686/933] EXTERNALIZE build/GEDE01/src/game/game_fn_8010F184.o
[687/933] EXTERNALIZE build/GEDE01/src/game/game_fn_800E4980.o
[688/933] EXTERNALIZE build/GEDE01/src/game/game_fn_800C17EC.o
[689/933] EXTERNALIZE build/GEDE01/src/game/game_fn_800C030C.o
[690/933] EXTERNALIZE build/GEDE01/src/game/game_fn_800C59F0.o
[691/933] EXTERNALIZE build/GEDE01/src/game/game_fn_800C644C.o
[692/933] EXTERNALIZE build/GEDE01/src/game/game_fn_800C65FC.o
[693/933] EXTERNALIZE build/GEDE01/src/game/game_fn_800CB760.o
[694/933] EXTERNALIZE build/GEDE01/src/game/game_fn_800CB8F4.o
[695/933] EXTERNALIZE build/GEDE01/src/game/game_fn_80079908.o
[696/933] EXTERNALIZE build/GEDE01/src/game/game_fn_80078500.o
[697/933] EXTERNALIZE build/GEDE01/src/game/game_fn_8007B540.o
[698/933] EXTERNALIZE build/GEDE01/src/game/game_fn_8007B2F4.o
[699/933] EXTERNALIZE build/GEDE01/src/game/game_fn_8007B640.o
[700/933] EXTERNALIZE build/GEDE01/src/game/game_fn_8007BA3C.o
[701/933] EXTERNALIZE build/GEDE01/src/game/game_fn_800886D8.o
[702/933] EXTERNALIZE build/GEDE01/src/game/game_fn_800934A0.o
[703/933] EXTERNALIZE build/GEDE01/src/game/game_fn_800A3894.o
[704/933] EXTERNALIZE build/GEDE01/src/game/game_fn_800A4798.o
[705/933] EXTERNALIZE build/GEDE01/src/game/game_fn_800A7E88.o
[706/933] GLOBALIZE build/GEDE01/src/game/game_fn_800A2130.o
[707/933] EXTERNALIZE build/GEDE01/src/game/game_fn_800A2FCC.o
[708/933] EXTERNALIZE build/GEDE01/src/game/game_fn_8009C424.o
[709/933] EXTERNALIZE SWITCHES build/GEDE01/src/game/game_fn_80095FDC.o
[710/933] GLOBALIZE build/GEDE01/src/game/game_fn_8008F890.o
[711/933] EXTERNALIZE build/GEDE01/src/game/game_fn_80096830.o
[712/933] EXTERNALIZE build/GEDE01/src/game/game_fn_800A4428.o
[713/933] EXTERNALIZE build/GEDE01/src/game/game_fn_80074310.o
[714/933] GLOBALIZE build/GEDE01/src/game/game_fn_8005FD84.o
[715/933] EXTERNALIZE build/GEDE01/src/game/game_fn_80066888.o
[716/933] EXTERNALIZE build/GEDE01/src/game/game_fn_8005EC6C.o
[717/933] EXTERNALIZE build/GEDE01/src/game/game_fn_80048B24.o
[718/933] EXTERNALIZE build/GEDE01/src/game/game_fn_80052310.o
[719/933] NAME SWITCH build/GEDE01/src/game/game_fn_80020E94.o
[720/933] NAME SWITCH build/GEDE01/src/game/game_fn_8005EE9C.o
[721/933] NAME SWITCH build/GEDE01/src/game/game_fn_8016D9C0.o
[722/933] NAME SWITCH build/GEDE01/src/game/game_fn_80071A58.o
[723/933] EXTERNALIZE build/GEDE01/src/game/game_fn_80048ADC.o
[724/933] NAME SWITCH build/GEDE01/src/game/game_fn_8006B620.o
[725/933] NAME SWITCH build/GEDE01/src/game/game_fn_8001FE1C.o
[726/933] NAME SWITCH build/GEDE01/src/game/game_fn_8001E644.o
[727/933] EXTERNALIZE build/GEDE01/src/game/game_fn_80038878.o
[728/933] EXTERNALIZE build/GEDE01/src/game/game_fn_801B46C8.o
build/GEDE01/src/game/game_fn_801B46C8.o: lbl_8060C020 now undefined; section 6 emptied
[729/933] EXTERNALIZE build/GEDE01/src/game/game_fn_80036C40.o
[730/933] EXTERNALIZE build/GEDE01/src/game/game_fn_800359A0.o
[731/933] EXTERNALIZE build/GEDE01/src/game/game_fn_80033180.o
[732/933] EXTERNALIZE build/GEDE01/src/game/game_fn_80033038.o
[733/933] EXTERNALIZE build/GEDE01/src/game/game_fn_80032B84.o
[734/933] EXTERNALIZE build/GEDE01/src/game/game_fn_8003232C.o
[735/933] EXTERNALIZE build/GEDE01/src/game/game_fn_8002E3F0.o
[736/933] EXTERNALIZE build/GEDE01/src/game/game_fn_8002DAE0.o
[737/933] EXTERNALIZE build/GEDE01/src/game/game_fn_8002EA68.o
[738/933] EXTERNALIZE build/GEDE01/src/game/game_fn_8002F428.o
[739/933] GLOBALIZE build/GEDE01/src/game/game_fn_8002B748.o
[740/933] NAME SWITCHES build/GEDE01/src/game/game_fn_80024F28.o
[741/933] EXTERNALIZE build/GEDE01/src/game/game_fn_800272B4.o
[742/933] EXTERNALIZE build/GEDE01/src/game/game_fn_8001CE94.o
[743/933] EXTERNALIZE build/GEDE01/src/game/game_fn_8001CD58.o
[744/933] EXTERNALIZE build/GEDE01/src/game/game_fn_8001C078.o
[745/933] EXTERNALIZE build/GEDE01/src/game/game_fn_8001B874.o
[746/933] EXTERNALIZE build/GEDE01/src/game/game_fn_8001B808.o
[747/933] EXTERNALIZE build/GEDE01/src/game/game_fn_8001B294.o
[748/933] EXTERNALIZE build/GEDE01/src/game/game_fn_8001B124.o
[749/933] EXTERNALIZE build/GEDE01/src/game/game_fn_8001ADF8.o
[750/933] EXTERNALIZE build/GEDE01/src/game/game_fn_8001AF68.o
[751/933] EXTERNALIZE build/GEDE01/src/game/game_fn_8001AAB8.o
[752/933] EXTERNALIZE build/GEDE01/src/game/game_fn_8001A6C4.o
[753/933] EXTERNALIZE build/GEDE01/src/game/game_fn_80019F98.o
[754/933] EXTERNALIZE build/GEDE01/src/game/game_fn_80019D2C.o
[755/933] EXTERNALIZE build/GEDE01/src/game/game_fn_80019C10.o
[756/933] EXTERNALIZE build/GEDE01/src/game/game_fn_80019940.o
[757/933] EXTERNALIZE build/GEDE01/src/game/game_fn_800194D0.o
[758/933] EXTERNALIZE build/GEDE01/src/game/game_fn_80019244.o
[759/933] EXTERNALIZE build/GEDE01/src/game/game_fn_80019054.o
[760/933] EXTERNALIZE build/GEDE01/src/game/game_fn_80018EF4.o
[761/933] EXTERNALIZE build/GEDE01/src/game/game_fn_80017DB0.o
[762/933] EXTERNALIZE build/GEDE01/src/game/game_fn_80017C3C.o
[763/933] EXTERNALIZE build/GEDE01/src/game/game_fn_80017CC8.o
[764/933] EXTERNALIZE build/GEDE01/src/game/game_fn_80017A3C.o
[765/933] EXTERNALIZE build/GEDE01/src/game/game_fn_80017AE4.o
[766/933] EXTERNALIZE build/GEDE01/src/game/game_fn_80017910.o
[767/933] EXTERNALIZE build/GEDE01/src/game/game_fn_800179AC.o
[768/933] EXTERNALIZE FLAGS build/GEDE01/src/game/game_fn_800119FC.o
[769/933] EXTERNALIZE build/GEDE01/src/game/game_fn_8000FFD8.o
[770/933] EXTERNALIZE build/GEDE01/src/game/game_fn_8000F4B0.o
[771/933] EXTERNALIZE build/GEDE01/src/game/game_fn_8000EFC4.o
[772/933] GLOBALIZE build/GEDE01/src/game/game_fn_800094C0.o
[773/933] EXTERNALIZE build/GEDE01/src/game/game_fn_800096E0.o
[774/933] EXTERNALIZE build/GEDE01/src/game/game_fn_800098C0.o
[775/933] EXTERNALIZE build/GEDE01/src/game/game_fn_800099D8.o
[776/933] EXTERNALIZE build/GEDE01/src/game/game_fn_80009AB4.o
[777/933] EXTERNALIZE build/GEDE01/src/game/game_fn_8000A26C.o
[778/933] EXTERNALIZE build/GEDE01/src/game/game_fn_800171C0.o
[779/933] EXTERNALIZE build/GEDE01/src/game/game_fn_8000AC88.o
[780/933] EXTERNALIZE build/GEDE01/src/game/game_fn_800176F0.o
[781/933] EXTERNALIZE build/GEDE01/src/game/game_fn_8000AFB4.o
[782/933] EXTERNALIZE build/GEDE01/src/game/game_fn_8000AEB4.o
[783/933] EXTERNALIZE build/GEDE01/src/game/game_fn_8000B36C.o
[784/933] EXTERNALIZE build/GEDE01/src/game/game_fn_8000B1B8.o
[785/933] EXTERNALIZE build/GEDE01/src/game/game_fn_8000B7FC.o
[786/933] EXTERNALIZE build/GEDE01/src/game/game_fn_8000B630.o
[787/933] EXTERNALIZE build/GEDE01/src/game/game_fn_8000B900.o
[788/933] EXTERNALIZE build/GEDE01/src/game/game_fn_8000BA0C.o
[789/933] EXTERNALIZE build/GEDE01/src/game/game_fn_8000BC40.o
[790/933] EXTERNALIZE build/GEDE01/src/game/game_fn_8000BAA0.o
[791/933] EXTERNALIZE build/GEDE01/src/game/game_fn_8000C06C.o
[792/933] EXTERNALIZE build/GEDE01/src/game/game_fn_8000C17C.o
[793/933] EXTERNALIZE build/GEDE01/src/game/game_fn_8000C400.o
[794/933] EXTERNALIZE build/GEDE01/src/game/game_fn_8000C848.o
[795/933] EXTERNALIZE build/GEDE01/src/game/game_fn_8000C91C.o
[796/933] EXTERNALIZE build/GEDE01/src/game/game_fn_8000D0BC.o
[797/933] NAME SWITCH build/GEDE01/src/game/game_fn_8000D8A4.o
[798/933] EXTERNALIZE build/GEDE01/src/game/game_fn_8000D3D4.o
[799/933] EXTERNALIZE build/GEDE01/src/game/game_fn_8000E054.o
[800/933] EXTERNALIZE build/GEDE01/src/game/game_fn_8000E96C.o
[801/933] EXTERNALIZE build/GEDE01/src/game/game_fn_8000E0AC.o
[802/933] EXTERNALIZE build/GEDE01/src/game/game_fn_8000EB14.o
[803/933] EXTERNALIZE build/GEDE01/src/game/game_fn_8000F774.o
[804/933] EXTERNALIZE build/GEDE01/src/game/game_fn_8000EBD4.o
[805/933] EXTERNALIZE build/GEDE01/src/game/game_fn_8000ED44.o
[806/933] EXTERNALIZE build/GEDE01/src/game/game_fn_8000E1C4.o
[807/933] EXTERNALIZE build/GEDE01/src/game/game_fn_8000E138.o
[808/933] EXTERNALIZE build/GEDE01/src/game/game_fn_8000D590.o
[809/933] EXTERNALIZE build/GEDE01/src/game/game_fn_8000DA50.o
[810/933] EXTERNALIZE build/GEDE01/src/game/game_fn_80012DA8.o
[811/933] EXTERNALIZE build/GEDE01/src/game/game_fn_8000DAF4.o
[812/933] EXTERNALIZE build/GEDE01/src/game/game_fn_80012F40.o
[813/933] EXTERNALIZE build/GEDE01/src/game/game_fn_80012FD0.o
[814/933] EXTERNALIZE build/GEDE01/src/game/game_fn_800131E8.o
[815/933] EXTERNALIZE build/GEDE01/src/game/game_fn_80013340.o
[816/933] EXTERNALIZE build/GEDE01/src/game/game_fn_80013870.o
[817/933] EXTERNALIZE build/GEDE01/src/game/game_fn_80013CB0.o
[818/933] EXTERNALIZE build/GEDE01/src/game/game_fn_800142DC.o
[819/933] EXTERNALIZE build/GEDE01/src/game/game_fn_80013D54.o
[820/933] EXTERNALIZE build/GEDE01/src/game/game_fn_80014784.o
[821/933] EXTERNALIZE build/GEDE01/src/game/game_fn_800144CC.o
[822/933] EXTERNALIZE build/GEDE01/src/game/game_fn_800149D4.o
[823/933] EXTERNALIZE build/GEDE01/src/game/game_fn_80015058.o
[824/933] EXTERNALIZE build/GEDE01/src/game/game_fn_80015568.o
[825/933] EXTERNALIZE build/GEDE01/src/game/game_fn_80015320.o
[826/933] EXTERNALIZE build/GEDE01/src/game/game_fn_800156FC.o
[827/933] EXTERNALIZE build/GEDE01/src/game/game_fn_80015BE0.o
[828/933] EXTERNALIZE build/GEDE01/src/game/game_fn_80015D40.o
[829/933] EXTERNALIZE build/GEDE01/src/game/game_fn_80015F04.o
[830/933] EXTERNALIZE build/GEDE01/src/game/game_fn_80016270.o
[831/933] EXTERNALIZE build/GEDE01/src/game/game_fn_80016128.o
[832/933] EXTERNALIZE build/GEDE01/src/game/game_fn_80016904.o
[833/933] EXTERNALIZE build/GEDE01/src/game/game_fn_800173CC.o
[834/933] EXTERNALIZE build/GEDE01/src/game/game_fn_80016B24.o
[835/933] EXTERNALIZE build/GEDE01/src/game/game_fn_801B86C0.o
[836/933] EXTERNALIZE build/GEDE01/src/game/game_fn_801BEF40.o
[837/933] EXTERNALIZE STATIC POOL build/GEDE01/src/game/game_fn_801C4B5C.o
build/GEDE01/src/game/game_fn_801C4B5C.o: lbl_80628CB0 now undefined; section 6 emptied
[838/933] EXTERNALIZE build/GEDE01/src/game/game_fn_801C8600.o
[839/933] EXTERNALIZE build/GEDE01/src/game/game_fn_80173BDC.o
[840/933] EXTERNALIZE build/GEDE01/src/game/game_fn_801EAA04.o
[841/933] EXTERNALIZE build/GEDE01/src/game/game_fn_801E7014.o
[842/933] EXTERNALIZE build/GEDE01/src/game/game_fn_8014BA14.o
[843/933] EXTERNALIZE build/GEDE01/src/game/game_fn_801A4430.o
[844/933] EXTERNALIZE build/GEDE01/src/game/game_fn_800B2EC0.o
[845/933] EXTERNALIZE build/GEDE01/src/game/game_fn_8001CA04.o
[846/933] EXTERNALIZE build/GEDE01/src/game/game_fn_80031544.o
[847/933] EXTERNALIZE build/GEDE01/src/game/game_fn_8006B0F0.o
[848/933] EXTERNALIZE build/GEDE01/src/game/game_fn_8007D4D8.o
[849/933] EXTERNALIZE build/GEDE01/src/game/game_fn_8007F770.o
[850/933] EXTERNALIZE build/GEDE01/src/game/game_fn_80088F4C.o
[851/933] EXTERNALIZE build/GEDE01/src/game/game_fn_8008A2E0.o
[852/933] EXTERNALIZE build/GEDE01/src/game/game_fn_80089A34.o
[853/933] EXTERNALIZE build/GEDE01/src/game/game_fn_80090004.o
[854/933] EXTERNALIZE build/GEDE01/src/game/game_fn_80095D10.o
[855/933] EXTERNALIZE build/GEDE01/src/game/game_fn_800A3180.o
[856/933] EXTERNALIZE build/GEDE01/src/game/game_fn_800BB7A8.o
[857/933] EXTERNALIZE build/GEDE01/src/game/game_fn_800BB5C4.o
[858/933] EXTERNALIZE build/GEDE01/src/game/game_fn_800BB9A4.o
[859/933] EXTERNALIZE build/GEDE01/src/game/game_fn_800BBAF0.o
[860/933] EXTERNALIZE build/GEDE01/src/game/game_fn_800D9064.o
[861/933] EXTERNALIZE build/GEDE01/src/game/game_fn_800D9E10.o
[862/933] EXTERNALIZE build/GEDE01/src/game/game_fn_8012976C.o
[863/933] EXTERNALIZE build/GEDE01/src/game/game_fn_8013DB8C.o
[864/933] EXTERNALIZE build/GEDE01/src/game/game_fn_8013CBE4.o
[865/933] EXTERNALIZE build/GEDE01/src/game/game_fn_8014CA98.o
[866/933] EXTERNALIZE build/GEDE01/src/game/game_fn_80153A24.o
[867/933] EXTERNALIZE build/GEDE01/src/game/game_fn_801535D8.o
[868/933] EXTERNALIZE build/GEDE01/src/game/game_fn_80174F2C.o
[869/933] EXTERNALIZE build/GEDE01/src/game/game_fn_801752B0.o
[870/933] EXTERNALIZE build/GEDE01/src/game/game_fn_8017AC20.o
[871/933] EXTERNALIZE build/GEDE01/src/game/game_fn_801861C4.o
[872/933] EXTERNALIZE build/GEDE01/src/game/game_fn_8018680C.o
[873/933] EXTERNALIZE build/GEDE01/src/game/game_fn_80186F70.o
[874/933] EXTERNALIZE build/GEDE01/src/game/game_fn_80187320.o
[875/933] EXTERNALIZE build/GEDE01/src/game/game_fn_801810A0.o
[876/933] EXTERNALIZE build/GEDE01/src/game/game_fn_801875FC.o
[877/933] EXTERNALIZE build/GEDE01/src/game/game_fn_800542D0.o
[878/933] EXTERNALIZE build/GEDE01/src/game/game_fn_80187E40.o
[879/933] EXTERNALIZE build/GEDE01/src/game/game_fn_80187BB4.o
[880/933] EXTERNALIZE build/GEDE01/src/game/game_fn_80189C14.o
[881/933] EXTERNALIZE build/GEDE01/src/game/game_fn_8018C2D0.o
[882/933] EXTERNALIZE build/GEDE01/src/game/game_fn_8018D400.o
[883/933] EXTERNALIZE build/GEDE01/src/game/game_fn_8018E0D8.o
[884/933] EXTERNALIZE build/GEDE01/src/game/game_fn_8019120C.o
[885/933] EXTERNALIZE build/GEDE01/src/game/game_fn_8018DC24.o
[886/933] EXTERNALIZE build/GEDE01/src/game/game_fn_801916D0.o
[887/933] EXTERNALIZE build/GEDE01/src/game/game_fn_801926EC.o
[888/933] EXTERNALIZE build/GEDE01/src/game/game_fn_801929A4.o
[889/933] EXTERNALIZE build/GEDE01/src/game/game_fn_801952E8.o
[890/933] EXTERNALIZE build/GEDE01/src/game/game_fn_801A2A54.o
[891/933] EXTERNALIZE build/GEDE01/src/game/game_fn_801A34BC.o
[892/933] EXTERNALIZE build/GEDE01/src/game/game_fn_801A657C.o
[893/933] EXTERNALIZE build/GEDE01/src/game/game_fn_801A1F8C.o
[894/933] EXTERNALIZE build/GEDE01/src/game/game_fn_801D1F78.o
[895/933] EXTERNALIZE build/GEDE01/src/game/game_fn_801E2A48.o
[896/933] EXTERNALIZE build/GEDE01/src/game/game_fn_801E6814.o
[897/933] EXTERNALIZE build/GEDE01/src/game/game_fn_801E995C.o
[898/933] EXTERNALIZE build/GEDE01/src/game/game_fn_801EF580.o
[899/933] EXTERNALIZE build/GEDE01/src/game/game_fn_801F0CB0.o
[900/933] EXTERNALIZE build/GEDE01/src/game/game_fn_801F10BC.o
[901/933] EXTERNALIZE build/GEDE01/src/game/game_fn_801F35A8.o
[902/933] EXTERNALIZE build/GEDE01/src/game/game_fn_801ECD74.o
[903/933] EXTERNALIZE build/GEDE01/src/game/game_fn_801ED5F4.o
[904/933] EXTERNALIZE build/GEDE01/src/game/game_fn_801F69F0.o
[905/933] EXTERNALIZE build/GEDE01/src/game/game_fn_801F76EC.o
[906/933] EXTERNALIZE build/GEDE01/src/game/game_fn_801F8264.o
[907/933] EXTERNALIZE build/GEDE01/src/game/game_fn_801F89B4.o
[908/933] EXTERNALIZE build/GEDE01/src/game/game_fn_801F9AF8.o
[909/933] EXTERNALIZE build/GEDE01/src/game/game_fn_801F6BD8.o
[910/933] EXTERNALIZE build/GEDE01/src/game/game_fn_80095E64.o
[911/933] EXTERNALIZE build/GEDE01/src/game/game_fn_801FB6A4.o
[912/933] EXTERNALIZE JUMPTABLES build/GEDE01/src/game/game_fn_800361F8.o
[913/933] EXTERNALIZE JUMPTABLES build/GEDE01/src/game/game_fn_8006E53C.o
[914/933] EXTERNALIZE JUMPTABLES build/GEDE01/src/game/game_fn_800CF598.o
[915/933] EXTERNALIZE JUMPTABLES build/GEDE01/src/game/game_fn_801ACFE8.o
[916/933] EXTERNALIZE JUMPTABLES build/GEDE01/src/game/game_fn_801B1BA0.o
[917/933] EXTERNALIZE build/GEDE01/src/game/game_fn_80150A24.o
[918/933] EXTERNALIZE build/GEDE01/src/game/game_fn_80154F74.o
[919/933] EXTERNALIZE build/GEDE01/src/game/game_fn_801E504C.o
[920/933] EXTERNALIZE build/GEDE01/src/game/game_fn_8009E808.o
[921/933] EXTERNALIZE build/GEDE01/src/game/game_fn_801FFE78.o
[922/933] EXTERNALIZE build/GEDE01/src/game/game_fn_801F1A38.o
[923/933] EXTERNALIZE build/GEDE01/src/game/game_fn_801F55A0.o
[924/933] EXTERNALIZE build/GEDE01/src/game/game_fn_801F7510.o
[925/933] EXTERNALIZE build/GEDE01/src/game/game_fn_801F8FAC.o
[926/933] EXTERNALIZE build/GEDE01/src/game/game_fn_801F9CF4.o
[927/933] EXTERNALIZE build/GEDE01/src/game/game_fn_801FA9C8.o
[928/933] EXTERNALIZE build/GEDE01/src/game/game_fn_801FC034.o
[929/933] REPORT
 INFO Loading project .
 INFO Generating report for 7068 units (using 8 threads)
 INFO Report generated in 0.180s
 INFO Writing to build/GEDE01/report.json
[930/933] LINK build/GEDE01/main.elf
### mwldeppc.exe Linker Warning:
#   Section '.ignored' is unknown. Section ignored.
### mwldeppc.exe Linker Warning:
#   Section '.ignored' is unknown. Section ignored.
### mwldeppc.exe Linker Warning:
#   Section '.ignored' is unknown. Section ignored.
### mwldeppc.exe Linker Warning:
#   Section '.ignored' is unknown. Section ignored.
### mwldeppc.exe Linker Warning:
#   Section '.ignored' is unknown. Section ignored.
### mwldeppc.exe Linker Warning:
#   Section '.ignored' is unknown. Section ignored.
### mwldeppc.exe Linker Warning:
#   Section '.ignored' is unknown. Section ignored.
### mwldeppc.exe Linker Warning:
#   Section '.ignored' is unknown. Section ignored.
### mwldeppc.exe Linker Warning:
#   Section '.ignored' is unknown. Section ignored.
### mwldeppc.exe Linker Warning:
#   Section '.ignored' is unknown. Section ignored.
### mwldeppc.exe Linker Warning:
#   Section '.ignored' is unknown. Section ignored.
### mwldeppc.exe Linker Warning:
#   Section '.ignored' is unknown. Section ignored.
### mwldeppc.exe Linker Warning:
#   Section '.ignored' is unknown. Section ignored.
### mwldeppc.exe Linker Warning:
#   Section '.ignored' is unknown. Section ignored.
### mwldeppc.exe Linker Warning:
#   Section '.ignored' is unknown. Section ignored.
### mwldeppc.exe Linker Warning:
#   Section '.ignored' is unknown. Section ignored.
### mwldeppc.exe Linker Warning:
#   Section '.ignored' is unknown. Section ignored.
### mwldeppc.exe Linker Warning:
#   Section '.ignored' is unknown. Section ignored.
### mwldeppc.exe Linker Warning:
#   Section '.ignored' is unknown. Section ignored.
### mwldeppc.exe Linker Warning:
#   Section '.ignored' is unknown. Section ignored.
### mwldeppc.exe Linker Warning:
#   Section '.ignored' is unknown. Section ignored.
### mwldeppc.exe Linker Warning:
#   Section '.ignored' is unknown. Section ignored.
### mwldeppc.exe Linker Warning:
#   Section '.ignored' is unknown. Section ignored.
### mwldeppc.exe Linker Warning:
#   Section '.ignored' is unknown. Section ignored.
### mwldeppc.exe Linker Warning:
#   Section '.ignored' is unknown. Section ignored.
### mwldeppc.exe Linker Warning:
#   Section '.ignored' is unknown. Section ignored.
### mwldeppc.exe Linker Warning:
#   Section '.ignored' is unknown. Section ignored.
### mwldeppc.exe Linker Warning:
#   Section '.ignored' is unknown. Section ignored.
### mwldeppc.exe Linker Warning:
#   Section '.ignored' is unknown. Section ignored.
### mwldeppc.exe Linker Warning:
#   Section '.ignored' is unknown. Section ignored.
### mwldeppc.exe Linker Warning:
#   Section '.ignored' is unknown. Section ignored.
### mwldeppc.exe Linker Warning:
#   Section '.ignored' is unknown. Section ignored.
### mwldeppc.exe Linker Warning:
#   Section '.ignored' is unknown. Section ignored.
### mwldeppc.exe Linker Warning:
#   Section '.ignored' is unknown. Section ignored.
### mwldeppc.exe Linker Warning:
#   Section '.ignored' is unknown. Section ignored.
### mwldeppc.exe Linker Warning:
#   Section '.ignored' is unknown. Section ignored.
### mwldeppc.exe Linker Warning:
#   Section '.ignored' is unknown. Section ignored.
### mwldeppc.exe Linker Warning:
#   Section '.ignored' is unknown. Section ignored.
### mwldeppc.exe Linker Warning:
#   Section '.ignored' is unknown. Section ignored.
### mwldeppc.exe Linker Warning:
#   Section '.ignored' is unknown. Section ignored.
### mwldeppc.exe Linker Warning:
#   Section '.ignored' is unknown. Section ignored.
### mwldeppc.exe Linker Warning:
#   Section '.ignored' is unknown. Section ignored.
### mwldeppc.exe Linker Warning:
#   Section '.ignored' is unknown. Section ignored.
### mwldeppc.exe Linker Warning:
#   Section '.ignored' is unknown. Section ignored.
### mwldeppc.exe Linker Warning:
#   Section '.ignored' is unknown. Section ignored.
### mwldeppc.exe Linker Warning:
#   Section '.ignored' is unknown. Section ignored.
### mwldeppc.exe Linker Warning:
#   Section '.ignored' is unknown. Section ignored.
### mwldeppc.exe Linker Warning:
#   Section '.ignored' is unknown. Section ignored.
### mwldeppc.exe Linker Warning:
#   Section '.ignored' is unknown. Section ignored.
### mwldeppc.exe Linker Warning:
#   Section '.ignored' is unknown. Section ignored.
### mwldeppc.exe Linker Warning:
#   Section '.ignored' is unknown. Section ignored.
### mwldeppc.exe Linker Warning:
#   Section '.ignored' is unknown. Section ignored.
### mwldeppc.exe Linker Warning:
#   Section '.ignored' is unknown. Section ignored.
### mwldeppc.exe Linker Warning:
#   Section '.ignored' is unknown. Section ignored.
### mwldeppc.exe Linker Warning:
#   Section '.ignored' is unknown. Section ignored.
### mwldeppc.exe Linker Warning:
#   Section '.ignored' is unknown. Section ignored.
### mwldeppc.exe Linker Warning:
#   Section '.ignored' is unknown. Section ignored.
### mwldeppc.exe Linker Warning:
#   Section '.ignored' is unknown. Section ignored.
### mwldeppc.exe Linker Warning:
#   Section '.ignored' is unknown. Section ignored.
### mwldeppc.exe Linker Warning:
#   Section '.ignored' is unknown. Section ignored.
### mwldeppc.exe Linker Warning:
#   Section '.ignored' is unknown. Section ignored.
### mwldeppc.exe Linker Warning:
#   Section '.ignored' is unknown. Section ignored.
### mwldeppc.exe Linker Warning:
#   Section '.ignored' is unknown. Section ignored.
### mwldeppc.exe Linker Warning:
#   Section '.ignored' is unknown. Section ignored.
### mwldeppc.exe Linker Warning:
#   Section '.ignored' is unknown. Section ignored.
### mwldeppc.exe Linker Warning:
#   Section '.ignored' is unknown. Section ignored.
### mwldeppc.exe Linker Warning:
#   Section '.ignored' is unknown. Section ignored.
### mwldeppc.exe Linker Warning:
#   Section '.ignored' is unknown. Section ignored.
### mwldeppc.exe Linker Warning:
#   Section '.ignored' is unknown. Section ignored.
### mwldeppc.exe Linker Warning:
#   Section '.ignored' is unknown. Section ignored.
### mwldeppc.exe Linker Warning:
#   Section '.ignored' is unknown. Section ignored.
### mwldeppc.exe Linker Warning:
#   Section '.ignored' is unknown. Section ignored.
### mwldeppc.exe Linker Warning:
#   Section '.ignored' is unknown. Section ignored.
### mwldeppc.exe Linker Warning:
#   Section '.ignored' is unknown. Section ignored.
### mwldeppc.exe Linker Warning:
#   Section '.ignored' is unknown. Section ignored.
### mwldeppc.exe Linker Warning:
#   Section '.ignored' is unknown. Section ignored.
### mwldeppc.exe Linker Warning:
#   Section '.ignored' is unknown. Section ignored.
### mwldeppc.exe Linker Warning:
#   Section '.ignored' is unknown. Section ignored.
### mwldeppc.exe Linker Warning:
#   Section '.ignored' is unknown. Section ignored.
### mwldeppc.exe Linker Warning:
#   Section '.ignored' is unknown. Section ignored.
### mwldeppc.exe Linker Warning:
#   Section '.ignored' is unknown. Section ignored.
### mwldeppc.exe Linker Warning:
#   Section '.ignored' is unknown. Section ignored.
### mwldeppc.exe Linker Warning:
#   Section '.ignored' is unknown. Section ignored.
### mwldeppc.exe Linker Warning:
#   Section '.ignored' is unknown. Section ignored.
### mwldeppc.exe Linker Warning:
#   Section '.ignored' is unknown. Section ignored.
### mwldeppc.exe Linker Warning:
#   Section '.ignored' is unknown. Section ignored.
### mwldeppc.exe Linker Warning:
#   Section '.ignored' is unknown. Section ignored.
### mwldeppc.exe Linker Warning:
#   Section '.ignored' is unknown. Section ignored.
### mwldeppc.exe Linker Warning:
#   Section '.ignored' is unknown. Section ignored.
### mwldeppc.exe Linker Warning:
#   Section '.ignored' is unknown. Section ignored.
### mwldeppc.exe Linker Warning:
#   Section '.ignored' is unknown. Section ignored.
### mwldeppc.exe Linker Warning:
#   Section '.ignored' is unknown. Section ignored.
### mwldeppc.exe Linker Warning:
#   Section '.ignored' is unknown. Section ignored.
### mwldeppc.exe Linker Warning:
#   Section '.ignored' is unknown. Section ignored.
### mwldeppc.exe Linker Warning:
#   Section '.ignored' is unknown. Section ignored.
### mwldeppc.exe Linker Warning:
#   Section '.ignored' is unknown. Section ignored.
### mwldeppc.exe Linker Warning:
#   Section '.ignored' is unknown. Section ignored.
### mwldeppc.exe Linker Warning:
#   Section '.ignored' is unknown. Section ignored.
### mwldeppc.exe Linker Warning:
#   Section '.ignored' is unknown. Section ignored.
### mwldeppc.exe Linker Warning:
#   Section '.ignored' is unknown. Section ignored.
### mwldeppc.exe Linker Warning:
#   Section '.ignored' is unknown. Section ignored.
### mwldeppc.exe Linker Warning:
#   Section '.ignored' is unknown. Section ignored.
### mwldeppc.exe Linker Warning:
#   Section '.ignored' is unknown. Section ignored.
### mwldeppc.exe Linker Warning:
#   Section '.ignored' is unknown. Section ignored.
### mwldeppc.exe Linker Warning:
#   Section '.ignored' is unknown. Section ignored.
### mwldeppc.exe Linker Warning:
#   Section '.ignored' is unknown. Section ignored.
### mwldeppc.exe Linker Warning:
#   Section '.ignored' is unknown. Section ignored.
### mwldeppc.exe Linker Warning:
#   Section '.ignored' is unknown. Section ignored.
### mwldeppc.exe Linker Warning:
#   Section '.ignored' is unknown. Section ignored.
### mwldeppc.exe Linker Warning:
#   Section '.ignored' is unknown. Section ignored.
### mwldeppc.exe Linker Warning:
#   Section '.ignored' is unknown. Section ignored.
### mwldeppc.exe Linker Warning:
#   Section '.ignored' is unknown. Section ignored.
### mwldeppc.exe Linker Warning:
#   Section '.ignored' is unknown. Section ignored.
### mwldeppc.exe Linker Warning:
#   Section '.ignored' is unknown. Section ignored.
### mwldeppc.exe Linker Warning:
#   Section '.ignored' is unknown. Section ignored.
### mwldeppc.exe Linker Warning:
#   Section '.ignored' is unknown. Section ignored.
### mwldeppc.exe Linker Warning:
#   Section '.ignored' is unknown. Section ignored.
### mwldeppc.exe Linker Warning:
#   Section '.ignored' is unknown. Section ignored.
### mwldeppc.exe Linker Warning:
#   Section '.ignored' is unknown. Section ignored.
### mwldeppc.exe Linker Warning:
#   Section '.ignored' is unknown. Section ignored.
### mwldeppc.exe Linker Warning:
#   Section '.ignored' is unknown. Section ignored.
### mwldeppc.exe Linker Warning:
#   Section '.ignored' is unknown. Section ignored.
### mwldeppc.exe Linker Warning:
#   Section '.ignored' is unknown. Section ignored.
### mwldeppc.exe Linker Warning:
#   Section '.ignored' is unknown. Section ignored.
### mwldeppc.exe Linker Warning:
#   Section '.ignored' is unknown. Section ignored.
### mwldeppc.exe Linker Warning:
#   Section '.ignored' is unknown. Section ignored.
### mwldeppc.exe Linker Warning:
#   Section '.ignored' is unknown. Section ignored.
### mwldeppc.exe Linker Warning:
#   Section '.ignored' is unknown. Section ignored.
### mwldeppc.exe Linker Warning:
#   Section '.ignored' is unknown. Section ignored.
### mwldeppc.exe Linker Warning:
#   Section '.ignored' is unknown. Section ignored.
### mwldeppc.exe Linker Warning:
#   Section '.ignored' is unknown. Section ignored.
### mwldeppc.exe Linker Warning:
#   Section '.ignored' is unknown. Section ignored.
### mwldeppc.exe Linker Warning:
#   Section '.ignored' is unknown. Section ignored.
### mwldeppc.exe Linker Warning:
#   Section '.ignored' is unknown. Section ignored.
### mwldeppc.exe Linker Warning:
#   Section '.ignored' is unknown. Section ignored.
### mwldeppc.exe Linker Warning:
#   Section '.ignored' is unknown. Section ignored.
### mwldeppc.exe Linker Warning:
#   Section '.ignored' is unknown. Section ignored.
### mwldeppc.exe Linker Warning:
#   Section '.ignored' is unknown. Section ignored.
### mwldeppc.exe Linker Warning:
#   Section '.ignored' is unknown. Section ignored.
### mwldeppc.exe Linker Warning:
#   Section '.ignored' is unknown. Section ignored.
### mwldeppc.exe Linker Warning:
#   Section '.ignored' is unknown. Section ignored.
### mwldeppc.exe Linker Warning:
#   Section '.ignored' is unknown. Section ignored.
### mwldeppc.exe Linker Warning:
#   Section '.ignored' is unknown. Section ignored.
### mwldeppc.exe Linker Warning:
#   Section '.ignored' is unknown. Section ignored.
### mwldeppc.exe Linker Warning:
#   Section '.ignored' is unknown. Section ignored.
### mwldeppc.exe Linker Warning:
#   Section '.ignored' is unknown. Section ignored.
### mwldeppc.exe Linker Warning:
#   Section '.ignored' is unknown. Section ignored.
### mwldeppc.exe Linker Warning:
#   Section '.ignored' is unknown. Section ignored.
### mwldeppc.exe Linker Warning:
#   Section '.ignored' is unknown. Section ignored.
### mwldeppc.exe Linker Warning:
#   Section '.ignored' is unknown. Section ignored.
### mwldeppc.exe Linker Warning:
#   Section '.ignored' is unknown. Section ignored.
### mwldeppc.exe Linker Warning:
#   Section '.ignored' is unknown. Section ignored.
### mwldeppc.exe Linker Warning:
#   Section '.ignored' is unknown. Section ignored.
### mwldeppc.exe Linker Warning:
#   Section '.ignored' is unknown. Section ignored.
### mwldeppc.exe Linker Warning:
#   Section '.ignored' is unknown. Section ignored.
### mwldeppc.exe Linker Warning:
#   Section '.ignored' is unknown. Section ignored.
### mwldeppc.exe Linker Warning:
#   Section '.ignored' is unknown. Section ignored.
### mwldeppc.exe Linker Warning:
#   Section '.ignored' is unknown. Section ignored.
### mwldeppc.exe Linker Warning:
#   Section '.ignored' is unknown. Section ignored.
### mwldeppc.exe Linker Warning:
#   Section '.ignored' is unknown. Section ignored.
### mwldeppc.exe Linker Warning:
#   Section '.ignored' is unknown. Section ignored.
### mwldeppc.exe Linker Warning:
#   Section '.ignored' is unknown. Section ignored.
### mwldeppc.exe Linker Warning:
#   Section '.ignored' is unknown. Section ignored.
### mwldeppc.exe Linker Warning:
#   Section '.ignored' is unknown. Section ignored.
### mwldeppc.exe Linker Warning:
#   Section '.ignored' is unknown. Section ignored.
### mwldeppc.exe Linker Warning:
#   Section '.ignored' is unknown. Section ignored.
### mwldeppc.exe Linker Warning:
#   Section '.ignored' is unknown. Section ignored.
### mwldeppc.exe Linker Warning:
#   Section '.ignored' is unknown. Section ignored.
### mwldeppc.exe Linker Warning:
#   Section '.ignored' is unknown. Section ignored.
### mwldeppc.exe Linker Warning:
#   Section '.ignored' is unknown. Section ignored.
### mwldeppc.exe Linker Warning:
#   Section '.ignored' is unknown. Section ignored.
### mwldeppc.exe Linker Warning:
#   Section '.ignored' is unknown. Section ignored.
### mwldeppc.exe Linker Warning:
#   Section '.ignored' is unknown. Section ignored.
### mwldeppc.exe Linker Warning:
#   Section '.ignored' is unknown. Section ignored.
### mwldeppc.exe Linker Warning:
#   Section '.ignored' is unknown. Section ignored.
### mwldeppc.exe Linker Warning:
#   Section '.ignored' is unknown. Section ignored.
### mwldeppc.exe Linker Warning:
#   Section '.ignored' is unknown. Section ignored.
### mwldeppc.exe Linker Warning:
#   Section '.ignored' is unknown. Section ignored.
### mwldeppc.exe Linker Warning:
#   Section '.ignored' is unknown. Section ignored.
### mwldeppc.exe Linker Warning:
#   Section '.ignored' is unknown. Section ignored.
### mwldeppc.exe Linker Warning:
#   Section '.ignored' is unknown. Section ignored.
### mwldeppc.exe Linker Warning:
#   Section '.ignored' is unknown. Section ignored.
### mwldeppc.exe Linker Warning:
#   Section '.ignored' is unknown. Section ignored.
### mwldeppc.exe Linker Warning:
#   Section '.ignored' is unknown. Section ignored.
### mwldeppc.exe Linker Warning:
#   Section '.ignored' is unknown. Section ignored.
### mwldeppc.exe Linker Warning:
#   Section '.ignored' is unknown. Section ignored.
### mwldeppc.exe Linker Warning:
#   Section '.ignored' is unknown. Section ignored.
### mwldeppc.exe Linker Warning:
#   Section '.ignored' is unknown. Section ignored.
### mwldeppc.exe Linker Warning:
#   Section '.ignored' is unknown. Section ignored.
### mwldeppc.exe Linker Warning:
#   Section '.ignored' is unknown. Section ignored.
### mwldeppc.exe Linker Warning:
#   Section '.ignored' is unknown. Section ignored.
### mwldeppc.exe Linker Warning:
#   Section '.ignored' is unknown. Section ignored.
### mwldeppc.exe Linker Warning:
#   Section '.ignored' is unknown. Section ignored.
### mwldeppc.exe Linker Warning:
#   Section '.ignored' is unknown. Section ignored.
### mwldeppc.exe Linker Warning:
#   Section '.ignored' is unknown. Section ignored.
### mwldeppc.exe Linker Warning:
#   Section '.ignored' is unknown. Section ignored.
### mwldeppc.exe Linker Warning:
#   Section '.ignored' is unknown. Section ignored.
### mwldeppc.exe Linker Warning:
#   Section '.ignored' is unknown. Section ignored.
### mwldeppc.exe Linker Warning:
#   Section '.ignored' is unknown. Section ignored.
### mwldeppc.exe Linker Warning:
#   Section '.ignored' is unknown. Section ignored.
### mwldeppc.exe Linker Warning:
#   Section '.ignored' is unknown. Section ignored.
### mwldeppc.exe Linker Warning:
#   Section '.ignored' is unknown. Section ignored.
### mwldeppc.exe Linker Warning:
#   Section '.ignored' is unknown. Section ignored.
### mwldeppc.exe Linker Warning:
#   Section '.ignored' is unknown. Section ignored.
### mwldeppc.exe Linker Warning:
#   Section '.ignored' is unknown. Section ignored.
### mwldeppc.exe Linker Warning:
#   Section '.ignored' is unknown. Section ignored.
### mwldeppc.exe Linker Warning:
#   Section '.ignored' is unknown. Section ignored.
### mwldeppc.exe Linker Warning:
#   Section '.ignored' is unknown. Section ignored.
### mwldeppc.exe Linker Warning:
#   Section '.ignored' is unknown. Section ignored.
### mwldeppc.exe Linker Warning:
#   Section '.ignored' is unknown. Section ignored.
### mwldeppc.exe Linker Warning:
#   Section '.ignored' is unknown. Section ignored.
### mwldeppc.exe Linker Warning:
#   Section '.ignored' is unknown. Section ignored.
### mwldeppc.exe Linker Warning:
#   Section '.ignored' is unknown. Section ignored.
### mwldeppc.exe Linker Warning:
#   Section '.ignored' is unknown. Section ignored.
### mwldeppc.exe Linker Warning:
#   Section '.ignored' is unknown. Section ignored.
### mwldeppc.exe Linker Warning:
#   Section '.ignored' is unknown. Section ignored.
### mwldeppc.exe Linker Warning:
#   Section '.ignored' is unknown. Section ignored.
### mwldeppc.exe Linker Warning:
#   Section '.ignored' is unknown. Section ignored.
### mwldeppc.exe Linker Warning:
#   Section '.ignored' is unknown. Section ignored.
### mwldeppc.exe Linker Warning:
#   Section '.ignored' is unknown. Section ignored.
### mwldeppc.exe Linker Warning:
#   Section '.ignored' is unknown. Section ignored.
### mwldeppc.exe Linker Warning:
#   Section '.ignored' is unknown. Section ignored.
### mwldeppc.exe Linker Warning:
#   Section '.ignored' is unknown. Section ignored.
### mwldeppc.exe Linker Warning:
#   Section '.ignored' is unknown. Section ignored.
### mwldeppc.exe Linker Warning:
#   Section '.ignored' is unknown. Section ignored.
### mwldeppc.exe Linker Warning:
#   Section '.ignored' is unknown. Section ignored.
### mwldeppc.exe Linker Warning:
#   Section '.ignored' is unknown. Section ignored.
### mwldeppc.exe Linker Warning:
#   Section '.ignored' is unknown. Section ignored.
### mwldeppc.exe Linker Warning:
#   Section '.ignored' is unknown. Section ignored.
### mwldeppc.exe Linker Warning:
#   Section '.ignored' is unknown. Section ignored.
### mwldeppc.exe Linker Warning:
#   Section '.ignored' is unknown. Section ignored.
### mwldeppc.exe Linker Warning:
#   Section '.ignored' is unknown. Section ignored.
### mwldeppc.exe Linker Warning:
#   Section '.ignored' is unknown. Section ignored.
### mwldeppc.exe Linker Warning:
#   Section '.ignored' is unknown. Section ignored.
### mwldeppc.exe Linker Warning:
#   Section '.ignored' is unknown. Section ignored.
### mwldeppc.exe Linker Warning:
#   Section '.ignored' is unknown. Section ignored.
### mwldeppc.exe Linker Warning:
#   Section '.ignored' is unknown. Section ignored.
### mwldeppc.exe Linker Warning:
#   Section '.ignored' is unknown. Section ignored.
### mwldeppc.exe Linker Warning:
#   Section '.ignored' is unknown. Section ignored.
### mwldeppc.exe Linker Warning:
#   Section '.ignored' is unknown. Section ignored.
### mwldeppc.exe Linker Warning:
#   Section '.ignored' is unknown. Section ignored.
### mwldeppc.exe Linker Warning:
#   Section '.ignored' is unknown. Section ignored.
### mwldeppc.exe Linker Warning:
#   Section '.ignored' is unknown. Section ignored.
### mwldeppc.exe Linker Warning:
#   Section '.ignored' is unknown. Section ignored.
### mwldeppc.exe Linker Warning:
#   Section '.ignored' is unknown. Section ignored.
### mwldeppc.exe Linker Warning:
#   Section '.ignored' is unknown. Section ignored.
### mwldeppc.exe Linker Warning:
#   Section '.ignored' is unknown. Section ignored.
### mwldeppc.exe Linker Warning:
#   Section '.ignored' is unknown. Section ignored.
### mwldeppc.exe Linker Warning:
#   Section '.ignored' is unknown. Section ignored.
### mwldeppc.exe Linker Warning:
#   Section '.ignored' is unknown. Section ignored.
### mwldeppc.exe Linker Warning:
#   Section '.ignored' is unknown. Section ignored.
### mwldeppc.exe Linker Warning:
#   Section '.ignored' is unknown. Section ignored.
### mwldeppc.exe Linker Warning:
#   Section '.ignored' is unknown. Section ignored.
### mwldeppc.exe Linker Warning:
#   Section '.ignored' is unknown. Section ignored.
### mwldeppc.exe Linker Warning:
#   Section '.ignored' is unknown. Section ignored.
### mwldeppc.exe Linker Warning:
#   Section '.ignored' is unknown. Section ignored.
### mwldeppc.exe Linker Warning:
#   Section '.ignored' is unknown. Section ignored.
### mwldeppc.exe Linker Warning:
#   Section '.ignored' is unknown. Section ignored.
### mwldeppc.exe Linker Warning:
#   Section '.ignored' is unknown. Section ignored.
### mwldeppc.exe Linker Warning:
#   Section '.ignored' is unknown. Section ignored.
### mwldeppc.exe Linker Warning:
#   Section '.ignored' is unknown. Section ignored.
### mwldeppc.exe Linker Warning:
#   Section '.ignored' is unknown. Section ignored.
### mwldeppc.exe Linker Warning:
#   Section '.ignored' is unknown. Section ignored.
### mwldeppc.exe Linker Warning:
#   Section '.ignored' is unknown. Section ignored.
### mwldeppc.exe Linker Warning:
#   Section '.ignored' is unknown. Section ignored.
### mwldeppc.exe Linker Warning:
#   Section '.ignored' is unknown. Section ignored.
### mwldeppc.exe Linker Warning:
#   Section '.ignored' is unknown. Section ignored.
### mwldeppc.exe Linker Warning:
#   Section '.ignored' is unknown. Section ignored.
### mwldeppc.exe Linker Warning:
#   Section '.ignored' is unknown. Section ignored.
### mwldeppc.exe Linker Warning:
#   Section '.ignored' is unknown. Section ignored.
### mwldeppc.exe Linker Warning:
#   Section '.ignored' is unknown. Section ignored.
### mwldeppc.exe Linker Warning:
#   Section '.ignored' is unknown. Section ignored.
### mwldeppc.exe Linker Warning:
#   Section '.ignored' is unknown. Section ignored.
### mwldeppc.exe Linker Warning:
#   Section '.ignored' is unknown. Section ignored.
### mwldeppc.exe Linker Warning:
#   Section '.ignored' is unknown. Section ignored.
### mwldeppc.exe Linker Warning:
#   Section '.ignored' is unknown. Section ignored.
### mwldeppc.exe Linker Warning:
#   Section '.ignored' is unknown. Section ignored.
### mwldeppc.exe Linker Warning:
#   Section '.ignored' is unknown. Section ignored.
### mwldeppc.exe Linker Warning:
#   Section '.ignored' is unknown. Section ignored.
### mwldeppc.exe Linker Warning:
#   Section '.ignored' is unknown. Section ignored.
### mwldeppc.exe Linker Warning:
#   Section '.ignored' is unknown. Section ignored.
### mwldeppc.exe Linker Warning:
#   Section '.ignored' is unknown. Section ignored.
### mwldeppc.exe Linker Warning:
#   Section '.ignored' is unknown. Section ignored.
### mwldeppc.exe Linker Warning:
#   Section '.ignored' is unknown. Section ignored.
### mwldeppc.exe Linker Warning:
#   Section '.ignored' is unknown. Section ignored.
### mwldeppc.exe Linker Warning:
#   Section '.ignored' is unknown. Section ignored.
### mwldeppc.exe Linker Warning:
#   Section '.ignored' is unknown. Section ignored.
### mwldeppc.exe Linker Warning:
#   Section '.ignored' is unknown. Section ignored.
### mwldeppc.exe Linker Warning:
#   Section '.ignored' is unknown. Section ignored.
### mwldeppc.exe Linker Warning:
#   Section '.ignored' is unknown. Section ignored.
### mwldeppc.exe Linker Warning:
#   Section '.ignored' is unknown. Section ignored.
### mwldeppc.exe Linker Warning:
#   Section '.ignored' is unknown. Section ignored.
### mwldeppc.exe Linker Warning:
#   Section '.ignored' is unknown. Section ignored.
### mwldeppc.exe Linker Warning:
#   Section '.ignored' is unknown. Section ignored.
### mwldeppc.exe Linker Warning:
#   Section '.ignored' is unknown. Section ignored.
### mwldeppc.exe Linker Warning:
#   Section '.ignored' is unknown. Section ignored.
### mwldeppc.exe Linker Warning:
#   Section '.ignored' is unknown. Section ignored.
### mwldeppc.exe Linker Warning:
#   Section '.ignored' is unknown. Section ignored.
### mwldeppc.exe Linker Warning:
#   Section '.ignored' is unknown. Section ignored.
### mwldeppc.exe Linker Warning:
#   Section '.ignored' is unknown. Section ignored.
### mwldeppc.exe Linker Warning:
#   Section '.ignored' is unknown. Section ignored.
### mwldeppc.exe Linker Warning:
#   Section '.ignored' is unknown. Section ignored.
### mwldeppc.exe Linker Warning:
#   Section '.ignored' is unknown. Section ignored.
### mwldeppc.exe Linker Warning:
#   Section '.ignored' is unknown. Section ignored.
### mwldeppc.exe Linker Warning:
#   Section '.ignored' is unknown. Section ignored.
### mwldeppc.exe Linker Warning:
#   Section '.ignored' is unknown. Section ignored.
### mwldeppc.exe Linker Warning:
#   Section '.ignored' is unknown. Section ignored.
### mwldeppc.exe Linker Warning:
#   Section '.ignored' is unknown. Section ignored.
### mwldeppc.exe Linker Warning:
#   Section '.ignored' is unknown. Section ignored.
### mwldeppc.exe Linker Warning:
#   Section '.ignored' is unknown. Section ignored.
### mwldeppc.exe Linker Warning:
#   Section '.ignored' is unknown. Section ignored.
### mwldeppc.exe Linker Warning:
#   Section '.ignored' is unknown. Section ignored.
### mwldeppc.exe Linker Warning:
#   Section '.ignored' is unknown. Section ignored.
### mwldeppc.exe Linker Warning:
#   Section '.ignored' is unknown. Section ignored.
### mwldeppc.exe Linker Warning:
#   Section '.ignored' is unknown. Section ignored.
### mwldeppc.exe Linker Warning:
#   Section '.ignored' is unknown. Section ignored.
### mwldeppc.exe Linker Warning:
#   Section '.ignored' is unknown. Section ignored.
### mwldeppc.exe Linker Warning:
#   Section '.ignored' is unknown. Section ignored.
### mwldeppc.exe Linker Warning:
#   Section '.ignored' is unknown. Section ignored.
### mwldeppc.exe Linker Warning:
#   Section '.ignored' is unknown. Section ignored.
### mwldeppc.exe Linker Warning:
#   Section '.ignored' is unknown. Section ignored.
### mwldeppc.exe Linker Warning:
#   Section '.ignored' is unknown. Section ignored.
### mwldeppc.exe Linker Warning:
#   Section '.ignored' is unknown. Section ignored.
### mwldeppc.exe Linker Warning:
#   Section '.ignored' is unknown. Section ignored.
### mwldeppc.exe Linker Warning:
#   Section '.ignored' is unknown. Section ignored.
### mwldeppc.exe Linker Warning:
#   Section '.ignored' is unknown. Section ignored.
### mwldeppc.exe Linker Warning:
#   Section '.ignored' is unknown. Section ignored.
### mwldeppc.exe Linker Warning:
#   Section '.ignored' is unknown. Section ignored.
### mwldeppc.exe Linker Warning:
#   Section '.ignored' is unknown. Section ignored.
### mwldeppc.exe Linker Warning:
#   Section '.ignored' is unknown. Section ignored.
### mwldeppc.exe Linker Warning:
#   Section '.ignored' is unknown. Section ignored.
### mwldeppc.exe Linker Warning:
#   Section '.ignored' is unknown. Section ignored.
### mwldeppc.exe Linker Warning:
#   Section '.ignored' is unknown. Section ignored.
### mwldeppc.exe Linker Warning:
#   Section '.ignored' is unknown. Section ignored.
### mwldeppc.exe Linker Warning:
#   Section '.ignored' is unknown. Section ignored.
### mwldeppc.exe Linker Warning:
#   Section '.ignored' is unknown. Section ignored.
### mwldeppc.exe Linker Warning:
#   Section '.ignored' is unknown. Section ignored.
### mwldeppc.exe Linker Warning:
#   Section '.ignored' is unknown. Section ignored.
### mwldeppc.exe Linker Warning:
#   Section '.ignored' is unknown. Section ignored.
### mwldeppc.exe Linker Warning:
#   Section '.ignored' is unknown. Section ignored.
### mwldeppc.exe Linker Warning:
#   Section '.ignored' is unknown. Section ignored.
### mwldeppc.exe Linker Warning:
#   Section '.ignored' is unknown. Section ignored.
### mwldeppc.exe Linker Warning:
#   Section '.ignored' is unknown. Section ignored.
### mwldeppc.exe Linker Warning:
#   Section '.ignored' is unknown. Section ignored.
### mwldeppc.exe Linker Warning:
#   Section '.ignored' is unknown. Section ignored.
### mwldeppc.exe Linker Warning:
#   Section '.ignored' is unknown. Section ignored.
### mwldeppc.exe Linker Warning:
#   Section '.ignored' is unknown. Section ignored.
### mwldeppc.exe Linker Warning:
#   Section '.ignored' is unknown. Section ignored.
### mwldeppc.exe Linker Warning:
#   Section '.ignored' is unknown. Section ignored.
### mwldeppc.exe Linker Warning:
#   Section '.ignored' is unknown. Section ignored.
### mwldeppc.exe Linker Warning:
#   Section '.ignored' is unknown. Section ignored.
### mwldeppc.exe Linker Warning:
#   Section '.ignored' is unknown. Section ignored.
### mwldeppc.exe Linker Warning:
#   Section '.ignored' is unknown. Section ignored.
### mwldeppc.exe Linker Warning:
#   Section '.ignored' is unknown. Section ignored.
### mwldeppc.exe Linker Warning:
#   Section '.ignored' is unknown. Section ignored.
### mwldeppc.exe Linker Warning:
#   Section '.ignored' is unknown. Section ignored.
### mwldeppc.exe Linker Warning:
#   Section '.ignored' is unknown. Section ignored.
### mwldeppc.exe Linker Warning:
#   Section '.ignored' is unknown. Section ignored.
### mwldeppc.exe Linker Warning:
#   Section '.ignored' is unknown. Section ignored.
### mwldeppc.exe Linker Warning:
#   Section '.ignored' is unknown. Section ignored.
### mwldeppc.exe Linker Warning:
#   Section '.ignored' is unknown. Section ignored.
### mwldeppc.exe Linker Warning:
#   Section '.ignored' is unknown. Section ignored.
### mwldeppc.exe Linker Warning:
#   Section '.ignored' is unknown. Section ignored.
### mwldeppc.exe Linker Warning:
#   Section '.ignored' is unknown. Section ignored.
### mwldeppc.exe Linker Warning:
#   Section '.ignored' is unknown. Section ignored.
### mwldeppc.exe Linker Warning:
#   Section '.ignored' is unknown. Section ignored.
### mwldeppc.exe Linker Warning:
#   Section '.ignored' is unknown. Section ignored.
### mwldeppc.exe Linker Warning:
#   Section '.ignored' is unknown. Section ignored.
### mwldeppc.exe Linker Warning:
#   Section '.ignored' is unknown. Section ignored.
### mwldeppc.exe Linker Warning:
#   Section '.ignored' is unknown. Section ignored.
### mwldeppc.exe Linker Warning:
#   Section '.ignored' is unknown. Section ignored.
### mwldeppc.exe Linker Warning:
#   Section '.ignored' is unknown. Section ignored.
### mwldeppc.exe Linker Warning:
#   Section '.ignored' is unknown. Section ignored.
### mwldeppc.exe Linker Warning:
#   Section '.ignored' is unknown. Section ignored.
### mwldeppc.exe Linker Warning:
#   Section '.ignored' is unknown. Section ignored.
### mwldeppc.exe Linker Warning:
#   Section '.ignored' is unknown. Section ignored.
### mwldeppc.exe Linker Warning:
#   Section '.ignored' is unknown. Section ignored.
### mwldeppc.exe Linker Warning:
#   Section '.ignored' is unknown. Section ignored.
### mwldeppc.exe Linker Warning:
#   Section '.ignored' is unknown. Section ignored.
### mwldeppc.exe Linker Warning:
#   Section '.ignored' is unknown. Section ignored.
### mwldeppc.exe Linker Warning:
#   Section '.ignored' is unknown. Section ignored.
### mwldeppc.exe Linker Warning:
#   Section '.ignored' is unknown. Section ignored.
### mwldeppc.exe Linker Warning:
#   Section '.ignored' is unknown. Section ignored.
### mwldeppc.exe Linker Warning:
#   Section '.ignored' is unknown. Section ignored.
### mwldeppc.exe Linker Warning:
#   Section '.ignored' is unknown. Section ignored.
### mwldeppc.exe Linker Warning:
#   Section '.ignored' is unknown. Section ignored.
### mwldeppc.exe Linker Warning:
#   Section '.ignored' is unknown. Section ignored.
### mwldeppc.exe Linker Warning:
#   Section '.ignored' is unknown. Section ignored.
### mwldeppc.exe Linker Warning:
#   Section '.ignored' is unknown. Section ignored.
### mwldeppc.exe Linker Warning:
#   Section '.ignored' is unknown. Section ignored.
### mwldeppc.exe Linker Warning:
#   Section '.ignored' is unknown. Section ignored.
### mwldeppc.exe Linker Warning:
#   Section '.ignored' is unknown. Section ignored.
### mwldeppc.exe Linker Warning:
#   Section '.ignored' is unknown. Section ignored.
### mwldeppc.exe Linker Warning:
#   Section '.ignored' is unknown. Section ignored.
### mwldeppc.exe Linker Warning:
#   Section '.ignored' is unknown. Section ignored.
### mwldeppc.exe Linker Warning:
#   Section '.ignored' is unknown. Section ignored.
### mwldeppc.exe Linker Warning:
#   Section '.ignored' is unknown. Section ignored.
### mwldeppc.exe Linker Warning:
#   Section '.ignored' is unknown. Section ignored.
### mwldeppc.exe Linker Warning:
#   Section '.ignored' is unknown. Section ignored.
### mwldeppc.exe Linker Warning:
#   Section '.ignored' is unknown. Section ignored.
### mwldeppc.exe Linker Warning:
#   Section '.ignored' is unknown. Section ignored.
### mwldeppc.exe Linker Warning:
#   Section '.ignored' is unknown. Section ignored.
### mwldeppc.exe Linker Warning:
#   Section '.ignored' is unknown. Section ignored.
### mwldeppc.exe Linker Warning:
#   Section '.ignored' is unknown. Section ignored.
### mwldeppc.exe Linker Warning:
#   Section '.ignored' is unknown. Section ignored.
### mwldeppc.exe Linker Warning:
#   Section '.ignored' is unknown. Section ignored.
### mwldeppc.exe Linker Warning:
#   Section '.ignored' is unknown. Section ignored.
### mwldeppc.exe Linker Warning:
#   Section '.ignored' is unknown. Section ignored.
### mwldeppc.exe Linker Warning:
#   Section '.ignored' is unknown. Section ignored.
### mwldeppc.exe Linker Warning:
#   Section '.ignored' is unknown. Section ignored.
### mwldeppc.exe Linker Warning:
#   Section '.ignored' is unknown. Section ignored.
### mwldeppc.exe Linker Warning:
#   Section '.ignored' is unknown. Section ignored.
### mwldeppc.exe Linker Warning:
#   Section '.ignored' is unknown. Section ignored.
### mwldeppc.exe Linker Warning:
#   Section '.ignored' is unknown. Section ignored.
### mwldeppc.exe Linker Warning:
#   Section '.ignored' is unknown. Section ignored.
### mwldeppc.exe Linker Warning:
#   Section '.ignored' is unknown. Section ignored.
### mwldeppc.exe Linker Warning:
#   Section '.ignored' is unknown. Section ignored.
### mwldeppc.exe Linker Warning:
#   Section '.ignored' is unknown. Section ignored.
### mwldeppc.exe Linker Warning:
#   Section '.ignored' is unknown. Section ignored.
### mwldeppc.exe Linker Warning:
#   Section '.ignored' is unknown. Section ignored.
### mwldeppc.exe Linker Warning:
#   Section '.ignored' is unknown. Section ignored.
### mwldeppc.exe Linker Warning:
#   Section '.ignored' is unknown. Section ignored.
### mwldeppc.exe Linker Warning:
#   Section '.ignored' is unknown. Section ignored.
### mwldeppc.exe Linker Warning:
#   Section '.ignored' is unknown. Section ignored.
### mwldeppc.exe Linker Warning:
#   Section '.ignored' is unknown. Section ignored.
### mwldeppc.exe Linker Warning:
#   Section '.ignored' is unknown. Section ignored.
### mwldeppc.exe Linker Warning:
#   Section '.ignored' is unknown. Section ignored.
### mwldeppc.exe Linker Warning:
#   Section '.ignored' is unknown. Section ignored.
### mwldeppc.exe Linker Warning:
#   Section '.ignored' is unknown. Section ignored.
### mwldeppc.exe Linker Warning:
#   Section '.ignored' is unknown. Section ignored.
### mwldeppc.exe Linker Warning:
#   Section '.ignored' is unknown. Section ignored.
### mwldeppc.exe Linker Warning:
#   Section '.ignored' is unknown. Section ignored.
### mwldeppc.exe Linker Warning:
#   Section '.ignored' is unknown. Section ignored.
### mwldeppc.exe Linker Warning:
#   Section '.ignored' is unknown. Section ignored.
### mwldeppc.exe Linker Warning:
#   Section '.ignored' is unknown. Section ignored.
### mwldeppc.exe Linker Warning:
#   Section '.ignored' is unknown. Section ignored.
### mwldeppc.exe Linker Warning:
#   Section '.ignored' is unknown. Section ignored.
### mwldeppc.exe Linker Warning:
#   Section '.ignored' is unknown. Section ignored.
### mwldeppc.exe Linker Warning:
#   Section '.ignored' is unknown. Section ignored.
### mwldeppc.exe Linker Warning:
#   Section '.ignored' is unknown. Section ignored.
### mwldeppc.exe Linker Warning:
#   Section '.ignored' is unknown. Section ignored.
### mwldeppc.exe Linker Warning:
#   Section '.ignored' is unknown. Section ignored.
### mwldeppc.exe Linker Warning:
#   Section '.ignored' is unknown. Section ignored.
### mwldeppc.exe Linker Warning:
#   Section '.ignored' is unknown. Section ignored.
### mwldeppc.exe Linker Warning:
#   Section '.ignored' is unknown. Section ignored.
### mwldeppc.exe Linker Warning:
#   Section '.ignored' is unknown. Section ignored.
### mwldeppc.exe Linker Warning:
#   Section '.ignored' is unknown. Section ignored.
### mwldeppc.exe Linker Warning:
#   Section '.ignored' is unknown. Section ignored.
### mwldeppc.exe Linker Warning:
#   Section '.ignored' is unknown. Section ignored.
### mwldeppc.exe Linker Warning:
#   Section '.ignored' is unknown. Section ignored.
### mwldeppc.exe Linker Warning:
#   Section '.ignored' is unknown. Section ignored.
### mwldeppc.exe Linker Warning:
#   Section '.ignored' is unknown. Section ignored.
### mwldeppc.exe Linker Warning:
#   Section '.ignored' is unknown. Section ignored.
### mwldeppc.exe Linker Warning:
#   Section '.ignored' is unknown. Section ignored.
### mwldeppc.exe Linker Warning:
#   Section '.ignored' is unknown. Section ignored.
### mwldeppc.exe Linker Warning:
#   Section '.ignored' is unknown. Section ignored.
### mwldeppc.exe Linker Warning:
#   Section '.ignored' is unknown. Section ignored.
### mwldeppc.exe Linker Warning:
#   Section '.ignored' is unknown. Section ignored.
### mwldeppc.exe Linker Warning:
#   Section '.ignored' is unknown. Section ignored.
### mwldeppc.exe Linker Warning:
#   Section '.ignored' is unknown. Section ignored.
### mwldeppc.exe Linker Warning:
#   Section '.ignored' is unknown. Section ignored.
### mwldeppc.exe Linker Warning:
#   Section '.ignored' is unknown. Section ignored.
### mwldeppc.exe Linker Warning:
#   Section '.ignored' is unknown. Section ignored.
### mwldeppc.exe Linker Warning:
#   Section '.ignored' is unknown. Section ignored.
### mwldeppc.exe Linker Warning:
#   Section '.ignored' is unknown. Section ignored.
### mwldeppc.exe Linker Warning:
#   Section '.ignored' is unknown. Section ignored.
### mwldeppc.exe Linker Warning:
#   Section '.ignored' is unknown. Section ignored.
### mwldeppc.exe Linker Warning:
#   Section '.ignored' is unknown. Section ignored.
### mwldeppc.exe Linker Warning:
#   Section '.ignored' is unknown. Section ignored.
### mwldeppc.exe Linker Warning:
#   Section '.ignored' is unknown. Section ignored.
### mwldeppc.exe Linker Warning:
#   Section '.ignored' is unknown. Section ignored.
### mwldeppc.exe Linker Warning:
#   Section '.ignored' is unknown. Section ignored.
### mwldeppc.exe Linker Warning:
#   Section '.ignored' is unknown. Section ignored.
### mwldeppc.exe Linker Warning:
#   Section '.ignored' is unknown. Section ignored.
### mwldeppc.exe Linker Warning:
#   Section '.ignored' is unknown. Section ignored.
### mwldeppc.exe Linker Warning:
#   Section '.ignored' is unknown. Section ignored.
### mwldeppc.exe Linker Warning:
#   Section '.ignored' is unknown. Section ignored.
### mwldeppc.exe Linker Warning:
#   Section '.ignored' is unknown. Section ignored.
### mwldeppc.exe Linker Warning:
#   Section '.ignored' is unknown. Section ignored.
### mwldeppc.exe Linker Warning:
#   Section '.ignored' is unknown. Section ignored.
### mwldeppc.exe Linker Warning:
#   Section '.ignored' is unknown. Section ignored.
### mwldeppc.exe Linker Warning:
#   Section '.ignored' is unknown. Section ignored.
### mwldeppc.exe Linker Warning:
#   Section '.ignored' is unknown. Section ignored.
### mwldeppc.exe Linker Warning:
#   Section '.ignored' is unknown. Section ignored.
### mwldeppc.exe Linker Warning:
#   Section '.ignored' is unknown. Section ignored.
### mwldeppc.exe Linker Warning:
#   Section '.ignored' is unknown. Section ignored.
### mwldeppc.exe Linker Warning:
#   Section '.ignored' is unknown. Section ignored.
### mwldeppc.exe Linker Warning:
#   Section '.ignored' is unknown. Section ignored.
### mwldeppc.exe Linker Warning:
#   Section '.ignored' is unknown. Section ignored.
### mwldeppc.exe Linker Warning:
#   Section '.ignored' is unknown. Section ignored.
### mwldeppc.exe Linker Warning:
#   Section '.ignored' is unknown. Section ignored.
### mwldeppc.exe Linker Warning:
#   Section '.ignored' is unknown. Section ignored.
### mwldeppc.exe Linker Warning:
#   Section '.ignored' is unknown. Section ignored.
### mwldeppc.exe Linker Warning:
#   Section '.ignored' is unknown. Section ignored.
### mwldeppc.exe Linker Warning:
#   Section '.ignored' is unknown. Section ignored.
### mwldeppc.exe Linker Warning:
#   Section '.ignored' is unknown. Section ignored.
### mwldeppc.exe Linker Warning:
#   Section '.ignored' is unknown. Section ignored.
### mwldeppc.exe Linker Warning:
#   Section '.ignored' is unknown. Section ignored.
### mwldeppc.exe Linker Warning:
#   Section '.ignored' is unknown. Section ignored.
### mwldeppc.exe Linker Warning:
#   Section '.ignored' is unknown. Section ignored.
### mwldeppc.exe Linker Warning:
#   Section '.ignored' is unknown. Section ignored.
### mwldeppc.exe Linker Warning:
#   Section '.ignored' is unknown. Section ignored.
### mwldeppc.exe Linker Warning:
#   Section '.ignored' is unknown. Section ignored.
### mwldeppc.exe Linker Warning:
#   Section '.ignored' is unknown. Section ignored.
### mwldeppc.exe Linker Warning:
#   Section '.ignored' is unknown. Section ignored.
### mwldeppc.exe Linker Warning:
#   Section '.ignored' is unknown. Section ignored.
### mwldeppc.exe Linker Warning:
#   Section '.ignored' is unknown. Section ignored.
### mwldeppc.exe Linker Warning:
#   Section '.ignored' is unknown. Section ignored.
### mwldeppc.exe Linker Warning:
#   Section '.ignored' is unknown. Section ignored.
### mwldeppc.exe Linker Warning:
#   Section '.ignored' is unknown. Section ignored.
### mwldeppc.exe Linker Warning:
#   Section '.ignored' is unknown. Section ignored.
### mwldeppc.exe Linker Warning:
#   Section '.ignored' is unknown. Section ignored.
### mwldeppc.exe Linker Warning:
#   Section '.ignored' is unknown. Section ignored.
### mwldeppc.exe Linker Warning:
#   Section '.ignored' is unknown. Section ignored.
### mwldeppc.exe Linker Warning:
#   Section '.ignored' is unknown. Section ignored.
### mwldeppc.exe Linker Warning:
#   Section '.ignored' is unknown. Section ignored.
### mwldeppc.exe Linker Warning:
#   Section '.ignored' is unknown. Section ignored.
### mwldeppc.exe Linker Warning:
#   Section '.ignored' is unknown. Section ignored.
### mwldeppc.exe Linker Warning:
#   Section '.ignored' is unknown. Section ignored.
### mwldeppc.exe Linker Warning:
#   Section '.ignored' is unknown. Section ignored.
### mwldeppc.exe Linker Warning:
#   Section '.ignored' is unknown. Section ignored.
### mwldeppc.exe Linker Warning:
#   Section '.ignored' is unknown. Section ignored.
### mwldeppc.exe Linker Warning:
#   Section '.ignored' is unknown. Section ignored.
### mwldeppc.exe Linker Warning:
#   Section '.ignored' is unknown. Section ignored.
### mwldeppc.exe Linker Warning:
#   Section '.ignored' is unknown. Section ignored.
### mwldeppc.exe Linker Warning:
#   Section '.ignored' is unknown. Section ignored.
### mwldeppc.exe Linker Warning:
#   Section '.ignored' is unknown. Section ignored.
### mwldeppc.exe Linker Warning:
#   Section '.ignored' is unknown. Section ignored.
### mwldeppc.exe Linker Warning:
#   Section '.ignored' is unknown. Section ignored.
### mwldeppc.exe Linker Warning:
#   Section '.ignored' is unknown. Section ignored.
### mwldeppc.exe Linker Warning:
#   Section '.ignored' is unknown. Section ignored.
### mwldeppc.exe Linker Warning:
#   Section '.ignored' is unknown. Section ignored.
### mwldeppc.exe Linker Warning:
#   Section '.ignored' is unknown. Section ignored.
### mwldeppc.exe Linker Warning:
#   Section '.ignored' is unknown. Section ignored.
### mwldeppc.exe Linker Warning:
#   Section '.ignored' is unknown. Section ignored.
### mwldeppc.exe Linker Warning:
#   Section '.ignored' is unknown. Section ignored.
[931/933] DOL build/GEDE01/main.dol
[932/933] CHECK config/GEDE01/build.sha1
build/GEDE01/main.dol: OK
[933/933] PROGRESS
Progress:
  All: 58.67% fuzzy, 49.71% matched, 49.52% linked (6325 / 7068 files)
    Code: 1143588 / 2300692 bytes (6094 / 8214 functions)
    Data: 39642 / 4305642 bytes (0.92%)
  Game Code: 94.50% fuzzy, 80.03% matched, 79.73% linked (6307 / 6633 files)
    Code: 1140560 / 1425104 bytes (6032 / 6354 functions)
    Data: 39418 / 40426 bytes (97.51%)
  SDK/Runtime: 100.00% fuzzy, 100.00% matched, 100.00% linked (18 / 18 files)
    Code: 3028 / 3028 bytes (62 / 62 functions)
    Data: 224 / 224 bytes (100.00%)
