[1/2] SPLIT config/GEDE01/config.yml
 INFO Loading config/GEDE01/config.yml
 INFO Loading and analyzing 1 module (using 1 thread)
 INFO Initial analysis completed in 1.055s (found 8214 functions)
 INFO Rebuilding relocations and splitting
 WARN module{name=main id=0}: Alignment for game/game_fn_80050A7C.c .rodata expected 8, but starts at 6:0x80238F04
 WARN module{name=main id=0}: Alignment for game/game_fn_80057E3C.c .rodata expected 8, but starts at 6:0x80238FBC
 WARN module{name=main id=0}: Alignment for game/game_data_80239044.c .rodata expected 8, but starts at 6:0x80239044
 WARN module{name=main id=0}: Alignment for game/game_data_80239054.c .rodata expected 8, but starts at 6:0x80239054
 WARN module{name=main id=0}: Alignment for game/game_data_8023906C.c .rodata expected 8, but starts at 6:0x8023906C
 WARN module{name=main id=0}: Alignment for game/game_data_80239084.c .rodata expected 8, but starts at 6:0x80239084
 WARN module{name=main id=0}: Alignment for game/game_data_802390B4.c .rodata expected 8, but starts at 6:0x802390B4
 WARN module{name=main id=0}: Alignment for game/game_data_802390D4.c .rodata expected 8, but starts at 6:0x802390D4
 WARN module{name=main id=0}: Alignment for game/game_data_802390EC.c .rodata expected 8, but starts at 6:0x802390EC
 WARN module{name=main id=0}: Alignment for game/game_data_80239194.c .rodata expected 8, but starts at 6:0x80239194
 WARN module{name=main id=0}: Alignment for game/game_data_802391C4.c .rodata expected 8, but starts at 6:0x802391C4
 WARN module{name=main id=0}: Alignment for game/game_data_802393CC.c .rodata expected 8, but starts at 6:0x802393CC
 WARN module{name=main id=0}: Alignment for game/game_data_802393E4.c .rodata expected 8, but starts at 6:0x802393E4
 WARN module{name=main id=0}: Alignment for game/game_data_802393FC.c .rodata expected 8, but starts at 6:0x802393FC
 WARN module{name=main id=0}: Alignment for game/game_data_80239414.c .rodata expected 8, but starts at 6:0x80239414
 WARN module{name=main id=0}: Alignment for game/game_data_8023945C.c .rodata expected 8, but starts at 6:0x8023945C
 WARN module{name=main id=0}: Alignment for game/game_data_8023953C.c .rodata expected 8, but starts at 6:0x8023953C
 WARN module{name=main id=0}: Alignment for game/game_data_80239554.c .rodata expected 8, but starts at 6:0x80239554
 WARN module{name=main id=0}: Alignment for game/game_data_8023963C.c .rodata expected 8, but starts at 6:0x8023963C
 WARN module{name=main id=0}: Alignment for game/game_data_80239654.c .rodata expected 8, but starts at 6:0x80239654
 WARN module{name=main id=0}: Alignment for game/game_data_8023966C.c .rodata expected 8, but starts at 6:0x8023966C
 WARN module{name=main id=0}: Alignment for game/game_data_80239694.c .rodata expected 8, but starts at 6:0x80239694
 WARN module{name=main id=0}: Alignment for game/game_data_802396BC.c .rodata expected 8, but starts at 6:0x802396BC
 WARN module{name=main id=0}: Alignment for game/game_data_802396D4.c .rodata expected 8, but starts at 6:0x802396D4
 WARN module{name=main id=0}: Alignment for game/game_data_8023972C.c .rodata expected 8, but starts at 6:0x8023972C
 WARN module{name=main id=0}: Alignment for game/game_data_8023975C.c .rodata expected 8, but starts at 6:0x8023975C
 WARN module{name=main id=0}: Alignment for game/game_data_8023979C.c .rodata expected 8, but starts at 6:0x8023979C
 WARN module{name=main id=0}: Alignment for game/game_data_802397BC.c .rodata expected 8, but starts at 6:0x802397BC
 WARN module{name=main id=0}: Alignment for game/game_data_8023980C.c .rodata expected 8, but starts at 6:0x8023980C
 WARN module{name=main id=0}: Alignment for game/game_data_80239824.c .rodata expected 8, but starts at 6:0x80239824
 WARN module{name=main id=0}: Alignment for game/game_data_8023983C.c .rodata expected 8, but starts at 6:0x8023983C
 WARN module{name=main id=0}: Alignment for game/game_data_80239854.c .rodata expected 8, but starts at 6:0x80239854
 WARN module{name=main id=0}: Alignment for game/game_data_8023986C.c .rodata expected 8, but starts at 6:0x8023986C
 WARN module{name=main id=0}: Alignment for game/game_data_80239884.c .rodata expected 8, but starts at 6:0x80239884
 WARN module{name=main id=0}: Alignment for game/game_data_8023989C.c .rodata expected 8, but starts at 6:0x8023989C
 WARN module{name=main id=0}: Alignment for game/game_data_802398EC.c .rodata expected 8, but starts at 6:0x802398EC
 WARN module{name=main id=0}: Alignment for game/game_data_80239934.c .rodata expected 8, but starts at 6:0x80239934
 WARN module{name=main id=0}: Alignment for game/game_data_8023994C.c .rodata expected 8, but starts at 6:0x8023994C
 WARN module{name=main id=0}: Alignment for game/game_data_80239B24.c .rodata expected 8, but starts at 6:0x80239B24
 WARN module{name=main id=0}: Alignment for game/game_data_80239B74.c .rodata expected 8, but starts at 6:0x80239B74
 WARN module{name=main id=0}: Alignment for game/game_data_80239B8C.c .rodata expected 8, but starts at 6:0x80239B8C
 WARN module{name=main id=0}: Alignment for game/game_data_80239CAC.c .rodata expected 8, but starts at 6:0x80239CAC
 WARN module{name=main id=0}: Alignment for game/game_data_8023A2A4.c .rodata expected 8, but starts at 6:0x8023A2A4
 WARN module{name=main id=0}: Alignment for game/game_data_8023A414.c .rodata expected 8, but starts at 6:0x8023A414
 WARN module{name=main id=0}: Alignment for game/game_data_8023A444.c .rodata expected 8, but starts at 6:0x8023A444
 WARN module{name=main id=0}: Alignment for game/game_data_8023A63C.c .rodata expected 8, but starts at 6:0x8023A63C
 WARN module{name=main id=0}: Alignment for game/game_data_8023A69C.c .rodata expected 8, but starts at 6:0x8023A69C
 WARN module{name=main id=0}: Alignment for game/game_data_8023A6F4.c .rodata expected 8, but starts at 6:0x8023A6F4
 WARN module{name=main id=0}: Alignment for game/game_data_8023A70C.c .rodata expected 8, but starts at 6:0x8023A70C
 WARN module{name=main id=0}: Alignment for game/game_data_8023A744.c .rodata expected 8, but starts at 6:0x8023A744
 WARN module{name=main id=0}: Alignment for game/game_data_8023A76C.c .rodata expected 8, but starts at 6:0x8023A76C
 WARN module{name=main id=0}: Alignment for game/game_data_8023A994.c .rodata expected 8, but starts at 6:0x8023A994
 WARN module{name=main id=0}: Alignment for game/game_data_8023B044.c .rodata expected 8, but starts at 6:0x8023B044
 WARN module{name=main id=0}: Alignment for game/game_data_8023B05C.c .rodata expected 8, but starts at 6:0x8023B05C
 WARN module{name=main id=0}: Alignment for game/game_data_8023B094.c .rodata expected 8, but starts at 6:0x8023B094
 WARN module{name=main id=0}: Alignment for game/game_data_8023B564.c .rodata expected 8, but starts at 6:0x8023B564
 WARN module{name=main id=0}: Alignment for game/game_data_8023B5B4.c .rodata expected 8, but starts at 6:0x8023B5B4
 WARN module{name=main id=0}: Alignment for game/game_data_8023B78C.c .rodata expected 8, but starts at 6:0x8023B78C
 WARN module{name=main id=0}: Alignment for game/game_data_8023B7B4.c .rodata expected 8, but starts at 6:0x8023B7B4
 WARN module{name=main id=0}: Alignment for game/game_data_8023B7CC.c .rodata expected 8, but starts at 6:0x8023B7CC
 WARN module{name=main id=0}: Alignment for game/game_data_8023B7E4.c .rodata expected 8, but starts at 6:0x8023B7E4
 WARN module{name=main id=0}: Alignment for game/game_data_8023B7FC.c .rodata expected 8, but starts at 6:0x8023B7FC
 WARN module{name=main id=0}: Alignment for game/game_data_8023B814.c .rodata expected 8, but starts at 6:0x8023B814
 WARN module{name=main id=0}: Alignment for game/game_fn_80008014.c .data expected 8, but starts at 7:0x8023BEBC
 WARN module{name=main id=0}: Alignment for game/game_fn_8000EE9C.c .data expected 8, but starts at 7:0x8023C264
 WARN module{name=main id=0}: Alignment for game/game_fn_8000EFC4.c .data expected 8, but starts at 7:0x8023C344
 WARN module{name=main id=0}: Alignment for game/game_fn_800122F8.c .data expected 8, but starts at 7:0x8023CA4C
 WARN module{name=main id=0}: Alignment for game/game_fn_80015568.c .data expected 8, but starts at 7:0x8023CAEC
 WARN module{name=main id=0}: Alignment for game/game_fn_80015BE0.c .data expected 8, but starts at 7:0x8023CB0C
 WARN module{name=main id=0}: Alignment for game/game_fn_80015D40.c .data expected 8, but starts at 7:0x8023CB2C
 WARN module{name=main id=0}: Alignment for game/game_fn_8001C078.c .data expected 8, but starts at 7:0x8023CD54
 WARN module{name=main id=0}: Alignment for game/game_fn_8001CC00.c .data expected 8, but starts at 7:0x8023CDFC
 WARN module{name=main id=0}: Alignment for game/game_fn_8001CE14.c .data expected 8, but starts at 7:0x8023CE54
 WARN module{name=main id=0}: Alignment for game/game_fn_8001D3F8.c .data expected 8, but starts at 7:0x8023CF6C
 WARN module{name=main id=0}: Alignment for game/game_fn_8001D4C4.c .data expected 8, but starts at 7:0x8023CF7C
 WARN module{name=main id=0}: Alignment for game/game_data_8023D77C.c .data expected 8, but starts at 7:0x8023D77C
 WARN module{name=main id=0}: Alignment for game/game_data_8023D884.c .data expected 8, but starts at 7:0x8023D884
 WARN module{name=main id=0}: Alignment for game/game_fn_8001E644.c .data expected 8, but starts at 7:0x8023D8D4
 WARN module{name=main id=0}: Alignment for game/game_data_8023DA2C.c .data expected 8, but starts at 7:0x8023DA2C
 WARN module{name=main id=0}: Alignment for game/game_data_8023DAB4.c .data expected 8, but starts at 7:0x8023DAB4
 WARN module{name=main id=0}: Alignment for game/game_data_8023DD84.c .data expected 8, but starts at 7:0x8023DD84
 WARN module{name=main id=0}: Alignment for game/game_data_8023DFAC.c .data expected 8, but starts at 7:0x8023DFAC
 WARN module{name=main id=0}: Alignment for game/game_data_8023E154.c .data expected 8, but starts at 7:0x8023E154
 WARN module{name=main id=0}: Alignment for game/game_fn_80028E88.c .data expected 8, but starts at 7:0x8023E31C
 WARN module{name=main id=0}: Alignment for game/game_data_8023E388.c .data expected 8, but starts at 7:0x8023E384
 WARN module{name=main id=0}: Alignment for game/game_data_8023E410.c .data expected 8, but starts at 7:0x8023E40C
 WARN module{name=main id=0}: Alignment for game/game_fn_80037AF4.c .data expected 8, but starts at 7:0x8023E674
 WARN module{name=main id=0}: Alignment for game/game_data_8023ECBC.c .data expected 8, but starts at 7:0x8023ECBC
 WARN module{name=main id=0}: Alignment for game/game_data_8023EE94.c .data expected 8, but starts at 7:0x8023EE94
 WARN module{name=main id=0}: Alignment for game/game_data_8023EEE4.c .data expected 8, but starts at 7:0x8023EEE4
 WARN module{name=main id=0}: Alignment for game/game_data_8023EF34.c .data expected 8, but starts at 7:0x8023EF34
 WARN module{name=main id=0}: Alignment for game/game_data_8023EF84.c .data expected 8, but starts at 7:0x8023EF84
 WARN module{name=main id=0}: Alignment for game/game_data_8023F204.c .data expected 8, but starts at 7:0x8023F204
 WARN module{name=main id=0}: Alignment for game/game_data_8023F49C.c .data expected 8, but starts at 7:0x8023F49C
 WARN module{name=main id=0}: Alignment for game/game_data_8023F6AC.c .data expected 8, but starts at 7:0x8023F6AC
 WARN module{name=main id=0}: Alignment for game/game_data_8023F7C4.c .data expected 8, but starts at 7:0x8023F7C4
 WARN module{name=main id=0}: Alignment for game/game_data_8023F904.c .data expected 8, but starts at 7:0x8023F904
 WARN module{name=main id=0}: Alignment for game/game_data_8023FA44.c .data expected 8, but starts at 7:0x8023FA44
 WARN module{name=main id=0}: Alignment for game/game_data_8023FE1C.c .data expected 8, but starts at 7:0x8023FE1C
 WARN module{name=main id=0}: Alignment for game/game_data_8023FF7C.c .data expected 8, but starts at 7:0x8023FF7C
 WARN module{name=main id=0}: Alignment for game/game_data_802400DC.c .data expected 8, but starts at 7:0x802400DC
 WARN module{name=main id=0}: Alignment for game/game_data_8024023C.c .data expected 8, but starts at 7:0x8024023C
 WARN module{name=main id=0}: Alignment for game/game_data_8024039C.c .data expected 8, but starts at 7:0x8024039C
 WARN module{name=main id=0}: Alignment for game/game_data_802404FC.c .data expected 8, but starts at 7:0x802404FC
 WARN module{name=main id=0}: Alignment for game/game_fn_80050730.c .data expected 8, but starts at 7:0x80240F94
 WARN module{name=main id=0}: Alignment for game/game_fn_8005EE9C.c .data expected 8, but starts at 7:0x80243D64
 WARN module{name=main id=0}: Alignment for game/game_fn_8005EF94.c .data expected 8, but starts at 7:0x80243D84
 WARN module{name=main id=0}: Alignment for game/game_fn_8006B620.c .data expected 8, but starts at 7:0x8024406C
 WARN module{name=main id=0}: Alignment for game/game_fn_8006F6A4.c .data expected 8, but starts at 7:0x80244394
 WARN module{name=main id=0}: Alignment for game/game_fn_800A1060.c .data expected 8, but starts at 7:0x80245634
 WARN module{name=main id=0}: Alignment for game/game_fn_800A1580.c .data expected 8, but starts at 7:0x802456D4
 WARN module{name=main id=0}: Alignment for game/game_fn_800B5F78.c .data expected 8, but starts at 7:0x8024759C
 WARN module{name=main id=0}: Alignment for game/game_fn_800B611C.c .data expected 8, but starts at 7:0x8024760C
 WARN module{name=main id=0}: Alignment for game/game_fn_800B6234.c .data expected 8, but starts at 7:0x80247674
 WARN module{name=main id=0}: Alignment for game/game_fn_800B64AC.c .data expected 8, but starts at 7:0x802476DC
 WARN module{name=main id=0}: Alignment for game/game_fn_800B6C00.c .data expected 8, but starts at 7:0x80247754
 WARN module{name=main id=0}: Alignment for game/game_fn_800B6C88.c .data expected 8, but starts at 7:0x80247784
 WARN module{name=main id=0}: Alignment for game/game_fn_800B6D10.c .data expected 8, but starts at 7:0x802477B4
 WARN module{name=main id=0}: Alignment for game/game_fn_801697AC.c .data expected 8, but starts at 7:0x8024FD9C
 WARN module{name=main id=0}: Alignment for game/game_fn_8017B4F4.c .data expected 8, but starts at 7:0x80250F44
 WARN module{name=main id=0}: Alignment for game/game_data_80060C28.c .sdata2 expected 8, but starts at 11:0x8064E5F4
 INFO Splitting completed in 7.205s (wrote 7104 objects)
 INFO Total time: 8.304s
[2/2] RUN configure.py
[1/982] MWCC build/GEDE01/src/game/game_fn_800094C0.o
[2/982] MWCC build/GEDE01/src/game/game_fn_80008014.o
[3/982] MWCC build/GEDE01/src/game/game_fn_800098C0.o
[4/982] MWCC build/GEDE01/src/game/game_fn_800096E0.o
[5/982] MWCC build/GEDE01/src/game/game_fn_80009AB4.o
[6/982] MWCC build/GEDE01/src/game/game_fn_800099D8.o
[7/982] MWCC build/GEDE01/src/game/game_fn_8000A26C.o
[8/982] MWCC build/GEDE01/src/game/game_fn_8000AC88.o
[9/982] MWCC build/GEDE01/src/game/game_fn_8000AEB4.o
[10/982] MWCC build/GEDE01/src/game/game_fn_8000AFB4.o
[11/982] MWCC build/GEDE01/src/game/game_fn_8000B1B8.o
[12/982] MWCC build/GEDE01/src/game/game_fn_8000B36C.o
[13/982] MWCC build/GEDE01/src/game/game_fn_8000B630.o
[14/982] MWCC build/GEDE01/src/game/game_fn_8000B7FC.o
[15/982] MWCC build/GEDE01/src/game/game_fn_8000B900.o
[16/982] MWCC build/GEDE01/src/game/game_fn_8000BA0C.o
[17/982] MWCC build/GEDE01/src/game/game_fn_8000BAA0.o
[18/982] MWCC build/GEDE01/src/game/game_fn_8000BC40.o
[19/982] MWCC build/GEDE01/src/game/game_fn_8000C06C.o
[20/982] MWCC build/GEDE01/src/game/game_fn_8000C17C.o
[21/982] MWCC build/GEDE01/src/game/game_fn_8000C400.o
[22/982] MWCC build/GEDE01/src/game/game_fn_8000C848.o
[23/982] MWCC build/GEDE01/src/game/game_fn_8000C91C.o
[24/982] MWCC build/GEDE01/src/game/game_fn_8000D0BC.o
[25/982] MWCC build/GEDE01/src/game/game_fn_8000D3D4.o
[26/982] MWCC build/GEDE01/src/game/game_fn_8000D590.o
[27/982] MWCC build/GEDE01/src/game/game_fn_8000D8A4.o
[28/982] MWCC build/GEDE01/src/game/game_fn_8000DA50.o
[29/982] MWCC build/GEDE01/src/game/game_fn_8000DAF4.o
[30/982] MWCC build/GEDE01/src/game/game_fn_8000E054.o
[31/982] MWCC build/GEDE01/src/game/game_fn_8000E0AC.o
[32/982] MWCC build/GEDE01/src/game/game_fn_8000E138.o
[33/982] MWCC build/GEDE01/src/game/game_fn_8000E96C.o
[34/982] MWCC build/GEDE01/src/game/game_fn_8000E1C4.o
[35/982] MWCC build/GEDE01/src/game/game_fn_8000EB14.o
[36/982] MWCC build/GEDE01/src/game/game_fn_8000EBD4.o
[37/982] MWCC build/GEDE01/src/game/game_fn_8000ED44.o
[38/982] MWCC build/GEDE01/src/game/game_fn_8000EFC4.o
[39/982] MWCC build/GEDE01/src/game/game_fn_8000F4B0.o
[40/982] MWCC build/GEDE01/src/game/game_fn_8000F774.o
[41/982] MWCC build/GEDE01/src/game/game_fn_8000FDE8.o
[42/982] MWCC build/GEDE01/src/game/game_fn_8000FFD8.o
[43/982] MWCC build/GEDE01/src/game/game_fn_800119FC.o
[44/982] MWCC build/GEDE01/src/game/game_fn_80012DA8.o
[45/982] MWCC build/GEDE01/src/game/game_fn_80012F40.o
[46/982] MWCC build/GEDE01/src/game/game_fn_80012FD0.o
[47/982] MWCC build/GEDE01/src/game/game_fn_800131E8.o
[48/982] MWCC build/GEDE01/src/game/game_fn_80013340.o
[49/982] MWCC build/GEDE01/src/game/game_fn_80013870.o
[50/982] MWCC build/GEDE01/src/game/game_fn_80013CB0.o
[51/982] MWCC build/GEDE01/src/game/game_fn_80013D54.o
[52/982] MWCC build/GEDE01/src/game/game_fn_800142DC.o
[53/982] MWCC build/GEDE01/src/game/game_fn_800144CC.o
[54/982] MWCC build/GEDE01/src/game/game_fn_80014784.o
[55/982] MWCC build/GEDE01/src/game/game_fn_80015058.o
[56/982] MWCC build/GEDE01/src/game/game_fn_800149D4.o
[57/982] MWCC build/GEDE01/src/game/game_fn_80015320.o
[58/982] MWCC build/GEDE01/src/game/game_fn_80015568.o
[59/982] MWCC build/GEDE01/src/game/game_fn_800156FC.o
[60/982] MWCC build/GEDE01/src/game/game_fn_80015BE0.o
[61/982] MWCC build/GEDE01/src/game/game_fn_80015D40.o
[62/982] MWCC build/GEDE01/src/game/game_fn_80015F04.o
[63/982] MWCC build/GEDE01/src/game/game_fn_80016128.o
[64/982] MWCC build/GEDE01/src/game/game_fn_80016270.o
[65/982] MWCC build/GEDE01/src/game/game_fn_80016904.o
[66/982] MWCC build/GEDE01/src/game/game_fn_80016B24.o
[67/982] MWCC build/GEDE01/src/game/game_fn_800171C0.o
[68/982] MWCC build/GEDE01/src/game/game_fn_800176F0.o
[69/982] MWCC build/GEDE01/src/game/game_fn_800173CC.o
[70/982] MWCC build/GEDE01/src/game/game_fn_800179AC.o
[71/982] MWCC build/GEDE01/src/game/game_fn_80017910.o
[72/982] MWCC build/GEDE01/src/game/game_fn_80017AE4.o
[73/982] MWCC build/GEDE01/src/game/game_fn_80017A3C.o
[74/982] MWCC build/GEDE01/src/game/game_fn_80017C3C.o
[75/982] MWCC build/GEDE01/src/game/game_fn_80017CC8.o
[76/982] MWCC build/GEDE01/src/game/game_fn_80018EF4.o
[77/982] MWCC build/GEDE01/src/game/game_fn_80017DB0.o
[78/982] MWCC build/GEDE01/src/game/game_fn_80019054.o
[79/982] MWCC build/GEDE01/src/game/game_fn_80019244.o
[80/982] MWCC build/GEDE01/src/game/game_fn_800194D0.o
[81/982] MWCC build/GEDE01/src/game/game_fn_80019940.o
[82/982] MWCC build/GEDE01/src/game/game_fn_80019C10.o
[83/982] MWCC build/GEDE01/src/game/game_fn_80019D2C.o
[84/982] MWCC build/GEDE01/src/game/game_fn_80019F98.o
[85/982] MWCC build/GEDE01/src/game/game_fn_8001A6C4.o
[86/982] MWCC build/GEDE01/src/game/game_fn_8001AAB8.o
[87/982] MWCC build/GEDE01/src/game/game_fn_8001ADF8.o
[88/982] MWCC build/GEDE01/src/game/game_fn_8001AF68.o
[89/982] MWCC build/GEDE01/src/game/game_fn_8001B124.o
[90/982] MWCC build/GEDE01/src/game/game_fn_8001B294.o
[91/982] MWCC build/GEDE01/src/game/game_fn_8001B808.o
[92/982] MWCC build/GEDE01/src/game/game_fn_8001C078.o
[93/982] MWCC build/GEDE01/src/game/game_fn_8001B874.o
[94/982] MWCC build/GEDE01/src/game/game_fn_8001CA04.o
[95/982] MWCC build/GEDE01/src/game/game_fn_8001CD58.o
[96/982] MWCC build/GEDE01/src/game/game_fn_8001CE94.o
[97/982] MWCC build/GEDE01/src/game/game_fn_8001E644.o
[98/982] MWCC build/GEDE01/src/game/game_fn_8001FE1C.o
[99/982] MWCC build/GEDE01/src/game/game_fn_80020E94.o
[100/982] MWCC build/GEDE01/src/game/game_fn_80024F28.o
[101/982] MWCC build/GEDE01/src/game/game_fn_800272B4.o
[102/982] MWCC build/GEDE01/src/game/game_fn_8002B748.o
[103/982] MWCC build/GEDE01/src/game/game_fn_8002DAE0.o
[104/982] MWCC build/GEDE01/src/game/game_fn_8002E3F0.o
[105/982] MWCC build/GEDE01/src/game/game_fn_8002EA68.o
[106/982] MWCC build/GEDE01/src/game/game_fn_8002F428.o
[107/982] MWCC build/GEDE01/src/game/game_fn_80031544.o
[108/982] MWCC build/GEDE01/src/game/game_fn_8003232C.o
[109/982] MWCC build/GEDE01/src/game/game_fn_80032B84.o
[110/982] MWCC build/GEDE01/src/game/game_fn_80033038.o
[111/982] MWCC build/GEDE01/src/game/game_fn_80033180.o
[112/982] MWCC build/GEDE01/src/game/game_fn_800359A0.o
[113/982] MWCC build/GEDE01/src/game/game_fn_800361F8.o
[114/982] MWCC build/GEDE01/src/game/game_fn_80036C40.o
[115/982] MWCC build/GEDE01/src/game/game_fn_80038878.o
[116/982] MWCC build/GEDE01/src/game/game_fn_80048ADC.o
[117/982] MWCC build/GEDE01/src/game/game_fn_80048B24.o
[118/982] MWCC build/GEDE01/src/game/game_fn_8004998C.o
[119/982] MWCC build/GEDE01/src/game/game_fn_80050B08.o
[120/982] MWCC build/GEDE01/src/game/game_fn_80052310.o
[121/982] MWCC build/GEDE01/src/game/game_fn_800542D0.o
[122/982] MWCC build/GEDE01/src/game/game_fn_8005EC6C.o
[123/982] MWCC build/GEDE01/src/game/game_fn_8005EE9C.o
[124/982] MWCC build/GEDE01/src/game/game_fn_8005EF94.o
[125/982] MWCC build/GEDE01/src/game/game_data_80239E10.o
[126/982] MWCC build/GEDE01/src/game/game_data_80239E18.o
[127/982] MWCC build/GEDE01/src/game/game_fn_8005FD84.o
[128/982] MWCC build/GEDE01/src/game/game_fn_80066888.o
[129/982] MWCC build/GEDE01/src/game/game_fn_80066E78.o
[130/982] MWCC build/GEDE01/src/game/game_fn_8006B0F0.o
[131/982] MWCC build/GEDE01/src/game/game_fn_8006B620.o
[132/982] MWCC build/GEDE01/src/game/game_fn_8006E53C.o
[133/982] MWCC build/GEDE01/src/game/game_fn_80071A58.o
[134/982] MWCC build/GEDE01/src/game/game_fn_80074310.o
[135/982] MWCC build/GEDE01/src/game/game_fn_80078500.o
[136/982] MWCC build/GEDE01/src/game/game_fn_80079908.o
[137/982] MWCC build/GEDE01/src/game/game_fn_80079AA4.o
[138/982] MWCC build/GEDE01/src/game/game_fn_8007B2F4.o
[139/982] MWCC build/GEDE01/src/game/game_fn_8007B540.o
[140/982] MWCC build/GEDE01/src/game/game_fn_8007B640.o
[141/982] MWCC build/GEDE01/src/game/game_fn_8007B828.o
[142/982] MWCC build/GEDE01/src/game/game_fn_8007BA3C.o
[143/982] MWCC build/GEDE01/src/game/game_fn_8007D4D8.o
[144/982] MWCC build/GEDE01/src/game/game_fn_8007F770.o
[145/982] MWCC build/GEDE01/src/game/game_fn_80088060.o
[146/982] MWCC build/GEDE01/src/game/game_fn_800886D8.o
[147/982] MWCC build/GEDE01/src/game/game_fn_80088F4C.o
[148/982] MWCC build/GEDE01/src/game/game_fn_80089A34.o
[149/982] MWCC build/GEDE01/src/game/game_fn_8008A2E0.o
[150/982] MWCC build/GEDE01/src/game/game_fn_8008F224.o
[151/982] MWCC build/GEDE01/src/game/game_fn_8008F890.o
[152/982] MWCC build/GEDE01/src/game/game_fn_80090004.o
[153/982] MWCC build/GEDE01/src/game/game_fn_800934A0.o
[154/982] MWCC build/GEDE01/src/game/game_fn_80095D10.o
[155/982] MWCC build/GEDE01/src/game/game_fn_80095E64.o
[156/982] MWCC build/GEDE01/src/game/game_fn_80095FDC.o
[157/982] MWCC build/GEDE01/src/game/game_fn_80096830.o
[158/982] MWCC build/GEDE01/src/game/game_fn_8009C424.o
[159/982] MWCC build/GEDE01/src/game/game_fn_8009E808.o
[160/982] MWCC build/GEDE01/src/game/game_fn_800A2B8C.o
[161/982] MWCC build/GEDE01/src/game/game_fn_800A2130.o
[162/982] MWCC build/GEDE01/src/game/game_fn_800A2FCC.o
[163/982] MWCC build/GEDE01/src/game/game_fn_800A3180.o
[164/982] MWCC build/GEDE01/src/game/game_fn_800A3894.o
[165/982] MWCC build/GEDE01/src/game/game_fn_800A4428.o
[166/982] MWCC build/GEDE01/src/game/game_fn_800A7E88.o
[167/982] MWCC build/GEDE01/src/game/game_fn_800A4798.o
[168/982] MWCC build/GEDE01/src/game/game_fn_800AF230.o
[169/982] MWCC build/GEDE01/src/game/game_fn_800B2EC0.o
[170/982] MWCC build/GEDE01/src/game/game_fn_800BB5C4.o
[171/982] MWCC build/GEDE01/src/game/game_fn_800BB7A8.o
[172/982] MWCC build/GEDE01/src/game/game_fn_800BB9A4.o
[173/982] MWCC build/GEDE01/src/game/game_fn_800BBAF0.o
[174/982] MWCC build/GEDE01/src/game/game_fn_800C17EC.o
[175/982] MWCC build/GEDE01/src/game/game_fn_800C030C.o
[176/982] MWCC build/GEDE01/src/game/game_fn_800C59F0.o
[177/982] MWCC build/GEDE01/src/game/game_fn_800C644C.o
[178/982] MWCC build/GEDE01/src/game/game_fn_800C65FC.o
[179/982] MWCC build/GEDE01/src/game/game_fn_800C9C60.o
[180/982] MWCC build/GEDE01/src/game/game_fn_800CB760.o
[181/982] MWCC build/GEDE01/src/game/game_fn_800CB8F4.o
[182/982] MWCC build/GEDE01/src/game/game_fn_800CF598.o
[183/982] MWCC build/GEDE01/src/game/game_fn_800D9064.o
[184/982] MWCC build/GEDE01/src/game/game_fn_800D9E10.o
[185/982] MWCC build/GEDE01/src/game/game_fn_800DC4D4.o
[186/982] MWCC build/GEDE01/src/game/game_fn_800E4980.o
[187/982] MWCC build/GEDE01/src/game/game_TRKNubWelcome.o
[188/982] MWCC build/GEDE01/src/game/game_TRK_main.o
[189/982] MWCC build/GEDE01/src/game/game_InitMetroTRKCommTable.o
[190/982] MWCC build/GEDE01/src/game/game_fn_800FD0C8.o
[191/982] MWCC build/GEDE01/src/game/game_fn_8010242C.o
[192/982] MWCC build/GEDE01/src/game/game_fn_801098C0.o
[193/982] MWCC build/GEDE01/src/game/game_fn_8010F184.o
[194/982] MWCC build/GEDE01/src/game/game_fn_801126E0.o
[195/982] MWCC build/GEDE01/src/game/game_fn_801128E4.o
[196/982] MWCC build/GEDE01/src/game/game_fn_801141B8.o
[197/982] MWCC build/GEDE01/src/game/game_fn_80119C70.o
[198/982] MWCC build/GEDE01/src/game/game_fn_8011EE04.o
[199/982] MWCC build/GEDE01/src/game/game_fn_8011F140.o
[200/982] MWCC build/GEDE01/src/game/game_fn_801247F8.o
[201/982] MWCC build/GEDE01/src/game/game_fn_80126A00.o
[202/982] MWCC build/GEDE01/src/game/game_fn_8012976C.o
[203/982] MWCC build/GEDE01/src/game/game_fn_8012DB28.o
[204/982] MWCC build/GEDE01/src/game/game_fn_8013CBE4.o
[205/982] MWCC build/GEDE01/src/game/game_fn_8013D6A4.o
[206/982] MWCC build/GEDE01/src/game/game_fn_8013DB8C.o
[207/982] MWCC build/GEDE01/src/game/game_fn_8014549C.o
[208/982] MWCC build/GEDE01/src/game/game_fn_8014AF38.o
[209/982] MWCC build/GEDE01/src/game/game_fn_8014B494.o
[210/982] MWCC build/GEDE01/src/game/game_fn_8014BA14.o
[211/982] MWCC build/GEDE01/src/game/game_fn_8014CA98.o
[212/982] MWCC build/GEDE01/src/game/game_fn_80150400.o
[213/982] MWCC build/GEDE01/src/game/game_fn_80150A24.o
[214/982] MWCC build/GEDE01/src/game/game_fn_80150F20.o
[215/982] MWCC build/GEDE01/src/game/game_fn_80151600.o
[216/982] MWCC build/GEDE01/src/game/game_fn_80151D00.o
[217/982] MWCC build/GEDE01/src/game/game_fn_801535D8.o
[218/982] MWCC build/GEDE01/src/game/game_fn_80153898.o
[219/982] MWCC build/GEDE01/src/game/game_fn_80153A24.o
[220/982] MWCC build/GEDE01/src/game/game_fn_80154F74.o
[221/982] MWCC build/GEDE01/src/game/game_fn_80155814.o
[222/982] MWCC build/GEDE01/src/game/game_fn_80157C0C.o
[223/982] MWCC build/GEDE01/src/game/game_fn_80158B20.o
[224/982] MWCC build/GEDE01/src/game/game_fn_80158D38.o
[225/982] MWCC build/GEDE01/src/game/game_fn_8015DB84.o
[226/982] MWCC build/GEDE01/src/game/game_fn_8015DC54.o
[227/982] MWCC build/GEDE01/src/game/game_fn_8015EDC0.o
[228/982] MWCC build/GEDE01/src/game/game_fn_80167454.o
[229/982] MWCC build/GEDE01/src/game/game_fn_80167B5C.o
[230/982] MWCC build/GEDE01/src/game/game_fn_80169650.o
[231/982] MWCC build/GEDE01/src/game/game_fn_8016BD0C.o
[232/982] MWCC build/GEDE01/src/game/game_fn_8016BE1C.o
[233/982] MWCC build/GEDE01/src/game/game_fn_8016C0BC.o
[234/982] MWCC build/GEDE01/src/game/game_fn_8016BF60.o
[235/982] MWCC build/GEDE01/src/game/game_fn_8016C164.o
[236/982] MWCC build/GEDE01/src/game/game_fn_8016C238.o
[237/982] MWCC build/GEDE01/src/game/game_fn_8016C774.o
[238/982] MWCC build/GEDE01/src/game/game_fn_8016C4BC.o
[239/982] MWCC build/GEDE01/src/game/game_fn_8016D1F8.o
[240/982] MWCC build/GEDE01/src/game/game_fn_8016D040.o
[241/982] MWCC build/GEDE01/src/game/game_fn_8016D2B8.o
[242/982] MWCC build/GEDE01/src/game/game_fn_8016D9C0.o
[243/982] MWCC build/GEDE01/src/game/game_fn_8016DF4C.o
[244/982] MWCC build/GEDE01/src/game/game_fn_8016E8F8.o
[245/982] MWCC build/GEDE01/src/game/game_fn_8016FEF8.o
[246/982] MWCC build/GEDE01/src/game/game_fn_8017038C.o
[247/982] MWCC build/GEDE01/src/game/game_fn_801706DC.o
[248/982] MWCC build/GEDE01/src/game/game_fn_801704F8.o
[249/982] MWCC build/GEDE01/src/game/game_fn_80170A40.o
[250/982] MWCC build/GEDE01/src/game/game_fn_80170DF4.o
[251/982] MWCC build/GEDE01/src/game/game_fn_80170E9C.o
[252/982] MWCC build/GEDE01/src/game/game_fn_8017138C.o
[253/982] MWCC build/GEDE01/src/game/game_fn_80171664.o
[254/982] MWCC build/GEDE01/src/game/game_fn_801718F4.o
[255/982] MWCC build/GEDE01/src/game/game_fn_801719B4.o
[256/982] MWCC build/GEDE01/src/game/game_fn_80171F30.o
[257/982] MWCC build/GEDE01/src/game/game_fn_8017250C.o
[258/982] MWCC build/GEDE01/src/game/game_fn_801726EC.o
[259/982] MWCC build/GEDE01/src/game/game_fn_80172BB0.o
[260/982] MWCC build/GEDE01/src/game/game_fn_80172C78.o
[261/982] MWCC build/GEDE01/src/game/game_fn_80172DB8.o
[262/982] MWCC build/GEDE01/src/game/game_fn_80173270.o
[263/982] MWCC build/GEDE01/src/game/game_fn_801734B4.o
[264/982] MWCC build/GEDE01/src/game/game_fn_80173770.o
[265/982] MWCC build/GEDE01/src/game/game_fn_80173D44.o
[266/982] MWCC build/GEDE01/src/game/game_fn_80173BDC.o
[267/982] MWCC build/GEDE01/src/game/game_fn_80173F04.o
[268/982] MWCC build/GEDE01/src/game/game_fn_80174184.o
[269/982] MWCC build/GEDE01/src/game/game_fn_80174358.o
[270/982] MWCC build/GEDE01/src/game/game_fn_80174F2C.o
[271/982] MWCC build/GEDE01/src/game/game_fn_801752B0.o
[272/982] MWCC build/GEDE01/src/game/game_fn_8017553C.o
[273/982] MWCC build/GEDE01/src/game/game_fn_80175A08.o
[274/982] MWCC build/GEDE01/src/game/game_fn_80175E64.o
[275/982] MWCC build/GEDE01/src/game/game_fn_80175F0C.o
[276/982] MWCC build/GEDE01/src/game/game_fn_80175FD4.o
[277/982] MWCC build/GEDE01/src/game/game_fn_80176098.o
[278/982] MWCC build/GEDE01/src/game/game_fn_80176160.o
[279/982] MWCC build/GEDE01/src/game/game_fn_80176220.o
[280/982] MWCC build/GEDE01/src/game/game_fn_801762E8.o
[281/982] MWCC build/GEDE01/src/game/game_fn_8017652C.o
[282/982] MWCC build/GEDE01/src/game/game_fn_80176DF4.o
[283/982] MWCC build/GEDE01/src/game/game_fn_80176FA0.o
[284/982] MWCC build/GEDE01/src/game/game_fn_801770F8.o
[285/982] MWCC build/GEDE01/src/game/game_fn_8017718C.o
[286/982] MWCC build/GEDE01/src/game/game_fn_80178F88.o
[287/982] MWCC build/GEDE01/src/game/game_fn_80177434.o
[288/982] MWCC build/GEDE01/src/game/game_fn_80179398.o
[289/982] MWCC build/GEDE01/src/game/game_fn_8017960C.o
[290/982] MWCC build/GEDE01/src/game/game_fn_8017974C.o
[291/982] MWCC build/GEDE01/src/game/game_fn_80179904.o
[292/982] MWCC build/GEDE01/src/game/game_fn_80179A18.o
[293/982] MWCC build/GEDE01/src/game/game_fn_80179A74.o
[294/982] MWCC build/GEDE01/src/game/game_fn_80179EB8.o
[295/982] MWCC build/GEDE01/src/game/game_fn_80179F20.o
[296/982] MWCC build/GEDE01/src/game/game_fn_8017A010.o
[297/982] MWCC build/GEDE01/src/game/game_fn_8017A12C.o
[298/982] MWCC build/GEDE01/src/game/game_fn_8017A1C0.o
[299/982] MWCC build/GEDE01/src/game/game_fn_8017A9B8.o
[300/982] MWCC build/GEDE01/src/game/game_fn_8017AC20.o
[301/982] MWCC build/GEDE01/src/game/game_fn_8017E850.o
[302/982] MWCC build/GEDE01/src/game/game_fn_80180DDC.o
[303/982] MWCC build/GEDE01/src/game/game_fn_8017E958.o
[304/982] MWCC build/GEDE01/src/game/game_fn_801816D4.o
[305/982] MWCC build/GEDE01/src/game/game_fn_801810A0.o
[306/982] MWCC build/GEDE01/src/game/game_fn_801859FC.o
[307/982] MWCC build/GEDE01/src/game/game_fn_801857B4.o
[308/982] MWCC build/GEDE01/src/game/game_fn_80185AE8.o
[309/982] MWCC build/GEDE01/src/game/game_fn_80185F10.o
[310/982] MWCC build/GEDE01/src/game/game_fn_801865EC.o
[311/982] MWCC build/GEDE01/src/game/game_fn_801861C4.o
[312/982] MWCC build/GEDE01/src/game/game_fn_8018680C.o
[313/982] MWCC build/GEDE01/src/game/game_fn_80186E10.o
[314/982] MWCC build/GEDE01/src/game/game_fn_80187120.o
[315/982] MWCC build/GEDE01/src/game/game_fn_80186F70.o
[316/982] MWCC build/GEDE01/src/game/game_fn_80187320.o
[317/982] MWCC build/GEDE01/src/game/game_fn_801875FC.o
[318/982] MWCC build/GEDE01/src/game/game_fn_801878E0.o
[319/982] MWCC build/GEDE01/src/game/game_fn_80187BB4.o
[320/982] MWCC build/GEDE01/src/game/game_fn_80187E40.o
[321/982] MWCC build/GEDE01/src/game/game_fn_80188A7C.o
[322/982] MWCC build/GEDE01/src/game/game_fn_80188B44.o
[323/982] MWCC build/GEDE01/src/game/game_fn_80188C1C.o
[324/982] MWCC build/GEDE01/src/game/game_fn_80188E28.o
[325/982] MWCC build/GEDE01/src/game/game_fn_80189028.o
[326/982] MWCC build/GEDE01/src/game/game_fn_801891D8.o
[327/982] MWCC build/GEDE01/src/game/game_fn_80189390.o
[328/982] MWCC build/GEDE01/src/game/game_fn_801895E8.o
[329/982] MWCC build/GEDE01/src/game/game_fn_801896A0.o
[330/982] MWCC build/GEDE01/src/game/game_fn_80189760.o
[331/982] MWCC build/GEDE01/src/game/game_fn_80189968.o
[332/982] MWCC build/GEDE01/src/game/game_fn_80189C14.o
[333/982] MWCC build/GEDE01/src/game/game_fn_8018C2D0.o
[334/982] MWCC build/GEDE01/src/game/game_fn_8018D1F0.o
[335/982] MWCC build/GEDE01/src/game/game_fn_8018D2E0.o
[336/982] MWCC build/GEDE01/src/game/game_fn_8018D400.o
[337/982] MWCC build/GEDE01/src/game/game_fn_8018D688.o
[338/982] MWCC build/GEDE01/src/game/game_fn_8018DC24.o
[339/982] MWCC build/GEDE01/src/game/game_fn_8018E0D8.o
[340/982] MWCC build/GEDE01/src/game/game_fn_8018F1D0.o
[341/982] MWCC build/GEDE01/src/game/game_fn_8018F81C.o
[342/982] MWCC build/GEDE01/src/game/game_fn_8018FEDC.o
[343/982] MWCC build/GEDE01/src/game/game_fn_8019120C.o
[344/982] MWCC build/GEDE01/src/game/game_fn_80191360.o
[345/982] MWCC build/GEDE01/src/game/game_fn_801916D0.o
[346/982] MWCC build/GEDE01/src/game/game_fn_8019197C.o
[347/982] MWCC build/GEDE01/src/game/game_fn_80191F58.o
[348/982] MWCC build/GEDE01/src/game/game_fn_801926EC.o
[349/982] MWCC build/GEDE01/src/game/game_fn_801929A4.o
[350/982] MWCC build/GEDE01/src/game/game_fn_80192F54.o
[351/982] MWCC build/GEDE01/src/game/game_fn_801931C4.o
[352/982] MWCC build/GEDE01/src/game/game_fn_80193E1C.o
[353/982] MWCC build/GEDE01/src/game/game_fn_80193F3C.o
[354/982] MWCC build/GEDE01/src/game/game_fn_80194F80.o
[355/982] MWCC build/GEDE01/src/game/game_fn_801952E8.o
[356/982] MWCC build/GEDE01/src/game/game_fn_80197910.o
[357/982] MWCC build/GEDE01/src/game/game_fn_80198154.o
[358/982] MWCC build/GEDE01/src/game/game_fn_80198AAC.o
[359/982] MWCC build/GEDE01/src/game/game_fn_80198BF4.o
[360/982] MWCC build/GEDE01/src/game/game_fn_801991E0.o
[361/982] MWCC build/GEDE01/src/game/game_fn_8019B1BC.o
[362/982] MWCC build/GEDE01/src/game/game_fn_8019CC28.o
[363/982] MWCC build/GEDE01/src/game/game_fn_8019CFC4.o
[364/982] MWCC build/GEDE01/src/game/game_fn_8019E0B0.o
[365/982] MWCC build/GEDE01/src/game/game_fn_8019E5E4.o
[366/982] MWCC build/GEDE01/src/game/game_fn_8019E8C8.o
[367/982] MWCC build/GEDE01/src/game/game_fn_801A1F18.o
[368/982] MWCC build/GEDE01/src/game/game_fn_801A1F8C.o
[369/982] MWCC build/GEDE01/src/game/game_fn_801A260C.o
[370/982] MWCC build/GEDE01/src/game/game_fn_801A2A54.o
[371/982] MWCC build/GEDE01/src/game/game_fn_801A34BC.o
[372/982] MWCC build/GEDE01/src/game/game_fn_801A3A78.o
[373/982] MWCC build/GEDE01/src/game/game_fn_801A4430.o
[374/982] MWCC build/GEDE01/src/game/game_fn_801A4CE0.o
[375/982] MWCC build/GEDE01/src/game/game_fn_801A5FB0.o
[376/982] MWCC build/GEDE01/src/game/game_fn_801A6350.o
[377/982] MWCC build/GEDE01/src/game/game_fn_801A6410.o
[378/982] MWCC build/GEDE01/src/game/game_fn_801A657C.o
[379/982] MWCC build/GEDE01/src/game/game_fn_801A6ADC.o
[380/982] MWCC build/GEDE01/src/game/game_fn_801A6C58.o
[381/982] MWCC build/GEDE01/src/game/game_fn_801A6CB4.o
[382/982] MWCC build/GEDE01/src/game/game_fn_801A7E04.o
[383/982] MWCC build/GEDE01/src/game/game_fn_801A7EA8.o
[384/982] MWCC build/GEDE01/src/game/game_fn_801A93E8.o
[385/982] MWCC build/GEDE01/src/game/game_fn_801AB154.o
[386/982] MWCC build/GEDE01/src/game/game_fn_801ABD3C.o
[387/982] MWCC build/GEDE01/src/game/game_fn_801AC8AC.o
[388/982] MWCC build/GEDE01/src/game/game_fn_801ACFE8.o
[389/982] MWCC build/GEDE01/src/game/game_fn_801AD08C.o
[390/982] MWCC build/GEDE01/src/game/game_fn_801AFA74.o
[391/982] MWCC build/GEDE01/src/game/game_fn_801B02F0.o
[392/982] MWCC build/GEDE01/src/game/game_fn_801B1BA0.o
[393/982] MWCC build/GEDE01/src/game/game_fn_801B35BC.o
[394/982] MWCC build/GEDE01/src/game/game_fn_801B46C8.o
[395/982] MWCC build/GEDE01/src/game/game_fn_801B4FB4.o
[396/982] MWCC build/GEDE01/src/game/game_fn_801B58F0.o
[397/982] MWCC build/GEDE01/src/game/game_fn_801B5228.o
[398/982] MWCC build/GEDE01/src/game/game_fn_801B86C0.o
[399/982] MWCC build/GEDE01/src/game/game_fn_801B6F1C.o
[400/982] MWCC build/GEDE01/src/game/game_fn_801B941C.o
[401/982] MWCC build/GEDE01/src/game/game_fn_801B9E7C.o
[402/982] MWCC build/GEDE01/src/game/game_fn_801BA15C.o
[403/982] MWCC build/GEDE01/src/game/game_fn_801BA708.o
[404/982] MWCC build/GEDE01/src/game/game_fn_801BA94C.o
[405/982] MWCC build/GEDE01/src/game/game_fn_801BB1A0.o
[406/982] MWCC build/GEDE01/src/game/game_fn_801BC0D4.o
[407/982] MWCC build/GEDE01/src/game/game_fn_801BC240.o
[408/982] MWCC build/GEDE01/src/game/game_fn_801BC8F4.o
[409/982] MWCC build/GEDE01/src/game/game_fn_801BCC04.o
[410/982] MWCC build/GEDE01/src/game/game_fn_801BD990.o
[411/982] MWCC build/GEDE01/src/game/game_fn_801BDE7C.o
[412/982] MWCC build/GEDE01/src/game/game_fn_801BE0D4.o
[413/982] MWCC build/GEDE01/src/game/game_fn_801C1CB0.o
[414/982] MWCC build/GEDE01/src/game/game_fn_801BEF40.o
[415/982] MWCC build/GEDE01/src/game/game_fn_801C2980.o
[416/982] MWCC build/GEDE01/src/game/game_fn_801C29BC.o
[417/982] MWCC build/GEDE01/src/game/game_fn_801C2AAC.o
[418/982] MWCC build/GEDE01/src/game/game_fn_801C2D9C.o
[419/982] MWCC build/GEDE01/src/game/game_fn_801C8160.o
[420/982] MWCC build/GEDE01/src/game/game_fn_801C4B5C.o
[421/982] MWCC build/GEDE01/src/game/game_fn_801C8224.o
[422/982] MWCC build/GEDE01/src/game/game_fn_801C87DC.o
[423/982] MWCC build/GEDE01/src/game/game_fn_801C8600.o
[424/982] MWCC build/GEDE01/src/game/game_fn_801C8CC0.o
[425/982] MWCC build/GEDE01/src/game/game_fn_801C8F50.o
[426/982] MWCC build/GEDE01/src/game/game_fn_801C90A4.o
[427/982] MWCC build/GEDE01/src/game/game_fn_801C9510.o
[428/982] MWCC build/GEDE01/src/game/game_fn_801C970C.o
[429/982] MWCC build/GEDE01/src/game/game_fn_801C9A08.o
[430/982] MWCC build/GEDE01/src/game/game_fn_801C9B1C.o
[431/982] MWCC build/GEDE01/src/game/game_fn_801CB4F8.o
[432/982] MWCC build/GEDE01/src/game/game_fn_801CD228.o
[433/982] MWCC build/GEDE01/src/game/game_fn_801CE09C.o
[434/982] MWCC build/GEDE01/src/game/game_fn_801CE594.o
[435/982] MWCC build/GEDE01/src/game/game_fn_801D1B10.o
[436/982] MWCC build/GEDE01/src/game/game_fn_801D1F78.o
[437/982] MWCC build/GEDE01/src/game/game_fn_801D3988.o
[438/982] MWCC build/GEDE01/src/game/game_fn_801D73D0.o
[439/982] MWCC build/GEDE01/src/game/game_fn_801D76A8.o
[440/982] MWCC build/GEDE01/src/game/game_fn_801D7C24.o
[441/982] MWCC build/GEDE01/src/game/game_fn_801D8050.o
[442/982] MWCC build/GEDE01/src/game/game_fn_801D9FE4.o
[443/982] MWCC build/GEDE01/src/game/game_fn_801DDB84.o
[444/982] MWCC build/GEDE01/src/game/game_fn_801DE8B4.o
[445/982] MWCC build/GEDE01/src/game/game_fn_801E0088.o
[446/982] MWCC build/GEDE01/src/game/game_fn_801E2A48.o
[447/982] MWCC build/GEDE01/src/game/game_fn_801E3644.o
[448/982] MWCC build/GEDE01/src/game/game_fn_801E41AC.o
[449/982] MWCC build/GEDE01/src/game/game_fn_801E504C.o
[450/982] MWCC build/GEDE01/src/game/game_fn_801E6814.o
[451/982] MWCC build/GEDE01/src/game/game_fn_801E7014.o
[452/982] MWCC build/GEDE01/src/game/game_fn_801E995C.o
[453/982] MWCC build/GEDE01/src/game/game_fn_801EAA04.o
[454/982] MWCC build/GEDE01/src/game/game_fn_801EB09C.o
[455/982] MWCC build/GEDE01/src/game/game_fn_801EB11C.o
[456/982] MWCC build/GEDE01/src/game/game_fn_801ECD74.o
[457/982] MWCC build/GEDE01/src/game/game_fn_801ECF50.o
[458/982] MWCC build/GEDE01/src/game/game_fn_801ED5F4.o
[459/982] MWCC build/GEDE01/src/game/game_fn_801EF580.o
[460/982] MWCC build/GEDE01/src/game/game_fn_801EF910.o
[461/982] MWCC build/GEDE01/src/game/game_fn_801F0CB0.o
[462/982] MWCC build/GEDE01/src/game/game_fn_801F10BC.o
[463/982] MWCC build/GEDE01/src/game/game_fn_801F1A38.o
[464/982] MWCC build/GEDE01/src/game/game_fn_801F35A8.o
[465/982] MWCC build/GEDE01/src/game/game_fn_801F55A0.o
[466/982] MWCC build/GEDE01/src/game/game_fn_801F69F0.o
[467/982] MWCC build/GEDE01/src/game/game_fn_801F6BD8.o
[468/982] MWCC build/GEDE01/src/game/game_fn_801F76EC.o
[469/982] MWCC build/GEDE01/src/game/game_fn_801F7510.o
[470/982] MWCC build/GEDE01/src/game/game_fn_801F8264.o
[471/982] MWCC build/GEDE01/src/game/game_fn_801F89B4.o
[472/982] MWCC build/GEDE01/src/game/game_fn_801F8FAC.o
[473/982] MWCC build/GEDE01/src/game/game_fn_801F9AF8.o
[474/982] MWCC build/GEDE01/src/game/game_fn_801F9CF4.o
[475/982] MWCC build/GEDE01/src/game/game_fn_801FA9C8.o
[476/982] MWCC build/GEDE01/src/game/game_fn_801FC034.o
[477/982] MWCC build/GEDE01/src/game/game_fn_801FC204.o
[478/982] MWCC build/GEDE01/src/game/game_fn_801FFE78.o
[479/982] AS build/GEDE01/src/Runtime.PPCEABI.H/__save_fpr.o
[480/982] AS build/GEDE01/src/Runtime.PPCEABI.H/__restore_fpr.o
[481/982] AS build/GEDE01/src/Runtime.PPCEABI.H/__save_gpr.o
[482/982] AS build/GEDE01/src/Runtime.PPCEABI.H/__restore_gpr.o
[483/982] AS build/GEDE01/src/game/game_fn_801A4874.o
[484/982] MWCC build/GEDE01/src/game/game_fn_801FB6A4.o
[485/982] AS build/GEDE01/src/game/game_fn_801EDA68.o
[486/982] AS build/GEDE01/src/game/game_fn_801FB698.o
[487/982] AS build/GEDE01/src/game/game_fn_801FB9C8.o
[488/982] MWCC build/GEDE01/src/game/game_fn_80208EE8.o
[489/982] MWCC build/GEDE01/src/game/game_fn_80208EF8.o
[490/982] MWCC build/GEDE01/src/game/game_fn_80208F64.o
[491/982] MWCC build/GEDE01/src/game/game_fn_80209000.o
[492/982] MWCC build/GEDE01/src/game/game_fn_8020906C.o
[493/982] MWCC build/GEDE01/src/game/game_fn_80209204.o
[494/982] AS build/GEDE01/src/dolphin/base/PPCArch.o
[495/982] EXTERNALIZE build/GEDE01/src/game/game_fn_800A2B8C.o
[496/982] EXTERNALIZE build/GEDE01/src/game/game_fn_801857B4.o
[497/982] EXTERNALIZE build/GEDE01/src/game/game_fn_800DC4D4.o
[498/982] EXTERNALIZE build/GEDE01/src/game/game_fn_80119C70.o
[499/982] EXTERNALIZE STATIC POOL build/GEDE01/src/game/game_fn_80088060.o
build/GEDE01/src/game/game_fn_80088060.o: lbl_8031D3B8 now undefined; section 3 emptied
[500/982] EXTERNALIZE build/GEDE01/src/game/game_fn_80175A08.o
[501/982] EXTERNALIZE build/GEDE01/src/game/game_fn_80066E78.o
[502/982] EXTERNALIZE build/GEDE01/src/game/game_fn_801247F8.o
[503/982] EXTERNALIZE build/GEDE01/src/game/game_fn_801EF910.o
[504/982] EXTERNALIZE build/GEDE01/src/game/game_fn_801ECF50.o
[505/982] EXTERNALIZE build/GEDE01/src/game/game_fn_801FC204.o
[506/982] EXTERNALIZE build/GEDE01/src/game/game_fn_801EB09C.o
[507/982] EXTERNALIZE JUMPTABLES build/GEDE01/src/game/game_fn_80050B08.o
[508/982] EXTERNALIZE build/GEDE01/src/game/game_fn_801E41AC.o
[509/982] EXTERNALIZE build/GEDE01/src/game/game_fn_801EB11C.o
[510/982] EXTERNALIZE build/GEDE01/src/game/game_fn_801D9FE4.o
[511/982] EXTERNALIZE build/GEDE01/src/game/game_fn_801D73D0.o
[512/982] EXTERNALIZE build/GEDE01/src/game/game_fn_801D76A8.o
[513/982] EXTERNALIZE build/GEDE01/src/game/game_fn_801D8050.o
[514/982] EXTERNALIZE build/GEDE01/src/game/game_fn_801D7C24.o
[515/982] EXTERNALIZE build/GEDE01/src/game/game_fn_8019B1BC.o
[516/982] EXTERNALIZE build/GEDE01/src/game/game_fn_801CD228.o
[517/982] EXTERNALIZE build/GEDE01/src/game/game_fn_80178F88.o
[518/982] EXTERNALIZE build/GEDE01/src/game/game_fn_801C970C.o
[519/982] EXTERNALIZE build/GEDE01/src/game/game_fn_801C9510.o
[520/982] EXTERNALIZE build/GEDE01/src/game/game_fn_801BA15C.o
[521/982] EXTERNALIZE build/GEDE01/src/game/game_fn_8013D6A4.o
[522/982] EXTERNALIZE build/GEDE01/src/game/game_fn_80126A00.o
[523/982] EXTERNALIZE build/GEDE01/src/game/game_fn_800C9C60.o
[524/982] EXTERNALIZE build/GEDE01/src/game/game_fn_801B5228.o
[525/982] EXTERNALIZE build/GEDE01/src/game/game_fn_801B4FB4.o
[526/982] EXTERNALIZE build/GEDE01/src/game/game_fn_801C87DC.o
[527/982] EXTERNALIZE build/GEDE01/src/game/game_fn_801B6F1C.o
[528/982] EXTERNALIZE build/GEDE01/src/game/game_fn_801C8CC0.o
[529/982] EXTERNALIZE build/GEDE01/src/game/game_fn_801BDE7C.o
[530/982] EXTERNALIZE build/GEDE01/src/game/game_fn_800FD0C8.o
[531/982] EXTERNALIZE build/GEDE01/src/game/game_fn_801B941C.o
[532/982] EXTERNALIZE build/GEDE01/src/game/game_fn_801BE0D4.o
[533/982] EXTERNALIZE STATIC POOL build/GEDE01/src/game/game_fn_801C9A08.o
build/GEDE01/src/game/game_fn_801C9A08.o: lbl_80629390 now undefined; section 3 emptied
[534/982] EXTERNALIZE STATIC POOL build/GEDE01/src/game/game_fn_801C9B1C.o
build/GEDE01/src/game/game_fn_801C9B1C.o: lbl_80629390 now undefined; section 3 emptied
[535/982] EXTERNALIZE STATIC POOL build/GEDE01/src/game/game_fn_801BD990.o
build/GEDE01/src/game/game_fn_801BD990.o: lbl_80626D80 now undefined; section 6 emptied
[536/982] EXTERNALIZE STATIC POOL build/GEDE01/src/game/game_fn_801B58F0.o
build/GEDE01/src/game/game_fn_801B58F0.o: lbl_8060C020 now undefined; section 3 emptied
[537/982] EXTERNALIZE STATIC POOL build/GEDE01/src/game/game_fn_801B9E7C.o
build/GEDE01/src/game/game_fn_801B9E7C.o: 0 relocation(s) moved from streamInfo to ...bss.0
build/GEDE01/src/game/game_fn_801B9E7C.o: lbl_8061AE48 now undefined; section 6 emptied
[538/982] EXTERNALIZE STATIC POOL build/GEDE01/src/game/game_fn_801BB1A0.o
build/GEDE01/src/game/game_fn_801BB1A0.o: 0 relocation(s) moved from streamInfo to ...bss.0
build/GEDE01/src/game/game_fn_801BB1A0.o: lbl_8061AE48 now undefined; section 6 emptied
[539/982] EXTERNALIZE STATIC POOL build/GEDE01/src/game/game_fn_801BA708.o
build/GEDE01/src/game/game_fn_801BA708.o: 0 relocation(s) moved from streamInfo to ...bss.0
build/GEDE01/src/game/game_fn_801BA708.o: lbl_8061AE48 now undefined; section 6 emptied
[540/982] EXTERNALIZE STATIC build/GEDE01/src/game/game_fn_801B35BC.o
build/GEDE01/src/game/game_fn_801B35BC.o: lbl_8060D420 now undefined; section 6 emptied
[541/982] EXTERNALIZE build/GEDE01/src/game/game_fn_801BA94C.o
build/GEDE01/src/game/game_fn_801BA94C.o: 0 relocation(s) moved from streamInfo to ...bss.0
build/GEDE01/src/game/game_fn_801BA94C.o: lbl_8061AE48 now undefined; section 6 emptied
[542/982] EXTERNALIZE STATIC POOL build/GEDE01/src/game/game_fn_801BC8F4.o
build/GEDE01/src/game/game_fn_801BC8F4.o: lbl_8061C748 now undefined; section 6 emptied
[543/982] EXTERNALIZE STATIC build/GEDE01/src/game/game_fn_801BC240.o
build/GEDE01/src/game/game_fn_801BC240.o: lbl_8061C748 now undefined; section 6 emptied
[544/982] EXTERNALIZE STATIC POOL build/GEDE01/src/game/game_fn_801BCC04.o
build/GEDE01/src/game/game_fn_801BCC04.o: lbl_8061C748 now undefined; section 6 emptied
[545/982] EXTERNALIZE STATIC POOL build/GEDE01/src/game/game_fn_801BC0D4.o
build/GEDE01/src/game/game_fn_801BC0D4.o: lbl_8061C748 now undefined; section 6 emptied
[546/982] EXTERNALIZE STATIC POOL build/GEDE01/src/game/game_fn_801C1CB0.o
build/GEDE01/src/game/game_fn_801C1CB0.o: lbl_80626DA0 now undefined; section 3 emptied
[547/982] RENAME build/GEDE01/src/game/game_InitMetroTRKCommTable.o
[548/982] EXTERNALIZE STATIC POOL build/GEDE01/src/game/game_fn_801CE09C.o
build/GEDE01/src/game/game_fn_801CE09C.o: lbl_80631340 now undefined; section 6 emptied
[549/982] RENAME RUNTIME INTRINSICS build/GEDE01/src/game/game_fn_801CB4F8.o
[550/982] EXTERNALIZE build/GEDE01/src/game/game_fn_801D3988.o
[551/982] EXTERNALIZE STATIC POOL build/GEDE01/src/game/game_fn_8010242C.o
build/GEDE01/src/game/game_fn_8010242C.o: lbl_8032CC08 now undefined; section 3 emptied
[552/982] EXTERNALIZE build/GEDE01/src/game/game_fn_801CE594.o
[553/982] EXTERNALIZE build/GEDE01/src/game/game_fn_801D1B10.o
[554/982] ALIGN DATA build/GEDE01/src/game/game_fn_801A6350.o
[555/982] ALIGN DATA build/GEDE01/src/game/game_fn_8005EF94.o
[556/982] ALIGN DATA build/GEDE01/src/game/game_fn_80008014.o
[557/982] EXTERNALIZE build/GEDE01/src/game/game_fn_8014549C.o
[558/982] EXTERNALIZE build/GEDE01/src/game/game_fn_801C8224.o
[559/982] EXTERNALIZE build/GEDE01/src/game/game_fn_801098C0.o
[560/982] EXTERNALIZE build/GEDE01/src/game/game_fn_80185F10.o
[561/982] EXTERNALIZE build/GEDE01/src/game/game_fn_8000FDE8.o
[562/982] EXTERNALIZE build/GEDE01/src/game/game_fn_801C29BC.o
[563/982] EXTERNALIZE build/GEDE01/src/game/game_fn_801C8F50.o
[564/982] EXTERNALIZE build/GEDE01/src/game/game_fn_8007B828.o
[565/982] EXTERNALIZE build/GEDE01/src/game/game_fn_801C90A4.o
[566/982] EXTERNALIZE build/GEDE01/src/game/game_fn_801C8160.o
[567/982] EXTERNALIZE build/GEDE01/src/game/game_fn_801C2AAC.o
[568/982] EXTERNALIZE build/GEDE01/src/game/game_fn_801C2D9C.o
[569/982] EXTERNALIZE build/GEDE01/src/game/game_fn_801C2980.o
[570/982] EXTERNALIZE build/GEDE01/src/game/game_fn_801B02F0.o
[571/982] EXTERNALIZE build/GEDE01/src/game/game_fn_801AFA74.o
[572/982] EXTERNALIZE build/GEDE01/src/game/game_fn_801AC8AC.o
[573/982] EXTERNALIZE build/GEDE01/src/game/game_fn_801ABD3C.o
[574/982] EXTERNALIZE build/GEDE01/src/game/game_fn_801816D4.o
[575/982] EXTERNALIZE build/GEDE01/src/game/game_fn_8011F140.o
[576/982] EXTERNALIZE build/GEDE01/src/game/game_fn_801AD08C.o
[577/982] EXTERNALIZE build/GEDE01/src/game/game_fn_8004998C.o
[578/982] EXTERNALIZE build/GEDE01/src/game/game_fn_80079AA4.o
[579/982] EXTERNALIZE build/GEDE01/src/game/game_fn_80158D38.o
[580/982] EXTERNALIZE build/GEDE01/src/game/game_fn_801A3A78.o
[581/982] EXTERNALIZE build/GEDE01/src/game/game_fn_8008F224.o
[582/982] EXTERNALIZE build/GEDE01/src/game/game_fn_80167454.o
[583/982] EXTERNALIZE build/GEDE01/src/game/game_fn_800AF230.o
[584/982] EXTERNALIZE build/GEDE01/src/game/game_fn_801A93E8.o
[585/982] EXTERNALIZE build/GEDE01/src/game/game_fn_801AB154.o
[586/982] EXTERNALIZE build/GEDE01/src/game/game_fn_801A7E04.o
[587/982] EXTERNALIZE build/GEDE01/src/game/game_fn_801A7EA8.o
[588/982] EXTERNALIZE build/GEDE01/src/game/game_fn_801A6CB4.o
[589/982] EXTERNALIZE build/GEDE01/src/game/game_fn_801A4CE0.o
[590/982] EXTERNALIZE build/GEDE01/src/game/game_fn_801A6C58.o
[591/982] NAME JUMPTABLE build/GEDE01/src/game/game_fn_801A6ADC.o
[592/982] EXTERNALIZE build/GEDE01/src/game/game_fn_801A6410.o
[593/982] EXTERNALIZE build/GEDE01/src/game/game_fn_801A5FB0.o
[594/982] EXTERNALIZE build/GEDE01/src/game/game_fn_801A1F18.o
[595/982] EXTERNALIZE build/GEDE01/src/game/game_fn_8019E8C8.o
[596/982] EXTERNALIZE build/GEDE01/src/game/game_fn_8019E5E4.o
[597/982] EXTERNALIZE build/GEDE01/src/game/game_fn_8019CFC4.o
[598/982] EXTERNALIZE build/GEDE01/src/game/game_fn_8019CC28.o
[599/982] EXTERNALIZE build/GEDE01/src/game/game_fn_801991E0.o
[600/982] EXTERNALIZE build/GEDE01/src/game/game_fn_80198BF4.o
[601/982] EXTERNALIZE build/GEDE01/src/game/game_fn_80198AAC.o
[602/982] EXTERNALIZE build/GEDE01/src/game/game_fn_80198154.o
[603/982] EXTERNALIZE build/GEDE01/src/game/game_fn_80194F80.o
[604/982] EXTERNALIZE build/GEDE01/src/game/game_fn_80197910.o
[605/982] EXTERNALIZE build/GEDE01/src/game/game_fn_80177434.o
repointed 2 relocations to lbl_80250588
[606/982] EXTERNALIZE build/GEDE01/src/game/game_fn_80193E1C.o
[607/982] EXTERNALIZE build/GEDE01/src/game/game_fn_801931C4.o
[608/982] EXTERNALIZE build/GEDE01/src/game/game_fn_80193F3C.o
[609/982] EXTERNALIZE build/GEDE01/src/game/game_fn_80192F54.o
[610/982] EXTERNALIZE build/GEDE01/src/game/game_fn_80191F58.o
[611/982] EXTERNALIZE build/GEDE01/src/game/game_fn_8019197C.o
[612/982] EXTERNALIZE build/GEDE01/src/game/game_fn_80191360.o
[613/982] GLOBALIZE build/GEDE01/src/game/game_fn_8018F1D0.o
[614/982] EXTERNALIZE build/GEDE01/src/game/game_fn_8018D688.o
[615/982] EXTERNALIZE build/GEDE01/src/game/game_fn_8018F81C.o
[616/982] EXTERNALIZE build/GEDE01/src/game/game_fn_8018D2E0.o
[617/982] EXTERNALIZE build/GEDE01/src/game/game_fn_80189968.o
[618/982] EXTERNALIZE build/GEDE01/src/game/game_fn_80189760.o
[619/982] EXTERNALIZE build/GEDE01/src/game/game_fn_8018D1F0.o
[620/982] EXTERNALIZE build/GEDE01/src/game/game_fn_801896A0.o
[621/982] EXTERNALIZE build/GEDE01/src/game/game_fn_801895E8.o
[622/982] EXTERNALIZE build/GEDE01/src/game/game_fn_80189390.o
[623/982] EXTERNALIZE build/GEDE01/src/game/game_fn_801891D8.o
[624/982] EXTERNALIZE build/GEDE01/src/game/game_fn_80188E28.o
[625/982] EXTERNALIZE build/GEDE01/src/game/game_fn_80189028.o
[626/982] EXTERNALIZE build/GEDE01/src/game/game_fn_80188C1C.o
[627/982] EXTERNALIZE build/GEDE01/src/game/game_fn_80188B44.o
[628/982] EXTERNALIZE build/GEDE01/src/game/game_fn_80188A7C.o
[629/982] EXTERNALIZE build/GEDE01/src/game/game_fn_801878E0.o
[630/982] EXTERNALIZE build/GEDE01/src/game/game_fn_80187120.o
[631/982] EXTERNALIZE build/GEDE01/src/game/game_fn_80186E10.o
[632/982] EXTERNALIZE build/GEDE01/src/game/game_fn_8018FEDC.o
[633/982] EXTERNALIZE build/GEDE01/src/game/game_fn_801865EC.o
[634/982] EXTERNALIZE build/GEDE01/src/game/game_fn_80185AE8.o
[635/982] EXTERNALIZE build/GEDE01/src/game/game_fn_801859FC.o
[636/982] EXTERNALIZE build/GEDE01/src/game/game_fn_80180DDC.o
[637/982] EXTERNALIZE build/GEDE01/src/game/game_fn_8017E850.o
[638/982] EXTERNALIZE build/GEDE01/src/game/game_fn_8017E958.o
[639/982] EXTERNALIZE build/GEDE01/src/game/game_fn_8017718C.o
[640/982] EXTERNALIZE build/GEDE01/src/game/game_fn_801770F8.o
[641/982] EXTERNALIZE build/GEDE01/src/game/game_fn_80176DF4.o
[642/982] EXTERNALIZE build/GEDE01/src/game/game_fn_80176FA0.o
[643/982] EXTERNALIZE build/GEDE01/src/game/game_fn_80174358.o
[644/982] EXTERNALIZE build/GEDE01/src/game/game_fn_80173F04.o
[645/982] EXTERNALIZE build/GEDE01/src/game/game_fn_80174184.o
[646/982] EXTERNALIZE build/GEDE01/src/game/game_fn_8017553C.o
[647/982] EXTERNALIZE build/GEDE01/src/game/game_fn_80173D44.o
[648/982] EXTERNALIZE build/GEDE01/src/game/game_fn_80173770.o
[649/982] EXTERNALIZE build/GEDE01/src/game/game_fn_801734B4.o
[650/982] EXTERNALIZE build/GEDE01/src/game/game_fn_80173270.o
[651/982] EXTERNALIZE build/GEDE01/src/game/game_fn_80172DB8.o
[652/982] EXTERNALIZE build/GEDE01/src/game/game_fn_80172C78.o
[653/982] EXTERNALIZE build/GEDE01/src/game/game_fn_80172BB0.o
[654/982] EXTERNALIZE build/GEDE01/src/game/game_fn_801726EC.o
[655/982] EXTERNALIZE build/GEDE01/src/game/game_fn_8017250C.o
[656/982] EXTERNALIZE build/GEDE01/src/game/game_fn_80171F30.o
[657/982] EXTERNALIZE build/GEDE01/src/game/game_fn_801719B4.o
[658/982] EXTERNALIZE build/GEDE01/src/game/game_fn_801718F4.o
[659/982] EXTERNALIZE build/GEDE01/src/game/game_fn_80171664.o
[660/982] EXTERNALIZE build/GEDE01/src/game/game_fn_8017138C.o
[661/982] EXTERNALIZE build/GEDE01/src/game/game_fn_80170A40.o
[662/982] NORMALIZE build/GEDE01/src/game/game_TRKNubWelcome.o
[663/982] NORMALIZE build/GEDE01/src/game/game_TRK_main.o
[664/982] NORMALIZE build/GEDE01/src/game/game_data_80239E10.o
[665/982] NORMALIZE build/GEDE01/src/game/game_data_80239E18.o
[666/982] EXTERNALIZE build/GEDE01/src/game/game_fn_801706DC.o
[667/982] EXTERNALIZE build/GEDE01/src/game/game_fn_8017652C.o
[668/982] EXTERNALIZE build/GEDE01/src/game/game_fn_80170E9C.o
[669/982] EXTERNALIZE build/GEDE01/src/game/game_fn_80175E64.o
[670/982] EXTERNALIZE build/GEDE01/src/game/game_fn_80175F0C.o
[671/982] EXTERNALIZE build/GEDE01/src/game/game_fn_80176098.o
[672/982] EXTERNALIZE build/GEDE01/src/game/game_fn_80175FD4.o
[673/982] EXTERNALIZE build/GEDE01/src/game/game_fn_80176160.o
[674/982] EXTERNALIZE build/GEDE01/src/game/game_fn_80176220.o
[675/982] EXTERNALIZE build/GEDE01/src/game/game_fn_801762E8.o
[676/982] EXTERNALIZE build/GEDE01/src/game/game_fn_80170DF4.o
[677/982] EXTERNALIZE build/GEDE01/src/game/game_fn_8016E8F8.o
[678/982] EXTERNALIZE build/GEDE01/src/game/game_fn_8016FEF8.o
[679/982] EXTERNALIZE build/GEDE01/src/game/game_fn_801704F8.o
[680/982] NORMALIZE build/GEDE01/src/game/game_fn_8016DF4C.o
[681/982] EXTERNALIZE build/GEDE01/src/game/game_fn_8016D2B8.o
[682/982] EXTERNALIZE build/GEDE01/src/game/game_fn_8016D040.o
[683/982] EXTERNALIZE build/GEDE01/src/game/game_fn_8016D1F8.o
[684/982] EXTERNALIZE build/GEDE01/src/game/game_fn_8016C774.o
[685/982] EXTERNALIZE build/GEDE01/src/game/game_fn_8016C4BC.o
[686/982] EXTERNALIZE build/GEDE01/src/game/game_fn_8016C238.o
[687/982] EXTERNALIZE build/GEDE01/src/game/game_fn_8016C164.o
[688/982] EXTERNALIZE build/GEDE01/src/game/game_fn_8016C0BC.o
[689/982] EXTERNALIZE build/GEDE01/src/game/game_fn_8017038C.o
[690/982] EXTERNALIZE build/GEDE01/src/game/game_fn_8016BE1C.o
[691/982] EXTERNALIZE build/GEDE01/src/game/game_fn_8016BF60.o
[692/982] EXTERNALIZE build/GEDE01/src/game/game_fn_8016BD0C.o
[693/982] EXTERNALIZE build/GEDE01/src/game/game_fn_80169650.o
[694/982] EXTERNALIZE build/GEDE01/src/game/game_fn_8015EDC0.o
[695/982] EXTERNALIZE build/GEDE01/src/game/game_fn_80167B5C.o
[696/982] EXTERNALIZE build/GEDE01/src/game/game_fn_8015DB84.o
[697/982] EXTERNALIZE build/GEDE01/src/game/game_fn_8015DC54.o
[698/982] EXTERNALIZE build/GEDE01/src/game/game_fn_80158B20.o
[699/982] EXTERNALIZE build/GEDE01/src/game/game_fn_80179398.o
[700/982] EXTERNALIZE build/GEDE01/src/game/game_fn_8017960C.o
[701/982] EXTERNALIZE build/GEDE01/src/game/game_fn_8017974C.o
[702/982] EXTERNALIZE build/GEDE01/src/game/game_fn_80179904.o
[703/982] EXTERNALIZE build/GEDE01/src/game/game_fn_8017A9B8.o
[704/982] EXTERNALIZE build/GEDE01/src/game/game_fn_80179A18.o
[705/982] EXTERNALIZE build/GEDE01/src/game/game_fn_80179A74.o
[706/982] EXTERNALIZE build/GEDE01/src/game/game_fn_80179EB8.o
[707/982] EXTERNALIZE build/GEDE01/src/game/game_fn_8017A010.o
[708/982] EXTERNALIZE build/GEDE01/src/game/game_fn_80179F20.o
[709/982] EXTERNALIZE build/GEDE01/src/game/game_fn_8017A12C.o
[710/982] EXTERNALIZE build/GEDE01/src/game/game_fn_80157C0C.o
[711/982] EXTERNALIZE build/GEDE01/src/game/game_fn_8017A1C0.o
[712/982] EXTERNALIZE build/GEDE01/src/game/game_fn_80155814.o
[713/982] EXTERNALIZE build/GEDE01/src/game/game_fn_80153898.o
[714/982] EXTERNALIZE build/GEDE01/src/game/game_fn_8014AF38.o
[715/982] EXTERNALIZE build/GEDE01/src/game/game_fn_8014B494.o
[716/982] EXTERNALIZE build/GEDE01/src/game/game_fn_8012DB28.o
[717/982] EXTERNALIZE build/GEDE01/src/game/game_fn_801141B8.o
[718/982] EXTERNALIZE build/GEDE01/src/game/game_fn_801128E4.o
[719/982] EXTERNALIZE build/GEDE01/src/game/game_fn_801126E0.o
[720/982] EXTERNALIZE build/GEDE01/src/game/game_fn_8010F184.o
[721/982] EXTERNALIZE build/GEDE01/src/game/game_fn_800E4980.o
[722/982] EXTERNALIZE build/GEDE01/src/game/game_fn_800C17EC.o
[723/982] EXTERNALIZE build/GEDE01/src/game/game_fn_800C030C.o
[724/982] EXTERNALIZE build/GEDE01/src/game/game_fn_800C59F0.o
[725/982] EXTERNALIZE build/GEDE01/src/game/game_fn_800C644C.o
[726/982] EXTERNALIZE build/GEDE01/src/game/game_fn_800C65FC.o
[727/982] EXTERNALIZE build/GEDE01/src/game/game_fn_800CB760.o
[728/982] EXTERNALIZE build/GEDE01/src/game/game_fn_800CB8F4.o
[729/982] EXTERNALIZE build/GEDE01/src/game/game_fn_80078500.o
[730/982] EXTERNALIZE build/GEDE01/src/game/game_fn_8007B2F4.o
[731/982] EXTERNALIZE build/GEDE01/src/game/game_fn_80079908.o
[732/982] EXTERNALIZE build/GEDE01/src/game/game_fn_8007B640.o
[733/982] EXTERNALIZE build/GEDE01/src/game/game_fn_8007B540.o
[734/982] EXTERNALIZE build/GEDE01/src/game/game_fn_800886D8.o
[735/982] EXTERNALIZE build/GEDE01/src/game/game_fn_8007BA3C.o
[736/982] EXTERNALIZE build/GEDE01/src/game/game_fn_800934A0.o
[737/982] EXTERNALIZE build/GEDE01/src/game/game_fn_800A3894.o
[738/982] EXTERNALIZE build/GEDE01/src/game/game_fn_800A7E88.o
[739/982] EXTERNALIZE build/GEDE01/src/game/game_fn_800A4798.o
[740/982] GLOBALIZE build/GEDE01/src/game/game_fn_800A2130.o
[741/982] EXTERNALIZE build/GEDE01/src/game/game_fn_800A2FCC.o
[742/982] EXTERNALIZE build/GEDE01/src/game/game_fn_8009C424.o
[743/982] EXTERNALIZE build/GEDE01/src/game/game_fn_80096830.o
[744/982] GLOBALIZE build/GEDE01/src/game/game_fn_8008F890.o
[745/982] EXTERNALIZE SWITCHES build/GEDE01/src/game/game_fn_80095FDC.o
[746/982] EXTERNALIZE build/GEDE01/src/game/game_fn_800A4428.o
[747/982] EXTERNALIZE build/GEDE01/src/game/game_fn_80074310.o
[748/982] GLOBALIZE build/GEDE01/src/game/game_fn_8005FD84.o
[749/982] EXTERNALIZE build/GEDE01/src/game/game_fn_80066888.o
[750/982] EXTERNALIZE build/GEDE01/src/game/game_fn_8005EC6C.o
[751/982] EXTERNALIZE build/GEDE01/src/game/game_fn_80052310.o
[752/982] EXTERNALIZE build/GEDE01/src/game/game_fn_80048B24.o
[753/982] NAME SWITCH build/GEDE01/src/game/game_fn_80020E94.o
[754/982] NAME SWITCH build/GEDE01/src/game/game_fn_8005EE9C.o
[755/982] NAME SWITCH build/GEDE01/src/game/game_fn_8016D9C0.o
[756/982] NAME SWITCH build/GEDE01/src/game/game_fn_80071A58.o
[757/982] EXTERNALIZE build/GEDE01/src/game/game_fn_80048ADC.o
[758/982] NAME SWITCH build/GEDE01/src/game/game_fn_8006B620.o
[759/982] NAME SWITCH build/GEDE01/src/game/game_fn_8001FE1C.o
[760/982] NAME SWITCH build/GEDE01/src/game/game_fn_8001E644.o
[761/982] EXTERNALIZE build/GEDE01/src/game/game_fn_80038878.o
[762/982] EXTERNALIZE build/GEDE01/src/game/game_fn_801B46C8.o
build/GEDE01/src/game/game_fn_801B46C8.o: lbl_8060C020 now undefined; section 6 emptied
[763/982] EXTERNALIZE build/GEDE01/src/game/game_fn_800359A0.o
[764/982] EXTERNALIZE build/GEDE01/src/game/game_fn_80036C40.o
[765/982] EXTERNALIZE build/GEDE01/src/game/game_fn_80033180.o
[766/982] EXTERNALIZE build/GEDE01/src/game/game_fn_80033038.o
[767/982] EXTERNALIZE build/GEDE01/src/game/game_fn_80032B84.o
[768/982] EXTERNALIZE build/GEDE01/src/game/game_fn_8003232C.o
[769/982] EXTERNALIZE build/GEDE01/src/game/game_fn_8002E3F0.o
[770/982] EXTERNALIZE build/GEDE01/src/game/game_fn_8002DAE0.o
[771/982] EXTERNALIZE build/GEDE01/src/game/game_fn_8002EA68.o
[772/982] GLOBALIZE build/GEDE01/src/game/game_fn_8002B748.o
[773/982] EXTERNALIZE build/GEDE01/src/game/game_fn_8002F428.o
[774/982] NAME SWITCHES build/GEDE01/src/game/game_fn_80024F28.o
[775/982] EXTERNALIZE build/GEDE01/src/game/game_fn_800272B4.o
[776/982] EXTERNALIZE build/GEDE01/src/game/game_fn_8001CE94.o
[777/982] EXTERNALIZE build/GEDE01/src/game/game_fn_8001CD58.o
[778/982] EXTERNALIZE build/GEDE01/src/game/game_fn_8001C078.o
[779/982] EXTERNALIZE build/GEDE01/src/game/game_fn_8001B874.o
[780/982] EXTERNALIZE build/GEDE01/src/game/game_fn_8001B294.o
[781/982] EXTERNALIZE build/GEDE01/src/game/game_fn_8001B808.o
[782/982] EXTERNALIZE build/GEDE01/src/game/game_fn_8001B124.o
[783/982] EXTERNALIZE build/GEDE01/src/game/game_fn_8001ADF8.o
[784/982] EXTERNALIZE build/GEDE01/src/game/game_fn_8001AF68.o
[785/982] EXTERNALIZE build/GEDE01/src/game/game_fn_8001AAB8.o
[786/982] EXTERNALIZE build/GEDE01/src/game/game_fn_8001A6C4.o
[787/982] EXTERNALIZE build/GEDE01/src/game/game_fn_80019F98.o
[788/982] EXTERNALIZE build/GEDE01/src/game/game_fn_80019C10.o
[789/982] EXTERNALIZE build/GEDE01/src/game/game_fn_80019D2C.o
[790/982] EXTERNALIZE build/GEDE01/src/game/game_fn_800194D0.o
[791/982] EXTERNALIZE build/GEDE01/src/game/game_fn_80019940.o
[792/982] EXTERNALIZE build/GEDE01/src/game/game_fn_80019054.o
[793/982] EXTERNALIZE build/GEDE01/src/game/game_fn_80019244.o
[794/982] EXTERNALIZE build/GEDE01/src/game/game_fn_80018EF4.o
[795/982] EXTERNALIZE build/GEDE01/src/game/game_fn_80017DB0.o
[796/982] EXTERNALIZE build/GEDE01/src/game/game_fn_80017CC8.o
[797/982] EXTERNALIZE build/GEDE01/src/game/game_fn_80017C3C.o
[798/982] EXTERNALIZE build/GEDE01/src/game/game_fn_80017AE4.o
[799/982] EXTERNALIZE build/GEDE01/src/game/game_fn_80017A3C.o
[800/982] EXTERNALIZE build/GEDE01/src/game/game_fn_800179AC.o
[801/982] EXTERNALIZE build/GEDE01/src/game/game_fn_80017910.o
[802/982] EXTERNALIZE FLAGS build/GEDE01/src/game/game_fn_800119FC.o
[803/982] EXTERNALIZE build/GEDE01/src/game/game_fn_8000FFD8.o
[804/982] EXTERNALIZE build/GEDE01/src/game/game_fn_8000F4B0.o
[805/982] GLOBALIZE build/GEDE01/src/game/game_fn_800094C0.o
[806/982] EXTERNALIZE build/GEDE01/src/game/game_fn_8000EFC4.o
[807/982] EXTERNALIZE build/GEDE01/src/game/game_fn_800096E0.o
[808/982] EXTERNALIZE build/GEDE01/src/game/game_fn_800098C0.o
[809/982] EXTERNALIZE build/GEDE01/src/game/game_fn_800099D8.o
[810/982] EXTERNALIZE build/GEDE01/src/game/game_fn_80009AB4.o
[811/982] EXTERNALIZE build/GEDE01/src/game/game_fn_800171C0.o
[812/982] EXTERNALIZE build/GEDE01/src/game/game_fn_8000A26C.o
[813/982] EXTERNALIZE build/GEDE01/src/game/game_fn_800176F0.o
[814/982] EXTERNALIZE build/GEDE01/src/game/game_fn_8000AC88.o
[815/982] EXTERNALIZE build/GEDE01/src/game/game_fn_8000AEB4.o
[816/982] EXTERNALIZE build/GEDE01/src/game/game_fn_8000AFB4.o
[817/982] EXTERNALIZE build/GEDE01/src/game/game_fn_8000B1B8.o
[818/982] EXTERNALIZE build/GEDE01/src/game/game_fn_8000B36C.o
[819/982] EXTERNALIZE build/GEDE01/src/game/game_fn_8000B630.o
[820/982] EXTERNALIZE build/GEDE01/src/game/game_fn_8000B7FC.o
[821/982] EXTERNALIZE build/GEDE01/src/game/game_fn_8000B900.o
[822/982] EXTERNALIZE build/GEDE01/src/game/game_fn_8000BA0C.o
[823/982] EXTERNALIZE build/GEDE01/src/game/game_fn_8000BAA0.o
[824/982] EXTERNALIZE build/GEDE01/src/game/game_fn_8000BC40.o
[825/982] EXTERNALIZE build/GEDE01/src/game/game_fn_8000C06C.o
[826/982] EXTERNALIZE build/GEDE01/src/game/game_fn_8000C17C.o
[827/982] EXTERNALIZE build/GEDE01/src/game/game_fn_8000C400.o
[828/982] EXTERNALIZE build/GEDE01/src/game/game_fn_8000C848.o
[829/982] EXTERNALIZE build/GEDE01/src/game/game_fn_8000C91C.o
[830/982] EXTERNALIZE build/GEDE01/src/game/game_fn_8000D3D4.o
[831/982] NAME SWITCH build/GEDE01/src/game/game_fn_8000D8A4.o
[832/982] EXTERNALIZE build/GEDE01/src/game/game_fn_8000D0BC.o
[833/982] EXTERNALIZE build/GEDE01/src/game/game_fn_8000E054.o
[834/982] EXTERNALIZE build/GEDE01/src/game/game_fn_8000E0AC.o
[835/982] EXTERNALIZE build/GEDE01/src/game/game_fn_8000E96C.o
[836/982] EXTERNALIZE build/GEDE01/src/game/game_fn_8000F774.o
[837/982] EXTERNALIZE build/GEDE01/src/game/game_fn_8000EBD4.o
[838/982] EXTERNALIZE build/GEDE01/src/game/game_fn_8000EB14.o
[839/982] EXTERNALIZE build/GEDE01/src/game/game_fn_8000E138.o
[840/982] EXTERNALIZE build/GEDE01/src/game/game_fn_8000ED44.o
[841/982] EXTERNALIZE build/GEDE01/src/game/game_fn_8000D590.o
[842/982] EXTERNALIZE build/GEDE01/src/game/game_fn_8000E1C4.o
[843/982] EXTERNALIZE build/GEDE01/src/game/game_fn_8000DAF4.o
[844/982] EXTERNALIZE build/GEDE01/src/game/game_fn_8000DA50.o
[845/982] EXTERNALIZE build/GEDE01/src/game/game_fn_80012DA8.o
[846/982] EXTERNALIZE build/GEDE01/src/game/game_fn_80012F40.o
[847/982] EXTERNALIZE build/GEDE01/src/game/game_fn_80012FD0.o
[848/982] EXTERNALIZE build/GEDE01/src/game/game_fn_800131E8.o
[849/982] EXTERNALIZE build/GEDE01/src/game/game_fn_80013340.o
[850/982] EXTERNALIZE build/GEDE01/src/game/game_fn_80013870.o
[851/982] EXTERNALIZE build/GEDE01/src/game/game_fn_80013CB0.o
[852/982] EXTERNALIZE build/GEDE01/src/game/game_fn_80013D54.o
[853/982] EXTERNALIZE build/GEDE01/src/game/game_fn_800142DC.o
[854/982] EXTERNALIZE build/GEDE01/src/game/game_fn_800144CC.o
[855/982] EXTERNALIZE build/GEDE01/src/game/game_fn_80014784.o
[856/982] EXTERNALIZE build/GEDE01/src/game/game_fn_80015058.o
[857/982] EXTERNALIZE build/GEDE01/src/game/game_fn_800149D4.o
[858/982] EXTERNALIZE build/GEDE01/src/game/game_fn_80015320.o
[859/982] EXTERNALIZE build/GEDE01/src/game/game_fn_80015568.o
[860/982] EXTERNALIZE build/GEDE01/src/game/game_fn_800156FC.o
[861/982] EXTERNALIZE build/GEDE01/src/game/game_fn_80015BE0.o
[862/982] EXTERNALIZE build/GEDE01/src/game/game_fn_80015D40.o
[863/982] EXTERNALIZE build/GEDE01/src/game/game_fn_80015F04.o
[864/982] EXTERNALIZE build/GEDE01/src/game/game_fn_80016128.o
[865/982] EXTERNALIZE build/GEDE01/src/game/game_fn_80016270.o
[866/982] EXTERNALIZE build/GEDE01/src/game/game_fn_80016904.o
[867/982] EXTERNALIZE build/GEDE01/src/game/game_fn_800173CC.o
[868/982] EXTERNALIZE build/GEDE01/src/game/game_fn_80016B24.o
[869/982] EXTERNALIZE build/GEDE01/src/game/game_fn_801BEF40.o
[870/982] EXTERNALIZE build/GEDE01/src/game/game_fn_801B86C0.o
[871/982] EXTERNALIZE STATIC POOL build/GEDE01/src/game/game_fn_801C4B5C.o
build/GEDE01/src/game/game_fn_801C4B5C.o: lbl_80628CB0 now undefined; section 6 emptied
[872/982] EXTERNALIZE build/GEDE01/src/game/game_fn_801C8600.o
[873/982] EXTERNALIZE build/GEDE01/src/game/game_fn_80150400.o
[874/982] EXTERNALIZE build/GEDE01/src/game/game_fn_801EAA04.o
[875/982] EXTERNALIZE build/GEDE01/src/game/game_fn_80150F20.o
[876/982] EXTERNALIZE build/GEDE01/src/game/game_fn_80151600.o
[877/982] EXTERNALIZE build/GEDE01/src/game/game_fn_80151D00.o
[878/982] EXTERNALIZE build/GEDE01/src/game/game_fn_8011EE04.o
[879/982] EXTERNALIZE build/GEDE01/src/game/game_fn_801E3644.o
[880/982] EXTERNALIZE build/GEDE01/src/game/game_fn_8019E0B0.o
[881/982] EXTERNALIZE build/GEDE01/src/game/game_fn_801A260C.o
[882/982] EXTERNALIZE build/GEDE01/src/game/game_fn_801DE8B4.o
[883/982] EXTERNALIZE build/GEDE01/src/game/game_fn_80173BDC.o
[884/982] EXTERNALIZE build/GEDE01/src/game/game_fn_801E7014.o
[885/982] EXTERNALIZE build/GEDE01/src/game/game_fn_801A4430.o
[886/982] EXTERNALIZE build/GEDE01/src/game/game_fn_8014BA14.o
[887/982] EXTERNALIZE build/GEDE01/src/game/game_fn_800B2EC0.o
[888/982] EXTERNALIZE build/GEDE01/src/game/game_fn_801DDB84.o
[889/982] EXTERNALIZE build/GEDE01/src/game/game_fn_8001CA04.o
[890/982] EXTERNALIZE build/GEDE01/src/game/game_fn_80031544.o
[891/982] EXTERNALIZE build/GEDE01/src/game/game_fn_8006B0F0.o
[892/982] EXTERNALIZE build/GEDE01/src/game/game_fn_8007D4D8.o
[893/982] EXTERNALIZE build/GEDE01/src/game/game_fn_8007F770.o
[894/982] EXTERNALIZE build/GEDE01/src/game/game_fn_80088F4C.o
[895/982] EXTERNALIZE build/GEDE01/src/game/game_fn_8008A2E0.o
[896/982] EXTERNALIZE build/GEDE01/src/game/game_fn_80089A34.o
[897/982] EXTERNALIZE build/GEDE01/src/game/game_fn_80090004.o
[898/982] EXTERNALIZE build/GEDE01/src/game/game_fn_80095D10.o
[899/982] EXTERNALIZE build/GEDE01/src/game/game_fn_800A3180.o
[900/982] EXTERNALIZE build/GEDE01/src/game/game_fn_800BB7A8.o
[901/982] EXTERNALIZE build/GEDE01/src/game/game_fn_800BB5C4.o
[902/982] EXTERNALIZE build/GEDE01/src/game/game_fn_800BB9A4.o
[903/982] EXTERNALIZE build/GEDE01/src/game/game_fn_800BBAF0.o
[904/982] EXTERNALIZE build/GEDE01/src/game/game_fn_800D9E10.o
[905/982] EXTERNALIZE build/GEDE01/src/game/game_fn_800D9064.o
[906/982] EXTERNALIZE build/GEDE01/src/game/game_fn_8012976C.o
[907/982] EXTERNALIZE build/GEDE01/src/game/game_fn_8013DB8C.o
[908/982] EXTERNALIZE build/GEDE01/src/game/game_fn_8013CBE4.o
[909/982] EXTERNALIZE build/GEDE01/src/game/game_fn_8014CA98.o
[910/982] EXTERNALIZE build/GEDE01/src/game/game_fn_80153A24.o
[911/982] EXTERNALIZE build/GEDE01/src/game/game_fn_80174F2C.o
[912/982] EXTERNALIZE build/GEDE01/src/game/game_fn_801535D8.o
[913/982] EXTERNALIZE build/GEDE01/src/game/game_fn_801752B0.o
[914/982] EXTERNALIZE build/GEDE01/src/game/game_fn_8017AC20.o
[915/982] EXTERNALIZE build/GEDE01/src/game/game_fn_8018680C.o
[916/982] EXTERNALIZE build/GEDE01/src/game/game_fn_801861C4.o
[917/982] EXTERNALIZE build/GEDE01/src/game/game_fn_80186F70.o
[918/982] EXTERNALIZE build/GEDE01/src/game/game_fn_80187320.o
[919/982] EXTERNALIZE build/GEDE01/src/game/game_fn_801810A0.o
[920/982] EXTERNALIZE build/GEDE01/src/game/game_fn_801875FC.o
[921/982] EXTERNALIZE build/GEDE01/src/game/game_fn_800542D0.o
[922/982] EXTERNALIZE build/GEDE01/src/game/game_fn_80187E40.o
[923/982] EXTERNALIZE build/GEDE01/src/game/game_fn_80187BB4.o
[924/982] EXTERNALIZE build/GEDE01/src/game/game_fn_80189C14.o
[925/982] EXTERNALIZE build/GEDE01/src/game/game_fn_8018C2D0.o
[926/982] EXTERNALIZE build/GEDE01/src/game/game_fn_8018D400.o
[927/982] EXTERNALIZE build/GEDE01/src/game/game_fn_8018E0D8.o
[928/982] EXTERNALIZE build/GEDE01/src/game/game_fn_8019120C.o
[929/982] EXTERNALIZE build/GEDE01/src/game/game_fn_8018DC24.o
[930/982] EXTERNALIZE build/GEDE01/src/game/game_fn_801926EC.o
[931/982] EXTERNALIZE build/GEDE01/src/game/game_fn_801916D0.o
[932/982] EXTERNALIZE build/GEDE01/src/game/game_fn_801929A4.o
[933/982] EXTERNALIZE build/GEDE01/src/game/game_fn_801952E8.o
[934/982] EXTERNALIZE build/GEDE01/src/game/game_fn_801A2A54.o
[935/982] EXTERNALIZE build/GEDE01/src/game/game_fn_801A34BC.o
[936/982] EXTERNALIZE build/GEDE01/src/game/game_fn_801A657C.o
[937/982] EXTERNALIZE build/GEDE01/src/game/game_fn_801A1F8C.o
[938/982] EXTERNALIZE build/GEDE01/src/game/game_fn_801D1F78.o
[939/982] EXTERNALIZE build/GEDE01/src/game/game_fn_801E2A48.o
[940/982] EXTERNALIZE build/GEDE01/src/game/game_fn_801E6814.o
[941/982] EXTERNALIZE build/GEDE01/src/game/game_fn_801E995C.o
[942/982] EXTERNALIZE build/GEDE01/src/game/game_fn_801F0CB0.o
[943/982] EXTERNALIZE build/GEDE01/src/game/game_fn_801EF580.o
[944/982] EXTERNALIZE build/GEDE01/src/game/game_fn_801F10BC.o
[945/982] EXTERNALIZE build/GEDE01/src/game/game_fn_801F35A8.o
[946/982] EXTERNALIZE build/GEDE01/src/game/game_fn_801ECD74.o
[947/982] EXTERNALIZE build/GEDE01/src/game/game_fn_801ED5F4.o
[948/982] EXTERNALIZE build/GEDE01/src/game/game_fn_801F69F0.o
[949/982] EXTERNALIZE build/GEDE01/src/game/game_fn_801F76EC.o
[950/982] EXTERNALIZE build/GEDE01/src/game/game_fn_801F8264.o
[951/982] EXTERNALIZE build/GEDE01/src/game/game_fn_801F89B4.o
[952/982] EXTERNALIZE build/GEDE01/src/game/game_fn_801F9AF8.o
[953/982] EXTERNALIZE build/GEDE01/src/game/game_fn_801F6BD8.o
[954/982] EXTERNALIZE build/GEDE01/src/game/game_fn_80095E64.o
[955/982] EXTERNALIZE build/GEDE01/src/game/game_fn_801FB6A4.o
[956/982] EXTERNALIZE JUMPTABLES build/GEDE01/src/game/game_fn_800361F8.o
[957/982] EXTERNALIZE JUMPTABLES build/GEDE01/src/game/game_fn_8006E53C.o
[958/982] EXTERNALIZE JUMPTABLES build/GEDE01/src/game/game_fn_800CF598.o
[959/982] EXTERNALIZE JUMPTABLES build/GEDE01/src/game/game_fn_801ACFE8.o
[960/982] EXTERNALIZE JUMPTABLES build/GEDE01/src/game/game_fn_801B1BA0.o
[961/982] EXTERNALIZE build/GEDE01/src/game/game_fn_801E0088.o
[962/982] EXTERNALIZE build/GEDE01/src/game/game_fn_80150A24.o
[963/982] EXTERNALIZE build/GEDE01/src/game/game_fn_801E504C.o
[964/982] EXTERNALIZE build/GEDE01/src/game/game_fn_80154F74.o
[965/982] EXTERNALIZE build/GEDE01/src/game/game_fn_8009E808.o
[966/982] EXTERNALIZE build/GEDE01/src/game/game_fn_801F1A38.o
[967/982] EXTERNALIZE build/GEDE01/src/game/game_fn_801F55A0.o
[968/982] EXTERNALIZE build/GEDE01/src/game/game_fn_801FFE78.o
[969/982] EXTERNALIZE build/GEDE01/src/game/game_fn_801F8FAC.o
[970/982] EXTERNALIZE build/GEDE01/src/game/game_fn_801F7510.o
[971/982] EXTERNALIZE build/GEDE01/src/game/game_fn_801FC034.o
[972/982] EXTERNALIZE build/GEDE01/src/game/game_fn_801F9CF4.o
[973/982] EXTERNALIZE build/GEDE01/src/game/game_fn_801FA9C8.o
[974/982] MWCC build/GEDE01/src/game/game_fn_80209140.o
[975/982] MWCC build/GEDE01/src/game/game_fn_80209290.o
[976/982] REPORT
 INFO Loading project .
 INFO Generating report for 7104 units (using 8 threads)
 INFO Report generated in 0.650s
 INFO Writing to build/GEDE01/report.json
[977/982] LINK build/GEDE01/main.elf
### mwldeppc.exe Linker Warning:
#   Section '.ignored' is unknown. Section ignored.
### mwldeppc.exe Linker Warning:
#   Section '.ignored' is unknown. Section ignored.
### mwldeppc.exe Linker Warning:
#   Section '.ignored' is unknown. Section ignored.
### mwldeppc.exe Linker Warning:
#   Section '.ignored' is unknown. Section ignored.
### mwldeppc.exe Linker Warning:
#   Section '.ignored' is unknown. Section ignored.
### mwldeppc.exe Linker Warning:
#   Section '.ignored' is unknown. Section ignored.
### mwldeppc.exe Linker Warning:
#   Section '.ignored' is unknown. Section ignored.
### mwldeppc.exe Linker Warning:
#   Section '.ignored' is unknown. Section ignored.
### mwldeppc.exe Linker Warning:
#   Section '.ignored' is unknown. Section ignored.
### mwldeppc.exe Linker Warning:
#   Section '.ignored' is unknown. Section ignored.
### mwldeppc.exe Linker Warning:
#   Section '.ignored' is unknown. Section ignored.
### mwldeppc.exe Linker Warning:
#   Section '.ignored' is unknown. Section ignored.
### mwldeppc.exe Linker Warning:
#   Section '.ignored' is unknown. Section ignored.
### mwldeppc.exe Linker Warning:
#   Section '.ignored' is unknown. Section ignored.
### mwldeppc.exe Linker Warning:
#   Section '.ignored' is unknown. Section ignored.
### mwldeppc.exe Linker Warning:
#   Section '.ignored' is unknown. Section ignored.
### mwldeppc.exe Linker Warning:
#   Section '.ignored' is unknown. Section ignored.
### mwldeppc.exe Linker Warning:
#   Section '.ignored' is unknown. Section ignored.
### mwldeppc.exe Linker Warning:
#   Section '.ignored' is unknown. Section ignored.
### mwldeppc.exe Linker Warning:
#   Section '.ignored' is unknown. Section ignored.
### mwldeppc.exe Linker Warning:
#   Section '.ignored' is unknown. Section ignored.
### mwldeppc.exe Linker Warning:
#   Section '.ignored' is unknown. Section ignored.
### mwldeppc.exe Linker Warning:
#   Section '.ignored' is unknown. Section ignored.
### mwldeppc.exe Linker Warning:
#   Section '.ignored' is unknown. Section ignored.
### mwldeppc.exe Linker Warning:
#   Section '.ignored' is unknown. Section ignored.
### mwldeppc.exe Linker Warning:
#   Section '.ignored' is unknown. Section ignored.
### mwldeppc.exe Linker Warning:
#   Section '.ignored' is unknown. Section ignored.
### mwldeppc.exe Linker Warning:
#   Section '.ignored' is unknown. Section ignored.
### mwldeppc.exe Linker Warning:
#   Section '.ignored' is unknown. Section ignored.
### mwldeppc.exe Linker Warning:
#   Section '.ignored' is unknown. Section ignored.
### mwldeppc.exe Linker Warning:
#   Section '.ignored' is unknown. Section ignored.
### mwldeppc.exe Linker Warning:
#   Section '.ignored' is unknown. Section ignored.
### mwldeppc.exe Linker Warning:
#   Section '.ignored' is unknown. Section ignored.
### mwldeppc.exe Linker Warning:
#   Section '.ignored' is unknown. Section ignored.
### mwldeppc.exe Linker Warning:
#   Section '.ignored' is unknown. Section ignored.
### mwldeppc.exe Linker Warning:
#   Section '.ignored' is unknown. Section ignored.
### mwldeppc.exe Linker Warning:
#   Section '.ignored' is unknown. Section ignored.
### mwldeppc.exe Linker Warning:
#   Section '.ignored' is unknown. Section ignored.
### mwldeppc.exe Linker Warning:
#   Section '.ignored' is unknown. Section ignored.
### mwldeppc.exe Linker Warning:
#   Section '.ignored' is unknown. Section ignored.
### mwldeppc.exe Linker Warning:
#   Section '.ignored' is unknown. Section ignored.
### mwldeppc.exe Linker Warning:
#   Section '.ignored' is unknown. Section ignored.
### mwldeppc.exe Linker Warning:
#   Section '.ignored' is unknown. Section ignored.
### mwldeppc.exe Linker Warning:
#   Section '.ignored' is unknown. Section ignored.
### mwldeppc.exe Linker Warning:
#   Section '.ignored' is unknown. Section ignored.
### mwldeppc.exe Linker Warning:
#   Section '.ignored' is unknown. Section ignored.
### mwldeppc.exe Linker Warning:
#   Section '.ignored' is unknown. Section ignored.
### mwldeppc.exe Linker Warning:
#   Section '.ignored' is unknown. Section ignored.
### mwldeppc.exe Linker Warning:
#   Section '.ignored' is unknown. Section ignored.
### mwldeppc.exe Linker Warning:
#   Section '.ignored' is unknown. Section ignored.
### mwldeppc.exe Linker Warning:
#   Section '.ignored' is unknown. Section ignored.
### mwldeppc.exe Linker Warning:
#   Section '.ignored' is unknown. Section ignored.
### mwldeppc.exe Linker Warning:
#   Section '.ignored' is unknown. Section ignored.
### mwldeppc.exe Linker Warning:
#   Section '.ignored' is unknown. Section ignored.
### mwldeppc.exe Linker Warning:
#   Section '.ignored' is unknown. Section ignored.
### mwldeppc.exe Linker Warning:
#   Section '.ignored' is unknown. Section ignored.
### mwldeppc.exe Linker Warning:
#   Section '.ignored' is unknown. Section ignored.
### mwldeppc.exe Linker Warning:
#   Section '.ignored' is unknown. Section ignored.
### mwldeppc.exe Linker Warning:
#   Section '.ignored' is unknown. Section ignored.
### mwldeppc.exe Linker Warning:
#   Section '.ignored' is unknown. Section ignored.
### mwldeppc.exe Linker Warning:
#   Section '.ignored' is unknown. Section ignored.
### mwldeppc.exe Linker Warning:
#   Section '.ignored' is unknown. Section ignored.
### mwldeppc.exe Linker Warning:
#   Section '.ignored' is unknown. Section ignored.
### mwldeppc.exe Linker Warning:
#   Section '.ignored' is unknown. Section ignored.
### mwldeppc.exe Linker Warning:
#   Section '.ignored' is unknown. Section ignored.
### mwldeppc.exe Linker Warning:
#   Section '.ignored' is unknown. Section ignored.
### mwldeppc.exe Linker Warning:
#   Section '.ignored' is unknown. Section ignored.
### mwldeppc.exe Linker Warning:
#   Section '.ignored' is unknown. Section ignored.
### mwldeppc.exe Linker Warning:
#   Section '.ignored' is unknown. Section ignored.
### mwldeppc.exe Linker Warning:
#   Section '.ignored' is unknown. Section ignored.
### mwldeppc.exe Linker Warning:
#   Section '.ignored' is unknown. Section ignored.
### mwldeppc.exe Linker Warning:
#   Section '.ignored' is unknown. Section ignored.
### mwldeppc.exe Linker Warning:
#   Section '.ignored' is unknown. Section ignored.
### mwldeppc.exe Linker Warning:
#   Section '.ignored' is unknown. Section ignored.
### mwldeppc.exe Linker Warning:
#   Section '.ignored' is unknown. Section ignored.
### mwldeppc.exe Linker Warning:
#   Section '.ignored' is unknown. Section ignored.
### mwldeppc.exe Linker Warning:
#   Section '.ignored' is unknown. Section ignored.
### mwldeppc.exe Linker Warning:
#   Section '.ignored' is unknown. Section ignored.
### mwldeppc.exe Linker Warning:
#   Section '.ignored' is unknown. Section ignored.
### mwldeppc.exe Linker Warning:
#   Section '.ignored' is unknown. Section ignored.
### mwldeppc.exe Linker Warning:
#   Section '.ignored' is unknown. Section ignored.
### mwldeppc.exe Linker Warning:
#   Section '.ignored' is unknown. Section ignored.
### mwldeppc.exe Linker Warning:
#   Section '.ignored' is unknown. Section ignored.
### mwldeppc.exe Linker Warning:
#   Section '.ignored' is unknown. Section ignored.
### mwldeppc.exe Linker Warning:
#   Section '.ignored' is unknown. Section ignored.
### mwldeppc.exe Linker Warning:
#   Section '.ignored' is unknown. Section ignored.
### mwldeppc.exe Linker Warning:
#   Section '.ignored' is unknown. Section ignored.
### mwldeppc.exe Linker Warning:
#   Section '.ignored' is unknown. Section ignored.
### mwldeppc.exe Linker Warning:
#   Section '.ignored' is unknown. Section ignored.
### mwldeppc.exe Linker Warning:
#   Section '.ignored' is unknown. Section ignored.
### mwldeppc.exe Linker Warning:
#   Section '.ignored' is unknown. Section ignored.
### mwldeppc.exe Linker Warning:
#   Section '.ignored' is unknown. Section ignored.
### mwldeppc.exe Linker Warning:
#   Section '.ignored' is unknown. Section ignored.
### mwldeppc.exe Linker Warning:
#   Section '.ignored' is unknown. Section ignored.
### mwldeppc.exe Linker Warning:
#   Section '.ignored' is unknown. Section ignored.
### mwldeppc.exe Linker Warning:
#   Section '.ignored' is unknown. Section ignored.
### mwldeppc.exe Linker Warning:
#   Section '.ignored' is unknown. Section ignored.
### mwldeppc.exe Linker Warning:
#   Section '.ignored' is unknown. Section ignored.
### mwldeppc.exe Linker Warning:
#   Section '.ignored' is unknown. Section ignored.
### mwldeppc.exe Linker Warning:
#   Section '.ignored' is unknown. Section ignored.
### mwldeppc.exe Linker Warning:
#   Section '.ignored' is unknown. Section ignored.
### mwldeppc.exe Linker Warning:
#   Section '.ignored' is unknown. Section ignored.
### mwldeppc.exe Linker Warning:
#   Section '.ignored' is unknown. Section ignored.
### mwldeppc.exe Linker Warning:
#   Section '.ignored' is unknown. Section ignored.
### mwldeppc.exe Linker Warning:
#   Section '.ignored' is unknown. Section ignored.
### mwldeppc.exe Linker Warning:
#   Section '.ignored' is unknown. Section ignored.
### mwldeppc.exe Linker Warning:
#   Section '.ignored' is unknown. Section ignored.
### mwldeppc.exe Linker Warning:
#   Section '.ignored' is unknown. Section ignored.
### mwldeppc.exe Linker Warning:
#   Section '.ignored' is unknown. Section ignored.
### mwldeppc.exe Linker Warning:
#   Section '.ignored' is unknown. Section ignored.
### mwldeppc.exe Linker Warning:
#   Section '.ignored' is unknown. Section ignored.
### mwldeppc.exe Linker Warning:
#   Section '.ignored' is unknown. Section ignored.
### mwldeppc.exe Linker Warning:
#   Section '.ignored' is unknown. Section ignored.
### mwldeppc.exe Linker Warning:
#   Section '.ignored' is unknown. Section ignored.
### mwldeppc.exe Linker Warning:
#   Section '.ignored' is unknown. Section ignored.
### mwldeppc.exe Linker Warning:
#   Section '.ignored' is unknown. Section ignored.
### mwldeppc.exe Linker Warning:
#   Section '.ignored' is unknown. Section ignored.
### mwldeppc.exe Linker Warning:
#   Section '.ignored' is unknown. Section ignored.
### mwldeppc.exe Linker Warning:
#   Section '.ignored' is unknown. Section ignored.
### mwldeppc.exe Linker Warning:
#   Section '.ignored' is unknown. Section ignored.
### mwldeppc.exe Linker Warning:
#   Section '.ignored' is unknown. Section ignored.
### mwldeppc.exe Linker Warning:
#   Section '.ignored' is unknown. Section ignored.
### mwldeppc.exe Linker Warning:
#   Section '.ignored' is unknown. Section ignored.
### mwldeppc.exe Linker Warning:
#   Section '.ignored' is unknown. Section ignored.
### mwldeppc.exe Linker Warning:
#   Section '.ignored' is unknown. Section ignored.
### mwldeppc.exe Linker Warning:
#   Section '.ignored' is unknown. Section ignored.
### mwldeppc.exe Linker Warning:
#   Section '.ignored' is unknown. Section ignored.
### mwldeppc.exe Linker Warning:
#   Section '.ignored' is unknown. Section ignored.
### mwldeppc.exe Linker Warning:
#   Section '.ignored' is unknown. Section ignored.
### mwldeppc.exe Linker Warning:
#   Section '.ignored' is unknown. Section ignored.
### mwldeppc.exe Linker Warning:
#   Section '.ignored' is unknown. Section ignored.
### mwldeppc.exe Linker Warning:
#   Section '.ignored' is unknown. Section ignored.
### mwldeppc.exe Linker Warning:
#   Section '.ignored' is unknown. Section ignored.
### mwldeppc.exe Linker Warning:
#   Section '.ignored' is unknown. Section ignored.
### mwldeppc.exe Linker Warning:
#   Section '.ignored' is unknown. Section ignored.
### mwldeppc.exe Linker Warning:
#   Section '.ignored' is unknown. Section ignored.
### mwldeppc.exe Linker Warning:
#   Section '.ignored' is unknown. Section ignored.
### mwldeppc.exe Linker Warning:
#   Section '.ignored' is unknown. Section ignored.
### mwldeppc.exe Linker Warning:
#   Section '.ignored' is unknown. Section ignored.
### mwldeppc.exe Linker Warning:
#   Section '.ignored' is unknown. Section ignored.
### mwldeppc.exe Linker Warning:
#   Section '.ignored' is unknown. Section ignored.
### mwldeppc.exe Linker Warning:
#   Section '.ignored' is unknown. Section ignored.
### mwldeppc.exe Linker Warning:
#   Section '.ignored' is unknown. Section ignored.
### mwldeppc.exe Linker Warning:
#   Section '.ignored' is unknown. Section ignored.
### mwldeppc.exe Linker Warning:
#   Section '.ignored' is unknown. Section ignored.
### mwldeppc.exe Linker Warning:
#   Section '.ignored' is unknown. Section ignored.
### mwldeppc.exe Linker Warning:
#   Section '.ignored' is unknown. Section ignored.
### mwldeppc.exe Linker Warning:
#   Section '.ignored' is unknown. Section ignored.
### mwldeppc.exe Linker Warning:
#   Section '.ignored' is unknown. Section ignored.
### mwldeppc.exe Linker Warning:
#   Section '.ignored' is unknown. Section ignored.
### mwldeppc.exe Linker Warning:
#   Section '.ignored' is unknown. Section ignored.
### mwldeppc.exe Linker Warning:
#   Section '.ignored' is unknown. Section ignored.
### mwldeppc.exe Linker Warning:
#   Section '.ignored' is unknown. Section ignored.
### mwldeppc.exe Linker Warning:
#   Section '.ignored' is unknown. Section ignored.
### mwldeppc.exe Linker Warning:
#   Section '.ignored' is unknown. Section ignored.
### mwldeppc.exe Linker Warning:
#   Section '.ignored' is unknown. Section ignored.
### mwldeppc.exe Linker Warning:
#   Section '.ignored' is unknown. Section ignored.
### mwldeppc.exe Linker Warning:
#   Section '.ignored' is unknown. Section ignored.
### mwldeppc.exe Linker Warning:
#   Section '.ignored' is unknown. Section ignored.
### mwldeppc.exe Linker Warning:
#   Section '.ignored' is unknown. Section ignored.
### mwldeppc.exe Linker Warning:
#   Section '.ignored' is unknown. Section ignored.
### mwldeppc.exe Linker Warning:
#   Section '.ignored' is unknown. Section ignored.
### mwldeppc.exe Linker Warning:
#   Section '.ignored' is unknown. Section ignored.
### mwldeppc.exe Linker Warning:
#   Section '.ignored' is unknown. Section ignored.
### mwldeppc.exe Linker Warning:
#   Section '.ignored' is unknown. Section ignored.
### mwldeppc.exe Linker Warning:
#   Section '.ignored' is unknown. Section ignored.
### mwldeppc.exe Linker Warning:
#   Section '.ignored' is unknown. Section ignored.
### mwldeppc.exe Linker Warning:
#   Section '.ignored' is unknown. Section ignored.
### mwldeppc.exe Linker Warning:
#   Section '.ignored' is unknown. Section ignored.
### mwldeppc.exe Linker Warning:
#   Section '.ignored' is unknown. Section ignored.
### mwldeppc.exe Linker Warning:
#   Section '.ignored' is unknown. Section ignored.
### mwldeppc.exe Linker Warning:
#   Section '.ignored' is unknown. Section ignored.
### mwldeppc.exe Linker Warning:
#   Section '.ignored' is unknown. Section ignored.
### mwldeppc.exe Linker Warning:
#   Section '.ignored' is unknown. Section ignored.
### mwldeppc.exe Linker Warning:
#   Section '.ignored' is unknown. Section ignored.
### mwldeppc.exe Linker Warning:
#   Section '.ignored' is unknown. Section ignored.
### mwldeppc.exe Linker Warning:
#   Section '.ignored' is unknown. Section ignored.
### mwldeppc.exe Linker Warning:
#   Section '.ignored' is unknown. Section ignored.
### mwldeppc.exe Linker Warning:
#   Section '.ignored' is unknown. Section ignored.
### mwldeppc.exe Linker Warning:
#   Section '.ignored' is unknown. Section ignored.
### mwldeppc.exe Linker Warning:
#   Section '.ignored' is unknown. Section ignored.
### mwldeppc.exe Linker Warning:
#   Section '.ignored' is unknown. Section ignored.
### mwldeppc.exe Linker Warning:
#   Section '.ignored' is unknown. Section ignored.
### mwldeppc.exe Linker Warning:
#   Section '.ignored' is unknown. Section ignored.
### mwldeppc.exe Linker Warning:
#   Section '.ignored' is unknown. Section ignored.
### mwldeppc.exe Linker Warning:
#   Section '.ignored' is unknown. Section ignored.
### mwldeppc.exe Linker Warning:
#   Section '.ignored' is unknown. Section ignored.
### mwldeppc.exe Linker Warning:
#   Section '.ignored' is unknown. Section ignored.
### mwldeppc.exe Linker Warning:
#   Section '.ignored' is unknown. Section ignored.
### mwldeppc.exe Linker Warning:
#   Section '.ignored' is unknown. Section ignored.
### mwldeppc.exe Linker Warning:
#   Section '.ignored' is unknown. Section ignored.
### mwldeppc.exe Linker Warning:
#   Section '.ignored' is unknown. Section ignored.
### mwldeppc.exe Linker Warning:
#   Section '.ignored' is unknown. Section ignored.
### mwldeppc.exe Linker Warning:
#   Section '.ignored' is unknown. Section ignored.
### mwldeppc.exe Linker Warning:
#   Section '.ignored' is unknown. Section ignored.
### mwldeppc.exe Linker Warning:
#   Section '.ignored' is unknown. Section ignored.
### mwldeppc.exe Linker Warning:
#   Section '.ignored' is unknown. Section ignored.
### mwldeppc.exe Linker Warning:
#   Section '.ignored' is unknown. Section ignored.
### mwldeppc.exe Linker Warning:
#   Section '.ignored' is unknown. Section ignored.
### mwldeppc.exe Linker Warning:
#   Section '.ignored' is unknown. Section ignored.
### mwldeppc.exe Linker Warning:
#   Section '.ignored' is unknown. Section ignored.
### mwldeppc.exe Linker Warning:
#   Section '.ignored' is unknown. Section ignored.
### mwldeppc.exe Linker Warning:
#   Section '.ignored' is unknown. Section ignored.
### mwldeppc.exe Linker Warning:
#   Section '.ignored' is unknown. Section ignored.
### mwldeppc.exe Linker Warning:
#   Section '.ignored' is unknown. Section ignored.
### mwldeppc.exe Linker Warning:
#   Section '.ignored' is unknown. Section ignored.
### mwldeppc.exe Linker Warning:
#   Section '.ignored' is unknown. Section ignored.
### mwldeppc.exe Linker Warning:
#   Section '.ignored' is unknown. Section ignored.
### mwldeppc.exe Linker Warning:
#   Section '.ignored' is unknown. Section ignored.
### mwldeppc.exe Linker Warning:
#   Section '.ignored' is unknown. Section ignored.
### mwldeppc.exe Linker Warning:
#   Section '.ignored' is unknown. Section ignored.
### mwldeppc.exe Linker Warning:
#   Section '.ignored' is unknown. Section ignored.
### mwldeppc.exe Linker Warning:
#   Section '.ignored' is unknown. Section ignored.
### mwldeppc.exe Linker Warning:
#   Section '.ignored' is unknown. Section ignored.
### mwldeppc.exe Linker Warning:
#   Section '.ignored' is unknown. Section ignored.
### mwldeppc.exe Linker Warning:
#   Section '.ignored' is unknown. Section ignored.
### mwldeppc.exe Linker Warning:
#   Section '.ignored' is unknown. Section ignored.
### mwldeppc.exe Linker Warning:
#   Section '.ignored' is unknown. Section ignored.
### mwldeppc.exe Linker Warning:
#   Section '.ignored' is unknown. Section ignored.
### mwldeppc.exe Linker Warning:
#   Section '.ignored' is unknown. Section ignored.
### mwldeppc.exe Linker Warning:
#   Section '.ignored' is unknown. Section ignored.
### mwldeppc.exe Linker Warning:
#   Section '.ignored' is unknown. Section ignored.
### mwldeppc.exe Linker Warning:
#   Section '.ignored' is unknown. Section ignored.
### mwldeppc.exe Linker Warning:
#   Section '.ignored' is unknown. Section ignored.
### mwldeppc.exe Linker Warning:
#   Section '.ignored' is unknown. Section ignored.
### mwldeppc.exe Linker Warning:
#   Section '.ignored' is unknown. Section ignored.
### mwldeppc.exe Linker Warning:
#   Section '.ignored' is unknown. Section ignored.
### mwldeppc.exe Linker Warning:
#   Section '.ignored' is unknown. Section ignored.
### mwldeppc.exe Linker Warning:
#   Section '.ignored' is unknown. Section ignored.
### mwldeppc.exe Linker Warning:
#   Section '.ignored' is unknown. Section ignored.
### mwldeppc.exe Linker Warning:
#   Section '.ignored' is unknown. Section ignored.
### mwldeppc.exe Linker Warning:
#   Section '.ignored' is unknown. Section ignored.
### mwldeppc.exe Linker Warning:
#   Section '.ignored' is unknown. Section ignored.
### mwldeppc.exe Linker Warning:
#   Section '.ignored' is unknown. Section ignored.
### mwldeppc.exe Linker Warning:
#   Section '.ignored' is unknown. Section ignored.
### mwldeppc.exe Linker Warning:
#   Section '.ignored' is unknown. Section ignored.
### mwldeppc.exe Linker Warning:
#   Section '.ignored' is unknown. Section ignored.
### mwldeppc.exe Linker Warning:
#   Section '.ignored' is unknown. Section ignored.
### mwldeppc.exe Linker Warning:
#   Section '.ignored' is unknown. Section ignored.
### mwldeppc.exe Linker Warning:
#   Section '.ignored' is unknown. Section ignored.
### mwldeppc.exe Linker Warning:
#   Section '.ignored' is unknown. Section ignored.
### mwldeppc.exe Linker Warning:
#   Section '.ignored' is unknown. Section ignored.
### mwldeppc.exe Linker Warning:
#   Section '.ignored' is unknown. Section ignored.
### mwldeppc.exe Linker Warning:
#   Section '.ignored' is unknown. Section ignored.
### mwldeppc.exe Linker Warning:
#   Section '.ignored' is unknown. Section ignored.
### mwldeppc.exe Linker Warning:
#   Section '.ignored' is unknown. Section ignored.
### mwldeppc.exe Linker Warning:
#   Section '.ignored' is unknown. Section ignored.
### mwldeppc.exe Linker Warning:
#   Section '.ignored' is unknown. Section ignored.
### mwldeppc.exe Linker Warning:
#   Section '.ignored' is unknown. Section ignored.
### mwldeppc.exe Linker Warning:
#   Section '.ignored' is unknown. Section ignored.
### mwldeppc.exe Linker Warning:
#   Section '.ignored' is unknown. Section ignored.
### mwldeppc.exe Linker Warning:
#   Section '.ignored' is unknown. Section ignored.
### mwldeppc.exe Linker Warning:
#   Section '.ignored' is unknown. Section ignored.
### mwldeppc.exe Linker Warning:
#   Section '.ignored' is unknown. Section ignored.
### mwldeppc.exe Linker Warning:
#   Section '.ignored' is unknown. Section ignored.
### mwldeppc.exe Linker Warning:
#   Section '.ignored' is unknown. Section ignored.
### mwldeppc.exe Linker Warning:
#   Section '.ignored' is unknown. Section ignored.
### mwldeppc.exe Linker Warning:
#   Section '.ignored' is unknown. Section ignored.
### mwldeppc.exe Linker Warning:
#   Section '.ignored' is unknown. Section ignored.
### mwldeppc.exe Linker Warning:
#   Section '.ignored' is unknown. Section ignored.
### mwldeppc.exe Linker Warning:
#   Section '.ignored' is unknown. Section ignored.
### mwldeppc.exe Linker Warning:
#   Section '.ignored' is unknown. Section ignored.
### mwldeppc.exe Linker Warning:
#   Section '.ignored' is unknown. Section ignored.
### mwldeppc.exe Linker Warning:
#   Section '.ignored' is unknown. Section ignored.
### mwldeppc.exe Linker Warning:
#   Section '.ignored' is unknown. Section ignored.
### mwldeppc.exe Linker Warning:
#   Section '.ignored' is unknown. Section ignored.
### mwldeppc.exe Linker Warning:
#   Section '.ignored' is unknown. Section ignored.
### mwldeppc.exe Linker Warning:
#   Section '.ignored' is unknown. Section ignored.
### mwldeppc.exe Linker Warning:
#   Section '.ignored' is unknown. Section ignored.
### mwldeppc.exe Linker Warning:
#   Section '.ignored' is unknown. Section ignored.
### mwldeppc.exe Linker Warning:
#   Section '.ignored' is unknown. Section ignored.
### mwldeppc.exe Linker Warning:
#   Section '.ignored' is unknown. Section ignored.
### mwldeppc.exe Linker Warning:
#   Section '.ignored' is unknown. Section ignored.
### mwldeppc.exe Linker Warning:
#   Section '.ignored' is unknown. Section ignored.
### mwldeppc.exe Linker Warning:
#   Section '.ignored' is unknown. Section ignored.
### mwldeppc.exe Linker Warning:
#   Section '.ignored' is unknown. Section ignored.
### mwldeppc.exe Linker Warning:
#   Section '.ignored' is unknown. Section ignored.
### mwldeppc.exe Linker Warning:
#   Section '.ignored' is unknown. Section ignored.
### mwldeppc.exe Linker Warning:
#   Section '.ignored' is unknown. Section ignored.
### mwldeppc.exe Linker Warning:
#   Section '.ignored' is unknown. Section ignored.
### mwldeppc.exe Linker Warning:
#   Section '.ignored' is unknown. Section ignored.
### mwldeppc.exe Linker Warning:
#   Section '.ignored' is unknown. Section ignored.
### mwldeppc.exe Linker Warning:
#   Section '.ignored' is unknown. Section ignored.
### mwldeppc.exe Linker Warning:
#   Section '.ignored' is unknown. Section ignored.
### mwldeppc.exe Linker Warning:
#   Section '.ignored' is unknown. Section ignored.
### mwldeppc.exe Linker Warning:
#   Section '.ignored' is unknown. Section ignored.
### mwldeppc.exe Linker Warning:
#   Section '.ignored' is unknown. Section ignored.
### mwldeppc.exe Linker Warning:
#   Section '.ignored' is unknown. Section ignored.
### mwldeppc.exe Linker Warning:
#   Section '.ignored' is unknown. Section ignored.
### mwldeppc.exe Linker Warning:
#   Section '.ignored' is unknown. Section ignored.
### mwldeppc.exe Linker Warning:
#   Section '.ignored' is unknown. Section ignored.
### mwldeppc.exe Linker Warning:
#   Section '.ignored' is unknown. Section ignored.
### mwldeppc.exe Linker Warning:
#   Section '.ignored' is unknown. Section ignored.
### mwldeppc.exe Linker Warning:
#   Section '.ignored' is unknown. Section ignored.
### mwldeppc.exe Linker Warning:
#   Section '.ignored' is unknown. Section ignored.
### mwldeppc.exe Linker Warning:
#   Section '.ignored' is unknown. Section ignored.
### mwldeppc.exe Linker Warning:
#   Section '.ignored' is unknown. Section ignored.
### mwldeppc.exe Linker Warning:
#   Section '.ignored' is unknown. Section ignored.
### mwldeppc.exe Linker Warning:
#   Section '.ignored' is unknown. Section ignored.
### mwldeppc.exe Linker Warning:
#   Section '.ignored' is unknown. Section ignored.
### mwldeppc.exe Linker Warning:
#   Section '.ignored' is unknown. Section ignored.
### mwldeppc.exe Linker Warning:
#   Section '.ignored' is unknown. Section ignored.
### mwldeppc.exe Linker Warning:
#   Section '.ignored' is unknown. Section ignored.
### mwldeppc.exe Linker Warning:
#   Section '.ignored' is unknown. Section ignored.
### mwldeppc.exe Linker Warning:
#   Section '.ignored' is unknown. Section ignored.
### mwldeppc.exe Linker Warning:
#   Section '.ignored' is unknown. Section ignored.
### mwldeppc.exe Linker Warning:
#   Section '.ignored' is unknown. Section ignored.
### mwldeppc.exe Linker Warning:
#   Section '.ignored' is unknown. Section ignored.
### mwldeppc.exe Linker Warning:
#   Section '.ignored' is unknown. Section ignored.
### mwldeppc.exe Linker Warning:
#   Section '.ignored' is unknown. Section ignored.
### mwldeppc.exe Linker Warning:
#   Section '.ignored' is unknown. Section ignored.
### mwldeppc.exe Linker Warning:
#   Section '.ignored' is unknown. Section ignored.
### mwldeppc.exe Linker Warning:
#   Section '.ignored' is unknown. Section ignored.
### mwldeppc.exe Linker Warning:
#   Section '.ignored' is unknown. Section ignored.
### mwldeppc.exe Linker Warning:
#   Section '.ignored' is unknown. Section ignored.
### mwldeppc.exe Linker Warning:
#   Section '.ignored' is unknown. Section ignored.
### mwldeppc.exe Linker Warning:
#   Section '.ignored' is unknown. Section ignored.
### mwldeppc.exe Linker Warning:
#   Section '.ignored' is unknown. Section ignored.
### mwldeppc.exe Linker Warning:
#   Section '.ignored' is unknown. Section ignored.
### mwldeppc.exe Linker Warning:
#   Section '.ignored' is unknown. Section ignored.
### mwldeppc.exe Linker Warning:
#   Section '.ignored' is unknown. Section ignored.
### mwldeppc.exe Linker Warning:
#   Section '.ignored' is unknown. Section ignored.
### mwldeppc.exe Linker Warning:
#   Section '.ignored' is unknown. Section ignored.
### mwldeppc.exe Linker Warning:
#   Section '.ignored' is unknown. Section ignored.
### mwldeppc.exe Linker Warning:
#   Section '.ignored' is unknown. Section ignored.
### mwldeppc.exe Linker Warning:
#   Section '.ignored' is unknown. Section ignored.
### mwldeppc.exe Linker Warning:
#   Section '.ignored' is unknown. Section ignored.
### mwldeppc.exe Linker Warning:
#   Section '.ignored' is unknown. Section ignored.
### mwldeppc.exe Linker Warning:
#   Section '.ignored' is unknown. Section ignored.
### mwldeppc.exe Linker Warning:
#   Section '.ignored' is unknown. Section ignored.
### mwldeppc.exe Linker Warning:
#   Section '.ignored' is unknown. Section ignored.
### mwldeppc.exe Linker Warning:
#   Section '.ignored' is unknown. Section ignored.
### mwldeppc.exe Linker Warning:
#   Section '.ignored' is unknown. Section ignored.
### mwldeppc.exe Linker Warning:
#   Section '.ignored' is unknown. Section ignored.
### mwldeppc.exe Linker Warning:
#   Section '.ignored' is unknown. Section ignored.
### mwldeppc.exe Linker Warning:
#   Section '.ignored' is unknown. Section ignored.
### mwldeppc.exe Linker Warning:
#   Section '.ignored' is unknown. Section ignored.
### mwldeppc.exe Linker Warning:
#   Section '.ignored' is unknown. Section ignored.
### mwldeppc.exe Linker Warning:
#   Section '.ignored' is unknown. Section ignored.
### mwldeppc.exe Linker Warning:
#   Section '.ignored' is unknown. Section ignored.
### mwldeppc.exe Linker Warning:
#   Section '.ignored' is unknown. Section ignored.
### mwldeppc.exe Linker Warning:
#   Section '.ignored' is unknown. Section ignored.
### mwldeppc.exe Linker Warning:
#   Section '.ignored' is unknown. Section ignored.
### mwldeppc.exe Linker Warning:
#   Section '.ignored' is unknown. Section ignored.
### mwldeppc.exe Linker Warning:
#   Section '.ignored' is unknown. Section ignored.
### mwldeppc.exe Linker Warning:
#   Section '.ignored' is unknown. Section ignored.
### mwldeppc.exe Linker Warning:
#   Section '.ignored' is unknown. Section ignored.
### mwldeppc.exe Linker Warning:
#   Section '.ignored' is unknown. Section ignored.
### mwldeppc.exe Linker Warning:
#   Section '.ignored' is unknown. Section ignored.
### mwldeppc.exe Linker Warning:
#   Section '.ignored' is unknown. Section ignored.
### mwldeppc.exe Linker Warning:
#   Section '.ignored' is unknown. Section ignored.
### mwldeppc.exe Linker Warning:
#   Section '.ignored' is unknown. Section ignored.
### mwldeppc.exe Linker Warning:
#   Section '.ignored' is unknown. Section ignored.
### mwldeppc.exe Linker Warning:
#   Section '.ignored' is unknown. Section ignored.
### mwldeppc.exe Linker Warning:
#   Section '.ignored' is unknown. Section ignored.
### mwldeppc.exe Linker Warning:
#   Section '.ignored' is unknown. Section ignored.
### mwldeppc.exe Linker Warning:
#   Section '.ignored' is unknown. Section ignored.
### mwldeppc.exe Linker Warning:
#   Section '.ignored' is unknown. Section ignored.
### mwldeppc.exe Linker Warning:
#   Section '.ignored' is unknown. Section ignored.
### mwldeppc.exe Linker Warning:
#   Section '.ignored' is unknown. Section ignored.
### mwldeppc.exe Linker Warning:
#   Section '.ignored' is unknown. Section ignored.
### mwldeppc.exe Linker Warning:
#   Section '.ignored' is unknown. Section ignored.
### mwldeppc.exe Linker Warning:
#   Section '.ignored' is unknown. Section ignored.
### mwldeppc.exe Linker Warning:
#   Section '.ignored' is unknown. Section ignored.
### mwldeppc.exe Linker Warning:
#   Section '.ignored' is unknown. Section ignored.
### mwldeppc.exe Linker Warning:
#   Section '.ignored' is unknown. Section ignored.
### mwldeppc.exe Linker Warning:
#   Section '.ignored' is unknown. Section ignored.
### mwldeppc.exe Linker Warning:
#   Section '.ignored' is unknown. Section ignored.
### mwldeppc.exe Linker Warning:
#   Section '.ignored' is unknown. Section ignored.
### mwldeppc.exe Linker Warning:
#   Section '.ignored' is unknown. Section ignored.
### mwldeppc.exe Linker Warning:
#   Section '.ignored' is unknown. Section ignored.
### mwldeppc.exe Linker Warning:
#   Section '.ignored' is unknown. Section ignored.
### mwldeppc.exe Linker Warning:
#   Section '.ignored' is unknown. Section ignored.
### mwldeppc.exe Linker Warning:
#   Section '.ignored' is unknown. Section ignored.
### mwldeppc.exe Linker Warning:
#   Section '.ignored' is unknown. Section ignored.
### mwldeppc.exe Linker Warning:
#   Section '.ignored' is unknown. Section ignored.
### mwldeppc.exe Linker Warning:
#   Section '.ignored' is unknown. Section ignored.
### mwldeppc.exe Linker Warning:
#   Section '.ignored' is unknown. Section ignored.
### mwldeppc.exe Linker Warning:
#   Section '.ignored' is unknown. Section ignored.
### mwldeppc.exe Linker Warning:
#   Section '.ignored' is unknown. Section ignored.
### mwldeppc.exe Linker Warning:
#   Section '.ignored' is unknown. Section ignored.
### mwldeppc.exe Linker Warning:
#   Section '.ignored' is unknown. Section ignored.
### mwldeppc.exe Linker Warning:
#   Section '.ignored' is unknown. Section ignored.
### mwldeppc.exe Linker Warning:
#   Section '.ignored' is unknown. Section ignored.
### mwldeppc.exe Linker Warning:
#   Section '.ignored' is unknown. Section ignored.
### mwldeppc.exe Linker Warning:
#   Section '.ignored' is unknown. Section ignored.
### mwldeppc.exe Linker Warning:
#   Section '.ignored' is unknown. Section ignored.
### mwldeppc.exe Linker Warning:
#   Section '.ignored' is unknown. Section ignored.
### mwldeppc.exe Linker Warning:
#   Section '.ignored' is unknown. Section ignored.
### mwldeppc.exe Linker Warning:
#   Section '.ignored' is unknown. Section ignored.
### mwldeppc.exe Linker Warning:
#   Section '.ignored' is unknown. Section ignored.
### mwldeppc.exe Linker Warning:
#   Section '.ignored' is unknown. Section ignored.
### mwldeppc.exe Linker Warning:
#   Section '.ignored' is unknown. Section ignored.
### mwldeppc.exe Linker Warning:
#   Section '.ignored' is unknown. Section ignored.
### mwldeppc.exe Linker Warning:
#   Section '.ignored' is unknown. Section ignored.
### mwldeppc.exe Linker Warning:
#   Section '.ignored' is unknown. Section ignored.
### mwldeppc.exe Linker Warning:
#   Section '.ignored' is unknown. Section ignored.
### mwldeppc.exe Linker Warning:
#   Section '.ignored' is unknown. Section ignored.
### mwldeppc.exe Linker Warning:
#   Section '.ignored' is unknown. Section ignored.
### mwldeppc.exe Linker Warning:
#   Section '.ignored' is unknown. Section ignored.
### mwldeppc.exe Linker Warning:
#   Section '.ignored' is unknown. Section ignored.
### mwldeppc.exe Linker Warning:
#   Section '.ignored' is unknown. Section ignored.
### mwldeppc.exe Linker Warning:
#   Section '.ignored' is unknown. Section ignored.
### mwldeppc.exe Linker Warning:
#   Section '.ignored' is unknown. Section ignored.
### mwldeppc.exe Linker Warning:
#   Section '.ignored' is unknown. Section ignored.
### mwldeppc.exe Linker Warning:
#   Section '.ignored' is unknown. Section ignored.
### mwldeppc.exe Linker Warning:
#   Section '.ignored' is unknown. Section ignored.
### mwldeppc.exe Linker Warning:
#   Section '.ignored' is unknown. Section ignored.
### mwldeppc.exe Linker Warning:
#   Section '.ignored' is unknown. Section ignored.
### mwldeppc.exe Linker Warning:
#   Section '.ignored' is unknown. Section ignored.
### mwldeppc.exe Linker Warning:
#   Section '.ignored' is unknown. Section ignored.
### mwldeppc.exe Linker Warning:
#   Section '.ignored' is unknown. Section ignored.
### mwldeppc.exe Linker Warning:
#   Section '.ignored' is unknown. Section ignored.
### mwldeppc.exe Linker Warning:
#   Section '.ignored' is unknown. Section ignored.
### mwldeppc.exe Linker Warning:
#   Section '.ignored' is unknown. Section ignored.
### mwldeppc.exe Linker Warning:
#   Section '.ignored' is unknown. Section ignored.
### mwldeppc.exe Linker Warning:
#   Section '.ignored' is unknown. Section ignored.
### mwldeppc.exe Linker Warning:
#   Section '.ignored' is unknown. Section ignored.
### mwldeppc.exe Linker Warning:
#   Section '.ignored' is unknown. Section ignored.
### mwldeppc.exe Linker Warning:
#   Section '.ignored' is unknown. Section ignored.
### mwldeppc.exe Linker Warning:
#   Section '.ignored' is unknown. Section ignored.
### mwldeppc.exe Linker Warning:
#   Section '.ignored' is unknown. Section ignored.
### mwldeppc.exe Linker Warning:
#   Section '.ignored' is unknown. Section ignored.
### mwldeppc.exe Linker Warning:
#   Section '.ignored' is unknown. Section ignored.
### mwldeppc.exe Linker Warning:
#   Section '.ignored' is unknown. Section ignored.
### mwldeppc.exe Linker Warning:
#   Section '.ignored' is unknown. Section ignored.
### mwldeppc.exe Linker Warning:
#   Section '.ignored' is unknown. Section ignored.
### mwldeppc.exe Linker Warning:
#   Section '.ignored' is unknown. Section ignored.
### mwldeppc.exe Linker Warning:
#   Section '.ignored' is unknown. Section ignored.
### mwldeppc.exe Linker Warning:
#   Section '.ignored' is unknown. Section ignored.
### mwldeppc.exe Linker Warning:
#   Section '.ignored' is unknown. Section ignored.
### mwldeppc.exe Linker Warning:
#   Section '.ignored' is unknown. Section ignored.
### mwldeppc.exe Linker Warning:
#   Section '.ignored' is unknown. Section ignored.
### mwldeppc.exe Linker Warning:
#   Section '.ignored' is unknown. Section ignored.
### mwldeppc.exe Linker Warning:
#   Section '.ignored' is unknown. Section ignored.
### mwldeppc.exe Linker Warning:
#   Section '.ignored' is unknown. Section ignored.
### mwldeppc.exe Linker Warning:
#   Section '.ignored' is unknown. Section ignored.
### mwldeppc.exe Linker Warning:
#   Section '.ignored' is unknown. Section ignored.
### mwldeppc.exe Linker Warning:
#   Section '.ignored' is unknown. Section ignored.
### mwldeppc.exe Linker Warning:
#   Section '.ignored' is unknown. Section ignored.
### mwldeppc.exe Linker Warning:
#   Section '.ignored' is unknown. Section ignored.
### mwldeppc.exe Linker Warning:
#   Section '.ignored' is unknown. Section ignored.
### mwldeppc.exe Linker Warning:
#   Section '.ignored' is unknown. Section ignored.
### mwldeppc.exe Linker Warning:
#   Section '.ignored' is unknown. Section ignored.
### mwldeppc.exe Linker Warning:
#   Section '.ignored' is unknown. Section ignored.
### mwldeppc.exe Linker Warning:
#   Section '.ignored' is unknown. Section ignored.
### mwldeppc.exe Linker Warning:
#   Section '.ignored' is unknown. Section ignored.
### mwldeppc.exe Linker Warning:
#   Section '.ignored' is unknown. Section ignored.
### mwldeppc.exe Linker Warning:
#   Section '.ignored' is unknown. Section ignored.
### mwldeppc.exe Linker Warning:
#   Section '.ignored' is unknown. Section ignored.
### mwldeppc.exe Linker Warning:
#   Section '.ignored' is unknown. Section ignored.
### mwldeppc.exe Linker Warning:
#   Section '.ignored' is unknown. Section ignored.
### mwldeppc.exe Linker Warning:
#   Section '.ignored' is unknown. Section ignored.
### mwldeppc.exe Linker Warning:
#   Section '.ignored' is unknown. Section ignored.
### mwldeppc.exe Linker Warning:
#   Section '.ignored' is unknown. Section ignored.
### mwldeppc.exe Linker Warning:
#   Section '.ignored' is unknown. Section ignored.
### mwldeppc.exe Linker Warning:
#   Section '.ignored' is unknown. Section ignored.
### mwldeppc.exe Linker Warning:
#   Section '.ignored' is unknown. Section ignored.
### mwldeppc.exe Linker Warning:
#   Section '.ignored' is unknown. Section ignored.
### mwldeppc.exe Linker Warning:
#   Section '.ignored' is unknown. Section ignored.
### mwldeppc.exe Linker Warning:
#   Section '.ignored' is unknown. Section ignored.
### mwldeppc.exe Linker Warning:
#   Section '.ignored' is unknown. Section ignored.
### mwldeppc.exe Linker Warning:
#   Section '.ignored' is unknown. Section ignored.
### mwldeppc.exe Linker Warning:
#   Section '.ignored' is unknown. Section ignored.
### mwldeppc.exe Linker Warning:
#   Section '.ignored' is unknown. Section ignored.
### mwldeppc.exe Linker Warning:
#   Section '.ignored' is unknown. Section ignored.
### mwldeppc.exe Linker Warning:
#   Section '.ignored' is unknown. Section ignored.
### mwldeppc.exe Linker Warning:
#   Section '.ignored' is unknown. Section ignored.
### mwldeppc.exe Linker Warning:
#   Section '.ignored' is unknown. Section ignored.
### mwldeppc.exe Linker Warning:
#   Section '.ignored' is unknown. Section ignored.
### mwldeppc.exe Linker Warning:
#   Section '.ignored' is unknown. Section ignored.
### mwldeppc.exe Linker Warning:
#   Section '.ignored' is unknown. Section ignored.
### mwldeppc.exe Linker Warning:
#   Section '.ignored' is unknown. Section ignored.
### mwldeppc.exe Linker Warning:
#   Section '.ignored' is unknown. Section ignored.
### mwldeppc.exe Linker Warning:
#   Section '.ignored' is unknown. Section ignored.
### mwldeppc.exe Linker Warning:
#   Section '.ignored' is unknown. Section ignored.
### mwldeppc.exe Linker Warning:
#   Section '.ignored' is unknown. Section ignored.
### mwldeppc.exe Linker Warning:
#   Section '.ignored' is unknown. Section ignored.
### mwldeppc.exe Linker Warning:
#   Section '.ignored' is unknown. Section ignored.
### mwldeppc.exe Linker Warning:
#   Section '.ignored' is unknown. Section ignored.
### mwldeppc.exe Linker Warning:
#   Section '.ignored' is unknown. Section ignored.
### mwldeppc.exe Linker Warning:
#   Section '.ignored' is unknown. Section ignored.
### mwldeppc.exe Linker Warning:
#   Section '.ignored' is unknown. Section ignored.
### mwldeppc.exe Linker Warning:
#   Section '.ignored' is unknown. Section ignored.
### mwldeppc.exe Linker Warning:
#   Section '.ignored' is unknown. Section ignored.
### mwldeppc.exe Linker Warning:
#   Section '.ignored' is unknown. Section ignored.
### mwldeppc.exe Linker Warning:
#   Section '.ignored' is unknown. Section ignored.
### mwldeppc.exe Linker Warning:
#   Section '.ignored' is unknown. Section ignored.
### mwldeppc.exe Linker Warning:
#   Section '.ignored' is unknown. Section ignored.
### mwldeppc.exe Linker Warning:
#   Section '.ignored' is unknown. Section ignored.
### mwldeppc.exe Linker Warning:
#   Section '.ignored' is unknown. Section ignored.
### mwldeppc.exe Linker Warning:
#   Section '.ignored' is unknown. Section ignored.
### mwldeppc.exe Linker Warning:
#   Section '.ignored' is unknown. Section ignored.
### mwldeppc.exe Linker Warning:
#   Section '.ignored' is unknown. Section ignored.
### mwldeppc.exe Linker Warning:
#   Section '.ignored' is unknown. Section ignored.
### mwldeppc.exe Linker Warning:
#   Section '.ignored' is unknown. Section ignored.
### mwldeppc.exe Linker Warning:
#   Section '.ignored' is unknown. Section ignored.
### mwldeppc.exe Linker Warning:
#   Section '.ignored' is unknown. Section ignored.
### mwldeppc.exe Linker Warning:
#   Section '.ignored' is unknown. Section ignored.
### mwldeppc.exe Linker Warning:
#   Section '.ignored' is unknown. Section ignored.
### mwldeppc.exe Linker Warning:
#   Section '.ignored' is unknown. Section ignored.
### mwldeppc.exe Linker Warning:
#   Section '.ignored' is unknown. Section ignored.
### mwldeppc.exe Linker Warning:
#   Section '.ignored' is unknown. Section ignored.
### mwldeppc.exe Linker Warning:
#   Section '.ignored' is unknown. Section ignored.
### mwldeppc.exe Linker Warning:
#   Section '.ignored' is unknown. Section ignored.
### mwldeppc.exe Linker Warning:
#   Section '.ignored' is unknown. Section ignored.
### mwldeppc.exe Linker Warning:
#   Section '.ignored' is unknown. Section ignored.
### mwldeppc.exe Linker Warning:
#   Section '.ignored' is unknown. Section ignored.
### mwldeppc.exe Linker Warning:
#   Section '.ignored' is unknown. Section ignored.
### mwldeppc.exe Linker Warning:
#   Section '.ignored' is unknown. Section ignored.
### mwldeppc.exe Linker Warning:
#   Section '.ignored' is unknown. Section ignored.
### mwldeppc.exe Linker Warning:
#   Section '.ignored' is unknown. Section ignored.
### mwldeppc.exe Linker Warning:
#   Section '.ignored' is unknown. Section ignored.
### mwldeppc.exe Linker Warning:
#   Section '.ignored' is unknown. Section ignored.
### mwldeppc.exe Linker Warning:
#   Section '.ignored' is unknown. Section ignored.
### mwldeppc.exe Linker Warning:
#   Section '.ignored' is unknown. Section ignored.
### mwldeppc.exe Linker Warning:
#   Section '.ignored' is unknown. Section ignored.
### mwldeppc.exe Linker Warning:
#   Section '.ignored' is unknown. Section ignored.
### mwldeppc.exe Linker Warning:
#   Section '.ignored' is unknown. Section ignored.
### mwldeppc.exe Linker Warning:
#   Section '.ignored' is unknown. Section ignored.
### mwldeppc.exe Linker Warning:
#   Section '.ignored' is unknown. Section ignored.
### mwldeppc.exe Linker Warning:
#   Section '.ignored' is unknown. Section ignored.
### mwldeppc.exe Linker Warning:
#   Section '.ignored' is unknown. Section ignored.
### mwldeppc.exe Linker Warning:
#   Section '.ignored' is unknown. Section ignored.
### mwldeppc.exe Linker Warning:
#   Section '.ignored' is unknown. Section ignored.
### mwldeppc.exe Linker Warning:
#   Section '.ignored' is unknown. Section ignored.
### mwldeppc.exe Linker Warning:
#   Section '.ignored' is unknown. Section ignored.
### mwldeppc.exe Linker Warning:
#   Section '.ignored' is unknown. Section ignored.
### mwldeppc.exe Linker Warning:
#   Section '.ignored' is unknown. Section ignored.
### mwldeppc.exe Linker Warning:
#   Section '.ignored' is unknown. Section ignored.
### mwldeppc.exe Linker Warning:
#   Section '.ignored' is unknown. Section ignored.
### mwldeppc.exe Linker Warning:
#   Section '.ignored' is unknown. Section ignored.
### mwldeppc.exe Linker Warning:
#   Section '.ignored' is unknown. Section ignored.
### mwldeppc.exe Linker Warning:
#   Section '.ignored' is unknown. Section ignored.
### mwldeppc.exe Linker Warning:
#   Section '.ignored' is unknown. Section ignored.
### mwldeppc.exe Linker Warning:
#   Section '.ignored' is unknown. Section ignored.
### mwldeppc.exe Linker Warning:
#   Section '.ignored' is unknown. Section ignored.
### mwldeppc.exe Linker Warning:
#   Section '.ignored' is unknown. Section ignored.
### mwldeppc.exe Linker Warning:
#   Section '.ignored' is unknown. Section ignored.
### mwldeppc.exe Linker Warning:
#   Section '.ignored' is unknown. Section ignored.
### mwldeppc.exe Linker Warning:
#   Section '.ignored' is unknown. Section ignored.
### mwldeppc.exe Linker Warning:
#   Section '.ignored' is unknown. Section ignored.
### mwldeppc.exe Linker Warning:
#   Section '.ignored' is unknown. Section ignored.
### mwldeppc.exe Linker Warning:
#   Section '.ignored' is unknown. Section ignored.
### mwldeppc.exe Linker Warning:
#   Section '.ignored' is unknown. Section ignored.
### mwldeppc.exe Linker Warning:
#   Section '.ignored' is unknown. Section ignored.
### mwldeppc.exe Linker Warning:
#   Section '.ignored' is unknown. Section ignored.
### mwldeppc.exe Linker Warning:
#   Section '.ignored' is unknown. Section ignored.
### mwldeppc.exe Linker Warning:
#   Section '.ignored' is unknown. Section ignored.
### mwldeppc.exe Linker Warning:
#   Section '.ignored' is unknown. Section ignored.
### mwldeppc.exe Linker Warning:
#   Section '.ignored' is unknown. Section ignored.
### mwldeppc.exe Linker Warning:
#   Section '.ignored' is unknown. Section ignored.
### mwldeppc.exe Linker Warning:
#   Section '.ignored' is unknown. Section ignored.
### mwldeppc.exe Linker Warning:
#   Section '.ignored' is unknown. Section ignored.
### mwldeppc.exe Linker Warning:
#   Section '.ignored' is unknown. Section ignored.
[978/982] DOL build/GEDE01/main.dol
[979/982] CHECK config/GEDE01/build.sha1
build/GEDE01/main.dol: OK
[980/982] PROGRESS
Progress:
  All: 61.23% fuzzy, 52.09% matched, 52.00% linked (6409 / 7104 files)
    Code: 1198416 / 2300692 bytes (6177 / 8214 functions)
    Data: 39886 / 4305642 bytes (0.93%)
  Game Code: 98.04% fuzzy, 83.37% matched, 83.23% linked (6391 / 6668 files)
    Code: 1195388 / 1433868 bytes (6115 / 6389 functions)
    Data: 39662 / 40542 bytes (97.83%)
  SDK/Runtime: 100.00% fuzzy, 100.00% matched, 100.00% linked (18 / 18 files)
    Code: 3028 / 3028 bytes (62 / 62 functions)
    Data: 224 / 224 bytes (100.00%)
ninja: warning: premature end of file; recovering
[1/1] RUN configure.py
ninja: warning: premature end of file; recovering
[1/972] MWCC build/GEDE01/src/game/game_fn_80008014.o
[2/972] MWCC build/GEDE01/src/game/game_fn_800094C0.o
[3/972] MWCC build/GEDE01/src/game/game_fn_800098C0.o
[4/972] MWCC build/GEDE01/src/game/game_fn_800096E0.o
[5/972] MWCC build/GEDE01/src/game/game_fn_80009AB4.o
[6/972] MWCC build/GEDE01/src/game/game_fn_800099D8.o
[7/972] MWCC build/GEDE01/src/game/game_fn_8000A26C.o
[8/972] MWCC build/GEDE01/src/game/game_fn_8000AC88.o
[9/972] MWCC build/GEDE01/src/game/game_fn_8000AEB4.o
[10/972] MWCC build/GEDE01/src/game/game_fn_8000AFB4.o
[11/972] MWCC build/GEDE01/src/game/game_fn_8000B1B8.o
[12/972] MWCC build/GEDE01/src/game/game_fn_8000B36C.o
[13/972] MWCC build/GEDE01/src/game/game_fn_8000B630.o
[14/972] MWCC build/GEDE01/src/game/game_fn_8000B7FC.o
[15/972] MWCC build/GEDE01/src/game/game_fn_8000BA0C.o
[16/972] MWCC build/GEDE01/src/game/game_fn_8000B900.o
[17/972] MWCC build/GEDE01/src/game/game_fn_8000BC40.o
[18/972] MWCC build/GEDE01/src/game/game_fn_8000BAA0.o
[19/972] MWCC build/GEDE01/src/game/game_fn_8000C17C.o
[20/972] MWCC build/GEDE01/src/game/game_fn_8000C06C.o
[21/972] MWCC build/GEDE01/src/game/game_fn_8000C848.o
[22/972] MWCC build/GEDE01/src/game/game_fn_8000C400.o
[23/972] MWCC build/GEDE01/src/game/game_fn_8000D0BC.o
[24/972] MWCC build/GEDE01/src/game/game_fn_8000C91C.o
[25/972] MWCC build/GEDE01/src/game/game_fn_8000D590.o
[26/972] MWCC build/GEDE01/src/game/game_fn_8000D3D4.o
[27/972] MWCC build/GEDE01/src/game/game_fn_8000D8A4.o
[28/972] MWCC build/GEDE01/src/game/game_fn_8000DA50.o
[29/972] MWCC build/GEDE01/src/game/game_fn_8000E054.o
[30/972] MWCC build/GEDE01/src/game/game_fn_8000DAF4.o
[31/972] MWCC build/GEDE01/src/game/game_fn_8000E0AC.o
[32/972] MWCC build/GEDE01/src/game/game_fn_8000E138.o
[33/972] MWCC build/GEDE01/src/game/game_fn_8000E1C4.o
[34/972] MWCC build/GEDE01/src/game/game_fn_8000E96C.o
[35/972] MWCC build/GEDE01/src/game/game_fn_8000EB14.o
[36/972] MWCC build/GEDE01/src/game/game_fn_8000ED44.o
[37/972] MWCC build/GEDE01/src/game/game_fn_8000EBD4.o
[38/972] MWCC build/GEDE01/src/game/game_fn_8000F4B0.o
[39/972] MWCC build/GEDE01/src/game/game_fn_8000EFC4.o
[40/972] MWCC build/GEDE01/src/game/game_fn_8000FDE8.o
[41/972] MWCC build/GEDE01/src/game/game_fn_8000F774.o
[42/972] MWCC build/GEDE01/src/game/game_fn_8000FFD8.o
[43/972] MWCC build/GEDE01/src/game/game_fn_800119FC.o
[44/972] MWCC build/GEDE01/src/game/game_fn_80012DA8.o
[45/972] MWCC build/GEDE01/src/game/game_fn_80012F40.o
[46/972] MWCC build/GEDE01/src/game/game_fn_80012FD0.o
[47/972] MWCC build/GEDE01/src/game/game_fn_800131E8.o
[48/972] MWCC build/GEDE01/src/game/game_fn_80013340.o
[49/972] MWCC build/GEDE01/src/game/game_fn_80013870.o
[50/972] MWCC build/GEDE01/src/game/game_fn_80013CB0.o
[51/972] MWCC build/GEDE01/src/game/game_fn_80013D54.o
[52/972] MWCC build/GEDE01/src/game/game_fn_800142DC.o
[53/972] MWCC build/GEDE01/src/game/game_fn_800144CC.o
[54/972] MWCC build/GEDE01/src/game/game_fn_80014784.o
[55/972] MWCC build/GEDE01/src/game/game_fn_800149D4.o
[56/972] MWCC build/GEDE01/src/game/game_fn_80015058.o
[57/972] MWCC build/GEDE01/src/game/game_fn_80015320.o
[58/972] MWCC build/GEDE01/src/game/game_fn_800156FC.o
[59/972] MWCC build/GEDE01/src/game/game_fn_80015568.o
[60/972] MWCC build/GEDE01/src/game/game_fn_80015BE0.o
[61/972] MWCC build/GEDE01/src/game/game_fn_80015D40.o
[62/972] MWCC build/GEDE01/src/game/game_fn_80016128.o
[63/972] MWCC build/GEDE01/src/game/game_fn_80015F04.o
[64/972] MWCC build/GEDE01/src/game/game_fn_80016904.o
[65/972] MWCC build/GEDE01/src/game/game_fn_80016270.o
[66/972] MWCC build/GEDE01/src/game/game_fn_80016B24.o
[67/972] MWCC build/GEDE01/src/game/game_fn_800171C0.o
[68/972] MWCC build/GEDE01/src/game/game_fn_800173CC.o
[69/972] MWCC build/GEDE01/src/game/game_fn_800176F0.o
[70/972] MWCC build/GEDE01/src/game/game_fn_80017910.o
[71/972] MWCC build/GEDE01/src/game/game_fn_800179AC.o
[72/972] MWCC build/GEDE01/src/game/game_fn_80017A3C.o
[73/972] MWCC build/GEDE01/src/game/game_fn_80017AE4.o
[74/972] MWCC build/GEDE01/src/game/game_fn_80017C3C.o
[75/972] MWCC build/GEDE01/src/game/game_fn_80017CC8.o
[76/972] MWCC build/GEDE01/src/game/game_fn_80017DB0.o
[77/972] MWCC build/GEDE01/src/game/game_fn_80018EF4.o
[78/972] MWCC build/GEDE01/src/game/game_fn_80019054.o
[79/972] MWCC build/GEDE01/src/game/game_fn_80019244.o
[80/972] MWCC build/GEDE01/src/game/game_fn_800194D0.o
[81/972] MWCC build/GEDE01/src/game/game_fn_80019940.o
[82/972] MWCC build/GEDE01/src/game/game_fn_80019C10.o
[83/972] MWCC build/GEDE01/src/game/game_fn_80019D2C.o
[84/972] MWCC build/GEDE01/src/game/game_fn_80019F98.o
[85/972] MWCC build/GEDE01/src/game/game_fn_8001A6C4.o
[86/972] MWCC build/GEDE01/src/game/game_fn_8001AAB8.o
[87/972] MWCC build/GEDE01/src/game/game_fn_8001ADF8.o
[88/972] MWCC build/GEDE01/src/game/game_fn_8001AF68.o
[89/972] MWCC build/GEDE01/src/game/game_fn_8001B124.o
[90/972] MWCC build/GEDE01/src/game/game_fn_8001B294.o
[91/972] MWCC build/GEDE01/src/game/game_fn_8001B808.o
[92/972] MWCC build/GEDE01/src/game/game_fn_8001B874.o
[93/972] MWCC build/GEDE01/src/game/game_fn_8001C078.o
[94/972] MWCC build/GEDE01/src/game/game_fn_8001CA04.o
[95/972] MWCC build/GEDE01/src/game/game_fn_8001CD58.o
[96/972] MWCC build/GEDE01/src/game/game_fn_8001CE94.o
[97/972] MWCC build/GEDE01/src/game/game_fn_8001E644.o
[98/972] MWCC build/GEDE01/src/game/game_fn_8001FE1C.o
[99/972] MWCC build/GEDE01/src/game/game_fn_80020E94.o
[100/972] MWCC build/GEDE01/src/game/game_fn_800272B4.o
[101/972] MWCC build/GEDE01/src/game/game_fn_80024F28.o
[102/972] MWCC build/GEDE01/src/game/game_fn_8002B748.o
[103/972] MWCC build/GEDE01/src/game/game_fn_8002DAE0.o
[104/972] MWCC build/GEDE01/src/game/game_fn_8002E3F0.o
[105/972] MWCC build/GEDE01/src/game/game_fn_8002EA68.o
[106/972] MWCC build/GEDE01/src/game/game_fn_8002F428.o
[107/972] MWCC build/GEDE01/src/game/game_fn_80031544.o
[108/972] MWCC build/GEDE01/src/game/game_fn_8003232C.o
[109/972] MWCC build/GEDE01/src/game/game_fn_80032B84.o
[110/972] MWCC build/GEDE01/src/game/game_fn_80033038.o
[111/972] MWCC build/GEDE01/src/game/game_fn_80033180.o
[112/972] MWCC build/GEDE01/src/game/game_fn_800359A0.o
[113/972] MWCC build/GEDE01/src/game/game_fn_800361F8.o
[114/972] MWCC build/GEDE01/src/game/game_fn_80038878.o
[115/972] MWCC build/GEDE01/src/game/game_fn_80036C40.o
[116/972] MWCC build/GEDE01/src/game/game_fn_80048ADC.o
[117/972] MWCC build/GEDE01/src/game/game_fn_80048B24.o
[118/972] MWCC build/GEDE01/src/game/game_fn_8004998C.o
[119/972] MWCC build/GEDE01/src/game/game_fn_80050B08.o
[120/972] MWCC build/GEDE01/src/game/game_fn_80052310.o
[121/972] MWCC build/GEDE01/src/game/game_fn_800542D0.o
[122/972] MWCC build/GEDE01/src/game/game_fn_8005EC6C.o
[123/972] MWCC build/GEDE01/src/game/game_fn_8005EE9C.o
[124/972] MWCC build/GEDE01/src/game/game_fn_8005EF94.o
[125/972] MWCC build/GEDE01/src/game/game_data_80239E10.o
[126/972] MWCC build/GEDE01/src/game/game_data_80239E18.o
[127/972] MWCC build/GEDE01/src/game/game_fn_8005FD84.o
[128/972] MWCC build/GEDE01/src/game/game_fn_80066888.o
[129/972] MWCC build/GEDE01/src/game/game_fn_8006B0F0.o
[130/972] MWCC build/GEDE01/src/game/game_fn_80066E78.o
[131/972] MWCC build/GEDE01/src/game/game_fn_8006E53C.o
[132/972] MWCC build/GEDE01/src/game/game_fn_8006B620.o
[133/972] MWCC build/GEDE01/src/game/game_fn_80071A58.o
[134/972] MWCC build/GEDE01/src/game/game_fn_80074310.o
[135/972] MWCC build/GEDE01/src/game/game_fn_80078500.o
[136/972] MWCC build/GEDE01/src/game/game_fn_80079908.o
[137/972] MWCC build/GEDE01/src/game/game_fn_80079AA4.o
[138/972] MWCC build/GEDE01/src/game/game_fn_8007B2F4.o
[139/972] MWCC build/GEDE01/src/game/game_fn_8007B540.o
[140/972] MWCC build/GEDE01/src/game/game_fn_8007B640.o
[141/972] MWCC build/GEDE01/src/game/game_fn_8007B828.o
[142/972] MWCC build/GEDE01/src/game/game_fn_8007BA3C.o
[143/972] MWCC build/GEDE01/src/game/game_fn_8007D4D8.o
[144/972] MWCC build/GEDE01/src/game/game_fn_8007F770.o
[145/972] MWCC build/GEDE01/src/game/game_fn_80088060.o
[146/972] MWCC build/GEDE01/src/game/game_fn_800886D8.o
[147/972] MWCC build/GEDE01/src/game/game_fn_80088F4C.o
[148/972] MWCC build/GEDE01/src/game/game_fn_80089A34.o
[149/972] MWCC build/GEDE01/src/game/game_fn_8008A2E0.o
[150/972] MWCC build/GEDE01/src/game/game_fn_8008F224.o
[151/972] MWCC build/GEDE01/src/game/game_fn_8008F890.o
[152/972] MWCC build/GEDE01/src/game/game_fn_80090004.o
[153/972] MWCC build/GEDE01/src/game/game_fn_800934A0.o
[154/972] MWCC build/GEDE01/src/game/game_fn_80095D10.o
[155/972] MWCC build/GEDE01/src/game/game_fn_80095E64.o
[156/972] MWCC build/GEDE01/src/game/game_fn_80095FDC.o
[157/972] MWCC build/GEDE01/src/game/game_fn_80096830.o
[158/972] MWCC build/GEDE01/src/game/game_fn_8009C424.o
[159/972] MWCC build/GEDE01/src/game/game_fn_8009E808.o
[160/972] MWCC build/GEDE01/src/game/game_fn_800A2130.o
[161/972] MWCC build/GEDE01/src/game/game_fn_800A2B8C.o
[162/972] MWCC build/GEDE01/src/game/game_fn_800A2FCC.o
[163/972] MWCC build/GEDE01/src/game/game_fn_800A3180.o
[164/972] MWCC build/GEDE01/src/game/game_fn_800A3894.o
[165/972] MWCC build/GEDE01/src/game/game_fn_800A4428.o
[166/972] MWCC build/GEDE01/src/game/game_fn_800A4798.o
[167/972] MWCC build/GEDE01/src/game/game_fn_800A7E88.o
[168/972] MWCC build/GEDE01/src/game/game_fn_800AF230.o
[169/972] MWCC build/GEDE01/src/game/game_fn_800B2EC0.o
[170/972] MWCC build/GEDE01/src/game/game_fn_800BB5C4.o
[171/972] MWCC build/GEDE01/src/game/game_fn_800BB7A8.o
[172/972] MWCC build/GEDE01/src/game/game_fn_800BBAF0.o
[173/972] MWCC build/GEDE01/src/game/game_fn_800BB9A4.o
[174/972] MWCC build/GEDE01/src/game/game_fn_800C17EC.o
[175/972] MWCC build/GEDE01/src/game/game_fn_800C030C.o
[176/972] MWCC build/GEDE01/src/game/game_fn_800C59F0.o
[177/972] MWCC build/GEDE01/src/game/game_fn_800C644C.o
[178/972] MWCC build/GEDE01/src/game/game_fn_800C9C60.o
[179/972] MWCC build/GEDE01/src/game/game_fn_800C65FC.o
[180/972] MWCC build/GEDE01/src/game/game_fn_800CB8F4.o
[181/972] MWCC build/GEDE01/src/game/game_fn_800CB760.o
[182/972] MWCC build/GEDE01/src/game/game_fn_800CF598.o
[183/972] MWCC build/GEDE01/src/game/game_fn_800D9064.o
[184/972] MWCC build/GEDE01/src/game/game_fn_800D9E10.o
[185/972] MWCC build/GEDE01/src/game/game_fn_800DC4D4.o
[186/972] MWCC build/GEDE01/src/game/game_fn_800E4980.o
[187/972] MWCC build/GEDE01/src/game/game_TRKNubWelcome.o
[188/972] MWCC build/GEDE01/src/game/game_InitMetroTRKCommTable.o
[189/972] MWCC build/GEDE01/src/game/game_TRK_main.o
[190/972] MWCC build/GEDE01/src/game/game_fn_800FD0C8.o
[191/972] MWCC build/GEDE01/src/game/game_fn_8010242C.o
[192/972] MWCC build/GEDE01/src/game/game_fn_801098C0.o
[193/972] MWCC build/GEDE01/src/game/game_fn_8010F184.o
[194/972] MWCC build/GEDE01/src/game/game_fn_801126E0.o
[195/972] MWCC build/GEDE01/src/game/game_fn_801128E4.o
[196/972] MWCC build/GEDE01/src/game/game_fn_801141B8.o
[197/972] MWCC build/GEDE01/src/game/game_fn_80119C70.o
[198/972] MWCC build/GEDE01/src/game/game_fn_8011EE04.o
[199/972] MWCC build/GEDE01/src/game/game_fn_8011F140.o
[200/972] MWCC build/GEDE01/src/game/game_fn_801247F8.o
[201/972] MWCC build/GEDE01/src/game/game_fn_80126A00.o
[202/972] MWCC build/GEDE01/src/game/game_fn_8012976C.o
[203/972] MWCC build/GEDE01/src/game/game_fn_8012DB28.o
[204/972] MWCC build/GEDE01/src/game/game_fn_8013CBE4.o
[205/972] MWCC build/GEDE01/src/game/game_fn_8013D6A4.o
[206/972] MWCC build/GEDE01/src/game/game_fn_8013DB8C.o
[207/972] MWCC build/GEDE01/src/game/game_fn_8014549C.o
[208/972] MWCC build/GEDE01/src/game/game_fn_8014AF38.o
[209/972] MWCC build/GEDE01/src/game/game_fn_8014B494.o
[210/972] MWCC build/GEDE01/src/game/game_fn_8014CA98.o
[211/972] MWCC build/GEDE01/src/game/game_fn_8014BA14.o
[212/972] MWCC build/GEDE01/src/game/game_fn_80150A24.o
[213/972] MWCC build/GEDE01/src/game/game_fn_80150400.o
[214/972] MWCC build/GEDE01/src/game/game_fn_80151600.o
[215/972] MWCC build/GEDE01/src/game/game_fn_80150F20.o
[216/972] MWCC build/GEDE01/src/game/game_fn_80151D00.o
[217/972] MWCC build/GEDE01/src/game/game_fn_801535D8.o
[218/972] MWCC build/GEDE01/src/game/game_fn_80153898.o
[219/972] MWCC build/GEDE01/src/game/game_fn_80153A24.o
[220/972] MWCC build/GEDE01/src/game/game_fn_80154F74.o
[221/972] MWCC build/GEDE01/src/game/game_fn_80155814.o
[222/972] MWCC build/GEDE01/src/game/game_fn_80157C0C.o
[223/972] MWCC build/GEDE01/src/game/game_fn_80158B20.o
[224/972] MWCC build/GEDE01/src/game/game_fn_80158D38.o
[225/972] MWCC build/GEDE01/src/game/game_fn_8015DB84.o
[226/972] MWCC build/GEDE01/src/game/game_fn_8015DC54.o
[227/972] MWCC build/GEDE01/src/game/game_fn_8015EDC0.o
[228/972] MWCC build/GEDE01/src/game/game_fn_80167454.o
[229/972] MWCC build/GEDE01/src/game/game_fn_80167B5C.o
[230/972] MWCC build/GEDE01/src/game/game_fn_80169650.o
[231/972] MWCC build/GEDE01/src/game/game_fn_8016BD0C.o
[232/972] MWCC build/GEDE01/src/game/game_fn_8016BE1C.o
[233/972] MWCC build/GEDE01/src/game/game_fn_8016BF60.o
[234/972] MWCC build/GEDE01/src/game/game_fn_8016C0BC.o
[235/972] MWCC build/GEDE01/src/game/game_fn_8016C164.o
[236/972] MWCC build/GEDE01/src/game/game_fn_8016C238.o
[237/972] MWCC build/GEDE01/src/game/game_fn_8016C4BC.o
[238/972] MWCC build/GEDE01/src/game/game_fn_8016C774.o
[239/972] MWCC build/GEDE01/src/game/game_fn_8016D040.o
[240/972] MWCC build/GEDE01/src/game/game_fn_8016D1F8.o
[241/972] MWCC build/GEDE01/src/game/game_fn_8016D2B8.o
[242/972] MWCC build/GEDE01/src/game/game_fn_8016D9C0.o
[243/972] MWCC build/GEDE01/src/game/game_fn_8016DF4C.o
[244/972] MWCC build/GEDE01/src/game/game_fn_8016E8F8.o
[245/972] MWCC build/GEDE01/src/game/game_fn_8016FEF8.o
[246/972] MWCC build/GEDE01/src/game/game_fn_8017038C.o
[247/972] MWCC build/GEDE01/src/game/game_fn_801704F8.o
[248/972] MWCC build/GEDE01/src/game/game_fn_801706DC.o
[249/972] MWCC build/GEDE01/src/game/game_fn_80170A40.o
[250/972] MWCC build/GEDE01/src/game/game_fn_80170DF4.o
[251/972] MWCC build/GEDE01/src/game/game_fn_80170E9C.o
[252/972] MWCC build/GEDE01/src/game/game_fn_8017138C.o
[253/972] MWCC build/GEDE01/src/game/game_fn_80171664.o
[254/972] MWCC build/GEDE01/src/game/game_fn_801718F4.o
[255/972] MWCC build/GEDE01/src/game/game_fn_801719B4.o
[256/972] MWCC build/GEDE01/src/game/game_fn_80171F30.o
[257/972] MWCC build/GEDE01/src/game/game_fn_8017250C.o
[258/972] MWCC build/GEDE01/src/game/game_fn_801726EC.o
[259/972] MWCC build/GEDE01/src/game/game_fn_80172BB0.o
[260/972] MWCC build/GEDE01/src/game/game_fn_80172C78.o
[261/972] MWCC build/GEDE01/src/game/game_fn_80172DB8.o
[262/972] MWCC build/GEDE01/src/game/game_fn_80173270.o
[263/972] MWCC build/GEDE01/src/game/game_fn_801734B4.o
[264/972] MWCC build/GEDE01/src/game/game_fn_80173770.o
[265/972] MWCC build/GEDE01/src/game/game_fn_80173BDC.o
[266/972] MWCC build/GEDE01/src/game/game_fn_80173D44.o
[267/972] MWCC build/GEDE01/src/game/game_fn_80173F04.o
[268/972] MWCC build/GEDE01/src/game/game_fn_80174184.o
[269/972] MWCC build/GEDE01/src/game/game_fn_80174358.o
[270/972] MWCC build/GEDE01/src/game/game_fn_80174F2C.o
[271/972] MWCC build/GEDE01/src/game/game_fn_801752B0.o
[272/972] MWCC build/GEDE01/src/game/game_fn_8017553C.o
[273/972] MWCC build/GEDE01/src/game/game_fn_80175A08.o
[274/972] MWCC build/GEDE01/src/game/game_fn_80175E64.o
[275/972] MWCC build/GEDE01/src/game/game_fn_80175F0C.o
[276/972] MWCC build/GEDE01/src/game/game_fn_80175FD4.o
[277/972] MWCC build/GEDE01/src/game/game_fn_80176098.o
[278/972] MWCC build/GEDE01/src/game/game_fn_80176160.o
[279/972] MWCC build/GEDE01/src/game/game_fn_80176220.o
[280/972] MWCC build/GEDE01/src/game/game_fn_801762E8.o
[281/972] MWCC build/GEDE01/src/game/game_fn_8017652C.o
[282/972] MWCC build/GEDE01/src/game/game_fn_80176DF4.o
[283/972] MWCC build/GEDE01/src/game/game_fn_80176FA0.o
[284/972] MWCC build/GEDE01/src/game/game_fn_801770F8.o
[285/972] MWCC build/GEDE01/src/game/game_fn_8017718C.o
[286/972] MWCC build/GEDE01/src/game/game_fn_80178F88.o
[287/972] MWCC build/GEDE01/src/game/game_fn_80177434.o
[288/972] MWCC build/GEDE01/src/game/game_fn_80179398.o
[289/972] MWCC build/GEDE01/src/game/game_fn_8017960C.o
[290/972] MWCC build/GEDE01/src/game/game_fn_8017974C.o
[291/972] MWCC build/GEDE01/src/game/game_fn_80179904.o
[292/972] MWCC build/GEDE01/src/game/game_fn_80179A18.o
[293/972] MWCC build/GEDE01/src/game/game_fn_80179A74.o
[294/972] MWCC build/GEDE01/src/game/game_fn_80179EB8.o
[295/972] MWCC build/GEDE01/src/game/game_fn_80179F20.o
[296/972] MWCC build/GEDE01/src/game/game_fn_8017A010.o
[297/972] MWCC build/GEDE01/src/game/game_fn_8017A12C.o
[298/972] MWCC build/GEDE01/src/game/game_fn_8017A1C0.o
[299/972] MWCC build/GEDE01/src/game/game_fn_8017A9B8.o
[300/972] MWCC build/GEDE01/src/game/game_fn_8017AC20.o
[301/972] MWCC build/GEDE01/src/game/game_fn_8017E850.o
[302/972] MWCC build/GEDE01/src/game/game_fn_8017E958.o
[303/972] MWCC build/GEDE01/src/game/game_fn_80180DDC.o
[304/972] MWCC build/GEDE01/src/game/game_fn_801810A0.o
[305/972] MWCC build/GEDE01/src/game/game_fn_801816D4.o
[306/972] MWCC build/GEDE01/src/game/game_fn_801857B4.o
[307/972] MWCC build/GEDE01/src/game/game_fn_801859FC.o
[308/972] MWCC build/GEDE01/src/game/game_fn_80185AE8.o
[309/972] MWCC build/GEDE01/src/game/game_fn_80185F10.o
[310/972] MWCC build/GEDE01/src/game/game_fn_801861C4.o
[311/972] MWCC build/GEDE01/src/game/game_fn_801865EC.o
[312/972] MWCC build/GEDE01/src/game/game_fn_8018680C.o
[313/972] MWCC build/GEDE01/src/game/game_fn_80186E10.o
[314/972] MWCC build/GEDE01/src/game/game_fn_80186F70.o
[315/972] MWCC build/GEDE01/src/game/game_fn_80187120.o
[316/972] MWCC build/GEDE01/src/game/game_fn_80187320.o
[317/972] MWCC build/GEDE01/src/game/game_fn_801875FC.o
[318/972] MWCC build/GEDE01/src/game/game_fn_801878E0.o
[319/972] MWCC build/GEDE01/src/game/game_fn_80187BB4.o
[320/972] MWCC build/GEDE01/src/game/game_fn_80187E40.o
[321/972] MWCC build/GEDE01/src/game/game_fn_80188A7C.o
[322/972] MWCC build/GEDE01/src/game/game_fn_80188B44.o
[323/972] MWCC build/GEDE01/src/game/game_fn_80188C1C.o
[324/972] MWCC build/GEDE01/src/game/game_fn_80188E28.o
[325/972] MWCC build/GEDE01/src/game/game_fn_80189028.o
[326/972] MWCC build/GEDE01/src/game/game_fn_801891D8.o
[327/972] MWCC build/GEDE01/src/game/game_fn_80189390.o
[328/972] MWCC build/GEDE01/src/game/game_fn_801895E8.o
[329/972] MWCC build/GEDE01/src/game/game_fn_801896A0.o
[330/972] MWCC build/GEDE01/src/game/game_fn_80189760.o
[331/972] MWCC build/GEDE01/src/game/game_fn_80189968.o
[332/972] MWCC build/GEDE01/src/game/game_fn_80189C14.o
[333/972] MWCC build/GEDE01/src/game/game_fn_8018C2D0.o
[334/972] MWCC build/GEDE01/src/game/game_fn_8018D1F0.o
[335/972] MWCC build/GEDE01/src/game/game_fn_8018D2E0.o
[336/972] MWCC build/GEDE01/src/game/game_fn_8018D400.o
[337/972] MWCC build/GEDE01/src/game/game_fn_8018D688.o
[338/972] MWCC build/GEDE01/src/game/game_fn_8018DC24.o
[339/972] MWCC build/GEDE01/src/game/game_fn_8018E0D8.o
[340/972] MWCC build/GEDE01/src/game/game_fn_8018F1D0.o
[341/972] MWCC build/GEDE01/src/game/game_fn_8018F81C.o
[342/972] MWCC build/GEDE01/src/game/game_fn_8018FEDC.o
[343/972] MWCC build/GEDE01/src/game/game_fn_8019120C.o
[344/972] MWCC build/GEDE01/src/game/game_fn_80191360.o
[345/972] MWCC build/GEDE01/src/game/game_fn_801916D0.o
[346/972] MWCC build/GEDE01/src/game/game_fn_8019197C.o
[347/972] MWCC build/GEDE01/src/game/game_fn_80191F58.o
[348/972] MWCC build/GEDE01/src/game/game_fn_801926EC.o
[349/972] MWCC build/GEDE01/src/game/game_fn_801929A4.o
[350/972] MWCC build/GEDE01/src/game/game_fn_80192F54.o
[351/972] MWCC build/GEDE01/src/game/game_fn_801931C4.o
[352/972] MWCC build/GEDE01/src/game/game_fn_80193E1C.o
[353/972] MWCC build/GEDE01/src/game/game_fn_80193F3C.o
[354/972] MWCC build/GEDE01/src/game/game_fn_80194F80.o
[355/972] MWCC build/GEDE01/src/game/game_fn_801952E8.o
[356/972] MWCC build/GEDE01/src/game/game_fn_80197910.o
[357/972] MWCC build/GEDE01/src/game/game_fn_80198154.o
[358/972] MWCC build/GEDE01/src/game/game_fn_80198AAC.o
[359/972] MWCC build/GEDE01/src/game/game_fn_80198BF4.o
[360/972] MWCC build/GEDE01/src/game/game_fn_801991E0.o
[361/972] MWCC build/GEDE01/src/game/game_fn_8019B1BC.o
[362/972] MWCC build/GEDE01/src/game/game_fn_8019CC28.o
[363/972] MWCC build/GEDE01/src/game/game_fn_8019CFC4.o
[364/972] MWCC build/GEDE01/src/game/game_fn_8019E0B0.o
[365/972] MWCC build/GEDE01/src/game/game_fn_8019E5E4.o
[366/972] MWCC build/GEDE01/src/game/game_fn_8019E8C8.o
[367/972] MWCC build/GEDE01/src/game/game_fn_801A1F18.o
[368/972] MWCC build/GEDE01/src/game/game_fn_801A1F8C.o
[369/972] MWCC build/GEDE01/src/game/game_fn_801A260C.o
[370/972] MWCC build/GEDE01/src/game/game_fn_801A2A54.o
[371/972] MWCC build/GEDE01/src/game/game_fn_801A3A78.o
[372/972] MWCC build/GEDE01/src/game/game_fn_801A34BC.o
[373/972] MWCC build/GEDE01/src/game/game_fn_801A4CE0.o
[374/972] MWCC build/GEDE01/src/game/game_fn_801A4430.o
[375/972] MWCC build/GEDE01/src/game/game_fn_801A6350.o
[376/972] MWCC build/GEDE01/src/game/game_fn_801A5FB0.o
[377/972] MWCC build/GEDE01/src/game/game_fn_801A6410.o
[378/972] MWCC build/GEDE01/src/game/game_fn_801A657C.o
[379/972] MWCC build/GEDE01/src/game/game_fn_801A6ADC.o
[380/972] MWCC build/GEDE01/src/game/game_fn_801A6C58.o
[381/972] MWCC build/GEDE01/src/game/game_fn_801A6CB4.o
[382/972] MWCC build/GEDE01/src/game/game_fn_801A7E04.o
[383/972] MWCC build/GEDE01/src/game/game_fn_801A7EA8.o
[384/972] MWCC build/GEDE01/src/game/game_fn_801A93E8.o
[385/972] MWCC build/GEDE01/src/game/game_fn_801AB154.o
[386/972] MWCC build/GEDE01/src/game/game_fn_801ABD3C.o
[387/972] MWCC build/GEDE01/src/game/game_fn_801AC8AC.o
[388/972] MWCC build/GEDE01/src/game/game_fn_801ACFE8.o
[389/972] MWCC build/GEDE01/src/game/game_fn_801AD08C.o
[390/972] MWCC build/GEDE01/src/game/game_fn_801AFA74.o
[391/972] MWCC build/GEDE01/src/game/game_fn_801B02F0.o
[392/972] MWCC build/GEDE01/src/game/game_fn_801B1BA0.o
[393/972] MWCC build/GEDE01/src/game/game_fn_801B35BC.o
[394/972] MWCC build/GEDE01/src/game/game_fn_801B46C8.o
[395/972] MWCC build/GEDE01/src/game/game_fn_801B4FB4.o
[396/972] MWCC build/GEDE01/src/game/game_fn_801B5228.o
[397/972] MWCC build/GEDE01/src/game/game_fn_801B58F0.o
[398/972] MWCC build/GEDE01/src/game/game_fn_801B6F1C.o
[399/972] MWCC build/GEDE01/src/game/game_fn_801B86C0.o
[400/972] MWCC build/GEDE01/src/game/game_fn_801B941C.o
[401/972] MWCC build/GEDE01/src/game/game_fn_801B9E7C.o
[402/972] MWCC build/GEDE01/src/game/game_fn_801BA15C.o
[403/972] MWCC build/GEDE01/src/game/game_fn_801BA708.o
[404/972] MWCC build/GEDE01/src/game/game_fn_801BA94C.o
[405/972] MWCC build/GEDE01/src/game/game_fn_801BB1A0.o
[406/972] MWCC build/GEDE01/src/game/game_fn_801BC0D4.o
[407/972] MWCC build/GEDE01/src/game/game_fn_801BC240.o
[408/972] MWCC build/GEDE01/src/game/game_fn_801BC8F4.o
[409/972] MWCC build/GEDE01/src/game/game_fn_801BCC04.o
[410/972] MWCC build/GEDE01/src/game/game_fn_801BD990.o
[411/972] MWCC build/GEDE01/src/game/game_fn_801BDE7C.o
[412/972] MWCC build/GEDE01/src/game/game_fn_801BE0D4.o
[413/972] MWCC build/GEDE01/src/game/game_fn_801BEF40.o
[414/972] MWCC build/GEDE01/src/game/game_fn_801C1CB0.o
[415/972] MWCC build/GEDE01/src/game/game_fn_801C2980.o
[416/972] MWCC build/GEDE01/src/game/game_fn_801C29BC.o
[417/972] MWCC build/GEDE01/src/game/game_fn_801C2AAC.o
[418/972] MWCC build/GEDE01/src/game/game_fn_801C2D9C.o
[419/972] MWCC build/GEDE01/src/game/game_fn_801C8160.o
[420/972] MWCC build/GEDE01/src/game/game_fn_801C8224.o
[421/972] MWCC build/GEDE01/src/game/game_fn_801C4B5C.o
[422/972] MWCC build/GEDE01/src/game/game_fn_801C8600.o
[423/972] MWCC build/GEDE01/src/game/game_fn_801C87DC.o
[424/972] MWCC build/GEDE01/src/game/game_fn_801C8CC0.o
[425/972] MWCC build/GEDE01/src/game/game_fn_801C8F50.o
[426/972] MWCC build/GEDE01/src/game/game_fn_801C90A4.o
[427/972] MWCC build/GEDE01/src/game/game_fn_801C9510.o
[428/972] MWCC build/GEDE01/src/game/game_fn_801C970C.o
[429/972] MWCC build/GEDE01/src/game/game_fn_801C9A08.o
[430/972] MWCC build/GEDE01/src/game/game_fn_801C9B1C.o
[431/972] MWCC build/GEDE01/src/game/game_fn_801CB4F8.o
[432/972] MWCC build/GEDE01/src/game/game_fn_801CD228.o
[433/972] MWCC build/GEDE01/src/game/game_fn_801CE09C.o
[434/972] MWCC build/GEDE01/src/game/game_fn_801CE594.o
[435/972] MWCC build/GEDE01/src/game/game_fn_801D1B10.o
[436/972] MWCC build/GEDE01/src/game/game_fn_801D1F78.o
[437/972] MWCC build/GEDE01/src/game/game_fn_801D3988.o
[438/972] MWCC build/GEDE01/src/game/game_fn_801D73D0.o
[439/972] MWCC build/GEDE01/src/game/game_fn_801D76A8.o
[440/972] MWCC build/GEDE01/src/game/game_fn_801D7C24.o
[441/972] MWCC build/GEDE01/src/game/game_fn_801D8050.o
[442/972] MWCC build/GEDE01/src/game/game_fn_801D9FE4.o
[443/972] MWCC build/GEDE01/src/game/game_fn_801DDB84.o
[444/972] MWCC build/GEDE01/src/game/game_fn_801DE8B4.o
[445/972] MWCC build/GEDE01/src/game/game_fn_801E0088.o
[446/972] MWCC build/GEDE01/src/game/game_fn_801E2A48.o
[447/972] MWCC build/GEDE01/src/game/game_fn_801E3644.o
[448/972] MWCC build/GEDE01/src/game/game_fn_801E41AC.o
[449/972] MWCC build/GEDE01/src/game/game_fn_801E6814.o
[450/972] MWCC build/GEDE01/src/game/game_fn_801E504C.o
[451/972] MWCC build/GEDE01/src/game/game_fn_801E7014.o
[452/972] MWCC build/GEDE01/src/game/game_fn_801E995C.o
[453/972] MWCC build/GEDE01/src/game/game_fn_801EAA04.o
[454/972] MWCC build/GEDE01/src/game/game_fn_801EB09C.o
[455/972] MWCC build/GEDE01/src/game/game_fn_801EB11C.o
[456/972] MWCC build/GEDE01/src/game/game_fn_801ECD74.o
[457/972] MWCC build/GEDE01/src/game/game_fn_801ECF50.o
[458/972] MWCC build/GEDE01/src/game/game_fn_801ED5F4.o
[459/972] MWCC build/GEDE01/src/game/game_fn_801EF580.o
[460/972] MWCC build/GEDE01/src/game/game_fn_801EF910.o
[461/972] MWCC build/GEDE01/src/game/game_fn_801F0CB0.o
[462/972] MWCC build/GEDE01/src/game/game_fn_801F10BC.o
[463/972] MWCC build/GEDE01/src/game/game_fn_801F1A38.o
[464/972] MWCC build/GEDE01/src/game/game_fn_801F35A8.o
[465/972] MWCC build/GEDE01/src/game/game_fn_801F55A0.o
[466/972] MWCC build/GEDE01/src/game/game_fn_801F69F0.o
[467/972] MWCC build/GEDE01/src/game/game_fn_801F7510.o
[468/972] MWCC build/GEDE01/src/game/game_fn_801F6BD8.o
[469/972] MWCC build/GEDE01/src/game/game_fn_801F8264.o
[470/972] MWCC build/GEDE01/src/game/game_fn_801F76EC.o
[471/972] MWCC build/GEDE01/src/game/game_fn_801F89B4.o
[472/972] MWCC build/GEDE01/src/game/game_fn_801F8FAC.o
[473/972] MWCC build/GEDE01/src/game/game_fn_801F9AF8.o
[474/972] MWCC build/GEDE01/src/game/game_fn_801F9CF4.o
[475/972] MWCC build/GEDE01/src/game/game_fn_801FA9C8.o
[476/972] MWCC build/GEDE01/src/game/game_fn_801FB6A4.o
[477/972] MWCC build/GEDE01/src/game/game_fn_801FC034.o
[478/972] MWCC build/GEDE01/src/game/game_fn_801FC204.o
[479/972] MWCC build/GEDE01/src/game/game_fn_801FFE78.o
[480/972] MWCC build/GEDE01/src/game/game_fn_80208EE8.o
[481/972] MWCC build/GEDE01/src/game/game_fn_80208F64.o
[482/972] MWCC build/GEDE01/src/game/game_fn_80208EF8.o
[483/972] MWCC build/GEDE01/src/game/game_fn_80209000.o
[484/972] MWCC build/GEDE01/src/game/game_fn_8020906C.o
[485/972] MWCC build/GEDE01/src/game/game_fn_80209140.o
[486/972] MWCC build/GEDE01/src/game/game_fn_80209204.o
[487/972] EXTERNALIZE build/GEDE01/src/game/game_fn_800A2B8C.o
[488/972] EXTERNALIZE build/GEDE01/src/game/game_fn_801857B4.o
[489/972] EXTERNALIZE build/GEDE01/src/game/game_fn_800DC4D4.o
[490/972] EXTERNALIZE build/GEDE01/src/game/game_fn_80119C70.o
[491/972] EXTERNALIZE STATIC POOL build/GEDE01/src/game/game_fn_80088060.o
build/GEDE01/src/game/game_fn_80088060.o: lbl_8031D3B8 now undefined; section 3 emptied
[492/972] EXTERNALIZE build/GEDE01/src/game/game_fn_80175A08.o
[493/972] EXTERNALIZE build/GEDE01/src/game/game_fn_80066E78.o
[494/972] EXTERNALIZE build/GEDE01/src/game/game_fn_801247F8.o
[495/972] EXTERNALIZE build/GEDE01/src/game/game_fn_801EF910.o
[496/972] EXTERNALIZE build/GEDE01/src/game/game_fn_801ECF50.o
[497/972] EXTERNALIZE build/GEDE01/src/game/game_fn_801FC204.o
[498/972] EXTERNALIZE build/GEDE01/src/game/game_fn_801EB09C.o
[499/972] EXTERNALIZE JUMPTABLES build/GEDE01/src/game/game_fn_80050B08.o
[500/972] EXTERNALIZE build/GEDE01/src/game/game_fn_801EB11C.o
[501/972] EXTERNALIZE build/GEDE01/src/game/game_fn_801D9FE4.o
[502/972] EXTERNALIZE build/GEDE01/src/game/game_fn_801E41AC.o
[503/972] EXTERNALIZE build/GEDE01/src/game/game_fn_801D73D0.o
[504/972] EXTERNALIZE build/GEDE01/src/game/game_fn_801D76A8.o
[505/972] EXTERNALIZE build/GEDE01/src/game/game_fn_801D8050.o
[506/972] EXTERNALIZE build/GEDE01/src/game/game_fn_801D7C24.o
[507/972] EXTERNALIZE build/GEDE01/src/game/game_fn_8019B1BC.o
[508/972] EXTERNALIZE build/GEDE01/src/game/game_fn_80178F88.o
[509/972] EXTERNALIZE build/GEDE01/src/game/game_fn_801CD228.o
[510/972] EXTERNALIZE build/GEDE01/src/game/game_fn_801C970C.o
[511/972] EXTERNALIZE build/GEDE01/src/game/game_fn_801BA15C.o
[512/972] EXTERNALIZE build/GEDE01/src/game/game_fn_801C9510.o
[513/972] EXTERNALIZE build/GEDE01/src/game/game_fn_80126A00.o
[514/972] EXTERNALIZE build/GEDE01/src/game/game_fn_8013D6A4.o
[515/972] EXTERNALIZE build/GEDE01/src/game/game_fn_800C9C60.o
[516/972] EXTERNALIZE build/GEDE01/src/game/game_fn_801B5228.o
[517/972] EXTERNALIZE build/GEDE01/src/game/game_fn_801B4FB4.o
[518/972] EXTERNALIZE build/GEDE01/src/game/game_fn_801C87DC.o
[519/972] EXTERNALIZE build/GEDE01/src/game/game_fn_801B6F1C.o
[520/972] EXTERNALIZE build/GEDE01/src/game/game_fn_801C8CC0.o
[521/972] EXTERNALIZE build/GEDE01/src/game/game_fn_800FD0C8.o
[522/972] EXTERNALIZE build/GEDE01/src/game/game_fn_801BDE7C.o
[523/972] EXTERNALIZE build/GEDE01/src/game/game_fn_801BE0D4.o
[524/972] EXTERNALIZE STATIC POOL build/GEDE01/src/game/game_fn_801C9A08.o
build/GEDE01/src/game/game_fn_801C9A08.o: lbl_80629390 now undefined; section 3 emptied
[525/972] EXTERNALIZE build/GEDE01/src/game/game_fn_801B941C.o
[526/972] EXTERNALIZE STATIC POOL build/GEDE01/src/game/game_fn_801C9B1C.o
build/GEDE01/src/game/game_fn_801C9B1C.o: lbl_80629390 now undefined; section 3 emptied
[527/972] EXTERNALIZE STATIC POOL build/GEDE01/src/game/game_fn_801BD990.o
build/GEDE01/src/game/game_fn_801BD990.o: lbl_80626D80 now undefined; section 6 emptied
[528/972] EXTERNALIZE STATIC POOL build/GEDE01/src/game/game_fn_801B58F0.o
build/GEDE01/src/game/game_fn_801B58F0.o: lbl_8060C020 now undefined; section 3 emptied
[529/972] EXTERNALIZE STATIC POOL build/GEDE01/src/game/game_fn_801B9E7C.o
build/GEDE01/src/game/game_fn_801B9E7C.o: 0 relocation(s) moved from streamInfo to ...bss.0
build/GEDE01/src/game/game_fn_801B9E7C.o: lbl_8061AE48 now undefined; section 6 emptied
[530/972] EXTERNALIZE STATIC POOL build/GEDE01/src/game/game_fn_801BB1A0.o
build/GEDE01/src/game/game_fn_801BB1A0.o: 0 relocation(s) moved from streamInfo to ...bss.0
build/GEDE01/src/game/game_fn_801BB1A0.o: lbl_8061AE48 now undefined; section 6 emptied
[531/972] EXTERNALIZE STATIC POOL build/GEDE01/src/game/game_fn_801BA708.o
build/GEDE01/src/game/game_fn_801BA708.o: 0 relocation(s) moved from streamInfo to ...bss.0
build/GEDE01/src/game/game_fn_801BA708.o: lbl_8061AE48 now undefined; section 6 emptied
[532/972] EXTERNALIZE STATIC build/GEDE01/src/game/game_fn_801B35BC.o
build/GEDE01/src/game/game_fn_801B35BC.o: lbl_8060D420 now undefined; section 6 emptied
[533/972] EXTERNALIZE build/GEDE01/src/game/game_fn_801BA94C.o
build/GEDE01/src/game/game_fn_801BA94C.o: 0 relocation(s) moved from streamInfo to ...bss.0
build/GEDE01/src/game/game_fn_801BA94C.o: lbl_8061AE48 now undefined; section 6 emptied
[534/972] EXTERNALIZE STATIC POOL build/GEDE01/src/game/game_fn_801BC8F4.o
build/GEDE01/src/game/game_fn_801BC8F4.o: lbl_8061C748 now undefined; section 6 emptied
[535/972] EXTERNALIZE STATIC build/GEDE01/src/game/game_fn_801BC240.o
build/GEDE01/src/game/game_fn_801BC240.o: lbl_8061C748 now undefined; section 6 emptied
[536/972] EXTERNALIZE STATIC POOL build/GEDE01/src/game/game_fn_801BCC04.o
build/GEDE01/src/game/game_fn_801BCC04.o: lbl_8061C748 now undefined; section 6 emptied
[537/972] EXTERNALIZE STATIC POOL build/GEDE01/src/game/game_fn_801BC0D4.o
build/GEDE01/src/game/game_fn_801BC0D4.o: lbl_8061C748 now undefined; section 6 emptied
[538/972] EXTERNALIZE STATIC POOL build/GEDE01/src/game/game_fn_801C1CB0.o
build/GEDE01/src/game/game_fn_801C1CB0.o: lbl_80626DA0 now undefined; section 3 emptied
[539/972] RENAME build/GEDE01/src/game/game_InitMetroTRKCommTable.o
[540/972] EXTERNALIZE STATIC POOL build/GEDE01/src/game/game_fn_801CE09C.o
build/GEDE01/src/game/game_fn_801CE09C.o: lbl_80631340 now undefined; section 6 emptied
[541/972] RENAME RUNTIME INTRINSICS build/GEDE01/src/game/game_fn_801CB4F8.o
[542/972] EXTERNALIZE build/GEDE01/src/game/game_fn_801D3988.o
[543/972] EXTERNALIZE STATIC POOL build/GEDE01/src/game/game_fn_8010242C.o
build/GEDE01/src/game/game_fn_8010242C.o: lbl_8032CC08 now undefined; section 3 emptied
[544/972] EXTERNALIZE build/GEDE01/src/game/game_fn_801D1B10.o
[545/972] ALIGN DATA build/GEDE01/src/game/game_fn_8005EF94.o
[546/972] EXTERNALIZE build/GEDE01/src/game/game_fn_801CE594.o
[547/972] ALIGN DATA build/GEDE01/src/game/game_fn_801A6350.o
[548/972] ALIGN DATA build/GEDE01/src/game/game_fn_80008014.o
[549/972] EXTERNALIZE build/GEDE01/src/game/game_fn_8014549C.o
[550/972] EXTERNALIZE build/GEDE01/src/game/game_fn_801C8224.o
[551/972] EXTERNALIZE build/GEDE01/src/game/game_fn_801098C0.o
[552/972] EXTERNALIZE build/GEDE01/src/game/game_fn_8000FDE8.o
[553/972] EXTERNALIZE build/GEDE01/src/game/game_fn_80185F10.o
[554/972] EXTERNALIZE build/GEDE01/src/game/game_fn_801C29BC.o
[555/972] EXTERNALIZE build/GEDE01/src/game/game_fn_801C8F50.o
[556/972] EXTERNALIZE build/GEDE01/src/game/game_fn_8007B828.o
[557/972] EXTERNALIZE build/GEDE01/src/game/game_fn_801C90A4.o
[558/972] EXTERNALIZE build/GEDE01/src/game/game_fn_801C8160.o
[559/972] EXTERNALIZE build/GEDE01/src/game/game_fn_801C2AAC.o
[560/972] EXTERNALIZE build/GEDE01/src/game/game_fn_801C2D9C.o
[561/972] EXTERNALIZE build/GEDE01/src/game/game_fn_801C2980.o
[562/972] EXTERNALIZE build/GEDE01/src/game/game_fn_801B02F0.o
[563/972] EXTERNALIZE build/GEDE01/src/game/game_fn_801AFA74.o
[564/972] EXTERNALIZE build/GEDE01/src/game/game_fn_801AC8AC.o
[565/972] EXTERNALIZE build/GEDE01/src/game/game_fn_801ABD3C.o
[566/972] EXTERNALIZE build/GEDE01/src/game/game_fn_801816D4.o
[567/972] EXTERNALIZE build/GEDE01/src/game/game_fn_8011F140.o
[568/972] EXTERNALIZE build/GEDE01/src/game/game_fn_8004998C.o
[569/972] EXTERNALIZE build/GEDE01/src/game/game_fn_801AD08C.o
[570/972] EXTERNALIZE build/GEDE01/src/game/game_fn_80079AA4.o
[571/972] EXTERNALIZE build/GEDE01/src/game/game_fn_80158D38.o
[572/972] EXTERNALIZE build/GEDE01/src/game/game_fn_801A3A78.o
[573/972] EXTERNALIZE build/GEDE01/src/game/game_fn_80167454.o
[574/972] EXTERNALIZE build/GEDE01/src/game/game_fn_8008F224.o
[575/972] EXTERNALIZE build/GEDE01/src/game/game_fn_800AF230.o
[576/972] EXTERNALIZE build/GEDE01/src/game/game_fn_801A93E8.o
[577/972] EXTERNALIZE build/GEDE01/src/game/game_fn_801AB154.o
[578/972] EXTERNALIZE build/GEDE01/src/game/game_fn_801A7E04.o
[579/972] EXTERNALIZE build/GEDE01/src/game/game_fn_801A7EA8.o
[580/972] EXTERNALIZE build/GEDE01/src/game/game_fn_801A6CB4.o
[581/972] EXTERNALIZE build/GEDE01/src/game/game_fn_801A4CE0.o
[582/972] EXTERNALIZE build/GEDE01/src/game/game_fn_801A6C58.o
[583/972] NAME JUMPTABLE build/GEDE01/src/game/game_fn_801A6ADC.o
[584/972] EXTERNALIZE build/GEDE01/src/game/game_fn_801A6410.o
[585/972] EXTERNALIZE build/GEDE01/src/game/game_fn_801A5FB0.o
[586/972] EXTERNALIZE build/GEDE01/src/game/game_fn_801A1F18.o
[587/972] EXTERNALIZE build/GEDE01/src/game/game_fn_8019E8C8.o
[588/972] EXTERNALIZE build/GEDE01/src/game/game_fn_8019E5E4.o
[589/972] EXTERNALIZE build/GEDE01/src/game/game_fn_8019CFC4.o
[590/972] EXTERNALIZE build/GEDE01/src/game/game_fn_8019CC28.o
[591/972] EXTERNALIZE build/GEDE01/src/game/game_fn_801991E0.o
[592/972] EXTERNALIZE build/GEDE01/src/game/game_fn_80198BF4.o
[593/972] EXTERNALIZE build/GEDE01/src/game/game_fn_80198AAC.o
[594/972] EXTERNALIZE build/GEDE01/src/game/game_fn_80198154.o
[595/972] EXTERNALIZE build/GEDE01/src/game/game_fn_80194F80.o
[596/972] EXTERNALIZE build/GEDE01/src/game/game_fn_80197910.o
[597/972] EXTERNALIZE build/GEDE01/src/game/game_fn_80177434.o
repointed 2 relocations to lbl_80250588
[598/972] EXTERNALIZE build/GEDE01/src/game/game_fn_80193E1C.o
[599/972] EXTERNALIZE build/GEDE01/src/game/game_fn_80193F3C.o
[600/972] EXTERNALIZE build/GEDE01/src/game/game_fn_801931C4.o
[601/972] EXTERNALIZE build/GEDE01/src/game/game_fn_80192F54.o
[602/972] EXTERNALIZE build/GEDE01/src/game/game_fn_80191F58.o
[603/972] EXTERNALIZE build/GEDE01/src/game/game_fn_8019197C.o
[604/972] EXTERNALIZE build/GEDE01/src/game/game_fn_80191360.o
[605/972] GLOBALIZE build/GEDE01/src/game/game_fn_8018F1D0.o
[606/972] EXTERNALIZE build/GEDE01/src/game/game_fn_8018D688.o
[607/972] EXTERNALIZE build/GEDE01/src/game/game_fn_8018F81C.o
[608/972] EXTERNALIZE build/GEDE01/src/game/game_fn_8018D2E0.o
[609/972] EXTERNALIZE build/GEDE01/src/game/game_fn_80189968.o
[610/972] EXTERNALIZE build/GEDE01/src/game/game_fn_8018D1F0.o
[611/972] EXTERNALIZE build/GEDE01/src/game/game_fn_80189760.o
[612/972] EXTERNALIZE build/GEDE01/src/game/game_fn_801896A0.o
[613/972] EXTERNALIZE build/GEDE01/src/game/game_fn_801895E8.o
[614/972] EXTERNALIZE build/GEDE01/src/game/game_fn_80189390.o
[615/972] EXTERNALIZE build/GEDE01/src/game/game_fn_801891D8.o
[616/972] EXTERNALIZE build/GEDE01/src/game/game_fn_80188E28.o
[617/972] EXTERNALIZE build/GEDE01/src/game/game_fn_80189028.o
[618/972] EXTERNALIZE build/GEDE01/src/game/game_fn_80188B44.o
[619/972] EXTERNALIZE build/GEDE01/src/game/game_fn_80188C1C.o
[620/972] EXTERNALIZE build/GEDE01/src/game/game_fn_80188A7C.o
[621/972] EXTERNALIZE build/GEDE01/src/game/game_fn_801878E0.o
[622/972] EXTERNALIZE build/GEDE01/src/game/game_fn_80187120.o
[623/972] EXTERNALIZE build/GEDE01/src/game/game_fn_8018FEDC.o
[624/972] EXTERNALIZE build/GEDE01/src/game/game_fn_80186E10.o
[625/972] EXTERNALIZE build/GEDE01/src/game/game_fn_801865EC.o
[626/972] EXTERNALIZE build/GEDE01/src/game/game_fn_80185AE8.o
[627/972] EXTERNALIZE build/GEDE01/src/game/game_fn_801859FC.o
[628/972] EXTERNALIZE build/GEDE01/src/game/game_fn_80180DDC.o
[629/972] EXTERNALIZE build/GEDE01/src/game/game_fn_8017E958.o
[630/972] EXTERNALIZE build/GEDE01/src/game/game_fn_8017E850.o
[631/972] EXTERNALIZE build/GEDE01/src/game/game_fn_8017718C.o
[632/972] EXTERNALIZE build/GEDE01/src/game/game_fn_801770F8.o
[633/972] EXTERNALIZE build/GEDE01/src/game/game_fn_80176FA0.o
[634/972] EXTERNALIZE build/GEDE01/src/game/game_fn_80176DF4.o
[635/972] EXTERNALIZE build/GEDE01/src/game/game_fn_80174358.o
[636/972] EXTERNALIZE build/GEDE01/src/game/game_fn_80173F04.o
[637/972] EXTERNALIZE build/GEDE01/src/game/game_fn_80174184.o
[638/972] EXTERNALIZE build/GEDE01/src/game/game_fn_8017553C.o
[639/972] EXTERNALIZE build/GEDE01/src/game/game_fn_80173D44.o
[640/972] EXTERNALIZE build/GEDE01/src/game/game_fn_80173770.o
[641/972] EXTERNALIZE build/GEDE01/src/game/game_fn_801734B4.o
[642/972] EXTERNALIZE build/GEDE01/src/game/game_fn_80173270.o
[643/972] EXTERNALIZE build/GEDE01/src/game/game_fn_80172DB8.o
[644/972] EXTERNALIZE build/GEDE01/src/game/game_fn_80172C78.o
[645/972] EXTERNALIZE build/GEDE01/src/game/game_fn_80172BB0.o
[646/972] EXTERNALIZE build/GEDE01/src/game/game_fn_801726EC.o
[647/972] EXTERNALIZE build/GEDE01/src/game/game_fn_8017250C.o
[648/972] EXTERNALIZE build/GEDE01/src/game/game_fn_80171F30.o
[649/972] EXTERNALIZE build/GEDE01/src/game/game_fn_801719B4.o
[650/972] EXTERNALIZE build/GEDE01/src/game/game_fn_801718F4.o
[651/972] EXTERNALIZE build/GEDE01/src/game/game_fn_80171664.o
[652/972] EXTERNALIZE build/GEDE01/src/game/game_fn_8017138C.o
[653/972] EXTERNALIZE build/GEDE01/src/game/game_fn_80170A40.o
[654/972] NORMALIZE build/GEDE01/src/game/game_TRKNubWelcome.o
[655/972] NORMALIZE build/GEDE01/src/game/game_TRK_main.o
[656/972] NORMALIZE build/GEDE01/src/game/game_data_80239E10.o
[657/972] NORMALIZE build/GEDE01/src/game/game_data_80239E18.o
[658/972] EXTERNALIZE build/GEDE01/src/game/game_fn_801706DC.o
[659/972] EXTERNALIZE build/GEDE01/src/game/game_fn_8017652C.o
[660/972] EXTERNALIZE build/GEDE01/src/game/game_fn_80170E9C.o
[661/972] EXTERNALIZE build/GEDE01/src/game/game_fn_80175E64.o
[662/972] EXTERNALIZE build/GEDE01/src/game/game_fn_80175F0C.o
[663/972] EXTERNALIZE build/GEDE01/src/game/game_fn_80175FD4.o
[664/972] EXTERNALIZE build/GEDE01/src/game/game_fn_80176098.o
[665/972] EXTERNALIZE build/GEDE01/src/game/game_fn_80176160.o
[666/972] EXTERNALIZE build/GEDE01/src/game/game_fn_80176220.o
[667/972] EXTERNALIZE build/GEDE01/src/game/game_fn_80170DF4.o
[668/972] EXTERNALIZE build/GEDE01/src/game/game_fn_801762E8.o
[669/972] EXTERNALIZE build/GEDE01/src/game/game_fn_8016E8F8.o
[670/972] EXTERNALIZE build/GEDE01/src/game/game_fn_8016FEF8.o
[671/972] EXTERNALIZE build/GEDE01/src/game/game_fn_801704F8.o
[672/972] NORMALIZE build/GEDE01/src/game/game_fn_8016DF4C.o
[673/972] EXTERNALIZE build/GEDE01/src/game/game_fn_8016D2B8.o
[674/972] EXTERNALIZE build/GEDE01/src/game/game_fn_8016D040.o
[675/972] EXTERNALIZE build/GEDE01/src/game/game_fn_8016D1F8.o
[676/972] EXTERNALIZE build/GEDE01/src/game/game_fn_8016C774.o
[677/972] EXTERNALIZE build/GEDE01/src/game/game_fn_8016C4BC.o
[678/972] EXTERNALIZE build/GEDE01/src/game/game_fn_8016C238.o
[679/972] EXTERNALIZE build/GEDE01/src/game/game_fn_8016C164.o
[680/972] EXTERNALIZE build/GEDE01/src/game/game_fn_8016C0BC.o
[681/972] EXTERNALIZE build/GEDE01/src/game/game_fn_8017038C.o
[682/972] EXTERNALIZE build/GEDE01/src/game/game_fn_8016BE1C.o
[683/972] EXTERNALIZE build/GEDE01/src/game/game_fn_8016BF60.o
[684/972] EXTERNALIZE build/GEDE01/src/game/game_fn_8016BD0C.o
[685/972] EXTERNALIZE build/GEDE01/src/game/game_fn_80169650.o
[686/972] EXTERNALIZE build/GEDE01/src/game/game_fn_80167B5C.o
[687/972] EXTERNALIZE build/GEDE01/src/game/game_fn_8015EDC0.o
[688/972] EXTERNALIZE build/GEDE01/src/game/game_fn_8015DB84.o
[689/972] EXTERNALIZE build/GEDE01/src/game/game_fn_8015DC54.o
[690/972] EXTERNALIZE build/GEDE01/src/game/game_fn_80158B20.o
[691/972] EXTERNALIZE build/GEDE01/src/game/game_fn_80179398.o
[692/972] EXTERNALIZE build/GEDE01/src/game/game_fn_8017960C.o
[693/972] EXTERNALIZE build/GEDE01/src/game/game_fn_8017974C.o
[694/972] EXTERNALIZE build/GEDE01/src/game/game_fn_8017A9B8.o
[695/972] EXTERNALIZE build/GEDE01/src/game/game_fn_80179904.o
[696/972] EXTERNALIZE build/GEDE01/src/game/game_fn_80179A74.o
[697/972] EXTERNALIZE build/GEDE01/src/game/game_fn_80179A18.o
[698/972] EXTERNALIZE build/GEDE01/src/game/game_fn_80179EB8.o
[699/972] EXTERNALIZE build/GEDE01/src/game/game_fn_80179F20.o
[700/972] EXTERNALIZE build/GEDE01/src/game/game_fn_8017A010.o
[701/972] EXTERNALIZE build/GEDE01/src/game/game_fn_8017A12C.o
[702/972] EXTERNALIZE build/GEDE01/src/game/game_fn_80157C0C.o
[703/972] EXTERNALIZE build/GEDE01/src/game/game_fn_8017A1C0.o
[704/972] EXTERNALIZE build/GEDE01/src/game/game_fn_80155814.o
[705/972] EXTERNALIZE build/GEDE01/src/game/game_fn_80153898.o
[706/972] EXTERNALIZE build/GEDE01/src/game/game_fn_8014B494.o
[707/972] EXTERNALIZE build/GEDE01/src/game/game_fn_8014AF38.o
[708/972] EXTERNALIZE build/GEDE01/src/game/game_fn_8012DB28.o
[709/972] EXTERNALIZE build/GEDE01/src/game/game_fn_801141B8.o
[710/972] EXTERNALIZE build/GEDE01/src/game/game_fn_801128E4.o
[711/972] EXTERNALIZE build/GEDE01/src/game/game_fn_801126E0.o
[712/972] EXTERNALIZE build/GEDE01/src/game/game_fn_8010F184.o
[713/972] EXTERNALIZE build/GEDE01/src/game/game_fn_800E4980.o
[714/972] EXTERNALIZE build/GEDE01/src/game/game_fn_800C17EC.o
[715/972] EXTERNALIZE build/GEDE01/src/game/game_fn_800C030C.o
[716/972] EXTERNALIZE build/GEDE01/src/game/game_fn_800C59F0.o
[717/972] EXTERNALIZE build/GEDE01/src/game/game_fn_800C644C.o
[718/972] EXTERNALIZE build/GEDE01/src/game/game_fn_800C65FC.o
[719/972] EXTERNALIZE build/GEDE01/src/game/game_fn_800CB760.o
[720/972] EXTERNALIZE build/GEDE01/src/game/game_fn_800CB8F4.o
[721/972] EXTERNALIZE build/GEDE01/src/game/game_fn_80078500.o
[722/972] EXTERNALIZE build/GEDE01/src/game/game_fn_80079908.o
[723/972] EXTERNALIZE build/GEDE01/src/game/game_fn_8007B2F4.o
[724/972] EXTERNALIZE build/GEDE01/src/game/game_fn_8007B540.o
[725/972] EXTERNALIZE build/GEDE01/src/game/game_fn_8007B640.o
[726/972] EXTERNALIZE build/GEDE01/src/game/game_fn_800886D8.o
[727/972] EXTERNALIZE build/GEDE01/src/game/game_fn_8007BA3C.o
[728/972] EXTERNALIZE build/GEDE01/src/game/game_fn_800934A0.o
[729/972] EXTERNALIZE build/GEDE01/src/game/game_fn_800A3894.o
[730/972] EXTERNALIZE build/GEDE01/src/game/game_fn_800A7E88.o
[731/972] EXTERNALIZE build/GEDE01/src/game/game_fn_800A4798.o
[732/972] GLOBALIZE build/GEDE01/src/game/game_fn_800A2130.o
[733/972] EXTERNALIZE build/GEDE01/src/game/game_fn_800A2FCC.o
[734/972] EXTERNALIZE build/GEDE01/src/game/game_fn_8009C424.o
[735/972] EXTERNALIZE build/GEDE01/src/game/game_fn_80096830.o
[736/972] GLOBALIZE build/GEDE01/src/game/game_fn_8008F890.o
[737/972] EXTERNALIZE SWITCHES build/GEDE01/src/game/game_fn_80095FDC.o
[738/972] EXTERNALIZE build/GEDE01/src/game/game_fn_800A4428.o
[739/972] EXTERNALIZE build/GEDE01/src/game/game_fn_80074310.o
[740/972] GLOBALIZE build/GEDE01/src/game/game_fn_8005FD84.o
[741/972] EXTERNALIZE build/GEDE01/src/game/game_fn_80066888.o
[742/972] EXTERNALIZE build/GEDE01/src/game/game_fn_8005EC6C.o
[743/972] EXTERNALIZE build/GEDE01/src/game/game_fn_80052310.o
[744/972] EXTERNALIZE build/GEDE01/src/game/game_fn_80048B24.o
[745/972] NAME SWITCH build/GEDE01/src/game/game_fn_80020E94.o
[746/972] NAME SWITCH build/GEDE01/src/game/game_fn_8005EE9C.o
[747/972] NAME SWITCH build/GEDE01/src/game/game_fn_8016D9C0.o
[748/972] NAME SWITCH build/GEDE01/src/game/game_fn_80071A58.o
[749/972] EXTERNALIZE build/GEDE01/src/game/game_fn_80048ADC.o
[750/972] NAME SWITCH build/GEDE01/src/game/game_fn_8006B620.o
[751/972] NAME SWITCH build/GEDE01/src/game/game_fn_8001FE1C.o
[752/972] NAME SWITCH build/GEDE01/src/game/game_fn_8001E644.o
[753/972] EXTERNALIZE build/GEDE01/src/game/game_fn_80038878.o
[754/972] EXTERNALIZE build/GEDE01/src/game/game_fn_801B46C8.o
build/GEDE01/src/game/game_fn_801B46C8.o: lbl_8060C020 now undefined; section 6 emptied
[755/972] EXTERNALIZE build/GEDE01/src/game/game_fn_80036C40.o
[756/972] EXTERNALIZE build/GEDE01/src/game/game_fn_800359A0.o
[757/972] EXTERNALIZE build/GEDE01/src/game/game_fn_80033180.o
[758/972] EXTERNALIZE build/GEDE01/src/game/game_fn_80033038.o
[759/972] EXTERNALIZE build/GEDE01/src/game/game_fn_80032B84.o
[760/972] EXTERNALIZE build/GEDE01/src/game/game_fn_8003232C.o
[761/972] EXTERNALIZE build/GEDE01/src/game/game_fn_8002E3F0.o
[762/972] EXTERNALIZE build/GEDE01/src/game/game_fn_8002DAE0.o
[763/972] EXTERNALIZE build/GEDE01/src/game/game_fn_8002EA68.o
[764/972] GLOBALIZE build/GEDE01/src/game/game_fn_8002B748.o
[765/972] EXTERNALIZE build/GEDE01/src/game/game_fn_8002F428.o
[766/972] NAME SWITCHES build/GEDE01/src/game/game_fn_80024F28.o
[767/972] EXTERNALIZE build/GEDE01/src/game/game_fn_800272B4.o
[768/972] EXTERNALIZE build/GEDE01/src/game/game_fn_8001CE94.o
[769/972] EXTERNALIZE build/GEDE01/src/game/game_fn_8001CD58.o
[770/972] EXTERNALIZE build/GEDE01/src/game/game_fn_8001C078.o
[771/972] EXTERNALIZE build/GEDE01/src/game/game_fn_8001B874.o
[772/972] EXTERNALIZE build/GEDE01/src/game/game_fn_8001B808.o
[773/972] EXTERNALIZE build/GEDE01/src/game/game_fn_8001B294.o
[774/972] EXTERNALIZE build/GEDE01/src/game/game_fn_8001B124.o
[775/972] EXTERNALIZE build/GEDE01/src/game/game_fn_8001ADF8.o
[776/972] EXTERNALIZE build/GEDE01/src/game/game_fn_8001AF68.o
[777/972] EXTERNALIZE build/GEDE01/src/game/game_fn_8001AAB8.o
[778/972] EXTERNALIZE build/GEDE01/src/game/game_fn_8001A6C4.o
[779/972] EXTERNALIZE build/GEDE01/src/game/game_fn_80019F98.o
[780/972] EXTERNALIZE build/GEDE01/src/game/game_fn_80019D2C.o
[781/972] EXTERNALIZE build/GEDE01/src/game/game_fn_80019C10.o
[782/972] EXTERNALIZE build/GEDE01/src/game/game_fn_80019940.o
[783/972] EXTERNALIZE build/GEDE01/src/game/game_fn_800194D0.o
[784/972] EXTERNALIZE build/GEDE01/src/game/game_fn_80019244.o
[785/972] EXTERNALIZE build/GEDE01/src/game/game_fn_80019054.o
[786/972] EXTERNALIZE build/GEDE01/src/game/game_fn_80018EF4.o
[787/972] EXTERNALIZE build/GEDE01/src/game/game_fn_80017DB0.o
[788/972] EXTERNALIZE build/GEDE01/src/game/game_fn_80017C3C.o
[789/972] EXTERNALIZE build/GEDE01/src/game/game_fn_80017CC8.o
[790/972] EXTERNALIZE build/GEDE01/src/game/game_fn_80017AE4.o
[791/972] EXTERNALIZE build/GEDE01/src/game/game_fn_80017A3C.o
[792/972] EXTERNALIZE build/GEDE01/src/game/game_fn_800179AC.o
[793/972] EXTERNALIZE build/GEDE01/src/game/game_fn_80017910.o
[794/972] EXTERNALIZE FLAGS build/GEDE01/src/game/game_fn_800119FC.o
[795/972] EXTERNALIZE build/GEDE01/src/game/game_fn_8000FFD8.o
[796/972] EXTERNALIZE build/GEDE01/src/game/game_fn_8000F4B0.o
[797/972] GLOBALIZE build/GEDE01/src/game/game_fn_800094C0.o
[798/972] EXTERNALIZE build/GEDE01/src/game/game_fn_8000EFC4.o
[799/972] EXTERNALIZE build/GEDE01/src/game/game_fn_800096E0.o
[800/972] EXTERNALIZE build/GEDE01/src/game/game_fn_800098C0.o
[801/972] EXTERNALIZE build/GEDE01/src/game/game_fn_800099D8.o
[802/972] EXTERNALIZE build/GEDE01/src/game/game_fn_80009AB4.o
[803/972] EXTERNALIZE build/GEDE01/src/game/game_fn_8000A26C.o
[804/972] EXTERNALIZE build/GEDE01/src/game/game_fn_800171C0.o
[805/972] EXTERNALIZE build/GEDE01/src/game/game_fn_800176F0.o
[806/972] EXTERNALIZE build/GEDE01/src/game/game_fn_8000AC88.o
[807/972] EXTERNALIZE build/GEDE01/src/game/game_fn_8000AEB4.o
[808/972] EXTERNALIZE build/GEDE01/src/game/game_fn_8000AFB4.o
[809/972] EXTERNALIZE build/GEDE01/src/game/game_fn_8000B1B8.o
[810/972] EXTERNALIZE build/GEDE01/src/game/game_fn_8000B36C.o
[811/972] EXTERNALIZE build/GEDE01/src/game/game_fn_8000B630.o
[812/972] EXTERNALIZE build/GEDE01/src/game/game_fn_8000B7FC.o
[813/972] EXTERNALIZE build/GEDE01/src/game/game_fn_8000B900.o
[814/972] EXTERNALIZE build/GEDE01/src/game/game_fn_8000BA0C.o
[815/972] EXTERNALIZE build/GEDE01/src/game/game_fn_8000BAA0.o
[816/972] EXTERNALIZE build/GEDE01/src/game/game_fn_8000BC40.o
[817/972] EXTERNALIZE build/GEDE01/src/game/game_fn_8000C06C.o
[818/972] EXTERNALIZE build/GEDE01/src/game/game_fn_8000C17C.o
[819/972] EXTERNALIZE build/GEDE01/src/game/game_fn_8000C400.o
[820/972] EXTERNALIZE build/GEDE01/src/game/game_fn_8000C91C.o
[821/972] EXTERNALIZE build/GEDE01/src/game/game_fn_8000C848.o
[822/972] EXTERNALIZE build/GEDE01/src/game/game_fn_8000D0BC.o
[823/972] NAME SWITCH build/GEDE01/src/game/game_fn_8000D8A4.o
[824/972] EXTERNALIZE build/GEDE01/src/game/game_fn_8000D3D4.o
[825/972] EXTERNALIZE build/GEDE01/src/game/game_fn_8000E054.o
[826/972] EXTERNALIZE build/GEDE01/src/game/game_fn_8000E0AC.o
[827/972] EXTERNALIZE build/GEDE01/src/game/game_fn_8000E96C.o
[828/972] EXTERNALIZE build/GEDE01/src/game/game_fn_8000F774.o
[829/972] EXTERNALIZE build/GEDE01/src/game/game_fn_8000EB14.o
[830/972] EXTERNALIZE build/GEDE01/src/game/game_fn_8000EBD4.o
[831/972] EXTERNALIZE build/GEDE01/src/game/game_fn_8000ED44.o
[832/972] EXTERNALIZE build/GEDE01/src/game/game_fn_8000E138.o
[833/972] EXTERNALIZE build/GEDE01/src/game/game_fn_8000E1C4.o
[834/972] EXTERNALIZE build/GEDE01/src/game/game_fn_8000D590.o
[835/972] EXTERNALIZE build/GEDE01/src/game/game_fn_8000DA50.o
[836/972] EXTERNALIZE build/GEDE01/src/game/game_fn_8000DAF4.o
[837/972] EXTERNALIZE build/GEDE01/src/game/game_fn_80012DA8.o
[838/972] EXTERNALIZE build/GEDE01/src/game/game_fn_80012F40.o
[839/972] EXTERNALIZE build/GEDE01/src/game/game_fn_800131E8.o
[840/972] EXTERNALIZE build/GEDE01/src/game/game_fn_80012FD0.o
[841/972] EXTERNALIZE build/GEDE01/src/game/game_fn_80013340.o
[842/972] EXTERNALIZE build/GEDE01/src/game/game_fn_80013870.o
[843/972] EXTERNALIZE build/GEDE01/src/game/game_fn_80013CB0.o
[844/972] EXTERNALIZE build/GEDE01/src/game/game_fn_80013D54.o
[845/972] EXTERNALIZE build/GEDE01/src/game/game_fn_800142DC.o
[846/972] EXTERNALIZE build/GEDE01/src/game/game_fn_800144CC.o
[847/972] EXTERNALIZE build/GEDE01/src/game/game_fn_800149D4.o
[848/972] EXTERNALIZE build/GEDE01/src/game/game_fn_80014784.o
[849/972] EXTERNALIZE build/GEDE01/src/game/game_fn_80015320.o
[850/972] EXTERNALIZE build/GEDE01/src/game/game_fn_80015058.o
[851/972] EXTERNALIZE build/GEDE01/src/game/game_fn_800156FC.o
[852/972] EXTERNALIZE build/GEDE01/src/game/game_fn_80015568.o
[853/972] EXTERNALIZE build/GEDE01/src/game/game_fn_80015BE0.o
[854/972] EXTERNALIZE build/GEDE01/src/game/game_fn_80015D40.o
[855/972] EXTERNALIZE build/GEDE01/src/game/game_fn_80015F04.o
[856/972] EXTERNALIZE build/GEDE01/src/game/game_fn_80016128.o
[857/972] EXTERNALIZE build/GEDE01/src/game/game_fn_80016270.o
[858/972] EXTERNALIZE build/GEDE01/src/game/game_fn_80016904.o
[859/972] EXTERNALIZE build/GEDE01/src/game/game_fn_800173CC.o
[860/972] EXTERNALIZE build/GEDE01/src/game/game_fn_80016B24.o
[861/972] EXTERNALIZE build/GEDE01/src/game/game_fn_801BEF40.o
[862/972] EXTERNALIZE STATIC POOL build/GEDE01/src/game/game_fn_801C4B5C.o
build/GEDE01/src/game/game_fn_801C4B5C.o: lbl_80628CB0 now undefined; section 6 emptied
[863/972] EXTERNALIZE build/GEDE01/src/game/game_fn_801B86C0.o
[864/972] EXTERNALIZE build/GEDE01/src/game/game_fn_801C8600.o
[865/972] EXTERNALIZE build/GEDE01/src/game/game_fn_801EAA04.o
[866/972] EXTERNALIZE build/GEDE01/src/game/game_fn_80150400.o
[867/972] EXTERNALIZE build/GEDE01/src/game/game_fn_80150F20.o
[868/972] EXTERNALIZE build/GEDE01/src/game/game_fn_80151600.o
[869/972] EXTERNALIZE build/GEDE01/src/game/game_fn_80151D00.o
[870/972] EXTERNALIZE build/GEDE01/src/game/game_fn_8011EE04.o
[871/972] EXTERNALIZE build/GEDE01/src/game/game_fn_801E3644.o
[872/972] EXTERNALIZE build/GEDE01/src/game/game_fn_8019E0B0.o
[873/972] EXTERNALIZE build/GEDE01/src/game/game_fn_801A260C.o
[874/972] EXTERNALIZE build/GEDE01/src/game/game_fn_801DE8B4.o
[875/972] EXTERNALIZE build/GEDE01/src/game/game_fn_80173BDC.o
[876/972] EXTERNALIZE build/GEDE01/src/game/game_fn_801E7014.o
[877/972] EXTERNALIZE build/GEDE01/src/game/game_fn_801A4430.o
[878/972] EXTERNALIZE build/GEDE01/src/game/game_fn_8014BA14.o
[879/972] EXTERNALIZE build/GEDE01/src/game/game_fn_800B2EC0.o
[880/972] EXTERNALIZE build/GEDE01/src/game/game_fn_8001CA04.o
[881/972] EXTERNALIZE build/GEDE01/src/game/game_fn_80031544.o
[882/972] EXTERNALIZE build/GEDE01/src/game/game_fn_8006B0F0.o
[883/972] EXTERNALIZE build/GEDE01/src/game/game_fn_801DDB84.o
[884/972] EXTERNALIZE build/GEDE01/src/game/game_fn_8007F770.o
[885/972] EXTERNALIZE build/GEDE01/src/game/game_fn_8007D4D8.o
[886/972] EXTERNALIZE build/GEDE01/src/game/game_fn_80088F4C.o
[887/972] EXTERNALIZE build/GEDE01/src/game/game_fn_80089A34.o
[888/972] EXTERNALIZE build/GEDE01/src/game/game_fn_8008A2E0.o
[889/972] EXTERNALIZE build/GEDE01/src/game/game_fn_80095D10.o
[890/972] EXTERNALIZE build/GEDE01/src/game/game_fn_80090004.o
[891/972] EXTERNALIZE build/GEDE01/src/game/game_fn_800A3180.o
[892/972] EXTERNALIZE build/GEDE01/src/game/game_fn_800BB5C4.o
[893/972] EXTERNALIZE build/GEDE01/src/game/game_fn_800BB7A8.o
[894/972] EXTERNALIZE build/GEDE01/src/game/game_fn_800BB9A4.o
[895/972] EXTERNALIZE build/GEDE01/src/game/game_fn_800BBAF0.o
[896/972] EXTERNALIZE build/GEDE01/src/game/game_fn_800D9064.o
[897/972] EXTERNALIZE build/GEDE01/src/game/game_fn_800D9E10.o
[898/972] EXTERNALIZE build/GEDE01/src/game/game_fn_8012976C.o
[899/972] EXTERNALIZE build/GEDE01/src/game/game_fn_8013DB8C.o
[900/972] EXTERNALIZE build/GEDE01/src/game/game_fn_8013CBE4.o
[901/972] EXTERNALIZE build/GEDE01/src/game/game_fn_8014CA98.o
[902/972] EXTERNALIZE build/GEDE01/src/game/game_fn_80153A24.o
[903/972] EXTERNALIZE build/GEDE01/src/game/game_fn_801535D8.o
[904/972] EXTERNALIZE build/GEDE01/src/game/game_fn_80174F2C.o
[905/972] EXTERNALIZE build/GEDE01/src/game/game_fn_801752B0.o
[906/972] EXTERNALIZE build/GEDE01/src/game/game_fn_8017AC20.o
[907/972] EXTERNALIZE build/GEDE01/src/game/game_fn_801861C4.o
[908/972] EXTERNALIZE build/GEDE01/src/game/game_fn_8018680C.o
[909/972] EXTERNALIZE build/GEDE01/src/game/game_fn_80186F70.o
[910/972] EXTERNALIZE build/GEDE01/src/game/game_fn_80187320.o
[911/972] EXTERNALIZE build/GEDE01/src/game/game_fn_801810A0.o
[912/972] EXTERNALIZE build/GEDE01/src/game/game_fn_801875FC.o
[913/972] EXTERNALIZE build/GEDE01/src/game/game_fn_800542D0.o
[914/972] EXTERNALIZE build/GEDE01/src/game/game_fn_80187E40.o
[915/972] EXTERNALIZE build/GEDE01/src/game/game_fn_80187BB4.o
[916/972] EXTERNALIZE build/GEDE01/src/game/game_fn_80189C14.o
[917/972] EXTERNALIZE build/GEDE01/src/game/game_fn_8018C2D0.o
[918/972] EXTERNALIZE build/GEDE01/src/game/game_fn_8018D400.o
[919/972] EXTERNALIZE build/GEDE01/src/game/game_fn_8018E0D8.o
[920/972] EXTERNALIZE build/GEDE01/src/game/game_fn_8019120C.o
[921/972] EXTERNALIZE build/GEDE01/src/game/game_fn_8018DC24.o
[922/972] EXTERNALIZE build/GEDE01/src/game/game_fn_801926EC.o
[923/972] EXTERNALIZE build/GEDE01/src/game/game_fn_801916D0.o
[924/972] EXTERNALIZE build/GEDE01/src/game/game_fn_801929A4.o
[925/972] EXTERNALIZE build/GEDE01/src/game/game_fn_801952E8.o
[926/972] EXTERNALIZE build/GEDE01/src/game/game_fn_801A2A54.o
[927/972] EXTERNALIZE build/GEDE01/src/game/game_fn_801A34BC.o
[928/972] EXTERNALIZE build/GEDE01/src/game/game_fn_801A657C.o
[929/972] EXTERNALIZE build/GEDE01/src/game/game_fn_801A1F8C.o
[930/972] EXTERNALIZE build/GEDE01/src/game/game_fn_801D1F78.o
[931/972] EXTERNALIZE build/GEDE01/src/game/game_fn_801E2A48.o
[932/972] EXTERNALIZE build/GEDE01/src/game/game_fn_801E6814.o
[933/972] EXTERNALIZE build/GEDE01/src/game/game_fn_801E995C.o
[934/972] EXTERNALIZE build/GEDE01/src/game/game_fn_801F0CB0.o
[935/972] EXTERNALIZE build/GEDE01/src/game/game_fn_801EF580.o
[936/972] EXTERNALIZE build/GEDE01/src/game/game_fn_801F35A8.o
[937/972] EXTERNALIZE build/GEDE01/src/game/game_fn_801F10BC.o
[938/972] EXTERNALIZE build/GEDE01/src/game/game_fn_801ECD74.o
[939/972] EXTERNALIZE build/GEDE01/src/game/game_fn_801ED5F4.o
[940/972] EXTERNALIZE build/GEDE01/src/game/game_fn_801F69F0.o
[941/972] EXTERNALIZE build/GEDE01/src/game/game_fn_801F76EC.o
[942/972] EXTERNALIZE build/GEDE01/src/game/game_fn_801F8264.o
[943/972] EXTERNALIZE build/GEDE01/src/game/game_fn_801F89B4.o
[944/972] EXTERNALIZE build/GEDE01/src/game/game_fn_801F9AF8.o
[945/972] EXTERNALIZE build/GEDE01/src/game/game_fn_801F6BD8.o
[946/972] EXTERNALIZE build/GEDE01/src/game/game_fn_80095E64.o
[947/972] EXTERNALIZE build/GEDE01/src/game/game_fn_801FB6A4.o
[948/972] EXTERNALIZE JUMPTABLES build/GEDE01/src/game/game_fn_800361F8.o
[949/972] EXTERNALIZE JUMPTABLES build/GEDE01/src/game/game_fn_8006E53C.o
[950/972] EXTERNALIZE JUMPTABLES build/GEDE01/src/game/game_fn_800CF598.o
[951/972] EXTERNALIZE JUMPTABLES build/GEDE01/src/game/game_fn_801ACFE8.o
[952/972] EXTERNALIZE build/GEDE01/src/game/game_fn_801E0088.o
[953/972] EXTERNALIZE JUMPTABLES build/GEDE01/src/game/game_fn_801B1BA0.o
[954/972] EXTERNALIZE build/GEDE01/src/game/game_fn_80150A24.o
[955/972] EXTERNALIZE build/GEDE01/src/game/game_fn_80154F74.o
[956/972] EXTERNALIZE build/GEDE01/src/game/game_fn_801E504C.o
[957/972] EXTERNALIZE build/GEDE01/src/game/game_fn_8009E808.o
[958/972] EXTERNALIZE build/GEDE01/src/game/game_fn_801F1A38.o
[959/972] EXTERNALIZE build/GEDE01/src/game/game_fn_801F55A0.o
[960/972] EXTERNALIZE build/GEDE01/src/game/game_fn_801FFE78.o
[961/972] EXTERNALIZE build/GEDE01/src/game/game_fn_801F7510.o
[962/972] EXTERNALIZE build/GEDE01/src/game/game_fn_801F8FAC.o
[963/972] EXTERNALIZE build/GEDE01/src/game/game_fn_801FC034.o
[964/972] EXTERNALIZE build/GEDE01/src/game/game_fn_801F9CF4.o
[965/972] EXTERNALIZE build/GEDE01/src/game/game_fn_801FA9C8.o
[966/972] MWCC build/GEDE01/src/game/game_fn_80209290.o
[967/972] REPORT
 INFO Loading project .
 INFO Generating report for 7104 units (using 8 threads)
 INFO Report generated in 0.417s
 INFO Writing to build/GEDE01/report.json
ninja: build stopped: interrupted by user.
ninja: warning: premature end of file; recovering
[1/971] MWCC build/GEDE01/src/game/game_fn_80008014.o
[2/971] MWCC build/GEDE01/src/game/game_fn_800094C0.o
[3/971] MWCC build/GEDE01/src/game/game_fn_800098C0.o
[4/971] MWCC build/GEDE01/src/game/game_fn_800096E0.o
[5/971] MWCC build/GEDE01/src/game/game_fn_80009AB4.o
[6/971] MWCC build/GEDE01/src/game/game_fn_800099D8.o
[7/971] MWCC build/GEDE01/src/game/game_fn_8000AC88.o
[8/971] MWCC build/GEDE01/src/game/game_fn_8000A26C.o
[9/971] MWCC build/GEDE01/src/game/game_fn_8000AFB4.o
[10/971] MWCC build/GEDE01/src/game/game_fn_8000AEB4.o
[11/971] MWCC build/GEDE01/src/game/game_fn_8000B1B8.o
[12/971] MWCC build/GEDE01/src/game/game_fn_8000B36C.o
[13/971] MWCC build/GEDE01/src/game/game_fn_8000B630.o
[14/971] MWCC build/GEDE01/src/game/game_fn_8000B7FC.o
[15/971] MWCC build/GEDE01/src/game/game_fn_8000BA0C.o
[16/971] MWCC build/GEDE01/src/game/game_fn_8000B900.o
[17/971] MWCC build/GEDE01/src/game/game_fn_8000BC40.o
[18/971] MWCC build/GEDE01/src/game/game_fn_8000BAA0.o
[19/971] MWCC build/GEDE01/src/game/game_fn_8000C06C.o
[20/971] MWCC build/GEDE01/src/game/game_fn_8000C17C.o
[21/971] MWCC build/GEDE01/src/game/game_fn_8000C848.o
[22/971] MWCC build/GEDE01/src/game/game_fn_8000C400.o
[23/971] MWCC build/GEDE01/src/game/game_fn_8000C91C.o
[24/971] MWCC build/GEDE01/src/game/game_fn_8000D0BC.o
[25/971] MWCC build/GEDE01/src/game/game_fn_8000D590.o
[26/971] MWCC build/GEDE01/src/game/game_fn_8000D3D4.o
[27/971] MWCC build/GEDE01/src/game/game_fn_8000DA50.o
[28/971] MWCC build/GEDE01/src/game/game_fn_8000D8A4.o
[29/971] MWCC build/GEDE01/src/game/game_fn_8000DAF4.o
[30/971] MWCC build/GEDE01/src/game/game_fn_8000E054.o
[31/971] MWCC build/GEDE01/src/game/game_fn_8000E138.o
[32/971] MWCC build/GEDE01/src/game/game_fn_8000E0AC.o
[33/971] MWCC build/GEDE01/src/game/game_fn_8000E1C4.o
[34/971] MWCC build/GEDE01/src/game/game_fn_8000E96C.o
[35/971] MWCC build/GEDE01/src/game/game_fn_8000EB14.o
[36/971] MWCC build/GEDE01/src/game/game_fn_8000EBD4.o
[37/971] MWCC build/GEDE01/src/game/game_fn_8000ED44.o
[38/971] MWCC build/GEDE01/src/game/game_fn_8000EFC4.o
[39/971] MWCC build/GEDE01/src/game/game_fn_8000F4B0.o
[40/971] MWCC build/GEDE01/src/game/game_fn_8000F774.o
[41/971] MWCC build/GEDE01/src/game/game_fn_8000FDE8.o
[42/971] MWCC build/GEDE01/src/game/game_fn_8000FFD8.o
[43/971] MWCC build/GEDE01/src/game/game_fn_800119FC.o
[44/971] MWCC build/GEDE01/src/game/game_fn_80012DA8.o
[45/971] MWCC build/GEDE01/src/game/game_fn_80012F40.o
[46/971] MWCC build/GEDE01/src/game/game_fn_80012FD0.o
[47/971] MWCC build/GEDE01/src/game/game_fn_800131E8.o
[48/971] MWCC build/GEDE01/src/game/game_fn_80013340.o
[49/971] MWCC build/GEDE01/src/game/game_fn_80013870.o
[50/971] MWCC build/GEDE01/src/game/game_fn_80013CB0.o
[51/971] MWCC build/GEDE01/src/game/game_fn_80013D54.o
[52/971] MWCC build/GEDE01/src/game/game_fn_800142DC.o
[53/971] MWCC build/GEDE01/src/game/game_fn_800144CC.o
[54/971] MWCC build/GEDE01/src/game/game_fn_80014784.o
[55/971] MWCC build/GEDE01/src/game/game_fn_800149D4.o
[56/971] MWCC build/GEDE01/src/game/game_fn_80015058.o
[57/971] MWCC build/GEDE01/src/game/game_fn_80015320.o
[58/971] MWCC build/GEDE01/src/game/game_fn_80015568.o
[59/971] MWCC build/GEDE01/src/game/game_fn_800156FC.o
[60/971] MWCC build/GEDE01/src/game/game_fn_80015BE0.o
[61/971] MWCC build/GEDE01/src/game/game_fn_80015D40.o
[62/971] MWCC build/GEDE01/src/game/game_fn_80015F04.o
[63/971] MWCC build/GEDE01/src/game/game_fn_80016128.o
[64/971] MWCC build/GEDE01/src/game/game_fn_80016270.o
[65/971] MWCC build/GEDE01/src/game/game_fn_80016904.o
[66/971] MWCC build/GEDE01/src/game/game_fn_80016B24.o
[67/971] MWCC build/GEDE01/src/game/game_fn_800171C0.o
[68/971] MWCC build/GEDE01/src/game/game_fn_800173CC.o
[69/971] MWCC build/GEDE01/src/game/game_fn_800176F0.o
[70/971] MWCC build/GEDE01/src/game/game_fn_80017910.o
[71/971] MWCC build/GEDE01/src/game/game_fn_800179AC.o
[72/971] MWCC build/GEDE01/src/game/game_fn_80017A3C.o
[73/971] MWCC build/GEDE01/src/game/game_fn_80017AE4.o
[74/971] MWCC build/GEDE01/src/game/game_fn_80017C3C.o
[75/971] MWCC build/GEDE01/src/game/game_fn_80017CC8.o
[76/971] MWCC build/GEDE01/src/game/game_fn_80017DB0.o
[77/971] MWCC build/GEDE01/src/game/game_fn_80018EF4.o
[78/971] MWCC build/GEDE01/src/game/game_fn_80019054.o
[79/971] MWCC build/GEDE01/src/game/game_fn_80019244.o
[80/971] MWCC build/GEDE01/src/game/game_fn_800194D0.o
[81/971] MWCC build/GEDE01/src/game/game_fn_80019940.o
[82/971] MWCC build/GEDE01/src/game/game_fn_80019C10.o
[83/971] MWCC build/GEDE01/src/game/game_fn_80019D2C.o
[84/971] MWCC build/GEDE01/src/game/game_fn_80019F98.o
[85/971] MWCC build/GEDE01/src/game/game_fn_8001A6C4.o
[86/971] MWCC build/GEDE01/src/game/game_fn_8001AAB8.o
[87/971] MWCC build/GEDE01/src/game/game_fn_8001ADF8.o
[88/971] MWCC build/GEDE01/src/game/game_fn_8001AF68.o
[89/971] MWCC build/GEDE01/src/game/game_fn_8001B124.o
[90/971] MWCC build/GEDE01/src/game/game_fn_8001B294.o
[91/971] MWCC build/GEDE01/src/game/game_fn_8001B808.o
[92/971] MWCC build/GEDE01/src/game/game_fn_8001B874.o
[93/971] MWCC build/GEDE01/src/game/game_fn_8001C078.o
[94/971] MWCC build/GEDE01/src/game/game_fn_8001CA04.o
[95/971] MWCC build/GEDE01/src/game/game_fn_8001CD58.o
[96/971] MWCC build/GEDE01/src/game/game_fn_8001CE94.o
[97/971] MWCC build/GEDE01/src/game/game_fn_8001E644.o
[98/971] MWCC build/GEDE01/src/game/game_fn_8001FE1C.o
[99/971] MWCC build/GEDE01/src/game/game_fn_80020E94.o
[100/971] MWCC build/GEDE01/src/game/game_fn_80024F28.o
[101/971] MWCC build/GEDE01/src/game/game_fn_800272B4.o
[102/971] MWCC build/GEDE01/src/game/game_fn_8002B748.o
[103/971] MWCC build/GEDE01/src/game/game_fn_8002DAE0.o
[104/971] MWCC build/GEDE01/src/game/game_fn_8002E3F0.o
[105/971] MWCC build/GEDE01/src/game/game_fn_8002EA68.o
[106/971] MWCC build/GEDE01/src/game/game_fn_8002F428.o
[107/971] MWCC build/GEDE01/src/game/game_fn_80031544.o
[108/971] MWCC build/GEDE01/src/game/game_fn_8003232C.o
[109/971] MWCC build/GEDE01/src/game/game_fn_80032B84.o
[110/971] MWCC build/GEDE01/src/game/game_fn_80033038.o
[111/971] MWCC build/GEDE01/src/game/game_fn_80033180.o
[112/971] MWCC build/GEDE01/src/game/game_fn_800359A0.o
[113/971] MWCC build/GEDE01/src/game/game_fn_800361F8.o
[114/971] MWCC build/GEDE01/src/game/game_fn_80036C40.o
[115/971] MWCC build/GEDE01/src/game/game_fn_80038878.o
[116/971] MWCC build/GEDE01/src/game/game_fn_80048ADC.o
[117/971] MWCC build/GEDE01/src/game/game_fn_80048B24.o
[118/971] MWCC build/GEDE01/src/game/game_fn_8004998C.o
[119/971] MWCC build/GEDE01/src/game/game_fn_80050B08.o
[120/971] MWCC build/GEDE01/src/game/game_fn_80052310.o
[121/971] MWCC build/GEDE01/src/game/game_fn_800542D0.o
[122/971] MWCC build/GEDE01/src/game/game_fn_8005EC6C.o
[123/971] MWCC build/GEDE01/src/game/game_fn_8005EE9C.o
[124/971] MWCC build/GEDE01/src/game/game_fn_8005EF94.o
[125/971] MWCC build/GEDE01/src/game/game_data_80239E10.o
[126/971] MWCC build/GEDE01/src/game/game_data_80239E18.o
[127/971] MWCC build/GEDE01/src/game/game_fn_8005FD84.o
[128/971] MWCC build/GEDE01/src/game/game_fn_80066888.o
[129/971] MWCC build/GEDE01/src/game/game_fn_8006B0F0.o
[130/971] MWCC build/GEDE01/src/game/game_fn_80066E78.o
[131/971] MWCC build/GEDE01/src/game/game_fn_8006B620.o
[132/971] MWCC build/GEDE01/src/game/game_fn_8006E53C.o
[133/971] MWCC build/GEDE01/src/game/game_fn_80071A58.o
[134/971] MWCC build/GEDE01/src/game/game_fn_80074310.o
[135/971] MWCC build/GEDE01/src/game/game_fn_80078500.o
[136/971] MWCC build/GEDE01/src/game/game_fn_80079908.o
[137/971] MWCC build/GEDE01/src/game/game_fn_80079AA4.o
[138/971] MWCC build/GEDE01/src/game/game_fn_8007B2F4.o
[139/971] MWCC build/GEDE01/src/game/game_fn_8007B540.o
[140/971] MWCC build/GEDE01/src/game/game_fn_8007B640.o
[141/971] MWCC build/GEDE01/src/game/game_fn_8007B828.o
[142/971] MWCC build/GEDE01/src/game/game_fn_8007BA3C.o
[143/971] MWCC build/GEDE01/src/game/game_fn_8007D4D8.o
[144/971] MWCC build/GEDE01/src/game/game_fn_8007F770.o
[145/971] MWCC build/GEDE01/src/game/game_fn_80088060.o
[146/971] MWCC build/GEDE01/src/game/game_fn_800886D8.o
[147/971] MWCC build/GEDE01/src/game/game_fn_80088F4C.o
[148/971] MWCC build/GEDE01/src/game/game_fn_80089A34.o
[149/971] MWCC build/GEDE01/src/game/game_fn_8008A2E0.o
[150/971] MWCC build/GEDE01/src/game/game_fn_8008F224.o
[151/971] MWCC build/GEDE01/src/game/game_fn_8008F890.o
[152/971] MWCC build/GEDE01/src/game/game_fn_80090004.o
[153/971] MWCC build/GEDE01/src/game/game_fn_800934A0.o
[154/971] MWCC build/GEDE01/src/game/game_fn_80095D10.o
[155/971] MWCC build/GEDE01/src/game/game_fn_80095E64.o
[156/971] MWCC build/GEDE01/src/game/game_fn_80095FDC.o
[157/971] MWCC build/GEDE01/src/game/game_fn_8009C424.o
[158/971] MWCC build/GEDE01/src/game/game_fn_80096830.o
[159/971] MWCC build/GEDE01/src/game/game_fn_8009E808.o
[160/971] MWCC build/GEDE01/src/game/game_fn_800A2130.o
[161/971] MWCC build/GEDE01/src/game/game_fn_800A2B8C.o
[162/971] MWCC build/GEDE01/src/game/game_fn_800A2FCC.o
[163/971] MWCC build/GEDE01/src/game/game_fn_800A3180.o
[164/971] MWCC build/GEDE01/src/game/game_fn_800A3894.o
[165/971] MWCC build/GEDE01/src/game/game_fn_800A4428.o
[166/971] MWCC build/GEDE01/src/game/game_fn_800A4798.o
[167/971] MWCC build/GEDE01/src/game/game_fn_800A7E88.o
[168/971] MWCC build/GEDE01/src/game/game_fn_800AF230.o
[169/971] MWCC build/GEDE01/src/game/game_fn_800B2EC0.o
[170/971] MWCC build/GEDE01/src/game/game_fn_800BB5C4.o
[171/971] MWCC build/GEDE01/src/game/game_fn_800BB7A8.o
[172/971] MWCC build/GEDE01/src/game/game_fn_800BB9A4.o
[173/971] MWCC build/GEDE01/src/game/game_fn_800BBAF0.o
[174/971] MWCC build/GEDE01/src/game/game_fn_800C030C.o
[175/971] MWCC build/GEDE01/src/game/game_fn_800C17EC.o
[176/971] MWCC build/GEDE01/src/game/game_fn_800C59F0.o
[177/971] MWCC build/GEDE01/src/game/game_fn_800C644C.o
[178/971] MWCC build/GEDE01/src/game/game_fn_800C65FC.o
[179/971] MWCC build/GEDE01/src/game/game_fn_800C9C60.o
[180/971] MWCC build/GEDE01/src/game/game_fn_800CB760.o
[181/971] MWCC build/GEDE01/src/game/game_fn_800CB8F4.o
[182/971] MWCC build/GEDE01/src/game/game_fn_800D9064.o
[183/971] MWCC build/GEDE01/src/game/game_fn_800CF598.o
[184/971] MWCC build/GEDE01/src/game/game_fn_800D9E10.o
[185/971] MWCC build/GEDE01/src/game/game_fn_800DC4D4.o
[186/971] MWCC build/GEDE01/src/game/game_fn_800E4980.o
[187/971] MWCC build/GEDE01/src/game/game_TRKNubWelcome.o
[188/971] MWCC build/GEDE01/src/game/game_TRK_main.o
[189/971] MWCC build/GEDE01/src/game/game_InitMetroTRKCommTable.o
[190/971] MWCC build/GEDE01/src/game/game_fn_800FD0C8.o
[191/971] MWCC build/GEDE01/src/game/game_fn_8010242C.o
[192/971] MWCC build/GEDE01/src/game/game_fn_801098C0.o
[193/971] MWCC build/GEDE01/src/game/game_fn_8010F184.o
[194/971] MWCC build/GEDE01/src/game/game_fn_801126E0.o
[195/971] MWCC build/GEDE01/src/game/game_fn_801128E4.o
[196/971] MWCC build/GEDE01/src/game/game_fn_80119C70.o
[197/971] MWCC build/GEDE01/src/game/game_fn_801141B8.o
[198/971] MWCC build/GEDE01/src/game/game_fn_8011EE04.o
[199/971] MWCC build/GEDE01/src/game/game_fn_8011F140.o
[200/971] MWCC build/GEDE01/src/game/game_fn_80126A00.o
[201/971] MWCC build/GEDE01/src/game/game_fn_801247F8.o
[202/971] MWCC build/GEDE01/src/game/game_fn_8012976C.o
[203/971] MWCC build/GEDE01/src/game/game_fn_8012DB28.o
[204/971] MWCC build/GEDE01/src/game/game_fn_8013CBE4.o
[205/971] MWCC build/GEDE01/src/game/game_fn_8013D6A4.o
[206/971] MWCC build/GEDE01/src/game/game_fn_8013DB8C.o
[207/971] MWCC build/GEDE01/src/game/game_fn_8014549C.o
[208/971] MWCC build/GEDE01/src/game/game_fn_8014AF38.o
[209/971] MWCC build/GEDE01/src/game/game_fn_8014B494.o
[210/971] MWCC build/GEDE01/src/game/game_fn_8014BA14.o
[211/971] MWCC build/GEDE01/src/game/game_fn_8014CA98.o
[212/971] MWCC build/GEDE01/src/game/game_fn_80150A24.o
[213/971] MWCC build/GEDE01/src/game/game_fn_80150400.o
[214/971] MWCC build/GEDE01/src/game/game_fn_80151600.o
[215/971] MWCC build/GEDE01/src/game/game_fn_80150F20.o
[216/971] MWCC build/GEDE01/src/game/game_fn_80151D00.o
[217/971] MWCC build/GEDE01/src/game/game_fn_801535D8.o
[218/971] MWCC build/GEDE01/src/game/game_fn_80153898.o
[219/971] MWCC build/GEDE01/src/game/game_fn_80153A24.o
[220/971] MWCC build/GEDE01/src/game/game_fn_80154F74.o
[221/971] MWCC build/GEDE01/src/game/game_fn_80155814.o
[222/971] MWCC build/GEDE01/src/game/game_fn_80157C0C.o
[223/971] MWCC build/GEDE01/src/game/game_fn_80158B20.o
[224/971] MWCC build/GEDE01/src/game/game_fn_80158D38.o
[225/971] MWCC build/GEDE01/src/game/game_fn_8015DB84.o
[226/971] MWCC build/GEDE01/src/game/game_fn_8015DC54.o
[227/971] MWCC build/GEDE01/src/game/game_fn_8015EDC0.o
[228/971] MWCC build/GEDE01/src/game/game_fn_80167454.o
[229/971] MWCC build/GEDE01/src/game/game_fn_80167B5C.o
[230/971] MWCC build/GEDE01/src/game/game_fn_80169650.o
[231/971] MWCC build/GEDE01/src/game/game_fn_8016BD0C.o
[232/971] MWCC build/GEDE01/src/game/game_fn_8016BE1C.o
[233/971] MWCC build/GEDE01/src/game/game_fn_8016BF60.o
[234/971] MWCC build/GEDE01/src/game/game_fn_8016C0BC.o
[235/971] MWCC build/GEDE01/src/game/game_fn_8016C164.o
[236/971] MWCC build/GEDE01/src/game/game_fn_8016C238.o
[237/971] MWCC build/GEDE01/src/game/game_fn_8016C4BC.o
[238/971] MWCC build/GEDE01/src/game/game_fn_8016C774.o
[239/971] MWCC build/GEDE01/src/game/game_fn_8016D040.o
[240/971] MWCC build/GEDE01/src/game/game_fn_8016D1F8.o
[241/971] MWCC build/GEDE01/src/game/game_fn_8016D2B8.o
[242/971] MWCC build/GEDE01/src/game/game_fn_8016D9C0.o
[243/971] MWCC build/GEDE01/src/game/game_fn_8016DF4C.o
[244/971] MWCC build/GEDE01/src/game/game_fn_8016E8F8.o
[245/971] MWCC build/GEDE01/src/game/game_fn_8016FEF8.o
[246/971] MWCC build/GEDE01/src/game/game_fn_8017038C.o
[247/971] MWCC build/GEDE01/src/game/game_fn_801704F8.o
[248/971] MWCC build/GEDE01/src/game/game_fn_801706DC.o
[249/971] MWCC build/GEDE01/src/game/game_fn_80170A40.o
[250/971] MWCC build/GEDE01/src/game/game_fn_80170E9C.o
[251/971] MWCC build/GEDE01/src/game/game_fn_80170DF4.o
[252/971] MWCC build/GEDE01/src/game/game_fn_8017138C.o
[253/971] MWCC build/GEDE01/src/game/game_fn_80171664.o
[254/971] MWCC build/GEDE01/src/game/game_fn_801718F4.o
[255/971] MWCC build/GEDE01/src/game/game_fn_801719B4.o
[256/971] MWCC build/GEDE01/src/game/game_fn_80171F30.o
[257/971] MWCC build/GEDE01/src/game/game_fn_8017250C.o
[258/971] MWCC build/GEDE01/src/game/game_fn_801726EC.o
[259/971] MWCC build/GEDE01/src/game/game_fn_80172BB0.o
[260/971] MWCC build/GEDE01/src/game/game_fn_80172C78.o
[261/971] MWCC build/GEDE01/src/game/game_fn_80172DB8.o
[262/971] MWCC build/GEDE01/src/game/game_fn_80173270.o
[263/971] MWCC build/GEDE01/src/game/game_fn_801734B4.o
[264/971] MWCC build/GEDE01/src/game/game_fn_80173770.o
[265/971] MWCC build/GEDE01/src/game/game_fn_80173BDC.o
[266/971] MWCC build/GEDE01/src/game/game_fn_80173D44.o
[267/971] MWCC build/GEDE01/src/game/game_fn_80173F04.o
[268/971] MWCC build/GEDE01/src/game/game_fn_80174184.o
[269/971] MWCC build/GEDE01/src/game/game_fn_80174358.o
[270/971] MWCC build/GEDE01/src/game/game_fn_80174F2C.o
[271/971] MWCC build/GEDE01/src/game/game_fn_801752B0.o
[272/971] MWCC build/GEDE01/src/game/game_fn_8017553C.o
[273/971] MWCC build/GEDE01/src/game/game_fn_80175A08.o
[274/971] MWCC build/GEDE01/src/game/game_fn_80175E64.o
[275/971] MWCC build/GEDE01/src/game/game_fn_80175F0C.o
[276/971] MWCC build/GEDE01/src/game/game_fn_80175FD4.o
[277/971] MWCC build/GEDE01/src/game/game_fn_80176098.o
[278/971] MWCC build/GEDE01/src/game/game_fn_80176160.o
[279/971] MWCC build/GEDE01/src/game/game_fn_80176220.o
[280/971] MWCC build/GEDE01/src/game/game_fn_801762E8.o
[281/971] MWCC build/GEDE01/src/game/game_fn_8017652C.o
[282/971] MWCC build/GEDE01/src/game/game_fn_80176DF4.o
[283/971] MWCC build/GEDE01/src/game/game_fn_80176FA0.o
[284/971] MWCC build/GEDE01/src/game/game_fn_801770F8.o
[285/971] MWCC build/GEDE01/src/game/game_fn_8017718C.o
[286/971] MWCC build/GEDE01/src/game/game_fn_80178F88.o
[287/971] MWCC build/GEDE01/src/game/game_fn_80177434.o
[288/971] MWCC build/GEDE01/src/game/game_fn_80179398.o
[289/971] MWCC build/GEDE01/src/game/game_fn_8017960C.o
[290/971] MWCC build/GEDE01/src/game/game_fn_8017974C.o
[291/971] MWCC build/GEDE01/src/game/game_fn_80179904.o
[292/971] MWCC build/GEDE01/src/game/game_fn_80179A18.o
[293/971] MWCC build/GEDE01/src/game/game_fn_80179A74.o
[294/971] MWCC build/GEDE01/src/game/game_fn_80179EB8.o
[295/971] MWCC build/GEDE01/src/game/game_fn_80179F20.o
[296/971] MWCC build/GEDE01/src/game/game_fn_8017A010.o
[297/971] MWCC build/GEDE01/src/game/game_fn_8017A12C.o
[298/971] MWCC build/GEDE01/src/game/game_fn_8017A1C0.o
[299/971] MWCC build/GEDE01/src/game/game_fn_8017A9B8.o
[300/971] MWCC build/GEDE01/src/game/game_fn_8017AC20.o
[301/971] MWCC build/GEDE01/src/game/game_fn_8017E850.o
[302/971] MWCC build/GEDE01/src/game/game_fn_8017E958.o
[303/971] MWCC build/GEDE01/src/game/game_fn_80180DDC.o
[304/971] MWCC build/GEDE01/src/game/game_fn_801810A0.o
[305/971] MWCC build/GEDE01/src/game/game_fn_801816D4.o
[306/971] MWCC build/GEDE01/src/game/game_fn_801857B4.o
[307/971] MWCC build/GEDE01/src/game/game_fn_801859FC.o
[308/971] MWCC build/GEDE01/src/game/game_fn_80185AE8.o
[309/971] MWCC build/GEDE01/src/game/game_fn_80185F10.o
[310/971] MWCC build/GEDE01/src/game/game_fn_801861C4.o
[311/971] MWCC build/GEDE01/src/game/game_fn_801865EC.o
[312/971] MWCC build/GEDE01/src/game/game_fn_8018680C.o
[313/971] MWCC build/GEDE01/src/game/game_fn_80186E10.o
[314/971] MWCC build/GEDE01/src/game/game_fn_80186F70.o
[315/971] MWCC build/GEDE01/src/game/game_fn_80187120.o
[316/971] MWCC build/GEDE01/src/game/game_fn_80187320.o
[317/971] MWCC build/GEDE01/src/game/game_fn_801875FC.o
[318/971] MWCC build/GEDE01/src/game/game_fn_801878E0.o
[319/971] MWCC build/GEDE01/src/game/game_fn_80187BB4.o
[320/971] MWCC build/GEDE01/src/game/game_fn_80187E40.o
[321/971] MWCC build/GEDE01/src/game/game_fn_80188A7C.o
[322/971] MWCC build/GEDE01/src/game/game_fn_80188B44.o
[323/971] MWCC build/GEDE01/src/game/game_fn_80188C1C.o
[324/971] MWCC build/GEDE01/src/game/game_fn_80188E28.o
[325/971] MWCC build/GEDE01/src/game/game_fn_80189028.o
[326/971] MWCC build/GEDE01/src/game/game_fn_801891D8.o
[327/971] MWCC build/GEDE01/src/game/game_fn_80189390.o
[328/971] MWCC build/GEDE01/src/game/game_fn_801895E8.o
[329/971] MWCC build/GEDE01/src/game/game_fn_801896A0.o
[330/971] MWCC build/GEDE01/src/game/game_fn_80189760.o
[331/971] MWCC build/GEDE01/src/game/game_fn_80189968.o
[332/971] MWCC build/GEDE01/src/game/game_fn_80189C14.o
[333/971] MWCC build/GEDE01/src/game/game_fn_8018C2D0.o
[334/971] MWCC build/GEDE01/src/game/game_fn_8018D1F0.o
[335/971] MWCC build/GEDE01/src/game/game_fn_8018D2E0.o
[336/971] MWCC build/GEDE01/src/game/game_fn_8018D400.o
[337/971] MWCC build/GEDE01/src/game/game_fn_8018D688.o
[338/971] MWCC build/GEDE01/src/game/game_fn_8018DC24.o
[339/971] MWCC build/GEDE01/src/game/game_fn_8018E0D8.o
[340/971] MWCC build/GEDE01/src/game/game_fn_8018F1D0.o
[341/971] MWCC build/GEDE01/src/game/game_fn_8018F81C.o
[342/971] MWCC build/GEDE01/src/game/game_fn_8018FEDC.o
[343/971] MWCC build/GEDE01/src/game/game_fn_8019120C.o
[344/971] MWCC build/GEDE01/src/game/game_fn_80191360.o
[345/971] MWCC build/GEDE01/src/game/game_fn_801916D0.o
[346/971] MWCC build/GEDE01/src/game/game_fn_8019197C.o
[347/971] MWCC build/GEDE01/src/game/game_fn_80191F58.o
[348/971] MWCC build/GEDE01/src/game/game_fn_801926EC.o
[349/971] MWCC build/GEDE01/src/game/game_fn_801929A4.o
[350/971] MWCC build/GEDE01/src/game/game_fn_80192F54.o
[351/971] MWCC build/GEDE01/src/game/game_fn_801931C4.o
[352/971] MWCC build/GEDE01/src/game/game_fn_80193E1C.o
[353/971] MWCC build/GEDE01/src/game/game_fn_80193F3C.o
[354/971] MWCC build/GEDE01/src/game/game_fn_80194F80.o
[355/971] MWCC build/GEDE01/src/game/game_fn_801952E8.o
[356/971] MWCC build/GEDE01/src/game/game_fn_80197910.o
[357/971] MWCC build/GEDE01/src/game/game_fn_80198154.o
[358/971] MWCC build/GEDE01/src/game/game_fn_80198AAC.o
[359/971] MWCC build/GEDE01/src/game/game_fn_80198BF4.o
[360/971] MWCC build/GEDE01/src/game/game_fn_801991E0.o
[361/971] MWCC build/GEDE01/src/game/game_fn_8019B1BC.o
[362/971] MWCC build/GEDE01/src/game/game_fn_8019CC28.o
[363/971] MWCC build/GEDE01/src/game/game_fn_8019CFC4.o
[364/971] MWCC build/GEDE01/src/game/game_fn_8019E0B0.o
[365/971] MWCC build/GEDE01/src/game/game_fn_8019E5E4.o
[366/971] MWCC build/GEDE01/src/game/game_fn_8019E8C8.o
[367/971] MWCC build/GEDE01/src/game/game_fn_801A1F18.o
[368/971] MWCC build/GEDE01/src/game/game_fn_801A1F8C.o
[369/971] MWCC build/GEDE01/src/game/game_fn_801A260C.o
[370/971] MWCC build/GEDE01/src/game/game_fn_801A2A54.o
[371/971] MWCC build/GEDE01/src/game/game_fn_801A34BC.o
[372/971] MWCC build/GEDE01/src/game/game_fn_801A3A78.o
[373/971] MWCC build/GEDE01/src/game/game_fn_801A4430.o
[374/971] MWCC build/GEDE01/src/game/game_fn_801A4CE0.o
[375/971] MWCC build/GEDE01/src/game/game_fn_801A5FB0.o
[376/971] MWCC build/GEDE01/src/game/game_fn_801A6350.o
[377/971] MWCC build/GEDE01/src/game/game_fn_801A6410.o
[378/971] MWCC build/GEDE01/src/game/game_fn_801A657C.o
[379/971] MWCC build/GEDE01/src/game/game_fn_801A6ADC.o
[380/971] MWCC build/GEDE01/src/game/game_fn_801A6C58.o
[381/971] MWCC build/GEDE01/src/game/game_fn_801A6CB4.o
[382/971] MWCC build/GEDE01/src/game/game_fn_801A7E04.o
[383/971] MWCC build/GEDE01/src/game/game_fn_801A7EA8.o
[384/971] MWCC build/GEDE01/src/game/game_fn_801A93E8.o
[385/971] MWCC build/GEDE01/src/game/game_fn_801ABD3C.o
[386/971] MWCC build/GEDE01/src/game/game_fn_801AB154.o
[387/971] MWCC build/GEDE01/src/game/game_fn_801ACFE8.o
[388/971] MWCC build/GEDE01/src/game/game_fn_801AC8AC.o
[389/971] MWCC build/GEDE01/src/game/game_fn_801AD08C.o
[390/971] MWCC build/GEDE01/src/game/game_fn_801AFA74.o
[391/971] MWCC build/GEDE01/src/game/game_fn_801B02F0.o
[392/971] MWCC build/GEDE01/src/game/game_fn_801B1BA0.o
[393/971] MWCC build/GEDE01/src/game/game_fn_801B35BC.o
[394/971] MWCC build/GEDE01/src/game/game_fn_801B46C8.o
[395/971] MWCC build/GEDE01/src/game/game_fn_801B4FB4.o
[396/971] MWCC build/GEDE01/src/game/game_fn_801B5228.o
[397/971] MWCC build/GEDE01/src/game/game_fn_801B58F0.o
[398/971] MWCC build/GEDE01/src/game/game_fn_801B6F1C.o
[399/971] MWCC build/GEDE01/src/game/game_fn_801B941C.o
[400/971] MWCC build/GEDE01/src/game/game_fn_801B86C0.o
[401/971] MWCC build/GEDE01/src/game/game_fn_801B9E7C.o
[402/971] MWCC build/GEDE01/src/game/game_fn_801BA15C.o
[403/971] MWCC build/GEDE01/src/game/game_fn_801BA94C.o
[404/971] MWCC build/GEDE01/src/game/game_fn_801BA708.o
[405/971] MWCC build/GEDE01/src/game/game_fn_801BB1A0.o
[406/971] MWCC build/GEDE01/src/game/game_fn_801BC0D4.o
[407/971] MWCC build/GEDE01/src/game/game_fn_801BC240.o
[408/971] MWCC build/GEDE01/src/game/game_fn_801BC8F4.o
[409/971] MWCC build/GEDE01/src/game/game_fn_801BCC04.o
[410/971] MWCC build/GEDE01/src/game/game_fn_801BD990.o
[411/971] MWCC build/GEDE01/src/game/game_fn_801BDE7C.o
[412/971] MWCC build/GEDE01/src/game/game_fn_801BE0D4.o
[413/971] MWCC build/GEDE01/src/game/game_fn_801C1CB0.o
[414/971] MWCC build/GEDE01/src/game/game_fn_801BEF40.o
[415/971] MWCC build/GEDE01/src/game/game_fn_801C2980.o
[416/971] MWCC build/GEDE01/src/game/game_fn_801C29BC.o
[417/971] MWCC build/GEDE01/src/game/game_fn_801C2AAC.o
[418/971] MWCC build/GEDE01/src/game/game_fn_801C2D9C.o
[419/971] MWCC build/GEDE01/src/game/game_fn_801C8160.o
[420/971] MWCC build/GEDE01/src/game/game_fn_801C8224.o
[421/971] MWCC build/GEDE01/src/game/game_fn_801C4B5C.o
[422/971] MWCC build/GEDE01/src/game/game_fn_801C8600.o
[423/971] MWCC build/GEDE01/src/game/game_fn_801C87DC.o
[424/971] MWCC build/GEDE01/src/game/game_fn_801C8CC0.o
[425/971] MWCC build/GEDE01/src/game/game_fn_801C8F50.o
[426/971] MWCC build/GEDE01/src/game/game_fn_801C90A4.o
[427/971] MWCC build/GEDE01/src/game/game_fn_801C9510.o
[428/971] MWCC build/GEDE01/src/game/game_fn_801C970C.o
[429/971] MWCC build/GEDE01/src/game/game_fn_801C9A08.o
[430/971] MWCC build/GEDE01/src/game/game_fn_801C9B1C.o
[431/971] MWCC build/GEDE01/src/game/game_fn_801CB4F8.o
[432/971] MWCC build/GEDE01/src/game/game_fn_801CD228.o
[433/971] MWCC build/GEDE01/src/game/game_fn_801CE09C.o
[434/971] MWCC build/GEDE01/src/game/game_fn_801CE594.o
[435/971] MWCC build/GEDE01/src/game/game_fn_801D1B10.o
[436/971] MWCC build/GEDE01/src/game/game_fn_801D1F78.o
[437/971] MWCC build/GEDE01/src/game/game_fn_801D3988.o
[438/971] MWCC build/GEDE01/src/game/game_fn_801D73D0.o
[439/971] MWCC build/GEDE01/src/game/game_fn_801D76A8.o
[440/971] MWCC build/GEDE01/src/game/game_fn_801D7C24.o
[441/971] MWCC build/GEDE01/src/game/game_fn_801D8050.o
[442/971] MWCC build/GEDE01/src/game/game_fn_801D9FE4.o
[443/971] MWCC build/GEDE01/src/game/game_fn_801DDB84.o
[444/971] MWCC build/GEDE01/src/game/game_fn_801DE8B4.o
[445/971] MWCC build/GEDE01/src/game/game_fn_801E0088.o
[446/971] MWCC build/GEDE01/src/game/game_fn_801E2A48.o
[447/971] MWCC build/GEDE01/src/game/game_fn_801E3644.o
[448/971] MWCC build/GEDE01/src/game/game_fn_801E41AC.o
[449/971] MWCC build/GEDE01/src/game/game_fn_801E504C.o
[450/971] MWCC build/GEDE01/src/game/game_fn_801E6814.o
[451/971] MWCC build/GEDE01/src/game/game_fn_801E7014.o
[452/971] MWCC build/GEDE01/src/game/game_fn_801E995C.o
[453/971] MWCC build/GEDE01/src/game/game_fn_801EAA04.o
[454/971] MWCC build/GEDE01/src/game/game_fn_801EB09C.o
[455/971] MWCC build/GEDE01/src/game/game_fn_801EB11C.o
[456/971] MWCC build/GEDE01/src/game/game_fn_801ECD74.o
[457/971] MWCC build/GEDE01/src/game/game_fn_801ECF50.o
[458/971] MWCC build/GEDE01/src/game/game_fn_801ED5F4.o
[459/971] MWCC build/GEDE01/src/game/game_fn_801EF580.o
[460/971] MWCC build/GEDE01/src/game/game_fn_801EF910.o
[461/971] MWCC build/GEDE01/src/game/game_fn_801F0CB0.o
[462/971] MWCC build/GEDE01/src/game/game_fn_801F10BC.o
[463/971] MWCC build/GEDE01/src/game/game_fn_801F1A38.o
[464/971] MWCC build/GEDE01/src/game/game_fn_801F35A8.o
[465/971] MWCC build/GEDE01/src/game/game_fn_801F55A0.o
[466/971] MWCC build/GEDE01/src/game/game_fn_801F69F0.o
[467/971] MWCC build/GEDE01/src/game/game_fn_801F6BD8.o
[468/971] MWCC build/GEDE01/src/game/game_fn_801F76EC.o
[469/971] MWCC build/GEDE01/src/game/game_fn_801F7510.o
[470/971] MWCC build/GEDE01/src/game/game_fn_801F8264.o
[471/971] MWCC build/GEDE01/src/game/game_fn_801F89B4.o
[472/971] MWCC build/GEDE01/src/game/game_fn_801F8FAC.o
[473/971] MWCC build/GEDE01/src/game/game_fn_801F9AF8.o
[474/971] MWCC build/GEDE01/src/game/game_fn_801F9CF4.o
[475/971] MWCC build/GEDE01/src/game/game_fn_801FA9C8.o
[476/971] MWCC build/GEDE01/src/game/game_fn_801FB6A4.o
[477/971] MWCC build/GEDE01/src/game/game_fn_801FC034.o
[478/971] MWCC build/GEDE01/src/game/game_fn_801FFE78.o
[479/971] MWCC build/GEDE01/src/game/game_fn_801FC204.o
[480/971] MWCC build/GEDE01/src/game/game_fn_80208EF8.o
[481/971] MWCC build/GEDE01/src/game/game_fn_80208EE8.o
[482/971] MWCC build/GEDE01/src/game/game_fn_80208F64.o
[483/971] MWCC build/GEDE01/src/game/game_fn_80209000.o
[484/971] MWCC build/GEDE01/src/game/game_fn_80209140.o
[485/971] MWCC build/GEDE01/src/game/game_fn_8020906C.o
[486/971] MWCC build/GEDE01/src/game/game_fn_80209204.o
[487/971] EXTERNALIZE build/GEDE01/src/game/game_fn_801857B4.o
[488/971] EXTERNALIZE build/GEDE01/src/game/game_fn_800A2B8C.o
[489/971] EXTERNALIZE build/GEDE01/src/game/game_fn_800DC4D4.o
[490/971] EXTERNALIZE build/GEDE01/src/game/game_fn_80119C70.o
[491/971] EXTERNALIZE STATIC POOL build/GEDE01/src/game/game_fn_80088060.o
build/GEDE01/src/game/game_fn_80088060.o: lbl_8031D3B8 now undefined; section 3 emptied
[492/971] EXTERNALIZE build/GEDE01/src/game/game_fn_80175A08.o
[493/971] EXTERNALIZE build/GEDE01/src/game/game_fn_80066E78.o
[494/971] EXTERNALIZE build/GEDE01/src/game/game_fn_801247F8.o
[495/971] EXTERNALIZE build/GEDE01/src/game/game_fn_801EF910.o
[496/971] EXTERNALIZE build/GEDE01/src/game/game_fn_801ECF50.o
[497/971] EXTERNALIZE JUMPTABLES build/GEDE01/src/game/game_fn_80050B08.o
[498/971] EXTERNALIZE build/GEDE01/src/game/game_fn_801FC204.o
[499/971] EXTERNALIZE build/GEDE01/src/game/game_fn_801EB09C.o
[500/971] EXTERNALIZE build/GEDE01/src/game/game_fn_801EB11C.o
[501/971] EXTERNALIZE build/GEDE01/src/game/game_fn_801D9FE4.o
[502/971] EXTERNALIZE build/GEDE01/src/game/game_fn_801E41AC.o
[503/971] EXTERNALIZE build/GEDE01/src/game/game_fn_801D73D0.o
[504/971] EXTERNALIZE build/GEDE01/src/game/game_fn_801D76A8.o
[505/971] EXTERNALIZE build/GEDE01/src/game/game_fn_801D8050.o
[506/971] EXTERNALIZE build/GEDE01/src/game/game_fn_801D7C24.o
[507/971] EXTERNALIZE build/GEDE01/src/game/game_fn_8019B1BC.o
[508/971] EXTERNALIZE build/GEDE01/src/game/game_fn_80178F88.o
[509/971] EXTERNALIZE build/GEDE01/src/game/game_fn_801CD228.o
[510/971] EXTERNALIZE build/GEDE01/src/game/game_fn_801C970C.o
[511/971] EXTERNALIZE build/GEDE01/src/game/game_fn_801BA15C.o
[512/971] EXTERNALIZE build/GEDE01/src/game/game_fn_801C9510.o
[513/971] EXTERNALIZE build/GEDE01/src/game/game_fn_80126A00.o
[514/971] EXTERNALIZE build/GEDE01/src/game/game_fn_8013D6A4.o
[515/971] EXTERNALIZE build/GEDE01/src/game/game_fn_800C9C60.o
[516/971] EXTERNALIZE build/GEDE01/src/game/game_fn_801B5228.o
[517/971] EXTERNALIZE build/GEDE01/src/game/game_fn_801B4FB4.o
[518/971] EXTERNALIZE build/GEDE01/src/game/game_fn_801C87DC.o
[519/971] EXTERNALIZE build/GEDE01/src/game/game_fn_801B6F1C.o
[520/971] EXTERNALIZE build/GEDE01/src/game/game_fn_801C8CC0.o
[521/971] EXTERNALIZE build/GEDE01/src/game/game_fn_800FD0C8.o
[522/971] EXTERNALIZE build/GEDE01/src/game/game_fn_801BDE7C.o
[523/971] EXTERNALIZE build/GEDE01/src/game/game_fn_801BE0D4.o
[524/971] EXTERNALIZE STATIC POOL build/GEDE01/src/game/game_fn_801C9A08.o
build/GEDE01/src/game/game_fn_801C9A08.o: lbl_80629390 now undefined; section 3 emptied
[525/971] EXTERNALIZE STATIC POOL build/GEDE01/src/game/game_fn_801C9B1C.o
build/GEDE01/src/game/game_fn_801C9B1C.o: lbl_80629390 now undefined; section 3 emptied
[526/971] EXTERNALIZE build/GEDE01/src/game/game_fn_801B941C.o
[527/971] EXTERNALIZE STATIC POOL build/GEDE01/src/game/game_fn_801B58F0.o
build/GEDE01/src/game/game_fn_801B58F0.o: lbl_8060C020 now undefined; section 3 emptied
[528/971] EXTERNALIZE STATIC POOL build/GEDE01/src/game/game_fn_801BD990.o
build/GEDE01/src/game/game_fn_801BD990.o: lbl_80626D80 now undefined; section 6 emptied
[529/971] EXTERNALIZE STATIC POOL build/GEDE01/src/game/game_fn_801B9E7C.o
build/GEDE01/src/game/game_fn_801B9E7C.o: 0 relocation(s) moved from streamInfo to ...bss.0
build/GEDE01/src/game/game_fn_801B9E7C.o: lbl_8061AE48 now undefined; section 6 emptied
[530/971] EXTERNALIZE STATIC POOL build/GEDE01/src/game/game_fn_801BB1A0.o
build/GEDE01/src/game/game_fn_801BB1A0.o: 0 relocation(s) moved from streamInfo to ...bss.0
build/GEDE01/src/game/game_fn_801BB1A0.o: lbl_8061AE48 now undefined; section 6 emptied
[531/971] EXTERNALIZE STATIC POOL build/GEDE01/src/game/game_fn_801BA708.o
build/GEDE01/src/game/game_fn_801BA708.o: 0 relocation(s) moved from streamInfo to ...bss.0
build/GEDE01/src/game/game_fn_801BA708.o: lbl_8061AE48 now undefined; section 6 emptied
[532/971] EXTERNALIZE STATIC build/GEDE01/src/game/game_fn_801B35BC.o
build/GEDE01/src/game/game_fn_801B35BC.o: lbl_8060D420 now undefined; section 6 emptied
[533/971] EXTERNALIZE build/GEDE01/src/game/game_fn_801BA94C.o
build/GEDE01/src/game/game_fn_801BA94C.o: 0 relocation(s) moved from streamInfo to ...bss.0
build/GEDE01/src/game/game_fn_801BA94C.o: lbl_8061AE48 now undefined; section 6 emptied
[534/971] EXTERNALIZE STATIC POOL build/GEDE01/src/game/game_fn_801BC8F4.o
build/GEDE01/src/game/game_fn_801BC8F4.o: lbl_8061C748 now undefined; section 6 emptied
[535/971] EXTERNALIZE STATIC POOL build/GEDE01/src/game/game_fn_801BCC04.o
build/GEDE01/src/game/game_fn_801BCC04.o: lbl_8061C748 now undefined; section 6 emptied
[536/971] EXTERNALIZE STATIC build/GEDE01/src/game/game_fn_801BC240.o
build/GEDE01/src/game/game_fn_801BC240.o: lbl_8061C748 now undefined; section 6 emptied
[537/971] EXTERNALIZE STATIC POOL build/GEDE01/src/game/game_fn_801BC0D4.o
build/GEDE01/src/game/game_fn_801BC0D4.o: lbl_8061C748 now undefined; section 6 emptied
[538/971] EXTERNALIZE STATIC POOL build/GEDE01/src/game/game_fn_801C1CB0.o
build/GEDE01/src/game/game_fn_801C1CB0.o: lbl_80626DA0 now undefined; section 3 emptied
[539/971] RENAME build/GEDE01/src/game/game_InitMetroTRKCommTable.o
[540/971] EXTERNALIZE STATIC POOL build/GEDE01/src/game/game_fn_801CE09C.o
build/GEDE01/src/game/game_fn_801CE09C.o: lbl_80631340 now undefined; section 6 emptied
[541/971] RENAME RUNTIME INTRINSICS build/GEDE01/src/game/game_fn_801CB4F8.o
[542/971] EXTERNALIZE STATIC POOL build/GEDE01/src/game/game_fn_8010242C.o
build/GEDE01/src/game/game_fn_8010242C.o: lbl_8032CC08 now undefined; section 3 emptied
[543/971] EXTERNALIZE build/GEDE01/src/game/game_fn_801D3988.o
[544/971] EXTERNALIZE build/GEDE01/src/game/game_fn_801D1B10.o
[545/971] ALIGN DATA build/GEDE01/src/game/game_fn_8005EF94.o
[546/971] ALIGN DATA build/GEDE01/src/game/game_fn_801A6350.o
[547/971] ALIGN DATA build/GEDE01/src/game/game_fn_80008014.o
[548/971] EXTERNALIZE build/GEDE01/src/game/game_fn_801CE594.o
[549/971] EXTERNALIZE build/GEDE01/src/game/game_fn_801C8224.o
[550/971] EXTERNALIZE build/GEDE01/src/game/game_fn_8014549C.o
[551/971] EXTERNALIZE build/GEDE01/src/game/game_fn_8000FDE8.o
[552/971] EXTERNALIZE build/GEDE01/src/game/game_fn_801098C0.o
[553/971] EXTERNALIZE build/GEDE01/src/game/game_fn_801C29BC.o
[554/971] EXTERNALIZE build/GEDE01/src/game/game_fn_80185F10.o
[555/971] EXTERNALIZE build/GEDE01/src/game/game_fn_801C8F50.o
[556/971] EXTERNALIZE build/GEDE01/src/game/game_fn_801C90A4.o
[557/971] EXTERNALIZE build/GEDE01/src/game/game_fn_8007B828.o
[558/971] EXTERNALIZE build/GEDE01/src/game/game_fn_801C8160.o
[559/971] EXTERNALIZE build/GEDE01/src/game/game_fn_801C2AAC.o
[560/971] EXTERNALIZE build/GEDE01/src/game/game_fn_801C2D9C.o
[561/971] EXTERNALIZE build/GEDE01/src/game/game_fn_801C2980.o
[562/971] EXTERNALIZE build/GEDE01/src/game/game_fn_801AFA74.o
[563/971] EXTERNALIZE build/GEDE01/src/game/game_fn_801B02F0.o
[564/971] EXTERNALIZE build/GEDE01/src/game/game_fn_801AC8AC.o
[565/971] EXTERNALIZE build/GEDE01/src/game/game_fn_801ABD3C.o
[566/971] EXTERNALIZE build/GEDE01/src/game/game_fn_801816D4.o
[567/971] EXTERNALIZE build/GEDE01/src/game/game_fn_8011F140.o
[568/971] EXTERNALIZE build/GEDE01/src/game/game_fn_801AD08C.o
[569/971] EXTERNALIZE build/GEDE01/src/game/game_fn_8004998C.o
[570/971] EXTERNALIZE build/GEDE01/src/game/game_fn_80079AA4.o
[571/971] EXTERNALIZE build/GEDE01/src/game/game_fn_80158D38.o
[572/971] EXTERNALIZE build/GEDE01/src/game/game_fn_801A3A78.o
[573/971] EXTERNALIZE build/GEDE01/src/game/game_fn_8008F224.o
[574/971] EXTERNALIZE build/GEDE01/src/game/game_fn_80167454.o
[575/971] EXTERNALIZE build/GEDE01/src/game/game_fn_800AF230.o
[576/971] EXTERNALIZE build/GEDE01/src/game/game_fn_801A93E8.o
[577/971] EXTERNALIZE build/GEDE01/src/game/game_fn_801A7E04.o
[578/971] EXTERNALIZE build/GEDE01/src/game/game_fn_801AB154.o
[579/971] EXTERNALIZE build/GEDE01/src/game/game_fn_801A7EA8.o
[580/971] EXTERNALIZE build/GEDE01/src/game/game_fn_801A4CE0.o
[581/971] EXTERNALIZE build/GEDE01/src/game/game_fn_801A6CB4.o
[582/971] EXTERNALIZE build/GEDE01/src/game/game_fn_801A6C58.o
[583/971] NAME JUMPTABLE build/GEDE01/src/game/game_fn_801A6ADC.o
[584/971] EXTERNALIZE build/GEDE01/src/game/game_fn_801A6410.o
[585/971] EXTERNALIZE build/GEDE01/src/game/game_fn_801A5FB0.o
[586/971] EXTERNALIZE build/GEDE01/src/game/game_fn_801A1F18.o
[587/971] EXTERNALIZE build/GEDE01/src/game/game_fn_8019E8C8.o
[588/971] EXTERNALIZE build/GEDE01/src/game/game_fn_8019E5E4.o
[589/971] EXTERNALIZE build/GEDE01/src/game/game_fn_8019CFC4.o
[590/971] EXTERNALIZE build/GEDE01/src/game/game_fn_8019CC28.o
[591/971] EXTERNALIZE build/GEDE01/src/game/game_fn_801991E0.o
[592/971] EXTERNALIZE build/GEDE01/src/game/game_fn_80198BF4.o
[593/971] EXTERNALIZE build/GEDE01/src/game/game_fn_80198AAC.o
[594/971] EXTERNALIZE build/GEDE01/src/game/game_fn_80198154.o
[595/971] EXTERNALIZE build/GEDE01/src/game/game_fn_80194F80.o
[596/971] EXTERNALIZE build/GEDE01/src/game/game_fn_80197910.o
[597/971] EXTERNALIZE build/GEDE01/src/game/game_fn_80177434.o
repointed 2 relocations to lbl_80250588
[598/971] EXTERNALIZE build/GEDE01/src/game/game_fn_80193E1C.o
[599/971] EXTERNALIZE build/GEDE01/src/game/game_fn_801931C4.o
[600/971] EXTERNALIZE build/GEDE01/src/game/game_fn_80193F3C.o
[601/971] EXTERNALIZE build/GEDE01/src/game/game_fn_80192F54.o
[602/971] EXTERNALIZE build/GEDE01/src/game/game_fn_80191F58.o
[603/971] EXTERNALIZE build/GEDE01/src/game/game_fn_8019197C.o
[604/971] EXTERNALIZE build/GEDE01/src/game/game_fn_80191360.o
[605/971] GLOBALIZE build/GEDE01/src/game/game_fn_8018F1D0.o
[606/971] EXTERNALIZE build/GEDE01/src/game/game_fn_8018D688.o
[607/971] EXTERNALIZE build/GEDE01/src/game/game_fn_8018F81C.o
[608/971] EXTERNALIZE build/GEDE01/src/game/game_fn_8018D2E0.o
[609/971] EXTERNALIZE build/GEDE01/src/game/game_fn_80189968.o
[610/971] EXTERNALIZE build/GEDE01/src/game/game_fn_80189760.o
[611/971] EXTERNALIZE build/GEDE01/src/game/game_fn_8018D1F0.o
[612/971] EXTERNALIZE build/GEDE01/src/game/game_fn_801896A0.o
[613/971] EXTERNALIZE build/GEDE01/src/game/game_fn_801895E8.o
[614/971] EXTERNALIZE build/GEDE01/src/game/game_fn_80189390.o
[615/971] EXTERNALIZE build/GEDE01/src/game/game_fn_801891D8.o
[616/971] EXTERNALIZE build/GEDE01/src/game/game_fn_80188E28.o
[617/971] EXTERNALIZE build/GEDE01/src/game/game_fn_80189028.o
[618/971] EXTERNALIZE build/GEDE01/src/game/game_fn_80188B44.o
[619/971] EXTERNALIZE build/GEDE01/src/game/game_fn_80188C1C.o
[620/971] EXTERNALIZE build/GEDE01/src/game/game_fn_80188A7C.o
[621/971] EXTERNALIZE build/GEDE01/src/game/game_fn_801878E0.o
[622/971] EXTERNALIZE build/GEDE01/src/game/game_fn_80187120.o
[623/971] EXTERNALIZE build/GEDE01/src/game/game_fn_80186E10.o
[624/971] EXTERNALIZE build/GEDE01/src/game/game_fn_8018FEDC.o
[625/971] EXTERNALIZE build/GEDE01/src/game/game_fn_801865EC.o
[626/971] EXTERNALIZE build/GEDE01/src/game/game_fn_80185AE8.o
[627/971] EXTERNALIZE build/GEDE01/src/game/game_fn_801859FC.o
[628/971] EXTERNALIZE build/GEDE01/src/game/game_fn_80180DDC.o
[629/971] EXTERNALIZE build/GEDE01/src/game/game_fn_8017E958.o
[630/971] EXTERNALIZE build/GEDE01/src/game/game_fn_8017E850.o
[631/971] EXTERNALIZE build/GEDE01/src/game/game_fn_8017718C.o
[632/971] EXTERNALIZE build/GEDE01/src/game/game_fn_801770F8.o
[633/971] EXTERNALIZE build/GEDE01/src/game/game_fn_80176FA0.o
[634/971] EXTERNALIZE build/GEDE01/src/game/game_fn_80176DF4.o
[635/971] EXTERNALIZE build/GEDE01/src/game/game_fn_80174358.o
[636/971] EXTERNALIZE build/GEDE01/src/game/game_fn_80173F04.o
[637/971] EXTERNALIZE build/GEDE01/src/game/game_fn_80174184.o
[638/971] EXTERNALIZE build/GEDE01/src/game/game_fn_8017553C.o
[639/971] EXTERNALIZE build/GEDE01/src/game/game_fn_80173D44.o
[640/971] EXTERNALIZE build/GEDE01/src/game/game_fn_80173770.o
[641/971] EXTERNALIZE build/GEDE01/src/game/game_fn_801734B4.o
[642/971] EXTERNALIZE build/GEDE01/src/game/game_fn_80173270.o
[643/971] EXTERNALIZE build/GEDE01/src/game/game_fn_80172DB8.o
[644/971] EXTERNALIZE build/GEDE01/src/game/game_fn_80172C78.o
[645/971] EXTERNALIZE build/GEDE01/src/game/game_fn_80172BB0.o
[646/971] EXTERNALIZE build/GEDE01/src/game/game_fn_801726EC.o
[647/971] EXTERNALIZE build/GEDE01/src/game/game_fn_8017250C.o
[648/971] EXTERNALIZE build/GEDE01/src/game/game_fn_80171F30.o
[649/971] EXTERNALIZE build/GEDE01/src/game/game_fn_801719B4.o
[650/971] EXTERNALIZE build/GEDE01/src/game/game_fn_801718F4.o
[651/971] EXTERNALIZE build/GEDE01/src/game/game_fn_80171664.o
[652/971] EXTERNALIZE build/GEDE01/src/game/game_fn_8017138C.o
[653/971] EXTERNALIZE build/GEDE01/src/game/game_fn_801706DC.o
[654/971] EXTERNALIZE build/GEDE01/src/game/game_fn_80170A40.o
[655/971] NORMALIZE build/GEDE01/src/game/game_TRKNubWelcome.o
[656/971] NORMALIZE build/GEDE01/src/game/game_TRK_main.o
[657/971] NORMALIZE build/GEDE01/src/game/game_data_80239E10.o
[658/971] NORMALIZE build/GEDE01/src/game/game_data_80239E18.o
[659/971] EXTERNALIZE build/GEDE01/src/game/game_fn_80170E9C.o
[660/971] EXTERNALIZE build/GEDE01/src/game/game_fn_8017652C.o
[661/971] EXTERNALIZE build/GEDE01/src/game/game_fn_80175E64.o
[662/971] EXTERNALIZE build/GEDE01/src/game/game_fn_80175F0C.o
[663/971] EXTERNALIZE build/GEDE01/src/game/game_fn_80176098.o
[664/971] EXTERNALIZE build/GEDE01/src/game/game_fn_80175FD4.o
[665/971] EXTERNALIZE build/GEDE01/src/game/game_fn_80176220.o
[666/971] EXTERNALIZE build/GEDE01/src/game/game_fn_80176160.o
[667/971] EXTERNALIZE build/GEDE01/src/game/game_fn_80170DF4.o
[668/971] EXTERNALIZE build/GEDE01/src/game/game_fn_801762E8.o
[669/971] EXTERNALIZE build/GEDE01/src/game/game_fn_8016E8F8.o
[670/971] EXTERNALIZE build/GEDE01/src/game/game_fn_8016FEF8.o
[671/971] NORMALIZE build/GEDE01/src/game/game_fn_8016DF4C.o
[672/971] EXTERNALIZE build/GEDE01/src/game/game_fn_801704F8.o
[673/971] EXTERNALIZE build/GEDE01/src/game/game_fn_8016D2B8.o
[674/971] EXTERNALIZE build/GEDE01/src/game/game_fn_8016D040.o
[675/971] EXTERNALIZE build/GEDE01/src/game/game_fn_8016D1F8.o
[676/971] EXTERNALIZE build/GEDE01/src/game/game_fn_8016C774.o
[677/971] EXTERNALIZE build/GEDE01/src/game/game_fn_8016C4BC.o
[678/971] EXTERNALIZE build/GEDE01/src/game/game_fn_8016C238.o
[679/971] EXTERNALIZE build/GEDE01/src/game/game_fn_8016C164.o
[680/971] EXTERNALIZE build/GEDE01/src/game/game_fn_8016C0BC.o
[681/971] EXTERNALIZE build/GEDE01/src/game/game_fn_8017038C.o
[682/971] EXTERNALIZE build/GEDE01/src/game/game_fn_8016BE1C.o
[683/971] EXTERNALIZE build/GEDE01/src/game/game_fn_8016BD0C.o
[684/971] EXTERNALIZE build/GEDE01/src/game/game_fn_8016BF60.o
[685/971] EXTERNALIZE build/GEDE01/src/game/game_fn_80169650.o
[686/971] EXTERNALIZE build/GEDE01/src/game/game_fn_80167B5C.o
[687/971] EXTERNALIZE build/GEDE01/src/game/game_fn_8015EDC0.o
[688/971] EXTERNALIZE build/GEDE01/src/game/game_fn_8015DB84.o
[689/971] EXTERNALIZE build/GEDE01/src/game/game_fn_80158B20.o
[690/971] EXTERNALIZE build/GEDE01/src/game/game_fn_8015DC54.o
[691/971] EXTERNALIZE build/GEDE01/src/game/game_fn_80179398.o
[692/971] EXTERNALIZE build/GEDE01/src/game/game_fn_8017960C.o
[693/971] EXTERNALIZE build/GEDE01/src/game/game_fn_8017974C.o
[694/971] EXTERNALIZE build/GEDE01/src/game/game_fn_80179904.o
[695/971] EXTERNALIZE build/GEDE01/src/game/game_fn_8017A9B8.o
[696/971] EXTERNALIZE build/GEDE01/src/game/game_fn_80179A18.o
[697/971] EXTERNALIZE build/GEDE01/src/game/game_fn_80179A74.o
[698/971] EXTERNALIZE build/GEDE01/src/game/game_fn_80179EB8.o
[699/971] EXTERNALIZE build/GEDE01/src/game/game_fn_80179F20.o
[700/971] EXTERNALIZE build/GEDE01/src/game/game_fn_8017A010.o
[701/971] EXTERNALIZE build/GEDE01/src/game/game_fn_8017A12C.o
[702/971] EXTERNALIZE build/GEDE01/src/game/game_fn_80157C0C.o
[703/971] EXTERNALIZE build/GEDE01/src/game/game_fn_80155814.o
[704/971] EXTERNALIZE build/GEDE01/src/game/game_fn_8017A1C0.o
[705/971] EXTERNALIZE build/GEDE01/src/game/game_fn_80153898.o
[706/971] EXTERNALIZE build/GEDE01/src/game/game_fn_8014B494.o
[707/971] EXTERNALIZE build/GEDE01/src/game/game_fn_8012DB28.o
[708/971] EXTERNALIZE build/GEDE01/src/game/game_fn_8014AF38.o
[709/971] EXTERNALIZE build/GEDE01/src/game/game_fn_801141B8.o
[710/971] EXTERNALIZE build/GEDE01/src/game/game_fn_801128E4.o
[711/971] EXTERNALIZE build/GEDE01/src/game/game_fn_801126E0.o
[712/971] EXTERNALIZE build/GEDE01/src/game/game_fn_8010F184.o
[713/971] EXTERNALIZE build/GEDE01/src/game/game_fn_800E4980.o
[714/971] EXTERNALIZE build/GEDE01/src/game/game_fn_800C030C.o
[715/971] EXTERNALIZE build/GEDE01/src/game/game_fn_800C17EC.o
[716/971] EXTERNALIZE build/GEDE01/src/game/game_fn_800C59F0.o
[717/971] EXTERNALIZE build/GEDE01/src/game/game_fn_800C644C.o
[718/971] EXTERNALIZE build/GEDE01/src/game/game_fn_800CB760.o
[719/971] EXTERNALIZE build/GEDE01/src/game/game_fn_800C65FC.o
[720/971] EXTERNALIZE build/GEDE01/src/game/game_fn_800CB8F4.o
[721/971] EXTERNALIZE build/GEDE01/src/game/game_fn_80078500.o
[722/971] EXTERNALIZE build/GEDE01/src/game/game_fn_8007B2F4.o
[723/971] EXTERNALIZE build/GEDE01/src/game/game_fn_80079908.o
[724/971] EXTERNALIZE build/GEDE01/src/game/game_fn_8007B540.o
[725/971] EXTERNALIZE build/GEDE01/src/game/game_fn_8007B640.o
[726/971] EXTERNALIZE build/GEDE01/src/game/game_fn_800886D8.o
[727/971] EXTERNALIZE build/GEDE01/src/game/game_fn_800934A0.o
[728/971] EXTERNALIZE build/GEDE01/src/game/game_fn_8007BA3C.o
[729/971] EXTERNALIZE build/GEDE01/src/game/game_fn_800A3894.o
[730/971] EXTERNALIZE build/GEDE01/src/game/game_fn_800A7E88.o
[731/971] EXTERNALIZE build/GEDE01/src/game/game_fn_800A4798.o
[732/971] EXTERNALIZE build/GEDE01/src/game/game_fn_800A2FCC.o
[733/971] GLOBALIZE build/GEDE01/src/game/game_fn_800A2130.o
[734/971] EXTERNALIZE build/GEDE01/src/game/game_fn_8009C424.o
[735/971] EXTERNALIZE build/GEDE01/src/game/game_fn_80096830.o
[736/971] GLOBALIZE build/GEDE01/src/game/game_fn_8008F890.o
[737/971] EXTERNALIZE SWITCHES build/GEDE01/src/game/game_fn_80095FDC.o
[738/971] EXTERNALIZE build/GEDE01/src/game/game_fn_800A4428.o
[739/971] EXTERNALIZE build/GEDE01/src/game/game_fn_80074310.o
[740/971] GLOBALIZE build/GEDE01/src/game/game_fn_8005FD84.o
[741/971] EXTERNALIZE build/GEDE01/src/game/game_fn_80066888.o
[742/971] EXTERNALIZE build/GEDE01/src/game/game_fn_8005EC6C.o
[743/971] EXTERNALIZE build/GEDE01/src/game/game_fn_80052310.o
[744/971] EXTERNALIZE build/GEDE01/src/game/game_fn_80048B24.o
[745/971] NAME SWITCH build/GEDE01/src/game/game_fn_80020E94.o
[746/971] NAME SWITCH build/GEDE01/src/game/game_fn_8005EE9C.o
[747/971] NAME SWITCH build/GEDE01/src/game/game_fn_8016D9C0.o
[748/971] EXTERNALIZE build/GEDE01/src/game/game_fn_80048ADC.o
[749/971] NAME SWITCH build/GEDE01/src/game/game_fn_80071A58.o
[750/971] NAME SWITCH build/GEDE01/src/game/game_fn_8006B620.o
[751/971] NAME SWITCH build/GEDE01/src/game/game_fn_8001FE1C.o
[752/971] NAME SWITCH build/GEDE01/src/game/game_fn_8001E644.o
[753/971] EXTERNALIZE build/GEDE01/src/game/game_fn_80038878.o
[754/971] EXTERNALIZE build/GEDE01/src/game/game_fn_801B46C8.o
build/GEDE01/src/game/game_fn_801B46C8.o: lbl_8060C020 now undefined; section 6 emptied
[755/971] EXTERNALIZE build/GEDE01/src/game/game_fn_80036C40.o
[756/971] EXTERNALIZE build/GEDE01/src/game/game_fn_800359A0.o
[757/971] EXTERNALIZE build/GEDE01/src/game/game_fn_80033180.o
[758/971] EXTERNALIZE build/GEDE01/src/game/game_fn_80033038.o
[759/971] EXTERNALIZE build/GEDE01/src/game/game_fn_80032B84.o
[760/971] EXTERNALIZE build/GEDE01/src/game/game_fn_8003232C.o
[761/971] EXTERNALIZE build/GEDE01/src/game/game_fn_8002E3F0.o
[762/971] EXTERNALIZE build/GEDE01/src/game/game_fn_8002DAE0.o
[763/971] EXTERNALIZE build/GEDE01/src/game/game_fn_8002EA68.o
[764/971] GLOBALIZE build/GEDE01/src/game/game_fn_8002B748.o
[765/971] EXTERNALIZE build/GEDE01/src/game/game_fn_8002F428.o
[766/971] NAME SWITCHES build/GEDE01/src/game/game_fn_80024F28.o
[767/971] EXTERNALIZE build/GEDE01/src/game/game_fn_800272B4.o
[768/971] EXTERNALIZE build/GEDE01/src/game/game_fn_8001CE94.o
[769/971] EXTERNALIZE build/GEDE01/src/game/game_fn_8001CD58.o
[770/971] EXTERNALIZE build/GEDE01/src/game/game_fn_8001C078.o
[771/971] EXTERNALIZE build/GEDE01/src/game/game_fn_8001B874.o
[772/971] EXTERNALIZE build/GEDE01/src/game/game_fn_8001B808.o
[773/971] EXTERNALIZE build/GEDE01/src/game/game_fn_8001B294.o
[774/971] EXTERNALIZE build/GEDE01/src/game/game_fn_8001B124.o
[775/971] EXTERNALIZE build/GEDE01/src/game/game_fn_8001AF68.o
[776/971] EXTERNALIZE build/GEDE01/src/game/game_fn_8001ADF8.o
[777/971] EXTERNALIZE build/GEDE01/src/game/game_fn_8001AAB8.o
[778/971] EXTERNALIZE build/GEDE01/src/game/game_fn_8001A6C4.o
[779/971] EXTERNALIZE build/GEDE01/src/game/game_fn_80019F98.o
[780/971] EXTERNALIZE build/GEDE01/src/game/game_fn_80019D2C.o
[781/971] EXTERNALIZE build/GEDE01/src/game/game_fn_80019C10.o
[782/971] EXTERNALIZE build/GEDE01/src/game/game_fn_80019940.o
[783/971] EXTERNALIZE build/GEDE01/src/game/game_fn_800194D0.o
[784/971] EXTERNALIZE build/GEDE01/src/game/game_fn_80019244.o
[785/971] EXTERNALIZE build/GEDE01/src/game/game_fn_80019054.o
[786/971] EXTERNALIZE build/GEDE01/src/game/game_fn_80018EF4.o
[787/971] EXTERNALIZE build/GEDE01/src/game/game_fn_80017DB0.o
[788/971] EXTERNALIZE build/GEDE01/src/game/game_fn_80017CC8.o
[789/971] EXTERNALIZE build/GEDE01/src/game/game_fn_80017C3C.o
[790/971] EXTERNALIZE build/GEDE01/src/game/game_fn_80017AE4.o
[791/971] EXTERNALIZE build/GEDE01/src/game/game_fn_80017A3C.o
[792/971] EXTERNALIZE build/GEDE01/src/game/game_fn_800179AC.o
[793/971] EXTERNALIZE build/GEDE01/src/game/game_fn_80017910.o
[794/971] EXTERNALIZE FLAGS build/GEDE01/src/game/game_fn_800119FC.o
[795/971] EXTERNALIZE build/GEDE01/src/game/game_fn_8000FFD8.o
[796/971] EXTERNALIZE build/GEDE01/src/game/game_fn_8000F4B0.o
[797/971] GLOBALIZE build/GEDE01/src/game/game_fn_800094C0.o
[798/971] EXTERNALIZE build/GEDE01/src/game/game_fn_800096E0.o
[799/971] EXTERNALIZE build/GEDE01/src/game/game_fn_8000EFC4.o
[800/971] EXTERNALIZE build/GEDE01/src/game/game_fn_800099D8.o
[801/971] EXTERNALIZE build/GEDE01/src/game/game_fn_800098C0.o
[802/971] EXTERNALIZE build/GEDE01/src/game/game_fn_80009AB4.o
[803/971] EXTERNALIZE build/GEDE01/src/game/game_fn_8000A26C.o
[804/971] EXTERNALIZE build/GEDE01/src/game/game_fn_800176F0.o
[805/971] EXTERNALIZE build/GEDE01/src/game/game_fn_800171C0.o
[806/971] EXTERNALIZE build/GEDE01/src/game/game_fn_8000AC88.o
[807/971] EXTERNALIZE build/GEDE01/src/game/game_fn_8000AFB4.o
[808/971] EXTERNALIZE build/GEDE01/src/game/game_fn_8000AEB4.o
[809/971] EXTERNALIZE build/GEDE01/src/game/game_fn_8000B1B8.o
[810/971] EXTERNALIZE build/GEDE01/src/game/game_fn_8000B36C.o
[811/971] EXTERNALIZE build/GEDE01/src/game/game_fn_8000B630.o
[812/971] EXTERNALIZE build/GEDE01/src/game/game_fn_8000B7FC.o
[813/971] EXTERNALIZE build/GEDE01/src/game/game_fn_8000BA0C.o
[814/971] EXTERNALIZE build/GEDE01/src/game/game_fn_8000B900.o
[815/971] EXTERNALIZE build/GEDE01/src/game/game_fn_8000BC40.o
[816/971] EXTERNALIZE build/GEDE01/src/game/game_fn_8000BAA0.o
[817/971] EXTERNALIZE build/GEDE01/src/game/game_fn_8000C06C.o
[818/971] EXTERNALIZE build/GEDE01/src/game/game_fn_8000C17C.o
[819/971] EXTERNALIZE build/GEDE01/src/game/game_fn_8000C400.o
[820/971] EXTERNALIZE build/GEDE01/src/game/game_fn_8000C91C.o
[821/971] EXTERNALIZE build/GEDE01/src/game/game_fn_8000C848.o
[822/971] EXTERNALIZE build/GEDE01/src/game/game_fn_8000D0BC.o
[823/971] NAME SWITCH build/GEDE01/src/game/game_fn_8000D8A4.o
[824/971] EXTERNALIZE build/GEDE01/src/game/game_fn_8000D3D4.o
[825/971] EXTERNALIZE build/GEDE01/src/game/game_fn_8000E0AC.o
[826/971] EXTERNALIZE build/GEDE01/src/game/game_fn_8000E054.o
[827/971] EXTERNALIZE build/GEDE01/src/game/game_fn_8000F774.o
[828/971] EXTERNALIZE build/GEDE01/src/game/game_fn_8000E96C.o
[829/971] EXTERNALIZE build/GEDE01/src/game/game_fn_8000EB14.o
[830/971] EXTERNALIZE build/GEDE01/src/game/game_fn_8000EBD4.o
[831/971] EXTERNALIZE build/GEDE01/src/game/game_fn_8000ED44.o
[832/971] EXTERNALIZE build/GEDE01/src/game/game_fn_8000E138.o
[833/971] EXTERNALIZE build/GEDE01/src/game/game_fn_8000E1C4.o
[834/971] EXTERNALIZE build/GEDE01/src/game/game_fn_8000D590.o
[835/971] EXTERNALIZE build/GEDE01/src/game/game_fn_8000DA50.o
[836/971] EXTERNALIZE build/GEDE01/src/game/game_fn_8000DAF4.o
[837/971] EXTERNALIZE build/GEDE01/src/game/game_fn_80012DA8.o
[838/971] EXTERNALIZE build/GEDE01/src/game/game_fn_80012FD0.o
[839/971] EXTERNALIZE build/GEDE01/src/game/game_fn_80012F40.o
[840/971] EXTERNALIZE build/GEDE01/src/game/game_fn_800131E8.o
[841/971] EXTERNALIZE build/GEDE01/src/game/game_fn_80013340.o
[842/971] EXTERNALIZE build/GEDE01/src/game/game_fn_80013870.o
[843/971] EXTERNALIZE build/GEDE01/src/game/game_fn_80013CB0.o
[844/971] EXTERNALIZE build/GEDE01/src/game/game_fn_800142DC.o
[845/971] EXTERNALIZE build/GEDE01/src/game/game_fn_80013D54.o
[846/971] EXTERNALIZE build/GEDE01/src/game/game_fn_800144CC.o
[847/971] EXTERNALIZE build/GEDE01/src/game/game_fn_80014784.o
[848/971] EXTERNALIZE build/GEDE01/src/game/game_fn_800149D4.o
[849/971] EXTERNALIZE build/GEDE01/src/game/game_fn_80015058.o
[850/971] EXTERNALIZE build/GEDE01/src/game/game_fn_80015568.o
[851/971] EXTERNALIZE build/GEDE01/src/game/game_fn_80015320.o
[852/971] EXTERNALIZE build/GEDE01/src/game/game_fn_80015BE0.o
[853/971] EXTERNALIZE build/GEDE01/src/game/game_fn_800156FC.o
[854/971] EXTERNALIZE build/GEDE01/src/game/game_fn_80015D40.o
[855/971] EXTERNALIZE build/GEDE01/src/game/game_fn_80015F04.o
[856/971] EXTERNALIZE build/GEDE01/src/game/game_fn_80016270.o
[857/971] EXTERNALIZE build/GEDE01/src/game/game_fn_80016128.o
[858/971] EXTERNALIZE build/GEDE01/src/game/game_fn_800173CC.o
[859/971] EXTERNALIZE build/GEDE01/src/game/game_fn_80016904.o
[860/971] EXTERNALIZE build/GEDE01/src/game/game_fn_80016B24.o
[861/971] EXTERNALIZE build/GEDE01/src/game/game_fn_801BEF40.o
[862/971] EXTERNALIZE build/GEDE01/src/game/game_fn_801B86C0.o
[863/971] EXTERNALIZE STATIC POOL build/GEDE01/src/game/game_fn_801C4B5C.o
build/GEDE01/src/game/game_fn_801C4B5C.o: lbl_80628CB0 now undefined; section 6 emptied
[864/971] EXTERNALIZE build/GEDE01/src/game/game_fn_801C8600.o
[865/971] EXTERNALIZE build/GEDE01/src/game/game_fn_801EAA04.o
[866/971] EXTERNALIZE build/GEDE01/src/game/game_fn_80150400.o
[867/971] EXTERNALIZE build/GEDE01/src/game/game_fn_80151600.o
[868/971] EXTERNALIZE build/GEDE01/src/game/game_fn_80150F20.o
[869/971] EXTERNALIZE build/GEDE01/src/game/game_fn_80151D00.o
[870/971] EXTERNALIZE build/GEDE01/src/game/game_fn_8011EE04.o
[871/971] EXTERNALIZE build/GEDE01/src/game/game_fn_801E3644.o
[872/971] EXTERNALIZE build/GEDE01/src/game/game_fn_8019E0B0.o
[873/971] EXTERNALIZE build/GEDE01/src/game/game_fn_801A260C.o
[874/971] EXTERNALIZE build/GEDE01/src/game/game_fn_801DE8B4.o
[875/971] EXTERNALIZE build/GEDE01/src/game/game_fn_80173BDC.o
[876/971] EXTERNALIZE build/GEDE01/src/game/game_fn_801E7014.o
[877/971] EXTERNALIZE build/GEDE01/src/game/game_fn_801A4430.o
[878/971] EXTERNALIZE build/GEDE01/src/game/game_fn_8014BA14.o
[879/971] EXTERNALIZE build/GEDE01/src/game/game_fn_800B2EC0.o
[880/971] EXTERNALIZE build/GEDE01/src/game/game_fn_801DDB84.o
[881/971] EXTERNALIZE build/GEDE01/src/game/game_fn_8001CA04.o
[882/971] EXTERNALIZE build/GEDE01/src/game/game_fn_80031544.o
[883/971] EXTERNALIZE build/GEDE01/src/game/game_fn_8006B0F0.o
[884/971] EXTERNALIZE build/GEDE01/src/game/game_fn_8007D4D8.o
[885/971] EXTERNALIZE build/GEDE01/src/game/game_fn_8007F770.o
[886/971] EXTERNALIZE build/GEDE01/src/game/game_fn_80088F4C.o
[887/971] EXTERNALIZE build/GEDE01/src/game/game_fn_8008A2E0.o
[888/971] EXTERNALIZE build/GEDE01/src/game/game_fn_80089A34.o
[889/971] EXTERNALIZE build/GEDE01/src/game/game_fn_80095D10.o
[890/971] EXTERNALIZE build/GEDE01/src/game/game_fn_80090004.o
[891/971] EXTERNALIZE build/GEDE01/src/game/game_fn_800A3180.o
[892/971] EXTERNALIZE build/GEDE01/src/game/game_fn_800BB7A8.o
[893/971] EXTERNALIZE build/GEDE01/src/game/game_fn_800BB5C4.o
[894/971] EXTERNALIZE build/GEDE01/src/game/game_fn_800BB9A4.o
[895/971] EXTERNALIZE build/GEDE01/src/game/game_fn_800BBAF0.o
[896/971] EXTERNALIZE build/GEDE01/src/game/game_fn_800D9E10.o
[897/971] EXTERNALIZE build/GEDE01/src/game/game_fn_800D9064.o
[898/971] EXTERNALIZE build/GEDE01/src/game/game_fn_8012976C.o
[899/971] EXTERNALIZE build/GEDE01/src/game/game_fn_8013CBE4.o
[900/971] EXTERNALIZE build/GEDE01/src/game/game_fn_8013DB8C.o
[901/971] EXTERNALIZE build/GEDE01/src/game/game_fn_8014CA98.o
[902/971] EXTERNALIZE build/GEDE01/src/game/game_fn_80153A24.o
[903/971] EXTERNALIZE build/GEDE01/src/game/game_fn_801535D8.o
[904/971] EXTERNALIZE build/GEDE01/src/game/game_fn_80174F2C.o
[905/971] EXTERNALIZE build/GEDE01/src/game/game_fn_801752B0.o
[906/971] EXTERNALIZE build/GEDE01/src/game/game_fn_8017AC20.o
[907/971] EXTERNALIZE build/GEDE01/src/game/game_fn_801861C4.o
[908/971] EXTERNALIZE build/GEDE01/src/game/game_fn_8018680C.o
[909/971] EXTERNALIZE build/GEDE01/src/game/game_fn_80186F70.o
[910/971] EXTERNALIZE build/GEDE01/src/game/game_fn_80187320.o
[911/971] EXTERNALIZE build/GEDE01/src/game/game_fn_801810A0.o
[912/971] EXTERNALIZE build/GEDE01/src/game/game_fn_800542D0.o
[913/971] EXTERNALIZE build/GEDE01/src/game/game_fn_801875FC.o
[914/971] EXTERNALIZE build/GEDE01/src/game/game_fn_80187E40.o
[915/971] EXTERNALIZE build/GEDE01/src/game/game_fn_80189C14.o
[916/971] EXTERNALIZE build/GEDE01/src/game/game_fn_80187BB4.o
[917/971] EXTERNALIZE build/GEDE01/src/game/game_fn_8018D400.o
[918/971] EXTERNALIZE build/GEDE01/src/game/game_fn_8018C2D0.o
[919/971] EXTERNALIZE build/GEDE01/src/game/game_fn_8018E0D8.o
[920/971] EXTERNALIZE build/GEDE01/src/game/game_fn_8019120C.o
[921/971] EXTERNALIZE build/GEDE01/src/game/game_fn_801916D0.o
[922/971] EXTERNALIZE build/GEDE01/src/game/game_fn_8018DC24.o
[923/971] EXTERNALIZE build/GEDE01/src/game/game_fn_801926EC.o
[924/971] EXTERNALIZE build/GEDE01/src/game/game_fn_801929A4.o
[925/971] EXTERNALIZE build/GEDE01/src/game/game_fn_801952E8.o
[926/971] EXTERNALIZE build/GEDE01/src/game/game_fn_801A2A54.o
[927/971] EXTERNALIZE build/GEDE01/src/game/game_fn_801A34BC.o
[928/971] EXTERNALIZE build/GEDE01/src/game/game_fn_801A657C.o
[929/971] EXTERNALIZE build/GEDE01/src/game/game_fn_801A1F8C.o
[930/971] EXTERNALIZE build/GEDE01/src/game/game_fn_801D1F78.o
[931/971] EXTERNALIZE build/GEDE01/src/game/game_fn_801E2A48.o
[932/971] EXTERNALIZE build/GEDE01/src/game/game_fn_801E6814.o
[933/971] EXTERNALIZE build/GEDE01/src/game/game_fn_801E995C.o
[934/971] EXTERNALIZE build/GEDE01/src/game/game_fn_801EF580.o
[935/971] EXTERNALIZE build/GEDE01/src/game/game_fn_801F0CB0.o
[936/971] EXTERNALIZE build/GEDE01/src/game/game_fn_801F10BC.o
[937/971] EXTERNALIZE build/GEDE01/src/game/game_fn_801F35A8.o
[938/971] EXTERNALIZE build/GEDE01/src/game/game_fn_801ECD74.o
[939/971] EXTERNALIZE build/GEDE01/src/game/game_fn_801ED5F4.o
[940/971] EXTERNALIZE build/GEDE01/src/game/game_fn_801F69F0.o
[941/971] EXTERNALIZE build/GEDE01/src/game/game_fn_801F76EC.o
[942/971] EXTERNALIZE build/GEDE01/src/game/game_fn_801F8264.o
[943/971] EXTERNALIZE build/GEDE01/src/game/game_fn_801F89B4.o
[944/971] EXTERNALIZE build/GEDE01/src/game/game_fn_801F6BD8.o
[945/971] EXTERNALIZE build/GEDE01/src/game/game_fn_801F9AF8.o
[946/971] EXTERNALIZE build/GEDE01/src/game/game_fn_80095E64.o
[947/971] EXTERNALIZE JUMPTABLES build/GEDE01/src/game/game_fn_800361F8.o
[948/971] EXTERNALIZE build/GEDE01/src/game/game_fn_801FB6A4.o
[949/971] EXTERNALIZE JUMPTABLES build/GEDE01/src/game/game_fn_8006E53C.o
[950/971] EXTERNALIZE JUMPTABLES build/GEDE01/src/game/game_fn_800CF598.o
[951/971] EXTERNALIZE JUMPTABLES build/GEDE01/src/game/game_fn_801ACFE8.o
[952/971] EXTERNALIZE JUMPTABLES build/GEDE01/src/game/game_fn_801B1BA0.o
[953/971] EXTERNALIZE build/GEDE01/src/game/game_fn_801E0088.o
[954/971] EXTERNALIZE build/GEDE01/src/game/game_fn_80150A24.o
[955/971] EXTERNALIZE build/GEDE01/src/game/game_fn_80154F74.o
[956/971] EXTERNALIZE build/GEDE01/src/game/game_fn_801E504C.o
[957/971] EXTERNALIZE build/GEDE01/src/game/game_fn_8009E808.o
[958/971] EXTERNALIZE build/GEDE01/src/game/game_fn_801F1A38.o
[959/971] EXTERNALIZE build/GEDE01/src/game/game_fn_801FFE78.o
[960/971] EXTERNALIZE build/GEDE01/src/game/game_fn_801F55A0.o
[961/971] EXTERNALIZE build/GEDE01/src/game/game_fn_801F7510.o
[962/971] EXTERNALIZE build/GEDE01/src/game/game_fn_801F8FAC.o
[963/971] EXTERNALIZE build/GEDE01/src/game/game_fn_801FC034.o
[964/971] EXTERNALIZE build/GEDE01/src/game/game_fn_801F9CF4.o
[965/971] EXTERNALIZE build/GEDE01/src/game/game_fn_801FA9C8.o
[966/971] MWCC build/GEDE01/src/game/game_fn_80209290.o
[967/971] REPORT
 INFO Loading project .
 INFO Generating report for 7104 units (using 8 threads)
 INFO Report generated in 0.624s
 INFO Writing to build/GEDE01/report.json
[968/971] LINK build/GEDE01/main.elf
### mwldeppc.exe Linker Warning:
#   Section '.ignored' is unknown. Section ignored.
### mwldeppc.exe Linker Warning:
#   Section '.ignored' is unknown. Section ignored.
### mwldeppc.exe Linker Warning:
#   Section '.ignored' is unknown. Section ignored.
### mwldeppc.exe Linker Warning:
#   Section '.ignored' is unknown. Section ignored.
### mwldeppc.exe Linker Warning:
#   Section '.ignored' is unknown. Section ignored.
### mwldeppc.exe Linker Warning:
#   Section '.ignored' is unknown. Section ignored.
### mwldeppc.exe Linker Warning:
#   Section '.ignored' is unknown. Section ignored.
### mwldeppc.exe Linker Warning:
#   Section '.ignored' is unknown. Section ignored.
### mwldeppc.exe Linker Warning:
#   Section '.ignored' is unknown. Section ignored.
### mwldeppc.exe Linker Warning:
#   Section '.ignored' is unknown. Section ignored.
### mwldeppc.exe Linker Warning:
#   Section '.ignored' is unknown. Section ignored.
### mwldeppc.exe Linker Warning:
#   Section '.ignored' is unknown. Section ignored.
### mwldeppc.exe Linker Warning:
#   Section '.ignored' is unknown. Section ignored.
### mwldeppc.exe Linker Warning:
#   Section '.ignored' is unknown. Section ignored.
### mwldeppc.exe Linker Warning:
#   Section '.ignored' is unknown. Section ignored.
### mwldeppc.exe Linker Warning:
#   Section '.ignored' is unknown. Section ignored.
### mwldeppc.exe Linker Warning:
#   Section '.ignored' is unknown. Section ignored.
### mwldeppc.exe Linker Warning:
#   Section '.ignored' is unknown. Section ignored.
### mwldeppc.exe Linker Warning:
#   Section '.ignored' is unknown. Section ignored.
### mwldeppc.exe Linker Warning:
#   Section '.ignored' is unknown. Section ignored.
### mwldeppc.exe Linker Warning:
#   Section '.ignored' is unknown. Section ignored.
### mwldeppc.exe Linker Warning:
#   Section '.ignored' is unknown. Section ignored.
### mwldeppc.exe Linker Warning:
#   Section '.ignored' is unknown. Section ignored.
### mwldeppc.exe Linker Warning:
#   Section '.ignored' is unknown. Section ignored.
### mwldeppc.exe Linker Warning:
#   Section '.ignored' is unknown. Section ignored.
### mwldeppc.exe Linker Warning:
#   Section '.ignored' is unknown. Section ignored.
### mwldeppc.exe Linker Warning:
#   Section '.ignored' is unknown. Section ignored.
### mwldeppc.exe Linker Warning:
#   Section '.ignored' is unknown. Section ignored.
### mwldeppc.exe Linker Warning:
#   Section '.ignored' is unknown. Section ignored.
### mwldeppc.exe Linker Warning:
#   Section '.ignored' is unknown. Section ignored.
### mwldeppc.exe Linker Warning:
#   Section '.ignored' is unknown. Section ignored.
### mwldeppc.exe Linker Warning:
#   Section '.ignored' is unknown. Section ignored.
### mwldeppc.exe Linker Warning:
#   Section '.ignored' is unknown. Section ignored.
### mwldeppc.exe Linker Warning:
#   Section '.ignored' is unknown. Section ignored.
### mwldeppc.exe Linker Warning:
#   Section '.ignored' is unknown. Section ignored.
### mwldeppc.exe Linker Warning:
#   Section '.ignored' is unknown. Section ignored.
### mwldeppc.exe Linker Warning:
#   Section '.ignored' is unknown. Section ignored.
### mwldeppc.exe Linker Warning:
#   Section '.ignored' is unknown. Section ignored.
### mwldeppc.exe Linker Warning:
#   Section '.ignored' is unknown. Section ignored.
### mwldeppc.exe Linker Warning:
#   Section '.ignored' is unknown. Section ignored.
### mwldeppc.exe Linker Warning:
#   Section '.ignored' is unknown. Section ignored.
### mwldeppc.exe Linker Warning:
#   Section '.ignored' is unknown. Section ignored.
### mwldeppc.exe Linker Warning:
#   Section '.ignored' is unknown. Section ignored.
### mwldeppc.exe Linker Warning:
#   Section '.ignored' is unknown. Section ignored.
### mwldeppc.exe Linker Warning:
#   Section '.ignored' is unknown. Section ignored.
### mwldeppc.exe Linker Warning:
#   Section '.ignored' is unknown. Section ignored.
### mwldeppc.exe Linker Warning:
#   Section '.ignored' is unknown. Section ignored.
### mwldeppc.exe Linker Warning:
#   Section '.ignored' is unknown. Section ignored.
### mwldeppc.exe Linker Warning:
#   Section '.ignored' is unknown. Section ignored.
### mwldeppc.exe Linker Warning:
#   Section '.ignored' is unknown. Section ignored.
### mwldeppc.exe Linker Warning:
#   Section '.ignored' is unknown. Section ignored.
### mwldeppc.exe Linker Warning:
#   Section '.ignored' is unknown. Section ignored.
### mwldeppc.exe Linker Warning:
#   Section '.ignored' is unknown. Section ignored.
### mwldeppc.exe Linker Warning:
#   Section '.ignored' is unknown. Section ignored.
### mwldeppc.exe Linker Warning:
#   Section '.ignored' is unknown. Section ignored.
### mwldeppc.exe Linker Warning:
#   Section '.ignored' is unknown. Section ignored.
### mwldeppc.exe Linker Warning:
#   Section '.ignored' is unknown. Section ignored.
### mwldeppc.exe Linker Warning:
#   Section '.ignored' is unknown. Section ignored.
### mwldeppc.exe Linker Warning:
#   Section '.ignored' is unknown. Section ignored.
### mwldeppc.exe Linker Warning:
#   Section '.ignored' is unknown. Section ignored.
### mwldeppc.exe Linker Warning:
#   Section '.ignored' is unknown. Section ignored.
### mwldeppc.exe Linker Warning:
#   Section '.ignored' is unknown. Section ignored.
### mwldeppc.exe Linker Warning:
#   Section '.ignored' is unknown. Section ignored.
### mwldeppc.exe Linker Warning:
#   Section '.ignored' is unknown. Section ignored.
### mwldeppc.exe Linker Warning:
#   Section '.ignored' is unknown. Section ignored.
### mwldeppc.exe Linker Warning:
#   Section '.ignored' is unknown. Section ignored.
### mwldeppc.exe Linker Warning:
#   Section '.ignored' is unknown. Section ignored.
### mwldeppc.exe Linker Warning:
#   Section '.ignored' is unknown. Section ignored.
### mwldeppc.exe Linker Warning:
#   Section '.ignored' is unknown. Section ignored.
### mwldeppc.exe Linker Warning:
#   Section '.ignored' is unknown. Section ignored.
### mwldeppc.exe Linker Warning:
#   Section '.ignored' is unknown. Section ignored.
### mwldeppc.exe Linker Warning:
#   Section '.ignored' is unknown. Section ignored.
### mwldeppc.exe Linker Warning:
#   Section '.ignored' is unknown. Section ignored.
### mwldeppc.exe Linker Warning:
#   Section '.ignored' is unknown. Section ignored.
### mwldeppc.exe Linker Warning:
#   Section '.ignored' is unknown. Section ignored.
### mwldeppc.exe Linker Warning:
#   Section '.ignored' is unknown. Section ignored.
### mwldeppc.exe Linker Warning:
#   Section '.ignored' is unknown. Section ignored.
### mwldeppc.exe Linker Warning:
#   Section '.ignored' is unknown. Section ignored.
### mwldeppc.exe Linker Warning:
#   Section '.ignored' is unknown. Section ignored.
### mwldeppc.exe Linker Warning:
#   Section '.ignored' is unknown. Section ignored.
### mwldeppc.exe Linker Warning:
#   Section '.ignored' is unknown. Section ignored.
### mwldeppc.exe Linker Warning:
#   Section '.ignored' is unknown. Section ignored.
### mwldeppc.exe Linker Warning:
#   Section '.ignored' is unknown. Section ignored.
### mwldeppc.exe Linker Warning:
#   Section '.ignored' is unknown. Section ignored.
### mwldeppc.exe Linker Warning:
#   Section '.ignored' is unknown. Section ignored.
### mwldeppc.exe Linker Warning:
#   Section '.ignored' is unknown. Section ignored.
### mwldeppc.exe Linker Warning:
#   Section '.ignored' is unknown. Section ignored.
### mwldeppc.exe Linker Warning:
#   Section '.ignored' is unknown. Section ignored.
### mwldeppc.exe Linker Warning:
#   Section '.ignored' is unknown. Section ignored.
### mwldeppc.exe Linker Warning:
#   Section '.ignored' is unknown. Section ignored.
### mwldeppc.exe Linker Warning:
#   Section '.ignored' is unknown. Section ignored.
### mwldeppc.exe Linker Warning:
#   Section '.ignored' is unknown. Section ignored.
### mwldeppc.exe Linker Warning:
#   Section '.ignored' is unknown. Section ignored.
### mwldeppc.exe Linker Warning:
#   Section '.ignored' is unknown. Section ignored.
### mwldeppc.exe Linker Warning:
#   Section '.ignored' is unknown. Section ignored.
### mwldeppc.exe Linker Warning:
#   Section '.ignored' is unknown. Section ignored.
### mwldeppc.exe Linker Warning:
#   Section '.ignored' is unknown. Section ignored.
### mwldeppc.exe Linker Warning:
#   Section '.ignored' is unknown. Section ignored.
### mwldeppc.exe Linker Warning:
#   Section '.ignored' is unknown. Section ignored.
### mwldeppc.exe Linker Warning:
#   Section '.ignored' is unknown. Section ignored.
### mwldeppc.exe Linker Warning:
#   Section '.ignored' is unknown. Section ignored.
### mwldeppc.exe Linker Warning:
#   Section '.ignored' is unknown. Section ignored.
### mwldeppc.exe Linker Warning:
#   Section '.ignored' is unknown. Section ignored.
### mwldeppc.exe Linker Warning:
#   Section '.ignored' is unknown. Section ignored.
### mwldeppc.exe Linker Warning:
#   Section '.ignored' is unknown. Section ignored.
### mwldeppc.exe Linker Warning:
#   Section '.ignored' is unknown. Section ignored.
### mwldeppc.exe Linker Warning:
#   Section '.ignored' is unknown. Section ignored.
### mwldeppc.exe Linker Warning:
#   Section '.ignored' is unknown. Section ignored.
### mwldeppc.exe Linker Warning:
#   Section '.ignored' is unknown. Section ignored.
### mwldeppc.exe Linker Warning:
#   Section '.ignored' is unknown. Section ignored.
### mwldeppc.exe Linker Warning:
#   Section '.ignored' is unknown. Section ignored.
### mwldeppc.exe Linker Warning:
#   Section '.ignored' is unknown. Section ignored.
### mwldeppc.exe Linker Warning:
#   Section '.ignored' is unknown. Section ignored.
### mwldeppc.exe Linker Warning:
#   Section '.ignored' is unknown. Section ignored.
### mwldeppc.exe Linker Warning:
#   Section '.ignored' is unknown. Section ignored.
### mwldeppc.exe Linker Warning:
#   Section '.ignored' is unknown. Section ignored.
### mwldeppc.exe Linker Warning:
#   Section '.ignored' is unknown. Section ignored.
### mwldeppc.exe Linker Warning:
#   Section '.ignored' is unknown. Section ignored.
### mwldeppc.exe Linker Warning:
#   Section '.ignored' is unknown. Section ignored.
### mwldeppc.exe Linker Warning:
#   Section '.ignored' is unknown. Section ignored.
### mwldeppc.exe Linker Warning:
#   Section '.ignored' is unknown. Section ignored.
### mwldeppc.exe Linker Warning:
#   Section '.ignored' is unknown. Section ignored.
### mwldeppc.exe Linker Warning:
#   Section '.ignored' is unknown. Section ignored.
### mwldeppc.exe Linker Warning:
#   Section '.ignored' is unknown. Section ignored.
### mwldeppc.exe Linker Warning:
#   Section '.ignored' is unknown. Section ignored.
### mwldeppc.exe Linker Warning:
#   Section '.ignored' is unknown. Section ignored.
### mwldeppc.exe Linker Warning:
#   Section '.ignored' is unknown. Section ignored.
### mwldeppc.exe Linker Warning:
#   Section '.ignored' is unknown. Section ignored.
### mwldeppc.exe Linker Warning:
#   Section '.ignored' is unknown. Section ignored.
### mwldeppc.exe Linker Warning:
#   Section '.ignored' is unknown. Section ignored.
### mwldeppc.exe Linker Warning:
#   Section '.ignored' is unknown. Section ignored.
### mwldeppc.exe Linker Warning:
#   Section '.ignored' is unknown. Section ignored.
### mwldeppc.exe Linker Warning:
#   Section '.ignored' is unknown. Section ignored.
### mwldeppc.exe Linker Warning:
#   Section '.ignored' is unknown. Section ignored.
### mwldeppc.exe Linker Warning:
#   Section '.ignored' is unknown. Section ignored.
### mwldeppc.exe Linker Warning:
#   Section '.ignored' is unknown. Section ignored.
### mwldeppc.exe Linker Warning:
#   Section '.ignored' is unknown. Section ignored.
### mwldeppc.exe Linker Warning:
#   Section '.ignored' is unknown. Section ignored.
### mwldeppc.exe Linker Warning:
#   Section '.ignored' is unknown. Section ignored.
### mwldeppc.exe Linker Warning:
#   Section '.ignored' is unknown. Section ignored.
### mwldeppc.exe Linker Warning:
#   Section '.ignored' is unknown. Section ignored.
### mwldeppc.exe Linker Warning:
#   Section '.ignored' is unknown. Section ignored.
### mwldeppc.exe Linker Warning:
#   Section '.ignored' is unknown. Section ignored.
### mwldeppc.exe Linker Warning:
#   Section '.ignored' is unknown. Section ignored.
### mwldeppc.exe Linker Warning:
#   Section '.ignored' is unknown. Section ignored.
### mwldeppc.exe Linker Warning:
#   Section '.ignored' is unknown. Section ignored.
### mwldeppc.exe Linker Warning:
#   Section '.ignored' is unknown. Section ignored.
### mwldeppc.exe Linker Warning:
#   Section '.ignored' is unknown. Section ignored.
### mwldeppc.exe Linker Warning:
#   Section '.ignored' is unknown. Section ignored.
### mwldeppc.exe Linker Warning:
#   Section '.ignored' is unknown. Section ignored.
### mwldeppc.exe Linker Warning:
#   Section '.ignored' is unknown. Section ignored.
### mwldeppc.exe Linker Warning:
#   Section '.ignored' is unknown. Section ignored.
### mwldeppc.exe Linker Warning:
#   Section '.ignored' is unknown. Section ignored.
### mwldeppc.exe Linker Warning:
#   Section '.ignored' is unknown. Section ignored.
### mwldeppc.exe Linker Warning:
#   Section '.ignored' is unknown. Section ignored.
### mwldeppc.exe Linker Warning:
#   Section '.ignored' is unknown. Section ignored.
### mwldeppc.exe Linker Warning:
#   Section '.ignored' is unknown. Section ignored.
### mwldeppc.exe Linker Warning:
#   Section '.ignored' is unknown. Section ignored.
### mwldeppc.exe Linker Warning:
#   Section '.ignored' is unknown. Section ignored.
### mwldeppc.exe Linker Warning:
#   Section '.ignored' is unknown. Section ignored.
### mwldeppc.exe Linker Warning:
#   Section '.ignored' is unknown. Section ignored.
### mwldeppc.exe Linker Warning:
#   Section '.ignored' is unknown. Section ignored.
### mwldeppc.exe Linker Warning:
#   Section '.ignored' is unknown. Section ignored.
### mwldeppc.exe Linker Warning:
#   Section '.ignored' is unknown. Section ignored.
### mwldeppc.exe Linker Warning:
#   Section '.ignored' is unknown. Section ignored.
### mwldeppc.exe Linker Warning:
#   Section '.ignored' is unknown. Section ignored.
### mwldeppc.exe Linker Warning:
#   Section '.ignored' is unknown. Section ignored.
### mwldeppc.exe Linker Warning:
#   Section '.ignored' is unknown. Section ignored.
### mwldeppc.exe Linker Warning:
#   Section '.ignored' is unknown. Section ignored.
### mwldeppc.exe Linker Warning:
#   Section '.ignored' is unknown. Section ignored.
### mwldeppc.exe Linker Warning:
#   Section '.ignored' is unknown. Section ignored.
### mwldeppc.exe Linker Warning:
#   Section '.ignored' is unknown. Section ignored.
### mwldeppc.exe Linker Warning:
#   Section '.ignored' is unknown. Section ignored.
### mwldeppc.exe Linker Warning:
#   Section '.ignored' is unknown. Section ignored.
### mwldeppc.exe Linker Warning:
#   Section '.ignored' is unknown. Section ignored.
### mwldeppc.exe Linker Warning:
#   Section '.ignored' is unknown. Section ignored.
### mwldeppc.exe Linker Warning:
#   Section '.ignored' is unknown. Section ignored.
### mwldeppc.exe Linker Warning:
#   Section '.ignored' is unknown. Section ignored.
### mwldeppc.exe Linker Warning:
#   Section '.ignored' is unknown. Section ignored.
### mwldeppc.exe Linker Warning:
#   Section '.ignored' is unknown. Section ignored.
### mwldeppc.exe Linker Warning:
#   Section '.ignored' is unknown. Section ignored.
### mwldeppc.exe Linker Warning:
#   Section '.ignored' is unknown. Section ignored.
### mwldeppc.exe Linker Warning:
#   Section '.ignored' is unknown. Section ignored.
### mwldeppc.exe Linker Warning:
#   Section '.ignored' is unknown. Section ignored.
### mwldeppc.exe Linker Warning:
#   Section '.ignored' is unknown. Section ignored.
### mwldeppc.exe Linker Warning:
#   Section '.ignored' is unknown. Section ignored.
### mwldeppc.exe Linker Warning:
#   Section '.ignored' is unknown. Section ignored.
### mwldeppc.exe Linker Warning:
#   Section '.ignored' is unknown. Section ignored.
### mwldeppc.exe Linker Warning:
#   Section '.ignored' is unknown. Section ignored.
### mwldeppc.exe Linker Warning:
#   Section '.ignored' is unknown. Section ignored.
### mwldeppc.exe Linker Warning:
#   Section '.ignored' is unknown. Section ignored.
### mwldeppc.exe Linker Warning:
#   Section '.ignored' is unknown. Section ignored.
### mwldeppc.exe Linker Warning:
#   Section '.ignored' is unknown. Section ignored.
### mwldeppc.exe Linker Warning:
#   Section '.ignored' is unknown. Section ignored.
### mwldeppc.exe Linker Warning:
#   Section '.ignored' is unknown. Section ignored.
### mwldeppc.exe Linker Warning:
#   Section '.ignored' is unknown. Section ignored.
### mwldeppc.exe Linker Warning:
#   Section '.ignored' is unknown. Section ignored.
### mwldeppc.exe Linker Warning:
#   Section '.ignored' is unknown. Section ignored.
### mwldeppc.exe Linker Warning:
#   Section '.ignored' is unknown. Section ignored.
### mwldeppc.exe Linker Warning:
#   Section '.ignored' is unknown. Section ignored.
### mwldeppc.exe Linker Warning:
#   Section '.ignored' is unknown. Section ignored.
### mwldeppc.exe Linker Warning:
#   Section '.ignored' is unknown. Section ignored.
### mwldeppc.exe Linker Warning:
#   Section '.ignored' is unknown. Section ignored.
### mwldeppc.exe Linker Warning:
#   Section '.ignored' is unknown. Section ignored.
### mwldeppc.exe Linker Warning:
#   Section '.ignored' is unknown. Section ignored.
### mwldeppc.exe Linker Warning:
#   Section '.ignored' is unknown. Section ignored.
### mwldeppc.exe Linker Warning:
#   Section '.ignored' is unknown. Section ignored.
### mwldeppc.exe Linker Warning:
#   Section '.ignored' is unknown. Section ignored.
### mwldeppc.exe Linker Warning:
#   Section '.ignored' is unknown. Section ignored.
### mwldeppc.exe Linker Warning:
#   Section '.ignored' is unknown. Section ignored.
### mwldeppc.exe Linker Warning:
#   Section '.ignored' is unknown. Section ignored.
### mwldeppc.exe Linker Warning:
#   Section '.ignored' is unknown. Section ignored.
### mwldeppc.exe Linker Warning:
#   Section '.ignored' is unknown. Section ignored.
### mwldeppc.exe Linker Warning:
#   Section '.ignored' is unknown. Section ignored.
### mwldeppc.exe Linker Warning:
#   Section '.ignored' is unknown. Section ignored.
### mwldeppc.exe Linker Warning:
#   Section '.ignored' is unknown. Section ignored.
### mwldeppc.exe Linker Warning:
#   Section '.ignored' is unknown. Section ignored.
### mwldeppc.exe Linker Warning:
#   Section '.ignored' is unknown. Section ignored.
### mwldeppc.exe Linker Warning:
#   Section '.ignored' is unknown. Section ignored.
### mwldeppc.exe Linker Warning:
#   Section '.ignored' is unknown. Section ignored.
### mwldeppc.exe Linker Warning:
#   Section '.ignored' is unknown. Section ignored.
### mwldeppc.exe Linker Warning:
#   Section '.ignored' is unknown. Section ignored.
### mwldeppc.exe Linker Warning:
#   Section '.ignored' is unknown. Section ignored.
### mwldeppc.exe Linker Warning:
#   Section '.ignored' is unknown. Section ignored.
### mwldeppc.exe Linker Warning:
#   Section '.ignored' is unknown. Section ignored.
### mwldeppc.exe Linker Warning:
#   Section '.ignored' is unknown. Section ignored.
### mwldeppc.exe Linker Warning:
#   Section '.ignored' is unknown. Section ignored.
### mwldeppc.exe Linker Warning:
#   Section '.ignored' is unknown. Section ignored.
### mwldeppc.exe Linker Warning:
#   Section '.ignored' is unknown. Section ignored.
### mwldeppc.exe Linker Warning:
#   Section '.ignored' is unknown. Section ignored.
### mwldeppc.exe Linker Warning:
#   Section '.ignored' is unknown. Section ignored.
### mwldeppc.exe Linker Warning:
#   Section '.ignored' is unknown. Section ignored.
### mwldeppc.exe Linker Warning:
#   Section '.ignored' is unknown. Section ignored.
### mwldeppc.exe Linker Warning:
#   Section '.ignored' is unknown. Section ignored.
### mwldeppc.exe Linker Warning:
#   Section '.ignored' is unknown. Section ignored.
### mwldeppc.exe Linker Warning:
#   Section '.ignored' is unknown. Section ignored.
### mwldeppc.exe Linker Warning:
#   Section '.ignored' is unknown. Section ignored.
### mwldeppc.exe Linker Warning:
#   Section '.ignored' is unknown. Section ignored.
### mwldeppc.exe Linker Warning:
#   Section '.ignored' is unknown. Section ignored.
### mwldeppc.exe Linker Warning:
#   Section '.ignored' is unknown. Section ignored.
### mwldeppc.exe Linker Warning:
#   Section '.ignored' is unknown. Section ignored.
### mwldeppc.exe Linker Warning:
#   Section '.ignored' is unknown. Section ignored.
### mwldeppc.exe Linker Warning:
#   Section '.ignored' is unknown. Section ignored.
### mwldeppc.exe Linker Warning:
#   Section '.ignored' is unknown. Section ignored.
### mwldeppc.exe Linker Warning:
#   Section '.ignored' is unknown. Section ignored.
### mwldeppc.exe Linker Warning:
#   Section '.ignored' is unknown. Section ignored.
### mwldeppc.exe Linker Warning:
#   Section '.ignored' is unknown. Section ignored.
### mwldeppc.exe Linker Warning:
#   Section '.ignored' is unknown. Section ignored.
### mwldeppc.exe Linker Warning:
#   Section '.ignored' is unknown. Section ignored.
### mwldeppc.exe Linker Warning:
#   Section '.ignored' is unknown. Section ignored.
### mwldeppc.exe Linker Warning:
#   Section '.ignored' is unknown. Section ignored.
### mwldeppc.exe Linker Warning:
#   Section '.ignored' is unknown. Section ignored.
### mwldeppc.exe Linker Warning:
#   Section '.ignored' is unknown. Section ignored.
### mwldeppc.exe Linker Warning:
#   Section '.ignored' is unknown. Section ignored.
### mwldeppc.exe Linker Warning:
#   Section '.ignored' is unknown. Section ignored.
### mwldeppc.exe Linker Warning:
#   Section '.ignored' is unknown. Section ignored.
### mwldeppc.exe Linker Warning:
#   Section '.ignored' is unknown. Section ignored.
### mwldeppc.exe Linker Warning:
#   Section '.ignored' is unknown. Section ignored.
### mwldeppc.exe Linker Warning:
#   Section '.ignored' is unknown. Section ignored.
### mwldeppc.exe Linker Warning:
#   Section '.ignored' is unknown. Section ignored.
### mwldeppc.exe Linker Warning:
#   Section '.ignored' is unknown. Section ignored.
### mwldeppc.exe Linker Warning:
#   Section '.ignored' is unknown. Section ignored.
### mwldeppc.exe Linker Warning:
#   Section '.ignored' is unknown. Section ignored.
### mwldeppc.exe Linker Warning:
#   Section '.ignored' is unknown. Section ignored.
### mwldeppc.exe Linker Warning:
#   Section '.ignored' is unknown. Section ignored.
### mwldeppc.exe Linker Warning:
#   Section '.ignored' is unknown. Section ignored.
### mwldeppc.exe Linker Warning:
#   Section '.ignored' is unknown. Section ignored.
### mwldeppc.exe Linker Warning:
#   Section '.ignored' is unknown. Section ignored.
### mwldeppc.exe Linker Warning:
#   Section '.ignored' is unknown. Section ignored.
### mwldeppc.exe Linker Warning:
#   Section '.ignored' is unknown. Section ignored.
### mwldeppc.exe Linker Warning:
#   Section '.ignored' is unknown. Section ignored.
### mwldeppc.exe Linker Warning:
#   Section '.ignored' is unknown. Section ignored.
### mwldeppc.exe Linker Warning:
#   Section '.ignored' is unknown. Section ignored.
### mwldeppc.exe Linker Warning:
#   Section '.ignored' is unknown. Section ignored.
### mwldeppc.exe Linker Warning:
#   Section '.ignored' is unknown. Section ignored.
### mwldeppc.exe Linker Warning:
#   Section '.ignored' is unknown. Section ignored.
### mwldeppc.exe Linker Warning:
#   Section '.ignored' is unknown. Section ignored.
### mwldeppc.exe Linker Warning:
#   Section '.ignored' is unknown. Section ignored.
### mwldeppc.exe Linker Warning:
#   Section '.ignored' is unknown. Section ignored.
### mwldeppc.exe Linker Warning:
#   Section '.ignored' is unknown. Section ignored.
### mwldeppc.exe Linker Warning:
#   Section '.ignored' is unknown. Section ignored.
### mwldeppc.exe Linker Warning:
#   Section '.ignored' is unknown. Section ignored.
### mwldeppc.exe Linker Warning:
#   Section '.ignored' is unknown. Section ignored.
### mwldeppc.exe Linker Warning:
#   Section '.ignored' is unknown. Section ignored.
### mwldeppc.exe Linker Warning:
#   Section '.ignored' is unknown. Section ignored.
### mwldeppc.exe Linker Warning:
#   Section '.ignored' is unknown. Section ignored.
### mwldeppc.exe Linker Warning:
#   Section '.ignored' is unknown. Section ignored.
### mwldeppc.exe Linker Warning:
#   Section '.ignored' is unknown. Section ignored.
### mwldeppc.exe Linker Warning:
#   Section '.ignored' is unknown. Section ignored.
### mwldeppc.exe Linker Warning:
#   Section '.ignored' is unknown. Section ignored.
### mwldeppc.exe Linker Warning:
#   Section '.ignored' is unknown. Section ignored.
### mwldeppc.exe Linker Warning:
#   Section '.ignored' is unknown. Section ignored.
### mwldeppc.exe Linker Warning:
#   Section '.ignored' is unknown. Section ignored.
### mwldeppc.exe Linker Warning:
#   Section '.ignored' is unknown. Section ignored.
### mwldeppc.exe Linker Warning:
#   Section '.ignored' is unknown. Section ignored.
### mwldeppc.exe Linker Warning:
#   Section '.ignored' is unknown. Section ignored.
### mwldeppc.exe Linker Warning:
#   Section '.ignored' is unknown. Section ignored.
### mwldeppc.exe Linker Warning:
#   Section '.ignored' is unknown. Section ignored.
### mwldeppc.exe Linker Warning:
#   Section '.ignored' is unknown. Section ignored.
### mwldeppc.exe Linker Warning:
#   Section '.ignored' is unknown. Section ignored.
### mwldeppc.exe Linker Warning:
#   Section '.ignored' is unknown. Section ignored.
### mwldeppc.exe Linker Warning:
#   Section '.ignored' is unknown. Section ignored.
### mwldeppc.exe Linker Warning:
#   Section '.ignored' is unknown. Section ignored.
### mwldeppc.exe Linker Warning:
#   Section '.ignored' is unknown. Section ignored.
### mwldeppc.exe Linker Warning:
#   Section '.ignored' is unknown. Section ignored.
### mwldeppc.exe Linker Warning:
#   Section '.ignored' is unknown. Section ignored.
### mwldeppc.exe Linker Warning:
#   Section '.ignored' is unknown. Section ignored.
### mwldeppc.exe Linker Warning:
#   Section '.ignored' is unknown. Section ignored.
### mwldeppc.exe Linker Warning:
#   Section '.ignored' is unknown. Section ignored.
### mwldeppc.exe Linker Warning:
#   Section '.ignored' is unknown. Section ignored.
### mwldeppc.exe Linker Warning:
#   Section '.ignored' is unknown. Section ignored.
### mwldeppc.exe Linker Warning:
#   Section '.ignored' is unknown. Section ignored.
### mwldeppc.exe Linker Warning:
#   Section '.ignored' is unknown. Section ignored.
### mwldeppc.exe Linker Warning:
#   Section '.ignored' is unknown. Section ignored.
### mwldeppc.exe Linker Warning:
#   Section '.ignored' is unknown. Section ignored.
### mwldeppc.exe Linker Warning:
#   Section '.ignored' is unknown. Section ignored.
### mwldeppc.exe Linker Warning:
#   Section '.ignored' is unknown. Section ignored.
### mwldeppc.exe Linker Warning:
#   Section '.ignored' is unknown. Section ignored.
### mwldeppc.exe Linker Warning:
#   Section '.ignored' is unknown. Section ignored.
### mwldeppc.exe Linker Warning:
#   Section '.ignored' is unknown. Section ignored.
### mwldeppc.exe Linker Warning:
#   Section '.ignored' is unknown. Section ignored.
### mwldeppc.exe Linker Warning:
#   Section '.ignored' is unknown. Section ignored.
### mwldeppc.exe Linker Warning:
#   Section '.ignored' is unknown. Section ignored.
### mwldeppc.exe Linker Warning:
#   Section '.ignored' is unknown. Section ignored.
### mwldeppc.exe Linker Warning:
#   Section '.ignored' is unknown. Section ignored.
### mwldeppc.exe Linker Warning:
#   Section '.ignored' is unknown. Section ignored.
### mwldeppc.exe Linker Warning:
#   Section '.ignored' is unknown. Section ignored.
### mwldeppc.exe Linker Warning:
#   Section '.ignored' is unknown. Section ignored.
### mwldeppc.exe Linker Warning:
#   Section '.ignored' is unknown. Section ignored.
### mwldeppc.exe Linker Warning:
#   Section '.ignored' is unknown. Section ignored.
### mwldeppc.exe Linker Warning:
#   Section '.ignored' is unknown. Section ignored.
### mwldeppc.exe Linker Warning:
#   Section '.ignored' is unknown. Section ignored.
### mwldeppc.exe Linker Warning:
#   Section '.ignored' is unknown. Section ignored.
### mwldeppc.exe Linker Warning:
#   Section '.ignored' is unknown. Section ignored.
### mwldeppc.exe Linker Warning:
#   Section '.ignored' is unknown. Section ignored.
### mwldeppc.exe Linker Warning:
#   Section '.ignored' is unknown. Section ignored.
### mwldeppc.exe Linker Warning:
#   Section '.ignored' is unknown. Section ignored.
### mwldeppc.exe Linker Warning:
#   Section '.ignored' is unknown. Section ignored.
### mwldeppc.exe Linker Warning:
#   Section '.ignored' is unknown. Section ignored.
### mwldeppc.exe Linker Warning:
#   Section '.ignored' is unknown. Section ignored.
### mwldeppc.exe Linker Warning:
#   Section '.ignored' is unknown. Section ignored.
### mwldeppc.exe Linker Warning:
#   Section '.ignored' is unknown. Section ignored.
### mwldeppc.exe Linker Warning:
#   Section '.ignored' is unknown. Section ignored.
### mwldeppc.exe Linker Warning:
#   Section '.ignored' is unknown. Section ignored.
### mwldeppc.exe Linker Warning:
#   Section '.ignored' is unknown. Section ignored.
### mwldeppc.exe Linker Warning:
#   Section '.ignored' is unknown. Section ignored.
### mwldeppc.exe Linker Warning:
#   Section '.ignored' is unknown. Section ignored.
### mwldeppc.exe Linker Warning:
#   Section '.ignored' is unknown. Section ignored.
### mwldeppc.exe Linker Warning:
#   Section '.ignored' is unknown. Section ignored.
### mwldeppc.exe Linker Warning:
#   Section '.ignored' is unknown. Section ignored.
### mwldeppc.exe Linker Warning:
#   Section '.ignored' is unknown. Section ignored.
### mwldeppc.exe Linker Warning:
#   Section '.ignored' is unknown. Section ignored.
### mwldeppc.exe Linker Warning:
#   Section '.ignored' is unknown. Section ignored.
### mwldeppc.exe Linker Warning:
#   Section '.ignored' is unknown. Section ignored.
### mwldeppc.exe Linker Warning:
#   Section '.ignored' is unknown. Section ignored.
### mwldeppc.exe Linker Warning:
#   Section '.ignored' is unknown. Section ignored.
### mwldeppc.exe Linker Warning:
#   Section '.ignored' is unknown. Section ignored.
### mwldeppc.exe Linker Warning:
#   Section '.ignored' is unknown. Section ignored.
### mwldeppc.exe Linker Warning:
#   Section '.ignored' is unknown. Section ignored.
### mwldeppc.exe Linker Warning:
#   Section '.ignored' is unknown. Section ignored.
### mwldeppc.exe Linker Warning:
#   Section '.ignored' is unknown. Section ignored.
### mwldeppc.exe Linker Warning:
#   Section '.ignored' is unknown. Section ignored.
### mwldeppc.exe Linker Warning:
#   Section '.ignored' is unknown. Section ignored.
### mwldeppc.exe Linker Warning:
#   Section '.ignored' is unknown. Section ignored.
### mwldeppc.exe Linker Warning:
#   Section '.ignored' is unknown. Section ignored.
### mwldeppc.exe Linker Warning:
#   Section '.ignored' is unknown. Section ignored.
### mwldeppc.exe Linker Warning:
#   Section '.ignored' is unknown. Section ignored.
### mwldeppc.exe Linker Warning:
#   Section '.ignored' is unknown. Section ignored.
### mwldeppc.exe Linker Warning:
#   Section '.ignored' is unknown. Section ignored.
### mwldeppc.exe Linker Warning:
#   Section '.ignored' is unknown. Section ignored.
### mwldeppc.exe Linker Warning:
#   Section '.ignored' is unknown. Section ignored.
### mwldeppc.exe Linker Warning:
#   Section '.ignored' is unknown. Section ignored.
### mwldeppc.exe Linker Warning:
#   Section '.ignored' is unknown. Section ignored.
### mwldeppc.exe Linker Warning:
#   Section '.ignored' is unknown. Section ignored.
### mwldeppc.exe Linker Warning:
#   Section '.ignored' is unknown. Section ignored.
### mwldeppc.exe Linker Warning:
#   Section '.ignored' is unknown. Section ignored.
### mwldeppc.exe Linker Warning:
#   Section '.ignored' is unknown. Section ignored.
### mwldeppc.exe Linker Warning:
#   Section '.ignored' is unknown. Section ignored.
### mwldeppc.exe Linker Warning:
#   Section '.ignored' is unknown. Section ignored.
### mwldeppc.exe Linker Warning:
#   Section '.ignored' is unknown. Section ignored.
### mwldeppc.exe Linker Warning:
#   Section '.ignored' is unknown. Section ignored.
### mwldeppc.exe Linker Warning:
#   Section '.ignored' is unknown. Section ignored.
### mwldeppc.exe Linker Warning:
#   Section '.ignored' is unknown. Section ignored.
### mwldeppc.exe Linker Warning:
#   Section '.ignored' is unknown. Section ignored.
### mwldeppc.exe Linker Warning:
#   Section '.ignored' is unknown. Section ignored.
### mwldeppc.exe Linker Warning:
#   Section '.ignored' is unknown. Section ignored.
### mwldeppc.exe Linker Warning:
#   Section '.ignored' is unknown. Section ignored.
### mwldeppc.exe Linker Warning:
#   Section '.ignored' is unknown. Section ignored.
### mwldeppc.exe Linker Warning:
#   Section '.ignored' is unknown. Section ignored.
### mwldeppc.exe Linker Warning:
#   Section '.ignored' is unknown. Section ignored.
### mwldeppc.exe Linker Warning:
#   Section '.ignored' is unknown. Section ignored.
### mwldeppc.exe Linker Warning:
#   Section '.ignored' is unknown. Section ignored.
### mwldeppc.exe Linker Warning:
#   Section '.ignored' is unknown. Section ignored.
### mwldeppc.exe Linker Warning:
#   Section '.ignored' is unknown. Section ignored.
### mwldeppc.exe Linker Warning:
#   Section '.ignored' is unknown. Section ignored.
### mwldeppc.exe Linker Warning:
#   Section '.ignored' is unknown. Section ignored.
### mwldeppc.exe Linker Warning:
#   Section '.ignored' is unknown. Section ignored.
### mwldeppc.exe Linker Warning:
#   Section '.ignored' is unknown. Section ignored.
### mwldeppc.exe Linker Warning:
#   Section '.ignored' is unknown. Section ignored.
### mwldeppc.exe Linker Warning:
#   Section '.ignored' is unknown. Section ignored.
### mwldeppc.exe Linker Warning:
#   Section '.ignored' is unknown. Section ignored.
### mwldeppc.exe Linker Warning:
#   Section '.ignored' is unknown. Section ignored.
### mwldeppc.exe Linker Warning:
#   Section '.ignored' is unknown. Section ignored.
### mwldeppc.exe Linker Warning:
#   Section '.ignored' is unknown. Section ignored.
### mwldeppc.exe Linker Warning:
#   Section '.ignored' is unknown. Section ignored.
### mwldeppc.exe Linker Warning:
#   Section '.ignored' is unknown. Section ignored.
### mwldeppc.exe Linker Warning:
#   Section '.ignored' is unknown. Section ignored.
### mwldeppc.exe Linker Warning:
#   Section '.ignored' is unknown. Section ignored.
### mwldeppc.exe Linker Warning:
#   Section '.ignored' is unknown. Section ignored.
### mwldeppc.exe Linker Warning:
#   Section '.ignored' is unknown. Section ignored.
### mwldeppc.exe Linker Warning:
#   Section '.ignored' is unknown. Section ignored.
### mwldeppc.exe Linker Warning:
#   Section '.ignored' is unknown. Section ignored.
### mwldeppc.exe Linker Warning:
#   Section '.ignored' is unknown. Section ignored.
### mwldeppc.exe Linker Warning:
#   Section '.ignored' is unknown. Section ignored.
### mwldeppc.exe Linker Warning:
#   Section '.ignored' is unknown. Section ignored.
### mwldeppc.exe Linker Warning:
#   Section '.ignored' is unknown. Section ignored.
### mwldeppc.exe Linker Warning:
#   Section '.ignored' is unknown. Section ignored.
### mwldeppc.exe Linker Warning:
#   Section '.ignored' is unknown. Section ignored.
### mwldeppc.exe Linker Warning:
#   Section '.ignored' is unknown. Section ignored.
### mwldeppc.exe Linker Warning:
#   Section '.ignored' is unknown. Section ignored.
### mwldeppc.exe Linker Warning:
#   Section '.ignored' is unknown. Section ignored.
### mwldeppc.exe Linker Warning:
#   Section '.ignored' is unknown. Section ignored.
### mwldeppc.exe Linker Warning:
#   Section '.ignored' is unknown. Section ignored.
### mwldeppc.exe Linker Warning:
#   Section '.ignored' is unknown. Section ignored.
### mwldeppc.exe Linker Warning:
#   Section '.ignored' is unknown. Section ignored.
### mwldeppc.exe Linker Warning:
#   Section '.ignored' is unknown. Section ignored.
### mwldeppc.exe Linker Warning:
#   Section '.ignored' is unknown. Section ignored.
### mwldeppc.exe Linker Warning:
#   Section '.ignored' is unknown. Section ignored.
### mwldeppc.exe Linker Warning:
#   Section '.ignored' is unknown. Section ignored.
### mwldeppc.exe Linker Warning:
#   Section '.ignored' is unknown. Section ignored.
### mwldeppc.exe Linker Warning:
#   Section '.ignored' is unknown. Section ignored.
### mwldeppc.exe Linker Warning:
#   Section '.ignored' is unknown. Section ignored.
### mwldeppc.exe Linker Warning:
#   Section '.ignored' is unknown. Section ignored.
### mwldeppc.exe Linker Warning:
#   Section '.ignored' is unknown. Section ignored.
### mwldeppc.exe Linker Warning:
#   Section '.ignored' is unknown. Section ignored.
### mwldeppc.exe Linker Warning:
#   Section '.ignored' is unknown. Section ignored.
### mwldeppc.exe Linker Warning:
#   Section '.ignored' is unknown. Section ignored.
### mwldeppc.exe Linker Warning:
#   Section '.ignored' is unknown. Section ignored.
### mwldeppc.exe Linker Warning:
#   Section '.ignored' is unknown. Section ignored.
### mwldeppc.exe Linker Warning:
#   Section '.ignored' is unknown. Section ignored.
### mwldeppc.exe Linker Warning:
#   Section '.ignored' is unknown. Section ignored.
### mwldeppc.exe Linker Warning:
#   Section '.ignored' is unknown. Section ignored.
### mwldeppc.exe Linker Warning:
#   Section '.ignored' is unknown. Section ignored.
### mwldeppc.exe Linker Warning:
#   Section '.ignored' is unknown. Section ignored.
### mwldeppc.exe Linker Warning:
#   Section '.ignored' is unknown. Section ignored.
### mwldeppc.exe Linker Warning:
#   Section '.ignored' is unknown. Section ignored.
### mwldeppc.exe Linker Warning:
#   Section '.ignored' is unknown. Section ignored.
### mwldeppc.exe Linker Warning:
#   Section '.ignored' is unknown. Section ignored.
### mwldeppc.exe Linker Warning:
#   Section '.ignored' is unknown. Section ignored.
### mwldeppc.exe Linker Warning:
#   Section '.ignored' is unknown. Section ignored.
### mwldeppc.exe Linker Warning:
#   Section '.ignored' is unknown. Section ignored.
### mwldeppc.exe Linker Warning:
#   Section '.ignored' is unknown. Section ignored.
### mwldeppc.exe Linker Warning:
#   Section '.ignored' is unknown. Section ignored.
### mwldeppc.exe Linker Warning:
#   Section '.ignored' is unknown. Section ignored.
### mwldeppc.exe Linker Warning:
#   Section '.ignored' is unknown. Section ignored.
### mwldeppc.exe Linker Warning:
#   Section '.ignored' is unknown. Section ignored.
### mwldeppc.exe Linker Warning:
#   Section '.ignored' is unknown. Section ignored.
### mwldeppc.exe Linker Warning:
#   Section '.ignored' is unknown. Section ignored.
### mwldeppc.exe Linker Warning:
#   Section '.ignored' is unknown. Section ignored.
### mwldeppc.exe Linker Warning:
#   Section '.ignored' is unknown. Section ignored.
### mwldeppc.exe Linker Warning:
#   Section '.ignored' is unknown. Section ignored.
### mwldeppc.exe Linker Warning:
#   Section '.ignored' is unknown. Section ignored.
### mwldeppc.exe Linker Warning:
#   Section '.ignored' is unknown. Section ignored.
### mwldeppc.exe Linker Warning:
#   Section '.ignored' is unknown. Section ignored.
### mwldeppc.exe Linker Warning:
#   Section '.ignored' is unknown. Section ignored.
### mwldeppc.exe Linker Warning:
#   Section '.ignored' is unknown. Section ignored.
### mwldeppc.exe Linker Warning:
#   Section '.ignored' is unknown. Section ignored.
### mwldeppc.exe Linker Warning:
#   Section '.ignored' is unknown. Section ignored.
### mwldeppc.exe Linker Warning:
#   Section '.ignored' is unknown. Section ignored.
### mwldeppc.exe Linker Warning:
#   Section '.ignored' is unknown. Section ignored.
### mwldeppc.exe Linker Warning:
#   Section '.ignored' is unknown. Section ignored.
### mwldeppc.exe Linker Warning:
#   Section '.ignored' is unknown. Section ignored.
### mwldeppc.exe Linker Warning:
#   Section '.ignored' is unknown. Section ignored.
### mwldeppc.exe Linker Warning:
#   Section '.ignored' is unknown. Section ignored.
### mwldeppc.exe Linker Warning:
#   Section '.ignored' is unknown. Section ignored.
### mwldeppc.exe Linker Warning:
#   Section '.ignored' is unknown. Section ignored.
### mwldeppc.exe Linker Warning:
#   Section '.ignored' is unknown. Section ignored.
### mwldeppc.exe Linker Warning:
#   Section '.ignored' is unknown. Section ignored.
### mwldeppc.exe Linker Warning:
#   Section '.ignored' is unknown. Section ignored.
### mwldeppc.exe Linker Warning:
#   Section '.ignored' is unknown. Section ignored.
### mwldeppc.exe Linker Warning:
#   Section '.ignored' is unknown. Section ignored.
### mwldeppc.exe Linker Warning:
#   Section '.ignored' is unknown. Section ignored.
### mwldeppc.exe Linker Warning:
#   Section '.ignored' is unknown. Section ignored.
### mwldeppc.exe Linker Warning:
#   Section '.ignored' is unknown. Section ignored.
### mwldeppc.exe Linker Warning:
#   Section '.ignored' is unknown. Section ignored.
### mwldeppc.exe Linker Warning:
#   Section '.ignored' is unknown. Section ignored.
### mwldeppc.exe Linker Warning:
#   Section '.ignored' is unknown. Section ignored.
### mwldeppc.exe Linker Warning:
#   Section '.ignored' is unknown. Section ignored.
### mwldeppc.exe Linker Warning:
#   Section '.ignored' is unknown. Section ignored.
### mwldeppc.exe Linker Warning:
#   Section '.ignored' is unknown. Section ignored.
### mwldeppc.exe Linker Warning:
#   Section '.ignored' is unknown. Section ignored.
### mwldeppc.exe Linker Warning:
#   Section '.ignored' is unknown. Section ignored.
### mwldeppc.exe Linker Warning:
#   Section '.ignored' is unknown. Section ignored.
### mwldeppc.exe Linker Warning:
#   Section '.ignored' is unknown. Section ignored.
### mwldeppc.exe Linker Warning:
#   Section '.ignored' is unknown. Section ignored.
### mwldeppc.exe Linker Warning:
#   Section '.ignored' is unknown. Section ignored.
### mwldeppc.exe Linker Warning:
#   Section '.ignored' is unknown. Section ignored.
### mwldeppc.exe Linker Warning:
#   Section '.ignored' is unknown. Section ignored.
### mwldeppc.exe Linker Warning:
#   Section '.ignored' is unknown. Section ignored.
### mwldeppc.exe Linker Warning:
#   Section '.ignored' is unknown. Section ignored.
### mwldeppc.exe Linker Warning:
#   Section '.ignored' is unknown. Section ignored.
### mwldeppc.exe Linker Warning:
#   Section '.ignored' is unknown. Section ignored.
### mwldeppc.exe Linker Warning:
#   Section '.ignored' is unknown. Section ignored.
### mwldeppc.exe Linker Warning:
#   Section '.ignored' is unknown. Section ignored.
### mwldeppc.exe Linker Warning:
#   Section '.ignored' is unknown. Section ignored.
### mwldeppc.exe Linker Warning:
#   Section '.ignored' is unknown. Section ignored.
### mwldeppc.exe Linker Warning:
#   Section '.ignored' is unknown. Section ignored.
### mwldeppc.exe Linker Warning:
#   Section '.ignored' is unknown. Section ignored.
### mwldeppc.exe Linker Warning:
#   Section '.ignored' is unknown. Section ignored.
### mwldeppc.exe Linker Warning:
#   Section '.ignored' is unknown. Section ignored.
### mwldeppc.exe Linker Warning:
#   Section '.ignored' is unknown. Section ignored.
### mwldeppc.exe Linker Warning:
#   Section '.ignored' is unknown. Section ignored.
### mwldeppc.exe Linker Warning:
#   Section '.ignored' is unknown. Section ignored.
### mwldeppc.exe Linker Warning:
#   Section '.ignored' is unknown. Section ignored.
### mwldeppc.exe Linker Warning:
#   Section '.ignored' is unknown. Section ignored.
### mwldeppc.exe Linker Warning:
#   Section '.ignored' is unknown. Section ignored.
### mwldeppc.exe Linker Warning:
#   Section '.ignored' is unknown. Section ignored.
### mwldeppc.exe Linker Warning:
#   Section '.ignored' is unknown. Section ignored.
### mwldeppc.exe Linker Warning:
#   Section '.ignored' is unknown. Section ignored.
### mwldeppc.exe Linker Warning:
#   Section '.ignored' is unknown. Section ignored.
### mwldeppc.exe Linker Warning:
#   Section '.ignored' is unknown. Section ignored.
### mwldeppc.exe Linker Warning:
#   Section '.ignored' is unknown. Section ignored.
### mwldeppc.exe Linker Warning:
#   Section '.ignored' is unknown. Section ignored.
### mwldeppc.exe Linker Warning:
#   Section '.ignored' is unknown. Section ignored.
### mwldeppc.exe Linker Warning:
#   Section '.ignored' is unknown. Section ignored.
### mwldeppc.exe Linker Warning:
#   Section '.ignored' is unknown. Section ignored.
### mwldeppc.exe Linker Warning:
#   Section '.ignored' is unknown. Section ignored.
### mwldeppc.exe Linker Warning:
#   Section '.ignored' is unknown. Section ignored.
### mwldeppc.exe Linker Warning:
#   Section '.ignored' is unknown. Section ignored.
### mwldeppc.exe Linker Warning:
#   Section '.ignored' is unknown. Section ignored.
### mwldeppc.exe Linker Warning:
#   Section '.ignored' is unknown. Section ignored.
### mwldeppc.exe Linker Warning:
#   Section '.ignored' is unknown. Section ignored.
### mwldeppc.exe Linker Warning:
#   Section '.ignored' is unknown. Section ignored.
### mwldeppc.exe Linker Warning:
#   Section '.ignored' is unknown. Section ignored.
### mwldeppc.exe Linker Warning:
#   Section '.ignored' is unknown. Section ignored.
### mwldeppc.exe Linker Warning:
#   Section '.ignored' is unknown. Section ignored.
### mwldeppc.exe Linker Warning:
#   Section '.ignored' is unknown. Section ignored.
### mwldeppc.exe Linker Warning:
#   Section '.ignored' is unknown. Section ignored.
### mwldeppc.exe Linker Warning:
#   Section '.ignored' is unknown. Section ignored.
### mwldeppc.exe Linker Warning:
#   Section '.ignored' is unknown. Section ignored.
### mwldeppc.exe Linker Warning:
#   Section '.ignored' is unknown. Section ignored.
### mwldeppc.exe Linker Warning:
#   Section '.ignored' is unknown. Section ignored.
### mwldeppc.exe Linker Warning:
#   Section '.ignored' is unknown. Section ignored.
### mwldeppc.exe Linker Warning:
#   Section '.ignored' is unknown. Section ignored.
### mwldeppc.exe Linker Warning:
#   Section '.ignored' is unknown. Section ignored.
### mwldeppc.exe Linker Warning:
#   Section '.ignored' is unknown. Section ignored.
### mwldeppc.exe Linker Warning:
#   Section '.ignored' is unknown. Section ignored.
### mwldeppc.exe Linker Warning:
#   Section '.ignored' is unknown. Section ignored.
### mwldeppc.exe Linker Warning:
#   Section '.ignored' is unknown. Section ignored.
### mwldeppc.exe Linker Warning:
#   Section '.ignored' is unknown. Section ignored.
### mwldeppc.exe Linker Warning:
#   Section '.ignored' is unknown. Section ignored.
### mwldeppc.exe Linker Warning:
#   Section '.ignored' is unknown. Section ignored.
### mwldeppc.exe Linker Warning:
#   Section '.ignored' is unknown. Section ignored.
### mwldeppc.exe Linker Warning:
#   Section '.ignored' is unknown. Section ignored.
### mwldeppc.exe Linker Warning:
#   Section '.ignored' is unknown. Section ignored.
[969/971] DOL build/GEDE01/main.dol
[970/971] CHECK config/GEDE01/build.sha1
build/GEDE01/main.dol: OK
[971/971] PROGRESS
Progress:
  All: 61.23% fuzzy, 52.09% matched, 52.01% linked (6410 / 7104 files)
    Code: 1198416 / 2300692 bytes (6177 / 8214 functions)
    Data: 39886 / 4305642 bytes (0.93%)
  Game Code: 98.04% fuzzy, 83.37% matched, 83.25% linked (6392 / 6668 files)
    Code: 1195388 / 1433868 bytes (6115 / 6389 functions)
    Data: 39662 / 40542 bytes (97.83%)
  SDK/Runtime: 100.00% fuzzy, 100.00% matched, 100.00% linked (18 / 18 files)
    Code: 3028 / 3028 bytes (62 / 62 functions)
    Data: 224 / 224 bytes (100.00%)
