[1/2] SPLIT config/GEDE01/config.yml
 INFO Loading config/GEDE01/config.yml
 INFO Loading and analyzing 1 module (using 1 thread)
 INFO Initial analysis completed in 0.684s (found 8214 functions)
 INFO Rebuilding relocations and splitting
 WARN module{name=main id=0}: Alignment for game/game_fn_80050A7C.c .rodata expected 8, but starts at 6:0x80238F04
 WARN module{name=main id=0}: Alignment for game/game_fn_80057E3C.c .rodata expected 8, but starts at 6:0x80238FBC
 WARN module{name=main id=0}: Alignment for game/game_data_80239044.c .rodata expected 8, but starts at 6:0x80239044
 WARN module{name=main id=0}: Alignment for game/game_data_80239054.c .rodata expected 8, but starts at 6:0x80239054
 WARN module{name=main id=0}: Alignment for game/game_data_8023906C.c .rodata expected 8, but starts at 6:0x8023906C
 WARN module{name=main id=0}: Alignment for game/game_data_80239084.c .rodata expected 8, but starts at 6:0x80239084
 WARN module{name=main id=0}: Alignment for game/game_data_802390B4.c .rodata expected 8, but starts at 6:0x802390B4
 WARN module{name=main id=0}: Alignment for game/game_data_802390D4.c .rodata expected 8, but starts at 6:0x802390D4
 WARN module{name=main id=0}: Alignment for game/game_data_802390EC.c .rodata expected 8, but starts at 6:0x802390EC
 WARN module{name=main id=0}: Alignment for game/game_data_80239194.c .rodata expected 8, but starts at 6:0x80239194
 WARN module{name=main id=0}: Alignment for game/game_data_802391C4.c .rodata expected 8, but starts at 6:0x802391C4
 WARN module{name=main id=0}: Alignment for game/game_data_802393CC.c .rodata expected 8, but starts at 6:0x802393CC
 WARN module{name=main id=0}: Alignment for game/game_data_802393E4.c .rodata expected 8, but starts at 6:0x802393E4
 WARN module{name=main id=0}: Alignment for game/game_data_802393FC.c .rodata expected 8, but starts at 6:0x802393FC
 WARN module{name=main id=0}: Alignment for game/game_data_80239414.c .rodata expected 8, but starts at 6:0x80239414
 WARN module{name=main id=0}: Alignment for game/game_data_8023945C.c .rodata expected 8, but starts at 6:0x8023945C
 WARN module{name=main id=0}: Alignment for game/game_data_8023953C.c .rodata expected 8, but starts at 6:0x8023953C
 WARN module{name=main id=0}: Alignment for game/game_data_80239554.c .rodata expected 8, but starts at 6:0x80239554
 WARN module{name=main id=0}: Alignment for game/game_data_8023963C.c .rodata expected 8, but starts at 6:0x8023963C
 WARN module{name=main id=0}: Alignment for game/game_data_80239654.c .rodata expected 8, but starts at 6:0x80239654
 WARN module{name=main id=0}: Alignment for game/game_data_8023966C.c .rodata expected 8, but starts at 6:0x8023966C
 WARN module{name=main id=0}: Alignment for game/game_data_80239694.c .rodata expected 8, but starts at 6:0x80239694
 WARN module{name=main id=0}: Alignment for game/game_data_802396BC.c .rodata expected 8, but starts at 6:0x802396BC
 WARN module{name=main id=0}: Alignment for game/game_data_802396D4.c .rodata expected 8, but starts at 6:0x802396D4
 WARN module{name=main id=0}: Alignment for game/game_data_8023972C.c .rodata expected 8, but starts at 6:0x8023972C
 WARN module{name=main id=0}: Alignment for game/game_data_8023975C.c .rodata expected 8, but starts at 6:0x8023975C
 WARN module{name=main id=0}: Alignment for game/game_data_8023979C.c .rodata expected 8, but starts at 6:0x8023979C
 WARN module{name=main id=0}: Alignment for game/game_data_802397BC.c .rodata expected 8, but starts at 6:0x802397BC
 WARN module{name=main id=0}: Alignment for game/game_data_8023980C.c .rodata expected 8, but starts at 6:0x8023980C
 WARN module{name=main id=0}: Alignment for game/game_data_80239824.c .rodata expected 8, but starts at 6:0x80239824
 WARN module{name=main id=0}: Alignment for game/game_data_8023983C.c .rodata expected 8, but starts at 6:0x8023983C
 WARN module{name=main id=0}: Alignment for game/game_data_80239854.c .rodata expected 8, but starts at 6:0x80239854
 WARN module{name=main id=0}: Alignment for game/game_data_8023986C.c .rodata expected 8, but starts at 6:0x8023986C
 WARN module{name=main id=0}: Alignment for game/game_data_80239884.c .rodata expected 8, but starts at 6:0x80239884
 WARN module{name=main id=0}: Alignment for game/game_data_8023989C.c .rodata expected 8, but starts at 6:0x8023989C
 WARN module{name=main id=0}: Alignment for game/game_data_802398EC.c .rodata expected 8, but starts at 6:0x802398EC
 WARN module{name=main id=0}: Alignment for game/game_data_80239934.c .rodata expected 8, but starts at 6:0x80239934
 WARN module{name=main id=0}: Alignment for game/game_data_8023994C.c .rodata expected 8, but starts at 6:0x8023994C
 WARN module{name=main id=0}: Alignment for game/game_data_80239B24.c .rodata expected 8, but starts at 6:0x80239B24
 WARN module{name=main id=0}: Alignment for game/game_data_80239B74.c .rodata expected 8, but starts at 6:0x80239B74
 WARN module{name=main id=0}: Alignment for game/game_data_80239B8C.c .rodata expected 8, but starts at 6:0x80239B8C
 WARN module{name=main id=0}: Alignment for game/game_data_80239CAC.c .rodata expected 8, but starts at 6:0x80239CAC
 WARN module{name=main id=0}: Alignment for game/game_data_8023A2A4.c .rodata expected 8, but starts at 6:0x8023A2A4
 WARN module{name=main id=0}: Alignment for game/game_data_8023A414.c .rodata expected 8, but starts at 6:0x8023A414
 WARN module{name=main id=0}: Alignment for game/game_data_8023A444.c .rodata expected 8, but starts at 6:0x8023A444
 WARN module{name=main id=0}: Alignment for game/game_data_8023A63C.c .rodata expected 8, but starts at 6:0x8023A63C
 WARN module{name=main id=0}: Alignment for game/game_data_8023A69C.c .rodata expected 8, but starts at 6:0x8023A69C
 WARN module{name=main id=0}: Alignment for game/game_data_8023A6F4.c .rodata expected 8, but starts at 6:0x8023A6F4
 WARN module{name=main id=0}: Alignment for game/game_data_8023A70C.c .rodata expected 8, but starts at 6:0x8023A70C
 WARN module{name=main id=0}: Alignment for game/game_data_8023A744.c .rodata expected 8, but starts at 6:0x8023A744
 WARN module{name=main id=0}: Alignment for game/game_data_8023A76C.c .rodata expected 8, but starts at 6:0x8023A76C
 WARN module{name=main id=0}: Alignment for game/game_data_8023A994.c .rodata expected 8, but starts at 6:0x8023A994
 WARN module{name=main id=0}: Alignment for game/game_data_8023B044.c .rodata expected 8, but starts at 6:0x8023B044
 WARN module{name=main id=0}: Alignment for game/game_data_8023B05C.c .rodata expected 8, but starts at 6:0x8023B05C
 WARN module{name=main id=0}: Alignment for game/game_data_8023B094.c .rodata expected 8, but starts at 6:0x8023B094
 WARN module{name=main id=0}: Alignment for game/game_data_8023B564.c .rodata expected 8, but starts at 6:0x8023B564
 WARN module{name=main id=0}: Alignment for game/game_data_8023B5B4.c .rodata expected 8, but starts at 6:0x8023B5B4
 WARN module{name=main id=0}: Alignment for game/game_data_8023B78C.c .rodata expected 8, but starts at 6:0x8023B78C
 WARN module{name=main id=0}: Alignment for game/game_data_8023B7B4.c .rodata expected 8, but starts at 6:0x8023B7B4
 WARN module{name=main id=0}: Alignment for game/game_data_8023B7CC.c .rodata expected 8, but starts at 6:0x8023B7CC
 WARN module{name=main id=0}: Alignment for game/game_data_8023B7E4.c .rodata expected 8, but starts at 6:0x8023B7E4
 WARN module{name=main id=0}: Alignment for game/game_data_8023B7FC.c .rodata expected 8, but starts at 6:0x8023B7FC
 WARN module{name=main id=0}: Alignment for game/game_data_8023B814.c .rodata expected 8, but starts at 6:0x8023B814
 WARN module{name=main id=0}: Alignment for game/game_fn_80008014.c .data expected 8, but starts at 7:0x8023BEBC
 WARN module{name=main id=0}: Alignment for game/game_fn_8000EE9C.c .data expected 8, but starts at 7:0x8023C264
 WARN module{name=main id=0}: Alignment for game/game_fn_8000EFC4.c .data expected 8, but starts at 7:0x8023C344
 WARN module{name=main id=0}: Alignment for game/game_fn_800122F8.c .data expected 8, but starts at 7:0x8023CA4C
 WARN module{name=main id=0}: Alignment for game/game_fn_80015568.c .data expected 8, but starts at 7:0x8023CAEC
 WARN module{name=main id=0}: Alignment for game/game_fn_80015BE0.c .data expected 8, but starts at 7:0x8023CB0C
 WARN module{name=main id=0}: Alignment for game/game_fn_80015D40.c .data expected 8, but starts at 7:0x8023CB2C
 WARN module{name=main id=0}: Alignment for game/game_fn_8001C078.c .data expected 8, but starts at 7:0x8023CD54
 WARN module{name=main id=0}: Alignment for game/game_fn_8001CC00.c .data expected 8, but starts at 7:0x8023CDFC
 WARN module{name=main id=0}: Alignment for game/game_fn_8001CE14.c .data expected 8, but starts at 7:0x8023CE54
 WARN module{name=main id=0}: Alignment for game/game_fn_8001D3F8.c .data expected 8, but starts at 7:0x8023CF6C
 WARN module{name=main id=0}: Alignment for game/game_fn_8001D4C4.c .data expected 8, but starts at 7:0x8023CF7C
 WARN module{name=main id=0}: Alignment for game/game_data_8023D77C.c .data expected 8, but starts at 7:0x8023D77C
 WARN module{name=main id=0}: Alignment for game/game_data_8023D884.c .data expected 8, but starts at 7:0x8023D884
 WARN module{name=main id=0}: Alignment for game/game_fn_8001E644.c .data expected 8, but starts at 7:0x8023D8D4
 WARN module{name=main id=0}: Alignment for game/game_data_8023DA2C.c .data expected 8, but starts at 7:0x8023DA2C
 WARN module{name=main id=0}: Alignment for game/game_data_8023DAB4.c .data expected 8, but starts at 7:0x8023DAB4
 WARN module{name=main id=0}: Alignment for game/game_data_8023DD84.c .data expected 8, but starts at 7:0x8023DD84
 WARN module{name=main id=0}: Alignment for game/game_data_8023DFAC.c .data expected 8, but starts at 7:0x8023DFAC
 WARN module{name=main id=0}: Alignment for game/game_data_8023E154.c .data expected 8, but starts at 7:0x8023E154
 WARN module{name=main id=0}: Alignment for game/game_fn_80028E88.c .data expected 8, but starts at 7:0x8023E31C
 WARN module{name=main id=0}: Alignment for game/game_data_8023E388.c .data expected 8, but starts at 7:0x8023E384
 WARN module{name=main id=0}: Alignment for game/game_data_8023E410.c .data expected 8, but starts at 7:0x8023E40C
 WARN module{name=main id=0}: Alignment for game/game_fn_80037AF4.c .data expected 8, but starts at 7:0x8023E674
 WARN module{name=main id=0}: Alignment for game/game_data_8023ECBC.c .data expected 8, but starts at 7:0x8023ECBC
 WARN module{name=main id=0}: Alignment for game/game_data_8023EE94.c .data expected 8, but starts at 7:0x8023EE94
 WARN module{name=main id=0}: Alignment for game/game_data_8023EEE4.c .data expected 8, but starts at 7:0x8023EEE4
 WARN module{name=main id=0}: Alignment for game/game_data_8023EF34.c .data expected 8, but starts at 7:0x8023EF34
 WARN module{name=main id=0}: Alignment for game/game_data_8023EF84.c .data expected 8, but starts at 7:0x8023EF84
 WARN module{name=main id=0}: Alignment for game/game_data_8023F204.c .data expected 8, but starts at 7:0x8023F204
 WARN module{name=main id=0}: Alignment for game/game_data_8023F49C.c .data expected 8, but starts at 7:0x8023F49C
 WARN module{name=main id=0}: Alignment for game/game_data_8023F6AC.c .data expected 8, but starts at 7:0x8023F6AC
 WARN module{name=main id=0}: Alignment for game/game_data_8023F7C4.c .data expected 8, but starts at 7:0x8023F7C4
 WARN module{name=main id=0}: Alignment for game/game_data_8023F904.c .data expected 8, but starts at 7:0x8023F904
 WARN module{name=main id=0}: Alignment for game/game_data_8023FA44.c .data expected 8, but starts at 7:0x8023FA44
 WARN module{name=main id=0}: Alignment for game/game_data_8023FE1C.c .data expected 8, but starts at 7:0x8023FE1C
 WARN module{name=main id=0}: Alignment for game/game_data_8023FF7C.c .data expected 8, but starts at 7:0x8023FF7C
 WARN module{name=main id=0}: Alignment for game/game_data_802400DC.c .data expected 8, but starts at 7:0x802400DC
 WARN module{name=main id=0}: Alignment for game/game_data_8024023C.c .data expected 8, but starts at 7:0x8024023C
 WARN module{name=main id=0}: Alignment for game/game_data_8024039C.c .data expected 8, but starts at 7:0x8024039C
 WARN module{name=main id=0}: Alignment for game/game_data_802404FC.c .data expected 8, but starts at 7:0x802404FC
 WARN module{name=main id=0}: Alignment for game/game_fn_80050730.c .data expected 8, but starts at 7:0x80240F94
 WARN module{name=main id=0}: Alignment for game/game_fn_8005EE9C.c .data expected 8, but starts at 7:0x80243D64
 WARN module{name=main id=0}: Alignment for game/game_fn_8005EF94.c .data expected 8, but starts at 7:0x80243D84
 WARN module{name=main id=0}: Alignment for game/game_fn_8006B620.c .data expected 8, but starts at 7:0x8024406C
 WARN module{name=main id=0}: Alignment for game/game_fn_8006F6A4.c .data expected 8, but starts at 7:0x80244394
 WARN module{name=main id=0}: Alignment for game/game_fn_800A1060.c .data expected 8, but starts at 7:0x80245634
 WARN module{name=main id=0}: Alignment for game/game_fn_800A1580.c .data expected 8, but starts at 7:0x802456D4
 WARN module{name=main id=0}: Alignment for game/game_fn_800B5F78.c .data expected 8, but starts at 7:0x8024759C
 WARN module{name=main id=0}: Alignment for game/game_fn_800B611C.c .data expected 8, but starts at 7:0x8024760C
 WARN module{name=main id=0}: Alignment for game/game_fn_800B6234.c .data expected 8, but starts at 7:0x80247674
 WARN module{name=main id=0}: Alignment for game/game_fn_800B64AC.c .data expected 8, but starts at 7:0x802476DC
 WARN module{name=main id=0}: Alignment for game/game_fn_800B6C00.c .data expected 8, but starts at 7:0x80247754
 WARN module{name=main id=0}: Alignment for game/game_fn_800B6C88.c .data expected 8, but starts at 7:0x80247784
 WARN module{name=main id=0}: Alignment for game/game_fn_800B6D10.c .data expected 8, but starts at 7:0x802477B4
 WARN module{name=main id=0}: Alignment for game/game_fn_801697AC.c .data expected 8, but starts at 7:0x8024FD9C
 WARN module{name=main id=0}: Alignment for game/game_fn_8017B4F4.c .data expected 8, but starts at 7:0x80250F44
 WARN module{name=main id=0}: Alignment for game/game_data_80060C28.c .sdata2 expected 8, but starts at 11:0x8064E5F4
 INFO Splitting completed in 14.667s (wrote 7083 objects)
 INFO Total time: 15.358s
[2/2] RUN configure.py
[1/967] MWCC build/GEDE01/src/game/game_fn_800094C0.o
[2/967] MWCC build/GEDE01/src/game/game_fn_80008014.o
[3/967] MWCC build/GEDE01/src/game/game_fn_800096E0.o
[4/967] MWCC build/GEDE01/src/game/game_fn_800098C0.o
[5/967] MWCC build/GEDE01/src/game/game_fn_800099D8.o
[6/967] MWCC build/GEDE01/src/game/game_fn_80009AB4.o
[7/967] MWCC build/GEDE01/src/game/game_fn_8000AC88.o
[8/967] MWCC build/GEDE01/src/game/game_fn_8000A26C.o
[9/967] MWCC build/GEDE01/src/game/game_fn_8000AEB4.o
[10/967] MWCC build/GEDE01/src/game/game_fn_8000AFB4.o
[11/967] MWCC build/GEDE01/src/game/game_fn_8000B1B8.o
[12/967] MWCC build/GEDE01/src/game/game_fn_8000B36C.o
[13/967] MWCC build/GEDE01/src/game/game_fn_8000B630.o
[14/967] MWCC build/GEDE01/src/game/game_fn_8000B7FC.o
[15/967] MWCC build/GEDE01/src/game/game_fn_8000B900.o
[16/967] MWCC build/GEDE01/src/game/game_fn_8000BA0C.o
[17/967] MWCC build/GEDE01/src/game/game_fn_8000BAA0.o
[18/967] MWCC build/GEDE01/src/game/game_fn_8000BC40.o
[19/967] MWCC build/GEDE01/src/game/game_fn_8000C06C.o
[20/967] MWCC build/GEDE01/src/game/game_fn_8000C17C.o
[21/967] MWCC build/GEDE01/src/game/game_fn_8000C400.o
[22/967] MWCC build/GEDE01/src/game/game_fn_8000C848.o
[23/967] MWCC build/GEDE01/src/game/game_fn_8000C91C.o
[24/967] MWCC build/GEDE01/src/game/game_fn_8000D0BC.o
[25/967] MWCC build/GEDE01/src/game/game_fn_8000D3D4.o
[26/967] MWCC build/GEDE01/src/game/game_fn_8000D590.o
[27/967] MWCC build/GEDE01/src/game/game_fn_8000D8A4.o
[28/967] MWCC build/GEDE01/src/game/game_fn_8000DA50.o
[29/967] MWCC build/GEDE01/src/game/game_fn_8000DAF4.o
[30/967] MWCC build/GEDE01/src/game/game_fn_8000E054.o
[31/967] MWCC build/GEDE01/src/game/game_fn_8000E0AC.o
[32/967] MWCC build/GEDE01/src/game/game_fn_8000E138.o
[33/967] MWCC build/GEDE01/src/game/game_fn_8000E96C.o
[34/967] MWCC build/GEDE01/src/game/game_fn_8000E1C4.o
[35/967] MWCC build/GEDE01/src/game/game_fn_8000EBD4.o
[36/967] MWCC build/GEDE01/src/game/game_fn_8000EB14.o
[37/967] MWCC build/GEDE01/src/game/game_fn_8000ED44.o
[38/967] MWCC build/GEDE01/src/game/game_fn_8000EFC4.o
[39/967] MWCC build/GEDE01/src/game/game_fn_8000F774.o
[40/967] MWCC build/GEDE01/src/game/game_fn_8000F4B0.o
[41/967] MWCC build/GEDE01/src/game/game_fn_8000FFD8.o
[42/967] MWCC build/GEDE01/src/game/game_fn_8000FDE8.o
[43/967] MWCC build/GEDE01/src/game/game_fn_80012DA8.o
[44/967] MWCC build/GEDE01/src/game/game_fn_800119FC.o
[45/967] MWCC build/GEDE01/src/game/game_fn_80012FD0.o
[46/967] MWCC build/GEDE01/src/game/game_fn_80012F40.o
[47/967] MWCC build/GEDE01/src/game/game_fn_800131E8.o
[48/967] MWCC build/GEDE01/src/game/game_fn_80013340.o
[49/967] MWCC build/GEDE01/src/game/game_fn_80013CB0.o
[50/967] MWCC build/GEDE01/src/game/game_fn_80013870.o
[51/967] MWCC build/GEDE01/src/game/game_fn_80013D54.o
[52/967] MWCC build/GEDE01/src/game/game_fn_800142DC.o
[53/967] MWCC build/GEDE01/src/game/game_fn_80014784.o
[54/967] MWCC build/GEDE01/src/game/game_fn_800144CC.o
[55/967] MWCC build/GEDE01/src/game/game_fn_80015058.o
[56/967] MWCC build/GEDE01/src/game/game_fn_800149D4.o
[57/967] MWCC build/GEDE01/src/game/game_fn_80015320.o
[58/967] MWCC build/GEDE01/src/game/game_fn_80015568.o
[59/967] MWCC build/GEDE01/src/game/game_fn_80015BE0.o
[60/967] MWCC build/GEDE01/src/game/game_fn_800156FC.o
[61/967] MWCC build/GEDE01/src/game/game_fn_80015D40.o
[62/967] MWCC build/GEDE01/src/game/game_fn_80015F04.o
[63/967] MWCC build/GEDE01/src/game/game_fn_80016270.o
[64/967] MWCC build/GEDE01/src/game/game_fn_80016128.o
[65/967] MWCC build/GEDE01/src/game/game_fn_80016904.o
[66/967] MWCC build/GEDE01/src/game/game_fn_80016B24.o
[67/967] MWCC build/GEDE01/src/game/game_fn_800171C0.o
[68/967] MWCC build/GEDE01/src/game/game_fn_800173CC.o
[69/967] MWCC build/GEDE01/src/game/game_fn_800176F0.o
[70/967] MWCC build/GEDE01/src/game/game_fn_80017910.o
[71/967] MWCC build/GEDE01/src/game/game_fn_800179AC.o
[72/967] MWCC build/GEDE01/src/game/game_fn_80017A3C.o
[73/967] MWCC build/GEDE01/src/game/game_fn_80017AE4.o
[74/967] MWCC build/GEDE01/src/game/game_fn_80017C3C.o
[75/967] MWCC build/GEDE01/src/game/game_fn_80017CC8.o
[76/967] MWCC build/GEDE01/src/game/game_fn_80017DB0.o
[77/967] MWCC build/GEDE01/src/game/game_fn_80019054.o
[78/967] MWCC build/GEDE01/src/game/game_fn_80018EF4.o
[79/967] MWCC build/GEDE01/src/game/game_fn_80019244.o
[80/967] MWCC build/GEDE01/src/game/game_fn_800194D0.o
[81/967] MWCC build/GEDE01/src/game/game_fn_80019C10.o
[82/967] MWCC build/GEDE01/src/game/game_fn_80019940.o
[83/967] MWCC build/GEDE01/src/game/game_fn_80019F98.o
[84/967] MWCC build/GEDE01/src/game/game_fn_80019D2C.o
[85/967] MWCC build/GEDE01/src/game/game_fn_8001A6C4.o
[86/967] MWCC build/GEDE01/src/game/game_fn_8001AAB8.o
[87/967] MWCC build/GEDE01/src/game/game_fn_8001ADF8.o
[88/967] MWCC build/GEDE01/src/game/game_fn_8001AF68.o
[89/967] MWCC build/GEDE01/src/game/game_fn_8001B124.o
[90/967] MWCC build/GEDE01/src/game/game_fn_8001B294.o
[91/967] MWCC build/GEDE01/src/game/game_fn_8001B808.o
[92/967] MWCC build/GEDE01/src/game/game_fn_8001B874.o
[93/967] MWCC build/GEDE01/src/game/game_fn_8001CA04.o
[94/967] MWCC build/GEDE01/src/game/game_fn_8001CD58.o
[95/967] MWCC build/GEDE01/src/game/game_fn_8001C078.o
[96/967] MWCC build/GEDE01/src/game/game_fn_8001CE94.o
[97/967] MWCC build/GEDE01/src/game/game_fn_8001FE1C.o
[98/967] MWCC build/GEDE01/src/game/game_fn_8001E644.o
[99/967] MWCC build/GEDE01/src/game/game_fn_80020E94.o
[100/967] MWCC build/GEDE01/src/game/game_fn_80024F28.o
[101/967] MWCC build/GEDE01/src/game/game_fn_800272B4.o
[102/967] MWCC build/GEDE01/src/game/game_fn_8002B748.o
[103/967] MWCC build/GEDE01/src/game/game_fn_8002DAE0.o
[104/967] MWCC build/GEDE01/src/game/game_fn_8002E3F0.o
[105/967] MWCC build/GEDE01/src/game/game_fn_8002F428.o
[106/967] MWCC build/GEDE01/src/game/game_fn_8002EA68.o
[107/967] MWCC build/GEDE01/src/game/game_fn_80031544.o
[108/967] MWCC build/GEDE01/src/game/game_fn_8003232C.o
[109/967] MWCC build/GEDE01/src/game/game_fn_80033038.o
[110/967] MWCC build/GEDE01/src/game/game_fn_80032B84.o
[111/967] MWCC build/GEDE01/src/game/game_fn_80033180.o
[112/967] MWCC build/GEDE01/src/game/game_fn_800359A0.o
[113/967] MWCC build/GEDE01/src/game/game_fn_800361F8.o
[114/967] MWCC build/GEDE01/src/game/game_fn_80036C40.o
[115/967] MWCC build/GEDE01/src/game/game_fn_80038878.o
[116/967] MWCC build/GEDE01/src/game/game_fn_80048ADC.o
[117/967] MWCC build/GEDE01/src/game/game_fn_80048B24.o
[118/967] MWCC build/GEDE01/src/game/game_fn_8004998C.o
[119/967] MWCC build/GEDE01/src/game/game_fn_80050B08.o
[120/967] MWCC build/GEDE01/src/game/game_fn_80052310.o
[121/967] MWCC build/GEDE01/src/game/game_fn_800542D0.o
[122/967] MWCC build/GEDE01/src/game/game_fn_8005EC6C.o
[123/967] MWCC build/GEDE01/src/game/game_fn_8005EE9C.o
[124/967] MWCC build/GEDE01/src/game/game_fn_8005EF94.o
[125/967] MWCC build/GEDE01/src/game/game_data_80239E10.o
[126/967] MWCC build/GEDE01/src/game/game_data_80239E18.o
[127/967] MWCC build/GEDE01/src/game/game_fn_8005FD84.o
[128/967] MWCC build/GEDE01/src/game/game_fn_80066888.o
[129/967] MWCC build/GEDE01/src/game/game_fn_80066E78.o
[130/967] MWCC build/GEDE01/src/game/game_fn_8006B0F0.o
[131/967] MWCC build/GEDE01/src/game/game_fn_8006B620.o
[132/967] MWCC build/GEDE01/src/game/game_fn_8006E53C.o
[133/967] MWCC build/GEDE01/src/game/game_fn_80071A58.o
[134/967] MWCC build/GEDE01/src/game/game_fn_80074310.o
[135/967] MWCC build/GEDE01/src/game/game_fn_80078500.o
[136/967] MWCC build/GEDE01/src/game/game_fn_80079908.o
[137/967] MWCC build/GEDE01/src/game/game_fn_80079AA4.o
[138/967] MWCC build/GEDE01/src/game/game_fn_8007B2F4.o
[139/967] MWCC build/GEDE01/src/game/game_fn_8007B540.o
[140/967] MWCC build/GEDE01/src/game/game_fn_8007B640.o
[141/967] MWCC build/GEDE01/src/game/game_fn_8007B828.o
[142/967] MWCC build/GEDE01/src/game/game_fn_8007BA3C.o
[143/967] MWCC build/GEDE01/src/game/game_fn_8007D4D8.o
[144/967] MWCC build/GEDE01/src/game/game_fn_8007F770.o
[145/967] MWCC build/GEDE01/src/game/game_fn_80088060.o
[146/967] MWCC build/GEDE01/src/game/game_fn_800886D8.o
[147/967] MWCC build/GEDE01/src/game/game_fn_80088F4C.o
[148/967] MWCC build/GEDE01/src/game/game_fn_80089A34.o
[149/967] MWCC build/GEDE01/src/game/game_fn_8008A2E0.o
[150/967] MWCC build/GEDE01/src/game/game_fn_8008F224.o
[151/967] MWCC build/GEDE01/src/game/game_fn_8008F890.o
[152/967] MWCC build/GEDE01/src/game/game_fn_80090004.o
[153/967] MWCC build/GEDE01/src/game/game_fn_800934A0.o
[154/967] MWCC build/GEDE01/src/game/game_fn_80095D10.o
[155/967] MWCC build/GEDE01/src/game/game_fn_80095E64.o
[156/967] MWCC build/GEDE01/src/game/game_fn_80095FDC.o
[157/967] MWCC build/GEDE01/src/game/game_fn_80096830.o
[158/967] MWCC build/GEDE01/src/game/game_fn_8009C424.o
[159/967] MWCC build/GEDE01/src/game/game_fn_8009E808.o
[160/967] MWCC build/GEDE01/src/game/game_fn_800A2130.o
[161/967] MWCC build/GEDE01/src/game/game_fn_800A2B8C.o
[162/967] MWCC build/GEDE01/src/game/game_fn_800A2FCC.o
[163/967] MWCC build/GEDE01/src/game/game_fn_800A3180.o
[164/967] MWCC build/GEDE01/src/game/game_fn_800A3894.o
[165/967] MWCC build/GEDE01/src/game/game_fn_800A4428.o
[166/967] MWCC build/GEDE01/src/game/game_fn_800A4798.o
[167/967] MWCC build/GEDE01/src/game/game_fn_800A7E88.o
[168/967] MWCC build/GEDE01/src/game/game_fn_800AF230.o
[169/967] MWCC build/GEDE01/src/game/game_fn_800B2EC0.o
[170/967] MWCC build/GEDE01/src/game/game_fn_800BB5C4.o
[171/967] MWCC build/GEDE01/src/game/game_fn_800BB7A8.o
[172/967] MWCC build/GEDE01/src/game/game_fn_800BB9A4.o
[173/967] MWCC build/GEDE01/src/game/game_fn_800BBAF0.o
[174/967] MWCC build/GEDE01/src/game/game_fn_800C030C.o
[175/967] MWCC build/GEDE01/src/game/game_fn_800C17EC.o
[176/967] MWCC build/GEDE01/src/game/game_fn_800C59F0.o
[177/967] MWCC build/GEDE01/src/game/game_fn_800C644C.o
[178/967] MWCC build/GEDE01/src/game/game_fn_800C65FC.o
[179/967] MWCC build/GEDE01/src/game/game_fn_800C9C60.o
[180/967] MWCC build/GEDE01/src/game/game_fn_800CB760.o
[181/967] MWCC build/GEDE01/src/game/game_fn_800CB8F4.o
[182/967] MWCC build/GEDE01/src/game/game_fn_800CF598.o
[183/967] MWCC build/GEDE01/src/game/game_fn_800D9064.o
[184/967] MWCC build/GEDE01/src/game/game_fn_800D9E10.o
[185/967] MWCC build/GEDE01/src/game/game_fn_800DC4D4.o
[186/967] MWCC build/GEDE01/src/game/game_fn_800E4980.o
[187/967] MWCC build/GEDE01/src/game/game_TRKNubWelcome.o
[188/967] MWCC build/GEDE01/src/game/game_TRK_main.o
[189/967] MWCC build/GEDE01/src/game/game_InitMetroTRKCommTable.o
[190/967] MWCC build/GEDE01/src/game/game_fn_800FD0C8.o
[191/967] MWCC build/GEDE01/src/game/game_fn_8010242C.o
[192/967] MWCC build/GEDE01/src/game/game_fn_801098C0.o
[193/967] MWCC build/GEDE01/src/game/game_fn_8010F184.o
[194/967] MWCC build/GEDE01/src/game/game_fn_801126E0.o
[195/967] MWCC build/GEDE01/src/game/game_fn_801128E4.o
[196/967] MWCC build/GEDE01/src/game/game_fn_801141B8.o
[197/967] MWCC build/GEDE01/src/game/game_fn_80119C70.o
[198/967] MWCC build/GEDE01/src/game/game_fn_8011F140.o
[199/967] MWCC build/GEDE01/src/game/game_fn_801247F8.o
[200/967] MWCC build/GEDE01/src/game/game_fn_80126A00.o
[201/967] MWCC build/GEDE01/src/game/game_fn_8012976C.o
[202/967] MWCC build/GEDE01/src/game/game_fn_8012DB28.o
[203/967] MWCC build/GEDE01/src/game/game_fn_8013CBE4.o
[204/967] MWCC build/GEDE01/src/game/game_fn_8013D6A4.o
[205/967] MWCC build/GEDE01/src/game/game_fn_8013DB8C.o
[206/967] MWCC build/GEDE01/src/game/game_fn_8014549C.o
[207/967] MWCC build/GEDE01/src/game/game_fn_8014AF38.o
[208/967] MWCC build/GEDE01/src/game/game_fn_8014B494.o
[209/967] MWCC build/GEDE01/src/game/game_fn_8014BA14.o
[210/967] MWCC build/GEDE01/src/game/game_fn_8014CA98.o
[211/967] MWCC build/GEDE01/src/game/game_fn_80150400.o
[212/967] MWCC build/GEDE01/src/game/game_fn_80150A24.o
[213/967] MWCC build/GEDE01/src/game/game_fn_80150F20.o
[214/967] MWCC build/GEDE01/src/game/game_fn_80151600.o
[215/967] MWCC build/GEDE01/src/game/game_fn_80151D00.o
[216/967] MWCC build/GEDE01/src/game/game_fn_801535D8.o
[217/967] MWCC build/GEDE01/src/game/game_fn_80153898.o
[218/967] MWCC build/GEDE01/src/game/game_fn_80153A24.o
[219/967] MWCC build/GEDE01/src/game/game_fn_80154F74.o
[220/967] MWCC build/GEDE01/src/game/game_fn_80155814.o
[221/967] MWCC build/GEDE01/src/game/game_fn_80158B20.o
[222/967] MWCC build/GEDE01/src/game/game_fn_80157C0C.o
[223/967] MWCC build/GEDE01/src/game/game_fn_80158D38.o
[224/967] MWCC build/GEDE01/src/game/game_fn_8015DB84.o
[225/967] MWCC build/GEDE01/src/game/game_fn_8015DC54.o
[226/967] MWCC build/GEDE01/src/game/game_fn_8015EDC0.o
[227/967] MWCC build/GEDE01/src/game/game_fn_80167454.o
[228/967] MWCC build/GEDE01/src/game/game_fn_80167B5C.o
[229/967] MWCC build/GEDE01/src/game/game_fn_8016BD0C.o
[230/967] MWCC build/GEDE01/src/game/game_fn_80169650.o
[231/967] MWCC build/GEDE01/src/game/game_fn_8016BF60.o
[232/967] MWCC build/GEDE01/src/game/game_fn_8016BE1C.o
[233/967] MWCC build/GEDE01/src/game/game_fn_8016C164.o
[234/967] MWCC build/GEDE01/src/game/game_fn_8016C0BC.o
[235/967] MWCC build/GEDE01/src/game/game_fn_8016C238.o
[236/967] MWCC build/GEDE01/src/game/game_fn_8016C4BC.o
[237/967] MWCC build/GEDE01/src/game/game_fn_8016C774.o
[238/967] MWCC build/GEDE01/src/game/game_fn_8016D040.o
[239/967] MWCC build/GEDE01/src/game/game_fn_8016D1F8.o
[240/967] MWCC build/GEDE01/src/game/game_fn_8016D2B8.o
[241/967] MWCC build/GEDE01/src/game/game_fn_8016D9C0.o
[242/967] MWCC build/GEDE01/src/game/game_fn_8016DF4C.o
[243/967] MWCC build/GEDE01/src/game/game_fn_8016E8F8.o
[244/967] MWCC build/GEDE01/src/game/game_fn_8016FEF8.o
[245/967] MWCC build/GEDE01/src/game/game_fn_8017038C.o
[246/967] MWCC build/GEDE01/src/game/game_fn_801704F8.o
[247/967] MWCC build/GEDE01/src/game/game_fn_801706DC.o
[248/967] MWCC build/GEDE01/src/game/game_fn_80170A40.o
[249/967] MWCC build/GEDE01/src/game/game_fn_80170DF4.o
[250/967] MWCC build/GEDE01/src/game/game_fn_80170E9C.o
[251/967] MWCC build/GEDE01/src/game/game_fn_8017138C.o
[252/967] MWCC build/GEDE01/src/game/game_fn_80171664.o
[253/967] MWCC build/GEDE01/src/game/game_fn_801718F4.o
[254/967] MWCC build/GEDE01/src/game/game_fn_801719B4.o
[255/967] MWCC build/GEDE01/src/game/game_fn_80171F30.o
[256/967] MWCC build/GEDE01/src/game/game_fn_8017250C.o
[257/967] MWCC build/GEDE01/src/game/game_fn_80172BB0.o
[258/967] MWCC build/GEDE01/src/game/game_fn_801726EC.o
[259/967] MWCC build/GEDE01/src/game/game_fn_80172DB8.o
[260/967] MWCC build/GEDE01/src/game/game_fn_80172C78.o
[261/967] MWCC build/GEDE01/src/game/game_fn_80173270.o
[262/967] MWCC build/GEDE01/src/game/game_fn_801734B4.o
[263/967] MWCC build/GEDE01/src/game/game_fn_80173770.o
[264/967] MWCC build/GEDE01/src/game/game_fn_80173BDC.o
[265/967] MWCC build/GEDE01/src/game/game_fn_80173D44.o
[266/967] MWCC build/GEDE01/src/game/game_fn_80173F04.o
[267/967] MWCC build/GEDE01/src/game/game_fn_80174184.o
[268/967] MWCC build/GEDE01/src/game/game_fn_80174358.o
[269/967] MWCC build/GEDE01/src/game/game_fn_80174F2C.o
[270/967] MWCC build/GEDE01/src/game/game_fn_801752B0.o
[271/967] MWCC build/GEDE01/src/game/game_fn_8017553C.o
[272/967] MWCC build/GEDE01/src/game/game_fn_80175A08.o
[273/967] MWCC build/GEDE01/src/game/game_fn_80175E64.o
[274/967] MWCC build/GEDE01/src/game/game_fn_80175F0C.o
[275/967] MWCC build/GEDE01/src/game/game_fn_80175FD4.o
[276/967] MWCC build/GEDE01/src/game/game_fn_80176098.o
[277/967] MWCC build/GEDE01/src/game/game_fn_80176160.o
[278/967] MWCC build/GEDE01/src/game/game_fn_80176220.o
[279/967] MWCC build/GEDE01/src/game/game_fn_801762E8.o
[280/967] MWCC build/GEDE01/src/game/game_fn_8017652C.o
[281/967] MWCC build/GEDE01/src/game/game_fn_80176DF4.o
[282/967] MWCC build/GEDE01/src/game/game_fn_80176FA0.o
[283/967] MWCC build/GEDE01/src/game/game_fn_801770F8.o
[284/967] MWCC build/GEDE01/src/game/game_fn_8017718C.o
[285/967] MWCC build/GEDE01/src/game/game_fn_80178F88.o
[286/967] MWCC build/GEDE01/src/game/game_fn_80177434.o
[287/967] MWCC build/GEDE01/src/game/game_fn_80179398.o
[288/967] MWCC build/GEDE01/src/game/game_fn_8017960C.o
[289/967] MWCC build/GEDE01/src/game/game_fn_8017974C.o
[290/967] MWCC build/GEDE01/src/game/game_fn_80179904.o
[291/967] MWCC build/GEDE01/src/game/game_fn_80179A18.o
[292/967] MWCC build/GEDE01/src/game/game_fn_80179A74.o
[293/967] MWCC build/GEDE01/src/game/game_fn_80179EB8.o
[294/967] MWCC build/GEDE01/src/game/game_fn_80179F20.o
[295/967] MWCC build/GEDE01/src/game/game_fn_8017A010.o
[296/967] MWCC build/GEDE01/src/game/game_fn_8017A12C.o
[297/967] MWCC build/GEDE01/src/game/game_fn_8017A1C0.o
[298/967] MWCC build/GEDE01/src/game/game_fn_8017A9B8.o
[299/967] MWCC build/GEDE01/src/game/game_fn_8017AC20.o
[300/967] MWCC build/GEDE01/src/game/game_fn_8017E850.o
[301/967] MWCC build/GEDE01/src/game/game_fn_8017E958.o
[302/967] MWCC build/GEDE01/src/game/game_fn_80180DDC.o
[303/967] MWCC build/GEDE01/src/game/game_fn_801810A0.o
[304/967] MWCC build/GEDE01/src/game/game_fn_801816D4.o
[305/967] MWCC build/GEDE01/src/game/game_fn_801857B4.o
[306/967] MWCC build/GEDE01/src/game/game_fn_801859FC.o
[307/967] MWCC build/GEDE01/src/game/game_fn_80185AE8.o
[308/967] MWCC build/GEDE01/src/game/game_fn_80185F10.o
[309/967] MWCC build/GEDE01/src/game/game_fn_801861C4.o
[310/967] MWCC build/GEDE01/src/game/game_fn_801865EC.o
[311/967] MWCC build/GEDE01/src/game/game_fn_8018680C.o
[312/967] MWCC build/GEDE01/src/game/game_fn_80186E10.o
[313/967] MWCC build/GEDE01/src/game/game_fn_80186F70.o
[314/967] MWCC build/GEDE01/src/game/game_fn_80187120.o
[315/967] MWCC build/GEDE01/src/game/game_fn_80187320.o
[316/967] MWCC build/GEDE01/src/game/game_fn_801875FC.o
[317/967] MWCC build/GEDE01/src/game/game_fn_801878E0.o
[318/967] MWCC build/GEDE01/src/game/game_fn_80187BB4.o
[319/967] MWCC build/GEDE01/src/game/game_fn_80187E40.o
[320/967] MWCC build/GEDE01/src/game/game_fn_80188A7C.o
[321/967] MWCC build/GEDE01/src/game/game_fn_80188B44.o
[322/967] MWCC build/GEDE01/src/game/game_fn_80188C1C.o
[323/967] MWCC build/GEDE01/src/game/game_fn_80188E28.o
[324/967] MWCC build/GEDE01/src/game/game_fn_80189028.o
[325/967] MWCC build/GEDE01/src/game/game_fn_801891D8.o
[326/967] MWCC build/GEDE01/src/game/game_fn_80189390.o
[327/967] MWCC build/GEDE01/src/game/game_fn_801895E8.o
[328/967] MWCC build/GEDE01/src/game/game_fn_801896A0.o
[329/967] MWCC build/GEDE01/src/game/game_fn_80189760.o
[330/967] MWCC build/GEDE01/src/game/game_fn_80189968.o
[331/967] MWCC build/GEDE01/src/game/game_fn_80189C14.o
[332/967] MWCC build/GEDE01/src/game/game_fn_8018C2D0.o
[333/967] MWCC build/GEDE01/src/game/game_fn_8018D1F0.o
[334/967] MWCC build/GEDE01/src/game/game_fn_8018D2E0.o
[335/967] MWCC build/GEDE01/src/game/game_fn_8018D400.o
[336/967] MWCC build/GEDE01/src/game/game_fn_8018D688.o
[337/967] MWCC build/GEDE01/src/game/game_fn_8018DC24.o
[338/967] MWCC build/GEDE01/src/game/game_fn_8018E0D8.o
[339/967] MWCC build/GEDE01/src/game/game_fn_8018F1D0.o
[340/967] MWCC build/GEDE01/src/game/game_fn_8018F81C.o
[341/967] MWCC build/GEDE01/src/game/game_fn_8018FEDC.o
[342/967] MWCC build/GEDE01/src/game/game_fn_8019120C.o
[343/967] MWCC build/GEDE01/src/game/game_fn_80191360.o
[344/967] MWCC build/GEDE01/src/game/game_fn_801916D0.o
[345/967] MWCC build/GEDE01/src/game/game_fn_8019197C.o
[346/967] MWCC build/GEDE01/src/game/game_fn_80191F58.o
[347/967] MWCC build/GEDE01/src/game/game_fn_801926EC.o
[348/967] MWCC build/GEDE01/src/game/game_fn_801929A4.o
[349/967] MWCC build/GEDE01/src/game/game_fn_80192F54.o
[350/967] MWCC build/GEDE01/src/game/game_fn_801931C4.o
[351/967] MWCC build/GEDE01/src/game/game_fn_80193E1C.o
[352/967] MWCC build/GEDE01/src/game/game_fn_80193F3C.o
[353/967] MWCC build/GEDE01/src/game/game_fn_80194F80.o
[354/967] MWCC build/GEDE01/src/game/game_fn_801952E8.o
[355/967] MWCC build/GEDE01/src/game/game_fn_80197910.o
[356/967] MWCC build/GEDE01/src/game/game_fn_80198154.o
[357/967] MWCC build/GEDE01/src/game/game_fn_80198AAC.o
[358/967] MWCC build/GEDE01/src/game/game_fn_80198BF4.o
[359/967] MWCC build/GEDE01/src/game/game_fn_801991E0.o
[360/967] MWCC build/GEDE01/src/game/game_fn_8019B1BC.o
[361/967] MWCC build/GEDE01/src/game/game_fn_8019CC28.o
[362/967] MWCC build/GEDE01/src/game/game_fn_8019CFC4.o
[363/967] MWCC build/GEDE01/src/game/game_fn_8019E5E4.o
[364/967] MWCC build/GEDE01/src/game/game_fn_8019E8C8.o
[365/967] MWCC build/GEDE01/src/game/game_fn_801A1F18.o
[366/967] MWCC build/GEDE01/src/game/game_fn_801A1F8C.o
[367/967] MWCC build/GEDE01/src/game/game_fn_801A2A54.o
[368/967] MWCC build/GEDE01/src/game/game_fn_801A34BC.o
[369/967] MWCC build/GEDE01/src/game/game_fn_801A3A78.o
[370/967] MWCC build/GEDE01/src/game/game_fn_801A4430.o
[371/967] MWCC build/GEDE01/src/game/game_fn_801A4CE0.o
[372/967] MWCC build/GEDE01/src/game/game_fn_801A5FB0.o
[373/967] MWCC build/GEDE01/src/game/game_fn_801A6350.o
[374/967] MWCC build/GEDE01/src/game/game_fn_801A6410.o
[375/967] MWCC build/GEDE01/src/game/game_fn_801A657C.o
[376/967] MWCC build/GEDE01/src/game/game_fn_801A6ADC.o
[377/967] MWCC build/GEDE01/src/game/game_fn_801A6C58.o
[378/967] MWCC build/GEDE01/src/game/game_fn_801A6CB4.o
[379/967] MWCC build/GEDE01/src/game/game_fn_801A7E04.o
[380/967] MWCC build/GEDE01/src/game/game_fn_801A7EA8.o
[381/967] MWCC build/GEDE01/src/game/game_fn_801A93E8.o
[382/967] MWCC build/GEDE01/src/game/game_fn_801AB154.o
[383/967] MWCC build/GEDE01/src/game/game_fn_801ABD3C.o
[384/967] MWCC build/GEDE01/src/game/game_fn_801AC8AC.o
[385/967] MWCC build/GEDE01/src/game/game_fn_801ACFE8.o
[386/967] MWCC build/GEDE01/src/game/game_fn_801AD08C.o
[387/967] MWCC build/GEDE01/src/game/game_fn_801AFA74.o
[388/967] MWCC build/GEDE01/src/game/game_fn_801B02F0.o
[389/967] MWCC build/GEDE01/src/game/game_fn_801B1BA0.o
[390/967] MWCC build/GEDE01/src/game/game_fn_801B35BC.o
[391/967] MWCC build/GEDE01/src/game/game_fn_801B46C8.o
[392/967] MWCC build/GEDE01/src/game/game_fn_801B4FB4.o
[393/967] MWCC build/GEDE01/src/game/game_fn_801B5228.o
[394/967] MWCC build/GEDE01/src/game/game_fn_801B58F0.o
[395/967] MWCC build/GEDE01/src/game/game_fn_801B6F1C.o
[396/967] MWCC build/GEDE01/src/game/game_fn_801B86C0.o
[397/967] MWCC build/GEDE01/src/game/game_fn_801B941C.o
[398/967] MWCC build/GEDE01/src/game/game_fn_801B9E7C.o
[399/967] MWCC build/GEDE01/src/game/game_fn_801BA15C.o
[400/967] MWCC build/GEDE01/src/game/game_fn_801BA708.o
[401/967] MWCC build/GEDE01/src/game/game_fn_801BA94C.o
[402/967] MWCC build/GEDE01/src/game/game_fn_801BB1A0.o
[403/967] MWCC build/GEDE01/src/game/game_fn_801BC0D4.o
[404/967] MWCC build/GEDE01/src/game/game_fn_801BC240.o
[405/967] MWCC build/GEDE01/src/game/game_fn_801BC8F4.o
[406/967] MWCC build/GEDE01/src/game/game_fn_801BCC04.o
[407/967] MWCC build/GEDE01/src/game/game_fn_801BD990.o
[408/967] MWCC build/GEDE01/src/game/game_fn_801BDE7C.o
[409/967] MWCC build/GEDE01/src/game/game_fn_801BE0D4.o
[410/967] MWCC build/GEDE01/src/game/game_fn_801C1CB0.o
[411/967] MWCC build/GEDE01/src/game/game_fn_801BEF40.o
[412/967] MWCC build/GEDE01/src/game/game_fn_801C2980.o
[413/967] MWCC build/GEDE01/src/game/game_fn_801C29BC.o
[414/967] MWCC build/GEDE01/src/game/game_fn_801C2AAC.o
[415/967] MWCC build/GEDE01/src/game/game_fn_801C2D9C.o
[416/967] MWCC build/GEDE01/src/game/game_fn_801C8160.o
[417/967] MWCC build/GEDE01/src/game/game_fn_801C8224.o
[418/967] MWCC build/GEDE01/src/game/game_fn_801C4B5C.o
[419/967] MWCC build/GEDE01/src/game/game_fn_801C8600.o
[420/967] MWCC build/GEDE01/src/game/game_fn_801C8CC0.o
[421/967] MWCC build/GEDE01/src/game/game_fn_801C87DC.o
[422/967] MWCC build/GEDE01/src/game/game_fn_801C8F50.o
[423/967] MWCC build/GEDE01/src/game/game_fn_801C90A4.o
[424/967] MWCC build/GEDE01/src/game/game_fn_801C9510.o
[425/967] MWCC build/GEDE01/src/game/game_fn_801C970C.o
[426/967] MWCC build/GEDE01/src/game/game_fn_801C9A08.o
[427/967] MWCC build/GEDE01/src/game/game_fn_801C9B1C.o
[428/967] MWCC build/GEDE01/src/game/game_fn_801CB4F8.o
[429/967] MWCC build/GEDE01/src/game/game_fn_801CD228.o
[430/967] MWCC build/GEDE01/src/game/game_fn_801CE09C.o
[431/967] MWCC build/GEDE01/src/game/game_fn_801CE594.o
[432/967] MWCC build/GEDE01/src/game/game_fn_801D1B10.o
[433/967] MWCC build/GEDE01/src/game/game_fn_801D1F78.o
[434/967] MWCC build/GEDE01/src/game/game_fn_801D3988.o
[435/967] MWCC build/GEDE01/src/game/game_fn_801D73D0.o
[436/967] MWCC build/GEDE01/src/game/game_fn_801D76A8.o
[437/967] MWCC build/GEDE01/src/game/game_fn_801D7C24.o
[438/967] MWCC build/GEDE01/src/game/game_fn_801D8050.o
[439/967] MWCC build/GEDE01/src/game/game_fn_801D9FE4.o
[440/967] MWCC build/GEDE01/src/game/game_fn_801DDB84.o
[441/967] MWCC build/GEDE01/src/game/game_fn_801DE8B4.o
[442/967] MWCC build/GEDE01/src/game/game_fn_801E0088.o
[443/967] MWCC build/GEDE01/src/game/game_fn_801E2A48.o
[444/967] MWCC build/GEDE01/src/game/game_fn_801E41AC.o
[445/967] MWCC build/GEDE01/src/game/game_fn_801E504C.o
[446/967] MWCC build/GEDE01/src/game/game_fn_801E6814.o
[447/967] MWCC build/GEDE01/src/game/game_fn_801E7014.o
[448/967] MWCC build/GEDE01/src/game/game_fn_801EAA04.o
[449/967] MWCC build/GEDE01/src/game/game_fn_801E995C.o
[450/967] MWCC build/GEDE01/src/game/game_fn_801EB09C.o
[451/967] MWCC build/GEDE01/src/game/game_fn_801EB11C.o
[452/967] MWCC build/GEDE01/src/game/game_fn_801ECD74.o
[453/967] MWCC build/GEDE01/src/game/game_fn_801ECF50.o
[454/967] MWCC build/GEDE01/src/game/game_fn_801ED5F4.o
[455/967] MWCC build/GEDE01/src/game/game_fn_801EF580.o
[456/967] MWCC build/GEDE01/src/game/game_fn_801EF910.o
[457/967] MWCC build/GEDE01/src/game/game_fn_801F0CB0.o
[458/967] MWCC build/GEDE01/src/game/game_fn_801F10BC.o
[459/967] MWCC build/GEDE01/src/game/game_fn_801F1A38.o
[460/967] MWCC build/GEDE01/src/game/game_fn_801F35A8.o
[461/967] MWCC build/GEDE01/src/game/game_fn_801F55A0.o
[462/967] MWCC build/GEDE01/src/game/game_fn_801F69F0.o
[463/967] MWCC build/GEDE01/src/game/game_fn_801F6BD8.o
[464/967] MWCC build/GEDE01/src/game/game_fn_801F7510.o
[465/967] MWCC build/GEDE01/src/game/game_fn_801F76EC.o
[466/967] MWCC build/GEDE01/src/game/game_fn_801F8264.o
[467/967] MWCC build/GEDE01/src/game/game_fn_801F89B4.o
[468/967] MWCC build/GEDE01/src/game/game_fn_801F8FAC.o
[469/967] MWCC build/GEDE01/src/game/game_fn_801F9AF8.o
[470/967] MWCC build/GEDE01/src/game/game_fn_801F9CF4.o
[471/967] MWCC build/GEDE01/src/game/game_fn_801FA9C8.o
[472/967] MWCC build/GEDE01/src/game/game_fn_801FB6A4.o
[473/967] MWCC build/GEDE01/src/game/game_fn_801FC034.o
[474/967] MWCC build/GEDE01/src/game/game_fn_801FC204.o
[475/967] AS build/GEDE01/src/Runtime.PPCEABI.H/__save_fpr.o
[476/967] AS build/GEDE01/src/Runtime.PPCEABI.H/__restore_fpr.o
[477/967] AS build/GEDE01/src/Runtime.PPCEABI.H/__save_gpr.o
[478/967] AS build/GEDE01/src/Runtime.PPCEABI.H/__restore_gpr.o
[479/967] AS build/GEDE01/src/game/game_fn_801A4874.o
[480/967] AS build/GEDE01/src/game/game_fn_801EDA68.o
[481/967] AS build/GEDE01/src/game/game_fn_801FB698.o
[482/967] AS build/GEDE01/src/game/game_fn_801FB9C8.o
[483/967] MWCC build/GEDE01/src/game/game_fn_801FFE78.o
[484/967] AS build/GEDE01/src/dolphin/base/PPCArch.o
[485/967] MWCC build/GEDE01/src/game/game_fn_80207C88.o
[486/967] EXTERNALIZE build/GEDE01/src/game/game_fn_800A2B8C.o
[487/967] EXTERNALIZE build/GEDE01/src/game/game_fn_801857B4.o
[488/967] EXTERNALIZE build/GEDE01/src/game/game_fn_800DC4D4.o
[489/967] EXTERNALIZE build/GEDE01/src/game/game_fn_80119C70.o
[490/967] EXTERNALIZE STATIC POOL build/GEDE01/src/game/game_fn_80088060.o
build/GEDE01/src/game/game_fn_80088060.o: lbl_8031D3B8 now undefined; section 3 emptied
[491/967] EXTERNALIZE build/GEDE01/src/game/game_fn_80175A08.o
[492/967] EXTERNALIZE build/GEDE01/src/game/game_fn_80066E78.o
[493/967] EXTERNALIZE build/GEDE01/src/game/game_fn_801247F8.o
[494/967] EXTERNALIZE build/GEDE01/src/game/game_fn_801EF910.o
[495/967] EXTERNALIZE build/GEDE01/src/game/game_fn_801ECF50.o
[496/967] EXTERNALIZE JUMPTABLES build/GEDE01/src/game/game_fn_80050B08.o
[497/967] EXTERNALIZE build/GEDE01/src/game/game_fn_801FC204.o
[498/967] EXTERNALIZE build/GEDE01/src/game/game_fn_801EB09C.o
[499/967] EXTERNALIZE build/GEDE01/src/game/game_fn_801EB11C.o
[500/967] EXTERNALIZE build/GEDE01/src/game/game_fn_801D9FE4.o
[501/967] EXTERNALIZE build/GEDE01/src/game/game_fn_801E41AC.o
[502/967] EXTERNALIZE build/GEDE01/src/game/game_fn_801D73D0.o
[503/967] EXTERNALIZE build/GEDE01/src/game/game_fn_801D76A8.o
[504/967] EXTERNALIZE build/GEDE01/src/game/game_fn_801D8050.o
[505/967] EXTERNALIZE build/GEDE01/src/game/game_fn_801D7C24.o
[506/967] EXTERNALIZE build/GEDE01/src/game/game_fn_8019B1BC.o
[507/967] EXTERNALIZE build/GEDE01/src/game/game_fn_80178F88.o
[508/967] EXTERNALIZE build/GEDE01/src/game/game_fn_801CD228.o
[509/967] EXTERNALIZE build/GEDE01/src/game/game_fn_801C970C.o
[510/967] EXTERNALIZE build/GEDE01/src/game/game_fn_801BA15C.o
[511/967] EXTERNALIZE build/GEDE01/src/game/game_fn_801C9510.o
[512/967] EXTERNALIZE build/GEDE01/src/game/game_fn_80126A00.o
[513/967] EXTERNALIZE build/GEDE01/src/game/game_fn_8013D6A4.o
[514/967] EXTERNALIZE build/GEDE01/src/game/game_fn_800C9C60.o
[515/967] EXTERNALIZE build/GEDE01/src/game/game_fn_801B5228.o
[516/967] EXTERNALIZE build/GEDE01/src/game/game_fn_801B4FB4.o
[517/967] EXTERNALIZE build/GEDE01/src/game/game_fn_801C87DC.o
[518/967] EXTERNALIZE build/GEDE01/src/game/game_fn_801C8CC0.o
[519/967] EXTERNALIZE build/GEDE01/src/game/game_fn_801B6F1C.o
[520/967] EXTERNALIZE build/GEDE01/src/game/game_fn_800FD0C8.o
[521/967] EXTERNALIZE build/GEDE01/src/game/game_fn_801BDE7C.o
[522/967] EXTERNALIZE build/GEDE01/src/game/game_fn_801BE0D4.o
[523/967] EXTERNALIZE STATIC POOL build/GEDE01/src/game/game_fn_801C9A08.o
build/GEDE01/src/game/game_fn_801C9A08.o: lbl_80629390 now undefined; section 3 emptied
[524/967] EXTERNALIZE STATIC POOL build/GEDE01/src/game/game_fn_801C9B1C.o
build/GEDE01/src/game/game_fn_801C9B1C.o: lbl_80629390 now undefined; section 3 emptied
[525/967] EXTERNALIZE build/GEDE01/src/game/game_fn_801B941C.o
[526/967] EXTERNALIZE STATIC POOL build/GEDE01/src/game/game_fn_801BD990.o
build/GEDE01/src/game/game_fn_801BD990.o: lbl_80626D80 now undefined; section 6 emptied
[527/967] EXTERNALIZE STATIC POOL build/GEDE01/src/game/game_fn_801B58F0.o
build/GEDE01/src/game/game_fn_801B58F0.o: lbl_8060C020 now undefined; section 3 emptied
[528/967] EXTERNALIZE STATIC POOL build/GEDE01/src/game/game_fn_801B9E7C.o
build/GEDE01/src/game/game_fn_801B9E7C.o: 0 relocation(s) moved from streamInfo to ...bss.0
build/GEDE01/src/game/game_fn_801B9E7C.o: lbl_8061AE48 now undefined; section 6 emptied
[529/967] EXTERNALIZE STATIC POOL build/GEDE01/src/game/game_fn_801BB1A0.o
build/GEDE01/src/game/game_fn_801BB1A0.o: 0 relocation(s) moved from streamInfo to ...bss.0
build/GEDE01/src/game/game_fn_801BB1A0.o: lbl_8061AE48 now undefined; section 6 emptied
[530/967] EXTERNALIZE STATIC POOL build/GEDE01/src/game/game_fn_801BA708.o
build/GEDE01/src/game/game_fn_801BA708.o: 0 relocation(s) moved from streamInfo to ...bss.0
build/GEDE01/src/game/game_fn_801BA708.o: lbl_8061AE48 now undefined; section 6 emptied
[531/967] EXTERNALIZE STATIC build/GEDE01/src/game/game_fn_801B35BC.o
build/GEDE01/src/game/game_fn_801B35BC.o: lbl_8060D420 now undefined; section 6 emptied
[532/967] EXTERNALIZE build/GEDE01/src/game/game_fn_801BA94C.o
build/GEDE01/src/game/game_fn_801BA94C.o: 0 relocation(s) moved from streamInfo to ...bss.0
build/GEDE01/src/game/game_fn_801BA94C.o: lbl_8061AE48 now undefined; section 6 emptied
[533/967] EXTERNALIZE STATIC POOL build/GEDE01/src/game/game_fn_801BC8F4.o
build/GEDE01/src/game/game_fn_801BC8F4.o: lbl_8061C748 now undefined; section 6 emptied
[534/967] EXTERNALIZE STATIC build/GEDE01/src/game/game_fn_801BC240.o
build/GEDE01/src/game/game_fn_801BC240.o: lbl_8061C748 now undefined; section 6 emptied
[535/967] EXTERNALIZE STATIC POOL build/GEDE01/src/game/game_fn_801BCC04.o
build/GEDE01/src/game/game_fn_801BCC04.o: lbl_8061C748 now undefined; section 6 emptied
[536/967] EXTERNALIZE STATIC POOL build/GEDE01/src/game/game_fn_801BC0D4.o
build/GEDE01/src/game/game_fn_801BC0D4.o: lbl_8061C748 now undefined; section 6 emptied
[537/967] EXTERNALIZE STATIC POOL build/GEDE01/src/game/game_fn_801C1CB0.o
build/GEDE01/src/game/game_fn_801C1CB0.o: lbl_80626DA0 now undefined; section 3 emptied
[538/967] RENAME build/GEDE01/src/game/game_InitMetroTRKCommTable.o
[539/967] EXTERNALIZE STATIC POOL build/GEDE01/src/game/game_fn_801CE09C.o
build/GEDE01/src/game/game_fn_801CE09C.o: lbl_80631340 now undefined; section 6 emptied
[540/967] RENAME RUNTIME INTRINSICS build/GEDE01/src/game/game_fn_801CB4F8.o
[541/967] EXTERNALIZE STATIC POOL build/GEDE01/src/game/game_fn_8010242C.o
build/GEDE01/src/game/game_fn_8010242C.o: lbl_8032CC08 now undefined; section 3 emptied
[542/967] EXTERNALIZE build/GEDE01/src/game/game_fn_801D3988.o
[543/967] EXTERNALIZE build/GEDE01/src/game/game_fn_801D1B10.o
[544/967] ALIGN DATA build/GEDE01/src/game/game_fn_8005EF94.o
[545/967] ALIGN DATA build/GEDE01/src/game/game_fn_801A6350.o
[546/967] ALIGN DATA build/GEDE01/src/game/game_fn_80008014.o
[547/967] EXTERNALIZE build/GEDE01/src/game/game_fn_801CE594.o
[548/967] EXTERNALIZE build/GEDE01/src/game/game_fn_8014549C.o
[549/967] EXTERNALIZE build/GEDE01/src/game/game_fn_801C8224.o
[550/967] EXTERNALIZE build/GEDE01/src/game/game_fn_801098C0.o
[551/967] EXTERNALIZE build/GEDE01/src/game/game_fn_80185F10.o
[552/967] EXTERNALIZE build/GEDE01/src/game/game_fn_8000FDE8.o
[553/967] EXTERNALIZE build/GEDE01/src/game/game_fn_801C29BC.o
[554/967] EXTERNALIZE build/GEDE01/src/game/game_fn_801C8F50.o
[555/967] EXTERNALIZE build/GEDE01/src/game/game_fn_8007B828.o
[556/967] EXTERNALIZE build/GEDE01/src/game/game_fn_801C90A4.o
[557/967] EXTERNALIZE build/GEDE01/src/game/game_fn_801C8160.o
[558/967] EXTERNALIZE build/GEDE01/src/game/game_fn_801C2AAC.o
[559/967] EXTERNALIZE build/GEDE01/src/game/game_fn_801C2D9C.o
[560/967] EXTERNALIZE build/GEDE01/src/game/game_fn_801C2980.o
[561/967] EXTERNALIZE build/GEDE01/src/game/game_fn_801B02F0.o
[562/967] EXTERNALIZE build/GEDE01/src/game/game_fn_801AFA74.o
[563/967] EXTERNALIZE build/GEDE01/src/game/game_fn_801AC8AC.o
[564/967] EXTERNALIZE build/GEDE01/src/game/game_fn_801ABD3C.o
[565/967] EXTERNALIZE build/GEDE01/src/game/game_fn_801816D4.o
[566/967] EXTERNALIZE build/GEDE01/src/game/game_fn_8011F140.o
[567/967] EXTERNALIZE build/GEDE01/src/game/game_fn_801AD08C.o
[568/967] EXTERNALIZE build/GEDE01/src/game/game_fn_8004998C.o
[569/967] EXTERNALIZE build/GEDE01/src/game/game_fn_80079AA4.o
[570/967] EXTERNALIZE build/GEDE01/src/game/game_fn_80158D38.o
[571/967] EXTERNALIZE build/GEDE01/src/game/game_fn_801A3A78.o
[572/967] EXTERNALIZE build/GEDE01/src/game/game_fn_8008F224.o
[573/967] EXTERNALIZE build/GEDE01/src/game/game_fn_80167454.o
[574/967] EXTERNALIZE build/GEDE01/src/game/game_fn_800AF230.o
[575/967] EXTERNALIZE build/GEDE01/src/game/game_fn_801A93E8.o
[576/967] EXTERNALIZE build/GEDE01/src/game/game_fn_801AB154.o
[577/967] EXTERNALIZE build/GEDE01/src/game/game_fn_801A7E04.o
[578/967] EXTERNALIZE build/GEDE01/src/game/game_fn_801A7EA8.o
[579/967] EXTERNALIZE build/GEDE01/src/game/game_fn_801A6CB4.o
[580/967] EXTERNALIZE build/GEDE01/src/game/game_fn_801A4CE0.o
[581/967] EXTERNALIZE build/GEDE01/src/game/game_fn_801A6C58.o
[582/967] NAME JUMPTABLE build/GEDE01/src/game/game_fn_801A6ADC.o
[583/967] EXTERNALIZE build/GEDE01/src/game/game_fn_801A6410.o
[584/967] EXTERNALIZE build/GEDE01/src/game/game_fn_801A5FB0.o
[585/967] EXTERNALIZE build/GEDE01/src/game/game_fn_801A1F18.o
[586/967] EXTERNALIZE build/GEDE01/src/game/game_fn_8019E8C8.o
[587/967] EXTERNALIZE build/GEDE01/src/game/game_fn_8019E5E4.o
[588/967] EXTERNALIZE build/GEDE01/src/game/game_fn_8019CFC4.o
[589/967] EXTERNALIZE build/GEDE01/src/game/game_fn_8019CC28.o
[590/967] EXTERNALIZE build/GEDE01/src/game/game_fn_801991E0.o
[591/967] EXTERNALIZE build/GEDE01/src/game/game_fn_80198BF4.o
[592/967] EXTERNALIZE build/GEDE01/src/game/game_fn_80198AAC.o
[593/967] EXTERNALIZE build/GEDE01/src/game/game_fn_80198154.o
[594/967] EXTERNALIZE build/GEDE01/src/game/game_fn_80194F80.o
[595/967] EXTERNALIZE build/GEDE01/src/game/game_fn_80197910.o
[596/967] EXTERNALIZE build/GEDE01/src/game/game_fn_80177434.o
repointed 2 relocations to lbl_80250588
[597/967] EXTERNALIZE build/GEDE01/src/game/game_fn_80193E1C.o
[598/967] EXTERNALIZE build/GEDE01/src/game/game_fn_80193F3C.o
[599/967] EXTERNALIZE build/GEDE01/src/game/game_fn_801931C4.o
[600/967] EXTERNALIZE build/GEDE01/src/game/game_fn_80192F54.o
[601/967] EXTERNALIZE build/GEDE01/src/game/game_fn_80191F58.o
[602/967] EXTERNALIZE build/GEDE01/src/game/game_fn_8019197C.o
[603/967] EXTERNALIZE build/GEDE01/src/game/game_fn_80191360.o
[604/967] GLOBALIZE build/GEDE01/src/game/game_fn_8018F1D0.o
[605/967] EXTERNALIZE build/GEDE01/src/game/game_fn_8018D688.o
[606/967] EXTERNALIZE build/GEDE01/src/game/game_fn_8018F81C.o
[607/967] EXTERNALIZE build/GEDE01/src/game/game_fn_8018D2E0.o
[608/967] EXTERNALIZE build/GEDE01/src/game/game_fn_80189968.o
[609/967] EXTERNALIZE build/GEDE01/src/game/game_fn_80189760.o
[610/967] EXTERNALIZE build/GEDE01/src/game/game_fn_8018D1F0.o
[611/967] EXTERNALIZE build/GEDE01/src/game/game_fn_801896A0.o
[612/967] EXTERNALIZE build/GEDE01/src/game/game_fn_801895E8.o
[613/967] EXTERNALIZE build/GEDE01/src/game/game_fn_80189390.o
[614/967] EXTERNALIZE build/GEDE01/src/game/game_fn_801891D8.o
[615/967] EXTERNALIZE build/GEDE01/src/game/game_fn_80188E28.o
[616/967] EXTERNALIZE build/GEDE01/src/game/game_fn_80189028.o
[617/967] EXTERNALIZE build/GEDE01/src/game/game_fn_80188B44.o
[618/967] EXTERNALIZE build/GEDE01/src/game/game_fn_80188C1C.o
[619/967] EXTERNALIZE build/GEDE01/src/game/game_fn_80188A7C.o
[620/967] EXTERNALIZE build/GEDE01/src/game/game_fn_801878E0.o
[621/967] EXTERNALIZE build/GEDE01/src/game/game_fn_80187120.o
[622/967] EXTERNALIZE build/GEDE01/src/game/game_fn_8018FEDC.o
[623/967] EXTERNALIZE build/GEDE01/src/game/game_fn_801865EC.o
[624/967] EXTERNALIZE build/GEDE01/src/game/game_fn_80186E10.o
[625/967] EXTERNALIZE build/GEDE01/src/game/game_fn_80185AE8.o
[626/967] EXTERNALIZE build/GEDE01/src/game/game_fn_801859FC.o
[627/967] EXTERNALIZE build/GEDE01/src/game/game_fn_80180DDC.o
[628/967] EXTERNALIZE build/GEDE01/src/game/game_fn_8017E958.o
[629/967] EXTERNALIZE build/GEDE01/src/game/game_fn_8017E850.o
[630/967] EXTERNALIZE build/GEDE01/src/game/game_fn_8017718C.o
[631/967] EXTERNALIZE build/GEDE01/src/game/game_fn_801770F8.o
[632/967] EXTERNALIZE build/GEDE01/src/game/game_fn_80176FA0.o
[633/967] EXTERNALIZE build/GEDE01/src/game/game_fn_80174358.o
[634/967] EXTERNALIZE build/GEDE01/src/game/game_fn_80176DF4.o
[635/967] EXTERNALIZE build/GEDE01/src/game/game_fn_80173F04.o
[636/967] EXTERNALIZE build/GEDE01/src/game/game_fn_80174184.o
[637/967] EXTERNALIZE build/GEDE01/src/game/game_fn_8017553C.o
[638/967] EXTERNALIZE build/GEDE01/src/game/game_fn_80173D44.o
[639/967] EXTERNALIZE build/GEDE01/src/game/game_fn_80173770.o
[640/967] EXTERNALIZE build/GEDE01/src/game/game_fn_801734B4.o
[641/967] EXTERNALIZE build/GEDE01/src/game/game_fn_80173270.o
[642/967] EXTERNALIZE build/GEDE01/src/game/game_fn_80172DB8.o
[643/967] EXTERNALIZE build/GEDE01/src/game/game_fn_80172BB0.o
[644/967] EXTERNALIZE build/GEDE01/src/game/game_fn_80172C78.o
[645/967] EXTERNALIZE build/GEDE01/src/game/game_fn_8017250C.o
[646/967] EXTERNALIZE build/GEDE01/src/game/game_fn_801726EC.o
[647/967] EXTERNALIZE build/GEDE01/src/game/game_fn_801719B4.o
[648/967] EXTERNALIZE build/GEDE01/src/game/game_fn_80171F30.o
[649/967] EXTERNALIZE build/GEDE01/src/game/game_fn_80171664.o
[650/967] EXTERNALIZE build/GEDE01/src/game/game_fn_801718F4.o
[651/967] EXTERNALIZE build/GEDE01/src/game/game_fn_8017138C.o
[652/967] EXTERNALIZE build/GEDE01/src/game/game_fn_80170A40.o
[653/967] NORMALIZE build/GEDE01/src/game/game_TRKNubWelcome.o
[654/967] NORMALIZE build/GEDE01/src/game/game_TRK_main.o
[655/967] NORMALIZE build/GEDE01/src/game/game_data_80239E10.o
[656/967] NORMALIZE build/GEDE01/src/game/game_data_80239E18.o
[657/967] EXTERNALIZE build/GEDE01/src/game/game_fn_801706DC.o
[658/967] EXTERNALIZE build/GEDE01/src/game/game_fn_8017652C.o
[659/967] EXTERNALIZE build/GEDE01/src/game/game_fn_80170E9C.o
[660/967] EXTERNALIZE build/GEDE01/src/game/game_fn_80175E64.o
[661/967] EXTERNALIZE build/GEDE01/src/game/game_fn_80175F0C.o
[662/967] EXTERNALIZE build/GEDE01/src/game/game_fn_80176098.o
[663/967] EXTERNALIZE build/GEDE01/src/game/game_fn_80175FD4.o
[664/967] EXTERNALIZE build/GEDE01/src/game/game_fn_80176160.o
[665/967] EXTERNALIZE build/GEDE01/src/game/game_fn_80176220.o
[666/967] EXTERNALIZE build/GEDE01/src/game/game_fn_80170DF4.o
[667/967] EXTERNALIZE build/GEDE01/src/game/game_fn_801762E8.o
[668/967] EXTERNALIZE build/GEDE01/src/game/game_fn_8016E8F8.o
[669/967] EXTERNALIZE build/GEDE01/src/game/game_fn_8016FEF8.o
[670/967] EXTERNALIZE build/GEDE01/src/game/game_fn_801704F8.o
[671/967] NORMALIZE build/GEDE01/src/game/game_fn_8016DF4C.o
[672/967] EXTERNALIZE build/GEDE01/src/game/game_fn_8016D2B8.o
[673/967] EXTERNALIZE build/GEDE01/src/game/game_fn_8016D040.o
[674/967] EXTERNALIZE build/GEDE01/src/game/game_fn_8016D1F8.o
[675/967] EXTERNALIZE build/GEDE01/src/game/game_fn_8016C774.o
[676/967] EXTERNALIZE build/GEDE01/src/game/game_fn_8016C4BC.o
[677/967] EXTERNALIZE build/GEDE01/src/game/game_fn_8016C238.o
[678/967] EXTERNALIZE build/GEDE01/src/game/game_fn_8016C164.o
[679/967] EXTERNALIZE build/GEDE01/src/game/game_fn_8016C0BC.o
[680/967] EXTERNALIZE build/GEDE01/src/game/game_fn_8017038C.o
[681/967] EXTERNALIZE build/GEDE01/src/game/game_fn_8016BE1C.o
[682/967] EXTERNALIZE build/GEDE01/src/game/game_fn_8016BF60.o
[683/967] EXTERNALIZE build/GEDE01/src/game/game_fn_8016BD0C.o
[684/967] EXTERNALIZE build/GEDE01/src/game/game_fn_80169650.o
[685/967] EXTERNALIZE build/GEDE01/src/game/game_fn_80167B5C.o
[686/967] EXTERNALIZE build/GEDE01/src/game/game_fn_8015EDC0.o
[687/967] EXTERNALIZE build/GEDE01/src/game/game_fn_8015DB84.o
[688/967] EXTERNALIZE build/GEDE01/src/game/game_fn_80158B20.o
[689/967] EXTERNALIZE build/GEDE01/src/game/game_fn_8015DC54.o
[690/967] EXTERNALIZE build/GEDE01/src/game/game_fn_8017960C.o
[691/967] EXTERNALIZE build/GEDE01/src/game/game_fn_80179398.o
[692/967] EXTERNALIZE build/GEDE01/src/game/game_fn_80179904.o
[693/967] EXTERNALIZE build/GEDE01/src/game/game_fn_8017974C.o
[694/967] EXTERNALIZE build/GEDE01/src/game/game_fn_80179A18.o
[695/967] EXTERNALIZE build/GEDE01/src/game/game_fn_8017A9B8.o
[696/967] EXTERNALIZE build/GEDE01/src/game/game_fn_80179EB8.o
[697/967] EXTERNALIZE build/GEDE01/src/game/game_fn_80179A74.o
[698/967] EXTERNALIZE build/GEDE01/src/game/game_fn_80179F20.o
[699/967] EXTERNALIZE build/GEDE01/src/game/game_fn_8017A010.o
[700/967] EXTERNALIZE build/GEDE01/src/game/game_fn_8017A12C.o
[701/967] EXTERNALIZE build/GEDE01/src/game/game_fn_80157C0C.o
[702/967] EXTERNALIZE build/GEDE01/src/game/game_fn_8017A1C0.o
[703/967] EXTERNALIZE build/GEDE01/src/game/game_fn_80155814.o
[704/967] EXTERNALIZE build/GEDE01/src/game/game_fn_80153898.o
[705/967] EXTERNALIZE build/GEDE01/src/game/game_fn_8014B494.o
[706/967] EXTERNALIZE build/GEDE01/src/game/game_fn_8014AF38.o
[707/967] EXTERNALIZE build/GEDE01/src/game/game_fn_8012DB28.o
[708/967] EXTERNALIZE build/GEDE01/src/game/game_fn_801141B8.o
[709/967] EXTERNALIZE build/GEDE01/src/game/game_fn_801128E4.o
[710/967] EXTERNALIZE build/GEDE01/src/game/game_fn_801126E0.o
[711/967] EXTERNALIZE build/GEDE01/src/game/game_fn_8010F184.o
[712/967] EXTERNALIZE build/GEDE01/src/game/game_fn_800E4980.o
[713/967] EXTERNALIZE build/GEDE01/src/game/game_fn_800C17EC.o
[714/967] EXTERNALIZE build/GEDE01/src/game/game_fn_800C030C.o
[715/967] EXTERNALIZE build/GEDE01/src/game/game_fn_800C59F0.o
[716/967] EXTERNALIZE build/GEDE01/src/game/game_fn_800C644C.o
[717/967] EXTERNALIZE build/GEDE01/src/game/game_fn_800C65FC.o
[718/967] EXTERNALIZE build/GEDE01/src/game/game_fn_800CB760.o
[719/967] EXTERNALIZE build/GEDE01/src/game/game_fn_800CB8F4.o
[720/967] EXTERNALIZE build/GEDE01/src/game/game_fn_80078500.o
[721/967] EXTERNALIZE build/GEDE01/src/game/game_fn_80079908.o
[722/967] EXTERNALIZE build/GEDE01/src/game/game_fn_8007B2F4.o
[723/967] EXTERNALIZE build/GEDE01/src/game/game_fn_8007B540.o
[724/967] EXTERNALIZE build/GEDE01/src/game/game_fn_8007B640.o
[725/967] EXTERNALIZE build/GEDE01/src/game/game_fn_800886D8.o
[726/967] EXTERNALIZE build/GEDE01/src/game/game_fn_8007BA3C.o
[727/967] EXTERNALIZE build/GEDE01/src/game/game_fn_800934A0.o
[728/967] EXTERNALIZE build/GEDE01/src/game/game_fn_800A3894.o
[729/967] EXTERNALIZE build/GEDE01/src/game/game_fn_800A7E88.o
[730/967] EXTERNALIZE build/GEDE01/src/game/game_fn_800A4798.o
[731/967] GLOBALIZE build/GEDE01/src/game/game_fn_800A2130.o
[732/967] EXTERNALIZE build/GEDE01/src/game/game_fn_800A2FCC.o
[733/967] EXTERNALIZE build/GEDE01/src/game/game_fn_8009C424.o
[734/967] EXTERNALIZE build/GEDE01/src/game/game_fn_80096830.o
[735/967] GLOBALIZE build/GEDE01/src/game/game_fn_8008F890.o
[736/967] EXTERNALIZE SWITCHES build/GEDE01/src/game/game_fn_80095FDC.o
[737/967] EXTERNALIZE build/GEDE01/src/game/game_fn_800A4428.o
[738/967] EXTERNALIZE build/GEDE01/src/game/game_fn_80074310.o
[739/967] GLOBALIZE build/GEDE01/src/game/game_fn_8005FD84.o
[740/967] EXTERNALIZE build/GEDE01/src/game/game_fn_80066888.o
[741/967] EXTERNALIZE build/GEDE01/src/game/game_fn_8005EC6C.o
[742/967] EXTERNALIZE build/GEDE01/src/game/game_fn_80052310.o
[743/967] EXTERNALIZE build/GEDE01/src/game/game_fn_80048B24.o
[744/967] NAME SWITCH build/GEDE01/src/game/game_fn_80020E94.o
[745/967] NAME SWITCH build/GEDE01/src/game/game_fn_8005EE9C.o
[746/967] NAME SWITCH build/GEDE01/src/game/game_fn_8016D9C0.o
[747/967] NAME SWITCH build/GEDE01/src/game/game_fn_80071A58.o
[748/967] EXTERNALIZE build/GEDE01/src/game/game_fn_80048ADC.o
[749/967] NAME SWITCH build/GEDE01/src/game/game_fn_8006B620.o
[750/967] NAME SWITCH build/GEDE01/src/game/game_fn_8001FE1C.o
[751/967] NAME SWITCH build/GEDE01/src/game/game_fn_8001E644.o
[752/967] EXTERNALIZE build/GEDE01/src/game/game_fn_80038878.o
[753/967] EXTERNALIZE build/GEDE01/src/game/game_fn_801B46C8.o
build/GEDE01/src/game/game_fn_801B46C8.o: lbl_8060C020 now undefined; section 6 emptied
[754/967] EXTERNALIZE build/GEDE01/src/game/game_fn_80036C40.o
[755/967] EXTERNALIZE build/GEDE01/src/game/game_fn_800359A0.o
[756/967] EXTERNALIZE build/GEDE01/src/game/game_fn_80033180.o
[757/967] EXTERNALIZE build/GEDE01/src/game/game_fn_80033038.o
[758/967] EXTERNALIZE build/GEDE01/src/game/game_fn_80032B84.o
[759/967] EXTERNALIZE build/GEDE01/src/game/game_fn_8003232C.o
[760/967] EXTERNALIZE build/GEDE01/src/game/game_fn_8002E3F0.o
[761/967] EXTERNALIZE build/GEDE01/src/game/game_fn_8002DAE0.o
[762/967] EXTERNALIZE build/GEDE01/src/game/game_fn_8002EA68.o
[763/967] GLOBALIZE build/GEDE01/src/game/game_fn_8002B748.o
[764/967] EXTERNALIZE build/GEDE01/src/game/game_fn_8002F428.o
[765/967] NAME SWITCHES build/GEDE01/src/game/game_fn_80024F28.o
[766/967] EXTERNALIZE build/GEDE01/src/game/game_fn_800272B4.o
[767/967] EXTERNALIZE build/GEDE01/src/game/game_fn_8001CE94.o
[768/967] EXTERNALIZE build/GEDE01/src/game/game_fn_8001CD58.o
[769/967] EXTERNALIZE build/GEDE01/src/game/game_fn_8001C078.o
[770/967] EXTERNALIZE build/GEDE01/src/game/game_fn_8001B874.o
[771/967] EXTERNALIZE build/GEDE01/src/game/game_fn_8001B808.o
[772/967] EXTERNALIZE build/GEDE01/src/game/game_fn_8001B294.o
[773/967] EXTERNALIZE build/GEDE01/src/game/game_fn_8001B124.o
[774/967] EXTERNALIZE build/GEDE01/src/game/game_fn_8001AF68.o
[775/967] EXTERNALIZE build/GEDE01/src/game/game_fn_8001ADF8.o
[776/967] EXTERNALIZE build/GEDE01/src/game/game_fn_8001AAB8.o
[777/967] EXTERNALIZE build/GEDE01/src/game/game_fn_8001A6C4.o
[778/967] EXTERNALIZE build/GEDE01/src/game/game_fn_80019F98.o
[779/967] EXTERNALIZE build/GEDE01/src/game/game_fn_80019D2C.o
[780/967] EXTERNALIZE build/GEDE01/src/game/game_fn_80019C10.o
[781/967] EXTERNALIZE build/GEDE01/src/game/game_fn_80019940.o
[782/967] EXTERNALIZE build/GEDE01/src/game/game_fn_800194D0.o
[783/967] EXTERNALIZE build/GEDE01/src/game/game_fn_80019244.o
[784/967] EXTERNALIZE build/GEDE01/src/game/game_fn_80019054.o
[785/967] EXTERNALIZE build/GEDE01/src/game/game_fn_80018EF4.o
[786/967] EXTERNALIZE build/GEDE01/src/game/game_fn_80017DB0.o
[787/967] EXTERNALIZE build/GEDE01/src/game/game_fn_80017CC8.o
[788/967] EXTERNALIZE build/GEDE01/src/game/game_fn_80017C3C.o
[789/967] EXTERNALIZE build/GEDE01/src/game/game_fn_80017AE4.o
[790/967] EXTERNALIZE build/GEDE01/src/game/game_fn_80017A3C.o
[791/967] EXTERNALIZE build/GEDE01/src/game/game_fn_800179AC.o
[792/967] EXTERNALIZE build/GEDE01/src/game/game_fn_80017910.o
[793/967] EXTERNALIZE FLAGS build/GEDE01/src/game/game_fn_800119FC.o
[794/967] EXTERNALIZE build/GEDE01/src/game/game_fn_8000F4B0.o
[795/967] EXTERNALIZE build/GEDE01/src/game/game_fn_8000FFD8.o
[796/967] GLOBALIZE build/GEDE01/src/game/game_fn_800094C0.o
[797/967] EXTERNALIZE build/GEDE01/src/game/game_fn_800096E0.o
[798/967] EXTERNALIZE build/GEDE01/src/game/game_fn_8000EFC4.o
[799/967] EXTERNALIZE build/GEDE01/src/game/game_fn_800098C0.o
[800/967] EXTERNALIZE build/GEDE01/src/game/game_fn_800099D8.o
[801/967] EXTERNALIZE build/GEDE01/src/game/game_fn_80009AB4.o
[802/967] EXTERNALIZE build/GEDE01/src/game/game_fn_8000A26C.o
[803/967] EXTERNALIZE build/GEDE01/src/game/game_fn_800176F0.o
[804/967] EXTERNALIZE build/GEDE01/src/game/game_fn_800171C0.o
[805/967] EXTERNALIZE build/GEDE01/src/game/game_fn_8000AEB4.o
[806/967] EXTERNALIZE build/GEDE01/src/game/game_fn_8000AC88.o
[807/967] EXTERNALIZE build/GEDE01/src/game/game_fn_8000AFB4.o
[808/967] EXTERNALIZE build/GEDE01/src/game/game_fn_8000B1B8.o
[809/967] EXTERNALIZE build/GEDE01/src/game/game_fn_8000B36C.o
[810/967] EXTERNALIZE build/GEDE01/src/game/game_fn_8000B630.o
[811/967] EXTERNALIZE build/GEDE01/src/game/game_fn_8000B7FC.o
[812/967] EXTERNALIZE build/GEDE01/src/game/game_fn_8000B900.o
[813/967] EXTERNALIZE build/GEDE01/src/game/game_fn_8000BA0C.o
[814/967] EXTERNALIZE build/GEDE01/src/game/game_fn_8000BAA0.o
[815/967] EXTERNALIZE build/GEDE01/src/game/game_fn_8000BC40.o
[816/967] EXTERNALIZE build/GEDE01/src/game/game_fn_8000C06C.o
[817/967] EXTERNALIZE build/GEDE01/src/game/game_fn_8000C400.o
[818/967] EXTERNALIZE build/GEDE01/src/game/game_fn_8000C17C.o
[819/967] EXTERNALIZE build/GEDE01/src/game/game_fn_8000C91C.o
[820/967] EXTERNALIZE build/GEDE01/src/game/game_fn_8000C848.o
[821/967] EXTERNALIZE build/GEDE01/src/game/game_fn_8000D0BC.o
[822/967] NAME SWITCH build/GEDE01/src/game/game_fn_8000D8A4.o
[823/967] EXTERNALIZE build/GEDE01/src/game/game_fn_8000D3D4.o
[824/967] EXTERNALIZE build/GEDE01/src/game/game_fn_8000E054.o
[825/967] EXTERNALIZE build/GEDE01/src/game/game_fn_8000E0AC.o
[826/967] EXTERNALIZE build/GEDE01/src/game/game_fn_8000E96C.o
[827/967] EXTERNALIZE build/GEDE01/src/game/game_fn_8000F774.o
[828/967] EXTERNALIZE build/GEDE01/src/game/game_fn_8000EB14.o
[829/967] EXTERNALIZE build/GEDE01/src/game/game_fn_8000EBD4.o
[830/967] EXTERNALIZE build/GEDE01/src/game/game_fn_8000ED44.o
[831/967] EXTERNALIZE build/GEDE01/src/game/game_fn_8000E138.o
[832/967] EXTERNALIZE build/GEDE01/src/game/game_fn_8000E1C4.o
[833/967] EXTERNALIZE build/GEDE01/src/game/game_fn_8000D590.o
[834/967] EXTERNALIZE build/GEDE01/src/game/game_fn_8000DA50.o
[835/967] EXTERNALIZE build/GEDE01/src/game/game_fn_8000DAF4.o
[836/967] EXTERNALIZE build/GEDE01/src/game/game_fn_80012DA8.o
[837/967] EXTERNALIZE build/GEDE01/src/game/game_fn_80012F40.o
[838/967] EXTERNALIZE build/GEDE01/src/game/game_fn_80012FD0.o
[839/967] EXTERNALIZE build/GEDE01/src/game/game_fn_800131E8.o
[840/967] EXTERNALIZE build/GEDE01/src/game/game_fn_80013340.o
[841/967] EXTERNALIZE build/GEDE01/src/game/game_fn_80013870.o
[842/967] EXTERNALIZE build/GEDE01/src/game/game_fn_80013CB0.o
[843/967] EXTERNALIZE build/GEDE01/src/game/game_fn_80013D54.o
[844/967] EXTERNALIZE build/GEDE01/src/game/game_fn_800142DC.o
[845/967] EXTERNALIZE build/GEDE01/src/game/game_fn_800144CC.o
[846/967] EXTERNALIZE build/GEDE01/src/game/game_fn_80014784.o
[847/967] EXTERNALIZE build/GEDE01/src/game/game_fn_800149D4.o
[848/967] EXTERNALIZE build/GEDE01/src/game/game_fn_80015058.o
[849/967] EXTERNALIZE build/GEDE01/src/game/game_fn_80015320.o
[850/967] EXTERNALIZE build/GEDE01/src/game/game_fn_80015568.o
[851/967] EXTERNALIZE build/GEDE01/src/game/game_fn_800156FC.o
[852/967] EXTERNALIZE build/GEDE01/src/game/game_fn_80015BE0.o
[853/967] EXTERNALIZE build/GEDE01/src/game/game_fn_80015D40.o
[854/967] EXTERNALIZE build/GEDE01/src/game/game_fn_80015F04.o
[855/967] EXTERNALIZE build/GEDE01/src/game/game_fn_80016128.o
[856/967] EXTERNALIZE build/GEDE01/src/game/game_fn_80016904.o
[857/967] EXTERNALIZE build/GEDE01/src/game/game_fn_80016270.o
[858/967] EXTERNALIZE build/GEDE01/src/game/game_fn_800173CC.o
[859/967] EXTERNALIZE build/GEDE01/src/game/game_fn_80016B24.o
[860/967] EXTERNALIZE build/GEDE01/src/game/game_fn_801BEF40.o
[861/967] EXTERNALIZE build/GEDE01/src/game/game_fn_801B86C0.o
[862/967] EXTERNALIZE STATIC POOL build/GEDE01/src/game/game_fn_801C4B5C.o
build/GEDE01/src/game/game_fn_801C4B5C.o: lbl_80628CB0 now undefined; section 6 emptied
[863/967] EXTERNALIZE build/GEDE01/src/game/game_fn_801C8600.o
[864/967] EXTERNALIZE build/GEDE01/src/game/game_fn_801EAA04.o
[865/967] EXTERNALIZE build/GEDE01/src/game/game_fn_80150400.o
[866/967] EXTERNALIZE build/GEDE01/src/game/game_fn_80150F20.o
[867/967] EXTERNALIZE build/GEDE01/src/game/game_fn_80151600.o
[868/967] EXTERNALIZE build/GEDE01/src/game/game_fn_80151D00.o
[869/967] EXTERNALIZE build/GEDE01/src/game/game_fn_801DE8B4.o
[870/967] EXTERNALIZE build/GEDE01/src/game/game_fn_80173BDC.o
[871/967] EXTERNALIZE build/GEDE01/src/game/game_fn_801E7014.o
[872/967] EXTERNALIZE build/GEDE01/src/game/game_fn_801A4430.o
[873/967] EXTERNALIZE build/GEDE01/src/game/game_fn_8014BA14.o
[874/967] EXTERNALIZE build/GEDE01/src/game/game_fn_800B2EC0.o
[875/967] EXTERNALIZE build/GEDE01/src/game/game_fn_8001CA04.o
[876/967] EXTERNALIZE build/GEDE01/src/game/game_fn_80031544.o
[877/967] EXTERNALIZE build/GEDE01/src/game/game_fn_8006B0F0.o
[878/967] EXTERNALIZE build/GEDE01/src/game/game_fn_8007D4D8.o
[879/967] EXTERNALIZE build/GEDE01/src/game/game_fn_801DDB84.o
[880/967] EXTERNALIZE build/GEDE01/src/game/game_fn_8007F770.o
[881/967] EXTERNALIZE build/GEDE01/src/game/game_fn_80088F4C.o
[882/967] EXTERNALIZE build/GEDE01/src/game/game_fn_8008A2E0.o
[883/967] EXTERNALIZE build/GEDE01/src/game/game_fn_80089A34.o
[884/967] EXTERNALIZE build/GEDE01/src/game/game_fn_80090004.o
[885/967] EXTERNALIZE build/GEDE01/src/game/game_fn_80095D10.o
[886/967] EXTERNALIZE build/GEDE01/src/game/game_fn_800A3180.o
[887/967] EXTERNALIZE build/GEDE01/src/game/game_fn_800BB7A8.o
[888/967] EXTERNALIZE build/GEDE01/src/game/game_fn_800BB5C4.o
[889/967] EXTERNALIZE build/GEDE01/src/game/game_fn_800BB9A4.o
[890/967] EXTERNALIZE build/GEDE01/src/game/game_fn_800BBAF0.o
[891/967] EXTERNALIZE build/GEDE01/src/game/game_fn_800D9064.o
[892/967] EXTERNALIZE build/GEDE01/src/game/game_fn_800D9E10.o
[893/967] EXTERNALIZE build/GEDE01/src/game/game_fn_8012976C.o
[894/967] EXTERNALIZE build/GEDE01/src/game/game_fn_8013DB8C.o
[895/967] EXTERNALIZE build/GEDE01/src/game/game_fn_8013CBE4.o
[896/967] EXTERNALIZE build/GEDE01/src/game/game_fn_8014CA98.o
[897/967] EXTERNALIZE build/GEDE01/src/game/game_fn_80153A24.o
[898/967] EXTERNALIZE build/GEDE01/src/game/game_fn_801535D8.o
[899/967] EXTERNALIZE build/GEDE01/src/game/game_fn_80174F2C.o
[900/967] EXTERNALIZE build/GEDE01/src/game/game_fn_801752B0.o
[901/967] EXTERNALIZE build/GEDE01/src/game/game_fn_8017AC20.o
[902/967] EXTERNALIZE build/GEDE01/src/game/game_fn_801861C4.o
[903/967] EXTERNALIZE build/GEDE01/src/game/game_fn_8018680C.o
[904/967] EXTERNALIZE build/GEDE01/src/game/game_fn_80186F70.o
[905/967] EXTERNALIZE build/GEDE01/src/game/game_fn_80187320.o
[906/967] EXTERNALIZE build/GEDE01/src/game/game_fn_801810A0.o
[907/967] EXTERNALIZE build/GEDE01/src/game/game_fn_801875FC.o
[908/967] EXTERNALIZE build/GEDE01/src/game/game_fn_800542D0.o
[909/967] EXTERNALIZE build/GEDE01/src/game/game_fn_80187BB4.o
[910/967] EXTERNALIZE build/GEDE01/src/game/game_fn_80187E40.o
[911/967] EXTERNALIZE build/GEDE01/src/game/game_fn_80189C14.o
[912/967] EXTERNALIZE build/GEDE01/src/game/game_fn_8018C2D0.o
[913/967] EXTERNALIZE build/GEDE01/src/game/game_fn_8018D400.o
[914/967] EXTERNALIZE build/GEDE01/src/game/game_fn_8018E0D8.o
[915/967] EXTERNALIZE build/GEDE01/src/game/game_fn_8019120C.o
[916/967] EXTERNALIZE build/GEDE01/src/game/game_fn_8018DC24.o
[917/967] EXTERNALIZE build/GEDE01/src/game/game_fn_801926EC.o
[918/967] EXTERNALIZE build/GEDE01/src/game/game_fn_801916D0.o
[919/967] EXTERNALIZE build/GEDE01/src/game/game_fn_801929A4.o
[920/967] EXTERNALIZE build/GEDE01/src/game/game_fn_801952E8.o
[921/967] EXTERNALIZE build/GEDE01/src/game/game_fn_801A2A54.o
[922/967] EXTERNALIZE build/GEDE01/src/game/game_fn_801A34BC.o
[923/967] EXTERNALIZE build/GEDE01/src/game/game_fn_801A657C.o
[924/967] EXTERNALIZE build/GEDE01/src/game/game_fn_801A1F8C.o
[925/967] EXTERNALIZE build/GEDE01/src/game/game_fn_801D1F78.o
[926/967] EXTERNALIZE build/GEDE01/src/game/game_fn_801E2A48.o
[927/967] EXTERNALIZE build/GEDE01/src/game/game_fn_801E6814.o
[928/967] EXTERNALIZE build/GEDE01/src/game/game_fn_801E995C.o
[929/967] EXTERNALIZE build/GEDE01/src/game/game_fn_801EF580.o
[930/967] EXTERNALIZE build/GEDE01/src/game/game_fn_801F0CB0.o
[931/967] EXTERNALIZE build/GEDE01/src/game/game_fn_801F10BC.o
[932/967] EXTERNALIZE build/GEDE01/src/game/game_fn_801F35A8.o
[933/967] EXTERNALIZE build/GEDE01/src/game/game_fn_801ECD74.o
[934/967] EXTERNALIZE build/GEDE01/src/game/game_fn_801ED5F4.o
[935/967] EXTERNALIZE build/GEDE01/src/game/game_fn_801F69F0.o
[936/967] EXTERNALIZE build/GEDE01/src/game/game_fn_801F76EC.o
[937/967] EXTERNALIZE build/GEDE01/src/game/game_fn_801F8264.o
[938/967] EXTERNALIZE build/GEDE01/src/game/game_fn_801F89B4.o
[939/967] EXTERNALIZE build/GEDE01/src/game/game_fn_801F9AF8.o
[940/967] EXTERNALIZE build/GEDE01/src/game/game_fn_801F6BD8.o
[941/967] EXTERNALIZE build/GEDE01/src/game/game_fn_80095E64.o
[942/967] EXTERNALIZE build/GEDE01/src/game/game_fn_801FB6A4.o
[943/967] EXTERNALIZE JUMPTABLES build/GEDE01/src/game/game_fn_800361F8.o
[944/967] EXTERNALIZE JUMPTABLES build/GEDE01/src/game/game_fn_8006E53C.o
[945/967] EXTERNALIZE JUMPTABLES build/GEDE01/src/game/game_fn_800CF598.o
[946/967] EXTERNALIZE JUMPTABLES build/GEDE01/src/game/game_fn_801ACFE8.o
[947/967] EXTERNALIZE build/GEDE01/src/game/game_fn_801E0088.o
[948/967] EXTERNALIZE JUMPTABLES build/GEDE01/src/game/game_fn_801B1BA0.o
[949/967] EXTERNALIZE build/GEDE01/src/game/game_fn_80150A24.o
[950/967] EXTERNALIZE build/GEDE01/src/game/game_fn_80154F74.o
[951/967] EXTERNALIZE build/GEDE01/src/game/game_fn_801E504C.o
[952/967] EXTERNALIZE build/GEDE01/src/game/game_fn_8009E808.o
[953/967] EXTERNALIZE build/GEDE01/src/game/game_fn_801F1A38.o
[954/967] EXTERNALIZE build/GEDE01/src/game/game_fn_801FFE78.o
[955/967] EXTERNALIZE build/GEDE01/src/game/game_fn_801F55A0.o
[956/967] EXTERNALIZE build/GEDE01/src/game/game_fn_801F7510.o
[957/967] EXTERNALIZE build/GEDE01/src/game/game_fn_801F8FAC.o
[958/967] EXTERNALIZE build/GEDE01/src/game/game_fn_801F9CF4.o
[959/967] EXTERNALIZE build/GEDE01/src/game/game_fn_801FC034.o
[960/967] EXTERNALIZE build/GEDE01/src/game/game_fn_801FA9C8.o
[961/967] REPORT
 INFO Loading project .
 INFO Generating report for 7083 units (using 8 threads)
 INFO Report generated in 0.217s
 INFO Writing to build/GEDE01/report.json
[962/967] LINK build/GEDE01/main.elf
### mwldeppc.exe Linker Warning:
#   Section '.ignored' is unknown. Section ignored.
### mwldeppc.exe Linker Warning:
#   Section '.ignored' is unknown. Section ignored.
### mwldeppc.exe Linker Warning:
#   Section '.ignored' is unknown. Section ignored.
### mwldeppc.exe Linker Warning:
#   Section '.ignored' is unknown. Section ignored.
### mwldeppc.exe Linker Warning:
#   Section '.ignored' is unknown. Section ignored.
### mwldeppc.exe Linker Warning:
#   Section '.ignored' is unknown. Section ignored.
### mwldeppc.exe Linker Warning:
#   Section '.ignored' is unknown. Section ignored.
### mwldeppc.exe Linker Warning:
#   Section '.ignored' is unknown. Section ignored.
### mwldeppc.exe Linker Warning:
#   Section '.ignored' is unknown. Section ignored.
### mwldeppc.exe Linker Warning:
#   Section '.ignored' is unknown. Section ignored.
### mwldeppc.exe Linker Warning:
#   Section '.ignored' is unknown. Section ignored.
### mwldeppc.exe Linker Warning:
#   Section '.ignored' is unknown. Section ignored.
### mwldeppc.exe Linker Warning:
#   Section '.ignored' is unknown. Section ignored.
### mwldeppc.exe Linker Warning:
#   Section '.ignored' is unknown. Section ignored.
### mwldeppc.exe Linker Warning:
#   Section '.ignored' is unknown. Section ignored.
### mwldeppc.exe Linker Warning:
#   Section '.ignored' is unknown. Section ignored.
### mwldeppc.exe Linker Warning:
#   Section '.ignored' is unknown. Section ignored.
### mwldeppc.exe Linker Warning:
#   Section '.ignored' is unknown. Section ignored.
### mwldeppc.exe Linker Warning:
#   Section '.ignored' is unknown. Section ignored.
### mwldeppc.exe Linker Warning:
#   Section '.ignored' is unknown. Section ignored.
### mwldeppc.exe Linker Warning:
#   Section '.ignored' is unknown. Section ignored.
### mwldeppc.exe Linker Warning:
#   Section '.ignored' is unknown. Section ignored.
### mwldeppc.exe Linker Warning:
#   Section '.ignored' is unknown. Section ignored.
### mwldeppc.exe Linker Warning:
#   Section '.ignored' is unknown. Section ignored.
### mwldeppc.exe Linker Warning:
#   Section '.ignored' is unknown. Section ignored.
### mwldeppc.exe Linker Warning:
#   Section '.ignored' is unknown. Section ignored.
### mwldeppc.exe Linker Warning:
#   Section '.ignored' is unknown. Section ignored.
### mwldeppc.exe Linker Warning:
#   Section '.ignored' is unknown. Section ignored.
### mwldeppc.exe Linker Warning:
#   Section '.ignored' is unknown. Section ignored.
### mwldeppc.exe Linker Warning:
#   Section '.ignored' is unknown. Section ignored.
### mwldeppc.exe Linker Warning:
#   Section '.ignored' is unknown. Section ignored.
### mwldeppc.exe Linker Warning:
#   Section '.ignored' is unknown. Section ignored.
### mwldeppc.exe Linker Warning:
#   Section '.ignored' is unknown. Section ignored.
### mwldeppc.exe Linker Warning:
#   Section '.ignored' is unknown. Section ignored.
### mwldeppc.exe Linker Warning:
#   Section '.ignored' is unknown. Section ignored.
### mwldeppc.exe Linker Warning:
#   Section '.ignored' is unknown. Section ignored.
### mwldeppc.exe Linker Warning:
#   Section '.ignored' is unknown. Section ignored.
### mwldeppc.exe Linker Warning:
#   Section '.ignored' is unknown. Section ignored.
### mwldeppc.exe Linker Warning:
#   Section '.ignored' is unknown. Section ignored.
### mwldeppc.exe Linker Warning:
#   Section '.ignored' is unknown. Section ignored.
### mwldeppc.exe Linker Warning:
#   Section '.ignored' is unknown. Section ignored.
### mwldeppc.exe Linker Warning:
#   Section '.ignored' is unknown. Section ignored.
### mwldeppc.exe Linker Warning:
#   Section '.ignored' is unknown. Section ignored.
### mwldeppc.exe Linker Warning:
#   Section '.ignored' is unknown. Section ignored.
### mwldeppc.exe Linker Warning:
#   Section '.ignored' is unknown. Section ignored.
### mwldeppc.exe Linker Warning:
#   Section '.ignored' is unknown. Section ignored.
### mwldeppc.exe Linker Warning:
#   Section '.ignored' is unknown. Section ignored.
### mwldeppc.exe Linker Warning:
#   Section '.ignored' is unknown. Section ignored.
### mwldeppc.exe Linker Warning:
#   Section '.ignored' is unknown. Section ignored.
### mwldeppc.exe Linker Warning:
#   Section '.ignored' is unknown. Section ignored.
### mwldeppc.exe Linker Warning:
#   Section '.ignored' is unknown. Section ignored.
### mwldeppc.exe Linker Warning:
#   Section '.ignored' is unknown. Section ignored.
### mwldeppc.exe Linker Warning:
#   Section '.ignored' is unknown. Section ignored.
### mwldeppc.exe Linker Warning:
#   Section '.ignored' is unknown. Section ignored.
### mwldeppc.exe Linker Warning:
#   Section '.ignored' is unknown. Section ignored.
### mwldeppc.exe Linker Warning:
#   Section '.ignored' is unknown. Section ignored.
### mwldeppc.exe Linker Warning:
#   Section '.ignored' is unknown. Section ignored.
### mwldeppc.exe Linker Warning:
#   Section '.ignored' is unknown. Section ignored.
### mwldeppc.exe Linker Warning:
#   Section '.ignored' is unknown. Section ignored.
### mwldeppc.exe Linker Warning:
#   Section '.ignored' is unknown. Section ignored.
### mwldeppc.exe Linker Warning:
#   Section '.ignored' is unknown. Section ignored.
### mwldeppc.exe Linker Warning:
#   Section '.ignored' is unknown. Section ignored.
### mwldeppc.exe Linker Warning:
#   Section '.ignored' is unknown. Section ignored.
### mwldeppc.exe Linker Warning:
#   Section '.ignored' is unknown. Section ignored.
### mwldeppc.exe Linker Warning:
#   Section '.ignored' is unknown. Section ignored.
### mwldeppc.exe Linker Warning:
#   Section '.ignored' is unknown. Section ignored.
### mwldeppc.exe Linker Warning:
#   Section '.ignored' is unknown. Section ignored.
### mwldeppc.exe Linker Warning:
#   Section '.ignored' is unknown. Section ignored.
### mwldeppc.exe Linker Warning:
#   Section '.ignored' is unknown. Section ignored.
### mwldeppc.exe Linker Warning:
#   Section '.ignored' is unknown. Section ignored.
### mwldeppc.exe Linker Warning:
#   Section '.ignored' is unknown. Section ignored.
### mwldeppc.exe Linker Warning:
#   Section '.ignored' is unknown. Section ignored.
### mwldeppc.exe Linker Warning:
#   Section '.ignored' is unknown. Section ignored.
### mwldeppc.exe Linker Warning:
#   Section '.ignored' is unknown. Section ignored.
### mwldeppc.exe Linker Warning:
#   Section '.ignored' is unknown. Section ignored.
### mwldeppc.exe Linker Warning:
#   Section '.ignored' is unknown. Section ignored.
### mwldeppc.exe Linker Warning:
#   Section '.ignored' is unknown. Section ignored.
### mwldeppc.exe Linker Warning:
#   Section '.ignored' is unknown. Section ignored.
### mwldeppc.exe Linker Warning:
#   Section '.ignored' is unknown. Section ignored.
### mwldeppc.exe Linker Warning:
#   Section '.ignored' is unknown. Section ignored.
### mwldeppc.exe Linker Warning:
#   Section '.ignored' is unknown. Section ignored.
### mwldeppc.exe Linker Warning:
#   Section '.ignored' is unknown. Section ignored.
### mwldeppc.exe Linker Warning:
#   Section '.ignored' is unknown. Section ignored.
### mwldeppc.exe Linker Warning:
#   Section '.ignored' is unknown. Section ignored.
### mwldeppc.exe Linker Warning:
#   Section '.ignored' is unknown. Section ignored.
### mwldeppc.exe Linker Warning:
#   Section '.ignored' is unknown. Section ignored.
### mwldeppc.exe Linker Warning:
#   Section '.ignored' is unknown. Section ignored.
### mwldeppc.exe Linker Warning:
#   Section '.ignored' is unknown. Section ignored.
### mwldeppc.exe Linker Warning:
#   Section '.ignored' is unknown. Section ignored.
### mwldeppc.exe Linker Warning:
#   Section '.ignored' is unknown. Section ignored.
### mwldeppc.exe Linker Warning:
#   Section '.ignored' is unknown. Section ignored.
### mwldeppc.exe Linker Warning:
#   Section '.ignored' is unknown. Section ignored.
### mwldeppc.exe Linker Warning:
#   Section '.ignored' is unknown. Section ignored.
### mwldeppc.exe Linker Warning:
#   Section '.ignored' is unknown. Section ignored.
### mwldeppc.exe Linker Warning:
#   Section '.ignored' is unknown. Section ignored.
### mwldeppc.exe Linker Warning:
#   Section '.ignored' is unknown. Section ignored.
### mwldeppc.exe Linker Warning:
#   Section '.ignored' is unknown. Section ignored.
### mwldeppc.exe Linker Warning:
#   Section '.ignored' is unknown. Section ignored.
### mwldeppc.exe Linker Warning:
#   Section '.ignored' is unknown. Section ignored.
### mwldeppc.exe Linker Warning:
#   Section '.ignored' is unknown. Section ignored.
### mwldeppc.exe Linker Warning:
#   Section '.ignored' is unknown. Section ignored.
### mwldeppc.exe Linker Warning:
#   Section '.ignored' is unknown. Section ignored.
### mwldeppc.exe Linker Warning:
#   Section '.ignored' is unknown. Section ignored.
### mwldeppc.exe Linker Warning:
#   Section '.ignored' is unknown. Section ignored.
### mwldeppc.exe Linker Warning:
#   Section '.ignored' is unknown. Section ignored.
### mwldeppc.exe Linker Warning:
#   Section '.ignored' is unknown. Section ignored.
### mwldeppc.exe Linker Warning:
#   Section '.ignored' is unknown. Section ignored.
### mwldeppc.exe Linker Warning:
#   Section '.ignored' is unknown. Section ignored.
### mwldeppc.exe Linker Warning:
#   Section '.ignored' is unknown. Section ignored.
### mwldeppc.exe Linker Warning:
#   Section '.ignored' is unknown. Section ignored.
### mwldeppc.exe Linker Warning:
#   Section '.ignored' is unknown. Section ignored.
### mwldeppc.exe Linker Warning:
#   Section '.ignored' is unknown. Section ignored.
### mwldeppc.exe Linker Warning:
#   Section '.ignored' is unknown. Section ignored.
### mwldeppc.exe Linker Warning:
#   Section '.ignored' is unknown. Section ignored.
### mwldeppc.exe Linker Warning:
#   Section '.ignored' is unknown. Section ignored.
### mwldeppc.exe Linker Warning:
#   Section '.ignored' is unknown. Section ignored.
### mwldeppc.exe Linker Warning:
#   Section '.ignored' is unknown. Section ignored.
### mwldeppc.exe Linker Warning:
#   Section '.ignored' is unknown. Section ignored.
### mwldeppc.exe Linker Warning:
#   Section '.ignored' is unknown. Section ignored.
### mwldeppc.exe Linker Warning:
#   Section '.ignored' is unknown. Section ignored.
### mwldeppc.exe Linker Warning:
#   Section '.ignored' is unknown. Section ignored.
### mwldeppc.exe Linker Warning:
#   Section '.ignored' is unknown. Section ignored.
### mwldeppc.exe Linker Warning:
#   Section '.ignored' is unknown. Section ignored.
### mwldeppc.exe Linker Warning:
#   Section '.ignored' is unknown. Section ignored.
### mwldeppc.exe Linker Warning:
#   Section '.ignored' is unknown. Section ignored.
### mwldeppc.exe Linker Warning:
#   Section '.ignored' is unknown. Section ignored.
### mwldeppc.exe Linker Warning:
#   Section '.ignored' is unknown. Section ignored.
### mwldeppc.exe Linker Warning:
#   Section '.ignored' is unknown. Section ignored.
### mwldeppc.exe Linker Warning:
#   Section '.ignored' is unknown. Section ignored.
### mwldeppc.exe Linker Warning:
#   Section '.ignored' is unknown. Section ignored.
### mwldeppc.exe Linker Warning:
#   Section '.ignored' is unknown. Section ignored.
### mwldeppc.exe Linker Warning:
#   Section '.ignored' is unknown. Section ignored.
### mwldeppc.exe Linker Warning:
#   Section '.ignored' is unknown. Section ignored.
### mwldeppc.exe Linker Warning:
#   Section '.ignored' is unknown. Section ignored.
### mwldeppc.exe Linker Warning:
#   Section '.ignored' is unknown. Section ignored.
### mwldeppc.exe Linker Warning:
#   Section '.ignored' is unknown. Section ignored.
### mwldeppc.exe Linker Warning:
#   Section '.ignored' is unknown. Section ignored.
### mwldeppc.exe Linker Warning:
#   Section '.ignored' is unknown. Section ignored.
### mwldeppc.exe Linker Warning:
#   Section '.ignored' is unknown. Section ignored.
### mwldeppc.exe Linker Warning:
#   Section '.ignored' is unknown. Section ignored.
### mwldeppc.exe Linker Warning:
#   Section '.ignored' is unknown. Section ignored.
### mwldeppc.exe Linker Warning:
#   Section '.ignored' is unknown. Section ignored.
### mwldeppc.exe Linker Warning:
#   Section '.ignored' is unknown. Section ignored.
### mwldeppc.exe Linker Warning:
#   Section '.ignored' is unknown. Section ignored.
### mwldeppc.exe Linker Warning:
#   Section '.ignored' is unknown. Section ignored.
### mwldeppc.exe Linker Warning:
#   Section '.ignored' is unknown. Section ignored.
### mwldeppc.exe Linker Warning:
#   Section '.ignored' is unknown. Section ignored.
### mwldeppc.exe Linker Warning:
#   Section '.ignored' is unknown. Section ignored.
### mwldeppc.exe Linker Warning:
#   Section '.ignored' is unknown. Section ignored.
### mwldeppc.exe Linker Warning:
#   Section '.ignored' is unknown. Section ignored.
### mwldeppc.exe Linker Warning:
#   Section '.ignored' is unknown. Section ignored.
### mwldeppc.exe Linker Warning:
#   Section '.ignored' is unknown. Section ignored.
### mwldeppc.exe Linker Warning:
#   Section '.ignored' is unknown. Section ignored.
### mwldeppc.exe Linker Warning:
#   Section '.ignored' is unknown. Section ignored.
### mwldeppc.exe Linker Warning:
#   Section '.ignored' is unknown. Section ignored.
### mwldeppc.exe Linker Warning:
#   Section '.ignored' is unknown. Section ignored.
### mwldeppc.exe Linker Warning:
#   Section '.ignored' is unknown. Section ignored.
### mwldeppc.exe Linker Warning:
#   Section '.ignored' is unknown. Section ignored.
### mwldeppc.exe Linker Warning:
#   Section '.ignored' is unknown. Section ignored.
### mwldeppc.exe Linker Warning:
#   Section '.ignored' is unknown. Section ignored.
### mwldeppc.exe Linker Warning:
#   Section '.ignored' is unknown. Section ignored.
### mwldeppc.exe Linker Warning:
#   Section '.ignored' is unknown. Section ignored.
### mwldeppc.exe Linker Warning:
#   Section '.ignored' is unknown. Section ignored.
### mwldeppc.exe Linker Warning:
#   Section '.ignored' is unknown. Section ignored.
### mwldeppc.exe Linker Warning:
#   Section '.ignored' is unknown. Section ignored.
### mwldeppc.exe Linker Warning:
#   Section '.ignored' is unknown. Section ignored.
### mwldeppc.exe Linker Warning:
#   Section '.ignored' is unknown. Section ignored.
### mwldeppc.exe Linker Warning:
#   Section '.ignored' is unknown. Section ignored.
### mwldeppc.exe Linker Warning:
#   Section '.ignored' is unknown. Section ignored.
### mwldeppc.exe Linker Warning:
#   Section '.ignored' is unknown. Section ignored.
### mwldeppc.exe Linker Warning:
#   Section '.ignored' is unknown. Section ignored.
### mwldeppc.exe Linker Warning:
#   Section '.ignored' is unknown. Section ignored.
### mwldeppc.exe Linker Warning:
#   Section '.ignored' is unknown. Section ignored.
### mwldeppc.exe Linker Warning:
#   Section '.ignored' is unknown. Section ignored.
### mwldeppc.exe Linker Warning:
#   Section '.ignored' is unknown. Section ignored.
### mwldeppc.exe Linker Warning:
#   Section '.ignored' is unknown. Section ignored.
### mwldeppc.exe Linker Warning:
#   Section '.ignored' is unknown. Section ignored.
### mwldeppc.exe Linker Warning:
#   Section '.ignored' is unknown. Section ignored.
### mwldeppc.exe Linker Warning:
#   Section '.ignored' is unknown. Section ignored.
### mwldeppc.exe Linker Warning:
#   Section '.ignored' is unknown. Section ignored.
### mwldeppc.exe Linker Warning:
#   Section '.ignored' is unknown. Section ignored.
### mwldeppc.exe Linker Warning:
#   Section '.ignored' is unknown. Section ignored.
### mwldeppc.exe Linker Warning:
#   Section '.ignored' is unknown. Section ignored.
### mwldeppc.exe Linker Warning:
#   Section '.ignored' is unknown. Section ignored.
### mwldeppc.exe Linker Warning:
#   Section '.ignored' is unknown. Section ignored.
### mwldeppc.exe Linker Warning:
#   Section '.ignored' is unknown. Section ignored.
### mwldeppc.exe Linker Warning:
#   Section '.ignored' is unknown. Section ignored.
### mwldeppc.exe Linker Warning:
#   Section '.ignored' is unknown. Section ignored.
### mwldeppc.exe Linker Warning:
#   Section '.ignored' is unknown. Section ignored.
### mwldeppc.exe Linker Warning:
#   Section '.ignored' is unknown. Section ignored.
### mwldeppc.exe Linker Warning:
#   Section '.ignored' is unknown. Section ignored.
### mwldeppc.exe Linker Warning:
#   Section '.ignored' is unknown. Section ignored.
### mwldeppc.exe Linker Warning:
#   Section '.ignored' is unknown. Section ignored.
### mwldeppc.exe Linker Warning:
#   Section '.ignored' is unknown. Section ignored.
### mwldeppc.exe Linker Warning:
#   Section '.ignored' is unknown. Section ignored.
### mwldeppc.exe Linker Warning:
#   Section '.ignored' is unknown. Section ignored.
### mwldeppc.exe Linker Warning:
#   Section '.ignored' is unknown. Section ignored.
### mwldeppc.exe Linker Warning:
#   Section '.ignored' is unknown. Section ignored.
### mwldeppc.exe Linker Warning:
#   Section '.ignored' is unknown. Section ignored.
### mwldeppc.exe Linker Warning:
#   Section '.ignored' is unknown. Section ignored.
### mwldeppc.exe Linker Warning:
#   Section '.ignored' is unknown. Section ignored.
### mwldeppc.exe Linker Warning:
#   Section '.ignored' is unknown. Section ignored.
### mwldeppc.exe Linker Warning:
#   Section '.ignored' is unknown. Section ignored.
### mwldeppc.exe Linker Warning:
#   Section '.ignored' is unknown. Section ignored.
### mwldeppc.exe Linker Warning:
#   Section '.ignored' is unknown. Section ignored.
### mwldeppc.exe Linker Warning:
#   Section '.ignored' is unknown. Section ignored.
### mwldeppc.exe Linker Warning:
#   Section '.ignored' is unknown. Section ignored.
### mwldeppc.exe Linker Warning:
#   Section '.ignored' is unknown. Section ignored.
### mwldeppc.exe Linker Warning:
#   Section '.ignored' is unknown. Section ignored.
### mwldeppc.exe Linker Warning:
#   Section '.ignored' is unknown. Section ignored.
### mwldeppc.exe Linker Warning:
#   Section '.ignored' is unknown. Section ignored.
### mwldeppc.exe Linker Warning:
#   Section '.ignored' is unknown. Section ignored.
### mwldeppc.exe Linker Warning:
#   Section '.ignored' is unknown. Section ignored.
### mwldeppc.exe Linker Warning:
#   Section '.ignored' is unknown. Section ignored.
### mwldeppc.exe Linker Warning:
#   Section '.ignored' is unknown. Section ignored.
### mwldeppc.exe Linker Warning:
#   Section '.ignored' is unknown. Section ignored.
### mwldeppc.exe Linker Warning:
#   Section '.ignored' is unknown. Section ignored.
### mwldeppc.exe Linker Warning:
#   Section '.ignored' is unknown. Section ignored.
### mwldeppc.exe Linker Warning:
#   Section '.ignored' is unknown. Section ignored.
### mwldeppc.exe Linker Warning:
#   Section '.ignored' is unknown. Section ignored.
### mwldeppc.exe Linker Warning:
#   Section '.ignored' is unknown. Section ignored.
### mwldeppc.exe Linker Warning:
#   Section '.ignored' is unknown. Section ignored.
### mwldeppc.exe Linker Warning:
#   Section '.ignored' is unknown. Section ignored.
### mwldeppc.exe Linker Warning:
#   Section '.ignored' is unknown. Section ignored.
### mwldeppc.exe Linker Warning:
#   Section '.ignored' is unknown. Section ignored.
### mwldeppc.exe Linker Warning:
#   Section '.ignored' is unknown. Section ignored.
### mwldeppc.exe Linker Warning:
#   Section '.ignored' is unknown. Section ignored.
### mwldeppc.exe Linker Warning:
#   Section '.ignored' is unknown. Section ignored.
### mwldeppc.exe Linker Warning:
#   Section '.ignored' is unknown. Section ignored.
### mwldeppc.exe Linker Warning:
#   Section '.ignored' is unknown. Section ignored.
### mwldeppc.exe Linker Warning:
#   Section '.ignored' is unknown. Section ignored.
### mwldeppc.exe Linker Warning:
#   Section '.ignored' is unknown. Section ignored.
### mwldeppc.exe Linker Warning:
#   Section '.ignored' is unknown. Section ignored.
### mwldeppc.exe Linker Warning:
#   Section '.ignored' is unknown. Section ignored.
### mwldeppc.exe Linker Warning:
#   Section '.ignored' is unknown. Section ignored.
### mwldeppc.exe Linker Warning:
#   Section '.ignored' is unknown. Section ignored.
### mwldeppc.exe Linker Warning:
#   Section '.ignored' is unknown. Section ignored.
### mwldeppc.exe Linker Warning:
#   Section '.ignored' is unknown. Section ignored.
### mwldeppc.exe Linker Warning:
#   Section '.ignored' is unknown. Section ignored.
### mwldeppc.exe Linker Warning:
#   Section '.ignored' is unknown. Section ignored.
### mwldeppc.exe Linker Warning:
#   Section '.ignored' is unknown. Section ignored.
### mwldeppc.exe Linker Warning:
#   Section '.ignored' is unknown. Section ignored.
### mwldeppc.exe Linker Warning:
#   Section '.ignored' is unknown. Section ignored.
### mwldeppc.exe Linker Warning:
#   Section '.ignored' is unknown. Section ignored.
### mwldeppc.exe Linker Warning:
#   Section '.ignored' is unknown. Section ignored.
### mwldeppc.exe Linker Warning:
#   Section '.ignored' is unknown. Section ignored.
### mwldeppc.exe Linker Warning:
#   Section '.ignored' is unknown. Section ignored.
### mwldeppc.exe Linker Warning:
#   Section '.ignored' is unknown. Section ignored.
### mwldeppc.exe Linker Warning:
#   Section '.ignored' is unknown. Section ignored.
### mwldeppc.exe Linker Warning:
#   Section '.ignored' is unknown. Section ignored.
### mwldeppc.exe Linker Warning:
#   Section '.ignored' is unknown. Section ignored.
### mwldeppc.exe Linker Warning:
#   Section '.ignored' is unknown. Section ignored.
### mwldeppc.exe Linker Warning:
#   Section '.ignored' is unknown. Section ignored.
### mwldeppc.exe Linker Warning:
#   Section '.ignored' is unknown. Section ignored.
### mwldeppc.exe Linker Warning:
#   Section '.ignored' is unknown. Section ignored.
### mwldeppc.exe Linker Warning:
#   Section '.ignored' is unknown. Section ignored.
### mwldeppc.exe Linker Warning:
#   Section '.ignored' is unknown. Section ignored.
### mwldeppc.exe Linker Warning:
#   Section '.ignored' is unknown. Section ignored.
### mwldeppc.exe Linker Warning:
#   Section '.ignored' is unknown. Section ignored.
### mwldeppc.exe Linker Warning:
#   Section '.ignored' is unknown. Section ignored.
### mwldeppc.exe Linker Warning:
#   Section '.ignored' is unknown. Section ignored.
### mwldeppc.exe Linker Warning:
#   Section '.ignored' is unknown. Section ignored.
### mwldeppc.exe Linker Warning:
#   Section '.ignored' is unknown. Section ignored.
### mwldeppc.exe Linker Warning:
#   Section '.ignored' is unknown. Section ignored.
### mwldeppc.exe Linker Warning:
#   Section '.ignored' is unknown. Section ignored.
### mwldeppc.exe Linker Warning:
#   Section '.ignored' is unknown. Section ignored.
### mwldeppc.exe Linker Warning:
#   Section '.ignored' is unknown. Section ignored.
### mwldeppc.exe Linker Warning:
#   Section '.ignored' is unknown. Section ignored.
### mwldeppc.exe Linker Warning:
#   Section '.ignored' is unknown. Section ignored.
### mwldeppc.exe Linker Warning:
#   Section '.ignored' is unknown. Section ignored.
### mwldeppc.exe Linker Warning:
#   Section '.ignored' is unknown. Section ignored.
### mwldeppc.exe Linker Warning:
#   Section '.ignored' is unknown. Section ignored.
### mwldeppc.exe Linker Warning:
#   Section '.ignored' is unknown. Section ignored.
### mwldeppc.exe Linker Warning:
#   Section '.ignored' is unknown. Section ignored.
### mwldeppc.exe Linker Warning:
#   Section '.ignored' is unknown. Section ignored.
### mwldeppc.exe Linker Warning:
#   Section '.ignored' is unknown. Section ignored.
### mwldeppc.exe Linker Warning:
#   Section '.ignored' is unknown. Section ignored.
### mwldeppc.exe Linker Warning:
#   Section '.ignored' is unknown. Section ignored.
### mwldeppc.exe Linker Warning:
#   Section '.ignored' is unknown. Section ignored.
### mwldeppc.exe Linker Warning:
#   Section '.ignored' is unknown. Section ignored.
### mwldeppc.exe Linker Warning:
#   Section '.ignored' is unknown. Section ignored.
### mwldeppc.exe Linker Warning:
#   Section '.ignored' is unknown. Section ignored.
### mwldeppc.exe Linker Warning:
#   Section '.ignored' is unknown. Section ignored.
### mwldeppc.exe Linker Warning:
#   Section '.ignored' is unknown. Section ignored.
### mwldeppc.exe Linker Warning:
#   Section '.ignored' is unknown. Section ignored.
### mwldeppc.exe Linker Warning:
#   Section '.ignored' is unknown. Section ignored.
### mwldeppc.exe Linker Warning:
#   Section '.ignored' is unknown. Section ignored.
### mwldeppc.exe Linker Warning:
#   Section '.ignored' is unknown. Section ignored.
### mwldeppc.exe Linker Warning:
#   Section '.ignored' is unknown. Section ignored.
### mwldeppc.exe Linker Warning:
#   Section '.ignored' is unknown. Section ignored.
### mwldeppc.exe Linker Warning:
#   Section '.ignored' is unknown. Section ignored.
### mwldeppc.exe Linker Warning:
#   Section '.ignored' is unknown. Section ignored.
### mwldeppc.exe Linker Warning:
#   Section '.ignored' is unknown. Section ignored.
### mwldeppc.exe Linker Warning:
#   Section '.ignored' is unknown. Section ignored.
### mwldeppc.exe Linker Warning:
#   Section '.ignored' is unknown. Section ignored.
### mwldeppc.exe Linker Warning:
#   Section '.ignored' is unknown. Section ignored.
### mwldeppc.exe Linker Warning:
#   Section '.ignored' is unknown. Section ignored.
### mwldeppc.exe Linker Warning:
#   Section '.ignored' is unknown. Section ignored.
### mwldeppc.exe Linker Warning:
#   Section '.ignored' is unknown. Section ignored.
### mwldeppc.exe Linker Warning:
#   Section '.ignored' is unknown. Section ignored.
### mwldeppc.exe Linker Warning:
#   Section '.ignored' is unknown. Section ignored.
### mwldeppc.exe Linker Warning:
#   Section '.ignored' is unknown. Section ignored.
### mwldeppc.exe Linker Warning:
#   Section '.ignored' is unknown. Section ignored.
### mwldeppc.exe Linker Warning:
#   Section '.ignored' is unknown. Section ignored.
### mwldeppc.exe Linker Warning:
#   Section '.ignored' is unknown. Section ignored.
### mwldeppc.exe Linker Warning:
#   Section '.ignored' is unknown. Section ignored.
### mwldeppc.exe Linker Warning:
#   Section '.ignored' is unknown. Section ignored.
### mwldeppc.exe Linker Warning:
#   Section '.ignored' is unknown. Section ignored.
### mwldeppc.exe Linker Warning:
#   Section '.ignored' is unknown. Section ignored.
### mwldeppc.exe Linker Warning:
#   Section '.ignored' is unknown. Section ignored.
### mwldeppc.exe Linker Warning:
#   Section '.ignored' is unknown. Section ignored.
### mwldeppc.exe Linker Warning:
#   Section '.ignored' is unknown. Section ignored.
### mwldeppc.exe Linker Warning:
#   Section '.ignored' is unknown. Section ignored.
### mwldeppc.exe Linker Warning:
#   Section '.ignored' is unknown. Section ignored.
### mwldeppc.exe Linker Warning:
#   Section '.ignored' is unknown. Section ignored.
### mwldeppc.exe Linker Warning:
#   Section '.ignored' is unknown. Section ignored.
### mwldeppc.exe Linker Warning:
#   Section '.ignored' is unknown. Section ignored.
### mwldeppc.exe Linker Warning:
#   Section '.ignored' is unknown. Section ignored.
### mwldeppc.exe Linker Warning:
#   Section '.ignored' is unknown. Section ignored.
### mwldeppc.exe Linker Warning:
#   Section '.ignored' is unknown. Section ignored.
### mwldeppc.exe Linker Warning:
#   Section '.ignored' is unknown. Section ignored.
### mwldeppc.exe Linker Warning:
#   Section '.ignored' is unknown. Section ignored.
### mwldeppc.exe Linker Warning:
#   Section '.ignored' is unknown. Section ignored.
### mwldeppc.exe Linker Warning:
#   Section '.ignored' is unknown. Section ignored.
### mwldeppc.exe Linker Warning:
#   Section '.ignored' is unknown. Section ignored.
### mwldeppc.exe Linker Warning:
#   Section '.ignored' is unknown. Section ignored.
### mwldeppc.exe Linker Warning:
#   Section '.ignored' is unknown. Section ignored.
### mwldeppc.exe Linker Warning:
#   Section '.ignored' is unknown. Section ignored.
### mwldeppc.exe Linker Warning:
#   Section '.ignored' is unknown. Section ignored.
### mwldeppc.exe Linker Warning:
#   Section '.ignored' is unknown. Section ignored.
### mwldeppc.exe Linker Warning:
#   Section '.ignored' is unknown. Section ignored.
### mwldeppc.exe Linker Warning:
#   Section '.ignored' is unknown. Section ignored.
### mwldeppc.exe Linker Warning:
#   Section '.ignored' is unknown. Section ignored.
### mwldeppc.exe Linker Warning:
#   Section '.ignored' is unknown. Section ignored.
### mwldeppc.exe Linker Warning:
#   Section '.ignored' is unknown. Section ignored.
### mwldeppc.exe Linker Warning:
#   Section '.ignored' is unknown. Section ignored.
### mwldeppc.exe Linker Warning:
#   Section '.ignored' is unknown. Section ignored.
### mwldeppc.exe Linker Warning:
#   Section '.ignored' is unknown. Section ignored.
### mwldeppc.exe Linker Warning:
#   Section '.ignored' is unknown. Section ignored.
### mwldeppc.exe Linker Warning:
#   Section '.ignored' is unknown. Section ignored.
### mwldeppc.exe Linker Warning:
#   Section '.ignored' is unknown. Section ignored.
### mwldeppc.exe Linker Warning:
#   Section '.ignored' is unknown. Section ignored.
### mwldeppc.exe Linker Warning:
#   Section '.ignored' is unknown. Section ignored.
### mwldeppc.exe Linker Warning:
#   Section '.ignored' is unknown. Section ignored.
### mwldeppc.exe Linker Warning:
#   Section '.ignored' is unknown. Section ignored.
### mwldeppc.exe Linker Warning:
#   Section '.ignored' is unknown. Section ignored.
### mwldeppc.exe Linker Warning:
#   Section '.ignored' is unknown. Section ignored.
### mwldeppc.exe Linker Warning:
#   Section '.ignored' is unknown. Section ignored.
### mwldeppc.exe Linker Warning:
#   Section '.ignored' is unknown. Section ignored.
### mwldeppc.exe Linker Warning:
#   Section '.ignored' is unknown. Section ignored.
### mwldeppc.exe Linker Warning:
#   Section '.ignored' is unknown. Section ignored.
### mwldeppc.exe Linker Warning:
#   Section '.ignored' is unknown. Section ignored.
### mwldeppc.exe Linker Warning:
#   Section '.ignored' is unknown. Section ignored.
### mwldeppc.exe Linker Warning:
#   Section '.ignored' is unknown. Section ignored.
### mwldeppc.exe Linker Warning:
#   Section '.ignored' is unknown. Section ignored.
### mwldeppc.exe Linker Warning:
#   Section '.ignored' is unknown. Section ignored.
### mwldeppc.exe Linker Warning:
#   Section '.ignored' is unknown. Section ignored.
### mwldeppc.exe Linker Warning:
#   Section '.ignored' is unknown. Section ignored.
### mwldeppc.exe Linker Warning:
#   Section '.ignored' is unknown. Section ignored.
### mwldeppc.exe Linker Warning:
#   Section '.ignored' is unknown. Section ignored.
### mwldeppc.exe Linker Warning:
#   Section '.ignored' is unknown. Section ignored.
### mwldeppc.exe Linker Warning:
#   Section '.ignored' is unknown. Section ignored.
### mwldeppc.exe Linker Warning:
#   Section '.ignored' is unknown. Section ignored.
### mwldeppc.exe Linker Warning:
#   Section '.ignored' is unknown. Section ignored.
### mwldeppc.exe Linker Warning:
#   Section '.ignored' is unknown. Section ignored.
### mwldeppc.exe Linker Warning:
#   Section '.ignored' is unknown. Section ignored.
### mwldeppc.exe Linker Warning:
#   Section '.ignored' is unknown. Section ignored.
### mwldeppc.exe Linker Warning:
#   Section '.ignored' is unknown. Section ignored.
### mwldeppc.exe Linker Warning:
#   Section '.ignored' is unknown. Section ignored.
### mwldeppc.exe Linker Warning:
#   Section '.ignored' is unknown. Section ignored.
### mwldeppc.exe Linker Warning:
#   Section '.ignored' is unknown. Section ignored.
### mwldeppc.exe Linker Warning:
#   Section '.ignored' is unknown. Section ignored.
### mwldeppc.exe Linker Warning:
#   Section '.ignored' is unknown. Section ignored.
### mwldeppc.exe Linker Warning:
#   Section '.ignored' is unknown. Section ignored.
### mwldeppc.exe Linker Warning:
#   Section '.ignored' is unknown. Section ignored.
### mwldeppc.exe Linker Warning:
#   Section '.ignored' is unknown. Section ignored.
### mwldeppc.exe Linker Warning:
#   Section '.ignored' is unknown. Section ignored.
### mwldeppc.exe Linker Warning:
#   Section '.ignored' is unknown. Section ignored.
### mwldeppc.exe Linker Warning:
#   Section '.ignored' is unknown. Section ignored.
### mwldeppc.exe Linker Warning:
#   Section '.ignored' is unknown. Section ignored.
### mwldeppc.exe Linker Warning:
#   Section '.ignored' is unknown. Section ignored.
### mwldeppc.exe Linker Warning:
#   Section '.ignored' is unknown. Section ignored.
### mwldeppc.exe Linker Warning:
#   Section '.ignored' is unknown. Section ignored.
### mwldeppc.exe Linker Warning:
#   Section '.ignored' is unknown. Section ignored.
### mwldeppc.exe Linker Warning:
#   Section '.ignored' is unknown. Section ignored.
### mwldeppc.exe Linker Warning:
#   Section '.ignored' is unknown. Section ignored.
### mwldeppc.exe Linker Warning:
#   Section '.ignored' is unknown. Section ignored.
### mwldeppc.exe Linker Warning:
#   Section '.ignored' is unknown. Section ignored.
### mwldeppc.exe Linker Warning:
#   Section '.ignored' is unknown. Section ignored.
### mwldeppc.exe Linker Warning:
#   Section '.ignored' is unknown. Section ignored.
### mwldeppc.exe Linker Warning:
#   Section '.ignored' is unknown. Section ignored.
### mwldeppc.exe Linker Warning:
#   Section '.ignored' is unknown. Section ignored.
### mwldeppc.exe Linker Warning:
#   Section '.ignored' is unknown. Section ignored.
### mwldeppc.exe Linker Warning:
#   Section '.ignored' is unknown. Section ignored.
### mwldeppc.exe Linker Warning:
#   Section '.ignored' is unknown. Section ignored.
### mwldeppc.exe Linker Warning:
#   Section '.ignored' is unknown. Section ignored.
### mwldeppc.exe Linker Warning:
#   Section '.ignored' is unknown. Section ignored.
### mwldeppc.exe Linker Warning:
#   Section '.ignored' is unknown. Section ignored.
### mwldeppc.exe Linker Warning:
#   Section '.ignored' is unknown. Section ignored.
### mwldeppc.exe Linker Warning:
#   Section '.ignored' is unknown. Section ignored.
### mwldeppc.exe Linker Warning:
#   Section '.ignored' is unknown. Section ignored.
### mwldeppc.exe Linker Warning:
#   Section '.ignored' is unknown. Section ignored.
### mwldeppc.exe Linker Warning:
#   Section '.ignored' is unknown. Section ignored.
### mwldeppc.exe Linker Warning:
#   Section '.ignored' is unknown. Section ignored.
### mwldeppc.exe Linker Warning:
#   Section '.ignored' is unknown. Section ignored.
### mwldeppc.exe Linker Warning:
#   Section '.ignored' is unknown. Section ignored.
### mwldeppc.exe Linker Warning:
#   Section '.ignored' is unknown. Section ignored.
### mwldeppc.exe Linker Warning:
#   Section '.ignored' is unknown. Section ignored.
### mwldeppc.exe Linker Warning:
#   Section '.ignored' is unknown. Section ignored.
### mwldeppc.exe Linker Warning:
#   Section '.ignored' is unknown. Section ignored.
### mwldeppc.exe Linker Warning:
#   Section '.ignored' is unknown. Section ignored.
### mwldeppc.exe Linker Warning:
#   Section '.ignored' is unknown. Section ignored.
### mwldeppc.exe Linker Warning:
#   Section '.ignored' is unknown. Section ignored.
### mwldeppc.exe Linker Warning:
#   Section '.ignored' is unknown. Section ignored.
### mwldeppc.exe Linker Warning:
#   Section '.ignored' is unknown. Section ignored.
### mwldeppc.exe Linker Warning:
#   Section '.ignored' is unknown. Section ignored.
### mwldeppc.exe Linker Warning:
#   Section '.ignored' is unknown. Section ignored.
### mwldeppc.exe Linker Warning:
#   Section '.ignored' is unknown. Section ignored.
### mwldeppc.exe Linker Warning:
#   Section '.ignored' is unknown. Section ignored.
### mwldeppc.exe Linker Warning:
#   Section '.ignored' is unknown. Section ignored.
### mwldeppc.exe Linker Warning:
#   Section '.ignored' is unknown. Section ignored.
### mwldeppc.exe Linker Warning:
#   Section '.ignored' is unknown. Section ignored.
### mwldeppc.exe Linker Warning:
#   Section '.ignored' is unknown. Section ignored.
### mwldeppc.exe Linker Warning:
#   Section '.ignored' is unknown. Section ignored.
### mwldeppc.exe Linker Warning:
#   Section '.ignored' is unknown. Section ignored.
### mwldeppc.exe Linker Warning:
#   Section '.ignored' is unknown. Section ignored.
### mwldeppc.exe Linker Warning:
#   Section '.ignored' is unknown. Section ignored.
### mwldeppc.exe Linker Warning:
#   Section '.ignored' is unknown. Section ignored.
### mwldeppc.exe Linker Warning:
#   Section '.ignored' is unknown. Section ignored.
### mwldeppc.exe Linker Warning:
#   Section '.ignored' is unknown. Section ignored.
### mwldeppc.exe Linker Warning:
#   Section '.ignored' is unknown. Section ignored.
### mwldeppc.exe Linker Warning:
#   Section '.ignored' is unknown. Section ignored.
### mwldeppc.exe Linker Warning:
#   Section '.ignored' is unknown. Section ignored.
### mwldeppc.exe Linker Warning:
#   Section '.ignored' is unknown. Section ignored.
### mwldeppc.exe Linker Warning:
#   Section '.ignored' is unknown. Section ignored.
### mwldeppc.exe Linker Warning:
#   Section '.ignored' is unknown. Section ignored.
### mwldeppc.exe Linker Warning:
#   Section '.ignored' is unknown. Section ignored.
### mwldeppc.exe Linker Warning:
#   Section '.ignored' is unknown. Section ignored.
### mwldeppc.exe Linker Warning:
#   Section '.ignored' is unknown. Section ignored.
### mwldeppc.exe Linker Warning:
#   Section '.ignored' is unknown. Section ignored.
### mwldeppc.exe Linker Warning:
#   Section '.ignored' is unknown. Section ignored.
### mwldeppc.exe Linker Warning:
#   Section '.ignored' is unknown. Section ignored.
### mwldeppc.exe Linker Warning:
#   Section '.ignored' is unknown. Section ignored.
### mwldeppc.exe Linker Warning:
#   Section '.ignored' is unknown. Section ignored.
### mwldeppc.exe Linker Warning:
#   Section '.ignored' is unknown. Section ignored.
### mwldeppc.exe Linker Warning:
#   Section '.ignored' is unknown. Section ignored.
### mwldeppc.exe Linker Warning:
#   Section '.ignored' is unknown. Section ignored.
### mwldeppc.exe Linker Warning:
#   Section '.ignored' is unknown. Section ignored.
### mwldeppc.exe Linker Warning:
#   Section '.ignored' is unknown. Section ignored.
### mwldeppc.exe Linker Warning:
#   Section '.ignored' is unknown. Section ignored.
### mwldeppc.exe Linker Warning:
#   Section '.ignored' is unknown. Section ignored.
### mwldeppc.exe Linker Warning:
#   Section '.ignored' is unknown. Section ignored.
### mwldeppc.exe Linker Warning:
#   Section '.ignored' is unknown. Section ignored.
### mwldeppc.exe Linker Warning:
#   Section '.ignored' is unknown. Section ignored.
### mwldeppc.exe Linker Warning:
#   Section '.ignored' is unknown. Section ignored.
### mwldeppc.exe Linker Warning:
#   Section '.ignored' is unknown. Section ignored.
### mwldeppc.exe Linker Warning:
#   Section '.ignored' is unknown. Section ignored.
### mwldeppc.exe Linker Warning:
#   Section '.ignored' is unknown. Section ignored.
### mwldeppc.exe Linker Warning:
#   Section '.ignored' is unknown. Section ignored.
### mwldeppc.exe Linker Warning:
#   Section '.ignored' is unknown. Section ignored.
### mwldeppc.exe Linker Warning:
#   Section '.ignored' is unknown. Section ignored.
### mwldeppc.exe Linker Warning:
#   Section '.ignored' is unknown. Section ignored.
### mwldeppc.exe Linker Warning:
#   Section '.ignored' is unknown. Section ignored.
### mwldeppc.exe Linker Warning:
#   Section '.ignored' is unknown. Section ignored.
### mwldeppc.exe Linker Warning:
#   Section '.ignored' is unknown. Section ignored.
### mwldeppc.exe Linker Warning:
#   Section '.ignored' is unknown. Section ignored.
### mwldeppc.exe Linker Warning:
#   Section '.ignored' is unknown. Section ignored.
### mwldeppc.exe Linker Warning:
#   Section '.ignored' is unknown. Section ignored.
### mwldeppc.exe Linker Warning:
#   Section '.ignored' is unknown. Section ignored.
### mwldeppc.exe Linker Warning:
#   Section '.ignored' is unknown. Section ignored.
### mwldeppc.exe Linker Warning:
#   Section '.ignored' is unknown. Section ignored.
### mwldeppc.exe Linker Warning:
#   Section '.ignored' is unknown. Section ignored.
### mwldeppc.exe Linker Warning:
#   Section '.ignored' is unknown. Section ignored.
### mwldeppc.exe Linker Warning:
#   Section '.ignored' is unknown. Section ignored.
### mwldeppc.exe Linker Warning:
#   Section '.ignored' is unknown. Section ignored.
### mwldeppc.exe Linker Warning:
#   Section '.ignored' is unknown. Section ignored.
### mwldeppc.exe Linker Warning:
#   Section '.ignored' is unknown. Section ignored.
### mwldeppc.exe Linker Warning:
#   Section '.ignored' is unknown. Section ignored.
### mwldeppc.exe Linker Warning:
#   Section '.ignored' is unknown. Section ignored.
### mwldeppc.exe Linker Warning:
#   Section '.ignored' is unknown. Section ignored.
### mwldeppc.exe Linker Warning:
#   Section '.ignored' is unknown. Section ignored.
### mwldeppc.exe Linker Warning:
#   Section '.ignored' is unknown. Section ignored.
### mwldeppc.exe Linker Warning:
#   Section '.ignored' is unknown. Section ignored.
### mwldeppc.exe Linker Warning:
#   Section '.ignored' is unknown. Section ignored.
### mwldeppc.exe Linker Warning:
#   Section '.ignored' is unknown. Section ignored.
### mwldeppc.exe Linker Warning:
#   Section '.ignored' is unknown. Section ignored.
### mwldeppc.exe Linker Warning:
#   Section '.ignored' is unknown. Section ignored.
### mwldeppc.exe Linker Warning:
#   Section '.ignored' is unknown. Section ignored.
### mwldeppc.exe Linker Warning:
#   Section '.ignored' is unknown. Section ignored.
### mwldeppc.exe Linker Warning:
#   Section '.ignored' is unknown. Section ignored.
### mwldeppc.exe Linker Warning:
#   Section '.ignored' is unknown. Section ignored.
### mwldeppc.exe Linker Warning:
#   Section '.ignored' is unknown. Section ignored.
### mwldeppc.exe Linker Warning:
#   Section '.ignored' is unknown. Section ignored.
### mwldeppc.exe Linker Warning:
#   Section '.ignored' is unknown. Section ignored.
### mwldeppc.exe Linker Warning:
#   Section '.ignored' is unknown. Section ignored.
### mwldeppc.exe Linker Warning:
#   Section '.ignored' is unknown. Section ignored.
### mwldeppc.exe Linker Warning:
#   Section '.ignored' is unknown. Section ignored.
### mwldeppc.exe Linker Warning:
#   Section '.ignored' is unknown. Section ignored.
### mwldeppc.exe Linker Warning:
#   Section '.ignored' is unknown. Section ignored.
### mwldeppc.exe Linker Warning:
#   Section '.ignored' is unknown. Section ignored.
### mwldeppc.exe Linker Warning:
#   Section '.ignored' is unknown. Section ignored.
### mwldeppc.exe Linker Warning:
#   Section '.ignored' is unknown. Section ignored.
### mwldeppc.exe Linker Warning:
#   Section '.ignored' is unknown. Section ignored.
### mwldeppc.exe Linker Warning:
#   Section '.ignored' is unknown. Section ignored.
### mwldeppc.exe Linker Warning:
#   Section '.ignored' is unknown. Section ignored.
### mwldeppc.exe Linker Warning:
#   Section '.ignored' is unknown. Section ignored.
### mwldeppc.exe Linker Warning:
#   Section '.ignored' is unknown. Section ignored.
### mwldeppc.exe Linker Warning:
#   Section '.ignored' is unknown. Section ignored.
### mwldeppc.exe Linker Warning:
#   Section '.ignored' is unknown. Section ignored.
### mwldeppc.exe Linker Warning:
#   Section '.ignored' is unknown. Section ignored.
### mwldeppc.exe Linker Warning:
#   Section '.ignored' is unknown. Section ignored.
### mwldeppc.exe Linker Warning:
#   Section '.ignored' is unknown. Section ignored.
### mwldeppc.exe Linker Warning:
#   Section '.ignored' is unknown. Section ignored.
### mwldeppc.exe Linker Warning:
#   Section '.ignored' is unknown. Section ignored.
### mwldeppc.exe Linker Warning:
#   Section '.ignored' is unknown. Section ignored.
### mwldeppc.exe Linker Warning:
#   Section '.ignored' is unknown. Section ignored.
### mwldeppc.exe Linker Warning:
#   Section '.ignored' is unknown. Section ignored.
### mwldeppc.exe Linker Warning:
#   Section '.ignored' is unknown. Section ignored.
### mwldeppc.exe Linker Warning:
#   Section '.ignored' is unknown. Section ignored.
### mwldeppc.exe Linker Warning:
#   Section '.ignored' is unknown. Section ignored.
### mwldeppc.exe Linker Warning:
#   Section '.ignored' is unknown. Section ignored.
### mwldeppc.exe Linker Warning:
#   Section '.ignored' is unknown. Section ignored.
### mwldeppc.exe Linker Warning:
#   Section '.ignored' is unknown. Section ignored.
### mwldeppc.exe Linker Warning:
#   Section '.ignored' is unknown. Section ignored.
### mwldeppc.exe Linker Warning:
#   Section '.ignored' is unknown. Section ignored.
### mwldeppc.exe Linker Warning:
#   Section '.ignored' is unknown. Section ignored.
### mwldeppc.exe Linker Warning:
#   Section '.ignored' is unknown. Section ignored.
### mwldeppc.exe Linker Warning:
#   Section '.ignored' is unknown. Section ignored.
### mwldeppc.exe Linker Warning:
#   Section '.ignored' is unknown. Section ignored.
### mwldeppc.exe Linker Warning:
#   Section '.ignored' is unknown. Section ignored.
### mwldeppc.exe Linker Warning:
#   Section '.ignored' is unknown. Section ignored.
### mwldeppc.exe Linker Warning:
#   Section '.ignored' is unknown. Section ignored.
### mwldeppc.exe Linker Warning:
#   Section '.ignored' is unknown. Section ignored.
### mwldeppc.exe Linker Warning:
#   Section '.ignored' is unknown. Section ignored.
### mwldeppc.exe Linker Warning:
#   Section '.ignored' is unknown. Section ignored.
### mwldeppc.exe Linker Warning:
#   Section '.ignored' is unknown. Section ignored.
### mwldeppc.exe Linker Warning:
#   Section '.ignored' is unknown. Section ignored.
### mwldeppc.exe Linker Warning:
#   Section '.ignored' is unknown. Section ignored.
### mwldeppc.exe Linker Warning:
#   Section '.ignored' is unknown. Section ignored.
### mwldeppc.exe Linker Warning:
#   Section '.ignored' is unknown. Section ignored.
### mwldeppc.exe Linker Warning:
#   Section '.ignored' is unknown. Section ignored.
### mwldeppc.exe Linker Warning:
#   Section '.ignored' is unknown. Section ignored.
### mwldeppc.exe Linker Warning:
#   Section '.ignored' is unknown. Section ignored.
### mwldeppc.exe Linker Warning:
#   Section '.ignored' is unknown. Section ignored.
### mwldeppc.exe Linker Warning:
#   Section '.ignored' is unknown. Section ignored.
### mwldeppc.exe Linker Warning:
#   Section '.ignored' is unknown. Section ignored.
### mwldeppc.exe Linker Warning:
#   Section '.ignored' is unknown. Section ignored.
### mwldeppc.exe Linker Warning:
#   Section '.ignored' is unknown. Section ignored.
[963/967] DOL build/GEDE01/main.dol
[964/967] CHECK config/GEDE01/build.sha1
FAILED: [code=1] build/GEDE01/ok
.tools/bin/dtk shasum  -c config/GEDE01/build.sha1 -o build/GEDE01/ok
build/GEDE01/main.dol: FAILED
WARNING: 1 computed checksum(s) did NOT match
ninja: build stopped: subcommand failed.
exit_code=1
[1/955] MWCC build/GEDE01/src/game/game_fn_80008014.o
[2/955] MWCC build/GEDE01/src/game/game_fn_800094C0.o
[3/955] MWCC build/GEDE01/src/game/game_fn_800096E0.o
[4/955] MWCC build/GEDE01/src/game/game_fn_800098C0.o
[5/955] MWCC build/GEDE01/src/game/game_fn_800099D8.o
[6/955] MWCC build/GEDE01/src/game/game_fn_80009AB4.o
[7/955] MWCC build/GEDE01/src/game/game_fn_8000A26C.o
[8/955] MWCC build/GEDE01/src/game/game_fn_8000AC88.o
[9/955] MWCC build/GEDE01/src/game/game_fn_8000AEB4.o
[10/955] MWCC build/GEDE01/src/game/game_fn_8000AFB4.o
[11/955] MWCC build/GEDE01/src/game/game_fn_8000B1B8.o
[12/955] MWCC build/GEDE01/src/game/game_fn_8000B36C.o
[13/955] MWCC build/GEDE01/src/game/game_fn_8000B630.o
[14/955] MWCC build/GEDE01/src/game/game_fn_8000B7FC.o
[15/955] MWCC build/GEDE01/src/game/game_fn_8000B900.o
[16/955] MWCC build/GEDE01/src/game/game_fn_8000BA0C.o
[17/955] MWCC build/GEDE01/src/game/game_fn_8000BAA0.o
[18/955] MWCC build/GEDE01/src/game/game_fn_8000BC40.o
[19/955] MWCC build/GEDE01/src/game/game_fn_8000C06C.o
[20/955] MWCC build/GEDE01/src/game/game_fn_8000C17C.o
[21/955] MWCC build/GEDE01/src/game/game_fn_8000C400.o
[22/955] MWCC build/GEDE01/src/game/game_fn_8000C848.o
[23/955] MWCC build/GEDE01/src/game/game_fn_8000C91C.o
[24/955] MWCC build/GEDE01/src/game/game_fn_8000D0BC.o
[25/955] MWCC build/GEDE01/src/game/game_fn_8000D3D4.o
[26/955] MWCC build/GEDE01/src/game/game_fn_8000D590.o
[27/955] MWCC build/GEDE01/src/game/game_fn_8000D8A4.o
[28/955] MWCC build/GEDE01/src/game/game_fn_8000DA50.o
[29/955] MWCC build/GEDE01/src/game/game_fn_8000DAF4.o
[30/955] MWCC build/GEDE01/src/game/game_fn_8000E054.o
[31/955] MWCC build/GEDE01/src/game/game_fn_8000E0AC.o
[32/955] MWCC build/GEDE01/src/game/game_fn_8000E138.o
[33/955] MWCC build/GEDE01/src/game/game_fn_8000E1C4.o
[34/955] MWCC build/GEDE01/src/game/game_fn_8000E96C.o
[35/955] MWCC build/GEDE01/src/game/game_fn_8000EB14.o
[36/955] MWCC build/GEDE01/src/game/game_fn_8000EBD4.o
[37/955] MWCC build/GEDE01/src/game/game_fn_8000ED44.o
[38/955] MWCC build/GEDE01/src/game/game_fn_8000EFC4.o
[39/955] MWCC build/GEDE01/src/game/game_fn_8000F4B0.o
[40/955] MWCC build/GEDE01/src/game/game_fn_8000F774.o
[41/955] MWCC build/GEDE01/src/game/game_fn_8000FDE8.o
[42/955] MWCC build/GEDE01/src/game/game_fn_8000FFD8.o
[43/955] MWCC build/GEDE01/src/game/game_fn_800119FC.o
[44/955] MWCC build/GEDE01/src/game/game_fn_80012DA8.o
[45/955] MWCC build/GEDE01/src/game/game_fn_80012F40.o
[46/955] MWCC build/GEDE01/src/game/game_fn_80012FD0.o
[47/955] MWCC build/GEDE01/src/game/game_fn_800131E8.o
[48/955] MWCC build/GEDE01/src/game/game_fn_80013340.o
[49/955] MWCC build/GEDE01/src/game/game_fn_80013870.o
[50/955] MWCC build/GEDE01/src/game/game_fn_80013CB0.o
[51/955] MWCC build/GEDE01/src/game/game_fn_80013D54.o
[52/955] MWCC build/GEDE01/src/game/game_fn_800142DC.o
[53/955] MWCC build/GEDE01/src/game/game_fn_800144CC.o
[54/955] MWCC build/GEDE01/src/game/game_fn_80014784.o
[55/955] MWCC build/GEDE01/src/game/game_fn_800149D4.o
[56/955] MWCC build/GEDE01/src/game/game_fn_80015058.o
[57/955] MWCC build/GEDE01/src/game/game_fn_80015320.o
[58/955] MWCC build/GEDE01/src/game/game_fn_80015568.o
[59/955] MWCC build/GEDE01/src/game/game_fn_800156FC.o
[60/955] MWCC build/GEDE01/src/game/game_fn_80015BE0.o
[61/955] MWCC build/GEDE01/src/game/game_fn_80015D40.o
[62/955] MWCC build/GEDE01/src/game/game_fn_80015F04.o
[63/955] MWCC build/GEDE01/src/game/game_fn_80016128.o
[64/955] MWCC build/GEDE01/src/game/game_fn_80016270.o
[65/955] MWCC build/GEDE01/src/game/game_fn_80016904.o
[66/955] MWCC build/GEDE01/src/game/game_fn_80016B24.o
[67/955] MWCC build/GEDE01/src/game/game_fn_800171C0.o
[68/955] MWCC build/GEDE01/src/game/game_fn_800173CC.o
[69/955] MWCC build/GEDE01/src/game/game_fn_800176F0.o
[70/955] MWCC build/GEDE01/src/game/game_fn_80017910.o
[71/955] MWCC build/GEDE01/src/game/game_fn_800179AC.o
[72/955] MWCC build/GEDE01/src/game/game_fn_80017A3C.o
[73/955] MWCC build/GEDE01/src/game/game_fn_80017AE4.o
[74/955] MWCC build/GEDE01/src/game/game_fn_80017C3C.o
[75/955] MWCC build/GEDE01/src/game/game_fn_80017CC8.o
[76/955] MWCC build/GEDE01/src/game/game_fn_80017DB0.o
[77/955] MWCC build/GEDE01/src/game/game_fn_80018EF4.o
[78/955] MWCC build/GEDE01/src/game/game_fn_80019054.o
[79/955] MWCC build/GEDE01/src/game/game_fn_80019244.o
[80/955] MWCC build/GEDE01/src/game/game_fn_800194D0.o
[81/955] MWCC build/GEDE01/src/game/game_fn_80019940.o
[82/955] MWCC build/GEDE01/src/game/game_fn_80019C10.o
[83/955] MWCC build/GEDE01/src/game/game_fn_80019D2C.o
[84/955] MWCC build/GEDE01/src/game/game_fn_80019F98.o
[85/955] MWCC build/GEDE01/src/game/game_fn_8001A6C4.o
[86/955] MWCC build/GEDE01/src/game/game_fn_8001AAB8.o
[87/955] MWCC build/GEDE01/src/game/game_fn_8001ADF8.o
[88/955] MWCC build/GEDE01/src/game/game_fn_8001AF68.o
[89/955] MWCC build/GEDE01/src/game/game_fn_8001B124.o
[90/955] MWCC build/GEDE01/src/game/game_fn_8001B808.o
[91/955] MWCC build/GEDE01/src/game/game_fn_8001B294.o
[92/955] MWCC build/GEDE01/src/game/game_fn_8001C078.o
[93/955] MWCC build/GEDE01/src/game/game_fn_8001B874.o
[94/955] MWCC build/GEDE01/src/game/game_fn_8001CA04.o
[95/955] MWCC build/GEDE01/src/game/game_fn_8001CD58.o
[96/955] MWCC build/GEDE01/src/game/game_fn_8001CE94.o
[97/955] MWCC build/GEDE01/src/game/game_fn_8001E644.o
[98/955] MWCC build/GEDE01/src/game/game_fn_8001FE1C.o
[99/955] MWCC build/GEDE01/src/game/game_fn_80020E94.o
[100/955] MWCC build/GEDE01/src/game/game_fn_800272B4.o
[101/955] MWCC build/GEDE01/src/game/game_fn_80024F28.o
[102/955] MWCC build/GEDE01/src/game/game_fn_8002B748.o
[103/955] MWCC build/GEDE01/src/game/game_fn_8002DAE0.o
[104/955] MWCC build/GEDE01/src/game/game_fn_8002E3F0.o
[105/955] MWCC build/GEDE01/src/game/game_fn_8002EA68.o
[106/955] MWCC build/GEDE01/src/game/game_fn_8002F428.o
[107/955] MWCC build/GEDE01/src/game/game_fn_80031544.o
[108/955] MWCC build/GEDE01/src/game/game_fn_8003232C.o
[109/955] MWCC build/GEDE01/src/game/game_fn_80032B84.o
[110/955] MWCC build/GEDE01/src/game/game_fn_80033038.o
[111/955] MWCC build/GEDE01/src/game/game_fn_80033180.o
[112/955] MWCC build/GEDE01/src/game/game_fn_800359A0.o
[113/955] MWCC build/GEDE01/src/game/game_fn_800361F8.o
[114/955] MWCC build/GEDE01/src/game/game_fn_80036C40.o
[115/955] MWCC build/GEDE01/src/game/game_fn_80038878.o
[116/955] MWCC build/GEDE01/src/game/game_fn_80048ADC.o
[117/955] MWCC build/GEDE01/src/game/game_fn_80048B24.o
[118/955] MWCC build/GEDE01/src/game/game_fn_8004998C.o
[119/955] MWCC build/GEDE01/src/game/game_fn_80050B08.o
[120/955] MWCC build/GEDE01/src/game/game_fn_80052310.o
[121/955] MWCC build/GEDE01/src/game/game_fn_800542D0.o
[122/955] MWCC build/GEDE01/src/game/game_fn_8005EC6C.o
[123/955] MWCC build/GEDE01/src/game/game_fn_8005EE9C.o
[124/955] MWCC build/GEDE01/src/game/game_fn_8005EF94.o
[125/955] MWCC build/GEDE01/src/game/game_data_80239E10.o
[126/955] MWCC build/GEDE01/src/game/game_data_80239E18.o
[127/955] MWCC build/GEDE01/src/game/game_fn_8005FD84.o
[128/955] MWCC build/GEDE01/src/game/game_fn_80066888.o
[129/955] MWCC build/GEDE01/src/game/game_fn_80066E78.o
[130/955] MWCC build/GEDE01/src/game/game_fn_8006B0F0.o
[131/955] MWCC build/GEDE01/src/game/game_fn_8006B620.o
[132/955] MWCC build/GEDE01/src/game/game_fn_8006E53C.o
[133/955] MWCC build/GEDE01/src/game/game_fn_80071A58.o
[134/955] MWCC build/GEDE01/src/game/game_fn_80074310.o
[135/955] MWCC build/GEDE01/src/game/game_fn_80078500.o
[136/955] MWCC build/GEDE01/src/game/game_fn_80079908.o
[137/955] MWCC build/GEDE01/src/game/game_fn_80079AA4.o
[138/955] MWCC build/GEDE01/src/game/game_fn_8007B2F4.o
[139/955] MWCC build/GEDE01/src/game/game_fn_8007B540.o
[140/955] MWCC build/GEDE01/src/game/game_fn_8007B640.o
[141/955] MWCC build/GEDE01/src/game/game_fn_8007B828.o
[142/955] MWCC build/GEDE01/src/game/game_fn_8007BA3C.o
[143/955] MWCC build/GEDE01/src/game/game_fn_8007D4D8.o
[144/955] MWCC build/GEDE01/src/game/game_fn_8007F770.o
[145/955] MWCC build/GEDE01/src/game/game_fn_80088060.o
[146/955] MWCC build/GEDE01/src/game/game_fn_800886D8.o
[147/955] MWCC build/GEDE01/src/game/game_fn_80088F4C.o
[148/955] MWCC build/GEDE01/src/game/game_fn_80089A34.o
[149/955] MWCC build/GEDE01/src/game/game_fn_8008A2E0.o
[150/955] MWCC build/GEDE01/src/game/game_fn_8008F224.o
[151/955] MWCC build/GEDE01/src/game/game_fn_8008F890.o
[152/955] MWCC build/GEDE01/src/game/game_fn_80090004.o
[153/955] MWCC build/GEDE01/src/game/game_fn_800934A0.o
[154/955] MWCC build/GEDE01/src/game/game_fn_80095D10.o
[155/955] MWCC build/GEDE01/src/game/game_fn_80095E64.o
[156/955] MWCC build/GEDE01/src/game/game_fn_80095FDC.o
[157/955] MWCC build/GEDE01/src/game/game_fn_80096830.o
[158/955] MWCC build/GEDE01/src/game/game_fn_8009C424.o
[159/955] MWCC build/GEDE01/src/game/game_fn_8009E808.o
[160/955] MWCC build/GEDE01/src/game/game_fn_800A2130.o
[161/955] MWCC build/GEDE01/src/game/game_fn_800A2B8C.o
[162/955] MWCC build/GEDE01/src/game/game_fn_800A2FCC.o
[163/955] MWCC build/GEDE01/src/game/game_fn_800A3180.o
[164/955] MWCC build/GEDE01/src/game/game_fn_800A3894.o
[165/955] MWCC build/GEDE01/src/game/game_fn_800A4428.o
[166/955] MWCC build/GEDE01/src/game/game_fn_800A4798.o
[167/955] MWCC build/GEDE01/src/game/game_fn_800A7E88.o
[168/955] MWCC build/GEDE01/src/game/game_fn_800AF230.o
[169/955] MWCC build/GEDE01/src/game/game_fn_800B2EC0.o
[170/955] MWCC build/GEDE01/src/game/game_fn_800BB5C4.o
[171/955] MWCC build/GEDE01/src/game/game_fn_800BB7A8.o
[172/955] MWCC build/GEDE01/src/game/game_fn_800BB9A4.o
[173/955] MWCC build/GEDE01/src/game/game_fn_800BBAF0.o
[174/955] MWCC build/GEDE01/src/game/game_fn_800C030C.o
[175/955] MWCC build/GEDE01/src/game/game_fn_800C17EC.o
[176/955] MWCC build/GEDE01/src/game/game_fn_800C59F0.o
[177/955] MWCC build/GEDE01/src/game/game_fn_800C644C.o
[178/955] MWCC build/GEDE01/src/game/game_fn_800C65FC.o
[179/955] MWCC build/GEDE01/src/game/game_fn_800C9C60.o
[180/955] MWCC build/GEDE01/src/game/game_fn_800CB8F4.o
[181/955] MWCC build/GEDE01/src/game/game_fn_800CB760.o
[182/955] MWCC build/GEDE01/src/game/game_fn_800CF598.o
[183/955] MWCC build/GEDE01/src/game/game_fn_800D9064.o
[184/955] MWCC build/GEDE01/src/game/game_fn_800D9E10.o
[185/955] MWCC build/GEDE01/src/game/game_fn_800DC4D4.o
[186/955] MWCC build/GEDE01/src/game/game_fn_800E4980.o
[187/955] MWCC build/GEDE01/src/game/game_TRKNubWelcome.o
[188/955] MWCC build/GEDE01/src/game/game_TRK_main.o
[189/955] MWCC build/GEDE01/src/game/game_InitMetroTRKCommTable.o
[190/955] MWCC build/GEDE01/src/game/game_fn_800FD0C8.o
[191/955] MWCC build/GEDE01/src/game/game_fn_8010242C.o
[192/955] MWCC build/GEDE01/src/game/game_fn_801098C0.o
[193/955] MWCC build/GEDE01/src/game/game_fn_8010F184.o
[194/955] MWCC build/GEDE01/src/game/game_fn_801126E0.o
[195/955] MWCC build/GEDE01/src/game/game_fn_801128E4.o
[196/955] MWCC build/GEDE01/src/game/game_fn_801141B8.o
[197/955] MWCC build/GEDE01/src/game/game_fn_80119C70.o
[198/955] MWCC build/GEDE01/src/game/game_fn_8011F140.o
[199/955] MWCC build/GEDE01/src/game/game_fn_801247F8.o
[200/955] MWCC build/GEDE01/src/game/game_fn_80126A00.o
[201/955] MWCC build/GEDE01/src/game/game_fn_8012976C.o
[202/955] MWCC build/GEDE01/src/game/game_fn_8012DB28.o
[203/955] MWCC build/GEDE01/src/game/game_fn_8013CBE4.o
[204/955] MWCC build/GEDE01/src/game/game_fn_8013D6A4.o
[205/955] MWCC build/GEDE01/src/game/game_fn_8013DB8C.o
[206/955] MWCC build/GEDE01/src/game/game_fn_8014549C.o
[207/955] MWCC build/GEDE01/src/game/game_fn_8014AF38.o
[208/955] MWCC build/GEDE01/src/game/game_fn_8014B494.o
[209/955] MWCC build/GEDE01/src/game/game_fn_8014BA14.o
[210/955] MWCC build/GEDE01/src/game/game_fn_8014CA98.o
[211/955] MWCC build/GEDE01/src/game/game_fn_80150400.o
[212/955] MWCC build/GEDE01/src/game/game_fn_80150A24.o
[213/955] MWCC build/GEDE01/src/game/game_fn_80150F20.o
[214/955] MWCC build/GEDE01/src/game/game_fn_80151600.o
[215/955] MWCC build/GEDE01/src/game/game_fn_80151D00.o
[216/955] MWCC build/GEDE01/src/game/game_fn_801535D8.o
[217/955] MWCC build/GEDE01/src/game/game_fn_80153898.o
[218/955] MWCC build/GEDE01/src/game/game_fn_80153A24.o
[219/955] MWCC build/GEDE01/src/game/game_fn_80154F74.o
[220/955] MWCC build/GEDE01/src/game/game_fn_80155814.o
[221/955] MWCC build/GEDE01/src/game/game_fn_80157C0C.o
[222/955] MWCC build/GEDE01/src/game/game_fn_80158B20.o
[223/955] MWCC build/GEDE01/src/game/game_fn_80158D38.o
[224/955] MWCC build/GEDE01/src/game/game_fn_8015DB84.o
[225/955] MWCC build/GEDE01/src/game/game_fn_8015DC54.o
[226/955] MWCC build/GEDE01/src/game/game_fn_8015EDC0.o
[227/955] MWCC build/GEDE01/src/game/game_fn_80167454.o
[228/955] MWCC build/GEDE01/src/game/game_fn_80167B5C.o
[229/955] MWCC build/GEDE01/src/game/game_fn_80169650.o
[230/955] MWCC build/GEDE01/src/game/game_fn_8016BD0C.o
[231/955] MWCC build/GEDE01/src/game/game_fn_8016BE1C.o
[232/955] MWCC build/GEDE01/src/game/game_fn_8016BF60.o
[233/955] MWCC build/GEDE01/src/game/game_fn_8016C0BC.o
[234/955] MWCC build/GEDE01/src/game/game_fn_8016C164.o
[235/955] MWCC build/GEDE01/src/game/game_fn_8016C238.o
[236/955] MWCC build/GEDE01/src/game/game_fn_8016C4BC.o
[237/955] MWCC build/GEDE01/src/game/game_fn_8016C774.o
[238/955] MWCC build/GEDE01/src/game/game_fn_8016D040.o
[239/955] MWCC build/GEDE01/src/game/game_fn_8016D1F8.o
[240/955] MWCC build/GEDE01/src/game/game_fn_8016D2B8.o
[241/955] MWCC build/GEDE01/src/game/game_fn_8016D9C0.o
[242/955] MWCC build/GEDE01/src/game/game_fn_8016DF4C.o
[243/955] MWCC build/GEDE01/src/game/game_fn_8016E8F8.o
[244/955] MWCC build/GEDE01/src/game/game_fn_8016FEF8.o
[245/955] MWCC build/GEDE01/src/game/game_fn_8017038C.o
[246/955] MWCC build/GEDE01/src/game/game_fn_801704F8.o
[247/955] MWCC build/GEDE01/src/game/game_fn_801706DC.o
[248/955] MWCC build/GEDE01/src/game/game_fn_80170A40.o
[249/955] MWCC build/GEDE01/src/game/game_fn_80170DF4.o
[250/955] MWCC build/GEDE01/src/game/game_fn_80170E9C.o
[251/955] MWCC build/GEDE01/src/game/game_fn_8017138C.o
[252/955] MWCC build/GEDE01/src/game/game_fn_80171664.o
[253/955] MWCC build/GEDE01/src/game/game_fn_801718F4.o
[254/955] MWCC build/GEDE01/src/game/game_fn_801719B4.o
[255/955] MWCC build/GEDE01/src/game/game_fn_80171F30.o
[256/955] MWCC build/GEDE01/src/game/game_fn_8017250C.o
[257/955] MWCC build/GEDE01/src/game/game_fn_801726EC.o
[258/955] MWCC build/GEDE01/src/game/game_fn_80172BB0.o
[259/955] MWCC build/GEDE01/src/game/game_fn_80172C78.o
[260/955] MWCC build/GEDE01/src/game/game_fn_80172DB8.o
[261/955] MWCC build/GEDE01/src/game/game_fn_801734B4.o
[262/955] MWCC build/GEDE01/src/game/game_fn_80173270.o
[263/955] MWCC build/GEDE01/src/game/game_fn_80173BDC.o
[264/955] MWCC build/GEDE01/src/game/game_fn_80173770.o
[265/955] MWCC build/GEDE01/src/game/game_fn_80173D44.o
[266/955] MWCC build/GEDE01/src/game/game_fn_80173F04.o
[267/955] MWCC build/GEDE01/src/game/game_fn_80174184.o
[268/955] MWCC build/GEDE01/src/game/game_fn_80174358.o
[269/955] MWCC build/GEDE01/src/game/game_fn_80174F2C.o
[270/955] MWCC build/GEDE01/src/game/game_fn_801752B0.o
[271/955] MWCC build/GEDE01/src/game/game_fn_8017553C.o
[272/955] MWCC build/GEDE01/src/game/game_fn_80175A08.o
[273/955] MWCC build/GEDE01/src/game/game_fn_80175F0C.o
[274/955] MWCC build/GEDE01/src/game/game_fn_80175E64.o
[275/955] MWCC build/GEDE01/src/game/game_fn_80175FD4.o
[276/955] MWCC build/GEDE01/src/game/game_fn_80176098.o
[277/955] MWCC build/GEDE01/src/game/game_fn_80176160.o
[278/955] MWCC build/GEDE01/src/game/game_fn_80176220.o
[279/955] MWCC build/GEDE01/src/game/game_fn_801762E8.o
[280/955] MWCC build/GEDE01/src/game/game_fn_8017652C.o
[281/955] MWCC build/GEDE01/src/game/game_fn_80176DF4.o
[282/955] MWCC build/GEDE01/src/game/game_fn_80176FA0.o
[283/955] MWCC build/GEDE01/src/game/game_fn_801770F8.o
[284/955] MWCC build/GEDE01/src/game/game_fn_8017718C.o
[285/955] MWCC build/GEDE01/src/game/game_fn_80178F88.o
[286/955] MWCC build/GEDE01/src/game/game_fn_80177434.o
[287/955] MWCC build/GEDE01/src/game/game_fn_80179398.o
[288/955] MWCC build/GEDE01/src/game/game_fn_8017960C.o
[289/955] MWCC build/GEDE01/src/game/game_fn_8017974C.o
[290/955] MWCC build/GEDE01/src/game/game_fn_80179904.o
[291/955] MWCC build/GEDE01/src/game/game_fn_80179A18.o
[292/955] MWCC build/GEDE01/src/game/game_fn_80179A74.o
[293/955] MWCC build/GEDE01/src/game/game_fn_80179EB8.o
[294/955] MWCC build/GEDE01/src/game/game_fn_80179F20.o
[295/955] MWCC build/GEDE01/src/game/game_fn_8017A010.o
[296/955] MWCC build/GEDE01/src/game/game_fn_8017A12C.o
[297/955] MWCC build/GEDE01/src/game/game_fn_8017A1C0.o
[298/955] MWCC build/GEDE01/src/game/game_fn_8017A9B8.o
[299/955] MWCC build/GEDE01/src/game/game_fn_8017AC20.o
[300/955] MWCC build/GEDE01/src/game/game_fn_8017E850.o
[301/955] MWCC build/GEDE01/src/game/game_fn_8017E958.o
[302/955] MWCC build/GEDE01/src/game/game_fn_80180DDC.o
[303/955] MWCC build/GEDE01/src/game/game_fn_801810A0.o
[304/955] MWCC build/GEDE01/src/game/game_fn_801816D4.o
[305/955] MWCC build/GEDE01/src/game/game_fn_801857B4.o
[306/955] MWCC build/GEDE01/src/game/game_fn_801859FC.o
[307/955] MWCC build/GEDE01/src/game/game_fn_80185AE8.o
[308/955] MWCC build/GEDE01/src/game/game_fn_80185F10.o
[309/955] MWCC build/GEDE01/src/game/game_fn_801861C4.o
[310/955] MWCC build/GEDE01/src/game/game_fn_801865EC.o
[311/955] MWCC build/GEDE01/src/game/game_fn_8018680C.o
[312/955] MWCC build/GEDE01/src/game/game_fn_80186E10.o
[313/955] MWCC build/GEDE01/src/game/game_fn_80186F70.o
[314/955] MWCC build/GEDE01/src/game/game_fn_80187120.o
[315/955] MWCC build/GEDE01/src/game/game_fn_80187320.o
[316/955] MWCC build/GEDE01/src/game/game_fn_801875FC.o
[317/955] MWCC build/GEDE01/src/game/game_fn_801878E0.o
[318/955] MWCC build/GEDE01/src/game/game_fn_80187BB4.o
[319/955] MWCC build/GEDE01/src/game/game_fn_80187E40.o
[320/955] MWCC build/GEDE01/src/game/game_fn_80188A7C.o
[321/955] MWCC build/GEDE01/src/game/game_fn_80188B44.o
[322/955] MWCC build/GEDE01/src/game/game_fn_80188C1C.o
[323/955] MWCC build/GEDE01/src/game/game_fn_80188E28.o
[324/955] MWCC build/GEDE01/src/game/game_fn_80189028.o
[325/955] MWCC build/GEDE01/src/game/game_fn_801891D8.o
[326/955] MWCC build/GEDE01/src/game/game_fn_80189390.o
[327/955] MWCC build/GEDE01/src/game/game_fn_801895E8.o
[328/955] MWCC build/GEDE01/src/game/game_fn_801896A0.o
[329/955] MWCC build/GEDE01/src/game/game_fn_80189760.o
[330/955] MWCC build/GEDE01/src/game/game_fn_80189968.o
[331/955] MWCC build/GEDE01/src/game/game_fn_80189C14.o
[332/955] MWCC build/GEDE01/src/game/game_fn_8018C2D0.o
[333/955] MWCC build/GEDE01/src/game/game_fn_8018D1F0.o
[334/955] MWCC build/GEDE01/src/game/game_fn_8018D2E0.o
[335/955] MWCC build/GEDE01/src/game/game_fn_8018D400.o
[336/955] MWCC build/GEDE01/src/game/game_fn_8018D688.o
[337/955] MWCC build/GEDE01/src/game/game_fn_8018DC24.o
[338/955] MWCC build/GEDE01/src/game/game_fn_8018E0D8.o
[339/955] MWCC build/GEDE01/src/game/game_fn_8018F1D0.o
[340/955] MWCC build/GEDE01/src/game/game_fn_8018F81C.o
[341/955] MWCC build/GEDE01/src/game/game_fn_8018FEDC.o
[342/955] MWCC build/GEDE01/src/game/game_fn_8019120C.o
[343/955] MWCC build/GEDE01/src/game/game_fn_80191360.o
[344/955] MWCC build/GEDE01/src/game/game_fn_801916D0.o
[345/955] MWCC build/GEDE01/src/game/game_fn_8019197C.o
[346/955] MWCC build/GEDE01/src/game/game_fn_80191F58.o
[347/955] MWCC build/GEDE01/src/game/game_fn_801926EC.o
[348/955] MWCC build/GEDE01/src/game/game_fn_80192F54.o
[349/955] MWCC build/GEDE01/src/game/game_fn_801929A4.o
[350/955] MWCC build/GEDE01/src/game/game_fn_80193E1C.o
[351/955] MWCC build/GEDE01/src/game/game_fn_801931C4.o
[352/955] MWCC build/GEDE01/src/game/game_fn_80193F3C.o
[353/955] MWCC build/GEDE01/src/game/game_fn_80194F80.o
[354/955] MWCC build/GEDE01/src/game/game_fn_801952E8.o
[355/955] MWCC build/GEDE01/src/game/game_fn_80197910.o
[356/955] MWCC build/GEDE01/src/game/game_fn_80198154.o
[357/955] MWCC build/GEDE01/src/game/game_fn_80198AAC.o
[358/955] MWCC build/GEDE01/src/game/game_fn_80198BF4.o
[359/955] MWCC build/GEDE01/src/game/game_fn_801991E0.o
[360/955] MWCC build/GEDE01/src/game/game_fn_8019B1BC.o
[361/955] MWCC build/GEDE01/src/game/game_fn_8019CC28.o
[362/955] MWCC build/GEDE01/src/game/game_fn_8019CFC4.o
[363/955] MWCC build/GEDE01/src/game/game_fn_8019E5E4.o
[364/955] MWCC build/GEDE01/src/game/game_fn_801A1F18.o
[365/955] MWCC build/GEDE01/src/game/game_fn_8019E8C8.o
[366/955] MWCC build/GEDE01/src/game/game_fn_801A2A54.o
[367/955] MWCC build/GEDE01/src/game/game_fn_801A1F8C.o
[368/955] MWCC build/GEDE01/src/game/game_fn_801A34BC.o
[369/955] MWCC build/GEDE01/src/game/game_fn_801A3A78.o
[370/955] MWCC build/GEDE01/src/game/game_fn_801A4430.o
[371/955] MWCC build/GEDE01/src/game/game_fn_801A4CE0.o
[372/955] MWCC build/GEDE01/src/game/game_fn_801A6350.o
[373/955] MWCC build/GEDE01/src/game/game_fn_801A5FB0.o
[374/955] MWCC build/GEDE01/src/game/game_fn_801A6410.o
[375/955] MWCC build/GEDE01/src/game/game_fn_801A657C.o
[376/955] MWCC build/GEDE01/src/game/game_fn_801A6ADC.o
[377/955] MWCC build/GEDE01/src/game/game_fn_801A6C58.o
[378/955] MWCC build/GEDE01/src/game/game_fn_801A7E04.o
[379/955] MWCC build/GEDE01/src/game/game_fn_801A6CB4.o
[380/955] MWCC build/GEDE01/src/game/game_fn_801A93E8.o
[381/955] MWCC build/GEDE01/src/game/game_fn_801A7EA8.o
[382/955] MWCC build/GEDE01/src/game/game_fn_801AB154.o
[383/955] MWCC build/GEDE01/src/game/game_fn_801ABD3C.o
[384/955] MWCC build/GEDE01/src/game/game_fn_801AC8AC.o
[385/955] MWCC build/GEDE01/src/game/game_fn_801ACFE8.o
[386/955] MWCC build/GEDE01/src/game/game_fn_801AD08C.o
[387/955] MWCC build/GEDE01/src/game/game_fn_801AFA74.o
[388/955] MWCC build/GEDE01/src/game/game_fn_801B02F0.o
[389/955] MWCC build/GEDE01/src/game/game_fn_801B1BA0.o
[390/955] MWCC build/GEDE01/src/game/game_fn_801B35BC.o
[391/955] MWCC build/GEDE01/src/game/game_fn_801B46C8.o
[392/955] MWCC build/GEDE01/src/game/game_fn_801B4FB4.o
[393/955] MWCC build/GEDE01/src/game/game_fn_801B5228.o
[394/955] MWCC build/GEDE01/src/game/game_fn_801B58F0.o
[395/955] MWCC build/GEDE01/src/game/game_fn_801B6F1C.o
[396/955] MWCC build/GEDE01/src/game/game_fn_801B86C0.o
[397/955] MWCC build/GEDE01/src/game/game_fn_801B941C.o
[398/955] MWCC build/GEDE01/src/game/game_fn_801B9E7C.o
[399/955] MWCC build/GEDE01/src/game/game_fn_801BA15C.o
[400/955] MWCC build/GEDE01/src/game/game_fn_801BA708.o
[401/955] MWCC build/GEDE01/src/game/game_fn_801BA94C.o
[402/955] MWCC build/GEDE01/src/game/game_fn_801BB1A0.o
[403/955] MWCC build/GEDE01/src/game/game_fn_801BC0D4.o
[404/955] MWCC build/GEDE01/src/game/game_fn_801BC240.o
[405/955] MWCC build/GEDE01/src/game/game_fn_801BC8F4.o
[406/955] MWCC build/GEDE01/src/game/game_fn_801BCC04.o
[407/955] MWCC build/GEDE01/src/game/game_fn_801BD990.o
[408/955] MWCC build/GEDE01/src/game/game_fn_801BDE7C.o
[409/955] MWCC build/GEDE01/src/game/game_fn_801BE0D4.o
[410/955] MWCC build/GEDE01/src/game/game_fn_801C1CB0.o
[411/955] MWCC build/GEDE01/src/game/game_fn_801BEF40.o
[412/955] MWCC build/GEDE01/src/game/game_fn_801C2980.o
[413/955] MWCC build/GEDE01/src/game/game_fn_801C29BC.o
[414/955] MWCC build/GEDE01/src/game/game_fn_801C2AAC.o
[415/955] MWCC build/GEDE01/src/game/game_fn_801C2D9C.o
[416/955] MWCC build/GEDE01/src/game/game_fn_801C8160.o
[417/955] MWCC build/GEDE01/src/game/game_fn_801C8224.o
[418/955] MWCC build/GEDE01/src/game/game_fn_801C8600.o
[419/955] MWCC build/GEDE01/src/game/game_fn_801C4B5C.o
[420/955] MWCC build/GEDE01/src/game/game_fn_801C87DC.o
[421/955] MWCC build/GEDE01/src/game/game_fn_801C8CC0.o
[422/955] MWCC build/GEDE01/src/game/game_fn_801C8F50.o
[423/955] MWCC build/GEDE01/src/game/game_fn_801C90A4.o
[424/955] MWCC build/GEDE01/src/game/game_fn_801C9510.o
[425/955] MWCC build/GEDE01/src/game/game_fn_801C970C.o
[426/955] MWCC build/GEDE01/src/game/game_fn_801C9A08.o
[427/955] MWCC build/GEDE01/src/game/game_fn_801C9B1C.o
[428/955] MWCC build/GEDE01/src/game/game_fn_801CB4F8.o
[429/955] MWCC build/GEDE01/src/game/game_fn_801CD228.o
[430/955] MWCC build/GEDE01/src/game/game_fn_801CE09C.o
[431/955] MWCC build/GEDE01/src/game/game_fn_801CE594.o
[432/955] MWCC build/GEDE01/src/game/game_fn_801D1B10.o
[433/955] MWCC build/GEDE01/src/game/game_fn_801D1F78.o
[434/955] MWCC build/GEDE01/src/game/game_fn_801D3988.o
[435/955] MWCC build/GEDE01/src/game/game_fn_801D73D0.o
[436/955] MWCC build/GEDE01/src/game/game_fn_801D76A8.o
[437/955] MWCC build/GEDE01/src/game/game_fn_801D7C24.o
[438/955] MWCC build/GEDE01/src/game/game_fn_801D8050.o
[439/955] MWCC build/GEDE01/src/game/game_fn_801D9FE4.o
[440/955] MWCC build/GEDE01/src/game/game_fn_801DDB84.o
[441/955] MWCC build/GEDE01/src/game/game_fn_801DE8B4.o
[442/955] MWCC build/GEDE01/src/game/game_fn_801E0088.o
[443/955] MWCC build/GEDE01/src/game/game_fn_801E2A48.o
[444/955] MWCC build/GEDE01/src/game/game_fn_801E41AC.o
[445/955] MWCC build/GEDE01/src/game/game_fn_801E504C.o
[446/955] MWCC build/GEDE01/src/game/game_fn_801E6814.o
[447/955] MWCC build/GEDE01/src/game/game_fn_801E7014.o
[448/955] MWCC build/GEDE01/src/game/game_fn_801E995C.o
[449/955] MWCC build/GEDE01/src/game/game_fn_801EAA04.o
[450/955] MWCC build/GEDE01/src/game/game_fn_801EB09C.o
[451/955] MWCC build/GEDE01/src/game/game_fn_801EB11C.o
[452/955] MWCC build/GEDE01/src/game/game_fn_801ECD74.o
[453/955] MWCC build/GEDE01/src/game/game_fn_801ECF50.o
[454/955] MWCC build/GEDE01/src/game/game_fn_801ED5F4.o
[455/955] MWCC build/GEDE01/src/game/game_fn_801EF580.o
[456/955] MWCC build/GEDE01/src/game/game_fn_801EF910.o
[457/955] MWCC build/GEDE01/src/game/game_fn_801F0CB0.o
[458/955] MWCC build/GEDE01/src/game/game_fn_801F10BC.o
[459/955] MWCC build/GEDE01/src/game/game_fn_801F1A38.o
[460/955] MWCC build/GEDE01/src/game/game_fn_801F35A8.o
[461/955] MWCC build/GEDE01/src/game/game_fn_801F69F0.o
[462/955] MWCC build/GEDE01/src/game/game_fn_801F55A0.o
[463/955] MWCC build/GEDE01/src/game/game_fn_801F6BD8.o
[464/955] MWCC build/GEDE01/src/game/game_fn_801F7510.o
[465/955] MWCC build/GEDE01/src/game/game_fn_801F8264.o
[466/955] MWCC build/GEDE01/src/game/game_fn_801F76EC.o
[467/955] MWCC build/GEDE01/src/game/game_fn_801F8FAC.o
[468/955] MWCC build/GEDE01/src/game/game_fn_801F89B4.o
[469/955] MWCC build/GEDE01/src/game/game_fn_801F9AF8.o
[470/955] MWCC build/GEDE01/src/game/game_fn_801F9CF4.o
[471/955] MWCC build/GEDE01/src/game/game_fn_801FA9C8.o
[472/955] MWCC build/GEDE01/src/game/game_fn_801FB6A4.o
[473/955] MWCC build/GEDE01/src/game/game_fn_801FC034.o
[474/955] MWCC build/GEDE01/src/game/game_fn_801FC204.o
[475/955] MWCC build/GEDE01/src/game/game_fn_801FFE78.o
[476/955] EXTERNALIZE build/GEDE01/src/game/game_fn_800A2B8C.o
[477/955] EXTERNALIZE build/GEDE01/src/game/game_fn_801857B4.o
[478/955] EXTERNALIZE build/GEDE01/src/game/game_fn_800DC4D4.o
[479/955] EXTERNALIZE build/GEDE01/src/game/game_fn_80119C70.o
[480/955] EXTERNALIZE STATIC POOL build/GEDE01/src/game/game_fn_80088060.o
build/GEDE01/src/game/game_fn_80088060.o: lbl_8031D3B8 now undefined; section 3 emptied
[481/955] EXTERNALIZE build/GEDE01/src/game/game_fn_80175A08.o
[482/955] EXTERNALIZE build/GEDE01/src/game/game_fn_80066E78.o
[483/955] EXTERNALIZE build/GEDE01/src/game/game_fn_801247F8.o
[484/955] EXTERNALIZE build/GEDE01/src/game/game_fn_801EF910.o
[485/955] EXTERNALIZE build/GEDE01/src/game/game_fn_801ECF50.o
[486/955] EXTERNALIZE build/GEDE01/src/game/game_fn_801FC204.o
[487/955] EXTERNALIZE JUMPTABLES build/GEDE01/src/game/game_fn_80050B08.o
[488/955] EXTERNALIZE build/GEDE01/src/game/game_fn_801EB09C.o
[489/955] EXTERNALIZE build/GEDE01/src/game/game_fn_801EB11C.o
[490/955] EXTERNALIZE build/GEDE01/src/game/game_fn_801D9FE4.o
[491/955] EXTERNALIZE build/GEDE01/src/game/game_fn_801E41AC.o
[492/955] EXTERNALIZE build/GEDE01/src/game/game_fn_801D73D0.o
[493/955] EXTERNALIZE build/GEDE01/src/game/game_fn_801D76A8.o
[494/955] EXTERNALIZE build/GEDE01/src/game/game_fn_801D8050.o
[495/955] EXTERNALIZE build/GEDE01/src/game/game_fn_801D7C24.o
[496/955] EXTERNALIZE build/GEDE01/src/game/game_fn_80178F88.o
[497/955] EXTERNALIZE build/GEDE01/src/game/game_fn_8019B1BC.o
[498/955] EXTERNALIZE build/GEDE01/src/game/game_fn_801CD228.o
[499/955] EXTERNALIZE build/GEDE01/src/game/game_fn_801C970C.o
[500/955] EXTERNALIZE build/GEDE01/src/game/game_fn_801BA15C.o
[501/955] EXTERNALIZE build/GEDE01/src/game/game_fn_801C9510.o
[502/955] EXTERNALIZE build/GEDE01/src/game/game_fn_80126A00.o
[503/955] EXTERNALIZE build/GEDE01/src/game/game_fn_8013D6A4.o
[504/955] EXTERNALIZE build/GEDE01/src/game/game_fn_800C9C60.o
[505/955] EXTERNALIZE build/GEDE01/src/game/game_fn_801B5228.o
[506/955] EXTERNALIZE build/GEDE01/src/game/game_fn_801B4FB4.o
[507/955] EXTERNALIZE build/GEDE01/src/game/game_fn_801C87DC.o
[508/955] EXTERNALIZE build/GEDE01/src/game/game_fn_801B6F1C.o
[509/955] EXTERNALIZE build/GEDE01/src/game/game_fn_801C8CC0.o
[510/955] EXTERNALIZE build/GEDE01/src/game/game_fn_800FD0C8.o
[511/955] EXTERNALIZE build/GEDE01/src/game/game_fn_801BDE7C.o
[512/955] EXTERNALIZE build/GEDE01/src/game/game_fn_801BE0D4.o
[513/955] EXTERNALIZE STATIC POOL build/GEDE01/src/game/game_fn_801C9A08.o
build/GEDE01/src/game/game_fn_801C9A08.o: lbl_80629390 now undefined; section 3 emptied
[514/955] EXTERNALIZE STATIC POOL build/GEDE01/src/game/game_fn_801C9B1C.o
build/GEDE01/src/game/game_fn_801C9B1C.o: lbl_80629390 now undefined; section 3 emptied
[515/955] EXTERNALIZE build/GEDE01/src/game/game_fn_801B941C.o
[516/955] EXTERNALIZE STATIC POOL build/GEDE01/src/game/game_fn_801BD990.o
build/GEDE01/src/game/game_fn_801BD990.o: lbl_80626D80 now undefined; section 6 emptied
[517/955] EXTERNALIZE STATIC POOL build/GEDE01/src/game/game_fn_801B58F0.o
build/GEDE01/src/game/game_fn_801B58F0.o: lbl_8060C020 now undefined; section 3 emptied
[518/955] EXTERNALIZE STATIC POOL build/GEDE01/src/game/game_fn_801B9E7C.o
build/GEDE01/src/game/game_fn_801B9E7C.o: 0 relocation(s) moved from streamInfo to ...bss.0
build/GEDE01/src/game/game_fn_801B9E7C.o: lbl_8061AE48 now undefined; section 6 emptied
[519/955] EXTERNALIZE STATIC POOL build/GEDE01/src/game/game_fn_801BB1A0.o
build/GEDE01/src/game/game_fn_801BB1A0.o: 0 relocation(s) moved from streamInfo to ...bss.0
build/GEDE01/src/game/game_fn_801BB1A0.o: lbl_8061AE48 now undefined; section 6 emptied
[520/955] EXTERNALIZE STATIC POOL build/GEDE01/src/game/game_fn_801BA708.o
build/GEDE01/src/game/game_fn_801BA708.o: 0 relocation(s) moved from streamInfo to ...bss.0
build/GEDE01/src/game/game_fn_801BA708.o: lbl_8061AE48 now undefined; section 6 emptied
[521/955] EXTERNALIZE STATIC build/GEDE01/src/game/game_fn_801B35BC.o
build/GEDE01/src/game/game_fn_801B35BC.o: lbl_8060D420 now undefined; section 6 emptied
[522/955] EXTERNALIZE build/GEDE01/src/game/game_fn_801BA94C.o
build/GEDE01/src/game/game_fn_801BA94C.o: 0 relocation(s) moved from streamInfo to ...bss.0
build/GEDE01/src/game/game_fn_801BA94C.o: lbl_8061AE48 now undefined; section 6 emptied
[523/955] EXTERNALIZE STATIC POOL build/GEDE01/src/game/game_fn_801BC8F4.o
build/GEDE01/src/game/game_fn_801BC8F4.o: lbl_8061C748 now undefined; section 6 emptied
[524/955] EXTERNALIZE STATIC build/GEDE01/src/game/game_fn_801BC240.o
build/GEDE01/src/game/game_fn_801BC240.o: lbl_8061C748 now undefined; section 6 emptied
[525/955] EXTERNALIZE STATIC POOL build/GEDE01/src/game/game_fn_801BCC04.o
build/GEDE01/src/game/game_fn_801BCC04.o: lbl_8061C748 now undefined; section 6 emptied
[526/955] EXTERNALIZE STATIC POOL build/GEDE01/src/game/game_fn_801BC0D4.o
build/GEDE01/src/game/game_fn_801BC0D4.o: lbl_8061C748 now undefined; section 6 emptied
[527/955] EXTERNALIZE STATIC POOL build/GEDE01/src/game/game_fn_801C1CB0.o
build/GEDE01/src/game/game_fn_801C1CB0.o: lbl_80626DA0 now undefined; section 3 emptied
[528/955] RENAME build/GEDE01/src/game/game_InitMetroTRKCommTable.o
[529/955] EXTERNALIZE STATIC POOL build/GEDE01/src/game/game_fn_801CE09C.o
build/GEDE01/src/game/game_fn_801CE09C.o: lbl_80631340 now undefined; section 6 emptied
[530/955] RENAME RUNTIME INTRINSICS build/GEDE01/src/game/game_fn_801CB4F8.o
[531/955] EXTERNALIZE STATIC POOL build/GEDE01/src/game/game_fn_8010242C.o
build/GEDE01/src/game/game_fn_8010242C.o: lbl_8032CC08 now undefined; section 3 emptied
[532/955] EXTERNALIZE build/GEDE01/src/game/game_fn_801D3988.o
[533/955] EXTERNALIZE build/GEDE01/src/game/game_fn_801D1B10.o
[534/955] ALIGN DATA build/GEDE01/src/game/game_fn_8005EF94.o
[535/955] EXTERNALIZE build/GEDE01/src/game/game_fn_801CE594.o
[536/955] ALIGN DATA build/GEDE01/src/game/game_fn_801A6350.o
[537/955] ALIGN DATA build/GEDE01/src/game/game_fn_80008014.o
[538/955] EXTERNALIZE build/GEDE01/src/game/game_fn_8014549C.o
[539/955] EXTERNALIZE build/GEDE01/src/game/game_fn_801C8224.o
[540/955] EXTERNALIZE build/GEDE01/src/game/game_fn_801098C0.o
[541/955] EXTERNALIZE build/GEDE01/src/game/game_fn_8000FDE8.o
[542/955] EXTERNALIZE build/GEDE01/src/game/game_fn_80185F10.o
[543/955] EXTERNALIZE build/GEDE01/src/game/game_fn_801C29BC.o
[544/955] EXTERNALIZE build/GEDE01/src/game/game_fn_801C8F50.o
[545/955] EXTERNALIZE build/GEDE01/src/game/game_fn_8007B828.o
[546/955] EXTERNALIZE build/GEDE01/src/game/game_fn_801C90A4.o
[547/955] EXTERNALIZE build/GEDE01/src/game/game_fn_801C8160.o
[548/955] EXTERNALIZE build/GEDE01/src/game/game_fn_801C2AAC.o
[549/955] EXTERNALIZE build/GEDE01/src/game/game_fn_801C2D9C.o
[550/955] EXTERNALIZE build/GEDE01/src/game/game_fn_801C2980.o
[551/955] EXTERNALIZE build/GEDE01/src/game/game_fn_801B02F0.o
[552/955] EXTERNALIZE build/GEDE01/src/game/game_fn_801AFA74.o
[553/955] EXTERNALIZE build/GEDE01/src/game/game_fn_801AC8AC.o
[554/955] EXTERNALIZE build/GEDE01/src/game/game_fn_801ABD3C.o
[555/955] EXTERNALIZE build/GEDE01/src/game/game_fn_801816D4.o
[556/955] EXTERNALIZE build/GEDE01/src/game/game_fn_8011F140.o
[557/955] EXTERNALIZE build/GEDE01/src/game/game_fn_801AD08C.o
[558/955] EXTERNALIZE build/GEDE01/src/game/game_fn_8004998C.o
[559/955] EXTERNALIZE build/GEDE01/src/game/game_fn_80079AA4.o
[560/955] EXTERNALIZE build/GEDE01/src/game/game_fn_80158D38.o
[561/955] EXTERNALIZE build/GEDE01/src/game/game_fn_801A3A78.o
[562/955] EXTERNALIZE build/GEDE01/src/game/game_fn_8008F224.o
[563/955] EXTERNALIZE build/GEDE01/src/game/game_fn_80167454.o
[564/955] EXTERNALIZE build/GEDE01/src/game/game_fn_800AF230.o
[565/955] EXTERNALIZE build/GEDE01/src/game/game_fn_801A93E8.o
[566/955] EXTERNALIZE build/GEDE01/src/game/game_fn_801AB154.o
[567/955] EXTERNALIZE build/GEDE01/src/game/game_fn_801A7E04.o
[568/955] EXTERNALIZE build/GEDE01/src/game/game_fn_801A7EA8.o
[569/955] EXTERNALIZE build/GEDE01/src/game/game_fn_801A6CB4.o
[570/955] EXTERNALIZE build/GEDE01/src/game/game_fn_801A6C58.o
[571/955] EXTERNALIZE build/GEDE01/src/game/game_fn_801A4CE0.o
[572/955] NAME JUMPTABLE build/GEDE01/src/game/game_fn_801A6ADC.o
[573/955] EXTERNALIZE build/GEDE01/src/game/game_fn_801A6410.o
[574/955] EXTERNALIZE build/GEDE01/src/game/game_fn_801A5FB0.o
[575/955] EXTERNALIZE build/GEDE01/src/game/game_fn_801A1F18.o
[576/955] EXTERNALIZE build/GEDE01/src/game/game_fn_8019E8C8.o
[577/955] EXTERNALIZE build/GEDE01/src/game/game_fn_8019E5E4.o
[578/955] EXTERNALIZE build/GEDE01/src/game/game_fn_8019CFC4.o
[579/955] EXTERNALIZE build/GEDE01/src/game/game_fn_8019CC28.o
[580/955] EXTERNALIZE build/GEDE01/src/game/game_fn_801991E0.o
[581/955] EXTERNALIZE build/GEDE01/src/game/game_fn_80198BF4.o
[582/955] EXTERNALIZE build/GEDE01/src/game/game_fn_80198AAC.o
[583/955] EXTERNALIZE build/GEDE01/src/game/game_fn_80198154.o
[584/955] EXTERNALIZE build/GEDE01/src/game/game_fn_80194F80.o
[585/955] EXTERNALIZE build/GEDE01/src/game/game_fn_80197910.o
[586/955] EXTERNALIZE build/GEDE01/src/game/game_fn_80177434.o
repointed 2 relocations to lbl_80250588
[587/955] EXTERNALIZE build/GEDE01/src/game/game_fn_80193E1C.o
[588/955] EXTERNALIZE build/GEDE01/src/game/game_fn_801931C4.o
[589/955] EXTERNALIZE build/GEDE01/src/game/game_fn_80193F3C.o
[590/955] EXTERNALIZE build/GEDE01/src/game/game_fn_80192F54.o
[591/955] EXTERNALIZE build/GEDE01/src/game/game_fn_80191F58.o
[592/955] EXTERNALIZE build/GEDE01/src/game/game_fn_8019197C.o
[593/955] EXTERNALIZE build/GEDE01/src/game/game_fn_80191360.o
[594/955] GLOBALIZE build/GEDE01/src/game/game_fn_8018F1D0.o
[595/955] EXTERNALIZE build/GEDE01/src/game/game_fn_8018D688.o
[596/955] EXTERNALIZE build/GEDE01/src/game/game_fn_8018F81C.o
[597/955] EXTERNALIZE build/GEDE01/src/game/game_fn_8018D2E0.o
[598/955] EXTERNALIZE build/GEDE01/src/game/game_fn_80189968.o
[599/955] EXTERNALIZE build/GEDE01/src/game/game_fn_80189760.o
[600/955] EXTERNALIZE build/GEDE01/src/game/game_fn_8018D1F0.o
[601/955] EXTERNALIZE build/GEDE01/src/game/game_fn_801896A0.o
[602/955] EXTERNALIZE build/GEDE01/src/game/game_fn_801895E8.o
[603/955] EXTERNALIZE build/GEDE01/src/game/game_fn_80189390.o
[604/955] EXTERNALIZE build/GEDE01/src/game/game_fn_801891D8.o
[605/955] EXTERNALIZE build/GEDE01/src/game/game_fn_80188E28.o
[606/955] EXTERNALIZE build/GEDE01/src/game/game_fn_80189028.o
[607/955] EXTERNALIZE build/GEDE01/src/game/game_fn_80188B44.o
[608/955] EXTERNALIZE build/GEDE01/src/game/game_fn_80188C1C.o
[609/955] EXTERNALIZE build/GEDE01/src/game/game_fn_80188A7C.o
[610/955] EXTERNALIZE build/GEDE01/src/game/game_fn_801878E0.o
[611/955] EXTERNALIZE build/GEDE01/src/game/game_fn_80187120.o
[612/955] EXTERNALIZE build/GEDE01/src/game/game_fn_8018FEDC.o
[613/955] EXTERNALIZE build/GEDE01/src/game/game_fn_80186E10.o
[614/955] EXTERNALIZE build/GEDE01/src/game/game_fn_801865EC.o
[615/955] EXTERNALIZE build/GEDE01/src/game/game_fn_80185AE8.o
[616/955] EXTERNALIZE build/GEDE01/src/game/game_fn_801859FC.o
[617/955] EXTERNALIZE build/GEDE01/src/game/game_fn_80180DDC.o
[618/955] EXTERNALIZE build/GEDE01/src/game/game_fn_8017E958.o
[619/955] EXTERNALIZE build/GEDE01/src/game/game_fn_8017E850.o
[620/955] EXTERNALIZE build/GEDE01/src/game/game_fn_8017718C.o
[621/955] EXTERNALIZE build/GEDE01/src/game/game_fn_801770F8.o
[622/955] EXTERNALIZE build/GEDE01/src/game/game_fn_80176FA0.o
[623/955] EXTERNALIZE build/GEDE01/src/game/game_fn_80176DF4.o
[624/955] EXTERNALIZE build/GEDE01/src/game/game_fn_80174358.o
[625/955] EXTERNALIZE build/GEDE01/src/game/game_fn_80173F04.o
[626/955] EXTERNALIZE build/GEDE01/src/game/game_fn_80174184.o
[627/955] EXTERNALIZE build/GEDE01/src/game/game_fn_8017553C.o
[628/955] EXTERNALIZE build/GEDE01/src/game/game_fn_80173D44.o
[629/955] EXTERNALIZE build/GEDE01/src/game/game_fn_80173770.o
[630/955] EXTERNALIZE build/GEDE01/src/game/game_fn_801734B4.o
[631/955] EXTERNALIZE build/GEDE01/src/game/game_fn_80173270.o
[632/955] EXTERNALIZE build/GEDE01/src/game/game_fn_80172DB8.o
[633/955] EXTERNALIZE build/GEDE01/src/game/game_fn_80172C78.o
[634/955] EXTERNALIZE build/GEDE01/src/game/game_fn_80172BB0.o
[635/955] EXTERNALIZE build/GEDE01/src/game/game_fn_801726EC.o
[636/955] EXTERNALIZE build/GEDE01/src/game/game_fn_8017250C.o
[637/955] EXTERNALIZE build/GEDE01/src/game/game_fn_80171F30.o
[638/955] EXTERNALIZE build/GEDE01/src/game/game_fn_801719B4.o
[639/955] EXTERNALIZE build/GEDE01/src/game/game_fn_801718F4.o
[640/955] EXTERNALIZE build/GEDE01/src/game/game_fn_80171664.o
[641/955] EXTERNALIZE build/GEDE01/src/game/game_fn_8017138C.o
[642/955] EXTERNALIZE build/GEDE01/src/game/game_fn_80170A40.o
[643/955] NORMALIZE build/GEDE01/src/game/game_TRKNubWelcome.o
[644/955] NORMALIZE build/GEDE01/src/game/game_TRK_main.o
[645/955] NORMALIZE build/GEDE01/src/game/game_data_80239E10.o
[646/955] NORMALIZE build/GEDE01/src/game/game_data_80239E18.o
[647/955] EXTERNALIZE build/GEDE01/src/game/game_fn_801706DC.o
[648/955] EXTERNALIZE build/GEDE01/src/game/game_fn_8017652C.o
[649/955] EXTERNALIZE build/GEDE01/src/game/game_fn_80170E9C.o
[650/955] EXTERNALIZE build/GEDE01/src/game/game_fn_80175F0C.o
[651/955] EXTERNALIZE build/GEDE01/src/game/game_fn_80175E64.o
[652/955] EXTERNALIZE build/GEDE01/src/game/game_fn_80176098.o
[653/955] EXTERNALIZE build/GEDE01/src/game/game_fn_80175FD4.o
[654/955] EXTERNALIZE build/GEDE01/src/game/game_fn_80176160.o
[655/955] EXTERNALIZE build/GEDE01/src/game/game_fn_801762E8.o
[656/955] EXTERNALIZE build/GEDE01/src/game/game_fn_80176220.o
[657/955] EXTERNALIZE build/GEDE01/src/game/game_fn_80170DF4.o
[658/955] EXTERNALIZE build/GEDE01/src/game/game_fn_8016E8F8.o
[659/955] EXTERNALIZE build/GEDE01/src/game/game_fn_8016FEF8.o
[660/955] EXTERNALIZE build/GEDE01/src/game/game_fn_801704F8.o
[661/955] NORMALIZE build/GEDE01/src/game/game_fn_8016DF4C.o
[662/955] EXTERNALIZE build/GEDE01/src/game/game_fn_8016D2B8.o
[663/955] EXTERNALIZE build/GEDE01/src/game/game_fn_8016D040.o
[664/955] EXTERNALIZE build/GEDE01/src/game/game_fn_8016D1F8.o
[665/955] EXTERNALIZE build/GEDE01/src/game/game_fn_8016C4BC.o
[666/955] EXTERNALIZE build/GEDE01/src/game/game_fn_8016C774.o
[667/955] EXTERNALIZE build/GEDE01/src/game/game_fn_8016C164.o
[668/955] EXTERNALIZE build/GEDE01/src/game/game_fn_8016C238.o
[669/955] EXTERNALIZE build/GEDE01/src/game/game_fn_8016C0BC.o
[670/955] EXTERNALIZE build/GEDE01/src/game/game_fn_8016BE1C.o
[671/955] EXTERNALIZE build/GEDE01/src/game/game_fn_8017038C.o
[672/955] EXTERNALIZE build/GEDE01/src/game/game_fn_8016BF60.o
[673/955] EXTERNALIZE build/GEDE01/src/game/game_fn_8016BD0C.o
[674/955] EXTERNALIZE build/GEDE01/src/game/game_fn_80169650.o
[675/955] EXTERNALIZE build/GEDE01/src/game/game_fn_80167B5C.o
[676/955] EXTERNALIZE build/GEDE01/src/game/game_fn_8015EDC0.o
[677/955] EXTERNALIZE build/GEDE01/src/game/game_fn_8015DC54.o
[678/955] EXTERNALIZE build/GEDE01/src/game/game_fn_8015DB84.o
[679/955] EXTERNALIZE build/GEDE01/src/game/game_fn_80158B20.o
[680/955] EXTERNALIZE build/GEDE01/src/game/game_fn_80179398.o
[681/955] EXTERNALIZE build/GEDE01/src/game/game_fn_8017974C.o
[682/955] EXTERNALIZE build/GEDE01/src/game/game_fn_8017960C.o
[683/955] EXTERNALIZE build/GEDE01/src/game/game_fn_80179904.o
[684/955] EXTERNALIZE build/GEDE01/src/game/game_fn_8017A9B8.o
[685/955] EXTERNALIZE build/GEDE01/src/game/game_fn_80179A18.o
[686/955] EXTERNALIZE build/GEDE01/src/game/game_fn_80179EB8.o
[687/955] EXTERNALIZE build/GEDE01/src/game/game_fn_80179A74.o
[688/955] EXTERNALIZE build/GEDE01/src/game/game_fn_80179F20.o
[689/955] EXTERNALIZE build/GEDE01/src/game/game_fn_8017A010.o
[690/955] EXTERNALIZE build/GEDE01/src/game/game_fn_8017A12C.o
[691/955] EXTERNALIZE build/GEDE01/src/game/game_fn_8017A1C0.o
[692/955] EXTERNALIZE build/GEDE01/src/game/game_fn_80157C0C.o
[693/955] EXTERNALIZE build/GEDE01/src/game/game_fn_80155814.o
[694/955] EXTERNALIZE build/GEDE01/src/game/game_fn_80153898.o
[695/955] EXTERNALIZE build/GEDE01/src/game/game_fn_8014B494.o
[696/955] EXTERNALIZE build/GEDE01/src/game/game_fn_8014AF38.o
[697/955] EXTERNALIZE build/GEDE01/src/game/game_fn_8012DB28.o
[698/955] EXTERNALIZE build/GEDE01/src/game/game_fn_801141B8.o
[699/955] EXTERNALIZE build/GEDE01/src/game/game_fn_801126E0.o
[700/955] EXTERNALIZE build/GEDE01/src/game/game_fn_801128E4.o
[701/955] EXTERNALIZE build/GEDE01/src/game/game_fn_800E4980.o
[702/955] EXTERNALIZE build/GEDE01/src/game/game_fn_8010F184.o
[703/955] EXTERNALIZE build/GEDE01/src/game/game_fn_800C17EC.o
[704/955] EXTERNALIZE build/GEDE01/src/game/game_fn_800C030C.o
[705/955] EXTERNALIZE build/GEDE01/src/game/game_fn_800C59F0.o
[706/955] EXTERNALIZE build/GEDE01/src/game/game_fn_800C644C.o
[707/955] EXTERNALIZE build/GEDE01/src/game/game_fn_800C65FC.o
[708/955] EXTERNALIZE build/GEDE01/src/game/game_fn_800CB760.o
[709/955] EXTERNALIZE build/GEDE01/src/game/game_fn_800CB8F4.o
[710/955] EXTERNALIZE build/GEDE01/src/game/game_fn_80078500.o
[711/955] EXTERNALIZE build/GEDE01/src/game/game_fn_80079908.o
[712/955] EXTERNALIZE build/GEDE01/src/game/game_fn_8007B2F4.o
[713/955] EXTERNALIZE build/GEDE01/src/game/game_fn_8007B540.o
[714/955] EXTERNALIZE build/GEDE01/src/game/game_fn_8007B640.o
[715/955] EXTERNALIZE build/GEDE01/src/game/game_fn_800886D8.o
[716/955] EXTERNALIZE build/GEDE01/src/game/game_fn_8007BA3C.o
[717/955] EXTERNALIZE build/GEDE01/src/game/game_fn_800934A0.o
[718/955] EXTERNALIZE build/GEDE01/src/game/game_fn_800A3894.o
[719/955] EXTERNALIZE build/GEDE01/src/game/game_fn_800A4798.o
[720/955] EXTERNALIZE build/GEDE01/src/game/game_fn_800A7E88.o
[721/955] GLOBALIZE build/GEDE01/src/game/game_fn_800A2130.o
[722/955] EXTERNALIZE build/GEDE01/src/game/game_fn_800A2FCC.o
[723/955] EXTERNALIZE build/GEDE01/src/game/game_fn_8009C424.o
[724/955] EXTERNALIZE build/GEDE01/src/game/game_fn_80096830.o
[725/955] GLOBALIZE build/GEDE01/src/game/game_fn_8008F890.o
[726/955] EXTERNALIZE SWITCHES build/GEDE01/src/game/game_fn_80095FDC.o
[727/955] EXTERNALIZE build/GEDE01/src/game/game_fn_800A4428.o
[728/955] EXTERNALIZE build/GEDE01/src/game/game_fn_80074310.o
[729/955] GLOBALIZE build/GEDE01/src/game/game_fn_8005FD84.o
[730/955] EXTERNALIZE build/GEDE01/src/game/game_fn_80066888.o
[731/955] EXTERNALIZE build/GEDE01/src/game/game_fn_8005EC6C.o
[732/955] EXTERNALIZE build/GEDE01/src/game/game_fn_80052310.o
[733/955] EXTERNALIZE build/GEDE01/src/game/game_fn_80048B24.o
[734/955] NAME SWITCH build/GEDE01/src/game/game_fn_80020E94.o
[735/955] NAME SWITCH build/GEDE01/src/game/game_fn_8005EE9C.o
[736/955] NAME SWITCH build/GEDE01/src/game/game_fn_8016D9C0.o
[737/955] NAME SWITCH build/GEDE01/src/game/game_fn_80071A58.o
[738/955] EXTERNALIZE build/GEDE01/src/game/game_fn_80048ADC.o
[739/955] NAME SWITCH build/GEDE01/src/game/game_fn_8006B620.o
[740/955] NAME SWITCH build/GEDE01/src/game/game_fn_8001FE1C.o
[741/955] NAME SWITCH build/GEDE01/src/game/game_fn_8001E644.o
[742/955] EXTERNALIZE build/GEDE01/src/game/game_fn_80038878.o
[743/955] EXTERNALIZE build/GEDE01/src/game/game_fn_801B46C8.o
build/GEDE01/src/game/game_fn_801B46C8.o: lbl_8060C020 now undefined; section 6 emptied
[744/955] EXTERNALIZE build/GEDE01/src/game/game_fn_80036C40.o
[745/955] EXTERNALIZE build/GEDE01/src/game/game_fn_800359A0.o
[746/955] EXTERNALIZE build/GEDE01/src/game/game_fn_80033180.o
[747/955] EXTERNALIZE build/GEDE01/src/game/game_fn_80033038.o
[748/955] EXTERNALIZE build/GEDE01/src/game/game_fn_80032B84.o
[749/955] EXTERNALIZE build/GEDE01/src/game/game_fn_8003232C.o
[750/955] EXTERNALIZE build/GEDE01/src/game/game_fn_8002E3F0.o
[751/955] EXTERNALIZE build/GEDE01/src/game/game_fn_8002DAE0.o
[752/955] EXTERNALIZE build/GEDE01/src/game/game_fn_8002EA68.o
[753/955] GLOBALIZE build/GEDE01/src/game/game_fn_8002B748.o
[754/955] EXTERNALIZE build/GEDE01/src/game/game_fn_8002F428.o
[755/955] NAME SWITCHES build/GEDE01/src/game/game_fn_80024F28.o
[756/955] EXTERNALIZE build/GEDE01/src/game/game_fn_800272B4.o
[757/955] EXTERNALIZE build/GEDE01/src/game/game_fn_8001CE94.o
[758/955] EXTERNALIZE build/GEDE01/src/game/game_fn_8001CD58.o
[759/955] EXTERNALIZE build/GEDE01/src/game/game_fn_8001C078.o
[760/955] EXTERNALIZE build/GEDE01/src/game/game_fn_8001B874.o
[761/955] EXTERNALIZE build/GEDE01/src/game/game_fn_8001B808.o
[762/955] EXTERNALIZE build/GEDE01/src/game/game_fn_8001B294.o
[763/955] EXTERNALIZE build/GEDE01/src/game/game_fn_8001B124.o
[764/955] EXTERNALIZE build/GEDE01/src/game/game_fn_8001ADF8.o
[765/955] EXTERNALIZE build/GEDE01/src/game/game_fn_8001AAB8.o
[766/955] EXTERNALIZE build/GEDE01/src/game/game_fn_8001AF68.o
[767/955] EXTERNALIZE build/GEDE01/src/game/game_fn_8001A6C4.o
[768/955] EXTERNALIZE build/GEDE01/src/game/game_fn_80019D2C.o
[769/955] EXTERNALIZE build/GEDE01/src/game/game_fn_80019F98.o
[770/955] EXTERNALIZE build/GEDE01/src/game/game_fn_80019C10.o
[771/955] EXTERNALIZE build/GEDE01/src/game/game_fn_80019940.o
[772/955] EXTERNALIZE build/GEDE01/src/game/game_fn_80019244.o
[773/955] EXTERNALIZE build/GEDE01/src/game/game_fn_800194D0.o
[774/955] EXTERNALIZE build/GEDE01/src/game/game_fn_80019054.o
[775/955] EXTERNALIZE build/GEDE01/src/game/game_fn_80018EF4.o
[776/955] EXTERNALIZE build/GEDE01/src/game/game_fn_80017CC8.o
[777/955] EXTERNALIZE build/GEDE01/src/game/game_fn_80017DB0.o
[778/955] EXTERNALIZE build/GEDE01/src/game/game_fn_80017C3C.o
[779/955] EXTERNALIZE build/GEDE01/src/game/game_fn_80017AE4.o
[780/955] EXTERNALIZE build/GEDE01/src/game/game_fn_80017A3C.o
[781/955] EXTERNALIZE build/GEDE01/src/game/game_fn_800179AC.o
[782/955] EXTERNALIZE build/GEDE01/src/game/game_fn_80017910.o
[783/955] EXTERNALIZE FLAGS build/GEDE01/src/game/game_fn_800119FC.o
[784/955] EXTERNALIZE build/GEDE01/src/game/game_fn_8000FFD8.o
[785/955] EXTERNALIZE build/GEDE01/src/game/game_fn_8000F4B0.o
[786/955] GLOBALIZE build/GEDE01/src/game/game_fn_800094C0.o
[787/955] EXTERNALIZE build/GEDE01/src/game/game_fn_8000EFC4.o
[788/955] EXTERNALIZE build/GEDE01/src/game/game_fn_800096E0.o
[789/955] EXTERNALIZE build/GEDE01/src/game/game_fn_800098C0.o
[790/955] EXTERNALIZE build/GEDE01/src/game/game_fn_80009AB4.o
[791/955] EXTERNALIZE build/GEDE01/src/game/game_fn_800099D8.o
[792/955] EXTERNALIZE build/GEDE01/src/game/game_fn_8000A26C.o
[793/955] EXTERNALIZE build/GEDE01/src/game/game_fn_800171C0.o
[794/955] EXTERNALIZE build/GEDE01/src/game/game_fn_8000AC88.o
[795/955] EXTERNALIZE build/GEDE01/src/game/game_fn_800176F0.o
[796/955] EXTERNALIZE build/GEDE01/src/game/game_fn_8000AEB4.o
[797/955] EXTERNALIZE build/GEDE01/src/game/game_fn_8000AFB4.o
[798/955] EXTERNALIZE build/GEDE01/src/game/game_fn_8000B1B8.o
[799/955] EXTERNALIZE build/GEDE01/src/game/game_fn_8000B36C.o
[800/955] EXTERNALIZE build/GEDE01/src/game/game_fn_8000B630.o
[801/955] EXTERNALIZE build/GEDE01/src/game/game_fn_8000B900.o
[802/955] EXTERNALIZE build/GEDE01/src/game/game_fn_8000B7FC.o
[803/955] EXTERNALIZE build/GEDE01/src/game/game_fn_8000BA0C.o
[804/955] EXTERNALIZE build/GEDE01/src/game/game_fn_8000BAA0.o
[805/955] EXTERNALIZE build/GEDE01/src/game/game_fn_8000BC40.o
[806/955] EXTERNALIZE build/GEDE01/src/game/game_fn_8000C06C.o
[807/955] EXTERNALIZE build/GEDE01/src/game/game_fn_8000C17C.o
[808/955] EXTERNALIZE build/GEDE01/src/game/game_fn_8000C848.o
[809/955] EXTERNALIZE build/GEDE01/src/game/game_fn_8000C400.o
[810/955] EXTERNALIZE build/GEDE01/src/game/game_fn_8000C91C.o
[811/955] EXTERNALIZE build/GEDE01/src/game/game_fn_8000D0BC.o
[812/955] NAME SWITCH build/GEDE01/src/game/game_fn_8000D8A4.o
[813/955] EXTERNALIZE build/GEDE01/src/game/game_fn_8000D3D4.o
[814/955] EXTERNALIZE build/GEDE01/src/game/game_fn_8000E054.o
[815/955] EXTERNALIZE build/GEDE01/src/game/game_fn_8000E0AC.o
[816/955] EXTERNALIZE build/GEDE01/src/game/game_fn_8000E96C.o
[817/955] EXTERNALIZE build/GEDE01/src/game/game_fn_8000F774.o
[818/955] EXTERNALIZE build/GEDE01/src/game/game_fn_8000EB14.o
[819/955] EXTERNALIZE build/GEDE01/src/game/game_fn_8000EBD4.o
[820/955] EXTERNALIZE build/GEDE01/src/game/game_fn_8000ED44.o
[821/955] EXTERNALIZE build/GEDE01/src/game/game_fn_8000E138.o
[822/955] EXTERNALIZE build/GEDE01/src/game/game_fn_8000E1C4.o
[823/955] EXTERNALIZE build/GEDE01/src/game/game_fn_8000D590.o
[824/955] EXTERNALIZE build/GEDE01/src/game/game_fn_8000DA50.o
[825/955] EXTERNALIZE build/GEDE01/src/game/game_fn_8000DAF4.o
[826/955] EXTERNALIZE build/GEDE01/src/game/game_fn_80012DA8.o
[827/955] EXTERNALIZE build/GEDE01/src/game/game_fn_80012F40.o
[828/955] EXTERNALIZE build/GEDE01/src/game/game_fn_80012FD0.o
[829/955] EXTERNALIZE build/GEDE01/src/game/game_fn_800131E8.o
[830/955] EXTERNALIZE build/GEDE01/src/game/game_fn_80013340.o
[831/955] EXTERNALIZE build/GEDE01/src/game/game_fn_80013870.o
[832/955] EXTERNALIZE build/GEDE01/src/game/game_fn_80013CB0.o
[833/955] EXTERNALIZE build/GEDE01/src/game/game_fn_80013D54.o
[834/955] EXTERNALIZE build/GEDE01/src/game/game_fn_800142DC.o
[835/955] EXTERNALIZE build/GEDE01/src/game/game_fn_800144CC.o
[836/955] EXTERNALIZE build/GEDE01/src/game/game_fn_80014784.o
[837/955] EXTERNALIZE build/GEDE01/src/game/game_fn_800149D4.o
[838/955] EXTERNALIZE build/GEDE01/src/game/game_fn_80015058.o
[839/955] EXTERNALIZE build/GEDE01/src/game/game_fn_80015320.o
[840/955] EXTERNALIZE build/GEDE01/src/game/game_fn_80015568.o
[841/955] EXTERNALIZE build/GEDE01/src/game/game_fn_800156FC.o
[842/955] EXTERNALIZE build/GEDE01/src/game/game_fn_80015BE0.o
[843/955] EXTERNALIZE build/GEDE01/src/game/game_fn_80015F04.o
[844/955] EXTERNALIZE build/GEDE01/src/game/game_fn_80015D40.o
[845/955] EXTERNALIZE build/GEDE01/src/game/game_fn_80016128.o
[846/955] EXTERNALIZE build/GEDE01/src/game/game_fn_80016270.o
[847/955] EXTERNALIZE build/GEDE01/src/game/game_fn_800173CC.o
[848/955] EXTERNALIZE build/GEDE01/src/game/game_fn_80016904.o
[849/955] EXTERNALIZE build/GEDE01/src/game/game_fn_80016B24.o
[850/955] EXTERNALIZE build/GEDE01/src/game/game_fn_801BEF40.o
[851/955] EXTERNALIZE build/GEDE01/src/game/game_fn_801B86C0.o
[852/955] EXTERNALIZE STATIC POOL build/GEDE01/src/game/game_fn_801C4B5C.o
build/GEDE01/src/game/game_fn_801C4B5C.o: lbl_80628CB0 now undefined; section 6 emptied
[853/955] EXTERNALIZE build/GEDE01/src/game/game_fn_801EAA04.o
[854/955] EXTERNALIZE build/GEDE01/src/game/game_fn_801C8600.o
[855/955] EXTERNALIZE build/GEDE01/src/game/game_fn_80150400.o
[856/955] EXTERNALIZE build/GEDE01/src/game/game_fn_80150F20.o
[857/955] EXTERNALIZE build/GEDE01/src/game/game_fn_80151D00.o
[858/955] EXTERNALIZE build/GEDE01/src/game/game_fn_80151600.o
[859/955] EXTERNALIZE build/GEDE01/src/game/game_fn_801DE8B4.o
[860/955] EXTERNALIZE build/GEDE01/src/game/game_fn_80173BDC.o
[861/955] EXTERNALIZE build/GEDE01/src/game/game_fn_801E7014.o
[862/955] EXTERNALIZE build/GEDE01/src/game/game_fn_801A4430.o
[863/955] EXTERNALIZE build/GEDE01/src/game/game_fn_8014BA14.o
[864/955] EXTERNALIZE build/GEDE01/src/game/game_fn_800B2EC0.o
[865/955] EXTERNALIZE build/GEDE01/src/game/game_fn_8001CA04.o
[866/955] EXTERNALIZE build/GEDE01/src/game/game_fn_80031544.o
[867/955] EXTERNALIZE build/GEDE01/src/game/game_fn_8006B0F0.o
[868/955] EXTERNALIZE build/GEDE01/src/game/game_fn_8007D4D8.o
[869/955] EXTERNALIZE build/GEDE01/src/game/game_fn_801DDB84.o
[870/955] EXTERNALIZE build/GEDE01/src/game/game_fn_8007F770.o
[871/955] EXTERNALIZE build/GEDE01/src/game/game_fn_80088F4C.o
[872/955] EXTERNALIZE build/GEDE01/src/game/game_fn_80089A34.o
[873/955] EXTERNALIZE build/GEDE01/src/game/game_fn_8008A2E0.o
[874/955] EXTERNALIZE build/GEDE01/src/game/game_fn_80095D10.o
[875/955] EXTERNALIZE build/GEDE01/src/game/game_fn_80090004.o
[876/955] EXTERNALIZE build/GEDE01/src/game/game_fn_800A3180.o
[877/955] EXTERNALIZE build/GEDE01/src/game/game_fn_800BB5C4.o
[878/955] EXTERNALIZE build/GEDE01/src/game/game_fn_800BB7A8.o
[879/955] EXTERNALIZE build/GEDE01/src/game/game_fn_800BB9A4.o
[880/955] EXTERNALIZE build/GEDE01/src/game/game_fn_800BBAF0.o
[881/955] EXTERNALIZE build/GEDE01/src/game/game_fn_800D9E10.o
[882/955] EXTERNALIZE build/GEDE01/src/game/game_fn_800D9064.o
[883/955] EXTERNALIZE build/GEDE01/src/game/game_fn_8012976C.o
[884/955] EXTERNALIZE build/GEDE01/src/game/game_fn_8013DB8C.o
[885/955] EXTERNALIZE build/GEDE01/src/game/game_fn_8013CBE4.o
[886/955] EXTERNALIZE build/GEDE01/src/game/game_fn_8014CA98.o
[887/955] EXTERNALIZE build/GEDE01/src/game/game_fn_80153A24.o
[888/955] EXTERNALIZE build/GEDE01/src/game/game_fn_801535D8.o
[889/955] EXTERNALIZE build/GEDE01/src/game/game_fn_80174F2C.o
[890/955] EXTERNALIZE build/GEDE01/src/game/game_fn_801752B0.o
[891/955] EXTERNALIZE build/GEDE01/src/game/game_fn_8017AC20.o
[892/955] EXTERNALIZE build/GEDE01/src/game/game_fn_801861C4.o
[893/955] EXTERNALIZE build/GEDE01/src/game/game_fn_8018680C.o
[894/955] EXTERNALIZE build/GEDE01/src/game/game_fn_80186F70.o
[895/955] EXTERNALIZE build/GEDE01/src/game/game_fn_80187320.o
[896/955] EXTERNALIZE build/GEDE01/src/game/game_fn_801810A0.o
[897/955] EXTERNALIZE build/GEDE01/src/game/game_fn_801875FC.o
[898/955] EXTERNALIZE build/GEDE01/src/game/game_fn_800542D0.o
[899/955] EXTERNALIZE build/GEDE01/src/game/game_fn_80187E40.o
[900/955] EXTERNALIZE build/GEDE01/src/game/game_fn_80187BB4.o
[901/955] EXTERNALIZE build/GEDE01/src/game/game_fn_80189C14.o
[902/955] EXTERNALIZE build/GEDE01/src/game/game_fn_8018C2D0.o
[903/955] EXTERNALIZE build/GEDE01/src/game/game_fn_8018D400.o
[904/955] EXTERNALIZE build/GEDE01/src/game/game_fn_8018E0D8.o
[905/955] EXTERNALIZE build/GEDE01/src/game/game_fn_8019120C.o
[906/955] EXTERNALIZE build/GEDE01/src/game/game_fn_8018DC24.o
[907/955] EXTERNALIZE build/GEDE01/src/game/game_fn_801916D0.o
[908/955] EXTERNALIZE build/GEDE01/src/game/game_fn_801926EC.o
[909/955] EXTERNALIZE build/GEDE01/src/game/game_fn_801929A4.o
[910/955] EXTERNALIZE build/GEDE01/src/game/game_fn_801952E8.o
[911/955] EXTERNALIZE build/GEDE01/src/game/game_fn_801A2A54.o
[912/955] EXTERNALIZE build/GEDE01/src/game/game_fn_801A34BC.o
[913/955] EXTERNALIZE build/GEDE01/src/game/game_fn_801A657C.o
[914/955] EXTERNALIZE build/GEDE01/src/game/game_fn_801A1F8C.o
[915/955] EXTERNALIZE build/GEDE01/src/game/game_fn_801D1F78.o
[916/955] EXTERNALIZE build/GEDE01/src/game/game_fn_801E2A48.o
[917/955] EXTERNALIZE build/GEDE01/src/game/game_fn_801E6814.o
[918/955] EXTERNALIZE build/GEDE01/src/game/game_fn_801E995C.o
[919/955] EXTERNALIZE build/GEDE01/src/game/game_fn_801EF580.o
[920/955] EXTERNALIZE build/GEDE01/src/game/game_fn_801F10BC.o
[921/955] EXTERNALIZE build/GEDE01/src/game/game_fn_801F0CB0.o
[922/955] EXTERNALIZE build/GEDE01/src/game/game_fn_801F35A8.o
[923/955] EXTERNALIZE build/GEDE01/src/game/game_fn_801ECD74.o
[924/955] EXTERNALIZE build/GEDE01/src/game/game_fn_801F69F0.o
[925/955] EXTERNALIZE build/GEDE01/src/game/game_fn_801ED5F4.o
[926/955] EXTERNALIZE build/GEDE01/src/game/game_fn_801F76EC.o
[927/955] EXTERNALIZE build/GEDE01/src/game/game_fn_801F8264.o
[928/955] EXTERNALIZE build/GEDE01/src/game/game_fn_801F89B4.o
[929/955] EXTERNALIZE build/GEDE01/src/game/game_fn_801F9AF8.o
[930/955] EXTERNALIZE build/GEDE01/src/game/game_fn_801F6BD8.o
[931/955] EXTERNALIZE build/GEDE01/src/game/game_fn_801FB6A4.o
[932/955] EXTERNALIZE build/GEDE01/src/game/game_fn_80095E64.o
[933/955] EXTERNALIZE JUMPTABLES build/GEDE01/src/game/game_fn_800361F8.o
[934/955] EXTERNALIZE JUMPTABLES build/GEDE01/src/game/game_fn_8006E53C.o
[935/955] EXTERNALIZE JUMPTABLES build/GEDE01/src/game/game_fn_800CF598.o
[936/955] EXTERNALIZE JUMPTABLES build/GEDE01/src/game/game_fn_801ACFE8.o
[937/955] EXTERNALIZE build/GEDE01/src/game/game_fn_801E0088.o
[938/955] EXTERNALIZE JUMPTABLES build/GEDE01/src/game/game_fn_801B1BA0.o
[939/955] EXTERNALIZE build/GEDE01/src/game/game_fn_80150A24.o
[940/955] EXTERNALIZE build/GEDE01/src/game/game_fn_80154F74.o
[941/955] EXTERNALIZE build/GEDE01/src/game/game_fn_801E504C.o
[942/955] EXTERNALIZE build/GEDE01/src/game/game_fn_8009E808.o
[943/955] EXTERNALIZE build/GEDE01/src/game/game_fn_801FFE78.o
[944/955] EXTERNALIZE build/GEDE01/src/game/game_fn_801F1A38.o
[945/955] EXTERNALIZE build/GEDE01/src/game/game_fn_801F55A0.o
[946/955] EXTERNALIZE build/GEDE01/src/game/game_fn_801F7510.o
[947/955] EXTERNALIZE build/GEDE01/src/game/game_fn_801F8FAC.o
[948/955] EXTERNALIZE build/GEDE01/src/game/game_fn_801F9CF4.o
[949/955] EXTERNALIZE build/GEDE01/src/game/game_fn_801FC034.o
[950/955] EXTERNALIZE build/GEDE01/src/game/game_fn_801FA9C8.o
[951/955] REPORT
 INFO Loading project .
 INFO Generating report for 7083 units (using 8 threads)
 INFO Report generated in 0.227s
 INFO Writing to build/GEDE01/report.json
[952/955] LINK build/GEDE01/main.elf
### mwldeppc.exe Linker Warning:
#   Section '.ignored' is unknown. Section ignored.
### mwldeppc.exe Linker Warning:
#   Section '.ignored' is unknown. Section ignored.
### mwldeppc.exe Linker Warning:
#   Section '.ignored' is unknown. Section ignored.
### mwldeppc.exe Linker Warning:
#   Section '.ignored' is unknown. Section ignored.
### mwldeppc.exe Linker Warning:
#   Section '.ignored' is unknown. Section ignored.
### mwldeppc.exe Linker Warning:
#   Section '.ignored' is unknown. Section ignored.
### mwldeppc.exe Linker Warning:
#   Section '.ignored' is unknown. Section ignored.
### mwldeppc.exe Linker Warning:
#   Section '.ignored' is unknown. Section ignored.
### mwldeppc.exe Linker Warning:
#   Section '.ignored' is unknown. Section ignored.
### mwldeppc.exe Linker Warning:
#   Section '.ignored' is unknown. Section ignored.
### mwldeppc.exe Linker Warning:
#   Section '.ignored' is unknown. Section ignored.
### mwldeppc.exe Linker Warning:
#   Section '.ignored' is unknown. Section ignored.
### mwldeppc.exe Linker Warning:
#   Section '.ignored' is unknown. Section ignored.
### mwldeppc.exe Linker Warning:
#   Section '.ignored' is unknown. Section ignored.
### mwldeppc.exe Linker Warning:
#   Section '.ignored' is unknown. Section ignored.
### mwldeppc.exe Linker Warning:
#   Section '.ignored' is unknown. Section ignored.
### mwldeppc.exe Linker Warning:
#   Section '.ignored' is unknown. Section ignored.
### mwldeppc.exe Linker Warning:
#   Section '.ignored' is unknown. Section ignored.
### mwldeppc.exe Linker Warning:
#   Section '.ignored' is unknown. Section ignored.
### mwldeppc.exe Linker Warning:
#   Section '.ignored' is unknown. Section ignored.
### mwldeppc.exe Linker Warning:
#   Section '.ignored' is unknown. Section ignored.
### mwldeppc.exe Linker Warning:
#   Section '.ignored' is unknown. Section ignored.
### mwldeppc.exe Linker Warning:
#   Section '.ignored' is unknown. Section ignored.
### mwldeppc.exe Linker Warning:
#   Section '.ignored' is unknown. Section ignored.
### mwldeppc.exe Linker Warning:
#   Section '.ignored' is unknown. Section ignored.
### mwldeppc.exe Linker Warning:
#   Section '.ignored' is unknown. Section ignored.
### mwldeppc.exe Linker Warning:
#   Section '.ignored' is unknown. Section ignored.
### mwldeppc.exe Linker Warning:
#   Section '.ignored' is unknown. Section ignored.
### mwldeppc.exe Linker Warning:
#   Section '.ignored' is unknown. Section ignored.
### mwldeppc.exe Linker Warning:
#   Section '.ignored' is unknown. Section ignored.
### mwldeppc.exe Linker Warning:
#   Section '.ignored' is unknown. Section ignored.
### mwldeppc.exe Linker Warning:
#   Section '.ignored' is unknown. Section ignored.
### mwldeppc.exe Linker Warning:
#   Section '.ignored' is unknown. Section ignored.
### mwldeppc.exe Linker Warning:
#   Section '.ignored' is unknown. Section ignored.
### mwldeppc.exe Linker Warning:
#   Section '.ignored' is unknown. Section ignored.
### mwldeppc.exe Linker Warning:
#   Section '.ignored' is unknown. Section ignored.
### mwldeppc.exe Linker Warning:
#   Section '.ignored' is unknown. Section ignored.
### mwldeppc.exe Linker Warning:
#   Section '.ignored' is unknown. Section ignored.
### mwldeppc.exe Linker Warning:
#   Section '.ignored' is unknown. Section ignored.
### mwldeppc.exe Linker Warning:
#   Section '.ignored' is unknown. Section ignored.
### mwldeppc.exe Linker Warning:
#   Section '.ignored' is unknown. Section ignored.
### mwldeppc.exe Linker Warning:
#   Section '.ignored' is unknown. Section ignored.
### mwldeppc.exe Linker Warning:
#   Section '.ignored' is unknown. Section ignored.
### mwldeppc.exe Linker Warning:
#   Section '.ignored' is unknown. Section ignored.
### mwldeppc.exe Linker Warning:
#   Section '.ignored' is unknown. Section ignored.
### mwldeppc.exe Linker Warning:
#   Section '.ignored' is unknown. Section ignored.
### mwldeppc.exe Linker Warning:
#   Section '.ignored' is unknown. Section ignored.
### mwldeppc.exe Linker Warning:
#   Section '.ignored' is unknown. Section ignored.
### mwldeppc.exe Linker Warning:
#   Section '.ignored' is unknown. Section ignored.
### mwldeppc.exe Linker Warning:
#   Section '.ignored' is unknown. Section ignored.
### mwldeppc.exe Linker Warning:
#   Section '.ignored' is unknown. Section ignored.
### mwldeppc.exe Linker Warning:
#   Section '.ignored' is unknown. Section ignored.
### mwldeppc.exe Linker Warning:
#   Section '.ignored' is unknown. Section ignored.
### mwldeppc.exe Linker Warning:
#   Section '.ignored' is unknown. Section ignored.
### mwldeppc.exe Linker Warning:
#   Section '.ignored' is unknown. Section ignored.
### mwldeppc.exe Linker Warning:
#   Section '.ignored' is unknown. Section ignored.
### mwldeppc.exe Linker Warning:
#   Section '.ignored' is unknown. Section ignored.
### mwldeppc.exe Linker Warning:
#   Section '.ignored' is unknown. Section ignored.
### mwldeppc.exe Linker Warning:
#   Section '.ignored' is unknown. Section ignored.
### mwldeppc.exe Linker Warning:
#   Section '.ignored' is unknown. Section ignored.
### mwldeppc.exe Linker Warning:
#   Section '.ignored' is unknown. Section ignored.
### mwldeppc.exe Linker Warning:
#   Section '.ignored' is unknown. Section ignored.
### mwldeppc.exe Linker Warning:
#   Section '.ignored' is unknown. Section ignored.
### mwldeppc.exe Linker Warning:
#   Section '.ignored' is unknown. Section ignored.
### mwldeppc.exe Linker Warning:
#   Section '.ignored' is unknown. Section ignored.
### mwldeppc.exe Linker Warning:
#   Section '.ignored' is unknown. Section ignored.
### mwldeppc.exe Linker Warning:
#   Section '.ignored' is unknown. Section ignored.
### mwldeppc.exe Linker Warning:
#   Section '.ignored' is unknown. Section ignored.
### mwldeppc.exe Linker Warning:
#   Section '.ignored' is unknown. Section ignored.
### mwldeppc.exe Linker Warning:
#   Section '.ignored' is unknown. Section ignored.
### mwldeppc.exe Linker Warning:
#   Section '.ignored' is unknown. Section ignored.
### mwldeppc.exe Linker Warning:
#   Section '.ignored' is unknown. Section ignored.
### mwldeppc.exe Linker Warning:
#   Section '.ignored' is unknown. Section ignored.
### mwldeppc.exe Linker Warning:
#   Section '.ignored' is unknown. Section ignored.
### mwldeppc.exe Linker Warning:
#   Section '.ignored' is unknown. Section ignored.
### mwldeppc.exe Linker Warning:
#   Section '.ignored' is unknown. Section ignored.
### mwldeppc.exe Linker Warning:
#   Section '.ignored' is unknown. Section ignored.
### mwldeppc.exe Linker Warning:
#   Section '.ignored' is unknown. Section ignored.
### mwldeppc.exe Linker Warning:
#   Section '.ignored' is unknown. Section ignored.
### mwldeppc.exe Linker Warning:
#   Section '.ignored' is unknown. Section ignored.
### mwldeppc.exe Linker Warning:
#   Section '.ignored' is unknown. Section ignored.
### mwldeppc.exe Linker Warning:
#   Section '.ignored' is unknown. Section ignored.
### mwldeppc.exe Linker Warning:
#   Section '.ignored' is unknown. Section ignored.
### mwldeppc.exe Linker Warning:
#   Section '.ignored' is unknown. Section ignored.
### mwldeppc.exe Linker Warning:
#   Section '.ignored' is unknown. Section ignored.
### mwldeppc.exe Linker Warning:
#   Section '.ignored' is unknown. Section ignored.
### mwldeppc.exe Linker Warning:
#   Section '.ignored' is unknown. Section ignored.
### mwldeppc.exe Linker Warning:
#   Section '.ignored' is unknown. Section ignored.
### mwldeppc.exe Linker Warning:
#   Section '.ignored' is unknown. Section ignored.
### mwldeppc.exe Linker Warning:
#   Section '.ignored' is unknown. Section ignored.
### mwldeppc.exe Linker Warning:
#   Section '.ignored' is unknown. Section ignored.
### mwldeppc.exe Linker Warning:
#   Section '.ignored' is unknown. Section ignored.
### mwldeppc.exe Linker Warning:
#   Section '.ignored' is unknown. Section ignored.
### mwldeppc.exe Linker Warning:
#   Section '.ignored' is unknown. Section ignored.
### mwldeppc.exe Linker Warning:
#   Section '.ignored' is unknown. Section ignored.
### mwldeppc.exe Linker Warning:
#   Section '.ignored' is unknown. Section ignored.
### mwldeppc.exe Linker Warning:
#   Section '.ignored' is unknown. Section ignored.
### mwldeppc.exe Linker Warning:
#   Section '.ignored' is unknown. Section ignored.
### mwldeppc.exe Linker Warning:
#   Section '.ignored' is unknown. Section ignored.
### mwldeppc.exe Linker Warning:
#   Section '.ignored' is unknown. Section ignored.
### mwldeppc.exe Linker Warning:
#   Section '.ignored' is unknown. Section ignored.
### mwldeppc.exe Linker Warning:
#   Section '.ignored' is unknown. Section ignored.
### mwldeppc.exe Linker Warning:
#   Section '.ignored' is unknown. Section ignored.
### mwldeppc.exe Linker Warning:
#   Section '.ignored' is unknown. Section ignored.
### mwldeppc.exe Linker Warning:
#   Section '.ignored' is unknown. Section ignored.
### mwldeppc.exe Linker Warning:
#   Section '.ignored' is unknown. Section ignored.
### mwldeppc.exe Linker Warning:
#   Section '.ignored' is unknown. Section ignored.
### mwldeppc.exe Linker Warning:
#   Section '.ignored' is unknown. Section ignored.
### mwldeppc.exe Linker Warning:
#   Section '.ignored' is unknown. Section ignored.
### mwldeppc.exe Linker Warning:
#   Section '.ignored' is unknown. Section ignored.
### mwldeppc.exe Linker Warning:
#   Section '.ignored' is unknown. Section ignored.
### mwldeppc.exe Linker Warning:
#   Section '.ignored' is unknown. Section ignored.
### mwldeppc.exe Linker Warning:
#   Section '.ignored' is unknown. Section ignored.
### mwldeppc.exe Linker Warning:
#   Section '.ignored' is unknown. Section ignored.
### mwldeppc.exe Linker Warning:
#   Section '.ignored' is unknown. Section ignored.
### mwldeppc.exe Linker Warning:
#   Section '.ignored' is unknown. Section ignored.
### mwldeppc.exe Linker Warning:
#   Section '.ignored' is unknown. Section ignored.
### mwldeppc.exe Linker Warning:
#   Section '.ignored' is unknown. Section ignored.
### mwldeppc.exe Linker Warning:
#   Section '.ignored' is unknown. Section ignored.
### mwldeppc.exe Linker Warning:
#   Section '.ignored' is unknown. Section ignored.
### mwldeppc.exe Linker Warning:
#   Section '.ignored' is unknown. Section ignored.
### mwldeppc.exe Linker Warning:
#   Section '.ignored' is unknown. Section ignored.
### mwldeppc.exe Linker Warning:
#   Section '.ignored' is unknown. Section ignored.
### mwldeppc.exe Linker Warning:
#   Section '.ignored' is unknown. Section ignored.
### mwldeppc.exe Linker Warning:
#   Section '.ignored' is unknown. Section ignored.
### mwldeppc.exe Linker Warning:
#   Section '.ignored' is unknown. Section ignored.
### mwldeppc.exe Linker Warning:
#   Section '.ignored' is unknown. Section ignored.
### mwldeppc.exe Linker Warning:
#   Section '.ignored' is unknown. Section ignored.
### mwldeppc.exe Linker Warning:
#   Section '.ignored' is unknown. Section ignored.
### mwldeppc.exe Linker Warning:
#   Section '.ignored' is unknown. Section ignored.
### mwldeppc.exe Linker Warning:
#   Section '.ignored' is unknown. Section ignored.
### mwldeppc.exe Linker Warning:
#   Section '.ignored' is unknown. Section ignored.
### mwldeppc.exe Linker Warning:
#   Section '.ignored' is unknown. Section ignored.
### mwldeppc.exe Linker Warning:
#   Section '.ignored' is unknown. Section ignored.
### mwldeppc.exe Linker Warning:
#   Section '.ignored' is unknown. Section ignored.
### mwldeppc.exe Linker Warning:
#   Section '.ignored' is unknown. Section ignored.
### mwldeppc.exe Linker Warning:
#   Section '.ignored' is unknown. Section ignored.
### mwldeppc.exe Linker Warning:
#   Section '.ignored' is unknown. Section ignored.
### mwldeppc.exe Linker Warning:
#   Section '.ignored' is unknown. Section ignored.
### mwldeppc.exe Linker Warning:
#   Section '.ignored' is unknown. Section ignored.
### mwldeppc.exe Linker Warning:
#   Section '.ignored' is unknown. Section ignored.
### mwldeppc.exe Linker Warning:
#   Section '.ignored' is unknown. Section ignored.
### mwldeppc.exe Linker Warning:
#   Section '.ignored' is unknown. Section ignored.
### mwldeppc.exe Linker Warning:
#   Section '.ignored' is unknown. Section ignored.
### mwldeppc.exe Linker Warning:
#   Section '.ignored' is unknown. Section ignored.
### mwldeppc.exe Linker Warning:
#   Section '.ignored' is unknown. Section ignored.
### mwldeppc.exe Linker Warning:
#   Section '.ignored' is unknown. Section ignored.
### mwldeppc.exe Linker Warning:
#   Section '.ignored' is unknown. Section ignored.
### mwldeppc.exe Linker Warning:
#   Section '.ignored' is unknown. Section ignored.
### mwldeppc.exe Linker Warning:
#   Section '.ignored' is unknown. Section ignored.
### mwldeppc.exe Linker Warning:
#   Section '.ignored' is unknown. Section ignored.
### mwldeppc.exe Linker Warning:
#   Section '.ignored' is unknown. Section ignored.
### mwldeppc.exe Linker Warning:
#   Section '.ignored' is unknown. Section ignored.
### mwldeppc.exe Linker Warning:
#   Section '.ignored' is unknown. Section ignored.
### mwldeppc.exe Linker Warning:
#   Section '.ignored' is unknown. Section ignored.
### mwldeppc.exe Linker Warning:
#   Section '.ignored' is unknown. Section ignored.
### mwldeppc.exe Linker Warning:
#   Section '.ignored' is unknown. Section ignored.
### mwldeppc.exe Linker Warning:
#   Section '.ignored' is unknown. Section ignored.
### mwldeppc.exe Linker Warning:
#   Section '.ignored' is unknown. Section ignored.
### mwldeppc.exe Linker Warning:
#   Section '.ignored' is unknown. Section ignored.
### mwldeppc.exe Linker Warning:
#   Section '.ignored' is unknown. Section ignored.
### mwldeppc.exe Linker Warning:
#   Section '.ignored' is unknown. Section ignored.
### mwldeppc.exe Linker Warning:
#   Section '.ignored' is unknown. Section ignored.
### mwldeppc.exe Linker Warning:
#   Section '.ignored' is unknown. Section ignored.
### mwldeppc.exe Linker Warning:
#   Section '.ignored' is unknown. Section ignored.
### mwldeppc.exe Linker Warning:
#   Section '.ignored' is unknown. Section ignored.
### mwldeppc.exe Linker Warning:
#   Section '.ignored' is unknown. Section ignored.
### mwldeppc.exe Linker Warning:
#   Section '.ignored' is unknown. Section ignored.
### mwldeppc.exe Linker Warning:
#   Section '.ignored' is unknown. Section ignored.
### mwldeppc.exe Linker Warning:
#   Section '.ignored' is unknown. Section ignored.
### mwldeppc.exe Linker Warning:
#   Section '.ignored' is unknown. Section ignored.
### mwldeppc.exe Linker Warning:
#   Section '.ignored' is unknown. Section ignored.
### mwldeppc.exe Linker Warning:
#   Section '.ignored' is unknown. Section ignored.
### mwldeppc.exe Linker Warning:
#   Section '.ignored' is unknown. Section ignored.
### mwldeppc.exe Linker Warning:
#   Section '.ignored' is unknown. Section ignored.
### mwldeppc.exe Linker Warning:
#   Section '.ignored' is unknown. Section ignored.
### mwldeppc.exe Linker Warning:
#   Section '.ignored' is unknown. Section ignored.
### mwldeppc.exe Linker Warning:
#   Section '.ignored' is unknown. Section ignored.
### mwldeppc.exe Linker Warning:
#   Section '.ignored' is unknown. Section ignored.
### mwldeppc.exe Linker Warning:
#   Section '.ignored' is unknown. Section ignored.
### mwldeppc.exe Linker Warning:
#   Section '.ignored' is unknown. Section ignored.
### mwldeppc.exe Linker Warning:
#   Section '.ignored' is unknown. Section ignored.
### mwldeppc.exe Linker Warning:
#   Section '.ignored' is unknown. Section ignored.
### mwldeppc.exe Linker Warning:
#   Section '.ignored' is unknown. Section ignored.
### mwldeppc.exe Linker Warning:
#   Section '.ignored' is unknown. Section ignored.
### mwldeppc.exe Linker Warning:
#   Section '.ignored' is unknown. Section ignored.
### mwldeppc.exe Linker Warning:
#   Section '.ignored' is unknown. Section ignored.
### mwldeppc.exe Linker Warning:
#   Section '.ignored' is unknown. Section ignored.
### mwldeppc.exe Linker Warning:
#   Section '.ignored' is unknown. Section ignored.
### mwldeppc.exe Linker Warning:
#   Section '.ignored' is unknown. Section ignored.
### mwldeppc.exe Linker Warning:
#   Section '.ignored' is unknown. Section ignored.
### mwldeppc.exe Linker Warning:
#   Section '.ignored' is unknown. Section ignored.
### mwldeppc.exe Linker Warning:
#   Section '.ignored' is unknown. Section ignored.
### mwldeppc.exe Linker Warning:
#   Section '.ignored' is unknown. Section ignored.
### mwldeppc.exe Linker Warning:
#   Section '.ignored' is unknown. Section ignored.
### mwldeppc.exe Linker Warning:
#   Section '.ignored' is unknown. Section ignored.
### mwldeppc.exe Linker Warning:
#   Section '.ignored' is unknown. Section ignored.
### mwldeppc.exe Linker Warning:
#   Section '.ignored' is unknown. Section ignored.
### mwldeppc.exe Linker Warning:
#   Section '.ignored' is unknown. Section ignored.
### mwldeppc.exe Linker Warning:
#   Section '.ignored' is unknown. Section ignored.
### mwldeppc.exe Linker Warning:
#   Section '.ignored' is unknown. Section ignored.
### mwldeppc.exe Linker Warning:
#   Section '.ignored' is unknown. Section ignored.
### mwldeppc.exe Linker Warning:
#   Section '.ignored' is unknown. Section ignored.
### mwldeppc.exe Linker Warning:
#   Section '.ignored' is unknown. Section ignored.
### mwldeppc.exe Linker Warning:
#   Section '.ignored' is unknown. Section ignored.
### mwldeppc.exe Linker Warning:
#   Section '.ignored' is unknown. Section ignored.
### mwldeppc.exe Linker Warning:
#   Section '.ignored' is unknown. Section ignored.
### mwldeppc.exe Linker Warning:
#   Section '.ignored' is unknown. Section ignored.
### mwldeppc.exe Linker Warning:
#   Section '.ignored' is unknown. Section ignored.
### mwldeppc.exe Linker Warning:
#   Section '.ignored' is unknown. Section ignored.
### mwldeppc.exe Linker Warning:
#   Section '.ignored' is unknown. Section ignored.
### mwldeppc.exe Linker Warning:
#   Section '.ignored' is unknown. Section ignored.
### mwldeppc.exe Linker Warning:
#   Section '.ignored' is unknown. Section ignored.
### mwldeppc.exe Linker Warning:
#   Section '.ignored' is unknown. Section ignored.
### mwldeppc.exe Linker Warning:
#   Section '.ignored' is unknown. Section ignored.
### mwldeppc.exe Linker Warning:
#   Section '.ignored' is unknown. Section ignored.
### mwldeppc.exe Linker Warning:
#   Section '.ignored' is unknown. Section ignored.
### mwldeppc.exe Linker Warning:
#   Section '.ignored' is unknown. Section ignored.
### mwldeppc.exe Linker Warning:
#   Section '.ignored' is unknown. Section ignored.
### mwldeppc.exe Linker Warning:
#   Section '.ignored' is unknown. Section ignored.
### mwldeppc.exe Linker Warning:
#   Section '.ignored' is unknown. Section ignored.
### mwldeppc.exe Linker Warning:
#   Section '.ignored' is unknown. Section ignored.
### mwldeppc.exe Linker Warning:
#   Section '.ignored' is unknown. Section ignored.
### mwldeppc.exe Linker Warning:
#   Section '.ignored' is unknown. Section ignored.
### mwldeppc.exe Linker Warning:
#   Section '.ignored' is unknown. Section ignored.
### mwldeppc.exe Linker Warning:
#   Section '.ignored' is unknown. Section ignored.
### mwldeppc.exe Linker Warning:
#   Section '.ignored' is unknown. Section ignored.
### mwldeppc.exe Linker Warning:
#   Section '.ignored' is unknown. Section ignored.
### mwldeppc.exe Linker Warning:
#   Section '.ignored' is unknown. Section ignored.
### mwldeppc.exe Linker Warning:
#   Section '.ignored' is unknown. Section ignored.
### mwldeppc.exe Linker Warning:
#   Section '.ignored' is unknown. Section ignored.
### mwldeppc.exe Linker Warning:
#   Section '.ignored' is unknown. Section ignored.
### mwldeppc.exe Linker Warning:
#   Section '.ignored' is unknown. Section ignored.
### mwldeppc.exe Linker Warning:
#   Section '.ignored' is unknown. Section ignored.
### mwldeppc.exe Linker Warning:
#   Section '.ignored' is unknown. Section ignored.
### mwldeppc.exe Linker Warning:
#   Section '.ignored' is unknown. Section ignored.
### mwldeppc.exe Linker Warning:
#   Section '.ignored' is unknown. Section ignored.
### mwldeppc.exe Linker Warning:
#   Section '.ignored' is unknown. Section ignored.
### mwldeppc.exe Linker Warning:
#   Section '.ignored' is unknown. Section ignored.
### mwldeppc.exe Linker Warning:
#   Section '.ignored' is unknown. Section ignored.
### mwldeppc.exe Linker Warning:
#   Section '.ignored' is unknown. Section ignored.
### mwldeppc.exe Linker Warning:
#   Section '.ignored' is unknown. Section ignored.
### mwldeppc.exe Linker Warning:
#   Section '.ignored' is unknown. Section ignored.
### mwldeppc.exe Linker Warning:
#   Section '.ignored' is unknown. Section ignored.
### mwldeppc.exe Linker Warning:
#   Section '.ignored' is unknown. Section ignored.
### mwldeppc.exe Linker Warning:
#   Section '.ignored' is unknown. Section ignored.
### mwldeppc.exe Linker Warning:
#   Section '.ignored' is unknown. Section ignored.
### mwldeppc.exe Linker Warning:
#   Section '.ignored' is unknown. Section ignored.
### mwldeppc.exe Linker Warning:
#   Section '.ignored' is unknown. Section ignored.
### mwldeppc.exe Linker Warning:
#   Section '.ignored' is unknown. Section ignored.
### mwldeppc.exe Linker Warning:
#   Section '.ignored' is unknown. Section ignored.
### mwldeppc.exe Linker Warning:
#   Section '.ignored' is unknown. Section ignored.
### mwldeppc.exe Linker Warning:
#   Section '.ignored' is unknown. Section ignored.
### mwldeppc.exe Linker Warning:
#   Section '.ignored' is unknown. Section ignored.
### mwldeppc.exe Linker Warning:
#   Section '.ignored' is unknown. Section ignored.
### mwldeppc.exe Linker Warning:
#   Section '.ignored' is unknown. Section ignored.
### mwldeppc.exe Linker Warning:
#   Section '.ignored' is unknown. Section ignored.
### mwldeppc.exe Linker Warning:
#   Section '.ignored' is unknown. Section ignored.
### mwldeppc.exe Linker Warning:
#   Section '.ignored' is unknown. Section ignored.
### mwldeppc.exe Linker Warning:
#   Section '.ignored' is unknown. Section ignored.
### mwldeppc.exe Linker Warning:
#   Section '.ignored' is unknown. Section ignored.
### mwldeppc.exe Linker Warning:
#   Section '.ignored' is unknown. Section ignored.
### mwldeppc.exe Linker Warning:
#   Section '.ignored' is unknown. Section ignored.
### mwldeppc.exe Linker Warning:
#   Section '.ignored' is unknown. Section ignored.
### mwldeppc.exe Linker Warning:
#   Section '.ignored' is unknown. Section ignored.
### mwldeppc.exe Linker Warning:
#   Section '.ignored' is unknown. Section ignored.
### mwldeppc.exe Linker Warning:
#   Section '.ignored' is unknown. Section ignored.
### mwldeppc.exe Linker Warning:
#   Section '.ignored' is unknown. Section ignored.
### mwldeppc.exe Linker Warning:
#   Section '.ignored' is unknown. Section ignored.
### mwldeppc.exe Linker Warning:
#   Section '.ignored' is unknown. Section ignored.
### mwldeppc.exe Linker Warning:
#   Section '.ignored' is unknown. Section ignored.
### mwldeppc.exe Linker Warning:
#   Section '.ignored' is unknown. Section ignored.
### mwldeppc.exe Linker Warning:
#   Section '.ignored' is unknown. Section ignored.
### mwldeppc.exe Linker Warning:
#   Section '.ignored' is unknown. Section ignored.
### mwldeppc.exe Linker Warning:
#   Section '.ignored' is unknown. Section ignored.
### mwldeppc.exe Linker Warning:
#   Section '.ignored' is unknown. Section ignored.
### mwldeppc.exe Linker Warning:
#   Section '.ignored' is unknown. Section ignored.
### mwldeppc.exe Linker Warning:
#   Section '.ignored' is unknown. Section ignored.
### mwldeppc.exe Linker Warning:
#   Section '.ignored' is unknown. Section ignored.
### mwldeppc.exe Linker Warning:
#   Section '.ignored' is unknown. Section ignored.
### mwldeppc.exe Linker Warning:
#   Section '.ignored' is unknown. Section ignored.
### mwldeppc.exe Linker Warning:
#   Section '.ignored' is unknown. Section ignored.
### mwldeppc.exe Linker Warning:
#   Section '.ignored' is unknown. Section ignored.
### mwldeppc.exe Linker Warning:
#   Section '.ignored' is unknown. Section ignored.
### mwldeppc.exe Linker Warning:
#   Section '.ignored' is unknown. Section ignored.
### mwldeppc.exe Linker Warning:
#   Section '.ignored' is unknown. Section ignored.
### mwldeppc.exe Linker Warning:
#   Section '.ignored' is unknown. Section ignored.
### mwldeppc.exe Linker Warning:
#   Section '.ignored' is unknown. Section ignored.
### mwldeppc.exe Linker Warning:
#   Section '.ignored' is unknown. Section ignored.
### mwldeppc.exe Linker Warning:
#   Section '.ignored' is unknown. Section ignored.
### mwldeppc.exe Linker Warning:
#   Section '.ignored' is unknown. Section ignored.
### mwldeppc.exe Linker Warning:
#   Section '.ignored' is unknown. Section ignored.
### mwldeppc.exe Linker Warning:
#   Section '.ignored' is unknown. Section ignored.
### mwldeppc.exe Linker Warning:
#   Section '.ignored' is unknown. Section ignored.
### mwldeppc.exe Linker Warning:
#   Section '.ignored' is unknown. Section ignored.
### mwldeppc.exe Linker Warning:
#   Section '.ignored' is unknown. Section ignored.
### mwldeppc.exe Linker Warning:
#   Section '.ignored' is unknown. Section ignored.
### mwldeppc.exe Linker Warning:
#   Section '.ignored' is unknown. Section ignored.
### mwldeppc.exe Linker Warning:
#   Section '.ignored' is unknown. Section ignored.
### mwldeppc.exe Linker Warning:
#   Section '.ignored' is unknown. Section ignored.
### mwldeppc.exe Linker Warning:
#   Section '.ignored' is unknown. Section ignored.
### mwldeppc.exe Linker Warning:
#   Section '.ignored' is unknown. Section ignored.
### mwldeppc.exe Linker Warning:
#   Section '.ignored' is unknown. Section ignored.
### mwldeppc.exe Linker Warning:
#   Section '.ignored' is unknown. Section ignored.
### mwldeppc.exe Linker Warning:
#   Section '.ignored' is unknown. Section ignored.
### mwldeppc.exe Linker Warning:
#   Section '.ignored' is unknown. Section ignored.
### mwldeppc.exe Linker Warning:
#   Section '.ignored' is unknown. Section ignored.
### mwldeppc.exe Linker Warning:
#   Section '.ignored' is unknown. Section ignored.
### mwldeppc.exe Linker Warning:
#   Section '.ignored' is unknown. Section ignored.
### mwldeppc.exe Linker Warning:
#   Section '.ignored' is unknown. Section ignored.
### mwldeppc.exe Linker Warning:
#   Section '.ignored' is unknown. Section ignored.
### mwldeppc.exe Linker Warning:
#   Section '.ignored' is unknown. Section ignored.
### mwldeppc.exe Linker Warning:
#   Section '.ignored' is unknown. Section ignored.
### mwldeppc.exe Linker Warning:
#   Section '.ignored' is unknown. Section ignored.
### mwldeppc.exe Linker Warning:
#   Section '.ignored' is unknown. Section ignored.
### mwldeppc.exe Linker Warning:
#   Section '.ignored' is unknown. Section ignored.
### mwldeppc.exe Linker Warning:
#   Section '.ignored' is unknown. Section ignored.
### mwldeppc.exe Linker Warning:
#   Section '.ignored' is unknown. Section ignored.
### mwldeppc.exe Linker Warning:
#   Section '.ignored' is unknown. Section ignored.
### mwldeppc.exe Linker Warning:
#   Section '.ignored' is unknown. Section ignored.
### mwldeppc.exe Linker Warning:
#   Section '.ignored' is unknown. Section ignored.
### mwldeppc.exe Linker Warning:
#   Section '.ignored' is unknown. Section ignored.
### mwldeppc.exe Linker Warning:
#   Section '.ignored' is unknown. Section ignored.
### mwldeppc.exe Linker Warning:
#   Section '.ignored' is unknown. Section ignored.
### mwldeppc.exe Linker Warning:
#   Section '.ignored' is unknown. Section ignored.
### mwldeppc.exe Linker Warning:
#   Section '.ignored' is unknown. Section ignored.
### mwldeppc.exe Linker Warning:
#   Section '.ignored' is unknown. Section ignored.
### mwldeppc.exe Linker Warning:
#   Section '.ignored' is unknown. Section ignored.
### mwldeppc.exe Linker Warning:
#   Section '.ignored' is unknown. Section ignored.
### mwldeppc.exe Linker Warning:
#   Section '.ignored' is unknown. Section ignored.
### mwldeppc.exe Linker Warning:
#   Section '.ignored' is unknown. Section ignored.
### mwldeppc.exe Linker Warning:
#   Section '.ignored' is unknown. Section ignored.
### mwldeppc.exe Linker Warning:
#   Section '.ignored' is unknown. Section ignored.
### mwldeppc.exe Linker Warning:
#   Section '.ignored' is unknown. Section ignored.
### mwldeppc.exe Linker Warning:
#   Section '.ignored' is unknown. Section ignored.
### mwldeppc.exe Linker Warning:
#   Section '.ignored' is unknown. Section ignored.
### mwldeppc.exe Linker Warning:
#   Section '.ignored' is unknown. Section ignored.
### mwldeppc.exe Linker Warning:
#   Section '.ignored' is unknown. Section ignored.
### mwldeppc.exe Linker Warning:
#   Section '.ignored' is unknown. Section ignored.
### mwldeppc.exe Linker Warning:
#   Section '.ignored' is unknown. Section ignored.
### mwldeppc.exe Linker Warning:
#   Section '.ignored' is unknown. Section ignored.
### mwldeppc.exe Linker Warning:
#   Section '.ignored' is unknown. Section ignored.
### mwldeppc.exe Linker Warning:
#   Section '.ignored' is unknown. Section ignored.
### mwldeppc.exe Linker Warning:
#   Section '.ignored' is unknown. Section ignored.
### mwldeppc.exe Linker Warning:
#   Section '.ignored' is unknown. Section ignored.
### mwldeppc.exe Linker Warning:
#   Section '.ignored' is unknown. Section ignored.
### mwldeppc.exe Linker Warning:
#   Section '.ignored' is unknown. Section ignored.
### mwldeppc.exe Linker Warning:
#   Section '.ignored' is unknown. Section ignored.
### mwldeppc.exe Linker Warning:
#   Section '.ignored' is unknown. Section ignored.
### mwldeppc.exe Linker Warning:
#   Section '.ignored' is unknown. Section ignored.
### mwldeppc.exe Linker Warning:
#   Section '.ignored' is unknown. Section ignored.
### mwldeppc.exe Linker Warning:
#   Section '.ignored' is unknown. Section ignored.
### mwldeppc.exe Linker Warning:
#   Section '.ignored' is unknown. Section ignored.
### mwldeppc.exe Linker Warning:
#   Section '.ignored' is unknown. Section ignored.
### mwldeppc.exe Linker Warning:
#   Section '.ignored' is unknown. Section ignored.
### mwldeppc.exe Linker Warning:
#   Section '.ignored' is unknown. Section ignored.
### mwldeppc.exe Linker Warning:
#   Section '.ignored' is unknown. Section ignored.
### mwldeppc.exe Linker Warning:
#   Section '.ignored' is unknown. Section ignored.
### mwldeppc.exe Linker Warning:
#   Section '.ignored' is unknown. Section ignored.
### mwldeppc.exe Linker Warning:
#   Section '.ignored' is unknown. Section ignored.
### mwldeppc.exe Linker Warning:
#   Section '.ignored' is unknown. Section ignored.
### mwldeppc.exe Linker Warning:
#   Section '.ignored' is unknown. Section ignored.
### mwldeppc.exe Linker Warning:
#   Section '.ignored' is unknown. Section ignored.
### mwldeppc.exe Linker Warning:
#   Section '.ignored' is unknown. Section ignored.
### mwldeppc.exe Linker Warning:
#   Section '.ignored' is unknown. Section ignored.
### mwldeppc.exe Linker Warning:
#   Section '.ignored' is unknown. Section ignored.
### mwldeppc.exe Linker Warning:
#   Section '.ignored' is unknown. Section ignored.
### mwldeppc.exe Linker Warning:
#   Section '.ignored' is unknown. Section ignored.
### mwldeppc.exe Linker Warning:
#   Section '.ignored' is unknown. Section ignored.
### mwldeppc.exe Linker Warning:
#   Section '.ignored' is unknown. Section ignored.
### mwldeppc.exe Linker Warning:
#   Section '.ignored' is unknown. Section ignored.
### mwldeppc.exe Linker Warning:
#   Section '.ignored' is unknown. Section ignored.
### mwldeppc.exe Linker Warning:
#   Section '.ignored' is unknown. Section ignored.
### mwldeppc.exe Linker Warning:
#   Section '.ignored' is unknown. Section ignored.
### mwldeppc.exe Linker Warning:
#   Section '.ignored' is unknown. Section ignored.
### mwldeppc.exe Linker Warning:
#   Section '.ignored' is unknown. Section ignored.
### mwldeppc.exe Linker Warning:
#   Section '.ignored' is unknown. Section ignored.
### mwldeppc.exe Linker Warning:
#   Section '.ignored' is unknown. Section ignored.
### mwldeppc.exe Linker Warning:
#   Section '.ignored' is unknown. Section ignored.
### mwldeppc.exe Linker Warning:
#   Section '.ignored' is unknown. Section ignored.
### mwldeppc.exe Linker Warning:
#   Section '.ignored' is unknown. Section ignored.
### mwldeppc.exe Linker Warning:
#   Section '.ignored' is unknown. Section ignored.
### mwldeppc.exe Linker Warning:
#   Section '.ignored' is unknown. Section ignored.
### mwldeppc.exe Linker Warning:
#   Section '.ignored' is unknown. Section ignored.
### mwldeppc.exe Linker Warning:
#   Section '.ignored' is unknown. Section ignored.
### mwldeppc.exe Linker Warning:
#   Section '.ignored' is unknown. Section ignored.
### mwldeppc.exe Linker Warning:
#   Section '.ignored' is unknown. Section ignored.
### mwldeppc.exe Linker Warning:
#   Section '.ignored' is unknown. Section ignored.
### mwldeppc.exe Linker Warning:
#   Section '.ignored' is unknown. Section ignored.
### mwldeppc.exe Linker Warning:
#   Section '.ignored' is unknown. Section ignored.
### mwldeppc.exe Linker Warning:
#   Section '.ignored' is unknown. Section ignored.
### mwldeppc.exe Linker Warning:
#   Section '.ignored' is unknown. Section ignored.
### mwldeppc.exe Linker Warning:
#   Section '.ignored' is unknown. Section ignored.
### mwldeppc.exe Linker Warning:
#   Section '.ignored' is unknown. Section ignored.
### mwldeppc.exe Linker Warning:
#   Section '.ignored' is unknown. Section ignored.
### mwldeppc.exe Linker Warning:
#   Section '.ignored' is unknown. Section ignored.
### mwldeppc.exe Linker Warning:
#   Section '.ignored' is unknown. Section ignored.
### mwldeppc.exe Linker Warning:
#   Section '.ignored' is unknown. Section ignored.
### mwldeppc.exe Linker Warning:
#   Section '.ignored' is unknown. Section ignored.
### mwldeppc.exe Linker Warning:
#   Section '.ignored' is unknown. Section ignored.
### mwldeppc.exe Linker Warning:
#   Section '.ignored' is unknown. Section ignored.
### mwldeppc.exe Linker Warning:
#   Section '.ignored' is unknown. Section ignored.
### mwldeppc.exe Linker Warning:
#   Section '.ignored' is unknown. Section ignored.
### mwldeppc.exe Linker Warning:
#   Section '.ignored' is unknown. Section ignored.
### mwldeppc.exe Linker Warning:
#   Section '.ignored' is unknown. Section ignored.
### mwldeppc.exe Linker Warning:
#   Section '.ignored' is unknown. Section ignored.
### mwldeppc.exe Linker Warning:
#   Section '.ignored' is unknown. Section ignored.
### mwldeppc.exe Linker Warning:
#   Section '.ignored' is unknown. Section ignored.
### mwldeppc.exe Linker Warning:
#   Section '.ignored' is unknown. Section ignored.
### mwldeppc.exe Linker Warning:
#   Section '.ignored' is unknown. Section ignored.
### mwldeppc.exe Linker Warning:
#   Section '.ignored' is unknown. Section ignored.
### mwldeppc.exe Linker Warning:
#   Section '.ignored' is unknown. Section ignored.
### mwldeppc.exe Linker Warning:
#   Section '.ignored' is unknown. Section ignored.
### mwldeppc.exe Linker Warning:
#   Section '.ignored' is unknown. Section ignored.
### mwldeppc.exe Linker Warning:
#   Section '.ignored' is unknown. Section ignored.
### mwldeppc.exe Linker Warning:
#   Section '.ignored' is unknown. Section ignored.
### mwldeppc.exe Linker Warning:
#   Section '.ignored' is unknown. Section ignored.
### mwldeppc.exe Linker Warning:
#   Section '.ignored' is unknown. Section ignored.
### mwldeppc.exe Linker Warning:
#   Section '.ignored' is unknown. Section ignored.
### mwldeppc.exe Linker Warning:
#   Section '.ignored' is unknown. Section ignored.
### mwldeppc.exe Linker Warning:
#   Section '.ignored' is unknown. Section ignored.
### mwldeppc.exe Linker Warning:
#   Section '.ignored' is unknown. Section ignored.
### mwldeppc.exe Linker Warning:
#   Section '.ignored' is unknown. Section ignored.
### mwldeppc.exe Linker Warning:
#   Section '.ignored' is unknown. Section ignored.
### mwldeppc.exe Linker Warning:
#   Section '.ignored' is unknown. Section ignored.
### mwldeppc.exe Linker Warning:
#   Section '.ignored' is unknown. Section ignored.
### mwldeppc.exe Linker Warning:
#   Section '.ignored' is unknown. Section ignored.
### mwldeppc.exe Linker Warning:
#   Section '.ignored' is unknown. Section ignored.
### mwldeppc.exe Linker Warning:
#   Section '.ignored' is unknown. Section ignored.
### mwldeppc.exe Linker Warning:
#   Section '.ignored' is unknown. Section ignored.
### mwldeppc.exe Linker Warning:
#   Section '.ignored' is unknown. Section ignored.
### mwldeppc.exe Linker Warning:
#   Section '.ignored' is unknown. Section ignored.
### mwldeppc.exe Linker Warning:
#   Section '.ignored' is unknown. Section ignored.
### mwldeppc.exe Linker Warning:
#   Section '.ignored' is unknown. Section ignored.
### mwldeppc.exe Linker Warning:
#   Section '.ignored' is unknown. Section ignored.
### mwldeppc.exe Linker Warning:
#   Section '.ignored' is unknown. Section ignored.
### mwldeppc.exe Linker Warning:
#   Section '.ignored' is unknown. Section ignored.
### mwldeppc.exe Linker Warning:
#   Section '.ignored' is unknown. Section ignored.
### mwldeppc.exe Linker Warning:
#   Section '.ignored' is unknown. Section ignored.
### mwldeppc.exe Linker Warning:
#   Section '.ignored' is unknown. Section ignored.
### mwldeppc.exe Linker Warning:
#   Section '.ignored' is unknown. Section ignored.
### mwldeppc.exe Linker Warning:
#   Section '.ignored' is unknown. Section ignored.
### mwldeppc.exe Linker Warning:
#   Section '.ignored' is unknown. Section ignored.
### mwldeppc.exe Linker Warning:
#   Section '.ignored' is unknown. Section ignored.
### mwldeppc.exe Linker Warning:
#   Section '.ignored' is unknown. Section ignored.
### mwldeppc.exe Linker Warning:
#   Section '.ignored' is unknown. Section ignored.
### mwldeppc.exe Linker Warning:
#   Section '.ignored' is unknown. Section ignored.
### mwldeppc.exe Linker Warning:
#   Section '.ignored' is unknown. Section ignored.
### mwldeppc.exe Linker Warning:
#   Section '.ignored' is unknown. Section ignored.
### mwldeppc.exe Linker Warning:
#   Section '.ignored' is unknown. Section ignored.
### mwldeppc.exe Linker Warning:
#   Section '.ignored' is unknown. Section ignored.
### mwldeppc.exe Linker Warning:
#   Section '.ignored' is unknown. Section ignored.
### mwldeppc.exe Linker Warning:
#   Section '.ignored' is unknown. Section ignored.
### mwldeppc.exe Linker Warning:
#   Section '.ignored' is unknown. Section ignored.
### mwldeppc.exe Linker Warning:
#   Section '.ignored' is unknown. Section ignored.
### mwldeppc.exe Linker Warning:
#   Section '.ignored' is unknown. Section ignored.
### mwldeppc.exe Linker Warning:
#   Section '.ignored' is unknown. Section ignored.
### mwldeppc.exe Linker Warning:
#   Section '.ignored' is unknown. Section ignored.
### mwldeppc.exe Linker Warning:
#   Section '.ignored' is unknown. Section ignored.
### mwldeppc.exe Linker Warning:
#   Section '.ignored' is unknown. Section ignored.
### mwldeppc.exe Linker Warning:
#   Section '.ignored' is unknown. Section ignored.
### mwldeppc.exe Linker Warning:
#   Section '.ignored' is unknown. Section ignored.
### mwldeppc.exe Linker Warning:
#   Section '.ignored' is unknown. Section ignored.
### mwldeppc.exe Linker Warning:
#   Section '.ignored' is unknown. Section ignored.
### mwldeppc.exe Linker Warning:
#   Section '.ignored' is unknown. Section ignored.
### mwldeppc.exe Linker Warning:
#   Section '.ignored' is unknown. Section ignored.
### mwldeppc.exe Linker Warning:
#   Section '.ignored' is unknown. Section ignored.
### mwldeppc.exe Linker Warning:
#   Section '.ignored' is unknown. Section ignored.
### mwldeppc.exe Linker Warning:
#   Section '.ignored' is unknown. Section ignored.
### mwldeppc.exe Linker Warning:
#   Section '.ignored' is unknown. Section ignored.
### mwldeppc.exe Linker Warning:
#   Section '.ignored' is unknown. Section ignored.
### mwldeppc.exe Linker Warning:
#   Section '.ignored' is unknown. Section ignored.
### mwldeppc.exe Linker Warning:
#   Section '.ignored' is unknown. Section ignored.
### mwldeppc.exe Linker Warning:
#   Section '.ignored' is unknown. Section ignored.
### mwldeppc.exe Linker Warning:
#   Section '.ignored' is unknown. Section ignored.
### mwldeppc.exe Linker Warning:
#   Section '.ignored' is unknown. Section ignored.
### mwldeppc.exe Linker Warning:
#   Section '.ignored' is unknown. Section ignored.
### mwldeppc.exe Linker Warning:
#   Section '.ignored' is unknown. Section ignored.
### mwldeppc.exe Linker Warning:
#   Section '.ignored' is unknown. Section ignored.
### mwldeppc.exe Linker Warning:
#   Section '.ignored' is unknown. Section ignored.
### mwldeppc.exe Linker Warning:
#   Section '.ignored' is unknown. Section ignored.
### mwldeppc.exe Linker Warning:
#   Section '.ignored' is unknown. Section ignored.
### mwldeppc.exe Linker Warning:
#   Section '.ignored' is unknown. Section ignored.
### mwldeppc.exe Linker Warning:
#   Section '.ignored' is unknown. Section ignored.
### mwldeppc.exe Linker Warning:
#   Section '.ignored' is unknown. Section ignored.
### mwldeppc.exe Linker Warning:
#   Section '.ignored' is unknown. Section ignored.
### mwldeppc.exe Linker Warning:
#   Section '.ignored' is unknown. Section ignored.
### mwldeppc.exe Linker Warning:
#   Section '.ignored' is unknown. Section ignored.
### mwldeppc.exe Linker Warning:
#   Section '.ignored' is unknown. Section ignored.
### mwldeppc.exe Linker Warning:
#   Section '.ignored' is unknown. Section ignored.
### mwldeppc.exe Linker Warning:
#   Section '.ignored' is unknown. Section ignored.
### mwldeppc.exe Linker Warning:
#   Section '.ignored' is unknown. Section ignored.
### mwldeppc.exe Linker Warning:
#   Section '.ignored' is unknown. Section ignored.
### mwldeppc.exe Linker Warning:
#   Section '.ignored' is unknown. Section ignored.
### mwldeppc.exe Linker Warning:
#   Section '.ignored' is unknown. Section ignored.
### mwldeppc.exe Linker Warning:
#   Section '.ignored' is unknown. Section ignored.
### mwldeppc.exe Linker Warning:
#   Section '.ignored' is unknown. Section ignored.
### mwldeppc.exe Linker Warning:
#   Section '.ignored' is unknown. Section ignored.
### mwldeppc.exe Linker Warning:
#   Section '.ignored' is unknown. Section ignored.
### mwldeppc.exe Linker Warning:
#   Section '.ignored' is unknown. Section ignored.
### mwldeppc.exe Linker Warning:
#   Section '.ignored' is unknown. Section ignored.
### mwldeppc.exe Linker Warning:
#   Section '.ignored' is unknown. Section ignored.
### mwldeppc.exe Linker Warning:
#   Section '.ignored' is unknown. Section ignored.
### mwldeppc.exe Linker Warning:
#   Section '.ignored' is unknown. Section ignored.
### mwldeppc.exe Linker Warning:
#   Section '.ignored' is unknown. Section ignored.
### mwldeppc.exe Linker Warning:
#   Section '.ignored' is unknown. Section ignored.
### mwldeppc.exe Linker Warning:
#   Section '.ignored' is unknown. Section ignored.
### mwldeppc.exe Linker Warning:
#   Section '.ignored' is unknown. Section ignored.
### mwldeppc.exe Linker Warning:
#   Section '.ignored' is unknown. Section ignored.
### mwldeppc.exe Linker Warning:
#   Section '.ignored' is unknown. Section ignored.
### mwldeppc.exe Linker Warning:
#   Section '.ignored' is unknown. Section ignored.
### mwldeppc.exe Linker Warning:
#   Section '.ignored' is unknown. Section ignored.
### mwldeppc.exe Linker Warning:
#   Section '.ignored' is unknown. Section ignored.
### mwldeppc.exe Linker Warning:
#   Section '.ignored' is unknown. Section ignored.
### mwldeppc.exe Linker Warning:
#   Section '.ignored' is unknown. Section ignored.
### mwldeppc.exe Linker Warning:
#   Section '.ignored' is unknown. Section ignored.
### mwldeppc.exe Linker Warning:
#   Section '.ignored' is unknown. Section ignored.
### mwldeppc.exe Linker Warning:
#   Section '.ignored' is unknown. Section ignored.
### mwldeppc.exe Linker Warning:
#   Section '.ignored' is unknown. Section ignored.
### mwldeppc.exe Linker Warning:
#   Section '.ignored' is unknown. Section ignored.
### mwldeppc.exe Linker Warning:
#   Section '.ignored' is unknown. Section ignored.
### mwldeppc.exe Linker Warning:
#   Section '.ignored' is unknown. Section ignored.
### mwldeppc.exe Linker Warning:
#   Section '.ignored' is unknown. Section ignored.
### mwldeppc.exe Linker Warning:
#   Section '.ignored' is unknown. Section ignored.
### mwldeppc.exe Linker Warning:
#   Section '.ignored' is unknown. Section ignored.
### mwldeppc.exe Linker Warning:
#   Section '.ignored' is unknown. Section ignored.
### mwldeppc.exe Linker Warning:
#   Section '.ignored' is unknown. Section ignored.
### mwldeppc.exe Linker Warning:
#   Section '.ignored' is unknown. Section ignored.
### mwldeppc.exe Linker Warning:
#   Section '.ignored' is unknown. Section ignored.
### mwldeppc.exe Linker Warning:
#   Section '.ignored' is unknown. Section ignored.
### mwldeppc.exe Linker Warning:
#   Section '.ignored' is unknown. Section ignored.
### mwldeppc.exe Linker Warning:
#   Section '.ignored' is unknown. Section ignored.
### mwldeppc.exe Linker Warning:
#   Section '.ignored' is unknown. Section ignored.
### mwldeppc.exe Linker Warning:
#   Section '.ignored' is unknown. Section ignored.
### mwldeppc.exe Linker Warning:
#   Section '.ignored' is unknown. Section ignored.
### mwldeppc.exe Linker Warning:
#   Section '.ignored' is unknown. Section ignored.
### mwldeppc.exe Linker Warning:
#   Section '.ignored' is unknown. Section ignored.
### mwldeppc.exe Linker Warning:
#   Section '.ignored' is unknown. Section ignored.
### mwldeppc.exe Linker Warning:
#   Section '.ignored' is unknown. Section ignored.
### mwldeppc.exe Linker Warning:
#   Section '.ignored' is unknown. Section ignored.
### mwldeppc.exe Linker Warning:
#   Section '.ignored' is unknown. Section ignored.
### mwldeppc.exe Linker Warning:
#   Section '.ignored' is unknown. Section ignored.
### mwldeppc.exe Linker Warning:
#   Section '.ignored' is unknown. Section ignored.
### mwldeppc.exe Linker Warning:
#   Section '.ignored' is unknown. Section ignored.
### mwldeppc.exe Linker Warning:
#   Section '.ignored' is unknown. Section ignored.
### mwldeppc.exe Linker Warning:
#   Section '.ignored' is unknown. Section ignored.
### mwldeppc.exe Linker Warning:
#   Section '.ignored' is unknown. Section ignored.
### mwldeppc.exe Linker Warning:
#   Section '.ignored' is unknown. Section ignored.
[953/955] DOL build/GEDE01/main.dol
[954/955] CHECK config/GEDE01/build.sha1
build/GEDE01/main.dol: OK
[955/955] PROGRESS
Progress:
  All: 60.99% fuzzy, 51.37% matched, 51.24% linked (6369 / 7083 files)
    Code: 1181860 / 2300692 bytes (6137 / 8214 functions)
    Data: 39866 / 4305642 bytes (0.93%)
  Game Code: 98.02% fuzzy, 82.52% matched, 82.31% linked (6351 / 6647 files)
    Code: 1178832 / 1428512 bytes (6075 / 6368 functions)
    Data: 39642 / 40522 bytes (97.83%)
  SDK/Runtime: 100.00% fuzzy, 100.00% matched, 100.00% linked (18 / 18 files)
    Code: 3028 / 3028 bytes (62 / 62 functions)
    Data: 224 / 224 bytes (100.00%)
final_exit_code=0
