[1/973] MWCC build/GEDE01/src/game/game_fn_800094C0.o
[2/973] MWCC build/GEDE01/src/game/game_fn_80008014.o
[3/973] MWCC build/GEDE01/src/game/game_fn_800096E0.o
[4/973] MWCC build/GEDE01/src/game/game_fn_800098C0.o
[5/973] MWCC build/GEDE01/src/game/game_fn_800099D8.o
[6/973] MWCC build/GEDE01/src/game/game_fn_80009AB4.o
[7/973] MWCC build/GEDE01/src/game/game_fn_8000A26C.o
[8/973] MWCC build/GEDE01/src/game/game_fn_8000AC88.o
[9/973] MWCC build/GEDE01/src/game/game_fn_8000AEB4.o
[10/973] MWCC build/GEDE01/src/game/game_fn_8000AFB4.o
[11/973] MWCC build/GEDE01/src/game/game_fn_8000B1B8.o
[12/973] MWCC build/GEDE01/src/game/game_fn_8000B36C.o
[13/973] MWCC build/GEDE01/src/game/game_fn_8000B630.o
[14/973] MWCC build/GEDE01/src/game/game_fn_8000B7FC.o
[15/973] MWCC build/GEDE01/src/game/game_fn_8000B900.o
[16/973] MWCC build/GEDE01/src/game/game_fn_8000BA0C.o
[17/973] MWCC build/GEDE01/src/game/game_fn_8000BAA0.o
[18/973] MWCC build/GEDE01/src/game/game_fn_8000BC40.o
[19/973] MWCC build/GEDE01/src/game/game_fn_8000C17C.o
[20/973] MWCC build/GEDE01/src/game/game_fn_8000C06C.o
[21/973] MWCC build/GEDE01/src/game/game_fn_8000C848.o
[22/973] MWCC build/GEDE01/src/game/game_fn_8000C400.o
[23/973] MWCC build/GEDE01/src/game/game_fn_8000C91C.o
[24/973] MWCC build/GEDE01/src/game/game_fn_8000D0BC.o
[25/973] MWCC build/GEDE01/src/game/game_fn_8000D3D4.o
[26/973] MWCC build/GEDE01/src/game/game_fn_8000D590.o
[27/973] MWCC build/GEDE01/src/game/game_fn_8000D8A4.o
[28/973] MWCC build/GEDE01/src/game/game_fn_8000DA50.o
[29/973] MWCC build/GEDE01/src/game/game_fn_8000DAF4.o
[30/973] MWCC build/GEDE01/src/game/game_fn_8000E054.o
[31/973] MWCC build/GEDE01/src/game/game_fn_8000E0AC.o
[32/973] MWCC build/GEDE01/src/game/game_fn_8000E138.o
[33/973] MWCC build/GEDE01/src/game/game_fn_8000E1C4.o
[34/973] MWCC build/GEDE01/src/game/game_fn_8000E96C.o
[35/973] MWCC build/GEDE01/src/game/game_fn_8000EB14.o
[36/973] MWCC build/GEDE01/src/game/game_fn_8000EBD4.o
[37/973] MWCC build/GEDE01/src/game/game_fn_8000ED44.o
[38/973] MWCC build/GEDE01/src/game/game_fn_8000EFC4.o
[39/973] MWCC build/GEDE01/src/game/game_fn_8000F4B0.o
[40/973] MWCC build/GEDE01/src/game/game_fn_8000F774.o
[41/973] MWCC build/GEDE01/src/game/game_fn_8000FDE8.o
[42/973] MWCC build/GEDE01/src/game/game_fn_8000FFD8.o
[43/973] MWCC build/GEDE01/src/game/game_fn_80012DA8.o
[44/973] MWCC build/GEDE01/src/game/game_fn_800119FC.o
[45/973] MWCC build/GEDE01/src/game/game_fn_80012F40.o
[46/973] MWCC build/GEDE01/src/game/game_fn_80012FD0.o
[47/973] MWCC build/GEDE01/src/game/game_fn_80013340.o
[48/973] MWCC build/GEDE01/src/game/game_fn_800131E8.o
[49/973] MWCC build/GEDE01/src/game/game_fn_80013870.o
[50/973] MWCC build/GEDE01/src/game/game_fn_80013CB0.o
[51/973] MWCC build/GEDE01/src/game/game_fn_80013D54.o
[52/973] MWCC build/GEDE01/src/game/game_fn_800142DC.o
[53/973] MWCC build/GEDE01/src/game/game_fn_800144CC.o
[54/973] MWCC build/GEDE01/src/game/game_fn_80014784.o
[55/973] MWCC build/GEDE01/src/game/game_fn_800149D4.o
[56/973] MWCC build/GEDE01/src/game/game_fn_80015058.o
[57/973] MWCC build/GEDE01/src/game/game_fn_80015320.o
[58/973] MWCC build/GEDE01/src/game/game_fn_80015568.o
[59/973] MWCC build/GEDE01/src/game/game_fn_800156FC.o
[60/973] MWCC build/GEDE01/src/game/game_fn_80015BE0.o
[61/973] MWCC build/GEDE01/src/game/game_fn_80015D40.o
[62/973] MWCC build/GEDE01/src/game/game_fn_80015F04.o
[63/973] MWCC build/GEDE01/src/game/game_fn_80016128.o
[64/973] MWCC build/GEDE01/src/game/game_fn_80016270.o
[65/973] MWCC build/GEDE01/src/game/game_fn_80016904.o
[66/973] MWCC build/GEDE01/src/game/game_fn_80016B24.o
[67/973] MWCC build/GEDE01/src/game/game_fn_800171C0.o
[68/973] MWCC build/GEDE01/src/game/game_fn_800173CC.o
[69/973] MWCC build/GEDE01/src/game/game_fn_800176F0.o
[70/973] MWCC build/GEDE01/src/game/game_fn_80017910.o
[71/973] MWCC build/GEDE01/src/game/game_fn_800179AC.o
[72/973] MWCC build/GEDE01/src/game/game_fn_80017A3C.o
[73/973] MWCC build/GEDE01/src/game/game_fn_80017AE4.o
[74/973] MWCC build/GEDE01/src/game/game_fn_80017C3C.o
[75/973] MWCC build/GEDE01/src/game/game_fn_80017CC8.o
[76/973] MWCC build/GEDE01/src/game/game_fn_80017DB0.o
[77/973] MWCC build/GEDE01/src/game/game_fn_80018EF4.o
[78/973] MWCC build/GEDE01/src/game/game_fn_80019054.o
[79/973] MWCC build/GEDE01/src/game/game_fn_80019244.o
[80/973] MWCC build/GEDE01/src/game/game_fn_800194D0.o
[81/973] MWCC build/GEDE01/src/game/game_fn_80019940.o
[82/973] MWCC build/GEDE01/src/game/game_fn_80019C10.o
[83/973] MWCC build/GEDE01/src/game/game_fn_80019D2C.o
[84/973] MWCC build/GEDE01/src/game/game_fn_80019F98.o
[85/973] MWCC build/GEDE01/src/game/game_fn_8001A6C4.o
[86/973] MWCC build/GEDE01/src/game/game_fn_8001AAB8.o
[87/973] MWCC build/GEDE01/src/game/game_fn_8001ADF8.o
[88/973] MWCC build/GEDE01/src/game/game_fn_8001AF68.o
[89/973] MWCC build/GEDE01/src/game/game_fn_8001B124.o
[90/973] MWCC build/GEDE01/src/game/game_fn_8001B294.o
[91/973] MWCC build/GEDE01/src/game/game_fn_8001B808.o
[92/973] MWCC build/GEDE01/src/game/game_fn_8001B874.o
[93/973] MWCC build/GEDE01/src/game/game_fn_8001C078.o
[94/973] MWCC build/GEDE01/src/game/game_fn_8001CA04.o
[95/973] MWCC build/GEDE01/src/game/game_fn_8001CD58.o
[96/973] MWCC build/GEDE01/src/game/game_fn_8001CE94.o
[97/973] MWCC build/GEDE01/src/game/game_fn_8001E644.o
[98/973] MWCC build/GEDE01/src/game/game_fn_8001FE1C.o
[99/973] MWCC build/GEDE01/src/game/game_fn_80020E94.o
[100/973] MWCC build/GEDE01/src/game/game_fn_80024F28.o
[101/973] MWCC build/GEDE01/src/game/game_fn_800272B4.o
[102/973] MWCC build/GEDE01/src/game/game_fn_8002B748.o
[103/973] MWCC build/GEDE01/src/game/game_fn_8002DAE0.o
[104/973] MWCC build/GEDE01/src/game/game_fn_8002E3F0.o
[105/973] MWCC build/GEDE01/src/game/game_fn_8002EA68.o
[106/973] MWCC build/GEDE01/src/game/game_fn_8002F428.o
[107/973] MWCC build/GEDE01/src/game/game_fn_8003232C.o
[108/973] MWCC build/GEDE01/src/game/game_fn_80031544.o
[109/973] MWCC build/GEDE01/src/game/game_fn_80032B84.o
[110/973] MWCC build/GEDE01/src/game/game_fn_80033038.o
[111/973] MWCC build/GEDE01/src/game/game_fn_80033180.o
[112/973] MWCC build/GEDE01/src/game/game_fn_800359A0.o
[113/973] MWCC build/GEDE01/src/game/game_fn_800361F8.o
[114/973] MWCC build/GEDE01/src/game/game_fn_80036C40.o
[115/973] MWCC build/GEDE01/src/game/game_fn_80048ADC.o
[116/973] MWCC build/GEDE01/src/game/game_fn_80038878.o
[117/973] MWCC build/GEDE01/src/game/game_fn_80048B24.o
[118/973] MWCC build/GEDE01/src/game/game_fn_8004998C.o
[119/973] MWCC build/GEDE01/src/game/game_fn_80052310.o
[120/973] MWCC build/GEDE01/src/game/game_fn_80050B08.o
[121/973] MWCC build/GEDE01/src/game/game_fn_800542D0.o
[122/973] MWCC build/GEDE01/src/game/game_fn_8005EC6C.o
[123/973] MWCC build/GEDE01/src/game/game_fn_8005EE9C.o
[124/973] MWCC build/GEDE01/src/game/game_fn_8005EF94.o
[125/973] MWCC build/GEDE01/src/game/game_data_80239E10.o
[126/973] MWCC build/GEDE01/src/game/game_data_80239E18.o
[127/973] MWCC build/GEDE01/src/game/game_fn_8005FD84.o
[128/973] MWCC build/GEDE01/src/game/game_fn_80066888.o
[129/973] MWCC build/GEDE01/src/game/game_fn_80066E78.o
[130/973] MWCC build/GEDE01/src/game/game_fn_8006B0F0.o
[131/973] MWCC build/GEDE01/src/game/game_fn_8006B620.o
[132/973] MWCC build/GEDE01/src/game/game_fn_8006E53C.o
[133/973] MWCC build/GEDE01/src/game/game_fn_80071A58.o
[134/973] MWCC build/GEDE01/src/game/game_fn_80074310.o
[135/973] MWCC build/GEDE01/src/game/game_fn_80078500.o
[136/973] MWCC build/GEDE01/src/game/game_fn_80079908.o
[137/973] MWCC build/GEDE01/src/game/game_fn_80079AA4.o
[138/973] MWCC build/GEDE01/src/game/game_fn_8007B2F4.o
[139/973] MWCC build/GEDE01/src/game/game_fn_8007B540.o
[140/973] MWCC build/GEDE01/src/game/game_fn_8007B640.o
[141/973] MWCC build/GEDE01/src/game/game_fn_8007B828.o
[142/973] MWCC build/GEDE01/src/game/game_fn_8007BA3C.o
[143/973] MWCC build/GEDE01/src/game/game_fn_8007D4D8.o
[144/973] MWCC build/GEDE01/src/game/game_fn_8007F770.o
[145/973] MWCC build/GEDE01/src/game/game_fn_80088060.o
[146/973] MWCC build/GEDE01/src/game/game_fn_800886D8.o
[147/973] MWCC build/GEDE01/src/game/game_fn_80088F4C.o
[148/973] MWCC build/GEDE01/src/game/game_fn_80089A34.o
[149/973] MWCC build/GEDE01/src/game/game_fn_8008A2E0.o
[150/973] MWCC build/GEDE01/src/game/game_fn_8008F890.o
[151/973] MWCC build/GEDE01/src/game/game_fn_8008F224.o
[152/973] MWCC build/GEDE01/src/game/game_fn_80090004.o
[153/973] MWCC build/GEDE01/src/game/game_fn_800934A0.o
[154/973] MWCC build/GEDE01/src/game/game_fn_80095D10.o
[155/973] MWCC build/GEDE01/src/game/game_fn_80095E64.o
[156/973] MWCC build/GEDE01/src/game/game_fn_80095FDC.o
[157/973] MWCC build/GEDE01/src/game/game_fn_80096830.o
[158/973] MWCC build/GEDE01/src/game/game_fn_8009C424.o
[159/973] MWCC build/GEDE01/src/game/game_fn_8009E808.o
[160/973] MWCC build/GEDE01/src/game/game_fn_800A2130.o
[161/973] MWCC build/GEDE01/src/game/game_fn_800A2B8C.o
[162/973] MWCC build/GEDE01/src/game/game_fn_800A2FCC.o
[163/973] MWCC build/GEDE01/src/game/game_fn_800A3180.o
[164/973] MWCC build/GEDE01/src/game/game_fn_800A3894.o
[165/973] MWCC build/GEDE01/src/game/game_fn_800A4428.o
[166/973] MWCC build/GEDE01/src/game/game_fn_800A4798.o
[167/973] MWCC build/GEDE01/src/game/game_fn_800A7E88.o
[168/973] MWCC build/GEDE01/src/game/game_fn_800AF230.o
[169/973] MWCC build/GEDE01/src/game/game_fn_800B2EC0.o
[170/973] MWCC build/GEDE01/src/game/game_fn_800BB5C4.o
[171/973] MWCC build/GEDE01/src/game/game_fn_800BB7A8.o
[172/973] MWCC build/GEDE01/src/game/game_fn_800BB9A4.o
[173/973] MWCC build/GEDE01/src/game/game_fn_800BBAF0.o
[174/973] MWCC build/GEDE01/src/game/game_fn_800C030C.o
[175/973] MWCC build/GEDE01/src/game/game_fn_800C59F0.o
[176/973] MWCC build/GEDE01/src/game/game_fn_800C17EC.o
[177/973] MWCC build/GEDE01/src/game/game_fn_800C65FC.o
[178/973] MWCC build/GEDE01/src/game/game_fn_800C644C.o
[179/973] MWCC build/GEDE01/src/game/game_fn_800C9C60.o
[180/973] MWCC build/GEDE01/src/game/game_fn_800CB760.o
[181/973] MWCC build/GEDE01/src/game/game_fn_800CB8F4.o
[182/973] MWCC build/GEDE01/src/game/game_fn_800CF598.o
[183/973] MWCC build/GEDE01/src/game/game_fn_800D9064.o
[184/973] MWCC build/GEDE01/src/game/game_fn_800D9E10.o
[185/973] MWCC build/GEDE01/src/game/game_fn_800DC4D4.o
[186/973] MWCC build/GEDE01/src/game/game_fn_800E4980.o
[187/973] MWCC build/GEDE01/src/game/game_TRKNubWelcome.o
[188/973] MWCC build/GEDE01/src/game/game_TRK_main.o
[189/973] MWCC build/GEDE01/src/game/game_InitMetroTRKCommTable.o
[190/973] MWCC build/GEDE01/src/game/game_fn_800FD0C8.o
[191/973] MWCC build/GEDE01/src/game/game_fn_8010242C.o
[192/973] MWCC build/GEDE01/src/game/game_fn_801098C0.o
[193/973] MWCC build/GEDE01/src/game/game_fn_8010F184.o
[194/973] MWCC build/GEDE01/src/game/game_fn_801126E0.o
[195/973] MWCC build/GEDE01/src/game/game_fn_801128E4.o
[196/973] MWCC build/GEDE01/src/game/game_fn_801141B8.o
[197/973] MWCC build/GEDE01/src/game/game_fn_80119C70.o
[198/973] MWCC build/GEDE01/src/game/game_fn_8011EE04.o
[199/973] MWCC build/GEDE01/src/game/game_fn_8011F140.o
[200/973] MWCC build/GEDE01/src/game/game_fn_801247F8.o
[201/973] MWCC build/GEDE01/src/game/game_fn_80126A00.o
[202/973] MWCC build/GEDE01/src/game/game_fn_8012976C.o
[203/973] MWCC build/GEDE01/src/game/game_fn_8012DB28.o
[204/973] MWCC build/GEDE01/src/game/game_fn_8013CBE4.o
[205/973] MWCC build/GEDE01/src/game/game_fn_8013D6A4.o
[206/973] MWCC build/GEDE01/src/game/game_fn_8013DB8C.o
[207/973] MWCC build/GEDE01/src/game/game_fn_8014549C.o
[208/973] MWCC build/GEDE01/src/game/game_fn_8014AF38.o
[209/973] MWCC build/GEDE01/src/game/game_fn_8014B494.o
[210/973] MWCC build/GEDE01/src/game/game_fn_8014BA14.o
[211/973] MWCC build/GEDE01/src/game/game_fn_8014CA98.o
[212/973] MWCC build/GEDE01/src/game/game_fn_80150400.o
[213/973] MWCC build/GEDE01/src/game/game_fn_80150A24.o
[214/973] MWCC build/GEDE01/src/game/game_fn_80150F20.o
[215/973] MWCC build/GEDE01/src/game/game_fn_80151600.o
[216/973] MWCC build/GEDE01/src/game/game_fn_80151D00.o
[217/973] MWCC build/GEDE01/src/game/game_fn_801535D8.o
[218/973] MWCC build/GEDE01/src/game/game_fn_80153898.o
[219/973] MWCC build/GEDE01/src/game/game_fn_80153A24.o
[220/973] MWCC build/GEDE01/src/game/game_fn_80154F74.o
[221/973] MWCC build/GEDE01/src/game/game_fn_80155814.o
[222/973] MWCC build/GEDE01/src/game/game_fn_80157C0C.o
[223/973] MWCC build/GEDE01/src/game/game_fn_80158B20.o
[224/973] MWCC build/GEDE01/src/game/game_fn_80158D38.o
[225/973] MWCC build/GEDE01/src/game/game_fn_8015DB84.o
[226/973] MWCC build/GEDE01/src/game/game_fn_8015DC54.o
[227/973] MWCC build/GEDE01/src/game/game_fn_8015EDC0.o
[228/973] MWCC build/GEDE01/src/game/game_fn_80167454.o
[229/973] MWCC build/GEDE01/src/game/game_fn_80169650.o
[230/973] MWCC build/GEDE01/src/game/game_fn_80167B5C.o
[231/973] MWCC build/GEDE01/src/game/game_fn_8016BD0C.o
[232/973] MWCC build/GEDE01/src/game/game_fn_8016BE1C.o
[233/973] MWCC build/GEDE01/src/game/game_fn_8016BF60.o
[234/973] MWCC build/GEDE01/src/game/game_fn_8016C0BC.o
[235/973] MWCC build/GEDE01/src/game/game_fn_8016C164.o
[236/973] MWCC build/GEDE01/src/game/game_fn_8016C238.o
[237/973] MWCC build/GEDE01/src/game/game_fn_8016C4BC.o
[238/973] MWCC build/GEDE01/src/game/game_fn_8016C774.o
[239/973] MWCC build/GEDE01/src/game/game_fn_8016D040.o
[240/973] MWCC build/GEDE01/src/game/game_fn_8016D1F8.o
[241/973] MWCC build/GEDE01/src/game/game_fn_8016D2B8.o
[242/973] MWCC build/GEDE01/src/game/game_fn_8016D9C0.o
[243/973] MWCC build/GEDE01/src/game/game_fn_8016DF4C.o
[244/973] MWCC build/GEDE01/src/game/game_fn_8016E8F8.o
[245/973] MWCC build/GEDE01/src/game/game_fn_8016FEF8.o
[246/973] MWCC build/GEDE01/src/game/game_fn_8017038C.o
[247/973] MWCC build/GEDE01/src/game/game_fn_801704F8.o
[248/973] MWCC build/GEDE01/src/game/game_fn_801706DC.o
[249/973] MWCC build/GEDE01/src/game/game_fn_80170A40.o
[250/973] MWCC build/GEDE01/src/game/game_fn_80170DF4.o
[251/973] MWCC build/GEDE01/src/game/game_fn_80170E9C.o
[252/973] MWCC build/GEDE01/src/game/game_fn_8017138C.o
[253/973] MWCC build/GEDE01/src/game/game_fn_80171664.o
[254/973] MWCC build/GEDE01/src/game/game_fn_801718F4.o
[255/973] MWCC build/GEDE01/src/game/game_fn_801719B4.o
[256/973] MWCC build/GEDE01/src/game/game_fn_80171F30.o
[257/973] MWCC build/GEDE01/src/game/game_fn_8017250C.o
[258/973] MWCC build/GEDE01/src/game/game_fn_801726EC.o
[259/973] MWCC build/GEDE01/src/game/game_fn_80172BB0.o
[260/973] MWCC build/GEDE01/src/game/game_fn_80172C78.o
[261/973] MWCC build/GEDE01/src/game/game_fn_80172DB8.o
[262/973] MWCC build/GEDE01/src/game/game_fn_80173270.o
[263/973] MWCC build/GEDE01/src/game/game_fn_801734B4.o
[264/973] MWCC build/GEDE01/src/game/game_fn_80173770.o
[265/973] MWCC build/GEDE01/src/game/game_fn_80173BDC.o
[266/973] MWCC build/GEDE01/src/game/game_fn_80173D44.o
[267/973] MWCC build/GEDE01/src/game/game_fn_80173F04.o
[268/973] MWCC build/GEDE01/src/game/game_fn_80174184.o
[269/973] MWCC build/GEDE01/src/game/game_fn_80174358.o
[270/973] MWCC build/GEDE01/src/game/game_fn_80174F2C.o
[271/973] MWCC build/GEDE01/src/game/game_fn_801752B0.o
[272/973] MWCC build/GEDE01/src/game/game_fn_8017553C.o
[273/973] MWCC build/GEDE01/src/game/game_fn_80175A08.o
[274/973] MWCC build/GEDE01/src/game/game_fn_80175E64.o
[275/973] MWCC build/GEDE01/src/game/game_fn_80175F0C.o
[276/973] MWCC build/GEDE01/src/game/game_fn_80175FD4.o
[277/973] MWCC build/GEDE01/src/game/game_fn_80176098.o
[278/973] MWCC build/GEDE01/src/game/game_fn_80176160.o
[279/973] MWCC build/GEDE01/src/game/game_fn_80176220.o
[280/973] MWCC build/GEDE01/src/game/game_fn_801762E8.o
[281/973] MWCC build/GEDE01/src/game/game_fn_8017652C.o
[282/973] MWCC build/GEDE01/src/game/game_fn_80176DF4.o
[283/973] MWCC build/GEDE01/src/game/game_fn_80176FA0.o
[284/973] MWCC build/GEDE01/src/game/game_fn_801770F8.o
[285/973] MWCC build/GEDE01/src/game/game_fn_8017718C.o
[286/973] MWCC build/GEDE01/src/game/game_fn_80178F88.o
[287/973] MWCC build/GEDE01/src/game/game_fn_80177434.o
[288/973] MWCC build/GEDE01/src/game/game_fn_8017960C.o
[289/973] MWCC build/GEDE01/src/game/game_fn_80179398.o
[290/973] MWCC build/GEDE01/src/game/game_fn_8017974C.o
[291/973] MWCC build/GEDE01/src/game/game_fn_80179904.o
[292/973] MWCC build/GEDE01/src/game/game_fn_80179A18.o
[293/973] MWCC build/GEDE01/src/game/game_fn_80179A74.o
[294/973] MWCC build/GEDE01/src/game/game_fn_80179EB8.o
[295/973] MWCC build/GEDE01/src/game/game_fn_80179F20.o
[296/973] MWCC build/GEDE01/src/game/game_fn_8017A010.o
[297/973] MWCC build/GEDE01/src/game/game_fn_8017A12C.o
[298/973] MWCC build/GEDE01/src/game/game_fn_8017A1C0.o
[299/973] MWCC build/GEDE01/src/game/game_fn_8017A9B8.o
[300/973] MWCC build/GEDE01/src/game/game_fn_8017AC20.o
[301/973] MWCC build/GEDE01/src/game/game_fn_8017E850.o
[302/973] MWCC build/GEDE01/src/game/game_fn_8017E958.o
[303/973] MWCC build/GEDE01/src/game/game_fn_80180DDC.o
[304/973] MWCC build/GEDE01/src/game/game_fn_801810A0.o
[305/973] MWCC build/GEDE01/src/game/game_fn_801816D4.o
[306/973] MWCC build/GEDE01/src/game/game_fn_801857B4.o
[307/973] MWCC build/GEDE01/src/game/game_fn_801859FC.o
[308/973] MWCC build/GEDE01/src/game/game_fn_80185F10.o
[309/973] MWCC build/GEDE01/src/game/game_fn_80185AE8.o
[310/973] MWCC build/GEDE01/src/game/game_fn_801861C4.o
[311/973] MWCC build/GEDE01/src/game/game_fn_801865EC.o
[312/973] MWCC build/GEDE01/src/game/game_fn_8018680C.o
[313/973] MWCC build/GEDE01/src/game/game_fn_80186E10.o
[314/973] MWCC build/GEDE01/src/game/game_fn_80186F70.o
[315/973] MWCC build/GEDE01/src/game/game_fn_80187120.o
[316/973] MWCC build/GEDE01/src/game/game_fn_80187320.o
[317/973] MWCC build/GEDE01/src/game/game_fn_801875FC.o
[318/973] MWCC build/GEDE01/src/game/game_fn_801878E0.o
[319/973] MWCC build/GEDE01/src/game/game_fn_80187BB4.o
[320/973] MWCC build/GEDE01/src/game/game_fn_80187E40.o
[321/973] MWCC build/GEDE01/src/game/game_fn_80188A7C.o
[322/973] MWCC build/GEDE01/src/game/game_fn_80188B44.o
[323/973] MWCC build/GEDE01/src/game/game_fn_80188C1C.o
[324/973] MWCC build/GEDE01/src/game/game_fn_80188E28.o
[325/973] MWCC build/GEDE01/src/game/game_fn_80189028.o
[326/973] MWCC build/GEDE01/src/game/game_fn_801891D8.o
[327/973] MWCC build/GEDE01/src/game/game_fn_80189390.o
[328/973] MWCC build/GEDE01/src/game/game_fn_801895E8.o
[329/973] MWCC build/GEDE01/src/game/game_fn_801896A0.o
[330/973] MWCC build/GEDE01/src/game/game_fn_80189760.o
[331/973] MWCC build/GEDE01/src/game/game_fn_80189968.o
[332/973] MWCC build/GEDE01/src/game/game_fn_80189C14.o
[333/973] MWCC build/GEDE01/src/game/game_fn_8018C2D0.o
[334/973] MWCC build/GEDE01/src/game/game_fn_8018D1F0.o
[335/973] MWCC build/GEDE01/src/game/game_fn_8018D2E0.o
[336/973] MWCC build/GEDE01/src/game/game_fn_8018D400.o
[337/973] MWCC build/GEDE01/src/game/game_fn_8018DC24.o
[338/973] MWCC build/GEDE01/src/game/game_fn_8018D688.o
[339/973] MWCC build/GEDE01/src/game/game_fn_8018E0D8.o
[340/973] MWCC build/GEDE01/src/game/game_fn_8018F1D0.o
[341/973] MWCC build/GEDE01/src/game/game_fn_8018F81C.o
[342/973] MWCC build/GEDE01/src/game/game_fn_8018FEDC.o
[343/973] MWCC build/GEDE01/src/game/game_fn_8019120C.o
[344/973] MWCC build/GEDE01/src/game/game_fn_80191360.o
[345/973] MWCC build/GEDE01/src/game/game_fn_801916D0.o
[346/973] MWCC build/GEDE01/src/game/game_fn_8019197C.o
[347/973] MWCC build/GEDE01/src/game/game_fn_80191F58.o
[348/973] MWCC build/GEDE01/src/game/game_fn_801926EC.o
[349/973] MWCC build/GEDE01/src/game/game_fn_801929A4.o
[350/973] MWCC build/GEDE01/src/game/game_fn_80192F54.o
[351/973] MWCC build/GEDE01/src/game/game_fn_801931C4.o
[352/973] MWCC build/GEDE01/src/game/game_fn_80193E1C.o
[353/973] MWCC build/GEDE01/src/game/game_fn_80193F3C.o
[354/973] MWCC build/GEDE01/src/game/game_fn_80194F80.o
[355/973] MWCC build/GEDE01/src/game/game_fn_801952E8.o
[356/973] MWCC build/GEDE01/src/game/game_fn_80197910.o
[357/973] MWCC build/GEDE01/src/game/game_fn_80198154.o
[358/973] MWCC build/GEDE01/src/game/game_fn_80198BF4.o
[359/973] MWCC build/GEDE01/src/game/game_fn_80198AAC.o
[360/973] MWCC build/GEDE01/src/game/game_fn_801991E0.o
[361/973] MWCC build/GEDE01/src/game/game_fn_8019B1BC.o
[362/973] MWCC build/GEDE01/src/game/game_fn_8019CFC4.o
[363/973] MWCC build/GEDE01/src/game/game_fn_8019CC28.o
[364/973] MWCC build/GEDE01/src/game/game_fn_8019E5E4.o
[365/973] MWCC build/GEDE01/src/game/game_fn_8019E0B0.o
[366/973] MWCC build/GEDE01/src/game/game_fn_801A1F18.o
[367/973] MWCC build/GEDE01/src/game/game_fn_8019E8C8.o
[368/973] MWCC build/GEDE01/src/game/game_fn_801A1F8C.o
[369/973] MWCC build/GEDE01/src/game/game_fn_801A260C.o
[370/973] MWCC build/GEDE01/src/game/game_fn_801A2A54.o
[371/973] MWCC build/GEDE01/src/game/game_fn_801A34BC.o
[372/973] MWCC build/GEDE01/src/game/game_fn_801A4430.o
[373/973] MWCC build/GEDE01/src/game/game_fn_801A3A78.o
[374/973] MWCC build/GEDE01/src/game/game_fn_801A4CE0.o
[375/973] MWCC build/GEDE01/src/game/game_fn_801A5FB0.o
[376/973] MWCC build/GEDE01/src/game/game_fn_801A6350.o
[377/973] MWCC build/GEDE01/src/game/game_fn_801A6410.o
[378/973] MWCC build/GEDE01/src/game/game_fn_801A6ADC.o
[379/973] MWCC build/GEDE01/src/game/game_fn_801A657C.o
[380/973] MWCC build/GEDE01/src/game/game_fn_801A6C58.o
[381/973] MWCC build/GEDE01/src/game/game_fn_801A6CB4.o
[382/973] MWCC build/GEDE01/src/game/game_fn_801A7E04.o
[383/973] MWCC build/GEDE01/src/game/game_fn_801A7EA8.o
[384/973] MWCC build/GEDE01/src/game/game_fn_801A93E8.o
[385/973] MWCC build/GEDE01/src/game/game_fn_801AB154.o
[386/973] MWCC build/GEDE01/src/game/game_fn_801ABD3C.o
[387/973] MWCC build/GEDE01/src/game/game_fn_801AC8AC.o
[388/973] MWCC build/GEDE01/src/game/game_fn_801ACFE8.o
[389/973] MWCC build/GEDE01/src/game/game_fn_801AD08C.o
[390/973] MWCC build/GEDE01/src/game/game_fn_801AFA74.o
[391/973] MWCC build/GEDE01/src/game/game_fn_801B02F0.o
[392/973] MWCC build/GEDE01/src/game/game_fn_801B1BA0.o
[393/973] MWCC build/GEDE01/src/game/game_fn_801B35BC.o
[394/973] MWCC build/GEDE01/src/game/game_fn_801B46C8.o
[395/973] MWCC build/GEDE01/src/game/game_fn_801B4FB4.o
[396/973] MWCC build/GEDE01/src/game/game_fn_801B5228.o
[397/973] MWCC build/GEDE01/src/game/game_fn_801B58F0.o
[398/973] MWCC build/GEDE01/src/game/game_fn_801B6F1C.o
[399/973] MWCC build/GEDE01/src/game/game_fn_801B86C0.o
[400/973] MWCC build/GEDE01/src/game/game_fn_801B941C.o
[401/973] MWCC build/GEDE01/src/game/game_fn_801B9E7C.o
[402/973] MWCC build/GEDE01/src/game/game_fn_801BA15C.o
[403/973] MWCC build/GEDE01/src/game/game_fn_801BA708.o
[404/973] MWCC build/GEDE01/src/game/game_fn_801BA94C.o
[405/973] MWCC build/GEDE01/src/game/game_fn_801BB1A0.o
[406/973] MWCC build/GEDE01/src/game/game_fn_801BC0D4.o
[407/973] MWCC build/GEDE01/src/game/game_fn_801BC240.o
[408/973] MWCC build/GEDE01/src/game/game_fn_801BC8F4.o
[409/973] MWCC build/GEDE01/src/game/game_fn_801BCC04.o
[410/973] MWCC build/GEDE01/src/game/game_fn_801BD990.o
[411/973] MWCC build/GEDE01/src/game/game_fn_801BDE7C.o
[412/973] MWCC build/GEDE01/src/game/game_fn_801BE0D4.o
[413/973] MWCC build/GEDE01/src/game/game_fn_801BEF40.o
[414/973] MWCC build/GEDE01/src/game/game_fn_801C1CB0.o
[415/973] MWCC build/GEDE01/src/game/game_fn_801C2980.o
[416/973] MWCC build/GEDE01/src/game/game_fn_801C29BC.o
[417/973] MWCC build/GEDE01/src/game/game_fn_801C2AAC.o
[418/973] MWCC build/GEDE01/src/game/game_fn_801C2D9C.o
[419/973] MWCC build/GEDE01/src/game/game_fn_801C8160.o
[420/973] MWCC build/GEDE01/src/game/game_fn_801C8224.o
[421/973] MWCC build/GEDE01/src/game/game_fn_801C4B5C.o
[422/973] MWCC build/GEDE01/src/game/game_fn_801C8600.o
[423/973] MWCC build/GEDE01/src/game/game_fn_801C87DC.o
[424/973] MWCC build/GEDE01/src/game/game_fn_801C8CC0.o
[425/973] MWCC build/GEDE01/src/game/game_fn_801C8F50.o
[426/973] MWCC build/GEDE01/src/game/game_fn_801C90A4.o
[427/973] MWCC build/GEDE01/src/game/game_fn_801C9510.o
[428/973] MWCC build/GEDE01/src/game/game_fn_801C970C.o
[429/973] MWCC build/GEDE01/src/game/game_fn_801C9A08.o
[430/973] MWCC build/GEDE01/src/game/game_fn_801C9B1C.o
[431/973] MWCC build/GEDE01/src/game/game_fn_801CB4F8.o
[432/973] MWCC build/GEDE01/src/game/game_fn_801CD228.o
[433/973] MWCC build/GEDE01/src/game/game_fn_801CE09C.o
[434/973] MWCC build/GEDE01/src/game/game_fn_801CE594.o
[435/973] MWCC build/GEDE01/src/game/game_fn_801D1B10.o
[436/973] MWCC build/GEDE01/src/game/game_fn_801D1F78.o
[437/973] MWCC build/GEDE01/src/game/game_fn_801D3988.o
[438/973] MWCC build/GEDE01/src/game/game_fn_801D73D0.o
[439/973] MWCC build/GEDE01/src/game/game_fn_801D76A8.o
[440/973] MWCC build/GEDE01/src/game/game_fn_801D7C24.o
[441/973] MWCC build/GEDE01/src/game/game_fn_801D8050.o
[442/973] MWCC build/GEDE01/src/game/game_fn_801D9FE4.o
[443/973] MWCC build/GEDE01/src/game/game_fn_801DDB84.o
[444/973] MWCC build/GEDE01/src/game/game_fn_801DE8B4.o
[445/973] MWCC build/GEDE01/src/game/game_fn_801E0088.o
[446/973] MWCC build/GEDE01/src/game/game_fn_801E2A48.o
[447/973] MWCC build/GEDE01/src/game/game_fn_801E3644.o
[448/973] MWCC build/GEDE01/src/game/game_fn_801E41AC.o
[449/973] MWCC build/GEDE01/src/game/game_fn_801E6814.o
[450/973] MWCC build/GEDE01/src/game/game_fn_801E504C.o
[451/973] MWCC build/GEDE01/src/game/game_fn_801E7014.o
[452/973] MWCC build/GEDE01/src/game/game_fn_801E995C.o
[453/973] MWCC build/GEDE01/src/game/game_fn_801EAA04.o
[454/973] MWCC build/GEDE01/src/game/game_fn_801EB09C.o
[455/973] MWCC build/GEDE01/src/game/game_fn_801ECD74.o
[456/973] MWCC build/GEDE01/src/game/game_fn_801EB11C.o
[457/973] MWCC build/GEDE01/src/game/game_fn_801ECF50.o
[458/973] MWCC build/GEDE01/src/game/game_fn_801ED5F4.o
[459/973] MWCC build/GEDE01/src/game/game_fn_801EF910.o
[460/973] MWCC build/GEDE01/src/game/game_fn_801EF580.o
[461/973] MWCC build/GEDE01/src/game/game_fn_801F10BC.o
[462/973] MWCC build/GEDE01/src/game/game_fn_801F0CB0.o
[463/973] MWCC build/GEDE01/src/game/game_fn_801F1A38.o
[464/973] MWCC build/GEDE01/src/game/game_fn_801F35A8.o
[465/973] MWCC build/GEDE01/src/game/game_fn_801F55A0.o
[466/973] MWCC build/GEDE01/src/game/game_fn_801F69F0.o
[467/973] MWCC build/GEDE01/src/game/game_fn_801F7510.o
[468/973] MWCC build/GEDE01/src/game/game_fn_801F6BD8.o
[469/973] MWCC build/GEDE01/src/game/game_fn_801F8264.o
[470/973] MWCC build/GEDE01/src/game/game_fn_801F76EC.o
[471/973] MWCC build/GEDE01/src/game/game_fn_801F89B4.o
[472/973] MWCC build/GEDE01/src/game/game_fn_801F8FAC.o
[473/973] MWCC build/GEDE01/src/game/game_fn_801F9AF8.o
[474/973] MWCC build/GEDE01/src/game/game_fn_801F9CF4.o
[475/973] MWCC build/GEDE01/src/game/game_fn_801FA9C8.o
[476/973] MWCC build/GEDE01/src/game/game_fn_801FB6A4.o
[477/973] MWCC build/GEDE01/src/game/game_fn_801FC034.o
[478/973] MWCC build/GEDE01/src/game/game_fn_801FC204.o
[479/973] AS build/GEDE01/src/Runtime.PPCEABI.H/__save_fpr.o
[480/973] AS build/GEDE01/src/Runtime.PPCEABI.H/__restore_fpr.o
[481/973] AS build/GEDE01/src/Runtime.PPCEABI.H/__save_gpr.o
[482/973] AS build/GEDE01/src/Runtime.PPCEABI.H/__restore_gpr.o
[483/973] AS build/GEDE01/src/game/game_fn_801A4874.o
[484/973] AS build/GEDE01/src/game/game_fn_801EDA68.o
[485/973] AS build/GEDE01/src/game/game_fn_801FB698.o
[486/973] AS build/GEDE01/src/game/game_fn_801FB9C8.o
[487/973] AS build/GEDE01/src/dolphin/base/PPCArch.o
[488/973] MWCC build/GEDE01/src/game/game_fn_801FFE78.o
[489/973] EXTERNALIZE build/GEDE01/src/game/game_fn_800A2B8C.o
[490/973] EXTERNALIZE build/GEDE01/src/game/game_fn_801857B4.o
[491/973] EXTERNALIZE build/GEDE01/src/game/game_fn_800DC4D4.o
[492/973] EXTERNALIZE build/GEDE01/src/game/game_fn_80119C70.o
[493/973] EXTERNALIZE STATIC POOL build/GEDE01/src/game/game_fn_80088060.o
build/GEDE01/src/game/game_fn_80088060.o: lbl_8031D3B8 now undefined; section 3 emptied
[494/973] EXTERNALIZE build/GEDE01/src/game/game_fn_80175A08.o
[495/973] EXTERNALIZE build/GEDE01/src/game/game_fn_80066E78.o
[496/973] EXTERNALIZE build/GEDE01/src/game/game_fn_801247F8.o
[497/973] EXTERNALIZE build/GEDE01/src/game/game_fn_801EF910.o
[498/973] EXTERNALIZE build/GEDE01/src/game/game_fn_801ECF50.o
[499/973] EXTERNALIZE JUMPTABLES build/GEDE01/src/game/game_fn_80050B08.o
[500/973] EXTERNALIZE build/GEDE01/src/game/game_fn_801EB09C.o
[501/973] EXTERNALIZE build/GEDE01/src/game/game_fn_801FC204.o
[502/973] EXTERNALIZE build/GEDE01/src/game/game_fn_801EB11C.o
[503/973] EXTERNALIZE build/GEDE01/src/game/game_fn_801E41AC.o
[504/973] EXTERNALIZE build/GEDE01/src/game/game_fn_801D9FE4.o
[505/973] EXTERNALIZE build/GEDE01/src/game/game_fn_801D73D0.o
[506/973] EXTERNALIZE build/GEDE01/src/game/game_fn_801D76A8.o
[507/973] EXTERNALIZE build/GEDE01/src/game/game_fn_801D8050.o
[508/973] EXTERNALIZE build/GEDE01/src/game/game_fn_801D7C24.o
[509/973] EXTERNALIZE build/GEDE01/src/game/game_fn_8019B1BC.o
[510/973] EXTERNALIZE build/GEDE01/src/game/game_fn_80178F88.o
[511/973] EXTERNALIZE build/GEDE01/src/game/game_fn_801CD228.o
[512/973] EXTERNALIZE build/GEDE01/src/game/game_fn_801C970C.o
[513/973] EXTERNALIZE build/GEDE01/src/game/game_fn_801BA15C.o
[514/973] EXTERNALIZE build/GEDE01/src/game/game_fn_801C9510.o
[515/973] EXTERNALIZE build/GEDE01/src/game/game_fn_80126A00.o
[516/973] EXTERNALIZE build/GEDE01/src/game/game_fn_8013D6A4.o
[517/973] EXTERNALIZE build/GEDE01/src/game/game_fn_800C9C60.o
[518/973] EXTERNALIZE build/GEDE01/src/game/game_fn_801B5228.o
[519/973] EXTERNALIZE build/GEDE01/src/game/game_fn_801B4FB4.o
[520/973] EXTERNALIZE build/GEDE01/src/game/game_fn_801C87DC.o
[521/973] EXTERNALIZE build/GEDE01/src/game/game_fn_801C8CC0.o
[522/973] EXTERNALIZE build/GEDE01/src/game/game_fn_801B6F1C.o
[523/973] EXTERNALIZE build/GEDE01/src/game/game_fn_800FD0C8.o
[524/973] EXTERNALIZE build/GEDE01/src/game/game_fn_801BDE7C.o
[525/973] EXTERNALIZE build/GEDE01/src/game/game_fn_801BE0D4.o
[526/973] EXTERNALIZE STATIC POOL build/GEDE01/src/game/game_fn_801C9A08.o
build/GEDE01/src/game/game_fn_801C9A08.o: lbl_80629390 now undefined; section 3 emptied
[527/973] EXTERNALIZE STATIC POOL build/GEDE01/src/game/game_fn_801C9B1C.o
build/GEDE01/src/game/game_fn_801C9B1C.o: lbl_80629390 now undefined; section 3 emptied
[528/973] EXTERNALIZE build/GEDE01/src/game/game_fn_801B941C.o
[529/973] EXTERNALIZE STATIC POOL build/GEDE01/src/game/game_fn_801BD990.o
build/GEDE01/src/game/game_fn_801BD990.o: lbl_80626D80 now undefined; section 6 emptied
[530/973] EXTERNALIZE STATIC POOL build/GEDE01/src/game/game_fn_801B58F0.o
build/GEDE01/src/game/game_fn_801B58F0.o: lbl_8060C020 now undefined; section 3 emptied
[531/973] EXTERNALIZE STATIC POOL build/GEDE01/src/game/game_fn_801BB1A0.o
build/GEDE01/src/game/game_fn_801BB1A0.o: 0 relocation(s) moved from streamInfo to ...bss.0
build/GEDE01/src/game/game_fn_801BB1A0.o: lbl_8061AE48 now undefined; section 6 emptied
[532/973] EXTERNALIZE STATIC POOL build/GEDE01/src/game/game_fn_801B9E7C.o
build/GEDE01/src/game/game_fn_801B9E7C.o: 0 relocation(s) moved from streamInfo to ...bss.0
build/GEDE01/src/game/game_fn_801B9E7C.o: lbl_8061AE48 now undefined; section 6 emptied
[533/973] EXTERNALIZE STATIC POOL build/GEDE01/src/game/game_fn_801BA708.o
build/GEDE01/src/game/game_fn_801BA708.o: 0 relocation(s) moved from streamInfo to ...bss.0
build/GEDE01/src/game/game_fn_801BA708.o: lbl_8061AE48 now undefined; section 6 emptied
[534/973] EXTERNALIZE STATIC build/GEDE01/src/game/game_fn_801B35BC.o
build/GEDE01/src/game/game_fn_801B35BC.o: lbl_8060D420 now undefined; section 6 emptied
[535/973] EXTERNALIZE build/GEDE01/src/game/game_fn_801BA94C.o
build/GEDE01/src/game/game_fn_801BA94C.o: 0 relocation(s) moved from streamInfo to ...bss.0
build/GEDE01/src/game/game_fn_801BA94C.o: lbl_8061AE48 now undefined; section 6 emptied
[536/973] EXTERNALIZE STATIC POOL build/GEDE01/src/game/game_fn_801BC8F4.o
build/GEDE01/src/game/game_fn_801BC8F4.o: lbl_8061C748 now undefined; section 6 emptied
[537/973] EXTERNALIZE STATIC build/GEDE01/src/game/game_fn_801BC240.o
build/GEDE01/src/game/game_fn_801BC240.o: lbl_8061C748 now undefined; section 6 emptied
[538/973] EXTERNALIZE STATIC POOL build/GEDE01/src/game/game_fn_801BCC04.o
build/GEDE01/src/game/game_fn_801BCC04.o: lbl_8061C748 now undefined; section 6 emptied
[539/973] EXTERNALIZE STATIC POOL build/GEDE01/src/game/game_fn_801BC0D4.o
build/GEDE01/src/game/game_fn_801BC0D4.o: lbl_8061C748 now undefined; section 6 emptied
[540/973] EXTERNALIZE STATIC POOL build/GEDE01/src/game/game_fn_801C1CB0.o
build/GEDE01/src/game/game_fn_801C1CB0.o: lbl_80626DA0 now undefined; section 3 emptied
[541/973] RENAME build/GEDE01/src/game/game_InitMetroTRKCommTable.o
[542/973] EXTERNALIZE STATIC POOL build/GEDE01/src/game/game_fn_801CE09C.o
build/GEDE01/src/game/game_fn_801CE09C.o: lbl_80631340 now undefined; section 6 emptied
[543/973] RENAME RUNTIME INTRINSICS build/GEDE01/src/game/game_fn_801CB4F8.o
[544/973] EXTERNALIZE STATIC POOL build/GEDE01/src/game/game_fn_8010242C.o
build/GEDE01/src/game/game_fn_8010242C.o: lbl_8032CC08 now undefined; section 3 emptied
[545/973] EXTERNALIZE build/GEDE01/src/game/game_fn_801D3988.o
[546/973] EXTERNALIZE build/GEDE01/src/game/game_fn_801D1B10.o
[547/973] ALIGN DATA build/GEDE01/src/game/game_fn_8005EF94.o
[548/973] ALIGN DATA build/GEDE01/src/game/game_fn_801A6350.o
[549/973] ALIGN DATA build/GEDE01/src/game/game_fn_80008014.o
[550/973] EXTERNALIZE build/GEDE01/src/game/game_fn_801CE594.o
[551/973] EXTERNALIZE build/GEDE01/src/game/game_fn_8014549C.o
[552/973] EXTERNALIZE build/GEDE01/src/game/game_fn_801C8224.o
[553/973] EXTERNALIZE build/GEDE01/src/game/game_fn_801098C0.o
[554/973] EXTERNALIZE build/GEDE01/src/game/game_fn_8000FDE8.o
[555/973] EXTERNALIZE build/GEDE01/src/game/game_fn_80185F10.o
[556/973] EXTERNALIZE build/GEDE01/src/game/game_fn_801C29BC.o
[557/973] EXTERNALIZE build/GEDE01/src/game/game_fn_8007B828.o
[558/973] EXTERNALIZE build/GEDE01/src/game/game_fn_801C8F50.o
[559/973] EXTERNALIZE build/GEDE01/src/game/game_fn_801C90A4.o
[560/973] EXTERNALIZE build/GEDE01/src/game/game_fn_801C8160.o
[561/973] EXTERNALIZE build/GEDE01/src/game/game_fn_801C2AAC.o
[562/973] EXTERNALIZE build/GEDE01/src/game/game_fn_801C2D9C.o
[563/973] EXTERNALIZE build/GEDE01/src/game/game_fn_801C2980.o
[564/973] EXTERNALIZE build/GEDE01/src/game/game_fn_801B02F0.o
[565/973] EXTERNALIZE build/GEDE01/src/game/game_fn_801AFA74.o
[566/973] EXTERNALIZE build/GEDE01/src/game/game_fn_801AC8AC.o
[567/973] EXTERNALIZE build/GEDE01/src/game/game_fn_801ABD3C.o
[568/973] EXTERNALIZE build/GEDE01/src/game/game_fn_801816D4.o
[569/973] EXTERNALIZE build/GEDE01/src/game/game_fn_8011F140.o
[570/973] EXTERNALIZE build/GEDE01/src/game/game_fn_8004998C.o
[571/973] EXTERNALIZE build/GEDE01/src/game/game_fn_801AD08C.o
[572/973] EXTERNALIZE build/GEDE01/src/game/game_fn_80079AA4.o
[573/973] EXTERNALIZE build/GEDE01/src/game/game_fn_80158D38.o
[574/973] EXTERNALIZE build/GEDE01/src/game/game_fn_801A3A78.o
[575/973] EXTERNALIZE build/GEDE01/src/game/game_fn_8008F224.o
[576/973] EXTERNALIZE build/GEDE01/src/game/game_fn_80167454.o
[577/973] EXTERNALIZE build/GEDE01/src/game/game_fn_800AF230.o
[578/973] EXTERNALIZE build/GEDE01/src/game/game_fn_801A93E8.o
[579/973] EXTERNALIZE build/GEDE01/src/game/game_fn_801AB154.o
[580/973] EXTERNALIZE build/GEDE01/src/game/game_fn_801A7E04.o
[581/973] EXTERNALIZE build/GEDE01/src/game/game_fn_801A7EA8.o
[582/973] EXTERNALIZE build/GEDE01/src/game/game_fn_801A6CB4.o
[583/973] EXTERNALIZE build/GEDE01/src/game/game_fn_801A4CE0.o
[584/973] EXTERNALIZE build/GEDE01/src/game/game_fn_801A6C58.o
[585/973] NAME JUMPTABLE build/GEDE01/src/game/game_fn_801A6ADC.o
[586/973] EXTERNALIZE build/GEDE01/src/game/game_fn_801A6410.o
[587/973] EXTERNALIZE build/GEDE01/src/game/game_fn_801A5FB0.o
[588/973] EXTERNALIZE build/GEDE01/src/game/game_fn_801A1F18.o
[589/973] EXTERNALIZE build/GEDE01/src/game/game_fn_8019E8C8.o
[590/973] EXTERNALIZE build/GEDE01/src/game/game_fn_8019E5E4.o
[591/973] EXTERNALIZE build/GEDE01/src/game/game_fn_8019CFC4.o
[592/973] EXTERNALIZE build/GEDE01/src/game/game_fn_801991E0.o
[593/973] EXTERNALIZE build/GEDE01/src/game/game_fn_8019CC28.o
[594/973] EXTERNALIZE build/GEDE01/src/game/game_fn_80198BF4.o
[595/973] EXTERNALIZE build/GEDE01/src/game/game_fn_80198AAC.o
[596/973] EXTERNALIZE build/GEDE01/src/game/game_fn_80198154.o
[597/973] EXTERNALIZE build/GEDE01/src/game/game_fn_80194F80.o
[598/973] EXTERNALIZE build/GEDE01/src/game/game_fn_80197910.o
[599/973] EXTERNALIZE build/GEDE01/src/game/game_fn_80177434.o
repointed 2 relocations to lbl_80250588
[600/973] EXTERNALIZE build/GEDE01/src/game/game_fn_80193E1C.o
[601/973] EXTERNALIZE build/GEDE01/src/game/game_fn_80193F3C.o
[602/973] EXTERNALIZE build/GEDE01/src/game/game_fn_801931C4.o
[603/973] EXTERNALIZE build/GEDE01/src/game/game_fn_80192F54.o
[604/973] EXTERNALIZE build/GEDE01/src/game/game_fn_80191F58.o
[605/973] EXTERNALIZE build/GEDE01/src/game/game_fn_8019197C.o
[606/973] EXTERNALIZE build/GEDE01/src/game/game_fn_80191360.o
[607/973] GLOBALIZE build/GEDE01/src/game/game_fn_8018F1D0.o
[608/973] EXTERNALIZE build/GEDE01/src/game/game_fn_8018D688.o
[609/973] EXTERNALIZE build/GEDE01/src/game/game_fn_8018F81C.o
[610/973] EXTERNALIZE build/GEDE01/src/game/game_fn_8018D2E0.o
[611/973] EXTERNALIZE build/GEDE01/src/game/game_fn_80189968.o
[612/973] EXTERNALIZE build/GEDE01/src/game/game_fn_80189760.o
[613/973] EXTERNALIZE build/GEDE01/src/game/game_fn_8018D1F0.o
[614/973] EXTERNALIZE build/GEDE01/src/game/game_fn_801896A0.o
[615/973] EXTERNALIZE build/GEDE01/src/game/game_fn_801895E8.o
[616/973] EXTERNALIZE build/GEDE01/src/game/game_fn_80189390.o
[617/973] EXTERNALIZE build/GEDE01/src/game/game_fn_801891D8.o
[618/973] EXTERNALIZE build/GEDE01/src/game/game_fn_80188E28.o
[619/973] EXTERNALIZE build/GEDE01/src/game/game_fn_80189028.o
[620/973] EXTERNALIZE build/GEDE01/src/game/game_fn_80188C1C.o
[621/973] EXTERNALIZE build/GEDE01/src/game/game_fn_80188B44.o
[622/973] EXTERNALIZE build/GEDE01/src/game/game_fn_80188A7C.o
[623/973] EXTERNALIZE build/GEDE01/src/game/game_fn_801878E0.o
[624/973] EXTERNALIZE build/GEDE01/src/game/game_fn_80187120.o
[625/973] EXTERNALIZE build/GEDE01/src/game/game_fn_8018FEDC.o
[626/973] EXTERNALIZE build/GEDE01/src/game/game_fn_80186E10.o
[627/973] EXTERNALIZE build/GEDE01/src/game/game_fn_801865EC.o
[628/973] EXTERNALIZE build/GEDE01/src/game/game_fn_80185AE8.o
[629/973] EXTERNALIZE build/GEDE01/src/game/game_fn_801859FC.o
[630/973] EXTERNALIZE build/GEDE01/src/game/game_fn_80180DDC.o
[631/973] EXTERNALIZE build/GEDE01/src/game/game_fn_8017E958.o
[632/973] EXTERNALIZE build/GEDE01/src/game/game_fn_8017E850.o
[633/973] EXTERNALIZE build/GEDE01/src/game/game_fn_8017718C.o
[634/973] EXTERNALIZE build/GEDE01/src/game/game_fn_801770F8.o
[635/973] EXTERNALIZE build/GEDE01/src/game/game_fn_80176FA0.o
[636/973] EXTERNALIZE build/GEDE01/src/game/game_fn_80176DF4.o
[637/973] EXTERNALIZE build/GEDE01/src/game/game_fn_80174358.o
[638/973] EXTERNALIZE build/GEDE01/src/game/game_fn_80173F04.o
[639/973] EXTERNALIZE build/GEDE01/src/game/game_fn_80174184.o
[640/973] EXTERNALIZE build/GEDE01/src/game/game_fn_8017553C.o
[641/973] EXTERNALIZE build/GEDE01/src/game/game_fn_80173770.o
[642/973] EXTERNALIZE build/GEDE01/src/game/game_fn_80173D44.o
[643/973] EXTERNALIZE build/GEDE01/src/game/game_fn_801734B4.o
[644/973] EXTERNALIZE build/GEDE01/src/game/game_fn_80173270.o
[645/973] EXTERNALIZE build/GEDE01/src/game/game_fn_80172DB8.o
[646/973] EXTERNALIZE build/GEDE01/src/game/game_fn_80172C78.o
[647/973] EXTERNALIZE build/GEDE01/src/game/game_fn_80172BB0.o
[648/973] EXTERNALIZE build/GEDE01/src/game/game_fn_801726EC.o
[649/973] EXTERNALIZE build/GEDE01/src/game/game_fn_8017250C.o
[650/973] EXTERNALIZE build/GEDE01/src/game/game_fn_80171F30.o
[651/973] EXTERNALIZE build/GEDE01/src/game/game_fn_801719B4.o
[652/973] EXTERNALIZE build/GEDE01/src/game/game_fn_801718F4.o
[653/973] EXTERNALIZE build/GEDE01/src/game/game_fn_80171664.o
[654/973] EXTERNALIZE build/GEDE01/src/game/game_fn_8017138C.o
[655/973] EXTERNALIZE build/GEDE01/src/game/game_fn_80170A40.o
[656/973] NORMALIZE build/GEDE01/src/game/game_TRKNubWelcome.o
[657/973] NORMALIZE build/GEDE01/src/game/game_TRK_main.o
[658/973] NORMALIZE build/GEDE01/src/game/game_data_80239E10.o
[659/973] NORMALIZE build/GEDE01/src/game/game_data_80239E18.o
[660/973] EXTERNALIZE build/GEDE01/src/game/game_fn_801706DC.o
[661/973] EXTERNALIZE build/GEDE01/src/game/game_fn_8017652C.o
[662/973] EXTERNALIZE build/GEDE01/src/game/game_fn_80170E9C.o
[663/973] EXTERNALIZE build/GEDE01/src/game/game_fn_80175F0C.o
[664/973] EXTERNALIZE build/GEDE01/src/game/game_fn_80175E64.o
[665/973] EXTERNALIZE build/GEDE01/src/game/game_fn_80175FD4.o
[666/973] EXTERNALIZE build/GEDE01/src/game/game_fn_80176098.o
[667/973] EXTERNALIZE build/GEDE01/src/game/game_fn_80176220.o
[668/973] EXTERNALIZE build/GEDE01/src/game/game_fn_80176160.o
[669/973] EXTERNALIZE build/GEDE01/src/game/game_fn_80170DF4.o
[670/973] EXTERNALIZE build/GEDE01/src/game/game_fn_801762E8.o
[671/973] EXTERNALIZE build/GEDE01/src/game/game_fn_8016E8F8.o
[672/973] EXTERNALIZE build/GEDE01/src/game/game_fn_8016FEF8.o
[673/973] EXTERNALIZE build/GEDE01/src/game/game_fn_801704F8.o
[674/973] EXTERNALIZE build/GEDE01/src/game/game_fn_8016D2B8.o
[675/973] NORMALIZE build/GEDE01/src/game/game_fn_8016DF4C.o
[676/973] EXTERNALIZE build/GEDE01/src/game/game_fn_8016D040.o
[677/973] EXTERNALIZE build/GEDE01/src/game/game_fn_8016D1F8.o
[678/973] EXTERNALIZE build/GEDE01/src/game/game_fn_8016C774.o
[679/973] EXTERNALIZE build/GEDE01/src/game/game_fn_8016C4BC.o
[680/973] EXTERNALIZE build/GEDE01/src/game/game_fn_8016C238.o
[681/973] EXTERNALIZE build/GEDE01/src/game/game_fn_8016C164.o
[682/973] EXTERNALIZE build/GEDE01/src/game/game_fn_8016C0BC.o
[683/973] EXTERNALIZE build/GEDE01/src/game/game_fn_8017038C.o
[684/973] EXTERNALIZE build/GEDE01/src/game/game_fn_8016BE1C.o
[685/973] EXTERNALIZE build/GEDE01/src/game/game_fn_8016BF60.o
[686/973] EXTERNALIZE build/GEDE01/src/game/game_fn_8016BD0C.o
[687/973] EXTERNALIZE build/GEDE01/src/game/game_fn_80169650.o
[688/973] EXTERNALIZE build/GEDE01/src/game/game_fn_80167B5C.o
[689/973] EXTERNALIZE build/GEDE01/src/game/game_fn_8015EDC0.o
[690/973] EXTERNALIZE build/GEDE01/src/game/game_fn_8015DB84.o
[691/973] EXTERNALIZE build/GEDE01/src/game/game_fn_8015DC54.o
[692/973] EXTERNALIZE build/GEDE01/src/game/game_fn_80158B20.o
[693/973] EXTERNALIZE build/GEDE01/src/game/game_fn_80179398.o
[694/973] EXTERNALIZE build/GEDE01/src/game/game_fn_8017960C.o
[695/973] EXTERNALIZE build/GEDE01/src/game/game_fn_8017974C.o
[696/973] EXTERNALIZE build/GEDE01/src/game/game_fn_8017A9B8.o
[697/973] EXTERNALIZE build/GEDE01/src/game/game_fn_80179904.o
[698/973] EXTERNALIZE build/GEDE01/src/game/game_fn_80179A18.o
[699/973] EXTERNALIZE build/GEDE01/src/game/game_fn_80179A74.o
[700/973] EXTERNALIZE build/GEDE01/src/game/game_fn_80179EB8.o
[701/973] EXTERNALIZE build/GEDE01/src/game/game_fn_80179F20.o
[702/973] EXTERNALIZE build/GEDE01/src/game/game_fn_8017A010.o
[703/973] EXTERNALIZE build/GEDE01/src/game/game_fn_8017A12C.o
[704/973] EXTERNALIZE build/GEDE01/src/game/game_fn_80157C0C.o
[705/973] EXTERNALIZE build/GEDE01/src/game/game_fn_80155814.o
[706/973] EXTERNALIZE build/GEDE01/src/game/game_fn_8017A1C0.o
[707/973] EXTERNALIZE build/GEDE01/src/game/game_fn_8014B494.o
[708/973] EXTERNALIZE build/GEDE01/src/game/game_fn_80153898.o
[709/973] EXTERNALIZE build/GEDE01/src/game/game_fn_8014AF38.o
[710/973] EXTERNALIZE build/GEDE01/src/game/game_fn_8012DB28.o
[711/973] EXTERNALIZE build/GEDE01/src/game/game_fn_801141B8.o
[712/973] EXTERNALIZE build/GEDE01/src/game/game_fn_801128E4.o
[713/973] EXTERNALIZE build/GEDE01/src/game/game_fn_801126E0.o
[714/973] EXTERNALIZE build/GEDE01/src/game/game_fn_8010F184.o
[715/973] EXTERNALIZE build/GEDE01/src/game/game_fn_800E4980.o
[716/973] EXTERNALIZE build/GEDE01/src/game/game_fn_800C17EC.o
[717/973] EXTERNALIZE build/GEDE01/src/game/game_fn_800C030C.o
[718/973] EXTERNALIZE build/GEDE01/src/game/game_fn_800C59F0.o
[719/973] EXTERNALIZE build/GEDE01/src/game/game_fn_800C644C.o
[720/973] EXTERNALIZE build/GEDE01/src/game/game_fn_800C65FC.o
[721/973] EXTERNALIZE build/GEDE01/src/game/game_fn_800CB760.o
[722/973] EXTERNALIZE build/GEDE01/src/game/game_fn_800CB8F4.o
[723/973] EXTERNALIZE build/GEDE01/src/game/game_fn_80078500.o
[724/973] EXTERNALIZE build/GEDE01/src/game/game_fn_80079908.o
[725/973] EXTERNALIZE build/GEDE01/src/game/game_fn_8007B540.o
[726/973] EXTERNALIZE build/GEDE01/src/game/game_fn_8007B2F4.o
[727/973] EXTERNALIZE build/GEDE01/src/game/game_fn_8007B640.o
[728/973] EXTERNALIZE build/GEDE01/src/game/game_fn_800886D8.o
[729/973] EXTERNALIZE build/GEDE01/src/game/game_fn_8007BA3C.o
[730/973] EXTERNALIZE build/GEDE01/src/game/game_fn_800934A0.o
[731/973] EXTERNALIZE build/GEDE01/src/game/game_fn_800A3894.o
[732/973] EXTERNALIZE build/GEDE01/src/game/game_fn_800A7E88.o
[733/973] EXTERNALIZE build/GEDE01/src/game/game_fn_800A4798.o
[734/973] GLOBALIZE build/GEDE01/src/game/game_fn_800A2130.o
[735/973] EXTERNALIZE build/GEDE01/src/game/game_fn_800A2FCC.o
[736/973] EXTERNALIZE build/GEDE01/src/game/game_fn_8009C424.o
[737/973] EXTERNALIZE SWITCHES build/GEDE01/src/game/game_fn_80095FDC.o
[738/973] GLOBALIZE build/GEDE01/src/game/game_fn_8008F890.o
[739/973] EXTERNALIZE build/GEDE01/src/game/game_fn_80096830.o
[740/973] EXTERNALIZE build/GEDE01/src/game/game_fn_800A4428.o
[741/973] EXTERNALIZE build/GEDE01/src/game/game_fn_80074310.o
[742/973] GLOBALIZE build/GEDE01/src/game/game_fn_8005FD84.o
[743/973] EXTERNALIZE build/GEDE01/src/game/game_fn_80066888.o
[744/973] EXTERNALIZE build/GEDE01/src/game/game_fn_8005EC6C.o
[745/973] EXTERNALIZE build/GEDE01/src/game/game_fn_80052310.o
[746/973] EXTERNALIZE build/GEDE01/src/game/game_fn_80048B24.o
[747/973] NAME SWITCH build/GEDE01/src/game/game_fn_80020E94.o
[748/973] NAME SWITCH build/GEDE01/src/game/game_fn_8005EE9C.o
[749/973] NAME SWITCH build/GEDE01/src/game/game_fn_8016D9C0.o
[750/973] NAME SWITCH build/GEDE01/src/game/game_fn_80071A58.o
[751/973] EXTERNALIZE build/GEDE01/src/game/game_fn_80048ADC.o
[752/973] NAME SWITCH build/GEDE01/src/game/game_fn_8006B620.o
[753/973] NAME SWITCH build/GEDE01/src/game/game_fn_8001FE1C.o
[754/973] NAME SWITCH build/GEDE01/src/game/game_fn_8001E644.o
[755/973] EXTERNALIZE build/GEDE01/src/game/game_fn_801B46C8.o
build/GEDE01/src/game/game_fn_801B46C8.o: lbl_8060C020 now undefined; section 6 emptied
[756/973] EXTERNALIZE build/GEDE01/src/game/game_fn_80038878.o
[757/973] EXTERNALIZE build/GEDE01/src/game/game_fn_80036C40.o
[758/973] EXTERNALIZE build/GEDE01/src/game/game_fn_800359A0.o
[759/973] EXTERNALIZE build/GEDE01/src/game/game_fn_80033180.o
[760/973] EXTERNALIZE build/GEDE01/src/game/game_fn_80033038.o
[761/973] EXTERNALIZE build/GEDE01/src/game/game_fn_80032B84.o
[762/973] EXTERNALIZE build/GEDE01/src/game/game_fn_8003232C.o
[763/973] EXTERNALIZE build/GEDE01/src/game/game_fn_8002E3F0.o
[764/973] EXTERNALIZE build/GEDE01/src/game/game_fn_8002DAE0.o
[765/973] EXTERNALIZE build/GEDE01/src/game/game_fn_8002EA68.o
[766/973] GLOBALIZE build/GEDE01/src/game/game_fn_8002B748.o
[767/973] EXTERNALIZE build/GEDE01/src/game/game_fn_8002F428.o
[768/973] NAME SWITCHES build/GEDE01/src/game/game_fn_80024F28.o
[769/973] EXTERNALIZE build/GEDE01/src/game/game_fn_800272B4.o
[770/973] EXTERNALIZE build/GEDE01/src/game/game_fn_8001CE94.o
[771/973] EXTERNALIZE build/GEDE01/src/game/game_fn_8001CD58.o
[772/973] EXTERNALIZE build/GEDE01/src/game/game_fn_8001C078.o
[773/973] EXTERNALIZE build/GEDE01/src/game/game_fn_8001B874.o
[774/973] EXTERNALIZE build/GEDE01/src/game/game_fn_8001B808.o
[775/973] EXTERNALIZE build/GEDE01/src/game/game_fn_8001B294.o
[776/973] EXTERNALIZE build/GEDE01/src/game/game_fn_8001B124.o
[777/973] EXTERNALIZE build/GEDE01/src/game/game_fn_8001ADF8.o
[778/973] EXTERNALIZE build/GEDE01/src/game/game_fn_8001AF68.o
[779/973] EXTERNALIZE build/GEDE01/src/game/game_fn_8001AAB8.o
[780/973] EXTERNALIZE build/GEDE01/src/game/game_fn_8001A6C4.o
[781/973] EXTERNALIZE build/GEDE01/src/game/game_fn_80019F98.o
[782/973] EXTERNALIZE build/GEDE01/src/game/game_fn_80019D2C.o
[783/973] EXTERNALIZE build/GEDE01/src/game/game_fn_80019C10.o
[784/973] EXTERNALIZE build/GEDE01/src/game/game_fn_80019940.o
[785/973] EXTERNALIZE build/GEDE01/src/game/game_fn_800194D0.o
[786/973] EXTERNALIZE build/GEDE01/src/game/game_fn_80019244.o
[787/973] EXTERNALIZE build/GEDE01/src/game/game_fn_80019054.o
[788/973] EXTERNALIZE build/GEDE01/src/game/game_fn_80018EF4.o
[789/973] EXTERNALIZE build/GEDE01/src/game/game_fn_80017DB0.o
[790/973] EXTERNALIZE build/GEDE01/src/game/game_fn_80017CC8.o
[791/973] EXTERNALIZE build/GEDE01/src/game/game_fn_80017C3C.o
[792/973] EXTERNALIZE build/GEDE01/src/game/game_fn_80017AE4.o
[793/973] EXTERNALIZE build/GEDE01/src/game/game_fn_80017A3C.o
[794/973] EXTERNALIZE build/GEDE01/src/game/game_fn_80017910.o
[795/973] EXTERNALIZE build/GEDE01/src/game/game_fn_800179AC.o
[796/973] EXTERNALIZE FLAGS build/GEDE01/src/game/game_fn_800119FC.o
[797/973] EXTERNALIZE build/GEDE01/src/game/game_fn_8000FFD8.o
[798/973] EXTERNALIZE build/GEDE01/src/game/game_fn_8000F4B0.o
[799/973] GLOBALIZE build/GEDE01/src/game/game_fn_800094C0.o
[800/973] EXTERNALIZE build/GEDE01/src/game/game_fn_8000EFC4.o
[801/973] EXTERNALIZE build/GEDE01/src/game/game_fn_800096E0.o
[802/973] EXTERNALIZE build/GEDE01/src/game/game_fn_800098C0.o
[803/973] EXTERNALIZE build/GEDE01/src/game/game_fn_800099D8.o
[804/973] EXTERNALIZE build/GEDE01/src/game/game_fn_80009AB4.o
[805/973] EXTERNALIZE build/GEDE01/src/game/game_fn_800171C0.o
[806/973] EXTERNALIZE build/GEDE01/src/game/game_fn_8000A26C.o
[807/973] EXTERNALIZE build/GEDE01/src/game/game_fn_800176F0.o
[808/973] EXTERNALIZE build/GEDE01/src/game/game_fn_8000AC88.o
[809/973] EXTERNALIZE build/GEDE01/src/game/game_fn_8000AEB4.o
[810/973] EXTERNALIZE build/GEDE01/src/game/game_fn_8000AFB4.o
[811/973] EXTERNALIZE build/GEDE01/src/game/game_fn_8000B36C.o
[812/973] EXTERNALIZE build/GEDE01/src/game/game_fn_8000B1B8.o
[813/973] EXTERNALIZE build/GEDE01/src/game/game_fn_8000B630.o
[814/973] EXTERNALIZE build/GEDE01/src/game/game_fn_8000B7FC.o
[815/973] EXTERNALIZE build/GEDE01/src/game/game_fn_8000B900.o
[816/973] EXTERNALIZE build/GEDE01/src/game/game_fn_8000BA0C.o
[817/973] EXTERNALIZE build/GEDE01/src/game/game_fn_8000BAA0.o
[818/973] EXTERNALIZE build/GEDE01/src/game/game_fn_8000BC40.o
[819/973] EXTERNALIZE build/GEDE01/src/game/game_fn_8000C06C.o
[820/973] EXTERNALIZE build/GEDE01/src/game/game_fn_8000C17C.o
[821/973] EXTERNALIZE build/GEDE01/src/game/game_fn_8000C400.o
[822/973] EXTERNALIZE build/GEDE01/src/game/game_fn_8000C848.o
[823/973] EXTERNALIZE build/GEDE01/src/game/game_fn_8000C91C.o
[824/973] EXTERNALIZE build/GEDE01/src/game/game_fn_8000D0BC.o
[825/973] NAME SWITCH build/GEDE01/src/game/game_fn_8000D8A4.o
[826/973] EXTERNALIZE build/GEDE01/src/game/game_fn_8000D3D4.o
[827/973] EXTERNALIZE build/GEDE01/src/game/game_fn_8000E054.o
[828/973] EXTERNALIZE build/GEDE01/src/game/game_fn_8000E0AC.o
[829/973] EXTERNALIZE build/GEDE01/src/game/game_fn_8000E96C.o
[830/973] EXTERNALIZE build/GEDE01/src/game/game_fn_8000F774.o
[831/973] EXTERNALIZE build/GEDE01/src/game/game_fn_8000EB14.o
[832/973] EXTERNALIZE build/GEDE01/src/game/game_fn_8000EBD4.o
[833/973] EXTERNALIZE build/GEDE01/src/game/game_fn_8000ED44.o
[834/973] EXTERNALIZE build/GEDE01/src/game/game_fn_8000E138.o
[835/973] EXTERNALIZE build/GEDE01/src/game/game_fn_8000E1C4.o
[836/973] EXTERNALIZE build/GEDE01/src/game/game_fn_8000D590.o
[837/973] EXTERNALIZE build/GEDE01/src/game/game_fn_8000DA50.o
[838/973] EXTERNALIZE build/GEDE01/src/game/game_fn_8000DAF4.o
[839/973] EXTERNALIZE build/GEDE01/src/game/game_fn_80012DA8.o
[840/973] EXTERNALIZE build/GEDE01/src/game/game_fn_80012F40.o
[841/973] EXTERNALIZE build/GEDE01/src/game/game_fn_80012FD0.o
[842/973] EXTERNALIZE build/GEDE01/src/game/game_fn_800131E8.o
[843/973] EXTERNALIZE build/GEDE01/src/game/game_fn_80013340.o
[844/973] EXTERNALIZE build/GEDE01/src/game/game_fn_80013870.o
[845/973] EXTERNALIZE build/GEDE01/src/game/game_fn_80013CB0.o
[846/973] EXTERNALIZE build/GEDE01/src/game/game_fn_80013D54.o
[847/973] EXTERNALIZE build/GEDE01/src/game/game_fn_800142DC.o
[848/973] EXTERNALIZE build/GEDE01/src/game/game_fn_800144CC.o
[849/973] EXTERNALIZE build/GEDE01/src/game/game_fn_80014784.o
[850/973] EXTERNALIZE build/GEDE01/src/game/game_fn_800149D4.o
[851/973] EXTERNALIZE build/GEDE01/src/game/game_fn_80015058.o
[852/973] EXTERNALIZE build/GEDE01/src/game/game_fn_80015320.o
[853/973] EXTERNALIZE build/GEDE01/src/game/game_fn_80015568.o
[854/973] EXTERNALIZE build/GEDE01/src/game/game_fn_800156FC.o
[855/973] EXTERNALIZE build/GEDE01/src/game/game_fn_80015BE0.o
[856/973] EXTERNALIZE build/GEDE01/src/game/game_fn_80015D40.o
[857/973] EXTERNALIZE build/GEDE01/src/game/game_fn_80015F04.o
[858/973] EXTERNALIZE build/GEDE01/src/game/game_fn_80016128.o
[859/973] EXTERNALIZE build/GEDE01/src/game/game_fn_80016270.o
[860/973] EXTERNALIZE build/GEDE01/src/game/game_fn_80016904.o
[861/973] EXTERNALIZE build/GEDE01/src/game/game_fn_800173CC.o
[862/973] EXTERNALIZE build/GEDE01/src/game/game_fn_80016B24.o
[863/973] EXTERNALIZE build/GEDE01/src/game/game_fn_801BEF40.o
[864/973] EXTERNALIZE build/GEDE01/src/game/game_fn_801B86C0.o
[865/973] EXTERNALIZE STATIC POOL build/GEDE01/src/game/game_fn_801C4B5C.o
build/GEDE01/src/game/game_fn_801C4B5C.o: lbl_80628CB0 now undefined; section 6 emptied
[866/973] EXTERNALIZE build/GEDE01/src/game/game_fn_801C8600.o
[867/973] EXTERNALIZE build/GEDE01/src/game/game_fn_801EAA04.o
[868/973] EXTERNALIZE build/GEDE01/src/game/game_fn_80150400.o
[869/973] EXTERNALIZE build/GEDE01/src/game/game_fn_80150F20.o
[870/973] EXTERNALIZE build/GEDE01/src/game/game_fn_80151600.o
[871/973] EXTERNALIZE build/GEDE01/src/game/game_fn_80151D00.o
[872/973] EXTERNALIZE build/GEDE01/src/game/game_fn_8011EE04.o
[873/973] EXTERNALIZE build/GEDE01/src/game/game_fn_801E3644.o
[874/973] EXTERNALIZE build/GEDE01/src/game/game_fn_8019E0B0.o
[875/973] EXTERNALIZE build/GEDE01/src/game/game_fn_801A260C.o
[876/973] EXTERNALIZE build/GEDE01/src/game/game_fn_801DE8B4.o
[877/973] EXTERNALIZE build/GEDE01/src/game/game_fn_80173BDC.o
[878/973] EXTERNALIZE build/GEDE01/src/game/game_fn_801E7014.o
[879/973] EXTERNALIZE build/GEDE01/src/game/game_fn_801A4430.o
[880/973] EXTERNALIZE build/GEDE01/src/game/game_fn_8014BA14.o
[881/973] EXTERNALIZE build/GEDE01/src/game/game_fn_800B2EC0.o
[882/973] EXTERNALIZE build/GEDE01/src/game/game_fn_8001CA04.o
[883/973] EXTERNALIZE build/GEDE01/src/game/game_fn_801DDB84.o
[884/973] EXTERNALIZE build/GEDE01/src/game/game_fn_80031544.o
[885/973] EXTERNALIZE build/GEDE01/src/game/game_fn_8006B0F0.o
[886/973] EXTERNALIZE build/GEDE01/src/game/game_fn_8007D4D8.o
[887/973] EXTERNALIZE build/GEDE01/src/game/game_fn_8007F770.o
[888/973] EXTERNALIZE build/GEDE01/src/game/game_fn_80088F4C.o
[889/973] EXTERNALIZE build/GEDE01/src/game/game_fn_8008A2E0.o
[890/973] EXTERNALIZE build/GEDE01/src/game/game_fn_80089A34.o
[891/973] EXTERNALIZE build/GEDE01/src/game/game_fn_80090004.o
[892/973] EXTERNALIZE build/GEDE01/src/game/game_fn_80095D10.o
[893/973] EXTERNALIZE build/GEDE01/src/game/game_fn_800A3180.o
[894/973] EXTERNALIZE build/GEDE01/src/game/game_fn_800BB7A8.o
[895/973] EXTERNALIZE build/GEDE01/src/game/game_fn_800BB5C4.o
[896/973] EXTERNALIZE build/GEDE01/src/game/game_fn_800BB9A4.o
[897/973] EXTERNALIZE build/GEDE01/src/game/game_fn_800BBAF0.o
[898/973] EXTERNALIZE build/GEDE01/src/game/game_fn_800D9064.o
[899/973] EXTERNALIZE build/GEDE01/src/game/game_fn_800D9E10.o
[900/973] EXTERNALIZE build/GEDE01/src/game/game_fn_8012976C.o
[901/973] EXTERNALIZE build/GEDE01/src/game/game_fn_8013DB8C.o
[902/973] EXTERNALIZE build/GEDE01/src/game/game_fn_8013CBE4.o
[903/973] EXTERNALIZE build/GEDE01/src/game/game_fn_8014CA98.o
[904/973] EXTERNALIZE build/GEDE01/src/game/game_fn_80153A24.o
[905/973] EXTERNALIZE build/GEDE01/src/game/game_fn_801535D8.o
[906/973] EXTERNALIZE build/GEDE01/src/game/game_fn_80174F2C.o
[907/973] EXTERNALIZE build/GEDE01/src/game/game_fn_801752B0.o
[908/973] EXTERNALIZE build/GEDE01/src/game/game_fn_8017AC20.o
[909/973] EXTERNALIZE build/GEDE01/src/game/game_fn_801861C4.o
[910/973] EXTERNALIZE build/GEDE01/src/game/game_fn_8018680C.o
[911/973] EXTERNALIZE build/GEDE01/src/game/game_fn_80186F70.o
[912/973] EXTERNALIZE build/GEDE01/src/game/game_fn_80187320.o
[913/973] EXTERNALIZE build/GEDE01/src/game/game_fn_801810A0.o
[914/973] EXTERNALIZE build/GEDE01/src/game/game_fn_801875FC.o
[915/973] EXTERNALIZE build/GEDE01/src/game/game_fn_800542D0.o
[916/973] EXTERNALIZE build/GEDE01/src/game/game_fn_80187E40.o
[917/973] EXTERNALIZE build/GEDE01/src/game/game_fn_80187BB4.o
[918/973] EXTERNALIZE build/GEDE01/src/game/game_fn_80189C14.o
[919/973] EXTERNALIZE build/GEDE01/src/game/game_fn_8018C2D0.o
[920/973] EXTERNALIZE build/GEDE01/src/game/game_fn_8018D400.o
[921/973] EXTERNALIZE build/GEDE01/src/game/game_fn_8018E0D8.o
[922/973] EXTERNALIZE build/GEDE01/src/game/game_fn_8019120C.o
[923/973] EXTERNALIZE build/GEDE01/src/game/game_fn_8018DC24.o
[924/973] EXTERNALIZE build/GEDE01/src/game/game_fn_801926EC.o
[925/973] EXTERNALIZE build/GEDE01/src/game/game_fn_801916D0.o
[926/973] EXTERNALIZE build/GEDE01/src/game/game_fn_801929A4.o
[927/973] EXTERNALIZE build/GEDE01/src/game/game_fn_801952E8.o
[928/973] EXTERNALIZE build/GEDE01/src/game/game_fn_801A2A54.o
[929/973] EXTERNALIZE build/GEDE01/src/game/game_fn_801A34BC.o
[930/973] EXTERNALIZE build/GEDE01/src/game/game_fn_801A657C.o
[931/973] EXTERNALIZE build/GEDE01/src/game/game_fn_801A1F8C.o
[932/973] EXTERNALIZE build/GEDE01/src/game/game_fn_801D1F78.o
[933/973] EXTERNALIZE build/GEDE01/src/game/game_fn_801E2A48.o
[934/973] EXTERNALIZE build/GEDE01/src/game/game_fn_801E6814.o
[935/973] EXTERNALIZE build/GEDE01/src/game/game_fn_801E995C.o
[936/973] EXTERNALIZE build/GEDE01/src/game/game_fn_801EF580.o
[937/973] EXTERNALIZE build/GEDE01/src/game/game_fn_801F0CB0.o
[938/973] EXTERNALIZE build/GEDE01/src/game/game_fn_801F10BC.o
[939/973] EXTERNALIZE build/GEDE01/src/game/game_fn_801F35A8.o
[940/973] EXTERNALIZE build/GEDE01/src/game/game_fn_801ECD74.o
[941/973] EXTERNALIZE build/GEDE01/src/game/game_fn_801ED5F4.o
[942/973] EXTERNALIZE build/GEDE01/src/game/game_fn_801F69F0.o
[943/973] EXTERNALIZE build/GEDE01/src/game/game_fn_801F76EC.o
[944/973] EXTERNALIZE build/GEDE01/src/game/game_fn_801F8264.o
[945/973] EXTERNALIZE build/GEDE01/src/game/game_fn_801F89B4.o
[946/973] EXTERNALIZE build/GEDE01/src/game/game_fn_801F6BD8.o
[947/973] EXTERNALIZE build/GEDE01/src/game/game_fn_801F9AF8.o
[948/973] EXTERNALIZE build/GEDE01/src/game/game_fn_80095E64.o
[949/973] EXTERNALIZE JUMPTABLES build/GEDE01/src/game/game_fn_800361F8.o
[950/973] EXTERNALIZE JUMPTABLES build/GEDE01/src/game/game_fn_8006E53C.o
[951/973] EXTERNALIZE build/GEDE01/src/game/game_fn_801FB6A4.o
[952/973] EXTERNALIZE JUMPTABLES build/GEDE01/src/game/game_fn_801ACFE8.o
[953/973] EXTERNALIZE JUMPTABLES build/GEDE01/src/game/game_fn_800CF598.o
[954/973] EXTERNALIZE build/GEDE01/src/game/game_fn_801E0088.o
[955/973] EXTERNALIZE JUMPTABLES build/GEDE01/src/game/game_fn_801B1BA0.o
[956/973] EXTERNALIZE build/GEDE01/src/game/game_fn_80150A24.o
[957/973] EXTERNALIZE build/GEDE01/src/game/game_fn_80154F74.o
[958/973] EXTERNALIZE build/GEDE01/src/game/game_fn_801E504C.o
[959/973] EXTERNALIZE build/GEDE01/src/game/game_fn_8009E808.o
[960/973] EXTERNALIZE build/GEDE01/src/game/game_fn_801F1A38.o
[961/973] EXTERNALIZE build/GEDE01/src/game/game_fn_801FFE78.o
[962/973] EXTERNALIZE build/GEDE01/src/game/game_fn_801F55A0.o
[963/973] EXTERNALIZE build/GEDE01/src/game/game_fn_801F8FAC.o
[964/973] EXTERNALIZE build/GEDE01/src/game/game_fn_801F7510.o
[965/973] EXTERNALIZE build/GEDE01/src/game/game_fn_801F9CF4.o
[966/973] EXTERNALIZE build/GEDE01/src/game/game_fn_801FC034.o
[967/973] EXTERNALIZE build/GEDE01/src/game/game_fn_801FA9C8.o
[968/973] MWCC build/GEDE01/src/game/game_fn_80208C4C.o
[969/973] REPORT
 INFO Loading project .
 INFO Generating report for 7094 units (using 8 threads)
 INFO Report generated in 0.605s
 INFO Writing to build/GEDE01/report.json
[970/973] LINK build/GEDE01/main.elf
### mwldeppc.exe Linker Warning:
#   Section '.ignored' is unknown. Section ignored.
### mwldeppc.exe Linker Warning:
#   Section '.ignored' is unknown. Section ignored.
### mwldeppc.exe Linker Warning:
#   Section '.ignored' is unknown. Section ignored.
### mwldeppc.exe Linker Warning:
#   Section '.ignored' is unknown. Section ignored.
### mwldeppc.exe Linker Warning:
#   Section '.ignored' is unknown. Section ignored.
### mwldeppc.exe Linker Warning:
#   Section '.ignored' is unknown. Section ignored.
### mwldeppc.exe Linker Warning:
#   Section '.ignored' is unknown. Section ignored.
### mwldeppc.exe Linker Warning:
#   Section '.ignored' is unknown. Section ignored.
### mwldeppc.exe Linker Warning:
#   Section '.ignored' is unknown. Section ignored.
### mwldeppc.exe Linker Warning:
#   Section '.ignored' is unknown. Section ignored.
### mwldeppc.exe Linker Warning:
#   Section '.ignored' is unknown. Section ignored.
### mwldeppc.exe Linker Warning:
#   Section '.ignored' is unknown. Section ignored.
### mwldeppc.exe Linker Warning:
#   Section '.ignored' is unknown. Section ignored.
### mwldeppc.exe Linker Warning:
#   Section '.ignored' is unknown. Section ignored.
### mwldeppc.exe Linker Warning:
#   Section '.ignored' is unknown. Section ignored.
### mwldeppc.exe Linker Warning:
#   Section '.ignored' is unknown. Section ignored.
### mwldeppc.exe Linker Warning:
#   Section '.ignored' is unknown. Section ignored.
### mwldeppc.exe Linker Warning:
#   Section '.ignored' is unknown. Section ignored.
### mwldeppc.exe Linker Warning:
#   Section '.ignored' is unknown. Section ignored.
### mwldeppc.exe Linker Warning:
#   Section '.ignored' is unknown. Section ignored.
### mwldeppc.exe Linker Warning:
#   Section '.ignored' is unknown. Section ignored.
### mwldeppc.exe Linker Warning:
#   Section '.ignored' is unknown. Section ignored.
### mwldeppc.exe Linker Warning:
#   Section '.ignored' is unknown. Section ignored.
### mwldeppc.exe Linker Warning:
#   Section '.ignored' is unknown. Section ignored.
### mwldeppc.exe Linker Warning:
#   Section '.ignored' is unknown. Section ignored.
### mwldeppc.exe Linker Warning:
#   Section '.ignored' is unknown. Section ignored.
### mwldeppc.exe Linker Warning:
#   Section '.ignored' is unknown. Section ignored.
### mwldeppc.exe Linker Warning:
#   Section '.ignored' is unknown. Section ignored.
### mwldeppc.exe Linker Warning:
#   Section '.ignored' is unknown. Section ignored.
### mwldeppc.exe Linker Warning:
#   Section '.ignored' is unknown. Section ignored.
### mwldeppc.exe Linker Warning:
#   Section '.ignored' is unknown. Section ignored.
### mwldeppc.exe Linker Warning:
#   Section '.ignored' is unknown. Section ignored.
### mwldeppc.exe Linker Warning:
#   Section '.ignored' is unknown. Section ignored.
### mwldeppc.exe Linker Warning:
#   Section '.ignored' is unknown. Section ignored.
### mwldeppc.exe Linker Warning:
#   Section '.ignored' is unknown. Section ignored.
### mwldeppc.exe Linker Warning:
#   Section '.ignored' is unknown. Section ignored.
### mwldeppc.exe Linker Warning:
#   Section '.ignored' is unknown. Section ignored.
### mwldeppc.exe Linker Warning:
#   Section '.ignored' is unknown. Section ignored.
### mwldeppc.exe Linker Warning:
#   Section '.ignored' is unknown. Section ignored.
### mwldeppc.exe Linker Warning:
#   Section '.ignored' is unknown. Section ignored.
### mwldeppc.exe Linker Warning:
#   Section '.ignored' is unknown. Section ignored.
### mwldeppc.exe Linker Warning:
#   Section '.ignored' is unknown. Section ignored.
### mwldeppc.exe Linker Warning:
#   Section '.ignored' is unknown. Section ignored.
### mwldeppc.exe Linker Warning:
#   Section '.ignored' is unknown. Section ignored.
### mwldeppc.exe Linker Warning:
#   Section '.ignored' is unknown. Section ignored.
### mwldeppc.exe Linker Warning:
#   Section '.ignored' is unknown. Section ignored.
### mwldeppc.exe Linker Warning:
#   Section '.ignored' is unknown. Section ignored.
### mwldeppc.exe Linker Warning:
#   Section '.ignored' is unknown. Section ignored.
### mwldeppc.exe Linker Warning:
#   Section '.ignored' is unknown. Section ignored.
### mwldeppc.exe Linker Warning:
#   Section '.ignored' is unknown. Section ignored.
### mwldeppc.exe Linker Warning:
#   Section '.ignored' is unknown. Section ignored.
### mwldeppc.exe Linker Warning:
#   Section '.ignored' is unknown. Section ignored.
### mwldeppc.exe Linker Warning:
#   Section '.ignored' is unknown. Section ignored.
### mwldeppc.exe Linker Warning:
#   Section '.ignored' is unknown. Section ignored.
### mwldeppc.exe Linker Warning:
#   Section '.ignored' is unknown. Section ignored.
### mwldeppc.exe Linker Warning:
#   Section '.ignored' is unknown. Section ignored.
### mwldeppc.exe Linker Warning:
#   Section '.ignored' is unknown. Section ignored.
### mwldeppc.exe Linker Warning:
#   Section '.ignored' is unknown. Section ignored.
### mwldeppc.exe Linker Warning:
#   Section '.ignored' is unknown. Section ignored.
### mwldeppc.exe Linker Warning:
#   Section '.ignored' is unknown. Section ignored.
### mwldeppc.exe Linker Warning:
#   Section '.ignored' is unknown. Section ignored.
### mwldeppc.exe Linker Warning:
#   Section '.ignored' is unknown. Section ignored.
### mwldeppc.exe Linker Warning:
#   Section '.ignored' is unknown. Section ignored.
### mwldeppc.exe Linker Warning:
#   Section '.ignored' is unknown. Section ignored.
### mwldeppc.exe Linker Warning:
#   Section '.ignored' is unknown. Section ignored.
### mwldeppc.exe Linker Warning:
#   Section '.ignored' is unknown. Section ignored.
### mwldeppc.exe Linker Warning:
#   Section '.ignored' is unknown. Section ignored.
### mwldeppc.exe Linker Warning:
#   Section '.ignored' is unknown. Section ignored.
### mwldeppc.exe Linker Warning:
#   Section '.ignored' is unknown. Section ignored.
### mwldeppc.exe Linker Warning:
#   Section '.ignored' is unknown. Section ignored.
### mwldeppc.exe Linker Warning:
#   Section '.ignored' is unknown. Section ignored.
### mwldeppc.exe Linker Warning:
#   Section '.ignored' is unknown. Section ignored.
### mwldeppc.exe Linker Warning:
#   Section '.ignored' is unknown. Section ignored.
### mwldeppc.exe Linker Warning:
#   Section '.ignored' is unknown. Section ignored.
### mwldeppc.exe Linker Warning:
#   Section '.ignored' is unknown. Section ignored.
### mwldeppc.exe Linker Warning:
#   Section '.ignored' is unknown. Section ignored.
### mwldeppc.exe Linker Warning:
#   Section '.ignored' is unknown. Section ignored.
### mwldeppc.exe Linker Warning:
#   Section '.ignored' is unknown. Section ignored.
### mwldeppc.exe Linker Warning:
#   Section '.ignored' is unknown. Section ignored.
### mwldeppc.exe Linker Warning:
#   Section '.ignored' is unknown. Section ignored.
### mwldeppc.exe Linker Warning:
#   Section '.ignored' is unknown. Section ignored.
### mwldeppc.exe Linker Warning:
#   Section '.ignored' is unknown. Section ignored.
### mwldeppc.exe Linker Warning:
#   Section '.ignored' is unknown. Section ignored.
### mwldeppc.exe Linker Warning:
#   Section '.ignored' is unknown. Section ignored.
### mwldeppc.exe Linker Warning:
#   Section '.ignored' is unknown. Section ignored.
### mwldeppc.exe Linker Warning:
#   Section '.ignored' is unknown. Section ignored.
### mwldeppc.exe Linker Warning:
#   Section '.ignored' is unknown. Section ignored.
### mwldeppc.exe Linker Warning:
#   Section '.ignored' is unknown. Section ignored.
### mwldeppc.exe Linker Warning:
#   Section '.ignored' is unknown. Section ignored.
### mwldeppc.exe Linker Warning:
#   Section '.ignored' is unknown. Section ignored.
### mwldeppc.exe Linker Warning:
#   Section '.ignored' is unknown. Section ignored.
### mwldeppc.exe Linker Warning:
#   Section '.ignored' is unknown. Section ignored.
### mwldeppc.exe Linker Warning:
#   Section '.ignored' is unknown. Section ignored.
### mwldeppc.exe Linker Warning:
#   Section '.ignored' is unknown. Section ignored.
### mwldeppc.exe Linker Warning:
#   Section '.ignored' is unknown. Section ignored.
### mwldeppc.exe Linker Warning:
#   Section '.ignored' is unknown. Section ignored.
### mwldeppc.exe Linker Warning:
#   Section '.ignored' is unknown. Section ignored.
### mwldeppc.exe Linker Warning:
#   Section '.ignored' is unknown. Section ignored.
### mwldeppc.exe Linker Warning:
#   Section '.ignored' is unknown. Section ignored.
### mwldeppc.exe Linker Warning:
#   Section '.ignored' is unknown. Section ignored.
### mwldeppc.exe Linker Warning:
#   Section '.ignored' is unknown. Section ignored.
### mwldeppc.exe Linker Warning:
#   Section '.ignored' is unknown. Section ignored.
### mwldeppc.exe Linker Warning:
#   Section '.ignored' is unknown. Section ignored.
### mwldeppc.exe Linker Warning:
#   Section '.ignored' is unknown. Section ignored.
### mwldeppc.exe Linker Warning:
#   Section '.ignored' is unknown. Section ignored.
### mwldeppc.exe Linker Warning:
#   Section '.ignored' is unknown. Section ignored.
### mwldeppc.exe Linker Warning:
#   Section '.ignored' is unknown. Section ignored.
### mwldeppc.exe Linker Warning:
#   Section '.ignored' is unknown. Section ignored.
### mwldeppc.exe Linker Warning:
#   Section '.ignored' is unknown. Section ignored.
### mwldeppc.exe Linker Warning:
#   Section '.ignored' is unknown. Section ignored.
### mwldeppc.exe Linker Warning:
#   Section '.ignored' is unknown. Section ignored.
### mwldeppc.exe Linker Warning:
#   Section '.ignored' is unknown. Section ignored.
### mwldeppc.exe Linker Warning:
#   Section '.ignored' is unknown. Section ignored.
### mwldeppc.exe Linker Warning:
#   Section '.ignored' is unknown. Section ignored.
### mwldeppc.exe Linker Warning:
#   Section '.ignored' is unknown. Section ignored.
### mwldeppc.exe Linker Warning:
#   Section '.ignored' is unknown. Section ignored.
### mwldeppc.exe Linker Warning:
#   Section '.ignored' is unknown. Section ignored.
### mwldeppc.exe Linker Warning:
#   Section '.ignored' is unknown. Section ignored.
### mwldeppc.exe Linker Warning:
#   Section '.ignored' is unknown. Section ignored.
### mwldeppc.exe Linker Warning:
#   Section '.ignored' is unknown. Section ignored.
### mwldeppc.exe Linker Warning:
#   Section '.ignored' is unknown. Section ignored.
### mwldeppc.exe Linker Warning:
#   Section '.ignored' is unknown. Section ignored.
### mwldeppc.exe Linker Warning:
#   Section '.ignored' is unknown. Section ignored.
### mwldeppc.exe Linker Warning:
#   Section '.ignored' is unknown. Section ignored.
### mwldeppc.exe Linker Warning:
#   Section '.ignored' is unknown. Section ignored.
### mwldeppc.exe Linker Warning:
#   Section '.ignored' is unknown. Section ignored.
### mwldeppc.exe Linker Warning:
#   Section '.ignored' is unknown. Section ignored.
### mwldeppc.exe Linker Warning:
#   Section '.ignored' is unknown. Section ignored.
### mwldeppc.exe Linker Warning:
#   Section '.ignored' is unknown. Section ignored.
### mwldeppc.exe Linker Warning:
#   Section '.ignored' is unknown. Section ignored.
### mwldeppc.exe Linker Warning:
#   Section '.ignored' is unknown. Section ignored.
### mwldeppc.exe Linker Warning:
#   Section '.ignored' is unknown. Section ignored.
### mwldeppc.exe Linker Warning:
#   Section '.ignored' is unknown. Section ignored.
### mwldeppc.exe Linker Warning:
#   Section '.ignored' is unknown. Section ignored.
### mwldeppc.exe Linker Warning:
#   Section '.ignored' is unknown. Section ignored.
### mwldeppc.exe Linker Warning:
#   Section '.ignored' is unknown. Section ignored.
### mwldeppc.exe Linker Warning:
#   Section '.ignored' is unknown. Section ignored.
### mwldeppc.exe Linker Warning:
#   Section '.ignored' is unknown. Section ignored.
### mwldeppc.exe Linker Warning:
#   Section '.ignored' is unknown. Section ignored.
### mwldeppc.exe Linker Warning:
#   Section '.ignored' is unknown. Section ignored.
### mwldeppc.exe Linker Warning:
#   Section '.ignored' is unknown. Section ignored.
### mwldeppc.exe Linker Warning:
#   Section '.ignored' is unknown. Section ignored.
### mwldeppc.exe Linker Warning:
#   Section '.ignored' is unknown. Section ignored.
### mwldeppc.exe Linker Warning:
#   Section '.ignored' is unknown. Section ignored.
### mwldeppc.exe Linker Warning:
#   Section '.ignored' is unknown. Section ignored.
### mwldeppc.exe Linker Warning:
#   Section '.ignored' is unknown. Section ignored.
### mwldeppc.exe Linker Warning:
#   Section '.ignored' is unknown. Section ignored.
### mwldeppc.exe Linker Warning:
#   Section '.ignored' is unknown. Section ignored.
### mwldeppc.exe Linker Warning:
#   Section '.ignored' is unknown. Section ignored.
### mwldeppc.exe Linker Warning:
#   Section '.ignored' is unknown. Section ignored.
### mwldeppc.exe Linker Warning:
#   Section '.ignored' is unknown. Section ignored.
### mwldeppc.exe Linker Warning:
#   Section '.ignored' is unknown. Section ignored.
### mwldeppc.exe Linker Warning:
#   Section '.ignored' is unknown. Section ignored.
### mwldeppc.exe Linker Warning:
#   Section '.ignored' is unknown. Section ignored.
### mwldeppc.exe Linker Warning:
#   Section '.ignored' is unknown. Section ignored.
### mwldeppc.exe Linker Warning:
#   Section '.ignored' is unknown. Section ignored.
### mwldeppc.exe Linker Warning:
#   Section '.ignored' is unknown. Section ignored.
### mwldeppc.exe Linker Warning:
#   Section '.ignored' is unknown. Section ignored.
### mwldeppc.exe Linker Warning:
#   Section '.ignored' is unknown. Section ignored.
### mwldeppc.exe Linker Warning:
#   Section '.ignored' is unknown. Section ignored.
### mwldeppc.exe Linker Warning:
#   Section '.ignored' is unknown. Section ignored.
### mwldeppc.exe Linker Warning:
#   Section '.ignored' is unknown. Section ignored.
### mwldeppc.exe Linker Warning:
#   Section '.ignored' is unknown. Section ignored.
### mwldeppc.exe Linker Warning:
#   Section '.ignored' is unknown. Section ignored.
### mwldeppc.exe Linker Warning:
#   Section '.ignored' is unknown. Section ignored.
### mwldeppc.exe Linker Warning:
#   Section '.ignored' is unknown. Section ignored.
### mwldeppc.exe Linker Warning:
#   Section '.ignored' is unknown. Section ignored.
### mwldeppc.exe Linker Warning:
#   Section '.ignored' is unknown. Section ignored.
### mwldeppc.exe Linker Warning:
#   Section '.ignored' is unknown. Section ignored.
### mwldeppc.exe Linker Warning:
#   Section '.ignored' is unknown. Section ignored.
### mwldeppc.exe Linker Warning:
#   Section '.ignored' is unknown. Section ignored.
### mwldeppc.exe Linker Warning:
#   Section '.ignored' is unknown. Section ignored.
### mwldeppc.exe Linker Warning:
#   Section '.ignored' is unknown. Section ignored.
### mwldeppc.exe Linker Warning:
#   Section '.ignored' is unknown. Section ignored.
### mwldeppc.exe Linker Warning:
#   Section '.ignored' is unknown. Section ignored.
### mwldeppc.exe Linker Warning:
#   Section '.ignored' is unknown. Section ignored.
### mwldeppc.exe Linker Warning:
#   Section '.ignored' is unknown. Section ignored.
### mwldeppc.exe Linker Warning:
#   Section '.ignored' is unknown. Section ignored.
### mwldeppc.exe Linker Warning:
#   Section '.ignored' is unknown. Section ignored.
### mwldeppc.exe Linker Warning:
#   Section '.ignored' is unknown. Section ignored.
### mwldeppc.exe Linker Warning:
#   Section '.ignored' is unknown. Section ignored.
### mwldeppc.exe Linker Warning:
#   Section '.ignored' is unknown. Section ignored.
### mwldeppc.exe Linker Warning:
#   Section '.ignored' is unknown. Section ignored.
### mwldeppc.exe Linker Warning:
#   Section '.ignored' is unknown. Section ignored.
### mwldeppc.exe Linker Warning:
#   Section '.ignored' is unknown. Section ignored.
### mwldeppc.exe Linker Warning:
#   Section '.ignored' is unknown. Section ignored.
### mwldeppc.exe Linker Warning:
#   Section '.ignored' is unknown. Section ignored.
### mwldeppc.exe Linker Warning:
#   Section '.ignored' is unknown. Section ignored.
### mwldeppc.exe Linker Warning:
#   Section '.ignored' is unknown. Section ignored.
### mwldeppc.exe Linker Warning:
#   Section '.ignored' is unknown. Section ignored.
### mwldeppc.exe Linker Warning:
#   Section '.ignored' is unknown. Section ignored.
### mwldeppc.exe Linker Warning:
#   Section '.ignored' is unknown. Section ignored.
### mwldeppc.exe Linker Warning:
#   Section '.ignored' is unknown. Section ignored.
### mwldeppc.exe Linker Warning:
#   Section '.ignored' is unknown. Section ignored.
### mwldeppc.exe Linker Warning:
#   Section '.ignored' is unknown. Section ignored.
### mwldeppc.exe Linker Warning:
#   Section '.ignored' is unknown. Section ignored.
### mwldeppc.exe Linker Warning:
#   Section '.ignored' is unknown. Section ignored.
### mwldeppc.exe Linker Warning:
#   Section '.ignored' is unknown. Section ignored.
### mwldeppc.exe Linker Warning:
#   Section '.ignored' is unknown. Section ignored.
### mwldeppc.exe Linker Warning:
#   Section '.ignored' is unknown. Section ignored.
### mwldeppc.exe Linker Warning:
#   Section '.ignored' is unknown. Section ignored.
### mwldeppc.exe Linker Warning:
#   Section '.ignored' is unknown. Section ignored.
### mwldeppc.exe Linker Warning:
#   Section '.ignored' is unknown. Section ignored.
### mwldeppc.exe Linker Warning:
#   Section '.ignored' is unknown. Section ignored.
### mwldeppc.exe Linker Warning:
#   Section '.ignored' is unknown. Section ignored.
### mwldeppc.exe Linker Warning:
#   Section '.ignored' is unknown. Section ignored.
### mwldeppc.exe Linker Warning:
#   Section '.ignored' is unknown. Section ignored.
### mwldeppc.exe Linker Warning:
#   Section '.ignored' is unknown. Section ignored.
### mwldeppc.exe Linker Warning:
#   Section '.ignored' is unknown. Section ignored.
### mwldeppc.exe Linker Warning:
#   Section '.ignored' is unknown. Section ignored.
### mwldeppc.exe Linker Warning:
#   Section '.ignored' is unknown. Section ignored.
### mwldeppc.exe Linker Warning:
#   Section '.ignored' is unknown. Section ignored.
### mwldeppc.exe Linker Warning:
#   Section '.ignored' is unknown. Section ignored.
### mwldeppc.exe Linker Warning:
#   Section '.ignored' is unknown. Section ignored.
### mwldeppc.exe Linker Warning:
#   Section '.ignored' is unknown. Section ignored.
### mwldeppc.exe Linker Warning:
#   Section '.ignored' is unknown. Section ignored.
### mwldeppc.exe Linker Warning:
#   Section '.ignored' is unknown. Section ignored.
### mwldeppc.exe Linker Warning:
#   Section '.ignored' is unknown. Section ignored.
### mwldeppc.exe Linker Warning:
#   Section '.ignored' is unknown. Section ignored.
### mwldeppc.exe Linker Warning:
#   Section '.ignored' is unknown. Section ignored.
### mwldeppc.exe Linker Warning:
#   Section '.ignored' is unknown. Section ignored.
### mwldeppc.exe Linker Warning:
#   Section '.ignored' is unknown. Section ignored.
### mwldeppc.exe Linker Warning:
#   Section '.ignored' is unknown. Section ignored.
### mwldeppc.exe Linker Warning:
#   Section '.ignored' is unknown. Section ignored.
### mwldeppc.exe Linker Warning:
#   Section '.ignored' is unknown. Section ignored.
### mwldeppc.exe Linker Warning:
#   Section '.ignored' is unknown. Section ignored.
### mwldeppc.exe Linker Warning:
#   Section '.ignored' is unknown. Section ignored.
### mwldeppc.exe Linker Warning:
#   Section '.ignored' is unknown. Section ignored.
### mwldeppc.exe Linker Warning:
#   Section '.ignored' is unknown. Section ignored.
### mwldeppc.exe Linker Warning:
#   Section '.ignored' is unknown. Section ignored.
### mwldeppc.exe Linker Warning:
#   Section '.ignored' is unknown. Section ignored.
### mwldeppc.exe Linker Warning:
#   Section '.ignored' is unknown. Section ignored.
### mwldeppc.exe Linker Warning:
#   Section '.ignored' is unknown. Section ignored.
### mwldeppc.exe Linker Warning:
#   Section '.ignored' is unknown. Section ignored.
### mwldeppc.exe Linker Warning:
#   Section '.ignored' is unknown. Section ignored.
### mwldeppc.exe Linker Warning:
#   Section '.ignored' is unknown. Section ignored.
### mwldeppc.exe Linker Warning:
#   Section '.ignored' is unknown. Section ignored.
### mwldeppc.exe Linker Warning:
#   Section '.ignored' is unknown. Section ignored.
### mwldeppc.exe Linker Warning:
#   Section '.ignored' is unknown. Section ignored.
### mwldeppc.exe Linker Warning:
#   Section '.ignored' is unknown. Section ignored.
### mwldeppc.exe Linker Warning:
#   Section '.ignored' is unknown. Section ignored.
### mwldeppc.exe Linker Warning:
#   Section '.ignored' is unknown. Section ignored.
### mwldeppc.exe Linker Warning:
#   Section '.ignored' is unknown. Section ignored.
### mwldeppc.exe Linker Warning:
#   Section '.ignored' is unknown. Section ignored.
### mwldeppc.exe Linker Warning:
#   Section '.ignored' is unknown. Section ignored.
### mwldeppc.exe Linker Warning:
#   Section '.ignored' is unknown. Section ignored.
### mwldeppc.exe Linker Warning:
#   Section '.ignored' is unknown. Section ignored.
### mwldeppc.exe Linker Warning:
#   Section '.ignored' is unknown. Section ignored.
### mwldeppc.exe Linker Warning:
#   Section '.ignored' is unknown. Section ignored.
### mwldeppc.exe Linker Warning:
#   Section '.ignored' is unknown. Section ignored.
### mwldeppc.exe Linker Warning:
#   Section '.ignored' is unknown. Section ignored.
### mwldeppc.exe Linker Warning:
#   Section '.ignored' is unknown. Section ignored.
### mwldeppc.exe Linker Warning:
#   Section '.ignored' is unknown. Section ignored.
### mwldeppc.exe Linker Warning:
#   Section '.ignored' is unknown. Section ignored.
### mwldeppc.exe Linker Warning:
#   Section '.ignored' is unknown. Section ignored.
### mwldeppc.exe Linker Warning:
#   Section '.ignored' is unknown. Section ignored.
### mwldeppc.exe Linker Warning:
#   Section '.ignored' is unknown. Section ignored.
### mwldeppc.exe Linker Warning:
#   Section '.ignored' is unknown. Section ignored.
### mwldeppc.exe Linker Warning:
#   Section '.ignored' is unknown. Section ignored.
### mwldeppc.exe Linker Warning:
#   Section '.ignored' is unknown. Section ignored.
### mwldeppc.exe Linker Warning:
#   Section '.ignored' is unknown. Section ignored.
### mwldeppc.exe Linker Warning:
#   Section '.ignored' is unknown. Section ignored.
### mwldeppc.exe Linker Warning:
#   Section '.ignored' is unknown. Section ignored.
### mwldeppc.exe Linker Warning:
#   Section '.ignored' is unknown. Section ignored.
### mwldeppc.exe Linker Warning:
#   Section '.ignored' is unknown. Section ignored.
### mwldeppc.exe Linker Warning:
#   Section '.ignored' is unknown. Section ignored.
### mwldeppc.exe Linker Warning:
#   Section '.ignored' is unknown. Section ignored.
### mwldeppc.exe Linker Warning:
#   Section '.ignored' is unknown. Section ignored.
### mwldeppc.exe Linker Warning:
#   Section '.ignored' is unknown. Section ignored.
### mwldeppc.exe Linker Warning:
#   Section '.ignored' is unknown. Section ignored.
### mwldeppc.exe Linker Warning:
#   Section '.ignored' is unknown. Section ignored.
### mwldeppc.exe Linker Warning:
#   Section '.ignored' is unknown. Section ignored.
### mwldeppc.exe Linker Warning:
#   Section '.ignored' is unknown. Section ignored.
### mwldeppc.exe Linker Warning:
#   Section '.ignored' is unknown. Section ignored.
### mwldeppc.exe Linker Warning:
#   Section '.ignored' is unknown. Section ignored.
### mwldeppc.exe Linker Warning:
#   Section '.ignored' is unknown. Section ignored.
### mwldeppc.exe Linker Warning:
#   Section '.ignored' is unknown. Section ignored.
### mwldeppc.exe Linker Warning:
#   Section '.ignored' is unknown. Section ignored.
### mwldeppc.exe Linker Warning:
#   Section '.ignored' is unknown. Section ignored.
### mwldeppc.exe Linker Warning:
#   Section '.ignored' is unknown. Section ignored.
### mwldeppc.exe Linker Warning:
#   Section '.ignored' is unknown. Section ignored.
### mwldeppc.exe Linker Warning:
#   Section '.ignored' is unknown. Section ignored.
### mwldeppc.exe Linker Warning:
#   Section '.ignored' is unknown. Section ignored.
### mwldeppc.exe Linker Warning:
#   Section '.ignored' is unknown. Section ignored.
### mwldeppc.exe Linker Warning:
#   Section '.ignored' is unknown. Section ignored.
### mwldeppc.exe Linker Warning:
#   Section '.ignored' is unknown. Section ignored.
### mwldeppc.exe Linker Warning:
#   Section '.ignored' is unknown. Section ignored.
### mwldeppc.exe Linker Warning:
#   Section '.ignored' is unknown. Section ignored.
### mwldeppc.exe Linker Warning:
#   Section '.ignored' is unknown. Section ignored.
### mwldeppc.exe Linker Warning:
#   Section '.ignored' is unknown. Section ignored.
### mwldeppc.exe Linker Warning:
#   Section '.ignored' is unknown. Section ignored.
### mwldeppc.exe Linker Warning:
#   Section '.ignored' is unknown. Section ignored.
### mwldeppc.exe Linker Warning:
#   Section '.ignored' is unknown. Section ignored.
### mwldeppc.exe Linker Warning:
#   Section '.ignored' is unknown. Section ignored.
### mwldeppc.exe Linker Warning:
#   Section '.ignored' is unknown. Section ignored.
### mwldeppc.exe Linker Warning:
#   Section '.ignored' is unknown. Section ignored.
### mwldeppc.exe Linker Warning:
#   Section '.ignored' is unknown. Section ignored.
### mwldeppc.exe Linker Warning:
#   Section '.ignored' is unknown. Section ignored.
### mwldeppc.exe Linker Warning:
#   Section '.ignored' is unknown. Section ignored.
### mwldeppc.exe Linker Warning:
#   Section '.ignored' is unknown. Section ignored.
### mwldeppc.exe Linker Warning:
#   Section '.ignored' is unknown. Section ignored.
### mwldeppc.exe Linker Warning:
#   Section '.ignored' is unknown. Section ignored.
### mwldeppc.exe Linker Warning:
#   Section '.ignored' is unknown. Section ignored.
### mwldeppc.exe Linker Warning:
#   Section '.ignored' is unknown. Section ignored.
### mwldeppc.exe Linker Warning:
#   Section '.ignored' is unknown. Section ignored.
### mwldeppc.exe Linker Warning:
#   Section '.ignored' is unknown. Section ignored.
### mwldeppc.exe Linker Warning:
#   Section '.ignored' is unknown. Section ignored.
### mwldeppc.exe Linker Warning:
#   Section '.ignored' is unknown. Section ignored.
### mwldeppc.exe Linker Warning:
#   Section '.ignored' is unknown. Section ignored.
### mwldeppc.exe Linker Warning:
#   Section '.ignored' is unknown. Section ignored.
### mwldeppc.exe Linker Warning:
#   Section '.ignored' is unknown. Section ignored.
### mwldeppc.exe Linker Warning:
#   Section '.ignored' is unknown. Section ignored.
### mwldeppc.exe Linker Warning:
#   Section '.ignored' is unknown. Section ignored.
### mwldeppc.exe Linker Warning:
#   Section '.ignored' is unknown. Section ignored.
### mwldeppc.exe Linker Warning:
#   Section '.ignored' is unknown. Section ignored.
### mwldeppc.exe Linker Warning:
#   Section '.ignored' is unknown. Section ignored.
### mwldeppc.exe Linker Warning:
#   Section '.ignored' is unknown. Section ignored.
### mwldeppc.exe Linker Warning:
#   Section '.ignored' is unknown. Section ignored.
### mwldeppc.exe Linker Warning:
#   Section '.ignored' is unknown. Section ignored.
### mwldeppc.exe Linker Warning:
#   Section '.ignored' is unknown. Section ignored.
### mwldeppc.exe Linker Warning:
#   Section '.ignored' is unknown. Section ignored.
### mwldeppc.exe Linker Warning:
#   Section '.ignored' is unknown. Section ignored.
### mwldeppc.exe Linker Warning:
#   Section '.ignored' is unknown. Section ignored.
### mwldeppc.exe Linker Warning:
#   Section '.ignored' is unknown. Section ignored.
### mwldeppc.exe Linker Warning:
#   Section '.ignored' is unknown. Section ignored.
### mwldeppc.exe Linker Warning:
#   Section '.ignored' is unknown. Section ignored.
### mwldeppc.exe Linker Warning:
#   Section '.ignored' is unknown. Section ignored.
### mwldeppc.exe Linker Warning:
#   Section '.ignored' is unknown. Section ignored.
### mwldeppc.exe Linker Warning:
#   Section '.ignored' is unknown. Section ignored.
### mwldeppc.exe Linker Warning:
#   Section '.ignored' is unknown. Section ignored.
### mwldeppc.exe Linker Warning:
#   Section '.ignored' is unknown. Section ignored.
### mwldeppc.exe Linker Warning:
#   Section '.ignored' is unknown. Section ignored.
### mwldeppc.exe Linker Warning:
#   Section '.ignored' is unknown. Section ignored.
### mwldeppc.exe Linker Warning:
#   Section '.ignored' is unknown. Section ignored.
### mwldeppc.exe Linker Warning:
#   Section '.ignored' is unknown. Section ignored.
### mwldeppc.exe Linker Warning:
#   Section '.ignored' is unknown. Section ignored.
### mwldeppc.exe Linker Warning:
#   Section '.ignored' is unknown. Section ignored.
### mwldeppc.exe Linker Warning:
#   Section '.ignored' is unknown. Section ignored.
### mwldeppc.exe Linker Warning:
#   Section '.ignored' is unknown. Section ignored.
### mwldeppc.exe Linker Warning:
#   Section '.ignored' is unknown. Section ignored.
### mwldeppc.exe Linker Warning:
#   Section '.ignored' is unknown. Section ignored.
### mwldeppc.exe Linker Warning:
#   Section '.ignored' is unknown. Section ignored.
### mwldeppc.exe Linker Warning:
#   Section '.ignored' is unknown. Section ignored.
### mwldeppc.exe Linker Warning:
#   Section '.ignored' is unknown. Section ignored.
### mwldeppc.exe Linker Warning:
#   Section '.ignored' is unknown. Section ignored.
### mwldeppc.exe Linker Warning:
#   Section '.ignored' is unknown. Section ignored.
### mwldeppc.exe Linker Warning:
#   Section '.ignored' is unknown. Section ignored.
### mwldeppc.exe Linker Warning:
#   Section '.ignored' is unknown. Section ignored.
### mwldeppc.exe Linker Warning:
#   Section '.ignored' is unknown. Section ignored.
### mwldeppc.exe Linker Warning:
#   Section '.ignored' is unknown. Section ignored.
### mwldeppc.exe Linker Warning:
#   Section '.ignored' is unknown. Section ignored.
### mwldeppc.exe Linker Warning:
#   Section '.ignored' is unknown. Section ignored.
### mwldeppc.exe Linker Warning:
#   Section '.ignored' is unknown. Section ignored.
### mwldeppc.exe Linker Warning:
#   Section '.ignored' is unknown. Section ignored.
### mwldeppc.exe Linker Warning:
#   Section '.ignored' is unknown. Section ignored.
### mwldeppc.exe Linker Warning:
#   Section '.ignored' is unknown. Section ignored.
### mwldeppc.exe Linker Warning:
#   Section '.ignored' is unknown. Section ignored.
### mwldeppc.exe Linker Warning:
#   Section '.ignored' is unknown. Section ignored.
### mwldeppc.exe Linker Warning:
#   Section '.ignored' is unknown. Section ignored.
### mwldeppc.exe Linker Warning:
#   Section '.ignored' is unknown. Section ignored.
### mwldeppc.exe Linker Warning:
#   Section '.ignored' is unknown. Section ignored.
### mwldeppc.exe Linker Warning:
#   Section '.ignored' is unknown. Section ignored.
### mwldeppc.exe Linker Warning:
#   Section '.ignored' is unknown. Section ignored.
### mwldeppc.exe Linker Warning:
#   Section '.ignored' is unknown. Section ignored.
### mwldeppc.exe Linker Warning:
#   Section '.ignored' is unknown. Section ignored.
### mwldeppc.exe Linker Warning:
#   Section '.ignored' is unknown. Section ignored.
### mwldeppc.exe Linker Warning:
#   Section '.ignored' is unknown. Section ignored.
### mwldeppc.exe Linker Warning:
#   Section '.ignored' is unknown. Section ignored.
### mwldeppc.exe Linker Warning:
#   Section '.ignored' is unknown. Section ignored.
### mwldeppc.exe Linker Warning:
#   Section '.ignored' is unknown. Section ignored.
### mwldeppc.exe Linker Warning:
#   Section '.ignored' is unknown. Section ignored.
### mwldeppc.exe Linker Warning:
#   Section '.ignored' is unknown. Section ignored.
### mwldeppc.exe Linker Warning:
#   Section '.ignored' is unknown. Section ignored.
### mwldeppc.exe Linker Warning:
#   Section '.ignored' is unknown. Section ignored.
### mwldeppc.exe Linker Warning:
#   Section '.ignored' is unknown. Section ignored.
### mwldeppc.exe Linker Warning:
#   Section '.ignored' is unknown. Section ignored.
### mwldeppc.exe Linker Warning:
#   Section '.ignored' is unknown. Section ignored.
### mwldeppc.exe Linker Warning:
#   Section '.ignored' is unknown. Section ignored.
### mwldeppc.exe Linker Warning:
#   Section '.ignored' is unknown. Section ignored.
### mwldeppc.exe Linker Warning:
#   Section '.ignored' is unknown. Section ignored.
### mwldeppc.exe Linker Warning:
#   Section '.ignored' is unknown. Section ignored.
### mwldeppc.exe Linker Warning:
#   Section '.ignored' is unknown. Section ignored.
### mwldeppc.exe Linker Warning:
#   Section '.ignored' is unknown. Section ignored.
### mwldeppc.exe Linker Warning:
#   Section '.ignored' is unknown. Section ignored.
### mwldeppc.exe Linker Warning:
#   Section '.ignored' is unknown. Section ignored.
### mwldeppc.exe Linker Warning:
#   Section '.ignored' is unknown. Section ignored.
### mwldeppc.exe Linker Warning:
#   Section '.ignored' is unknown. Section ignored.
### mwldeppc.exe Linker Warning:
#   Section '.ignored' is unknown. Section ignored.
### mwldeppc.exe Linker Warning:
#   Section '.ignored' is unknown. Section ignored.
### mwldeppc.exe Linker Warning:
#   Section '.ignored' is unknown. Section ignored.
### mwldeppc.exe Linker Warning:
#   Section '.ignored' is unknown. Section ignored.
### mwldeppc.exe Linker Warning:
#   Section '.ignored' is unknown. Section ignored.
### mwldeppc.exe Linker Warning:
#   Section '.ignored' is unknown. Section ignored.
### mwldeppc.exe Linker Warning:
#   Section '.ignored' is unknown. Section ignored.
### mwldeppc.exe Linker Warning:
#   Section '.ignored' is unknown. Section ignored.
### mwldeppc.exe Linker Warning:
#   Section '.ignored' is unknown. Section ignored.
### mwldeppc.exe Linker Warning:
#   Section '.ignored' is unknown. Section ignored.
### mwldeppc.exe Linker Warning:
#   Section '.ignored' is unknown. Section ignored.
### mwldeppc.exe Linker Warning:
#   Section '.ignored' is unknown. Section ignored.
### mwldeppc.exe Linker Warning:
#   Section '.ignored' is unknown. Section ignored.
### mwldeppc.exe Linker Warning:
#   Section '.ignored' is unknown. Section ignored.
### mwldeppc.exe Linker Warning:
#   Section '.ignored' is unknown. Section ignored.
### mwldeppc.exe Linker Warning:
#   Section '.ignored' is unknown. Section ignored.
### mwldeppc.exe Linker Warning:
#   Section '.ignored' is unknown. Section ignored.
### mwldeppc.exe Linker Warning:
#   Section '.ignored' is unknown. Section ignored.
### mwldeppc.exe Linker Warning:
#   Section '.ignored' is unknown. Section ignored.
### mwldeppc.exe Linker Warning:
#   Section '.ignored' is unknown. Section ignored.
### mwldeppc.exe Linker Warning:
#   Section '.ignored' is unknown. Section ignored.
### mwldeppc.exe Linker Warning:
#   Section '.ignored' is unknown. Section ignored.
### mwldeppc.exe Linker Warning:
#   Section '.ignored' is unknown. Section ignored.
### mwldeppc.exe Linker Warning:
#   Section '.ignored' is unknown. Section ignored.
### mwldeppc.exe Linker Warning:
#   Section '.ignored' is unknown. Section ignored.
### mwldeppc.exe Linker Warning:
#   Section '.ignored' is unknown. Section ignored.
### mwldeppc.exe Linker Warning:
#   Section '.ignored' is unknown. Section ignored.
### mwldeppc.exe Linker Warning:
#   Section '.ignored' is unknown. Section ignored.
### mwldeppc.exe Linker Warning:
#   Section '.ignored' is unknown. Section ignored.
### mwldeppc.exe Linker Warning:
#   Section '.ignored' is unknown. Section ignored.
### mwldeppc.exe Linker Warning:
#   Section '.ignored' is unknown. Section ignored.
### mwldeppc.exe Linker Warning:
#   Section '.ignored' is unknown. Section ignored.
### mwldeppc.exe Linker Warning:
#   Section '.ignored' is unknown. Section ignored.
### mwldeppc.exe Linker Warning:
#   Section '.ignored' is unknown. Section ignored.
### mwldeppc.exe Linker Warning:
#   Section '.ignored' is unknown. Section ignored.
### mwldeppc.exe Linker Warning:
#   Section '.ignored' is unknown. Section ignored.
### mwldeppc.exe Linker Warning:
#   Section '.ignored' is unknown. Section ignored.
### mwldeppc.exe Linker Warning:
#   Section '.ignored' is unknown. Section ignored.
### mwldeppc.exe Linker Warning:
#   Section '.ignored' is unknown. Section ignored.
### mwldeppc.exe Linker Warning:
#   Section '.ignored' is unknown. Section ignored.
### mwldeppc.exe Linker Warning:
#   Section '.ignored' is unknown. Section ignored.
### mwldeppc.exe Linker Warning:
#   Section '.ignored' is unknown. Section ignored.
### mwldeppc.exe Linker Warning:
#   Section '.ignored' is unknown. Section ignored.
### mwldeppc.exe Linker Warning:
#   Section '.ignored' is unknown. Section ignored.
### mwldeppc.exe Linker Warning:
#   Section '.ignored' is unknown. Section ignored.
### mwldeppc.exe Linker Warning:
#   Section '.ignored' is unknown. Section ignored.
### mwldeppc.exe Linker Warning:
#   Section '.ignored' is unknown. Section ignored.
### mwldeppc.exe Linker Warning:
#   Section '.ignored' is unknown. Section ignored.
### mwldeppc.exe Linker Warning:
#   Section '.ignored' is unknown. Section ignored.
### mwldeppc.exe Linker Warning:
#   Section '.ignored' is unknown. Section ignored.
### mwldeppc.exe Linker Warning:
#   Section '.ignored' is unknown. Section ignored.
### mwldeppc.exe Linker Warning:
#   Section '.ignored' is unknown. Section ignored.
### mwldeppc.exe Linker Warning:
#   Section '.ignored' is unknown. Section ignored.
### mwldeppc.exe Linker Warning:
#   Section '.ignored' is unknown. Section ignored.
### mwldeppc.exe Linker Warning:
#   Section '.ignored' is unknown. Section ignored.
### mwldeppc.exe Linker Warning:
#   Section '.ignored' is unknown. Section ignored.
### mwldeppc.exe Linker Warning:
#   Section '.ignored' is unknown. Section ignored.
### mwldeppc.exe Linker Warning:
#   Section '.ignored' is unknown. Section ignored.
### mwldeppc.exe Linker Warning:
#   Section '.ignored' is unknown. Section ignored.
### mwldeppc.exe Linker Warning:
#   Section '.ignored' is unknown. Section ignored.
### mwldeppc.exe Linker Warning:
#   Section '.ignored' is unknown. Section ignored.
### mwldeppc.exe Linker Warning:
#   Section '.ignored' is unknown. Section ignored.
### mwldeppc.exe Linker Warning:
#   Section '.ignored' is unknown. Section ignored.
### mwldeppc.exe Linker Warning:
#   Section '.ignored' is unknown. Section ignored.
### mwldeppc.exe Linker Warning:
#   Section '.ignored' is unknown. Section ignored.
### mwldeppc.exe Linker Warning:
#   Section '.ignored' is unknown. Section ignored.
### mwldeppc.exe Linker Warning:
#   Section '.ignored' is unknown. Section ignored.
### mwldeppc.exe Linker Warning:
#   Section '.ignored' is unknown. Section ignored.
### mwldeppc.exe Linker Warning:
#   Section '.ignored' is unknown. Section ignored.
### mwldeppc.exe Linker Warning:
#   Section '.ignored' is unknown. Section ignored.
### mwldeppc.exe Linker Warning:
#   Section '.ignored' is unknown. Section ignored.
### mwldeppc.exe Linker Warning:
#   Section '.ignored' is unknown. Section ignored.
### mwldeppc.exe Linker Warning:
#   Section '.ignored' is unknown. Section ignored.
### mwldeppc.exe Linker Warning:
#   Section '.ignored' is unknown. Section ignored.
### mwldeppc.exe Linker Warning:
#   Section '.ignored' is unknown. Section ignored.
### mwldeppc.exe Linker Warning:
#   Section '.ignored' is unknown. Section ignored.
### mwldeppc.exe Linker Warning:
#   Section '.ignored' is unknown. Section ignored.
### mwldeppc.exe Linker Warning:
#   Section '.ignored' is unknown. Section ignored.
### mwldeppc.exe Linker Warning:
#   Section '.ignored' is unknown. Section ignored.
### mwldeppc.exe Linker Warning:
#   Section '.ignored' is unknown. Section ignored.
### mwldeppc.exe Linker Warning:
#   Section '.ignored' is unknown. Section ignored.
### mwldeppc.exe Linker Warning:
#   Section '.ignored' is unknown. Section ignored.
### mwldeppc.exe Linker Warning:
#   Section '.ignored' is unknown. Section ignored.
### mwldeppc.exe Linker Warning:
#   Section '.ignored' is unknown. Section ignored.
### mwldeppc.exe Linker Warning:
#   Section '.ignored' is unknown. Section ignored.
### mwldeppc.exe Linker Warning:
#   Section '.ignored' is unknown. Section ignored.
### mwldeppc.exe Linker Warning:
#   Section '.ignored' is unknown. Section ignored.
### mwldeppc.exe Linker Warning:
#   Section '.ignored' is unknown. Section ignored.
### mwldeppc.exe Linker Warning:
#   Section '.ignored' is unknown. Section ignored.
### mwldeppc.exe Linker Warning:
#   Section '.ignored' is unknown. Section ignored.
### mwldeppc.exe Linker Warning:
#   Section '.ignored' is unknown. Section ignored.
### mwldeppc.exe Linker Warning:
#   Section '.ignored' is unknown. Section ignored.
### mwldeppc.exe Linker Warning:
#   Section '.ignored' is unknown. Section ignored.
### mwldeppc.exe Linker Warning:
#   Section '.ignored' is unknown. Section ignored.
### mwldeppc.exe Linker Warning:
#   Section '.ignored' is unknown. Section ignored.
### mwldeppc.exe Linker Warning:
#   Section '.ignored' is unknown. Section ignored.
### mwldeppc.exe Linker Warning:
#   Section '.ignored' is unknown. Section ignored.
### mwldeppc.exe Linker Warning:
#   Section '.ignored' is unknown. Section ignored.
### mwldeppc.exe Linker Warning:
#   Section '.ignored' is unknown. Section ignored.
### mwldeppc.exe Linker Warning:
#   Section '.ignored' is unknown. Section ignored.
### mwldeppc.exe Linker Warning:
#   Section '.ignored' is unknown. Section ignored.
### mwldeppc.exe Linker Warning:
#   Section '.ignored' is unknown. Section ignored.
### mwldeppc.exe Linker Warning:
#   Section '.ignored' is unknown. Section ignored.
### mwldeppc.exe Linker Warning:
#   Section '.ignored' is unknown. Section ignored.
### mwldeppc.exe Linker Warning:
#   Section '.ignored' is unknown. Section ignored.
### mwldeppc.exe Linker Warning:
#   Section '.ignored' is unknown. Section ignored.
### mwldeppc.exe Linker Warning:
#   Section '.ignored' is unknown. Section ignored.
### mwldeppc.exe Linker Warning:
#   Section '.ignored' is unknown. Section ignored.
### mwldeppc.exe Linker Warning:
#   Section '.ignored' is unknown. Section ignored.
### mwldeppc.exe Linker Warning:
#   Section '.ignored' is unknown. Section ignored.
### mwldeppc.exe Linker Warning:
#   Section '.ignored' is unknown. Section ignored.
### mwldeppc.exe Linker Warning:
#   Section '.ignored' is unknown. Section ignored.
### mwldeppc.exe Linker Warning:
#   Section '.ignored' is unknown. Section ignored.
### mwldeppc.exe Linker Warning:
#   Section '.ignored' is unknown. Section ignored.
### mwldeppc.exe Linker Warning:
#   Section '.ignored' is unknown. Section ignored.
### mwldeppc.exe Linker Warning:
#   Section '.ignored' is unknown. Section ignored.
### mwldeppc.exe Linker Warning:
#   Section '.ignored' is unknown. Section ignored.
### mwldeppc.exe Linker Warning:
#   Section '.ignored' is unknown. Section ignored.
### mwldeppc.exe Linker Warning:
#   Section '.ignored' is unknown. Section ignored.
### mwldeppc.exe Linker Warning:
#   Section '.ignored' is unknown. Section ignored.
### mwldeppc.exe Linker Warning:
#   Section '.ignored' is unknown. Section ignored.
### mwldeppc.exe Linker Warning:
#   Section '.ignored' is unknown. Section ignored.
### mwldeppc.exe Linker Warning:
#   Section '.ignored' is unknown. Section ignored.
### mwldeppc.exe Linker Warning:
#   Section '.ignored' is unknown. Section ignored.
### mwldeppc.exe Linker Warning:
#   Section '.ignored' is unknown. Section ignored.
### mwldeppc.exe Linker Warning:
#   Section '.ignored' is unknown. Section ignored.
### mwldeppc.exe Linker Warning:
#   Section '.ignored' is unknown. Section ignored.
### mwldeppc.exe Linker Warning:
#   Section '.ignored' is unknown. Section ignored.
### mwldeppc.exe Linker Warning:
#   Section '.ignored' is unknown. Section ignored.
### mwldeppc.exe Linker Warning:
#   Section '.ignored' is unknown. Section ignored.
### mwldeppc.exe Linker Warning:
#   Section '.ignored' is unknown. Section ignored.
### mwldeppc.exe Linker Warning:
#   Section '.ignored' is unknown. Section ignored.
### mwldeppc.exe Linker Warning:
#   Section '.ignored' is unknown. Section ignored.
### mwldeppc.exe Linker Warning:
#   Section '.ignored' is unknown. Section ignored.
### mwldeppc.exe Linker Warning:
#   Section '.ignored' is unknown. Section ignored.
### mwldeppc.exe Linker Warning:
#   Section '.ignored' is unknown. Section ignored.
### mwldeppc.exe Linker Warning:
#   Section '.ignored' is unknown. Section ignored.
### mwldeppc.exe Linker Warning:
#   Section '.ignored' is unknown. Section ignored.
### mwldeppc.exe Linker Warning:
#   Section '.ignored' is unknown. Section ignored.
### mwldeppc.exe Linker Warning:
#   Section '.ignored' is unknown. Section ignored.
### mwldeppc.exe Linker Warning:
#   Section '.ignored' is unknown. Section ignored.
### mwldeppc.exe Linker Warning:
#   Section '.ignored' is unknown. Section ignored.
### mwldeppc.exe Linker Warning:
#   Section '.ignored' is unknown. Section ignored.
### mwldeppc.exe Linker Warning:
#   Section '.ignored' is unknown. Section ignored.
### mwldeppc.exe Linker Warning:
#   Section '.ignored' is unknown. Section ignored.
### mwldeppc.exe Linker Warning:
#   Section '.ignored' is unknown. Section ignored.
### mwldeppc.exe Linker Warning:
#   Section '.ignored' is unknown. Section ignored.
### mwldeppc.exe Linker Warning:
#   Section '.ignored' is unknown. Section ignored.
### mwldeppc.exe Linker Warning:
#   Section '.ignored' is unknown. Section ignored.
### mwldeppc.exe Linker Warning:
#   Section '.ignored' is unknown. Section ignored.
### mwldeppc.exe Linker Warning:
#   Section '.ignored' is unknown. Section ignored.
### mwldeppc.exe Linker Warning:
#   Section '.ignored' is unknown. Section ignored.
### mwldeppc.exe Linker Warning:
#   Section '.ignored' is unknown. Section ignored.
### mwldeppc.exe Linker Warning:
#   Section '.ignored' is unknown. Section ignored.
### mwldeppc.exe Linker Warning:
#   Section '.ignored' is unknown. Section ignored.
### mwldeppc.exe Linker Warning:
#   Section '.ignored' is unknown. Section ignored.
### mwldeppc.exe Linker Warning:
#   Section '.ignored' is unknown. Section ignored.
### mwldeppc.exe Linker Warning:
#   Section '.ignored' is unknown. Section ignored.
### mwldeppc.exe Linker Warning:
#   Section '.ignored' is unknown. Section ignored.
### mwldeppc.exe Linker Warning:
#   Section '.ignored' is unknown. Section ignored.
### mwldeppc.exe Linker Warning:
#   Section '.ignored' is unknown. Section ignored.
### mwldeppc.exe Linker Warning:
#   Section '.ignored' is unknown. Section ignored.
### mwldeppc.exe Linker Warning:
#   Section '.ignored' is unknown. Section ignored.
### mwldeppc.exe Linker Warning:
#   Section '.ignored' is unknown. Section ignored.
### mwldeppc.exe Linker Warning:
#   Section '.ignored' is unknown. Section ignored.
### mwldeppc.exe Linker Warning:
#   Section '.ignored' is unknown. Section ignored.
### mwldeppc.exe Linker Warning:
#   Section '.ignored' is unknown. Section ignored.
### mwldeppc.exe Linker Warning:
#   Section '.ignored' is unknown. Section ignored.
[971/973] DOL build/GEDE01/main.dol
[972/973] CHECK config/GEDE01/build.sha1
build/GEDE01/main.dol: OK
[973/973] PROGRESS
Progress:
  All: 61.17% fuzzy, 52.02% matched, 51.94% linked (6400 / 7094 files)
    Code: 1196812 / 2300692 bytes (6167 / 8214 functions)
    Data: 39886 / 4305642 bytes (0.93%)
  Game Code: 98.04% fuzzy, 83.34% matched, 83.22% linked (6382 / 6658 files)
    Code: 1193784 / 1432424 bytes (6105 / 6379 functions)
    Data: 39662 / 40542 bytes (97.83%)
  SDK/Runtime: 100.00% fuzzy, 100.00% matched, 100.00% linked (18 / 18 files)
    Code: 3028 / 3028 bytes (62 / 62 functions)
    Data: 224 / 224 bytes (100.00%)
