[1/966] MWCC build/GEDE01/src/game/game_fn_80008014.o
[2/966] MWCC build/GEDE01/src/game/game_fn_800094C0.o
[3/966] MWCC build/GEDE01/src/game/game_fn_800096E0.o
[4/966] MWCC build/GEDE01/src/game/game_fn_800098C0.o
[5/966] MWCC build/GEDE01/src/game/game_fn_800099D8.o
[6/966] MWCC build/GEDE01/src/game/game_fn_80009AB4.o
[7/966] MWCC build/GEDE01/src/game/game_fn_8000A26C.o
[8/966] MWCC build/GEDE01/src/game/game_fn_8000AC88.o
[9/966] MWCC build/GEDE01/src/game/game_fn_8000AEB4.o
[10/966] MWCC build/GEDE01/src/game/game_fn_8000AFB4.o
[11/966] MWCC build/GEDE01/src/game/game_fn_8000B1B8.o
[12/966] MWCC build/GEDE01/src/game/game_fn_8000B36C.o
[13/966] MWCC build/GEDE01/src/game/game_fn_8000B630.o
[14/966] MWCC build/GEDE01/src/game/game_fn_8000B7FC.o
[15/966] MWCC build/GEDE01/src/game/game_fn_8000B900.o
[16/966] MWCC build/GEDE01/src/game/game_fn_8000BA0C.o
[17/966] MWCC build/GEDE01/src/game/game_fn_8000BAA0.o
[18/966] MWCC build/GEDE01/src/game/game_fn_8000BC40.o
[19/966] MWCC build/GEDE01/src/game/game_fn_8000C06C.o
[20/966] MWCC build/GEDE01/src/game/game_fn_8000C17C.o
[21/966] MWCC build/GEDE01/src/game/game_fn_8000C400.o
[22/966] MWCC build/GEDE01/src/game/game_fn_8000C848.o
[23/966] MWCC build/GEDE01/src/game/game_fn_8000C91C.o
[24/966] MWCC build/GEDE01/src/game/game_fn_8000D0BC.o
[25/966] MWCC build/GEDE01/src/game/game_fn_8000D3D4.o
[26/966] MWCC build/GEDE01/src/game/game_fn_8000D590.o
[27/966] MWCC build/GEDE01/src/game/game_fn_8000D8A4.o
[28/966] MWCC build/GEDE01/src/game/game_fn_8000DA50.o
[29/966] MWCC build/GEDE01/src/game/game_fn_8000DAF4.o
[30/966] MWCC build/GEDE01/src/game/game_fn_8000E054.o
[31/966] MWCC build/GEDE01/src/game/game_fn_8000E0AC.o
[32/966] MWCC build/GEDE01/src/game/game_fn_8000E138.o
[33/966] MWCC build/GEDE01/src/game/game_fn_8000E1C4.o
[34/966] MWCC build/GEDE01/src/game/game_fn_8000E96C.o
[35/966] MWCC build/GEDE01/src/game/game_fn_8000EB14.o
[36/966] MWCC build/GEDE01/src/game/game_fn_8000EBD4.o
[37/966] MWCC build/GEDE01/src/game/game_fn_8000ED44.o
[38/966] MWCC build/GEDE01/src/game/game_fn_8000EFC4.o
[39/966] MWCC build/GEDE01/src/game/game_fn_8000F4B0.o
[40/966] MWCC build/GEDE01/src/game/game_fn_8000F774.o
[41/966] MWCC build/GEDE01/src/game/game_fn_8000FDE8.o
[42/966] MWCC build/GEDE01/src/game/game_fn_8000FFD8.o
[43/966] MWCC build/GEDE01/src/game/game_fn_800119FC.o
[44/966] MWCC build/GEDE01/src/game/game_fn_80012DA8.o
[45/966] MWCC build/GEDE01/src/game/game_fn_80012F40.o
[46/966] MWCC build/GEDE01/src/game/game_fn_80012FD0.o
[47/966] MWCC build/GEDE01/src/game/game_fn_800131E8.o
[48/966] MWCC build/GEDE01/src/game/game_fn_80013340.o
[49/966] MWCC build/GEDE01/src/game/game_fn_80013870.o
[50/966] MWCC build/GEDE01/src/game/game_fn_80013CB0.o
[51/966] MWCC build/GEDE01/src/game/game_fn_80013D54.o
[52/966] MWCC build/GEDE01/src/game/game_fn_800142DC.o
[53/966] MWCC build/GEDE01/src/game/game_fn_800144CC.o
[54/966] MWCC build/GEDE01/src/game/game_fn_80014784.o
[55/966] MWCC build/GEDE01/src/game/game_fn_800149D4.o
[56/966] MWCC build/GEDE01/src/game/game_fn_80015058.o
[57/966] MWCC build/GEDE01/src/game/game_fn_80015320.o
[58/966] MWCC build/GEDE01/src/game/game_fn_80015568.o
[59/966] MWCC build/GEDE01/src/game/game_fn_800156FC.o
[60/966] MWCC build/GEDE01/src/game/game_fn_80015BE0.o
[61/966] MWCC build/GEDE01/src/game/game_fn_80015D40.o
[62/966] MWCC build/GEDE01/src/game/game_fn_80015F04.o
[63/966] MWCC build/GEDE01/src/game/game_fn_80016128.o
[64/966] MWCC build/GEDE01/src/game/game_fn_80016270.o
[65/966] MWCC build/GEDE01/src/game/game_fn_80016904.o
[66/966] MWCC build/GEDE01/src/game/game_fn_80016B24.o
[67/966] MWCC build/GEDE01/src/game/game_fn_800171C0.o
[68/966] MWCC build/GEDE01/src/game/game_fn_800173CC.o
[69/966] MWCC build/GEDE01/src/game/game_fn_800176F0.o
[70/966] MWCC build/GEDE01/src/game/game_fn_80017910.o
[71/966] MWCC build/GEDE01/src/game/game_fn_800179AC.o
[72/966] MWCC build/GEDE01/src/game/game_fn_80017A3C.o
[73/966] MWCC build/GEDE01/src/game/game_fn_80017AE4.o
[74/966] MWCC build/GEDE01/src/game/game_fn_80017C3C.o
[75/966] MWCC build/GEDE01/src/game/game_fn_80017CC8.o
[76/966] MWCC build/GEDE01/src/game/game_fn_80017DB0.o
[77/966] MWCC build/GEDE01/src/game/game_fn_80019054.o
[78/966] MWCC build/GEDE01/src/game/game_fn_80018EF4.o
[79/966] MWCC build/GEDE01/src/game/game_fn_80019244.o
[80/966] MWCC build/GEDE01/src/game/game_fn_800194D0.o
[81/966] MWCC build/GEDE01/src/game/game_fn_80019940.o
[82/966] MWCC build/GEDE01/src/game/game_fn_80019C10.o
[83/966] MWCC build/GEDE01/src/game/game_fn_80019D2C.o
[84/966] MWCC build/GEDE01/src/game/game_fn_80019F98.o
[85/966] MWCC build/GEDE01/src/game/game_fn_8001AAB8.o
[86/966] MWCC build/GEDE01/src/game/game_fn_8001A6C4.o
[87/966] MWCC build/GEDE01/src/game/game_fn_8001ADF8.o
[88/966] MWCC build/GEDE01/src/game/game_fn_8001AF68.o
[89/966] MWCC build/GEDE01/src/game/game_fn_8001B124.o
[90/966] MWCC build/GEDE01/src/game/game_fn_8001B294.o
[91/966] MWCC build/GEDE01/src/game/game_fn_8001B808.o
[92/966] MWCC build/GEDE01/src/game/game_fn_8001B874.o
[93/966] MWCC build/GEDE01/src/game/game_fn_8001CA04.o
[94/966] MWCC build/GEDE01/src/game/game_fn_8001C078.o
[95/966] MWCC build/GEDE01/src/game/game_fn_8001CE94.o
[96/966] MWCC build/GEDE01/src/game/game_fn_8001CD58.o
[97/966] MWCC build/GEDE01/src/game/game_fn_8001E644.o
[98/966] MWCC build/GEDE01/src/game/game_fn_8001FE1C.o
[99/966] MWCC build/GEDE01/src/game/game_fn_80020E94.o
[100/966] MWCC build/GEDE01/src/game/game_fn_80024F28.o
[101/966] MWCC build/GEDE01/src/game/game_fn_800272B4.o
[102/966] MWCC build/GEDE01/src/game/game_fn_8002B748.o
[103/966] MWCC build/GEDE01/src/game/game_fn_8002DAE0.o
[104/966] MWCC build/GEDE01/src/game/game_fn_8002E3F0.o
[105/966] MWCC build/GEDE01/src/game/game_fn_8002EA68.o
[106/966] MWCC build/GEDE01/src/game/game_fn_8002F428.o
[107/966] MWCC build/GEDE01/src/game/game_fn_80031544.o
[108/966] MWCC build/GEDE01/src/game/game_fn_8003232C.o
[109/966] MWCC build/GEDE01/src/game/game_fn_80032B84.o
[110/966] MWCC build/GEDE01/src/game/game_fn_80033038.o
[111/966] MWCC build/GEDE01/src/game/game_fn_80033180.o
[112/966] MWCC build/GEDE01/src/game/game_fn_800359A0.o
[113/966] MWCC build/GEDE01/src/game/game_fn_800361F8.o
[114/966] MWCC build/GEDE01/src/game/game_fn_80036C40.o
[115/966] MWCC build/GEDE01/src/game/game_fn_80038878.o
[116/966] MWCC build/GEDE01/src/game/game_fn_80048ADC.o
[117/966] MWCC build/GEDE01/src/game/game_fn_80048B24.o
[118/966] MWCC build/GEDE01/src/game/game_fn_8004998C.o
[119/966] MWCC build/GEDE01/src/game/game_fn_80050B08.o
[120/966] MWCC build/GEDE01/src/game/game_fn_80052310.o
[121/966] MWCC build/GEDE01/src/game/game_fn_800542D0.o
[122/966] MWCC build/GEDE01/src/game/game_fn_8005EC6C.o
[123/966] MWCC build/GEDE01/src/game/game_fn_8005EE9C.o
[124/966] MWCC build/GEDE01/src/game/game_fn_8005EF94.o
[125/966] MWCC build/GEDE01/src/game/game_data_80239E10.o
[126/966] MWCC build/GEDE01/src/game/game_data_80239E18.o
[127/966] MWCC build/GEDE01/src/game/game_fn_8005FD84.o
[128/966] MWCC build/GEDE01/src/game/game_fn_80066888.o
[129/966] MWCC build/GEDE01/src/game/game_fn_80066E78.o
[130/966] MWCC build/GEDE01/src/game/game_fn_8006B0F0.o
[131/966] MWCC build/GEDE01/src/game/game_fn_8006B620.o
[132/966] MWCC build/GEDE01/src/game/game_fn_8006E53C.o
[133/966] MWCC build/GEDE01/src/game/game_fn_80071A58.o
[134/966] MWCC build/GEDE01/src/game/game_fn_80074310.o
[135/966] MWCC build/GEDE01/src/game/game_fn_80078500.o
[136/966] MWCC build/GEDE01/src/game/game_fn_80079908.o
[137/966] MWCC build/GEDE01/src/game/game_fn_80079AA4.o
[138/966] MWCC build/GEDE01/src/game/game_fn_8007B2F4.o
[139/966] MWCC build/GEDE01/src/game/game_fn_8007B540.o
[140/966] MWCC build/GEDE01/src/game/game_fn_8007B640.o
[141/966] MWCC build/GEDE01/src/game/game_fn_8007B828.o
[142/966] MWCC build/GEDE01/src/game/game_fn_8007BA3C.o
[143/966] MWCC build/GEDE01/src/game/game_fn_8007D4D8.o
[144/966] MWCC build/GEDE01/src/game/game_fn_8007F770.o
[145/966] MWCC build/GEDE01/src/game/game_fn_80088060.o
[146/966] MWCC build/GEDE01/src/game/game_fn_800886D8.o
[147/966] MWCC build/GEDE01/src/game/game_fn_80088F4C.o
[148/966] MWCC build/GEDE01/src/game/game_fn_80089A34.o
[149/966] MWCC build/GEDE01/src/game/game_fn_8008A2E0.o
[150/966] MWCC build/GEDE01/src/game/game_fn_8008F224.o
[151/966] MWCC build/GEDE01/src/game/game_fn_8008F890.o
[152/966] MWCC build/GEDE01/src/game/game_fn_80090004.o
[153/966] MWCC build/GEDE01/src/game/game_fn_800934A0.o
[154/966] MWCC build/GEDE01/src/game/game_fn_80095D10.o
[155/966] MWCC build/GEDE01/src/game/game_fn_80095E64.o
[156/966] MWCC build/GEDE01/src/game/game_fn_80095FDC.o
[157/966] MWCC build/GEDE01/src/game/game_fn_80096830.o
[158/966] MWCC build/GEDE01/src/game/game_fn_8009C424.o
[159/966] MWCC build/GEDE01/src/game/game_fn_8009E808.o
[160/966] MWCC build/GEDE01/src/game/game_fn_800A2130.o
[161/966] MWCC build/GEDE01/src/game/game_fn_800A2B8C.o
[162/966] MWCC build/GEDE01/src/game/game_fn_800A2FCC.o
[163/966] MWCC build/GEDE01/src/game/game_fn_800A3180.o
[164/966] MWCC build/GEDE01/src/game/game_fn_800A3894.o
[165/966] MWCC build/GEDE01/src/game/game_fn_800A4428.o
[166/966] MWCC build/GEDE01/src/game/game_fn_800A4798.o
[167/966] MWCC build/GEDE01/src/game/game_fn_800A7E88.o
[168/966] MWCC build/GEDE01/src/game/game_fn_800AF230.o
[169/966] MWCC build/GEDE01/src/game/game_fn_800B2EC0.o
[170/966] MWCC build/GEDE01/src/game/game_fn_800BB5C4.o
[171/966] MWCC build/GEDE01/src/game/game_fn_800BB7A8.o
[172/966] MWCC build/GEDE01/src/game/game_fn_800BB9A4.o
[173/966] MWCC build/GEDE01/src/game/game_fn_800BBAF0.o
[174/966] MWCC build/GEDE01/src/game/game_fn_800C030C.o
[175/966] MWCC build/GEDE01/src/game/game_fn_800C17EC.o
[176/966] MWCC build/GEDE01/src/game/game_fn_800C59F0.o
[177/966] MWCC build/GEDE01/src/game/game_fn_800C644C.o
[178/966] MWCC build/GEDE01/src/game/game_fn_800C65FC.o
[179/966] MWCC build/GEDE01/src/game/game_fn_800C9C60.o
[180/966] MWCC build/GEDE01/src/game/game_fn_800CB760.o
[181/966] MWCC build/GEDE01/src/game/game_fn_800CB8F4.o
[182/966] MWCC build/GEDE01/src/game/game_fn_800CF598.o
[183/966] MWCC build/GEDE01/src/game/game_fn_800D9064.o
[184/966] MWCC build/GEDE01/src/game/game_fn_800D9E10.o
[185/966] MWCC build/GEDE01/src/game/game_fn_800DC4D4.o
[186/966] MWCC build/GEDE01/src/game/game_fn_800E4980.o
[187/966] MWCC build/GEDE01/src/game/game_TRKNubWelcome.o
[188/966] MWCC build/GEDE01/src/game/game_TRK_main.o
[189/966] MWCC build/GEDE01/src/game/game_InitMetroTRKCommTable.o
[190/966] MWCC build/GEDE01/src/game/game_fn_800FD0C8.o
[191/966] MWCC build/GEDE01/src/game/game_fn_8010242C.o
[192/966] MWCC build/GEDE01/src/game/game_fn_801098C0.o
[193/966] MWCC build/GEDE01/src/game/game_fn_8010F184.o
[194/966] MWCC build/GEDE01/src/game/game_fn_801126E0.o
[195/966] MWCC build/GEDE01/src/game/game_fn_801128E4.o
[196/966] MWCC build/GEDE01/src/game/game_fn_801141B8.o
[197/966] MWCC build/GEDE01/src/game/game_fn_80119C70.o
[198/966] MWCC build/GEDE01/src/game/game_fn_8011F140.o
[199/966] MWCC build/GEDE01/src/game/game_fn_801247F8.o
[200/966] MWCC build/GEDE01/src/game/game_fn_80126A00.o
[201/966] MWCC build/GEDE01/src/game/game_fn_8012976C.o
[202/966] MWCC build/GEDE01/src/game/game_fn_8012DB28.o
[203/966] MWCC build/GEDE01/src/game/game_fn_8013D6A4.o
[204/966] MWCC build/GEDE01/src/game/game_fn_8013CBE4.o
[205/966] MWCC build/GEDE01/src/game/game_fn_8014549C.o
[206/966] MWCC build/GEDE01/src/game/game_fn_8013DB8C.o
[207/966] MWCC build/GEDE01/src/game/game_fn_8014AF38.o
[208/966] MWCC build/GEDE01/src/game/game_fn_8014B494.o
[209/966] MWCC build/GEDE01/src/game/game_fn_8014BA14.o
[210/966] MWCC build/GEDE01/src/game/game_fn_8014CA98.o
[211/966] MWCC build/GEDE01/src/game/game_fn_80150400.o
[212/966] MWCC build/GEDE01/src/game/game_fn_80150A24.o
[213/966] MWCC build/GEDE01/src/game/game_fn_80151600.o
[214/966] MWCC build/GEDE01/src/game/game_fn_80150F20.o
[215/966] MWCC build/GEDE01/src/game/game_fn_801535D8.o
[216/966] MWCC build/GEDE01/src/game/game_fn_80151D00.o
[217/966] MWCC build/GEDE01/src/game/game_fn_80153898.o
[218/966] MWCC build/GEDE01/src/game/game_fn_80153A24.o
[219/966] MWCC build/GEDE01/src/game/game_fn_80154F74.o
[220/966] MWCC build/GEDE01/src/game/game_fn_80155814.o
[221/966] MWCC build/GEDE01/src/game/game_fn_80157C0C.o
[222/966] MWCC build/GEDE01/src/game/game_fn_80158B20.o
[223/966] MWCC build/GEDE01/src/game/game_fn_80158D38.o
[224/966] MWCC build/GEDE01/src/game/game_fn_8015DB84.o
[225/966] MWCC build/GEDE01/src/game/game_fn_8015DC54.o
[226/966] MWCC build/GEDE01/src/game/game_fn_8015EDC0.o
[227/966] MWCC build/GEDE01/src/game/game_fn_80167454.o
[228/966] MWCC build/GEDE01/src/game/game_fn_80167B5C.o
[229/966] MWCC build/GEDE01/src/game/game_fn_80169650.o
[230/966] MWCC build/GEDE01/src/game/game_fn_8016BD0C.o
[231/966] MWCC build/GEDE01/src/game/game_fn_8016BE1C.o
[232/966] MWCC build/GEDE01/src/game/game_fn_8016BF60.o
[233/966] MWCC build/GEDE01/src/game/game_fn_8016C0BC.o
[234/966] MWCC build/GEDE01/src/game/game_fn_8016C164.o
[235/966] MWCC build/GEDE01/src/game/game_fn_8016C238.o
[236/966] MWCC build/GEDE01/src/game/game_fn_8016C4BC.o
[237/966] MWCC build/GEDE01/src/game/game_fn_8016C774.o
[238/966] MWCC build/GEDE01/src/game/game_fn_8016D040.o
[239/966] MWCC build/GEDE01/src/game/game_fn_8016D1F8.o
[240/966] MWCC build/GEDE01/src/game/game_fn_8016D2B8.o
[241/966] MWCC build/GEDE01/src/game/game_fn_8016D9C0.o
[242/966] MWCC build/GEDE01/src/game/game_fn_8016DF4C.o
[243/966] MWCC build/GEDE01/src/game/game_fn_8016FEF8.o
[244/966] MWCC build/GEDE01/src/game/game_fn_8016E8F8.o
[245/966] MWCC build/GEDE01/src/game/game_fn_8017038C.o
[246/966] MWCC build/GEDE01/src/game/game_fn_801704F8.o
[247/966] MWCC build/GEDE01/src/game/game_fn_80170A40.o
[248/966] MWCC build/GEDE01/src/game/game_fn_801706DC.o
[249/966] MWCC build/GEDE01/src/game/game_fn_80170DF4.o
[250/966] MWCC build/GEDE01/src/game/game_fn_80170E9C.o
[251/966] MWCC build/GEDE01/src/game/game_fn_8017138C.o
[252/966] MWCC build/GEDE01/src/game/game_fn_80171664.o
[253/966] MWCC build/GEDE01/src/game/game_fn_801718F4.o
[254/966] MWCC build/GEDE01/src/game/game_fn_801719B4.o
[255/966] MWCC build/GEDE01/src/game/game_fn_80171F30.o
[256/966] MWCC build/GEDE01/src/game/game_fn_8017250C.o
[257/966] MWCC build/GEDE01/src/game/game_fn_80172BB0.o
[258/966] MWCC build/GEDE01/src/game/game_fn_801726EC.o
[259/966] MWCC build/GEDE01/src/game/game_fn_80172DB8.o
[260/966] MWCC build/GEDE01/src/game/game_fn_80172C78.o
[261/966] MWCC build/GEDE01/src/game/game_fn_80173270.o
[262/966] MWCC build/GEDE01/src/game/game_fn_801734B4.o
[263/966] MWCC build/GEDE01/src/game/game_fn_80173BDC.o
[264/966] MWCC build/GEDE01/src/game/game_fn_80173770.o
[265/966] MWCC build/GEDE01/src/game/game_fn_80173F04.o
[266/966] MWCC build/GEDE01/src/game/game_fn_80173D44.o
[267/966] MWCC build/GEDE01/src/game/game_fn_80174184.o
[268/966] MWCC build/GEDE01/src/game/game_fn_80174358.o
[269/966] MWCC build/GEDE01/src/game/game_fn_80174F2C.o
[270/966] MWCC build/GEDE01/src/game/game_fn_801752B0.o
[271/966] MWCC build/GEDE01/src/game/game_fn_8017553C.o
[272/966] MWCC build/GEDE01/src/game/game_fn_80175A08.o
[273/966] MWCC build/GEDE01/src/game/game_fn_80175F0C.o
[274/966] MWCC build/GEDE01/src/game/game_fn_80175E64.o
[275/966] MWCC build/GEDE01/src/game/game_fn_80176098.o
[276/966] MWCC build/GEDE01/src/game/game_fn_80175FD4.o
[277/966] MWCC build/GEDE01/src/game/game_fn_80176220.o
[278/966] MWCC build/GEDE01/src/game/game_fn_80176160.o
[279/966] MWCC build/GEDE01/src/game/game_fn_801762E8.o
[280/966] MWCC build/GEDE01/src/game/game_fn_8017652C.o
[281/966] MWCC build/GEDE01/src/game/game_fn_80176DF4.o
[282/966] MWCC build/GEDE01/src/game/game_fn_80176FA0.o
[283/966] MWCC build/GEDE01/src/game/game_fn_801770F8.o
[284/966] MWCC build/GEDE01/src/game/game_fn_8017718C.o
[285/966] MWCC build/GEDE01/src/game/game_fn_80178F88.o
[286/966] MWCC build/GEDE01/src/game/game_fn_80177434.o
[287/966] MWCC build/GEDE01/src/game/game_fn_80179398.o
[288/966] MWCC build/GEDE01/src/game/game_fn_8017960C.o
[289/966] MWCC build/GEDE01/src/game/game_fn_8017974C.o
[290/966] MWCC build/GEDE01/src/game/game_fn_80179904.o
[291/966] MWCC build/GEDE01/src/game/game_fn_80179A18.o
[292/966] MWCC build/GEDE01/src/game/game_fn_80179A74.o
[293/966] MWCC build/GEDE01/src/game/game_fn_80179EB8.o
[294/966] MWCC build/GEDE01/src/game/game_fn_8017A010.o
[295/966] MWCC build/GEDE01/src/game/game_fn_80179F20.o
[296/966] MWCC build/GEDE01/src/game/game_fn_8017A12C.o
[297/966] MWCC build/GEDE01/src/game/game_fn_8017A1C0.o
[298/966] MWCC build/GEDE01/src/game/game_fn_8017A9B8.o
[299/966] MWCC build/GEDE01/src/game/game_fn_8017AC20.o
[300/966] MWCC build/GEDE01/src/game/game_fn_8017E958.o
[301/966] MWCC build/GEDE01/src/game/game_fn_8017E850.o
[302/966] MWCC build/GEDE01/src/game/game_fn_801810A0.o
[303/966] MWCC build/GEDE01/src/game/game_fn_80180DDC.o
[304/966] MWCC build/GEDE01/src/game/game_fn_801857B4.o
[305/966] MWCC build/GEDE01/src/game/game_fn_801816D4.o
[306/966] MWCC build/GEDE01/src/game/game_fn_801859FC.o
[307/966] MWCC build/GEDE01/src/game/game_fn_80185AE8.o
[308/966] MWCC build/GEDE01/src/game/game_fn_80185F10.o
[309/966] MWCC build/GEDE01/src/game/game_fn_801861C4.o
[310/966] MWCC build/GEDE01/src/game/game_fn_8018680C.o
[311/966] MWCC build/GEDE01/src/game/game_fn_801865EC.o
[312/966] MWCC build/GEDE01/src/game/game_fn_80186E10.o
[313/966] MWCC build/GEDE01/src/game/game_fn_80186F70.o
[314/966] MWCC build/GEDE01/src/game/game_fn_80187120.o
[315/966] MWCC build/GEDE01/src/game/game_fn_80187320.o
[316/966] MWCC build/GEDE01/src/game/game_fn_801878E0.o
[317/966] MWCC build/GEDE01/src/game/game_fn_801875FC.o
[318/966] MWCC build/GEDE01/src/game/game_fn_80187BB4.o
[319/966] MWCC build/GEDE01/src/game/game_fn_80187E40.o
[320/966] MWCC build/GEDE01/src/game/game_fn_80188A7C.o
[321/966] MWCC build/GEDE01/src/game/game_fn_80188B44.o
[322/966] MWCC build/GEDE01/src/game/game_fn_80188C1C.o
[323/966] MWCC build/GEDE01/src/game/game_fn_80188E28.o
[324/966] MWCC build/GEDE01/src/game/game_fn_80189028.o
[325/966] MWCC build/GEDE01/src/game/game_fn_801891D8.o
[326/966] MWCC build/GEDE01/src/game/game_fn_80189390.o
[327/966] MWCC build/GEDE01/src/game/game_fn_801895E8.o
[328/966] MWCC build/GEDE01/src/game/game_fn_801896A0.o
[329/966] MWCC build/GEDE01/src/game/game_fn_80189760.o
[330/966] MWCC build/GEDE01/src/game/game_fn_80189968.o
[331/966] MWCC build/GEDE01/src/game/game_fn_80189C14.o
[332/966] MWCC build/GEDE01/src/game/game_fn_8018C2D0.o
[333/966] MWCC build/GEDE01/src/game/game_fn_8018D1F0.o
[334/966] MWCC build/GEDE01/src/game/game_fn_8018D2E0.o
[335/966] MWCC build/GEDE01/src/game/game_fn_8018D400.o
[336/966] MWCC build/GEDE01/src/game/game_fn_8018D688.o
[337/966] MWCC build/GEDE01/src/game/game_fn_8018DC24.o
[338/966] MWCC build/GEDE01/src/game/game_fn_8018E0D8.o
[339/966] MWCC build/GEDE01/src/game/game_fn_8018F1D0.o
[340/966] MWCC build/GEDE01/src/game/game_fn_8018F81C.o
[341/966] MWCC build/GEDE01/src/game/game_fn_8018FEDC.o
[342/966] MWCC build/GEDE01/src/game/game_fn_8019120C.o
[343/966] MWCC build/GEDE01/src/game/game_fn_80191360.o
[344/966] MWCC build/GEDE01/src/game/game_fn_801916D0.o
[345/966] MWCC build/GEDE01/src/game/game_fn_8019197C.o
[346/966] MWCC build/GEDE01/src/game/game_fn_80191F58.o
[347/966] MWCC build/GEDE01/src/game/game_fn_801926EC.o
[348/966] MWCC build/GEDE01/src/game/game_fn_80192F54.o
[349/966] MWCC build/GEDE01/src/game/game_fn_801929A4.o
[350/966] MWCC build/GEDE01/src/game/game_fn_80193E1C.o
[351/966] MWCC build/GEDE01/src/game/game_fn_801931C4.o
[352/966] MWCC build/GEDE01/src/game/game_fn_80193F3C.o
[353/966] MWCC build/GEDE01/src/game/game_fn_80194F80.o
[354/966] MWCC build/GEDE01/src/game/game_fn_80197910.o
[355/966] MWCC build/GEDE01/src/game/game_fn_801952E8.o
[356/966] MWCC build/GEDE01/src/game/game_fn_80198154.o
[357/966] MWCC build/GEDE01/src/game/game_fn_80198AAC.o
[358/966] MWCC build/GEDE01/src/game/game_fn_80198BF4.o
[359/966] MWCC build/GEDE01/src/game/game_fn_801991E0.o
[360/966] MWCC build/GEDE01/src/game/game_fn_8019B1BC.o
[361/966] MWCC build/GEDE01/src/game/game_fn_8019CC28.o
[362/966] MWCC build/GEDE01/src/game/game_fn_8019CFC4.o
[363/966] MWCC build/GEDE01/src/game/game_fn_8019E5E4.o
[364/966] MWCC build/GEDE01/src/game/game_fn_8019E8C8.o
[365/966] MWCC build/GEDE01/src/game/game_fn_801A1F18.o
[366/966] MWCC build/GEDE01/src/game/game_fn_801A1F8C.o
[367/966] MWCC build/GEDE01/src/game/game_fn_801A2A54.o
[368/966] MWCC build/GEDE01/src/game/game_fn_801A34BC.o
[369/966] MWCC build/GEDE01/src/game/game_fn_801A3A78.o
[370/966] MWCC build/GEDE01/src/game/game_fn_801A4CE0.o
[371/966] MWCC build/GEDE01/src/game/game_fn_801A4430.o
[372/966] MWCC build/GEDE01/src/game/game_fn_801A6350.o
[373/966] MWCC build/GEDE01/src/game/game_fn_801A5FB0.o
[374/966] MWCC build/GEDE01/src/game/game_fn_801A6410.o
[375/966] MWCC build/GEDE01/src/game/game_fn_801A657C.o
[376/966] MWCC build/GEDE01/src/game/game_fn_801A6ADC.o
[377/966] MWCC build/GEDE01/src/game/game_fn_801A6C58.o
[378/966] MWCC build/GEDE01/src/game/game_fn_801A6CB4.o
[379/966] MWCC build/GEDE01/src/game/game_fn_801A7E04.o
[380/966] MWCC build/GEDE01/src/game/game_fn_801A7EA8.o
[381/966] MWCC build/GEDE01/src/game/game_fn_801A93E8.o
[382/966] MWCC build/GEDE01/src/game/game_fn_801AB154.o
[383/966] MWCC build/GEDE01/src/game/game_fn_801ABD3C.o
[384/966] MWCC build/GEDE01/src/game/game_fn_801AC8AC.o
[385/966] MWCC build/GEDE01/src/game/game_fn_801ACFE8.o
[386/966] MWCC build/GEDE01/src/game/game_fn_801AFA74.o
[387/966] MWCC build/GEDE01/src/game/game_fn_801AD08C.o
[388/966] MWCC build/GEDE01/src/game/game_fn_801B02F0.o
[389/966] MWCC build/GEDE01/src/game/game_fn_801B1BA0.o
[390/966] MWCC build/GEDE01/src/game/game_fn_801B35BC.o
[391/966] MWCC build/GEDE01/src/game/game_fn_801B46C8.o
[392/966] MWCC build/GEDE01/src/game/game_fn_801B4FB4.o
[393/966] MWCC build/GEDE01/src/game/game_fn_801B5228.o
[394/966] MWCC build/GEDE01/src/game/game_fn_801B58F0.o
[395/966] MWCC build/GEDE01/src/game/game_fn_801B6F1C.o
[396/966] MWCC build/GEDE01/src/game/game_fn_801B86C0.o
[397/966] MWCC build/GEDE01/src/game/game_fn_801B941C.o
[398/966] MWCC build/GEDE01/src/game/game_fn_801B9E7C.o
[399/966] MWCC build/GEDE01/src/game/game_fn_801BA15C.o
[400/966] MWCC build/GEDE01/src/game/game_fn_801BA708.o
[401/966] MWCC build/GEDE01/src/game/game_fn_801BA94C.o
[402/966] MWCC build/GEDE01/src/game/game_fn_801BB1A0.o
[403/966] MWCC build/GEDE01/src/game/game_fn_801BC0D4.o
[404/966] MWCC build/GEDE01/src/game/game_fn_801BC240.o
[405/966] MWCC build/GEDE01/src/game/game_fn_801BC8F4.o
[406/966] MWCC build/GEDE01/src/game/game_fn_801BCC04.o
[407/966] MWCC build/GEDE01/src/game/game_fn_801BD990.o
[408/966] MWCC build/GEDE01/src/game/game_fn_801BDE7C.o
[409/966] MWCC build/GEDE01/src/game/game_fn_801BE0D4.o
[410/966] MWCC build/GEDE01/src/game/game_fn_801C1CB0.o
[411/966] MWCC build/GEDE01/src/game/game_fn_801BEF40.o
[412/966] MWCC build/GEDE01/src/game/game_fn_801C2980.o
[413/966] MWCC build/GEDE01/src/game/game_fn_801C29BC.o
[414/966] MWCC build/GEDE01/src/game/game_fn_801C2AAC.o
[415/966] MWCC build/GEDE01/src/game/game_fn_801C2D9C.o
[416/966] MWCC build/GEDE01/src/game/game_fn_801C8160.o
[417/966] MWCC build/GEDE01/src/game/game_fn_801C8224.o
[418/966] MWCC build/GEDE01/src/game/game_fn_801C8600.o
[419/966] MWCC build/GEDE01/src/game/game_fn_801C4B5C.o
[420/966] MWCC build/GEDE01/src/game/game_fn_801C87DC.o
[421/966] MWCC build/GEDE01/src/game/game_fn_801C8CC0.o
[422/966] MWCC build/GEDE01/src/game/game_fn_801C8F50.o
[423/966] MWCC build/GEDE01/src/game/game_fn_801C90A4.o
[424/966] MWCC build/GEDE01/src/game/game_fn_801C9510.o
[425/966] MWCC build/GEDE01/src/game/game_fn_801C970C.o
[426/966] MWCC build/GEDE01/src/game/game_fn_801C9A08.o
[427/966] MWCC build/GEDE01/src/game/game_fn_801C9B1C.o
[428/966] MWCC build/GEDE01/src/game/game_fn_801CB4F8.o
[429/966] MWCC build/GEDE01/src/game/game_fn_801CD228.o
[430/966] MWCC build/GEDE01/src/game/game_fn_801CE09C.o
[431/966] MWCC build/GEDE01/src/game/game_fn_801CE594.o
[432/966] MWCC build/GEDE01/src/game/game_fn_801D1B10.o
[433/966] MWCC build/GEDE01/src/game/game_fn_801D1F78.o
[434/966] MWCC build/GEDE01/src/game/game_fn_801D3988.o
[435/966] MWCC build/GEDE01/src/game/game_fn_801D73D0.o
[436/966] MWCC build/GEDE01/src/game/game_fn_801D76A8.o
[437/966] MWCC build/GEDE01/src/game/game_fn_801D7C24.o
[438/966] MWCC build/GEDE01/src/game/game_fn_801D8050.o
[439/966] MWCC build/GEDE01/src/game/game_fn_801D9FE4.o
[440/966] MWCC build/GEDE01/src/game/game_fn_801DDB84.o
[441/966] MWCC build/GEDE01/src/game/game_fn_801DE8B4.o
[442/966] MWCC build/GEDE01/src/game/game_fn_801E2A48.o
[443/966] MWCC build/GEDE01/src/game/game_fn_801E0088.o
[444/966] MWCC build/GEDE01/src/game/game_fn_801E41AC.o
[445/966] MWCC build/GEDE01/src/game/game_fn_801E504C.o
[446/966] MWCC build/GEDE01/src/game/game_fn_801E6814.o
[447/966] MWCC build/GEDE01/src/game/game_fn_801E7014.o
[448/966] MWCC build/GEDE01/src/game/game_fn_801E995C.o
[449/966] MWCC build/GEDE01/src/game/game_fn_801EAA04.o
[450/966] MWCC build/GEDE01/src/game/game_fn_801EB09C.o
[451/966] MWCC build/GEDE01/src/game/game_fn_801EB11C.o
[452/966] MWCC build/GEDE01/src/game/game_fn_801ECD74.o
[453/966] MWCC build/GEDE01/src/game/game_fn_801ECF50.o
[454/966] MWCC build/GEDE01/src/game/game_fn_801EF580.o
[455/966] MWCC build/GEDE01/src/game/game_fn_801ED5F4.o
[456/966] MWCC build/GEDE01/src/game/game_fn_801F0CB0.o
[457/966] MWCC build/GEDE01/src/game/game_fn_801EF910.o
[458/966] MWCC build/GEDE01/src/game/game_fn_801F10BC.o
[459/966] MWCC build/GEDE01/src/game/game_fn_801F1A38.o
[460/966] MWCC build/GEDE01/src/game/game_fn_801F35A8.o
[461/966] MWCC build/GEDE01/src/game/game_fn_801F55A0.o
[462/966] MWCC build/GEDE01/src/game/game_fn_801F69F0.o
[463/966] MWCC build/GEDE01/src/game/game_fn_801F6BD8.o
[464/966] MWCC build/GEDE01/src/game/game_fn_801F7510.o
[465/966] MWCC build/GEDE01/src/game/game_fn_801F76EC.o
[466/966] MWCC build/GEDE01/src/game/game_fn_801F8264.o
[467/966] MWCC build/GEDE01/src/game/game_fn_801F89B4.o
[468/966] MWCC build/GEDE01/src/game/game_fn_801F8FAC.o
[469/966] MWCC build/GEDE01/src/game/game_fn_801F9AF8.o
[470/966] MWCC build/GEDE01/src/game/game_fn_801F9CF4.o
[471/966] MWCC build/GEDE01/src/game/game_fn_801FA9C8.o
[472/966] MWCC build/GEDE01/src/game/game_fn_801FB6A4.o
[473/966] MWCC build/GEDE01/src/game/game_fn_801FC034.o
[474/966] MWCC build/GEDE01/src/game/game_fn_801FC204.o
[475/966] AS build/GEDE01/src/Runtime.PPCEABI.H/__save_fpr.o
[476/966] MWCC build/GEDE01/src/game/game_fn_801FFE78.o
[477/966] AS build/GEDE01/src/Runtime.PPCEABI.H/__restore_fpr.o
[478/966] AS build/GEDE01/src/Runtime.PPCEABI.H/__save_gpr.o
[479/966] AS build/GEDE01/src/Runtime.PPCEABI.H/__restore_gpr.o
[480/966] AS build/GEDE01/src/game/game_fn_801A4874.o
[481/966] AS build/GEDE01/src/game/game_fn_801EDA68.o
[482/966] AS build/GEDE01/src/game/game_fn_801FB698.o
[483/966] AS build/GEDE01/src/game/game_fn_801FB9C8.o
[484/966] AS build/GEDE01/src/dolphin/base/PPCArch.o
[485/966] EXTERNALIZE build/GEDE01/src/game/game_fn_801857B4.o
[486/966] EXTERNALIZE build/GEDE01/src/game/game_fn_800A2B8C.o
[487/966] MWCC build/GEDE01/src/game/game_fn_802079A4.o
[488/966] EXTERNALIZE build/GEDE01/src/game/game_fn_800DC4D4.o
[489/966] EXTERNALIZE build/GEDE01/src/game/game_fn_80119C70.o
[490/966] EXTERNALIZE STATIC POOL build/GEDE01/src/game/game_fn_80088060.o
build/GEDE01/src/game/game_fn_80088060.o: lbl_8031D3B8 now undefined; section 3 emptied
[491/966] EXTERNALIZE build/GEDE01/src/game/game_fn_80175A08.o
[492/966] EXTERNALIZE build/GEDE01/src/game/game_fn_80066E78.o
[493/966] EXTERNALIZE build/GEDE01/src/game/game_fn_801247F8.o
[494/966] EXTERNALIZE build/GEDE01/src/game/game_fn_801EF910.o
[495/966] EXTERNALIZE build/GEDE01/src/game/game_fn_801ECF50.o
[496/966] EXTERNALIZE build/GEDE01/src/game/game_fn_801FC204.o
[497/966] EXTERNALIZE JUMPTABLES build/GEDE01/src/game/game_fn_80050B08.o
[498/966] EXTERNALIZE build/GEDE01/src/game/game_fn_801EB09C.o
[499/966] EXTERNALIZE build/GEDE01/src/game/game_fn_801EB11C.o
[500/966] EXTERNALIZE build/GEDE01/src/game/game_fn_801D9FE4.o
[501/966] EXTERNALIZE build/GEDE01/src/game/game_fn_801E41AC.o
[502/966] EXTERNALIZE build/GEDE01/src/game/game_fn_801D73D0.o
[503/966] EXTERNALIZE build/GEDE01/src/game/game_fn_801D8050.o
[504/966] EXTERNALIZE build/GEDE01/src/game/game_fn_801D76A8.o
[505/966] EXTERNALIZE build/GEDE01/src/game/game_fn_801D7C24.o
[506/966] EXTERNALIZE build/GEDE01/src/game/game_fn_8019B1BC.o
[507/966] EXTERNALIZE build/GEDE01/src/game/game_fn_80178F88.o
[508/966] EXTERNALIZE build/GEDE01/src/game/game_fn_801CD228.o
[509/966] EXTERNALIZE build/GEDE01/src/game/game_fn_801C970C.o
[510/966] EXTERNALIZE build/GEDE01/src/game/game_fn_801BA15C.o
[511/966] EXTERNALIZE build/GEDE01/src/game/game_fn_801C9510.o
[512/966] EXTERNALIZE build/GEDE01/src/game/game_fn_80126A00.o
[513/966] EXTERNALIZE build/GEDE01/src/game/game_fn_8013D6A4.o
[514/966] EXTERNALIZE build/GEDE01/src/game/game_fn_800C9C60.o
[515/966] EXTERNALIZE build/GEDE01/src/game/game_fn_801B5228.o
[516/966] EXTERNALIZE build/GEDE01/src/game/game_fn_801B4FB4.o
[517/966] EXTERNALIZE build/GEDE01/src/game/game_fn_801C87DC.o
[518/966] EXTERNALIZE build/GEDE01/src/game/game_fn_801B6F1C.o
[519/966] EXTERNALIZE build/GEDE01/src/game/game_fn_801C8CC0.o
[520/966] EXTERNALIZE build/GEDE01/src/game/game_fn_800FD0C8.o
[521/966] EXTERNALIZE build/GEDE01/src/game/game_fn_801BDE7C.o
[522/966] EXTERNALIZE build/GEDE01/src/game/game_fn_801BE0D4.o
[523/966] EXTERNALIZE STATIC POOL build/GEDE01/src/game/game_fn_801C9A08.o
build/GEDE01/src/game/game_fn_801C9A08.o: lbl_80629390 now undefined; section 3 emptied
[524/966] EXTERNALIZE build/GEDE01/src/game/game_fn_801B941C.o
[525/966] EXTERNALIZE STATIC POOL build/GEDE01/src/game/game_fn_801C9B1C.o
build/GEDE01/src/game/game_fn_801C9B1C.o: lbl_80629390 now undefined; section 3 emptied
[526/966] EXTERNALIZE STATIC POOL build/GEDE01/src/game/game_fn_801BD990.o
build/GEDE01/src/game/game_fn_801BD990.o: lbl_80626D80 now undefined; section 6 emptied
[527/966] EXTERNALIZE STATIC POOL build/GEDE01/src/game/game_fn_801B58F0.o
build/GEDE01/src/game/game_fn_801B58F0.o: lbl_8060C020 now undefined; section 3 emptied
[528/966] EXTERNALIZE STATIC POOL build/GEDE01/src/game/game_fn_801B9E7C.o
build/GEDE01/src/game/game_fn_801B9E7C.o: 0 relocation(s) moved from streamInfo to ...bss.0
build/GEDE01/src/game/game_fn_801B9E7C.o: lbl_8061AE48 now undefined; section 6 emptied
[529/966] EXTERNALIZE STATIC POOL build/GEDE01/src/game/game_fn_801BB1A0.o
build/GEDE01/src/game/game_fn_801BB1A0.o: 0 relocation(s) moved from streamInfo to ...bss.0
build/GEDE01/src/game/game_fn_801BB1A0.o: lbl_8061AE48 now undefined; section 6 emptied
[530/966] EXTERNALIZE STATIC POOL build/GEDE01/src/game/game_fn_801BA708.o
build/GEDE01/src/game/game_fn_801BA708.o: 0 relocation(s) moved from streamInfo to ...bss.0
build/GEDE01/src/game/game_fn_801BA708.o: lbl_8061AE48 now undefined; section 6 emptied
[531/966] EXTERNALIZE STATIC build/GEDE01/src/game/game_fn_801B35BC.o
build/GEDE01/src/game/game_fn_801B35BC.o: lbl_8060D420 now undefined; section 6 emptied
[532/966] EXTERNALIZE build/GEDE01/src/game/game_fn_801BA94C.o
build/GEDE01/src/game/game_fn_801BA94C.o: 0 relocation(s) moved from streamInfo to ...bss.0
build/GEDE01/src/game/game_fn_801BA94C.o: lbl_8061AE48 now undefined; section 6 emptied
[533/966] EXTERNALIZE STATIC POOL build/GEDE01/src/game/game_fn_801BC8F4.o
build/GEDE01/src/game/game_fn_801BC8F4.o: lbl_8061C748 now undefined; section 6 emptied
[534/966] EXTERNALIZE STATIC build/GEDE01/src/game/game_fn_801BC240.o
build/GEDE01/src/game/game_fn_801BC240.o: lbl_8061C748 now undefined; section 6 emptied
[535/966] EXTERNALIZE STATIC POOL build/GEDE01/src/game/game_fn_801BC0D4.o
build/GEDE01/src/game/game_fn_801BC0D4.o: lbl_8061C748 now undefined; section 6 emptied
[536/966] EXTERNALIZE STATIC POOL build/GEDE01/src/game/game_fn_801BCC04.o
build/GEDE01/src/game/game_fn_801BCC04.o: lbl_8061C748 now undefined; section 6 emptied
[537/966] EXTERNALIZE STATIC POOL build/GEDE01/src/game/game_fn_801CE09C.o
build/GEDE01/src/game/game_fn_801CE09C.o: lbl_80631340 now undefined; section 6 emptied
[538/966] EXTERNALIZE STATIC POOL build/GEDE01/src/game/game_fn_801C1CB0.o
build/GEDE01/src/game/game_fn_801C1CB0.o: lbl_80626DA0 now undefined; section 3 emptied
[539/966] RENAME build/GEDE01/src/game/game_InitMetroTRKCommTable.o
[540/966] RENAME RUNTIME INTRINSICS build/GEDE01/src/game/game_fn_801CB4F8.o
[541/966] EXTERNALIZE build/GEDE01/src/game/game_fn_801D3988.o
[542/966] EXTERNALIZE STATIC POOL build/GEDE01/src/game/game_fn_8010242C.o
build/GEDE01/src/game/game_fn_8010242C.o: lbl_8032CC08 now undefined; section 3 emptied
[543/966] EXTERNALIZE build/GEDE01/src/game/game_fn_801D1B10.o
[544/966] ALIGN DATA build/GEDE01/src/game/game_fn_8005EF94.o
[545/966] ALIGN DATA build/GEDE01/src/game/game_fn_801A6350.o
[546/966] EXTERNALIZE build/GEDE01/src/game/game_fn_801CE594.o
[547/966] ALIGN DATA build/GEDE01/src/game/game_fn_80008014.o
[548/966] EXTERNALIZE build/GEDE01/src/game/game_fn_8014549C.o
[549/966] EXTERNALIZE build/GEDE01/src/game/game_fn_801C8224.o
[550/966] EXTERNALIZE build/GEDE01/src/game/game_fn_801098C0.o
[551/966] EXTERNALIZE build/GEDE01/src/game/game_fn_8000FDE8.o
[552/966] EXTERNALIZE build/GEDE01/src/game/game_fn_80185F10.o
[553/966] EXTERNALIZE build/GEDE01/src/game/game_fn_801C29BC.o
[554/966] EXTERNALIZE build/GEDE01/src/game/game_fn_8007B828.o
[555/966] EXTERNALIZE build/GEDE01/src/game/game_fn_801C8F50.o
[556/966] EXTERNALIZE build/GEDE01/src/game/game_fn_801C90A4.o
[557/966] EXTERNALIZE build/GEDE01/src/game/game_fn_801C8160.o
[558/966] EXTERNALIZE build/GEDE01/src/game/game_fn_801C2AAC.o
[559/966] EXTERNALIZE build/GEDE01/src/game/game_fn_801C2D9C.o
[560/966] EXTERNALIZE build/GEDE01/src/game/game_fn_801C2980.o
[561/966] EXTERNALIZE build/GEDE01/src/game/game_fn_801B02F0.o
[562/966] EXTERNALIZE build/GEDE01/src/game/game_fn_801AFA74.o
[563/966] EXTERNALIZE build/GEDE01/src/game/game_fn_801AC8AC.o
[564/966] EXTERNALIZE build/GEDE01/src/game/game_fn_801ABD3C.o
[565/966] EXTERNALIZE build/GEDE01/src/game/game_fn_801816D4.o
[566/966] EXTERNALIZE build/GEDE01/src/game/game_fn_8011F140.o
[567/966] EXTERNALIZE build/GEDE01/src/game/game_fn_801AD08C.o
[568/966] EXTERNALIZE build/GEDE01/src/game/game_fn_8004998C.o
[569/966] EXTERNALIZE build/GEDE01/src/game/game_fn_80079AA4.o
[570/966] EXTERNALIZE build/GEDE01/src/game/game_fn_80158D38.o
[571/966] EXTERNALIZE build/GEDE01/src/game/game_fn_801A3A78.o
[572/966] EXTERNALIZE build/GEDE01/src/game/game_fn_8008F224.o
[573/966] EXTERNALIZE build/GEDE01/src/game/game_fn_80167454.o
[574/966] EXTERNALIZE build/GEDE01/src/game/game_fn_800AF230.o
[575/966] EXTERNALIZE build/GEDE01/src/game/game_fn_801A93E8.o
[576/966] EXTERNALIZE build/GEDE01/src/game/game_fn_801AB154.o
[577/966] EXTERNALIZE build/GEDE01/src/game/game_fn_801A7E04.o
[578/966] EXTERNALIZE build/GEDE01/src/game/game_fn_801A7EA8.o
[579/966] EXTERNALIZE build/GEDE01/src/game/game_fn_801A6CB4.o
[580/966] EXTERNALIZE build/GEDE01/src/game/game_fn_801A4CE0.o
[581/966] EXTERNALIZE build/GEDE01/src/game/game_fn_801A6C58.o
[582/966] NAME JUMPTABLE build/GEDE01/src/game/game_fn_801A6ADC.o
[583/966] EXTERNALIZE build/GEDE01/src/game/game_fn_801A6410.o
[584/966] EXTERNALIZE build/GEDE01/src/game/game_fn_801A5FB0.o
[585/966] EXTERNALIZE build/GEDE01/src/game/game_fn_801A1F18.o
[586/966] EXTERNALIZE build/GEDE01/src/game/game_fn_8019E8C8.o
[587/966] EXTERNALIZE build/GEDE01/src/game/game_fn_8019E5E4.o
[588/966] EXTERNALIZE build/GEDE01/src/game/game_fn_8019CFC4.o
[589/966] EXTERNALIZE build/GEDE01/src/game/game_fn_8019CC28.o
[590/966] EXTERNALIZE build/GEDE01/src/game/game_fn_801991E0.o
[591/966] EXTERNALIZE build/GEDE01/src/game/game_fn_80198BF4.o
[592/966] EXTERNALIZE build/GEDE01/src/game/game_fn_80198AAC.o
[593/966] EXTERNALIZE build/GEDE01/src/game/game_fn_80198154.o
[594/966] EXTERNALIZE build/GEDE01/src/game/game_fn_80194F80.o
[595/966] EXTERNALIZE build/GEDE01/src/game/game_fn_80197910.o
[596/966] EXTERNALIZE build/GEDE01/src/game/game_fn_80177434.o
repointed 2 relocations to lbl_80250588
[597/966] EXTERNALIZE build/GEDE01/src/game/game_fn_80193E1C.o
[598/966] EXTERNALIZE build/GEDE01/src/game/game_fn_801931C4.o
[599/966] EXTERNALIZE build/GEDE01/src/game/game_fn_80193F3C.o
[600/966] EXTERNALIZE build/GEDE01/src/game/game_fn_80192F54.o
[601/966] EXTERNALIZE build/GEDE01/src/game/game_fn_80191F58.o
[602/966] EXTERNALIZE build/GEDE01/src/game/game_fn_8019197C.o
[603/966] EXTERNALIZE build/GEDE01/src/game/game_fn_80191360.o
[604/966] GLOBALIZE build/GEDE01/src/game/game_fn_8018F1D0.o
[605/966] EXTERNALIZE build/GEDE01/src/game/game_fn_8018D688.o
[606/966] EXTERNALIZE build/GEDE01/src/game/game_fn_8018F81C.o
[607/966] EXTERNALIZE build/GEDE01/src/game/game_fn_8018D2E0.o
[608/966] EXTERNALIZE build/GEDE01/src/game/game_fn_80189968.o
[609/966] EXTERNALIZE build/GEDE01/src/game/game_fn_80189760.o
[610/966] EXTERNALIZE build/GEDE01/src/game/game_fn_8018D1F0.o
[611/966] EXTERNALIZE build/GEDE01/src/game/game_fn_801896A0.o
[612/966] EXTERNALIZE build/GEDE01/src/game/game_fn_801895E8.o
[613/966] EXTERNALIZE build/GEDE01/src/game/game_fn_80189390.o
[614/966] EXTERNALIZE build/GEDE01/src/game/game_fn_801891D8.o
[615/966] EXTERNALIZE build/GEDE01/src/game/game_fn_80188E28.o
[616/966] EXTERNALIZE build/GEDE01/src/game/game_fn_80189028.o
[617/966] EXTERNALIZE build/GEDE01/src/game/game_fn_80188B44.o
[618/966] EXTERNALIZE build/GEDE01/src/game/game_fn_80188C1C.o
[619/966] EXTERNALIZE build/GEDE01/src/game/game_fn_80188A7C.o
[620/966] EXTERNALIZE build/GEDE01/src/game/game_fn_801878E0.o
[621/966] EXTERNALIZE build/GEDE01/src/game/game_fn_80187120.o
[622/966] EXTERNALIZE build/GEDE01/src/game/game_fn_8018FEDC.o
[623/966] EXTERNALIZE build/GEDE01/src/game/game_fn_80186E10.o
[624/966] EXTERNALIZE build/GEDE01/src/game/game_fn_801865EC.o
[625/966] EXTERNALIZE build/GEDE01/src/game/game_fn_80185AE8.o
[626/966] EXTERNALIZE build/GEDE01/src/game/game_fn_801859FC.o
[627/966] EXTERNALIZE build/GEDE01/src/game/game_fn_80180DDC.o
[628/966] EXTERNALIZE build/GEDE01/src/game/game_fn_8017E958.o
[629/966] EXTERNALIZE build/GEDE01/src/game/game_fn_8017E850.o
[630/966] EXTERNALIZE build/GEDE01/src/game/game_fn_8017718C.o
[631/966] EXTERNALIZE build/GEDE01/src/game/game_fn_801770F8.o
[632/966] EXTERNALIZE build/GEDE01/src/game/game_fn_80176FA0.o
[633/966] EXTERNALIZE build/GEDE01/src/game/game_fn_80176DF4.o
[634/966] EXTERNALIZE build/GEDE01/src/game/game_fn_80174358.o
[635/966] EXTERNALIZE build/GEDE01/src/game/game_fn_80173F04.o
[636/966] EXTERNALIZE build/GEDE01/src/game/game_fn_80174184.o
[637/966] EXTERNALIZE build/GEDE01/src/game/game_fn_8017553C.o
[638/966] EXTERNALIZE build/GEDE01/src/game/game_fn_80173D44.o
[639/966] EXTERNALIZE build/GEDE01/src/game/game_fn_80173770.o
[640/966] EXTERNALIZE build/GEDE01/src/game/game_fn_801734B4.o
[641/966] EXTERNALIZE build/GEDE01/src/game/game_fn_80173270.o
[642/966] EXTERNALIZE build/GEDE01/src/game/game_fn_80172DB8.o
[643/966] EXTERNALIZE build/GEDE01/src/game/game_fn_80172C78.o
[644/966] EXTERNALIZE build/GEDE01/src/game/game_fn_80172BB0.o
[645/966] EXTERNALIZE build/GEDE01/src/game/game_fn_801726EC.o
[646/966] EXTERNALIZE build/GEDE01/src/game/game_fn_8017250C.o
[647/966] EXTERNALIZE build/GEDE01/src/game/game_fn_801719B4.o
[648/966] EXTERNALIZE build/GEDE01/src/game/game_fn_80171F30.o
[649/966] EXTERNALIZE build/GEDE01/src/game/game_fn_801718F4.o
[650/966] EXTERNALIZE build/GEDE01/src/game/game_fn_80171664.o
[651/966] EXTERNALIZE build/GEDE01/src/game/game_fn_8017138C.o
[652/966] EXTERNALIZE build/GEDE01/src/game/game_fn_80170A40.o
[653/966] NORMALIZE build/GEDE01/src/game/game_TRKNubWelcome.o
[654/966] NORMALIZE build/GEDE01/src/game/game_TRK_main.o
[655/966] NORMALIZE build/GEDE01/src/game/game_data_80239E10.o
[656/966] NORMALIZE build/GEDE01/src/game/game_data_80239E18.o
[657/966] EXTERNALIZE build/GEDE01/src/game/game_fn_801706DC.o
[658/966] EXTERNALIZE build/GEDE01/src/game/game_fn_8017652C.o
[659/966] EXTERNALIZE build/GEDE01/src/game/game_fn_80170E9C.o
[660/966] EXTERNALIZE build/GEDE01/src/game/game_fn_80175E64.o
[661/966] EXTERNALIZE build/GEDE01/src/game/game_fn_80175F0C.o
[662/966] EXTERNALIZE build/GEDE01/src/game/game_fn_80175FD4.o
[663/966] EXTERNALIZE build/GEDE01/src/game/game_fn_80176098.o
[664/966] EXTERNALIZE build/GEDE01/src/game/game_fn_80176160.o
[665/966] EXTERNALIZE build/GEDE01/src/game/game_fn_80176220.o
[666/966] EXTERNALIZE build/GEDE01/src/game/game_fn_80170DF4.o
[667/966] EXTERNALIZE build/GEDE01/src/game/game_fn_801762E8.o
[668/966] EXTERNALIZE build/GEDE01/src/game/game_fn_8016E8F8.o
[669/966] EXTERNALIZE build/GEDE01/src/game/game_fn_8016FEF8.o
[670/966] EXTERNALIZE build/GEDE01/src/game/game_fn_801704F8.o
[671/966] NORMALIZE build/GEDE01/src/game/game_fn_8016DF4C.o
[672/966] EXTERNALIZE build/GEDE01/src/game/game_fn_8016D2B8.o
[673/966] EXTERNALIZE build/GEDE01/src/game/game_fn_8016D040.o
[674/966] EXTERNALIZE build/GEDE01/src/game/game_fn_8016D1F8.o
[675/966] EXTERNALIZE build/GEDE01/src/game/game_fn_8016C774.o
[676/966] EXTERNALIZE build/GEDE01/src/game/game_fn_8016C4BC.o
[677/966] EXTERNALIZE build/GEDE01/src/game/game_fn_8016C238.o
[678/966] EXTERNALIZE build/GEDE01/src/game/game_fn_8016C164.o
[679/966] EXTERNALIZE build/GEDE01/src/game/game_fn_8016C0BC.o
[680/966] EXTERNALIZE build/GEDE01/src/game/game_fn_8017038C.o
[681/966] EXTERNALIZE build/GEDE01/src/game/game_fn_8016BE1C.o
[682/966] EXTERNALIZE build/GEDE01/src/game/game_fn_8016BF60.o
[683/966] EXTERNALIZE build/GEDE01/src/game/game_fn_8016BD0C.o
[684/966] EXTERNALIZE build/GEDE01/src/game/game_fn_80169650.o
[685/966] EXTERNALIZE build/GEDE01/src/game/game_fn_80167B5C.o
[686/966] EXTERNALIZE build/GEDE01/src/game/game_fn_8015EDC0.o
[687/966] EXTERNALIZE build/GEDE01/src/game/game_fn_8015DC54.o
[688/966] EXTERNALIZE build/GEDE01/src/game/game_fn_8015DB84.o
[689/966] EXTERNALIZE build/GEDE01/src/game/game_fn_80158B20.o
[690/966] EXTERNALIZE build/GEDE01/src/game/game_fn_80179398.o
[691/966] EXTERNALIZE build/GEDE01/src/game/game_fn_8017960C.o
[692/966] EXTERNALIZE build/GEDE01/src/game/game_fn_8017974C.o
[693/966] EXTERNALIZE build/GEDE01/src/game/game_fn_80179904.o
[694/966] EXTERNALIZE build/GEDE01/src/game/game_fn_80179A18.o
[695/966] EXTERNALIZE build/GEDE01/src/game/game_fn_8017A9B8.o
[696/966] EXTERNALIZE build/GEDE01/src/game/game_fn_80179A74.o
[697/966] EXTERNALIZE build/GEDE01/src/game/game_fn_80179EB8.o
[698/966] EXTERNALIZE build/GEDE01/src/game/game_fn_8017A010.o
[699/966] EXTERNALIZE build/GEDE01/src/game/game_fn_80179F20.o
[700/966] EXTERNALIZE build/GEDE01/src/game/game_fn_8017A12C.o
[701/966] EXTERNALIZE build/GEDE01/src/game/game_fn_8017A1C0.o
[702/966] EXTERNALIZE build/GEDE01/src/game/game_fn_80157C0C.o
[703/966] EXTERNALIZE build/GEDE01/src/game/game_fn_80155814.o
[704/966] EXTERNALIZE build/GEDE01/src/game/game_fn_80153898.o
[705/966] EXTERNALIZE build/GEDE01/src/game/game_fn_8014B494.o
[706/966] EXTERNALIZE build/GEDE01/src/game/game_fn_8014AF38.o
[707/966] EXTERNALIZE build/GEDE01/src/game/game_fn_8012DB28.o
[708/966] EXTERNALIZE build/GEDE01/src/game/game_fn_801141B8.o
[709/966] EXTERNALIZE build/GEDE01/src/game/game_fn_801128E4.o
[710/966] EXTERNALIZE build/GEDE01/src/game/game_fn_801126E0.o
[711/966] EXTERNALIZE build/GEDE01/src/game/game_fn_8010F184.o
[712/966] EXTERNALIZE build/GEDE01/src/game/game_fn_800E4980.o
[713/966] EXTERNALIZE build/GEDE01/src/game/game_fn_800C17EC.o
[714/966] EXTERNALIZE build/GEDE01/src/game/game_fn_800C59F0.o
[715/966] EXTERNALIZE build/GEDE01/src/game/game_fn_800C030C.o
[716/966] EXTERNALIZE build/GEDE01/src/game/game_fn_800C644C.o
[717/966] EXTERNALIZE build/GEDE01/src/game/game_fn_800C65FC.o
[718/966] EXTERNALIZE build/GEDE01/src/game/game_fn_800CB8F4.o
[719/966] EXTERNALIZE build/GEDE01/src/game/game_fn_800CB760.o
[720/966] EXTERNALIZE build/GEDE01/src/game/game_fn_80078500.o
[721/966] EXTERNALIZE build/GEDE01/src/game/game_fn_80079908.o
[722/966] EXTERNALIZE build/GEDE01/src/game/game_fn_8007B540.o
[723/966] EXTERNALIZE build/GEDE01/src/game/game_fn_8007B2F4.o
[724/966] EXTERNALIZE build/GEDE01/src/game/game_fn_8007B640.o
[725/966] EXTERNALIZE build/GEDE01/src/game/game_fn_8007BA3C.o
[726/966] EXTERNALIZE build/GEDE01/src/game/game_fn_800886D8.o
[727/966] EXTERNALIZE build/GEDE01/src/game/game_fn_800934A0.o
[728/966] EXTERNALIZE build/GEDE01/src/game/game_fn_800A3894.o
[729/966] EXTERNALIZE build/GEDE01/src/game/game_fn_800A7E88.o
[730/966] EXTERNALIZE build/GEDE01/src/game/game_fn_800A4798.o
[731/966] GLOBALIZE build/GEDE01/src/game/game_fn_800A2130.o
[732/966] EXTERNALIZE build/GEDE01/src/game/game_fn_800A2FCC.o
[733/966] EXTERNALIZE build/GEDE01/src/game/game_fn_8009C424.o
[734/966] EXTERNALIZE build/GEDE01/src/game/game_fn_80096830.o
[735/966] GLOBALIZE build/GEDE01/src/game/game_fn_8008F890.o
[736/966] EXTERNALIZE SWITCHES build/GEDE01/src/game/game_fn_80095FDC.o
[737/966] EXTERNALIZE build/GEDE01/src/game/game_fn_800A4428.o
[738/966] EXTERNALIZE build/GEDE01/src/game/game_fn_80074310.o
[739/966] GLOBALIZE build/GEDE01/src/game/game_fn_8005FD84.o
[740/966] EXTERNALIZE build/GEDE01/src/game/game_fn_80066888.o
[741/966] EXTERNALIZE build/GEDE01/src/game/game_fn_8005EC6C.o
[742/966] EXTERNALIZE build/GEDE01/src/game/game_fn_80052310.o
[743/966] EXTERNALIZE build/GEDE01/src/game/game_fn_80048B24.o
[744/966] NAME SWITCH build/GEDE01/src/game/game_fn_80020E94.o
[745/966] NAME SWITCH build/GEDE01/src/game/game_fn_8005EE9C.o
[746/966] NAME SWITCH build/GEDE01/src/game/game_fn_8016D9C0.o
[747/966] EXTERNALIZE build/GEDE01/src/game/game_fn_80048ADC.o
[748/966] NAME SWITCH build/GEDE01/src/game/game_fn_80071A58.o
[749/966] NAME SWITCH build/GEDE01/src/game/game_fn_8006B620.o
[750/966] NAME SWITCH build/GEDE01/src/game/game_fn_8001FE1C.o
[751/966] NAME SWITCH build/GEDE01/src/game/game_fn_8001E644.o
[752/966] EXTERNALIZE build/GEDE01/src/game/game_fn_80038878.o
[753/966] EXTERNALIZE build/GEDE01/src/game/game_fn_801B46C8.o
build/GEDE01/src/game/game_fn_801B46C8.o: lbl_8060C020 now undefined; section 6 emptied
[754/966] EXTERNALIZE build/GEDE01/src/game/game_fn_80036C40.o
[755/966] EXTERNALIZE build/GEDE01/src/game/game_fn_800359A0.o
[756/966] EXTERNALIZE build/GEDE01/src/game/game_fn_80033180.o
[757/966] EXTERNALIZE build/GEDE01/src/game/game_fn_80033038.o
[758/966] EXTERNALIZE build/GEDE01/src/game/game_fn_80032B84.o
[759/966] EXTERNALIZE build/GEDE01/src/game/game_fn_8003232C.o
[760/966] EXTERNALIZE build/GEDE01/src/game/game_fn_8002E3F0.o
[761/966] EXTERNALIZE build/GEDE01/src/game/game_fn_8002DAE0.o
[762/966] EXTERNALIZE build/GEDE01/src/game/game_fn_8002EA68.o
[763/966] EXTERNALIZE build/GEDE01/src/game/game_fn_8002F428.o
[764/966] GLOBALIZE build/GEDE01/src/game/game_fn_8002B748.o
[765/966] NAME SWITCHES build/GEDE01/src/game/game_fn_80024F28.o
[766/966] EXTERNALIZE build/GEDE01/src/game/game_fn_8001CE94.o
[767/966] EXTERNALIZE build/GEDE01/src/game/game_fn_800272B4.o
[768/966] EXTERNALIZE build/GEDE01/src/game/game_fn_8001CD58.o
[769/966] EXTERNALIZE build/GEDE01/src/game/game_fn_8001C078.o
[770/966] EXTERNALIZE build/GEDE01/src/game/game_fn_8001B808.o
[771/966] EXTERNALIZE build/GEDE01/src/game/game_fn_8001B874.o
[772/966] EXTERNALIZE build/GEDE01/src/game/game_fn_8001B124.o
[773/966] EXTERNALIZE build/GEDE01/src/game/game_fn_8001B294.o
[774/966] EXTERNALIZE build/GEDE01/src/game/game_fn_8001ADF8.o
[775/966] EXTERNALIZE build/GEDE01/src/game/game_fn_8001AAB8.o
[776/966] EXTERNALIZE build/GEDE01/src/game/game_fn_8001AF68.o
[777/966] EXTERNALIZE build/GEDE01/src/game/game_fn_80019F98.o
[778/966] EXTERNALIZE build/GEDE01/src/game/game_fn_8001A6C4.o
[779/966] EXTERNALIZE build/GEDE01/src/game/game_fn_80019D2C.o
[780/966] EXTERNALIZE build/GEDE01/src/game/game_fn_80019C10.o
[781/966] EXTERNALIZE build/GEDE01/src/game/game_fn_80019940.o
[782/966] EXTERNALIZE build/GEDE01/src/game/game_fn_800194D0.o
[783/966] EXTERNALIZE build/GEDE01/src/game/game_fn_80019244.o
[784/966] EXTERNALIZE build/GEDE01/src/game/game_fn_80019054.o
[785/966] EXTERNALIZE build/GEDE01/src/game/game_fn_80018EF4.o
[786/966] EXTERNALIZE build/GEDE01/src/game/game_fn_80017DB0.o
[787/966] EXTERNALIZE build/GEDE01/src/game/game_fn_80017CC8.o
[788/966] EXTERNALIZE build/GEDE01/src/game/game_fn_80017C3C.o
[789/966] EXTERNALIZE build/GEDE01/src/game/game_fn_80017AE4.o
[790/966] EXTERNALIZE build/GEDE01/src/game/game_fn_80017A3C.o
[791/966] EXTERNALIZE build/GEDE01/src/game/game_fn_800179AC.o
[792/966] EXTERNALIZE build/GEDE01/src/game/game_fn_80017910.o
[793/966] EXTERNALIZE FLAGS build/GEDE01/src/game/game_fn_800119FC.o
[794/966] EXTERNALIZE build/GEDE01/src/game/game_fn_8000FFD8.o
[795/966] EXTERNALIZE build/GEDE01/src/game/game_fn_8000F4B0.o
[796/966] EXTERNALIZE build/GEDE01/src/game/game_fn_8000EFC4.o
[797/966] GLOBALIZE build/GEDE01/src/game/game_fn_800094C0.o
[798/966] EXTERNALIZE build/GEDE01/src/game/game_fn_800096E0.o
[799/966] EXTERNALIZE build/GEDE01/src/game/game_fn_800098C0.o
[800/966] EXTERNALIZE build/GEDE01/src/game/game_fn_800099D8.o
[801/966] EXTERNALIZE build/GEDE01/src/game/game_fn_8000A26C.o
[802/966] EXTERNALIZE build/GEDE01/src/game/game_fn_80009AB4.o
[803/966] EXTERNALIZE build/GEDE01/src/game/game_fn_800171C0.o
[804/966] EXTERNALIZE build/GEDE01/src/game/game_fn_800176F0.o
[805/966] EXTERNALIZE build/GEDE01/src/game/game_fn_8000AC88.o
[806/966] EXTERNALIZE build/GEDE01/src/game/game_fn_8000AEB4.o
[807/966] EXTERNALIZE build/GEDE01/src/game/game_fn_8000AFB4.o
[808/966] EXTERNALIZE build/GEDE01/src/game/game_fn_8000B1B8.o
[809/966] EXTERNALIZE build/GEDE01/src/game/game_fn_8000B36C.o
[810/966] EXTERNALIZE build/GEDE01/src/game/game_fn_8000B630.o
[811/966] EXTERNALIZE build/GEDE01/src/game/game_fn_8000B7FC.o
[812/966] EXTERNALIZE build/GEDE01/src/game/game_fn_8000B900.o
[813/966] EXTERNALIZE build/GEDE01/src/game/game_fn_8000BA0C.o
[814/966] EXTERNALIZE build/GEDE01/src/game/game_fn_8000BAA0.o
[815/966] EXTERNALIZE build/GEDE01/src/game/game_fn_8000C06C.o
[816/966] EXTERNALIZE build/GEDE01/src/game/game_fn_8000BC40.o
[817/966] EXTERNALIZE build/GEDE01/src/game/game_fn_8000C17C.o
[818/966] EXTERNALIZE build/GEDE01/src/game/game_fn_8000C400.o
[819/966] EXTERNALIZE build/GEDE01/src/game/game_fn_8000C848.o
[820/966] EXTERNALIZE build/GEDE01/src/game/game_fn_8000C91C.o
[821/966] EXTERNALIZE build/GEDE01/src/game/game_fn_8000D3D4.o
[822/966] EXTERNALIZE build/GEDE01/src/game/game_fn_8000D0BC.o
[823/966] NAME SWITCH build/GEDE01/src/game/game_fn_8000D8A4.o
[824/966] EXTERNALIZE build/GEDE01/src/game/game_fn_8000E054.o
[825/966] EXTERNALIZE build/GEDE01/src/game/game_fn_8000E0AC.o
[826/966] EXTERNALIZE build/GEDE01/src/game/game_fn_8000F774.o
[827/966] EXTERNALIZE build/GEDE01/src/game/game_fn_8000E96C.o
[828/966] EXTERNALIZE build/GEDE01/src/game/game_fn_8000EB14.o
[829/966] EXTERNALIZE build/GEDE01/src/game/game_fn_8000EBD4.o
[830/966] EXTERNALIZE build/GEDE01/src/game/game_fn_8000ED44.o
[831/966] EXTERNALIZE build/GEDE01/src/game/game_fn_8000E138.o
[832/966] EXTERNALIZE build/GEDE01/src/game/game_fn_8000D590.o
[833/966] EXTERNALIZE build/GEDE01/src/game/game_fn_8000E1C4.o
[834/966] EXTERNALIZE build/GEDE01/src/game/game_fn_8000DA50.o
[835/966] EXTERNALIZE build/GEDE01/src/game/game_fn_8000DAF4.o
[836/966] EXTERNALIZE build/GEDE01/src/game/game_fn_80012DA8.o
[837/966] EXTERNALIZE build/GEDE01/src/game/game_fn_80012F40.o
[838/966] EXTERNALIZE build/GEDE01/src/game/game_fn_80012FD0.o
[839/966] EXTERNALIZE build/GEDE01/src/game/game_fn_800131E8.o
[840/966] EXTERNALIZE build/GEDE01/src/game/game_fn_80013340.o
[841/966] EXTERNALIZE build/GEDE01/src/game/game_fn_80013870.o
[842/966] EXTERNALIZE build/GEDE01/src/game/game_fn_80013CB0.o
[843/966] EXTERNALIZE build/GEDE01/src/game/game_fn_80013D54.o
[844/966] EXTERNALIZE build/GEDE01/src/game/game_fn_800142DC.o
[845/966] EXTERNALIZE build/GEDE01/src/game/game_fn_800144CC.o
[846/966] EXTERNALIZE build/GEDE01/src/game/game_fn_80014784.o
[847/966] EXTERNALIZE build/GEDE01/src/game/game_fn_800149D4.o
[848/966] EXTERNALIZE build/GEDE01/src/game/game_fn_80015058.o
[849/966] EXTERNALIZE build/GEDE01/src/game/game_fn_80015320.o
[850/966] EXTERNALIZE build/GEDE01/src/game/game_fn_80015568.o
[851/966] EXTERNALIZE build/GEDE01/src/game/game_fn_800156FC.o
[852/966] EXTERNALIZE build/GEDE01/src/game/game_fn_80015BE0.o
[853/966] EXTERNALIZE build/GEDE01/src/game/game_fn_80015D40.o
[854/966] EXTERNALIZE build/GEDE01/src/game/game_fn_80016128.o
[855/966] EXTERNALIZE build/GEDE01/src/game/game_fn_80015F04.o
[856/966] EXTERNALIZE build/GEDE01/src/game/game_fn_80016270.o
[857/966] EXTERNALIZE build/GEDE01/src/game/game_fn_80016904.o
[858/966] EXTERNALIZE build/GEDE01/src/game/game_fn_80016B24.o
[859/966] EXTERNALIZE build/GEDE01/src/game/game_fn_800173CC.o
[860/966] EXTERNALIZE build/GEDE01/src/game/game_fn_801BEF40.o
[861/966] EXTERNALIZE build/GEDE01/src/game/game_fn_801B86C0.o
[862/966] EXTERNALIZE STATIC POOL build/GEDE01/src/game/game_fn_801C4B5C.o
build/GEDE01/src/game/game_fn_801C4B5C.o: lbl_80628CB0 now undefined; section 6 emptied
[863/966] EXTERNALIZE build/GEDE01/src/game/game_fn_801EAA04.o
[864/966] EXTERNALIZE build/GEDE01/src/game/game_fn_801C8600.o
[865/966] EXTERNALIZE build/GEDE01/src/game/game_fn_80150400.o
[866/966] EXTERNALIZE build/GEDE01/src/game/game_fn_80150F20.o
[867/966] EXTERNALIZE build/GEDE01/src/game/game_fn_80151D00.o
[868/966] EXTERNALIZE build/GEDE01/src/game/game_fn_80151600.o
[869/966] EXTERNALIZE build/GEDE01/src/game/game_fn_801DE8B4.o
[870/966] EXTERNALIZE build/GEDE01/src/game/game_fn_80173BDC.o
[871/966] EXTERNALIZE build/GEDE01/src/game/game_fn_801E7014.o
[872/966] EXTERNALIZE build/GEDE01/src/game/game_fn_801A4430.o
[873/966] EXTERNALIZE build/GEDE01/src/game/game_fn_8014BA14.o
[874/966] EXTERNALIZE build/GEDE01/src/game/game_fn_800B2EC0.o
[875/966] EXTERNALIZE build/GEDE01/src/game/game_fn_8001CA04.o
[876/966] EXTERNALIZE build/GEDE01/src/game/game_fn_80031544.o
[877/966] EXTERNALIZE build/GEDE01/src/game/game_fn_8006B0F0.o
[878/966] EXTERNALIZE build/GEDE01/src/game/game_fn_8007D4D8.o
[879/966] EXTERNALIZE build/GEDE01/src/game/game_fn_801DDB84.o
[880/966] EXTERNALIZE build/GEDE01/src/game/game_fn_8007F770.o
[881/966] EXTERNALIZE build/GEDE01/src/game/game_fn_80088F4C.o
[882/966] EXTERNALIZE build/GEDE01/src/game/game_fn_8008A2E0.o
[883/966] EXTERNALIZE build/GEDE01/src/game/game_fn_80089A34.o
[884/966] EXTERNALIZE build/GEDE01/src/game/game_fn_80090004.o
[885/966] EXTERNALIZE build/GEDE01/src/game/game_fn_80095D10.o
[886/966] EXTERNALIZE build/GEDE01/src/game/game_fn_800A3180.o
[887/966] EXTERNALIZE build/GEDE01/src/game/game_fn_800BB7A8.o
[888/966] EXTERNALIZE build/GEDE01/src/game/game_fn_800BB5C4.o
[889/966] EXTERNALIZE build/GEDE01/src/game/game_fn_800BB9A4.o
[890/966] EXTERNALIZE build/GEDE01/src/game/game_fn_800BBAF0.o
[891/966] EXTERNALIZE build/GEDE01/src/game/game_fn_800D9064.o
[892/966] EXTERNALIZE build/GEDE01/src/game/game_fn_800D9E10.o
[893/966] EXTERNALIZE build/GEDE01/src/game/game_fn_8012976C.o
[894/966] EXTERNALIZE build/GEDE01/src/game/game_fn_8013DB8C.o
[895/966] EXTERNALIZE build/GEDE01/src/game/game_fn_8013CBE4.o
[896/966] EXTERNALIZE build/GEDE01/src/game/game_fn_8014CA98.o
[897/966] EXTERNALIZE build/GEDE01/src/game/game_fn_80153A24.o
[898/966] EXTERNALIZE build/GEDE01/src/game/game_fn_801535D8.o
[899/966] EXTERNALIZE build/GEDE01/src/game/game_fn_80174F2C.o
[900/966] EXTERNALIZE build/GEDE01/src/game/game_fn_801752B0.o
[901/966] EXTERNALIZE build/GEDE01/src/game/game_fn_8017AC20.o
[902/966] EXTERNALIZE build/GEDE01/src/game/game_fn_801861C4.o
[903/966] EXTERNALIZE build/GEDE01/src/game/game_fn_8018680C.o
[904/966] EXTERNALIZE build/GEDE01/src/game/game_fn_80186F70.o
[905/966] EXTERNALIZE build/GEDE01/src/game/game_fn_80187320.o
[906/966] EXTERNALIZE build/GEDE01/src/game/game_fn_801810A0.o
[907/966] EXTERNALIZE build/GEDE01/src/game/game_fn_801875FC.o
[908/966] EXTERNALIZE build/GEDE01/src/game/game_fn_800542D0.o
[909/966] EXTERNALIZE build/GEDE01/src/game/game_fn_80187E40.o
[910/966] EXTERNALIZE build/GEDE01/src/game/game_fn_80187BB4.o
[911/966] EXTERNALIZE build/GEDE01/src/game/game_fn_80189C14.o
[912/966] EXTERNALIZE build/GEDE01/src/game/game_fn_8018C2D0.o
[913/966] EXTERNALIZE build/GEDE01/src/game/game_fn_8018D400.o
[914/966] EXTERNALIZE build/GEDE01/src/game/game_fn_8018E0D8.o
[915/966] EXTERNALIZE build/GEDE01/src/game/game_fn_8019120C.o
[916/966] EXTERNALIZE build/GEDE01/src/game/game_fn_8018DC24.o
[917/966] EXTERNALIZE build/GEDE01/src/game/game_fn_801916D0.o
[918/966] EXTERNALIZE build/GEDE01/src/game/game_fn_801926EC.o
[919/966] EXTERNALIZE build/GEDE01/src/game/game_fn_801929A4.o
[920/966] EXTERNALIZE build/GEDE01/src/game/game_fn_801952E8.o
[921/966] EXTERNALIZE build/GEDE01/src/game/game_fn_801A2A54.o
[922/966] EXTERNALIZE build/GEDE01/src/game/game_fn_801A34BC.o
[923/966] EXTERNALIZE build/GEDE01/src/game/game_fn_801A657C.o
[924/966] EXTERNALIZE build/GEDE01/src/game/game_fn_801A1F8C.o
[925/966] EXTERNALIZE build/GEDE01/src/game/game_fn_801D1F78.o
[926/966] EXTERNALIZE build/GEDE01/src/game/game_fn_801E2A48.o
[927/966] EXTERNALIZE build/GEDE01/src/game/game_fn_801E6814.o
[928/966] EXTERNALIZE build/GEDE01/src/game/game_fn_801E995C.o
[929/966] EXTERNALIZE build/GEDE01/src/game/game_fn_801EF580.o
[930/966] EXTERNALIZE build/GEDE01/src/game/game_fn_801F0CB0.o
[931/966] EXTERNALIZE build/GEDE01/src/game/game_fn_801F10BC.o
[932/966] EXTERNALIZE build/GEDE01/src/game/game_fn_801F35A8.o
[933/966] EXTERNALIZE build/GEDE01/src/game/game_fn_801ECD74.o
[934/966] EXTERNALIZE build/GEDE01/src/game/game_fn_801ED5F4.o
[935/966] EXTERNALIZE build/GEDE01/src/game/game_fn_801F69F0.o
[936/966] EXTERNALIZE build/GEDE01/src/game/game_fn_801F76EC.o
[937/966] EXTERNALIZE build/GEDE01/src/game/game_fn_801F8264.o
[938/966] EXTERNALIZE build/GEDE01/src/game/game_fn_801F89B4.o
[939/966] EXTERNALIZE build/GEDE01/src/game/game_fn_801F9AF8.o
[940/966] EXTERNALIZE build/GEDE01/src/game/game_fn_801F6BD8.o
[941/966] EXTERNALIZE build/GEDE01/src/game/game_fn_80095E64.o
[942/966] EXTERNALIZE build/GEDE01/src/game/game_fn_801FB6A4.o
[943/966] EXTERNALIZE JUMPTABLES build/GEDE01/src/game/game_fn_800361F8.o
[944/966] EXTERNALIZE JUMPTABLES build/GEDE01/src/game/game_fn_8006E53C.o
[945/966] EXTERNALIZE JUMPTABLES build/GEDE01/src/game/game_fn_800CF598.o
[946/966] EXTERNALIZE JUMPTABLES build/GEDE01/src/game/game_fn_801ACFE8.o
[947/966] EXTERNALIZE build/GEDE01/src/game/game_fn_801E0088.o
[948/966] EXTERNALIZE JUMPTABLES build/GEDE01/src/game/game_fn_801B1BA0.o
[949/966] EXTERNALIZE build/GEDE01/src/game/game_fn_80150A24.o
[950/966] EXTERNALIZE build/GEDE01/src/game/game_fn_80154F74.o
[951/966] EXTERNALIZE build/GEDE01/src/game/game_fn_801E504C.o
[952/966] EXTERNALIZE build/GEDE01/src/game/game_fn_8009E808.o
[953/966] EXTERNALIZE build/GEDE01/src/game/game_fn_801F1A38.o
[954/966] EXTERNALIZE build/GEDE01/src/game/game_fn_801FFE78.o
[955/966] EXTERNALIZE build/GEDE01/src/game/game_fn_801F55A0.o
[956/966] EXTERNALIZE build/GEDE01/src/game/game_fn_801F7510.o
[957/966] EXTERNALIZE build/GEDE01/src/game/game_fn_801F8FAC.o
[958/966] EXTERNALIZE build/GEDE01/src/game/game_fn_801F9CF4.o
[959/966] EXTERNALIZE build/GEDE01/src/game/game_fn_801FC034.o
[960/966] EXTERNALIZE build/GEDE01/src/game/game_fn_801FA9C8.o
[961/966] MWCC build/GEDE01/src/game/game_fn_802076C4.o
[962/966] REPORT
 INFO Loading project .
 INFO Generating report for 7080 units (using 8 threads)
 INFO Report generated in 0.190s
 INFO Writing to build/GEDE01/report.json
[963/966] LINK build/GEDE01/main.elf
### mwldeppc.exe Linker Warning:
#   Section '.ignored' is unknown. Section ignored.
### mwldeppc.exe Linker Warning:
#   Section '.ignored' is unknown. Section ignored.
### mwldeppc.exe Linker Warning:
#   Section '.ignored' is unknown. Section ignored.
### mwldeppc.exe Linker Warning:
#   Section '.ignored' is unknown. Section ignored.
### mwldeppc.exe Linker Warning:
#   Section '.ignored' is unknown. Section ignored.
### mwldeppc.exe Linker Warning:
#   Section '.ignored' is unknown. Section ignored.
### mwldeppc.exe Linker Warning:
#   Section '.ignored' is unknown. Section ignored.
### mwldeppc.exe Linker Warning:
#   Section '.ignored' is unknown. Section ignored.
### mwldeppc.exe Linker Warning:
#   Section '.ignored' is unknown. Section ignored.
### mwldeppc.exe Linker Warning:
#   Section '.ignored' is unknown. Section ignored.
### mwldeppc.exe Linker Warning:
#   Section '.ignored' is unknown. Section ignored.
### mwldeppc.exe Linker Warning:
#   Section '.ignored' is unknown. Section ignored.
### mwldeppc.exe Linker Warning:
#   Section '.ignored' is unknown. Section ignored.
### mwldeppc.exe Linker Warning:
#   Section '.ignored' is unknown. Section ignored.
### mwldeppc.exe Linker Warning:
#   Section '.ignored' is unknown. Section ignored.
### mwldeppc.exe Linker Warning:
#   Section '.ignored' is unknown. Section ignored.
### mwldeppc.exe Linker Warning:
#   Section '.ignored' is unknown. Section ignored.
### mwldeppc.exe Linker Warning:
#   Section '.ignored' is unknown. Section ignored.
### mwldeppc.exe Linker Warning:
#   Section '.ignored' is unknown. Section ignored.
### mwldeppc.exe Linker Warning:
#   Section '.ignored' is unknown. Section ignored.
### mwldeppc.exe Linker Warning:
#   Section '.ignored' is unknown. Section ignored.
### mwldeppc.exe Linker Warning:
#   Section '.ignored' is unknown. Section ignored.
### mwldeppc.exe Linker Warning:
#   Section '.ignored' is unknown. Section ignored.
### mwldeppc.exe Linker Warning:
#   Section '.ignored' is unknown. Section ignored.
### mwldeppc.exe Linker Warning:
#   Section '.ignored' is unknown. Section ignored.
### mwldeppc.exe Linker Warning:
#   Section '.ignored' is unknown. Section ignored.
### mwldeppc.exe Linker Warning:
#   Section '.ignored' is unknown. Section ignored.
### mwldeppc.exe Linker Warning:
#   Section '.ignored' is unknown. Section ignored.
### mwldeppc.exe Linker Warning:
#   Section '.ignored' is unknown. Section ignored.
### mwldeppc.exe Linker Warning:
#   Section '.ignored' is unknown. Section ignored.
### mwldeppc.exe Linker Warning:
#   Section '.ignored' is unknown. Section ignored.
### mwldeppc.exe Linker Warning:
#   Section '.ignored' is unknown. Section ignored.
### mwldeppc.exe Linker Warning:
#   Section '.ignored' is unknown. Section ignored.
### mwldeppc.exe Linker Warning:
#   Section '.ignored' is unknown. Section ignored.
### mwldeppc.exe Linker Warning:
#   Section '.ignored' is unknown. Section ignored.
### mwldeppc.exe Linker Warning:
#   Section '.ignored' is unknown. Section ignored.
### mwldeppc.exe Linker Warning:
#   Section '.ignored' is unknown. Section ignored.
### mwldeppc.exe Linker Warning:
#   Section '.ignored' is unknown. Section ignored.
### mwldeppc.exe Linker Warning:
#   Section '.ignored' is unknown. Section ignored.
### mwldeppc.exe Linker Warning:
#   Section '.ignored' is unknown. Section ignored.
### mwldeppc.exe Linker Warning:
#   Section '.ignored' is unknown. Section ignored.
### mwldeppc.exe Linker Warning:
#   Section '.ignored' is unknown. Section ignored.
### mwldeppc.exe Linker Warning:
#   Section '.ignored' is unknown. Section ignored.
### mwldeppc.exe Linker Warning:
#   Section '.ignored' is unknown. Section ignored.
### mwldeppc.exe Linker Warning:
#   Section '.ignored' is unknown. Section ignored.
### mwldeppc.exe Linker Warning:
#   Section '.ignored' is unknown. Section ignored.
### mwldeppc.exe Linker Warning:
#   Section '.ignored' is unknown. Section ignored.
### mwldeppc.exe Linker Warning:
#   Section '.ignored' is unknown. Section ignored.
### mwldeppc.exe Linker Warning:
#   Section '.ignored' is unknown. Section ignored.
### mwldeppc.exe Linker Warning:
#   Section '.ignored' is unknown. Section ignored.
### mwldeppc.exe Linker Warning:
#   Section '.ignored' is unknown. Section ignored.
### mwldeppc.exe Linker Warning:
#   Section '.ignored' is unknown. Section ignored.
### mwldeppc.exe Linker Warning:
#   Section '.ignored' is unknown. Section ignored.
### mwldeppc.exe Linker Warning:
#   Section '.ignored' is unknown. Section ignored.
### mwldeppc.exe Linker Warning:
#   Section '.ignored' is unknown. Section ignored.
### mwldeppc.exe Linker Warning:
#   Section '.ignored' is unknown. Section ignored.
### mwldeppc.exe Linker Warning:
#   Section '.ignored' is unknown. Section ignored.
### mwldeppc.exe Linker Warning:
#   Section '.ignored' is unknown. Section ignored.
### mwldeppc.exe Linker Warning:
#   Section '.ignored' is unknown. Section ignored.
### mwldeppc.exe Linker Warning:
#   Section '.ignored' is unknown. Section ignored.
### mwldeppc.exe Linker Warning:
#   Section '.ignored' is unknown. Section ignored.
### mwldeppc.exe Linker Warning:
#   Section '.ignored' is unknown. Section ignored.
### mwldeppc.exe Linker Warning:
#   Section '.ignored' is unknown. Section ignored.
### mwldeppc.exe Linker Warning:
#   Section '.ignored' is unknown. Section ignored.
### mwldeppc.exe Linker Warning:
#   Section '.ignored' is unknown. Section ignored.
### mwldeppc.exe Linker Warning:
#   Section '.ignored' is unknown. Section ignored.
### mwldeppc.exe Linker Warning:
#   Section '.ignored' is unknown. Section ignored.
### mwldeppc.exe Linker Warning:
#   Section '.ignored' is unknown. Section ignored.
### mwldeppc.exe Linker Warning:
#   Section '.ignored' is unknown. Section ignored.
### mwldeppc.exe Linker Warning:
#   Section '.ignored' is unknown. Section ignored.
### mwldeppc.exe Linker Warning:
#   Section '.ignored' is unknown. Section ignored.
### mwldeppc.exe Linker Warning:
#   Section '.ignored' is unknown. Section ignored.
### mwldeppc.exe Linker Warning:
#   Section '.ignored' is unknown. Section ignored.
### mwldeppc.exe Linker Warning:
#   Section '.ignored' is unknown. Section ignored.
### mwldeppc.exe Linker Warning:
#   Section '.ignored' is unknown. Section ignored.
### mwldeppc.exe Linker Warning:
#   Section '.ignored' is unknown. Section ignored.
### mwldeppc.exe Linker Warning:
#   Section '.ignored' is unknown. Section ignored.
### mwldeppc.exe Linker Warning:
#   Section '.ignored' is unknown. Section ignored.
### mwldeppc.exe Linker Warning:
#   Section '.ignored' is unknown. Section ignored.
### mwldeppc.exe Linker Warning:
#   Section '.ignored' is unknown. Section ignored.
### mwldeppc.exe Linker Warning:
#   Section '.ignored' is unknown. Section ignored.
### mwldeppc.exe Linker Warning:
#   Section '.ignored' is unknown. Section ignored.
### mwldeppc.exe Linker Warning:
#   Section '.ignored' is unknown. Section ignored.
### mwldeppc.exe Linker Warning:
#   Section '.ignored' is unknown. Section ignored.
### mwldeppc.exe Linker Warning:
#   Section '.ignored' is unknown. Section ignored.
### mwldeppc.exe Linker Warning:
#   Section '.ignored' is unknown. Section ignored.
### mwldeppc.exe Linker Warning:
#   Section '.ignored' is unknown. Section ignored.
### mwldeppc.exe Linker Warning:
#   Section '.ignored' is unknown. Section ignored.
### mwldeppc.exe Linker Warning:
#   Section '.ignored' is unknown. Section ignored.
### mwldeppc.exe Linker Warning:
#   Section '.ignored' is unknown. Section ignored.
### mwldeppc.exe Linker Warning:
#   Section '.ignored' is unknown. Section ignored.
### mwldeppc.exe Linker Warning:
#   Section '.ignored' is unknown. Section ignored.
### mwldeppc.exe Linker Warning:
#   Section '.ignored' is unknown. Section ignored.
### mwldeppc.exe Linker Warning:
#   Section '.ignored' is unknown. Section ignored.
### mwldeppc.exe Linker Warning:
#   Section '.ignored' is unknown. Section ignored.
### mwldeppc.exe Linker Warning:
#   Section '.ignored' is unknown. Section ignored.
### mwldeppc.exe Linker Warning:
#   Section '.ignored' is unknown. Section ignored.
### mwldeppc.exe Linker Warning:
#   Section '.ignored' is unknown. Section ignored.
### mwldeppc.exe Linker Warning:
#   Section '.ignored' is unknown. Section ignored.
### mwldeppc.exe Linker Warning:
#   Section '.ignored' is unknown. Section ignored.
### mwldeppc.exe Linker Warning:
#   Section '.ignored' is unknown. Section ignored.
### mwldeppc.exe Linker Warning:
#   Section '.ignored' is unknown. Section ignored.
### mwldeppc.exe Linker Warning:
#   Section '.ignored' is unknown. Section ignored.
### mwldeppc.exe Linker Warning:
#   Section '.ignored' is unknown. Section ignored.
### mwldeppc.exe Linker Warning:
#   Section '.ignored' is unknown. Section ignored.
### mwldeppc.exe Linker Warning:
#   Section '.ignored' is unknown. Section ignored.
### mwldeppc.exe Linker Warning:
#   Section '.ignored' is unknown. Section ignored.
### mwldeppc.exe Linker Warning:
#   Section '.ignored' is unknown. Section ignored.
### mwldeppc.exe Linker Warning:
#   Section '.ignored' is unknown. Section ignored.
### mwldeppc.exe Linker Warning:
#   Section '.ignored' is unknown. Section ignored.
### mwldeppc.exe Linker Warning:
#   Section '.ignored' is unknown. Section ignored.
### mwldeppc.exe Linker Warning:
#   Section '.ignored' is unknown. Section ignored.
### mwldeppc.exe Linker Warning:
#   Section '.ignored' is unknown. Section ignored.
### mwldeppc.exe Linker Warning:
#   Section '.ignored' is unknown. Section ignored.
### mwldeppc.exe Linker Warning:
#   Section '.ignored' is unknown. Section ignored.
### mwldeppc.exe Linker Warning:
#   Section '.ignored' is unknown. Section ignored.
### mwldeppc.exe Linker Warning:
#   Section '.ignored' is unknown. Section ignored.
### mwldeppc.exe Linker Warning:
#   Section '.ignored' is unknown. Section ignored.
### mwldeppc.exe Linker Warning:
#   Section '.ignored' is unknown. Section ignored.
### mwldeppc.exe Linker Warning:
#   Section '.ignored' is unknown. Section ignored.
### mwldeppc.exe Linker Warning:
#   Section '.ignored' is unknown. Section ignored.
### mwldeppc.exe Linker Warning:
#   Section '.ignored' is unknown. Section ignored.
### mwldeppc.exe Linker Warning:
#   Section '.ignored' is unknown. Section ignored.
### mwldeppc.exe Linker Warning:
#   Section '.ignored' is unknown. Section ignored.
### mwldeppc.exe Linker Warning:
#   Section '.ignored' is unknown. Section ignored.
### mwldeppc.exe Linker Warning:
#   Section '.ignored' is unknown. Section ignored.
### mwldeppc.exe Linker Warning:
#   Section '.ignored' is unknown. Section ignored.
### mwldeppc.exe Linker Warning:
#   Section '.ignored' is unknown. Section ignored.
### mwldeppc.exe Linker Warning:
#   Section '.ignored' is unknown. Section ignored.
### mwldeppc.exe Linker Warning:
#   Section '.ignored' is unknown. Section ignored.
### mwldeppc.exe Linker Warning:
#   Section '.ignored' is unknown. Section ignored.
### mwldeppc.exe Linker Warning:
#   Section '.ignored' is unknown. Section ignored.
### mwldeppc.exe Linker Warning:
#   Section '.ignored' is unknown. Section ignored.
### mwldeppc.exe Linker Warning:
#   Section '.ignored' is unknown. Section ignored.
### mwldeppc.exe Linker Warning:
#   Section '.ignored' is unknown. Section ignored.
### mwldeppc.exe Linker Warning:
#   Section '.ignored' is unknown. Section ignored.
### mwldeppc.exe Linker Warning:
#   Section '.ignored' is unknown. Section ignored.
### mwldeppc.exe Linker Warning:
#   Section '.ignored' is unknown. Section ignored.
### mwldeppc.exe Linker Warning:
#   Section '.ignored' is unknown. Section ignored.
### mwldeppc.exe Linker Warning:
#   Section '.ignored' is unknown. Section ignored.
### mwldeppc.exe Linker Warning:
#   Section '.ignored' is unknown. Section ignored.
### mwldeppc.exe Linker Warning:
#   Section '.ignored' is unknown. Section ignored.
### mwldeppc.exe Linker Warning:
#   Section '.ignored' is unknown. Section ignored.
### mwldeppc.exe Linker Warning:
#   Section '.ignored' is unknown. Section ignored.
### mwldeppc.exe Linker Warning:
#   Section '.ignored' is unknown. Section ignored.
### mwldeppc.exe Linker Warning:
#   Section '.ignored' is unknown. Section ignored.
### mwldeppc.exe Linker Warning:
#   Section '.ignored' is unknown. Section ignored.
### mwldeppc.exe Linker Warning:
#   Section '.ignored' is unknown. Section ignored.
### mwldeppc.exe Linker Warning:
#   Section '.ignored' is unknown. Section ignored.
### mwldeppc.exe Linker Warning:
#   Section '.ignored' is unknown. Section ignored.
### mwldeppc.exe Linker Warning:
#   Section '.ignored' is unknown. Section ignored.
### mwldeppc.exe Linker Warning:
#   Section '.ignored' is unknown. Section ignored.
### mwldeppc.exe Linker Warning:
#   Section '.ignored' is unknown. Section ignored.
### mwldeppc.exe Linker Warning:
#   Section '.ignored' is unknown. Section ignored.
### mwldeppc.exe Linker Warning:
#   Section '.ignored' is unknown. Section ignored.
### mwldeppc.exe Linker Warning:
#   Section '.ignored' is unknown. Section ignored.
### mwldeppc.exe Linker Warning:
#   Section '.ignored' is unknown. Section ignored.
### mwldeppc.exe Linker Warning:
#   Section '.ignored' is unknown. Section ignored.
### mwldeppc.exe Linker Warning:
#   Section '.ignored' is unknown. Section ignored.
### mwldeppc.exe Linker Warning:
#   Section '.ignored' is unknown. Section ignored.
### mwldeppc.exe Linker Warning:
#   Section '.ignored' is unknown. Section ignored.
### mwldeppc.exe Linker Warning:
#   Section '.ignored' is unknown. Section ignored.
### mwldeppc.exe Linker Warning:
#   Section '.ignored' is unknown. Section ignored.
### mwldeppc.exe Linker Warning:
#   Section '.ignored' is unknown. Section ignored.
### mwldeppc.exe Linker Warning:
#   Section '.ignored' is unknown. Section ignored.
### mwldeppc.exe Linker Warning:
#   Section '.ignored' is unknown. Section ignored.
### mwldeppc.exe Linker Warning:
#   Section '.ignored' is unknown. Section ignored.
### mwldeppc.exe Linker Warning:
#   Section '.ignored' is unknown. Section ignored.
### mwldeppc.exe Linker Warning:
#   Section '.ignored' is unknown. Section ignored.
### mwldeppc.exe Linker Warning:
#   Section '.ignored' is unknown. Section ignored.
### mwldeppc.exe Linker Warning:
#   Section '.ignored' is unknown. Section ignored.
### mwldeppc.exe Linker Warning:
#   Section '.ignored' is unknown. Section ignored.
### mwldeppc.exe Linker Warning:
#   Section '.ignored' is unknown. Section ignored.
### mwldeppc.exe Linker Warning:
#   Section '.ignored' is unknown. Section ignored.
### mwldeppc.exe Linker Warning:
#   Section '.ignored' is unknown. Section ignored.
### mwldeppc.exe Linker Warning:
#   Section '.ignored' is unknown. Section ignored.
### mwldeppc.exe Linker Warning:
#   Section '.ignored' is unknown. Section ignored.
### mwldeppc.exe Linker Warning:
#   Section '.ignored' is unknown. Section ignored.
### mwldeppc.exe Linker Warning:
#   Section '.ignored' is unknown. Section ignored.
### mwldeppc.exe Linker Warning:
#   Section '.ignored' is unknown. Section ignored.
### mwldeppc.exe Linker Warning:
#   Section '.ignored' is unknown. Section ignored.
### mwldeppc.exe Linker Warning:
#   Section '.ignored' is unknown. Section ignored.
### mwldeppc.exe Linker Warning:
#   Section '.ignored' is unknown. Section ignored.
### mwldeppc.exe Linker Warning:
#   Section '.ignored' is unknown. Section ignored.
### mwldeppc.exe Linker Warning:
#   Section '.ignored' is unknown. Section ignored.
### mwldeppc.exe Linker Warning:
#   Section '.ignored' is unknown. Section ignored.
### mwldeppc.exe Linker Warning:
#   Section '.ignored' is unknown. Section ignored.
### mwldeppc.exe Linker Warning:
#   Section '.ignored' is unknown. Section ignored.
### mwldeppc.exe Linker Warning:
#   Section '.ignored' is unknown. Section ignored.
### mwldeppc.exe Linker Warning:
#   Section '.ignored' is unknown. Section ignored.
### mwldeppc.exe Linker Warning:
#   Section '.ignored' is unknown. Section ignored.
### mwldeppc.exe Linker Warning:
#   Section '.ignored' is unknown. Section ignored.
### mwldeppc.exe Linker Warning:
#   Section '.ignored' is unknown. Section ignored.
### mwldeppc.exe Linker Warning:
#   Section '.ignored' is unknown. Section ignored.
### mwldeppc.exe Linker Warning:
#   Section '.ignored' is unknown. Section ignored.
### mwldeppc.exe Linker Warning:
#   Section '.ignored' is unknown. Section ignored.
### mwldeppc.exe Linker Warning:
#   Section '.ignored' is unknown. Section ignored.
### mwldeppc.exe Linker Warning:
#   Section '.ignored' is unknown. Section ignored.
### mwldeppc.exe Linker Warning:
#   Section '.ignored' is unknown. Section ignored.
### mwldeppc.exe Linker Warning:
#   Section '.ignored' is unknown. Section ignored.
### mwldeppc.exe Linker Warning:
#   Section '.ignored' is unknown. Section ignored.
### mwldeppc.exe Linker Warning:
#   Section '.ignored' is unknown. Section ignored.
### mwldeppc.exe Linker Warning:
#   Section '.ignored' is unknown. Section ignored.
### mwldeppc.exe Linker Warning:
#   Section '.ignored' is unknown. Section ignored.
### mwldeppc.exe Linker Warning:
#   Section '.ignored' is unknown. Section ignored.
### mwldeppc.exe Linker Warning:
#   Section '.ignored' is unknown. Section ignored.
### mwldeppc.exe Linker Warning:
#   Section '.ignored' is unknown. Section ignored.
### mwldeppc.exe Linker Warning:
#   Section '.ignored' is unknown. Section ignored.
### mwldeppc.exe Linker Warning:
#   Section '.ignored' is unknown. Section ignored.
### mwldeppc.exe Linker Warning:
#   Section '.ignored' is unknown. Section ignored.
### mwldeppc.exe Linker Warning:
#   Section '.ignored' is unknown. Section ignored.
### mwldeppc.exe Linker Warning:
#   Section '.ignored' is unknown. Section ignored.
### mwldeppc.exe Linker Warning:
#   Section '.ignored' is unknown. Section ignored.
### mwldeppc.exe Linker Warning:
#   Section '.ignored' is unknown. Section ignored.
### mwldeppc.exe Linker Warning:
#   Section '.ignored' is unknown. Section ignored.
### mwldeppc.exe Linker Warning:
#   Section '.ignored' is unknown. Section ignored.
### mwldeppc.exe Linker Warning:
#   Section '.ignored' is unknown. Section ignored.
### mwldeppc.exe Linker Warning:
#   Section '.ignored' is unknown. Section ignored.
### mwldeppc.exe Linker Warning:
#   Section '.ignored' is unknown. Section ignored.
### mwldeppc.exe Linker Warning:
#   Section '.ignored' is unknown. Section ignored.
### mwldeppc.exe Linker Warning:
#   Section '.ignored' is unknown. Section ignored.
### mwldeppc.exe Linker Warning:
#   Section '.ignored' is unknown. Section ignored.
### mwldeppc.exe Linker Warning:
#   Section '.ignored' is unknown. Section ignored.
### mwldeppc.exe Linker Warning:
#   Section '.ignored' is unknown. Section ignored.
### mwldeppc.exe Linker Warning:
#   Section '.ignored' is unknown. Section ignored.
### mwldeppc.exe Linker Warning:
#   Section '.ignored' is unknown. Section ignored.
### mwldeppc.exe Linker Warning:
#   Section '.ignored' is unknown. Section ignored.
### mwldeppc.exe Linker Warning:
#   Section '.ignored' is unknown. Section ignored.
### mwldeppc.exe Linker Warning:
#   Section '.ignored' is unknown. Section ignored.
### mwldeppc.exe Linker Warning:
#   Section '.ignored' is unknown. Section ignored.
### mwldeppc.exe Linker Warning:
#   Section '.ignored' is unknown. Section ignored.
### mwldeppc.exe Linker Warning:
#   Section '.ignored' is unknown. Section ignored.
### mwldeppc.exe Linker Warning:
#   Section '.ignored' is unknown. Section ignored.
### mwldeppc.exe Linker Warning:
#   Section '.ignored' is unknown. Section ignored.
### mwldeppc.exe Linker Warning:
#   Section '.ignored' is unknown. Section ignored.
### mwldeppc.exe Linker Warning:
#   Section '.ignored' is unknown. Section ignored.
### mwldeppc.exe Linker Warning:
#   Section '.ignored' is unknown. Section ignored.
### mwldeppc.exe Linker Warning:
#   Section '.ignored' is unknown. Section ignored.
### mwldeppc.exe Linker Warning:
#   Section '.ignored' is unknown. Section ignored.
### mwldeppc.exe Linker Warning:
#   Section '.ignored' is unknown. Section ignored.
### mwldeppc.exe Linker Warning:
#   Section '.ignored' is unknown. Section ignored.
### mwldeppc.exe Linker Warning:
#   Section '.ignored' is unknown. Section ignored.
### mwldeppc.exe Linker Warning:
#   Section '.ignored' is unknown. Section ignored.
### mwldeppc.exe Linker Warning:
#   Section '.ignored' is unknown. Section ignored.
### mwldeppc.exe Linker Warning:
#   Section '.ignored' is unknown. Section ignored.
### mwldeppc.exe Linker Warning:
#   Section '.ignored' is unknown. Section ignored.
### mwldeppc.exe Linker Warning:
#   Section '.ignored' is unknown. Section ignored.
### mwldeppc.exe Linker Warning:
#   Section '.ignored' is unknown. Section ignored.
### mwldeppc.exe Linker Warning:
#   Section '.ignored' is unknown. Section ignored.
### mwldeppc.exe Linker Warning:
#   Section '.ignored' is unknown. Section ignored.
### mwldeppc.exe Linker Warning:
#   Section '.ignored' is unknown. Section ignored.
### mwldeppc.exe Linker Warning:
#   Section '.ignored' is unknown. Section ignored.
### mwldeppc.exe Linker Warning:
#   Section '.ignored' is unknown. Section ignored.
### mwldeppc.exe Linker Warning:
#   Section '.ignored' is unknown. Section ignored.
### mwldeppc.exe Linker Warning:
#   Section '.ignored' is unknown. Section ignored.
### mwldeppc.exe Linker Warning:
#   Section '.ignored' is unknown. Section ignored.
### mwldeppc.exe Linker Warning:
#   Section '.ignored' is unknown. Section ignored.
### mwldeppc.exe Linker Warning:
#   Section '.ignored' is unknown. Section ignored.
### mwldeppc.exe Linker Warning:
#   Section '.ignored' is unknown. Section ignored.
### mwldeppc.exe Linker Warning:
#   Section '.ignored' is unknown. Section ignored.
### mwldeppc.exe Linker Warning:
#   Section '.ignored' is unknown. Section ignored.
### mwldeppc.exe Linker Warning:
#   Section '.ignored' is unknown. Section ignored.
### mwldeppc.exe Linker Warning:
#   Section '.ignored' is unknown. Section ignored.
### mwldeppc.exe Linker Warning:
#   Section '.ignored' is unknown. Section ignored.
### mwldeppc.exe Linker Warning:
#   Section '.ignored' is unknown. Section ignored.
### mwldeppc.exe Linker Warning:
#   Section '.ignored' is unknown. Section ignored.
### mwldeppc.exe Linker Warning:
#   Section '.ignored' is unknown. Section ignored.
### mwldeppc.exe Linker Warning:
#   Section '.ignored' is unknown. Section ignored.
### mwldeppc.exe Linker Warning:
#   Section '.ignored' is unknown. Section ignored.
### mwldeppc.exe Linker Warning:
#   Section '.ignored' is unknown. Section ignored.
### mwldeppc.exe Linker Warning:
#   Section '.ignored' is unknown. Section ignored.
### mwldeppc.exe Linker Warning:
#   Section '.ignored' is unknown. Section ignored.
### mwldeppc.exe Linker Warning:
#   Section '.ignored' is unknown. Section ignored.
### mwldeppc.exe Linker Warning:
#   Section '.ignored' is unknown. Section ignored.
### mwldeppc.exe Linker Warning:
#   Section '.ignored' is unknown. Section ignored.
### mwldeppc.exe Linker Warning:
#   Section '.ignored' is unknown. Section ignored.
### mwldeppc.exe Linker Warning:
#   Section '.ignored' is unknown. Section ignored.
### mwldeppc.exe Linker Warning:
#   Section '.ignored' is unknown. Section ignored.
### mwldeppc.exe Linker Warning:
#   Section '.ignored' is unknown. Section ignored.
### mwldeppc.exe Linker Warning:
#   Section '.ignored' is unknown. Section ignored.
### mwldeppc.exe Linker Warning:
#   Section '.ignored' is unknown. Section ignored.
### mwldeppc.exe Linker Warning:
#   Section '.ignored' is unknown. Section ignored.
### mwldeppc.exe Linker Warning:
#   Section '.ignored' is unknown. Section ignored.
### mwldeppc.exe Linker Warning:
#   Section '.ignored' is unknown. Section ignored.
### mwldeppc.exe Linker Warning:
#   Section '.ignored' is unknown. Section ignored.
### mwldeppc.exe Linker Warning:
#   Section '.ignored' is unknown. Section ignored.
### mwldeppc.exe Linker Warning:
#   Section '.ignored' is unknown. Section ignored.
### mwldeppc.exe Linker Warning:
#   Section '.ignored' is unknown. Section ignored.
### mwldeppc.exe Linker Warning:
#   Section '.ignored' is unknown. Section ignored.
### mwldeppc.exe Linker Warning:
#   Section '.ignored' is unknown. Section ignored.
### mwldeppc.exe Linker Warning:
#   Section '.ignored' is unknown. Section ignored.
### mwldeppc.exe Linker Warning:
#   Section '.ignored' is unknown. Section ignored.
### mwldeppc.exe Linker Warning:
#   Section '.ignored' is unknown. Section ignored.
### mwldeppc.exe Linker Warning:
#   Section '.ignored' is unknown. Section ignored.
### mwldeppc.exe Linker Warning:
#   Section '.ignored' is unknown. Section ignored.
### mwldeppc.exe Linker Warning:
#   Section '.ignored' is unknown. Section ignored.
### mwldeppc.exe Linker Warning:
#   Section '.ignored' is unknown. Section ignored.
### mwldeppc.exe Linker Warning:
#   Section '.ignored' is unknown. Section ignored.
### mwldeppc.exe Linker Warning:
#   Section '.ignored' is unknown. Section ignored.
### mwldeppc.exe Linker Warning:
#   Section '.ignored' is unknown. Section ignored.
### mwldeppc.exe Linker Warning:
#   Section '.ignored' is unknown. Section ignored.
### mwldeppc.exe Linker Warning:
#   Section '.ignored' is unknown. Section ignored.
### mwldeppc.exe Linker Warning:
#   Section '.ignored' is unknown. Section ignored.
### mwldeppc.exe Linker Warning:
#   Section '.ignored' is unknown. Section ignored.
### mwldeppc.exe Linker Warning:
#   Section '.ignored' is unknown. Section ignored.
### mwldeppc.exe Linker Warning:
#   Section '.ignored' is unknown. Section ignored.
### mwldeppc.exe Linker Warning:
#   Section '.ignored' is unknown. Section ignored.
### mwldeppc.exe Linker Warning:
#   Section '.ignored' is unknown. Section ignored.
### mwldeppc.exe Linker Warning:
#   Section '.ignored' is unknown. Section ignored.
### mwldeppc.exe Linker Warning:
#   Section '.ignored' is unknown. Section ignored.
### mwldeppc.exe Linker Warning:
#   Section '.ignored' is unknown. Section ignored.
### mwldeppc.exe Linker Warning:
#   Section '.ignored' is unknown. Section ignored.
### mwldeppc.exe Linker Warning:
#   Section '.ignored' is unknown. Section ignored.
### mwldeppc.exe Linker Warning:
#   Section '.ignored' is unknown. Section ignored.
### mwldeppc.exe Linker Warning:
#   Section '.ignored' is unknown. Section ignored.
### mwldeppc.exe Linker Warning:
#   Section '.ignored' is unknown. Section ignored.
### mwldeppc.exe Linker Warning:
#   Section '.ignored' is unknown. Section ignored.
### mwldeppc.exe Linker Warning:
#   Section '.ignored' is unknown. Section ignored.
### mwldeppc.exe Linker Warning:
#   Section '.ignored' is unknown. Section ignored.
### mwldeppc.exe Linker Warning:
#   Section '.ignored' is unknown. Section ignored.
### mwldeppc.exe Linker Warning:
#   Section '.ignored' is unknown. Section ignored.
### mwldeppc.exe Linker Warning:
#   Section '.ignored' is unknown. Section ignored.
### mwldeppc.exe Linker Warning:
#   Section '.ignored' is unknown. Section ignored.
### mwldeppc.exe Linker Warning:
#   Section '.ignored' is unknown. Section ignored.
### mwldeppc.exe Linker Warning:
#   Section '.ignored' is unknown. Section ignored.
### mwldeppc.exe Linker Warning:
#   Section '.ignored' is unknown. Section ignored.
### mwldeppc.exe Linker Warning:
#   Section '.ignored' is unknown. Section ignored.
### mwldeppc.exe Linker Warning:
#   Section '.ignored' is unknown. Section ignored.
### mwldeppc.exe Linker Warning:
#   Section '.ignored' is unknown. Section ignored.
### mwldeppc.exe Linker Warning:
#   Section '.ignored' is unknown. Section ignored.
### mwldeppc.exe Linker Warning:
#   Section '.ignored' is unknown. Section ignored.
### mwldeppc.exe Linker Warning:
#   Section '.ignored' is unknown. Section ignored.
### mwldeppc.exe Linker Warning:
#   Section '.ignored' is unknown. Section ignored.
### mwldeppc.exe Linker Warning:
#   Section '.ignored' is unknown. Section ignored.
### mwldeppc.exe Linker Warning:
#   Section '.ignored' is unknown. Section ignored.
### mwldeppc.exe Linker Warning:
#   Section '.ignored' is unknown. Section ignored.
### mwldeppc.exe Linker Warning:
#   Section '.ignored' is unknown. Section ignored.
### mwldeppc.exe Linker Warning:
#   Section '.ignored' is unknown. Section ignored.
### mwldeppc.exe Linker Warning:
#   Section '.ignored' is unknown. Section ignored.
### mwldeppc.exe Linker Warning:
#   Section '.ignored' is unknown. Section ignored.
### mwldeppc.exe Linker Warning:
#   Section '.ignored' is unknown. Section ignored.
### mwldeppc.exe Linker Warning:
#   Section '.ignored' is unknown. Section ignored.
### mwldeppc.exe Linker Warning:
#   Section '.ignored' is unknown. Section ignored.
### mwldeppc.exe Linker Warning:
#   Section '.ignored' is unknown. Section ignored.
### mwldeppc.exe Linker Warning:
#   Section '.ignored' is unknown. Section ignored.
### mwldeppc.exe Linker Warning:
#   Section '.ignored' is unknown. Section ignored.
### mwldeppc.exe Linker Warning:
#   Section '.ignored' is unknown. Section ignored.
### mwldeppc.exe Linker Warning:
#   Section '.ignored' is unknown. Section ignored.
### mwldeppc.exe Linker Warning:
#   Section '.ignored' is unknown. Section ignored.
### mwldeppc.exe Linker Warning:
#   Section '.ignored' is unknown. Section ignored.
### mwldeppc.exe Linker Warning:
#   Section '.ignored' is unknown. Section ignored.
### mwldeppc.exe Linker Warning:
#   Section '.ignored' is unknown. Section ignored.
### mwldeppc.exe Linker Warning:
#   Section '.ignored' is unknown. Section ignored.
### mwldeppc.exe Linker Warning:
#   Section '.ignored' is unknown. Section ignored.
### mwldeppc.exe Linker Warning:
#   Section '.ignored' is unknown. Section ignored.
### mwldeppc.exe Linker Warning:
#   Section '.ignored' is unknown. Section ignored.
### mwldeppc.exe Linker Warning:
#   Section '.ignored' is unknown. Section ignored.
### mwldeppc.exe Linker Warning:
#   Section '.ignored' is unknown. Section ignored.
### mwldeppc.exe Linker Warning:
#   Section '.ignored' is unknown. Section ignored.
### mwldeppc.exe Linker Warning:
#   Section '.ignored' is unknown. Section ignored.
### mwldeppc.exe Linker Warning:
#   Section '.ignored' is unknown. Section ignored.
### mwldeppc.exe Linker Warning:
#   Section '.ignored' is unknown. Section ignored.
### mwldeppc.exe Linker Warning:
#   Section '.ignored' is unknown. Section ignored.
### mwldeppc.exe Linker Warning:
#   Section '.ignored' is unknown. Section ignored.
### mwldeppc.exe Linker Warning:
#   Section '.ignored' is unknown. Section ignored.
### mwldeppc.exe Linker Warning:
#   Section '.ignored' is unknown. Section ignored.
### mwldeppc.exe Linker Warning:
#   Section '.ignored' is unknown. Section ignored.
### mwldeppc.exe Linker Warning:
#   Section '.ignored' is unknown. Section ignored.
### mwldeppc.exe Linker Warning:
#   Section '.ignored' is unknown. Section ignored.
### mwldeppc.exe Linker Warning:
#   Section '.ignored' is unknown. Section ignored.
### mwldeppc.exe Linker Warning:
#   Section '.ignored' is unknown. Section ignored.
### mwldeppc.exe Linker Warning:
#   Section '.ignored' is unknown. Section ignored.
### mwldeppc.exe Linker Warning:
#   Section '.ignored' is unknown. Section ignored.
### mwldeppc.exe Linker Warning:
#   Section '.ignored' is unknown. Section ignored.
### mwldeppc.exe Linker Warning:
#   Section '.ignored' is unknown. Section ignored.
### mwldeppc.exe Linker Warning:
#   Section '.ignored' is unknown. Section ignored.
### mwldeppc.exe Linker Warning:
#   Section '.ignored' is unknown. Section ignored.
### mwldeppc.exe Linker Warning:
#   Section '.ignored' is unknown. Section ignored.
### mwldeppc.exe Linker Warning:
#   Section '.ignored' is unknown. Section ignored.
### mwldeppc.exe Linker Warning:
#   Section '.ignored' is unknown. Section ignored.
### mwldeppc.exe Linker Warning:
#   Section '.ignored' is unknown. Section ignored.
### mwldeppc.exe Linker Warning:
#   Section '.ignored' is unknown. Section ignored.
### mwldeppc.exe Linker Warning:
#   Section '.ignored' is unknown. Section ignored.
### mwldeppc.exe Linker Warning:
#   Section '.ignored' is unknown. Section ignored.
### mwldeppc.exe Linker Warning:
#   Section '.ignored' is unknown. Section ignored.
### mwldeppc.exe Linker Warning:
#   Section '.ignored' is unknown. Section ignored.
### mwldeppc.exe Linker Warning:
#   Section '.ignored' is unknown. Section ignored.
### mwldeppc.exe Linker Warning:
#   Section '.ignored' is unknown. Section ignored.
### mwldeppc.exe Linker Warning:
#   Section '.ignored' is unknown. Section ignored.
### mwldeppc.exe Linker Warning:
#   Section '.ignored' is unknown. Section ignored.
### mwldeppc.exe Linker Warning:
#   Section '.ignored' is unknown. Section ignored.
### mwldeppc.exe Linker Warning:
#   Section '.ignored' is unknown. Section ignored.
### mwldeppc.exe Linker Warning:
#   Section '.ignored' is unknown. Section ignored.
### mwldeppc.exe Linker Warning:
#   Section '.ignored' is unknown. Section ignored.
### mwldeppc.exe Linker Warning:
#   Section '.ignored' is unknown. Section ignored.
### mwldeppc.exe Linker Warning:
#   Section '.ignored' is unknown. Section ignored.
### mwldeppc.exe Linker Warning:
#   Section '.ignored' is unknown. Section ignored.
### mwldeppc.exe Linker Warning:
#   Section '.ignored' is unknown. Section ignored.
### mwldeppc.exe Linker Warning:
#   Section '.ignored' is unknown. Section ignored.
### mwldeppc.exe Linker Warning:
#   Section '.ignored' is unknown. Section ignored.
### mwldeppc.exe Linker Warning:
#   Section '.ignored' is unknown. Section ignored.
### mwldeppc.exe Linker Warning:
#   Section '.ignored' is unknown. Section ignored.
### mwldeppc.exe Linker Warning:
#   Section '.ignored' is unknown. Section ignored.
### mwldeppc.exe Linker Warning:
#   Section '.ignored' is unknown. Section ignored.
### mwldeppc.exe Linker Warning:
#   Section '.ignored' is unknown. Section ignored.
### mwldeppc.exe Linker Warning:
#   Section '.ignored' is unknown. Section ignored.
### mwldeppc.exe Linker Warning:
#   Section '.ignored' is unknown. Section ignored.
### mwldeppc.exe Linker Warning:
#   Section '.ignored' is unknown. Section ignored.
### mwldeppc.exe Linker Warning:
#   Section '.ignored' is unknown. Section ignored.
### mwldeppc.exe Linker Warning:
#   Section '.ignored' is unknown. Section ignored.
### mwldeppc.exe Linker Warning:
#   Section '.ignored' is unknown. Section ignored.
### mwldeppc.exe Linker Warning:
#   Section '.ignored' is unknown. Section ignored.
### mwldeppc.exe Linker Warning:
#   Section '.ignored' is unknown. Section ignored.
### mwldeppc.exe Linker Warning:
#   Section '.ignored' is unknown. Section ignored.
### mwldeppc.exe Linker Warning:
#   Section '.ignored' is unknown. Section ignored.
### mwldeppc.exe Linker Warning:
#   Section '.ignored' is unknown. Section ignored.
### mwldeppc.exe Linker Warning:
#   Section '.ignored' is unknown. Section ignored.
### mwldeppc.exe Linker Warning:
#   Section '.ignored' is unknown. Section ignored.
### mwldeppc.exe Linker Warning:
#   Section '.ignored' is unknown. Section ignored.
### mwldeppc.exe Linker Warning:
#   Section '.ignored' is unknown. Section ignored.
### mwldeppc.exe Linker Warning:
#   Section '.ignored' is unknown. Section ignored.
### mwldeppc.exe Linker Warning:
#   Section '.ignored' is unknown. Section ignored.
### mwldeppc.exe Linker Warning:
#   Section '.ignored' is unknown. Section ignored.
### mwldeppc.exe Linker Warning:
#   Section '.ignored' is unknown. Section ignored.
### mwldeppc.exe Linker Warning:
#   Section '.ignored' is unknown. Section ignored.
### mwldeppc.exe Linker Warning:
#   Section '.ignored' is unknown. Section ignored.
### mwldeppc.exe Linker Warning:
#   Section '.ignored' is unknown. Section ignored.
### mwldeppc.exe Linker Warning:
#   Section '.ignored' is unknown. Section ignored.
### mwldeppc.exe Linker Warning:
#   Section '.ignored' is unknown. Section ignored.
### mwldeppc.exe Linker Warning:
#   Section '.ignored' is unknown. Section ignored.
### mwldeppc.exe Linker Warning:
#   Section '.ignored' is unknown. Section ignored.
### mwldeppc.exe Linker Warning:
#   Section '.ignored' is unknown. Section ignored.
### mwldeppc.exe Linker Warning:
#   Section '.ignored' is unknown. Section ignored.
### mwldeppc.exe Linker Warning:
#   Section '.ignored' is unknown. Section ignored.
### mwldeppc.exe Linker Warning:
#   Section '.ignored' is unknown. Section ignored.
### mwldeppc.exe Linker Warning:
#   Section '.ignored' is unknown. Section ignored.
### mwldeppc.exe Linker Warning:
#   Section '.ignored' is unknown. Section ignored.
### mwldeppc.exe Linker Warning:
#   Section '.ignored' is unknown. Section ignored.
### mwldeppc.exe Linker Warning:
#   Section '.ignored' is unknown. Section ignored.
### mwldeppc.exe Linker Warning:
#   Section '.ignored' is unknown. Section ignored.
### mwldeppc.exe Linker Warning:
#   Section '.ignored' is unknown. Section ignored.
### mwldeppc.exe Linker Warning:
#   Section '.ignored' is unknown. Section ignored.
### mwldeppc.exe Linker Warning:
#   Section '.ignored' is unknown. Section ignored.
### mwldeppc.exe Linker Warning:
#   Section '.ignored' is unknown. Section ignored.
### mwldeppc.exe Linker Warning:
#   Section '.ignored' is unknown. Section ignored.
### mwldeppc.exe Linker Warning:
#   Section '.ignored' is unknown. Section ignored.
### mwldeppc.exe Linker Warning:
#   Section '.ignored' is unknown. Section ignored.
### mwldeppc.exe Linker Warning:
#   Section '.ignored' is unknown. Section ignored.
### mwldeppc.exe Linker Warning:
#   Section '.ignored' is unknown. Section ignored.
### mwldeppc.exe Linker Warning:
#   Section '.ignored' is unknown. Section ignored.
### mwldeppc.exe Linker Warning:
#   Section '.ignored' is unknown. Section ignored.
### mwldeppc.exe Linker Warning:
#   Section '.ignored' is unknown. Section ignored.
### mwldeppc.exe Linker Warning:
#   Section '.ignored' is unknown. Section ignored.
### mwldeppc.exe Linker Warning:
#   Section '.ignored' is unknown. Section ignored.
### mwldeppc.exe Linker Warning:
#   Section '.ignored' is unknown. Section ignored.
### mwldeppc.exe Linker Warning:
#   Section '.ignored' is unknown. Section ignored.
### mwldeppc.exe Linker Warning:
#   Section '.ignored' is unknown. Section ignored.
### mwldeppc.exe Linker Warning:
#   Section '.ignored' is unknown. Section ignored.
### mwldeppc.exe Linker Warning:
#   Section '.ignored' is unknown. Section ignored.
### mwldeppc.exe Linker Warning:
#   Section '.ignored' is unknown. Section ignored.
### mwldeppc.exe Linker Warning:
#   Section '.ignored' is unknown. Section ignored.
### mwldeppc.exe Linker Warning:
#   Section '.ignored' is unknown. Section ignored.
### mwldeppc.exe Linker Warning:
#   Section '.ignored' is unknown. Section ignored.
### mwldeppc.exe Linker Warning:
#   Section '.ignored' is unknown. Section ignored.
### mwldeppc.exe Linker Warning:
#   Section '.ignored' is unknown. Section ignored.
### mwldeppc.exe Linker Warning:
#   Section '.ignored' is unknown. Section ignored.
### mwldeppc.exe Linker Warning:
#   Section '.ignored' is unknown. Section ignored.
### mwldeppc.exe Linker Warning:
#   Section '.ignored' is unknown. Section ignored.
### mwldeppc.exe Linker Warning:
#   Section '.ignored' is unknown. Section ignored.
### mwldeppc.exe Linker Warning:
#   Section '.ignored' is unknown. Section ignored.
### mwldeppc.exe Linker Warning:
#   Section '.ignored' is unknown. Section ignored.
### mwldeppc.exe Linker Warning:
#   Section '.ignored' is unknown. Section ignored.
### mwldeppc.exe Linker Warning:
#   Section '.ignored' is unknown. Section ignored.
### mwldeppc.exe Linker Warning:
#   Section '.ignored' is unknown. Section ignored.
### mwldeppc.exe Linker Warning:
#   Section '.ignored' is unknown. Section ignored.
### mwldeppc.exe Linker Warning:
#   Section '.ignored' is unknown. Section ignored.
### mwldeppc.exe Linker Warning:
#   Section '.ignored' is unknown. Section ignored.
### mwldeppc.exe Linker Warning:
#   Section '.ignored' is unknown. Section ignored.
### mwldeppc.exe Linker Warning:
#   Section '.ignored' is unknown. Section ignored.
### mwldeppc.exe Linker Warning:
#   Section '.ignored' is unknown. Section ignored.
### mwldeppc.exe Linker Warning:
#   Section '.ignored' is unknown. Section ignored.
### mwldeppc.exe Linker Warning:
#   Section '.ignored' is unknown. Section ignored.
### mwldeppc.exe Linker Warning:
#   Section '.ignored' is unknown. Section ignored.
### mwldeppc.exe Linker Warning:
#   Section '.ignored' is unknown. Section ignored.
### mwldeppc.exe Linker Warning:
#   Section '.ignored' is unknown. Section ignored.
### mwldeppc.exe Linker Warning:
#   Section '.ignored' is unknown. Section ignored.
### mwldeppc.exe Linker Warning:
#   Section '.ignored' is unknown. Section ignored.
### mwldeppc.exe Linker Warning:
#   Section '.ignored' is unknown. Section ignored.
### mwldeppc.exe Linker Warning:
#   Section '.ignored' is unknown. Section ignored.
### mwldeppc.exe Linker Warning:
#   Section '.ignored' is unknown. Section ignored.
### mwldeppc.exe Linker Warning:
#   Section '.ignored' is unknown. Section ignored.
### mwldeppc.exe Linker Warning:
#   Section '.ignored' is unknown. Section ignored.
### mwldeppc.exe Linker Warning:
#   Section '.ignored' is unknown. Section ignored.
### mwldeppc.exe Linker Warning:
#   Section '.ignored' is unknown. Section ignored.
### mwldeppc.exe Linker Warning:
#   Section '.ignored' is unknown. Section ignored.
### mwldeppc.exe Linker Warning:
#   Section '.ignored' is unknown. Section ignored.
### mwldeppc.exe Linker Warning:
#   Section '.ignored' is unknown. Section ignored.
### mwldeppc.exe Linker Warning:
#   Section '.ignored' is unknown. Section ignored.
### mwldeppc.exe Linker Warning:
#   Section '.ignored' is unknown. Section ignored.
### mwldeppc.exe Linker Warning:
#   Section '.ignored' is unknown. Section ignored.
### mwldeppc.exe Linker Warning:
#   Section '.ignored' is unknown. Section ignored.
### mwldeppc.exe Linker Warning:
#   Section '.ignored' is unknown. Section ignored.
### mwldeppc.exe Linker Warning:
#   Section '.ignored' is unknown. Section ignored.
### mwldeppc.exe Linker Warning:
#   Section '.ignored' is unknown. Section ignored.
### mwldeppc.exe Linker Warning:
#   Section '.ignored' is unknown. Section ignored.
### mwldeppc.exe Linker Warning:
#   Section '.ignored' is unknown. Section ignored.
### mwldeppc.exe Linker Warning:
#   Section '.ignored' is unknown. Section ignored.
### mwldeppc.exe Linker Warning:
#   Section '.ignored' is unknown. Section ignored.
### mwldeppc.exe Linker Warning:
#   Section '.ignored' is unknown. Section ignored.
### mwldeppc.exe Linker Warning:
#   Section '.ignored' is unknown. Section ignored.
### mwldeppc.exe Linker Warning:
#   Section '.ignored' is unknown. Section ignored.
### mwldeppc.exe Linker Warning:
#   Section '.ignored' is unknown. Section ignored.
### mwldeppc.exe Linker Warning:
#   Section '.ignored' is unknown. Section ignored.
### mwldeppc.exe Linker Warning:
#   Section '.ignored' is unknown. Section ignored.
### mwldeppc.exe Linker Warning:
#   Section '.ignored' is unknown. Section ignored.
### mwldeppc.exe Linker Warning:
#   Section '.ignored' is unknown. Section ignored.
### mwldeppc.exe Linker Warning:
#   Section '.ignored' is unknown. Section ignored.
### mwldeppc.exe Linker Warning:
#   Section '.ignored' is unknown. Section ignored.
### mwldeppc.exe Linker Warning:
#   Section '.ignored' is unknown. Section ignored.
### mwldeppc.exe Linker Warning:
#   Section '.ignored' is unknown. Section ignored.
### mwldeppc.exe Linker Warning:
#   Section '.ignored' is unknown. Section ignored.
### mwldeppc.exe Linker Warning:
#   Section '.ignored' is unknown. Section ignored.
### mwldeppc.exe Linker Warning:
#   Section '.ignored' is unknown. Section ignored.
### mwldeppc.exe Linker Warning:
#   Section '.ignored' is unknown. Section ignored.
### mwldeppc.exe Linker Warning:
#   Section '.ignored' is unknown. Section ignored.
### mwldeppc.exe Linker Warning:
#   Section '.ignored' is unknown. Section ignored.
### mwldeppc.exe Linker Warning:
#   Section '.ignored' is unknown. Section ignored.
### mwldeppc.exe Linker Warning:
#   Section '.ignored' is unknown. Section ignored.
### mwldeppc.exe Linker Warning:
#   Section '.ignored' is unknown. Section ignored.
### mwldeppc.exe Linker Warning:
#   Section '.ignored' is unknown. Section ignored.
### mwldeppc.exe Linker Warning:
#   Section '.ignored' is unknown. Section ignored.
### mwldeppc.exe Linker Warning:
#   Section '.ignored' is unknown. Section ignored.
### mwldeppc.exe Linker Warning:
#   Section '.ignored' is unknown. Section ignored.
### mwldeppc.exe Linker Warning:
#   Section '.ignored' is unknown. Section ignored.
### mwldeppc.exe Linker Warning:
#   Section '.ignored' is unknown. Section ignored.
### mwldeppc.exe Linker Warning:
#   Section '.ignored' is unknown. Section ignored.
### mwldeppc.exe Linker Warning:
#   Section '.ignored' is unknown. Section ignored.
### mwldeppc.exe Linker Warning:
#   Section '.ignored' is unknown. Section ignored.
### mwldeppc.exe Linker Warning:
#   Section '.ignored' is unknown. Section ignored.
### mwldeppc.exe Linker Warning:
#   Section '.ignored' is unknown. Section ignored.
### mwldeppc.exe Linker Warning:
#   Section '.ignored' is unknown. Section ignored.
### mwldeppc.exe Linker Warning:
#   Section '.ignored' is unknown. Section ignored.
### mwldeppc.exe Linker Warning:
#   Section '.ignored' is unknown. Section ignored.
### mwldeppc.exe Linker Warning:
#   Section '.ignored' is unknown. Section ignored.
### mwldeppc.exe Linker Warning:
#   Section '.ignored' is unknown. Section ignored.
### mwldeppc.exe Linker Warning:
#   Section '.ignored' is unknown. Section ignored.
### mwldeppc.exe Linker Warning:
#   Section '.ignored' is unknown. Section ignored.
### mwldeppc.exe Linker Warning:
#   Section '.ignored' is unknown. Section ignored.
[964/966] DOL build/GEDE01/main.dol
[965/966] CHECK config/GEDE01/build.sha1
build/GEDE01/main.dol: OK
[966/966] PROGRESS
Progress:
  All: 60.97% fuzzy, 51.35% matched, 51.22% linked (6366 / 7080 files)
    Code: 1181372 / 2300692 bytes (6134 / 8214 functions)
    Data: 39866 / 4305642 bytes (0.93%)
  Game Code: 98.02% fuzzy, 82.52% matched, 82.31% linked (6348 / 6644 files)
    Code: 1178344 / 1428024 bytes (6072 / 6365 functions)
    Data: 39642 / 40522 bytes (97.83%)
  SDK/Runtime: 100.00% fuzzy, 100.00% matched, 100.00% linked (18 / 18 files)
    Code: 3028 / 3028 bytes (62 / 62 functions)
    Data: 224 / 224 bytes (100.00%)

Command: .tools/bin/ninja -j2
Exit code: 0
