$ python3 configure.py

exit_code=0
$ .tools/bin/ninja -j2
[1/929] MWCC build/GEDE01/src/game/game_fn_80008014.o
[2/929] MWCC build/GEDE01/src/game/game_fn_800094C0.o
[3/929] MWCC build/GEDE01/src/game/game_fn_800096E0.o
[4/929] MWCC build/GEDE01/src/game/game_fn_800098C0.o
[5/929] MWCC build/GEDE01/src/game/game_fn_800099D8.o
[6/929] MWCC build/GEDE01/src/game/game_fn_80009AB4.o
[7/929] MWCC build/GEDE01/src/game/game_fn_8000AC88.o
[8/929] MWCC build/GEDE01/src/game/game_fn_8000A26C.o
[9/929] MWCC build/GEDE01/src/game/game_fn_8000AEB4.o
[10/929] MWCC build/GEDE01/src/game/game_fn_8000AFB4.o
[11/929] MWCC build/GEDE01/src/game/game_fn_8000B1B8.o
[12/929] MWCC build/GEDE01/src/game/game_fn_8000B36C.o
[13/929] MWCC build/GEDE01/src/game/game_fn_8000B630.o
[14/929] MWCC build/GEDE01/src/game/game_fn_8000B7FC.o
[15/929] MWCC build/GEDE01/src/game/game_fn_8000BA0C.o
[16/929] MWCC build/GEDE01/src/game/game_fn_8000B900.o
[17/929] MWCC build/GEDE01/src/game/game_fn_8000BAA0.o
[18/929] MWCC build/GEDE01/src/game/game_fn_8000BC40.o
[19/929] MWCC build/GEDE01/src/game/game_fn_8000C17C.o
[20/929] MWCC build/GEDE01/src/game/game_fn_8000C06C.o
[21/929] MWCC build/GEDE01/src/game/game_fn_8000C400.o
[22/929] MWCC build/GEDE01/src/game/game_fn_8000C848.o
[23/929] MWCC build/GEDE01/src/game/game_fn_8000D0BC.o
[24/929] MWCC build/GEDE01/src/game/game_fn_8000C91C.o
[25/929] MWCC build/GEDE01/src/game/game_fn_8000D3D4.o
[26/929] MWCC build/GEDE01/src/game/game_fn_8000D590.o
[27/929] MWCC build/GEDE01/src/game/game_fn_8000D8A4.o
[28/929] MWCC build/GEDE01/src/game/game_fn_8000DA50.o
[29/929] MWCC build/GEDE01/src/game/game_fn_8000DAF4.o
[30/929] MWCC build/GEDE01/src/game/game_fn_8000E054.o
[31/929] MWCC build/GEDE01/src/game/game_fn_8000E0AC.o
[32/929] MWCC build/GEDE01/src/game/game_fn_8000E138.o
[33/929] MWCC build/GEDE01/src/game/game_fn_8000E1C4.o
[34/929] MWCC build/GEDE01/src/game/game_fn_8000E96C.o
[35/929] MWCC build/GEDE01/src/game/game_fn_8000EB14.o
[36/929] MWCC build/GEDE01/src/game/game_fn_8000EBD4.o
[37/929] MWCC build/GEDE01/src/game/game_fn_8000ED44.o
[38/929] MWCC build/GEDE01/src/game/game_fn_8000EFC4.o
[39/929] MWCC build/GEDE01/src/game/game_fn_8000F4B0.o
[40/929] MWCC build/GEDE01/src/game/game_fn_8000F774.o
[41/929] MWCC build/GEDE01/src/game/game_fn_8000FDE8.o
[42/929] MWCC build/GEDE01/src/game/game_fn_8000FFD8.o
[43/929] MWCC build/GEDE01/src/game/game_fn_800119FC.o
[44/929] MWCC build/GEDE01/src/game/game_fn_80012DA8.o
[45/929] MWCC build/GEDE01/src/game/game_fn_80012F40.o
[46/929] MWCC build/GEDE01/src/game/game_fn_80012FD0.o
[47/929] MWCC build/GEDE01/src/game/game_fn_800131E8.o
[48/929] MWCC build/GEDE01/src/game/game_fn_80013340.o
[49/929] MWCC build/GEDE01/src/game/game_fn_80013870.o
[50/929] MWCC build/GEDE01/src/game/game_fn_80013CB0.o
[51/929] MWCC build/GEDE01/src/game/game_fn_80013D54.o
[52/929] MWCC build/GEDE01/src/game/game_fn_800142DC.o
[53/929] MWCC build/GEDE01/src/game/game_fn_800144CC.o
[54/929] MWCC build/GEDE01/src/game/game_fn_80014784.o
[55/929] MWCC build/GEDE01/src/game/game_fn_800149D4.o
[56/929] MWCC build/GEDE01/src/game/game_fn_80015058.o
[57/929] MWCC build/GEDE01/src/game/game_fn_80015320.o
[58/929] MWCC build/GEDE01/src/game/game_fn_80015568.o
[59/929] MWCC build/GEDE01/src/game/game_fn_800156FC.o
[60/929] MWCC build/GEDE01/src/game/game_fn_80015BE0.o
[61/929] MWCC build/GEDE01/src/game/game_fn_80015D40.o
[62/929] MWCC build/GEDE01/src/game/game_fn_80015F04.o
[63/929] MWCC build/GEDE01/src/game/game_fn_80016128.o
[64/929] MWCC build/GEDE01/src/game/game_fn_80016270.o
[65/929] MWCC build/GEDE01/src/game/game_fn_80016904.o
[66/929] MWCC build/GEDE01/src/game/game_fn_80016B24.o
[67/929] MWCC build/GEDE01/src/game/game_fn_800171C0.o
[68/929] MWCC build/GEDE01/src/game/game_fn_800173CC.o
[69/929] MWCC build/GEDE01/src/game/game_fn_800176F0.o
[70/929] MWCC build/GEDE01/src/game/game_fn_80017910.o
[71/929] MWCC build/GEDE01/src/game/game_fn_80017A3C.o
[72/929] MWCC build/GEDE01/src/game/game_fn_800179AC.o
[73/929] MWCC build/GEDE01/src/game/game_fn_80017AE4.o
[74/929] MWCC build/GEDE01/src/game/game_fn_80017C3C.o
[75/929] MWCC build/GEDE01/src/game/game_fn_80017CC8.o
[76/929] MWCC build/GEDE01/src/game/game_fn_80017DB0.o
[77/929] MWCC build/GEDE01/src/game/game_fn_80018EF4.o
[78/929] MWCC build/GEDE01/src/game/game_fn_80019054.o
[79/929] MWCC build/GEDE01/src/game/game_fn_80019244.o
[80/929] MWCC build/GEDE01/src/game/game_fn_800194D0.o
[81/929] MWCC build/GEDE01/src/game/game_fn_80019940.o
[82/929] MWCC build/GEDE01/src/game/game_fn_80019C10.o
[83/929] MWCC build/GEDE01/src/game/game_fn_80019D2C.o
[84/929] MWCC build/GEDE01/src/game/game_fn_80019F98.o
[85/929] MWCC build/GEDE01/src/game/game_fn_8001AAB8.o
[86/929] MWCC build/GEDE01/src/game/game_fn_8001A6C4.o
[87/929] MWCC build/GEDE01/src/game/game_fn_8001ADF8.o
[88/929] MWCC build/GEDE01/src/game/game_fn_8001AF68.o
[89/929] MWCC build/GEDE01/src/game/game_fn_8001B294.o
[90/929] MWCC build/GEDE01/src/game/game_fn_8001B124.o
[91/929] MWCC build/GEDE01/src/game/game_fn_8001B808.o
[92/929] MWCC build/GEDE01/src/game/game_fn_8001B874.o
[93/929] MWCC build/GEDE01/src/game/game_fn_8001C078.o
[94/929] MWCC build/GEDE01/src/game/game_fn_8001CA04.o
[95/929] MWCC build/GEDE01/src/game/game_fn_8001CD58.o
[96/929] MWCC build/GEDE01/src/game/game_fn_8001CE94.o
[97/929] MWCC build/GEDE01/src/game/game_fn_8001E644.o
[98/929] MWCC build/GEDE01/src/game/game_fn_8001FE1C.o
[99/929] MWCC build/GEDE01/src/game/game_fn_80020E94.o
[100/929] MWCC build/GEDE01/src/game/game_fn_80024F28.o
[101/929] MWCC build/GEDE01/src/game/game_fn_800272B4.o
[102/929] MWCC build/GEDE01/src/game/game_fn_8002B748.o
[103/929] MWCC build/GEDE01/src/game/game_fn_8002DAE0.o
[104/929] MWCC build/GEDE01/src/game/game_fn_8002E3F0.o
[105/929] MWCC build/GEDE01/src/game/game_fn_8002EA68.o
[106/929] MWCC build/GEDE01/src/game/game_fn_8002F428.o
[107/929] MWCC build/GEDE01/src/game/game_fn_80031544.o
[108/929] MWCC build/GEDE01/src/game/game_fn_8003232C.o
[109/929] MWCC build/GEDE01/src/game/game_fn_80032B84.o
[110/929] MWCC build/GEDE01/src/game/game_fn_80033038.o
[111/929] MWCC build/GEDE01/src/game/game_fn_80033180.o
[112/929] MWCC build/GEDE01/src/game/game_fn_800359A0.o
[113/929] MWCC build/GEDE01/src/game/game_fn_800361F8.o
[114/929] MWCC build/GEDE01/src/game/game_fn_80036C40.o
[115/929] MWCC build/GEDE01/src/game/game_fn_80038878.o
[116/929] MWCC build/GEDE01/src/game/game_fn_80048ADC.o
[117/929] MWCC build/GEDE01/src/game/game_fn_80048B24.o
[118/929] MWCC build/GEDE01/src/game/game_fn_8004998C.o
[119/929] MWCC build/GEDE01/src/game/game_fn_80052310.o
[120/929] MWCC build/GEDE01/src/game/game_fn_80050B08.o
[121/929] MWCC build/GEDE01/src/game/game_fn_800542D0.o
[122/929] MWCC build/GEDE01/src/game/game_fn_8005EC6C.o
[123/929] MWCC build/GEDE01/src/game/game_fn_8005EE9C.o
[124/929] MWCC build/GEDE01/src/game/game_data_80239E10.o
[125/929] MWCC build/GEDE01/src/game/game_data_80239E18.o
[126/929] MWCC build/GEDE01/src/game/game_fn_8005FD84.o
[127/929] MWCC build/GEDE01/src/game/game_fn_80066E78.o
[128/929] MWCC build/GEDE01/src/game/game_fn_80066888.o
[129/929] MWCC build/GEDE01/src/game/game_fn_8006B0F0.o
[130/929] MWCC build/GEDE01/src/game/game_fn_8006B620.o
[131/929] MWCC build/GEDE01/src/game/game_fn_80071A58.o
[132/929] MWCC build/GEDE01/src/game/game_fn_8006E53C.o
[133/929] MWCC build/GEDE01/src/game/game_fn_80078500.o
[134/929] MWCC build/GEDE01/src/game/game_fn_80074310.o
[135/929] MWCC build/GEDE01/src/game/game_fn_80079908.o
[136/929] MWCC build/GEDE01/src/game/game_fn_80079AA4.o
[137/929] MWCC build/GEDE01/src/game/game_fn_8007B540.o
[138/929] MWCC build/GEDE01/src/game/game_fn_8007B2F4.o
[139/929] MWCC build/GEDE01/src/game/game_fn_8007B640.o
[140/929] MWCC build/GEDE01/src/game/game_fn_8007B828.o
[141/929] MWCC build/GEDE01/src/game/game_fn_8007BA3C.o
[142/929] MWCC build/GEDE01/src/game/game_fn_8007D4D8.o
[143/929] MWCC build/GEDE01/src/game/game_fn_8007F770.o
[144/929] MWCC build/GEDE01/src/game/game_fn_800886D8.o
[145/929] MWCC build/GEDE01/src/game/game_fn_80088F4C.o
[146/929] MWCC build/GEDE01/src/game/game_fn_80089A34.o
[147/929] MWCC build/GEDE01/src/game/game_fn_8008A2E0.o
[148/929] MWCC build/GEDE01/src/game/game_fn_8008F224.o
[149/929] MWCC build/GEDE01/src/game/game_fn_8008F890.o
[150/929] MWCC build/GEDE01/src/game/game_fn_80090004.o
[151/929] MWCC build/GEDE01/src/game/game_fn_800934A0.o
[152/929] MWCC build/GEDE01/src/game/game_fn_80095D10.o
[153/929] MWCC build/GEDE01/src/game/game_fn_80095E64.o
[154/929] MWCC build/GEDE01/src/game/game_fn_80095FDC.o
[155/929] MWCC build/GEDE01/src/game/game_fn_80096830.o
[156/929] MWCC build/GEDE01/src/game/game_fn_8009C424.o
[157/929] MWCC build/GEDE01/src/game/game_fn_8009E808.o
[158/929] MWCC build/GEDE01/src/game/game_fn_800A2130.o
[159/929] MWCC build/GEDE01/src/game/game_fn_800A2B8C.o
[160/929] MWCC build/GEDE01/src/game/game_fn_800A2FCC.o
[161/929] MWCC build/GEDE01/src/game/game_fn_800A3180.o
[162/929] MWCC build/GEDE01/src/game/game_fn_800A3894.o
[163/929] MWCC build/GEDE01/src/game/game_fn_800A4798.o
[164/929] MWCC build/GEDE01/src/game/game_fn_800A4428.o
[165/929] MWCC build/GEDE01/src/game/game_fn_800A7E88.o
[166/929] MWCC build/GEDE01/src/game/game_fn_800AF230.o
[167/929] MWCC build/GEDE01/src/game/game_fn_800BB5C4.o
[168/929] MWCC build/GEDE01/src/game/game_fn_800B2EC0.o
[169/929] MWCC build/GEDE01/src/game/game_fn_800BB7A8.o
[170/929] MWCC build/GEDE01/src/game/game_fn_800BB9A4.o
[171/929] MWCC build/GEDE01/src/game/game_fn_800BBAF0.o
[172/929] MWCC build/GEDE01/src/game/game_fn_800C030C.o
[173/929] MWCC build/GEDE01/src/game/game_fn_800C17EC.o
[174/929] MWCC build/GEDE01/src/game/game_fn_800C59F0.o
[175/929] MWCC build/GEDE01/src/game/game_fn_800C644C.o
[176/929] MWCC build/GEDE01/src/game/game_fn_800C65FC.o
[177/929] MWCC build/GEDE01/src/game/game_fn_800C9C60.o
[178/929] MWCC build/GEDE01/src/game/game_fn_800CB760.o
[179/929] MWCC build/GEDE01/src/game/game_fn_800CB8F4.o
[180/929] MWCC build/GEDE01/src/game/game_fn_800CF598.o
[181/929] MWCC build/GEDE01/src/game/game_fn_800D9064.o
[182/929] MWCC build/GEDE01/src/game/game_fn_800D9E10.o
[183/929] MWCC build/GEDE01/src/game/game_fn_800E4980.o
[184/929] MWCC build/GEDE01/src/game/game_fn_800DC4D4.o
[185/929] MWCC build/GEDE01/src/game/game_TRKNubWelcome.o
[186/929] MWCC build/GEDE01/src/game/game_TRK_main.o
[187/929] MWCC build/GEDE01/src/game/game_fn_800FD0C8.o
[188/929] MWCC build/GEDE01/src/game/game_InitMetroTRKCommTable.o
[189/929] MWCC build/GEDE01/src/game/game_fn_8010242C.o
[190/929] MWCC build/GEDE01/src/game/game_fn_801098C0.o
[191/929] MWCC build/GEDE01/src/game/game_fn_8010F184.o
[192/929] MWCC build/GEDE01/src/game/game_fn_801126E0.o
[193/929] MWCC build/GEDE01/src/game/game_fn_801128E4.o
[194/929] MWCC build/GEDE01/src/game/game_fn_801141B8.o
[195/929] MWCC build/GEDE01/src/game/game_fn_80119C70.o
[196/929] MWCC build/GEDE01/src/game/game_fn_8011F140.o
[197/929] MWCC build/GEDE01/src/game/game_fn_80126A00.o
[198/929] MWCC build/GEDE01/src/game/game_fn_801247F8.o
[199/929] MWCC build/GEDE01/src/game/game_fn_8012976C.o
[200/929] MWCC build/GEDE01/src/game/game_fn_8012DB28.o
[201/929] MWCC build/GEDE01/src/game/game_fn_8013D6A4.o
[202/929] MWCC build/GEDE01/src/game/game_fn_8013CBE4.o
[203/929] MWCC build/GEDE01/src/game/game_fn_8014549C.o
[204/929] MWCC build/GEDE01/src/game/game_fn_8013DB8C.o
[205/929] MWCC build/GEDE01/src/game/game_fn_8014AF38.o
[206/929] MWCC build/GEDE01/src/game/game_fn_8014B494.o
[207/929] MWCC build/GEDE01/src/game/game_fn_8014CA98.o
[208/929] MWCC build/GEDE01/src/game/game_fn_8014BA14.o
[209/929] MWCC build/GEDE01/src/game/game_fn_801535D8.o
[210/929] MWCC build/GEDE01/src/game/game_fn_80150A24.o
[211/929] MWCC build/GEDE01/src/game/game_fn_80153898.o
[212/929] MWCC build/GEDE01/src/game/game_fn_80153A24.o
[213/929] MWCC build/GEDE01/src/game/game_fn_80154F74.o
[214/929] MWCC build/GEDE01/src/game/game_fn_80155814.o
[215/929] MWCC build/GEDE01/src/game/game_fn_80157C0C.o
[216/929] MWCC build/GEDE01/src/game/game_fn_80158B20.o
[217/929] MWCC build/GEDE01/src/game/game_fn_80158D38.o
[218/929] MWCC build/GEDE01/src/game/game_fn_8015DB84.o
[219/929] MWCC build/GEDE01/src/game/game_fn_8015DC54.o
[220/929] MWCC build/GEDE01/src/game/game_fn_8015EDC0.o
[221/929] MWCC build/GEDE01/src/game/game_fn_80167454.o
[222/929] MWCC build/GEDE01/src/game/game_fn_80167B5C.o
[223/929] MWCC build/GEDE01/src/game/game_fn_80169650.o
[224/929] MWCC build/GEDE01/src/game/game_fn_8016BD0C.o
[225/929] MWCC build/GEDE01/src/game/game_fn_8016BE1C.o
[226/929] MWCC build/GEDE01/src/game/game_fn_8016BF60.o
[227/929] MWCC build/GEDE01/src/game/game_fn_8016C0BC.o
[228/929] MWCC build/GEDE01/src/game/game_fn_8016C164.o
[229/929] MWCC build/GEDE01/src/game/game_fn_8016C238.o
[230/929] MWCC build/GEDE01/src/game/game_fn_8016C4BC.o
[231/929] MWCC build/GEDE01/src/game/game_fn_8016C774.o
[232/929] MWCC build/GEDE01/src/game/game_fn_8016D040.o
[233/929] MWCC build/GEDE01/src/game/game_fn_8016D1F8.o
[234/929] MWCC build/GEDE01/src/game/game_fn_8016D2B8.o
[235/929] MWCC build/GEDE01/src/game/game_fn_8016DF4C.o
[236/929] MWCC build/GEDE01/src/game/game_fn_8016D9C0.o
[237/929] MWCC build/GEDE01/src/game/game_fn_8016E8F8.o
[238/929] MWCC build/GEDE01/src/game/game_fn_8016FEF8.o
[239/929] MWCC build/GEDE01/src/game/game_fn_8017038C.o
[240/929] MWCC build/GEDE01/src/game/game_fn_801704F8.o
[241/929] MWCC build/GEDE01/src/game/game_fn_801706DC.o
[242/929] MWCC build/GEDE01/src/game/game_fn_80170A40.o
[243/929] MWCC build/GEDE01/src/game/game_fn_80170E9C.o
[244/929] MWCC build/GEDE01/src/game/game_fn_80170DF4.o
[245/929] MWCC build/GEDE01/src/game/game_fn_8017138C.o
[246/929] MWCC build/GEDE01/src/game/game_fn_80171664.o
[247/929] MWCC build/GEDE01/src/game/game_fn_801718F4.o
[248/929] MWCC build/GEDE01/src/game/game_fn_801719B4.o
[249/929] MWCC build/GEDE01/src/game/game_fn_8017250C.o
[250/929] MWCC build/GEDE01/src/game/game_fn_80171F30.o
[251/929] MWCC build/GEDE01/src/game/game_fn_80172BB0.o
[252/929] MWCC build/GEDE01/src/game/game_fn_801726EC.o
[253/929] MWCC build/GEDE01/src/game/game_fn_80172DB8.o
[254/929] MWCC build/GEDE01/src/game/game_fn_80172C78.o
[255/929] MWCC build/GEDE01/src/game/game_fn_801734B4.o
[256/929] MWCC build/GEDE01/src/game/game_fn_80173270.o
[257/929] MWCC build/GEDE01/src/game/game_fn_80173770.o
[258/929] MWCC build/GEDE01/src/game/game_fn_80173BDC.o
[259/929] MWCC build/GEDE01/src/game/game_fn_80173D44.o
[260/929] MWCC build/GEDE01/src/game/game_fn_80173F04.o
[261/929] MWCC build/GEDE01/src/game/game_fn_80174184.o
[262/929] MWCC build/GEDE01/src/game/game_fn_80174358.o
[263/929] MWCC build/GEDE01/src/game/game_fn_80174F2C.o
[264/929] MWCC build/GEDE01/src/game/game_fn_801752B0.o
[265/929] MWCC build/GEDE01/src/game/game_fn_80175A08.o
[266/929] MWCC build/GEDE01/src/game/game_fn_8017553C.o
[267/929] MWCC build/GEDE01/src/game/game_fn_80175E64.o
[268/929] MWCC build/GEDE01/src/game/game_fn_80175F0C.o
[269/929] MWCC build/GEDE01/src/game/game_fn_80175FD4.o
[270/929] MWCC build/GEDE01/src/game/game_fn_80176098.o
[271/929] MWCC build/GEDE01/src/game/game_fn_80176160.o
[272/929] MWCC build/GEDE01/src/game/game_fn_80176220.o
[273/929] MWCC build/GEDE01/src/game/game_fn_8017652C.o
[274/929] MWCC build/GEDE01/src/game/game_fn_801762E8.o
[275/929] MWCC build/GEDE01/src/game/game_fn_80176DF4.o
[276/929] MWCC build/GEDE01/src/game/game_fn_80176FA0.o
[277/929] MWCC build/GEDE01/src/game/game_fn_801770F8.o
[278/929] MWCC build/GEDE01/src/game/game_fn_8017718C.o
[279/929] MWCC build/GEDE01/src/game/game_fn_80178F88.o
[280/929] MWCC build/GEDE01/src/game/game_fn_80177434.o
[281/929] MWCC build/GEDE01/src/game/game_fn_80179398.o
[282/929] MWCC build/GEDE01/src/game/game_fn_8017960C.o
[283/929] MWCC build/GEDE01/src/game/game_fn_8017974C.o
[284/929] MWCC build/GEDE01/src/game/game_fn_80179904.o
[285/929] MWCC build/GEDE01/src/game/game_fn_80179A18.o
[286/929] MWCC build/GEDE01/src/game/game_fn_80179A74.o
[287/929] MWCC build/GEDE01/src/game/game_fn_80179EB8.o
[288/929] MWCC build/GEDE01/src/game/game_fn_80179F20.o
[289/929] MWCC build/GEDE01/src/game/game_fn_8017A010.o
[290/929] MWCC build/GEDE01/src/game/game_fn_8017A12C.o
[291/929] MWCC build/GEDE01/src/game/game_fn_8017A1C0.o
[292/929] MWCC build/GEDE01/src/game/game_fn_8017A9B8.o
[293/929] MWCC build/GEDE01/src/game/game_fn_8017AC20.o
[294/929] MWCC build/GEDE01/src/game/game_fn_8017E850.o
[295/929] MWCC build/GEDE01/src/game/game_fn_8017E958.o
[296/929] MWCC build/GEDE01/src/game/game_fn_80180DDC.o
[297/929] MWCC build/GEDE01/src/game/game_fn_801810A0.o
[298/929] MWCC build/GEDE01/src/game/game_fn_801816D4.o
[299/929] MWCC build/GEDE01/src/game/game_fn_801859FC.o
[300/929] MWCC build/GEDE01/src/game/game_fn_80185AE8.o
[301/929] MWCC build/GEDE01/src/game/game_fn_80185F10.o
[302/929] MWCC build/GEDE01/src/game/game_fn_801861C4.o
[303/929] MWCC build/GEDE01/src/game/game_fn_801865EC.o
[304/929] MWCC build/GEDE01/src/game/game_fn_8018680C.o
[305/929] MWCC build/GEDE01/src/game/game_fn_80186E10.o
[306/929] MWCC build/GEDE01/src/game/game_fn_80186F70.o
[307/929] MWCC build/GEDE01/src/game/game_fn_80187120.o
[308/929] MWCC build/GEDE01/src/game/game_fn_80187320.o
[309/929] MWCC build/GEDE01/src/game/game_fn_801875FC.o
[310/929] MWCC build/GEDE01/src/game/game_fn_801878E0.o
[311/929] MWCC build/GEDE01/src/game/game_fn_80187BB4.o
[312/929] MWCC build/GEDE01/src/game/game_fn_80187E40.o
[313/929] MWCC build/GEDE01/src/game/game_fn_80188A7C.o
[314/929] MWCC build/GEDE01/src/game/game_fn_80188B44.o
[315/929] MWCC build/GEDE01/src/game/game_fn_80188C1C.o
[316/929] MWCC build/GEDE01/src/game/game_fn_80188E28.o
[317/929] MWCC build/GEDE01/src/game/game_fn_80189028.o
[318/929] MWCC build/GEDE01/src/game/game_fn_801891D8.o
[319/929] MWCC build/GEDE01/src/game/game_fn_80189390.o
[320/929] MWCC build/GEDE01/src/game/game_fn_801895E8.o
[321/929] MWCC build/GEDE01/src/game/game_fn_801896A0.o
[322/929] MWCC build/GEDE01/src/game/game_fn_80189760.o
[323/929] MWCC build/GEDE01/src/game/game_fn_80189968.o
[324/929] MWCC build/GEDE01/src/game/game_fn_80189C14.o
[325/929] MWCC build/GEDE01/src/game/game_fn_8018C2D0.o
[326/929] MWCC build/GEDE01/src/game/game_fn_8018D1F0.o
[327/929] MWCC build/GEDE01/src/game/game_fn_8018D2E0.o
[328/929] MWCC build/GEDE01/src/game/game_fn_8018D400.o
[329/929] MWCC build/GEDE01/src/game/game_fn_8018D688.o
[330/929] MWCC build/GEDE01/src/game/game_fn_8018DC24.o
[331/929] MWCC build/GEDE01/src/game/game_fn_8018E0D8.o
[332/929] MWCC build/GEDE01/src/game/game_fn_8018F1D0.o
[333/929] MWCC build/GEDE01/src/game/game_fn_8018F81C.o
[334/929] MWCC build/GEDE01/src/game/game_fn_8018FEDC.o
[335/929] MWCC build/GEDE01/src/game/game_fn_8019120C.o
[336/929] MWCC build/GEDE01/src/game/game_fn_80191360.o
[337/929] MWCC build/GEDE01/src/game/game_fn_801916D0.o
[338/929] MWCC build/GEDE01/src/game/game_fn_8019197C.o
[339/929] MWCC build/GEDE01/src/game/game_fn_80191F58.o
[340/929] MWCC build/GEDE01/src/game/game_fn_801926EC.o
[341/929] MWCC build/GEDE01/src/game/game_fn_801929A4.o
[342/929] MWCC build/GEDE01/src/game/game_fn_80192F54.o
[343/929] MWCC build/GEDE01/src/game/game_fn_801931C4.o
[344/929] MWCC build/GEDE01/src/game/game_fn_80193E1C.o
[345/929] MWCC build/GEDE01/src/game/game_fn_80193F3C.o
[346/929] MWCC build/GEDE01/src/game/game_fn_80194F80.o
[347/929] MWCC build/GEDE01/src/game/game_fn_801952E8.o
[348/929] MWCC build/GEDE01/src/game/game_fn_80197910.o
[349/929] MWCC build/GEDE01/src/game/game_fn_80198154.o
[350/929] MWCC build/GEDE01/src/game/game_fn_80198AAC.o
[351/929] MWCC build/GEDE01/src/game/game_fn_80198BF4.o
[352/929] MWCC build/GEDE01/src/game/game_fn_801991E0.o
[353/929] MWCC build/GEDE01/src/game/game_fn_8019B1BC.o
[354/929] MWCC build/GEDE01/src/game/game_fn_8019CC28.o
[355/929] MWCC build/GEDE01/src/game/game_fn_8019CFC4.o
[356/929] MWCC build/GEDE01/src/game/game_fn_8019E5E4.o
[357/929] MWCC build/GEDE01/src/game/game_fn_8019E8C8.o
[358/929] MWCC build/GEDE01/src/game/game_fn_801A1F18.o
[359/929] MWCC build/GEDE01/src/game/game_fn_801A2A54.o
[360/929] MWCC build/GEDE01/src/game/game_fn_801A34BC.o
[361/929] MWCC build/GEDE01/src/game/game_fn_801A3A78.o
[362/929] MWCC build/GEDE01/src/game/game_fn_801A4430.o
[363/929] MWCC build/GEDE01/src/game/game_fn_801A4CE0.o
[364/929] MWCC build/GEDE01/src/game/game_fn_801A5FB0.o
[365/929] MWCC build/GEDE01/src/game/game_fn_801A6410.o
[366/929] MWCC build/GEDE01/src/game/game_fn_801A657C.o
[367/929] MWCC build/GEDE01/src/game/game_fn_801A6ADC.o
[368/929] MWCC build/GEDE01/src/game/game_fn_801A6C58.o
[369/929] MWCC build/GEDE01/src/game/game_fn_801A6CB4.o
[370/929] MWCC build/GEDE01/src/game/game_fn_801A7E04.o
[371/929] MWCC build/GEDE01/src/game/game_fn_801A7EA8.o
[372/929] MWCC build/GEDE01/src/game/game_fn_801A93E8.o
[373/929] MWCC build/GEDE01/src/game/game_fn_801AB154.o
[374/929] MWCC build/GEDE01/src/game/game_fn_801ABD3C.o
[375/929] MWCC build/GEDE01/src/game/game_fn_801AC8AC.o
[376/929] MWCC build/GEDE01/src/game/game_fn_801ACFE8.o
[377/929] MWCC build/GEDE01/src/game/game_fn_801AD08C.o
[378/929] MWCC build/GEDE01/src/game/game_fn_801AFA74.o
[379/929] MWCC build/GEDE01/src/game/game_fn_801B02F0.o
[380/929] MWCC build/GEDE01/src/game/game_fn_801B1BA0.o
[381/929] MWCC build/GEDE01/src/game/game_fn_801B35BC.o
[382/929] MWCC build/GEDE01/src/game/game_fn_801B46C8.o
[383/929] MWCC build/GEDE01/src/game/game_fn_801B4FB4.o
[384/929] MWCC build/GEDE01/src/game/game_fn_801B5228.o
[385/929] MWCC build/GEDE01/src/game/game_fn_801B58F0.o
[386/929] MWCC build/GEDE01/src/game/game_fn_801B6F1C.o
[387/929] MWCC build/GEDE01/src/game/game_fn_801B86C0.o
[388/929] MWCC build/GEDE01/src/game/game_fn_801B9E7C.o
[389/929] MWCC build/GEDE01/src/game/game_fn_801B941C.o
[390/929] MWCC build/GEDE01/src/game/game_fn_801BA15C.o
[391/929] MWCC build/GEDE01/src/game/game_fn_801BA708.o
[392/929] MWCC build/GEDE01/src/game/game_fn_801BA94C.o
[393/929] MWCC build/GEDE01/src/game/game_fn_801BB1A0.o
[394/929] MWCC build/GEDE01/src/game/game_fn_801BC0D4.o
[395/929] MWCC build/GEDE01/src/game/game_fn_801BC240.o
[396/929] MWCC build/GEDE01/src/game/game_fn_801BC8F4.o
[397/929] MWCC build/GEDE01/src/game/game_fn_801BCC04.o
[398/929] MWCC build/GEDE01/src/game/game_fn_801BD990.o
[399/929] MWCC build/GEDE01/src/game/game_fn_801BDE7C.o
[400/929] MWCC build/GEDE01/src/game/game_fn_801BE0D4.o
[401/929] MWCC build/GEDE01/src/game/game_fn_801BEF40.o
[402/929] MWCC build/GEDE01/src/game/game_fn_801C1CB0.o
[403/929] MWCC build/GEDE01/src/game/game_fn_801C2980.o
[404/929] MWCC build/GEDE01/src/game/game_fn_801C29BC.o
[405/929] MWCC build/GEDE01/src/game/game_fn_801C2AAC.o
[406/929] MWCC build/GEDE01/src/game/game_fn_801C2D9C.o
[407/929] MWCC build/GEDE01/src/game/game_fn_801C8160.o
[408/929] MWCC build/GEDE01/src/game/game_fn_801C8224.o
[409/929] MWCC build/GEDE01/src/game/game_fn_801C4B5C.o
[410/929] MWCC build/GEDE01/src/game/game_fn_801C8600.o
[411/929] MWCC build/GEDE01/src/game/game_fn_801C87DC.o
[412/929] MWCC build/GEDE01/src/game/game_fn_801C8CC0.o
[413/929] MWCC build/GEDE01/src/game/game_fn_801C8F50.o
[414/929] MWCC build/GEDE01/src/game/game_fn_801C90A4.o
[415/929] MWCC build/GEDE01/src/game/game_fn_801C9510.o
[416/929] MWCC build/GEDE01/src/game/game_fn_801C970C.o
[417/929] MWCC build/GEDE01/src/game/game_fn_801C9A08.o
[418/929] MWCC build/GEDE01/src/game/game_fn_801C9B1C.o
[419/929] MWCC build/GEDE01/src/game/game_fn_801CD228.o
[420/929] MWCC build/GEDE01/src/game/game_fn_801CB4F8.o
[421/929] MWCC build/GEDE01/src/game/game_fn_801CE09C.o
[422/929] MWCC build/GEDE01/src/game/game_fn_801CE594.o
[423/929] MWCC build/GEDE01/src/game/game_fn_801D1B10.o
[424/929] MWCC build/GEDE01/src/game/game_fn_801D1F78.o
[425/929] MWCC build/GEDE01/src/game/game_fn_801D3988.o
[426/929] MWCC build/GEDE01/src/game/game_fn_801D76A8.o
[427/929] MWCC build/GEDE01/src/game/game_fn_801D7C24.o
[428/929] MWCC build/GEDE01/src/game/game_fn_801D8050.o
[429/929] MWCC build/GEDE01/src/game/game_fn_801D9FE4.o
[430/929] MWCC build/GEDE01/src/game/game_fn_801E2A48.o
[431/929] MWCC build/GEDE01/src/game/game_fn_801E41AC.o
[432/929] MWCC build/GEDE01/src/game/game_fn_801E504C.o
[433/929] MWCC build/GEDE01/src/game/game_fn_801E6814.o
[434/929] MWCC build/GEDE01/src/game/game_fn_801E7014.o
[435/929] MWCC build/GEDE01/src/game/game_fn_801EAA04.o
[436/929] MWCC build/GEDE01/src/game/game_fn_801E995C.o
[437/929] MWCC build/GEDE01/src/game/game_fn_801EB09C.o
[438/929] MWCC build/GEDE01/src/game/game_fn_801EB11C.o
[439/929] MWCC build/GEDE01/src/game/game_fn_801ECD74.o
[440/929] MWCC build/GEDE01/src/game/game_fn_801ECF50.o
[441/929] MWCC build/GEDE01/src/game/game_fn_801ED5F4.o
[442/929] MWCC build/GEDE01/src/game/game_fn_801EF580.o
[443/929] MWCC build/GEDE01/src/game/game_fn_801EF910.o
[444/929] MWCC build/GEDE01/src/game/game_fn_801F0CB0.o
[445/929] MWCC build/GEDE01/src/game/game_fn_801F10BC.o
[446/929] MWCC build/GEDE01/src/game/game_fn_801F1A38.o
[447/929] MWCC build/GEDE01/src/game/game_fn_801F35A8.o
[448/929] MWCC build/GEDE01/src/game/game_fn_801F55A0.o
[449/929] MWCC build/GEDE01/src/game/game_fn_801F69F0.o
[450/929] MWCC build/GEDE01/src/game/game_fn_801F6BD8.o
[451/929] MWCC build/GEDE01/src/game/game_fn_801F7510.o
[452/929] MWCC build/GEDE01/src/game/game_fn_801F76EC.o
[453/929] MWCC build/GEDE01/src/game/game_fn_801F8264.o
[454/929] MWCC build/GEDE01/src/game/game_fn_801F89B4.o
[455/929] MWCC build/GEDE01/src/game/game_fn_801F8FAC.o
[456/929] MWCC build/GEDE01/src/game/game_fn_801F9AF8.o
[457/929] MWCC build/GEDE01/src/game/game_fn_801F9CF4.o
[458/929] MWCC build/GEDE01/src/game/game_fn_801FA9C8.o
[459/929] MWCC build/GEDE01/src/game/game_fn_801FB6A4.o
[460/929] MWCC build/GEDE01/src/game/game_fn_801FC034.o
[461/929] MWCC build/GEDE01/src/game/game_fn_801FC204.o
[462/929] EXTERNALIZE build/GEDE01/src/game/game_fn_800A2B8C.o
[463/929] MWCC build/GEDE01/src/game/game_fn_801FFE78.o
[464/929] EXTERNALIZE build/GEDE01/src/game/game_fn_800DC4D4.o
[465/929] EXTERNALIZE build/GEDE01/src/game/game_fn_80119C70.o
[466/929] EXTERNALIZE build/GEDE01/src/game/game_fn_80175A08.o
[467/929] EXTERNALIZE build/GEDE01/src/game/game_fn_80066E78.o
[468/929] EXTERNALIZE build/GEDE01/src/game/game_fn_801247F8.o
[469/929] EXTERNALIZE build/GEDE01/src/game/game_fn_801EF910.o
[470/929] EXTERNALIZE build/GEDE01/src/game/game_fn_801ECF50.o
[471/929] EXTERNALIZE build/GEDE01/src/game/game_fn_801FC204.o
[472/929] EXTERNALIZE JUMPTABLES build/GEDE01/src/game/game_fn_80050B08.o
[473/929] EXTERNALIZE build/GEDE01/src/game/game_fn_801EB09C.o
[474/929] EXTERNALIZE build/GEDE01/src/game/game_fn_801EB11C.o
[475/929] EXTERNALIZE build/GEDE01/src/game/game_fn_801D9FE4.o
[476/929] EXTERNALIZE build/GEDE01/src/game/game_fn_801E41AC.o
[477/929] EXTERNALIZE build/GEDE01/src/game/game_fn_801D76A8.o
[478/929] EXTERNALIZE build/GEDE01/src/game/game_fn_801D8050.o
[479/929] EXTERNALIZE build/GEDE01/src/game/game_fn_801D7C24.o
[480/929] EXTERNALIZE build/GEDE01/src/game/game_fn_8019B1BC.o
[481/929] EXTERNALIZE build/GEDE01/src/game/game_fn_80178F88.o
[482/929] EXTERNALIZE build/GEDE01/src/game/game_fn_801CD228.o
[483/929] EXTERNALIZE build/GEDE01/src/game/game_fn_801C970C.o
[484/929] EXTERNALIZE build/GEDE01/src/game/game_fn_801BA15C.o
[485/929] EXTERNALIZE build/GEDE01/src/game/game_fn_801C9510.o
[486/929] EXTERNALIZE build/GEDE01/src/game/game_fn_80126A00.o
[487/929] EXTERNALIZE build/GEDE01/src/game/game_fn_8013D6A4.o
[488/929] EXTERNALIZE build/GEDE01/src/game/game_fn_800C9C60.o
[489/929] EXTERNALIZE build/GEDE01/src/game/game_fn_801B5228.o
[490/929] EXTERNALIZE build/GEDE01/src/game/game_fn_801B4FB4.o
[491/929] EXTERNALIZE build/GEDE01/src/game/game_fn_801C87DC.o
[492/929] EXTERNALIZE build/GEDE01/src/game/game_fn_801B6F1C.o
[493/929] EXTERNALIZE build/GEDE01/src/game/game_fn_801C8CC0.o
[494/929] EXTERNALIZE build/GEDE01/src/game/game_fn_800FD0C8.o
[495/929] EXTERNALIZE build/GEDE01/src/game/game_fn_801BDE7C.o
[496/929] EXTERNALIZE build/GEDE01/src/game/game_fn_801BE0D4.o
[497/929] EXTERNALIZE STATIC POOL build/GEDE01/src/game/game_fn_801C9A08.o
build/GEDE01/src/game/game_fn_801C9A08.o: lbl_80629390 now undefined; section 3 emptied
[498/929] EXTERNALIZE build/GEDE01/src/game/game_fn_801B941C.o
[499/929] EXTERNALIZE STATIC POOL build/GEDE01/src/game/game_fn_801C9B1C.o
build/GEDE01/src/game/game_fn_801C9B1C.o: lbl_80629390 now undefined; section 3 emptied
[500/929] EXTERNALIZE STATIC POOL build/GEDE01/src/game/game_fn_801BD990.o
build/GEDE01/src/game/game_fn_801BD990.o: lbl_80626D80 now undefined; section 6 emptied
[501/929] EXTERNALIZE STATIC POOL build/GEDE01/src/game/game_fn_801B58F0.o
build/GEDE01/src/game/game_fn_801B58F0.o: lbl_8060C020 now undefined; section 3 emptied
[502/929] EXTERNALIZE STATIC POOL build/GEDE01/src/game/game_fn_801B9E7C.o
build/GEDE01/src/game/game_fn_801B9E7C.o: 0 relocation(s) moved from streamInfo to ...bss.0
build/GEDE01/src/game/game_fn_801B9E7C.o: lbl_8061AE48 now undefined; section 6 emptied
[503/929] EXTERNALIZE STATIC POOL build/GEDE01/src/game/game_fn_801BB1A0.o
build/GEDE01/src/game/game_fn_801BB1A0.o: 0 relocation(s) moved from streamInfo to ...bss.0
build/GEDE01/src/game/game_fn_801BB1A0.o: lbl_8061AE48 now undefined; section 6 emptied
[504/929] EXTERNALIZE STATIC POOL build/GEDE01/src/game/game_fn_801BA708.o
build/GEDE01/src/game/game_fn_801BA708.o: 0 relocation(s) moved from streamInfo to ...bss.0
build/GEDE01/src/game/game_fn_801BA708.o: lbl_8061AE48 now undefined; section 6 emptied
[505/929] EXTERNALIZE STATIC build/GEDE01/src/game/game_fn_801B35BC.o
build/GEDE01/src/game/game_fn_801B35BC.o: lbl_8060D420 now undefined; section 6 emptied
[506/929] EXTERNALIZE build/GEDE01/src/game/game_fn_801BA94C.o
build/GEDE01/src/game/game_fn_801BA94C.o: 0 relocation(s) moved from streamInfo to ...bss.0
build/GEDE01/src/game/game_fn_801BA94C.o: lbl_8061AE48 now undefined; section 6 emptied
[507/929] EXTERNALIZE STATIC POOL build/GEDE01/src/game/game_fn_801BC8F4.o
build/GEDE01/src/game/game_fn_801BC8F4.o: lbl_8061C748 now undefined; section 6 emptied
[508/929] EXTERNALIZE STATIC build/GEDE01/src/game/game_fn_801BC240.o
build/GEDE01/src/game/game_fn_801BC240.o: lbl_8061C748 now undefined; section 6 emptied
[509/929] EXTERNALIZE STATIC POOL build/GEDE01/src/game/game_fn_801BCC04.o
build/GEDE01/src/game/game_fn_801BCC04.o: lbl_8061C748 now undefined; section 6 emptied
[510/929] EXTERNALIZE STATIC POOL build/GEDE01/src/game/game_fn_801BC0D4.o
build/GEDE01/src/game/game_fn_801BC0D4.o: lbl_8061C748 now undefined; section 6 emptied
[511/929] EXTERNALIZE STATIC POOL build/GEDE01/src/game/game_fn_801C1CB0.o
build/GEDE01/src/game/game_fn_801C1CB0.o: lbl_80626DA0 now undefined; section 3 emptied
[512/929] RENAME build/GEDE01/src/game/game_InitMetroTRKCommTable.o
[513/929] EXTERNALIZE STATIC POOL build/GEDE01/src/game/game_fn_801CE09C.o
build/GEDE01/src/game/game_fn_801CE09C.o: lbl_80631340 now undefined; section 6 emptied
[514/929] RENAME RUNTIME INTRINSICS build/GEDE01/src/game/game_fn_801CB4F8.o
[515/929] EXTERNALIZE build/GEDE01/src/game/game_fn_801D3988.o
[516/929] EXTERNALIZE STATIC POOL build/GEDE01/src/game/game_fn_8010242C.o
build/GEDE01/src/game/game_fn_8010242C.o: lbl_8032CC08 now undefined; section 3 emptied
[517/929] EXTERNALIZE build/GEDE01/src/game/game_fn_801D1B10.o
[518/929] EXTERNALIZE build/GEDE01/src/game/game_fn_801CE594.o
[519/929] ALIGN DATA build/GEDE01/src/game/game_fn_80008014.o
[520/929] EXTERNALIZE build/GEDE01/src/game/game_fn_8014549C.o
[521/929] EXTERNALIZE build/GEDE01/src/game/game_fn_801C8224.o
[522/929] EXTERNALIZE build/GEDE01/src/game/game_fn_801098C0.o
[523/929] EXTERNALIZE build/GEDE01/src/game/game_fn_8000FDE8.o
[524/929] EXTERNALIZE build/GEDE01/src/game/game_fn_80185F10.o
[525/929] EXTERNALIZE build/GEDE01/src/game/game_fn_801C29BC.o
[526/929] EXTERNALIZE build/GEDE01/src/game/game_fn_8007B828.o
[527/929] EXTERNALIZE build/GEDE01/src/game/game_fn_801C8F50.o
[528/929] EXTERNALIZE build/GEDE01/src/game/game_fn_801C90A4.o
[529/929] EXTERNALIZE build/GEDE01/src/game/game_fn_801C8160.o
[530/929] EXTERNALIZE build/GEDE01/src/game/game_fn_801C2AAC.o
[531/929] EXTERNALIZE build/GEDE01/src/game/game_fn_801C2D9C.o
[532/929] EXTERNALIZE build/GEDE01/src/game/game_fn_801C2980.o
[533/929] EXTERNALIZE build/GEDE01/src/game/game_fn_801B02F0.o
[534/929] EXTERNALIZE build/GEDE01/src/game/game_fn_801AFA74.o
[535/929] EXTERNALIZE build/GEDE01/src/game/game_fn_801AC8AC.o
[536/929] EXTERNALIZE build/GEDE01/src/game/game_fn_801ABD3C.o
[537/929] EXTERNALIZE build/GEDE01/src/game/game_fn_801816D4.o
[538/929] EXTERNALIZE build/GEDE01/src/game/game_fn_8011F140.o
[539/929] EXTERNALIZE build/GEDE01/src/game/game_fn_801AD08C.o
[540/929] EXTERNALIZE build/GEDE01/src/game/game_fn_8004998C.o
[541/929] EXTERNALIZE build/GEDE01/src/game/game_fn_80079AA4.o
[542/929] EXTERNALIZE build/GEDE01/src/game/game_fn_80158D38.o
[543/929] EXTERNALIZE build/GEDE01/src/game/game_fn_801A3A78.o
[544/929] EXTERNALIZE build/GEDE01/src/game/game_fn_8008F224.o
[545/929] EXTERNALIZE build/GEDE01/src/game/game_fn_80167454.o
[546/929] EXTERNALIZE build/GEDE01/src/game/game_fn_800AF230.o
[547/929] EXTERNALIZE build/GEDE01/src/game/game_fn_801A93E8.o
[548/929] EXTERNALIZE build/GEDE01/src/game/game_fn_801AB154.o
[549/929] EXTERNALIZE build/GEDE01/src/game/game_fn_801A7E04.o
[550/929] EXTERNALIZE build/GEDE01/src/game/game_fn_801A7EA8.o
[551/929] EXTERNALIZE build/GEDE01/src/game/game_fn_801A6CB4.o
[552/929] EXTERNALIZE build/GEDE01/src/game/game_fn_801A4CE0.o
[553/929] EXTERNALIZE build/GEDE01/src/game/game_fn_801A6C58.o
[554/929] NAME JUMPTABLE build/GEDE01/src/game/game_fn_801A6ADC.o
[555/929] EXTERNALIZE build/GEDE01/src/game/game_fn_801A6410.o
[556/929] EXTERNALIZE build/GEDE01/src/game/game_fn_801A5FB0.o
[557/929] EXTERNALIZE build/GEDE01/src/game/game_fn_801A1F18.o
[558/929] EXTERNALIZE build/GEDE01/src/game/game_fn_8019E8C8.o
[559/929] EXTERNALIZE build/GEDE01/src/game/game_fn_8019E5E4.o
[560/929] EXTERNALIZE build/GEDE01/src/game/game_fn_8019CFC4.o
[561/929] EXTERNALIZE build/GEDE01/src/game/game_fn_8019CC28.o
[562/929] EXTERNALIZE build/GEDE01/src/game/game_fn_801991E0.o
[563/929] EXTERNALIZE build/GEDE01/src/game/game_fn_80198BF4.o
[564/929] EXTERNALIZE build/GEDE01/src/game/game_fn_80198AAC.o
[565/929] EXTERNALIZE build/GEDE01/src/game/game_fn_80198154.o
[566/929] EXTERNALIZE build/GEDE01/src/game/game_fn_80194F80.o
[567/929] EXTERNALIZE build/GEDE01/src/game/game_fn_80197910.o
[568/929] EXTERNALIZE build/GEDE01/src/game/game_fn_80177434.o
repointed 2 relocations to lbl_80250588
[569/929] EXTERNALIZE build/GEDE01/src/game/game_fn_80193E1C.o
[570/929] EXTERNALIZE build/GEDE01/src/game/game_fn_801931C4.o
[571/929] EXTERNALIZE build/GEDE01/src/game/game_fn_80193F3C.o
[572/929] EXTERNALIZE build/GEDE01/src/game/game_fn_80192F54.o
[573/929] EXTERNALIZE build/GEDE01/src/game/game_fn_80191F58.o
[574/929] EXTERNALIZE build/GEDE01/src/game/game_fn_8019197C.o
[575/929] EXTERNALIZE build/GEDE01/src/game/game_fn_80191360.o
[576/929] GLOBALIZE build/GEDE01/src/game/game_fn_8018F1D0.o
[577/929] EXTERNALIZE build/GEDE01/src/game/game_fn_8018D688.o
[578/929] EXTERNALIZE build/GEDE01/src/game/game_fn_8018F81C.o
[579/929] EXTERNALIZE build/GEDE01/src/game/game_fn_8018D2E0.o
[580/929] EXTERNALIZE build/GEDE01/src/game/game_fn_80189968.o
[581/929] EXTERNALIZE build/GEDE01/src/game/game_fn_80189760.o
[582/929] EXTERNALIZE build/GEDE01/src/game/game_fn_8018D1F0.o
[583/929] EXTERNALIZE build/GEDE01/src/game/game_fn_801896A0.o
[584/929] EXTERNALIZE build/GEDE01/src/game/game_fn_801895E8.o
[585/929] EXTERNALIZE build/GEDE01/src/game/game_fn_80189390.o
[586/929] EXTERNALIZE build/GEDE01/src/game/game_fn_801891D8.o
[587/929] EXTERNALIZE build/GEDE01/src/game/game_fn_80188E28.o
[588/929] EXTERNALIZE build/GEDE01/src/game/game_fn_80189028.o
[589/929] EXTERNALIZE build/GEDE01/src/game/game_fn_80188B44.o
[590/929] EXTERNALIZE build/GEDE01/src/game/game_fn_80188C1C.o
[591/929] EXTERNALIZE build/GEDE01/src/game/game_fn_80188A7C.o
[592/929] EXTERNALIZE build/GEDE01/src/game/game_fn_801878E0.o
[593/929] EXTERNALIZE build/GEDE01/src/game/game_fn_80187120.o
[594/929] EXTERNALIZE build/GEDE01/src/game/game_fn_8018FEDC.o
[595/929] EXTERNALIZE build/GEDE01/src/game/game_fn_80186E10.o
[596/929] EXTERNALIZE build/GEDE01/src/game/game_fn_801865EC.o
[597/929] EXTERNALIZE build/GEDE01/src/game/game_fn_80185AE8.o
[598/929] EXTERNALIZE build/GEDE01/src/game/game_fn_801859FC.o
[599/929] EXTERNALIZE build/GEDE01/src/game/game_fn_80180DDC.o
[600/929] EXTERNALIZE build/GEDE01/src/game/game_fn_8017E958.o
[601/929] EXTERNALIZE build/GEDE01/src/game/game_fn_8017E850.o
[602/929] EXTERNALIZE build/GEDE01/src/game/game_fn_8017718C.o
[603/929] EXTERNALIZE build/GEDE01/src/game/game_fn_801770F8.o
[604/929] EXTERNALIZE build/GEDE01/src/game/game_fn_80176FA0.o
[605/929] EXTERNALIZE build/GEDE01/src/game/game_fn_80176DF4.o
[606/929] EXTERNALIZE build/GEDE01/src/game/game_fn_80174358.o
[607/929] EXTERNALIZE build/GEDE01/src/game/game_fn_80173F04.o
[608/929] EXTERNALIZE build/GEDE01/src/game/game_fn_8017553C.o
[609/929] EXTERNALIZE build/GEDE01/src/game/game_fn_80174184.o
[610/929] EXTERNALIZE build/GEDE01/src/game/game_fn_80173D44.o
[611/929] EXTERNALIZE build/GEDE01/src/game/game_fn_80173770.o
[612/929] EXTERNALIZE build/GEDE01/src/game/game_fn_801734B4.o
[613/929] EXTERNALIZE build/GEDE01/src/game/game_fn_80173270.o
[614/929] EXTERNALIZE build/GEDE01/src/game/game_fn_80172DB8.o
[615/929] EXTERNALIZE build/GEDE01/src/game/game_fn_80172C78.o
[616/929] EXTERNALIZE build/GEDE01/src/game/game_fn_80172BB0.o
[617/929] EXTERNALIZE build/GEDE01/src/game/game_fn_801726EC.o
[618/929] EXTERNALIZE build/GEDE01/src/game/game_fn_8017250C.o
[619/929] EXTERNALIZE build/GEDE01/src/game/game_fn_80171F30.o
[620/929] EXTERNALIZE build/GEDE01/src/game/game_fn_801719B4.o
[621/929] EXTERNALIZE build/GEDE01/src/game/game_fn_801718F4.o
[622/929] EXTERNALIZE build/GEDE01/src/game/game_fn_80171664.o
[623/929] EXTERNALIZE build/GEDE01/src/game/game_fn_8017138C.o
[624/929] EXTERNALIZE build/GEDE01/src/game/game_fn_80170A40.o
[625/929] NORMALIZE build/GEDE01/src/game/game_TRKNubWelcome.o
[626/929] NORMALIZE build/GEDE01/src/game/game_TRK_main.o
[627/929] NORMALIZE build/GEDE01/src/game/game_data_80239E10.o
[628/929] NORMALIZE build/GEDE01/src/game/game_data_80239E18.o
[629/929] EXTERNALIZE build/GEDE01/src/game/game_fn_801706DC.o
[630/929] EXTERNALIZE build/GEDE01/src/game/game_fn_8017652C.o
[631/929] EXTERNALIZE build/GEDE01/src/game/game_fn_80170E9C.o
[632/929] EXTERNALIZE build/GEDE01/src/game/game_fn_80175E64.o
[633/929] EXTERNALIZE build/GEDE01/src/game/game_fn_80175F0C.o
[634/929] EXTERNALIZE build/GEDE01/src/game/game_fn_80175FD4.o
[635/929] EXTERNALIZE build/GEDE01/src/game/game_fn_80176098.o
[636/929] EXTERNALIZE build/GEDE01/src/game/game_fn_80176220.o
[637/929] EXTERNALIZE build/GEDE01/src/game/game_fn_80176160.o
[638/929] EXTERNALIZE build/GEDE01/src/game/game_fn_80170DF4.o
[639/929] EXTERNALIZE build/GEDE01/src/game/game_fn_801762E8.o
[640/929] EXTERNALIZE build/GEDE01/src/game/game_fn_8016E8F8.o
[641/929] EXTERNALIZE build/GEDE01/src/game/game_fn_8016FEF8.o
[642/929] EXTERNALIZE build/GEDE01/src/game/game_fn_801704F8.o
[643/929] NORMALIZE build/GEDE01/src/game/game_fn_8016DF4C.o
[644/929] EXTERNALIZE build/GEDE01/src/game/game_fn_8016D2B8.o
[645/929] EXTERNALIZE build/GEDE01/src/game/game_fn_8016D040.o
[646/929] EXTERNALIZE build/GEDE01/src/game/game_fn_8016D1F8.o
[647/929] EXTERNALIZE build/GEDE01/src/game/game_fn_8016C774.o
[648/929] EXTERNALIZE build/GEDE01/src/game/game_fn_8016C4BC.o
[649/929] EXTERNALIZE build/GEDE01/src/game/game_fn_8016C164.o
[650/929] EXTERNALIZE build/GEDE01/src/game/game_fn_8016C238.o
[651/929] EXTERNALIZE build/GEDE01/src/game/game_fn_8016C0BC.o
[652/929] EXTERNALIZE build/GEDE01/src/game/game_fn_8017038C.o
[653/929] EXTERNALIZE build/GEDE01/src/game/game_fn_8016BE1C.o
[654/929] EXTERNALIZE build/GEDE01/src/game/game_fn_8016BF60.o
[655/929] EXTERNALIZE build/GEDE01/src/game/game_fn_8016BD0C.o
[656/929] EXTERNALIZE build/GEDE01/src/game/game_fn_80169650.o
[657/929] EXTERNALIZE build/GEDE01/src/game/game_fn_80167B5C.o
[658/929] EXTERNALIZE build/GEDE01/src/game/game_fn_8015EDC0.o
[659/929] EXTERNALIZE build/GEDE01/src/game/game_fn_8015DB84.o
[660/929] EXTERNALIZE build/GEDE01/src/game/game_fn_8015DC54.o
[661/929] EXTERNALIZE build/GEDE01/src/game/game_fn_80179398.o
[662/929] EXTERNALIZE build/GEDE01/src/game/game_fn_80158B20.o
[663/929] EXTERNALIZE build/GEDE01/src/game/game_fn_8017960C.o
[664/929] EXTERNALIZE build/GEDE01/src/game/game_fn_8017974C.o
[665/929] EXTERNALIZE build/GEDE01/src/game/game_fn_80179904.o
[666/929] EXTERNALIZE build/GEDE01/src/game/game_fn_8017A9B8.o
[667/929] EXTERNALIZE build/GEDE01/src/game/game_fn_80179A74.o
[668/929] EXTERNALIZE build/GEDE01/src/game/game_fn_80179A18.o
[669/929] EXTERNALIZE build/GEDE01/src/game/game_fn_80179EB8.o
[670/929] EXTERNALIZE build/GEDE01/src/game/game_fn_80179F20.o
[671/929] EXTERNALIZE build/GEDE01/src/game/game_fn_8017A010.o
[672/929] EXTERNALIZE build/GEDE01/src/game/game_fn_8017A12C.o
[673/929] EXTERNALIZE build/GEDE01/src/game/game_fn_80157C0C.o
[674/929] EXTERNALIZE build/GEDE01/src/game/game_fn_80155814.o
[675/929] EXTERNALIZE build/GEDE01/src/game/game_fn_8017A1C0.o
[676/929] EXTERNALIZE build/GEDE01/src/game/game_fn_80153898.o
[677/929] EXTERNALIZE build/GEDE01/src/game/game_fn_8014B494.o
[678/929] EXTERNALIZE build/GEDE01/src/game/game_fn_8012DB28.o
[679/929] EXTERNALIZE build/GEDE01/src/game/game_fn_8014AF38.o
[680/929] EXTERNALIZE build/GEDE01/src/game/game_fn_801141B8.o
[681/929] EXTERNALIZE build/GEDE01/src/game/game_fn_801128E4.o
[682/929] EXTERNALIZE build/GEDE01/src/game/game_fn_801126E0.o
[683/929] EXTERNALIZE build/GEDE01/src/game/game_fn_8010F184.o
[684/929] EXTERNALIZE build/GEDE01/src/game/game_fn_800E4980.o
[685/929] EXTERNALIZE build/GEDE01/src/game/game_fn_800C17EC.o
[686/929] EXTERNALIZE build/GEDE01/src/game/game_fn_800C030C.o
[687/929] EXTERNALIZE build/GEDE01/src/game/game_fn_800C59F0.o
[688/929] EXTERNALIZE build/GEDE01/src/game/game_fn_800C644C.o
[689/929] EXTERNALIZE build/GEDE01/src/game/game_fn_800C65FC.o
[690/929] EXTERNALIZE build/GEDE01/src/game/game_fn_800CB760.o
[691/929] EXTERNALIZE build/GEDE01/src/game/game_fn_800CB8F4.o
[692/929] EXTERNALIZE build/GEDE01/src/game/game_fn_80078500.o
[693/929] EXTERNALIZE build/GEDE01/src/game/game_fn_80079908.o
[694/929] EXTERNALIZE build/GEDE01/src/game/game_fn_8007B2F4.o
[695/929] EXTERNALIZE build/GEDE01/src/game/game_fn_8007B540.o
[696/929] EXTERNALIZE build/GEDE01/src/game/game_fn_8007B640.o
[697/929] EXTERNALIZE build/GEDE01/src/game/game_fn_8007BA3C.o
[698/929] EXTERNALIZE build/GEDE01/src/game/game_fn_800886D8.o
[699/929] EXTERNALIZE build/GEDE01/src/game/game_fn_800934A0.o
[700/929] EXTERNALIZE build/GEDE01/src/game/game_fn_800A3894.o
[701/929] EXTERNALIZE build/GEDE01/src/game/game_fn_800A7E88.o
[702/929] EXTERNALIZE build/GEDE01/src/game/game_fn_800A4798.o
[703/929] GLOBALIZE build/GEDE01/src/game/game_fn_800A2130.o
[704/929] EXTERNALIZE build/GEDE01/src/game/game_fn_800A2FCC.o
[705/929] EXTERNALIZE build/GEDE01/src/game/game_fn_8009C424.o
[706/929] EXTERNALIZE SWITCHES build/GEDE01/src/game/game_fn_80095FDC.o
[707/929] GLOBALIZE build/GEDE01/src/game/game_fn_8008F890.o
[708/929] EXTERNALIZE build/GEDE01/src/game/game_fn_80096830.o
[709/929] EXTERNALIZE build/GEDE01/src/game/game_fn_80074310.o
[710/929] EXTERNALIZE build/GEDE01/src/game/game_fn_800A4428.o
[711/929] GLOBALIZE build/GEDE01/src/game/game_fn_8005FD84.o
[712/929] EXTERNALIZE build/GEDE01/src/game/game_fn_80066888.o
[713/929] EXTERNALIZE build/GEDE01/src/game/game_fn_8005EC6C.o
[714/929] EXTERNALIZE build/GEDE01/src/game/game_fn_80052310.o
[715/929] EXTERNALIZE build/GEDE01/src/game/game_fn_80048B24.o
[716/929] NAME SWITCH build/GEDE01/src/game/game_fn_80020E94.o
[717/929] NAME SWITCH build/GEDE01/src/game/game_fn_8005EE9C.o
[718/929] NAME SWITCH build/GEDE01/src/game/game_fn_8016D9C0.o
[719/929] NAME SWITCH build/GEDE01/src/game/game_fn_80071A58.o
[720/929] EXTERNALIZE build/GEDE01/src/game/game_fn_80048ADC.o
[721/929] NAME SWITCH build/GEDE01/src/game/game_fn_8006B620.o
[722/929] NAME SWITCH build/GEDE01/src/game/game_fn_8001FE1C.o
[723/929] NAME SWITCH build/GEDE01/src/game/game_fn_8001E644.o
[724/929] EXTERNALIZE build/GEDE01/src/game/game_fn_80038878.o
[725/929] EXTERNALIZE build/GEDE01/src/game/game_fn_801B46C8.o
build/GEDE01/src/game/game_fn_801B46C8.o: lbl_8060C020 now undefined; section 6 emptied
[726/929] EXTERNALIZE build/GEDE01/src/game/game_fn_80036C40.o
[727/929] EXTERNALIZE build/GEDE01/src/game/game_fn_800359A0.o
[728/929] EXTERNALIZE build/GEDE01/src/game/game_fn_80033180.o
[729/929] EXTERNALIZE build/GEDE01/src/game/game_fn_80033038.o
[730/929] EXTERNALIZE build/GEDE01/src/game/game_fn_8003232C.o
[731/929] EXTERNALIZE build/GEDE01/src/game/game_fn_80032B84.o
[732/929] EXTERNALIZE build/GEDE01/src/game/game_fn_8002E3F0.o
[733/929] EXTERNALIZE build/GEDE01/src/game/game_fn_8002DAE0.o
[734/929] EXTERNALIZE build/GEDE01/src/game/game_fn_8002F428.o
[735/929] EXTERNALIZE build/GEDE01/src/game/game_fn_8002EA68.o
[736/929] GLOBALIZE build/GEDE01/src/game/game_fn_8002B748.o
[737/929] NAME SWITCHES build/GEDE01/src/game/game_fn_80024F28.o
[738/929] EXTERNALIZE build/GEDE01/src/game/game_fn_800272B4.o
[739/929] EXTERNALIZE build/GEDE01/src/game/game_fn_8001CE94.o
[740/929] EXTERNALIZE build/GEDE01/src/game/game_fn_8001CD58.o
[741/929] EXTERNALIZE build/GEDE01/src/game/game_fn_8001C078.o
[742/929] EXTERNALIZE build/GEDE01/src/game/game_fn_8001B874.o
[743/929] EXTERNALIZE build/GEDE01/src/game/game_fn_8001B808.o
[744/929] EXTERNALIZE build/GEDE01/src/game/game_fn_8001B124.o
[745/929] EXTERNALIZE build/GEDE01/src/game/game_fn_8001B294.o
[746/929] EXTERNALIZE build/GEDE01/src/game/game_fn_8001ADF8.o
[747/929] EXTERNALIZE build/GEDE01/src/game/game_fn_8001AF68.o
[748/929] EXTERNALIZE build/GEDE01/src/game/game_fn_8001AAB8.o
[749/929] EXTERNALIZE build/GEDE01/src/game/game_fn_8001A6C4.o
[750/929] EXTERNALIZE build/GEDE01/src/game/game_fn_80019F98.o
[751/929] EXTERNALIZE build/GEDE01/src/game/game_fn_80019D2C.o
[752/929] EXTERNALIZE build/GEDE01/src/game/game_fn_80019C10.o
[753/929] EXTERNALIZE build/GEDE01/src/game/game_fn_80019940.o
[754/929] EXTERNALIZE build/GEDE01/src/game/game_fn_800194D0.o
[755/929] EXTERNALIZE build/GEDE01/src/game/game_fn_80019244.o
[756/929] EXTERNALIZE build/GEDE01/src/game/game_fn_80019054.o
[757/929] EXTERNALIZE build/GEDE01/src/game/game_fn_80018EF4.o
[758/929] EXTERNALIZE build/GEDE01/src/game/game_fn_80017DB0.o
[759/929] EXTERNALIZE build/GEDE01/src/game/game_fn_80017CC8.o
[760/929] EXTERNALIZE build/GEDE01/src/game/game_fn_80017C3C.o
[761/929] EXTERNALIZE build/GEDE01/src/game/game_fn_80017AE4.o
[762/929] EXTERNALIZE build/GEDE01/src/game/game_fn_80017A3C.o
[763/929] EXTERNALIZE build/GEDE01/src/game/game_fn_800179AC.o
[764/929] EXTERNALIZE build/GEDE01/src/game/game_fn_80017910.o
[765/929] EXTERNALIZE FLAGS build/GEDE01/src/game/game_fn_800119FC.o
[766/929] EXTERNALIZE build/GEDE01/src/game/game_fn_8000FFD8.o
[767/929] EXTERNALIZE build/GEDE01/src/game/game_fn_8000F4B0.o
[768/929] EXTERNALIZE build/GEDE01/src/game/game_fn_8000EFC4.o
[769/929] GLOBALIZE build/GEDE01/src/game/game_fn_800094C0.o
[770/929] EXTERNALIZE build/GEDE01/src/game/game_fn_800096E0.o
[771/929] EXTERNALIZE build/GEDE01/src/game/game_fn_800098C0.o
[772/929] EXTERNALIZE build/GEDE01/src/game/game_fn_800099D8.o
[773/929] EXTERNALIZE build/GEDE01/src/game/game_fn_80009AB4.o
[774/929] EXTERNALIZE build/GEDE01/src/game/game_fn_8000A26C.o
[775/929] EXTERNALIZE build/GEDE01/src/game/game_fn_800171C0.o
[776/929] EXTERNALIZE build/GEDE01/src/game/game_fn_8000AC88.o
[777/929] EXTERNALIZE build/GEDE01/src/game/game_fn_800176F0.o
[778/929] EXTERNALIZE build/GEDE01/src/game/game_fn_8000AEB4.o
[779/929] EXTERNALIZE build/GEDE01/src/game/game_fn_8000AFB4.o
[780/929] EXTERNALIZE build/GEDE01/src/game/game_fn_8000B1B8.o
[781/929] EXTERNALIZE build/GEDE01/src/game/game_fn_8000B36C.o
[782/929] EXTERNALIZE build/GEDE01/src/game/game_fn_8000B7FC.o
[783/929] EXTERNALIZE build/GEDE01/src/game/game_fn_8000B630.o
[784/929] EXTERNALIZE build/GEDE01/src/game/game_fn_8000B900.o
[785/929] EXTERNALIZE build/GEDE01/src/game/game_fn_8000BA0C.o
[786/929] EXTERNALIZE build/GEDE01/src/game/game_fn_8000BAA0.o
[787/929] EXTERNALIZE build/GEDE01/src/game/game_fn_8000BC40.o
[788/929] EXTERNALIZE build/GEDE01/src/game/game_fn_8000C06C.o
[789/929] EXTERNALIZE build/GEDE01/src/game/game_fn_8000C17C.o
[790/929] EXTERNALIZE build/GEDE01/src/game/game_fn_8000C400.o
[791/929] EXTERNALIZE build/GEDE01/src/game/game_fn_8000C848.o
[792/929] EXTERNALIZE build/GEDE01/src/game/game_fn_8000C91C.o
[793/929] EXTERNALIZE build/GEDE01/src/game/game_fn_8000D0BC.o
[794/929] NAME SWITCH build/GEDE01/src/game/game_fn_8000D8A4.o
[795/929] EXTERNALIZE build/GEDE01/src/game/game_fn_8000D3D4.o
[796/929] EXTERNALIZE build/GEDE01/src/game/game_fn_8000E054.o
[797/929] EXTERNALIZE build/GEDE01/src/game/game_fn_8000E96C.o
[798/929] EXTERNALIZE build/GEDE01/src/game/game_fn_8000E0AC.o
[799/929] EXTERNALIZE build/GEDE01/src/game/game_fn_8000EB14.o
[800/929] EXTERNALIZE build/GEDE01/src/game/game_fn_8000F774.o
[801/929] EXTERNALIZE build/GEDE01/src/game/game_fn_8000EBD4.o
[802/929] EXTERNALIZE build/GEDE01/src/game/game_fn_8000ED44.o
[803/929] EXTERNALIZE build/GEDE01/src/game/game_fn_8000E1C4.o
[804/929] EXTERNALIZE build/GEDE01/src/game/game_fn_8000E138.o
[805/929] EXTERNALIZE build/GEDE01/src/game/game_fn_8000DA50.o
[806/929] EXTERNALIZE build/GEDE01/src/game/game_fn_8000D590.o
[807/929] EXTERNALIZE build/GEDE01/src/game/game_fn_8000DAF4.o
[808/929] EXTERNALIZE build/GEDE01/src/game/game_fn_80012DA8.o
[809/929] EXTERNALIZE build/GEDE01/src/game/game_fn_80012F40.o
[810/929] EXTERNALIZE build/GEDE01/src/game/game_fn_80012FD0.o
[811/929] EXTERNALIZE build/GEDE01/src/game/game_fn_800131E8.o
[812/929] EXTERNALIZE build/GEDE01/src/game/game_fn_80013340.o
[813/929] EXTERNALIZE build/GEDE01/src/game/game_fn_80013870.o
[814/929] EXTERNALIZE build/GEDE01/src/game/game_fn_80013CB0.o
[815/929] EXTERNALIZE build/GEDE01/src/game/game_fn_80013D54.o
[816/929] EXTERNALIZE build/GEDE01/src/game/game_fn_800142DC.o
[817/929] EXTERNALIZE build/GEDE01/src/game/game_fn_800144CC.o
[818/929] EXTERNALIZE build/GEDE01/src/game/game_fn_80014784.o
[819/929] EXTERNALIZE build/GEDE01/src/game/game_fn_800149D4.o
[820/929] EXTERNALIZE build/GEDE01/src/game/game_fn_80015058.o
[821/929] EXTERNALIZE build/GEDE01/src/game/game_fn_80015320.o
[822/929] EXTERNALIZE build/GEDE01/src/game/game_fn_80015568.o
[823/929] EXTERNALIZE build/GEDE01/src/game/game_fn_800156FC.o
[824/929] EXTERNALIZE build/GEDE01/src/game/game_fn_80015BE0.o
[825/929] EXTERNALIZE build/GEDE01/src/game/game_fn_80015D40.o
[826/929] EXTERNALIZE build/GEDE01/src/game/game_fn_80015F04.o
[827/929] EXTERNALIZE build/GEDE01/src/game/game_fn_80016128.o
[828/929] EXTERNALIZE build/GEDE01/src/game/game_fn_80016270.o
[829/929] EXTERNALIZE build/GEDE01/src/game/game_fn_80016904.o
[830/929] EXTERNALIZE build/GEDE01/src/game/game_fn_800173CC.o
[831/929] EXTERNALIZE build/GEDE01/src/game/game_fn_80016B24.o
[832/929] EXTERNALIZE build/GEDE01/src/game/game_fn_801B86C0.o
[833/929] EXTERNALIZE build/GEDE01/src/game/game_fn_801BEF40.o
[834/929] EXTERNALIZE STATIC POOL build/GEDE01/src/game/game_fn_801C4B5C.o
build/GEDE01/src/game/game_fn_801C4B5C.o: lbl_80628CB0 now undefined; section 6 emptied
[835/929] EXTERNALIZE build/GEDE01/src/game/game_fn_801C8600.o
[836/929] EXTERNALIZE build/GEDE01/src/game/game_fn_80173BDC.o
[837/929] EXTERNALIZE build/GEDE01/src/game/game_fn_801EAA04.o
[838/929] EXTERNALIZE build/GEDE01/src/game/game_fn_801E7014.o
[839/929] EXTERNALIZE build/GEDE01/src/game/game_fn_8014BA14.o
[840/929] EXTERNALIZE build/GEDE01/src/game/game_fn_801A4430.o
[841/929] EXTERNALIZE build/GEDE01/src/game/game_fn_800B2EC0.o
[842/929] EXTERNALIZE build/GEDE01/src/game/game_fn_8001CA04.o
[843/929] EXTERNALIZE build/GEDE01/src/game/game_fn_8006B0F0.o
[844/929] EXTERNALIZE build/GEDE01/src/game/game_fn_80031544.o
[845/929] EXTERNALIZE build/GEDE01/src/game/game_fn_8007F770.o
[846/929] EXTERNALIZE build/GEDE01/src/game/game_fn_8007D4D8.o
[847/929] EXTERNALIZE build/GEDE01/src/game/game_fn_80088F4C.o
[848/929] EXTERNALIZE build/GEDE01/src/game/game_fn_80089A34.o
[849/929] EXTERNALIZE build/GEDE01/src/game/game_fn_8008A2E0.o
[850/929] EXTERNALIZE build/GEDE01/src/game/game_fn_80090004.o
[851/929] EXTERNALIZE build/GEDE01/src/game/game_fn_80095D10.o
[852/929] EXTERNALIZE build/GEDE01/src/game/game_fn_800A3180.o
[853/929] EXTERNALIZE build/GEDE01/src/game/game_fn_800BB5C4.o
[854/929] EXTERNALIZE build/GEDE01/src/game/game_fn_800BB7A8.o
[855/929] EXTERNALIZE build/GEDE01/src/game/game_fn_800BBAF0.o
[856/929] EXTERNALIZE build/GEDE01/src/game/game_fn_800BB9A4.o
[857/929] EXTERNALIZE build/GEDE01/src/game/game_fn_800D9E10.o
[858/929] EXTERNALIZE build/GEDE01/src/game/game_fn_800D9064.o
[859/929] EXTERNALIZE build/GEDE01/src/game/game_fn_8012976C.o
[860/929] EXTERNALIZE build/GEDE01/src/game/game_fn_8013DB8C.o
[861/929] EXTERNALIZE build/GEDE01/src/game/game_fn_8013CBE4.o
[862/929] EXTERNALIZE build/GEDE01/src/game/game_fn_8014CA98.o
[863/929] EXTERNALIZE build/GEDE01/src/game/game_fn_80153A24.o
[864/929] EXTERNALIZE build/GEDE01/src/game/game_fn_80174F2C.o
[865/929] EXTERNALIZE build/GEDE01/src/game/game_fn_801535D8.o
[866/929] EXTERNALIZE build/GEDE01/src/game/game_fn_801752B0.o
[867/929] EXTERNALIZE build/GEDE01/src/game/game_fn_8017AC20.o
[868/929] EXTERNALIZE build/GEDE01/src/game/game_fn_801861C4.o
[869/929] EXTERNALIZE build/GEDE01/src/game/game_fn_8018680C.o
[870/929] EXTERNALIZE build/GEDE01/src/game/game_fn_80186F70.o
[871/929] EXTERNALIZE build/GEDE01/src/game/game_fn_80187320.o
[872/929] EXTERNALIZE build/GEDE01/src/game/game_fn_801810A0.o
[873/929] EXTERNALIZE build/GEDE01/src/game/game_fn_801875FC.o
[874/929] EXTERNALIZE build/GEDE01/src/game/game_fn_800542D0.o
[875/929] EXTERNALIZE build/GEDE01/src/game/game_fn_80187E40.o
[876/929] EXTERNALIZE build/GEDE01/src/game/game_fn_80187BB4.o
[877/929] EXTERNALIZE build/GEDE01/src/game/game_fn_80189C14.o
[878/929] EXTERNALIZE build/GEDE01/src/game/game_fn_8018D400.o
[879/929] EXTERNALIZE build/GEDE01/src/game/game_fn_8018C2D0.o
[880/929] EXTERNALIZE build/GEDE01/src/game/game_fn_8018E0D8.o
[881/929] EXTERNALIZE build/GEDE01/src/game/game_fn_8019120C.o
[882/929] EXTERNALIZE build/GEDE01/src/game/game_fn_8018DC24.o
[883/929] EXTERNALIZE build/GEDE01/src/game/game_fn_801916D0.o
[884/929] EXTERNALIZE build/GEDE01/src/game/game_fn_801926EC.o
[885/929] EXTERNALIZE build/GEDE01/src/game/game_fn_801929A4.o
[886/929] EXTERNALIZE build/GEDE01/src/game/game_fn_801A2A54.o
[887/929] EXTERNALIZE build/GEDE01/src/game/game_fn_801952E8.o
[888/929] EXTERNALIZE build/GEDE01/src/game/game_fn_801A34BC.o
[889/929] EXTERNALIZE build/GEDE01/src/game/game_fn_801A657C.o
[890/929] EXTERNALIZE build/GEDE01/src/game/game_fn_801D1F78.o
[891/929] EXTERNALIZE build/GEDE01/src/game/game_fn_801E2A48.o
[892/929] EXTERNALIZE build/GEDE01/src/game/game_fn_801E6814.o
[893/929] EXTERNALIZE build/GEDE01/src/game/game_fn_801E995C.o
[894/929] EXTERNALIZE build/GEDE01/src/game/game_fn_801EF580.o
[895/929] EXTERNALIZE build/GEDE01/src/game/game_fn_801F0CB0.o
[896/929] EXTERNALIZE build/GEDE01/src/game/game_fn_801F35A8.o
[897/929] EXTERNALIZE build/GEDE01/src/game/game_fn_801F10BC.o
[898/929] EXTERNALIZE build/GEDE01/src/game/game_fn_801ECD74.o
[899/929] EXTERNALIZE build/GEDE01/src/game/game_fn_801ED5F4.o
[900/929] EXTERNALIZE build/GEDE01/src/game/game_fn_801F69F0.o
[901/929] EXTERNALIZE build/GEDE01/src/game/game_fn_801F76EC.o
[902/929] EXTERNALIZE build/GEDE01/src/game/game_fn_801F8264.o
[903/929] EXTERNALIZE build/GEDE01/src/game/game_fn_801F89B4.o
[904/929] EXTERNALIZE build/GEDE01/src/game/game_fn_801F9AF8.o
[905/929] EXTERNALIZE build/GEDE01/src/game/game_fn_801F6BD8.o
[906/929] EXTERNALIZE build/GEDE01/src/game/game_fn_80095E64.o
[907/929] EXTERNALIZE JUMPTABLES build/GEDE01/src/game/game_fn_800361F8.o
[908/929] EXTERNALIZE build/GEDE01/src/game/game_fn_801FB6A4.o
[909/929] EXTERNALIZE JUMPTABLES build/GEDE01/src/game/game_fn_8006E53C.o
[910/929] EXTERNALIZE JUMPTABLES build/GEDE01/src/game/game_fn_800CF598.o
[911/929] EXTERNALIZE JUMPTABLES build/GEDE01/src/game/game_fn_801ACFE8.o
[912/929] EXTERNALIZE build/GEDE01/src/game/game_fn_80150A24.o
[913/929] EXTERNALIZE JUMPTABLES build/GEDE01/src/game/game_fn_801B1BA0.o
[914/929] EXTERNALIZE build/GEDE01/src/game/game_fn_80154F74.o
[915/929] EXTERNALIZE build/GEDE01/src/game/game_fn_801E504C.o
[916/929] EXTERNALIZE build/GEDE01/src/game/game_fn_8009E808.o
[917/929] EXTERNALIZE build/GEDE01/src/game/game_fn_801FFE78.o
[918/929] EXTERNALIZE build/GEDE01/src/game/game_fn_801F1A38.o
[919/929] EXTERNALIZE build/GEDE01/src/game/game_fn_801F55A0.o
[920/929] EXTERNALIZE build/GEDE01/src/game/game_fn_801F7510.o
[921/929] EXTERNALIZE build/GEDE01/src/game/game_fn_801F9CF4.o
[922/929] EXTERNALIZE build/GEDE01/src/game/game_fn_801F8FAC.o
[923/929] EXTERNALIZE build/GEDE01/src/game/game_fn_801FC034.o
[924/929] EXTERNALIZE build/GEDE01/src/game/game_fn_801FA9C8.o
[925/929] REPORT
 INFO Loading project .
 INFO Generating report for 7068 units (using 8 threads)
 INFO Report generated in 0.242s
 INFO Writing to build/GEDE01/report.json
[926/929] LINK build/GEDE01/main.elf
### mwldeppc.exe Linker Warning:
#   Section '.ignored' is unknown. Section ignored.
### mwldeppc.exe Linker Warning:
#   Section '.ignored' is unknown. Section ignored.
### mwldeppc.exe Linker Warning:
#   Section '.ignored' is unknown. Section ignored.
### mwldeppc.exe Linker Warning:
#   Section '.ignored' is unknown. Section ignored.
### mwldeppc.exe Linker Warning:
#   Section '.ignored' is unknown. Section ignored.
### mwldeppc.exe Linker Warning:
#   Section '.ignored' is unknown. Section ignored.
### mwldeppc.exe Linker Warning:
#   Section '.ignored' is unknown. Section ignored.
### mwldeppc.exe Linker Warning:
#   Section '.ignored' is unknown. Section ignored.
### mwldeppc.exe Linker Warning:
#   Section '.ignored' is unknown. Section ignored.
### mwldeppc.exe Linker Warning:
#   Section '.ignored' is unknown. Section ignored.
### mwldeppc.exe Linker Warning:
#   Section '.ignored' is unknown. Section ignored.
### mwldeppc.exe Linker Warning:
#   Section '.ignored' is unknown. Section ignored.
### mwldeppc.exe Linker Warning:
#   Section '.ignored' is unknown. Section ignored.
### mwldeppc.exe Linker Warning:
#   Section '.ignored' is unknown. Section ignored.
### mwldeppc.exe Linker Warning:
#   Section '.ignored' is unknown. Section ignored.
### mwldeppc.exe Linker Warning:
#   Section '.ignored' is unknown. Section ignored.
### mwldeppc.exe Linker Warning:
#   Section '.ignored' is unknown. Section ignored.
### mwldeppc.exe Linker Warning:
#   Section '.ignored' is unknown. Section ignored.
### mwldeppc.exe Linker Warning:
#   Section '.ignored' is unknown. Section ignored.
### mwldeppc.exe Linker Warning:
#   Section '.ignored' is unknown. Section ignored.
### mwldeppc.exe Linker Warning:
#   Section '.ignored' is unknown. Section ignored.
### mwldeppc.exe Linker Warning:
#   Section '.ignored' is unknown. Section ignored.
### mwldeppc.exe Linker Warning:
#   Section '.ignored' is unknown. Section ignored.
### mwldeppc.exe Linker Warning:
#   Section '.ignored' is unknown. Section ignored.
### mwldeppc.exe Linker Warning:
#   Section '.ignored' is unknown. Section ignored.
### mwldeppc.exe Linker Warning:
#   Section '.ignored' is unknown. Section ignored.
### mwldeppc.exe Linker Warning:
#   Section '.ignored' is unknown. Section ignored.
### mwldeppc.exe Linker Warning:
#   Section '.ignored' is unknown. Section ignored.
### mwldeppc.exe Linker Warning:
#   Section '.ignored' is unknown. Section ignored.
### mwldeppc.exe Linker Warning:
#   Section '.ignored' is unknown. Section ignored.
### mwldeppc.exe Linker Warning:
#   Section '.ignored' is unknown. Section ignored.
### mwldeppc.exe Linker Warning:
#   Section '.ignored' is unknown. Section ignored.
### mwldeppc.exe Linker Warning:
#   Section '.ignored' is unknown. Section ignored.
### mwldeppc.exe Linker Warning:
#   Section '.ignored' is unknown. Section ignored.
### mwldeppc.exe Linker Warning:
#   Section '.ignored' is unknown. Section ignored.
### mwldeppc.exe Linker Warning:
#   Section '.ignored' is unknown. Section ignored.
### mwldeppc.exe Linker Warning:
#   Section '.ignored' is unknown. Section ignored.
### mwldeppc.exe Linker Warning:
#   Section '.ignored' is unknown. Section ignored.
### mwldeppc.exe Linker Warning:
#   Section '.ignored' is unknown. Section ignored.
### mwldeppc.exe Linker Warning:
#   Section '.ignored' is unknown. Section ignored.
### mwldeppc.exe Linker Warning:
#   Section '.ignored' is unknown. Section ignored.
### mwldeppc.exe Linker Warning:
#   Section '.ignored' is unknown. Section ignored.
### mwldeppc.exe Linker Warning:
#   Section '.ignored' is unknown. Section ignored.
### mwldeppc.exe Linker Warning:
#   Section '.ignored' is unknown. Section ignored.
### mwldeppc.exe Linker Warning:
#   Section '.ignored' is unknown. Section ignored.
### mwldeppc.exe Linker Warning:
#   Section '.ignored' is unknown. Section ignored.
### mwldeppc.exe Linker Warning:
#   Section '.ignored' is unknown. Section ignored.
### mwldeppc.exe Linker Warning:
#   Section '.ignored' is unknown. Section ignored.
### mwldeppc.exe Linker Warning:
#   Section '.ignored' is unknown. Section ignored.
### mwldeppc.exe Linker Warning:
#   Section '.ignored' is unknown. Section ignored.
### mwldeppc.exe Linker Warning:
#   Section '.ignored' is unknown. Section ignored.
### mwldeppc.exe Linker Warning:
#   Section '.ignored' is unknown. Section ignored.
### mwldeppc.exe Linker Warning:
#   Section '.ignored' is unknown. Section ignored.
### mwldeppc.exe Linker Warning:
#   Section '.ignored' is unknown. Section ignored.
### mwldeppc.exe Linker Warning:
#   Section '.ignored' is unknown. Section ignored.
### mwldeppc.exe Linker Warning:
#   Section '.ignored' is unknown. Section ignored.
### mwldeppc.exe Linker Warning:
#   Section '.ignored' is unknown. Section ignored.
### mwldeppc.exe Linker Warning:
#   Section '.ignored' is unknown. Section ignored.
### mwldeppc.exe Linker Warning:
#   Section '.ignored' is unknown. Section ignored.
### mwldeppc.exe Linker Warning:
#   Section '.ignored' is unknown. Section ignored.
### mwldeppc.exe Linker Warning:
#   Section '.ignored' is unknown. Section ignored.
### mwldeppc.exe Linker Warning:
#   Section '.ignored' is unknown. Section ignored.
### mwldeppc.exe Linker Warning:
#   Section '.ignored' is unknown. Section ignored.
### mwldeppc.exe Linker Warning:
#   Section '.ignored' is unknown. Section ignored.
### mwldeppc.exe Linker Warning:
#   Section '.ignored' is unknown. Section ignored.
### mwldeppc.exe Linker Warning:
#   Section '.ignored' is unknown. Section ignored.
### mwldeppc.exe Linker Warning:
#   Section '.ignored' is unknown. Section ignored.
### mwldeppc.exe Linker Warning:
#   Section '.ignored' is unknown. Section ignored.
### mwldeppc.exe Linker Warning:
#   Section '.ignored' is unknown. Section ignored.
### mwldeppc.exe Linker Warning:
#   Section '.ignored' is unknown. Section ignored.
### mwldeppc.exe Linker Warning:
#   Section '.ignored' is unknown. Section ignored.
### mwldeppc.exe Linker Warning:
#   Section '.ignored' is unknown. Section ignored.
### mwldeppc.exe Linker Warning:
#   Section '.ignored' is unknown. Section ignored.
### mwldeppc.exe Linker Warning:
#   Section '.ignored' is unknown. Section ignored.
### mwldeppc.exe Linker Warning:
#   Section '.ignored' is unknown. Section ignored.
### mwldeppc.exe Linker Warning:
#   Section '.ignored' is unknown. Section ignored.
### mwldeppc.exe Linker Warning:
#   Section '.ignored' is unknown. Section ignored.
### mwldeppc.exe Linker Warning:
#   Section '.ignored' is unknown. Section ignored.
### mwldeppc.exe Linker Warning:
#   Section '.ignored' is unknown. Section ignored.
### mwldeppc.exe Linker Warning:
#   Section '.ignored' is unknown. Section ignored.
### mwldeppc.exe Linker Warning:
#   Section '.ignored' is unknown. Section ignored.
### mwldeppc.exe Linker Warning:
#   Section '.ignored' is unknown. Section ignored.
### mwldeppc.exe Linker Warning:
#   Section '.ignored' is unknown. Section ignored.
### mwldeppc.exe Linker Warning:
#   Section '.ignored' is unknown. Section ignored.
### mwldeppc.exe Linker Warning:
#   Section '.ignored' is unknown. Section ignored.
### mwldeppc.exe Linker Warning:
#   Section '.ignored' is unknown. Section ignored.
### mwldeppc.exe Linker Warning:
#   Section '.ignored' is unknown. Section ignored.
### mwldeppc.exe Linker Warning:
#   Section '.ignored' is unknown. Section ignored.
### mwldeppc.exe Linker Warning:
#   Section '.ignored' is unknown. Section ignored.
### mwldeppc.exe Linker Warning:
#   Section '.ignored' is unknown. Section ignored.
### mwldeppc.exe Linker Warning:
#   Section '.ignored' is unknown. Section ignored.
### mwldeppc.exe Linker Warning:
#   Section '.ignored' is unknown. Section ignored.
### mwldeppc.exe Linker Warning:
#   Section '.ignored' is unknown. Section ignored.
### mwldeppc.exe Linker Warning:
#   Section '.ignored' is unknown. Section ignored.
### mwldeppc.exe Linker Warning:
#   Section '.ignored' is unknown. Section ignored.
### mwldeppc.exe Linker Warning:
#   Section '.ignored' is unknown. Section ignored.
### mwldeppc.exe Linker Warning:
#   Section '.ignored' is unknown. Section ignored.
### mwldeppc.exe Linker Warning:
#   Section '.ignored' is unknown. Section ignored.
### mwldeppc.exe Linker Warning:
#   Section '.ignored' is unknown. Section ignored.
### mwldeppc.exe Linker Warning:
#   Section '.ignored' is unknown. Section ignored.
### mwldeppc.exe Linker Warning:
#   Section '.ignored' is unknown. Section ignored.
### mwldeppc.exe Linker Warning:
#   Section '.ignored' is unknown. Section ignored.
### mwldeppc.exe Linker Warning:
#   Section '.ignored' is unknown. Section ignored.
### mwldeppc.exe Linker Warning:
#   Section '.ignored' is unknown. Section ignored.
### mwldeppc.exe Linker Warning:
#   Section '.ignored' is unknown. Section ignored.
### mwldeppc.exe Linker Warning:
#   Section '.ignored' is unknown. Section ignored.
### mwldeppc.exe Linker Warning:
#   Section '.ignored' is unknown. Section ignored.
### mwldeppc.exe Linker Warning:
#   Section '.ignored' is unknown. Section ignored.
### mwldeppc.exe Linker Warning:
#   Section '.ignored' is unknown. Section ignored.
### mwldeppc.exe Linker Warning:
#   Section '.ignored' is unknown. Section ignored.
### mwldeppc.exe Linker Warning:
#   Section '.ignored' is unknown. Section ignored.
### mwldeppc.exe Linker Warning:
#   Section '.ignored' is unknown. Section ignored.
### mwldeppc.exe Linker Warning:
#   Section '.ignored' is unknown. Section ignored.
### mwldeppc.exe Linker Warning:
#   Section '.ignored' is unknown. Section ignored.
### mwldeppc.exe Linker Warning:
#   Section '.ignored' is unknown. Section ignored.
### mwldeppc.exe Linker Warning:
#   Section '.ignored' is unknown. Section ignored.
### mwldeppc.exe Linker Warning:
#   Section '.ignored' is unknown. Section ignored.
### mwldeppc.exe Linker Warning:
#   Section '.ignored' is unknown. Section ignored.
### mwldeppc.exe Linker Warning:
#   Section '.ignored' is unknown. Section ignored.
### mwldeppc.exe Linker Warning:
#   Section '.ignored' is unknown. Section ignored.
### mwldeppc.exe Linker Warning:
#   Section '.ignored' is unknown. Section ignored.
### mwldeppc.exe Linker Warning:
#   Section '.ignored' is unknown. Section ignored.
### mwldeppc.exe Linker Warning:
#   Section '.ignored' is unknown. Section ignored.
### mwldeppc.exe Linker Warning:
#   Section '.ignored' is unknown. Section ignored.
### mwldeppc.exe Linker Warning:
#   Section '.ignored' is unknown. Section ignored.
### mwldeppc.exe Linker Warning:
#   Section '.ignored' is unknown. Section ignored.
### mwldeppc.exe Linker Warning:
#   Section '.ignored' is unknown. Section ignored.
### mwldeppc.exe Linker Warning:
#   Section '.ignored' is unknown. Section ignored.
### mwldeppc.exe Linker Warning:
#   Section '.ignored' is unknown. Section ignored.
### mwldeppc.exe Linker Warning:
#   Section '.ignored' is unknown. Section ignored.
### mwldeppc.exe Linker Warning:
#   Section '.ignored' is unknown. Section ignored.
### mwldeppc.exe Linker Warning:
#   Section '.ignored' is unknown. Section ignored.
### mwldeppc.exe Linker Warning:
#   Section '.ignored' is unknown. Section ignored.
### mwldeppc.exe Linker Warning:
#   Section '.ignored' is unknown. Section ignored.
### mwldeppc.exe Linker Warning:
#   Section '.ignored' is unknown. Section ignored.
### mwldeppc.exe Linker Warning:
#   Section '.ignored' is unknown. Section ignored.
### mwldeppc.exe Linker Warning:
#   Section '.ignored' is unknown. Section ignored.
### mwldeppc.exe Linker Warning:
#   Section '.ignored' is unknown. Section ignored.
### mwldeppc.exe Linker Warning:
#   Section '.ignored' is unknown. Section ignored.
### mwldeppc.exe Linker Warning:
#   Section '.ignored' is unknown. Section ignored.
### mwldeppc.exe Linker Warning:
#   Section '.ignored' is unknown. Section ignored.
### mwldeppc.exe Linker Warning:
#   Section '.ignored' is unknown. Section ignored.
### mwldeppc.exe Linker Warning:
#   Section '.ignored' is unknown. Section ignored.
### mwldeppc.exe Linker Warning:
#   Section '.ignored' is unknown. Section ignored.
### mwldeppc.exe Linker Warning:
#   Section '.ignored' is unknown. Section ignored.
### mwldeppc.exe Linker Warning:
#   Section '.ignored' is unknown. Section ignored.
### mwldeppc.exe Linker Warning:
#   Section '.ignored' is unknown. Section ignored.
### mwldeppc.exe Linker Warning:
#   Section '.ignored' is unknown. Section ignored.
### mwldeppc.exe Linker Warning:
#   Section '.ignored' is unknown. Section ignored.
### mwldeppc.exe Linker Warning:
#   Section '.ignored' is unknown. Section ignored.
### mwldeppc.exe Linker Warning:
#   Section '.ignored' is unknown. Section ignored.
### mwldeppc.exe Linker Warning:
#   Section '.ignored' is unknown. Section ignored.
### mwldeppc.exe Linker Warning:
#   Section '.ignored' is unknown. Section ignored.
### mwldeppc.exe Linker Warning:
#   Section '.ignored' is unknown. Section ignored.
### mwldeppc.exe Linker Warning:
#   Section '.ignored' is unknown. Section ignored.
### mwldeppc.exe Linker Warning:
#   Section '.ignored' is unknown. Section ignored.
### mwldeppc.exe Linker Warning:
#   Section '.ignored' is unknown. Section ignored.
### mwldeppc.exe Linker Warning:
#   Section '.ignored' is unknown. Section ignored.
### mwldeppc.exe Linker Warning:
#   Section '.ignored' is unknown. Section ignored.
### mwldeppc.exe Linker Warning:
#   Section '.ignored' is unknown. Section ignored.
### mwldeppc.exe Linker Warning:
#   Section '.ignored' is unknown. Section ignored.
### mwldeppc.exe Linker Warning:
#   Section '.ignored' is unknown. Section ignored.
### mwldeppc.exe Linker Warning:
#   Section '.ignored' is unknown. Section ignored.
### mwldeppc.exe Linker Warning:
#   Section '.ignored' is unknown. Section ignored.
### mwldeppc.exe Linker Warning:
#   Section '.ignored' is unknown. Section ignored.
### mwldeppc.exe Linker Warning:
#   Section '.ignored' is unknown. Section ignored.
### mwldeppc.exe Linker Warning:
#   Section '.ignored' is unknown. Section ignored.
### mwldeppc.exe Linker Warning:
#   Section '.ignored' is unknown. Section ignored.
### mwldeppc.exe Linker Warning:
#   Section '.ignored' is unknown. Section ignored.
### mwldeppc.exe Linker Warning:
#   Section '.ignored' is unknown. Section ignored.
### mwldeppc.exe Linker Warning:
#   Section '.ignored' is unknown. Section ignored.
### mwldeppc.exe Linker Warning:
#   Section '.ignored' is unknown. Section ignored.
### mwldeppc.exe Linker Warning:
#   Section '.ignored' is unknown. Section ignored.
### mwldeppc.exe Linker Warning:
#   Section '.ignored' is unknown. Section ignored.
### mwldeppc.exe Linker Warning:
#   Section '.ignored' is unknown. Section ignored.
### mwldeppc.exe Linker Warning:
#   Section '.ignored' is unknown. Section ignored.
### mwldeppc.exe Linker Warning:
#   Section '.ignored' is unknown. Section ignored.
### mwldeppc.exe Linker Warning:
#   Section '.ignored' is unknown. Section ignored.
### mwldeppc.exe Linker Warning:
#   Section '.ignored' is unknown. Section ignored.
### mwldeppc.exe Linker Warning:
#   Section '.ignored' is unknown. Section ignored.
### mwldeppc.exe Linker Warning:
#   Section '.ignored' is unknown. Section ignored.
### mwldeppc.exe Linker Warning:
#   Section '.ignored' is unknown. Section ignored.
### mwldeppc.exe Linker Warning:
#   Section '.ignored' is unknown. Section ignored.
### mwldeppc.exe Linker Warning:
#   Section '.ignored' is unknown. Section ignored.
### mwldeppc.exe Linker Warning:
#   Section '.ignored' is unknown. Section ignored.
### mwldeppc.exe Linker Warning:
#   Section '.ignored' is unknown. Section ignored.
### mwldeppc.exe Linker Warning:
#   Section '.ignored' is unknown. Section ignored.
### mwldeppc.exe Linker Warning:
#   Section '.ignored' is unknown. Section ignored.
### mwldeppc.exe Linker Warning:
#   Section '.ignored' is unknown. Section ignored.
### mwldeppc.exe Linker Warning:
#   Section '.ignored' is unknown. Section ignored.
### mwldeppc.exe Linker Warning:
#   Section '.ignored' is unknown. Section ignored.
### mwldeppc.exe Linker Warning:
#   Section '.ignored' is unknown. Section ignored.
### mwldeppc.exe Linker Warning:
#   Section '.ignored' is unknown. Section ignored.
### mwldeppc.exe Linker Warning:
#   Section '.ignored' is unknown. Section ignored.
### mwldeppc.exe Linker Warning:
#   Section '.ignored' is unknown. Section ignored.
### mwldeppc.exe Linker Warning:
#   Section '.ignored' is unknown. Section ignored.
### mwldeppc.exe Linker Warning:
#   Section '.ignored' is unknown. Section ignored.
### mwldeppc.exe Linker Warning:
#   Section '.ignored' is unknown. Section ignored.
### mwldeppc.exe Linker Warning:
#   Section '.ignored' is unknown. Section ignored.
### mwldeppc.exe Linker Warning:
#   Section '.ignored' is unknown. Section ignored.
### mwldeppc.exe Linker Warning:
#   Section '.ignored' is unknown. Section ignored.
### mwldeppc.exe Linker Warning:
#   Section '.ignored' is unknown. Section ignored.
### mwldeppc.exe Linker Warning:
#   Section '.ignored' is unknown. Section ignored.
### mwldeppc.exe Linker Warning:
#   Section '.ignored' is unknown. Section ignored.
### mwldeppc.exe Linker Warning:
#   Section '.ignored' is unknown. Section ignored.
### mwldeppc.exe Linker Warning:
#   Section '.ignored' is unknown. Section ignored.
### mwldeppc.exe Linker Warning:
#   Section '.ignored' is unknown. Section ignored.
### mwldeppc.exe Linker Warning:
#   Section '.ignored' is unknown. Section ignored.
### mwldeppc.exe Linker Warning:
#   Section '.ignored' is unknown. Section ignored.
### mwldeppc.exe Linker Warning:
#   Section '.ignored' is unknown. Section ignored.
### mwldeppc.exe Linker Warning:
#   Section '.ignored' is unknown. Section ignored.
### mwldeppc.exe Linker Warning:
#   Section '.ignored' is unknown. Section ignored.
### mwldeppc.exe Linker Warning:
#   Section '.ignored' is unknown. Section ignored.
### mwldeppc.exe Linker Warning:
#   Section '.ignored' is unknown. Section ignored.
### mwldeppc.exe Linker Warning:
#   Section '.ignored' is unknown. Section ignored.
### mwldeppc.exe Linker Warning:
#   Section '.ignored' is unknown. Section ignored.
### mwldeppc.exe Linker Warning:
#   Section '.ignored' is unknown. Section ignored.
### mwldeppc.exe Linker Warning:
#   Section '.ignored' is unknown. Section ignored.
### mwldeppc.exe Linker Warning:
#   Section '.ignored' is unknown. Section ignored.
### mwldeppc.exe Linker Warning:
#   Section '.ignored' is unknown. Section ignored.
### mwldeppc.exe Linker Warning:
#   Section '.ignored' is unknown. Section ignored.
### mwldeppc.exe Linker Warning:
#   Section '.ignored' is unknown. Section ignored.
### mwldeppc.exe Linker Warning:
#   Section '.ignored' is unknown. Section ignored.
### mwldeppc.exe Linker Warning:
#   Section '.ignored' is unknown. Section ignored.
### mwldeppc.exe Linker Warning:
#   Section '.ignored' is unknown. Section ignored.
### mwldeppc.exe Linker Warning:
#   Section '.ignored' is unknown. Section ignored.
### mwldeppc.exe Linker Warning:
#   Section '.ignored' is unknown. Section ignored.
### mwldeppc.exe Linker Warning:
#   Section '.ignored' is unknown. Section ignored.
### mwldeppc.exe Linker Warning:
#   Section '.ignored' is unknown. Section ignored.
### mwldeppc.exe Linker Warning:
#   Section '.ignored' is unknown. Section ignored.
### mwldeppc.exe Linker Warning:
#   Section '.ignored' is unknown. Section ignored.
### mwldeppc.exe Linker Warning:
#   Section '.ignored' is unknown. Section ignored.
### mwldeppc.exe Linker Warning:
#   Section '.ignored' is unknown. Section ignored.
### mwldeppc.exe Linker Warning:
#   Section '.ignored' is unknown. Section ignored.
### mwldeppc.exe Linker Warning:
#   Section '.ignored' is unknown. Section ignored.
### mwldeppc.exe Linker Warning:
#   Section '.ignored' is unknown. Section ignored.
### mwldeppc.exe Linker Warning:
#   Section '.ignored' is unknown. Section ignored.
### mwldeppc.exe Linker Warning:
#   Section '.ignored' is unknown. Section ignored.
### mwldeppc.exe Linker Warning:
#   Section '.ignored' is unknown. Section ignored.
### mwldeppc.exe Linker Warning:
#   Section '.ignored' is unknown. Section ignored.
### mwldeppc.exe Linker Warning:
#   Section '.ignored' is unknown. Section ignored.
### mwldeppc.exe Linker Warning:
#   Section '.ignored' is unknown. Section ignored.
### mwldeppc.exe Linker Warning:
#   Section '.ignored' is unknown. Section ignored.
### mwldeppc.exe Linker Warning:
#   Section '.ignored' is unknown. Section ignored.
### mwldeppc.exe Linker Warning:
#   Section '.ignored' is unknown. Section ignored.
### mwldeppc.exe Linker Warning:
#   Section '.ignored' is unknown. Section ignored.
### mwldeppc.exe Linker Warning:
#   Section '.ignored' is unknown. Section ignored.
### mwldeppc.exe Linker Warning:
#   Section '.ignored' is unknown. Section ignored.
### mwldeppc.exe Linker Warning:
#   Section '.ignored' is unknown. Section ignored.
### mwldeppc.exe Linker Warning:
#   Section '.ignored' is unknown. Section ignored.
### mwldeppc.exe Linker Warning:
#   Section '.ignored' is unknown. Section ignored.
### mwldeppc.exe Linker Warning:
#   Section '.ignored' is unknown. Section ignored.
### mwldeppc.exe Linker Warning:
#   Section '.ignored' is unknown. Section ignored.
### mwldeppc.exe Linker Warning:
#   Section '.ignored' is unknown. Section ignored.
### mwldeppc.exe Linker Warning:
#   Section '.ignored' is unknown. Section ignored.
### mwldeppc.exe Linker Warning:
#   Section '.ignored' is unknown. Section ignored.
### mwldeppc.exe Linker Warning:
#   Section '.ignored' is unknown. Section ignored.
### mwldeppc.exe Linker Warning:
#   Section '.ignored' is unknown. Section ignored.
### mwldeppc.exe Linker Warning:
#   Section '.ignored' is unknown. Section ignored.
### mwldeppc.exe Linker Warning:
#   Section '.ignored' is unknown. Section ignored.
### mwldeppc.exe Linker Warning:
#   Section '.ignored' is unknown. Section ignored.
### mwldeppc.exe Linker Warning:
#   Section '.ignored' is unknown. Section ignored.
### mwldeppc.exe Linker Warning:
#   Section '.ignored' is unknown. Section ignored.
### mwldeppc.exe Linker Warning:
#   Section '.ignored' is unknown. Section ignored.
### mwldeppc.exe Linker Warning:
#   Section '.ignored' is unknown. Section ignored.
### mwldeppc.exe Linker Warning:
#   Section '.ignored' is unknown. Section ignored.
### mwldeppc.exe Linker Warning:
#   Section '.ignored' is unknown. Section ignored.
### mwldeppc.exe Linker Warning:
#   Section '.ignored' is unknown. Section ignored.
### mwldeppc.exe Linker Warning:
#   Section '.ignored' is unknown. Section ignored.
### mwldeppc.exe Linker Warning:
#   Section '.ignored' is unknown. Section ignored.
### mwldeppc.exe Linker Warning:
#   Section '.ignored' is unknown. Section ignored.
### mwldeppc.exe Linker Warning:
#   Section '.ignored' is unknown. Section ignored.
### mwldeppc.exe Linker Warning:
#   Section '.ignored' is unknown. Section ignored.
### mwldeppc.exe Linker Warning:
#   Section '.ignored' is unknown. Section ignored.
### mwldeppc.exe Linker Warning:
#   Section '.ignored' is unknown. Section ignored.
### mwldeppc.exe Linker Warning:
#   Section '.ignored' is unknown. Section ignored.
### mwldeppc.exe Linker Warning:
#   Section '.ignored' is unknown. Section ignored.
### mwldeppc.exe Linker Warning:
#   Section '.ignored' is unknown. Section ignored.
### mwldeppc.exe Linker Warning:
#   Section '.ignored' is unknown. Section ignored.
### mwldeppc.exe Linker Warning:
#   Section '.ignored' is unknown. Section ignored.
### mwldeppc.exe Linker Warning:
#   Section '.ignored' is unknown. Section ignored.
### mwldeppc.exe Linker Warning:
#   Section '.ignored' is unknown. Section ignored.
### mwldeppc.exe Linker Warning:
#   Section '.ignored' is unknown. Section ignored.
### mwldeppc.exe Linker Warning:
#   Section '.ignored' is unknown. Section ignored.
### mwldeppc.exe Linker Warning:
#   Section '.ignored' is unknown. Section ignored.
### mwldeppc.exe Linker Warning:
#   Section '.ignored' is unknown. Section ignored.
### mwldeppc.exe Linker Warning:
#   Section '.ignored' is unknown. Section ignored.
### mwldeppc.exe Linker Warning:
#   Section '.ignored' is unknown. Section ignored.
### mwldeppc.exe Linker Warning:
#   Section '.ignored' is unknown. Section ignored.
### mwldeppc.exe Linker Warning:
#   Section '.ignored' is unknown. Section ignored.
### mwldeppc.exe Linker Warning:
#   Section '.ignored' is unknown. Section ignored.
### mwldeppc.exe Linker Warning:
#   Section '.ignored' is unknown. Section ignored.
### mwldeppc.exe Linker Warning:
#   Section '.ignored' is unknown. Section ignored.
### mwldeppc.exe Linker Warning:
#   Section '.ignored' is unknown. Section ignored.
### mwldeppc.exe Linker Warning:
#   Section '.ignored' is unknown. Section ignored.
### mwldeppc.exe Linker Warning:
#   Section '.ignored' is unknown. Section ignored.
### mwldeppc.exe Linker Warning:
#   Section '.ignored' is unknown. Section ignored.
### mwldeppc.exe Linker Warning:
#   Section '.ignored' is unknown. Section ignored.
### mwldeppc.exe Linker Warning:
#   Section '.ignored' is unknown. Section ignored.
### mwldeppc.exe Linker Warning:
#   Section '.ignored' is unknown. Section ignored.
### mwldeppc.exe Linker Warning:
#   Section '.ignored' is unknown. Section ignored.
### mwldeppc.exe Linker Warning:
#   Section '.ignored' is unknown. Section ignored.
### mwldeppc.exe Linker Warning:
#   Section '.ignored' is unknown. Section ignored.
### mwldeppc.exe Linker Warning:
#   Section '.ignored' is unknown. Section ignored.
### mwldeppc.exe Linker Warning:
#   Section '.ignored' is unknown. Section ignored.
### mwldeppc.exe Linker Warning:
#   Section '.ignored' is unknown. Section ignored.
### mwldeppc.exe Linker Warning:
#   Section '.ignored' is unknown. Section ignored.
### mwldeppc.exe Linker Warning:
#   Section '.ignored' is unknown. Section ignored.
### mwldeppc.exe Linker Warning:
#   Section '.ignored' is unknown. Section ignored.
### mwldeppc.exe Linker Warning:
#   Section '.ignored' is unknown. Section ignored.
### mwldeppc.exe Linker Warning:
#   Section '.ignored' is unknown. Section ignored.
### mwldeppc.exe Linker Warning:
#   Section '.ignored' is unknown. Section ignored.
### mwldeppc.exe Linker Warning:
#   Section '.ignored' is unknown. Section ignored.
### mwldeppc.exe Linker Warning:
#   Section '.ignored' is unknown. Section ignored.
### mwldeppc.exe Linker Warning:
#   Section '.ignored' is unknown. Section ignored.
### mwldeppc.exe Linker Warning:
#   Section '.ignored' is unknown. Section ignored.
### mwldeppc.exe Linker Warning:
#   Section '.ignored' is unknown. Section ignored.
### mwldeppc.exe Linker Warning:
#   Section '.ignored' is unknown. Section ignored.
### mwldeppc.exe Linker Warning:
#   Section '.ignored' is unknown. Section ignored.
### mwldeppc.exe Linker Warning:
#   Section '.ignored' is unknown. Section ignored.
### mwldeppc.exe Linker Warning:
#   Section '.ignored' is unknown. Section ignored.
### mwldeppc.exe Linker Warning:
#   Section '.ignored' is unknown. Section ignored.
### mwldeppc.exe Linker Warning:
#   Section '.ignored' is unknown. Section ignored.
### mwldeppc.exe Linker Warning:
#   Section '.ignored' is unknown. Section ignored.
### mwldeppc.exe Linker Warning:
#   Section '.ignored' is unknown. Section ignored.
### mwldeppc.exe Linker Warning:
#   Section '.ignored' is unknown. Section ignored.
### mwldeppc.exe Linker Warning:
#   Section '.ignored' is unknown. Section ignored.
### mwldeppc.exe Linker Warning:
#   Section '.ignored' is unknown. Section ignored.
### mwldeppc.exe Linker Warning:
#   Section '.ignored' is unknown. Section ignored.
### mwldeppc.exe Linker Warning:
#   Section '.ignored' is unknown. Section ignored.
### mwldeppc.exe Linker Warning:
#   Section '.ignored' is unknown. Section ignored.
### mwldeppc.exe Linker Warning:
#   Section '.ignored' is unknown. Section ignored.
### mwldeppc.exe Linker Warning:
#   Section '.ignored' is unknown. Section ignored.
### mwldeppc.exe Linker Warning:
#   Section '.ignored' is unknown. Section ignored.
### mwldeppc.exe Linker Warning:
#   Section '.ignored' is unknown. Section ignored.
### mwldeppc.exe Linker Warning:
#   Section '.ignored' is unknown. Section ignored.
### mwldeppc.exe Linker Warning:
#   Section '.ignored' is unknown. Section ignored.
### mwldeppc.exe Linker Warning:
#   Section '.ignored' is unknown. Section ignored.
### mwldeppc.exe Linker Warning:
#   Section '.ignored' is unknown. Section ignored.
### mwldeppc.exe Linker Warning:
#   Section '.ignored' is unknown. Section ignored.
### mwldeppc.exe Linker Warning:
#   Section '.ignored' is unknown. Section ignored.
### mwldeppc.exe Linker Warning:
#   Section '.ignored' is unknown. Section ignored.
### mwldeppc.exe Linker Warning:
#   Section '.ignored' is unknown. Section ignored.
### mwldeppc.exe Linker Warning:
#   Section '.ignored' is unknown. Section ignored.
### mwldeppc.exe Linker Warning:
#   Section '.ignored' is unknown. Section ignored.
### mwldeppc.exe Linker Warning:
#   Section '.ignored' is unknown. Section ignored.
### mwldeppc.exe Linker Warning:
#   Section '.ignored' is unknown. Section ignored.
### mwldeppc.exe Linker Warning:
#   Section '.ignored' is unknown. Section ignored.
### mwldeppc.exe Linker Warning:
#   Section '.ignored' is unknown. Section ignored.
### mwldeppc.exe Linker Warning:
#   Section '.ignored' is unknown. Section ignored.
### mwldeppc.exe Linker Warning:
#   Section '.ignored' is unknown. Section ignored.
### mwldeppc.exe Linker Warning:
#   Section '.ignored' is unknown. Section ignored.
### mwldeppc.exe Linker Warning:
#   Section '.ignored' is unknown. Section ignored.
### mwldeppc.exe Linker Warning:
#   Section '.ignored' is unknown. Section ignored.
### mwldeppc.exe Linker Warning:
#   Section '.ignored' is unknown. Section ignored.
### mwldeppc.exe Linker Warning:
#   Section '.ignored' is unknown. Section ignored.
### mwldeppc.exe Linker Warning:
#   Section '.ignored' is unknown. Section ignored.
### mwldeppc.exe Linker Warning:
#   Section '.ignored' is unknown. Section ignored.
### mwldeppc.exe Linker Warning:
#   Section '.ignored' is unknown. Section ignored.
### mwldeppc.exe Linker Warning:
#   Section '.ignored' is unknown. Section ignored.
### mwldeppc.exe Linker Warning:
#   Section '.ignored' is unknown. Section ignored.
### mwldeppc.exe Linker Warning:
#   Section '.ignored' is unknown. Section ignored.
### mwldeppc.exe Linker Warning:
#   Section '.ignored' is unknown. Section ignored.
### mwldeppc.exe Linker Warning:
#   Section '.ignored' is unknown. Section ignored.
### mwldeppc.exe Linker Warning:
#   Section '.ignored' is unknown. Section ignored.
### mwldeppc.exe Linker Warning:
#   Section '.ignored' is unknown. Section ignored.
### mwldeppc.exe Linker Warning:
#   Section '.ignored' is unknown. Section ignored.
### mwldeppc.exe Linker Warning:
#   Section '.ignored' is unknown. Section ignored.
### mwldeppc.exe Linker Warning:
#   Section '.ignored' is unknown. Section ignored.
### mwldeppc.exe Linker Warning:
#   Section '.ignored' is unknown. Section ignored.
### mwldeppc.exe Linker Warning:
#   Section '.ignored' is unknown. Section ignored.
### mwldeppc.exe Linker Warning:
#   Section '.ignored' is unknown. Section ignored.
### mwldeppc.exe Linker Warning:
#   Section '.ignored' is unknown. Section ignored.
### mwldeppc.exe Linker Warning:
#   Section '.ignored' is unknown. Section ignored.
### mwldeppc.exe Linker Warning:
#   Section '.ignored' is unknown. Section ignored.
### mwldeppc.exe Linker Warning:
#   Section '.ignored' is unknown. Section ignored.
### mwldeppc.exe Linker Warning:
#   Section '.ignored' is unknown. Section ignored.
### mwldeppc.exe Linker Warning:
#   Section '.ignored' is unknown. Section ignored.
### mwldeppc.exe Linker Warning:
#   Section '.ignored' is unknown. Section ignored.
### mwldeppc.exe Linker Warning:
#   Section '.ignored' is unknown. Section ignored.
### mwldeppc.exe Linker Warning:
#   Section '.ignored' is unknown. Section ignored.
### mwldeppc.exe Linker Warning:
#   Section '.ignored' is unknown. Section ignored.
### mwldeppc.exe Linker Warning:
#   Section '.ignored' is unknown. Section ignored.
### mwldeppc.exe Linker Warning:
#   Section '.ignored' is unknown. Section ignored.
### mwldeppc.exe Linker Warning:
#   Section '.ignored' is unknown. Section ignored.
### mwldeppc.exe Linker Warning:
#   Section '.ignored' is unknown. Section ignored.
### mwldeppc.exe Linker Warning:
#   Section '.ignored' is unknown. Section ignored.
### mwldeppc.exe Linker Warning:
#   Section '.ignored' is unknown. Section ignored.
### mwldeppc.exe Linker Warning:
#   Section '.ignored' is unknown. Section ignored.
### mwldeppc.exe Linker Warning:
#   Section '.ignored' is unknown. Section ignored.
### mwldeppc.exe Linker Warning:
#   Section '.ignored' is unknown. Section ignored.
### mwldeppc.exe Linker Warning:
#   Section '.ignored' is unknown. Section ignored.
### mwldeppc.exe Linker Warning:
#   Section '.ignored' is unknown. Section ignored.
### mwldeppc.exe Linker Warning:
#   Section '.ignored' is unknown. Section ignored.
### mwldeppc.exe Linker Warning:
#   Section '.ignored' is unknown. Section ignored.
### mwldeppc.exe Linker Warning:
#   Section '.ignored' is unknown. Section ignored.
### mwldeppc.exe Linker Warning:
#   Section '.ignored' is unknown. Section ignored.
### mwldeppc.exe Linker Warning:
#   Section '.ignored' is unknown. Section ignored.
### mwldeppc.exe Linker Warning:
#   Section '.ignored' is unknown. Section ignored.
### mwldeppc.exe Linker Warning:
#   Section '.ignored' is unknown. Section ignored.
### mwldeppc.exe Linker Warning:
#   Section '.ignored' is unknown. Section ignored.
### mwldeppc.exe Linker Warning:
#   Section '.ignored' is unknown. Section ignored.
### mwldeppc.exe Linker Warning:
#   Section '.ignored' is unknown. Section ignored.
### mwldeppc.exe Linker Warning:
#   Section '.ignored' is unknown. Section ignored.
### mwldeppc.exe Linker Warning:
#   Section '.ignored' is unknown. Section ignored.
### mwldeppc.exe Linker Warning:
#   Section '.ignored' is unknown. Section ignored.
### mwldeppc.exe Linker Warning:
#   Section '.ignored' is unknown. Section ignored.
### mwldeppc.exe Linker Warning:
#   Section '.ignored' is unknown. Section ignored.
### mwldeppc.exe Linker Warning:
#   Section '.ignored' is unknown. Section ignored.
### mwldeppc.exe Linker Warning:
#   Section '.ignored' is unknown. Section ignored.
### mwldeppc.exe Linker Warning:
#   Section '.ignored' is unknown. Section ignored.
### mwldeppc.exe Linker Warning:
#   Section '.ignored' is unknown. Section ignored.
### mwldeppc.exe Linker Warning:
#   Section '.ignored' is unknown. Section ignored.
### mwldeppc.exe Linker Warning:
#   Section '.ignored' is unknown. Section ignored.
### mwldeppc.exe Linker Warning:
#   Section '.ignored' is unknown. Section ignored.
### mwldeppc.exe Linker Warning:
#   Section '.ignored' is unknown. Section ignored.
### mwldeppc.exe Linker Warning:
#   Section '.ignored' is unknown. Section ignored.
### mwldeppc.exe Linker Warning:
#   Section '.ignored' is unknown. Section ignored.
### mwldeppc.exe Linker Warning:
#   Section '.ignored' is unknown. Section ignored.
### mwldeppc.exe Linker Warning:
#   Section '.ignored' is unknown. Section ignored.
### mwldeppc.exe Linker Warning:
#   Section '.ignored' is unknown. Section ignored.
### mwldeppc.exe Linker Warning:
#   Section '.ignored' is unknown. Section ignored.
### mwldeppc.exe Linker Warning:
#   Section '.ignored' is unknown. Section ignored.
### mwldeppc.exe Linker Warning:
#   Section '.ignored' is unknown. Section ignored.
### mwldeppc.exe Linker Warning:
#   Section '.ignored' is unknown. Section ignored.
### mwldeppc.exe Linker Warning:
#   Section '.ignored' is unknown. Section ignored.
### mwldeppc.exe Linker Warning:
#   Section '.ignored' is unknown. Section ignored.
### mwldeppc.exe Linker Warning:
#   Section '.ignored' is unknown. Section ignored.
### mwldeppc.exe Linker Warning:
#   Section '.ignored' is unknown. Section ignored.
### mwldeppc.exe Linker Warning:
#   Section '.ignored' is unknown. Section ignored.
### mwldeppc.exe Linker Warning:
#   Section '.ignored' is unknown. Section ignored.
### mwldeppc.exe Linker Warning:
#   Section '.ignored' is unknown. Section ignored.
### mwldeppc.exe Linker Warning:
#   Section '.ignored' is unknown. Section ignored.
### mwldeppc.exe Linker Warning:
#   Section '.ignored' is unknown. Section ignored.
### mwldeppc.exe Linker Warning:
#   Section '.ignored' is unknown. Section ignored.
### mwldeppc.exe Linker Warning:
#   Section '.ignored' is unknown. Section ignored.
### mwldeppc.exe Linker Warning:
#   Section '.ignored' is unknown. Section ignored.
### mwldeppc.exe Linker Warning:
#   Section '.ignored' is unknown. Section ignored.
### mwldeppc.exe Linker Warning:
#   Section '.ignored' is unknown. Section ignored.
### mwldeppc.exe Linker Warning:
#   Section '.ignored' is unknown. Section ignored.
### mwldeppc.exe Linker Warning:
#   Section '.ignored' is unknown. Section ignored.
### mwldeppc.exe Linker Warning:
#   Section '.ignored' is unknown. Section ignored.
### mwldeppc.exe Linker Warning:
#   Section '.ignored' is unknown. Section ignored.
### mwldeppc.exe Linker Warning:
#   Section '.ignored' is unknown. Section ignored.
### mwldeppc.exe Linker Warning:
#   Section '.ignored' is unknown. Section ignored.
### mwldeppc.exe Linker Warning:
#   Section '.ignored' is unknown. Section ignored.
### mwldeppc.exe Linker Warning:
#   Section '.ignored' is unknown. Section ignored.
### mwldeppc.exe Linker Warning:
#   Section '.ignored' is unknown. Section ignored.
### mwldeppc.exe Linker Warning:
#   Section '.ignored' is unknown. Section ignored.
### mwldeppc.exe Linker Warning:
#   Section '.ignored' is unknown. Section ignored.
### mwldeppc.exe Linker Warning:
#   Section '.ignored' is unknown. Section ignored.
### mwldeppc.exe Linker Warning:
#   Section '.ignored' is unknown. Section ignored.
### mwldeppc.exe Linker Warning:
#   Section '.ignored' is unknown. Section ignored.
### mwldeppc.exe Linker Warning:
#   Section '.ignored' is unknown. Section ignored.
### mwldeppc.exe Linker Warning:
#   Section '.ignored' is unknown. Section ignored.
### mwldeppc.exe Linker Warning:
#   Section '.ignored' is unknown. Section ignored.
### mwldeppc.exe Linker Warning:
#   Section '.ignored' is unknown. Section ignored.
### mwldeppc.exe Linker Warning:
#   Section '.ignored' is unknown. Section ignored.
### mwldeppc.exe Linker Warning:
#   Section '.ignored' is unknown. Section ignored.
### mwldeppc.exe Linker Warning:
#   Section '.ignored' is unknown. Section ignored.
### mwldeppc.exe Linker Warning:
#   Section '.ignored' is unknown. Section ignored.
### mwldeppc.exe Linker Warning:
#   Section '.ignored' is unknown. Section ignored.
### mwldeppc.exe Linker Warning:
#   Section '.ignored' is unknown. Section ignored.
### mwldeppc.exe Linker Warning:
#   Section '.ignored' is unknown. Section ignored.
### mwldeppc.exe Linker Warning:
#   Section '.ignored' is unknown. Section ignored.
### mwldeppc.exe Linker Warning:
#   Section '.ignored' is unknown. Section ignored.
### mwldeppc.exe Linker Warning:
#   Section '.ignored' is unknown. Section ignored.
### mwldeppc.exe Linker Warning:
#   Section '.ignored' is unknown. Section ignored.
### mwldeppc.exe Linker Warning:
#   Section '.ignored' is unknown. Section ignored.
### mwldeppc.exe Linker Warning:
#   Section '.ignored' is unknown. Section ignored.
### mwldeppc.exe Linker Warning:
#   Section '.ignored' is unknown. Section ignored.
### mwldeppc.exe Linker Warning:
#   Section '.ignored' is unknown. Section ignored.
### mwldeppc.exe Linker Warning:
#   Section '.ignored' is unknown. Section ignored.
### mwldeppc.exe Linker Warning:
#   Section '.ignored' is unknown. Section ignored.
### mwldeppc.exe Linker Warning:
#   Section '.ignored' is unknown. Section ignored.
### mwldeppc.exe Linker Warning:
#   Section '.ignored' is unknown. Section ignored.
### mwldeppc.exe Linker Warning:
#   Section '.ignored' is unknown. Section ignored.
### mwldeppc.exe Linker Warning:
#   Section '.ignored' is unknown. Section ignored.
### mwldeppc.exe Linker Warning:
#   Section '.ignored' is unknown. Section ignored.
### mwldeppc.exe Linker Warning:
#   Section '.ignored' is unknown. Section ignored.
### mwldeppc.exe Linker Warning:
#   Section '.ignored' is unknown. Section ignored.
### mwldeppc.exe Linker Warning:
#   Section '.ignored' is unknown. Section ignored.
### mwldeppc.exe Linker Warning:
#   Section '.ignored' is unknown. Section ignored.
### mwldeppc.exe Linker Warning:
#   Section '.ignored' is unknown. Section ignored.
### mwldeppc.exe Linker Warning:
#   Section '.ignored' is unknown. Section ignored.
### mwldeppc.exe Linker Warning:
#   Section '.ignored' is unknown. Section ignored.
### mwldeppc.exe Linker Warning:
#   Section '.ignored' is unknown. Section ignored.
### mwldeppc.exe Linker Warning:
#   Section '.ignored' is unknown. Section ignored.
### mwldeppc.exe Linker Warning:
#   Section '.ignored' is unknown. Section ignored.
### mwldeppc.exe Linker Warning:
#   Section '.ignored' is unknown. Section ignored.
### mwldeppc.exe Linker Warning:
#   Section '.ignored' is unknown. Section ignored.
### mwldeppc.exe Linker Warning:
#   Section '.ignored' is unknown. Section ignored.
### mwldeppc.exe Linker Warning:
#   Section '.ignored' is unknown. Section ignored.
### mwldeppc.exe Linker Warning:
#   Section '.ignored' is unknown. Section ignored.
### mwldeppc.exe Linker Warning:
#   Section '.ignored' is unknown. Section ignored.
### mwldeppc.exe Linker Warning:
#   Section '.ignored' is unknown. Section ignored.
### mwldeppc.exe Linker Warning:
#   Section '.ignored' is unknown. Section ignored.
### mwldeppc.exe Linker Warning:
#   Section '.ignored' is unknown. Section ignored.
### mwldeppc.exe Linker Warning:
#   Section '.ignored' is unknown. Section ignored.
### mwldeppc.exe Linker Warning:
#   Section '.ignored' is unknown. Section ignored.
### mwldeppc.exe Linker Warning:
#   Section '.ignored' is unknown. Section ignored.
### mwldeppc.exe Linker Warning:
#   Section '.ignored' is unknown. Section ignored.
### mwldeppc.exe Linker Warning:
#   Section '.ignored' is unknown. Section ignored.
### mwldeppc.exe Linker Warning:
#   Section '.ignored' is unknown. Section ignored.
### mwldeppc.exe Linker Warning:
#   Section '.ignored' is unknown. Section ignored.
### mwldeppc.exe Linker Warning:
#   Section '.ignored' is unknown. Section ignored.
### mwldeppc.exe Linker Warning:
#   Section '.ignored' is unknown. Section ignored.
### mwldeppc.exe Linker Warning:
#   Section '.ignored' is unknown. Section ignored.
### mwldeppc.exe Linker Warning:
#   Section '.ignored' is unknown. Section ignored.
### mwldeppc.exe Linker Warning:
#   Section '.ignored' is unknown. Section ignored.
### mwldeppc.exe Linker Warning:
#   Section '.ignored' is unknown. Section ignored.
### mwldeppc.exe Linker Warning:
#   Section '.ignored' is unknown. Section ignored.
### mwldeppc.exe Linker Warning:
#   Section '.ignored' is unknown. Section ignored.
### mwldeppc.exe Linker Warning:
#   Section '.ignored' is unknown. Section ignored.
### mwldeppc.exe Linker Warning:
#   Section '.ignored' is unknown. Section ignored.
### mwldeppc.exe Linker Warning:
#   Section '.ignored' is unknown. Section ignored.
### mwldeppc.exe Linker Warning:
#   Section '.ignored' is unknown. Section ignored.
### mwldeppc.exe Linker Warning:
#   Section '.ignored' is unknown. Section ignored.
### mwldeppc.exe Linker Warning:
#   Section '.ignored' is unknown. Section ignored.
### mwldeppc.exe Linker Warning:
#   Section '.ignored' is unknown. Section ignored.
### mwldeppc.exe Linker Warning:
#   Section '.ignored' is unknown. Section ignored.
### mwldeppc.exe Linker Warning:
#   Section '.ignored' is unknown. Section ignored.
### mwldeppc.exe Linker Warning:
#   Section '.ignored' is unknown. Section ignored.
### mwldeppc.exe Linker Warning:
#   Section '.ignored' is unknown. Section ignored.
### mwldeppc.exe Linker Warning:
#   Section '.ignored' is unknown. Section ignored.
### mwldeppc.exe Linker Warning:
#   Section '.ignored' is unknown. Section ignored.
### mwldeppc.exe Linker Warning:
#   Section '.ignored' is unknown. Section ignored.
### mwldeppc.exe Linker Warning:
#   Section '.ignored' is unknown. Section ignored.
### mwldeppc.exe Linker Warning:
#   Section '.ignored' is unknown. Section ignored.
### mwldeppc.exe Linker Warning:
#   Section '.ignored' is unknown. Section ignored.
### mwldeppc.exe Linker Warning:
#   Section '.ignored' is unknown. Section ignored.
### mwldeppc.exe Linker Warning:
#   Section '.ignored' is unknown. Section ignored.
### mwldeppc.exe Linker Warning:
#   Section '.ignored' is unknown. Section ignored.
### mwldeppc.exe Linker Warning:
#   Section '.ignored' is unknown. Section ignored.
### mwldeppc.exe Linker Warning:
#   Section '.ignored' is unknown. Section ignored.
[927/929] DOL build/GEDE01/main.dol
[928/929] CHECK config/GEDE01/build.sha1
build/GEDE01/main.dol: OK
[929/929] PROGRESS
Progress:
  All: 58.49% fuzzy, 49.60% matched, 49.41% linked (6322 / 7068 files)
    Code: 1141164 / 2300692 bytes (6091 / 8214 functions)
    Data: 39634 / 4305642 bytes (0.92%)
  Game Code: 94.21% fuzzy, 79.86% matched, 79.56% linked (6304 / 6633 files)
    Code: 1138136 / 1425104 bytes (6029 / 6354 functions)
    Data: 39410 / 40426 bytes (97.49%)
  SDK/Runtime: 100.00% fuzzy, 100.00% matched, 100.00% linked (18 / 18 files)
    Code: 3028 / 3028 bytes (62 / 62 functions)
    Data: 224 / 224 bytes (100.00%)

exit_code=0
