[1/1] RUN configure.py
[1/975] MWCC build/GEDE01/src/game/game_fn_800094C0.o
[2/975] MWCC build/GEDE01/src/game/game_fn_80008014.o
[3/975] MWCC build/GEDE01/src/game/game_fn_800096E0.o
[4/975] MWCC build/GEDE01/src/game/game_fn_800098C0.o
[5/975] MWCC build/GEDE01/src/game/game_fn_800099D8.o
[6/975] MWCC build/GEDE01/src/game/game_fn_80009AB4.o
[7/975] MWCC build/GEDE01/src/game/game_fn_8000A26C.o
[8/975] MWCC build/GEDE01/src/game/game_fn_8000AC88.o
[9/975] MWCC build/GEDE01/src/game/game_fn_8000AEB4.o
[10/975] MWCC build/GEDE01/src/game/game_fn_8000AFB4.o
[11/975] MWCC build/GEDE01/src/game/game_fn_8000B36C.o
[12/975] MWCC build/GEDE01/src/game/game_fn_8000B1B8.o
[13/975] MWCC build/GEDE01/src/game/game_fn_8000B630.o
[14/975] MWCC build/GEDE01/src/game/game_fn_8000B7FC.o
[15/975] MWCC build/GEDE01/src/game/game_fn_8000B900.o
[16/975] MWCC build/GEDE01/src/game/game_fn_8000BA0C.o
[17/975] MWCC build/GEDE01/src/game/game_fn_8000BC40.o
[18/975] MWCC build/GEDE01/src/game/game_fn_8000BAA0.o
[19/975] MWCC build/GEDE01/src/game/game_fn_8000C06C.o
[20/975] MWCC build/GEDE01/src/game/game_fn_8000C17C.o
[21/975] MWCC build/GEDE01/src/game/game_fn_8000C400.o
[22/975] MWCC build/GEDE01/src/game/game_fn_8000C848.o
[23/975] MWCC build/GEDE01/src/game/game_fn_8000C91C.o
[24/975] MWCC build/GEDE01/src/game/game_fn_8000D0BC.o
[25/975] MWCC build/GEDE01/src/game/game_fn_8000D3D4.o
[26/975] MWCC build/GEDE01/src/game/game_fn_8000D590.o
[27/975] MWCC build/GEDE01/src/game/game_fn_8000D8A4.o
[28/975] MWCC build/GEDE01/src/game/game_fn_8000DA50.o
[29/975] MWCC build/GEDE01/src/game/game_fn_8000DAF4.o
[30/975] MWCC build/GEDE01/src/game/game_fn_8000E054.o
[31/975] MWCC build/GEDE01/src/game/game_fn_8000E0AC.o
[32/975] MWCC build/GEDE01/src/game/game_fn_8000E138.o
[33/975] MWCC build/GEDE01/src/game/game_fn_8000E1C4.o
[34/975] MWCC build/GEDE01/src/game/game_fn_8000E96C.o
[35/975] MWCC build/GEDE01/src/game/game_fn_8000EB14.o
[36/975] MWCC build/GEDE01/src/game/game_fn_8000EBD4.o
[37/975] MWCC build/GEDE01/src/game/game_fn_8000ED44.o
[38/975] MWCC build/GEDE01/src/game/game_fn_8000EFC4.o
[39/975] MWCC build/GEDE01/src/game/game_fn_8000F4B0.o
[40/975] MWCC build/GEDE01/src/game/game_fn_8000F774.o
[41/975] MWCC build/GEDE01/src/game/game_fn_8000FDE8.o
[42/975] MWCC build/GEDE01/src/game/game_fn_8000FFD8.o
[43/975] MWCC build/GEDE01/src/game/game_fn_800119FC.o
[44/975] MWCC build/GEDE01/src/game/game_fn_80012DA8.o
[45/975] MWCC build/GEDE01/src/game/game_fn_80012F40.o
[46/975] MWCC build/GEDE01/src/game/game_fn_80012FD0.o
[47/975] MWCC build/GEDE01/src/game/game_fn_80013340.o
[48/975] MWCC build/GEDE01/src/game/game_fn_800131E8.o
[49/975] MWCC build/GEDE01/src/game/game_fn_80013870.o
[50/975] MWCC build/GEDE01/src/game/game_fn_80013CB0.o
[51/975] MWCC build/GEDE01/src/game/game_fn_80013D54.o
[52/975] MWCC build/GEDE01/src/game/game_fn_800142DC.o
[53/975] MWCC build/GEDE01/src/game/game_fn_800144CC.o
[54/975] MWCC build/GEDE01/src/game/game_fn_80014784.o
[55/975] MWCC build/GEDE01/src/game/game_fn_800149D4.o
[56/975] MWCC build/GEDE01/src/game/game_fn_80015058.o
[57/975] MWCC build/GEDE01/src/game/game_fn_80015320.o
[58/975] MWCC build/GEDE01/src/game/game_fn_80015568.o
[59/975] MWCC build/GEDE01/src/game/game_fn_800156FC.o
[60/975] MWCC build/GEDE01/src/game/game_fn_80015BE0.o
[61/975] MWCC build/GEDE01/src/game/game_fn_80015D40.o
[62/975] MWCC build/GEDE01/src/game/game_fn_80015F04.o
[63/975] MWCC build/GEDE01/src/game/game_fn_80016128.o
[64/975] MWCC build/GEDE01/src/game/game_fn_80016270.o
[65/975] MWCC build/GEDE01/src/game/game_fn_80016904.o
[66/975] MWCC build/GEDE01/src/game/game_fn_80016B24.o
[67/975] MWCC build/GEDE01/src/game/game_fn_800171C0.o
[68/975] MWCC build/GEDE01/src/game/game_fn_800173CC.o
[69/975] MWCC build/GEDE01/src/game/game_fn_800176F0.o
[70/975] MWCC build/GEDE01/src/game/game_fn_80017910.o
[71/975] MWCC build/GEDE01/src/game/game_fn_80017A3C.o
[72/975] MWCC build/GEDE01/src/game/game_fn_800179AC.o
[73/975] MWCC build/GEDE01/src/game/game_fn_80017AE4.o
[74/975] MWCC build/GEDE01/src/game/game_fn_80017C3C.o
[75/975] MWCC build/GEDE01/src/game/game_fn_80017CC8.o
[76/975] MWCC build/GEDE01/src/game/game_fn_80017DB0.o
[77/975] MWCC build/GEDE01/src/game/game_fn_80018EF4.o
[78/975] MWCC build/GEDE01/src/game/game_fn_80019054.o
[79/975] MWCC build/GEDE01/src/game/game_fn_80019244.o
[80/975] MWCC build/GEDE01/src/game/game_fn_800194D0.o
[81/975] MWCC build/GEDE01/src/game/game_fn_80019940.o
[82/975] MWCC build/GEDE01/src/game/game_fn_80019C10.o
[83/975] MWCC build/GEDE01/src/game/game_fn_80019D2C.o
[84/975] MWCC build/GEDE01/src/game/game_fn_80019F98.o
[85/975] MWCC build/GEDE01/src/game/game_fn_8001A6C4.o
[86/975] MWCC build/GEDE01/src/game/game_fn_8001AAB8.o
[87/975] MWCC build/GEDE01/src/game/game_fn_8001AF68.o
[88/975] MWCC build/GEDE01/src/game/game_fn_8001ADF8.o
[89/975] MWCC build/GEDE01/src/game/game_fn_8001B124.o
[90/975] MWCC build/GEDE01/src/game/game_fn_8001B294.o
[91/975] MWCC build/GEDE01/src/game/game_fn_8001B808.o
[92/975] MWCC build/GEDE01/src/game/game_fn_8001B874.o
[93/975] MWCC build/GEDE01/src/game/game_fn_8001C078.o
[94/975] MWCC build/GEDE01/src/game/game_fn_8001CA04.o
[95/975] MWCC build/GEDE01/src/game/game_fn_8001CD58.o
[96/975] MWCC build/GEDE01/src/game/game_fn_8001CE94.o
[97/975] MWCC build/GEDE01/src/game/game_fn_8001E644.o
[98/975] MWCC build/GEDE01/src/game/game_fn_8001FE1C.o
[99/975] MWCC build/GEDE01/src/game/game_fn_80020E94.o
[100/975] MWCC build/GEDE01/src/game/game_fn_80024F28.o
[101/975] MWCC build/GEDE01/src/game/game_fn_800272B4.o
[102/975] MWCC build/GEDE01/src/game/game_fn_8002B748.o
[103/975] MWCC build/GEDE01/src/game/game_fn_8002DAE0.o
[104/975] MWCC build/GEDE01/src/game/game_fn_8002E3F0.o
[105/975] MWCC build/GEDE01/src/game/game_fn_8002EA68.o
[106/975] MWCC build/GEDE01/src/game/game_fn_8002F428.o
[107/975] MWCC build/GEDE01/src/game/game_fn_80031544.o
[108/975] MWCC build/GEDE01/src/game/game_fn_8003232C.o
[109/975] MWCC build/GEDE01/src/game/game_fn_80032B84.o
[110/975] MWCC build/GEDE01/src/game/game_fn_80033038.o
[111/975] MWCC build/GEDE01/src/game/game_fn_80033180.o
[112/975] MWCC build/GEDE01/src/game/game_fn_800359A0.o
[113/975] MWCC build/GEDE01/src/game/game_fn_800361F8.o
[114/975] MWCC build/GEDE01/src/game/game_fn_80036C40.o
[115/975] MWCC build/GEDE01/src/game/game_fn_80038878.o
[116/975] MWCC build/GEDE01/src/game/game_fn_80048ADC.o
[117/975] MWCC build/GEDE01/src/game/game_fn_80048B24.o
[118/975] MWCC build/GEDE01/src/game/game_fn_8004998C.o
[119/975] MWCC build/GEDE01/src/game/game_fn_80050B08.o
[120/975] MWCC build/GEDE01/src/game/game_fn_80052310.o
[121/975] MWCC build/GEDE01/src/game/game_fn_800542D0.o
[122/975] MWCC build/GEDE01/src/game/game_fn_8005EC6C.o
[123/975] MWCC build/GEDE01/src/game/game_fn_8005EE9C.o
[124/975] MWCC build/GEDE01/src/game/game_fn_8005EF94.o
[125/975] MWCC build/GEDE01/src/game/game_data_80239E10.o
[126/975] MWCC build/GEDE01/src/game/game_data_80239E18.o
[127/975] MWCC build/GEDE01/src/game/game_fn_8005FD84.o
[128/975] MWCC build/GEDE01/src/game/game_fn_80066888.o
[129/975] MWCC build/GEDE01/src/game/game_fn_80066E78.o
[130/975] MWCC build/GEDE01/src/game/game_fn_8006B0F0.o
[131/975] MWCC build/GEDE01/src/game/game_fn_8006B620.o
[132/975] MWCC build/GEDE01/src/game/game_fn_8006E53C.o
[133/975] MWCC build/GEDE01/src/game/game_fn_80071A58.o
[134/975] MWCC build/GEDE01/src/game/game_fn_80074310.o
[135/975] MWCC build/GEDE01/src/game/game_fn_80078500.o
[136/975] MWCC build/GEDE01/src/game/game_fn_80079908.o
[137/975] MWCC build/GEDE01/src/game/game_fn_80079AA4.o
[138/975] MWCC build/GEDE01/src/game/game_fn_8007B2F4.o
[139/975] MWCC build/GEDE01/src/game/game_fn_8007B540.o
[140/975] MWCC build/GEDE01/src/game/game_fn_8007B640.o
[141/975] MWCC build/GEDE01/src/game/game_fn_8007B828.o
[142/975] MWCC build/GEDE01/src/game/game_fn_8007BA3C.o
[143/975] MWCC build/GEDE01/src/game/game_fn_8007D4D8.o
[144/975] MWCC build/GEDE01/src/game/game_fn_8007F770.o
[145/975] MWCC build/GEDE01/src/game/game_fn_80088060.o
[146/975] MWCC build/GEDE01/src/game/game_fn_800886D8.o
[147/975] MWCC build/GEDE01/src/game/game_fn_80088F4C.o
[148/975] MWCC build/GEDE01/src/game/game_fn_80089A34.o
[149/975] MWCC build/GEDE01/src/game/game_fn_8008A2E0.o
[150/975] MWCC build/GEDE01/src/game/game_fn_8008F224.o
[151/975] MWCC build/GEDE01/src/game/game_fn_8008F890.o
[152/975] MWCC build/GEDE01/src/game/game_fn_80090004.o
[153/975] MWCC build/GEDE01/src/game/game_fn_800934A0.o
[154/975] MWCC build/GEDE01/src/game/game_fn_80095E64.o
[155/975] MWCC build/GEDE01/src/game/game_fn_80095D10.o
[156/975] MWCC build/GEDE01/src/game/game_fn_80095FDC.o
[157/975] MWCC build/GEDE01/src/game/game_fn_80096830.o
[158/975] MWCC build/GEDE01/src/game/game_fn_8009C424.o
[159/975] MWCC build/GEDE01/src/game/game_fn_8009E808.o
[160/975] MWCC build/GEDE01/src/game/game_fn_800A2130.o
[161/975] MWCC build/GEDE01/src/game/game_fn_800A2B8C.o
[162/975] MWCC build/GEDE01/src/game/game_fn_800A2FCC.o
[163/975] MWCC build/GEDE01/src/game/game_fn_800A3180.o
[164/975] MWCC build/GEDE01/src/game/game_fn_800A3894.o
[165/975] MWCC build/GEDE01/src/game/game_fn_800A4428.o
[166/975] MWCC build/GEDE01/src/game/game_fn_800A4798.o
[167/975] MWCC build/GEDE01/src/game/game_fn_800A7E88.o
[168/975] MWCC build/GEDE01/src/game/game_fn_800AF230.o
[169/975] MWCC build/GEDE01/src/game/game_fn_800B2EC0.o
[170/975] MWCC build/GEDE01/src/game/game_fn_800BB5C4.o
[171/975] MWCC build/GEDE01/src/game/game_fn_800BB7A8.o
[172/975] MWCC build/GEDE01/src/game/game_fn_800BB9A4.o
[173/975] MWCC build/GEDE01/src/game/game_fn_800BBAF0.o
[174/975] MWCC build/GEDE01/src/game/game_fn_800C030C.o
[175/975] MWCC build/GEDE01/src/game/game_fn_800C17EC.o
[176/975] MWCC build/GEDE01/src/game/game_fn_800C59F0.o
[177/975] MWCC build/GEDE01/src/game/game_fn_800C644C.o
[178/975] MWCC build/GEDE01/src/game/game_fn_800C65FC.o
[179/975] MWCC build/GEDE01/src/game/game_fn_800C9C60.o
[180/975] MWCC build/GEDE01/src/game/game_fn_800CB760.o
[181/975] MWCC build/GEDE01/src/game/game_fn_800CB8F4.o
[182/975] MWCC build/GEDE01/src/game/game_fn_800CF598.o
[183/975] MWCC build/GEDE01/src/game/game_fn_800D9064.o
[184/975] MWCC build/GEDE01/src/game/game_fn_800D9E10.o
[185/975] MWCC build/GEDE01/src/game/game_fn_800DC4D4.o
[186/975] MWCC build/GEDE01/src/game/game_fn_800E4980.o
[187/975] MWCC build/GEDE01/src/game/game_TRKNubWelcome.o
[188/975] MWCC build/GEDE01/src/game/game_TRK_main.o
[189/975] MWCC build/GEDE01/src/game/game_InitMetroTRKCommTable.o
[190/975] MWCC build/GEDE01/src/game/game_fn_800FD0C8.o
[191/975] MWCC build/GEDE01/src/game/game_fn_8010242C.o
[192/975] MWCC build/GEDE01/src/game/game_fn_801098C0.o
[193/975] MWCC build/GEDE01/src/game/game_fn_8010F184.o
[194/975] MWCC build/GEDE01/src/game/game_fn_801126E0.o
[195/975] MWCC build/GEDE01/src/game/game_fn_801128E4.o
[196/975] MWCC build/GEDE01/src/game/game_fn_801141B8.o
[197/975] MWCC build/GEDE01/src/game/game_fn_8011EE04.o
[198/975] MWCC build/GEDE01/src/game/game_fn_80119C70.o
[199/975] MWCC build/GEDE01/src/game/game_fn_801247F8.o
[200/975] MWCC build/GEDE01/src/game/game_fn_8011F140.o
[201/975] MWCC build/GEDE01/src/game/game_fn_8012976C.o
[202/975] MWCC build/GEDE01/src/game/game_fn_80126A00.o
[203/975] MWCC build/GEDE01/src/game/game_fn_8012DB28.o
[204/975] MWCC build/GEDE01/src/game/game_fn_8013CBE4.o
[205/975] MWCC build/GEDE01/src/game/game_fn_8013D6A4.o
[206/975] MWCC build/GEDE01/src/game/game_fn_8013DB8C.o
[207/975] MWCC build/GEDE01/src/game/game_fn_8014549C.o
[208/975] MWCC build/GEDE01/src/game/game_fn_8014AF38.o
[209/975] MWCC build/GEDE01/src/game/game_fn_8014B494.o
[210/975] MWCC build/GEDE01/src/game/game_fn_8014BA14.o
[211/975] MWCC build/GEDE01/src/game/game_fn_8014CA98.o
[212/975] MWCC build/GEDE01/src/game/game_fn_80150400.o
[213/975] MWCC build/GEDE01/src/game/game_fn_80150A24.o
[214/975] MWCC build/GEDE01/src/game/game_fn_80150F20.o
[215/975] MWCC build/GEDE01/src/game/game_fn_80151600.o
[216/975] MWCC build/GEDE01/src/game/game_fn_80151D00.o
[217/975] MWCC build/GEDE01/src/game/game_fn_801535D8.o
[218/975] MWCC build/GEDE01/src/game/game_fn_80153898.o
[219/975] MWCC build/GEDE01/src/game/game_fn_80153A24.o
[220/975] MWCC build/GEDE01/src/game/game_fn_80154F74.o
[221/975] MWCC build/GEDE01/src/game/game_fn_80155814.o
[222/975] MWCC build/GEDE01/src/game/game_fn_80157C0C.o
[223/975] MWCC build/GEDE01/src/game/game_fn_80158B20.o
[224/975] MWCC build/GEDE01/src/game/game_fn_80158D38.o
[225/975] MWCC build/GEDE01/src/game/game_fn_8015DB84.o
[226/975] MWCC build/GEDE01/src/game/game_fn_8015DC54.o
[227/975] MWCC build/GEDE01/src/game/game_fn_8015EDC0.o
[228/975] MWCC build/GEDE01/src/game/game_fn_80167454.o
[229/975] MWCC build/GEDE01/src/game/game_fn_80167B5C.o
[230/975] MWCC build/GEDE01/src/game/game_fn_80169650.o
[231/975] MWCC build/GEDE01/src/game/game_fn_8016BD0C.o
[232/975] MWCC build/GEDE01/src/game/game_fn_8016BE1C.o
[233/975] MWCC build/GEDE01/src/game/game_fn_8016BF60.o
[234/975] MWCC build/GEDE01/src/game/game_fn_8016C0BC.o
[235/975] MWCC build/GEDE01/src/game/game_fn_8016C164.o
[236/975] MWCC build/GEDE01/src/game/game_fn_8016C238.o
[237/975] MWCC build/GEDE01/src/game/game_fn_8016C4BC.o
[238/975] MWCC build/GEDE01/src/game/game_fn_8016C774.o
[239/975] MWCC build/GEDE01/src/game/game_fn_8016D040.o
[240/975] MWCC build/GEDE01/src/game/game_fn_8016D1F8.o
[241/975] MWCC build/GEDE01/src/game/game_fn_8016D2B8.o
[242/975] MWCC build/GEDE01/src/game/game_fn_8016D9C0.o
[243/975] MWCC build/GEDE01/src/game/game_fn_8016DF4C.o
[244/975] MWCC build/GEDE01/src/game/game_fn_8016E8F8.o
[245/975] MWCC build/GEDE01/src/game/game_fn_8016FEF8.o
[246/975] MWCC build/GEDE01/src/game/game_fn_8017038C.o
[247/975] MWCC build/GEDE01/src/game/game_fn_801704F8.o
[248/975] MWCC build/GEDE01/src/game/game_fn_801706DC.o
[249/975] MWCC build/GEDE01/src/game/game_fn_80170A40.o
[250/975] MWCC build/GEDE01/src/game/game_fn_80170DF4.o
[251/975] MWCC build/GEDE01/src/game/game_fn_80170E9C.o
[252/975] MWCC build/GEDE01/src/game/game_fn_8017138C.o
[253/975] MWCC build/GEDE01/src/game/game_fn_80171664.o
[254/975] MWCC build/GEDE01/src/game/game_fn_801718F4.o
[255/975] MWCC build/GEDE01/src/game/game_fn_801719B4.o
[256/975] MWCC build/GEDE01/src/game/game_fn_80171F30.o
[257/975] MWCC build/GEDE01/src/game/game_fn_8017250C.o
[258/975] MWCC build/GEDE01/src/game/game_fn_801726EC.o
[259/975] MWCC build/GEDE01/src/game/game_fn_80172BB0.o
[260/975] MWCC build/GEDE01/src/game/game_fn_80172C78.o
[261/975] MWCC build/GEDE01/src/game/game_fn_80172DB8.o
[262/975] MWCC build/GEDE01/src/game/game_fn_80173270.o
[263/975] MWCC build/GEDE01/src/game/game_fn_801734B4.o
[264/975] MWCC build/GEDE01/src/game/game_fn_80173770.o
[265/975] MWCC build/GEDE01/src/game/game_fn_80173BDC.o
[266/975] MWCC build/GEDE01/src/game/game_fn_80173D44.o
[267/975] MWCC build/GEDE01/src/game/game_fn_80173F04.o
[268/975] MWCC build/GEDE01/src/game/game_fn_80174184.o
[269/975] MWCC build/GEDE01/src/game/game_fn_80174358.o
[270/975] MWCC build/GEDE01/src/game/game_fn_80174F2C.o
[271/975] MWCC build/GEDE01/src/game/game_fn_801752B0.o
[272/975] MWCC build/GEDE01/src/game/game_fn_80175A08.o
[273/975] MWCC build/GEDE01/src/game/game_fn_8017553C.o
[274/975] MWCC build/GEDE01/src/game/game_fn_80175F0C.o
[275/975] MWCC build/GEDE01/src/game/game_fn_80175E64.o
[276/975] MWCC build/GEDE01/src/game/game_fn_80176098.o
[277/975] MWCC build/GEDE01/src/game/game_fn_80175FD4.o
[278/975] MWCC build/GEDE01/src/game/game_fn_80176160.o
[279/975] MWCC build/GEDE01/src/game/game_fn_80176220.o
[280/975] MWCC build/GEDE01/src/game/game_fn_8017652C.o
[281/975] MWCC build/GEDE01/src/game/game_fn_801762E8.o
[282/975] MWCC build/GEDE01/src/game/game_fn_80176DF4.o
[283/975] MWCC build/GEDE01/src/game/game_fn_80176FA0.o
[284/975] MWCC build/GEDE01/src/game/game_fn_8017718C.o
[285/975] MWCC build/GEDE01/src/game/game_fn_801770F8.o
[286/975] MWCC build/GEDE01/src/game/game_fn_80178F88.o
[287/975] MWCC build/GEDE01/src/game/game_fn_80177434.o
[288/975] MWCC build/GEDE01/src/game/game_fn_80179398.o
[289/975] MWCC build/GEDE01/src/game/game_fn_8017960C.o
[290/975] MWCC build/GEDE01/src/game/game_fn_8017974C.o
[291/975] MWCC build/GEDE01/src/game/game_fn_80179904.o
[292/975] MWCC build/GEDE01/src/game/game_fn_80179A18.o
[293/975] MWCC build/GEDE01/src/game/game_fn_80179A74.o
[294/975] MWCC build/GEDE01/src/game/game_fn_80179EB8.o
[295/975] MWCC build/GEDE01/src/game/game_fn_80179F20.o
[296/975] MWCC build/GEDE01/src/game/game_fn_8017A010.o
[297/975] MWCC build/GEDE01/src/game/game_fn_8017A12C.o
[298/975] MWCC build/GEDE01/src/game/game_fn_8017A1C0.o
[299/975] MWCC build/GEDE01/src/game/game_fn_8017A9B8.o
[300/975] MWCC build/GEDE01/src/game/game_fn_8017AC20.o
[301/975] MWCC build/GEDE01/src/game/game_fn_8017E850.o
[302/975] MWCC build/GEDE01/src/game/game_fn_8017E958.o
[303/975] MWCC build/GEDE01/src/game/game_fn_80180DDC.o
[304/975] MWCC build/GEDE01/src/game/game_fn_801810A0.o
[305/975] MWCC build/GEDE01/src/game/game_fn_801816D4.o
[306/975] MWCC build/GEDE01/src/game/game_fn_801857B4.o
[307/975] MWCC build/GEDE01/src/game/game_fn_801859FC.o
[308/975] MWCC build/GEDE01/src/game/game_fn_80185AE8.o
[309/975] MWCC build/GEDE01/src/game/game_fn_80185F10.o
[310/975] MWCC build/GEDE01/src/game/game_fn_801861C4.o
[311/975] MWCC build/GEDE01/src/game/game_fn_801865EC.o
[312/975] MWCC build/GEDE01/src/game/game_fn_8018680C.o
[313/975] MWCC build/GEDE01/src/game/game_fn_80186E10.o
[314/975] MWCC build/GEDE01/src/game/game_fn_80186F70.o
[315/975] MWCC build/GEDE01/src/game/game_fn_80187120.o
[316/975] MWCC build/GEDE01/src/game/game_fn_80187320.o
[317/975] MWCC build/GEDE01/src/game/game_fn_801875FC.o
[318/975] MWCC build/GEDE01/src/game/game_fn_801878E0.o
[319/975] MWCC build/GEDE01/src/game/game_fn_80187BB4.o
[320/975] MWCC build/GEDE01/src/game/game_fn_80187E40.o
[321/975] MWCC build/GEDE01/src/game/game_fn_80188A7C.o
[322/975] MWCC build/GEDE01/src/game/game_fn_80188B44.o
[323/975] MWCC build/GEDE01/src/game/game_fn_80188C1C.o
[324/975] MWCC build/GEDE01/src/game/game_fn_80188E28.o
[325/975] MWCC build/GEDE01/src/game/game_fn_80189028.o
[326/975] MWCC build/GEDE01/src/game/game_fn_80189390.o
[327/975] MWCC build/GEDE01/src/game/game_fn_801891D8.o
[328/975] MWCC build/GEDE01/src/game/game_fn_801896A0.o
[329/975] MWCC build/GEDE01/src/game/game_fn_801895E8.o
[330/975] MWCC build/GEDE01/src/game/game_fn_80189760.o
[331/975] MWCC build/GEDE01/src/game/game_fn_80189968.o
[332/975] MWCC build/GEDE01/src/game/game_fn_80189C14.o
[333/975] MWCC build/GEDE01/src/game/game_fn_8018C2D0.o
[334/975] MWCC build/GEDE01/src/game/game_fn_8018D2E0.o
[335/975] MWCC build/GEDE01/src/game/game_fn_8018D1F0.o
[336/975] MWCC build/GEDE01/src/game/game_fn_8018D400.o
[337/975] MWCC build/GEDE01/src/game/game_fn_8018D688.o
[338/975] MWCC build/GEDE01/src/game/game_fn_8018DC24.o
[339/975] MWCC build/GEDE01/src/game/game_fn_8018E0D8.o
[340/975] MWCC build/GEDE01/src/game/game_fn_8018F81C.o
[341/975] MWCC build/GEDE01/src/game/game_fn_8018F1D0.o
[342/975] MWCC build/GEDE01/src/game/game_fn_8019120C.o
[343/975] MWCC build/GEDE01/src/game/game_fn_8018FEDC.o
[344/975] MWCC build/GEDE01/src/game/game_fn_80191360.o
[345/975] MWCC build/GEDE01/src/game/game_fn_801916D0.o
[346/975] MWCC build/GEDE01/src/game/game_fn_8019197C.o
[347/975] MWCC build/GEDE01/src/game/game_fn_80191F58.o
[348/975] MWCC build/GEDE01/src/game/game_fn_801926EC.o
[349/975] MWCC build/GEDE01/src/game/game_fn_801929A4.o
[350/975] MWCC build/GEDE01/src/game/game_fn_80192F54.o
[351/975] MWCC build/GEDE01/src/game/game_fn_801931C4.o
[352/975] MWCC build/GEDE01/src/game/game_fn_80193E1C.o
[353/975] MWCC build/GEDE01/src/game/game_fn_80194F80.o
[354/975] MWCC build/GEDE01/src/game/game_fn_80193F3C.o
[355/975] MWCC build/GEDE01/src/game/game_fn_80197910.o
[356/975] MWCC build/GEDE01/src/game/game_fn_801952E8.o
[357/975] MWCC build/GEDE01/src/game/game_fn_80198154.o
[358/975] MWCC build/GEDE01/src/game/game_fn_80198AAC.o
[359/975] MWCC build/GEDE01/src/game/game_fn_80198BF4.o
[360/975] MWCC build/GEDE01/src/game/game_fn_801991E0.o
[361/975] MWCC build/GEDE01/src/game/game_fn_8019B1BC.o
[362/975] MWCC build/GEDE01/src/game/game_fn_8019CC28.o
[363/975] MWCC build/GEDE01/src/game/game_fn_8019E0B0.o
[364/975] MWCC build/GEDE01/src/game/game_fn_8019CFC4.o
[365/975] MWCC build/GEDE01/src/game/game_fn_8019E8C8.o
[366/975] MWCC build/GEDE01/src/game/game_fn_8019E5E4.o
[367/975] MWCC build/GEDE01/src/game/game_fn_801A1F8C.o
[368/975] MWCC build/GEDE01/src/game/game_fn_801A1F18.o
[369/975] MWCC build/GEDE01/src/game/game_fn_801A260C.o
[370/975] MWCC build/GEDE01/src/game/game_fn_801A2A54.o
[371/975] MWCC build/GEDE01/src/game/game_fn_801A3A78.o
[372/975] MWCC build/GEDE01/src/game/game_fn_801A34BC.o
[373/975] MWCC build/GEDE01/src/game/game_fn_801A4CE0.o
[374/975] MWCC build/GEDE01/src/game/game_fn_801A4430.o
[375/975] MWCC build/GEDE01/src/game/game_fn_801A5FB0.o
[376/975] MWCC build/GEDE01/src/game/game_fn_801A6350.o
[377/975] MWCC build/GEDE01/src/game/game_fn_801A657C.o
[378/975] MWCC build/GEDE01/src/game/game_fn_801A6410.o
[379/975] MWCC build/GEDE01/src/game/game_fn_801A6ADC.o
[380/975] MWCC build/GEDE01/src/game/game_fn_801A6C58.o
[381/975] MWCC build/GEDE01/src/game/game_fn_801A6CB4.o
[382/975] MWCC build/GEDE01/src/game/game_fn_801A7E04.o
[383/975] MWCC build/GEDE01/src/game/game_fn_801A7EA8.o
[384/975] MWCC build/GEDE01/src/game/game_fn_801A93E8.o
[385/975] MWCC build/GEDE01/src/game/game_fn_801ABD3C.o
[386/975] MWCC build/GEDE01/src/game/game_fn_801AB154.o
[387/975] MWCC build/GEDE01/src/game/game_fn_801ACFE8.o
[388/975] MWCC build/GEDE01/src/game/game_fn_801AC8AC.o
[389/975] MWCC build/GEDE01/src/game/game_fn_801AFA74.o
[390/975] MWCC build/GEDE01/src/game/game_fn_801AD08C.o
[391/975] MWCC build/GEDE01/src/game/game_fn_801B02F0.o
[392/975] MWCC build/GEDE01/src/game/game_fn_801B1BA0.o
[393/975] MWCC build/GEDE01/src/game/game_fn_801B35BC.o
[394/975] MWCC build/GEDE01/src/game/game_fn_801B46C8.o
[395/975] MWCC build/GEDE01/src/game/game_fn_801B4FB4.o
[396/975] MWCC build/GEDE01/src/game/game_fn_801B5228.o
[397/975] MWCC build/GEDE01/src/game/game_fn_801B6F1C.o
[398/975] MWCC build/GEDE01/src/game/game_fn_801B58F0.o
[399/975] MWCC build/GEDE01/src/game/game_fn_801B86C0.o
[400/975] MWCC build/GEDE01/src/game/game_fn_801B941C.o
[401/975] MWCC build/GEDE01/src/game/game_fn_801B9E7C.o
[402/975] MWCC build/GEDE01/src/game/game_fn_801BA15C.o
[403/975] MWCC build/GEDE01/src/game/game_fn_801BA708.o
[404/975] MWCC build/GEDE01/src/game/game_fn_801BA94C.o
[405/975] MWCC build/GEDE01/src/game/game_fn_801BB1A0.o
[406/975] MWCC build/GEDE01/src/game/game_fn_801BC0D4.o
[407/975] MWCC build/GEDE01/src/game/game_fn_801BC240.o
[408/975] MWCC build/GEDE01/src/game/game_fn_801BC8F4.o
[409/975] MWCC build/GEDE01/src/game/game_fn_801BCC04.o
[410/975] MWCC build/GEDE01/src/game/game_fn_801BD990.o
[411/975] MWCC build/GEDE01/src/game/game_fn_801BDE7C.o
[412/975] MWCC build/GEDE01/src/game/game_fn_801BE0D4.o
[413/975] MWCC build/GEDE01/src/game/game_fn_801BEF40.o
[414/975] MWCC build/GEDE01/src/game/game_fn_801C1CB0.o
[415/975] MWCC build/GEDE01/src/game/game_fn_801C2980.o
[416/975] MWCC build/GEDE01/src/game/game_fn_801C29BC.o
[417/975] MWCC build/GEDE01/src/game/game_fn_801C2AAC.o
[418/975] MWCC build/GEDE01/src/game/game_fn_801C2D9C.o
[419/975] MWCC build/GEDE01/src/game/game_fn_801C8160.o
[420/975] MWCC build/GEDE01/src/game/game_fn_801C8224.o
[421/975] MWCC build/GEDE01/src/game/game_fn_801C4B5C.o
[422/975] MWCC build/GEDE01/src/game/game_fn_801C8600.o
[423/975] MWCC build/GEDE01/src/game/game_fn_801C87DC.o
[424/975] MWCC build/GEDE01/src/game/game_fn_801C8CC0.o
[425/975] MWCC build/GEDE01/src/game/game_fn_801C8F50.o
[426/975] MWCC build/GEDE01/src/game/game_fn_801C90A4.o
[427/975] MWCC build/GEDE01/src/game/game_fn_801C9510.o
[428/975] MWCC build/GEDE01/src/game/game_fn_801C970C.o
[429/975] MWCC build/GEDE01/src/game/game_fn_801C9A08.o
[430/975] MWCC build/GEDE01/src/game/game_fn_801C9B1C.o
[431/975] MWCC build/GEDE01/src/game/game_fn_801CB4F8.o
[432/975] MWCC build/GEDE01/src/game/game_fn_801CD228.o
[433/975] MWCC build/GEDE01/src/game/game_fn_801CE594.o
[434/975] MWCC build/GEDE01/src/game/game_fn_801CE09C.o
[435/975] MWCC build/GEDE01/src/game/game_fn_801D1B10.o
[436/975] MWCC build/GEDE01/src/game/game_fn_801D1F78.o
[437/975] MWCC build/GEDE01/src/game/game_fn_801D3988.o
[438/975] MWCC build/GEDE01/src/game/game_fn_801D73D0.o
[439/975] MWCC build/GEDE01/src/game/game_fn_801D76A8.o
[440/975] MWCC build/GEDE01/src/game/game_fn_801D7C24.o
[441/975] MWCC build/GEDE01/src/game/game_fn_801D8050.o
[442/975] MWCC build/GEDE01/src/game/game_fn_801D9FE4.o
[443/975] MWCC build/GEDE01/src/game/game_fn_801DDB84.o
[444/975] MWCC build/GEDE01/src/game/game_fn_801DE8B4.o
[445/975] MWCC build/GEDE01/src/game/game_fn_801E2A48.o
[446/975] MWCC build/GEDE01/src/game/game_fn_801E0088.o
[447/975] MWCC build/GEDE01/src/game/game_fn_801E3644.o
[448/975] MWCC build/GEDE01/src/game/game_fn_801E41AC.o
[449/975] MWCC build/GEDE01/src/game/game_fn_801E504C.o
[450/975] MWCC build/GEDE01/src/game/game_fn_801E6814.o
[451/975] MWCC build/GEDE01/src/game/game_fn_801E7014.o
[452/975] MWCC build/GEDE01/src/game/game_fn_801E995C.o
[453/975] MWCC build/GEDE01/src/game/game_fn_801EAA04.o
[454/975] MWCC build/GEDE01/src/game/game_fn_801EB09C.o
[455/975] MWCC build/GEDE01/src/game/game_fn_801EB11C.o
[456/975] MWCC build/GEDE01/src/game/game_fn_801ECD74.o
[457/975] MWCC build/GEDE01/src/game/game_fn_801ECF50.o
[458/975] MWCC build/GEDE01/src/game/game_fn_801ED5F4.o
[459/975] MWCC build/GEDE01/src/game/game_fn_801EF580.o
[460/975] MWCC build/GEDE01/src/game/game_fn_801EF910.o
[461/975] MWCC build/GEDE01/src/game/game_fn_801F0CB0.o
[462/975] MWCC build/GEDE01/src/game/game_fn_801F10BC.o
[463/975] MWCC build/GEDE01/src/game/game_fn_801F1A38.o
[464/975] MWCC build/GEDE01/src/game/game_fn_801F35A8.o
[465/975] MWCC build/GEDE01/src/game/game_fn_801F55A0.o
[466/975] MWCC build/GEDE01/src/game/game_fn_801F69F0.o
[467/975] MWCC build/GEDE01/src/game/game_fn_801F6BD8.o
[468/975] MWCC build/GEDE01/src/game/game_fn_801F7510.o
[469/975] MWCC build/GEDE01/src/game/game_fn_801F76EC.o
[470/975] MWCC build/GEDE01/src/game/game_fn_801F8264.o
[471/975] MWCC build/GEDE01/src/game/game_fn_801F89B4.o
[472/975] MWCC build/GEDE01/src/game/game_fn_801F8FAC.o
[473/975] MWCC build/GEDE01/src/game/game_fn_801F9AF8.o
[474/975] MWCC build/GEDE01/src/game/game_fn_801F9CF4.o
[475/975] MWCC build/GEDE01/src/game/game_fn_801FA9C8.o
[476/975] MWCC build/GEDE01/src/game/game_fn_801FB6A4.o
[477/975] MWCC build/GEDE01/src/game/game_fn_801FC034.o
[478/975] MWCC build/GEDE01/src/game/game_fn_801FC204.o
[479/975] AS build/GEDE01/src/Runtime.PPCEABI.H/__save_fpr.o
[480/975] AS build/GEDE01/src/Runtime.PPCEABI.H/__restore_fpr.o
[481/975] AS build/GEDE01/src/Runtime.PPCEABI.H/__save_gpr.o
[482/975] AS build/GEDE01/src/Runtime.PPCEABI.H/__restore_gpr.o
[483/975] AS build/GEDE01/src/game/game_fn_801A4874.o
[484/975] AS build/GEDE01/src/game/game_fn_801EDA68.o
[485/975] AS build/GEDE01/src/game/game_fn_801FB698.o
[486/975] AS build/GEDE01/src/game/game_fn_801FB9C8.o
[487/975] MWCC build/GEDE01/src/game/game_fn_801FFE78.o
[488/975] AS build/GEDE01/src/dolphin/base/PPCArch.o
[489/975] EXTERNALIZE build/GEDE01/src/game/game_fn_801857B4.o
[490/975] MWCC build/GEDE01/src/game/game_fn_80208950.o
[491/975] EXTERNALIZE build/GEDE01/src/game/game_fn_800A2B8C.o
[492/975] EXTERNALIZE build/GEDE01/src/game/game_fn_800DC4D4.o
[493/975] EXTERNALIZE build/GEDE01/src/game/game_fn_80119C70.o
[494/975] EXTERNALIZE STATIC POOL build/GEDE01/src/game/game_fn_80088060.o
build/GEDE01/src/game/game_fn_80088060.o: lbl_8031D3B8 now undefined; section 3 emptied
[495/975] EXTERNALIZE build/GEDE01/src/game/game_fn_80175A08.o
[496/975] EXTERNALIZE build/GEDE01/src/game/game_fn_80066E78.o
[497/975] EXTERNALIZE build/GEDE01/src/game/game_fn_801247F8.o
[498/975] EXTERNALIZE build/GEDE01/src/game/game_fn_801EF910.o
[499/975] EXTERNALIZE build/GEDE01/src/game/game_fn_801ECF50.o
[500/975] EXTERNALIZE build/GEDE01/src/game/game_fn_801FC204.o
[501/975] EXTERNALIZE JUMPTABLES build/GEDE01/src/game/game_fn_80050B08.o
[502/975] EXTERNALIZE build/GEDE01/src/game/game_fn_801EB09C.o
[503/975] EXTERNALIZE build/GEDE01/src/game/game_fn_801EB11C.o
[504/975] EXTERNALIZE build/GEDE01/src/game/game_fn_801D9FE4.o
[505/975] EXTERNALIZE build/GEDE01/src/game/game_fn_801E41AC.o
[506/975] EXTERNALIZE build/GEDE01/src/game/game_fn_801D73D0.o
[507/975] EXTERNALIZE build/GEDE01/src/game/game_fn_801D76A8.o
[508/975] EXTERNALIZE build/GEDE01/src/game/game_fn_801D8050.o
[509/975] EXTERNALIZE build/GEDE01/src/game/game_fn_801D7C24.o
[510/975] EXTERNALIZE build/GEDE01/src/game/game_fn_8019B1BC.o
[511/975] EXTERNALIZE build/GEDE01/src/game/game_fn_80178F88.o
[512/975] EXTERNALIZE build/GEDE01/src/game/game_fn_801CD228.o
[513/975] EXTERNALIZE build/GEDE01/src/game/game_fn_801BA15C.o
[514/975] EXTERNALIZE build/GEDE01/src/game/game_fn_801C970C.o
[515/975] EXTERNALIZE build/GEDE01/src/game/game_fn_801C9510.o
[516/975] EXTERNALIZE build/GEDE01/src/game/game_fn_80126A00.o
[517/975] EXTERNALIZE build/GEDE01/src/game/game_fn_8013D6A4.o
[518/975] EXTERNALIZE build/GEDE01/src/game/game_fn_800C9C60.o
[519/975] EXTERNALIZE build/GEDE01/src/game/game_fn_801B5228.o
[520/975] EXTERNALIZE build/GEDE01/src/game/game_fn_801B4FB4.o
[521/975] EXTERNALIZE build/GEDE01/src/game/game_fn_801C87DC.o
[522/975] EXTERNALIZE build/GEDE01/src/game/game_fn_801C8CC0.o
[523/975] EXTERNALIZE build/GEDE01/src/game/game_fn_801B6F1C.o
[524/975] EXTERNALIZE build/GEDE01/src/game/game_fn_800FD0C8.o
[525/975] EXTERNALIZE build/GEDE01/src/game/game_fn_801BE0D4.o
[526/975] EXTERNALIZE build/GEDE01/src/game/game_fn_801BDE7C.o
[527/975] EXTERNALIZE STATIC POOL build/GEDE01/src/game/game_fn_801C9A08.o
build/GEDE01/src/game/game_fn_801C9A08.o: lbl_80629390 now undefined; section 3 emptied
[528/975] EXTERNALIZE STATIC POOL build/GEDE01/src/game/game_fn_801C9B1C.o
build/GEDE01/src/game/game_fn_801C9B1C.o: lbl_80629390 now undefined; section 3 emptied
[529/975] EXTERNALIZE build/GEDE01/src/game/game_fn_801B941C.o
[530/975] EXTERNALIZE STATIC POOL build/GEDE01/src/game/game_fn_801BD990.o
build/GEDE01/src/game/game_fn_801BD990.o: lbl_80626D80 now undefined; section 6 emptied
[531/975] EXTERNALIZE STATIC POOL build/GEDE01/src/game/game_fn_801B58F0.o
build/GEDE01/src/game/game_fn_801B58F0.o: lbl_8060C020 now undefined; section 3 emptied
[532/975] EXTERNALIZE STATIC POOL build/GEDE01/src/game/game_fn_801B9E7C.o
build/GEDE01/src/game/game_fn_801B9E7C.o: 0 relocation(s) moved from streamInfo to ...bss.0
build/GEDE01/src/game/game_fn_801B9E7C.o: lbl_8061AE48 now undefined; section 6 emptied
[533/975] EXTERNALIZE STATIC POOL build/GEDE01/src/game/game_fn_801BB1A0.o
build/GEDE01/src/game/game_fn_801BB1A0.o: 0 relocation(s) moved from streamInfo to ...bss.0
build/GEDE01/src/game/game_fn_801BB1A0.o: lbl_8061AE48 now undefined; section 6 emptied
[534/975] EXTERNALIZE STATIC POOL build/GEDE01/src/game/game_fn_801BA708.o
build/GEDE01/src/game/game_fn_801BA708.o: 0 relocation(s) moved from streamInfo to ...bss.0
build/GEDE01/src/game/game_fn_801BA708.o: lbl_8061AE48 now undefined; section 6 emptied
[535/975] EXTERNALIZE build/GEDE01/src/game/game_fn_801BA94C.o
build/GEDE01/src/game/game_fn_801BA94C.o: 0 relocation(s) moved from streamInfo to ...bss.0
build/GEDE01/src/game/game_fn_801BA94C.o: lbl_8061AE48 now undefined; section 6 emptied
[536/975] EXTERNALIZE STATIC build/GEDE01/src/game/game_fn_801B35BC.o
build/GEDE01/src/game/game_fn_801B35BC.o: lbl_8060D420 now undefined; section 6 emptied
[537/975] EXTERNALIZE STATIC POOL build/GEDE01/src/game/game_fn_801BC8F4.o
build/GEDE01/src/game/game_fn_801BC8F4.o: lbl_8061C748 now undefined; section 6 emptied
[538/975] EXTERNALIZE STATIC build/GEDE01/src/game/game_fn_801BC240.o
build/GEDE01/src/game/game_fn_801BC240.o: lbl_8061C748 now undefined; section 6 emptied
[539/975] EXTERNALIZE STATIC POOL build/GEDE01/src/game/game_fn_801BCC04.o
build/GEDE01/src/game/game_fn_801BCC04.o: lbl_8061C748 now undefined; section 6 emptied
[540/975] EXTERNALIZE STATIC POOL build/GEDE01/src/game/game_fn_801BC0D4.o
build/GEDE01/src/game/game_fn_801BC0D4.o: lbl_8061C748 now undefined; section 6 emptied
[541/975] EXTERNALIZE STATIC POOL build/GEDE01/src/game/game_fn_801C1CB0.o
build/GEDE01/src/game/game_fn_801C1CB0.o: lbl_80626DA0 now undefined; section 3 emptied
[542/975] RENAME build/GEDE01/src/game/game_InitMetroTRKCommTable.o
[543/975] EXTERNALIZE STATIC POOL build/GEDE01/src/game/game_fn_801CE09C.o
build/GEDE01/src/game/game_fn_801CE09C.o: lbl_80631340 now undefined; section 6 emptied
[544/975] RENAME RUNTIME INTRINSICS build/GEDE01/src/game/game_fn_801CB4F8.o
[545/975] EXTERNALIZE STATIC POOL build/GEDE01/src/game/game_fn_8010242C.o
build/GEDE01/src/game/game_fn_8010242C.o: lbl_8032CC08 now undefined; section 3 emptied
[546/975] EXTERNALIZE build/GEDE01/src/game/game_fn_801D3988.o
[547/975] EXTERNALIZE build/GEDE01/src/game/game_fn_801D1B10.o
[548/975] ALIGN DATA build/GEDE01/src/game/game_fn_8005EF94.o
[549/975] EXTERNALIZE build/GEDE01/src/game/game_fn_801CE594.o
[550/975] ALIGN DATA build/GEDE01/src/game/game_fn_80008014.o
[551/975] ALIGN DATA build/GEDE01/src/game/game_fn_801A6350.o
[552/975] EXTERNALIZE build/GEDE01/src/game/game_fn_8014549C.o
[553/975] EXTERNALIZE build/GEDE01/src/game/game_fn_801C8224.o
[554/975] EXTERNALIZE build/GEDE01/src/game/game_fn_801098C0.o
[555/975] EXTERNALIZE build/GEDE01/src/game/game_fn_8000FDE8.o
[556/975] EXTERNALIZE build/GEDE01/src/game/game_fn_80185F10.o
[557/975] EXTERNALIZE build/GEDE01/src/game/game_fn_801C29BC.o
[558/975] EXTERNALIZE build/GEDE01/src/game/game_fn_801C8F50.o
[559/975] EXTERNALIZE build/GEDE01/src/game/game_fn_8007B828.o
[560/975] EXTERNALIZE build/GEDE01/src/game/game_fn_801C90A4.o
[561/975] EXTERNALIZE build/GEDE01/src/game/game_fn_801C8160.o
[562/975] EXTERNALIZE build/GEDE01/src/game/game_fn_801C2AAC.o
[563/975] EXTERNALIZE build/GEDE01/src/game/game_fn_801C2D9C.o
[564/975] EXTERNALIZE build/GEDE01/src/game/game_fn_801C2980.o
[565/975] EXTERNALIZE build/GEDE01/src/game/game_fn_801B02F0.o
[566/975] EXTERNALIZE build/GEDE01/src/game/game_fn_801AFA74.o
[567/975] EXTERNALIZE build/GEDE01/src/game/game_fn_801AC8AC.o
[568/975] EXTERNALIZE build/GEDE01/src/game/game_fn_801ABD3C.o
[569/975] EXTERNALIZE build/GEDE01/src/game/game_fn_801816D4.o
[570/975] EXTERNALIZE build/GEDE01/src/game/game_fn_8011F140.o
[571/975] EXTERNALIZE build/GEDE01/src/game/game_fn_801AD08C.o
[572/975] EXTERNALIZE build/GEDE01/src/game/game_fn_8004998C.o
[573/975] EXTERNALIZE build/GEDE01/src/game/game_fn_80079AA4.o
[574/975] EXTERNALIZE build/GEDE01/src/game/game_fn_80158D38.o
[575/975] EXTERNALIZE build/GEDE01/src/game/game_fn_801A3A78.o
[576/975] EXTERNALIZE build/GEDE01/src/game/game_fn_8008F224.o
[577/975] EXTERNALIZE build/GEDE01/src/game/game_fn_800AF230.o
[578/975] EXTERNALIZE build/GEDE01/src/game/game_fn_80167454.o
[579/975] EXTERNALIZE build/GEDE01/src/game/game_fn_801A93E8.o
[580/975] EXTERNALIZE build/GEDE01/src/game/game_fn_801AB154.o
[581/975] EXTERNALIZE build/GEDE01/src/game/game_fn_801A7E04.o
[582/975] EXTERNALIZE build/GEDE01/src/game/game_fn_801A7EA8.o
[583/975] EXTERNALIZE build/GEDE01/src/game/game_fn_801A6CB4.o
[584/975] EXTERNALIZE build/GEDE01/src/game/game_fn_801A4CE0.o
[585/975] EXTERNALIZE build/GEDE01/src/game/game_fn_801A6C58.o
[586/975] NAME JUMPTABLE build/GEDE01/src/game/game_fn_801A6ADC.o
[587/975] EXTERNALIZE build/GEDE01/src/game/game_fn_801A6410.o
[588/975] EXTERNALIZE build/GEDE01/src/game/game_fn_801A5FB0.o
[589/975] EXTERNALIZE build/GEDE01/src/game/game_fn_801A1F18.o
[590/975] EXTERNALIZE build/GEDE01/src/game/game_fn_8019E8C8.o
[591/975] EXTERNALIZE build/GEDE01/src/game/game_fn_8019E5E4.o
[592/975] EXTERNALIZE build/GEDE01/src/game/game_fn_8019CFC4.o
[593/975] EXTERNALIZE build/GEDE01/src/game/game_fn_8019CC28.o
[594/975] EXTERNALIZE build/GEDE01/src/game/game_fn_801991E0.o
[595/975] EXTERNALIZE build/GEDE01/src/game/game_fn_80198BF4.o
[596/975] EXTERNALIZE build/GEDE01/src/game/game_fn_80198AAC.o
[597/975] EXTERNALIZE build/GEDE01/src/game/game_fn_80198154.o
[598/975] EXTERNALIZE build/GEDE01/src/game/game_fn_80194F80.o
[599/975] EXTERNALIZE build/GEDE01/src/game/game_fn_80197910.o
[600/975] EXTERNALIZE build/GEDE01/src/game/game_fn_80177434.o
repointed 2 relocations to lbl_80250588
[601/975] EXTERNALIZE build/GEDE01/src/game/game_fn_80193E1C.o
[602/975] EXTERNALIZE build/GEDE01/src/game/game_fn_801931C4.o
[603/975] EXTERNALIZE build/GEDE01/src/game/game_fn_80193F3C.o
[604/975] EXTERNALIZE build/GEDE01/src/game/game_fn_80192F54.o
[605/975] EXTERNALIZE build/GEDE01/src/game/game_fn_80191F58.o
[606/975] EXTERNALIZE build/GEDE01/src/game/game_fn_8019197C.o
[607/975] EXTERNALIZE build/GEDE01/src/game/game_fn_80191360.o
[608/975] GLOBALIZE build/GEDE01/src/game/game_fn_8018F1D0.o
[609/975] EXTERNALIZE build/GEDE01/src/game/game_fn_8018D688.o
[610/975] EXTERNALIZE build/GEDE01/src/game/game_fn_8018F81C.o
[611/975] EXTERNALIZE build/GEDE01/src/game/game_fn_8018D2E0.o
[612/975] EXTERNALIZE build/GEDE01/src/game/game_fn_8018D1F0.o
[613/975] EXTERNALIZE build/GEDE01/src/game/game_fn_80189968.o
[614/975] EXTERNALIZE build/GEDE01/src/game/game_fn_80189760.o
[615/975] EXTERNALIZE build/GEDE01/src/game/game_fn_801896A0.o
[616/975] EXTERNALIZE build/GEDE01/src/game/game_fn_801895E8.o
[617/975] EXTERNALIZE build/GEDE01/src/game/game_fn_801891D8.o
[618/975] EXTERNALIZE build/GEDE01/src/game/game_fn_80189390.o
[619/975] EXTERNALIZE build/GEDE01/src/game/game_fn_80188E28.o
[620/975] EXTERNALIZE build/GEDE01/src/game/game_fn_80189028.o
[621/975] EXTERNALIZE build/GEDE01/src/game/game_fn_80188B44.o
[622/975] EXTERNALIZE build/GEDE01/src/game/game_fn_80188C1C.o
[623/975] EXTERNALIZE build/GEDE01/src/game/game_fn_80188A7C.o
[624/975] EXTERNALIZE build/GEDE01/src/game/game_fn_801878E0.o
[625/975] EXTERNALIZE build/GEDE01/src/game/game_fn_80187120.o
[626/975] EXTERNALIZE build/GEDE01/src/game/game_fn_8018FEDC.o
[627/975] EXTERNALIZE build/GEDE01/src/game/game_fn_80186E10.o
[628/975] EXTERNALIZE build/GEDE01/src/game/game_fn_801865EC.o
[629/975] EXTERNALIZE build/GEDE01/src/game/game_fn_80185AE8.o
[630/975] EXTERNALIZE build/GEDE01/src/game/game_fn_801859FC.o
[631/975] EXTERNALIZE build/GEDE01/src/game/game_fn_80180DDC.o
[632/975] EXTERNALIZE build/GEDE01/src/game/game_fn_8017E958.o
[633/975] EXTERNALIZE build/GEDE01/src/game/game_fn_8017E850.o
[634/975] EXTERNALIZE build/GEDE01/src/game/game_fn_8017718C.o
[635/975] EXTERNALIZE build/GEDE01/src/game/game_fn_801770F8.o
[636/975] EXTERNALIZE build/GEDE01/src/game/game_fn_80176FA0.o
[637/975] EXTERNALIZE build/GEDE01/src/game/game_fn_80176DF4.o
[638/975] EXTERNALIZE build/GEDE01/src/game/game_fn_80174358.o
[639/975] EXTERNALIZE build/GEDE01/src/game/game_fn_80173F04.o
[640/975] EXTERNALIZE build/GEDE01/src/game/game_fn_80174184.o
[641/975] EXTERNALIZE build/GEDE01/src/game/game_fn_8017553C.o
[642/975] EXTERNALIZE build/GEDE01/src/game/game_fn_80173D44.o
[643/975] EXTERNALIZE build/GEDE01/src/game/game_fn_80173770.o
[644/975] EXTERNALIZE build/GEDE01/src/game/game_fn_801734B4.o
[645/975] EXTERNALIZE build/GEDE01/src/game/game_fn_80173270.o
[646/975] EXTERNALIZE build/GEDE01/src/game/game_fn_80172DB8.o
[647/975] EXTERNALIZE build/GEDE01/src/game/game_fn_80172C78.o
[648/975] EXTERNALIZE build/GEDE01/src/game/game_fn_80172BB0.o
[649/975] EXTERNALIZE build/GEDE01/src/game/game_fn_801726EC.o
[650/975] EXTERNALIZE build/GEDE01/src/game/game_fn_8017250C.o
[651/975] EXTERNALIZE build/GEDE01/src/game/game_fn_80171F30.o
[652/975] EXTERNALIZE build/GEDE01/src/game/game_fn_801719B4.o
[653/975] EXTERNALIZE build/GEDE01/src/game/game_fn_801718F4.o
[654/975] EXTERNALIZE build/GEDE01/src/game/game_fn_80171664.o
[655/975] EXTERNALIZE build/GEDE01/src/game/game_fn_8017138C.o
[656/975] EXTERNALIZE build/GEDE01/src/game/game_fn_80170A40.o
[657/975] NORMALIZE build/GEDE01/src/game/game_TRKNubWelcome.o
[658/975] NORMALIZE build/GEDE01/src/game/game_TRK_main.o
[659/975] NORMALIZE build/GEDE01/src/game/game_data_80239E10.o
[660/975] NORMALIZE build/GEDE01/src/game/game_data_80239E18.o
[661/975] EXTERNALIZE build/GEDE01/src/game/game_fn_801706DC.o
[662/975] EXTERNALIZE build/GEDE01/src/game/game_fn_8017652C.o
[663/975] EXTERNALIZE build/GEDE01/src/game/game_fn_80170E9C.o
[664/975] EXTERNALIZE build/GEDE01/src/game/game_fn_80175E64.o
[665/975] EXTERNALIZE build/GEDE01/src/game/game_fn_80175F0C.o
[666/975] EXTERNALIZE build/GEDE01/src/game/game_fn_80176098.o
[667/975] EXTERNALIZE build/GEDE01/src/game/game_fn_80175FD4.o
[668/975] EXTERNALIZE build/GEDE01/src/game/game_fn_80176160.o
[669/975] EXTERNALIZE build/GEDE01/src/game/game_fn_80176220.o
[670/975] EXTERNALIZE build/GEDE01/src/game/game_fn_80170DF4.o
[671/975] EXTERNALIZE build/GEDE01/src/game/game_fn_801762E8.o
[672/975] EXTERNALIZE build/GEDE01/src/game/game_fn_8016E8F8.o
[673/975] EXTERNALIZE build/GEDE01/src/game/game_fn_8016FEF8.o
[674/975] EXTERNALIZE build/GEDE01/src/game/game_fn_801704F8.o
[675/975] NORMALIZE build/GEDE01/src/game/game_fn_8016DF4C.o
[676/975] EXTERNALIZE build/GEDE01/src/game/game_fn_8016D2B8.o
[677/975] EXTERNALIZE build/GEDE01/src/game/game_fn_8016D040.o
[678/975] EXTERNALIZE build/GEDE01/src/game/game_fn_8016D1F8.o
[679/975] EXTERNALIZE build/GEDE01/src/game/game_fn_8016C774.o
[680/975] EXTERNALIZE build/GEDE01/src/game/game_fn_8016C4BC.o
[681/975] EXTERNALIZE build/GEDE01/src/game/game_fn_8016C238.o
[682/975] EXTERNALIZE build/GEDE01/src/game/game_fn_8016C164.o
[683/975] EXTERNALIZE build/GEDE01/src/game/game_fn_8016C0BC.o
[684/975] EXTERNALIZE build/GEDE01/src/game/game_fn_8017038C.o
[685/975] EXTERNALIZE build/GEDE01/src/game/game_fn_8016BE1C.o
[686/975] EXTERNALIZE build/GEDE01/src/game/game_fn_8016BF60.o
[687/975] EXTERNALIZE build/GEDE01/src/game/game_fn_8016BD0C.o
[688/975] EXTERNALIZE build/GEDE01/src/game/game_fn_80169650.o
[689/975] EXTERNALIZE build/GEDE01/src/game/game_fn_80167B5C.o
[690/975] EXTERNALIZE build/GEDE01/src/game/game_fn_8015EDC0.o
[691/975] EXTERNALIZE build/GEDE01/src/game/game_fn_8015DB84.o
[692/975] EXTERNALIZE build/GEDE01/src/game/game_fn_8015DC54.o
[693/975] EXTERNALIZE build/GEDE01/src/game/game_fn_80158B20.o
[694/975] EXTERNALIZE build/GEDE01/src/game/game_fn_80179398.o
[695/975] EXTERNALIZE build/GEDE01/src/game/game_fn_8017960C.o
[696/975] EXTERNALIZE build/GEDE01/src/game/game_fn_8017974C.o
[697/975] EXTERNALIZE build/GEDE01/src/game/game_fn_80179904.o
[698/975] EXTERNALIZE build/GEDE01/src/game/game_fn_8017A9B8.o
[699/975] EXTERNALIZE build/GEDE01/src/game/game_fn_80179A18.o
[700/975] EXTERNALIZE build/GEDE01/src/game/game_fn_80179A74.o
[701/975] EXTERNALIZE build/GEDE01/src/game/game_fn_80179EB8.o
[702/975] EXTERNALIZE build/GEDE01/src/game/game_fn_80179F20.o
[703/975] EXTERNALIZE build/GEDE01/src/game/game_fn_8017A010.o
[704/975] EXTERNALIZE build/GEDE01/src/game/game_fn_8017A12C.o
[705/975] EXTERNALIZE build/GEDE01/src/game/game_fn_80157C0C.o
[706/975] EXTERNALIZE build/GEDE01/src/game/game_fn_8017A1C0.o
[707/975] EXTERNALIZE build/GEDE01/src/game/game_fn_80155814.o
[708/975] EXTERNALIZE build/GEDE01/src/game/game_fn_80153898.o
[709/975] EXTERNALIZE build/GEDE01/src/game/game_fn_8014B494.o
[710/975] EXTERNALIZE build/GEDE01/src/game/game_fn_8014AF38.o
[711/975] EXTERNALIZE build/GEDE01/src/game/game_fn_801141B8.o
[712/975] EXTERNALIZE build/GEDE01/src/game/game_fn_8012DB28.o
[713/975] EXTERNALIZE build/GEDE01/src/game/game_fn_801128E4.o
[714/975] EXTERNALIZE build/GEDE01/src/game/game_fn_801126E0.o
[715/975] EXTERNALIZE build/GEDE01/src/game/game_fn_800E4980.o
[716/975] EXTERNALIZE build/GEDE01/src/game/game_fn_8010F184.o
[717/975] EXTERNALIZE build/GEDE01/src/game/game_fn_800C17EC.o
[718/975] EXTERNALIZE build/GEDE01/src/game/game_fn_800C030C.o
[719/975] EXTERNALIZE build/GEDE01/src/game/game_fn_800C59F0.o
[720/975] EXTERNALIZE build/GEDE01/src/game/game_fn_800C644C.o
[721/975] EXTERNALIZE build/GEDE01/src/game/game_fn_800C65FC.o
[722/975] EXTERNALIZE build/GEDE01/src/game/game_fn_800CB760.o
[723/975] EXTERNALIZE build/GEDE01/src/game/game_fn_800CB8F4.o
[724/975] EXTERNALIZE build/GEDE01/src/game/game_fn_80078500.o
[725/975] EXTERNALIZE build/GEDE01/src/game/game_fn_80079908.o
[726/975] EXTERNALIZE build/GEDE01/src/game/game_fn_8007B2F4.o
[727/975] EXTERNALIZE build/GEDE01/src/game/game_fn_8007B540.o
[728/975] EXTERNALIZE build/GEDE01/src/game/game_fn_8007B640.o
[729/975] EXTERNALIZE build/GEDE01/src/game/game_fn_800886D8.o
[730/975] EXTERNALIZE build/GEDE01/src/game/game_fn_8007BA3C.o
[731/975] EXTERNALIZE build/GEDE01/src/game/game_fn_800934A0.o
[732/975] EXTERNALIZE build/GEDE01/src/game/game_fn_800A3894.o
[733/975] EXTERNALIZE build/GEDE01/src/game/game_fn_800A7E88.o
[734/975] EXTERNALIZE build/GEDE01/src/game/game_fn_800A4798.o
[735/975] GLOBALIZE build/GEDE01/src/game/game_fn_800A2130.o
[736/975] EXTERNALIZE build/GEDE01/src/game/game_fn_800A2FCC.o
[737/975] EXTERNALIZE build/GEDE01/src/game/game_fn_8009C424.o
[738/975] EXTERNALIZE build/GEDE01/src/game/game_fn_80096830.o
[739/975] GLOBALIZE build/GEDE01/src/game/game_fn_8008F890.o
[740/975] EXTERNALIZE SWITCHES build/GEDE01/src/game/game_fn_80095FDC.o
[741/975] EXTERNALIZE build/GEDE01/src/game/game_fn_800A4428.o
[742/975] EXTERNALIZE build/GEDE01/src/game/game_fn_80074310.o
[743/975] GLOBALIZE build/GEDE01/src/game/game_fn_8005FD84.o
[744/975] EXTERNALIZE build/GEDE01/src/game/game_fn_80066888.o
[745/975] EXTERNALIZE build/GEDE01/src/game/game_fn_8005EC6C.o
[746/975] EXTERNALIZE build/GEDE01/src/game/game_fn_80052310.o
[747/975] EXTERNALIZE build/GEDE01/src/game/game_fn_80048B24.o
[748/975] NAME SWITCH build/GEDE01/src/game/game_fn_80020E94.o
[749/975] NAME SWITCH build/GEDE01/src/game/game_fn_8005EE9C.o
[750/975] NAME SWITCH build/GEDE01/src/game/game_fn_8016D9C0.o
[751/975] NAME SWITCH build/GEDE01/src/game/game_fn_80071A58.o
[752/975] EXTERNALIZE build/GEDE01/src/game/game_fn_80048ADC.o
[753/975] NAME SWITCH build/GEDE01/src/game/game_fn_8006B620.o
[754/975] NAME SWITCH build/GEDE01/src/game/game_fn_8001FE1C.o
[755/975] NAME SWITCH build/GEDE01/src/game/game_fn_8001E644.o
[756/975] EXTERNALIZE build/GEDE01/src/game/game_fn_80038878.o
[757/975] EXTERNALIZE build/GEDE01/src/game/game_fn_801B46C8.o
build/GEDE01/src/game/game_fn_801B46C8.o: lbl_8060C020 now undefined; section 6 emptied
[758/975] EXTERNALIZE build/GEDE01/src/game/game_fn_80036C40.o
[759/975] EXTERNALIZE build/GEDE01/src/game/game_fn_800359A0.o
[760/975] EXTERNALIZE build/GEDE01/src/game/game_fn_80033180.o
[761/975] EXTERNALIZE build/GEDE01/src/game/game_fn_80033038.o
[762/975] EXTERNALIZE build/GEDE01/src/game/game_fn_80032B84.o
[763/975] EXTERNALIZE build/GEDE01/src/game/game_fn_8003232C.o
[764/975] EXTERNALIZE build/GEDE01/src/game/game_fn_8002E3F0.o
[765/975] EXTERNALIZE build/GEDE01/src/game/game_fn_8002DAE0.o
[766/975] EXTERNALIZE build/GEDE01/src/game/game_fn_8002EA68.o
[767/975] GLOBALIZE build/GEDE01/src/game/game_fn_8002B748.o
[768/975] EXTERNALIZE build/GEDE01/src/game/game_fn_8002F428.o
[769/975] NAME SWITCHES build/GEDE01/src/game/game_fn_80024F28.o
[770/975] EXTERNALIZE build/GEDE01/src/game/game_fn_800272B4.o
[771/975] EXTERNALIZE build/GEDE01/src/game/game_fn_8001CE94.o
[772/975] EXTERNALIZE build/GEDE01/src/game/game_fn_8001CD58.o
[773/975] EXTERNALIZE build/GEDE01/src/game/game_fn_8001C078.o
[774/975] EXTERNALIZE build/GEDE01/src/game/game_fn_8001B874.o
[775/975] EXTERNALIZE build/GEDE01/src/game/game_fn_8001B808.o
[776/975] EXTERNALIZE build/GEDE01/src/game/game_fn_8001B294.o
[777/975] EXTERNALIZE build/GEDE01/src/game/game_fn_8001B124.o
[778/975] EXTERNALIZE build/GEDE01/src/game/game_fn_8001ADF8.o
[779/975] EXTERNALIZE build/GEDE01/src/game/game_fn_8001AF68.o
[780/975] EXTERNALIZE build/GEDE01/src/game/game_fn_8001AAB8.o
[781/975] EXTERNALIZE build/GEDE01/src/game/game_fn_8001A6C4.o
[782/975] EXTERNALIZE build/GEDE01/src/game/game_fn_80019D2C.o
[783/975] EXTERNALIZE build/GEDE01/src/game/game_fn_80019F98.o
[784/975] EXTERNALIZE build/GEDE01/src/game/game_fn_80019C10.o
[785/975] EXTERNALIZE build/GEDE01/src/game/game_fn_80019940.o
[786/975] EXTERNALIZE build/GEDE01/src/game/game_fn_80019244.o
[787/975] EXTERNALIZE build/GEDE01/src/game/game_fn_800194D0.o
[788/975] EXTERNALIZE build/GEDE01/src/game/game_fn_80019054.o
[789/975] EXTERNALIZE build/GEDE01/src/game/game_fn_80018EF4.o
[790/975] EXTERNALIZE build/GEDE01/src/game/game_fn_80017DB0.o
[791/975] EXTERNALIZE build/GEDE01/src/game/game_fn_80017CC8.o
[792/975] EXTERNALIZE build/GEDE01/src/game/game_fn_80017C3C.o
[793/975] EXTERNALIZE build/GEDE01/src/game/game_fn_80017AE4.o
[794/975] EXTERNALIZE build/GEDE01/src/game/game_fn_800179AC.o
[795/975] EXTERNALIZE build/GEDE01/src/game/game_fn_80017A3C.o
[796/975] EXTERNALIZE build/GEDE01/src/game/game_fn_80017910.o
[797/975] EXTERNALIZE FLAGS build/GEDE01/src/game/game_fn_800119FC.o
[798/975] EXTERNALIZE build/GEDE01/src/game/game_fn_8000F4B0.o
[799/975] EXTERNALIZE build/GEDE01/src/game/game_fn_8000FFD8.o
[800/975] GLOBALIZE build/GEDE01/src/game/game_fn_800094C0.o
[801/975] EXTERNALIZE build/GEDE01/src/game/game_fn_8000EFC4.o
[802/975] EXTERNALIZE build/GEDE01/src/game/game_fn_800096E0.o
[803/975] EXTERNALIZE build/GEDE01/src/game/game_fn_800098C0.o
[804/975] EXTERNALIZE build/GEDE01/src/game/game_fn_800099D8.o
[805/975] EXTERNALIZE build/GEDE01/src/game/game_fn_80009AB4.o
[806/975] EXTERNALIZE build/GEDE01/src/game/game_fn_8000A26C.o
[807/975] EXTERNALIZE build/GEDE01/src/game/game_fn_800171C0.o
[808/975] EXTERNALIZE build/GEDE01/src/game/game_fn_800176F0.o
[809/975] EXTERNALIZE build/GEDE01/src/game/game_fn_8000AC88.o
[810/975] EXTERNALIZE build/GEDE01/src/game/game_fn_8000AEB4.o
[811/975] EXTERNALIZE build/GEDE01/src/game/game_fn_8000AFB4.o
[812/975] EXTERNALIZE build/GEDE01/src/game/game_fn_8000B1B8.o
[813/975] EXTERNALIZE build/GEDE01/src/game/game_fn_8000B36C.o
[814/975] EXTERNALIZE build/GEDE01/src/game/game_fn_8000B630.o
[815/975] EXTERNALIZE build/GEDE01/src/game/game_fn_8000B7FC.o
[816/975] EXTERNALIZE build/GEDE01/src/game/game_fn_8000B900.o
[817/975] EXTERNALIZE build/GEDE01/src/game/game_fn_8000BA0C.o
[818/975] EXTERNALIZE build/GEDE01/src/game/game_fn_8000BAA0.o
[819/975] EXTERNALIZE build/GEDE01/src/game/game_fn_8000BC40.o
[820/975] EXTERNALIZE build/GEDE01/src/game/game_fn_8000C06C.o
[821/975] EXTERNALIZE build/GEDE01/src/game/game_fn_8000C17C.o
[822/975] EXTERNALIZE build/GEDE01/src/game/game_fn_8000C400.o
[823/975] EXTERNALIZE build/GEDE01/src/game/game_fn_8000C91C.o
[824/975] EXTERNALIZE build/GEDE01/src/game/game_fn_8000C848.o
[825/975] EXTERNALIZE build/GEDE01/src/game/game_fn_8000D0BC.o
[826/975] EXTERNALIZE build/GEDE01/src/game/game_fn_8000D3D4.o
[827/975] NAME SWITCH build/GEDE01/src/game/game_fn_8000D8A4.o
[828/975] EXTERNALIZE build/GEDE01/src/game/game_fn_8000E054.o
[829/975] EXTERNALIZE build/GEDE01/src/game/game_fn_8000E0AC.o
[830/975] EXTERNALIZE build/GEDE01/src/game/game_fn_8000E96C.o
[831/975] EXTERNALIZE build/GEDE01/src/game/game_fn_8000F774.o
[832/975] EXTERNALIZE build/GEDE01/src/game/game_fn_8000EB14.o
[833/975] EXTERNALIZE build/GEDE01/src/game/game_fn_8000EBD4.o
[834/975] EXTERNALIZE build/GEDE01/src/game/game_fn_8000ED44.o
[835/975] EXTERNALIZE build/GEDE01/src/game/game_fn_8000E138.o
[836/975] EXTERNALIZE build/GEDE01/src/game/game_fn_8000E1C4.o
[837/975] EXTERNALIZE build/GEDE01/src/game/game_fn_8000D590.o
[838/975] EXTERNALIZE build/GEDE01/src/game/game_fn_8000DA50.o
[839/975] EXTERNALIZE build/GEDE01/src/game/game_fn_8000DAF4.o
[840/975] EXTERNALIZE build/GEDE01/src/game/game_fn_80012DA8.o
[841/975] EXTERNALIZE build/GEDE01/src/game/game_fn_80012F40.o
[842/975] EXTERNALIZE build/GEDE01/src/game/game_fn_80012FD0.o
[843/975] EXTERNALIZE build/GEDE01/src/game/game_fn_800131E8.o
[844/975] EXTERNALIZE build/GEDE01/src/game/game_fn_80013340.o
[845/975] EXTERNALIZE build/GEDE01/src/game/game_fn_80013870.o
[846/975] EXTERNALIZE build/GEDE01/src/game/game_fn_80013CB0.o
[847/975] EXTERNALIZE build/GEDE01/src/game/game_fn_80013D54.o
[848/975] EXTERNALIZE build/GEDE01/src/game/game_fn_800142DC.o
[849/975] EXTERNALIZE build/GEDE01/src/game/game_fn_800144CC.o
[850/975] EXTERNALIZE build/GEDE01/src/game/game_fn_80014784.o
[851/975] EXTERNALIZE build/GEDE01/src/game/game_fn_800149D4.o
[852/975] EXTERNALIZE build/GEDE01/src/game/game_fn_80015058.o
[853/975] EXTERNALIZE build/GEDE01/src/game/game_fn_80015320.o
[854/975] EXTERNALIZE build/GEDE01/src/game/game_fn_80015568.o
[855/975] EXTERNALIZE build/GEDE01/src/game/game_fn_800156FC.o
[856/975] EXTERNALIZE build/GEDE01/src/game/game_fn_80015BE0.o
[857/975] EXTERNALIZE build/GEDE01/src/game/game_fn_80015D40.o
[858/975] EXTERNALIZE build/GEDE01/src/game/game_fn_80015F04.o
[859/975] EXTERNALIZE build/GEDE01/src/game/game_fn_80016128.o
[860/975] EXTERNALIZE build/GEDE01/src/game/game_fn_80016270.o
[861/975] EXTERNALIZE build/GEDE01/src/game/game_fn_80016904.o
[862/975] EXTERNALIZE build/GEDE01/src/game/game_fn_800173CC.o
[863/975] EXTERNALIZE build/GEDE01/src/game/game_fn_80016B24.o
[864/975] EXTERNALIZE build/GEDE01/src/game/game_fn_801BEF40.o
[865/975] EXTERNALIZE build/GEDE01/src/game/game_fn_801B86C0.o
[866/975] EXTERNALIZE STATIC POOL build/GEDE01/src/game/game_fn_801C4B5C.o
build/GEDE01/src/game/game_fn_801C4B5C.o: lbl_80628CB0 now undefined; section 6 emptied
[867/975] EXTERNALIZE build/GEDE01/src/game/game_fn_801C8600.o
[868/975] EXTERNALIZE build/GEDE01/src/game/game_fn_80150400.o
[869/975] EXTERNALIZE build/GEDE01/src/game/game_fn_801EAA04.o
[870/975] EXTERNALIZE build/GEDE01/src/game/game_fn_80150F20.o
[871/975] EXTERNALIZE build/GEDE01/src/game/game_fn_80151600.o
[872/975] EXTERNALIZE build/GEDE01/src/game/game_fn_8011EE04.o
[873/975] EXTERNALIZE build/GEDE01/src/game/game_fn_80151D00.o
[874/975] EXTERNALIZE build/GEDE01/src/game/game_fn_801E3644.o
[875/975] EXTERNALIZE build/GEDE01/src/game/game_fn_8019E0B0.o
[876/975] EXTERNALIZE build/GEDE01/src/game/game_fn_801A260C.o
[877/975] EXTERNALIZE build/GEDE01/src/game/game_fn_801DE8B4.o
[878/975] EXTERNALIZE build/GEDE01/src/game/game_fn_80173BDC.o
[879/975] EXTERNALIZE build/GEDE01/src/game/game_fn_801E7014.o
[880/975] EXTERNALIZE build/GEDE01/src/game/game_fn_801A4430.o
[881/975] EXTERNALIZE build/GEDE01/src/game/game_fn_8014BA14.o
[882/975] EXTERNALIZE build/GEDE01/src/game/game_fn_800B2EC0.o
[883/975] EXTERNALIZE build/GEDE01/src/game/game_fn_8001CA04.o
[884/975] EXTERNALIZE build/GEDE01/src/game/game_fn_80031544.o
[885/975] EXTERNALIZE build/GEDE01/src/game/game_fn_801DDB84.o
[886/975] EXTERNALIZE build/GEDE01/src/game/game_fn_8006B0F0.o
[887/975] EXTERNALIZE build/GEDE01/src/game/game_fn_8007D4D8.o
[888/975] EXTERNALIZE build/GEDE01/src/game/game_fn_80088F4C.o
[889/975] EXTERNALIZE build/GEDE01/src/game/game_fn_8007F770.o
[890/975] EXTERNALIZE build/GEDE01/src/game/game_fn_8008A2E0.o
[891/975] EXTERNALIZE build/GEDE01/src/game/game_fn_80089A34.o
[892/975] EXTERNALIZE build/GEDE01/src/game/game_fn_80090004.o
[893/975] EXTERNALIZE build/GEDE01/src/game/game_fn_80095D10.o
[894/975] EXTERNALIZE build/GEDE01/src/game/game_fn_800A3180.o
[895/975] EXTERNALIZE build/GEDE01/src/game/game_fn_800BB7A8.o
[896/975] EXTERNALIZE build/GEDE01/src/game/game_fn_800BB5C4.o
[897/975] EXTERNALIZE build/GEDE01/src/game/game_fn_800BB9A4.o
[898/975] EXTERNALIZE build/GEDE01/src/game/game_fn_800BBAF0.o
[899/975] EXTERNALIZE build/GEDE01/src/game/game_fn_800D9E10.o
[900/975] EXTERNALIZE build/GEDE01/src/game/game_fn_800D9064.o
[901/975] EXTERNALIZE build/GEDE01/src/game/game_fn_8012976C.o
[902/975] EXTERNALIZE build/GEDE01/src/game/game_fn_8013CBE4.o
[903/975] EXTERNALIZE build/GEDE01/src/game/game_fn_8013DB8C.o
[904/975] EXTERNALIZE build/GEDE01/src/game/game_fn_8014CA98.o
[905/975] EXTERNALIZE build/GEDE01/src/game/game_fn_801535D8.o
[906/975] EXTERNALIZE build/GEDE01/src/game/game_fn_80153A24.o
[907/975] EXTERNALIZE build/GEDE01/src/game/game_fn_801752B0.o
[908/975] EXTERNALIZE build/GEDE01/src/game/game_fn_80174F2C.o
[909/975] EXTERNALIZE build/GEDE01/src/game/game_fn_8017AC20.o
[910/975] EXTERNALIZE build/GEDE01/src/game/game_fn_801861C4.o
[911/975] EXTERNALIZE build/GEDE01/src/game/game_fn_8018680C.o
[912/975] EXTERNALIZE build/GEDE01/src/game/game_fn_80186F70.o
[913/975] EXTERNALIZE build/GEDE01/src/game/game_fn_80187320.o
[914/975] EXTERNALIZE build/GEDE01/src/game/game_fn_801810A0.o
[915/975] EXTERNALIZE build/GEDE01/src/game/game_fn_801875FC.o
[916/975] EXTERNALIZE build/GEDE01/src/game/game_fn_800542D0.o
[917/975] EXTERNALIZE build/GEDE01/src/game/game_fn_80187E40.o
[918/975] EXTERNALIZE build/GEDE01/src/game/game_fn_80187BB4.o
[919/975] EXTERNALIZE build/GEDE01/src/game/game_fn_80189C14.o
[920/975] EXTERNALIZE build/GEDE01/src/game/game_fn_8018C2D0.o
[921/975] EXTERNALIZE build/GEDE01/src/game/game_fn_8018D400.o
[922/975] EXTERNALIZE build/GEDE01/src/game/game_fn_8018E0D8.o
[923/975] EXTERNALIZE build/GEDE01/src/game/game_fn_8018DC24.o
[924/975] EXTERNALIZE build/GEDE01/src/game/game_fn_8019120C.o
[925/975] EXTERNALIZE build/GEDE01/src/game/game_fn_801926EC.o
[926/975] EXTERNALIZE build/GEDE01/src/game/game_fn_801929A4.o
[927/975] EXTERNALIZE build/GEDE01/src/game/game_fn_801916D0.o
[928/975] EXTERNALIZE build/GEDE01/src/game/game_fn_801952E8.o
[929/975] EXTERNALIZE build/GEDE01/src/game/game_fn_801A2A54.o
[930/975] EXTERNALIZE build/GEDE01/src/game/game_fn_801A34BC.o
[931/975] EXTERNALIZE build/GEDE01/src/game/game_fn_801A657C.o
[932/975] EXTERNALIZE build/GEDE01/src/game/game_fn_801A1F8C.o
[933/975] EXTERNALIZE build/GEDE01/src/game/game_fn_801E2A48.o
[934/975] EXTERNALIZE build/GEDE01/src/game/game_fn_801D1F78.o
[935/975] EXTERNALIZE build/GEDE01/src/game/game_fn_801E6814.o
[936/975] EXTERNALIZE build/GEDE01/src/game/game_fn_801E995C.o
[937/975] EXTERNALIZE build/GEDE01/src/game/game_fn_801F0CB0.o
[938/975] EXTERNALIZE build/GEDE01/src/game/game_fn_801EF580.o
[939/975] EXTERNALIZE build/GEDE01/src/game/game_fn_801F10BC.o
[940/975] EXTERNALIZE build/GEDE01/src/game/game_fn_801F35A8.o
[941/975] EXTERNALIZE build/GEDE01/src/game/game_fn_801ECD74.o
[942/975] EXTERNALIZE build/GEDE01/src/game/game_fn_801ED5F4.o
[943/975] EXTERNALIZE build/GEDE01/src/game/game_fn_801F69F0.o
[944/975] EXTERNALIZE build/GEDE01/src/game/game_fn_801F76EC.o
[945/975] EXTERNALIZE build/GEDE01/src/game/game_fn_801F8264.o
[946/975] EXTERNALIZE build/GEDE01/src/game/game_fn_801F89B4.o
[947/975] EXTERNALIZE build/GEDE01/src/game/game_fn_801F9AF8.o
[948/975] EXTERNALIZE build/GEDE01/src/game/game_fn_801FB6A4.o
[949/975] EXTERNALIZE build/GEDE01/src/game/game_fn_801F6BD8.o
[950/975] EXTERNALIZE JUMPTABLES build/GEDE01/src/game/game_fn_800361F8.o
[951/975] EXTERNALIZE build/GEDE01/src/game/game_fn_80095E64.o
[952/975] EXTERNALIZE JUMPTABLES build/GEDE01/src/game/game_fn_8006E53C.o
[953/975] EXTERNALIZE JUMPTABLES build/GEDE01/src/game/game_fn_800CF598.o
[954/975] EXTERNALIZE JUMPTABLES build/GEDE01/src/game/game_fn_801ACFE8.o
[955/975] EXTERNALIZE JUMPTABLES build/GEDE01/src/game/game_fn_801B1BA0.o
[956/975] EXTERNALIZE build/GEDE01/src/game/game_fn_801E0088.o
[957/975] EXTERNALIZE build/GEDE01/src/game/game_fn_80150A24.o
[958/975] EXTERNALIZE build/GEDE01/src/game/game_fn_80154F74.o
[959/975] EXTERNALIZE build/GEDE01/src/game/game_fn_801E504C.o
[960/975] EXTERNALIZE build/GEDE01/src/game/game_fn_8009E808.o
[961/975] EXTERNALIZE build/GEDE01/src/game/game_fn_801F1A38.o
[962/975] EXTERNALIZE build/GEDE01/src/game/game_fn_801F55A0.o
[963/975] EXTERNALIZE build/GEDE01/src/game/game_fn_801F7510.o
[964/975] EXTERNALIZE build/GEDE01/src/game/game_fn_801FFE78.o
[965/975] EXTERNALIZE build/GEDE01/src/game/game_fn_801F9CF4.o
[966/975] EXTERNALIZE build/GEDE01/src/game/game_fn_801F8FAC.o
[967/975] EXTERNALIZE build/GEDE01/src/game/game_fn_801FA9C8.o
[968/975] EXTERNALIZE build/GEDE01/src/game/game_fn_801FC034.o
[969/975] MWCC build/GEDE01/src/game/game_fn_80208310.o
[970/975] REPORT
 INFO Loading project .
 INFO Generating report for 7091 units (using 8 threads)
 INFO Report generated in 0.580s
 INFO Writing to build/GEDE01/report.json
[971/975] LINK build/GEDE01/main.elf
### mwldeppc.exe Linker Warning:
#   Section '.ignored' is unknown. Section ignored.
### mwldeppc.exe Linker Warning:
#   Section '.ignored' is unknown. Section ignored.
### mwldeppc.exe Linker Warning:
#   Section '.ignored' is unknown. Section ignored.
### mwldeppc.exe Linker Warning:
#   Section '.ignored' is unknown. Section ignored.
### mwldeppc.exe Linker Warning:
#   Section '.ignored' is unknown. Section ignored.
### mwldeppc.exe Linker Warning:
#   Section '.ignored' is unknown. Section ignored.
### mwldeppc.exe Linker Warning:
#   Section '.ignored' is unknown. Section ignored.
### mwldeppc.exe Linker Warning:
#   Section '.ignored' is unknown. Section ignored.
### mwldeppc.exe Linker Warning:
#   Section '.ignored' is unknown. Section ignored.
### mwldeppc.exe Linker Warning:
#   Section '.ignored' is unknown. Section ignored.
### mwldeppc.exe Linker Warning:
#   Section '.ignored' is unknown. Section ignored.
### mwldeppc.exe Linker Warning:
#   Section '.ignored' is unknown. Section ignored.
### mwldeppc.exe Linker Warning:
#   Section '.ignored' is unknown. Section ignored.
### mwldeppc.exe Linker Warning:
#   Section '.ignored' is unknown. Section ignored.
### mwldeppc.exe Linker Warning:
#   Section '.ignored' is unknown. Section ignored.
### mwldeppc.exe Linker Warning:
#   Section '.ignored' is unknown. Section ignored.
### mwldeppc.exe Linker Warning:
#   Section '.ignored' is unknown. Section ignored.
### mwldeppc.exe Linker Warning:
#   Section '.ignored' is unknown. Section ignored.
### mwldeppc.exe Linker Warning:
#   Section '.ignored' is unknown. Section ignored.
### mwldeppc.exe Linker Warning:
#   Section '.ignored' is unknown. Section ignored.
### mwldeppc.exe Linker Warning:
#   Section '.ignored' is unknown. Section ignored.
### mwldeppc.exe Linker Warning:
#   Section '.ignored' is unknown. Section ignored.
### mwldeppc.exe Linker Warning:
#   Section '.ignored' is unknown. Section ignored.
### mwldeppc.exe Linker Warning:
#   Section '.ignored' is unknown. Section ignored.
### mwldeppc.exe Linker Warning:
#   Section '.ignored' is unknown. Section ignored.
### mwldeppc.exe Linker Warning:
#   Section '.ignored' is unknown. Section ignored.
### mwldeppc.exe Linker Warning:
#   Section '.ignored' is unknown. Section ignored.
### mwldeppc.exe Linker Warning:
#   Section '.ignored' is unknown. Section ignored.
### mwldeppc.exe Linker Warning:
#   Section '.ignored' is unknown. Section ignored.
### mwldeppc.exe Linker Warning:
#   Section '.ignored' is unknown. Section ignored.
### mwldeppc.exe Linker Warning:
#   Section '.ignored' is unknown. Section ignored.
### mwldeppc.exe Linker Warning:
#   Section '.ignored' is unknown. Section ignored.
### mwldeppc.exe Linker Warning:
#   Section '.ignored' is unknown. Section ignored.
### mwldeppc.exe Linker Warning:
#   Section '.ignored' is unknown. Section ignored.
### mwldeppc.exe Linker Warning:
#   Section '.ignored' is unknown. Section ignored.
### mwldeppc.exe Linker Warning:
#   Section '.ignored' is unknown. Section ignored.
### mwldeppc.exe Linker Warning:
#   Section '.ignored' is unknown. Section ignored.
### mwldeppc.exe Linker Warning:
#   Section '.ignored' is unknown. Section ignored.
### mwldeppc.exe Linker Warning:
#   Section '.ignored' is unknown. Section ignored.
### mwldeppc.exe Linker Warning:
#   Section '.ignored' is unknown. Section ignored.
### mwldeppc.exe Linker Warning:
#   Section '.ignored' is unknown. Section ignored.
### mwldeppc.exe Linker Warning:
#   Section '.ignored' is unknown. Section ignored.
### mwldeppc.exe Linker Warning:
#   Section '.ignored' is unknown. Section ignored.
### mwldeppc.exe Linker Warning:
#   Section '.ignored' is unknown. Section ignored.
### mwldeppc.exe Linker Warning:
#   Section '.ignored' is unknown. Section ignored.
### mwldeppc.exe Linker Warning:
#   Section '.ignored' is unknown. Section ignored.
### mwldeppc.exe Linker Warning:
#   Section '.ignored' is unknown. Section ignored.
### mwldeppc.exe Linker Warning:
#   Section '.ignored' is unknown. Section ignored.
### mwldeppc.exe Linker Warning:
#   Section '.ignored' is unknown. Section ignored.
### mwldeppc.exe Linker Warning:
#   Section '.ignored' is unknown. Section ignored.
### mwldeppc.exe Linker Warning:
#   Section '.ignored' is unknown. Section ignored.
### mwldeppc.exe Linker Warning:
#   Section '.ignored' is unknown. Section ignored.
### mwldeppc.exe Linker Warning:
#   Section '.ignored' is unknown. Section ignored.
### mwldeppc.exe Linker Warning:
#   Section '.ignored' is unknown. Section ignored.
### mwldeppc.exe Linker Warning:
#   Section '.ignored' is unknown. Section ignored.
### mwldeppc.exe Linker Warning:
#   Section '.ignored' is unknown. Section ignored.
### mwldeppc.exe Linker Warning:
#   Section '.ignored' is unknown. Section ignored.
### mwldeppc.exe Linker Warning:
#   Section '.ignored' is unknown. Section ignored.
### mwldeppc.exe Linker Warning:
#   Section '.ignored' is unknown. Section ignored.
### mwldeppc.exe Linker Warning:
#   Section '.ignored' is unknown. Section ignored.
### mwldeppc.exe Linker Warning:
#   Section '.ignored' is unknown. Section ignored.
### mwldeppc.exe Linker Warning:
#   Section '.ignored' is unknown. Section ignored.
### mwldeppc.exe Linker Warning:
#   Section '.ignored' is unknown. Section ignored.
### mwldeppc.exe Linker Warning:
#   Section '.ignored' is unknown. Section ignored.
### mwldeppc.exe Linker Warning:
#   Section '.ignored' is unknown. Section ignored.
### mwldeppc.exe Linker Warning:
#   Section '.ignored' is unknown. Section ignored.
### mwldeppc.exe Linker Warning:
#   Section '.ignored' is unknown. Section ignored.
### mwldeppc.exe Linker Warning:
#   Section '.ignored' is unknown. Section ignored.
### mwldeppc.exe Linker Warning:
#   Section '.ignored' is unknown. Section ignored.
### mwldeppc.exe Linker Warning:
#   Section '.ignored' is unknown. Section ignored.
### mwldeppc.exe Linker Warning:
#   Section '.ignored' is unknown. Section ignored.
### mwldeppc.exe Linker Warning:
#   Section '.ignored' is unknown. Section ignored.
### mwldeppc.exe Linker Warning:
#   Section '.ignored' is unknown. Section ignored.
### mwldeppc.exe Linker Warning:
#   Section '.ignored' is unknown. Section ignored.
### mwldeppc.exe Linker Warning:
#   Section '.ignored' is unknown. Section ignored.
### mwldeppc.exe Linker Warning:
#   Section '.ignored' is unknown. Section ignored.
### mwldeppc.exe Linker Warning:
#   Section '.ignored' is unknown. Section ignored.
### mwldeppc.exe Linker Warning:
#   Section '.ignored' is unknown. Section ignored.
### mwldeppc.exe Linker Warning:
#   Section '.ignored' is unknown. Section ignored.
### mwldeppc.exe Linker Warning:
#   Section '.ignored' is unknown. Section ignored.
### mwldeppc.exe Linker Warning:
#   Section '.ignored' is unknown. Section ignored.
### mwldeppc.exe Linker Warning:
#   Section '.ignored' is unknown. Section ignored.
### mwldeppc.exe Linker Warning:
#   Section '.ignored' is unknown. Section ignored.
### mwldeppc.exe Linker Warning:
#   Section '.ignored' is unknown. Section ignored.
### mwldeppc.exe Linker Warning:
#   Section '.ignored' is unknown. Section ignored.
### mwldeppc.exe Linker Warning:
#   Section '.ignored' is unknown. Section ignored.
### mwldeppc.exe Linker Warning:
#   Section '.ignored' is unknown. Section ignored.
### mwldeppc.exe Linker Warning:
#   Section '.ignored' is unknown. Section ignored.
### mwldeppc.exe Linker Warning:
#   Section '.ignored' is unknown. Section ignored.
### mwldeppc.exe Linker Warning:
#   Section '.ignored' is unknown. Section ignored.
### mwldeppc.exe Linker Warning:
#   Section '.ignored' is unknown. Section ignored.
### mwldeppc.exe Linker Warning:
#   Section '.ignored' is unknown. Section ignored.
### mwldeppc.exe Linker Warning:
#   Section '.ignored' is unknown. Section ignored.
### mwldeppc.exe Linker Warning:
#   Section '.ignored' is unknown. Section ignored.
### mwldeppc.exe Linker Warning:
#   Section '.ignored' is unknown. Section ignored.
### mwldeppc.exe Linker Warning:
#   Section '.ignored' is unknown. Section ignored.
### mwldeppc.exe Linker Warning:
#   Section '.ignored' is unknown. Section ignored.
### mwldeppc.exe Linker Warning:
#   Section '.ignored' is unknown. Section ignored.
### mwldeppc.exe Linker Warning:
#   Section '.ignored' is unknown. Section ignored.
### mwldeppc.exe Linker Warning:
#   Section '.ignored' is unknown. Section ignored.
### mwldeppc.exe Linker Warning:
#   Section '.ignored' is unknown. Section ignored.
### mwldeppc.exe Linker Warning:
#   Section '.ignored' is unknown. Section ignored.
### mwldeppc.exe Linker Warning:
#   Section '.ignored' is unknown. Section ignored.
### mwldeppc.exe Linker Warning:
#   Section '.ignored' is unknown. Section ignored.
### mwldeppc.exe Linker Warning:
#   Section '.ignored' is unknown. Section ignored.
### mwldeppc.exe Linker Warning:
#   Section '.ignored' is unknown. Section ignored.
### mwldeppc.exe Linker Warning:
#   Section '.ignored' is unknown. Section ignored.
### mwldeppc.exe Linker Warning:
#   Section '.ignored' is unknown. Section ignored.
### mwldeppc.exe Linker Warning:
#   Section '.ignored' is unknown. Section ignored.
### mwldeppc.exe Linker Warning:
#   Section '.ignored' is unknown. Section ignored.
### mwldeppc.exe Linker Warning:
#   Section '.ignored' is unknown. Section ignored.
### mwldeppc.exe Linker Warning:
#   Section '.ignored' is unknown. Section ignored.
### mwldeppc.exe Linker Warning:
#   Section '.ignored' is unknown. Section ignored.
### mwldeppc.exe Linker Warning:
#   Section '.ignored' is unknown. Section ignored.
### mwldeppc.exe Linker Warning:
#   Section '.ignored' is unknown. Section ignored.
### mwldeppc.exe Linker Warning:
#   Section '.ignored' is unknown. Section ignored.
### mwldeppc.exe Linker Warning:
#   Section '.ignored' is unknown. Section ignored.
### mwldeppc.exe Linker Warning:
#   Section '.ignored' is unknown. Section ignored.
### mwldeppc.exe Linker Warning:
#   Section '.ignored' is unknown. Section ignored.
### mwldeppc.exe Linker Warning:
#   Section '.ignored' is unknown. Section ignored.
### mwldeppc.exe Linker Warning:
#   Section '.ignored' is unknown. Section ignored.
### mwldeppc.exe Linker Warning:
#   Section '.ignored' is unknown. Section ignored.
### mwldeppc.exe Linker Warning:
#   Section '.ignored' is unknown. Section ignored.
### mwldeppc.exe Linker Warning:
#   Section '.ignored' is unknown. Section ignored.
### mwldeppc.exe Linker Warning:
#   Section '.ignored' is unknown. Section ignored.
### mwldeppc.exe Linker Warning:
#   Section '.ignored' is unknown. Section ignored.
### mwldeppc.exe Linker Warning:
#   Section '.ignored' is unknown. Section ignored.
### mwldeppc.exe Linker Warning:
#   Section '.ignored' is unknown. Section ignored.
### mwldeppc.exe Linker Warning:
#   Section '.ignored' is unknown. Section ignored.
### mwldeppc.exe Linker Warning:
#   Section '.ignored' is unknown. Section ignored.
### mwldeppc.exe Linker Warning:
#   Section '.ignored' is unknown. Section ignored.
### mwldeppc.exe Linker Warning:
#   Section '.ignored' is unknown. Section ignored.
### mwldeppc.exe Linker Warning:
#   Section '.ignored' is unknown. Section ignored.
### mwldeppc.exe Linker Warning:
#   Section '.ignored' is unknown. Section ignored.
### mwldeppc.exe Linker Warning:
#   Section '.ignored' is unknown. Section ignored.
### mwldeppc.exe Linker Warning:
#   Section '.ignored' is unknown. Section ignored.
### mwldeppc.exe Linker Warning:
#   Section '.ignored' is unknown. Section ignored.
### mwldeppc.exe Linker Warning:
#   Section '.ignored' is unknown. Section ignored.
### mwldeppc.exe Linker Warning:
#   Section '.ignored' is unknown. Section ignored.
### mwldeppc.exe Linker Warning:
#   Section '.ignored' is unknown. Section ignored.
### mwldeppc.exe Linker Warning:
#   Section '.ignored' is unknown. Section ignored.
### mwldeppc.exe Linker Warning:
#   Section '.ignored' is unknown. Section ignored.
### mwldeppc.exe Linker Warning:
#   Section '.ignored' is unknown. Section ignored.
### mwldeppc.exe Linker Warning:
#   Section '.ignored' is unknown. Section ignored.
### mwldeppc.exe Linker Warning:
#   Section '.ignored' is unknown. Section ignored.
### mwldeppc.exe Linker Warning:
#   Section '.ignored' is unknown. Section ignored.
### mwldeppc.exe Linker Warning:
#   Section '.ignored' is unknown. Section ignored.
### mwldeppc.exe Linker Warning:
#   Section '.ignored' is unknown. Section ignored.
### mwldeppc.exe Linker Warning:
#   Section '.ignored' is unknown. Section ignored.
### mwldeppc.exe Linker Warning:
#   Section '.ignored' is unknown. Section ignored.
### mwldeppc.exe Linker Warning:
#   Section '.ignored' is unknown. Section ignored.
### mwldeppc.exe Linker Warning:
#   Section '.ignored' is unknown. Section ignored.
### mwldeppc.exe Linker Warning:
#   Section '.ignored' is unknown. Section ignored.
### mwldeppc.exe Linker Warning:
#   Section '.ignored' is unknown. Section ignored.
### mwldeppc.exe Linker Warning:
#   Section '.ignored' is unknown. Section ignored.
### mwldeppc.exe Linker Warning:
#   Section '.ignored' is unknown. Section ignored.
### mwldeppc.exe Linker Warning:
#   Section '.ignored' is unknown. Section ignored.
### mwldeppc.exe Linker Warning:
#   Section '.ignored' is unknown. Section ignored.
### mwldeppc.exe Linker Warning:
#   Section '.ignored' is unknown. Section ignored.
### mwldeppc.exe Linker Warning:
#   Section '.ignored' is unknown. Section ignored.
### mwldeppc.exe Linker Warning:
#   Section '.ignored' is unknown. Section ignored.
### mwldeppc.exe Linker Warning:
#   Section '.ignored' is unknown. Section ignored.
### mwldeppc.exe Linker Warning:
#   Section '.ignored' is unknown. Section ignored.
### mwldeppc.exe Linker Warning:
#   Section '.ignored' is unknown. Section ignored.
### mwldeppc.exe Linker Warning:
#   Section '.ignored' is unknown. Section ignored.
### mwldeppc.exe Linker Warning:
#   Section '.ignored' is unknown. Section ignored.
### mwldeppc.exe Linker Warning:
#   Section '.ignored' is unknown. Section ignored.
### mwldeppc.exe Linker Warning:
#   Section '.ignored' is unknown. Section ignored.
### mwldeppc.exe Linker Warning:
#   Section '.ignored' is unknown. Section ignored.
### mwldeppc.exe Linker Warning:
#   Section '.ignored' is unknown. Section ignored.
### mwldeppc.exe Linker Warning:
#   Section '.ignored' is unknown. Section ignored.
### mwldeppc.exe Linker Warning:
#   Section '.ignored' is unknown. Section ignored.
### mwldeppc.exe Linker Warning:
#   Section '.ignored' is unknown. Section ignored.
### mwldeppc.exe Linker Warning:
#   Section '.ignored' is unknown. Section ignored.
### mwldeppc.exe Linker Warning:
#   Section '.ignored' is unknown. Section ignored.
### mwldeppc.exe Linker Warning:
#   Section '.ignored' is unknown. Section ignored.
### mwldeppc.exe Linker Warning:
#   Section '.ignored' is unknown. Section ignored.
### mwldeppc.exe Linker Warning:
#   Section '.ignored' is unknown. Section ignored.
### mwldeppc.exe Linker Warning:
#   Section '.ignored' is unknown. Section ignored.
### mwldeppc.exe Linker Warning:
#   Section '.ignored' is unknown. Section ignored.
### mwldeppc.exe Linker Warning:
#   Section '.ignored' is unknown. Section ignored.
### mwldeppc.exe Linker Warning:
#   Section '.ignored' is unknown. Section ignored.
### mwldeppc.exe Linker Warning:
#   Section '.ignored' is unknown. Section ignored.
### mwldeppc.exe Linker Warning:
#   Section '.ignored' is unknown. Section ignored.
### mwldeppc.exe Linker Warning:
#   Section '.ignored' is unknown. Section ignored.
### mwldeppc.exe Linker Warning:
#   Section '.ignored' is unknown. Section ignored.
### mwldeppc.exe Linker Warning:
#   Section '.ignored' is unknown. Section ignored.
### mwldeppc.exe Linker Warning:
#   Section '.ignored' is unknown. Section ignored.
### mwldeppc.exe Linker Warning:
#   Section '.ignored' is unknown. Section ignored.
### mwldeppc.exe Linker Warning:
#   Section '.ignored' is unknown. Section ignored.
### mwldeppc.exe Linker Warning:
#   Section '.ignored' is unknown. Section ignored.
### mwldeppc.exe Linker Warning:
#   Section '.ignored' is unknown. Section ignored.
### mwldeppc.exe Linker Warning:
#   Section '.ignored' is unknown. Section ignored.
### mwldeppc.exe Linker Warning:
#   Section '.ignored' is unknown. Section ignored.
### mwldeppc.exe Linker Warning:
#   Section '.ignored' is unknown. Section ignored.
### mwldeppc.exe Linker Warning:
#   Section '.ignored' is unknown. Section ignored.
### mwldeppc.exe Linker Warning:
#   Section '.ignored' is unknown. Section ignored.
### mwldeppc.exe Linker Warning:
#   Section '.ignored' is unknown. Section ignored.
### mwldeppc.exe Linker Warning:
#   Section '.ignored' is unknown. Section ignored.
### mwldeppc.exe Linker Warning:
#   Section '.ignored' is unknown. Section ignored.
### mwldeppc.exe Linker Warning:
#   Section '.ignored' is unknown. Section ignored.
### mwldeppc.exe Linker Warning:
#   Section '.ignored' is unknown. Section ignored.
### mwldeppc.exe Linker Warning:
#   Section '.ignored' is unknown. Section ignored.
### mwldeppc.exe Linker Warning:
#   Section '.ignored' is unknown. Section ignored.
### mwldeppc.exe Linker Warning:
#   Section '.ignored' is unknown. Section ignored.
### mwldeppc.exe Linker Warning:
#   Section '.ignored' is unknown. Section ignored.
### mwldeppc.exe Linker Warning:
#   Section '.ignored' is unknown. Section ignored.
### mwldeppc.exe Linker Warning:
#   Section '.ignored' is unknown. Section ignored.
### mwldeppc.exe Linker Warning:
#   Section '.ignored' is unknown. Section ignored.
### mwldeppc.exe Linker Warning:
#   Section '.ignored' is unknown. Section ignored.
### mwldeppc.exe Linker Warning:
#   Section '.ignored' is unknown. Section ignored.
### mwldeppc.exe Linker Warning:
#   Section '.ignored' is unknown. Section ignored.
### mwldeppc.exe Linker Warning:
#   Section '.ignored' is unknown. Section ignored.
### mwldeppc.exe Linker Warning:
#   Section '.ignored' is unknown. Section ignored.
### mwldeppc.exe Linker Warning:
#   Section '.ignored' is unknown. Section ignored.
### mwldeppc.exe Linker Warning:
#   Section '.ignored' is unknown. Section ignored.
### mwldeppc.exe Linker Warning:
#   Section '.ignored' is unknown. Section ignored.
### mwldeppc.exe Linker Warning:
#   Section '.ignored' is unknown. Section ignored.
### mwldeppc.exe Linker Warning:
#   Section '.ignored' is unknown. Section ignored.
### mwldeppc.exe Linker Warning:
#   Section '.ignored' is unknown. Section ignored.
### mwldeppc.exe Linker Warning:
#   Section '.ignored' is unknown. Section ignored.
### mwldeppc.exe Linker Warning:
#   Section '.ignored' is unknown. Section ignored.
### mwldeppc.exe Linker Warning:
#   Section '.ignored' is unknown. Section ignored.
### mwldeppc.exe Linker Warning:
#   Section '.ignored' is unknown. Section ignored.
### mwldeppc.exe Linker Warning:
#   Section '.ignored' is unknown. Section ignored.
### mwldeppc.exe Linker Warning:
#   Section '.ignored' is unknown. Section ignored.
### mwldeppc.exe Linker Warning:
#   Section '.ignored' is unknown. Section ignored.
### mwldeppc.exe Linker Warning:
#   Section '.ignored' is unknown. Section ignored.
### mwldeppc.exe Linker Warning:
#   Section '.ignored' is unknown. Section ignored.
### mwldeppc.exe Linker Warning:
#   Section '.ignored' is unknown. Section ignored.
### mwldeppc.exe Linker Warning:
#   Section '.ignored' is unknown. Section ignored.
### mwldeppc.exe Linker Warning:
#   Section '.ignored' is unknown. Section ignored.
### mwldeppc.exe Linker Warning:
#   Section '.ignored' is unknown. Section ignored.
### mwldeppc.exe Linker Warning:
#   Section '.ignored' is unknown. Section ignored.
### mwldeppc.exe Linker Warning:
#   Section '.ignored' is unknown. Section ignored.
### mwldeppc.exe Linker Warning:
#   Section '.ignored' is unknown. Section ignored.
### mwldeppc.exe Linker Warning:
#   Section '.ignored' is unknown. Section ignored.
### mwldeppc.exe Linker Warning:
#   Section '.ignored' is unknown. Section ignored.
### mwldeppc.exe Linker Warning:
#   Section '.ignored' is unknown. Section ignored.
### mwldeppc.exe Linker Warning:
#   Section '.ignored' is unknown. Section ignored.
### mwldeppc.exe Linker Warning:
#   Section '.ignored' is unknown. Section ignored.
### mwldeppc.exe Linker Warning:
#   Section '.ignored' is unknown. Section ignored.
### mwldeppc.exe Linker Warning:
#   Section '.ignored' is unknown. Section ignored.
### mwldeppc.exe Linker Warning:
#   Section '.ignored' is unknown. Section ignored.
### mwldeppc.exe Linker Warning:
#   Section '.ignored' is unknown. Section ignored.
### mwldeppc.exe Linker Warning:
#   Section '.ignored' is unknown. Section ignored.
### mwldeppc.exe Linker Warning:
#   Section '.ignored' is unknown. Section ignored.
### mwldeppc.exe Linker Warning:
#   Section '.ignored' is unknown. Section ignored.
### mwldeppc.exe Linker Warning:
#   Section '.ignored' is unknown. Section ignored.
### mwldeppc.exe Linker Warning:
#   Section '.ignored' is unknown. Section ignored.
### mwldeppc.exe Linker Warning:
#   Section '.ignored' is unknown. Section ignored.
### mwldeppc.exe Linker Warning:
#   Section '.ignored' is unknown. Section ignored.
### mwldeppc.exe Linker Warning:
#   Section '.ignored' is unknown. Section ignored.
### mwldeppc.exe Linker Warning:
#   Section '.ignored' is unknown. Section ignored.
### mwldeppc.exe Linker Warning:
#   Section '.ignored' is unknown. Section ignored.
### mwldeppc.exe Linker Warning:
#   Section '.ignored' is unknown. Section ignored.
### mwldeppc.exe Linker Warning:
#   Section '.ignored' is unknown. Section ignored.
### mwldeppc.exe Linker Warning:
#   Section '.ignored' is unknown. Section ignored.
### mwldeppc.exe Linker Warning:
#   Section '.ignored' is unknown. Section ignored.
### mwldeppc.exe Linker Warning:
#   Section '.ignored' is unknown. Section ignored.
### mwldeppc.exe Linker Warning:
#   Section '.ignored' is unknown. Section ignored.
### mwldeppc.exe Linker Warning:
#   Section '.ignored' is unknown. Section ignored.
### mwldeppc.exe Linker Warning:
#   Section '.ignored' is unknown. Section ignored.
### mwldeppc.exe Linker Warning:
#   Section '.ignored' is unknown. Section ignored.
### mwldeppc.exe Linker Warning:
#   Section '.ignored' is unknown. Section ignored.
### mwldeppc.exe Linker Warning:
#   Section '.ignored' is unknown. Section ignored.
### mwldeppc.exe Linker Warning:
#   Section '.ignored' is unknown. Section ignored.
### mwldeppc.exe Linker Warning:
#   Section '.ignored' is unknown. Section ignored.
### mwldeppc.exe Linker Warning:
#   Section '.ignored' is unknown. Section ignored.
### mwldeppc.exe Linker Warning:
#   Section '.ignored' is unknown. Section ignored.
### mwldeppc.exe Linker Warning:
#   Section '.ignored' is unknown. Section ignored.
### mwldeppc.exe Linker Warning:
#   Section '.ignored' is unknown. Section ignored.
### mwldeppc.exe Linker Warning:
#   Section '.ignored' is unknown. Section ignored.
### mwldeppc.exe Linker Warning:
#   Section '.ignored' is unknown. Section ignored.
### mwldeppc.exe Linker Warning:
#   Section '.ignored' is unknown. Section ignored.
### mwldeppc.exe Linker Warning:
#   Section '.ignored' is unknown. Section ignored.
### mwldeppc.exe Linker Warning:
#   Section '.ignored' is unknown. Section ignored.
### mwldeppc.exe Linker Warning:
#   Section '.ignored' is unknown. Section ignored.
### mwldeppc.exe Linker Warning:
#   Section '.ignored' is unknown. Section ignored.
### mwldeppc.exe Linker Warning:
#   Section '.ignored' is unknown. Section ignored.
### mwldeppc.exe Linker Warning:
#   Section '.ignored' is unknown. Section ignored.
### mwldeppc.exe Linker Warning:
#   Section '.ignored' is unknown. Section ignored.
### mwldeppc.exe Linker Warning:
#   Section '.ignored' is unknown. Section ignored.
### mwldeppc.exe Linker Warning:
#   Section '.ignored' is unknown. Section ignored.
### mwldeppc.exe Linker Warning:
#   Section '.ignored' is unknown. Section ignored.
### mwldeppc.exe Linker Warning:
#   Section '.ignored' is unknown. Section ignored.
### mwldeppc.exe Linker Warning:
#   Section '.ignored' is unknown. Section ignored.
### mwldeppc.exe Linker Warning:
#   Section '.ignored' is unknown. Section ignored.
### mwldeppc.exe Linker Warning:
#   Section '.ignored' is unknown. Section ignored.
### mwldeppc.exe Linker Warning:
#   Section '.ignored' is unknown. Section ignored.
### mwldeppc.exe Linker Warning:
#   Section '.ignored' is unknown. Section ignored.
### mwldeppc.exe Linker Warning:
#   Section '.ignored' is unknown. Section ignored.
### mwldeppc.exe Linker Warning:
#   Section '.ignored' is unknown. Section ignored.
### mwldeppc.exe Linker Warning:
#   Section '.ignored' is unknown. Section ignored.
### mwldeppc.exe Linker Warning:
#   Section '.ignored' is unknown. Section ignored.
### mwldeppc.exe Linker Warning:
#   Section '.ignored' is unknown. Section ignored.
### mwldeppc.exe Linker Warning:
#   Section '.ignored' is unknown. Section ignored.
### mwldeppc.exe Linker Warning:
#   Section '.ignored' is unknown. Section ignored.
### mwldeppc.exe Linker Warning:
#   Section '.ignored' is unknown. Section ignored.
### mwldeppc.exe Linker Warning:
#   Section '.ignored' is unknown. Section ignored.
### mwldeppc.exe Linker Warning:
#   Section '.ignored' is unknown. Section ignored.
### mwldeppc.exe Linker Warning:
#   Section '.ignored' is unknown. Section ignored.
### mwldeppc.exe Linker Warning:
#   Section '.ignored' is unknown. Section ignored.
### mwldeppc.exe Linker Warning:
#   Section '.ignored' is unknown. Section ignored.
### mwldeppc.exe Linker Warning:
#   Section '.ignored' is unknown. Section ignored.
### mwldeppc.exe Linker Warning:
#   Section '.ignored' is unknown. Section ignored.
### mwldeppc.exe Linker Warning:
#   Section '.ignored' is unknown. Section ignored.
### mwldeppc.exe Linker Warning:
#   Section '.ignored' is unknown. Section ignored.
### mwldeppc.exe Linker Warning:
#   Section '.ignored' is unknown. Section ignored.
### mwldeppc.exe Linker Warning:
#   Section '.ignored' is unknown. Section ignored.
### mwldeppc.exe Linker Warning:
#   Section '.ignored' is unknown. Section ignored.
### mwldeppc.exe Linker Warning:
#   Section '.ignored' is unknown. Section ignored.
### mwldeppc.exe Linker Warning:
#   Section '.ignored' is unknown. Section ignored.
### mwldeppc.exe Linker Warning:
#   Section '.ignored' is unknown. Section ignored.
### mwldeppc.exe Linker Warning:
#   Section '.ignored' is unknown. Section ignored.
### mwldeppc.exe Linker Warning:
#   Section '.ignored' is unknown. Section ignored.
### mwldeppc.exe Linker Warning:
#   Section '.ignored' is unknown. Section ignored.
### mwldeppc.exe Linker Warning:
#   Section '.ignored' is unknown. Section ignored.
### mwldeppc.exe Linker Warning:
#   Section '.ignored' is unknown. Section ignored.
### mwldeppc.exe Linker Warning:
#   Section '.ignored' is unknown. Section ignored.
### mwldeppc.exe Linker Warning:
#   Section '.ignored' is unknown. Section ignored.
### mwldeppc.exe Linker Warning:
#   Section '.ignored' is unknown. Section ignored.
### mwldeppc.exe Linker Warning:
#   Section '.ignored' is unknown. Section ignored.
### mwldeppc.exe Linker Warning:
#   Section '.ignored' is unknown. Section ignored.
### mwldeppc.exe Linker Warning:
#   Section '.ignored' is unknown. Section ignored.
### mwldeppc.exe Linker Warning:
#   Section '.ignored' is unknown. Section ignored.
### mwldeppc.exe Linker Warning:
#   Section '.ignored' is unknown. Section ignored.
### mwldeppc.exe Linker Warning:
#   Section '.ignored' is unknown. Section ignored.
### mwldeppc.exe Linker Warning:
#   Section '.ignored' is unknown. Section ignored.
### mwldeppc.exe Linker Warning:
#   Section '.ignored' is unknown. Section ignored.
### mwldeppc.exe Linker Warning:
#   Section '.ignored' is unknown. Section ignored.
### mwldeppc.exe Linker Warning:
#   Section '.ignored' is unknown. Section ignored.
### mwldeppc.exe Linker Warning:
#   Section '.ignored' is unknown. Section ignored.
### mwldeppc.exe Linker Warning:
#   Section '.ignored' is unknown. Section ignored.
### mwldeppc.exe Linker Warning:
#   Section '.ignored' is unknown. Section ignored.
### mwldeppc.exe Linker Warning:
#   Section '.ignored' is unknown. Section ignored.
### mwldeppc.exe Linker Warning:
#   Section '.ignored' is unknown. Section ignored.
### mwldeppc.exe Linker Warning:
#   Section '.ignored' is unknown. Section ignored.
### mwldeppc.exe Linker Warning:
#   Section '.ignored' is unknown. Section ignored.
### mwldeppc.exe Linker Warning:
#   Section '.ignored' is unknown. Section ignored.
### mwldeppc.exe Linker Warning:
#   Section '.ignored' is unknown. Section ignored.
### mwldeppc.exe Linker Warning:
#   Section '.ignored' is unknown. Section ignored.
### mwldeppc.exe Linker Warning:
#   Section '.ignored' is unknown. Section ignored.
### mwldeppc.exe Linker Warning:
#   Section '.ignored' is unknown. Section ignored.
### mwldeppc.exe Linker Warning:
#   Section '.ignored' is unknown. Section ignored.
### mwldeppc.exe Linker Warning:
#   Section '.ignored' is unknown. Section ignored.
### mwldeppc.exe Linker Warning:
#   Section '.ignored' is unknown. Section ignored.
### mwldeppc.exe Linker Warning:
#   Section '.ignored' is unknown. Section ignored.
### mwldeppc.exe Linker Warning:
#   Section '.ignored' is unknown. Section ignored.
### mwldeppc.exe Linker Warning:
#   Section '.ignored' is unknown. Section ignored.
### mwldeppc.exe Linker Warning:
#   Section '.ignored' is unknown. Section ignored.
### mwldeppc.exe Linker Warning:
#   Section '.ignored' is unknown. Section ignored.
### mwldeppc.exe Linker Warning:
#   Section '.ignored' is unknown. Section ignored.
### mwldeppc.exe Linker Warning:
#   Section '.ignored' is unknown. Section ignored.
### mwldeppc.exe Linker Warning:
#   Section '.ignored' is unknown. Section ignored.
### mwldeppc.exe Linker Warning:
#   Section '.ignored' is unknown. Section ignored.
### mwldeppc.exe Linker Warning:
#   Section '.ignored' is unknown. Section ignored.
### mwldeppc.exe Linker Warning:
#   Section '.ignored' is unknown. Section ignored.
### mwldeppc.exe Linker Warning:
#   Section '.ignored' is unknown. Section ignored.
### mwldeppc.exe Linker Warning:
#   Section '.ignored' is unknown. Section ignored.
### mwldeppc.exe Linker Warning:
#   Section '.ignored' is unknown. Section ignored.
### mwldeppc.exe Linker Warning:
#   Section '.ignored' is unknown. Section ignored.
### mwldeppc.exe Linker Warning:
#   Section '.ignored' is unknown. Section ignored.
### mwldeppc.exe Linker Warning:
#   Section '.ignored' is unknown. Section ignored.
### mwldeppc.exe Linker Warning:
#   Section '.ignored' is unknown. Section ignored.
### mwldeppc.exe Linker Warning:
#   Section '.ignored' is unknown. Section ignored.
### mwldeppc.exe Linker Warning:
#   Section '.ignored' is unknown. Section ignored.
### mwldeppc.exe Linker Warning:
#   Section '.ignored' is unknown. Section ignored.
### mwldeppc.exe Linker Warning:
#   Section '.ignored' is unknown. Section ignored.
### mwldeppc.exe Linker Warning:
#   Section '.ignored' is unknown. Section ignored.
### mwldeppc.exe Linker Warning:
#   Section '.ignored' is unknown. Section ignored.
### mwldeppc.exe Linker Warning:
#   Section '.ignored' is unknown. Section ignored.
### mwldeppc.exe Linker Warning:
#   Section '.ignored' is unknown. Section ignored.
### mwldeppc.exe Linker Warning:
#   Section '.ignored' is unknown. Section ignored.
### mwldeppc.exe Linker Warning:
#   Section '.ignored' is unknown. Section ignored.
### mwldeppc.exe Linker Warning:
#   Section '.ignored' is unknown. Section ignored.
### mwldeppc.exe Linker Warning:
#   Section '.ignored' is unknown. Section ignored.
### mwldeppc.exe Linker Warning:
#   Section '.ignored' is unknown. Section ignored.
### mwldeppc.exe Linker Warning:
#   Section '.ignored' is unknown. Section ignored.
### mwldeppc.exe Linker Warning:
#   Section '.ignored' is unknown. Section ignored.
### mwldeppc.exe Linker Warning:
#   Section '.ignored' is unknown. Section ignored.
### mwldeppc.exe Linker Warning:
#   Section '.ignored' is unknown. Section ignored.
### mwldeppc.exe Linker Warning:
#   Section '.ignored' is unknown. Section ignored.
### mwldeppc.exe Linker Warning:
#   Section '.ignored' is unknown. Section ignored.
### mwldeppc.exe Linker Warning:
#   Section '.ignored' is unknown. Section ignored.
### mwldeppc.exe Linker Warning:
#   Section '.ignored' is unknown. Section ignored.
### mwldeppc.exe Linker Warning:
#   Section '.ignored' is unknown. Section ignored.
### mwldeppc.exe Linker Warning:
#   Section '.ignored' is unknown. Section ignored.
### mwldeppc.exe Linker Warning:
#   Section '.ignored' is unknown. Section ignored.
### mwldeppc.exe Linker Warning:
#   Section '.ignored' is unknown. Section ignored.
### mwldeppc.exe Linker Warning:
#   Section '.ignored' is unknown. Section ignored.
### mwldeppc.exe Linker Warning:
#   Section '.ignored' is unknown. Section ignored.
### mwldeppc.exe Linker Warning:
#   Section '.ignored' is unknown. Section ignored.
### mwldeppc.exe Linker Warning:
#   Section '.ignored' is unknown. Section ignored.
### mwldeppc.exe Linker Warning:
#   Section '.ignored' is unknown. Section ignored.
### mwldeppc.exe Linker Warning:
#   Section '.ignored' is unknown. Section ignored.
### mwldeppc.exe Linker Warning:
#   Section '.ignored' is unknown. Section ignored.
### mwldeppc.exe Linker Warning:
#   Section '.ignored' is unknown. Section ignored.
### mwldeppc.exe Linker Warning:
#   Section '.ignored' is unknown. Section ignored.
### mwldeppc.exe Linker Warning:
#   Section '.ignored' is unknown. Section ignored.
### mwldeppc.exe Linker Warning:
#   Section '.ignored' is unknown. Section ignored.
### mwldeppc.exe Linker Warning:
#   Section '.ignored' is unknown. Section ignored.
### mwldeppc.exe Linker Warning:
#   Section '.ignored' is unknown. Section ignored.
### mwldeppc.exe Linker Warning:
#   Section '.ignored' is unknown. Section ignored.
### mwldeppc.exe Linker Warning:
#   Section '.ignored' is unknown. Section ignored.
### mwldeppc.exe Linker Warning:
#   Section '.ignored' is unknown. Section ignored.
### mwldeppc.exe Linker Warning:
#   Section '.ignored' is unknown. Section ignored.
### mwldeppc.exe Linker Warning:
#   Section '.ignored' is unknown. Section ignored.
### mwldeppc.exe Linker Warning:
#   Section '.ignored' is unknown. Section ignored.
### mwldeppc.exe Linker Warning:
#   Section '.ignored' is unknown. Section ignored.
### mwldeppc.exe Linker Warning:
#   Section '.ignored' is unknown. Section ignored.
### mwldeppc.exe Linker Warning:
#   Section '.ignored' is unknown. Section ignored.
### mwldeppc.exe Linker Warning:
#   Section '.ignored' is unknown. Section ignored.
### mwldeppc.exe Linker Warning:
#   Section '.ignored' is unknown. Section ignored.
### mwldeppc.exe Linker Warning:
#   Section '.ignored' is unknown. Section ignored.
### mwldeppc.exe Linker Warning:
#   Section '.ignored' is unknown. Section ignored.
### mwldeppc.exe Linker Warning:
#   Section '.ignored' is unknown. Section ignored.
### mwldeppc.exe Linker Warning:
#   Section '.ignored' is unknown. Section ignored.
### mwldeppc.exe Linker Warning:
#   Section '.ignored' is unknown. Section ignored.
### mwldeppc.exe Linker Warning:
#   Section '.ignored' is unknown. Section ignored.
### mwldeppc.exe Linker Warning:
#   Section '.ignored' is unknown. Section ignored.
### mwldeppc.exe Linker Warning:
#   Section '.ignored' is unknown. Section ignored.
### mwldeppc.exe Linker Warning:
#   Section '.ignored' is unknown. Section ignored.
### mwldeppc.exe Linker Warning:
#   Section '.ignored' is unknown. Section ignored.
### mwldeppc.exe Linker Warning:
#   Section '.ignored' is unknown. Section ignored.
### mwldeppc.exe Linker Warning:
#   Section '.ignored' is unknown. Section ignored.
### mwldeppc.exe Linker Warning:
#   Section '.ignored' is unknown. Section ignored.
### mwldeppc.exe Linker Warning:
#   Section '.ignored' is unknown. Section ignored.
### mwldeppc.exe Linker Warning:
#   Section '.ignored' is unknown. Section ignored.
### mwldeppc.exe Linker Warning:
#   Section '.ignored' is unknown. Section ignored.
### mwldeppc.exe Linker Warning:
#   Section '.ignored' is unknown. Section ignored.
### mwldeppc.exe Linker Warning:
#   Section '.ignored' is unknown. Section ignored.
### mwldeppc.exe Linker Warning:
#   Section '.ignored' is unknown. Section ignored.
### mwldeppc.exe Linker Warning:
#   Section '.ignored' is unknown. Section ignored.
### mwldeppc.exe Linker Warning:
#   Section '.ignored' is unknown. Section ignored.
### mwldeppc.exe Linker Warning:
#   Section '.ignored' is unknown. Section ignored.
### mwldeppc.exe Linker Warning:
#   Section '.ignored' is unknown. Section ignored.
### mwldeppc.exe Linker Warning:
#   Section '.ignored' is unknown. Section ignored.
### mwldeppc.exe Linker Warning:
#   Section '.ignored' is unknown. Section ignored.
### mwldeppc.exe Linker Warning:
#   Section '.ignored' is unknown. Section ignored.
### mwldeppc.exe Linker Warning:
#   Section '.ignored' is unknown. Section ignored.
### mwldeppc.exe Linker Warning:
#   Section '.ignored' is unknown. Section ignored.
### mwldeppc.exe Linker Warning:
#   Section '.ignored' is unknown. Section ignored.
### mwldeppc.exe Linker Warning:
#   Section '.ignored' is unknown. Section ignored.
### mwldeppc.exe Linker Warning:
#   Section '.ignored' is unknown. Section ignored.
### mwldeppc.exe Linker Warning:
#   Section '.ignored' is unknown. Section ignored.
### mwldeppc.exe Linker Warning:
#   Section '.ignored' is unknown. Section ignored.
### mwldeppc.exe Linker Warning:
#   Section '.ignored' is unknown. Section ignored.
### mwldeppc.exe Linker Warning:
#   Section '.ignored' is unknown. Section ignored.
### mwldeppc.exe Linker Warning:
#   Section '.ignored' is unknown. Section ignored.
### mwldeppc.exe Linker Warning:
#   Section '.ignored' is unknown. Section ignored.
### mwldeppc.exe Linker Warning:
#   Section '.ignored' is unknown. Section ignored.
### mwldeppc.exe Linker Warning:
#   Section '.ignored' is unknown. Section ignored.
### mwldeppc.exe Linker Warning:
#   Section '.ignored' is unknown. Section ignored.
### mwldeppc.exe Linker Warning:
#   Section '.ignored' is unknown. Section ignored.
### mwldeppc.exe Linker Warning:
#   Section '.ignored' is unknown. Section ignored.
### mwldeppc.exe Linker Warning:
#   Section '.ignored' is unknown. Section ignored.
### mwldeppc.exe Linker Warning:
#   Section '.ignored' is unknown. Section ignored.
### mwldeppc.exe Linker Warning:
#   Section '.ignored' is unknown. Section ignored.
### mwldeppc.exe Linker Warning:
#   Section '.ignored' is unknown. Section ignored.
### mwldeppc.exe Linker Warning:
#   Section '.ignored' is unknown. Section ignored.
### mwldeppc.exe Linker Warning:
#   Section '.ignored' is unknown. Section ignored.
### mwldeppc.exe Linker Warning:
#   Section '.ignored' is unknown. Section ignored.
### mwldeppc.exe Linker Warning:
#   Section '.ignored' is unknown. Section ignored.
### mwldeppc.exe Linker Warning:
#   Section '.ignored' is unknown. Section ignored.
### mwldeppc.exe Linker Warning:
#   Section '.ignored' is unknown. Section ignored.
### mwldeppc.exe Linker Warning:
#   Section '.ignored' is unknown. Section ignored.
### mwldeppc.exe Linker Warning:
#   Section '.ignored' is unknown. Section ignored.
### mwldeppc.exe Linker Warning:
#   Section '.ignored' is unknown. Section ignored.
### mwldeppc.exe Linker Warning:
#   Section '.ignored' is unknown. Section ignored.
### mwldeppc.exe Linker Warning:
#   Section '.ignored' is unknown. Section ignored.
### mwldeppc.exe Linker Warning:
#   Section '.ignored' is unknown. Section ignored.
### mwldeppc.exe Linker Warning:
#   Section '.ignored' is unknown. Section ignored.
### mwldeppc.exe Linker Warning:
#   Section '.ignored' is unknown. Section ignored.
### mwldeppc.exe Linker Warning:
#   Section '.ignored' is unknown. Section ignored.
### mwldeppc.exe Linker Warning:
#   Section '.ignored' is unknown. Section ignored.
### mwldeppc.exe Linker Warning:
#   Section '.ignored' is unknown. Section ignored.
### mwldeppc.exe Linker Warning:
#   Section '.ignored' is unknown. Section ignored.
### mwldeppc.exe Linker Warning:
#   Section '.ignored' is unknown. Section ignored.
### mwldeppc.exe Linker Warning:
#   Section '.ignored' is unknown. Section ignored.
### mwldeppc.exe Linker Warning:
#   Section '.ignored' is unknown. Section ignored.
### mwldeppc.exe Linker Warning:
#   Section '.ignored' is unknown. Section ignored.
### mwldeppc.exe Linker Warning:
#   Section '.ignored' is unknown. Section ignored.
### mwldeppc.exe Linker Warning:
#   Section '.ignored' is unknown. Section ignored.
### mwldeppc.exe Linker Warning:
#   Section '.ignored' is unknown. Section ignored.
### mwldeppc.exe Linker Warning:
#   Section '.ignored' is unknown. Section ignored.
### mwldeppc.exe Linker Warning:
#   Section '.ignored' is unknown. Section ignored.
### mwldeppc.exe Linker Warning:
#   Section '.ignored' is unknown. Section ignored.
### mwldeppc.exe Linker Warning:
#   Section '.ignored' is unknown. Section ignored.
### mwldeppc.exe Linker Warning:
#   Section '.ignored' is unknown. Section ignored.
### mwldeppc.exe Linker Warning:
#   Section '.ignored' is unknown. Section ignored.
### mwldeppc.exe Linker Warning:
#   Section '.ignored' is unknown. Section ignored.
### mwldeppc.exe Linker Warning:
#   Section '.ignored' is unknown. Section ignored.
### mwldeppc.exe Linker Warning:
#   Section '.ignored' is unknown. Section ignored.
### mwldeppc.exe Linker Warning:
#   Section '.ignored' is unknown. Section ignored.
### mwldeppc.exe Linker Warning:
#   Section '.ignored' is unknown. Section ignored.
### mwldeppc.exe Linker Warning:
#   Section '.ignored' is unknown. Section ignored.
### mwldeppc.exe Linker Warning:
#   Section '.ignored' is unknown. Section ignored.
### mwldeppc.exe Linker Warning:
#   Section '.ignored' is unknown. Section ignored.
### mwldeppc.exe Linker Warning:
#   Section '.ignored' is unknown. Section ignored.
### mwldeppc.exe Linker Warning:
#   Section '.ignored' is unknown. Section ignored.
### mwldeppc.exe Linker Warning:
#   Section '.ignored' is unknown. Section ignored.
### mwldeppc.exe Linker Warning:
#   Section '.ignored' is unknown. Section ignored.
### mwldeppc.exe Linker Warning:
#   Section '.ignored' is unknown. Section ignored.
### mwldeppc.exe Linker Warning:
#   Section '.ignored' is unknown. Section ignored.
### mwldeppc.exe Linker Warning:
#   Section '.ignored' is unknown. Section ignored.
### mwldeppc.exe Linker Warning:
#   Section '.ignored' is unknown. Section ignored.
### mwldeppc.exe Linker Warning:
#   Section '.ignored' is unknown. Section ignored.
### mwldeppc.exe Linker Warning:
#   Section '.ignored' is unknown. Section ignored.
### mwldeppc.exe Linker Warning:
#   Section '.ignored' is unknown. Section ignored.
### mwldeppc.exe Linker Warning:
#   Section '.ignored' is unknown. Section ignored.
### mwldeppc.exe Linker Warning:
#   Section '.ignored' is unknown. Section ignored.
### mwldeppc.exe Linker Warning:
#   Section '.ignored' is unknown. Section ignored.
### mwldeppc.exe Linker Warning:
#   Section '.ignored' is unknown. Section ignored.
### mwldeppc.exe Linker Warning:
#   Section '.ignored' is unknown. Section ignored.
### mwldeppc.exe Linker Warning:
#   Section '.ignored' is unknown. Section ignored.
### mwldeppc.exe Linker Warning:
#   Section '.ignored' is unknown. Section ignored.
### mwldeppc.exe Linker Warning:
#   Section '.ignored' is unknown. Section ignored.
### mwldeppc.exe Linker Warning:
#   Section '.ignored' is unknown. Section ignored.
### mwldeppc.exe Linker Warning:
#   Section '.ignored' is unknown. Section ignored.
### mwldeppc.exe Linker Warning:
#   Section '.ignored' is unknown. Section ignored.
### mwldeppc.exe Linker Warning:
#   Section '.ignored' is unknown. Section ignored.
### mwldeppc.exe Linker Warning:
#   Section '.ignored' is unknown. Section ignored.
### mwldeppc.exe Linker Warning:
#   Section '.ignored' is unknown. Section ignored.
### mwldeppc.exe Linker Warning:
#   Section '.ignored' is unknown. Section ignored.
### mwldeppc.exe Linker Warning:
#   Section '.ignored' is unknown. Section ignored.
### mwldeppc.exe Linker Warning:
#   Section '.ignored' is unknown. Section ignored.
### mwldeppc.exe Linker Warning:
#   Section '.ignored' is unknown. Section ignored.
### mwldeppc.exe Linker Warning:
#   Section '.ignored' is unknown. Section ignored.
### mwldeppc.exe Linker Warning:
#   Section '.ignored' is unknown. Section ignored.
### mwldeppc.exe Linker Warning:
#   Section '.ignored' is unknown. Section ignored.
### mwldeppc.exe Linker Warning:
#   Section '.ignored' is unknown. Section ignored.
### mwldeppc.exe Linker Warning:
#   Section '.ignored' is unknown. Section ignored.
### mwldeppc.exe Linker Warning:
#   Section '.ignored' is unknown. Section ignored.
### mwldeppc.exe Linker Warning:
#   Section '.ignored' is unknown. Section ignored.
### mwldeppc.exe Linker Warning:
#   Section '.ignored' is unknown. Section ignored.
### mwldeppc.exe Linker Warning:
#   Section '.ignored' is unknown. Section ignored.
### mwldeppc.exe Linker Warning:
#   Section '.ignored' is unknown. Section ignored.
### mwldeppc.exe Linker Warning:
#   Section '.ignored' is unknown. Section ignored.
### mwldeppc.exe Linker Warning:
#   Section '.ignored' is unknown. Section ignored.
### mwldeppc.exe Linker Warning:
#   Section '.ignored' is unknown. Section ignored.
### mwldeppc.exe Linker Warning:
#   Section '.ignored' is unknown. Section ignored.
### mwldeppc.exe Linker Warning:
#   Section '.ignored' is unknown. Section ignored.
### mwldeppc.exe Linker Warning:
#   Section '.ignored' is unknown. Section ignored.
### mwldeppc.exe Linker Warning:
#   Section '.ignored' is unknown. Section ignored.
### mwldeppc.exe Linker Warning:
#   Section '.ignored' is unknown. Section ignored.
### mwldeppc.exe Linker Warning:
#   Section '.ignored' is unknown. Section ignored.
### mwldeppc.exe Linker Warning:
#   Section '.ignored' is unknown. Section ignored.
### mwldeppc.exe Linker Warning:
#   Section '.ignored' is unknown. Section ignored.
### mwldeppc.exe Linker Warning:
#   Section '.ignored' is unknown. Section ignored.
### mwldeppc.exe Linker Warning:
#   Section '.ignored' is unknown. Section ignored.
### mwldeppc.exe Linker Warning:
#   Section '.ignored' is unknown. Section ignored.
### mwldeppc.exe Linker Warning:
#   Section '.ignored' is unknown. Section ignored.
### mwldeppc.exe Linker Warning:
#   Section '.ignored' is unknown. Section ignored.
### mwldeppc.exe Linker Warning:
#   Section '.ignored' is unknown. Section ignored.
[972/975] DOL build/GEDE01/main.dol
[973/975] CHECK config/GEDE01/build.sha1
build/GEDE01/main.dol: OK
[974/975] PROGRESS
Progress:
  All: 61.12% fuzzy, 51.98% matched, 51.90% linked (6398 / 7091 files)
    Code: 1195804 / 2300692 bytes (6165 / 8214 functions)
    Data: 39886 / 4305642 bytes (0.93%)
  Game Code: 98.03% fuzzy, 83.32% matched, 83.20% linked (6380 / 6655 files)
    Code: 1192776 / 1431492 bytes (6103 / 6376 functions)
    Data: 39662 / 40542 bytes (97.83%)
  SDK/Runtime: 100.00% fuzzy, 100.00% matched, 100.00% linked (18 / 18 files)
    Code: 3028 / 3028 bytes (62 / 62 functions)
    Data: 224 / 224 bytes (100.00%)
