[1/2] SPLIT config/GEDE01/config.yml
 INFO Loading config/GEDE01/config.yml
 INFO Loading and analyzing 1 module (using 1 thread)
 INFO Initial analysis completed in 1.107s (found 8214 functions)
 INFO Rebuilding relocations and splitting
 WARN module{name=main id=0}: Alignment for game/game_fn_80050A7C.c .rodata expected 8, but starts at 6:0x80238F04
 WARN module{name=main id=0}: Alignment for game/game_fn_80057E3C.c .rodata expected 8, but starts at 6:0x80238FBC
 WARN module{name=main id=0}: Alignment for game/game_data_80239044.c .rodata expected 8, but starts at 6:0x80239044
 WARN module{name=main id=0}: Alignment for game/game_data_80239054.c .rodata expected 8, but starts at 6:0x80239054
 WARN module{name=main id=0}: Alignment for game/game_data_8023906C.c .rodata expected 8, but starts at 6:0x8023906C
 WARN module{name=main id=0}: Alignment for game/game_data_80239084.c .rodata expected 8, but starts at 6:0x80239084
 WARN module{name=main id=0}: Alignment for game/game_data_802390B4.c .rodata expected 8, but starts at 6:0x802390B4
 WARN module{name=main id=0}: Alignment for game/game_data_802390D4.c .rodata expected 8, but starts at 6:0x802390D4
 WARN module{name=main id=0}: Alignment for game/game_data_802390EC.c .rodata expected 8, but starts at 6:0x802390EC
 WARN module{name=main id=0}: Alignment for game/game_data_80239194.c .rodata expected 8, but starts at 6:0x80239194
 WARN module{name=main id=0}: Alignment for game/game_data_802391C4.c .rodata expected 8, but starts at 6:0x802391C4
 WARN module{name=main id=0}: Alignment for game/game_data_802393CC.c .rodata expected 8, but starts at 6:0x802393CC
 WARN module{name=main id=0}: Alignment for game/game_data_802393E4.c .rodata expected 8, but starts at 6:0x802393E4
 WARN module{name=main id=0}: Alignment for game/game_data_802393FC.c .rodata expected 8, but starts at 6:0x802393FC
 WARN module{name=main id=0}: Alignment for game/game_data_80239414.c .rodata expected 8, but starts at 6:0x80239414
 WARN module{name=main id=0}: Alignment for game/game_data_8023945C.c .rodata expected 8, but starts at 6:0x8023945C
 WARN module{name=main id=0}: Alignment for game/game_data_8023953C.c .rodata expected 8, but starts at 6:0x8023953C
 WARN module{name=main id=0}: Alignment for game/game_data_80239554.c .rodata expected 8, but starts at 6:0x80239554
 WARN module{name=main id=0}: Alignment for game/game_data_8023963C.c .rodata expected 8, but starts at 6:0x8023963C
 WARN module{name=main id=0}: Alignment for game/game_data_80239654.c .rodata expected 8, but starts at 6:0x80239654
 WARN module{name=main id=0}: Alignment for game/game_data_8023966C.c .rodata expected 8, but starts at 6:0x8023966C
 WARN module{name=main id=0}: Alignment for game/game_data_80239694.c .rodata expected 8, but starts at 6:0x80239694
 WARN module{name=main id=0}: Alignment for game/game_data_802396BC.c .rodata expected 8, but starts at 6:0x802396BC
 WARN module{name=main id=0}: Alignment for game/game_data_802396D4.c .rodata expected 8, but starts at 6:0x802396D4
 WARN module{name=main id=0}: Alignment for game/game_data_8023972C.c .rodata expected 8, but starts at 6:0x8023972C
 WARN module{name=main id=0}: Alignment for game/game_data_8023975C.c .rodata expected 8, but starts at 6:0x8023975C
 WARN module{name=main id=0}: Alignment for game/game_data_8023979C.c .rodata expected 8, but starts at 6:0x8023979C
 WARN module{name=main id=0}: Alignment for game/game_data_802397BC.c .rodata expected 8, but starts at 6:0x802397BC
 WARN module{name=main id=0}: Alignment for game/game_data_8023980C.c .rodata expected 8, but starts at 6:0x8023980C
 WARN module{name=main id=0}: Alignment for game/game_data_80239824.c .rodata expected 8, but starts at 6:0x80239824
 WARN module{name=main id=0}: Alignment for game/game_data_8023983C.c .rodata expected 8, but starts at 6:0x8023983C
 WARN module{name=main id=0}: Alignment for game/game_data_80239854.c .rodata expected 8, but starts at 6:0x80239854
 WARN module{name=main id=0}: Alignment for game/game_data_8023986C.c .rodata expected 8, but starts at 6:0x8023986C
 WARN module{name=main id=0}: Alignment for game/game_data_80239884.c .rodata expected 8, but starts at 6:0x80239884
 WARN module{name=main id=0}: Alignment for game/game_data_8023989C.c .rodata expected 8, but starts at 6:0x8023989C
 WARN module{name=main id=0}: Alignment for game/game_data_802398EC.c .rodata expected 8, but starts at 6:0x802398EC
 WARN module{name=main id=0}: Alignment for game/game_data_80239934.c .rodata expected 8, but starts at 6:0x80239934
 WARN module{name=main id=0}: Alignment for game/game_data_8023994C.c .rodata expected 8, but starts at 6:0x8023994C
 WARN module{name=main id=0}: Alignment for game/game_data_80239B24.c .rodata expected 8, but starts at 6:0x80239B24
 WARN module{name=main id=0}: Alignment for game/game_data_80239B74.c .rodata expected 8, but starts at 6:0x80239B74
 WARN module{name=main id=0}: Alignment for game/game_data_80239B8C.c .rodata expected 8, but starts at 6:0x80239B8C
 WARN module{name=main id=0}: Alignment for game/game_data_80239CAC.c .rodata expected 8, but starts at 6:0x80239CAC
 WARN module{name=main id=0}: Alignment for game/game_data_8023A2A4.c .rodata expected 8, but starts at 6:0x8023A2A4
 WARN module{name=main id=0}: Alignment for game/game_data_8023A414.c .rodata expected 8, but starts at 6:0x8023A414
 WARN module{name=main id=0}: Alignment for game/game_data_8023A444.c .rodata expected 8, but starts at 6:0x8023A444
 WARN module{name=main id=0}: Alignment for game/game_data_8023A63C.c .rodata expected 8, but starts at 6:0x8023A63C
 WARN module{name=main id=0}: Alignment for game/game_data_8023A69C.c .rodata expected 8, but starts at 6:0x8023A69C
 WARN module{name=main id=0}: Alignment for game/game_data_8023A6F4.c .rodata expected 8, but starts at 6:0x8023A6F4
 WARN module{name=main id=0}: Alignment for game/game_data_8023A70C.c .rodata expected 8, but starts at 6:0x8023A70C
 WARN module{name=main id=0}: Alignment for game/game_data_8023A744.c .rodata expected 8, but starts at 6:0x8023A744
 WARN module{name=main id=0}: Alignment for game/game_data_8023A76C.c .rodata expected 8, but starts at 6:0x8023A76C
 WARN module{name=main id=0}: Alignment for game/game_data_8023A994.c .rodata expected 8, but starts at 6:0x8023A994
 WARN module{name=main id=0}: Alignment for game/game_data_8023B044.c .rodata expected 8, but starts at 6:0x8023B044
 WARN module{name=main id=0}: Alignment for game/game_data_8023B05C.c .rodata expected 8, but starts at 6:0x8023B05C
 WARN module{name=main id=0}: Alignment for game/game_data_8023B094.c .rodata expected 8, but starts at 6:0x8023B094
 WARN module{name=main id=0}: Alignment for game/game_data_8023B564.c .rodata expected 8, but starts at 6:0x8023B564
 WARN module{name=main id=0}: Alignment for game/game_data_8023B5B4.c .rodata expected 8, but starts at 6:0x8023B5B4
 WARN module{name=main id=0}: Alignment for game/game_data_8023B78C.c .rodata expected 8, but starts at 6:0x8023B78C
 WARN module{name=main id=0}: Alignment for game/game_data_8023B7B4.c .rodata expected 8, but starts at 6:0x8023B7B4
 WARN module{name=main id=0}: Alignment for game/game_data_8023B7CC.c .rodata expected 8, but starts at 6:0x8023B7CC
 WARN module{name=main id=0}: Alignment for game/game_data_8023B7E4.c .rodata expected 8, but starts at 6:0x8023B7E4
 WARN module{name=main id=0}: Alignment for game/game_data_8023B7FC.c .rodata expected 8, but starts at 6:0x8023B7FC
 WARN module{name=main id=0}: Alignment for game/game_data_8023B814.c .rodata expected 8, but starts at 6:0x8023B814
 WARN module{name=main id=0}: Alignment for game/game_fn_80008014.c .data expected 8, but starts at 7:0x8023BEBC
 WARN module{name=main id=0}: Alignment for game/game_fn_8000EE9C.c .data expected 8, but starts at 7:0x8023C264
 WARN module{name=main id=0}: Alignment for game/game_fn_8000EFC4.c .data expected 8, but starts at 7:0x8023C344
 WARN module{name=main id=0}: Alignment for game/game_fn_800122F8.c .data expected 8, but starts at 7:0x8023CA4C
 WARN module{name=main id=0}: Alignment for game/game_fn_80015568.c .data expected 8, but starts at 7:0x8023CAEC
 WARN module{name=main id=0}: Alignment for game/game_fn_80015BE0.c .data expected 8, but starts at 7:0x8023CB0C
 WARN module{name=main id=0}: Alignment for game/game_fn_80015D40.c .data expected 8, but starts at 7:0x8023CB2C
 WARN module{name=main id=0}: Alignment for game/game_fn_8001C078.c .data expected 8, but starts at 7:0x8023CD54
 WARN module{name=main id=0}: Alignment for game/game_fn_8001CC00.c .data expected 8, but starts at 7:0x8023CDFC
 WARN module{name=main id=0}: Alignment for game/game_fn_8001CE14.c .data expected 8, but starts at 7:0x8023CE54
 WARN module{name=main id=0}: Alignment for game/game_fn_8001D3F8.c .data expected 8, but starts at 7:0x8023CF6C
 WARN module{name=main id=0}: Alignment for game/game_fn_8001D4C4.c .data expected 8, but starts at 7:0x8023CF7C
 WARN module{name=main id=0}: Alignment for game/game_data_8023D77C.c .data expected 8, but starts at 7:0x8023D77C
 WARN module{name=main id=0}: Alignment for game/game_data_8023D884.c .data expected 8, but starts at 7:0x8023D884
 WARN module{name=main id=0}: Alignment for game/game_fn_8001E644.c .data expected 8, but starts at 7:0x8023D8D4
 WARN module{name=main id=0}: Alignment for game/game_data_8023DA2C.c .data expected 8, but starts at 7:0x8023DA2C
 WARN module{name=main id=0}: Alignment for game/game_data_8023DAB4.c .data expected 8, but starts at 7:0x8023DAB4
 WARN module{name=main id=0}: Alignment for game/game_data_8023DD84.c .data expected 8, but starts at 7:0x8023DD84
 WARN module{name=main id=0}: Alignment for game/game_data_8023DFAC.c .data expected 8, but starts at 7:0x8023DFAC
 WARN module{name=main id=0}: Alignment for game/game_data_8023E154.c .data expected 8, but starts at 7:0x8023E154
 WARN module{name=main id=0}: Alignment for game/game_fn_80028E88.c .data expected 8, but starts at 7:0x8023E31C
 WARN module{name=main id=0}: Alignment for game/game_data_8023E388.c .data expected 8, but starts at 7:0x8023E384
 WARN module{name=main id=0}: Alignment for game/game_data_8023E410.c .data expected 8, but starts at 7:0x8023E40C
 WARN module{name=main id=0}: Alignment for game/game_fn_80037AF4.c .data expected 8, but starts at 7:0x8023E674
 WARN module{name=main id=0}: Alignment for game/game_data_8023ECBC.c .data expected 8, but starts at 7:0x8023ECBC
 WARN module{name=main id=0}: Alignment for game/game_data_8023EE94.c .data expected 8, but starts at 7:0x8023EE94
 WARN module{name=main id=0}: Alignment for game/game_data_8023EEE4.c .data expected 8, but starts at 7:0x8023EEE4
 WARN module{name=main id=0}: Alignment for game/game_data_8023EF34.c .data expected 8, but starts at 7:0x8023EF34
 WARN module{name=main id=0}: Alignment for game/game_data_8023EF84.c .data expected 8, but starts at 7:0x8023EF84
 WARN module{name=main id=0}: Alignment for game/game_data_8023F204.c .data expected 8, but starts at 7:0x8023F204
 WARN module{name=main id=0}: Alignment for game/game_data_8023F49C.c .data expected 8, but starts at 7:0x8023F49C
 WARN module{name=main id=0}: Alignment for game/game_data_8023F6AC.c .data expected 8, but starts at 7:0x8023F6AC
 WARN module{name=main id=0}: Alignment for game/game_data_8023F7C4.c .data expected 8, but starts at 7:0x8023F7C4
 WARN module{name=main id=0}: Alignment for game/game_data_8023F904.c .data expected 8, but starts at 7:0x8023F904
 WARN module{name=main id=0}: Alignment for game/game_data_8023FA44.c .data expected 8, but starts at 7:0x8023FA44
 WARN module{name=main id=0}: Alignment for game/game_data_8023FE1C.c .data expected 8, but starts at 7:0x8023FE1C
 WARN module{name=main id=0}: Alignment for game/game_data_8023FF7C.c .data expected 8, but starts at 7:0x8023FF7C
 WARN module{name=main id=0}: Alignment for game/game_data_802400DC.c .data expected 8, but starts at 7:0x802400DC
 WARN module{name=main id=0}: Alignment for game/game_data_8024023C.c .data expected 8, but starts at 7:0x8024023C
 WARN module{name=main id=0}: Alignment for game/game_data_8024039C.c .data expected 8, but starts at 7:0x8024039C
 WARN module{name=main id=0}: Alignment for game/game_data_802404FC.c .data expected 8, but starts at 7:0x802404FC
 WARN module{name=main id=0}: Alignment for game/game_fn_80050730.c .data expected 8, but starts at 7:0x80240F94
 WARN module{name=main id=0}: Alignment for game/game_fn_8005EE9C.c .data expected 8, but starts at 7:0x80243D64
 WARN module{name=main id=0}: Alignment for game/game_fn_8005EF94.c .data expected 8, but starts at 7:0x80243D84
 WARN module{name=main id=0}: Alignment for game/game_fn_8006B620.c .data expected 8, but starts at 7:0x8024406C
 WARN module{name=main id=0}: Alignment for game/game_fn_8006F6A4.c .data expected 8, but starts at 7:0x80244394
 WARN module{name=main id=0}: Alignment for game/game_fn_800A1060.c .data expected 8, but starts at 7:0x80245634
 WARN module{name=main id=0}: Alignment for game/game_fn_800A1580.c .data expected 8, but starts at 7:0x802456D4
 WARN module{name=main id=0}: Alignment for game/game_fn_800B5F78.c .data expected 8, but starts at 7:0x8024759C
 WARN module{name=main id=0}: Alignment for game/game_fn_800B611C.c .data expected 8, but starts at 7:0x8024760C
 WARN module{name=main id=0}: Alignment for game/game_fn_800B6234.c .data expected 8, but starts at 7:0x80247674
 WARN module{name=main id=0}: Alignment for game/game_fn_800B64AC.c .data expected 8, but starts at 7:0x802476DC
 WARN module{name=main id=0}: Alignment for game/game_fn_800B6C00.c .data expected 8, but starts at 7:0x80247754
 WARN module{name=main id=0}: Alignment for game/game_fn_800B6C88.c .data expected 8, but starts at 7:0x80247784
 WARN module{name=main id=0}: Alignment for game/game_fn_800B6D10.c .data expected 8, but starts at 7:0x802477B4
 WARN module{name=main id=0}: Alignment for game/game_fn_801697AC.c .data expected 8, but starts at 7:0x8024FD9C
 WARN module{name=main id=0}: Alignment for game/game_fn_8017B4F4.c .data expected 8, but starts at 7:0x80250F44
 WARN module{name=main id=0}: Alignment for game/game_data_80060C28.c .sdata2 expected 8, but starts at 11:0x8064E5F4
 INFO Splitting completed in 4.496s (wrote 7090 objects)
 INFO Total time: 5.618s
[2/2] RUN configure.py
[1/976] MWCC build/GEDE01/src/game/game_fn_800094C0.o
[2/976] MWCC build/GEDE01/src/game/game_fn_80008014.o
[3/976] MWCC build/GEDE01/src/game/game_fn_800096E0.o
[4/976] MWCC build/GEDE01/src/game/game_fn_800098C0.o
[5/976] MWCC build/GEDE01/src/game/game_fn_800099D8.o
[6/976] MWCC build/GEDE01/src/game/game_fn_80009AB4.o
[7/976] MWCC build/GEDE01/src/game/game_fn_8000AC88.o
[8/976] MWCC build/GEDE01/src/game/game_fn_8000A26C.o
[9/976] MWCC build/GEDE01/src/game/game_fn_8000AEB4.o
[10/976] MWCC build/GEDE01/src/game/game_fn_8000AFB4.o
[11/976] MWCC build/GEDE01/src/game/game_fn_8000B36C.o
[12/976] MWCC build/GEDE01/src/game/game_fn_8000B1B8.o
[13/976] MWCC build/GEDE01/src/game/game_fn_8000B630.o
[14/976] MWCC build/GEDE01/src/game/game_fn_8000B7FC.o
[15/976] MWCC build/GEDE01/src/game/game_fn_8000B900.o
[16/976] MWCC build/GEDE01/src/game/game_fn_8000BA0C.o
[17/976] MWCC build/GEDE01/src/game/game_fn_8000BAA0.o
[18/976] MWCC build/GEDE01/src/game/game_fn_8000BC40.o
[19/976] MWCC build/GEDE01/src/game/game_fn_8000C06C.o
[20/976] MWCC build/GEDE01/src/game/game_fn_8000C17C.o
[21/976] MWCC build/GEDE01/src/game/game_fn_8000C400.o
[22/976] MWCC build/GEDE01/src/game/game_fn_8000C848.o
[23/976] MWCC build/GEDE01/src/game/game_fn_8000C91C.o
[24/976] MWCC build/GEDE01/src/game/game_fn_8000D0BC.o
[25/976] MWCC build/GEDE01/src/game/game_fn_8000D3D4.o
[26/976] MWCC build/GEDE01/src/game/game_fn_8000D590.o
[27/976] MWCC build/GEDE01/src/game/game_fn_8000D8A4.o
[28/976] MWCC build/GEDE01/src/game/game_fn_8000DA50.o
[29/976] MWCC build/GEDE01/src/game/game_fn_8000DAF4.o
[30/976] MWCC build/GEDE01/src/game/game_fn_8000E054.o
[31/976] MWCC build/GEDE01/src/game/game_fn_8000E0AC.o
[32/976] MWCC build/GEDE01/src/game/game_fn_8000E138.o
[33/976] MWCC build/GEDE01/src/game/game_fn_8000E1C4.o
[34/976] MWCC build/GEDE01/src/game/game_fn_8000E96C.o
[35/976] MWCC build/GEDE01/src/game/game_fn_8000EB14.o
[36/976] MWCC build/GEDE01/src/game/game_fn_8000EBD4.o
[37/976] MWCC build/GEDE01/src/game/game_fn_8000ED44.o
[38/976] MWCC build/GEDE01/src/game/game_fn_8000EFC4.o
[39/976] MWCC build/GEDE01/src/game/game_fn_8000F4B0.o
[40/976] MWCC build/GEDE01/src/game/game_fn_8000F774.o
[41/976] MWCC build/GEDE01/src/game/game_fn_8000FDE8.o
[42/976] MWCC build/GEDE01/src/game/game_fn_8000FFD8.o
[43/976] MWCC build/GEDE01/src/game/game_fn_800119FC.o
[44/976] MWCC build/GEDE01/src/game/game_fn_80012DA8.o
[45/976] MWCC build/GEDE01/src/game/game_fn_80012F40.o
[46/976] MWCC build/GEDE01/src/game/game_fn_80012FD0.o
[47/976] MWCC build/GEDE01/src/game/game_fn_800131E8.o
[48/976] MWCC build/GEDE01/src/game/game_fn_80013340.o
[49/976] MWCC build/GEDE01/src/game/game_fn_80013870.o
[50/976] MWCC build/GEDE01/src/game/game_fn_80013CB0.o
[51/976] MWCC build/GEDE01/src/game/game_fn_80013D54.o
[52/976] MWCC build/GEDE01/src/game/game_fn_800142DC.o
[53/976] MWCC build/GEDE01/src/game/game_fn_800144CC.o
[54/976] MWCC build/GEDE01/src/game/game_fn_80014784.o
[55/976] MWCC build/GEDE01/src/game/game_fn_800149D4.o
[56/976] MWCC build/GEDE01/src/game/game_fn_80015058.o
[57/976] MWCC build/GEDE01/src/game/game_fn_80015320.o
[58/976] MWCC build/GEDE01/src/game/game_fn_80015568.o
[59/976] MWCC build/GEDE01/src/game/game_fn_800156FC.o
[60/976] MWCC build/GEDE01/src/game/game_fn_80015BE0.o
[61/976] MWCC build/GEDE01/src/game/game_fn_80015D40.o
[62/976] MWCC build/GEDE01/src/game/game_fn_80015F04.o
[63/976] MWCC build/GEDE01/src/game/game_fn_80016128.o
[64/976] MWCC build/GEDE01/src/game/game_fn_80016270.o
[65/976] MWCC build/GEDE01/src/game/game_fn_80016904.o
[66/976] MWCC build/GEDE01/src/game/game_fn_80016B24.o
[67/976] MWCC build/GEDE01/src/game/game_fn_800171C0.o
[68/976] MWCC build/GEDE01/src/game/game_fn_800173CC.o
[69/976] MWCC build/GEDE01/src/game/game_fn_800176F0.o
[70/976] MWCC build/GEDE01/src/game/game_fn_80017910.o
[71/976] MWCC build/GEDE01/src/game/game_fn_800179AC.o
[72/976] MWCC build/GEDE01/src/game/game_fn_80017A3C.o
[73/976] MWCC build/GEDE01/src/game/game_fn_80017AE4.o
[74/976] MWCC build/GEDE01/src/game/game_fn_80017CC8.o
[75/976] MWCC build/GEDE01/src/game/game_fn_80017C3C.o
[76/976] MWCC build/GEDE01/src/game/game_fn_80017DB0.o
[77/976] MWCC build/GEDE01/src/game/game_fn_80018EF4.o
[78/976] MWCC build/GEDE01/src/game/game_fn_80019054.o
[79/976] MWCC build/GEDE01/src/game/game_fn_80019244.o
[80/976] MWCC build/GEDE01/src/game/game_fn_800194D0.o
[81/976] MWCC build/GEDE01/src/game/game_fn_80019940.o
[82/976] MWCC build/GEDE01/src/game/game_fn_80019C10.o
[83/976] MWCC build/GEDE01/src/game/game_fn_80019D2C.o
[84/976] MWCC build/GEDE01/src/game/game_fn_80019F98.o
[85/976] MWCC build/GEDE01/src/game/game_fn_8001A6C4.o
[86/976] MWCC build/GEDE01/src/game/game_fn_8001AAB8.o
[87/976] MWCC build/GEDE01/src/game/game_fn_8001ADF8.o
[88/976] MWCC build/GEDE01/src/game/game_fn_8001AF68.o
[89/976] MWCC build/GEDE01/src/game/game_fn_8001B124.o
[90/976] MWCC build/GEDE01/src/game/game_fn_8001B294.o
[91/976] MWCC build/GEDE01/src/game/game_fn_8001B808.o
[92/976] MWCC build/GEDE01/src/game/game_fn_8001B874.o
[93/976] MWCC build/GEDE01/src/game/game_fn_8001C078.o
[94/976] MWCC build/GEDE01/src/game/game_fn_8001CA04.o
[95/976] MWCC build/GEDE01/src/game/game_fn_8001CD58.o
[96/976] MWCC build/GEDE01/src/game/game_fn_8001CE94.o
[97/976] MWCC build/GEDE01/src/game/game_fn_8001E644.o
[98/976] MWCC build/GEDE01/src/game/game_fn_8001FE1C.o
[99/976] MWCC build/GEDE01/src/game/game_fn_80020E94.o
[100/976] MWCC build/GEDE01/src/game/game_fn_80024F28.o
[101/976] MWCC build/GEDE01/src/game/game_fn_800272B4.o
[102/976] MWCC build/GEDE01/src/game/game_fn_8002B748.o
[103/976] MWCC build/GEDE01/src/game/game_fn_8002DAE0.o
[104/976] MWCC build/GEDE01/src/game/game_fn_8002E3F0.o
[105/976] MWCC build/GEDE01/src/game/game_fn_8002EA68.o
[106/976] MWCC build/GEDE01/src/game/game_fn_8002F428.o
[107/976] MWCC build/GEDE01/src/game/game_fn_80031544.o
[108/976] MWCC build/GEDE01/src/game/game_fn_8003232C.o
[109/976] MWCC build/GEDE01/src/game/game_fn_80032B84.o
[110/976] MWCC build/GEDE01/src/game/game_fn_80033038.o
[111/976] MWCC build/GEDE01/src/game/game_fn_80033180.o
[112/976] MWCC build/GEDE01/src/game/game_fn_800359A0.o
[113/976] MWCC build/GEDE01/src/game/game_fn_800361F8.o
[114/976] MWCC build/GEDE01/src/game/game_fn_80036C40.o
[115/976] MWCC build/GEDE01/src/game/game_fn_80038878.o
[116/976] MWCC build/GEDE01/src/game/game_fn_80048ADC.o
[117/976] MWCC build/GEDE01/src/game/game_fn_80048B24.o
[118/976] MWCC build/GEDE01/src/game/game_fn_8004998C.o
[119/976] MWCC build/GEDE01/src/game/game_fn_80050B08.o
[120/976] MWCC build/GEDE01/src/game/game_fn_80052310.o
[121/976] MWCC build/GEDE01/src/game/game_fn_800542D0.o
[122/976] MWCC build/GEDE01/src/game/game_fn_8005EC6C.o
[123/976] MWCC build/GEDE01/src/game/game_fn_8005EE9C.o
[124/976] MWCC build/GEDE01/src/game/game_fn_8005EF94.o
[125/976] MWCC build/GEDE01/src/game/game_data_80239E10.o
[126/976] MWCC build/GEDE01/src/game/game_data_80239E18.o
[127/976] MWCC build/GEDE01/src/game/game_fn_8005FD84.o
[128/976] MWCC build/GEDE01/src/game/game_fn_80066888.o
[129/976] MWCC build/GEDE01/src/game/game_fn_8006B0F0.o
[130/976] MWCC build/GEDE01/src/game/game_fn_80066E78.o
[131/976] MWCC build/GEDE01/src/game/game_fn_8006E53C.o
[132/976] MWCC build/GEDE01/src/game/game_fn_8006B620.o
[133/976] MWCC build/GEDE01/src/game/game_fn_80071A58.o
[134/976] MWCC build/GEDE01/src/game/game_fn_80074310.o
[135/976] MWCC build/GEDE01/src/game/game_fn_80078500.o
[136/976] MWCC build/GEDE01/src/game/game_fn_80079908.o
[137/976] MWCC build/GEDE01/src/game/game_fn_80079AA4.o
[138/976] MWCC build/GEDE01/src/game/game_fn_8007B2F4.o
[139/976] MWCC build/GEDE01/src/game/game_fn_8007B640.o
[140/976] MWCC build/GEDE01/src/game/game_fn_8007B540.o
[141/976] MWCC build/GEDE01/src/game/game_fn_8007B828.o
[142/976] MWCC build/GEDE01/src/game/game_fn_8007BA3C.o
[143/976] MWCC build/GEDE01/src/game/game_fn_8007D4D8.o
[144/976] MWCC build/GEDE01/src/game/game_fn_8007F770.o
[145/976] MWCC build/GEDE01/src/game/game_fn_80088060.o
[146/976] MWCC build/GEDE01/src/game/game_fn_800886D8.o
[147/976] MWCC build/GEDE01/src/game/game_fn_80088F4C.o
[148/976] MWCC build/GEDE01/src/game/game_fn_80089A34.o
[149/976] MWCC build/GEDE01/src/game/game_fn_8008A2E0.o
[150/976] MWCC build/GEDE01/src/game/game_fn_8008F224.o
[151/976] MWCC build/GEDE01/src/game/game_fn_8008F890.o
[152/976] MWCC build/GEDE01/src/game/game_fn_80090004.o
[153/976] MWCC build/GEDE01/src/game/game_fn_800934A0.o
[154/976] MWCC build/GEDE01/src/game/game_fn_80095D10.o
[155/976] MWCC build/GEDE01/src/game/game_fn_80095E64.o
[156/976] MWCC build/GEDE01/src/game/game_fn_80095FDC.o
[157/976] MWCC build/GEDE01/src/game/game_fn_80096830.o
[158/976] MWCC build/GEDE01/src/game/game_fn_8009C424.o
[159/976] MWCC build/GEDE01/src/game/game_fn_8009E808.o
[160/976] MWCC build/GEDE01/src/game/game_fn_800A2130.o
[161/976] MWCC build/GEDE01/src/game/game_fn_800A2FCC.o
[162/976] MWCC build/GEDE01/src/game/game_fn_800A2B8C.o
[163/976] MWCC build/GEDE01/src/game/game_fn_800A3894.o
[164/976] MWCC build/GEDE01/src/game/game_fn_800A3180.o
[165/976] MWCC build/GEDE01/src/game/game_fn_800A4798.o
[166/976] MWCC build/GEDE01/src/game/game_fn_800A4428.o
[167/976] MWCC build/GEDE01/src/game/game_fn_800AF230.o
[168/976] MWCC build/GEDE01/src/game/game_fn_800A7E88.o
[169/976] MWCC build/GEDE01/src/game/game_fn_800B2EC0.o
[170/976] MWCC build/GEDE01/src/game/game_fn_800BB5C4.o
[171/976] MWCC build/GEDE01/src/game/game_fn_800BB7A8.o
[172/976] MWCC build/GEDE01/src/game/game_fn_800BB9A4.o
[173/976] MWCC build/GEDE01/src/game/game_fn_800BBAF0.o
[174/976] MWCC build/GEDE01/src/game/game_fn_800C030C.o
[175/976] MWCC build/GEDE01/src/game/game_fn_800C17EC.o
[176/976] MWCC build/GEDE01/src/game/game_fn_800C59F0.o
[177/976] MWCC build/GEDE01/src/game/game_fn_800C644C.o
[178/976] MWCC build/GEDE01/src/game/game_fn_800C65FC.o
[179/976] MWCC build/GEDE01/src/game/game_fn_800C9C60.o
[180/976] MWCC build/GEDE01/src/game/game_fn_800CB760.o
[181/976] MWCC build/GEDE01/src/game/game_fn_800CB8F4.o
[182/976] MWCC build/GEDE01/src/game/game_fn_800CF598.o
[183/976] MWCC build/GEDE01/src/game/game_fn_800D9064.o
[184/976] MWCC build/GEDE01/src/game/game_fn_800D9E10.o
[185/976] MWCC build/GEDE01/src/game/game_fn_800DC4D4.o
[186/976] MWCC build/GEDE01/src/game/game_fn_800E4980.o
[187/976] MWCC build/GEDE01/src/game/game_TRKNubWelcome.o
[188/976] MWCC build/GEDE01/src/game/game_TRK_main.o
[189/976] MWCC build/GEDE01/src/game/game_InitMetroTRKCommTable.o
[190/976] MWCC build/GEDE01/src/game/game_fn_800FD0C8.o
[191/976] MWCC build/GEDE01/src/game/game_fn_8010242C.o
[192/976] MWCC build/GEDE01/src/game/game_fn_8010F184.o
[193/976] MWCC build/GEDE01/src/game/game_fn_801098C0.o
[194/976] MWCC build/GEDE01/src/game/game_fn_801128E4.o
[195/976] MWCC build/GEDE01/src/game/game_fn_801126E0.o
[196/976] MWCC build/GEDE01/src/game/game_fn_80119C70.o
[197/976] MWCC build/GEDE01/src/game/game_fn_801141B8.o
[198/976] MWCC build/GEDE01/src/game/game_fn_8011EE04.o
[199/976] MWCC build/GEDE01/src/game/game_fn_8011F140.o
[200/976] MWCC build/GEDE01/src/game/game_fn_801247F8.o
[201/976] MWCC build/GEDE01/src/game/game_fn_80126A00.o
[202/976] MWCC build/GEDE01/src/game/game_fn_8012976C.o
[203/976] MWCC build/GEDE01/src/game/game_fn_8012DB28.o
[204/976] MWCC build/GEDE01/src/game/game_fn_8013CBE4.o
[205/976] MWCC build/GEDE01/src/game/game_fn_8013D6A4.o
[206/976] MWCC build/GEDE01/src/game/game_fn_8013DB8C.o
[207/976] MWCC build/GEDE01/src/game/game_fn_8014549C.o
[208/976] MWCC build/GEDE01/src/game/game_fn_8014AF38.o
[209/976] MWCC build/GEDE01/src/game/game_fn_8014B494.o
[210/976] MWCC build/GEDE01/src/game/game_fn_8014BA14.o
[211/976] MWCC build/GEDE01/src/game/game_fn_8014CA98.o
[212/976] MWCC build/GEDE01/src/game/game_fn_80150400.o
[213/976] MWCC build/GEDE01/src/game/game_fn_80150A24.o
[214/976] MWCC build/GEDE01/src/game/game_fn_80150F20.o
[215/976] MWCC build/GEDE01/src/game/game_fn_80151600.o
[216/976] MWCC build/GEDE01/src/game/game_fn_80151D00.o
[217/976] MWCC build/GEDE01/src/game/game_fn_801535D8.o
[218/976] MWCC build/GEDE01/src/game/game_fn_80153898.o
[219/976] MWCC build/GEDE01/src/game/game_fn_80153A24.o
[220/976] MWCC build/GEDE01/src/game/game_fn_80154F74.o
[221/976] MWCC build/GEDE01/src/game/game_fn_80155814.o
[222/976] MWCC build/GEDE01/src/game/game_fn_80157C0C.o
[223/976] MWCC build/GEDE01/src/game/game_fn_80158B20.o
[224/976] MWCC build/GEDE01/src/game/game_fn_80158D38.o
[225/976] MWCC build/GEDE01/src/game/game_fn_8015DB84.o
[226/976] MWCC build/GEDE01/src/game/game_fn_8015DC54.o
[227/976] MWCC build/GEDE01/src/game/game_fn_8015EDC0.o
[228/976] MWCC build/GEDE01/src/game/game_fn_80167454.o
[229/976] MWCC build/GEDE01/src/game/game_fn_80167B5C.o
[230/976] MWCC build/GEDE01/src/game/game_fn_80169650.o
[231/976] MWCC build/GEDE01/src/game/game_fn_8016BE1C.o
[232/976] MWCC build/GEDE01/src/game/game_fn_8016BD0C.o
[233/976] MWCC build/GEDE01/src/game/game_fn_8016BF60.o
[234/976] MWCC build/GEDE01/src/game/game_fn_8016C0BC.o
[235/976] MWCC build/GEDE01/src/game/game_fn_8016C164.o
[236/976] MWCC build/GEDE01/src/game/game_fn_8016C238.o
[237/976] MWCC build/GEDE01/src/game/game_fn_8016C4BC.o
[238/976] MWCC build/GEDE01/src/game/game_fn_8016C774.o
[239/976] MWCC build/GEDE01/src/game/game_fn_8016D040.o
[240/976] MWCC build/GEDE01/src/game/game_fn_8016D1F8.o
[241/976] MWCC build/GEDE01/src/game/game_fn_8016D2B8.o
[242/976] MWCC build/GEDE01/src/game/game_fn_8016D9C0.o
[243/976] MWCC build/GEDE01/src/game/game_fn_8016DF4C.o
[244/976] MWCC build/GEDE01/src/game/game_fn_8016E8F8.o
[245/976] MWCC build/GEDE01/src/game/game_fn_8016FEF8.o
[246/976] MWCC build/GEDE01/src/game/game_fn_8017038C.o
[247/976] MWCC build/GEDE01/src/game/game_fn_801704F8.o
[248/976] MWCC build/GEDE01/src/game/game_fn_80170A40.o
[249/976] MWCC build/GEDE01/src/game/game_fn_801706DC.o
[250/976] MWCC build/GEDE01/src/game/game_fn_80170DF4.o
[251/976] MWCC build/GEDE01/src/game/game_fn_80170E9C.o
[252/976] MWCC build/GEDE01/src/game/game_fn_8017138C.o
[253/976] MWCC build/GEDE01/src/game/game_fn_80171664.o
[254/976] MWCC build/GEDE01/src/game/game_fn_801718F4.o
[255/976] MWCC build/GEDE01/src/game/game_fn_801719B4.o
[256/976] MWCC build/GEDE01/src/game/game_fn_80171F30.o
[257/976] MWCC build/GEDE01/src/game/game_fn_8017250C.o
[258/976] MWCC build/GEDE01/src/game/game_fn_801726EC.o
[259/976] MWCC build/GEDE01/src/game/game_fn_80172BB0.o
[260/976] MWCC build/GEDE01/src/game/game_fn_80172C78.o
[261/976] MWCC build/GEDE01/src/game/game_fn_80172DB8.o
[262/976] MWCC build/GEDE01/src/game/game_fn_80173270.o
[263/976] MWCC build/GEDE01/src/game/game_fn_801734B4.o
[264/976] MWCC build/GEDE01/src/game/game_fn_80173770.o
[265/976] MWCC build/GEDE01/src/game/game_fn_80173BDC.o
[266/976] MWCC build/GEDE01/src/game/game_fn_80173D44.o
[267/976] MWCC build/GEDE01/src/game/game_fn_80173F04.o
[268/976] MWCC build/GEDE01/src/game/game_fn_80174358.o
[269/976] MWCC build/GEDE01/src/game/game_fn_80174184.o
[270/976] MWCC build/GEDE01/src/game/game_fn_80174F2C.o
[271/976] MWCC build/GEDE01/src/game/game_fn_801752B0.o
[272/976] MWCC build/GEDE01/src/game/game_fn_8017553C.o
[273/976] MWCC build/GEDE01/src/game/game_fn_80175A08.o
[274/976] MWCC build/GEDE01/src/game/game_fn_80175E64.o
[275/976] MWCC build/GEDE01/src/game/game_fn_80175F0C.o
[276/976] MWCC build/GEDE01/src/game/game_fn_80175FD4.o
[277/976] MWCC build/GEDE01/src/game/game_fn_80176098.o
[278/976] MWCC build/GEDE01/src/game/game_fn_80176160.o
[279/976] MWCC build/GEDE01/src/game/game_fn_80176220.o
[280/976] MWCC build/GEDE01/src/game/game_fn_801762E8.o
[281/976] MWCC build/GEDE01/src/game/game_fn_8017652C.o
[282/976] MWCC build/GEDE01/src/game/game_fn_80176FA0.o
[283/976] MWCC build/GEDE01/src/game/game_fn_80176DF4.o
[284/976] MWCC build/GEDE01/src/game/game_fn_801770F8.o
[285/976] MWCC build/GEDE01/src/game/game_fn_8017718C.o
[286/976] MWCC build/GEDE01/src/game/game_fn_80177434.o
[287/976] MWCC build/GEDE01/src/game/game_fn_80178F88.o
[288/976] MWCC build/GEDE01/src/game/game_fn_80179398.o
[289/976] MWCC build/GEDE01/src/game/game_fn_8017960C.o
[290/976] MWCC build/GEDE01/src/game/game_fn_8017974C.o
[291/976] MWCC build/GEDE01/src/game/game_fn_80179904.o
[292/976] MWCC build/GEDE01/src/game/game_fn_80179A18.o
[293/976] MWCC build/GEDE01/src/game/game_fn_80179A74.o
[294/976] MWCC build/GEDE01/src/game/game_fn_80179EB8.o
[295/976] MWCC build/GEDE01/src/game/game_fn_80179F20.o
[296/976] MWCC build/GEDE01/src/game/game_fn_8017A010.o
[297/976] MWCC build/GEDE01/src/game/game_fn_8017A12C.o
[298/976] MWCC build/GEDE01/src/game/game_fn_8017A9B8.o
[299/976] MWCC build/GEDE01/src/game/game_fn_8017A1C0.o
[300/976] MWCC build/GEDE01/src/game/game_fn_8017E850.o
[301/976] MWCC build/GEDE01/src/game/game_fn_8017AC20.o
[302/976] MWCC build/GEDE01/src/game/game_fn_8017E958.o
[303/976] MWCC build/GEDE01/src/game/game_fn_80180DDC.o
[304/976] MWCC build/GEDE01/src/game/game_fn_801810A0.o
[305/976] MWCC build/GEDE01/src/game/game_fn_801816D4.o
[306/976] MWCC build/GEDE01/src/game/game_fn_801857B4.o
[307/976] MWCC build/GEDE01/src/game/game_fn_801859FC.o
[308/976] MWCC build/GEDE01/src/game/game_fn_80185AE8.o
[309/976] MWCC build/GEDE01/src/game/game_fn_80185F10.o
[310/976] MWCC build/GEDE01/src/game/game_fn_801861C4.o
[311/976] MWCC build/GEDE01/src/game/game_fn_801865EC.o
[312/976] MWCC build/GEDE01/src/game/game_fn_80186E10.o
[313/976] MWCC build/GEDE01/src/game/game_fn_8018680C.o
[314/976] MWCC build/GEDE01/src/game/game_fn_80186F70.o
[315/976] MWCC build/GEDE01/src/game/game_fn_80187120.o
[316/976] MWCC build/GEDE01/src/game/game_fn_80187320.o
[317/976] MWCC build/GEDE01/src/game/game_fn_801875FC.o
[318/976] MWCC build/GEDE01/src/game/game_fn_80187BB4.o
[319/976] MWCC build/GEDE01/src/game/game_fn_801878E0.o
[320/976] MWCC build/GEDE01/src/game/game_fn_80187E40.o
[321/976] MWCC build/GEDE01/src/game/game_fn_80188A7C.o
[322/976] MWCC build/GEDE01/src/game/game_fn_80188B44.o
[323/976] MWCC build/GEDE01/src/game/game_fn_80188C1C.o
[324/976] MWCC build/GEDE01/src/game/game_fn_80188E28.o
[325/976] MWCC build/GEDE01/src/game/game_fn_80189028.o
[326/976] MWCC build/GEDE01/src/game/game_fn_801891D8.o
[327/976] MWCC build/GEDE01/src/game/game_fn_80189390.o
[328/976] MWCC build/GEDE01/src/game/game_fn_801895E8.o
[329/976] MWCC build/GEDE01/src/game/game_fn_801896A0.o
[330/976] MWCC build/GEDE01/src/game/game_fn_80189760.o
[331/976] MWCC build/GEDE01/src/game/game_fn_80189968.o
[332/976] MWCC build/GEDE01/src/game/game_fn_8018C2D0.o
[333/976] MWCC build/GEDE01/src/game/game_fn_80189C14.o
[334/976] MWCC build/GEDE01/src/game/game_fn_8018D1F0.o
[335/976] MWCC build/GEDE01/src/game/game_fn_8018D2E0.o
[336/976] MWCC build/GEDE01/src/game/game_fn_8018D400.o
[337/976] MWCC build/GEDE01/src/game/game_fn_8018D688.o
[338/976] MWCC build/GEDE01/src/game/game_fn_8018DC24.o
[339/976] MWCC build/GEDE01/src/game/game_fn_8018E0D8.o
[340/976] MWCC build/GEDE01/src/game/game_fn_8018F1D0.o
[341/976] MWCC build/GEDE01/src/game/game_fn_8018F81C.o
[342/976] MWCC build/GEDE01/src/game/game_fn_8018FEDC.o
[343/976] MWCC build/GEDE01/src/game/game_fn_8019120C.o
[344/976] MWCC build/GEDE01/src/game/game_fn_80191360.o
[345/976] MWCC build/GEDE01/src/game/game_fn_801916D0.o
[346/976] MWCC build/GEDE01/src/game/game_fn_8019197C.o
[347/976] MWCC build/GEDE01/src/game/game_fn_80191F58.o
[348/976] MWCC build/GEDE01/src/game/game_fn_801926EC.o
[349/976] MWCC build/GEDE01/src/game/game_fn_801929A4.o
[350/976] MWCC build/GEDE01/src/game/game_fn_80192F54.o
[351/976] MWCC build/GEDE01/src/game/game_fn_80193E1C.o
[352/976] MWCC build/GEDE01/src/game/game_fn_801931C4.o
[353/976] MWCC build/GEDE01/src/game/game_fn_80194F80.o
[354/976] MWCC build/GEDE01/src/game/game_fn_80193F3C.o
[355/976] MWCC build/GEDE01/src/game/game_fn_80197910.o
[356/976] MWCC build/GEDE01/src/game/game_fn_801952E8.o
[357/976] MWCC build/GEDE01/src/game/game_fn_80198154.o
[358/976] MWCC build/GEDE01/src/game/game_fn_80198AAC.o
[359/976] MWCC build/GEDE01/src/game/game_fn_801991E0.o
[360/976] MWCC build/GEDE01/src/game/game_fn_80198BF4.o
[361/976] MWCC build/GEDE01/src/game/game_fn_8019B1BC.o
[362/976] MWCC build/GEDE01/src/game/game_fn_8019CC28.o
[363/976] MWCC build/GEDE01/src/game/game_fn_8019CFC4.o
[364/976] MWCC build/GEDE01/src/game/game_fn_8019E0B0.o
[365/976] MWCC build/GEDE01/src/game/game_fn_8019E5E4.o
[366/976] MWCC build/GEDE01/src/game/game_fn_8019E8C8.o
[367/976] MWCC build/GEDE01/src/game/game_fn_801A1F18.o
[368/976] MWCC build/GEDE01/src/game/game_fn_801A1F8C.o
[369/976] MWCC build/GEDE01/src/game/game_fn_801A260C.o
[370/976] MWCC build/GEDE01/src/game/game_fn_801A2A54.o
[371/976] MWCC build/GEDE01/src/game/game_fn_801A34BC.o
[372/976] MWCC build/GEDE01/src/game/game_fn_801A3A78.o
[373/976] MWCC build/GEDE01/src/game/game_fn_801A4430.o
[374/976] MWCC build/GEDE01/src/game/game_fn_801A4CE0.o
[375/976] MWCC build/GEDE01/src/game/game_fn_801A5FB0.o
[376/976] MWCC build/GEDE01/src/game/game_fn_801A6350.o
[377/976] MWCC build/GEDE01/src/game/game_fn_801A6410.o
[378/976] MWCC build/GEDE01/src/game/game_fn_801A657C.o
[379/976] MWCC build/GEDE01/src/game/game_fn_801A6ADC.o
[380/976] MWCC build/GEDE01/src/game/game_fn_801A6C58.o
[381/976] MWCC build/GEDE01/src/game/game_fn_801A6CB4.o
[382/976] MWCC build/GEDE01/src/game/game_fn_801A7E04.o
[383/976] MWCC build/GEDE01/src/game/game_fn_801A7EA8.o
[384/976] MWCC build/GEDE01/src/game/game_fn_801A93E8.o
[385/976] MWCC build/GEDE01/src/game/game_fn_801AB154.o
[386/976] MWCC build/GEDE01/src/game/game_fn_801ABD3C.o
[387/976] MWCC build/GEDE01/src/game/game_fn_801AC8AC.o
[388/976] MWCC build/GEDE01/src/game/game_fn_801ACFE8.o
[389/976] MWCC build/GEDE01/src/game/game_fn_801AD08C.o
[390/976] MWCC build/GEDE01/src/game/game_fn_801AFA74.o
[391/976] MWCC build/GEDE01/src/game/game_fn_801B02F0.o
[392/976] MWCC build/GEDE01/src/game/game_fn_801B1BA0.o
[393/976] MWCC build/GEDE01/src/game/game_fn_801B35BC.o
[394/976] MWCC build/GEDE01/src/game/game_fn_801B46C8.o
[395/976] MWCC build/GEDE01/src/game/game_fn_801B4FB4.o
[396/976] MWCC build/GEDE01/src/game/game_fn_801B5228.o
[397/976] MWCC build/GEDE01/src/game/game_fn_801B58F0.o
[398/976] MWCC build/GEDE01/src/game/game_fn_801B6F1C.o
[399/976] MWCC build/GEDE01/src/game/game_fn_801B86C0.o
[400/976] MWCC build/GEDE01/src/game/game_fn_801B941C.o
[401/976] MWCC build/GEDE01/src/game/game_fn_801B9E7C.o
[402/976] MWCC build/GEDE01/src/game/game_fn_801BA15C.o
[403/976] MWCC build/GEDE01/src/game/game_fn_801BA708.o
[404/976] MWCC build/GEDE01/src/game/game_fn_801BA94C.o
[405/976] MWCC build/GEDE01/src/game/game_fn_801BB1A0.o
[406/976] MWCC build/GEDE01/src/game/game_fn_801BC0D4.o
[407/976] MWCC build/GEDE01/src/game/game_fn_801BC240.o
[408/976] MWCC build/GEDE01/src/game/game_fn_801BC8F4.o
[409/976] MWCC build/GEDE01/src/game/game_fn_801BCC04.o
[410/976] MWCC build/GEDE01/src/game/game_fn_801BD990.o
[411/976] MWCC build/GEDE01/src/game/game_fn_801BDE7C.o
[412/976] MWCC build/GEDE01/src/game/game_fn_801BE0D4.o
[413/976] MWCC build/GEDE01/src/game/game_fn_801BEF40.o
[414/976] MWCC build/GEDE01/src/game/game_fn_801C1CB0.o
[415/976] MWCC build/GEDE01/src/game/game_fn_801C2980.o
[416/976] MWCC build/GEDE01/src/game/game_fn_801C29BC.o
[417/976] MWCC build/GEDE01/src/game/game_fn_801C2AAC.o
[418/976] MWCC build/GEDE01/src/game/game_fn_801C2D9C.o
[419/976] MWCC build/GEDE01/src/game/game_fn_801C8160.o
[420/976] MWCC build/GEDE01/src/game/game_fn_801C8224.o
[421/976] MWCC build/GEDE01/src/game/game_fn_801C4B5C.o
[422/976] MWCC build/GEDE01/src/game/game_fn_801C8600.o
[423/976] MWCC build/GEDE01/src/game/game_fn_801C87DC.o
[424/976] MWCC build/GEDE01/src/game/game_fn_801C8CC0.o
[425/976] MWCC build/GEDE01/src/game/game_fn_801C8F50.o
[426/976] MWCC build/GEDE01/src/game/game_fn_801C90A4.o
[427/976] MWCC build/GEDE01/src/game/game_fn_801C9510.o
[428/976] MWCC build/GEDE01/src/game/game_fn_801C970C.o
[429/976] MWCC build/GEDE01/src/game/game_fn_801C9A08.o
[430/976] MWCC build/GEDE01/src/game/game_fn_801C9B1C.o
[431/976] MWCC build/GEDE01/src/game/game_fn_801CB4F8.o
[432/976] MWCC build/GEDE01/src/game/game_fn_801CD228.o
[433/976] MWCC build/GEDE01/src/game/game_fn_801CE09C.o
[434/976] MWCC build/GEDE01/src/game/game_fn_801CE594.o
[435/976] MWCC build/GEDE01/src/game/game_fn_801D1B10.o
[436/976] MWCC build/GEDE01/src/game/game_fn_801D1F78.o
[437/976] MWCC build/GEDE01/src/game/game_fn_801D3988.o
[438/976] MWCC build/GEDE01/src/game/game_fn_801D73D0.o
[439/976] MWCC build/GEDE01/src/game/game_fn_801D76A8.o
[440/976] MWCC build/GEDE01/src/game/game_fn_801D7C24.o
[441/976] MWCC build/GEDE01/src/game/game_fn_801D9FE4.o
[442/976] MWCC build/GEDE01/src/game/game_fn_801D8050.o
[443/976] MWCC build/GEDE01/src/game/game_fn_801DE8B4.o
[444/976] MWCC build/GEDE01/src/game/game_fn_801DDB84.o
[445/976] MWCC build/GEDE01/src/game/game_fn_801E2A48.o
[446/976] MWCC build/GEDE01/src/game/game_fn_801E0088.o
[447/976] MWCC build/GEDE01/src/game/game_fn_801E3644.o
[448/976] MWCC build/GEDE01/src/game/game_fn_801E41AC.o
[449/976] MWCC build/GEDE01/src/game/game_fn_801E504C.o
[450/976] MWCC build/GEDE01/src/game/game_fn_801E6814.o
[451/976] MWCC build/GEDE01/src/game/game_fn_801E7014.o
[452/976] MWCC build/GEDE01/src/game/game_fn_801E995C.o
[453/976] MWCC build/GEDE01/src/game/game_fn_801EAA04.o
[454/976] MWCC build/GEDE01/src/game/game_fn_801EB09C.o
[455/976] MWCC build/GEDE01/src/game/game_fn_801EB11C.o
[456/976] MWCC build/GEDE01/src/game/game_fn_801ECD74.o
[457/976] MWCC build/GEDE01/src/game/game_fn_801ECF50.o
[458/976] MWCC build/GEDE01/src/game/game_fn_801ED5F4.o
[459/976] MWCC build/GEDE01/src/game/game_fn_801EF580.o
[460/976] MWCC build/GEDE01/src/game/game_fn_801EF910.o
[461/976] MWCC build/GEDE01/src/game/game_fn_801F0CB0.o
[462/976] MWCC build/GEDE01/src/game/game_fn_801F10BC.o
[463/976] MWCC build/GEDE01/src/game/game_fn_801F1A38.o
[464/976] MWCC build/GEDE01/src/game/game_fn_801F35A8.o
[465/976] MWCC build/GEDE01/src/game/game_fn_801F55A0.o
[466/976] MWCC build/GEDE01/src/game/game_fn_801F69F0.o
[467/976] MWCC build/GEDE01/src/game/game_fn_801F6BD8.o
[468/976] MWCC build/GEDE01/src/game/game_fn_801F7510.o
[469/976] MWCC build/GEDE01/src/game/game_fn_801F76EC.o
[470/976] MWCC build/GEDE01/src/game/game_fn_801F8264.o
[471/976] MWCC build/GEDE01/src/game/game_fn_801F89B4.o
[472/976] MWCC build/GEDE01/src/game/game_fn_801F8FAC.o
[473/976] MWCC build/GEDE01/src/game/game_fn_801F9AF8.o
[474/976] MWCC build/GEDE01/src/game/game_fn_801F9CF4.o
[475/976] MWCC build/GEDE01/src/game/game_fn_801FA9C8.o
[476/976] MWCC build/GEDE01/src/game/game_fn_801FB6A4.o
[477/976] MWCC build/GEDE01/src/game/game_fn_801FC034.o
[478/976] MWCC build/GEDE01/src/game/game_fn_801FC204.o
[479/976] AS build/GEDE01/src/Runtime.PPCEABI.H/__save_fpr.o
[480/976] AS build/GEDE01/src/Runtime.PPCEABI.H/__restore_fpr.o
[481/976] AS build/GEDE01/src/Runtime.PPCEABI.H/__save_gpr.o
[482/976] AS build/GEDE01/src/Runtime.PPCEABI.H/__restore_gpr.o
[483/976] AS build/GEDE01/src/game/game_fn_801A4874.o
[484/976] AS build/GEDE01/src/game/game_fn_801EDA68.o
[485/976] AS build/GEDE01/src/game/game_fn_801FB698.o
[486/976] AS build/GEDE01/src/game/game_fn_801FB9C8.o
[487/976] MWCC build/GEDE01/src/game/game_fn_801FFE78.o
[488/976] AS build/GEDE01/src/dolphin/base/PPCArch.o
[489/976] MWCC build/GEDE01/src/game/game_fn_80208950.o
[490/976] EXTERNALIZE build/GEDE01/src/game/game_fn_800A2B8C.o
[491/976] EXTERNALIZE build/GEDE01/src/game/game_fn_801857B4.o
[492/976] EXTERNALIZE build/GEDE01/src/game/game_fn_800DC4D4.o
[493/976] EXTERNALIZE build/GEDE01/src/game/game_fn_80119C70.o
[494/976] EXTERNALIZE STATIC POOL build/GEDE01/src/game/game_fn_80088060.o
build/GEDE01/src/game/game_fn_80088060.o: lbl_8031D3B8 now undefined; section 3 emptied
[495/976] EXTERNALIZE build/GEDE01/src/game/game_fn_80175A08.o
[496/976] EXTERNALIZE build/GEDE01/src/game/game_fn_80066E78.o
[497/976] EXTERNALIZE build/GEDE01/src/game/game_fn_801247F8.o
[498/976] EXTERNALIZE build/GEDE01/src/game/game_fn_801EF910.o
[499/976] EXTERNALIZE build/GEDE01/src/game/game_fn_801ECF50.o
[500/976] EXTERNALIZE JUMPTABLES build/GEDE01/src/game/game_fn_80050B08.o
[501/976] EXTERNALIZE build/GEDE01/src/game/game_fn_801FC204.o
[502/976] EXTERNALIZE build/GEDE01/src/game/game_fn_801EB09C.o
[503/976] EXTERNALIZE build/GEDE01/src/game/game_fn_801EB11C.o
[504/976] EXTERNALIZE build/GEDE01/src/game/game_fn_801D9FE4.o
[505/976] EXTERNALIZE build/GEDE01/src/game/game_fn_801E41AC.o
[506/976] EXTERNALIZE build/GEDE01/src/game/game_fn_801D73D0.o
[507/976] EXTERNALIZE build/GEDE01/src/game/game_fn_801D76A8.o
[508/976] EXTERNALIZE build/GEDE01/src/game/game_fn_801D8050.o
[509/976] EXTERNALIZE build/GEDE01/src/game/game_fn_801D7C24.o
[510/976] EXTERNALIZE build/GEDE01/src/game/game_fn_8019B1BC.o
[511/976] EXTERNALIZE build/GEDE01/src/game/game_fn_80178F88.o
[512/976] EXTERNALIZE build/GEDE01/src/game/game_fn_801CD228.o
[513/976] EXTERNALIZE build/GEDE01/src/game/game_fn_801C970C.o
[514/976] EXTERNALIZE build/GEDE01/src/game/game_fn_801BA15C.o
[515/976] EXTERNALIZE build/GEDE01/src/game/game_fn_801C9510.o
[516/976] EXTERNALIZE build/GEDE01/src/game/game_fn_80126A00.o
[517/976] EXTERNALIZE build/GEDE01/src/game/game_fn_8013D6A4.o
[518/976] EXTERNALIZE build/GEDE01/src/game/game_fn_800C9C60.o
[519/976] EXTERNALIZE build/GEDE01/src/game/game_fn_801B5228.o
[520/976] EXTERNALIZE build/GEDE01/src/game/game_fn_801B4FB4.o
[521/976] EXTERNALIZE build/GEDE01/src/game/game_fn_801C87DC.o
[522/976] EXTERNALIZE build/GEDE01/src/game/game_fn_801B6F1C.o
[523/976] EXTERNALIZE build/GEDE01/src/game/game_fn_801C8CC0.o
[524/976] EXTERNALIZE build/GEDE01/src/game/game_fn_800FD0C8.o
[525/976] EXTERNALIZE build/GEDE01/src/game/game_fn_801BDE7C.o
[526/976] EXTERNALIZE build/GEDE01/src/game/game_fn_801BE0D4.o
[527/976] EXTERNALIZE STATIC POOL build/GEDE01/src/game/game_fn_801C9A08.o
build/GEDE01/src/game/game_fn_801C9A08.o: lbl_80629390 now undefined; section 3 emptied
[528/976] EXTERNALIZE build/GEDE01/src/game/game_fn_801B941C.o
[529/976] EXTERNALIZE STATIC POOL build/GEDE01/src/game/game_fn_801C9B1C.o
build/GEDE01/src/game/game_fn_801C9B1C.o: lbl_80629390 now undefined; section 3 emptied
[530/976] EXTERNALIZE STATIC POOL build/GEDE01/src/game/game_fn_801BD990.o
build/GEDE01/src/game/game_fn_801BD990.o: lbl_80626D80 now undefined; section 6 emptied
[531/976] EXTERNALIZE STATIC POOL build/GEDE01/src/game/game_fn_801B58F0.o
build/GEDE01/src/game/game_fn_801B58F0.o: lbl_8060C020 now undefined; section 3 emptied
[532/976] EXTERNALIZE STATIC POOL build/GEDE01/src/game/game_fn_801B9E7C.o
build/GEDE01/src/game/game_fn_801B9E7C.o: 0 relocation(s) moved from streamInfo to ...bss.0
build/GEDE01/src/game/game_fn_801B9E7C.o: lbl_8061AE48 now undefined; section 6 emptied
[533/976] EXTERNALIZE STATIC POOL build/GEDE01/src/game/game_fn_801BB1A0.o
build/GEDE01/src/game/game_fn_801BB1A0.o: 0 relocation(s) moved from streamInfo to ...bss.0
build/GEDE01/src/game/game_fn_801BB1A0.o: lbl_8061AE48 now undefined; section 6 emptied
[534/976] EXTERNALIZE STATIC POOL build/GEDE01/src/game/game_fn_801BA708.o
build/GEDE01/src/game/game_fn_801BA708.o: 0 relocation(s) moved from streamInfo to ...bss.0
build/GEDE01/src/game/game_fn_801BA708.o: lbl_8061AE48 now undefined; section 6 emptied
[535/976] EXTERNALIZE STATIC build/GEDE01/src/game/game_fn_801B35BC.o
build/GEDE01/src/game/game_fn_801B35BC.o: lbl_8060D420 now undefined; section 6 emptied
[536/976] EXTERNALIZE build/GEDE01/src/game/game_fn_801BA94C.o
build/GEDE01/src/game/game_fn_801BA94C.o: 0 relocation(s) moved from streamInfo to ...bss.0
build/GEDE01/src/game/game_fn_801BA94C.o: lbl_8061AE48 now undefined; section 6 emptied
[537/976] EXTERNALIZE STATIC POOL build/GEDE01/src/game/game_fn_801BC8F4.o
build/GEDE01/src/game/game_fn_801BC8F4.o: lbl_8061C748 now undefined; section 6 emptied
[538/976] EXTERNALIZE STATIC build/GEDE01/src/game/game_fn_801BC240.o
build/GEDE01/src/game/game_fn_801BC240.o: lbl_8061C748 now undefined; section 6 emptied
[539/976] EXTERNALIZE STATIC POOL build/GEDE01/src/game/game_fn_801BCC04.o
build/GEDE01/src/game/game_fn_801BCC04.o: lbl_8061C748 now undefined; section 6 emptied
[540/976] EXTERNALIZE STATIC POOL build/GEDE01/src/game/game_fn_801BC0D4.o
build/GEDE01/src/game/game_fn_801BC0D4.o: lbl_8061C748 now undefined; section 6 emptied
[541/976] EXTERNALIZE STATIC POOL build/GEDE01/src/game/game_fn_801C1CB0.o
build/GEDE01/src/game/game_fn_801C1CB0.o: lbl_80626DA0 now undefined; section 3 emptied
[542/976] RENAME build/GEDE01/src/game/game_InitMetroTRKCommTable.o
[543/976] EXTERNALIZE STATIC POOL build/GEDE01/src/game/game_fn_801CE09C.o
build/GEDE01/src/game/game_fn_801CE09C.o: lbl_80631340 now undefined; section 6 emptied
[544/976] RENAME RUNTIME INTRINSICS build/GEDE01/src/game/game_fn_801CB4F8.o
[545/976] EXTERNALIZE STATIC POOL build/GEDE01/src/game/game_fn_8010242C.o
build/GEDE01/src/game/game_fn_8010242C.o: lbl_8032CC08 now undefined; section 3 emptied
[546/976] EXTERNALIZE build/GEDE01/src/game/game_fn_801D3988.o
[547/976] EXTERNALIZE build/GEDE01/src/game/game_fn_801D1B10.o
[548/976] ALIGN DATA build/GEDE01/src/game/game_fn_8005EF94.o
[549/976] ALIGN DATA build/GEDE01/src/game/game_fn_801A6350.o
[550/976] EXTERNALIZE build/GEDE01/src/game/game_fn_801CE594.o
[551/976] ALIGN DATA build/GEDE01/src/game/game_fn_80008014.o
[552/976] EXTERNALIZE build/GEDE01/src/game/game_fn_8014549C.o
[553/976] EXTERNALIZE build/GEDE01/src/game/game_fn_801C8224.o
[554/976] EXTERNALIZE build/GEDE01/src/game/game_fn_801098C0.o
[555/976] EXTERNALIZE build/GEDE01/src/game/game_fn_8000FDE8.o
[556/976] EXTERNALIZE build/GEDE01/src/game/game_fn_80185F10.o
[557/976] EXTERNALIZE build/GEDE01/src/game/game_fn_801C29BC.o
[558/976] EXTERNALIZE build/GEDE01/src/game/game_fn_801C8F50.o
[559/976] EXTERNALIZE build/GEDE01/src/game/game_fn_8007B828.o
[560/976] EXTERNALIZE build/GEDE01/src/game/game_fn_801C90A4.o
[561/976] EXTERNALIZE build/GEDE01/src/game/game_fn_801C8160.o
[562/976] EXTERNALIZE build/GEDE01/src/game/game_fn_801C2AAC.o
[563/976] EXTERNALIZE build/GEDE01/src/game/game_fn_801C2D9C.o
[564/976] EXTERNALIZE build/GEDE01/src/game/game_fn_801C2980.o
[565/976] EXTERNALIZE build/GEDE01/src/game/game_fn_801B02F0.o
[566/976] EXTERNALIZE build/GEDE01/src/game/game_fn_801AFA74.o
[567/976] EXTERNALIZE build/GEDE01/src/game/game_fn_801AC8AC.o
[568/976] EXTERNALIZE build/GEDE01/src/game/game_fn_801ABD3C.o
[569/976] EXTERNALIZE build/GEDE01/src/game/game_fn_801816D4.o
[570/976] EXTERNALIZE build/GEDE01/src/game/game_fn_8011F140.o
[571/976] EXTERNALIZE build/GEDE01/src/game/game_fn_8004998C.o
[572/976] EXTERNALIZE build/GEDE01/src/game/game_fn_801AD08C.o
[573/976] EXTERNALIZE build/GEDE01/src/game/game_fn_80079AA4.o
[574/976] EXTERNALIZE build/GEDE01/src/game/game_fn_80158D38.o
[575/976] EXTERNALIZE build/GEDE01/src/game/game_fn_801A3A78.o
[576/976] EXTERNALIZE build/GEDE01/src/game/game_fn_8008F224.o
[577/976] EXTERNALIZE build/GEDE01/src/game/game_fn_80167454.o
[578/976] EXTERNALIZE build/GEDE01/src/game/game_fn_800AF230.o
[579/976] EXTERNALIZE build/GEDE01/src/game/game_fn_801A93E8.o
[580/976] EXTERNALIZE build/GEDE01/src/game/game_fn_801AB154.o
[581/976] EXTERNALIZE build/GEDE01/src/game/game_fn_801A7E04.o
[582/976] EXTERNALIZE build/GEDE01/src/game/game_fn_801A7EA8.o
[583/976] EXTERNALIZE build/GEDE01/src/game/game_fn_801A6CB4.o
[584/976] EXTERNALIZE build/GEDE01/src/game/game_fn_801A4CE0.o
[585/976] NAME JUMPTABLE build/GEDE01/src/game/game_fn_801A6ADC.o
[586/976] EXTERNALIZE build/GEDE01/src/game/game_fn_801A6C58.o
[587/976] EXTERNALIZE build/GEDE01/src/game/game_fn_801A6410.o
[588/976] EXTERNALIZE build/GEDE01/src/game/game_fn_801A5FB0.o
[589/976] EXTERNALIZE build/GEDE01/src/game/game_fn_801A1F18.o
[590/976] EXTERNALIZE build/GEDE01/src/game/game_fn_8019E8C8.o
[591/976] EXTERNALIZE build/GEDE01/src/game/game_fn_8019E5E4.o
[592/976] EXTERNALIZE build/GEDE01/src/game/game_fn_8019CFC4.o
[593/976] EXTERNALIZE build/GEDE01/src/game/game_fn_8019CC28.o
[594/976] EXTERNALIZE build/GEDE01/src/game/game_fn_801991E0.o
[595/976] EXTERNALIZE build/GEDE01/src/game/game_fn_80198BF4.o
[596/976] EXTERNALIZE build/GEDE01/src/game/game_fn_80198AAC.o
[597/976] EXTERNALIZE build/GEDE01/src/game/game_fn_80198154.o
[598/976] EXTERNALIZE build/GEDE01/src/game/game_fn_80194F80.o
[599/976] EXTERNALIZE build/GEDE01/src/game/game_fn_80197910.o
[600/976] EXTERNALIZE build/GEDE01/src/game/game_fn_80177434.o
repointed 2 relocations to lbl_80250588
[601/976] EXTERNALIZE build/GEDE01/src/game/game_fn_80193E1C.o
[602/976] EXTERNALIZE build/GEDE01/src/game/game_fn_80193F3C.o
[603/976] EXTERNALIZE build/GEDE01/src/game/game_fn_801931C4.o
[604/976] EXTERNALIZE build/GEDE01/src/game/game_fn_80192F54.o
[605/976] EXTERNALIZE build/GEDE01/src/game/game_fn_80191F58.o
[606/976] EXTERNALIZE build/GEDE01/src/game/game_fn_8019197C.o
[607/976] EXTERNALIZE build/GEDE01/src/game/game_fn_80191360.o
[608/976] GLOBALIZE build/GEDE01/src/game/game_fn_8018F1D0.o
[609/976] EXTERNALIZE build/GEDE01/src/game/game_fn_8018D688.o
[610/976] EXTERNALIZE build/GEDE01/src/game/game_fn_8018F81C.o
[611/976] EXTERNALIZE build/GEDE01/src/game/game_fn_8018D2E0.o
[612/976] EXTERNALIZE build/GEDE01/src/game/game_fn_80189968.o
[613/976] EXTERNALIZE build/GEDE01/src/game/game_fn_80189760.o
[614/976] EXTERNALIZE build/GEDE01/src/game/game_fn_8018D1F0.o
[615/976] EXTERNALIZE build/GEDE01/src/game/game_fn_801896A0.o
[616/976] EXTERNALIZE build/GEDE01/src/game/game_fn_801895E8.o
[617/976] EXTERNALIZE build/GEDE01/src/game/game_fn_80189390.o
[618/976] EXTERNALIZE build/GEDE01/src/game/game_fn_801891D8.o
[619/976] EXTERNALIZE build/GEDE01/src/game/game_fn_80188E28.o
[620/976] EXTERNALIZE build/GEDE01/src/game/game_fn_80189028.o
[621/976] EXTERNALIZE build/GEDE01/src/game/game_fn_80188B44.o
[622/976] EXTERNALIZE build/GEDE01/src/game/game_fn_80188C1C.o
[623/976] EXTERNALIZE build/GEDE01/src/game/game_fn_80188A7C.o
[624/976] EXTERNALIZE build/GEDE01/src/game/game_fn_801878E0.o
[625/976] EXTERNALIZE build/GEDE01/src/game/game_fn_80187120.o
[626/976] EXTERNALIZE build/GEDE01/src/game/game_fn_8018FEDC.o
[627/976] EXTERNALIZE build/GEDE01/src/game/game_fn_80186E10.o
[628/976] EXTERNALIZE build/GEDE01/src/game/game_fn_801865EC.o
[629/976] EXTERNALIZE build/GEDE01/src/game/game_fn_80185AE8.o
[630/976] EXTERNALIZE build/GEDE01/src/game/game_fn_801859FC.o
[631/976] EXTERNALIZE build/GEDE01/src/game/game_fn_80180DDC.o
[632/976] EXTERNALIZE build/GEDE01/src/game/game_fn_8017E958.o
[633/976] EXTERNALIZE build/GEDE01/src/game/game_fn_8017E850.o
[634/976] EXTERNALIZE build/GEDE01/src/game/game_fn_8017718C.o
[635/976] EXTERNALIZE build/GEDE01/src/game/game_fn_801770F8.o
[636/976] EXTERNALIZE build/GEDE01/src/game/game_fn_80176FA0.o
[637/976] EXTERNALIZE build/GEDE01/src/game/game_fn_80176DF4.o
[638/976] EXTERNALIZE build/GEDE01/src/game/game_fn_80174358.o
[639/976] EXTERNALIZE build/GEDE01/src/game/game_fn_80173F04.o
[640/976] EXTERNALIZE build/GEDE01/src/game/game_fn_80174184.o
[641/976] EXTERNALIZE build/GEDE01/src/game/game_fn_8017553C.o
[642/976] EXTERNALIZE build/GEDE01/src/game/game_fn_80173D44.o
[643/976] EXTERNALIZE build/GEDE01/src/game/game_fn_80173770.o
[644/976] EXTERNALIZE build/GEDE01/src/game/game_fn_801734B4.o
[645/976] EXTERNALIZE build/GEDE01/src/game/game_fn_80173270.o
[646/976] EXTERNALIZE build/GEDE01/src/game/game_fn_80172DB8.o
[647/976] EXTERNALIZE build/GEDE01/src/game/game_fn_80172C78.o
[648/976] EXTERNALIZE build/GEDE01/src/game/game_fn_80172BB0.o
[649/976] EXTERNALIZE build/GEDE01/src/game/game_fn_801726EC.o
[650/976] EXTERNALIZE build/GEDE01/src/game/game_fn_8017250C.o
[651/976] EXTERNALIZE build/GEDE01/src/game/game_fn_80171F30.o
[652/976] EXTERNALIZE build/GEDE01/src/game/game_fn_801719B4.o
[653/976] EXTERNALIZE build/GEDE01/src/game/game_fn_80171664.o
[654/976] EXTERNALIZE build/GEDE01/src/game/game_fn_801718F4.o
[655/976] EXTERNALIZE build/GEDE01/src/game/game_fn_8017138C.o
[656/976] EXTERNALIZE build/GEDE01/src/game/game_fn_80170A40.o
[657/976] NORMALIZE build/GEDE01/src/game/game_TRKNubWelcome.o
[658/976] NORMALIZE build/GEDE01/src/game/game_TRK_main.o
[659/976] NORMALIZE build/GEDE01/src/game/game_data_80239E10.o
[660/976] NORMALIZE build/GEDE01/src/game/game_data_80239E18.o
[661/976] EXTERNALIZE build/GEDE01/src/game/game_fn_801706DC.o
[662/976] EXTERNALIZE build/GEDE01/src/game/game_fn_8017652C.o
[663/976] EXTERNALIZE build/GEDE01/src/game/game_fn_80170E9C.o
[664/976] EXTERNALIZE build/GEDE01/src/game/game_fn_80175E64.o
[665/976] EXTERNALIZE build/GEDE01/src/game/game_fn_80175F0C.o
[666/976] EXTERNALIZE build/GEDE01/src/game/game_fn_80175FD4.o
[667/976] EXTERNALIZE build/GEDE01/src/game/game_fn_80176098.o
[668/976] EXTERNALIZE build/GEDE01/src/game/game_fn_80176160.o
[669/976] EXTERNALIZE build/GEDE01/src/game/game_fn_80176220.o
[670/976] EXTERNALIZE build/GEDE01/src/game/game_fn_80170DF4.o
[671/976] EXTERNALIZE build/GEDE01/src/game/game_fn_801762E8.o
[672/976] EXTERNALIZE build/GEDE01/src/game/game_fn_8016E8F8.o
[673/976] EXTERNALIZE build/GEDE01/src/game/game_fn_8016FEF8.o
[674/976] EXTERNALIZE build/GEDE01/src/game/game_fn_801704F8.o
[675/976] NORMALIZE build/GEDE01/src/game/game_fn_8016DF4C.o
[676/976] EXTERNALIZE build/GEDE01/src/game/game_fn_8016D2B8.o
[677/976] EXTERNALIZE build/GEDE01/src/game/game_fn_8016D040.o
[678/976] EXTERNALIZE build/GEDE01/src/game/game_fn_8016D1F8.o
[679/976] EXTERNALIZE build/GEDE01/src/game/game_fn_8016C774.o
[680/976] EXTERNALIZE build/GEDE01/src/game/game_fn_8016C4BC.o
[681/976] EXTERNALIZE build/GEDE01/src/game/game_fn_8016C238.o
[682/976] EXTERNALIZE build/GEDE01/src/game/game_fn_8016C164.o
[683/976] EXTERNALIZE build/GEDE01/src/game/game_fn_8016C0BC.o
[684/976] EXTERNALIZE build/GEDE01/src/game/game_fn_8017038C.o
[685/976] EXTERNALIZE build/GEDE01/src/game/game_fn_8016BE1C.o
[686/976] EXTERNALIZE build/GEDE01/src/game/game_fn_8016BF60.o
[687/976] EXTERNALIZE build/GEDE01/src/game/game_fn_8016BD0C.o
[688/976] EXTERNALIZE build/GEDE01/src/game/game_fn_80167B5C.o
[689/976] EXTERNALIZE build/GEDE01/src/game/game_fn_80169650.o
[690/976] EXTERNALIZE build/GEDE01/src/game/game_fn_8015EDC0.o
[691/976] EXTERNALIZE build/GEDE01/src/game/game_fn_8015DB84.o
[692/976] EXTERNALIZE build/GEDE01/src/game/game_fn_8015DC54.o
[693/976] EXTERNALIZE build/GEDE01/src/game/game_fn_80158B20.o
[694/976] EXTERNALIZE build/GEDE01/src/game/game_fn_80179398.o
[695/976] EXTERNALIZE build/GEDE01/src/game/game_fn_8017960C.o
[696/976] EXTERNALIZE build/GEDE01/src/game/game_fn_8017974C.o
[697/976] EXTERNALIZE build/GEDE01/src/game/game_fn_80179904.o
[698/976] EXTERNALIZE build/GEDE01/src/game/game_fn_8017A9B8.o
[699/976] EXTERNALIZE build/GEDE01/src/game/game_fn_80179A18.o
[700/976] EXTERNALIZE build/GEDE01/src/game/game_fn_80179A74.o
[701/976] EXTERNALIZE build/GEDE01/src/game/game_fn_80179EB8.o
[702/976] EXTERNALIZE build/GEDE01/src/game/game_fn_80179F20.o
[703/976] EXTERNALIZE build/GEDE01/src/game/game_fn_8017A010.o
[704/976] EXTERNALIZE build/GEDE01/src/game/game_fn_8017A12C.o
[705/976] EXTERNALIZE build/GEDE01/src/game/game_fn_80157C0C.o
[706/976] EXTERNALIZE build/GEDE01/src/game/game_fn_8017A1C0.o
[707/976] EXTERNALIZE build/GEDE01/src/game/game_fn_80155814.o
[708/976] EXTERNALIZE build/GEDE01/src/game/game_fn_80153898.o
[709/976] EXTERNALIZE build/GEDE01/src/game/game_fn_8014B494.o
[710/976] EXTERNALIZE build/GEDE01/src/game/game_fn_8014AF38.o
[711/976] EXTERNALIZE build/GEDE01/src/game/game_fn_8012DB28.o
[712/976] EXTERNALIZE build/GEDE01/src/game/game_fn_801141B8.o
[713/976] EXTERNALIZE build/GEDE01/src/game/game_fn_801128E4.o
[714/976] EXTERNALIZE build/GEDE01/src/game/game_fn_801126E0.o
[715/976] EXTERNALIZE build/GEDE01/src/game/game_fn_8010F184.o
[716/976] EXTERNALIZE build/GEDE01/src/game/game_fn_800E4980.o
[717/976] EXTERNALIZE build/GEDE01/src/game/game_fn_800C17EC.o
[718/976] EXTERNALIZE build/GEDE01/src/game/game_fn_800C030C.o
[719/976] EXTERNALIZE build/GEDE01/src/game/game_fn_800C59F0.o
[720/976] EXTERNALIZE build/GEDE01/src/game/game_fn_800C644C.o
[721/976] EXTERNALIZE build/GEDE01/src/game/game_fn_800C65FC.o
[722/976] EXTERNALIZE build/GEDE01/src/game/game_fn_800CB760.o
[723/976] EXTERNALIZE build/GEDE01/src/game/game_fn_800CB8F4.o
[724/976] EXTERNALIZE build/GEDE01/src/game/game_fn_80078500.o
[725/976] EXTERNALIZE build/GEDE01/src/game/game_fn_80079908.o
[726/976] EXTERNALIZE build/GEDE01/src/game/game_fn_8007B2F4.o
[727/976] EXTERNALIZE build/GEDE01/src/game/game_fn_8007B540.o
[728/976] EXTERNALIZE build/GEDE01/src/game/game_fn_8007B640.o
[729/976] EXTERNALIZE build/GEDE01/src/game/game_fn_800886D8.o
[730/976] EXTERNALIZE build/GEDE01/src/game/game_fn_8007BA3C.o
[731/976] EXTERNALIZE build/GEDE01/src/game/game_fn_800934A0.o
[732/976] EXTERNALIZE build/GEDE01/src/game/game_fn_800A3894.o
[733/976] EXTERNALIZE build/GEDE01/src/game/game_fn_800A7E88.o
[734/976] EXTERNALIZE build/GEDE01/src/game/game_fn_800A4798.o
[735/976] GLOBALIZE build/GEDE01/src/game/game_fn_800A2130.o
[736/976] EXTERNALIZE build/GEDE01/src/game/game_fn_800A2FCC.o
[737/976] EXTERNALIZE build/GEDE01/src/game/game_fn_8009C424.o
[738/976] EXTERNALIZE SWITCHES build/GEDE01/src/game/game_fn_80095FDC.o
[739/976] GLOBALIZE build/GEDE01/src/game/game_fn_8008F890.o
[740/976] EXTERNALIZE build/GEDE01/src/game/game_fn_80096830.o
[741/976] EXTERNALIZE build/GEDE01/src/game/game_fn_800A4428.o
[742/976] EXTERNALIZE build/GEDE01/src/game/game_fn_80074310.o
[743/976] GLOBALIZE build/GEDE01/src/game/game_fn_8005FD84.o
[744/976] EXTERNALIZE build/GEDE01/src/game/game_fn_80066888.o
[745/976] EXTERNALIZE build/GEDE01/src/game/game_fn_8005EC6C.o
[746/976] EXTERNALIZE build/GEDE01/src/game/game_fn_80052310.o
[747/976] EXTERNALIZE build/GEDE01/src/game/game_fn_80048B24.o
[748/976] NAME SWITCH build/GEDE01/src/game/game_fn_80020E94.o
[749/976] NAME SWITCH build/GEDE01/src/game/game_fn_8005EE9C.o
[750/976] NAME SWITCH build/GEDE01/src/game/game_fn_8016D9C0.o
[751/976] NAME SWITCH build/GEDE01/src/game/game_fn_80071A58.o
[752/976] EXTERNALIZE build/GEDE01/src/game/game_fn_80048ADC.o
[753/976] NAME SWITCH build/GEDE01/src/game/game_fn_8006B620.o
[754/976] NAME SWITCH build/GEDE01/src/game/game_fn_8001FE1C.o
[755/976] NAME SWITCH build/GEDE01/src/game/game_fn_8001E644.o
[756/976] EXTERNALIZE build/GEDE01/src/game/game_fn_80038878.o
[757/976] EXTERNALIZE build/GEDE01/src/game/game_fn_801B46C8.o
build/GEDE01/src/game/game_fn_801B46C8.o: lbl_8060C020 now undefined; section 6 emptied
[758/976] EXTERNALIZE build/GEDE01/src/game/game_fn_80036C40.o
[759/976] EXTERNALIZE build/GEDE01/src/game/game_fn_800359A0.o
[760/976] EXTERNALIZE build/GEDE01/src/game/game_fn_80033180.o
[761/976] EXTERNALIZE build/GEDE01/src/game/game_fn_80033038.o
[762/976] EXTERNALIZE build/GEDE01/src/game/game_fn_80032B84.o
[763/976] EXTERNALIZE build/GEDE01/src/game/game_fn_8003232C.o
[764/976] EXTERNALIZE build/GEDE01/src/game/game_fn_8002E3F0.o
[765/976] EXTERNALIZE build/GEDE01/src/game/game_fn_8002DAE0.o
[766/976] EXTERNALIZE build/GEDE01/src/game/game_fn_8002EA68.o
[767/976] EXTERNALIZE build/GEDE01/src/game/game_fn_8002F428.o
[768/976] GLOBALIZE build/GEDE01/src/game/game_fn_8002B748.o
[769/976] NAME SWITCHES build/GEDE01/src/game/game_fn_80024F28.o
[770/976] EXTERNALIZE build/GEDE01/src/game/game_fn_8001CE94.o
[771/976] EXTERNALIZE build/GEDE01/src/game/game_fn_800272B4.o
[772/976] EXTERNALIZE build/GEDE01/src/game/game_fn_8001CD58.o
[773/976] EXTERNALIZE build/GEDE01/src/game/game_fn_8001C078.o
[774/976] EXTERNALIZE build/GEDE01/src/game/game_fn_8001B874.o
[775/976] EXTERNALIZE build/GEDE01/src/game/game_fn_8001B808.o
[776/976] EXTERNALIZE build/GEDE01/src/game/game_fn_8001B294.o
[777/976] EXTERNALIZE build/GEDE01/src/game/game_fn_8001B124.o
[778/976] EXTERNALIZE build/GEDE01/src/game/game_fn_8001ADF8.o
[779/976] EXTERNALIZE build/GEDE01/src/game/game_fn_8001AF68.o
[780/976] EXTERNALIZE build/GEDE01/src/game/game_fn_8001AAB8.o
[781/976] EXTERNALIZE build/GEDE01/src/game/game_fn_8001A6C4.o
[782/976] EXTERNALIZE build/GEDE01/src/game/game_fn_80019F98.o
[783/976] EXTERNALIZE build/GEDE01/src/game/game_fn_80019C10.o
[784/976] EXTERNALIZE build/GEDE01/src/game/game_fn_80019D2C.o
[785/976] EXTERNALIZE build/GEDE01/src/game/game_fn_80019940.o
[786/976] EXTERNALIZE build/GEDE01/src/game/game_fn_800194D0.o
[787/976] EXTERNALIZE build/GEDE01/src/game/game_fn_80019244.o
[788/976] EXTERNALIZE build/GEDE01/src/game/game_fn_80019054.o
[789/976] EXTERNALIZE build/GEDE01/src/game/game_fn_80018EF4.o
[790/976] EXTERNALIZE build/GEDE01/src/game/game_fn_80017DB0.o
[791/976] EXTERNALIZE build/GEDE01/src/game/game_fn_80017CC8.o
[792/976] EXTERNALIZE build/GEDE01/src/game/game_fn_80017C3C.o
[793/976] EXTERNALIZE build/GEDE01/src/game/game_fn_80017AE4.o
[794/976] EXTERNALIZE build/GEDE01/src/game/game_fn_80017A3C.o
[795/976] EXTERNALIZE build/GEDE01/src/game/game_fn_800179AC.o
[796/976] EXTERNALIZE build/GEDE01/src/game/game_fn_80017910.o
[797/976] EXTERNALIZE FLAGS build/GEDE01/src/game/game_fn_800119FC.o
[798/976] EXTERNALIZE build/GEDE01/src/game/game_fn_8000FFD8.o
[799/976] EXTERNALIZE build/GEDE01/src/game/game_fn_8000F4B0.o
[800/976] GLOBALIZE build/GEDE01/src/game/game_fn_800094C0.o
[801/976] EXTERNALIZE build/GEDE01/src/game/game_fn_8000EFC4.o
[802/976] EXTERNALIZE build/GEDE01/src/game/game_fn_800096E0.o
[803/976] EXTERNALIZE build/GEDE01/src/game/game_fn_800098C0.o
[804/976] EXTERNALIZE build/GEDE01/src/game/game_fn_800099D8.o
[805/976] EXTERNALIZE build/GEDE01/src/game/game_fn_80009AB4.o
[806/976] EXTERNALIZE build/GEDE01/src/game/game_fn_8000A26C.o
[807/976] EXTERNALIZE build/GEDE01/src/game/game_fn_800171C0.o
[808/976] EXTERNALIZE build/GEDE01/src/game/game_fn_800176F0.o
[809/976] EXTERNALIZE build/GEDE01/src/game/game_fn_8000AC88.o
[810/976] EXTERNALIZE build/GEDE01/src/game/game_fn_8000AEB4.o
[811/976] EXTERNALIZE build/GEDE01/src/game/game_fn_8000AFB4.o
[812/976] EXTERNALIZE build/GEDE01/src/game/game_fn_8000B1B8.o
[813/976] EXTERNALIZE build/GEDE01/src/game/game_fn_8000B36C.o
[814/976] EXTERNALIZE build/GEDE01/src/game/game_fn_8000B630.o
[815/976] EXTERNALIZE build/GEDE01/src/game/game_fn_8000B7FC.o
[816/976] EXTERNALIZE build/GEDE01/src/game/game_fn_8000B900.o
[817/976] EXTERNALIZE build/GEDE01/src/game/game_fn_8000BA0C.o
[818/976] EXTERNALIZE build/GEDE01/src/game/game_fn_8000BAA0.o
[819/976] EXTERNALIZE build/GEDE01/src/game/game_fn_8000BC40.o
[820/976] EXTERNALIZE build/GEDE01/src/game/game_fn_8000C06C.o
[821/976] EXTERNALIZE build/GEDE01/src/game/game_fn_8000C17C.o
[822/976] EXTERNALIZE build/GEDE01/src/game/game_fn_8000C400.o
[823/976] EXTERNALIZE build/GEDE01/src/game/game_fn_8000C848.o
[824/976] EXTERNALIZE build/GEDE01/src/game/game_fn_8000C91C.o
[825/976] EXTERNALIZE build/GEDE01/src/game/game_fn_8000D0BC.o
[826/976] NAME SWITCH build/GEDE01/src/game/game_fn_8000D8A4.o
[827/976] EXTERNALIZE build/GEDE01/src/game/game_fn_8000D3D4.o
[828/976] EXTERNALIZE build/GEDE01/src/game/game_fn_8000E054.o
[829/976] EXTERNALIZE build/GEDE01/src/game/game_fn_8000E0AC.o
[830/976] EXTERNALIZE build/GEDE01/src/game/game_fn_8000E96C.o
[831/976] EXTERNALIZE build/GEDE01/src/game/game_fn_8000F774.o
[832/976] EXTERNALIZE build/GEDE01/src/game/game_fn_8000EB14.o
[833/976] EXTERNALIZE build/GEDE01/src/game/game_fn_8000EBD4.o
[834/976] EXTERNALIZE build/GEDE01/src/game/game_fn_8000ED44.o
[835/976] EXTERNALIZE build/GEDE01/src/game/game_fn_8000E1C4.o
[836/976] EXTERNALIZE build/GEDE01/src/game/game_fn_8000E138.o
[837/976] EXTERNALIZE build/GEDE01/src/game/game_fn_8000D590.o
[838/976] EXTERNALIZE build/GEDE01/src/game/game_fn_8000DA50.o
[839/976] EXTERNALIZE build/GEDE01/src/game/game_fn_8000DAF4.o
[840/976] EXTERNALIZE build/GEDE01/src/game/game_fn_80012DA8.o
[841/976] EXTERNALIZE build/GEDE01/src/game/game_fn_80012F40.o
[842/976] EXTERNALIZE build/GEDE01/src/game/game_fn_80012FD0.o
[843/976] EXTERNALIZE build/GEDE01/src/game/game_fn_800131E8.o
[844/976] EXTERNALIZE build/GEDE01/src/game/game_fn_80013340.o
[845/976] EXTERNALIZE build/GEDE01/src/game/game_fn_80013870.o
[846/976] EXTERNALIZE build/GEDE01/src/game/game_fn_80013CB0.o
[847/976] EXTERNALIZE build/GEDE01/src/game/game_fn_80013D54.o
[848/976] EXTERNALIZE build/GEDE01/src/game/game_fn_800142DC.o
[849/976] EXTERNALIZE build/GEDE01/src/game/game_fn_800144CC.o
[850/976] EXTERNALIZE build/GEDE01/src/game/game_fn_80014784.o
[851/976] EXTERNALIZE build/GEDE01/src/game/game_fn_800149D4.o
[852/976] EXTERNALIZE build/GEDE01/src/game/game_fn_80015058.o
[853/976] EXTERNALIZE build/GEDE01/src/game/game_fn_80015320.o
[854/976] EXTERNALIZE build/GEDE01/src/game/game_fn_80015568.o
[855/976] EXTERNALIZE build/GEDE01/src/game/game_fn_800156FC.o
[856/976] EXTERNALIZE build/GEDE01/src/game/game_fn_80015BE0.o
[857/976] EXTERNALIZE build/GEDE01/src/game/game_fn_80015D40.o
[858/976] EXTERNALIZE build/GEDE01/src/game/game_fn_80015F04.o
[859/976] EXTERNALIZE build/GEDE01/src/game/game_fn_80016128.o
[860/976] EXTERNALIZE build/GEDE01/src/game/game_fn_80016270.o
[861/976] EXTERNALIZE build/GEDE01/src/game/game_fn_80016904.o
[862/976] EXTERNALIZE build/GEDE01/src/game/game_fn_800173CC.o
[863/976] EXTERNALIZE build/GEDE01/src/game/game_fn_80016B24.o
[864/976] EXTERNALIZE build/GEDE01/src/game/game_fn_801BEF40.o
[865/976] EXTERNALIZE build/GEDE01/src/game/game_fn_801B86C0.o
[866/976] EXTERNALIZE STATIC POOL build/GEDE01/src/game/game_fn_801C4B5C.o
build/GEDE01/src/game/game_fn_801C4B5C.o: lbl_80628CB0 now undefined; section 6 emptied
[867/976] EXTERNALIZE build/GEDE01/src/game/game_fn_801C8600.o
[868/976] EXTERNALIZE build/GEDE01/src/game/game_fn_80150400.o
[869/976] EXTERNALIZE build/GEDE01/src/game/game_fn_801EAA04.o
[870/976] EXTERNALIZE build/GEDE01/src/game/game_fn_80151600.o
[871/976] EXTERNALIZE build/GEDE01/src/game/game_fn_80150F20.o
[872/976] EXTERNALIZE build/GEDE01/src/game/game_fn_80151D00.o
[873/976] EXTERNALIZE build/GEDE01/src/game/game_fn_8011EE04.o
[874/976] EXTERNALIZE build/GEDE01/src/game/game_fn_801E3644.o
[875/976] EXTERNALIZE build/GEDE01/src/game/game_fn_8019E0B0.o
[876/976] EXTERNALIZE build/GEDE01/src/game/game_fn_801A260C.o
[877/976] EXTERNALIZE build/GEDE01/src/game/game_fn_801DE8B4.o
[878/976] EXTERNALIZE build/GEDE01/src/game/game_fn_80173BDC.o
[879/976] EXTERNALIZE build/GEDE01/src/game/game_fn_801E7014.o
[880/976] EXTERNALIZE build/GEDE01/src/game/game_fn_801A4430.o
[881/976] EXTERNALIZE build/GEDE01/src/game/game_fn_8014BA14.o
[882/976] EXTERNALIZE build/GEDE01/src/game/game_fn_800B2EC0.o
[883/976] EXTERNALIZE build/GEDE01/src/game/game_fn_8001CA04.o
[884/976] EXTERNALIZE build/GEDE01/src/game/game_fn_801DDB84.o
[885/976] EXTERNALIZE build/GEDE01/src/game/game_fn_80031544.o
[886/976] EXTERNALIZE build/GEDE01/src/game/game_fn_8006B0F0.o
[887/976] EXTERNALIZE build/GEDE01/src/game/game_fn_8007D4D8.o
[888/976] EXTERNALIZE build/GEDE01/src/game/game_fn_8007F770.o
[889/976] EXTERNALIZE build/GEDE01/src/game/game_fn_80088F4C.o
[890/976] EXTERNALIZE build/GEDE01/src/game/game_fn_8008A2E0.o
[891/976] EXTERNALIZE build/GEDE01/src/game/game_fn_80090004.o
[892/976] EXTERNALIZE build/GEDE01/src/game/game_fn_80089A34.o
[893/976] EXTERNALIZE build/GEDE01/src/game/game_fn_80095D10.o
[894/976] EXTERNALIZE build/GEDE01/src/game/game_fn_800A3180.o
[895/976] EXTERNALIZE build/GEDE01/src/game/game_fn_800BB7A8.o
[896/976] EXTERNALIZE build/GEDE01/src/game/game_fn_800BB9A4.o
[897/976] EXTERNALIZE build/GEDE01/src/game/game_fn_800BBAF0.o
[898/976] EXTERNALIZE build/GEDE01/src/game/game_fn_800BB5C4.o
[899/976] EXTERNALIZE build/GEDE01/src/game/game_fn_800D9064.o
[900/976] EXTERNALIZE build/GEDE01/src/game/game_fn_800D9E10.o
[901/976] EXTERNALIZE build/GEDE01/src/game/game_fn_8012976C.o
[902/976] EXTERNALIZE build/GEDE01/src/game/game_fn_8013CBE4.o
[903/976] EXTERNALIZE build/GEDE01/src/game/game_fn_8013DB8C.o
[904/976] EXTERNALIZE build/GEDE01/src/game/game_fn_8014CA98.o
[905/976] EXTERNALIZE build/GEDE01/src/game/game_fn_80153A24.o
[906/976] EXTERNALIZE build/GEDE01/src/game/game_fn_801535D8.o
[907/976] EXTERNALIZE build/GEDE01/src/game/game_fn_80174F2C.o
[908/976] EXTERNALIZE build/GEDE01/src/game/game_fn_801752B0.o
[909/976] EXTERNALIZE build/GEDE01/src/game/game_fn_8017AC20.o
[910/976] EXTERNALIZE build/GEDE01/src/game/game_fn_801861C4.o
[911/976] EXTERNALIZE build/GEDE01/src/game/game_fn_80186F70.o
[912/976] EXTERNALIZE build/GEDE01/src/game/game_fn_8018680C.o
[913/976] EXTERNALIZE build/GEDE01/src/game/game_fn_80187320.o
[914/976] EXTERNALIZE build/GEDE01/src/game/game_fn_801875FC.o
[915/976] EXTERNALIZE build/GEDE01/src/game/game_fn_801810A0.o
[916/976] EXTERNALIZE build/GEDE01/src/game/game_fn_800542D0.o
[917/976] EXTERNALIZE build/GEDE01/src/game/game_fn_80187BB4.o
[918/976] EXTERNALIZE build/GEDE01/src/game/game_fn_80187E40.o
[919/976] EXTERNALIZE build/GEDE01/src/game/game_fn_80189C14.o
[920/976] EXTERNALIZE build/GEDE01/src/game/game_fn_8018C2D0.o
[921/976] EXTERNALIZE build/GEDE01/src/game/game_fn_8018D400.o
[922/976] EXTERNALIZE build/GEDE01/src/game/game_fn_8018E0D8.o
[923/976] EXTERNALIZE build/GEDE01/src/game/game_fn_8019120C.o
[924/976] EXTERNALIZE build/GEDE01/src/game/game_fn_8018DC24.o
[925/976] EXTERNALIZE build/GEDE01/src/game/game_fn_801926EC.o
[926/976] EXTERNALIZE build/GEDE01/src/game/game_fn_801929A4.o
[927/976] EXTERNALIZE build/GEDE01/src/game/game_fn_801916D0.o
[928/976] EXTERNALIZE build/GEDE01/src/game/game_fn_801952E8.o
[929/976] EXTERNALIZE build/GEDE01/src/game/game_fn_801A2A54.o
[930/976] EXTERNALIZE build/GEDE01/src/game/game_fn_801A34BC.o
[931/976] EXTERNALIZE build/GEDE01/src/game/game_fn_801A657C.o
[932/976] EXTERNALIZE build/GEDE01/src/game/game_fn_801A1F8C.o
[933/976] EXTERNALIZE build/GEDE01/src/game/game_fn_801D1F78.o
[934/976] EXTERNALIZE build/GEDE01/src/game/game_fn_801E2A48.o
[935/976] EXTERNALIZE build/GEDE01/src/game/game_fn_801E6814.o
[936/976] EXTERNALIZE build/GEDE01/src/game/game_fn_801E995C.o
[937/976] EXTERNALIZE build/GEDE01/src/game/game_fn_801F0CB0.o
[938/976] EXTERNALIZE build/GEDE01/src/game/game_fn_801EF580.o
[939/976] EXTERNALIZE build/GEDE01/src/game/game_fn_801F35A8.o
[940/976] EXTERNALIZE build/GEDE01/src/game/game_fn_801F10BC.o
[941/976] EXTERNALIZE build/GEDE01/src/game/game_fn_801ECD74.o
[942/976] EXTERNALIZE build/GEDE01/src/game/game_fn_801ED5F4.o
[943/976] EXTERNALIZE build/GEDE01/src/game/game_fn_801F69F0.o
[944/976] EXTERNALIZE build/GEDE01/src/game/game_fn_801F76EC.o
[945/976] EXTERNALIZE build/GEDE01/src/game/game_fn_801F8264.o
[946/976] EXTERNALIZE build/GEDE01/src/game/game_fn_801F89B4.o
[947/976] EXTERNALIZE build/GEDE01/src/game/game_fn_801F9AF8.o
[948/976] EXTERNALIZE build/GEDE01/src/game/game_fn_801F6BD8.o
[949/976] EXTERNALIZE build/GEDE01/src/game/game_fn_80095E64.o
[950/976] EXTERNALIZE JUMPTABLES build/GEDE01/src/game/game_fn_800361F8.o
[951/976] EXTERNALIZE build/GEDE01/src/game/game_fn_801FB6A4.o
[952/976] EXTERNALIZE JUMPTABLES build/GEDE01/src/game/game_fn_8006E53C.o
[953/976] EXTERNALIZE JUMPTABLES build/GEDE01/src/game/game_fn_800CF598.o
[954/976] EXTERNALIZE JUMPTABLES build/GEDE01/src/game/game_fn_801ACFE8.o
[955/976] EXTERNALIZE build/GEDE01/src/game/game_fn_801E0088.o
[956/976] EXTERNALIZE JUMPTABLES build/GEDE01/src/game/game_fn_801B1BA0.o
[957/976] EXTERNALIZE build/GEDE01/src/game/game_fn_80150A24.o
[958/976] EXTERNALIZE build/GEDE01/src/game/game_fn_80154F74.o
[959/976] EXTERNALIZE build/GEDE01/src/game/game_fn_801E504C.o
[960/976] EXTERNALIZE build/GEDE01/src/game/game_fn_8009E808.o
[961/976] EXTERNALIZE build/GEDE01/src/game/game_fn_801F1A38.o
[962/976] EXTERNALIZE build/GEDE01/src/game/game_fn_801F55A0.o
[963/976] EXTERNALIZE build/GEDE01/src/game/game_fn_801FFE78.o
[964/976] EXTERNALIZE build/GEDE01/src/game/game_fn_801F7510.o
[965/976] EXTERNALIZE build/GEDE01/src/game/game_fn_801F8FAC.o
[966/976] EXTERNALIZE build/GEDE01/src/game/game_fn_801F9CF4.o
[967/976] EXTERNALIZE build/GEDE01/src/game/game_fn_801FC034.o
[968/976] EXTERNALIZE build/GEDE01/src/game/game_fn_801FA9C8.o
[969/976] MWCC build/GEDE01/src/game/game_fn_80208310.o
[970/976] REPORT
 INFO Loading project .
 INFO Generating report for 7090 units (using 8 threads)
 INFO Report generated in 0.453s
 INFO Writing to build/GEDE01/report.json
[971/976] LINK build/GEDE01/main.elf
### mwldeppc.exe Linker Warning:
#   Section '.ignored' is unknown. Section ignored.
### mwldeppc.exe Linker Warning:
#   Section '.ignored' is unknown. Section ignored.
### mwldeppc.exe Linker Warning:
#   Section '.ignored' is unknown. Section ignored.
### mwldeppc.exe Linker Warning:
#   Section '.ignored' is unknown. Section ignored.
### mwldeppc.exe Linker Warning:
#   Section '.ignored' is unknown. Section ignored.
### mwldeppc.exe Linker Warning:
#   Section '.ignored' is unknown. Section ignored.
### mwldeppc.exe Linker Warning:
#   Section '.ignored' is unknown. Section ignored.
### mwldeppc.exe Linker Warning:
#   Section '.ignored' is unknown. Section ignored.
### mwldeppc.exe Linker Warning:
#   Section '.ignored' is unknown. Section ignored.
### mwldeppc.exe Linker Warning:
#   Section '.ignored' is unknown. Section ignored.
### mwldeppc.exe Linker Warning:
#   Section '.ignored' is unknown. Section ignored.
### mwldeppc.exe Linker Warning:
#   Section '.ignored' is unknown. Section ignored.
### mwldeppc.exe Linker Warning:
#   Section '.ignored' is unknown. Section ignored.
### mwldeppc.exe Linker Warning:
#   Section '.ignored' is unknown. Section ignored.
### mwldeppc.exe Linker Warning:
#   Section '.ignored' is unknown. Section ignored.
### mwldeppc.exe Linker Warning:
#   Section '.ignored' is unknown. Section ignored.
### mwldeppc.exe Linker Warning:
#   Section '.ignored' is unknown. Section ignored.
### mwldeppc.exe Linker Warning:
#   Section '.ignored' is unknown. Section ignored.
### mwldeppc.exe Linker Warning:
#   Section '.ignored' is unknown. Section ignored.
### mwldeppc.exe Linker Warning:
#   Section '.ignored' is unknown. Section ignored.
### mwldeppc.exe Linker Warning:
#   Section '.ignored' is unknown. Section ignored.
### mwldeppc.exe Linker Warning:
#   Section '.ignored' is unknown. Section ignored.
### mwldeppc.exe Linker Warning:
#   Section '.ignored' is unknown. Section ignored.
### mwldeppc.exe Linker Warning:
#   Section '.ignored' is unknown. Section ignored.
### mwldeppc.exe Linker Warning:
#   Section '.ignored' is unknown. Section ignored.
### mwldeppc.exe Linker Warning:
#   Section '.ignored' is unknown. Section ignored.
### mwldeppc.exe Linker Warning:
#   Section '.ignored' is unknown. Section ignored.
### mwldeppc.exe Linker Warning:
#   Section '.ignored' is unknown. Section ignored.
### mwldeppc.exe Linker Warning:
#   Section '.ignored' is unknown. Section ignored.
### mwldeppc.exe Linker Warning:
#   Section '.ignored' is unknown. Section ignored.
### mwldeppc.exe Linker Warning:
#   Section '.ignored' is unknown. Section ignored.
### mwldeppc.exe Linker Warning:
#   Section '.ignored' is unknown. Section ignored.
### mwldeppc.exe Linker Warning:
#   Section '.ignored' is unknown. Section ignored.
### mwldeppc.exe Linker Warning:
#   Section '.ignored' is unknown. Section ignored.
### mwldeppc.exe Linker Warning:
#   Section '.ignored' is unknown. Section ignored.
### mwldeppc.exe Linker Warning:
#   Section '.ignored' is unknown. Section ignored.
### mwldeppc.exe Linker Warning:
#   Section '.ignored' is unknown. Section ignored.
### mwldeppc.exe Linker Warning:
#   Section '.ignored' is unknown. Section ignored.
### mwldeppc.exe Linker Warning:
#   Section '.ignored' is unknown. Section ignored.
### mwldeppc.exe Linker Warning:
#   Section '.ignored' is unknown. Section ignored.
### mwldeppc.exe Linker Warning:
#   Section '.ignored' is unknown. Section ignored.
### mwldeppc.exe Linker Warning:
#   Section '.ignored' is unknown. Section ignored.
### mwldeppc.exe Linker Warning:
#   Section '.ignored' is unknown. Section ignored.
### mwldeppc.exe Linker Warning:
#   Section '.ignored' is unknown. Section ignored.
### mwldeppc.exe Linker Warning:
#   Section '.ignored' is unknown. Section ignored.
### mwldeppc.exe Linker Warning:
#   Section '.ignored' is unknown. Section ignored.
### mwldeppc.exe Linker Warning:
#   Section '.ignored' is unknown. Section ignored.
### mwldeppc.exe Linker Warning:
#   Section '.ignored' is unknown. Section ignored.
### mwldeppc.exe Linker Warning:
#   Section '.ignored' is unknown. Section ignored.
### mwldeppc.exe Linker Warning:
#   Section '.ignored' is unknown. Section ignored.
### mwldeppc.exe Linker Warning:
#   Section '.ignored' is unknown. Section ignored.
### mwldeppc.exe Linker Warning:
#   Section '.ignored' is unknown. Section ignored.
### mwldeppc.exe Linker Warning:
#   Section '.ignored' is unknown. Section ignored.
### mwldeppc.exe Linker Warning:
#   Section '.ignored' is unknown. Section ignored.
### mwldeppc.exe Linker Warning:
#   Section '.ignored' is unknown. Section ignored.
### mwldeppc.exe Linker Warning:
#   Section '.ignored' is unknown. Section ignored.
### mwldeppc.exe Linker Warning:
#   Section '.ignored' is unknown. Section ignored.
### mwldeppc.exe Linker Warning:
#   Section '.ignored' is unknown. Section ignored.
### mwldeppc.exe Linker Warning:
#   Section '.ignored' is unknown. Section ignored.
### mwldeppc.exe Linker Warning:
#   Section '.ignored' is unknown. Section ignored.
### mwldeppc.exe Linker Warning:
#   Section '.ignored' is unknown. Section ignored.
### mwldeppc.exe Linker Warning:
#   Section '.ignored' is unknown. Section ignored.
### mwldeppc.exe Linker Warning:
#   Section '.ignored' is unknown. Section ignored.
### mwldeppc.exe Linker Warning:
#   Section '.ignored' is unknown. Section ignored.
### mwldeppc.exe Linker Warning:
#   Section '.ignored' is unknown. Section ignored.
### mwldeppc.exe Linker Warning:
#   Section '.ignored' is unknown. Section ignored.
### mwldeppc.exe Linker Warning:
#   Section '.ignored' is unknown. Section ignored.
### mwldeppc.exe Linker Warning:
#   Section '.ignored' is unknown. Section ignored.
### mwldeppc.exe Linker Warning:
#   Section '.ignored' is unknown. Section ignored.
### mwldeppc.exe Linker Warning:
#   Section '.ignored' is unknown. Section ignored.
### mwldeppc.exe Linker Warning:
#   Section '.ignored' is unknown. Section ignored.
### mwldeppc.exe Linker Warning:
#   Section '.ignored' is unknown. Section ignored.
### mwldeppc.exe Linker Warning:
#   Section '.ignored' is unknown. Section ignored.
### mwldeppc.exe Linker Warning:
#   Section '.ignored' is unknown. Section ignored.
### mwldeppc.exe Linker Warning:
#   Section '.ignored' is unknown. Section ignored.
### mwldeppc.exe Linker Warning:
#   Section '.ignored' is unknown. Section ignored.
### mwldeppc.exe Linker Warning:
#   Section '.ignored' is unknown. Section ignored.
### mwldeppc.exe Linker Warning:
#   Section '.ignored' is unknown. Section ignored.
### mwldeppc.exe Linker Warning:
#   Section '.ignored' is unknown. Section ignored.
### mwldeppc.exe Linker Warning:
#   Section '.ignored' is unknown. Section ignored.
### mwldeppc.exe Linker Warning:
#   Section '.ignored' is unknown. Section ignored.
### mwldeppc.exe Linker Warning:
#   Section '.ignored' is unknown. Section ignored.
### mwldeppc.exe Linker Warning:
#   Section '.ignored' is unknown. Section ignored.
### mwldeppc.exe Linker Warning:
#   Section '.ignored' is unknown. Section ignored.
### mwldeppc.exe Linker Warning:
#   Section '.ignored' is unknown. Section ignored.
### mwldeppc.exe Linker Warning:
#   Section '.ignored' is unknown. Section ignored.
### mwldeppc.exe Linker Warning:
#   Section '.ignored' is unknown. Section ignored.
### mwldeppc.exe Linker Warning:
#   Section '.ignored' is unknown. Section ignored.
### mwldeppc.exe Linker Warning:
#   Section '.ignored' is unknown. Section ignored.
### mwldeppc.exe Linker Warning:
#   Section '.ignored' is unknown. Section ignored.
### mwldeppc.exe Linker Warning:
#   Section '.ignored' is unknown. Section ignored.
### mwldeppc.exe Linker Warning:
#   Section '.ignored' is unknown. Section ignored.
### mwldeppc.exe Linker Warning:
#   Section '.ignored' is unknown. Section ignored.
### mwldeppc.exe Linker Warning:
#   Section '.ignored' is unknown. Section ignored.
### mwldeppc.exe Linker Warning:
#   Section '.ignored' is unknown. Section ignored.
### mwldeppc.exe Linker Warning:
#   Section '.ignored' is unknown. Section ignored.
### mwldeppc.exe Linker Warning:
#   Section '.ignored' is unknown. Section ignored.
### mwldeppc.exe Linker Warning:
#   Section '.ignored' is unknown. Section ignored.
### mwldeppc.exe Linker Warning:
#   Section '.ignored' is unknown. Section ignored.
### mwldeppc.exe Linker Warning:
#   Section '.ignored' is unknown. Section ignored.
### mwldeppc.exe Linker Warning:
#   Section '.ignored' is unknown. Section ignored.
### mwldeppc.exe Linker Warning:
#   Section '.ignored' is unknown. Section ignored.
### mwldeppc.exe Linker Warning:
#   Section '.ignored' is unknown. Section ignored.
### mwldeppc.exe Linker Warning:
#   Section '.ignored' is unknown. Section ignored.
### mwldeppc.exe Linker Warning:
#   Section '.ignored' is unknown. Section ignored.
### mwldeppc.exe Linker Warning:
#   Section '.ignored' is unknown. Section ignored.
### mwldeppc.exe Linker Warning:
#   Section '.ignored' is unknown. Section ignored.
### mwldeppc.exe Linker Warning:
#   Section '.ignored' is unknown. Section ignored.
### mwldeppc.exe Linker Warning:
#   Section '.ignored' is unknown. Section ignored.
### mwldeppc.exe Linker Warning:
#   Section '.ignored' is unknown. Section ignored.
### mwldeppc.exe Linker Warning:
#   Section '.ignored' is unknown. Section ignored.
### mwldeppc.exe Linker Warning:
#   Section '.ignored' is unknown. Section ignored.
### mwldeppc.exe Linker Warning:
#   Section '.ignored' is unknown. Section ignored.
### mwldeppc.exe Linker Warning:
#   Section '.ignored' is unknown. Section ignored.
### mwldeppc.exe Linker Warning:
#   Section '.ignored' is unknown. Section ignored.
### mwldeppc.exe Linker Warning:
#   Section '.ignored' is unknown. Section ignored.
### mwldeppc.exe Linker Warning:
#   Section '.ignored' is unknown. Section ignored.
### mwldeppc.exe Linker Warning:
#   Section '.ignored' is unknown. Section ignored.
### mwldeppc.exe Linker Warning:
#   Section '.ignored' is unknown. Section ignored.
### mwldeppc.exe Linker Warning:
#   Section '.ignored' is unknown. Section ignored.
### mwldeppc.exe Linker Warning:
#   Section '.ignored' is unknown. Section ignored.
### mwldeppc.exe Linker Warning:
#   Section '.ignored' is unknown. Section ignored.
### mwldeppc.exe Linker Warning:
#   Section '.ignored' is unknown. Section ignored.
### mwldeppc.exe Linker Warning:
#   Section '.ignored' is unknown. Section ignored.
### mwldeppc.exe Linker Warning:
#   Section '.ignored' is unknown. Section ignored.
### mwldeppc.exe Linker Warning:
#   Section '.ignored' is unknown. Section ignored.
### mwldeppc.exe Linker Warning:
#   Section '.ignored' is unknown. Section ignored.
### mwldeppc.exe Linker Warning:
#   Section '.ignored' is unknown. Section ignored.
### mwldeppc.exe Linker Warning:
#   Section '.ignored' is unknown. Section ignored.
### mwldeppc.exe Linker Warning:
#   Section '.ignored' is unknown. Section ignored.
### mwldeppc.exe Linker Warning:
#   Section '.ignored' is unknown. Section ignored.
### mwldeppc.exe Linker Warning:
#   Section '.ignored' is unknown. Section ignored.
### mwldeppc.exe Linker Warning:
#   Section '.ignored' is unknown. Section ignored.
### mwldeppc.exe Linker Warning:
#   Section '.ignored' is unknown. Section ignored.
### mwldeppc.exe Linker Warning:
#   Section '.ignored' is unknown. Section ignored.
### mwldeppc.exe Linker Warning:
#   Section '.ignored' is unknown. Section ignored.
### mwldeppc.exe Linker Warning:
#   Section '.ignored' is unknown. Section ignored.
### mwldeppc.exe Linker Warning:
#   Section '.ignored' is unknown. Section ignored.
### mwldeppc.exe Linker Warning:
#   Section '.ignored' is unknown. Section ignored.
### mwldeppc.exe Linker Warning:
#   Section '.ignored' is unknown. Section ignored.
### mwldeppc.exe Linker Warning:
#   Section '.ignored' is unknown. Section ignored.
### mwldeppc.exe Linker Warning:
#   Section '.ignored' is unknown. Section ignored.
### mwldeppc.exe Linker Warning:
#   Section '.ignored' is unknown. Section ignored.
### mwldeppc.exe Linker Warning:
#   Section '.ignored' is unknown. Section ignored.
### mwldeppc.exe Linker Warning:
#   Section '.ignored' is unknown. Section ignored.
### mwldeppc.exe Linker Warning:
#   Section '.ignored' is unknown. Section ignored.
### mwldeppc.exe Linker Warning:
#   Section '.ignored' is unknown. Section ignored.
### mwldeppc.exe Linker Warning:
#   Section '.ignored' is unknown. Section ignored.
### mwldeppc.exe Linker Warning:
#   Section '.ignored' is unknown. Section ignored.
### mwldeppc.exe Linker Warning:
#   Section '.ignored' is unknown. Section ignored.
### mwldeppc.exe Linker Warning:
#   Section '.ignored' is unknown. Section ignored.
### mwldeppc.exe Linker Warning:
#   Section '.ignored' is unknown. Section ignored.
### mwldeppc.exe Linker Warning:
#   Section '.ignored' is unknown. Section ignored.
### mwldeppc.exe Linker Warning:
#   Section '.ignored' is unknown. Section ignored.
### mwldeppc.exe Linker Warning:
#   Section '.ignored' is unknown. Section ignored.
### mwldeppc.exe Linker Warning:
#   Section '.ignored' is unknown. Section ignored.
### mwldeppc.exe Linker Warning:
#   Section '.ignored' is unknown. Section ignored.
### mwldeppc.exe Linker Warning:
#   Section '.ignored' is unknown. Section ignored.
### mwldeppc.exe Linker Warning:
#   Section '.ignored' is unknown. Section ignored.
### mwldeppc.exe Linker Warning:
#   Section '.ignored' is unknown. Section ignored.
### mwldeppc.exe Linker Warning:
#   Section '.ignored' is unknown. Section ignored.
### mwldeppc.exe Linker Warning:
#   Section '.ignored' is unknown. Section ignored.
### mwldeppc.exe Linker Warning:
#   Section '.ignored' is unknown. Section ignored.
### mwldeppc.exe Linker Warning:
#   Section '.ignored' is unknown. Section ignored.
### mwldeppc.exe Linker Warning:
#   Section '.ignored' is unknown. Section ignored.
### mwldeppc.exe Linker Warning:
#   Section '.ignored' is unknown. Section ignored.
### mwldeppc.exe Linker Warning:
#   Section '.ignored' is unknown. Section ignored.
### mwldeppc.exe Linker Warning:
#   Section '.ignored' is unknown. Section ignored.
### mwldeppc.exe Linker Warning:
#   Section '.ignored' is unknown. Section ignored.
### mwldeppc.exe Linker Warning:
#   Section '.ignored' is unknown. Section ignored.
### mwldeppc.exe Linker Warning:
#   Section '.ignored' is unknown. Section ignored.
### mwldeppc.exe Linker Warning:
#   Section '.ignored' is unknown. Section ignored.
### mwldeppc.exe Linker Warning:
#   Section '.ignored' is unknown. Section ignored.
### mwldeppc.exe Linker Warning:
#   Section '.ignored' is unknown. Section ignored.
### mwldeppc.exe Linker Warning:
#   Section '.ignored' is unknown. Section ignored.
### mwldeppc.exe Linker Warning:
#   Section '.ignored' is unknown. Section ignored.
### mwldeppc.exe Linker Warning:
#   Section '.ignored' is unknown. Section ignored.
### mwldeppc.exe Linker Warning:
#   Section '.ignored' is unknown. Section ignored.
### mwldeppc.exe Linker Warning:
#   Section '.ignored' is unknown. Section ignored.
### mwldeppc.exe Linker Warning:
#   Section '.ignored' is unknown. Section ignored.
### mwldeppc.exe Linker Warning:
#   Section '.ignored' is unknown. Section ignored.
### mwldeppc.exe Linker Warning:
#   Section '.ignored' is unknown. Section ignored.
### mwldeppc.exe Linker Warning:
#   Section '.ignored' is unknown. Section ignored.
### mwldeppc.exe Linker Warning:
#   Section '.ignored' is unknown. Section ignored.
### mwldeppc.exe Linker Warning:
#   Section '.ignored' is unknown. Section ignored.
### mwldeppc.exe Linker Warning:
#   Section '.ignored' is unknown. Section ignored.
### mwldeppc.exe Linker Warning:
#   Section '.ignored' is unknown. Section ignored.
### mwldeppc.exe Linker Warning:
#   Section '.ignored' is unknown. Section ignored.
### mwldeppc.exe Linker Warning:
#   Section '.ignored' is unknown. Section ignored.
### mwldeppc.exe Linker Warning:
#   Section '.ignored' is unknown. Section ignored.
### mwldeppc.exe Linker Warning:
#   Section '.ignored' is unknown. Section ignored.
### mwldeppc.exe Linker Warning:
#   Section '.ignored' is unknown. Section ignored.
### mwldeppc.exe Linker Warning:
#   Section '.ignored' is unknown. Section ignored.
### mwldeppc.exe Linker Warning:
#   Section '.ignored' is unknown. Section ignored.
### mwldeppc.exe Linker Warning:
#   Section '.ignored' is unknown. Section ignored.
### mwldeppc.exe Linker Warning:
#   Section '.ignored' is unknown. Section ignored.
### mwldeppc.exe Linker Warning:
#   Section '.ignored' is unknown. Section ignored.
### mwldeppc.exe Linker Warning:
#   Section '.ignored' is unknown. Section ignored.
### mwldeppc.exe Linker Warning:
#   Section '.ignored' is unknown. Section ignored.
### mwldeppc.exe Linker Warning:
#   Section '.ignored' is unknown. Section ignored.
### mwldeppc.exe Linker Warning:
#   Section '.ignored' is unknown. Section ignored.
### mwldeppc.exe Linker Warning:
#   Section '.ignored' is unknown. Section ignored.
### mwldeppc.exe Linker Warning:
#   Section '.ignored' is unknown. Section ignored.
### mwldeppc.exe Linker Warning:
#   Section '.ignored' is unknown. Section ignored.
### mwldeppc.exe Linker Warning:
#   Section '.ignored' is unknown. Section ignored.
### mwldeppc.exe Linker Warning:
#   Section '.ignored' is unknown. Section ignored.
### mwldeppc.exe Linker Warning:
#   Section '.ignored' is unknown. Section ignored.
### mwldeppc.exe Linker Warning:
#   Section '.ignored' is unknown. Section ignored.
### mwldeppc.exe Linker Warning:
#   Section '.ignored' is unknown. Section ignored.
### mwldeppc.exe Linker Warning:
#   Section '.ignored' is unknown. Section ignored.
### mwldeppc.exe Linker Warning:
#   Section '.ignored' is unknown. Section ignored.
### mwldeppc.exe Linker Warning:
#   Section '.ignored' is unknown. Section ignored.
### mwldeppc.exe Linker Warning:
#   Section '.ignored' is unknown. Section ignored.
### mwldeppc.exe Linker Warning:
#   Section '.ignored' is unknown. Section ignored.
### mwldeppc.exe Linker Warning:
#   Section '.ignored' is unknown. Section ignored.
### mwldeppc.exe Linker Warning:
#   Section '.ignored' is unknown. Section ignored.
### mwldeppc.exe Linker Warning:
#   Section '.ignored' is unknown. Section ignored.
### mwldeppc.exe Linker Warning:
#   Section '.ignored' is unknown. Section ignored.
### mwldeppc.exe Linker Warning:
#   Section '.ignored' is unknown. Section ignored.
### mwldeppc.exe Linker Warning:
#   Section '.ignored' is unknown. Section ignored.
### mwldeppc.exe Linker Warning:
#   Section '.ignored' is unknown. Section ignored.
### mwldeppc.exe Linker Warning:
#   Section '.ignored' is unknown. Section ignored.
### mwldeppc.exe Linker Warning:
#   Section '.ignored' is unknown. Section ignored.
### mwldeppc.exe Linker Warning:
#   Section '.ignored' is unknown. Section ignored.
### mwldeppc.exe Linker Warning:
#   Section '.ignored' is unknown. Section ignored.
### mwldeppc.exe Linker Warning:
#   Section '.ignored' is unknown. Section ignored.
### mwldeppc.exe Linker Warning:
#   Section '.ignored' is unknown. Section ignored.
### mwldeppc.exe Linker Warning:
#   Section '.ignored' is unknown. Section ignored.
### mwldeppc.exe Linker Warning:
#   Section '.ignored' is unknown. Section ignored.
### mwldeppc.exe Linker Warning:
#   Section '.ignored' is unknown. Section ignored.
### mwldeppc.exe Linker Warning:
#   Section '.ignored' is unknown. Section ignored.
### mwldeppc.exe Linker Warning:
#   Section '.ignored' is unknown. Section ignored.
### mwldeppc.exe Linker Warning:
#   Section '.ignored' is unknown. Section ignored.
### mwldeppc.exe Linker Warning:
#   Section '.ignored' is unknown. Section ignored.
### mwldeppc.exe Linker Warning:
#   Section '.ignored' is unknown. Section ignored.
### mwldeppc.exe Linker Warning:
#   Section '.ignored' is unknown. Section ignored.
### mwldeppc.exe Linker Warning:
#   Section '.ignored' is unknown. Section ignored.
### mwldeppc.exe Linker Warning:
#   Section '.ignored' is unknown. Section ignored.
### mwldeppc.exe Linker Warning:
#   Section '.ignored' is unknown. Section ignored.
### mwldeppc.exe Linker Warning:
#   Section '.ignored' is unknown. Section ignored.
### mwldeppc.exe Linker Warning:
#   Section '.ignored' is unknown. Section ignored.
### mwldeppc.exe Linker Warning:
#   Section '.ignored' is unknown. Section ignored.
### mwldeppc.exe Linker Warning:
#   Section '.ignored' is unknown. Section ignored.
### mwldeppc.exe Linker Warning:
#   Section '.ignored' is unknown. Section ignored.
### mwldeppc.exe Linker Warning:
#   Section '.ignored' is unknown. Section ignored.
### mwldeppc.exe Linker Warning:
#   Section '.ignored' is unknown. Section ignored.
### mwldeppc.exe Linker Warning:
#   Section '.ignored' is unknown. Section ignored.
### mwldeppc.exe Linker Warning:
#   Section '.ignored' is unknown. Section ignored.
### mwldeppc.exe Linker Warning:
#   Section '.ignored' is unknown. Section ignored.
### mwldeppc.exe Linker Warning:
#   Section '.ignored' is unknown. Section ignored.
### mwldeppc.exe Linker Warning:
#   Section '.ignored' is unknown. Section ignored.
### mwldeppc.exe Linker Warning:
#   Section '.ignored' is unknown. Section ignored.
### mwldeppc.exe Linker Warning:
#   Section '.ignored' is unknown. Section ignored.
### mwldeppc.exe Linker Warning:
#   Section '.ignored' is unknown. Section ignored.
### mwldeppc.exe Linker Warning:
#   Section '.ignored' is unknown. Section ignored.
### mwldeppc.exe Linker Warning:
#   Section '.ignored' is unknown. Section ignored.
### mwldeppc.exe Linker Warning:
#   Section '.ignored' is unknown. Section ignored.
### mwldeppc.exe Linker Warning:
#   Section '.ignored' is unknown. Section ignored.
### mwldeppc.exe Linker Warning:
#   Section '.ignored' is unknown. Section ignored.
### mwldeppc.exe Linker Warning:
#   Section '.ignored' is unknown. Section ignored.
### mwldeppc.exe Linker Warning:
#   Section '.ignored' is unknown. Section ignored.
### mwldeppc.exe Linker Warning:
#   Section '.ignored' is unknown. Section ignored.
### mwldeppc.exe Linker Warning:
#   Section '.ignored' is unknown. Section ignored.
### mwldeppc.exe Linker Warning:
#   Section '.ignored' is unknown. Section ignored.
### mwldeppc.exe Linker Warning:
#   Section '.ignored' is unknown. Section ignored.
### mwldeppc.exe Linker Warning:
#   Section '.ignored' is unknown. Section ignored.
### mwldeppc.exe Linker Warning:
#   Section '.ignored' is unknown. Section ignored.
### mwldeppc.exe Linker Warning:
#   Section '.ignored' is unknown. Section ignored.
### mwldeppc.exe Linker Warning:
#   Section '.ignored' is unknown. Section ignored.
### mwldeppc.exe Linker Warning:
#   Section '.ignored' is unknown. Section ignored.
### mwldeppc.exe Linker Warning:
#   Section '.ignored' is unknown. Section ignored.
### mwldeppc.exe Linker Warning:
#   Section '.ignored' is unknown. Section ignored.
### mwldeppc.exe Linker Warning:
#   Section '.ignored' is unknown. Section ignored.
### mwldeppc.exe Linker Warning:
#   Section '.ignored' is unknown. Section ignored.
### mwldeppc.exe Linker Warning:
#   Section '.ignored' is unknown. Section ignored.
### mwldeppc.exe Linker Warning:
#   Section '.ignored' is unknown. Section ignored.
### mwldeppc.exe Linker Warning:
#   Section '.ignored' is unknown. Section ignored.
### mwldeppc.exe Linker Warning:
#   Section '.ignored' is unknown. Section ignored.
### mwldeppc.exe Linker Warning:
#   Section '.ignored' is unknown. Section ignored.
### mwldeppc.exe Linker Warning:
#   Section '.ignored' is unknown. Section ignored.
### mwldeppc.exe Linker Warning:
#   Section '.ignored' is unknown. Section ignored.
### mwldeppc.exe Linker Warning:
#   Section '.ignored' is unknown. Section ignored.
### mwldeppc.exe Linker Warning:
#   Section '.ignored' is unknown. Section ignored.
### mwldeppc.exe Linker Warning:
#   Section '.ignored' is unknown. Section ignored.
### mwldeppc.exe Linker Warning:
#   Section '.ignored' is unknown. Section ignored.
### mwldeppc.exe Linker Warning:
#   Section '.ignored' is unknown. Section ignored.
### mwldeppc.exe Linker Warning:
#   Section '.ignored' is unknown. Section ignored.
### mwldeppc.exe Linker Warning:
#   Section '.ignored' is unknown. Section ignored.
### mwldeppc.exe Linker Warning:
#   Section '.ignored' is unknown. Section ignored.
### mwldeppc.exe Linker Warning:
#   Section '.ignored' is unknown. Section ignored.
### mwldeppc.exe Linker Warning:
#   Section '.ignored' is unknown. Section ignored.
### mwldeppc.exe Linker Warning:
#   Section '.ignored' is unknown. Section ignored.
### mwldeppc.exe Linker Warning:
#   Section '.ignored' is unknown. Section ignored.
### mwldeppc.exe Linker Warning:
#   Section '.ignored' is unknown. Section ignored.
### mwldeppc.exe Linker Warning:
#   Section '.ignored' is unknown. Section ignored.
### mwldeppc.exe Linker Warning:
#   Section '.ignored' is unknown. Section ignored.
### mwldeppc.exe Linker Warning:
#   Section '.ignored' is unknown. Section ignored.
### mwldeppc.exe Linker Warning:
#   Section '.ignored' is unknown. Section ignored.
### mwldeppc.exe Linker Warning:
#   Section '.ignored' is unknown. Section ignored.
### mwldeppc.exe Linker Warning:
#   Section '.ignored' is unknown. Section ignored.
### mwldeppc.exe Linker Warning:
#   Section '.ignored' is unknown. Section ignored.
### mwldeppc.exe Linker Warning:
#   Section '.ignored' is unknown. Section ignored.
### mwldeppc.exe Linker Warning:
#   Section '.ignored' is unknown. Section ignored.
### mwldeppc.exe Linker Warning:
#   Section '.ignored' is unknown. Section ignored.
### mwldeppc.exe Linker Warning:
#   Section '.ignored' is unknown. Section ignored.
### mwldeppc.exe Linker Warning:
#   Section '.ignored' is unknown. Section ignored.
### mwldeppc.exe Linker Warning:
#   Section '.ignored' is unknown. Section ignored.
### mwldeppc.exe Linker Warning:
#   Section '.ignored' is unknown. Section ignored.
### mwldeppc.exe Linker Warning:
#   Section '.ignored' is unknown. Section ignored.
### mwldeppc.exe Linker Warning:
#   Section '.ignored' is unknown. Section ignored.
### mwldeppc.exe Linker Warning:
#   Section '.ignored' is unknown. Section ignored.
### mwldeppc.exe Linker Warning:
#   Section '.ignored' is unknown. Section ignored.
### mwldeppc.exe Linker Warning:
#   Section '.ignored' is unknown. Section ignored.
### mwldeppc.exe Linker Warning:
#   Section '.ignored' is unknown. Section ignored.
### mwldeppc.exe Linker Warning:
#   Section '.ignored' is unknown. Section ignored.
### mwldeppc.exe Linker Warning:
#   Section '.ignored' is unknown. Section ignored.
### mwldeppc.exe Linker Warning:
#   Section '.ignored' is unknown. Section ignored.
### mwldeppc.exe Linker Warning:
#   Section '.ignored' is unknown. Section ignored.
### mwldeppc.exe Linker Warning:
#   Section '.ignored' is unknown. Section ignored.
### mwldeppc.exe Linker Warning:
#   Section '.ignored' is unknown. Section ignored.
### mwldeppc.exe Linker Warning:
#   Section '.ignored' is unknown. Section ignored.
### mwldeppc.exe Linker Warning:
#   Section '.ignored' is unknown. Section ignored.
### mwldeppc.exe Linker Warning:
#   Section '.ignored' is unknown. Section ignored.
### mwldeppc.exe Linker Warning:
#   Section '.ignored' is unknown. Section ignored.
### mwldeppc.exe Linker Warning:
#   Section '.ignored' is unknown. Section ignored.
### mwldeppc.exe Linker Warning:
#   Section '.ignored' is unknown. Section ignored.
### mwldeppc.exe Linker Warning:
#   Section '.ignored' is unknown. Section ignored.
### mwldeppc.exe Linker Warning:
#   Section '.ignored' is unknown. Section ignored.
### mwldeppc.exe Linker Warning:
#   Section '.ignored' is unknown. Section ignored.
### mwldeppc.exe Linker Warning:
#   Section '.ignored' is unknown. Section ignored.
### mwldeppc.exe Linker Warning:
#   Section '.ignored' is unknown. Section ignored.
### mwldeppc.exe Linker Warning:
#   Section '.ignored' is unknown. Section ignored.
### mwldeppc.exe Linker Warning:
#   Section '.ignored' is unknown. Section ignored.
### mwldeppc.exe Linker Warning:
#   Section '.ignored' is unknown. Section ignored.
### mwldeppc.exe Linker Warning:
#   Section '.ignored' is unknown. Section ignored.
### mwldeppc.exe Linker Warning:
#   Section '.ignored' is unknown. Section ignored.
### mwldeppc.exe Linker Warning:
#   Section '.ignored' is unknown. Section ignored.
### mwldeppc.exe Linker Warning:
#   Section '.ignored' is unknown. Section ignored.
### mwldeppc.exe Linker Warning:
#   Section '.ignored' is unknown. Section ignored.
### mwldeppc.exe Linker Warning:
#   Section '.ignored' is unknown. Section ignored.
### mwldeppc.exe Linker Warning:
#   Section '.ignored' is unknown. Section ignored.
### mwldeppc.exe Linker Warning:
#   Section '.ignored' is unknown. Section ignored.
### mwldeppc.exe Linker Warning:
#   Section '.ignored' is unknown. Section ignored.
### mwldeppc.exe Linker Warning:
#   Section '.ignored' is unknown. Section ignored.
### mwldeppc.exe Linker Warning:
#   Section '.ignored' is unknown. Section ignored.
### mwldeppc.exe Linker Warning:
#   Section '.ignored' is unknown. Section ignored.
### mwldeppc.exe Linker Warning:
#   Section '.ignored' is unknown. Section ignored.
### mwldeppc.exe Linker Warning:
#   Section '.ignored' is unknown. Section ignored.
### mwldeppc.exe Linker Warning:
#   Section '.ignored' is unknown. Section ignored.
### mwldeppc.exe Linker Warning:
#   Section '.ignored' is unknown. Section ignored.
### mwldeppc.exe Linker Warning:
#   Section '.ignored' is unknown. Section ignored.
### mwldeppc.exe Linker Warning:
#   Section '.ignored' is unknown. Section ignored.
### mwldeppc.exe Linker Warning:
#   Section '.ignored' is unknown. Section ignored.
### mwldeppc.exe Linker Warning:
#   Section '.ignored' is unknown. Section ignored.
### mwldeppc.exe Linker Warning:
#   Section '.ignored' is unknown. Section ignored.
### mwldeppc.exe Linker Warning:
#   Section '.ignored' is unknown. Section ignored.
### mwldeppc.exe Linker Warning:
#   Section '.ignored' is unknown. Section ignored.
### mwldeppc.exe Linker Warning:
#   Section '.ignored' is unknown. Section ignored.
### mwldeppc.exe Linker Warning:
#   Section '.ignored' is unknown. Section ignored.
### mwldeppc.exe Linker Warning:
#   Section '.ignored' is unknown. Section ignored.
### mwldeppc.exe Linker Warning:
#   Section '.ignored' is unknown. Section ignored.
### mwldeppc.exe Linker Warning:
#   Section '.ignored' is unknown. Section ignored.
### mwldeppc.exe Linker Warning:
#   Section '.ignored' is unknown. Section ignored.
### mwldeppc.exe Linker Warning:
#   Section '.ignored' is unknown. Section ignored.
### mwldeppc.exe Linker Warning:
#   Section '.ignored' is unknown. Section ignored.
### mwldeppc.exe Linker Warning:
#   Section '.ignored' is unknown. Section ignored.
### mwldeppc.exe Linker Warning:
#   Section '.ignored' is unknown. Section ignored.
### mwldeppc.exe Linker Warning:
#   Section '.ignored' is unknown. Section ignored.
### mwldeppc.exe Linker Warning:
#   Section '.ignored' is unknown. Section ignored.
### mwldeppc.exe Linker Warning:
#   Section '.ignored' is unknown. Section ignored.
### mwldeppc.exe Linker Warning:
#   Section '.ignored' is unknown. Section ignored.
### mwldeppc.exe Linker Warning:
#   Section '.ignored' is unknown. Section ignored.
### mwldeppc.exe Linker Warning:
#   Section '.ignored' is unknown. Section ignored.
### mwldeppc.exe Linker Warning:
#   Section '.ignored' is unknown. Section ignored.
### mwldeppc.exe Linker Warning:
#   Section '.ignored' is unknown. Section ignored.
### mwldeppc.exe Linker Warning:
#   Section '.ignored' is unknown. Section ignored.
### mwldeppc.exe Linker Warning:
#   Section '.ignored' is unknown. Section ignored.
### mwldeppc.exe Linker Warning:
#   Section '.ignored' is unknown. Section ignored.
### mwldeppc.exe Linker Warning:
#   Section '.ignored' is unknown. Section ignored.
### mwldeppc.exe Linker Warning:
#   Section '.ignored' is unknown. Section ignored.
### mwldeppc.exe Linker Warning:
#   Section '.ignored' is unknown. Section ignored.
### mwldeppc.exe Linker Warning:
#   Section '.ignored' is unknown. Section ignored.
### mwldeppc.exe Linker Warning:
#   Section '.ignored' is unknown. Section ignored.
### mwldeppc.exe Linker Warning:
#   Section '.ignored' is unknown. Section ignored.
### mwldeppc.exe Linker Warning:
#   Section '.ignored' is unknown. Section ignored.
### mwldeppc.exe Linker Warning:
#   Section '.ignored' is unknown. Section ignored.
### mwldeppc.exe Linker Warning:
#   Section '.ignored' is unknown. Section ignored.
### mwldeppc.exe Linker Warning:
#   Section '.ignored' is unknown. Section ignored.
### mwldeppc.exe Linker Warning:
#   Section '.ignored' is unknown. Section ignored.
### mwldeppc.exe Linker Warning:
#   Section '.ignored' is unknown. Section ignored.
### mwldeppc.exe Linker Warning:
#   Section '.ignored' is unknown. Section ignored.
### mwldeppc.exe Linker Warning:
#   Section '.ignored' is unknown. Section ignored.
### mwldeppc.exe Linker Warning:
#   Section '.ignored' is unknown. Section ignored.
### mwldeppc.exe Linker Warning:
#   Section '.ignored' is unknown. Section ignored.
### mwldeppc.exe Linker Warning:
#   Section '.ignored' is unknown. Section ignored.
### mwldeppc.exe Linker Warning:
#   Section '.ignored' is unknown. Section ignored.
### mwldeppc.exe Linker Warning:
#   Section '.ignored' is unknown. Section ignored.
### mwldeppc.exe Linker Warning:
#   Section '.ignored' is unknown. Section ignored.
### mwldeppc.exe Linker Warning:
#   Section '.ignored' is unknown. Section ignored.
### mwldeppc.exe Linker Warning:
#   Section '.ignored' is unknown. Section ignored.
### mwldeppc.exe Linker Warning:
#   Section '.ignored' is unknown. Section ignored.
### mwldeppc.exe Linker Warning:
#   Section '.ignored' is unknown. Section ignored.
### mwldeppc.exe Linker Warning:
#   Section '.ignored' is unknown. Section ignored.
### mwldeppc.exe Linker Warning:
#   Section '.ignored' is unknown. Section ignored.
### mwldeppc.exe Linker Warning:
#   Section '.ignored' is unknown. Section ignored.
### mwldeppc.exe Linker Warning:
#   Section '.ignored' is unknown. Section ignored.
### mwldeppc.exe Linker Warning:
#   Section '.ignored' is unknown. Section ignored.
### mwldeppc.exe Linker Warning:
#   Section '.ignored' is unknown. Section ignored.
### mwldeppc.exe Linker Warning:
#   Section '.ignored' is unknown. Section ignored.
### mwldeppc.exe Linker Warning:
#   Section '.ignored' is unknown. Section ignored.
### mwldeppc.exe Linker Warning:
#   Section '.ignored' is unknown. Section ignored.
### mwldeppc.exe Linker Warning:
#   Section '.ignored' is unknown. Section ignored.
### mwldeppc.exe Linker Warning:
#   Section '.ignored' is unknown. Section ignored.
### mwldeppc.exe Linker Warning:
#   Section '.ignored' is unknown. Section ignored.
### mwldeppc.exe Linker Warning:
#   Section '.ignored' is unknown. Section ignored.
### mwldeppc.exe Linker Warning:
#   Section '.ignored' is unknown. Section ignored.
### mwldeppc.exe Linker Warning:
#   Section '.ignored' is unknown. Section ignored.
### mwldeppc.exe Linker Warning:
#   Section '.ignored' is unknown. Section ignored.
### mwldeppc.exe Linker Warning:
#   Section '.ignored' is unknown. Section ignored.
### mwldeppc.exe Linker Warning:
#   Section '.ignored' is unknown. Section ignored.
### mwldeppc.exe Linker Warning:
#   Section '.ignored' is unknown. Section ignored.
### mwldeppc.exe Linker Warning:
#   Section '.ignored' is unknown. Section ignored.
### mwldeppc.exe Linker Warning:
#   Section '.ignored' is unknown. Section ignored.
### mwldeppc.exe Linker Warning:
#   Section '.ignored' is unknown. Section ignored.
### mwldeppc.exe Linker Warning:
#   Section '.ignored' is unknown. Section ignored.
### mwldeppc.exe Linker Warning:
#   Section '.ignored' is unknown. Section ignored.
### mwldeppc.exe Linker Warning:
#   Section '.ignored' is unknown. Section ignored.
### mwldeppc.exe Linker Warning:
#   Section '.ignored' is unknown. Section ignored.
### mwldeppc.exe Linker Warning:
#   Section '.ignored' is unknown. Section ignored.
### mwldeppc.exe Linker Warning:
#   Section '.ignored' is unknown. Section ignored.
### mwldeppc.exe Linker Warning:
#   Section '.ignored' is unknown. Section ignored.
### mwldeppc.exe Linker Warning:
#   Section '.ignored' is unknown. Section ignored.
### mwldeppc.exe Linker Warning:
#   Section '.ignored' is unknown. Section ignored.
### mwldeppc.exe Linker Warning:
#   Section '.ignored' is unknown. Section ignored.
### mwldeppc.exe Linker Warning:
#   Section '.ignored' is unknown. Section ignored.
### mwldeppc.exe Linker Warning:
#   Section '.ignored' is unknown. Section ignored.
### mwldeppc.exe Linker Warning:
#   Section '.ignored' is unknown. Section ignored.
### mwldeppc.exe Linker Warning:
#   Section '.ignored' is unknown. Section ignored.
### mwldeppc.exe Linker Warning:
#   Section '.ignored' is unknown. Section ignored.
### mwldeppc.exe Linker Warning:
#   Section '.ignored' is unknown. Section ignored.
### mwldeppc.exe Linker Warning:
#   Section '.ignored' is unknown. Section ignored.
### mwldeppc.exe Linker Warning:
#   Section '.ignored' is unknown. Section ignored.
### mwldeppc.exe Linker Warning:
#   Section '.ignored' is unknown. Section ignored.
### mwldeppc.exe Linker Warning:
#   Section '.ignored' is unknown. Section ignored.
### mwldeppc.exe Linker Warning:
#   Section '.ignored' is unknown. Section ignored.
### mwldeppc.exe Linker Warning:
#   Section '.ignored' is unknown. Section ignored.
### mwldeppc.exe Linker Warning:
#   Section '.ignored' is unknown. Section ignored.
### mwldeppc.exe Linker Warning:
#   Section '.ignored' is unknown. Section ignored.
### mwldeppc.exe Linker Warning:
#   Section '.ignored' is unknown. Section ignored.
### mwldeppc.exe Linker Warning:
#   Section '.ignored' is unknown. Section ignored.
### mwldeppc.exe Linker Warning:
#   Section '.ignored' is unknown. Section ignored.
### mwldeppc.exe Linker Warning:
#   Section '.ignored' is unknown. Section ignored.
### mwldeppc.exe Linker Warning:
#   Section '.ignored' is unknown. Section ignored.
### mwldeppc.exe Linker Warning:
#   Section '.ignored' is unknown. Section ignored.
### mwldeppc.exe Linker Warning:
#   Section '.ignored' is unknown. Section ignored.
### mwldeppc.exe Linker Warning:
#   Section '.ignored' is unknown. Section ignored.
### mwldeppc.exe Linker Warning:
#   Section '.ignored' is unknown. Section ignored.
### mwldeppc.exe Linker Warning:
#   Section '.ignored' is unknown. Section ignored.
### mwldeppc.exe Linker Warning:
#   Section '.ignored' is unknown. Section ignored.
### mwldeppc.exe Linker Warning:
#   Section '.ignored' is unknown. Section ignored.
### mwldeppc.exe Linker Warning:
#   Section '.ignored' is unknown. Section ignored.
### mwldeppc.exe Linker Warning:
#   Section '.ignored' is unknown. Section ignored.
### mwldeppc.exe Linker Warning:
#   Section '.ignored' is unknown. Section ignored.
### mwldeppc.exe Linker Warning:
#   Section '.ignored' is unknown. Section ignored.
### mwldeppc.exe Linker Warning:
#   Section '.ignored' is unknown. Section ignored.
### mwldeppc.exe Linker Warning:
#   Section '.ignored' is unknown. Section ignored.
### mwldeppc.exe Linker Warning:
#   Section '.ignored' is unknown. Section ignored.
### mwldeppc.exe Linker Warning:
#   Section '.ignored' is unknown. Section ignored.
### mwldeppc.exe Linker Warning:
#   Section '.ignored' is unknown. Section ignored.
### mwldeppc.exe Linker Warning:
#   Section '.ignored' is unknown. Section ignored.
### mwldeppc.exe Linker Warning:
#   Section '.ignored' is unknown. Section ignored.
### mwldeppc.exe Linker Warning:
#   Section '.ignored' is unknown. Section ignored.
### mwldeppc.exe Linker Warning:
#   Section '.ignored' is unknown. Section ignored.
### mwldeppc.exe Linker Warning:
#   Section '.ignored' is unknown. Section ignored.
### mwldeppc.exe Linker Warning:
#   Section '.ignored' is unknown. Section ignored.
### mwldeppc.exe Linker Warning:
#   Section '.ignored' is unknown. Section ignored.
### mwldeppc.exe Linker Warning:
#   Section '.ignored' is unknown. Section ignored.
### mwldeppc.exe Linker Warning:
#   Section '.ignored' is unknown. Section ignored.
### mwldeppc.exe Linker Warning:
#   Section '.ignored' is unknown. Section ignored.
### mwldeppc.exe Linker Warning:
#   Section '.ignored' is unknown. Section ignored.
### mwldeppc.exe Linker Warning:
#   Section '.ignored' is unknown. Section ignored.
### mwldeppc.exe Linker Warning:
#   Section '.ignored' is unknown. Section ignored.
### mwldeppc.exe Linker Warning:
#   Section '.ignored' is unknown. Section ignored.
### mwldeppc.exe Linker Warning:
#   Section '.ignored' is unknown. Section ignored.
### mwldeppc.exe Linker Warning:
#   Section '.ignored' is unknown. Section ignored.
### mwldeppc.exe Linker Warning:
#   Section '.ignored' is unknown. Section ignored.
### mwldeppc.exe Linker Warning:
#   Section '.ignored' is unknown. Section ignored.
### mwldeppc.exe Linker Warning:
#   Section '.ignored' is unknown. Section ignored.
### mwldeppc.exe Linker Warning:
#   Section '.ignored' is unknown. Section ignored.
### mwldeppc.exe Linker Warning:
#   Section '.ignored' is unknown. Section ignored.
### mwldeppc.exe Linker Warning:
#   Section '.ignored' is unknown. Section ignored.
### mwldeppc.exe Linker Warning:
#   Section '.ignored' is unknown. Section ignored.
### mwldeppc.exe Linker Warning:
#   Section '.ignored' is unknown. Section ignored.
### mwldeppc.exe Linker Warning:
#   Section '.ignored' is unknown. Section ignored.
### mwldeppc.exe Linker Warning:
#   Section '.ignored' is unknown. Section ignored.
### mwldeppc.exe Linker Warning:
#   Section '.ignored' is unknown. Section ignored.
### mwldeppc.exe Linker Warning:
#   Section '.ignored' is unknown. Section ignored.
### mwldeppc.exe Linker Warning:
#   Section '.ignored' is unknown. Section ignored.
### mwldeppc.exe Linker Warning:
#   Section '.ignored' is unknown. Section ignored.
### mwldeppc.exe Linker Warning:
#   Section '.ignored' is unknown. Section ignored.
### mwldeppc.exe Linker Warning:
#   Section '.ignored' is unknown. Section ignored.
### mwldeppc.exe Linker Warning:
#   Section '.ignored' is unknown. Section ignored.
### mwldeppc.exe Linker Warning:
#   Section '.ignored' is unknown. Section ignored.
### mwldeppc.exe Linker Warning:
#   Section '.ignored' is unknown. Section ignored.
### mwldeppc.exe Linker Warning:
#   Section '.ignored' is unknown. Section ignored.
### mwldeppc.exe Linker Warning:
#   Section '.ignored' is unknown. Section ignored.
### mwldeppc.exe Linker Warning:
#   Section '.ignored' is unknown. Section ignored.
### mwldeppc.exe Linker Warning:
#   Section '.ignored' is unknown. Section ignored.
### mwldeppc.exe Linker Warning:
#   Section '.ignored' is unknown. Section ignored.
### mwldeppc.exe Linker Warning:
#   Section '.ignored' is unknown. Section ignored.
### mwldeppc.exe Linker Warning:
#   Section '.ignored' is unknown. Section ignored.
### mwldeppc.exe Linker Warning:
#   Section '.ignored' is unknown. Section ignored.
### mwldeppc.exe Linker Warning:
#   Section '.ignored' is unknown. Section ignored.
### mwldeppc.exe Linker Warning:
#   Section '.ignored' is unknown. Section ignored.
### mwldeppc.exe Linker Warning:
#   Section '.ignored' is unknown. Section ignored.
### mwldeppc.exe Linker Warning:
#   Section '.ignored' is unknown. Section ignored.
### mwldeppc.exe Linker Warning:
#   Section '.ignored' is unknown. Section ignored.
### mwldeppc.exe Linker Warning:
#   Section '.ignored' is unknown. Section ignored.
### mwldeppc.exe Linker Warning:
#   Section '.ignored' is unknown. Section ignored.
### mwldeppc.exe Linker Warning:
#   Section '.ignored' is unknown. Section ignored.
### mwldeppc.exe Linker Warning:
#   Section '.ignored' is unknown. Section ignored.
### mwldeppc.exe Linker Warning:
#   Section '.ignored' is unknown. Section ignored.
### mwldeppc.exe Linker Warning:
#   Section '.ignored' is unknown. Section ignored.
### mwldeppc.exe Linker Warning:
#   Section '.ignored' is unknown. Section ignored.
### mwldeppc.exe Linker Warning:
#   Section '.ignored' is unknown. Section ignored.
### mwldeppc.exe Linker Warning:
#   Section '.ignored' is unknown. Section ignored.
### mwldeppc.exe Linker Warning:
#   Section '.ignored' is unknown. Section ignored.
### mwldeppc.exe Linker Warning:
#   Section '.ignored' is unknown. Section ignored.
### mwldeppc.exe Linker Warning:
#   Section '.ignored' is unknown. Section ignored.
### mwldeppc.exe Linker Warning:
#   Section '.ignored' is unknown. Section ignored.
### mwldeppc.exe Linker Warning:
#   Section '.ignored' is unknown. Section ignored.
### mwldeppc.exe Linker Warning:
#   Section '.ignored' is unknown. Section ignored.
### mwldeppc.exe Linker Warning:
#   Section '.ignored' is unknown. Section ignored.
### mwldeppc.exe Linker Warning:
#   Section '.ignored' is unknown. Section ignored.
### mwldeppc.exe Linker Warning:
#   Section '.ignored' is unknown. Section ignored.
### mwldeppc.exe Linker Warning:
#   Section '.ignored' is unknown. Section ignored.
### mwldeppc.exe Linker Warning:
#   Section '.ignored' is unknown. Section ignored.
### mwldeppc.exe Linker Warning:
#   Section '.ignored' is unknown. Section ignored.
### mwldeppc.exe Linker Warning:
#   Section '.ignored' is unknown. Section ignored.
### mwldeppc.exe Linker Warning:
#   Section '.ignored' is unknown. Section ignored.
### mwldeppc.exe Linker Warning:
#   Section '.ignored' is unknown. Section ignored.
### mwldeppc.exe Linker Warning:
#   Section '.ignored' is unknown. Section ignored.
### mwldeppc.exe Linker Warning:
#   Section '.ignored' is unknown. Section ignored.
### mwldeppc.exe Linker Warning:
#   Section '.ignored' is unknown. Section ignored.
### mwldeppc.exe Linker Warning:
#   Section '.ignored' is unknown. Section ignored.
### mwldeppc.exe Linker Warning:
#   Section '.ignored' is unknown. Section ignored.
### mwldeppc.exe Linker Warning:
#   Section '.ignored' is unknown. Section ignored.
### mwldeppc.exe Linker Warning:
#   Section '.ignored' is unknown. Section ignored.
### mwldeppc.exe Linker Warning:
#   Section '.ignored' is unknown. Section ignored.
### mwldeppc.exe Linker Warning:
#   Section '.ignored' is unknown. Section ignored.
### mwldeppc.exe Linker Warning:
#   Section '.ignored' is unknown. Section ignored.
### mwldeppc.exe Linker Warning:
#   Section '.ignored' is unknown. Section ignored.
### mwldeppc.exe Linker Warning:
#   Section '.ignored' is unknown. Section ignored.
### mwldeppc.exe Linker Warning:
#   Section '.ignored' is unknown. Section ignored.
### mwldeppc.exe Linker Warning:
#   Section '.ignored' is unknown. Section ignored.
[972/976] DOL build/GEDE01/main.dol
[973/976] CHECK config/GEDE01/build.sha1
build/GEDE01/main.dol: OK
[974/976] PROGRESS
Progress:
  All: 61.11% fuzzy, 51.97% matched, 51.89% linked (6397 / 7090 files)
    Code: 1195600 / 2300692 bytes (6164 / 8214 functions)
    Data: 39886 / 4305642 bytes (0.93%)
  Game Code: 98.03% fuzzy, 83.32% matched, 83.20% linked (6379 / 6654 files)
    Code: 1192572 / 1431288 bytes (6102 / 6375 functions)
    Data: 39662 / 40542 bytes (97.83%)
  SDK/Runtime: 100.00% fuzzy, 100.00% matched, 100.00% linked (18 / 18 files)
    Code: 3028 / 3028 bytes (62 / 62 functions)
    Data: 224 / 224 bytes (100.00%)
[1/1] MWCC build/GEDE01/src/game/game_fn_80208310.o
[1/1] RUN configure.py
[1/964] MWCC build/GEDE01/src/game/game_fn_80008014.o
[2/964] MWCC build/GEDE01/src/game/game_fn_800094C0.o
[3/964] MWCC build/GEDE01/src/game/game_fn_800096E0.o
[4/964] MWCC build/GEDE01/src/game/game_fn_800098C0.o
[5/964] MWCC build/GEDE01/src/game/game_fn_800099D8.o
[6/964] MWCC build/GEDE01/src/game/game_fn_80009AB4.o
[7/964] MWCC build/GEDE01/src/game/game_fn_8000A26C.o
[8/964] MWCC build/GEDE01/src/game/game_fn_8000AC88.o
[9/964] MWCC build/GEDE01/src/game/game_fn_8000AEB4.o
[10/964] MWCC build/GEDE01/src/game/game_fn_8000AFB4.o
[11/964] MWCC build/GEDE01/src/game/game_fn_8000B1B8.o
[12/964] MWCC build/GEDE01/src/game/game_fn_8000B36C.o
[13/964] MWCC build/GEDE01/src/game/game_fn_8000B630.o
[14/964] MWCC build/GEDE01/src/game/game_fn_8000B7FC.o
[15/964] MWCC build/GEDE01/src/game/game_fn_8000B900.o
[16/964] MWCC build/GEDE01/src/game/game_fn_8000BA0C.o
[17/964] MWCC build/GEDE01/src/game/game_fn_8000BAA0.o
[18/964] MWCC build/GEDE01/src/game/game_fn_8000BC40.o
[19/964] MWCC build/GEDE01/src/game/game_fn_8000C06C.o
[20/964] MWCC build/GEDE01/src/game/game_fn_8000C17C.o
[21/964] MWCC build/GEDE01/src/game/game_fn_8000C400.o
[22/964] MWCC build/GEDE01/src/game/game_fn_8000C848.o
[23/964] MWCC build/GEDE01/src/game/game_fn_8000C91C.o
[24/964] MWCC build/GEDE01/src/game/game_fn_8000D0BC.o
[25/964] MWCC build/GEDE01/src/game/game_fn_8000D3D4.o
[26/964] MWCC build/GEDE01/src/game/game_fn_8000D590.o
[27/964] MWCC build/GEDE01/src/game/game_fn_8000D8A4.o
[28/964] MWCC build/GEDE01/src/game/game_fn_8000DA50.o
[29/964] MWCC build/GEDE01/src/game/game_fn_8000DAF4.o
[30/964] MWCC build/GEDE01/src/game/game_fn_8000E054.o
[31/964] MWCC build/GEDE01/src/game/game_fn_8000E0AC.o
[32/964] MWCC build/GEDE01/src/game/game_fn_8000E138.o
[33/964] MWCC build/GEDE01/src/game/game_fn_8000E1C4.o
[34/964] MWCC build/GEDE01/src/game/game_fn_8000E96C.o
[35/964] MWCC build/GEDE01/src/game/game_fn_8000EB14.o
[36/964] MWCC build/GEDE01/src/game/game_fn_8000EBD4.o
[37/964] MWCC build/GEDE01/src/game/game_fn_8000ED44.o
[38/964] MWCC build/GEDE01/src/game/game_fn_8000EFC4.o
[39/964] MWCC build/GEDE01/src/game/game_fn_8000F4B0.o
[40/964] MWCC build/GEDE01/src/game/game_fn_8000F774.o
[41/964] MWCC build/GEDE01/src/game/game_fn_8000FDE8.o
[42/964] MWCC build/GEDE01/src/game/game_fn_8000FFD8.o
[43/964] MWCC build/GEDE01/src/game/game_fn_800119FC.o
[44/964] MWCC build/GEDE01/src/game/game_fn_80012DA8.o
[45/964] MWCC build/GEDE01/src/game/game_fn_80012F40.o
[46/964] MWCC build/GEDE01/src/game/game_fn_80012FD0.o
[47/964] MWCC build/GEDE01/src/game/game_fn_800131E8.o
[48/964] MWCC build/GEDE01/src/game/game_fn_80013340.o
[49/964] MWCC build/GEDE01/src/game/game_fn_80013870.o
[50/964] MWCC build/GEDE01/src/game/game_fn_80013CB0.o
[51/964] MWCC build/GEDE01/src/game/game_fn_80013D54.o
[52/964] MWCC build/GEDE01/src/game/game_fn_800144CC.o
[53/964] MWCC build/GEDE01/src/game/game_fn_800142DC.o
[54/964] MWCC build/GEDE01/src/game/game_fn_800149D4.o
[55/964] MWCC build/GEDE01/src/game/game_fn_80014784.o
[56/964] MWCC build/GEDE01/src/game/game_fn_80015058.o
[57/964] MWCC build/GEDE01/src/game/game_fn_80015320.o
[58/964] MWCC build/GEDE01/src/game/game_fn_80015568.o
[59/964] MWCC build/GEDE01/src/game/game_fn_800156FC.o
[60/964] MWCC build/GEDE01/src/game/game_fn_80015BE0.o
[61/964] MWCC build/GEDE01/src/game/game_fn_80015D40.o
[62/964] MWCC build/GEDE01/src/game/game_fn_80015F04.o
[63/964] MWCC build/GEDE01/src/game/game_fn_80016128.o
[64/964] MWCC build/GEDE01/src/game/game_fn_80016270.o
[65/964] MWCC build/GEDE01/src/game/game_fn_80016904.o
[66/964] MWCC build/GEDE01/src/game/game_fn_80016B24.o
[67/964] MWCC build/GEDE01/src/game/game_fn_800171C0.o
[68/964] MWCC build/GEDE01/src/game/game_fn_800173CC.o
[69/964] MWCC build/GEDE01/src/game/game_fn_800176F0.o
[70/964] MWCC build/GEDE01/src/game/game_fn_80017910.o
[71/964] MWCC build/GEDE01/src/game/game_fn_800179AC.o
[72/964] MWCC build/GEDE01/src/game/game_fn_80017A3C.o
[73/964] MWCC build/GEDE01/src/game/game_fn_80017AE4.o
[74/964] MWCC build/GEDE01/src/game/game_fn_80017C3C.o
[75/964] MWCC build/GEDE01/src/game/game_fn_80017CC8.o
[76/964] MWCC build/GEDE01/src/game/game_fn_80017DB0.o
[77/964] MWCC build/GEDE01/src/game/game_fn_80018EF4.o
[78/964] MWCC build/GEDE01/src/game/game_fn_80019054.o
[79/964] MWCC build/GEDE01/src/game/game_fn_80019244.o
[80/964] MWCC build/GEDE01/src/game/game_fn_800194D0.o
[81/964] MWCC build/GEDE01/src/game/game_fn_80019940.o
[82/964] MWCC build/GEDE01/src/game/game_fn_80019C10.o
[83/964] MWCC build/GEDE01/src/game/game_fn_80019D2C.o
[84/964] MWCC build/GEDE01/src/game/game_fn_80019F98.o
[85/964] MWCC build/GEDE01/src/game/game_fn_8001A6C4.o
[86/964] MWCC build/GEDE01/src/game/game_fn_8001AAB8.o
[87/964] MWCC build/GEDE01/src/game/game_fn_8001ADF8.o
[88/964] MWCC build/GEDE01/src/game/game_fn_8001AF68.o
[89/964] MWCC build/GEDE01/src/game/game_fn_8001B124.o
[90/964] MWCC build/GEDE01/src/game/game_fn_8001B294.o
[91/964] MWCC build/GEDE01/src/game/game_fn_8001B808.o
[92/964] MWCC build/GEDE01/src/game/game_fn_8001B874.o
[93/964] MWCC build/GEDE01/src/game/game_fn_8001C078.o
[94/964] MWCC build/GEDE01/src/game/game_fn_8001CA04.o
[95/964] MWCC build/GEDE01/src/game/game_fn_8001CD58.o
[96/964] MWCC build/GEDE01/src/game/game_fn_8001CE94.o
[97/964] MWCC build/GEDE01/src/game/game_fn_8001E644.o
[98/964] MWCC build/GEDE01/src/game/game_fn_8001FE1C.o
[99/964] MWCC build/GEDE01/src/game/game_fn_80020E94.o
[100/964] MWCC build/GEDE01/src/game/game_fn_80024F28.o
[101/964] MWCC build/GEDE01/src/game/game_fn_800272B4.o
[102/964] MWCC build/GEDE01/src/game/game_fn_8002B748.o
[103/964] MWCC build/GEDE01/src/game/game_fn_8002DAE0.o
[104/964] MWCC build/GEDE01/src/game/game_fn_8002E3F0.o
[105/964] MWCC build/GEDE01/src/game/game_fn_8002EA68.o
[106/964] MWCC build/GEDE01/src/game/game_fn_8002F428.o
[107/964] MWCC build/GEDE01/src/game/game_fn_80031544.o
[108/964] MWCC build/GEDE01/src/game/game_fn_80032B84.o
[109/964] MWCC build/GEDE01/src/game/game_fn_8003232C.o
[110/964] MWCC build/GEDE01/src/game/game_fn_80033180.o
[111/964] MWCC build/GEDE01/src/game/game_fn_80033038.o
[112/964] MWCC build/GEDE01/src/game/game_fn_800361F8.o
[113/964] MWCC build/GEDE01/src/game/game_fn_800359A0.o
[114/964] MWCC build/GEDE01/src/game/game_fn_80036C40.o
[115/964] MWCC build/GEDE01/src/game/game_fn_80038878.o
[116/964] MWCC build/GEDE01/src/game/game_fn_80048ADC.o
[117/964] MWCC build/GEDE01/src/game/game_fn_80048B24.o
[118/964] MWCC build/GEDE01/src/game/game_fn_8004998C.o
[119/964] MWCC build/GEDE01/src/game/game_fn_80050B08.o
[120/964] MWCC build/GEDE01/src/game/game_fn_80052310.o
[121/964] MWCC build/GEDE01/src/game/game_fn_800542D0.o
[122/964] MWCC build/GEDE01/src/game/game_fn_8005EC6C.o
[123/964] MWCC build/GEDE01/src/game/game_fn_8005EE9C.o
[124/964] MWCC build/GEDE01/src/game/game_fn_8005EF94.o
[125/964] MWCC build/GEDE01/src/game/game_data_80239E10.o
[126/964] MWCC build/GEDE01/src/game/game_data_80239E18.o
[127/964] MWCC build/GEDE01/src/game/game_fn_8005FD84.o
[128/964] MWCC build/GEDE01/src/game/game_fn_80066888.o
[129/964] MWCC build/GEDE01/src/game/game_fn_80066E78.o
[130/964] MWCC build/GEDE01/src/game/game_fn_8006B0F0.o
[131/964] MWCC build/GEDE01/src/game/game_fn_8006E53C.o
[132/964] MWCC build/GEDE01/src/game/game_fn_8006B620.o
[133/964] MWCC build/GEDE01/src/game/game_fn_80071A58.o
[134/964] MWCC build/GEDE01/src/game/game_fn_80074310.o
[135/964] MWCC build/GEDE01/src/game/game_fn_80078500.o
[136/964] MWCC build/GEDE01/src/game/game_fn_80079908.o
[137/964] MWCC build/GEDE01/src/game/game_fn_80079AA4.o
[138/964] MWCC build/GEDE01/src/game/game_fn_8007B2F4.o
[139/964] MWCC build/GEDE01/src/game/game_fn_8007B640.o
[140/964] MWCC build/GEDE01/src/game/game_fn_8007B540.o
[141/964] MWCC build/GEDE01/src/game/game_fn_8007BA3C.o
[142/964] MWCC build/GEDE01/src/game/game_fn_8007B828.o
[143/964] MWCC build/GEDE01/src/game/game_fn_8007F770.o
[144/964] MWCC build/GEDE01/src/game/game_fn_8007D4D8.o
[145/964] MWCC build/GEDE01/src/game/game_fn_80088060.o
[146/964] MWCC build/GEDE01/src/game/game_fn_800886D8.o
[147/964] MWCC build/GEDE01/src/game/game_fn_80088F4C.o
[148/964] MWCC build/GEDE01/src/game/game_fn_80089A34.o
[149/964] MWCC build/GEDE01/src/game/game_fn_8008A2E0.o
[150/964] MWCC build/GEDE01/src/game/game_fn_8008F224.o
[151/964] MWCC build/GEDE01/src/game/game_fn_8008F890.o
[152/964] MWCC build/GEDE01/src/game/game_fn_80090004.o
[153/964] MWCC build/GEDE01/src/game/game_fn_800934A0.o
[154/964] MWCC build/GEDE01/src/game/game_fn_80095D10.o
[155/964] MWCC build/GEDE01/src/game/game_fn_80095E64.o
[156/964] MWCC build/GEDE01/src/game/game_fn_80095FDC.o
[157/964] MWCC build/GEDE01/src/game/game_fn_80096830.o
[158/964] MWCC build/GEDE01/src/game/game_fn_8009C424.o
[159/964] MWCC build/GEDE01/src/game/game_fn_8009E808.o
[160/964] MWCC build/GEDE01/src/game/game_fn_800A2130.o
[161/964] MWCC build/GEDE01/src/game/game_fn_800A2B8C.o
[162/964] MWCC build/GEDE01/src/game/game_fn_800A2FCC.o
[163/964] MWCC build/GEDE01/src/game/game_fn_800A3180.o
[164/964] MWCC build/GEDE01/src/game/game_fn_800A3894.o
[165/964] MWCC build/GEDE01/src/game/game_fn_800A4798.o
[166/964] MWCC build/GEDE01/src/game/game_fn_800A4428.o
[167/964] MWCC build/GEDE01/src/game/game_fn_800A7E88.o
[168/964] MWCC build/GEDE01/src/game/game_fn_800AF230.o
[169/964] MWCC build/GEDE01/src/game/game_fn_800B2EC0.o
[170/964] MWCC build/GEDE01/src/game/game_fn_800BB5C4.o
[171/964] MWCC build/GEDE01/src/game/game_fn_800BB7A8.o
[172/964] MWCC build/GEDE01/src/game/game_fn_800BB9A4.o
[173/964] MWCC build/GEDE01/src/game/game_fn_800BBAF0.o
[174/964] MWCC build/GEDE01/src/game/game_fn_800C030C.o
[175/964] MWCC build/GEDE01/src/game/game_fn_800C17EC.o
[176/964] MWCC build/GEDE01/src/game/game_fn_800C59F0.o
[177/964] MWCC build/GEDE01/src/game/game_fn_800C644C.o
[178/964] MWCC build/GEDE01/src/game/game_fn_800C65FC.o
[179/964] MWCC build/GEDE01/src/game/game_fn_800C9C60.o
[180/964] MWCC build/GEDE01/src/game/game_fn_800CB760.o
[181/964] MWCC build/GEDE01/src/game/game_fn_800CB8F4.o
[182/964] MWCC build/GEDE01/src/game/game_fn_800CF598.o
[183/964] MWCC build/GEDE01/src/game/game_fn_800D9064.o
[184/964] MWCC build/GEDE01/src/game/game_fn_800D9E10.o
[185/964] MWCC build/GEDE01/src/game/game_fn_800DC4D4.o
[186/964] MWCC build/GEDE01/src/game/game_fn_800E4980.o
[187/964] MWCC build/GEDE01/src/game/game_TRKNubWelcome.o
[188/964] MWCC build/GEDE01/src/game/game_TRK_main.o
[189/964] MWCC build/GEDE01/src/game/game_InitMetroTRKCommTable.o
[190/964] MWCC build/GEDE01/src/game/game_fn_800FD0C8.o
[191/964] MWCC build/GEDE01/src/game/game_fn_8010242C.o
[192/964] MWCC build/GEDE01/src/game/game_fn_801098C0.o
[193/964] MWCC build/GEDE01/src/game/game_fn_8010F184.o
[194/964] MWCC build/GEDE01/src/game/game_fn_801126E0.o
[195/964] MWCC build/GEDE01/src/game/game_fn_801128E4.o
[196/964] MWCC build/GEDE01/src/game/game_fn_801141B8.o
[197/964] MWCC build/GEDE01/src/game/game_fn_80119C70.o
[198/964] MWCC build/GEDE01/src/game/game_fn_8011EE04.o
[199/964] MWCC build/GEDE01/src/game/game_fn_8011F140.o
[200/964] MWCC build/GEDE01/src/game/game_fn_801247F8.o
[201/964] MWCC build/GEDE01/src/game/game_fn_80126A00.o
[202/964] MWCC build/GEDE01/src/game/game_fn_8012976C.o
[203/964] MWCC build/GEDE01/src/game/game_fn_8012DB28.o
[204/964] MWCC build/GEDE01/src/game/game_fn_8013CBE4.o
[205/964] MWCC build/GEDE01/src/game/game_fn_8013D6A4.o
[206/964] MWCC build/GEDE01/src/game/game_fn_8013DB8C.o
[207/964] MWCC build/GEDE01/src/game/game_fn_8014549C.o
[208/964] MWCC build/GEDE01/src/game/game_fn_8014AF38.o
[209/964] MWCC build/GEDE01/src/game/game_fn_8014B494.o
[210/964] MWCC build/GEDE01/src/game/game_fn_8014BA14.o
[211/964] MWCC build/GEDE01/src/game/game_fn_8014CA98.o
[212/964] MWCC build/GEDE01/src/game/game_fn_80150400.o
[213/964] MWCC build/GEDE01/src/game/game_fn_80150A24.o
[214/964] MWCC build/GEDE01/src/game/game_fn_80150F20.o
[215/964] MWCC build/GEDE01/src/game/game_fn_80151D00.o
[216/964] MWCC build/GEDE01/src/game/game_fn_80151600.o
[217/964] MWCC build/GEDE01/src/game/game_fn_80153898.o
[218/964] MWCC build/GEDE01/src/game/game_fn_801535D8.o
[219/964] MWCC build/GEDE01/src/game/game_fn_80154F74.o
[220/964] MWCC build/GEDE01/src/game/game_fn_80153A24.o
[221/964] MWCC build/GEDE01/src/game/game_fn_80155814.o
[222/964] MWCC build/GEDE01/src/game/game_fn_80157C0C.o
[223/964] MWCC build/GEDE01/src/game/game_fn_80158B20.o
[224/964] MWCC build/GEDE01/src/game/game_fn_80158D38.o
[225/964] MWCC build/GEDE01/src/game/game_fn_8015DB84.o
[226/964] MWCC build/GEDE01/src/game/game_fn_8015DC54.o
[227/964] MWCC build/GEDE01/src/game/game_fn_8015EDC0.o
[228/964] MWCC build/GEDE01/src/game/game_fn_80167454.o
[229/964] MWCC build/GEDE01/src/game/game_fn_80167B5C.o
[230/964] MWCC build/GEDE01/src/game/game_fn_80169650.o
[231/964] MWCC build/GEDE01/src/game/game_fn_8016BD0C.o
[232/964] MWCC build/GEDE01/src/game/game_fn_8016BE1C.o
[233/964] MWCC build/GEDE01/src/game/game_fn_8016BF60.o
[234/964] MWCC build/GEDE01/src/game/game_fn_8016C0BC.o
[235/964] MWCC build/GEDE01/src/game/game_fn_8016C164.o
[236/964] MWCC build/GEDE01/src/game/game_fn_8016C238.o
[237/964] MWCC build/GEDE01/src/game/game_fn_8016C4BC.o
[238/964] MWCC build/GEDE01/src/game/game_fn_8016C774.o
[239/964] MWCC build/GEDE01/src/game/game_fn_8016D040.o
[240/964] MWCC build/GEDE01/src/game/game_fn_8016D1F8.o
[241/964] MWCC build/GEDE01/src/game/game_fn_8016D2B8.o
[242/964] MWCC build/GEDE01/src/game/game_fn_8016D9C0.o
[243/964] MWCC build/GEDE01/src/game/game_fn_8016DF4C.o
[244/964] MWCC build/GEDE01/src/game/game_fn_8016E8F8.o
[245/964] MWCC build/GEDE01/src/game/game_fn_8017038C.o
[246/964] MWCC build/GEDE01/src/game/game_fn_8016FEF8.o
[247/964] MWCC build/GEDE01/src/game/game_fn_801706DC.o
[248/964] MWCC build/GEDE01/src/game/game_fn_801704F8.o
[249/964] MWCC build/GEDE01/src/game/game_fn_80170A40.o
[250/964] MWCC build/GEDE01/src/game/game_fn_80170DF4.o
[251/964] MWCC build/GEDE01/src/game/game_fn_80170E9C.o
[252/964] MWCC build/GEDE01/src/game/game_fn_8017138C.o
[253/964] MWCC build/GEDE01/src/game/game_fn_80171664.o
[254/964] MWCC build/GEDE01/src/game/game_fn_801718F4.o
[255/964] MWCC build/GEDE01/src/game/game_fn_801719B4.o
[256/964] MWCC build/GEDE01/src/game/game_fn_80171F30.o
[257/964] MWCC build/GEDE01/src/game/game_fn_801726EC.o
[258/964] MWCC build/GEDE01/src/game/game_fn_8017250C.o
[259/964] MWCC build/GEDE01/src/game/game_fn_80172C78.o
[260/964] MWCC build/GEDE01/src/game/game_fn_80172BB0.o
[261/964] MWCC build/GEDE01/src/game/game_fn_80172DB8.o
[262/964] MWCC build/GEDE01/src/game/game_fn_80173270.o
[263/964] MWCC build/GEDE01/src/game/game_fn_801734B4.o
[264/964] MWCC build/GEDE01/src/game/game_fn_80173770.o
[265/964] MWCC build/GEDE01/src/game/game_fn_80173D44.o
[266/964] MWCC build/GEDE01/src/game/game_fn_80173BDC.o
[267/964] MWCC build/GEDE01/src/game/game_fn_80173F04.o
[268/964] MWCC build/GEDE01/src/game/game_fn_80174184.o
[269/964] MWCC build/GEDE01/src/game/game_fn_80174358.o
[270/964] MWCC build/GEDE01/src/game/game_fn_80174F2C.o
[271/964] MWCC build/GEDE01/src/game/game_fn_8017553C.o
[272/964] MWCC build/GEDE01/src/game/game_fn_801752B0.o
[273/964] MWCC build/GEDE01/src/game/game_fn_80175E64.o
[274/964] MWCC build/GEDE01/src/game/game_fn_80175A08.o
[275/964] MWCC build/GEDE01/src/game/game_fn_80175FD4.o
[276/964] MWCC build/GEDE01/src/game/game_fn_80175F0C.o
[277/964] MWCC build/GEDE01/src/game/game_fn_80176098.o
[278/964] MWCC build/GEDE01/src/game/game_fn_80176160.o
[279/964] MWCC build/GEDE01/src/game/game_fn_801762E8.o
[280/964] MWCC build/GEDE01/src/game/game_fn_80176220.o
[281/964] MWCC build/GEDE01/src/game/game_fn_8017652C.o
[282/964] MWCC build/GEDE01/src/game/game_fn_80176DF4.o
[283/964] MWCC build/GEDE01/src/game/game_fn_80176FA0.o
[284/964] MWCC build/GEDE01/src/game/game_fn_801770F8.o
[285/964] MWCC build/GEDE01/src/game/game_fn_8017718C.o
[286/964] MWCC build/GEDE01/src/game/game_fn_80177434.o
[287/964] MWCC build/GEDE01/src/game/game_fn_80178F88.o
[288/964] MWCC build/GEDE01/src/game/game_fn_80179398.o
[289/964] MWCC build/GEDE01/src/game/game_fn_8017960C.o
[290/964] MWCC build/GEDE01/src/game/game_fn_80179904.o
[291/964] MWCC build/GEDE01/src/game/game_fn_8017974C.o
[292/964] MWCC build/GEDE01/src/game/game_fn_80179A74.o
[293/964] MWCC build/GEDE01/src/game/game_fn_80179A18.o
[294/964] MWCC build/GEDE01/src/game/game_fn_80179EB8.o
[295/964] MWCC build/GEDE01/src/game/game_fn_80179F20.o
[296/964] MWCC build/GEDE01/src/game/game_fn_8017A010.o
[297/964] MWCC build/GEDE01/src/game/game_fn_8017A12C.o
[298/964] MWCC build/GEDE01/src/game/game_fn_8017A1C0.o
[299/964] MWCC build/GEDE01/src/game/game_fn_8017A9B8.o
[300/964] MWCC build/GEDE01/src/game/game_fn_8017AC20.o
[301/964] MWCC build/GEDE01/src/game/game_fn_8017E850.o
[302/964] MWCC build/GEDE01/src/game/game_fn_8017E958.o
[303/964] MWCC build/GEDE01/src/game/game_fn_80180DDC.o
[304/964] MWCC build/GEDE01/src/game/game_fn_801810A0.o
[305/964] MWCC build/GEDE01/src/game/game_fn_801816D4.o
[306/964] MWCC build/GEDE01/src/game/game_fn_801857B4.o
[307/964] MWCC build/GEDE01/src/game/game_fn_801859FC.o
[308/964] MWCC build/GEDE01/src/game/game_fn_80185F10.o
[309/964] MWCC build/GEDE01/src/game/game_fn_80185AE8.o
[310/964] MWCC build/GEDE01/src/game/game_fn_801865EC.o
[311/964] MWCC build/GEDE01/src/game/game_fn_801861C4.o
[312/964] MWCC build/GEDE01/src/game/game_fn_8018680C.o
[313/964] MWCC build/GEDE01/src/game/game_fn_80186E10.o
[314/964] MWCC build/GEDE01/src/game/game_fn_80186F70.o
[315/964] MWCC build/GEDE01/src/game/game_fn_80187120.o
[316/964] MWCC build/GEDE01/src/game/game_fn_80187320.o
[317/964] MWCC build/GEDE01/src/game/game_fn_801875FC.o
[318/964] MWCC build/GEDE01/src/game/game_fn_801878E0.o
[319/964] MWCC build/GEDE01/src/game/game_fn_80187BB4.o
[320/964] MWCC build/GEDE01/src/game/game_fn_80187E40.o
[321/964] MWCC build/GEDE01/src/game/game_fn_80188A7C.o
[322/964] MWCC build/GEDE01/src/game/game_fn_80188C1C.o
[323/964] MWCC build/GEDE01/src/game/game_fn_80188B44.o
[324/964] MWCC build/GEDE01/src/game/game_fn_80188E28.o
[325/964] MWCC build/GEDE01/src/game/game_fn_80189028.o
[326/964] MWCC build/GEDE01/src/game/game_fn_801891D8.o
[327/964] MWCC build/GEDE01/src/game/game_fn_80189390.o
[328/964] MWCC build/GEDE01/src/game/game_fn_801895E8.o
[329/964] MWCC build/GEDE01/src/game/game_fn_801896A0.o
[330/964] MWCC build/GEDE01/src/game/game_fn_80189760.o
[331/964] MWCC build/GEDE01/src/game/game_fn_80189968.o
[332/964] MWCC build/GEDE01/src/game/game_fn_80189C14.o
[333/964] MWCC build/GEDE01/src/game/game_fn_8018C2D0.o
[334/964] MWCC build/GEDE01/src/game/game_fn_8018D1F0.o
[335/964] MWCC build/GEDE01/src/game/game_fn_8018D2E0.o
[336/964] MWCC build/GEDE01/src/game/game_fn_8018D400.o
[337/964] MWCC build/GEDE01/src/game/game_fn_8018D688.o
[338/964] MWCC build/GEDE01/src/game/game_fn_8018DC24.o
[339/964] MWCC build/GEDE01/src/game/game_fn_8018E0D8.o
[340/964] MWCC build/GEDE01/src/game/game_fn_8018F1D0.o
[341/964] MWCC build/GEDE01/src/game/game_fn_8018F81C.o
[342/964] MWCC build/GEDE01/src/game/game_fn_8018FEDC.o
[343/964] MWCC build/GEDE01/src/game/game_fn_8019120C.o
[344/964] MWCC build/GEDE01/src/game/game_fn_80191360.o
[345/964] MWCC build/GEDE01/src/game/game_fn_801916D0.o
[346/964] MWCC build/GEDE01/src/game/game_fn_80191F58.o
[347/964] MWCC build/GEDE01/src/game/game_fn_8019197C.o
[348/964] MWCC build/GEDE01/src/game/game_fn_801926EC.o
[349/964] MWCC build/GEDE01/src/game/game_fn_801929A4.o
[350/964] MWCC build/GEDE01/src/game/game_fn_80192F54.o
[351/964] MWCC build/GEDE01/src/game/game_fn_801931C4.o
[352/964] MWCC build/GEDE01/src/game/game_fn_80193E1C.o
[353/964] MWCC build/GEDE01/src/game/game_fn_80193F3C.o
[354/964] MWCC build/GEDE01/src/game/game_fn_80194F80.o
[355/964] MWCC build/GEDE01/src/game/game_fn_801952E8.o
[356/964] MWCC build/GEDE01/src/game/game_fn_80197910.o
[357/964] MWCC build/GEDE01/src/game/game_fn_80198154.o
[358/964] MWCC build/GEDE01/src/game/game_fn_80198AAC.o
[359/964] MWCC build/GEDE01/src/game/game_fn_801991E0.o
[360/964] MWCC build/GEDE01/src/game/game_fn_80198BF4.o
[361/964] MWCC build/GEDE01/src/game/game_fn_8019B1BC.o
[362/964] MWCC build/GEDE01/src/game/game_fn_8019CC28.o
[363/964] MWCC build/GEDE01/src/game/game_fn_8019CFC4.o
[364/964] MWCC build/GEDE01/src/game/game_fn_8019E0B0.o
[365/964] MWCC build/GEDE01/src/game/game_fn_8019E5E4.o
[366/964] MWCC build/GEDE01/src/game/game_fn_8019E8C8.o
[367/964] MWCC build/GEDE01/src/game/game_fn_801A1F18.o
[368/964] MWCC build/GEDE01/src/game/game_fn_801A1F8C.o
[369/964] MWCC build/GEDE01/src/game/game_fn_801A260C.o
[370/964] MWCC build/GEDE01/src/game/game_fn_801A2A54.o
[371/964] MWCC build/GEDE01/src/game/game_fn_801A34BC.o
[372/964] MWCC build/GEDE01/src/game/game_fn_801A3A78.o
[373/964] MWCC build/GEDE01/src/game/game_fn_801A4430.o
[374/964] MWCC build/GEDE01/src/game/game_fn_801A4CE0.o
[375/964] MWCC build/GEDE01/src/game/game_fn_801A5FB0.o
[376/964] MWCC build/GEDE01/src/game/game_fn_801A6350.o
[377/964] MWCC build/GEDE01/src/game/game_fn_801A6410.o
[378/964] MWCC build/GEDE01/src/game/game_fn_801A657C.o
[379/964] MWCC build/GEDE01/src/game/game_fn_801A6ADC.o
[380/964] MWCC build/GEDE01/src/game/game_fn_801A6C58.o
[381/964] MWCC build/GEDE01/src/game/game_fn_801A6CB4.o
[382/964] MWCC build/GEDE01/src/game/game_fn_801A7E04.o
[383/964] MWCC build/GEDE01/src/game/game_fn_801A7EA8.o
[384/964] MWCC build/GEDE01/src/game/game_fn_801A93E8.o
[385/964] MWCC build/GEDE01/src/game/game_fn_801AB154.o
[386/964] MWCC build/GEDE01/src/game/game_fn_801ABD3C.o
[387/964] MWCC build/GEDE01/src/game/game_fn_801AC8AC.o
[388/964] MWCC build/GEDE01/src/game/game_fn_801ACFE8.o
[389/964] MWCC build/GEDE01/src/game/game_fn_801AFA74.o
[390/964] MWCC build/GEDE01/src/game/game_fn_801AD08C.o
[391/964] MWCC build/GEDE01/src/game/game_fn_801B02F0.o
[392/964] MWCC build/GEDE01/src/game/game_fn_801B1BA0.o
[393/964] MWCC build/GEDE01/src/game/game_fn_801B35BC.o
[394/964] MWCC build/GEDE01/src/game/game_fn_801B46C8.o
[395/964] MWCC build/GEDE01/src/game/game_fn_801B4FB4.o
[396/964] MWCC build/GEDE01/src/game/game_fn_801B5228.o
[397/964] MWCC build/GEDE01/src/game/game_fn_801B58F0.o
[398/964] MWCC build/GEDE01/src/game/game_fn_801B6F1C.o
[399/964] MWCC build/GEDE01/src/game/game_fn_801B86C0.o
[400/964] MWCC build/GEDE01/src/game/game_fn_801B941C.o
[401/964] MWCC build/GEDE01/src/game/game_fn_801B9E7C.o
[402/964] MWCC build/GEDE01/src/game/game_fn_801BA15C.o
[403/964] MWCC build/GEDE01/src/game/game_fn_801BA94C.o
[404/964] MWCC build/GEDE01/src/game/game_fn_801BA708.o
[405/964] MWCC build/GEDE01/src/game/game_fn_801BB1A0.o
[406/964] MWCC build/GEDE01/src/game/game_fn_801BC0D4.o
[407/964] MWCC build/GEDE01/src/game/game_fn_801BC240.o
[408/964] MWCC build/GEDE01/src/game/game_fn_801BC8F4.o
[409/964] MWCC build/GEDE01/src/game/game_fn_801BCC04.o
[410/964] MWCC build/GEDE01/src/game/game_fn_801BD990.o
[411/964] MWCC build/GEDE01/src/game/game_fn_801BDE7C.o
[412/964] MWCC build/GEDE01/src/game/game_fn_801BE0D4.o
[413/964] MWCC build/GEDE01/src/game/game_fn_801BEF40.o
[414/964] MWCC build/GEDE01/src/game/game_fn_801C1CB0.o
[415/964] MWCC build/GEDE01/src/game/game_fn_801C2980.o
[416/964] MWCC build/GEDE01/src/game/game_fn_801C29BC.o
[417/964] MWCC build/GEDE01/src/game/game_fn_801C2AAC.o
[418/964] MWCC build/GEDE01/src/game/game_fn_801C2D9C.o
[419/964] MWCC build/GEDE01/src/game/game_fn_801C8160.o
[420/964] MWCC build/GEDE01/src/game/game_fn_801C8224.o
[421/964] MWCC build/GEDE01/src/game/game_fn_801C4B5C.o
[422/964] MWCC build/GEDE01/src/game/game_fn_801C8600.o
[423/964] MWCC build/GEDE01/src/game/game_fn_801C87DC.o
[424/964] MWCC build/GEDE01/src/game/game_fn_801C8CC0.o
[425/964] MWCC build/GEDE01/src/game/game_fn_801C8F50.o
[426/964] MWCC build/GEDE01/src/game/game_fn_801C90A4.o
[427/964] MWCC build/GEDE01/src/game/game_fn_801C9510.o
[428/964] MWCC build/GEDE01/src/game/game_fn_801C970C.o
[429/964] MWCC build/GEDE01/src/game/game_fn_801C9A08.o
[430/964] MWCC build/GEDE01/src/game/game_fn_801C9B1C.o
[431/964] MWCC build/GEDE01/src/game/game_fn_801CD228.o
[432/964] MWCC build/GEDE01/src/game/game_fn_801CB4F8.o
[433/964] MWCC build/GEDE01/src/game/game_fn_801CE594.o
[434/964] MWCC build/GEDE01/src/game/game_fn_801CE09C.o
[435/964] MWCC build/GEDE01/src/game/game_fn_801D1B10.o
[436/964] MWCC build/GEDE01/src/game/game_fn_801D1F78.o
[437/964] MWCC build/GEDE01/src/game/game_fn_801D3988.o
[438/964] MWCC build/GEDE01/src/game/game_fn_801D73D0.o
[439/964] MWCC build/GEDE01/src/game/game_fn_801D76A8.o
[440/964] MWCC build/GEDE01/src/game/game_fn_801D7C24.o
[441/964] MWCC build/GEDE01/src/game/game_fn_801D9FE4.o
[442/964] MWCC build/GEDE01/src/game/game_fn_801D8050.o
[443/964] MWCC build/GEDE01/src/game/game_fn_801DDB84.o
[444/964] MWCC build/GEDE01/src/game/game_fn_801DE8B4.o
[445/964] MWCC build/GEDE01/src/game/game_fn_801E0088.o
[446/964] MWCC build/GEDE01/src/game/game_fn_801E2A48.o
[447/964] MWCC build/GEDE01/src/game/game_fn_801E3644.o
[448/964] MWCC build/GEDE01/src/game/game_fn_801E41AC.o
[449/964] MWCC build/GEDE01/src/game/game_fn_801E504C.o
[450/964] MWCC build/GEDE01/src/game/game_fn_801E6814.o
[451/964] MWCC build/GEDE01/src/game/game_fn_801E7014.o
[452/964] MWCC build/GEDE01/src/game/game_fn_801EAA04.o
[453/964] MWCC build/GEDE01/src/game/game_fn_801E995C.o
[454/964] MWCC build/GEDE01/src/game/game_fn_801EB11C.o
[455/964] MWCC build/GEDE01/src/game/game_fn_801EB09C.o
[456/964] MWCC build/GEDE01/src/game/game_fn_801ECD74.o
[457/964] MWCC build/GEDE01/src/game/game_fn_801ECF50.o
[458/964] MWCC build/GEDE01/src/game/game_fn_801ED5F4.o
[459/964] MWCC build/GEDE01/src/game/game_fn_801EF580.o
[460/964] MWCC build/GEDE01/src/game/game_fn_801F0CB0.o
[461/964] MWCC build/GEDE01/src/game/game_fn_801EF910.o
[462/964] MWCC build/GEDE01/src/game/game_fn_801F10BC.o
[463/964] MWCC build/GEDE01/src/game/game_fn_801F1A38.o
[464/964] MWCC build/GEDE01/src/game/game_fn_801F35A8.o
[465/964] MWCC build/GEDE01/src/game/game_fn_801F55A0.o
[466/964] MWCC build/GEDE01/src/game/game_fn_801F69F0.o
[467/964] MWCC build/GEDE01/src/game/game_fn_801F6BD8.o
[468/964] MWCC build/GEDE01/src/game/game_fn_801F7510.o
[469/964] MWCC build/GEDE01/src/game/game_fn_801F76EC.o
[470/964] MWCC build/GEDE01/src/game/game_fn_801F89B4.o
[471/964] MWCC build/GEDE01/src/game/game_fn_801F8264.o
[472/964] MWCC build/GEDE01/src/game/game_fn_801F8FAC.o
[473/964] MWCC build/GEDE01/src/game/game_fn_801F9AF8.o
[474/964] MWCC build/GEDE01/src/game/game_fn_801F9CF4.o
[475/964] MWCC build/GEDE01/src/game/game_fn_801FA9C8.o
[476/964] MWCC build/GEDE01/src/game/game_fn_801FB6A4.o
[477/964] MWCC build/GEDE01/src/game/game_fn_801FC034.o
[478/964] MWCC build/GEDE01/src/game/game_fn_801FC204.o
[479/964] MWCC build/GEDE01/src/game/game_fn_801FFE78.o
[480/964] EXTERNALIZE build/GEDE01/src/game/game_fn_800A2B8C.o
[481/964] EXTERNALIZE build/GEDE01/src/game/game_fn_801857B4.o
[482/964] EXTERNALIZE build/GEDE01/src/game/game_fn_800DC4D4.o
[483/964] EXTERNALIZE build/GEDE01/src/game/game_fn_80119C70.o
[484/964] EXTERNALIZE STATIC POOL build/GEDE01/src/game/game_fn_80088060.o
build/GEDE01/src/game/game_fn_80088060.o: lbl_8031D3B8 now undefined; section 3 emptied
[485/964] EXTERNALIZE build/GEDE01/src/game/game_fn_80175A08.o
[486/964] EXTERNALIZE build/GEDE01/src/game/game_fn_80066E78.o
[487/964] EXTERNALIZE build/GEDE01/src/game/game_fn_801247F8.o
[488/964] EXTERNALIZE build/GEDE01/src/game/game_fn_801EF910.o
[489/964] EXTERNALIZE build/GEDE01/src/game/game_fn_801ECF50.o
[490/964] EXTERNALIZE build/GEDE01/src/game/game_fn_801FC204.o
[491/964] EXTERNALIZE JUMPTABLES build/GEDE01/src/game/game_fn_80050B08.o
[492/964] EXTERNALIZE build/GEDE01/src/game/game_fn_801EB09C.o
[493/964] EXTERNALIZE build/GEDE01/src/game/game_fn_801EB11C.o
[494/964] EXTERNALIZE build/GEDE01/src/game/game_fn_801D9FE4.o
[495/964] EXTERNALIZE build/GEDE01/src/game/game_fn_801D73D0.o
[496/964] EXTERNALIZE build/GEDE01/src/game/game_fn_801E41AC.o
[497/964] EXTERNALIZE build/GEDE01/src/game/game_fn_801D8050.o
[498/964] EXTERNALIZE build/GEDE01/src/game/game_fn_801D76A8.o
[499/964] EXTERNALIZE build/GEDE01/src/game/game_fn_801D7C24.o
[500/964] EXTERNALIZE build/GEDE01/src/game/game_fn_8019B1BC.o
[501/964] EXTERNALIZE build/GEDE01/src/game/game_fn_80178F88.o
[502/964] EXTERNALIZE build/GEDE01/src/game/game_fn_801CD228.o
[503/964] EXTERNALIZE build/GEDE01/src/game/game_fn_801C970C.o
[504/964] EXTERNALIZE build/GEDE01/src/game/game_fn_801BA15C.o
[505/964] EXTERNALIZE build/GEDE01/src/game/game_fn_801C9510.o
[506/964] EXTERNALIZE build/GEDE01/src/game/game_fn_80126A00.o
[507/964] EXTERNALIZE build/GEDE01/src/game/game_fn_8013D6A4.o
[508/964] EXTERNALIZE build/GEDE01/src/game/game_fn_800C9C60.o
[509/964] EXTERNALIZE build/GEDE01/src/game/game_fn_801B5228.o
[510/964] EXTERNALIZE build/GEDE01/src/game/game_fn_801B4FB4.o
[511/964] EXTERNALIZE build/GEDE01/src/game/game_fn_801C87DC.o
[512/964] EXTERNALIZE build/GEDE01/src/game/game_fn_801B6F1C.o
[513/964] EXTERNALIZE build/GEDE01/src/game/game_fn_801C8CC0.o
[514/964] EXTERNALIZE build/GEDE01/src/game/game_fn_800FD0C8.o
[515/964] EXTERNALIZE build/GEDE01/src/game/game_fn_801BDE7C.o
[516/964] EXTERNALIZE build/GEDE01/src/game/game_fn_801BE0D4.o
[517/964] EXTERNALIZE STATIC POOL build/GEDE01/src/game/game_fn_801C9A08.o
build/GEDE01/src/game/game_fn_801C9A08.o: lbl_80629390 now undefined; section 3 emptied
[518/964] EXTERNALIZE STATIC POOL build/GEDE01/src/game/game_fn_801C9B1C.o
build/GEDE01/src/game/game_fn_801C9B1C.o: lbl_80629390 now undefined; section 3 emptied
[519/964] EXTERNALIZE build/GEDE01/src/game/game_fn_801B941C.o
[520/964] EXTERNALIZE STATIC POOL build/GEDE01/src/game/game_fn_801BD990.o
build/GEDE01/src/game/game_fn_801BD990.o: lbl_80626D80 now undefined; section 6 emptied
[521/964] EXTERNALIZE STATIC POOL build/GEDE01/src/game/game_fn_801B58F0.o
build/GEDE01/src/game/game_fn_801B58F0.o: lbl_8060C020 now undefined; section 3 emptied
[522/964] EXTERNALIZE STATIC POOL build/GEDE01/src/game/game_fn_801B9E7C.o
build/GEDE01/src/game/game_fn_801B9E7C.o: 0 relocation(s) moved from streamInfo to ...bss.0
build/GEDE01/src/game/game_fn_801B9E7C.o: lbl_8061AE48 now undefined; section 6 emptied
[523/964] EXTERNALIZE STATIC POOL build/GEDE01/src/game/game_fn_801BB1A0.o
build/GEDE01/src/game/game_fn_801BB1A0.o: 0 relocation(s) moved from streamInfo to ...bss.0
build/GEDE01/src/game/game_fn_801BB1A0.o: lbl_8061AE48 now undefined; section 6 emptied
[524/964] EXTERNALIZE STATIC POOL build/GEDE01/src/game/game_fn_801BA708.o
build/GEDE01/src/game/game_fn_801BA708.o: 0 relocation(s) moved from streamInfo to ...bss.0
build/GEDE01/src/game/game_fn_801BA708.o: lbl_8061AE48 now undefined; section 6 emptied
[525/964] EXTERNALIZE build/GEDE01/src/game/game_fn_801BA94C.o
build/GEDE01/src/game/game_fn_801BA94C.o: 0 relocation(s) moved from streamInfo to ...bss.0
build/GEDE01/src/game/game_fn_801BA94C.o: lbl_8061AE48 now undefined; section 6 emptied
[526/964] EXTERNALIZE STATIC build/GEDE01/src/game/game_fn_801B35BC.o
build/GEDE01/src/game/game_fn_801B35BC.o: lbl_8060D420 now undefined; section 6 emptied
[527/964] EXTERNALIZE STATIC build/GEDE01/src/game/game_fn_801BC240.o
build/GEDE01/src/game/game_fn_801BC240.o: lbl_8061C748 now undefined; section 6 emptied
[528/964] EXTERNALIZE STATIC POOL build/GEDE01/src/game/game_fn_801BC8F4.o
build/GEDE01/src/game/game_fn_801BC8F4.o: lbl_8061C748 now undefined; section 6 emptied
[529/964] EXTERNALIZE STATIC POOL build/GEDE01/src/game/game_fn_801BCC04.o
build/GEDE01/src/game/game_fn_801BCC04.o: lbl_8061C748 now undefined; section 6 emptied
[530/964] EXTERNALIZE STATIC POOL build/GEDE01/src/game/game_fn_801BC0D4.o
build/GEDE01/src/game/game_fn_801BC0D4.o: lbl_8061C748 now undefined; section 6 emptied
[531/964] EXTERNALIZE STATIC POOL build/GEDE01/src/game/game_fn_801CE09C.o
build/GEDE01/src/game/game_fn_801CE09C.o: lbl_80631340 now undefined; section 6 emptied
[532/964] EXTERNALIZE STATIC POOL build/GEDE01/src/game/game_fn_801C1CB0.o
build/GEDE01/src/game/game_fn_801C1CB0.o: lbl_80626DA0 now undefined; section 3 emptied
[533/964] RENAME build/GEDE01/src/game/game_InitMetroTRKCommTable.o
[534/964] RENAME RUNTIME INTRINSICS build/GEDE01/src/game/game_fn_801CB4F8.o
[535/964] EXTERNALIZE build/GEDE01/src/game/game_fn_801D3988.o
[536/964] EXTERNALIZE STATIC POOL build/GEDE01/src/game/game_fn_8010242C.o
build/GEDE01/src/game/game_fn_8010242C.o: lbl_8032CC08 now undefined; section 3 emptied
[537/964] EXTERNALIZE build/GEDE01/src/game/game_fn_801D1B10.o
[538/964] ALIGN DATA build/GEDE01/src/game/game_fn_8005EF94.o
[539/964] ALIGN DATA build/GEDE01/src/game/game_fn_801A6350.o
[540/964] EXTERNALIZE build/GEDE01/src/game/game_fn_801CE594.o
[541/964] ALIGN DATA build/GEDE01/src/game/game_fn_80008014.o
[542/964] EXTERNALIZE build/GEDE01/src/game/game_fn_8014549C.o
[543/964] EXTERNALIZE build/GEDE01/src/game/game_fn_801C8224.o
[544/964] EXTERNALIZE build/GEDE01/src/game/game_fn_801098C0.o
[545/964] EXTERNALIZE build/GEDE01/src/game/game_fn_8000FDE8.o
[546/964] EXTERNALIZE build/GEDE01/src/game/game_fn_80185F10.o
[547/964] EXTERNALIZE build/GEDE01/src/game/game_fn_801C29BC.o
[548/964] EXTERNALIZE build/GEDE01/src/game/game_fn_801C8F50.o
[549/964] EXTERNALIZE build/GEDE01/src/game/game_fn_8007B828.o
[550/964] EXTERNALIZE build/GEDE01/src/game/game_fn_801C90A4.o
[551/964] EXTERNALIZE build/GEDE01/src/game/game_fn_801C8160.o
[552/964] EXTERNALIZE build/GEDE01/src/game/game_fn_801C2AAC.o
[553/964] EXTERNALIZE build/GEDE01/src/game/game_fn_801C2D9C.o
[554/964] EXTERNALIZE build/GEDE01/src/game/game_fn_801C2980.o
[555/964] EXTERNALIZE build/GEDE01/src/game/game_fn_801AFA74.o
[556/964] EXTERNALIZE build/GEDE01/src/game/game_fn_801B02F0.o
[557/964] EXTERNALIZE build/GEDE01/src/game/game_fn_801AC8AC.o
[558/964] EXTERNALIZE build/GEDE01/src/game/game_fn_801ABD3C.o
[559/964] EXTERNALIZE build/GEDE01/src/game/game_fn_801816D4.o
[560/964] EXTERNALIZE build/GEDE01/src/game/game_fn_8011F140.o
[561/964] EXTERNALIZE build/GEDE01/src/game/game_fn_801AD08C.o
[562/964] EXTERNALIZE build/GEDE01/src/game/game_fn_8004998C.o
[563/964] EXTERNALIZE build/GEDE01/src/game/game_fn_80079AA4.o
[564/964] EXTERNALIZE build/GEDE01/src/game/game_fn_80158D38.o
[565/964] EXTERNALIZE build/GEDE01/src/game/game_fn_801A3A78.o
[566/964] EXTERNALIZE build/GEDE01/src/game/game_fn_8008F224.o
[567/964] EXTERNALIZE build/GEDE01/src/game/game_fn_80167454.o
[568/964] EXTERNALIZE build/GEDE01/src/game/game_fn_800AF230.o
[569/964] EXTERNALIZE build/GEDE01/src/game/game_fn_801A93E8.o
[570/964] EXTERNALIZE build/GEDE01/src/game/game_fn_801AB154.o
[571/964] EXTERNALIZE build/GEDE01/src/game/game_fn_801A7E04.o
[572/964] EXTERNALIZE build/GEDE01/src/game/game_fn_801A7EA8.o
[573/964] EXTERNALIZE build/GEDE01/src/game/game_fn_801A6CB4.o
[574/964] EXTERNALIZE build/GEDE01/src/game/game_fn_801A6C58.o
[575/964] EXTERNALIZE build/GEDE01/src/game/game_fn_801A4CE0.o
[576/964] NAME JUMPTABLE build/GEDE01/src/game/game_fn_801A6ADC.o
[577/964] EXTERNALIZE build/GEDE01/src/game/game_fn_801A6410.o
[578/964] EXTERNALIZE build/GEDE01/src/game/game_fn_801A5FB0.o
[579/964] EXTERNALIZE build/GEDE01/src/game/game_fn_801A1F18.o
[580/964] EXTERNALIZE build/GEDE01/src/game/game_fn_8019E8C8.o
[581/964] EXTERNALIZE build/GEDE01/src/game/game_fn_8019E5E4.o
[582/964] EXTERNALIZE build/GEDE01/src/game/game_fn_8019CFC4.o
[583/964] EXTERNALIZE build/GEDE01/src/game/game_fn_8019CC28.o
[584/964] EXTERNALIZE build/GEDE01/src/game/game_fn_801991E0.o
[585/964] EXTERNALIZE build/GEDE01/src/game/game_fn_80198BF4.o
[586/964] EXTERNALIZE build/GEDE01/src/game/game_fn_80198AAC.o
[587/964] EXTERNALIZE build/GEDE01/src/game/game_fn_80198154.o
[588/964] EXTERNALIZE build/GEDE01/src/game/game_fn_80194F80.o
[589/964] EXTERNALIZE build/GEDE01/src/game/game_fn_80197910.o
[590/964] EXTERNALIZE build/GEDE01/src/game/game_fn_80177434.o
repointed 2 relocations to lbl_80250588
[591/964] EXTERNALIZE build/GEDE01/src/game/game_fn_80193E1C.o
[592/964] EXTERNALIZE build/GEDE01/src/game/game_fn_801931C4.o
[593/964] EXTERNALIZE build/GEDE01/src/game/game_fn_80193F3C.o
[594/964] EXTERNALIZE build/GEDE01/src/game/game_fn_80192F54.o
[595/964] EXTERNALIZE build/GEDE01/src/game/game_fn_80191F58.o
[596/964] EXTERNALIZE build/GEDE01/src/game/game_fn_80191360.o
[597/964] EXTERNALIZE build/GEDE01/src/game/game_fn_8019197C.o
[598/964] GLOBALIZE build/GEDE01/src/game/game_fn_8018F1D0.o
[599/964] EXTERNALIZE build/GEDE01/src/game/game_fn_8018D688.o
[600/964] EXTERNALIZE build/GEDE01/src/game/game_fn_8018F81C.o
[601/964] EXTERNALIZE build/GEDE01/src/game/game_fn_8018D2E0.o
[602/964] EXTERNALIZE build/GEDE01/src/game/game_fn_80189968.o
[603/964] EXTERNALIZE build/GEDE01/src/game/game_fn_80189760.o
[604/964] EXTERNALIZE build/GEDE01/src/game/game_fn_8018D1F0.o
[605/964] EXTERNALIZE build/GEDE01/src/game/game_fn_801896A0.o
[606/964] EXTERNALIZE build/GEDE01/src/game/game_fn_801895E8.o
[607/964] EXTERNALIZE build/GEDE01/src/game/game_fn_80189390.o
[608/964] EXTERNALIZE build/GEDE01/src/game/game_fn_801891D8.o
[609/964] EXTERNALIZE build/GEDE01/src/game/game_fn_80189028.o
[610/964] EXTERNALIZE build/GEDE01/src/game/game_fn_80188E28.o
[611/964] EXTERNALIZE build/GEDE01/src/game/game_fn_80188C1C.o
[612/964] EXTERNALIZE build/GEDE01/src/game/game_fn_80188B44.o
[613/964] EXTERNALIZE build/GEDE01/src/game/game_fn_80188A7C.o
[614/964] EXTERNALIZE build/GEDE01/src/game/game_fn_801878E0.o
[615/964] EXTERNALIZE build/GEDE01/src/game/game_fn_80187120.o
[616/964] EXTERNALIZE build/GEDE01/src/game/game_fn_8018FEDC.o
[617/964] EXTERNALIZE build/GEDE01/src/game/game_fn_80186E10.o
[618/964] EXTERNALIZE build/GEDE01/src/game/game_fn_801865EC.o
[619/964] EXTERNALIZE build/GEDE01/src/game/game_fn_80185AE8.o
[620/964] EXTERNALIZE build/GEDE01/src/game/game_fn_80180DDC.o
[621/964] EXTERNALIZE build/GEDE01/src/game/game_fn_801859FC.o
[622/964] EXTERNALIZE build/GEDE01/src/game/game_fn_8017E850.o
[623/964] EXTERNALIZE build/GEDE01/src/game/game_fn_8017E958.o
[624/964] EXTERNALIZE build/GEDE01/src/game/game_fn_8017718C.o
[625/964] EXTERNALIZE build/GEDE01/src/game/game_fn_801770F8.o
[626/964] EXTERNALIZE build/GEDE01/src/game/game_fn_80176FA0.o
[627/964] EXTERNALIZE build/GEDE01/src/game/game_fn_80176DF4.o
[628/964] EXTERNALIZE build/GEDE01/src/game/game_fn_80174358.o
[629/964] EXTERNALIZE build/GEDE01/src/game/game_fn_80173F04.o
[630/964] EXTERNALIZE build/GEDE01/src/game/game_fn_80174184.o
[631/964] EXTERNALIZE build/GEDE01/src/game/game_fn_8017553C.o
[632/964] EXTERNALIZE build/GEDE01/src/game/game_fn_80173D44.o
[633/964] EXTERNALIZE build/GEDE01/src/game/game_fn_80173770.o
[634/964] EXTERNALIZE build/GEDE01/src/game/game_fn_801734B4.o
[635/964] EXTERNALIZE build/GEDE01/src/game/game_fn_80172DB8.o
[636/964] EXTERNALIZE build/GEDE01/src/game/game_fn_80173270.o
[637/964] EXTERNALIZE build/GEDE01/src/game/game_fn_80172C78.o
[638/964] EXTERNALIZE build/GEDE01/src/game/game_fn_80172BB0.o
[639/964] EXTERNALIZE build/GEDE01/src/game/game_fn_801726EC.o
[640/964] EXTERNALIZE build/GEDE01/src/game/game_fn_8017250C.o
[641/964] EXTERNALIZE build/GEDE01/src/game/game_fn_80171F30.o
[642/964] EXTERNALIZE build/GEDE01/src/game/game_fn_801719B4.o
[643/964] EXTERNALIZE build/GEDE01/src/game/game_fn_801718F4.o
[644/964] EXTERNALIZE build/GEDE01/src/game/game_fn_80171664.o
[645/964] EXTERNALIZE build/GEDE01/src/game/game_fn_8017138C.o
[646/964] EXTERNALIZE build/GEDE01/src/game/game_fn_80170A40.o
[647/964] NORMALIZE build/GEDE01/src/game/game_TRKNubWelcome.o
[648/964] NORMALIZE build/GEDE01/src/game/game_TRK_main.o
[649/964] NORMALIZE build/GEDE01/src/game/game_data_80239E10.o
[650/964] NORMALIZE build/GEDE01/src/game/game_data_80239E18.o
[651/964] EXTERNALIZE build/GEDE01/src/game/game_fn_801706DC.o
[652/964] EXTERNALIZE build/GEDE01/src/game/game_fn_8017652C.o
[653/964] EXTERNALIZE build/GEDE01/src/game/game_fn_80170E9C.o
[654/964] EXTERNALIZE build/GEDE01/src/game/game_fn_80175E64.o
[655/964] EXTERNALIZE build/GEDE01/src/game/game_fn_80175F0C.o
[656/964] EXTERNALIZE build/GEDE01/src/game/game_fn_80175FD4.o
[657/964] EXTERNALIZE build/GEDE01/src/game/game_fn_80176098.o
[658/964] EXTERNALIZE build/GEDE01/src/game/game_fn_80176160.o
[659/964] EXTERNALIZE build/GEDE01/src/game/game_fn_80176220.o
[660/964] EXTERNALIZE build/GEDE01/src/game/game_fn_80170DF4.o
[661/964] EXTERNALIZE build/GEDE01/src/game/game_fn_801762E8.o
[662/964] EXTERNALIZE build/GEDE01/src/game/game_fn_8016E8F8.o
[663/964] EXTERNALIZE build/GEDE01/src/game/game_fn_8016FEF8.o
[664/964] EXTERNALIZE build/GEDE01/src/game/game_fn_801704F8.o
[665/964] NORMALIZE build/GEDE01/src/game/game_fn_8016DF4C.o
[666/964] EXTERNALIZE build/GEDE01/src/game/game_fn_8016D2B8.o
[667/964] EXTERNALIZE build/GEDE01/src/game/game_fn_8016D040.o
[668/964] EXTERNALIZE build/GEDE01/src/game/game_fn_8016D1F8.o
[669/964] EXTERNALIZE build/GEDE01/src/game/game_fn_8016C774.o
[670/964] EXTERNALIZE build/GEDE01/src/game/game_fn_8016C4BC.o
[671/964] EXTERNALIZE build/GEDE01/src/game/game_fn_8016C238.o
[672/964] EXTERNALIZE build/GEDE01/src/game/game_fn_8016C164.o
[673/964] EXTERNALIZE build/GEDE01/src/game/game_fn_8016C0BC.o
[674/964] EXTERNALIZE build/GEDE01/src/game/game_fn_8017038C.o
[675/964] EXTERNALIZE build/GEDE01/src/game/game_fn_8016BE1C.o
[676/964] EXTERNALIZE build/GEDE01/src/game/game_fn_8016BF60.o
[677/964] EXTERNALIZE build/GEDE01/src/game/game_fn_8016BD0C.o
[678/964] EXTERNALIZE build/GEDE01/src/game/game_fn_80169650.o
[679/964] EXTERNALIZE build/GEDE01/src/game/game_fn_80167B5C.o
[680/964] EXTERNALIZE build/GEDE01/src/game/game_fn_8015EDC0.o
[681/964] EXTERNALIZE build/GEDE01/src/game/game_fn_8015DB84.o
[682/964] EXTERNALIZE build/GEDE01/src/game/game_fn_8015DC54.o
[683/964] EXTERNALIZE build/GEDE01/src/game/game_fn_80158B20.o
[684/964] EXTERNALIZE build/GEDE01/src/game/game_fn_80179398.o
[685/964] EXTERNALIZE build/GEDE01/src/game/game_fn_8017974C.o
[686/964] EXTERNALIZE build/GEDE01/src/game/game_fn_8017960C.o
[687/964] EXTERNALIZE build/GEDE01/src/game/game_fn_8017A9B8.o
[688/964] EXTERNALIZE build/GEDE01/src/game/game_fn_80179904.o
[689/964] EXTERNALIZE build/GEDE01/src/game/game_fn_80179A18.o
[690/964] EXTERNALIZE build/GEDE01/src/game/game_fn_80179A74.o
[691/964] EXTERNALIZE build/GEDE01/src/game/game_fn_80179EB8.o
[692/964] EXTERNALIZE build/GEDE01/src/game/game_fn_80179F20.o
[693/964] EXTERNALIZE build/GEDE01/src/game/game_fn_8017A010.o
[694/964] EXTERNALIZE build/GEDE01/src/game/game_fn_8017A12C.o
[695/964] EXTERNALIZE build/GEDE01/src/game/game_fn_80157C0C.o
[696/964] EXTERNALIZE build/GEDE01/src/game/game_fn_8017A1C0.o
[697/964] EXTERNALIZE build/GEDE01/src/game/game_fn_80155814.o
[698/964] EXTERNALIZE build/GEDE01/src/game/game_fn_80153898.o
[699/964] EXTERNALIZE build/GEDE01/src/game/game_fn_8014B494.o
[700/964] EXTERNALIZE build/GEDE01/src/game/game_fn_8014AF38.o
[701/964] EXTERNALIZE build/GEDE01/src/game/game_fn_8012DB28.o
[702/964] EXTERNALIZE build/GEDE01/src/game/game_fn_801141B8.o
[703/964] EXTERNALIZE build/GEDE01/src/game/game_fn_801128E4.o
[704/964] EXTERNALIZE build/GEDE01/src/game/game_fn_801126E0.o
[705/964] EXTERNALIZE build/GEDE01/src/game/game_fn_8010F184.o
[706/964] EXTERNALIZE build/GEDE01/src/game/game_fn_800E4980.o
[707/964] EXTERNALIZE build/GEDE01/src/game/game_fn_800C17EC.o
[708/964] EXTERNALIZE build/GEDE01/src/game/game_fn_800C030C.o
[709/964] EXTERNALIZE build/GEDE01/src/game/game_fn_800C644C.o
[710/964] EXTERNALIZE build/GEDE01/src/game/game_fn_800C59F0.o
[711/964] EXTERNALIZE build/GEDE01/src/game/game_fn_800CB760.o
[712/964] EXTERNALIZE build/GEDE01/src/game/game_fn_800C65FC.o
[713/964] EXTERNALIZE build/GEDE01/src/game/game_fn_80078500.o
[714/964] EXTERNALIZE build/GEDE01/src/game/game_fn_800CB8F4.o
[715/964] EXTERNALIZE build/GEDE01/src/game/game_fn_80079908.o
[716/964] EXTERNALIZE build/GEDE01/src/game/game_fn_8007B2F4.o
[717/964] EXTERNALIZE build/GEDE01/src/game/game_fn_8007B540.o
[718/964] EXTERNALIZE build/GEDE01/src/game/game_fn_8007B640.o
[719/964] EXTERNALIZE build/GEDE01/src/game/game_fn_800886D8.o
[720/964] EXTERNALIZE build/GEDE01/src/game/game_fn_8007BA3C.o
[721/964] EXTERNALIZE build/GEDE01/src/game/game_fn_800934A0.o
[722/964] EXTERNALIZE build/GEDE01/src/game/game_fn_800A3894.o
[723/964] EXTERNALIZE build/GEDE01/src/game/game_fn_800A7E88.o
[724/964] EXTERNALIZE build/GEDE01/src/game/game_fn_800A4798.o
[725/964] GLOBALIZE build/GEDE01/src/game/game_fn_800A2130.o
[726/964] EXTERNALIZE build/GEDE01/src/game/game_fn_800A2FCC.o
[727/964] EXTERNALIZE build/GEDE01/src/game/game_fn_8009C424.o
[728/964] EXTERNALIZE build/GEDE01/src/game/game_fn_80096830.o
[729/964] GLOBALIZE build/GEDE01/src/game/game_fn_8008F890.o
[730/964] EXTERNALIZE SWITCHES build/GEDE01/src/game/game_fn_80095FDC.o
[731/964] EXTERNALIZE build/GEDE01/src/game/game_fn_800A4428.o
[732/964] EXTERNALIZE build/GEDE01/src/game/game_fn_80074310.o
[733/964] GLOBALIZE build/GEDE01/src/game/game_fn_8005FD84.o
[734/964] EXTERNALIZE build/GEDE01/src/game/game_fn_80066888.o
[735/964] EXTERNALIZE build/GEDE01/src/game/game_fn_8005EC6C.o
[736/964] EXTERNALIZE build/GEDE01/src/game/game_fn_80052310.o
[737/964] EXTERNALIZE build/GEDE01/src/game/game_fn_80048B24.o
[738/964] NAME SWITCH build/GEDE01/src/game/game_fn_80020E94.o
[739/964] NAME SWITCH build/GEDE01/src/game/game_fn_8005EE9C.o
[740/964] NAME SWITCH build/GEDE01/src/game/game_fn_8016D9C0.o
[741/964] NAME SWITCH build/GEDE01/src/game/game_fn_80071A58.o
[742/964] EXTERNALIZE build/GEDE01/src/game/game_fn_80048ADC.o
[743/964] NAME SWITCH build/GEDE01/src/game/game_fn_8006B620.o
[744/964] NAME SWITCH build/GEDE01/src/game/game_fn_8001FE1C.o
[745/964] NAME SWITCH build/GEDE01/src/game/game_fn_8001E644.o
[746/964] EXTERNALIZE build/GEDE01/src/game/game_fn_80038878.o
[747/964] EXTERNALIZE build/GEDE01/src/game/game_fn_80036C40.o
[748/964] EXTERNALIZE build/GEDE01/src/game/game_fn_801B46C8.o
build/GEDE01/src/game/game_fn_801B46C8.o: lbl_8060C020 now undefined; section 6 emptied
[749/964] EXTERNALIZE build/GEDE01/src/game/game_fn_800359A0.o
[750/964] EXTERNALIZE build/GEDE01/src/game/game_fn_80033038.o
[751/964] EXTERNALIZE build/GEDE01/src/game/game_fn_80033180.o
[752/964] EXTERNALIZE build/GEDE01/src/game/game_fn_80032B84.o
[753/964] EXTERNALIZE build/GEDE01/src/game/game_fn_8003232C.o
[754/964] EXTERNALIZE build/GEDE01/src/game/game_fn_8002DAE0.o
[755/964] EXTERNALIZE build/GEDE01/src/game/game_fn_8002E3F0.o
[756/964] EXTERNALIZE build/GEDE01/src/game/game_fn_8002EA68.o
[757/964] GLOBALIZE build/GEDE01/src/game/game_fn_8002B748.o
[758/964] EXTERNALIZE build/GEDE01/src/game/game_fn_8002F428.o
[759/964] NAME SWITCHES build/GEDE01/src/game/game_fn_80024F28.o
[760/964] EXTERNALIZE build/GEDE01/src/game/game_fn_800272B4.o
[761/964] EXTERNALIZE build/GEDE01/src/game/game_fn_8001CE94.o
[762/964] EXTERNALIZE build/GEDE01/src/game/game_fn_8001CD58.o
[763/964] EXTERNALIZE build/GEDE01/src/game/game_fn_8001C078.o
[764/964] EXTERNALIZE build/GEDE01/src/game/game_fn_8001B874.o
[765/964] EXTERNALIZE build/GEDE01/src/game/game_fn_8001B808.o
[766/964] EXTERNALIZE build/GEDE01/src/game/game_fn_8001B294.o
[767/964] EXTERNALIZE build/GEDE01/src/game/game_fn_8001B124.o
[768/964] EXTERNALIZE build/GEDE01/src/game/game_fn_8001ADF8.o
[769/964] EXTERNALIZE build/GEDE01/src/game/game_fn_8001AAB8.o
[770/964] EXTERNALIZE build/GEDE01/src/game/game_fn_8001AF68.o
[771/964] EXTERNALIZE build/GEDE01/src/game/game_fn_8001A6C4.o
[772/964] EXTERNALIZE build/GEDE01/src/game/game_fn_80019F98.o
[773/964] EXTERNALIZE build/GEDE01/src/game/game_fn_80019D2C.o
[774/964] EXTERNALIZE build/GEDE01/src/game/game_fn_80019C10.o
[775/964] EXTERNALIZE build/GEDE01/src/game/game_fn_80019940.o
[776/964] EXTERNALIZE build/GEDE01/src/game/game_fn_800194D0.o
[777/964] EXTERNALIZE build/GEDE01/src/game/game_fn_80019054.o
[778/964] EXTERNALIZE build/GEDE01/src/game/game_fn_80019244.o
[779/964] EXTERNALIZE build/GEDE01/src/game/game_fn_80017DB0.o
[780/964] EXTERNALIZE build/GEDE01/src/game/game_fn_80018EF4.o
[781/964] EXTERNALIZE build/GEDE01/src/game/game_fn_80017CC8.o
[782/964] EXTERNALIZE build/GEDE01/src/game/game_fn_80017C3C.o
[783/964] EXTERNALIZE build/GEDE01/src/game/game_fn_80017AE4.o
[784/964] EXTERNALIZE build/GEDE01/src/game/game_fn_80017A3C.o
[785/964] EXTERNALIZE build/GEDE01/src/game/game_fn_800179AC.o
[786/964] EXTERNALIZE build/GEDE01/src/game/game_fn_80017910.o
[787/964] EXTERNALIZE FLAGS build/GEDE01/src/game/game_fn_800119FC.o
[788/964] EXTERNALIZE build/GEDE01/src/game/game_fn_8000FFD8.o
[789/964] EXTERNALIZE build/GEDE01/src/game/game_fn_8000F4B0.o
[790/964] GLOBALIZE build/GEDE01/src/game/game_fn_800094C0.o
[791/964] EXTERNALIZE build/GEDE01/src/game/game_fn_8000EFC4.o
[792/964] EXTERNALIZE build/GEDE01/src/game/game_fn_800098C0.o
[793/964] EXTERNALIZE build/GEDE01/src/game/game_fn_800096E0.o
[794/964] EXTERNALIZE build/GEDE01/src/game/game_fn_800099D8.o
[795/964] EXTERNALIZE build/GEDE01/src/game/game_fn_80009AB4.o
[796/964] EXTERNALIZE build/GEDE01/src/game/game_fn_800171C0.o
[797/964] EXTERNALIZE build/GEDE01/src/game/game_fn_8000A26C.o
[798/964] EXTERNALIZE build/GEDE01/src/game/game_fn_800176F0.o
[799/964] EXTERNALIZE build/GEDE01/src/game/game_fn_8000AC88.o
[800/964] EXTERNALIZE build/GEDE01/src/game/game_fn_8000AFB4.o
[801/964] EXTERNALIZE build/GEDE01/src/game/game_fn_8000AEB4.o
[802/964] EXTERNALIZE build/GEDE01/src/game/game_fn_8000B1B8.o
[803/964] EXTERNALIZE build/GEDE01/src/game/game_fn_8000B36C.o
[804/964] EXTERNALIZE build/GEDE01/src/game/game_fn_8000B630.o
[805/964] EXTERNALIZE build/GEDE01/src/game/game_fn_8000B7FC.o
[806/964] EXTERNALIZE build/GEDE01/src/game/game_fn_8000B900.o
[807/964] EXTERNALIZE build/GEDE01/src/game/game_fn_8000BA0C.o
[808/964] EXTERNALIZE build/GEDE01/src/game/game_fn_8000BAA0.o
[809/964] EXTERNALIZE build/GEDE01/src/game/game_fn_8000BC40.o
[810/964] EXTERNALIZE build/GEDE01/src/game/game_fn_8000C06C.o
[811/964] EXTERNALIZE build/GEDE01/src/game/game_fn_8000C17C.o
[812/964] EXTERNALIZE build/GEDE01/src/game/game_fn_8000C400.o
[813/964] EXTERNALIZE build/GEDE01/src/game/game_fn_8000C848.o
[814/964] EXTERNALIZE build/GEDE01/src/game/game_fn_8000C91C.o
[815/964] EXTERNALIZE build/GEDE01/src/game/game_fn_8000D0BC.o
[816/964] NAME SWITCH build/GEDE01/src/game/game_fn_8000D8A4.o
[817/964] EXTERNALIZE build/GEDE01/src/game/game_fn_8000D3D4.o
[818/964] EXTERNALIZE build/GEDE01/src/game/game_fn_8000E0AC.o
[819/964] EXTERNALIZE build/GEDE01/src/game/game_fn_8000E054.o
[820/964] EXTERNALIZE build/GEDE01/src/game/game_fn_8000E96C.o
[821/964] EXTERNALIZE build/GEDE01/src/game/game_fn_8000F774.o
[822/964] EXTERNALIZE build/GEDE01/src/game/game_fn_8000EB14.o
[823/964] EXTERNALIZE build/GEDE01/src/game/game_fn_8000EBD4.o
[824/964] EXTERNALIZE build/GEDE01/src/game/game_fn_8000ED44.o
[825/964] EXTERNALIZE build/GEDE01/src/game/game_fn_8000E138.o
[826/964] EXTERNALIZE build/GEDE01/src/game/game_fn_8000E1C4.o
[827/964] EXTERNALIZE build/GEDE01/src/game/game_fn_8000D590.o
[828/964] EXTERNALIZE build/GEDE01/src/game/game_fn_8000DA50.o
[829/964] EXTERNALIZE build/GEDE01/src/game/game_fn_8000DAF4.o
[830/964] EXTERNALIZE build/GEDE01/src/game/game_fn_80012DA8.o
[831/964] EXTERNALIZE build/GEDE01/src/game/game_fn_80012F40.o
[832/964] EXTERNALIZE build/GEDE01/src/game/game_fn_80012FD0.o
[833/964] EXTERNALIZE build/GEDE01/src/game/game_fn_800131E8.o
[834/964] EXTERNALIZE build/GEDE01/src/game/game_fn_80013340.o
[835/964] EXTERNALIZE build/GEDE01/src/game/game_fn_80013870.o
[836/964] EXTERNALIZE build/GEDE01/src/game/game_fn_80013CB0.o
[837/964] EXTERNALIZE build/GEDE01/src/game/game_fn_80013D54.o
[838/964] EXTERNALIZE build/GEDE01/src/game/game_fn_800142DC.o
[839/964] EXTERNALIZE build/GEDE01/src/game/game_fn_800144CC.o
[840/964] EXTERNALIZE build/GEDE01/src/game/game_fn_800149D4.o
[841/964] EXTERNALIZE build/GEDE01/src/game/game_fn_80014784.o
[842/964] EXTERNALIZE build/GEDE01/src/game/game_fn_80015058.o
[843/964] EXTERNALIZE build/GEDE01/src/game/game_fn_80015320.o
[844/964] EXTERNALIZE build/GEDE01/src/game/game_fn_80015568.o
[845/964] EXTERNALIZE build/GEDE01/src/game/game_fn_800156FC.o
[846/964] EXTERNALIZE build/GEDE01/src/game/game_fn_80015BE0.o
[847/964] EXTERNALIZE build/GEDE01/src/game/game_fn_80015D40.o
[848/964] EXTERNALIZE build/GEDE01/src/game/game_fn_80015F04.o
[849/964] EXTERNALIZE build/GEDE01/src/game/game_fn_80016128.o
[850/964] EXTERNALIZE build/GEDE01/src/game/game_fn_80016270.o
[851/964] EXTERNALIZE build/GEDE01/src/game/game_fn_80016904.o
[852/964] EXTERNALIZE build/GEDE01/src/game/game_fn_800173CC.o
[853/964] EXTERNALIZE build/GEDE01/src/game/game_fn_80016B24.o
[854/964] EXTERNALIZE build/GEDE01/src/game/game_fn_801BEF40.o
[855/964] EXTERNALIZE build/GEDE01/src/game/game_fn_801B86C0.o
[856/964] EXTERNALIZE STATIC POOL build/GEDE01/src/game/game_fn_801C4B5C.o
build/GEDE01/src/game/game_fn_801C4B5C.o: lbl_80628CB0 now undefined; section 6 emptied
[857/964] EXTERNALIZE build/GEDE01/src/game/game_fn_801EAA04.o
[858/964] EXTERNALIZE build/GEDE01/src/game/game_fn_801C8600.o
[859/964] EXTERNALIZE build/GEDE01/src/game/game_fn_80150400.o
[860/964] EXTERNALIZE build/GEDE01/src/game/game_fn_80150F20.o
[861/964] EXTERNALIZE build/GEDE01/src/game/game_fn_80151600.o
[862/964] EXTERNALIZE build/GEDE01/src/game/game_fn_80151D00.o
[863/964] EXTERNALIZE build/GEDE01/src/game/game_fn_8011EE04.o
[864/964] EXTERNALIZE build/GEDE01/src/game/game_fn_801E3644.o
[865/964] EXTERNALIZE build/GEDE01/src/game/game_fn_8019E0B0.o
[866/964] EXTERNALIZE build/GEDE01/src/game/game_fn_801A260C.o
[867/964] EXTERNALIZE build/GEDE01/src/game/game_fn_801DE8B4.o
[868/964] EXTERNALIZE build/GEDE01/src/game/game_fn_80173BDC.o
[869/964] EXTERNALIZE build/GEDE01/src/game/game_fn_801E7014.o
[870/964] EXTERNALIZE build/GEDE01/src/game/game_fn_801A4430.o
[871/964] EXTERNALIZE build/GEDE01/src/game/game_fn_8014BA14.o
[872/964] EXTERNALIZE build/GEDE01/src/game/game_fn_800B2EC0.o
[873/964] EXTERNALIZE build/GEDE01/src/game/game_fn_8001CA04.o
[874/964] EXTERNALIZE build/GEDE01/src/game/game_fn_80031544.o
[875/964] EXTERNALIZE build/GEDE01/src/game/game_fn_801DDB84.o
[876/964] EXTERNALIZE build/GEDE01/src/game/game_fn_8006B0F0.o
[877/964] EXTERNALIZE build/GEDE01/src/game/game_fn_8007D4D8.o
[878/964] EXTERNALIZE build/GEDE01/src/game/game_fn_8007F770.o
[879/964] EXTERNALIZE build/GEDE01/src/game/game_fn_80088F4C.o
[880/964] EXTERNALIZE build/GEDE01/src/game/game_fn_8008A2E0.o
[881/964] EXTERNALIZE build/GEDE01/src/game/game_fn_80089A34.o
[882/964] EXTERNALIZE build/GEDE01/src/game/game_fn_80090004.o
[883/964] EXTERNALIZE build/GEDE01/src/game/game_fn_80095D10.o
[884/964] EXTERNALIZE build/GEDE01/src/game/game_fn_800A3180.o
[885/964] EXTERNALIZE build/GEDE01/src/game/game_fn_800BB7A8.o
[886/964] EXTERNALIZE build/GEDE01/src/game/game_fn_800BB5C4.o
[887/964] EXTERNALIZE build/GEDE01/src/game/game_fn_800BB9A4.o
[888/964] EXTERNALIZE build/GEDE01/src/game/game_fn_800BBAF0.o
[889/964] EXTERNALIZE build/GEDE01/src/game/game_fn_800D9064.o
[890/964] EXTERNALIZE build/GEDE01/src/game/game_fn_800D9E10.o
[891/964] EXTERNALIZE build/GEDE01/src/game/game_fn_8012976C.o
[892/964] EXTERNALIZE build/GEDE01/src/game/game_fn_8013DB8C.o
[893/964] EXTERNALIZE build/GEDE01/src/game/game_fn_8013CBE4.o
[894/964] EXTERNALIZE build/GEDE01/src/game/game_fn_8014CA98.o
[895/964] EXTERNALIZE build/GEDE01/src/game/game_fn_80153A24.o
[896/964] EXTERNALIZE build/GEDE01/src/game/game_fn_80174F2C.o
[897/964] EXTERNALIZE build/GEDE01/src/game/game_fn_801752B0.o
[898/964] EXTERNALIZE build/GEDE01/src/game/game_fn_801535D8.o
[899/964] EXTERNALIZE build/GEDE01/src/game/game_fn_8017AC20.o
[900/964] EXTERNALIZE build/GEDE01/src/game/game_fn_801861C4.o
[901/964] EXTERNALIZE build/GEDE01/src/game/game_fn_8018680C.o
[902/964] EXTERNALIZE build/GEDE01/src/game/game_fn_80186F70.o
[903/964] EXTERNALIZE build/GEDE01/src/game/game_fn_80187320.o
[904/964] EXTERNALIZE build/GEDE01/src/game/game_fn_801875FC.o
[905/964] EXTERNALIZE build/GEDE01/src/game/game_fn_801810A0.o
[906/964] EXTERNALIZE build/GEDE01/src/game/game_fn_800542D0.o
[907/964] EXTERNALIZE build/GEDE01/src/game/game_fn_80187BB4.o
[908/964] EXTERNALIZE build/GEDE01/src/game/game_fn_80187E40.o
[909/964] EXTERNALIZE build/GEDE01/src/game/game_fn_80189C14.o
[910/964] EXTERNALIZE build/GEDE01/src/game/game_fn_8018C2D0.o
[911/964] EXTERNALIZE build/GEDE01/src/game/game_fn_8018D400.o
[912/964] EXTERNALIZE build/GEDE01/src/game/game_fn_8018E0D8.o
[913/964] EXTERNALIZE build/GEDE01/src/game/game_fn_8019120C.o
[914/964] EXTERNALIZE build/GEDE01/src/game/game_fn_8018DC24.o
[915/964] EXTERNALIZE build/GEDE01/src/game/game_fn_801926EC.o
[916/964] EXTERNALIZE build/GEDE01/src/game/game_fn_801916D0.o
[917/964] EXTERNALIZE build/GEDE01/src/game/game_fn_801929A4.o
[918/964] EXTERNALIZE build/GEDE01/src/game/game_fn_801952E8.o
[919/964] EXTERNALIZE build/GEDE01/src/game/game_fn_801A2A54.o
[920/964] EXTERNALIZE build/GEDE01/src/game/game_fn_801A34BC.o
[921/964] EXTERNALIZE build/GEDE01/src/game/game_fn_801A1F8C.o
[922/964] EXTERNALIZE build/GEDE01/src/game/game_fn_801A657C.o
[923/964] EXTERNALIZE build/GEDE01/src/game/game_fn_801E2A48.o
[924/964] EXTERNALIZE build/GEDE01/src/game/game_fn_801D1F78.o
[925/964] EXTERNALIZE build/GEDE01/src/game/game_fn_801E6814.o
[926/964] EXTERNALIZE build/GEDE01/src/game/game_fn_801E995C.o
[927/964] EXTERNALIZE build/GEDE01/src/game/game_fn_801F0CB0.o
[928/964] EXTERNALIZE build/GEDE01/src/game/game_fn_801EF580.o
[929/964] EXTERNALIZE build/GEDE01/src/game/game_fn_801F10BC.o
[930/964] EXTERNALIZE build/GEDE01/src/game/game_fn_801F35A8.o
[931/964] EXTERNALIZE build/GEDE01/src/game/game_fn_801ECD74.o
[932/964] EXTERNALIZE build/GEDE01/src/game/game_fn_801ED5F4.o
[933/964] EXTERNALIZE build/GEDE01/src/game/game_fn_801F69F0.o
[934/964] EXTERNALIZE build/GEDE01/src/game/game_fn_801F76EC.o
[935/964] EXTERNALIZE build/GEDE01/src/game/game_fn_801F8264.o
[936/964] EXTERNALIZE build/GEDE01/src/game/game_fn_801F89B4.o
[937/964] EXTERNALIZE build/GEDE01/src/game/game_fn_801F9AF8.o
[938/964] EXTERNALIZE build/GEDE01/src/game/game_fn_801F6BD8.o
[939/964] EXTERNALIZE build/GEDE01/src/game/game_fn_80095E64.o
[940/964] EXTERNALIZE build/GEDE01/src/game/game_fn_801FB6A4.o
[941/964] EXTERNALIZE JUMPTABLES build/GEDE01/src/game/game_fn_800361F8.o
[942/964] EXTERNALIZE JUMPTABLES build/GEDE01/src/game/game_fn_8006E53C.o
[943/964] EXTERNALIZE JUMPTABLES build/GEDE01/src/game/game_fn_800CF598.o
[944/964] EXTERNALIZE JUMPTABLES build/GEDE01/src/game/game_fn_801ACFE8.o
[945/964] EXTERNALIZE build/GEDE01/src/game/game_fn_801E0088.o
[946/964] EXTERNALIZE JUMPTABLES build/GEDE01/src/game/game_fn_801B1BA0.o
[947/964] EXTERNALIZE build/GEDE01/src/game/game_fn_80150A24.o
[948/964] EXTERNALIZE build/GEDE01/src/game/game_fn_80154F74.o
[949/964] EXTERNALIZE build/GEDE01/src/game/game_fn_801E504C.o
[950/964] EXTERNALIZE build/GEDE01/src/game/game_fn_8009E808.o
[951/964] EXTERNALIZE build/GEDE01/src/game/game_fn_801F1A38.o
[952/964] EXTERNALIZE build/GEDE01/src/game/game_fn_801F55A0.o
[953/964] EXTERNALIZE build/GEDE01/src/game/game_fn_801FFE78.o
[954/964] EXTERNALIZE build/GEDE01/src/game/game_fn_801F7510.o
[955/964] EXTERNALIZE build/GEDE01/src/game/game_fn_801F8FAC.o
[956/964] EXTERNALIZE build/GEDE01/src/game/game_fn_801F9CF4.o
[957/964] EXTERNALIZE build/GEDE01/src/game/game_fn_801FC034.o
[958/964] EXTERNALIZE build/GEDE01/src/game/game_fn_801FA9C8.o
[959/964] REPORT
 INFO Loading project .
 INFO Generating report for 7090 units (using 8 threads)
 INFO Report generated in 0.598s
 INFO Writing to build/GEDE01/report.json
[960/964] LINK build/GEDE01/main.elf
### mwldeppc.exe Linker Warning:
#   Section '.ignored' is unknown. Section ignored.
### mwldeppc.exe Linker Warning:
#   Section '.ignored' is unknown. Section ignored.
### mwldeppc.exe Linker Warning:
#   Section '.ignored' is unknown. Section ignored.
### mwldeppc.exe Linker Warning:
#   Section '.ignored' is unknown. Section ignored.
### mwldeppc.exe Linker Warning:
#   Section '.ignored' is unknown. Section ignored.
### mwldeppc.exe Linker Warning:
#   Section '.ignored' is unknown. Section ignored.
### mwldeppc.exe Linker Warning:
#   Section '.ignored' is unknown. Section ignored.
### mwldeppc.exe Linker Warning:
#   Section '.ignored' is unknown. Section ignored.
### mwldeppc.exe Linker Warning:
#   Section '.ignored' is unknown. Section ignored.
### mwldeppc.exe Linker Warning:
#   Section '.ignored' is unknown. Section ignored.
### mwldeppc.exe Linker Warning:
#   Section '.ignored' is unknown. Section ignored.
### mwldeppc.exe Linker Warning:
#   Section '.ignored' is unknown. Section ignored.
### mwldeppc.exe Linker Warning:
#   Section '.ignored' is unknown. Section ignored.
### mwldeppc.exe Linker Warning:
#   Section '.ignored' is unknown. Section ignored.
### mwldeppc.exe Linker Warning:
#   Section '.ignored' is unknown. Section ignored.
### mwldeppc.exe Linker Warning:
#   Section '.ignored' is unknown. Section ignored.
### mwldeppc.exe Linker Warning:
#   Section '.ignored' is unknown. Section ignored.
### mwldeppc.exe Linker Warning:
#   Section '.ignored' is unknown. Section ignored.
### mwldeppc.exe Linker Warning:
#   Section '.ignored' is unknown. Section ignored.
### mwldeppc.exe Linker Warning:
#   Section '.ignored' is unknown. Section ignored.
### mwldeppc.exe Linker Warning:
#   Section '.ignored' is unknown. Section ignored.
### mwldeppc.exe Linker Warning:
#   Section '.ignored' is unknown. Section ignored.
### mwldeppc.exe Linker Warning:
#   Section '.ignored' is unknown. Section ignored.
### mwldeppc.exe Linker Warning:
#   Section '.ignored' is unknown. Section ignored.
### mwldeppc.exe Linker Warning:
#   Section '.ignored' is unknown. Section ignored.
### mwldeppc.exe Linker Warning:
#   Section '.ignored' is unknown. Section ignored.
### mwldeppc.exe Linker Warning:
#   Section '.ignored' is unknown. Section ignored.
### mwldeppc.exe Linker Warning:
#   Section '.ignored' is unknown. Section ignored.
### mwldeppc.exe Linker Warning:
#   Section '.ignored' is unknown. Section ignored.
### mwldeppc.exe Linker Warning:
#   Section '.ignored' is unknown. Section ignored.
### mwldeppc.exe Linker Warning:
#   Section '.ignored' is unknown. Section ignored.
### mwldeppc.exe Linker Warning:
#   Section '.ignored' is unknown. Section ignored.
### mwldeppc.exe Linker Warning:
#   Section '.ignored' is unknown. Section ignored.
### mwldeppc.exe Linker Warning:
#   Section '.ignored' is unknown. Section ignored.
### mwldeppc.exe Linker Warning:
#   Section '.ignored' is unknown. Section ignored.
### mwldeppc.exe Linker Warning:
#   Section '.ignored' is unknown. Section ignored.
### mwldeppc.exe Linker Warning:
#   Section '.ignored' is unknown. Section ignored.
### mwldeppc.exe Linker Warning:
#   Section '.ignored' is unknown. Section ignored.
### mwldeppc.exe Linker Warning:
#   Section '.ignored' is unknown. Section ignored.
### mwldeppc.exe Linker Warning:
#   Section '.ignored' is unknown. Section ignored.
### mwldeppc.exe Linker Warning:
#   Section '.ignored' is unknown. Section ignored.
### mwldeppc.exe Linker Warning:
#   Section '.ignored' is unknown. Section ignored.
### mwldeppc.exe Linker Warning:
#   Section '.ignored' is unknown. Section ignored.
### mwldeppc.exe Linker Warning:
#   Section '.ignored' is unknown. Section ignored.
### mwldeppc.exe Linker Warning:
#   Section '.ignored' is unknown. Section ignored.
### mwldeppc.exe Linker Warning:
#   Section '.ignored' is unknown. Section ignored.
### mwldeppc.exe Linker Warning:
#   Section '.ignored' is unknown. Section ignored.
### mwldeppc.exe Linker Warning:
#   Section '.ignored' is unknown. Section ignored.
### mwldeppc.exe Linker Warning:
#   Section '.ignored' is unknown. Section ignored.
### mwldeppc.exe Linker Warning:
#   Section '.ignored' is unknown. Section ignored.
### mwldeppc.exe Linker Warning:
#   Section '.ignored' is unknown. Section ignored.
### mwldeppc.exe Linker Warning:
#   Section '.ignored' is unknown. Section ignored.
### mwldeppc.exe Linker Warning:
#   Section '.ignored' is unknown. Section ignored.
### mwldeppc.exe Linker Warning:
#   Section '.ignored' is unknown. Section ignored.
### mwldeppc.exe Linker Warning:
#   Section '.ignored' is unknown. Section ignored.
### mwldeppc.exe Linker Warning:
#   Section '.ignored' is unknown. Section ignored.
### mwldeppc.exe Linker Warning:
#   Section '.ignored' is unknown. Section ignored.
### mwldeppc.exe Linker Warning:
#   Section '.ignored' is unknown. Section ignored.
### mwldeppc.exe Linker Warning:
#   Section '.ignored' is unknown. Section ignored.
### mwldeppc.exe Linker Warning:
#   Section '.ignored' is unknown. Section ignored.
### mwldeppc.exe Linker Warning:
#   Section '.ignored' is unknown. Section ignored.
### mwldeppc.exe Linker Warning:
#   Section '.ignored' is unknown. Section ignored.
### mwldeppc.exe Linker Warning:
#   Section '.ignored' is unknown. Section ignored.
### mwldeppc.exe Linker Warning:
#   Section '.ignored' is unknown. Section ignored.
### mwldeppc.exe Linker Warning:
#   Section '.ignored' is unknown. Section ignored.
### mwldeppc.exe Linker Warning:
#   Section '.ignored' is unknown. Section ignored.
### mwldeppc.exe Linker Warning:
#   Section '.ignored' is unknown. Section ignored.
### mwldeppc.exe Linker Warning:
#   Section '.ignored' is unknown. Section ignored.
### mwldeppc.exe Linker Warning:
#   Section '.ignored' is unknown. Section ignored.
### mwldeppc.exe Linker Warning:
#   Section '.ignored' is unknown. Section ignored.
### mwldeppc.exe Linker Warning:
#   Section '.ignored' is unknown. Section ignored.
### mwldeppc.exe Linker Warning:
#   Section '.ignored' is unknown. Section ignored.
### mwldeppc.exe Linker Warning:
#   Section '.ignored' is unknown. Section ignored.
### mwldeppc.exe Linker Warning:
#   Section '.ignored' is unknown. Section ignored.
### mwldeppc.exe Linker Warning:
#   Section '.ignored' is unknown. Section ignored.
### mwldeppc.exe Linker Warning:
#   Section '.ignored' is unknown. Section ignored.
### mwldeppc.exe Linker Warning:
#   Section '.ignored' is unknown. Section ignored.
### mwldeppc.exe Linker Warning:
#   Section '.ignored' is unknown. Section ignored.
### mwldeppc.exe Linker Warning:
#   Section '.ignored' is unknown. Section ignored.
### mwldeppc.exe Linker Warning:
#   Section '.ignored' is unknown. Section ignored.
### mwldeppc.exe Linker Warning:
#   Section '.ignored' is unknown. Section ignored.
### mwldeppc.exe Linker Warning:
#   Section '.ignored' is unknown. Section ignored.
### mwldeppc.exe Linker Warning:
#   Section '.ignored' is unknown. Section ignored.
### mwldeppc.exe Linker Warning:
#   Section '.ignored' is unknown. Section ignored.
### mwldeppc.exe Linker Warning:
#   Section '.ignored' is unknown. Section ignored.
### mwldeppc.exe Linker Warning:
#   Section '.ignored' is unknown. Section ignored.
### mwldeppc.exe Linker Warning:
#   Section '.ignored' is unknown. Section ignored.
### mwldeppc.exe Linker Warning:
#   Section '.ignored' is unknown. Section ignored.
### mwldeppc.exe Linker Warning:
#   Section '.ignored' is unknown. Section ignored.
### mwldeppc.exe Linker Warning:
#   Section '.ignored' is unknown. Section ignored.
### mwldeppc.exe Linker Warning:
#   Section '.ignored' is unknown. Section ignored.
### mwldeppc.exe Linker Warning:
#   Section '.ignored' is unknown. Section ignored.
### mwldeppc.exe Linker Warning:
#   Section '.ignored' is unknown. Section ignored.
### mwldeppc.exe Linker Warning:
#   Section '.ignored' is unknown. Section ignored.
### mwldeppc.exe Linker Warning:
#   Section '.ignored' is unknown. Section ignored.
### mwldeppc.exe Linker Warning:
#   Section '.ignored' is unknown. Section ignored.
### mwldeppc.exe Linker Warning:
#   Section '.ignored' is unknown. Section ignored.
### mwldeppc.exe Linker Warning:
#   Section '.ignored' is unknown. Section ignored.
### mwldeppc.exe Linker Warning:
#   Section '.ignored' is unknown. Section ignored.
### mwldeppc.exe Linker Warning:
#   Section '.ignored' is unknown. Section ignored.
### mwldeppc.exe Linker Warning:
#   Section '.ignored' is unknown. Section ignored.
### mwldeppc.exe Linker Warning:
#   Section '.ignored' is unknown. Section ignored.
### mwldeppc.exe Linker Warning:
#   Section '.ignored' is unknown. Section ignored.
### mwldeppc.exe Linker Warning:
#   Section '.ignored' is unknown. Section ignored.
### mwldeppc.exe Linker Warning:
#   Section '.ignored' is unknown. Section ignored.
### mwldeppc.exe Linker Warning:
#   Section '.ignored' is unknown. Section ignored.
### mwldeppc.exe Linker Warning:
#   Section '.ignored' is unknown. Section ignored.
### mwldeppc.exe Linker Warning:
#   Section '.ignored' is unknown. Section ignored.
### mwldeppc.exe Linker Warning:
#   Section '.ignored' is unknown. Section ignored.
### mwldeppc.exe Linker Warning:
#   Section '.ignored' is unknown. Section ignored.
### mwldeppc.exe Linker Warning:
#   Section '.ignored' is unknown. Section ignored.
### mwldeppc.exe Linker Warning:
#   Section '.ignored' is unknown. Section ignored.
### mwldeppc.exe Linker Warning:
#   Section '.ignored' is unknown. Section ignored.
### mwldeppc.exe Linker Warning:
#   Section '.ignored' is unknown. Section ignored.
### mwldeppc.exe Linker Warning:
#   Section '.ignored' is unknown. Section ignored.
### mwldeppc.exe Linker Warning:
#   Section '.ignored' is unknown. Section ignored.
### mwldeppc.exe Linker Warning:
#   Section '.ignored' is unknown. Section ignored.
### mwldeppc.exe Linker Warning:
#   Section '.ignored' is unknown. Section ignored.
### mwldeppc.exe Linker Warning:
#   Section '.ignored' is unknown. Section ignored.
### mwldeppc.exe Linker Warning:
#   Section '.ignored' is unknown. Section ignored.
### mwldeppc.exe Linker Warning:
#   Section '.ignored' is unknown. Section ignored.
### mwldeppc.exe Linker Warning:
#   Section '.ignored' is unknown. Section ignored.
### mwldeppc.exe Linker Warning:
#   Section '.ignored' is unknown. Section ignored.
### mwldeppc.exe Linker Warning:
#   Section '.ignored' is unknown. Section ignored.
### mwldeppc.exe Linker Warning:
#   Section '.ignored' is unknown. Section ignored.
### mwldeppc.exe Linker Warning:
#   Section '.ignored' is unknown. Section ignored.
### mwldeppc.exe Linker Warning:
#   Section '.ignored' is unknown. Section ignored.
### mwldeppc.exe Linker Warning:
#   Section '.ignored' is unknown. Section ignored.
### mwldeppc.exe Linker Warning:
#   Section '.ignored' is unknown. Section ignored.
### mwldeppc.exe Linker Warning:
#   Section '.ignored' is unknown. Section ignored.
### mwldeppc.exe Linker Warning:
#   Section '.ignored' is unknown. Section ignored.
### mwldeppc.exe Linker Warning:
#   Section '.ignored' is unknown. Section ignored.
### mwldeppc.exe Linker Warning:
#   Section '.ignored' is unknown. Section ignored.
### mwldeppc.exe Linker Warning:
#   Section '.ignored' is unknown. Section ignored.
### mwldeppc.exe Linker Warning:
#   Section '.ignored' is unknown. Section ignored.
### mwldeppc.exe Linker Warning:
#   Section '.ignored' is unknown. Section ignored.
### mwldeppc.exe Linker Warning:
#   Section '.ignored' is unknown. Section ignored.
### mwldeppc.exe Linker Warning:
#   Section '.ignored' is unknown. Section ignored.
### mwldeppc.exe Linker Warning:
#   Section '.ignored' is unknown. Section ignored.
### mwldeppc.exe Linker Warning:
#   Section '.ignored' is unknown. Section ignored.
### mwldeppc.exe Linker Warning:
#   Section '.ignored' is unknown. Section ignored.
### mwldeppc.exe Linker Warning:
#   Section '.ignored' is unknown. Section ignored.
### mwldeppc.exe Linker Warning:
#   Section '.ignored' is unknown. Section ignored.
### mwldeppc.exe Linker Warning:
#   Section '.ignored' is unknown. Section ignored.
### mwldeppc.exe Linker Warning:
#   Section '.ignored' is unknown. Section ignored.
### mwldeppc.exe Linker Warning:
#   Section '.ignored' is unknown. Section ignored.
### mwldeppc.exe Linker Warning:
#   Section '.ignored' is unknown. Section ignored.
### mwldeppc.exe Linker Warning:
#   Section '.ignored' is unknown. Section ignored.
### mwldeppc.exe Linker Warning:
#   Section '.ignored' is unknown. Section ignored.
### mwldeppc.exe Linker Warning:
#   Section '.ignored' is unknown. Section ignored.
### mwldeppc.exe Linker Warning:
#   Section '.ignored' is unknown. Section ignored.
### mwldeppc.exe Linker Warning:
#   Section '.ignored' is unknown. Section ignored.
### mwldeppc.exe Linker Warning:
#   Section '.ignored' is unknown. Section ignored.
### mwldeppc.exe Linker Warning:
#   Section '.ignored' is unknown. Section ignored.
### mwldeppc.exe Linker Warning:
#   Section '.ignored' is unknown. Section ignored.
### mwldeppc.exe Linker Warning:
#   Section '.ignored' is unknown. Section ignored.
### mwldeppc.exe Linker Warning:
#   Section '.ignored' is unknown. Section ignored.
### mwldeppc.exe Linker Warning:
#   Section '.ignored' is unknown. Section ignored.
### mwldeppc.exe Linker Warning:
#   Section '.ignored' is unknown. Section ignored.
### mwldeppc.exe Linker Warning:
#   Section '.ignored' is unknown. Section ignored.
### mwldeppc.exe Linker Warning:
#   Section '.ignored' is unknown. Section ignored.
### mwldeppc.exe Linker Warning:
#   Section '.ignored' is unknown. Section ignored.
### mwldeppc.exe Linker Warning:
#   Section '.ignored' is unknown. Section ignored.
### mwldeppc.exe Linker Warning:
#   Section '.ignored' is unknown. Section ignored.
### mwldeppc.exe Linker Warning:
#   Section '.ignored' is unknown. Section ignored.
### mwldeppc.exe Linker Warning:
#   Section '.ignored' is unknown. Section ignored.
### mwldeppc.exe Linker Warning:
#   Section '.ignored' is unknown. Section ignored.
### mwldeppc.exe Linker Warning:
#   Section '.ignored' is unknown. Section ignored.
### mwldeppc.exe Linker Warning:
#   Section '.ignored' is unknown. Section ignored.
### mwldeppc.exe Linker Warning:
#   Section '.ignored' is unknown. Section ignored.
### mwldeppc.exe Linker Warning:
#   Section '.ignored' is unknown. Section ignored.
### mwldeppc.exe Linker Warning:
#   Section '.ignored' is unknown. Section ignored.
### mwldeppc.exe Linker Warning:
#   Section '.ignored' is unknown. Section ignored.
### mwldeppc.exe Linker Warning:
#   Section '.ignored' is unknown. Section ignored.
### mwldeppc.exe Linker Warning:
#   Section '.ignored' is unknown. Section ignored.
### mwldeppc.exe Linker Warning:
#   Section '.ignored' is unknown. Section ignored.
### mwldeppc.exe Linker Warning:
#   Section '.ignored' is unknown. Section ignored.
### mwldeppc.exe Linker Warning:
#   Section '.ignored' is unknown. Section ignored.
### mwldeppc.exe Linker Warning:
#   Section '.ignored' is unknown. Section ignored.
### mwldeppc.exe Linker Warning:
#   Section '.ignored' is unknown. Section ignored.
### mwldeppc.exe Linker Warning:
#   Section '.ignored' is unknown. Section ignored.
### mwldeppc.exe Linker Warning:
#   Section '.ignored' is unknown. Section ignored.
### mwldeppc.exe Linker Warning:
#   Section '.ignored' is unknown. Section ignored.
### mwldeppc.exe Linker Warning:
#   Section '.ignored' is unknown. Section ignored.
### mwldeppc.exe Linker Warning:
#   Section '.ignored' is unknown. Section ignored.
### mwldeppc.exe Linker Warning:
#   Section '.ignored' is unknown. Section ignored.
### mwldeppc.exe Linker Warning:
#   Section '.ignored' is unknown. Section ignored.
### mwldeppc.exe Linker Warning:
#   Section '.ignored' is unknown. Section ignored.
### mwldeppc.exe Linker Warning:
#   Section '.ignored' is unknown. Section ignored.
### mwldeppc.exe Linker Warning:
#   Section '.ignored' is unknown. Section ignored.
### mwldeppc.exe Linker Warning:
#   Section '.ignored' is unknown. Section ignored.
### mwldeppc.exe Linker Warning:
#   Section '.ignored' is unknown. Section ignored.
### mwldeppc.exe Linker Warning:
#   Section '.ignored' is unknown. Section ignored.
### mwldeppc.exe Linker Warning:
#   Section '.ignored' is unknown. Section ignored.
### mwldeppc.exe Linker Warning:
#   Section '.ignored' is unknown. Section ignored.
### mwldeppc.exe Linker Warning:
#   Section '.ignored' is unknown. Section ignored.
### mwldeppc.exe Linker Warning:
#   Section '.ignored' is unknown. Section ignored.
### mwldeppc.exe Linker Warning:
#   Section '.ignored' is unknown. Section ignored.
### mwldeppc.exe Linker Warning:
#   Section '.ignored' is unknown. Section ignored.
### mwldeppc.exe Linker Warning:
#   Section '.ignored' is unknown. Section ignored.
### mwldeppc.exe Linker Warning:
#   Section '.ignored' is unknown. Section ignored.
### mwldeppc.exe Linker Warning:
#   Section '.ignored' is unknown. Section ignored.
### mwldeppc.exe Linker Warning:
#   Section '.ignored' is unknown. Section ignored.
### mwldeppc.exe Linker Warning:
#   Section '.ignored' is unknown. Section ignored.
### mwldeppc.exe Linker Warning:
#   Section '.ignored' is unknown. Section ignored.
### mwldeppc.exe Linker Warning:
#   Section '.ignored' is unknown. Section ignored.
### mwldeppc.exe Linker Warning:
#   Section '.ignored' is unknown. Section ignored.
### mwldeppc.exe Linker Warning:
#   Section '.ignored' is unknown. Section ignored.
### mwldeppc.exe Linker Warning:
#   Section '.ignored' is unknown. Section ignored.
### mwldeppc.exe Linker Warning:
#   Section '.ignored' is unknown. Section ignored.
### mwldeppc.exe Linker Warning:
#   Section '.ignored' is unknown. Section ignored.
### mwldeppc.exe Linker Warning:
#   Section '.ignored' is unknown. Section ignored.
### mwldeppc.exe Linker Warning:
#   Section '.ignored' is unknown. Section ignored.
### mwldeppc.exe Linker Warning:
#   Section '.ignored' is unknown. Section ignored.
### mwldeppc.exe Linker Warning:
#   Section '.ignored' is unknown. Section ignored.
### mwldeppc.exe Linker Warning:
#   Section '.ignored' is unknown. Section ignored.
### mwldeppc.exe Linker Warning:
#   Section '.ignored' is unknown. Section ignored.
### mwldeppc.exe Linker Warning:
#   Section '.ignored' is unknown. Section ignored.
### mwldeppc.exe Linker Warning:
#   Section '.ignored' is unknown. Section ignored.
### mwldeppc.exe Linker Warning:
#   Section '.ignored' is unknown. Section ignored.
### mwldeppc.exe Linker Warning:
#   Section '.ignored' is unknown. Section ignored.
### mwldeppc.exe Linker Warning:
#   Section '.ignored' is unknown. Section ignored.
### mwldeppc.exe Linker Warning:
#   Section '.ignored' is unknown. Section ignored.
### mwldeppc.exe Linker Warning:
#   Section '.ignored' is unknown. Section ignored.
### mwldeppc.exe Linker Warning:
#   Section '.ignored' is unknown. Section ignored.
### mwldeppc.exe Linker Warning:
#   Section '.ignored' is unknown. Section ignored.
### mwldeppc.exe Linker Warning:
#   Section '.ignored' is unknown. Section ignored.
### mwldeppc.exe Linker Warning:
#   Section '.ignored' is unknown. Section ignored.
### mwldeppc.exe Linker Warning:
#   Section '.ignored' is unknown. Section ignored.
### mwldeppc.exe Linker Warning:
#   Section '.ignored' is unknown. Section ignored.
### mwldeppc.exe Linker Warning:
#   Section '.ignored' is unknown. Section ignored.
### mwldeppc.exe Linker Warning:
#   Section '.ignored' is unknown. Section ignored.
### mwldeppc.exe Linker Warning:
#   Section '.ignored' is unknown. Section ignored.
### mwldeppc.exe Linker Warning:
#   Section '.ignored' is unknown. Section ignored.
### mwldeppc.exe Linker Warning:
#   Section '.ignored' is unknown. Section ignored.
### mwldeppc.exe Linker Warning:
#   Section '.ignored' is unknown. Section ignored.
### mwldeppc.exe Linker Warning:
#   Section '.ignored' is unknown. Section ignored.
### mwldeppc.exe Linker Warning:
#   Section '.ignored' is unknown. Section ignored.
### mwldeppc.exe Linker Warning:
#   Section '.ignored' is unknown. Section ignored.
### mwldeppc.exe Linker Warning:
#   Section '.ignored' is unknown. Section ignored.
### mwldeppc.exe Linker Warning:
#   Section '.ignored' is unknown. Section ignored.
### mwldeppc.exe Linker Warning:
#   Section '.ignored' is unknown. Section ignored.
### mwldeppc.exe Linker Warning:
#   Section '.ignored' is unknown. Section ignored.
### mwldeppc.exe Linker Warning:
#   Section '.ignored' is unknown. Section ignored.
### mwldeppc.exe Linker Warning:
#   Section '.ignored' is unknown. Section ignored.
### mwldeppc.exe Linker Warning:
#   Section '.ignored' is unknown. Section ignored.
### mwldeppc.exe Linker Warning:
#   Section '.ignored' is unknown. Section ignored.
### mwldeppc.exe Linker Warning:
#   Section '.ignored' is unknown. Section ignored.
### mwldeppc.exe Linker Warning:
#   Section '.ignored' is unknown. Section ignored.
### mwldeppc.exe Linker Warning:
#   Section '.ignored' is unknown. Section ignored.
### mwldeppc.exe Linker Warning:
#   Section '.ignored' is unknown. Section ignored.
### mwldeppc.exe Linker Warning:
#   Section '.ignored' is unknown. Section ignored.
### mwldeppc.exe Linker Warning:
#   Section '.ignored' is unknown. Section ignored.
### mwldeppc.exe Linker Warning:
#   Section '.ignored' is unknown. Section ignored.
### mwldeppc.exe Linker Warning:
#   Section '.ignored' is unknown. Section ignored.
### mwldeppc.exe Linker Warning:
#   Section '.ignored' is unknown. Section ignored.
### mwldeppc.exe Linker Warning:
#   Section '.ignored' is unknown. Section ignored.
### mwldeppc.exe Linker Warning:
#   Section '.ignored' is unknown. Section ignored.
### mwldeppc.exe Linker Warning:
#   Section '.ignored' is unknown. Section ignored.
### mwldeppc.exe Linker Warning:
#   Section '.ignored' is unknown. Section ignored.
### mwldeppc.exe Linker Warning:
#   Section '.ignored' is unknown. Section ignored.
### mwldeppc.exe Linker Warning:
#   Section '.ignored' is unknown. Section ignored.
### mwldeppc.exe Linker Warning:
#   Section '.ignored' is unknown. Section ignored.
### mwldeppc.exe Linker Warning:
#   Section '.ignored' is unknown. Section ignored.
### mwldeppc.exe Linker Warning:
#   Section '.ignored' is unknown. Section ignored.
### mwldeppc.exe Linker Warning:
#   Section '.ignored' is unknown. Section ignored.
### mwldeppc.exe Linker Warning:
#   Section '.ignored' is unknown. Section ignored.
### mwldeppc.exe Linker Warning:
#   Section '.ignored' is unknown. Section ignored.
### mwldeppc.exe Linker Warning:
#   Section '.ignored' is unknown. Section ignored.
### mwldeppc.exe Linker Warning:
#   Section '.ignored' is unknown. Section ignored.
### mwldeppc.exe Linker Warning:
#   Section '.ignored' is unknown. Section ignored.
### mwldeppc.exe Linker Warning:
#   Section '.ignored' is unknown. Section ignored.
### mwldeppc.exe Linker Warning:
#   Section '.ignored' is unknown. Section ignored.
### mwldeppc.exe Linker Warning:
#   Section '.ignored' is unknown. Section ignored.
### mwldeppc.exe Linker Warning:
#   Section '.ignored' is unknown. Section ignored.
### mwldeppc.exe Linker Warning:
#   Section '.ignored' is unknown. Section ignored.
### mwldeppc.exe Linker Warning:
#   Section '.ignored' is unknown. Section ignored.
### mwldeppc.exe Linker Warning:
#   Section '.ignored' is unknown. Section ignored.
### mwldeppc.exe Linker Warning:
#   Section '.ignored' is unknown. Section ignored.
### mwldeppc.exe Linker Warning:
#   Section '.ignored' is unknown. Section ignored.
### mwldeppc.exe Linker Warning:
#   Section '.ignored' is unknown. Section ignored.
### mwldeppc.exe Linker Warning:
#   Section '.ignored' is unknown. Section ignored.
### mwldeppc.exe Linker Warning:
#   Section '.ignored' is unknown. Section ignored.
### mwldeppc.exe Linker Warning:
#   Section '.ignored' is unknown. Section ignored.
### mwldeppc.exe Linker Warning:
#   Section '.ignored' is unknown. Section ignored.
### mwldeppc.exe Linker Warning:
#   Section '.ignored' is unknown. Section ignored.
### mwldeppc.exe Linker Warning:
#   Section '.ignored' is unknown. Section ignored.
### mwldeppc.exe Linker Warning:
#   Section '.ignored' is unknown. Section ignored.
### mwldeppc.exe Linker Warning:
#   Section '.ignored' is unknown. Section ignored.
### mwldeppc.exe Linker Warning:
#   Section '.ignored' is unknown. Section ignored.
### mwldeppc.exe Linker Warning:
#   Section '.ignored' is unknown. Section ignored.
### mwldeppc.exe Linker Warning:
#   Section '.ignored' is unknown. Section ignored.
### mwldeppc.exe Linker Warning:
#   Section '.ignored' is unknown. Section ignored.
### mwldeppc.exe Linker Warning:
#   Section '.ignored' is unknown. Section ignored.
### mwldeppc.exe Linker Warning:
#   Section '.ignored' is unknown. Section ignored.
### mwldeppc.exe Linker Warning:
#   Section '.ignored' is unknown. Section ignored.
### mwldeppc.exe Linker Warning:
#   Section '.ignored' is unknown. Section ignored.
### mwldeppc.exe Linker Warning:
#   Section '.ignored' is unknown. Section ignored.
### mwldeppc.exe Linker Warning:
#   Section '.ignored' is unknown. Section ignored.
### mwldeppc.exe Linker Warning:
#   Section '.ignored' is unknown. Section ignored.
### mwldeppc.exe Linker Warning:
#   Section '.ignored' is unknown. Section ignored.
### mwldeppc.exe Linker Warning:
#   Section '.ignored' is unknown. Section ignored.
### mwldeppc.exe Linker Warning:
#   Section '.ignored' is unknown. Section ignored.
### mwldeppc.exe Linker Warning:
#   Section '.ignored' is unknown. Section ignored.
### mwldeppc.exe Linker Warning:
#   Section '.ignored' is unknown. Section ignored.
### mwldeppc.exe Linker Warning:
#   Section '.ignored' is unknown. Section ignored.
### mwldeppc.exe Linker Warning:
#   Section '.ignored' is unknown. Section ignored.
### mwldeppc.exe Linker Warning:
#   Section '.ignored' is unknown. Section ignored.
### mwldeppc.exe Linker Warning:
#   Section '.ignored' is unknown. Section ignored.
### mwldeppc.exe Linker Warning:
#   Section '.ignored' is unknown. Section ignored.
### mwldeppc.exe Linker Warning:
#   Section '.ignored' is unknown. Section ignored.
### mwldeppc.exe Linker Warning:
#   Section '.ignored' is unknown. Section ignored.
### mwldeppc.exe Linker Warning:
#   Section '.ignored' is unknown. Section ignored.
### mwldeppc.exe Linker Warning:
#   Section '.ignored' is unknown. Section ignored.
### mwldeppc.exe Linker Warning:
#   Section '.ignored' is unknown. Section ignored.
### mwldeppc.exe Linker Warning:
#   Section '.ignored' is unknown. Section ignored.
### mwldeppc.exe Linker Warning:
#   Section '.ignored' is unknown. Section ignored.
### mwldeppc.exe Linker Warning:
#   Section '.ignored' is unknown. Section ignored.
### mwldeppc.exe Linker Warning:
#   Section '.ignored' is unknown. Section ignored.
### mwldeppc.exe Linker Warning:
#   Section '.ignored' is unknown. Section ignored.
### mwldeppc.exe Linker Warning:
#   Section '.ignored' is unknown. Section ignored.
### mwldeppc.exe Linker Warning:
#   Section '.ignored' is unknown. Section ignored.
### mwldeppc.exe Linker Warning:
#   Section '.ignored' is unknown. Section ignored.
### mwldeppc.exe Linker Warning:
#   Section '.ignored' is unknown. Section ignored.
### mwldeppc.exe Linker Warning:
#   Section '.ignored' is unknown. Section ignored.
### mwldeppc.exe Linker Warning:
#   Section '.ignored' is unknown. Section ignored.
### mwldeppc.exe Linker Warning:
#   Section '.ignored' is unknown. Section ignored.
### mwldeppc.exe Linker Warning:
#   Section '.ignored' is unknown. Section ignored.
### mwldeppc.exe Linker Warning:
#   Section '.ignored' is unknown. Section ignored.
### mwldeppc.exe Linker Warning:
#   Section '.ignored' is unknown. Section ignored.
### mwldeppc.exe Linker Warning:
#   Section '.ignored' is unknown. Section ignored.
### mwldeppc.exe Linker Warning:
#   Section '.ignored' is unknown. Section ignored.
### mwldeppc.exe Linker Warning:
#   Section '.ignored' is unknown. Section ignored.
### mwldeppc.exe Linker Warning:
#   Section '.ignored' is unknown. Section ignored.
### mwldeppc.exe Linker Warning:
#   Section '.ignored' is unknown. Section ignored.
### mwldeppc.exe Linker Warning:
#   Section '.ignored' is unknown. Section ignored.
### mwldeppc.exe Linker Warning:
#   Section '.ignored' is unknown. Section ignored.
### mwldeppc.exe Linker Warning:
#   Section '.ignored' is unknown. Section ignored.
### mwldeppc.exe Linker Warning:
#   Section '.ignored' is unknown. Section ignored.
### mwldeppc.exe Linker Warning:
#   Section '.ignored' is unknown. Section ignored.
### mwldeppc.exe Linker Warning:
#   Section '.ignored' is unknown. Section ignored.
### mwldeppc.exe Linker Warning:
#   Section '.ignored' is unknown. Section ignored.
### mwldeppc.exe Linker Warning:
#   Section '.ignored' is unknown. Section ignored.
### mwldeppc.exe Linker Warning:
#   Section '.ignored' is unknown. Section ignored.
### mwldeppc.exe Linker Warning:
#   Section '.ignored' is unknown. Section ignored.
### mwldeppc.exe Linker Warning:
#   Section '.ignored' is unknown. Section ignored.
### mwldeppc.exe Linker Warning:
#   Section '.ignored' is unknown. Section ignored.
### mwldeppc.exe Linker Warning:
#   Section '.ignored' is unknown. Section ignored.
### mwldeppc.exe Linker Warning:
#   Section '.ignored' is unknown. Section ignored.
### mwldeppc.exe Linker Warning:
#   Section '.ignored' is unknown. Section ignored.
### mwldeppc.exe Linker Warning:
#   Section '.ignored' is unknown. Section ignored.
### mwldeppc.exe Linker Warning:
#   Section '.ignored' is unknown. Section ignored.
### mwldeppc.exe Linker Warning:
#   Section '.ignored' is unknown. Section ignored.
### mwldeppc.exe Linker Warning:
#   Section '.ignored' is unknown. Section ignored.
### mwldeppc.exe Linker Warning:
#   Section '.ignored' is unknown. Section ignored.
### mwldeppc.exe Linker Warning:
#   Section '.ignored' is unknown. Section ignored.
### mwldeppc.exe Linker Warning:
#   Section '.ignored' is unknown. Section ignored.
### mwldeppc.exe Linker Warning:
#   Section '.ignored' is unknown. Section ignored.
### mwldeppc.exe Linker Warning:
#   Section '.ignored' is unknown. Section ignored.
### mwldeppc.exe Linker Warning:
#   Section '.ignored' is unknown. Section ignored.
### mwldeppc.exe Linker Warning:
#   Section '.ignored' is unknown. Section ignored.
### mwldeppc.exe Linker Warning:
#   Section '.ignored' is unknown. Section ignored.
### mwldeppc.exe Linker Warning:
#   Section '.ignored' is unknown. Section ignored.
### mwldeppc.exe Linker Warning:
#   Section '.ignored' is unknown. Section ignored.
### mwldeppc.exe Linker Warning:
#   Section '.ignored' is unknown. Section ignored.
### mwldeppc.exe Linker Warning:
#   Section '.ignored' is unknown. Section ignored.
### mwldeppc.exe Linker Warning:
#   Section '.ignored' is unknown. Section ignored.
### mwldeppc.exe Linker Warning:
#   Section '.ignored' is unknown. Section ignored.
### mwldeppc.exe Linker Warning:
#   Section '.ignored' is unknown. Section ignored.
### mwldeppc.exe Linker Warning:
#   Section '.ignored' is unknown. Section ignored.
### mwldeppc.exe Linker Warning:
#   Section '.ignored' is unknown. Section ignored.
### mwldeppc.exe Linker Warning:
#   Section '.ignored' is unknown. Section ignored.
### mwldeppc.exe Linker Warning:
#   Section '.ignored' is unknown. Section ignored.
### mwldeppc.exe Linker Warning:
#   Section '.ignored' is unknown. Section ignored.
### mwldeppc.exe Linker Warning:
#   Section '.ignored' is unknown. Section ignored.
### mwldeppc.exe Linker Warning:
#   Section '.ignored' is unknown. Section ignored.
### mwldeppc.exe Linker Warning:
#   Section '.ignored' is unknown. Section ignored.
### mwldeppc.exe Linker Warning:
#   Section '.ignored' is unknown. Section ignored.
### mwldeppc.exe Linker Warning:
#   Section '.ignored' is unknown. Section ignored.
### mwldeppc.exe Linker Warning:
#   Section '.ignored' is unknown. Section ignored.
### mwldeppc.exe Linker Warning:
#   Section '.ignored' is unknown. Section ignored.
### mwldeppc.exe Linker Warning:
#   Section '.ignored' is unknown. Section ignored.
### mwldeppc.exe Linker Warning:
#   Section '.ignored' is unknown. Section ignored.
### mwldeppc.exe Linker Warning:
#   Section '.ignored' is unknown. Section ignored.
### mwldeppc.exe Linker Warning:
#   Section '.ignored' is unknown. Section ignored.
### mwldeppc.exe Linker Warning:
#   Section '.ignored' is unknown. Section ignored.
### mwldeppc.exe Linker Warning:
#   Section '.ignored' is unknown. Section ignored.
### mwldeppc.exe Linker Warning:
#   Section '.ignored' is unknown. Section ignored.
### mwldeppc.exe Linker Warning:
#   Section '.ignored' is unknown. Section ignored.
### mwldeppc.exe Linker Warning:
#   Section '.ignored' is unknown. Section ignored.
### mwldeppc.exe Linker Warning:
#   Section '.ignored' is unknown. Section ignored.
### mwldeppc.exe Linker Warning:
#   Section '.ignored' is unknown. Section ignored.
### mwldeppc.exe Linker Warning:
#   Section '.ignored' is unknown. Section ignored.
### mwldeppc.exe Linker Warning:
#   Section '.ignored' is unknown. Section ignored.
### mwldeppc.exe Linker Warning:
#   Section '.ignored' is unknown. Section ignored.
### mwldeppc.exe Linker Warning:
#   Section '.ignored' is unknown. Section ignored.
### mwldeppc.exe Linker Warning:
#   Section '.ignored' is unknown. Section ignored.
### mwldeppc.exe Linker Warning:
#   Section '.ignored' is unknown. Section ignored.
### mwldeppc.exe Linker Warning:
#   Section '.ignored' is unknown. Section ignored.
### mwldeppc.exe Linker Warning:
#   Section '.ignored' is unknown. Section ignored.
### mwldeppc.exe Linker Warning:
#   Section '.ignored' is unknown. Section ignored.
### mwldeppc.exe Linker Warning:
#   Section '.ignored' is unknown. Section ignored.
### mwldeppc.exe Linker Warning:
#   Section '.ignored' is unknown. Section ignored.
### mwldeppc.exe Linker Warning:
#   Section '.ignored' is unknown. Section ignored.
### mwldeppc.exe Linker Warning:
#   Section '.ignored' is unknown. Section ignored.
### mwldeppc.exe Linker Warning:
#   Section '.ignored' is unknown. Section ignored.
### mwldeppc.exe Linker Warning:
#   Section '.ignored' is unknown. Section ignored.
### mwldeppc.exe Linker Warning:
#   Section '.ignored' is unknown. Section ignored.
### mwldeppc.exe Linker Warning:
#   Section '.ignored' is unknown. Section ignored.
### mwldeppc.exe Linker Warning:
#   Section '.ignored' is unknown. Section ignored.
### mwldeppc.exe Linker Warning:
#   Section '.ignored' is unknown. Section ignored.
### mwldeppc.exe Linker Warning:
#   Section '.ignored' is unknown. Section ignored.
### mwldeppc.exe Linker Warning:
#   Section '.ignored' is unknown. Section ignored.
### mwldeppc.exe Linker Warning:
#   Section '.ignored' is unknown. Section ignored.
### mwldeppc.exe Linker Warning:
#   Section '.ignored' is unknown. Section ignored.
### mwldeppc.exe Linker Warning:
#   Section '.ignored' is unknown. Section ignored.
### mwldeppc.exe Linker Warning:
#   Section '.ignored' is unknown. Section ignored.
### mwldeppc.exe Linker Warning:
#   Section '.ignored' is unknown. Section ignored.
### mwldeppc.exe Linker Warning:
#   Section '.ignored' is unknown. Section ignored.
### mwldeppc.exe Linker Warning:
#   Section '.ignored' is unknown. Section ignored.
### mwldeppc.exe Linker Warning:
#   Section '.ignored' is unknown. Section ignored.
### mwldeppc.exe Linker Warning:
#   Section '.ignored' is unknown. Section ignored.
### mwldeppc.exe Linker Warning:
#   Section '.ignored' is unknown. Section ignored.
### mwldeppc.exe Linker Warning:
#   Section '.ignored' is unknown. Section ignored.
### mwldeppc.exe Linker Warning:
#   Section '.ignored' is unknown. Section ignored.
### mwldeppc.exe Linker Warning:
#   Section '.ignored' is unknown. Section ignored.
### mwldeppc.exe Linker Warning:
#   Section '.ignored' is unknown. Section ignored.
### mwldeppc.exe Linker Warning:
#   Section '.ignored' is unknown. Section ignored.
### mwldeppc.exe Linker Warning:
#   Section '.ignored' is unknown. Section ignored.
### mwldeppc.exe Linker Warning:
#   Section '.ignored' is unknown. Section ignored.
### mwldeppc.exe Linker Warning:
#   Section '.ignored' is unknown. Section ignored.
### mwldeppc.exe Linker Warning:
#   Section '.ignored' is unknown. Section ignored.
### mwldeppc.exe Linker Warning:
#   Section '.ignored' is unknown. Section ignored.
### mwldeppc.exe Linker Warning:
#   Section '.ignored' is unknown. Section ignored.
### mwldeppc.exe Linker Warning:
#   Section '.ignored' is unknown. Section ignored.
### mwldeppc.exe Linker Warning:
#   Section '.ignored' is unknown. Section ignored.
### mwldeppc.exe Linker Warning:
#   Section '.ignored' is unknown. Section ignored.
### mwldeppc.exe Linker Warning:
#   Section '.ignored' is unknown. Section ignored.
### mwldeppc.exe Linker Warning:
#   Section '.ignored' is unknown. Section ignored.
### mwldeppc.exe Linker Warning:
#   Section '.ignored' is unknown. Section ignored.
### mwldeppc.exe Linker Warning:
#   Section '.ignored' is unknown. Section ignored.
### mwldeppc.exe Linker Warning:
#   Section '.ignored' is unknown. Section ignored.
### mwldeppc.exe Linker Warning:
#   Section '.ignored' is unknown. Section ignored.
### mwldeppc.exe Linker Warning:
#   Section '.ignored' is unknown. Section ignored.
### mwldeppc.exe Linker Warning:
#   Section '.ignored' is unknown. Section ignored.
### mwldeppc.exe Linker Warning:
#   Section '.ignored' is unknown. Section ignored.
### mwldeppc.exe Linker Warning:
#   Section '.ignored' is unknown. Section ignored.
### mwldeppc.exe Linker Warning:
#   Section '.ignored' is unknown. Section ignored.
### mwldeppc.exe Linker Warning:
#   Section '.ignored' is unknown. Section ignored.
### mwldeppc.exe Linker Warning:
#   Section '.ignored' is unknown. Section ignored.
### mwldeppc.exe Linker Warning:
#   Section '.ignored' is unknown. Section ignored.
### mwldeppc.exe Linker Warning:
#   Section '.ignored' is unknown. Section ignored.
### mwldeppc.exe Linker Warning:
#   Section '.ignored' is unknown. Section ignored.
### mwldeppc.exe Linker Warning:
#   Section '.ignored' is unknown. Section ignored.
### mwldeppc.exe Linker Warning:
#   Section '.ignored' is unknown. Section ignored.
### mwldeppc.exe Linker Warning:
#   Section '.ignored' is unknown. Section ignored.
### mwldeppc.exe Linker Warning:
#   Section '.ignored' is unknown. Section ignored.
### mwldeppc.exe Linker Warning:
#   Section '.ignored' is unknown. Section ignored.
### mwldeppc.exe Linker Warning:
#   Section '.ignored' is unknown. Section ignored.
### mwldeppc.exe Linker Warning:
#   Section '.ignored' is unknown. Section ignored.
### mwldeppc.exe Linker Warning:
#   Section '.ignored' is unknown. Section ignored.
### mwldeppc.exe Linker Warning:
#   Section '.ignored' is unknown. Section ignored.
### mwldeppc.exe Linker Warning:
#   Section '.ignored' is unknown. Section ignored.
### mwldeppc.exe Linker Warning:
#   Section '.ignored' is unknown. Section ignored.
### mwldeppc.exe Linker Warning:
#   Section '.ignored' is unknown. Section ignored.
### mwldeppc.exe Linker Warning:
#   Section '.ignored' is unknown. Section ignored.
### mwldeppc.exe Linker Warning:
#   Section '.ignored' is unknown. Section ignored.
### mwldeppc.exe Linker Warning:
#   Section '.ignored' is unknown. Section ignored.
### mwldeppc.exe Linker Warning:
#   Section '.ignored' is unknown. Section ignored.
### mwldeppc.exe Linker Warning:
#   Section '.ignored' is unknown. Section ignored.
### mwldeppc.exe Linker Warning:
#   Section '.ignored' is unknown. Section ignored.
### mwldeppc.exe Linker Warning:
#   Section '.ignored' is unknown. Section ignored.
### mwldeppc.exe Linker Warning:
#   Section '.ignored' is unknown. Section ignored.
### mwldeppc.exe Linker Warning:
#   Section '.ignored' is unknown. Section ignored.
### mwldeppc.exe Linker Warning:
#   Section '.ignored' is unknown. Section ignored.
### mwldeppc.exe Linker Warning:
#   Section '.ignored' is unknown. Section ignored.
### mwldeppc.exe Linker Warning:
#   Section '.ignored' is unknown. Section ignored.
### mwldeppc.exe Linker Warning:
#   Section '.ignored' is unknown. Section ignored.
### mwldeppc.exe Linker Warning:
#   Section '.ignored' is unknown. Section ignored.
### mwldeppc.exe Linker Warning:
#   Section '.ignored' is unknown. Section ignored.
### mwldeppc.exe Linker Warning:
#   Section '.ignored' is unknown. Section ignored.
### mwldeppc.exe Linker Warning:
#   Section '.ignored' is unknown. Section ignored.
### mwldeppc.exe Linker Warning:
#   Section '.ignored' is unknown. Section ignored.
### mwldeppc.exe Linker Warning:
#   Section '.ignored' is unknown. Section ignored.
### mwldeppc.exe Linker Warning:
#   Section '.ignored' is unknown. Section ignored.
### mwldeppc.exe Linker Warning:
#   Section '.ignored' is unknown. Section ignored.
### mwldeppc.exe Linker Warning:
#   Section '.ignored' is unknown. Section ignored.
### mwldeppc.exe Linker Warning:
#   Section '.ignored' is unknown. Section ignored.
### mwldeppc.exe Linker Warning:
#   Section '.ignored' is unknown. Section ignored.
### mwldeppc.exe Linker Warning:
#   Section '.ignored' is unknown. Section ignored.
### mwldeppc.exe Linker Warning:
#   Section '.ignored' is unknown. Section ignored.
### mwldeppc.exe Linker Warning:
#   Section '.ignored' is unknown. Section ignored.
### mwldeppc.exe Linker Warning:
#   Section '.ignored' is unknown. Section ignored.
### mwldeppc.exe Linker Warning:
#   Section '.ignored' is unknown. Section ignored.
### mwldeppc.exe Linker Warning:
#   Section '.ignored' is unknown. Section ignored.
### mwldeppc.exe Linker Warning:
#   Section '.ignored' is unknown. Section ignored.
### mwldeppc.exe Linker Warning:
#   Section '.ignored' is unknown. Section ignored.
### mwldeppc.exe Linker Warning:
#   Section '.ignored' is unknown. Section ignored.
### mwldeppc.exe Linker Warning:
#   Section '.ignored' is unknown. Section ignored.
### mwldeppc.exe Linker Warning:
#   Section '.ignored' is unknown. Section ignored.
### mwldeppc.exe Linker Warning:
#   Section '.ignored' is unknown. Section ignored.
### mwldeppc.exe Linker Warning:
#   Section '.ignored' is unknown. Section ignored.
### mwldeppc.exe Linker Warning:
#   Section '.ignored' is unknown. Section ignored.
### mwldeppc.exe Linker Warning:
#   Section '.ignored' is unknown. Section ignored.
### mwldeppc.exe Linker Warning:
#   Section '.ignored' is unknown. Section ignored.
### mwldeppc.exe Linker Warning:
#   Section '.ignored' is unknown. Section ignored.
### mwldeppc.exe Linker Warning:
#   Section '.ignored' is unknown. Section ignored.
### mwldeppc.exe Linker Warning:
#   Section '.ignored' is unknown. Section ignored.
### mwldeppc.exe Linker Warning:
#   Section '.ignored' is unknown. Section ignored.
### mwldeppc.exe Linker Warning:
#   Section '.ignored' is unknown. Section ignored.
### mwldeppc.exe Linker Warning:
#   Section '.ignored' is unknown. Section ignored.
### mwldeppc.exe Linker Warning:
#   Section '.ignored' is unknown. Section ignored.
### mwldeppc.exe Linker Warning:
#   Section '.ignored' is unknown. Section ignored.
### mwldeppc.exe Linker Warning:
#   Section '.ignored' is unknown. Section ignored.
### mwldeppc.exe Linker Warning:
#   Section '.ignored' is unknown. Section ignored.
### mwldeppc.exe Linker Warning:
#   Section '.ignored' is unknown. Section ignored.
### mwldeppc.exe Linker Warning:
#   Section '.ignored' is unknown. Section ignored.
### mwldeppc.exe Linker Warning:
#   Section '.ignored' is unknown. Section ignored.
### mwldeppc.exe Linker Warning:
#   Section '.ignored' is unknown. Section ignored.
### mwldeppc.exe Linker Warning:
#   Section '.ignored' is unknown. Section ignored.
### mwldeppc.exe Linker Warning:
#   Section '.ignored' is unknown. Section ignored.
### mwldeppc.exe Linker Warning:
#   Section '.ignored' is unknown. Section ignored.
### mwldeppc.exe Linker Warning:
#   Section '.ignored' is unknown. Section ignored.
### mwldeppc.exe Linker Warning:
#   Section '.ignored' is unknown. Section ignored.
### mwldeppc.exe Linker Warning:
#   Section '.ignored' is unknown. Section ignored.
### mwldeppc.exe Linker Warning:
#   Section '.ignored' is unknown. Section ignored.
### mwldeppc.exe Linker Warning:
#   Section '.ignored' is unknown. Section ignored.
### mwldeppc.exe Linker Warning:
#   Section '.ignored' is unknown. Section ignored.
### mwldeppc.exe Linker Warning:
#   Section '.ignored' is unknown. Section ignored.
### mwldeppc.exe Linker Warning:
#   Section '.ignored' is unknown. Section ignored.
### mwldeppc.exe Linker Warning:
#   Section '.ignored' is unknown. Section ignored.
### mwldeppc.exe Linker Warning:
#   Section '.ignored' is unknown. Section ignored.
### mwldeppc.exe Linker Warning:
#   Section '.ignored' is unknown. Section ignored.
### mwldeppc.exe Linker Warning:
#   Section '.ignored' is unknown. Section ignored.
### mwldeppc.exe Linker Warning:
#   Section '.ignored' is unknown. Section ignored.
### mwldeppc.exe Linker Warning:
#   Section '.ignored' is unknown. Section ignored.
### mwldeppc.exe Linker Warning:
#   Section '.ignored' is unknown. Section ignored.
### mwldeppc.exe Linker Warning:
#   Section '.ignored' is unknown. Section ignored.
### mwldeppc.exe Linker Warning:
#   Section '.ignored' is unknown. Section ignored.
### mwldeppc.exe Linker Warning:
#   Section '.ignored' is unknown. Section ignored.
### mwldeppc.exe Linker Warning:
#   Section '.ignored' is unknown. Section ignored.
### mwldeppc.exe Linker Warning:
#   Section '.ignored' is unknown. Section ignored.
### mwldeppc.exe Linker Warning:
#   Section '.ignored' is unknown. Section ignored.
### mwldeppc.exe Linker Warning:
#   Section '.ignored' is unknown. Section ignored.
### mwldeppc.exe Linker Warning:
#   Section '.ignored' is unknown. Section ignored.
### mwldeppc.exe Linker Warning:
#   Section '.ignored' is unknown. Section ignored.
### mwldeppc.exe Linker Warning:
#   Section '.ignored' is unknown. Section ignored.
### mwldeppc.exe Linker Warning:
#   Section '.ignored' is unknown. Section ignored.
### mwldeppc.exe Linker Warning:
#   Section '.ignored' is unknown. Section ignored.
### mwldeppc.exe Linker Warning:
#   Section '.ignored' is unknown. Section ignored.
### mwldeppc.exe Linker Warning:
#   Section '.ignored' is unknown. Section ignored.
### mwldeppc.exe Linker Warning:
#   Section '.ignored' is unknown. Section ignored.
### mwldeppc.exe Linker Warning:
#   Section '.ignored' is unknown. Section ignored.
### mwldeppc.exe Linker Warning:
#   Section '.ignored' is unknown. Section ignored.
### mwldeppc.exe Linker Warning:
#   Section '.ignored' is unknown. Section ignored.
[961/964] DOL build/GEDE01/main.dol
[962/964] CHECK config/GEDE01/build.sha1
build/GEDE01/main.dol: OK
[963/964] PROGRESS
Progress:
  All: 61.12% fuzzy, 52.00% matched, 51.92% linked (6398 / 7090 files)
    Code: 1196364 / 2300692 bytes (6165 / 8214 functions)
    Data: 39886 / 4305642 bytes (0.93%)
  Game Code: 98.03% fuzzy, 83.37% matched, 83.25% linked (6380 / 6654 files)
    Code: 1193336 / 1431288 bytes (6103 / 6375 functions)
    Data: 39662 / 40542 bytes (97.83%)
  SDK/Runtime: 100.00% fuzzy, 100.00% matched, 100.00% linked (18 / 18 files)
    Code: 3028 / 3028 bytes (62 / 62 functions)
    Data: 224 / 224 bytes (100.00%)
