[1/972] MWCC build/GEDE01/src/game/game_fn_80008014.o
[2/972] MWCC build/GEDE01/src/game/game_fn_800094C0.o
[3/972] MWCC build/GEDE01/src/game/game_fn_800096E0.o
[4/972] MWCC build/GEDE01/src/game/game_fn_800098C0.o
[5/972] MWCC build/GEDE01/src/game/game_fn_800099D8.o
[6/972] MWCC build/GEDE01/src/game/game_fn_80009AB4.o
[7/972] MWCC build/GEDE01/src/game/game_fn_8000A26C.o
[8/972] MWCC build/GEDE01/src/game/game_fn_8000AC88.o
[9/972] MWCC build/GEDE01/src/game/game_fn_8000AFB4.o
[10/972] MWCC build/GEDE01/src/game/game_fn_8000AEB4.o
[11/972] MWCC build/GEDE01/src/game/game_fn_8000B36C.o
[12/972] MWCC build/GEDE01/src/game/game_fn_8000B1B8.o
[13/972] MWCC build/GEDE01/src/game/game_fn_8000B630.o
[14/972] MWCC build/GEDE01/src/game/game_fn_8000B7FC.o
[15/972] MWCC build/GEDE01/src/game/game_fn_8000B900.o
[16/972] MWCC build/GEDE01/src/game/game_fn_8000BA0C.o
[17/972] MWCC build/GEDE01/src/game/game_fn_8000BAA0.o
[18/972] MWCC build/GEDE01/src/game/game_fn_8000BC40.o
[19/972] MWCC build/GEDE01/src/game/game_fn_8000C06C.o
[20/972] MWCC build/GEDE01/src/game/game_fn_8000C17C.o
[21/972] MWCC build/GEDE01/src/game/game_fn_8000C400.o
[22/972] MWCC build/GEDE01/src/game/game_fn_8000C848.o
[23/972] MWCC build/GEDE01/src/game/game_fn_8000C91C.o
[24/972] MWCC build/GEDE01/src/game/game_fn_8000D0BC.o
[25/972] MWCC build/GEDE01/src/game/game_fn_8000D3D4.o
[26/972] MWCC build/GEDE01/src/game/game_fn_8000D590.o
[27/972] MWCC build/GEDE01/src/game/game_fn_8000D8A4.o
[28/972] MWCC build/GEDE01/src/game/game_fn_8000DA50.o
[29/972] MWCC build/GEDE01/src/game/game_fn_8000DAF4.o
[30/972] MWCC build/GEDE01/src/game/game_fn_8000E054.o
[31/972] MWCC build/GEDE01/src/game/game_fn_8000E0AC.o
[32/972] MWCC build/GEDE01/src/game/game_fn_8000E138.o
[33/972] MWCC build/GEDE01/src/game/game_fn_8000E1C4.o
[34/972] MWCC build/GEDE01/src/game/game_fn_8000E96C.o
[35/972] MWCC build/GEDE01/src/game/game_fn_8000EB14.o
[36/972] MWCC build/GEDE01/src/game/game_fn_8000EBD4.o
[37/972] MWCC build/GEDE01/src/game/game_fn_8000ED44.o
[38/972] MWCC build/GEDE01/src/game/game_fn_8000EFC4.o
[39/972] MWCC build/GEDE01/src/game/game_fn_8000F4B0.o
[40/972] MWCC build/GEDE01/src/game/game_fn_8000F774.o
[41/972] MWCC build/GEDE01/src/game/game_fn_8000FDE8.o
[42/972] MWCC build/GEDE01/src/game/game_fn_8000FFD8.o
[43/972] MWCC build/GEDE01/src/game/game_fn_800119FC.o
[44/972] MWCC build/GEDE01/src/game/game_fn_80012DA8.o
[45/972] MWCC build/GEDE01/src/game/game_fn_80012F40.o
[46/972] MWCC build/GEDE01/src/game/game_fn_80012FD0.o
[47/972] MWCC build/GEDE01/src/game/game_fn_800131E8.o
[48/972] MWCC build/GEDE01/src/game/game_fn_80013340.o
[49/972] MWCC build/GEDE01/src/game/game_fn_80013870.o
[50/972] MWCC build/GEDE01/src/game/game_fn_80013CB0.o
[51/972] MWCC build/GEDE01/src/game/game_fn_80013D54.o
[52/972] MWCC build/GEDE01/src/game/game_fn_800142DC.o
[53/972] MWCC build/GEDE01/src/game/game_fn_800144CC.o
[54/972] MWCC build/GEDE01/src/game/game_fn_80014784.o
[55/972] MWCC build/GEDE01/src/game/game_fn_800149D4.o
[56/972] MWCC build/GEDE01/src/game/game_fn_80015058.o
[57/972] MWCC build/GEDE01/src/game/game_fn_80015320.o
[58/972] MWCC build/GEDE01/src/game/game_fn_80015568.o
[59/972] MWCC build/GEDE01/src/game/game_fn_800156FC.o
[60/972] MWCC build/GEDE01/src/game/game_fn_80015BE0.o
[61/972] MWCC build/GEDE01/src/game/game_fn_80015D40.o
[62/972] MWCC build/GEDE01/src/game/game_fn_80015F04.o
[63/972] MWCC build/GEDE01/src/game/game_fn_80016128.o
[64/972] MWCC build/GEDE01/src/game/game_fn_80016270.o
[65/972] MWCC build/GEDE01/src/game/game_fn_80016904.o
[66/972] MWCC build/GEDE01/src/game/game_fn_80016B24.o
[67/972] MWCC build/GEDE01/src/game/game_fn_800171C0.o
[68/972] MWCC build/GEDE01/src/game/game_fn_800173CC.o
[69/972] MWCC build/GEDE01/src/game/game_fn_800176F0.o
[70/972] MWCC build/GEDE01/src/game/game_fn_80017910.o
[71/972] MWCC build/GEDE01/src/game/game_fn_800179AC.o
[72/972] MWCC build/GEDE01/src/game/game_fn_80017A3C.o
[73/972] MWCC build/GEDE01/src/game/game_fn_80017AE4.o
[74/972] MWCC build/GEDE01/src/game/game_fn_80017C3C.o
[75/972] MWCC build/GEDE01/src/game/game_fn_80017CC8.o
[76/972] MWCC build/GEDE01/src/game/game_fn_80017DB0.o
[77/972] MWCC build/GEDE01/src/game/game_fn_80018EF4.o
[78/972] MWCC build/GEDE01/src/game/game_fn_80019244.o
[79/972] MWCC build/GEDE01/src/game/game_fn_80019054.o
[80/972] MWCC build/GEDE01/src/game/game_fn_80019940.o
[81/972] MWCC build/GEDE01/src/game/game_fn_800194D0.o
[82/972] MWCC build/GEDE01/src/game/game_fn_80019C10.o
[83/972] MWCC build/GEDE01/src/game/game_fn_80019D2C.o
[84/972] MWCC build/GEDE01/src/game/game_fn_80019F98.o
[85/972] MWCC build/GEDE01/src/game/game_fn_8001A6C4.o
[86/972] MWCC build/GEDE01/src/game/game_fn_8001AAB8.o
[87/972] MWCC build/GEDE01/src/game/game_fn_8001ADF8.o
[88/972] MWCC build/GEDE01/src/game/game_fn_8001AF68.o
[89/972] MWCC build/GEDE01/src/game/game_fn_8001B124.o
[90/972] MWCC build/GEDE01/src/game/game_fn_8001B808.o
[91/972] MWCC build/GEDE01/src/game/game_fn_8001B294.o
[92/972] MWCC build/GEDE01/src/game/game_fn_8001C078.o
[93/972] MWCC build/GEDE01/src/game/game_fn_8001B874.o
[94/972] MWCC build/GEDE01/src/game/game_fn_8001CA04.o
[95/972] MWCC build/GEDE01/src/game/game_fn_8001CD58.o
[96/972] MWCC build/GEDE01/src/game/game_fn_8001CE94.o
[97/972] MWCC build/GEDE01/src/game/game_fn_8001E644.o
[98/972] MWCC build/GEDE01/src/game/game_fn_8001FE1C.o
[99/972] MWCC build/GEDE01/src/game/game_fn_80020E94.o
[100/972] MWCC build/GEDE01/src/game/game_fn_80024F28.o
[101/972] MWCC build/GEDE01/src/game/game_fn_800272B4.o
[102/972] MWCC build/GEDE01/src/game/game_fn_8002B748.o
[103/972] MWCC build/GEDE01/src/game/game_fn_8002DAE0.o
[104/972] MWCC build/GEDE01/src/game/game_fn_8002E3F0.o
[105/972] MWCC build/GEDE01/src/game/game_fn_8002EA68.o
[106/972] MWCC build/GEDE01/src/game/game_fn_8002F428.o
[107/972] MWCC build/GEDE01/src/game/game_fn_80031544.o
[108/972] MWCC build/GEDE01/src/game/game_fn_8003232C.o
[109/972] MWCC build/GEDE01/src/game/game_fn_80032B84.o
[110/972] MWCC build/GEDE01/src/game/game_fn_80033038.o
[111/972] MWCC build/GEDE01/src/game/game_fn_80033180.o
[112/972] MWCC build/GEDE01/src/game/game_fn_800359A0.o
[113/972] MWCC build/GEDE01/src/game/game_fn_800361F8.o
[114/972] MWCC build/GEDE01/src/game/game_fn_80036C40.o
[115/972] MWCC build/GEDE01/src/game/game_fn_80038878.o
[116/972] MWCC build/GEDE01/src/game/game_fn_80048ADC.o
[117/972] MWCC build/GEDE01/src/game/game_fn_80048B24.o
[118/972] MWCC build/GEDE01/src/game/game_fn_8004998C.o
[119/972] MWCC build/GEDE01/src/game/game_fn_80050B08.o
[120/972] MWCC build/GEDE01/src/game/game_fn_80052310.o
[121/972] MWCC build/GEDE01/src/game/game_fn_800542D0.o
[122/972] MWCC build/GEDE01/src/game/game_fn_8005EC6C.o
[123/972] MWCC build/GEDE01/src/game/game_fn_8005EE9C.o
[124/972] MWCC build/GEDE01/src/game/game_fn_8005EF94.o
[125/972] MWCC build/GEDE01/src/game/game_data_80239E10.o
[126/972] MWCC build/GEDE01/src/game/game_data_80239E18.o
[127/972] MWCC build/GEDE01/src/game/game_fn_8005FD84.o
[128/972] MWCC build/GEDE01/src/game/game_fn_80066888.o
[129/972] MWCC build/GEDE01/src/game/game_fn_80066E78.o
[130/972] MWCC build/GEDE01/src/game/game_fn_8006B0F0.o
[131/972] MWCC build/GEDE01/src/game/game_fn_8006B620.o
[132/972] MWCC build/GEDE01/src/game/game_fn_8006E53C.o
[133/972] MWCC build/GEDE01/src/game/game_fn_80074310.o
[134/972] MWCC build/GEDE01/src/game/game_fn_80071A58.o
[135/972] MWCC build/GEDE01/src/game/game_fn_80078500.o
[136/972] MWCC build/GEDE01/src/game/game_fn_80079908.o
[137/972] MWCC build/GEDE01/src/game/game_fn_8007B2F4.o
[138/972] MWCC build/GEDE01/src/game/game_fn_80079AA4.o
[139/972] MWCC build/GEDE01/src/game/game_fn_8007B640.o
[140/972] MWCC build/GEDE01/src/game/game_fn_8007B540.o
[141/972] MWCC build/GEDE01/src/game/game_fn_8007B828.o
[142/972] MWCC build/GEDE01/src/game/game_fn_8007BA3C.o
[143/972] MWCC build/GEDE01/src/game/game_fn_8007F770.o
[144/972] MWCC build/GEDE01/src/game/game_fn_8007D4D8.o
[145/972] MWCC build/GEDE01/src/game/game_fn_80088060.o
[146/972] MWCC build/GEDE01/src/game/game_fn_800886D8.o
[147/972] MWCC build/GEDE01/src/game/game_fn_80088F4C.o
[148/972] MWCC build/GEDE01/src/game/game_fn_80089A34.o
[149/972] MWCC build/GEDE01/src/game/game_fn_8008F224.o
[150/972] MWCC build/GEDE01/src/game/game_fn_8008A2E0.o
[151/972] MWCC build/GEDE01/src/game/game_fn_8008F890.o
[152/972] MWCC build/GEDE01/src/game/game_fn_80090004.o
[153/972] MWCC build/GEDE01/src/game/game_fn_80095D10.o
[154/972] MWCC build/GEDE01/src/game/game_fn_800934A0.o
[155/972] MWCC build/GEDE01/src/game/game_fn_80095FDC.o
[156/972] MWCC build/GEDE01/src/game/game_fn_80095E64.o
[157/972] MWCC build/GEDE01/src/game/game_fn_80096830.o
[158/972] MWCC build/GEDE01/src/game/game_fn_8009C424.o
[159/972] MWCC build/GEDE01/src/game/game_fn_8009E808.o
[160/972] MWCC build/GEDE01/src/game/game_fn_800A2130.o
[161/972] MWCC build/GEDE01/src/game/game_fn_800A2B8C.o
[162/972] MWCC build/GEDE01/src/game/game_fn_800A2FCC.o
[163/972] MWCC build/GEDE01/src/game/game_fn_800A3180.o
[164/972] MWCC build/GEDE01/src/game/game_fn_800A3894.o
[165/972] MWCC build/GEDE01/src/game/game_fn_800A4798.o
[166/972] MWCC build/GEDE01/src/game/game_fn_800A4428.o
[167/972] MWCC build/GEDE01/src/game/game_fn_800A7E88.o
[168/972] MWCC build/GEDE01/src/game/game_fn_800AF230.o
[169/972] MWCC build/GEDE01/src/game/game_fn_800B2EC0.o
[170/972] MWCC build/GEDE01/src/game/game_fn_800BB5C4.o
[171/972] MWCC build/GEDE01/src/game/game_fn_800BB7A8.o
[172/972] MWCC build/GEDE01/src/game/game_fn_800BB9A4.o
[173/972] MWCC build/GEDE01/src/game/game_fn_800BBAF0.o
[174/972] MWCC build/GEDE01/src/game/game_fn_800C030C.o
[175/972] MWCC build/GEDE01/src/game/game_fn_800C17EC.o
[176/972] MWCC build/GEDE01/src/game/game_fn_800C59F0.o
[177/972] MWCC build/GEDE01/src/game/game_fn_800C644C.o
[178/972] MWCC build/GEDE01/src/game/game_fn_800C65FC.o
[179/972] MWCC build/GEDE01/src/game/game_fn_800C9C60.o
[180/972] MWCC build/GEDE01/src/game/game_fn_800CB760.o
[181/972] MWCC build/GEDE01/src/game/game_fn_800CB8F4.o
[182/972] MWCC build/GEDE01/src/game/game_fn_800CF598.o
[183/972] MWCC build/GEDE01/src/game/game_fn_800D9064.o
[184/972] MWCC build/GEDE01/src/game/game_fn_800D9E10.o
[185/972] MWCC build/GEDE01/src/game/game_fn_800DC4D4.o
[186/972] MWCC build/GEDE01/src/game/game_fn_800E4980.o
[187/972] MWCC build/GEDE01/src/game/game_TRKNubWelcome.o
[188/972] MWCC build/GEDE01/src/game/game_TRK_main.o
[189/972] MWCC build/GEDE01/src/game/game_InitMetroTRKCommTable.o
[190/972] MWCC build/GEDE01/src/game/game_fn_800FD0C8.o
[191/972] MWCC build/GEDE01/src/game/game_fn_8010242C.o
[192/972] MWCC build/GEDE01/src/game/game_fn_801098C0.o
[193/972] MWCC build/GEDE01/src/game/game_fn_8010F184.o
[194/972] MWCC build/GEDE01/src/game/game_fn_801126E0.o
[195/972] MWCC build/GEDE01/src/game/game_fn_801128E4.o
[196/972] MWCC build/GEDE01/src/game/game_fn_801141B8.o
[197/972] MWCC build/GEDE01/src/game/game_fn_80119C70.o
[198/972] MWCC build/GEDE01/src/game/game_fn_8011EE04.o
[199/972] MWCC build/GEDE01/src/game/game_fn_8011F140.o
[200/972] MWCC build/GEDE01/src/game/game_fn_801247F8.o
[201/972] MWCC build/GEDE01/src/game/game_fn_80126A00.o
[202/972] MWCC build/GEDE01/src/game/game_fn_8012976C.o
[203/972] MWCC build/GEDE01/src/game/game_fn_8012DB28.o
[204/972] MWCC build/GEDE01/src/game/game_fn_8013CBE4.o
[205/972] MWCC build/GEDE01/src/game/game_fn_8013D6A4.o
[206/972] MWCC build/GEDE01/src/game/game_fn_8013DB8C.o
[207/972] MWCC build/GEDE01/src/game/game_fn_8014549C.o
[208/972] MWCC build/GEDE01/src/game/game_fn_8014AF38.o
[209/972] MWCC build/GEDE01/src/game/game_fn_8014B494.o
[210/972] MWCC build/GEDE01/src/game/game_fn_8014BA14.o
[211/972] MWCC build/GEDE01/src/game/game_fn_8014CA98.o
[212/972] MWCC build/GEDE01/src/game/game_fn_80150400.o
[213/972] MWCC build/GEDE01/src/game/game_fn_80150A24.o
[214/972] MWCC build/GEDE01/src/game/game_fn_80151600.o
[215/972] MWCC build/GEDE01/src/game/game_fn_80150F20.o
[216/972] MWCC build/GEDE01/src/game/game_fn_80151D00.o
[217/972] MWCC build/GEDE01/src/game/game_fn_801535D8.o
[218/972] MWCC build/GEDE01/src/game/game_fn_80153898.o
[219/972] MWCC build/GEDE01/src/game/game_fn_80153A24.o
[220/972] MWCC build/GEDE01/src/game/game_fn_80154F74.o
[221/972] MWCC build/GEDE01/src/game/game_fn_80155814.o
[222/972] MWCC build/GEDE01/src/game/game_fn_80157C0C.o
[223/972] MWCC build/GEDE01/src/game/game_fn_80158B20.o
[224/972] MWCC build/GEDE01/src/game/game_fn_80158D38.o
[225/972] MWCC build/GEDE01/src/game/game_fn_8015DB84.o
[226/972] MWCC build/GEDE01/src/game/game_fn_8015DC54.o
[227/972] MWCC build/GEDE01/src/game/game_fn_8015EDC0.o
[228/972] MWCC build/GEDE01/src/game/game_fn_80167454.o
[229/972] MWCC build/GEDE01/src/game/game_fn_80167B5C.o
[230/972] MWCC build/GEDE01/src/game/game_fn_80169650.o
[231/972] MWCC build/GEDE01/src/game/game_fn_8016BD0C.o
[232/972] MWCC build/GEDE01/src/game/game_fn_8016BE1C.o
[233/972] MWCC build/GEDE01/src/game/game_fn_8016BF60.o
[234/972] MWCC build/GEDE01/src/game/game_fn_8016C0BC.o
[235/972] MWCC build/GEDE01/src/game/game_fn_8016C164.o
[236/972] MWCC build/GEDE01/src/game/game_fn_8016C238.o
[237/972] MWCC build/GEDE01/src/game/game_fn_8016C4BC.o
[238/972] MWCC build/GEDE01/src/game/game_fn_8016C774.o
[239/972] MWCC build/GEDE01/src/game/game_fn_8016D040.o
[240/972] MWCC build/GEDE01/src/game/game_fn_8016D1F8.o
[241/972] MWCC build/GEDE01/src/game/game_fn_8016D2B8.o
[242/972] MWCC build/GEDE01/src/game/game_fn_8016D9C0.o
[243/972] MWCC build/GEDE01/src/game/game_fn_8016DF4C.o
[244/972] MWCC build/GEDE01/src/game/game_fn_8016E8F8.o
[245/972] MWCC build/GEDE01/src/game/game_fn_8016FEF8.o
[246/972] MWCC build/GEDE01/src/game/game_fn_8017038C.o
[247/972] MWCC build/GEDE01/src/game/game_fn_801704F8.o
[248/972] MWCC build/GEDE01/src/game/game_fn_801706DC.o
[249/972] MWCC build/GEDE01/src/game/game_fn_80170A40.o
[250/972] MWCC build/GEDE01/src/game/game_fn_80170DF4.o
[251/972] MWCC build/GEDE01/src/game/game_fn_80170E9C.o
[252/972] MWCC build/GEDE01/src/game/game_fn_8017138C.o
[253/972] MWCC build/GEDE01/src/game/game_fn_80171664.o
[254/972] MWCC build/GEDE01/src/game/game_fn_801718F4.o
[255/972] MWCC build/GEDE01/src/game/game_fn_801719B4.o
[256/972] MWCC build/GEDE01/src/game/game_fn_80171F30.o
[257/972] MWCC build/GEDE01/src/game/game_fn_8017250C.o
[258/972] MWCC build/GEDE01/src/game/game_fn_801726EC.o
[259/972] MWCC build/GEDE01/src/game/game_fn_80172BB0.o
[260/972] MWCC build/GEDE01/src/game/game_fn_80172C78.o
[261/972] MWCC build/GEDE01/src/game/game_fn_80172DB8.o
[262/972] MWCC build/GEDE01/src/game/game_fn_80173270.o
[263/972] MWCC build/GEDE01/src/game/game_fn_801734B4.o
[264/972] MWCC build/GEDE01/src/game/game_fn_80173770.o
[265/972] MWCC build/GEDE01/src/game/game_fn_80173BDC.o
[266/972] MWCC build/GEDE01/src/game/game_fn_80173D44.o
[267/972] MWCC build/GEDE01/src/game/game_fn_80173F04.o
[268/972] MWCC build/GEDE01/src/game/game_fn_80174184.o
[269/972] MWCC build/GEDE01/src/game/game_fn_80174358.o
[270/972] MWCC build/GEDE01/src/game/game_fn_80174F2C.o
[271/972] MWCC build/GEDE01/src/game/game_fn_801752B0.o
[272/972] MWCC build/GEDE01/src/game/game_fn_8017553C.o
[273/972] MWCC build/GEDE01/src/game/game_fn_80175A08.o
[274/972] MWCC build/GEDE01/src/game/game_fn_80175E64.o
[275/972] MWCC build/GEDE01/src/game/game_fn_80175F0C.o
[276/972] MWCC build/GEDE01/src/game/game_fn_80175FD4.o
[277/972] MWCC build/GEDE01/src/game/game_fn_80176098.o
[278/972] MWCC build/GEDE01/src/game/game_fn_80176160.o
[279/972] MWCC build/GEDE01/src/game/game_fn_80176220.o
[280/972] MWCC build/GEDE01/src/game/game_fn_801762E8.o
[281/972] MWCC build/GEDE01/src/game/game_fn_8017652C.o
[282/972] MWCC build/GEDE01/src/game/game_fn_80176DF4.o
[283/972] MWCC build/GEDE01/src/game/game_fn_80176FA0.o
[284/972] MWCC build/GEDE01/src/game/game_fn_801770F8.o
[285/972] MWCC build/GEDE01/src/game/game_fn_8017718C.o
[286/972] MWCC build/GEDE01/src/game/game_fn_80177434.o
[287/972] MWCC build/GEDE01/src/game/game_fn_80178F88.o
[288/972] MWCC build/GEDE01/src/game/game_fn_8017960C.o
[289/972] MWCC build/GEDE01/src/game/game_fn_80179398.o
[290/972] MWCC build/GEDE01/src/game/game_fn_80179904.o
[291/972] MWCC build/GEDE01/src/game/game_fn_8017974C.o
[292/972] MWCC build/GEDE01/src/game/game_fn_80179A18.o
[293/972] MWCC build/GEDE01/src/game/game_fn_80179A74.o
[294/972] MWCC build/GEDE01/src/game/game_fn_80179EB8.o
[295/972] MWCC build/GEDE01/src/game/game_fn_80179F20.o
[296/972] MWCC build/GEDE01/src/game/game_fn_8017A010.o
[297/972] MWCC build/GEDE01/src/game/game_fn_8017A12C.o
[298/972] MWCC build/GEDE01/src/game/game_fn_8017A1C0.o
[299/972] MWCC build/GEDE01/src/game/game_fn_8017A9B8.o
[300/972] MWCC build/GEDE01/src/game/game_fn_8017AC20.o
[301/972] MWCC build/GEDE01/src/game/game_fn_8017E850.o
[302/972] MWCC build/GEDE01/src/game/game_fn_8017E958.o
[303/972] MWCC build/GEDE01/src/game/game_fn_80180DDC.o
[304/972] MWCC build/GEDE01/src/game/game_fn_801816D4.o
[305/972] MWCC build/GEDE01/src/game/game_fn_801810A0.o
[306/972] MWCC build/GEDE01/src/game/game_fn_801859FC.o
[307/972] MWCC build/GEDE01/src/game/game_fn_801857B4.o
[308/972] MWCC build/GEDE01/src/game/game_fn_80185AE8.o
[309/972] MWCC build/GEDE01/src/game/game_fn_80185F10.o
[310/972] MWCC build/GEDE01/src/game/game_fn_801861C4.o
[311/972] MWCC build/GEDE01/src/game/game_fn_801865EC.o
[312/972] MWCC build/GEDE01/src/game/game_fn_8018680C.o
[313/972] MWCC build/GEDE01/src/game/game_fn_80186E10.o
[314/972] MWCC build/GEDE01/src/game/game_fn_80186F70.o
[315/972] MWCC build/GEDE01/src/game/game_fn_80187120.o
[316/972] MWCC build/GEDE01/src/game/game_fn_801875FC.o
[317/972] MWCC build/GEDE01/src/game/game_fn_80187320.o
[318/972] MWCC build/GEDE01/src/game/game_fn_801878E0.o
[319/972] MWCC build/GEDE01/src/game/game_fn_80187BB4.o
[320/972] MWCC build/GEDE01/src/game/game_fn_80187E40.o
[321/972] MWCC build/GEDE01/src/game/game_fn_80188A7C.o
[322/972] MWCC build/GEDE01/src/game/game_fn_80188C1C.o
[323/972] MWCC build/GEDE01/src/game/game_fn_80188B44.o
[324/972] MWCC build/GEDE01/src/game/game_fn_80189028.o
[325/972] MWCC build/GEDE01/src/game/game_fn_80188E28.o
[326/972] MWCC build/GEDE01/src/game/game_fn_80189390.o
[327/972] MWCC build/GEDE01/src/game/game_fn_801891D8.o
[328/972] MWCC build/GEDE01/src/game/game_fn_801896A0.o
[329/972] MWCC build/GEDE01/src/game/game_fn_801895E8.o
[330/972] MWCC build/GEDE01/src/game/game_fn_80189760.o
[331/972] MWCC build/GEDE01/src/game/game_fn_80189968.o
[332/972] MWCC build/GEDE01/src/game/game_fn_80189C14.o
[333/972] MWCC build/GEDE01/src/game/game_fn_8018C2D0.o
[334/972] MWCC build/GEDE01/src/game/game_fn_8018D1F0.o
[335/972] MWCC build/GEDE01/src/game/game_fn_8018D2E0.o
[336/972] MWCC build/GEDE01/src/game/game_fn_8018D400.o
[337/972] MWCC build/GEDE01/src/game/game_fn_8018D688.o
[338/972] MWCC build/GEDE01/src/game/game_fn_8018DC24.o
[339/972] MWCC build/GEDE01/src/game/game_fn_8018E0D8.o
[340/972] MWCC build/GEDE01/src/game/game_fn_8018F1D0.o
[341/972] MWCC build/GEDE01/src/game/game_fn_8018F81C.o
[342/972] MWCC build/GEDE01/src/game/game_fn_8019120C.o
[343/972] MWCC build/GEDE01/src/game/game_fn_8018FEDC.o
[344/972] MWCC build/GEDE01/src/game/game_fn_80191360.o
[345/972] MWCC build/GEDE01/src/game/game_fn_801916D0.o
[346/972] MWCC build/GEDE01/src/game/game_fn_8019197C.o
[347/972] MWCC build/GEDE01/src/game/game_fn_80191F58.o
[348/972] MWCC build/GEDE01/src/game/game_fn_801929A4.o
[349/972] MWCC build/GEDE01/src/game/game_fn_801926EC.o
[350/972] MWCC build/GEDE01/src/game/game_fn_80192F54.o
[351/972] MWCC build/GEDE01/src/game/game_fn_801931C4.o
[352/972] MWCC build/GEDE01/src/game/game_fn_80193F3C.o
[353/972] MWCC build/GEDE01/src/game/game_fn_80193E1C.o
[354/972] MWCC build/GEDE01/src/game/game_fn_80194F80.o
[355/972] MWCC build/GEDE01/src/game/game_fn_801952E8.o
[356/972] MWCC build/GEDE01/src/game/game_fn_80197910.o
[357/972] MWCC build/GEDE01/src/game/game_fn_80198154.o
[358/972] MWCC build/GEDE01/src/game/game_fn_80198AAC.o
[359/972] MWCC build/GEDE01/src/game/game_fn_80198BF4.o
[360/972] MWCC build/GEDE01/src/game/game_fn_801991E0.o
[361/972] MWCC build/GEDE01/src/game/game_fn_8019B1BC.o
[362/972] MWCC build/GEDE01/src/game/game_fn_8019CC28.o
[363/972] MWCC build/GEDE01/src/game/game_fn_8019CFC4.o
[364/972] MWCC build/GEDE01/src/game/game_fn_8019E0B0.o
[365/972] MWCC build/GEDE01/src/game/game_fn_8019E5E4.o
[366/972] MWCC build/GEDE01/src/game/game_fn_8019E8C8.o
[367/972] MWCC build/GEDE01/src/game/game_fn_801A1F18.o
[368/972] MWCC build/GEDE01/src/game/game_fn_801A1F8C.o
[369/972] MWCC build/GEDE01/src/game/game_fn_801A260C.o
[370/972] MWCC build/GEDE01/src/game/game_fn_801A2A54.o
[371/972] MWCC build/GEDE01/src/game/game_fn_801A34BC.o
[372/972] MWCC build/GEDE01/src/game/game_fn_801A3A78.o
[373/972] MWCC build/GEDE01/src/game/game_fn_801A4430.o
[374/972] MWCC build/GEDE01/src/game/game_fn_801A4CE0.o
[375/972] MWCC build/GEDE01/src/game/game_fn_801A5FB0.o
[376/972] MWCC build/GEDE01/src/game/game_fn_801A6350.o
[377/972] MWCC build/GEDE01/src/game/game_fn_801A6410.o
[378/972] MWCC build/GEDE01/src/game/game_fn_801A657C.o
[379/972] MWCC build/GEDE01/src/game/game_fn_801A6ADC.o
[380/972] MWCC build/GEDE01/src/game/game_fn_801A6C58.o
[381/972] MWCC build/GEDE01/src/game/game_fn_801A6CB4.o
[382/972] MWCC build/GEDE01/src/game/game_fn_801A7E04.o
[383/972] MWCC build/GEDE01/src/game/game_fn_801A7EA8.o
[384/972] MWCC build/GEDE01/src/game/game_fn_801AB154.o
[385/972] MWCC build/GEDE01/src/game/game_fn_801A93E8.o
[386/972] MWCC build/GEDE01/src/game/game_fn_801AC8AC.o
[387/972] MWCC build/GEDE01/src/game/game_fn_801ABD3C.o
[388/972] MWCC build/GEDE01/src/game/game_fn_801ACFE8.o
[389/972] MWCC build/GEDE01/src/game/game_fn_801AD08C.o
[390/972] MWCC build/GEDE01/src/game/game_fn_801AFA74.o
[391/972] MWCC build/GEDE01/src/game/game_fn_801B02F0.o
[392/972] MWCC build/GEDE01/src/game/game_fn_801B1BA0.o
[393/972] MWCC build/GEDE01/src/game/game_fn_801B35BC.o
[394/972] MWCC build/GEDE01/src/game/game_fn_801B46C8.o
[395/972] MWCC build/GEDE01/src/game/game_fn_801B4FB4.o
[396/972] MWCC build/GEDE01/src/game/game_fn_801B5228.o
[397/972] MWCC build/GEDE01/src/game/game_fn_801B58F0.o
[398/972] MWCC build/GEDE01/src/game/game_fn_801B6F1C.o
[399/972] MWCC build/GEDE01/src/game/game_fn_801B86C0.o
[400/972] MWCC build/GEDE01/src/game/game_fn_801B941C.o
[401/972] MWCC build/GEDE01/src/game/game_fn_801B9E7C.o
[402/972] MWCC build/GEDE01/src/game/game_fn_801BA15C.o
[403/972] MWCC build/GEDE01/src/game/game_fn_801BA94C.o
[404/972] MWCC build/GEDE01/src/game/game_fn_801BA708.o
[405/972] MWCC build/GEDE01/src/game/game_fn_801BC0D4.o
[406/972] MWCC build/GEDE01/src/game/game_fn_801BB1A0.o
[407/972] MWCC build/GEDE01/src/game/game_fn_801BC240.o
[408/972] MWCC build/GEDE01/src/game/game_fn_801BC8F4.o
[409/972] MWCC build/GEDE01/src/game/game_fn_801BD990.o
[410/972] MWCC build/GEDE01/src/game/game_fn_801BCC04.o
[411/972] MWCC build/GEDE01/src/game/game_fn_801BDE7C.o
[412/972] MWCC build/GEDE01/src/game/game_fn_801BE0D4.o
[413/972] MWCC build/GEDE01/src/game/game_fn_801C1CB0.o
[414/972] MWCC build/GEDE01/src/game/game_fn_801BEF40.o
[415/972] MWCC build/GEDE01/src/game/game_fn_801C2980.o
[416/972] MWCC build/GEDE01/src/game/game_fn_801C29BC.o
[417/972] MWCC build/GEDE01/src/game/game_fn_801C2AAC.o
[418/972] MWCC build/GEDE01/src/game/game_fn_801C2D9C.o
[419/972] MWCC build/GEDE01/src/game/game_fn_801C8160.o
[420/972] MWCC build/GEDE01/src/game/game_fn_801C8224.o
[421/972] MWCC build/GEDE01/src/game/game_fn_801C4B5C.o
[422/972] MWCC build/GEDE01/src/game/game_fn_801C8600.o
[423/972] MWCC build/GEDE01/src/game/game_fn_801C87DC.o
[424/972] MWCC build/GEDE01/src/game/game_fn_801C8CC0.o
[425/972] MWCC build/GEDE01/src/game/game_fn_801C90A4.o
[426/972] MWCC build/GEDE01/src/game/game_fn_801C8F50.o
[427/972] MWCC build/GEDE01/src/game/game_fn_801C9510.o
[428/972] MWCC build/GEDE01/src/game/game_fn_801C970C.o
[429/972] MWCC build/GEDE01/src/game/game_fn_801C9A08.o
[430/972] MWCC build/GEDE01/src/game/game_fn_801C9B1C.o
[431/972] MWCC build/GEDE01/src/game/game_fn_801CD228.o
[432/972] MWCC build/GEDE01/src/game/game_fn_801CB4F8.o
[433/972] MWCC build/GEDE01/src/game/game_fn_801CE09C.o
[434/972] MWCC build/GEDE01/src/game/game_fn_801CE594.o
[435/972] MWCC build/GEDE01/src/game/game_fn_801D1B10.o
[436/972] MWCC build/GEDE01/src/game/game_fn_801D1F78.o
[437/972] MWCC build/GEDE01/src/game/game_fn_801D3988.o
[438/972] MWCC build/GEDE01/src/game/game_fn_801D73D0.o
[439/972] MWCC build/GEDE01/src/game/game_fn_801D76A8.o
[440/972] MWCC build/GEDE01/src/game/game_fn_801D7C24.o
[441/972] MWCC build/GEDE01/src/game/game_fn_801D8050.o
[442/972] MWCC build/GEDE01/src/game/game_fn_801D9FE4.o
[443/972] MWCC build/GEDE01/src/game/game_fn_801DDB84.o
[444/972] MWCC build/GEDE01/src/game/game_fn_801DE8B4.o
[445/972] MWCC build/GEDE01/src/game/game_fn_801E0088.o
[446/972] MWCC build/GEDE01/src/game/game_fn_801E2A48.o
[447/972] MWCC build/GEDE01/src/game/game_fn_801E3644.o
[448/972] MWCC build/GEDE01/src/game/game_fn_801E41AC.o
[449/972] MWCC build/GEDE01/src/game/game_fn_801E504C.o
[450/972] MWCC build/GEDE01/src/game/game_fn_801E6814.o
[451/972] MWCC build/GEDE01/src/game/game_fn_801E7014.o
[452/972] MWCC build/GEDE01/src/game/game_fn_801E995C.o
[453/972] MWCC build/GEDE01/src/game/game_fn_801EAA04.o
[454/972] MWCC build/GEDE01/src/game/game_fn_801EB09C.o
[455/972] MWCC build/GEDE01/src/game/game_fn_801EB11C.o
[456/972] MWCC build/GEDE01/src/game/game_fn_801ECD74.o
[457/972] MWCC build/GEDE01/src/game/game_fn_801ECF50.o
[458/972] MWCC build/GEDE01/src/game/game_fn_801ED5F4.o
[459/972] MWCC build/GEDE01/src/game/game_fn_801EF580.o
[460/972] MWCC build/GEDE01/src/game/game_fn_801EF910.o
[461/972] MWCC build/GEDE01/src/game/game_fn_801F0CB0.o
[462/972] MWCC build/GEDE01/src/game/game_fn_801F10BC.o
[463/972] MWCC build/GEDE01/src/game/game_fn_801F1A38.o
[464/972] MWCC build/GEDE01/src/game/game_fn_801F35A8.o
[465/972] MWCC build/GEDE01/src/game/game_fn_801F55A0.o
[466/972] MWCC build/GEDE01/src/game/game_fn_801F69F0.o
[467/972] MWCC build/GEDE01/src/game/game_fn_801F6BD8.o
[468/972] MWCC build/GEDE01/src/game/game_fn_801F7510.o
[469/972] MWCC build/GEDE01/src/game/game_fn_801F76EC.o
[470/972] MWCC build/GEDE01/src/game/game_fn_801F8264.o
[471/972] MWCC build/GEDE01/src/game/game_fn_801F8FAC.o
[472/972] MWCC build/GEDE01/src/game/game_fn_801F89B4.o
[473/972] MWCC build/GEDE01/src/game/game_fn_801F9CF4.o
[474/972] MWCC build/GEDE01/src/game/game_fn_801F9AF8.o
[475/972] MWCC build/GEDE01/src/game/game_fn_801FB6A4.o
[476/972] MWCC build/GEDE01/src/game/game_fn_801FA9C8.o
[477/972] MWCC build/GEDE01/src/game/game_fn_801FC034.o
[478/972] MWCC build/GEDE01/src/game/game_fn_801FC204.o
[479/972] AS build/GEDE01/src/Runtime.PPCEABI.H/__save_fpr.o
[480/972] AS build/GEDE01/src/Runtime.PPCEABI.H/__restore_fpr.o
[481/972] AS build/GEDE01/src/Runtime.PPCEABI.H/__save_gpr.o
[482/972] AS build/GEDE01/src/Runtime.PPCEABI.H/__restore_gpr.o
[483/972] AS build/GEDE01/src/game/game_fn_801A4874.o
[484/972] AS build/GEDE01/src/game/game_fn_801EDA68.o
[485/972] AS build/GEDE01/src/game/game_fn_801FB698.o
[486/972] AS build/GEDE01/src/game/game_fn_801FB9C8.o
[487/972] AS build/GEDE01/src/dolphin/base/PPCArch.o
[488/972] MWCC build/GEDE01/src/game/game_fn_801FFE78.o
[489/972] EXTERNALIZE build/GEDE01/src/game/game_fn_801857B4.o
[490/972] EXTERNALIZE build/GEDE01/src/game/game_fn_800A2B8C.o
[491/972] EXTERNALIZE build/GEDE01/src/game/game_fn_800DC4D4.o
[492/972] EXTERNALIZE build/GEDE01/src/game/game_fn_80119C70.o
[493/972] EXTERNALIZE STATIC POOL build/GEDE01/src/game/game_fn_80088060.o
build/GEDE01/src/game/game_fn_80088060.o: lbl_8031D3B8 now undefined; section 3 emptied
[494/972] EXTERNALIZE build/GEDE01/src/game/game_fn_80175A08.o
[495/972] EXTERNALIZE build/GEDE01/src/game/game_fn_80066E78.o
[496/972] EXTERNALIZE build/GEDE01/src/game/game_fn_801247F8.o
[497/972] EXTERNALIZE build/GEDE01/src/game/game_fn_801EF910.o
[498/972] EXTERNALIZE build/GEDE01/src/game/game_fn_801ECF50.o
[499/972] EXTERNALIZE JUMPTABLES build/GEDE01/src/game/game_fn_80050B08.o
[500/972] EXTERNALIZE build/GEDE01/src/game/game_fn_801FC204.o
[501/972] EXTERNALIZE build/GEDE01/src/game/game_fn_801EB09C.o
[502/972] EXTERNALIZE build/GEDE01/src/game/game_fn_801EB11C.o
[503/972] EXTERNALIZE build/GEDE01/src/game/game_fn_801E41AC.o
[504/972] EXTERNALIZE build/GEDE01/src/game/game_fn_801D9FE4.o
[505/972] EXTERNALIZE build/GEDE01/src/game/game_fn_801D76A8.o
[506/972] EXTERNALIZE build/GEDE01/src/game/game_fn_801D73D0.o
[507/972] EXTERNALIZE build/GEDE01/src/game/game_fn_801D7C24.o
[508/972] EXTERNALIZE build/GEDE01/src/game/game_fn_801D8050.o
[509/972] EXTERNALIZE build/GEDE01/src/game/game_fn_8019B1BC.o
[510/972] EXTERNALIZE build/GEDE01/src/game/game_fn_80178F88.o
[511/972] EXTERNALIZE build/GEDE01/src/game/game_fn_801CD228.o
[512/972] EXTERNALIZE build/GEDE01/src/game/game_fn_801BA15C.o
[513/972] EXTERNALIZE build/GEDE01/src/game/game_fn_801C970C.o
[514/972] EXTERNALIZE build/GEDE01/src/game/game_fn_801C9510.o
[515/972] EXTERNALIZE build/GEDE01/src/game/game_fn_80126A00.o
[516/972] EXTERNALIZE build/GEDE01/src/game/game_fn_8013D6A4.o
[517/972] EXTERNALIZE build/GEDE01/src/game/game_fn_800C9C60.o
[518/972] EXTERNALIZE build/GEDE01/src/game/game_fn_801B4FB4.o
[519/972] EXTERNALIZE build/GEDE01/src/game/game_fn_801B5228.o
[520/972] EXTERNALIZE build/GEDE01/src/game/game_fn_801C87DC.o
[521/972] EXTERNALIZE build/GEDE01/src/game/game_fn_801B6F1C.o
[522/972] EXTERNALIZE build/GEDE01/src/game/game_fn_801C8CC0.o
[523/972] EXTERNALIZE build/GEDE01/src/game/game_fn_800FD0C8.o
[524/972] EXTERNALIZE build/GEDE01/src/game/game_fn_801BDE7C.o
[525/972] EXTERNALIZE build/GEDE01/src/game/game_fn_801BE0D4.o
[526/972] EXTERNALIZE STATIC POOL build/GEDE01/src/game/game_fn_801C9A08.o
build/GEDE01/src/game/game_fn_801C9A08.o: lbl_80629390 now undefined; section 3 emptied
[527/972] EXTERNALIZE build/GEDE01/src/game/game_fn_801B941C.o
[528/972] EXTERNALIZE STATIC POOL build/GEDE01/src/game/game_fn_801C9B1C.o
build/GEDE01/src/game/game_fn_801C9B1C.o: lbl_80629390 now undefined; section 3 emptied
[529/972] EXTERNALIZE STATIC POOL build/GEDE01/src/game/game_fn_801BD990.o
build/GEDE01/src/game/game_fn_801BD990.o: lbl_80626D80 now undefined; section 6 emptied
[530/972] EXTERNALIZE STATIC POOL build/GEDE01/src/game/game_fn_801B58F0.o
build/GEDE01/src/game/game_fn_801B58F0.o: lbl_8060C020 now undefined; section 3 emptied
[531/972] EXTERNALIZE STATIC POOL build/GEDE01/src/game/game_fn_801B9E7C.o
build/GEDE01/src/game/game_fn_801B9E7C.o: 0 relocation(s) moved from streamInfo to ...bss.0
build/GEDE01/src/game/game_fn_801B9E7C.o: lbl_8061AE48 now undefined; section 6 emptied
[532/972] EXTERNALIZE STATIC POOL build/GEDE01/src/game/game_fn_801BB1A0.o
build/GEDE01/src/game/game_fn_801BB1A0.o: 0 relocation(s) moved from streamInfo to ...bss.0
build/GEDE01/src/game/game_fn_801BB1A0.o: lbl_8061AE48 now undefined; section 6 emptied
[533/972] EXTERNALIZE STATIC POOL build/GEDE01/src/game/game_fn_801BA708.o
build/GEDE01/src/game/game_fn_801BA708.o: 0 relocation(s) moved from streamInfo to ...bss.0
build/GEDE01/src/game/game_fn_801BA708.o: lbl_8061AE48 now undefined; section 6 emptied
[534/972] EXTERNALIZE STATIC build/GEDE01/src/game/game_fn_801B35BC.o
build/GEDE01/src/game/game_fn_801B35BC.o: lbl_8060D420 now undefined; section 6 emptied
[535/972] EXTERNALIZE build/GEDE01/src/game/game_fn_801BA94C.o
build/GEDE01/src/game/game_fn_801BA94C.o: 0 relocation(s) moved from streamInfo to ...bss.0
build/GEDE01/src/game/game_fn_801BA94C.o: lbl_8061AE48 now undefined; section 6 emptied
[536/972] EXTERNALIZE STATIC POOL build/GEDE01/src/game/game_fn_801BC8F4.o
build/GEDE01/src/game/game_fn_801BC8F4.o: lbl_8061C748 now undefined; section 6 emptied
[537/972] EXTERNALIZE STATIC POOL build/GEDE01/src/game/game_fn_801BCC04.o
build/GEDE01/src/game/game_fn_801BCC04.o: lbl_8061C748 now undefined; section 6 emptied
[538/972] EXTERNALIZE STATIC build/GEDE01/src/game/game_fn_801BC240.o
build/GEDE01/src/game/game_fn_801BC240.o: lbl_8061C748 now undefined; section 6 emptied
[539/972] EXTERNALIZE STATIC POOL build/GEDE01/src/game/game_fn_801C1CB0.o
build/GEDE01/src/game/game_fn_801C1CB0.o: lbl_80626DA0 now undefined; section 3 emptied
[540/972] EXTERNALIZE STATIC POOL build/GEDE01/src/game/game_fn_801BC0D4.o
build/GEDE01/src/game/game_fn_801BC0D4.o: lbl_8061C748 now undefined; section 6 emptied
[541/972] RENAME build/GEDE01/src/game/game_InitMetroTRKCommTable.o
[542/972] EXTERNALIZE STATIC POOL build/GEDE01/src/game/game_fn_801CE09C.o
build/GEDE01/src/game/game_fn_801CE09C.o: lbl_80631340 now undefined; section 6 emptied
[543/972] RENAME RUNTIME INTRINSICS build/GEDE01/src/game/game_fn_801CB4F8.o
[544/972] EXTERNALIZE STATIC POOL build/GEDE01/src/game/game_fn_8010242C.o
build/GEDE01/src/game/game_fn_8010242C.o: lbl_8032CC08 now undefined; section 3 emptied
[545/972] EXTERNALIZE build/GEDE01/src/game/game_fn_801D3988.o
[546/972] EXTERNALIZE build/GEDE01/src/game/game_fn_801D1B10.o
[547/972] ALIGN DATA build/GEDE01/src/game/game_fn_8005EF94.o
[548/972] ALIGN DATA build/GEDE01/src/game/game_fn_801A6350.o
[549/972] ALIGN DATA build/GEDE01/src/game/game_fn_80008014.o
[550/972] EXTERNALIZE build/GEDE01/src/game/game_fn_801CE594.o
[551/972] EXTERNALIZE build/GEDE01/src/game/game_fn_8014549C.o
[552/972] EXTERNALIZE build/GEDE01/src/game/game_fn_801098C0.o
[553/972] EXTERNALIZE build/GEDE01/src/game/game_fn_801C8224.o
[554/972] EXTERNALIZE build/GEDE01/src/game/game_fn_8000FDE8.o
[555/972] EXTERNALIZE build/GEDE01/src/game/game_fn_80185F10.o
[556/972] EXTERNALIZE build/GEDE01/src/game/game_fn_801C29BC.o
[557/972] EXTERNALIZE build/GEDE01/src/game/game_fn_801C8F50.o
[558/972] EXTERNALIZE build/GEDE01/src/game/game_fn_8007B828.o
[559/972] EXTERNALIZE build/GEDE01/src/game/game_fn_801C90A4.o
[560/972] EXTERNALIZE build/GEDE01/src/game/game_fn_801C8160.o
[561/972] EXTERNALIZE build/GEDE01/src/game/game_fn_801C2AAC.o
[562/972] EXTERNALIZE build/GEDE01/src/game/game_fn_801C2D9C.o
[563/972] EXTERNALIZE build/GEDE01/src/game/game_fn_801C2980.o
[564/972] EXTERNALIZE build/GEDE01/src/game/game_fn_801B02F0.o
[565/972] EXTERNALIZE build/GEDE01/src/game/game_fn_801AFA74.o
[566/972] EXTERNALIZE build/GEDE01/src/game/game_fn_801AC8AC.o
[567/972] EXTERNALIZE build/GEDE01/src/game/game_fn_801ABD3C.o
[568/972] EXTERNALIZE build/GEDE01/src/game/game_fn_801816D4.o
[569/972] EXTERNALIZE build/GEDE01/src/game/game_fn_8011F140.o
[570/972] EXTERNALIZE build/GEDE01/src/game/game_fn_8004998C.o
[571/972] EXTERNALIZE build/GEDE01/src/game/game_fn_801AD08C.o
[572/972] EXTERNALIZE build/GEDE01/src/game/game_fn_80079AA4.o
[573/972] EXTERNALIZE build/GEDE01/src/game/game_fn_80158D38.o
[574/972] EXTERNALIZE build/GEDE01/src/game/game_fn_801A3A78.o
[575/972] EXTERNALIZE build/GEDE01/src/game/game_fn_8008F224.o
[576/972] EXTERNALIZE build/GEDE01/src/game/game_fn_80167454.o
[577/972] EXTERNALIZE build/GEDE01/src/game/game_fn_800AF230.o
[578/972] EXTERNALIZE build/GEDE01/src/game/game_fn_801A93E8.o
[579/972] EXTERNALIZE build/GEDE01/src/game/game_fn_801AB154.o
[580/972] EXTERNALIZE build/GEDE01/src/game/game_fn_801A7E04.o
[581/972] EXTERNALIZE build/GEDE01/src/game/game_fn_801A7EA8.o
[582/972] EXTERNALIZE build/GEDE01/src/game/game_fn_801A6CB4.o
[583/972] EXTERNALIZE build/GEDE01/src/game/game_fn_801A4CE0.o
[584/972] EXTERNALIZE build/GEDE01/src/game/game_fn_801A6C58.o
[585/972] NAME JUMPTABLE build/GEDE01/src/game/game_fn_801A6ADC.o
[586/972] EXTERNALIZE build/GEDE01/src/game/game_fn_801A6410.o
[587/972] EXTERNALIZE build/GEDE01/src/game/game_fn_801A5FB0.o
[588/972] EXTERNALIZE build/GEDE01/src/game/game_fn_801A1F18.o
[589/972] EXTERNALIZE build/GEDE01/src/game/game_fn_8019E8C8.o
[590/972] EXTERNALIZE build/GEDE01/src/game/game_fn_8019E5E4.o
[591/972] EXTERNALIZE build/GEDE01/src/game/game_fn_8019CFC4.o
[592/972] EXTERNALIZE build/GEDE01/src/game/game_fn_8019CC28.o
[593/972] EXTERNALIZE build/GEDE01/src/game/game_fn_801991E0.o
[594/972] EXTERNALIZE build/GEDE01/src/game/game_fn_80198BF4.o
[595/972] EXTERNALIZE build/GEDE01/src/game/game_fn_80198AAC.o
[596/972] EXTERNALIZE build/GEDE01/src/game/game_fn_80198154.o
[597/972] EXTERNALIZE build/GEDE01/src/game/game_fn_80194F80.o
[598/972] EXTERNALIZE build/GEDE01/src/game/game_fn_80197910.o
[599/972] EXTERNALIZE build/GEDE01/src/game/game_fn_80177434.o
repointed 2 relocations to lbl_80250588
[600/972] EXTERNALIZE build/GEDE01/src/game/game_fn_80193E1C.o
[601/972] EXTERNALIZE build/GEDE01/src/game/game_fn_801931C4.o
[602/972] EXTERNALIZE build/GEDE01/src/game/game_fn_80193F3C.o
[603/972] EXTERNALIZE build/GEDE01/src/game/game_fn_80192F54.o
[604/972] EXTERNALIZE build/GEDE01/src/game/game_fn_80191F58.o
[605/972] EXTERNALIZE build/GEDE01/src/game/game_fn_80191360.o
[606/972] EXTERNALIZE build/GEDE01/src/game/game_fn_8019197C.o
[607/972] GLOBALIZE build/GEDE01/src/game/game_fn_8018F1D0.o
[608/972] EXTERNALIZE build/GEDE01/src/game/game_fn_8018D688.o
[609/972] EXTERNALIZE build/GEDE01/src/game/game_fn_8018F81C.o
[610/972] EXTERNALIZE build/GEDE01/src/game/game_fn_8018D2E0.o
[611/972] EXTERNALIZE build/GEDE01/src/game/game_fn_80189968.o
[612/972] EXTERNALIZE build/GEDE01/src/game/game_fn_8018D1F0.o
[613/972] EXTERNALIZE build/GEDE01/src/game/game_fn_80189760.o
[614/972] EXTERNALIZE build/GEDE01/src/game/game_fn_801896A0.o
[615/972] EXTERNALIZE build/GEDE01/src/game/game_fn_801895E8.o
[616/972] EXTERNALIZE build/GEDE01/src/game/game_fn_80189390.o
[617/972] EXTERNALIZE build/GEDE01/src/game/game_fn_801891D8.o
[618/972] EXTERNALIZE build/GEDE01/src/game/game_fn_80189028.o
[619/972] EXTERNALIZE build/GEDE01/src/game/game_fn_80188E28.o
[620/972] EXTERNALIZE build/GEDE01/src/game/game_fn_80188B44.o
[621/972] EXTERNALIZE build/GEDE01/src/game/game_fn_80188C1C.o
[622/972] EXTERNALIZE build/GEDE01/src/game/game_fn_80188A7C.o
[623/972] EXTERNALIZE build/GEDE01/src/game/game_fn_80187120.o
[624/972] EXTERNALIZE build/GEDE01/src/game/game_fn_801878E0.o
[625/972] EXTERNALIZE build/GEDE01/src/game/game_fn_8018FEDC.o
[626/972] EXTERNALIZE build/GEDE01/src/game/game_fn_80186E10.o
[627/972] EXTERNALIZE build/GEDE01/src/game/game_fn_801865EC.o
[628/972] EXTERNALIZE build/GEDE01/src/game/game_fn_80185AE8.o
[629/972] EXTERNALIZE build/GEDE01/src/game/game_fn_801859FC.o
[630/972] EXTERNALIZE build/GEDE01/src/game/game_fn_80180DDC.o
[631/972] EXTERNALIZE build/GEDE01/src/game/game_fn_8017E958.o
[632/972] EXTERNALIZE build/GEDE01/src/game/game_fn_8017E850.o
[633/972] EXTERNALIZE build/GEDE01/src/game/game_fn_8017718C.o
[634/972] EXTERNALIZE build/GEDE01/src/game/game_fn_801770F8.o
[635/972] EXTERNALIZE build/GEDE01/src/game/game_fn_80176FA0.o
[636/972] EXTERNALIZE build/GEDE01/src/game/game_fn_80176DF4.o
[637/972] EXTERNALIZE build/GEDE01/src/game/game_fn_80174358.o
[638/972] EXTERNALIZE build/GEDE01/src/game/game_fn_80174184.o
[639/972] EXTERNALIZE build/GEDE01/src/game/game_fn_80173F04.o
[640/972] EXTERNALIZE build/GEDE01/src/game/game_fn_80173D44.o
[641/972] EXTERNALIZE build/GEDE01/src/game/game_fn_8017553C.o
[642/972] EXTERNALIZE build/GEDE01/src/game/game_fn_80173770.o
[643/972] EXTERNALIZE build/GEDE01/src/game/game_fn_801734B4.o
[644/972] EXTERNALIZE build/GEDE01/src/game/game_fn_80173270.o
[645/972] EXTERNALIZE build/GEDE01/src/game/game_fn_80172DB8.o
[646/972] EXTERNALIZE build/GEDE01/src/game/game_fn_80172C78.o
[647/972] EXTERNALIZE build/GEDE01/src/game/game_fn_80172BB0.o
[648/972] EXTERNALIZE build/GEDE01/src/game/game_fn_8017250C.o
[649/972] EXTERNALIZE build/GEDE01/src/game/game_fn_801726EC.o
[650/972] EXTERNALIZE build/GEDE01/src/game/game_fn_801719B4.o
[651/972] EXTERNALIZE build/GEDE01/src/game/game_fn_80171F30.o
[652/972] EXTERNALIZE build/GEDE01/src/game/game_fn_801718F4.o
[653/972] EXTERNALIZE build/GEDE01/src/game/game_fn_8017138C.o
[654/972] EXTERNALIZE build/GEDE01/src/game/game_fn_80171664.o
[655/972] EXTERNALIZE build/GEDE01/src/game/game_fn_801706DC.o
[656/972] EXTERNALIZE build/GEDE01/src/game/game_fn_80170A40.o
[657/972] NORMALIZE build/GEDE01/src/game/game_TRK_main.o
[658/972] NORMALIZE build/GEDE01/src/game/game_TRKNubWelcome.o
[659/972] NORMALIZE build/GEDE01/src/game/game_data_80239E10.o
[660/972] NORMALIZE build/GEDE01/src/game/game_data_80239E18.o
[661/972] EXTERNALIZE build/GEDE01/src/game/game_fn_80170E9C.o
[662/972] EXTERNALIZE build/GEDE01/src/game/game_fn_8017652C.o
[663/972] EXTERNALIZE build/GEDE01/src/game/game_fn_80175E64.o
[664/972] EXTERNALIZE build/GEDE01/src/game/game_fn_80175F0C.o
[665/972] EXTERNALIZE build/GEDE01/src/game/game_fn_80175FD4.o
[666/972] EXTERNALIZE build/GEDE01/src/game/game_fn_80176098.o
[667/972] EXTERNALIZE build/GEDE01/src/game/game_fn_80176160.o
[668/972] EXTERNALIZE build/GEDE01/src/game/game_fn_80176220.o
[669/972] EXTERNALIZE build/GEDE01/src/game/game_fn_80170DF4.o
[670/972] EXTERNALIZE build/GEDE01/src/game/game_fn_801762E8.o
[671/972] EXTERNALIZE build/GEDE01/src/game/game_fn_8016E8F8.o
[672/972] EXTERNALIZE build/GEDE01/src/game/game_fn_8016FEF8.o
[673/972] EXTERNALIZE build/GEDE01/src/game/game_fn_801704F8.o
[674/972] NORMALIZE build/GEDE01/src/game/game_fn_8016DF4C.o
[675/972] EXTERNALIZE build/GEDE01/src/game/game_fn_8016D2B8.o
[676/972] EXTERNALIZE build/GEDE01/src/game/game_fn_8016D040.o
[677/972] EXTERNALIZE build/GEDE01/src/game/game_fn_8016D1F8.o
[678/972] EXTERNALIZE build/GEDE01/src/game/game_fn_8016C774.o
[679/972] EXTERNALIZE build/GEDE01/src/game/game_fn_8016C4BC.o
[680/972] EXTERNALIZE build/GEDE01/src/game/game_fn_8016C238.o
[681/972] EXTERNALIZE build/GEDE01/src/game/game_fn_8016C164.o
[682/972] EXTERNALIZE build/GEDE01/src/game/game_fn_8016C0BC.o
[683/972] EXTERNALIZE build/GEDE01/src/game/game_fn_8017038C.o
[684/972] EXTERNALIZE build/GEDE01/src/game/game_fn_8016BE1C.o
[685/972] EXTERNALIZE build/GEDE01/src/game/game_fn_8016BF60.o
[686/972] EXTERNALIZE build/GEDE01/src/game/game_fn_8016BD0C.o
[687/972] EXTERNALIZE build/GEDE01/src/game/game_fn_80167B5C.o
[688/972] EXTERNALIZE build/GEDE01/src/game/game_fn_80169650.o
[689/972] EXTERNALIZE build/GEDE01/src/game/game_fn_8015DB84.o
[690/972] EXTERNALIZE build/GEDE01/src/game/game_fn_8015EDC0.o
[691/972] EXTERNALIZE build/GEDE01/src/game/game_fn_8015DC54.o
[692/972] EXTERNALIZE build/GEDE01/src/game/game_fn_80158B20.o
[693/972] EXTERNALIZE build/GEDE01/src/game/game_fn_8017960C.o
[694/972] EXTERNALIZE build/GEDE01/src/game/game_fn_80179398.o
[695/972] EXTERNALIZE build/GEDE01/src/game/game_fn_8017974C.o
[696/972] EXTERNALIZE build/GEDE01/src/game/game_fn_80179904.o
[697/972] EXTERNALIZE build/GEDE01/src/game/game_fn_8017A9B8.o
[698/972] EXTERNALIZE build/GEDE01/src/game/game_fn_80179A18.o
[699/972] EXTERNALIZE build/GEDE01/src/game/game_fn_80179A74.o
[700/972] EXTERNALIZE build/GEDE01/src/game/game_fn_80179EB8.o
[701/972] EXTERNALIZE build/GEDE01/src/game/game_fn_80179F20.o
[702/972] EXTERNALIZE build/GEDE01/src/game/game_fn_8017A010.o
[703/972] EXTERNALIZE build/GEDE01/src/game/game_fn_8017A12C.o
[704/972] EXTERNALIZE build/GEDE01/src/game/game_fn_80157C0C.o
[705/972] EXTERNALIZE build/GEDE01/src/game/game_fn_8017A1C0.o
[706/972] EXTERNALIZE build/GEDE01/src/game/game_fn_80155814.o
[707/972] EXTERNALIZE build/GEDE01/src/game/game_fn_80153898.o
[708/972] EXTERNALIZE build/GEDE01/src/game/game_fn_8014B494.o
[709/972] EXTERNALIZE build/GEDE01/src/game/game_fn_8014AF38.o
[710/972] EXTERNALIZE build/GEDE01/src/game/game_fn_8012DB28.o
[711/972] EXTERNALIZE build/GEDE01/src/game/game_fn_801141B8.o
[712/972] EXTERNALIZE build/GEDE01/src/game/game_fn_801128E4.o
[713/972] EXTERNALIZE build/GEDE01/src/game/game_fn_8010F184.o
[714/972] EXTERNALIZE build/GEDE01/src/game/game_fn_801126E0.o
[715/972] EXTERNALIZE build/GEDE01/src/game/game_fn_800C17EC.o
[716/972] EXTERNALIZE build/GEDE01/src/game/game_fn_800E4980.o
[717/972] EXTERNALIZE build/GEDE01/src/game/game_fn_800C030C.o
[718/972] EXTERNALIZE build/GEDE01/src/game/game_fn_800C59F0.o
[719/972] EXTERNALIZE build/GEDE01/src/game/game_fn_800C644C.o
[720/972] EXTERNALIZE build/GEDE01/src/game/game_fn_800C65FC.o
[721/972] EXTERNALIZE build/GEDE01/src/game/game_fn_800CB760.o
[722/972] EXTERNALIZE build/GEDE01/src/game/game_fn_800CB8F4.o
[723/972] EXTERNALIZE build/GEDE01/src/game/game_fn_80078500.o
[724/972] EXTERNALIZE build/GEDE01/src/game/game_fn_80079908.o
[725/972] EXTERNALIZE build/GEDE01/src/game/game_fn_8007B2F4.o
[726/972] EXTERNALIZE build/GEDE01/src/game/game_fn_8007B540.o
[727/972] EXTERNALIZE build/GEDE01/src/game/game_fn_8007B640.o
[728/972] EXTERNALIZE build/GEDE01/src/game/game_fn_800886D8.o
[729/972] EXTERNALIZE build/GEDE01/src/game/game_fn_800934A0.o
[730/972] EXTERNALIZE build/GEDE01/src/game/game_fn_8007BA3C.o
[731/972] EXTERNALIZE build/GEDE01/src/game/game_fn_800A3894.o
[732/972] EXTERNALIZE build/GEDE01/src/game/game_fn_800A7E88.o
[733/972] EXTERNALIZE build/GEDE01/src/game/game_fn_800A4798.o
[734/972] GLOBALIZE build/GEDE01/src/game/game_fn_800A2130.o
[735/972] EXTERNALIZE build/GEDE01/src/game/game_fn_800A2FCC.o
[736/972] EXTERNALIZE build/GEDE01/src/game/game_fn_8009C424.o
[737/972] EXTERNALIZE build/GEDE01/src/game/game_fn_80096830.o
[738/972] GLOBALIZE build/GEDE01/src/game/game_fn_8008F890.o
[739/972] EXTERNALIZE build/GEDE01/src/game/game_fn_800A4428.o
[740/972] EXTERNALIZE SWITCHES build/GEDE01/src/game/game_fn_80095FDC.o
[741/972] EXTERNALIZE build/GEDE01/src/game/game_fn_80074310.o
[742/972] EXTERNALIZE build/GEDE01/src/game/game_fn_80066888.o
[743/972] GLOBALIZE build/GEDE01/src/game/game_fn_8005FD84.o
[744/972] EXTERNALIZE build/GEDE01/src/game/game_fn_8005EC6C.o
[745/972] EXTERNALIZE build/GEDE01/src/game/game_fn_80052310.o
[746/972] EXTERNALIZE build/GEDE01/src/game/game_fn_80048B24.o
[747/972] NAME SWITCH build/GEDE01/src/game/game_fn_80020E94.o
[748/972] EXTERNALIZE build/GEDE01/src/game/game_fn_80048ADC.o
[749/972] NAME SWITCH build/GEDE01/src/game/game_fn_8005EE9C.o
[750/972] NAME SWITCH build/GEDE01/src/game/game_fn_8016D9C0.o
[751/972] NAME SWITCH build/GEDE01/src/game/game_fn_80071A58.o
[752/972] NAME SWITCH build/GEDE01/src/game/game_fn_8006B620.o
[753/972] NAME SWITCH build/GEDE01/src/game/game_fn_8001FE1C.o
[754/972] NAME SWITCH build/GEDE01/src/game/game_fn_8001E644.o
[755/972] EXTERNALIZE build/GEDE01/src/game/game_fn_80038878.o
[756/972] EXTERNALIZE build/GEDE01/src/game/game_fn_801B46C8.o
build/GEDE01/src/game/game_fn_801B46C8.o: lbl_8060C020 now undefined; section 6 emptied
[757/972] EXTERNALIZE build/GEDE01/src/game/game_fn_80036C40.o
[758/972] EXTERNALIZE build/GEDE01/src/game/game_fn_800359A0.o
[759/972] EXTERNALIZE build/GEDE01/src/game/game_fn_80033180.o
[760/972] EXTERNALIZE build/GEDE01/src/game/game_fn_80033038.o
[761/972] EXTERNALIZE build/GEDE01/src/game/game_fn_80032B84.o
[762/972] EXTERNALIZE build/GEDE01/src/game/game_fn_8003232C.o
[763/972] EXTERNALIZE build/GEDE01/src/game/game_fn_8002E3F0.o
[764/972] EXTERNALIZE build/GEDE01/src/game/game_fn_8002DAE0.o
[765/972] EXTERNALIZE build/GEDE01/src/game/game_fn_8002EA68.o
[766/972] GLOBALIZE build/GEDE01/src/game/game_fn_8002B748.o
[767/972] EXTERNALIZE build/GEDE01/src/game/game_fn_8002F428.o
[768/972] NAME SWITCHES build/GEDE01/src/game/game_fn_80024F28.o
[769/972] EXTERNALIZE build/GEDE01/src/game/game_fn_800272B4.o
[770/972] EXTERNALIZE build/GEDE01/src/game/game_fn_8001CE94.o
[771/972] EXTERNALIZE build/GEDE01/src/game/game_fn_8001CD58.o
[772/972] EXTERNALIZE build/GEDE01/src/game/game_fn_8001C078.o
[773/972] EXTERNALIZE build/GEDE01/src/game/game_fn_8001B874.o
[774/972] EXTERNALIZE build/GEDE01/src/game/game_fn_8001B808.o
[775/972] EXTERNALIZE build/GEDE01/src/game/game_fn_8001B294.o
[776/972] EXTERNALIZE build/GEDE01/src/game/game_fn_8001B124.o
[777/972] EXTERNALIZE build/GEDE01/src/game/game_fn_8001ADF8.o
[778/972] EXTERNALIZE build/GEDE01/src/game/game_fn_8001AF68.o
[779/972] EXTERNALIZE build/GEDE01/src/game/game_fn_8001AAB8.o
[780/972] EXTERNALIZE build/GEDE01/src/game/game_fn_8001A6C4.o
[781/972] EXTERNALIZE build/GEDE01/src/game/game_fn_80019F98.o
[782/972] EXTERNALIZE build/GEDE01/src/game/game_fn_80019D2C.o
[783/972] EXTERNALIZE build/GEDE01/src/game/game_fn_80019C10.o
[784/972] EXTERNALIZE build/GEDE01/src/game/game_fn_80019940.o
[785/972] EXTERNALIZE build/GEDE01/src/game/game_fn_800194D0.o
[786/972] EXTERNALIZE build/GEDE01/src/game/game_fn_80019244.o
[787/972] EXTERNALIZE build/GEDE01/src/game/game_fn_80019054.o
[788/972] EXTERNALIZE build/GEDE01/src/game/game_fn_80018EF4.o
[789/972] EXTERNALIZE build/GEDE01/src/game/game_fn_80017DB0.o
[790/972] EXTERNALIZE build/GEDE01/src/game/game_fn_80017CC8.o
[791/972] EXTERNALIZE build/GEDE01/src/game/game_fn_80017C3C.o
[792/972] EXTERNALIZE build/GEDE01/src/game/game_fn_80017AE4.o
[793/972] EXTERNALIZE build/GEDE01/src/game/game_fn_80017A3C.o
[794/972] EXTERNALIZE build/GEDE01/src/game/game_fn_800179AC.o
[795/972] EXTERNALIZE build/GEDE01/src/game/game_fn_80017910.o
[796/972] EXTERNALIZE FLAGS build/GEDE01/src/game/game_fn_800119FC.o
[797/972] EXTERNALIZE build/GEDE01/src/game/game_fn_8000FFD8.o
[798/972] EXTERNALIZE build/GEDE01/src/game/game_fn_8000F4B0.o
[799/972] GLOBALIZE build/GEDE01/src/game/game_fn_800094C0.o
[800/972] EXTERNALIZE build/GEDE01/src/game/game_fn_8000EFC4.o
[801/972] EXTERNALIZE build/GEDE01/src/game/game_fn_800096E0.o
[802/972] EXTERNALIZE build/GEDE01/src/game/game_fn_800098C0.o
[803/972] EXTERNALIZE build/GEDE01/src/game/game_fn_800099D8.o
[804/972] EXTERNALIZE build/GEDE01/src/game/game_fn_80009AB4.o
[805/972] EXTERNALIZE build/GEDE01/src/game/game_fn_8000A26C.o
[806/972] EXTERNALIZE build/GEDE01/src/game/game_fn_800171C0.o
[807/972] EXTERNALIZE build/GEDE01/src/game/game_fn_8000AC88.o
[808/972] EXTERNALIZE build/GEDE01/src/game/game_fn_800176F0.o
[809/972] EXTERNALIZE build/GEDE01/src/game/game_fn_8000AEB4.o
[810/972] EXTERNALIZE build/GEDE01/src/game/game_fn_8000AFB4.o
[811/972] EXTERNALIZE build/GEDE01/src/game/game_fn_8000B1B8.o
[812/972] EXTERNALIZE build/GEDE01/src/game/game_fn_8000B36C.o
[813/972] EXTERNALIZE build/GEDE01/src/game/game_fn_8000B630.o
[814/972] EXTERNALIZE build/GEDE01/src/game/game_fn_8000B7FC.o
[815/972] EXTERNALIZE build/GEDE01/src/game/game_fn_8000BA0C.o
[816/972] EXTERNALIZE build/GEDE01/src/game/game_fn_8000B900.o
[817/972] EXTERNALIZE build/GEDE01/src/game/game_fn_8000BAA0.o
[818/972] EXTERNALIZE build/GEDE01/src/game/game_fn_8000BC40.o
[819/972] EXTERNALIZE build/GEDE01/src/game/game_fn_8000C06C.o
[820/972] EXTERNALIZE build/GEDE01/src/game/game_fn_8000C17C.o
[821/972] EXTERNALIZE build/GEDE01/src/game/game_fn_8000C400.o
[822/972] EXTERNALIZE build/GEDE01/src/game/game_fn_8000C848.o
[823/972] EXTERNALIZE build/GEDE01/src/game/game_fn_8000C91C.o
[824/972] EXTERNALIZE build/GEDE01/src/game/game_fn_8000D0BC.o
[825/972] NAME SWITCH build/GEDE01/src/game/game_fn_8000D8A4.o
[826/972] EXTERNALIZE build/GEDE01/src/game/game_fn_8000D3D4.o
[827/972] EXTERNALIZE build/GEDE01/src/game/game_fn_8000E054.o
[828/972] EXTERNALIZE build/GEDE01/src/game/game_fn_8000E0AC.o
[829/972] EXTERNALIZE build/GEDE01/src/game/game_fn_8000E96C.o
[830/972] EXTERNALIZE build/GEDE01/src/game/game_fn_8000F774.o
[831/972] EXTERNALIZE build/GEDE01/src/game/game_fn_8000EB14.o
[832/972] EXTERNALIZE build/GEDE01/src/game/game_fn_8000EBD4.o
[833/972] EXTERNALIZE build/GEDE01/src/game/game_fn_8000ED44.o
[834/972] EXTERNALIZE build/GEDE01/src/game/game_fn_8000E138.o
[835/972] EXTERNALIZE build/GEDE01/src/game/game_fn_8000E1C4.o
[836/972] EXTERNALIZE build/GEDE01/src/game/game_fn_8000D590.o
[837/972] EXTERNALIZE build/GEDE01/src/game/game_fn_8000DA50.o
[838/972] EXTERNALIZE build/GEDE01/src/game/game_fn_8000DAF4.o
[839/972] EXTERNALIZE build/GEDE01/src/game/game_fn_80012F40.o
[840/972] EXTERNALIZE build/GEDE01/src/game/game_fn_80012DA8.o
[841/972] EXTERNALIZE build/GEDE01/src/game/game_fn_80012FD0.o
[842/972] EXTERNALIZE build/GEDE01/src/game/game_fn_800131E8.o
[843/972] EXTERNALIZE build/GEDE01/src/game/game_fn_80013340.o
[844/972] EXTERNALIZE build/GEDE01/src/game/game_fn_80013870.o
[845/972] EXTERNALIZE build/GEDE01/src/game/game_fn_80013CB0.o
[846/972] EXTERNALIZE build/GEDE01/src/game/game_fn_80013D54.o
[847/972] EXTERNALIZE build/GEDE01/src/game/game_fn_800142DC.o
[848/972] EXTERNALIZE build/GEDE01/src/game/game_fn_800144CC.o
[849/972] EXTERNALIZE build/GEDE01/src/game/game_fn_80014784.o
[850/972] EXTERNALIZE build/GEDE01/src/game/game_fn_800149D4.o
[851/972] EXTERNALIZE build/GEDE01/src/game/game_fn_80015058.o
[852/972] EXTERNALIZE build/GEDE01/src/game/game_fn_80015320.o
[853/972] EXTERNALIZE build/GEDE01/src/game/game_fn_80015568.o
[854/972] EXTERNALIZE build/GEDE01/src/game/game_fn_800156FC.o
[855/972] EXTERNALIZE build/GEDE01/src/game/game_fn_80015BE0.o
[856/972] EXTERNALIZE build/GEDE01/src/game/game_fn_80015F04.o
[857/972] EXTERNALIZE build/GEDE01/src/game/game_fn_80015D40.o
[858/972] EXTERNALIZE build/GEDE01/src/game/game_fn_80016128.o
[859/972] EXTERNALIZE build/GEDE01/src/game/game_fn_80016270.o
[860/972] EXTERNALIZE build/GEDE01/src/game/game_fn_80016904.o
[861/972] EXTERNALIZE build/GEDE01/src/game/game_fn_800173CC.o
[862/972] EXTERNALIZE build/GEDE01/src/game/game_fn_80016B24.o
[863/972] EXTERNALIZE build/GEDE01/src/game/game_fn_801BEF40.o
[864/972] EXTERNALIZE build/GEDE01/src/game/game_fn_801B86C0.o
[865/972] EXTERNALIZE STATIC POOL build/GEDE01/src/game/game_fn_801C4B5C.o
build/GEDE01/src/game/game_fn_801C4B5C.o: lbl_80628CB0 now undefined; section 6 emptied
[866/972] EXTERNALIZE build/GEDE01/src/game/game_fn_801C8600.o
[867/972] EXTERNALIZE build/GEDE01/src/game/game_fn_801EAA04.o
[868/972] EXTERNALIZE build/GEDE01/src/game/game_fn_80150400.o
[869/972] EXTERNALIZE build/GEDE01/src/game/game_fn_80150F20.o
[870/972] EXTERNALIZE build/GEDE01/src/game/game_fn_80151600.o
[871/972] EXTERNALIZE build/GEDE01/src/game/game_fn_80151D00.o
[872/972] EXTERNALIZE build/GEDE01/src/game/game_fn_8011EE04.o
[873/972] EXTERNALIZE build/GEDE01/src/game/game_fn_801E3644.o
[874/972] EXTERNALIZE build/GEDE01/src/game/game_fn_8019E0B0.o
[875/972] EXTERNALIZE build/GEDE01/src/game/game_fn_801A260C.o
[876/972] EXTERNALIZE build/GEDE01/src/game/game_fn_801DE8B4.o
[877/972] EXTERNALIZE build/GEDE01/src/game/game_fn_80173BDC.o
[878/972] EXTERNALIZE build/GEDE01/src/game/game_fn_801E7014.o
[879/972] EXTERNALIZE build/GEDE01/src/game/game_fn_801A4430.o
[880/972] EXTERNALIZE build/GEDE01/src/game/game_fn_8014BA14.o
[881/972] EXTERNALIZE build/GEDE01/src/game/game_fn_800B2EC0.o
[882/972] EXTERNALIZE build/GEDE01/src/game/game_fn_8001CA04.o
[883/972] EXTERNALIZE build/GEDE01/src/game/game_fn_80031544.o
[884/972] EXTERNALIZE build/GEDE01/src/game/game_fn_801DDB84.o
[885/972] EXTERNALIZE build/GEDE01/src/game/game_fn_8006B0F0.o
[886/972] EXTERNALIZE build/GEDE01/src/game/game_fn_8007D4D8.o
[887/972] EXTERNALIZE build/GEDE01/src/game/game_fn_8007F770.o
[888/972] EXTERNALIZE build/GEDE01/src/game/game_fn_80088F4C.o
[889/972] EXTERNALIZE build/GEDE01/src/game/game_fn_80089A34.o
[890/972] EXTERNALIZE build/GEDE01/src/game/game_fn_8008A2E0.o
[891/972] EXTERNALIZE build/GEDE01/src/game/game_fn_80090004.o
[892/972] EXTERNALIZE build/GEDE01/src/game/game_fn_80095D10.o
[893/972] EXTERNALIZE build/GEDE01/src/game/game_fn_800A3180.o
[894/972] EXTERNALIZE build/GEDE01/src/game/game_fn_800BB7A8.o
[895/972] EXTERNALIZE build/GEDE01/src/game/game_fn_800BB5C4.o
[896/972] EXTERNALIZE build/GEDE01/src/game/game_fn_800BB9A4.o
[897/972] EXTERNALIZE build/GEDE01/src/game/game_fn_800BBAF0.o
[898/972] EXTERNALIZE build/GEDE01/src/game/game_fn_800D9064.o
[899/972] EXTERNALIZE build/GEDE01/src/game/game_fn_800D9E10.o
[900/972] EXTERNALIZE build/GEDE01/src/game/game_fn_8012976C.o
[901/972] EXTERNALIZE build/GEDE01/src/game/game_fn_8013DB8C.o
[902/972] EXTERNALIZE build/GEDE01/src/game/game_fn_8013CBE4.o
[903/972] EXTERNALIZE build/GEDE01/src/game/game_fn_8014CA98.o
[904/972] EXTERNALIZE build/GEDE01/src/game/game_fn_80153A24.o
[905/972] EXTERNALIZE build/GEDE01/src/game/game_fn_801535D8.o
[906/972] EXTERNALIZE build/GEDE01/src/game/game_fn_80174F2C.o
[907/972] EXTERNALIZE build/GEDE01/src/game/game_fn_8017AC20.o
[908/972] EXTERNALIZE build/GEDE01/src/game/game_fn_801752B0.o
[909/972] EXTERNALIZE build/GEDE01/src/game/game_fn_801861C4.o
[910/972] EXTERNALIZE build/GEDE01/src/game/game_fn_8018680C.o
[911/972] EXTERNALIZE build/GEDE01/src/game/game_fn_80186F70.o
[912/972] EXTERNALIZE build/GEDE01/src/game/game_fn_80187320.o
[913/972] EXTERNALIZE build/GEDE01/src/game/game_fn_801810A0.o
[914/972] EXTERNALIZE build/GEDE01/src/game/game_fn_801875FC.o
[915/972] EXTERNALIZE build/GEDE01/src/game/game_fn_800542D0.o
[916/972] EXTERNALIZE build/GEDE01/src/game/game_fn_80187E40.o
[917/972] EXTERNALIZE build/GEDE01/src/game/game_fn_80189C14.o
[918/972] EXTERNALIZE build/GEDE01/src/game/game_fn_80187BB4.o
[919/972] EXTERNALIZE build/GEDE01/src/game/game_fn_8018D400.o
[920/972] EXTERNALIZE build/GEDE01/src/game/game_fn_8018C2D0.o
[921/972] EXTERNALIZE build/GEDE01/src/game/game_fn_8018E0D8.o
[922/972] EXTERNALIZE build/GEDE01/src/game/game_fn_8019120C.o
[923/972] EXTERNALIZE build/GEDE01/src/game/game_fn_8018DC24.o
[924/972] EXTERNALIZE build/GEDE01/src/game/game_fn_801926EC.o
[925/972] EXTERNALIZE build/GEDE01/src/game/game_fn_801916D0.o
[926/972] EXTERNALIZE build/GEDE01/src/game/game_fn_801929A4.o
[927/972] EXTERNALIZE build/GEDE01/src/game/game_fn_801952E8.o
[928/972] EXTERNALIZE build/GEDE01/src/game/game_fn_801A2A54.o
[929/972] EXTERNALIZE build/GEDE01/src/game/game_fn_801A34BC.o
[930/972] EXTERNALIZE build/GEDE01/src/game/game_fn_801A657C.o
[931/972] EXTERNALIZE build/GEDE01/src/game/game_fn_801A1F8C.o
[932/972] EXTERNALIZE build/GEDE01/src/game/game_fn_801D1F78.o
[933/972] EXTERNALIZE build/GEDE01/src/game/game_fn_801E2A48.o
[934/972] EXTERNALIZE build/GEDE01/src/game/game_fn_801E6814.o
[935/972] EXTERNALIZE build/GEDE01/src/game/game_fn_801E995C.o
[936/972] EXTERNALIZE build/GEDE01/src/game/game_fn_801F0CB0.o
[937/972] EXTERNALIZE build/GEDE01/src/game/game_fn_801EF580.o
[938/972] EXTERNALIZE build/GEDE01/src/game/game_fn_801F10BC.o
[939/972] EXTERNALIZE build/GEDE01/src/game/game_fn_801F35A8.o
[940/972] EXTERNALIZE build/GEDE01/src/game/game_fn_801ECD74.o
[941/972] EXTERNALIZE build/GEDE01/src/game/game_fn_801ED5F4.o
[942/972] EXTERNALIZE build/GEDE01/src/game/game_fn_801F69F0.o
[943/972] EXTERNALIZE build/GEDE01/src/game/game_fn_801F76EC.o
[944/972] EXTERNALIZE build/GEDE01/src/game/game_fn_801F8264.o
[945/972] EXTERNALIZE build/GEDE01/src/game/game_fn_801F89B4.o
[946/972] EXTERNALIZE build/GEDE01/src/game/game_fn_801F9AF8.o
[947/972] EXTERNALIZE build/GEDE01/src/game/game_fn_801F6BD8.o
[948/972] EXTERNALIZE build/GEDE01/src/game/game_fn_80095E64.o
[949/972] EXTERNALIZE build/GEDE01/src/game/game_fn_801FB6A4.o
[950/972] EXTERNALIZE JUMPTABLES build/GEDE01/src/game/game_fn_800361F8.o
[951/972] EXTERNALIZE JUMPTABLES build/GEDE01/src/game/game_fn_8006E53C.o
[952/972] EXTERNALIZE JUMPTABLES build/GEDE01/src/game/game_fn_800CF598.o
[953/972] EXTERNALIZE JUMPTABLES build/GEDE01/src/game/game_fn_801ACFE8.o
[954/972] EXTERNALIZE build/GEDE01/src/game/game_fn_801E0088.o
[955/972] EXTERNALIZE JUMPTABLES build/GEDE01/src/game/game_fn_801B1BA0.o
[956/972] EXTERNALIZE build/GEDE01/src/game/game_fn_80150A24.o
[957/972] EXTERNALIZE build/GEDE01/src/game/game_fn_80154F74.o
[958/972] EXTERNALIZE build/GEDE01/src/game/game_fn_801E504C.o
[959/972] EXTERNALIZE build/GEDE01/src/game/game_fn_8009E808.o
[960/972] EXTERNALIZE build/GEDE01/src/game/game_fn_801F1A38.o
[961/972] EXTERNALIZE build/GEDE01/src/game/game_fn_801FFE78.o
[962/972] EXTERNALIZE build/GEDE01/src/game/game_fn_801F55A0.o
[963/972] EXTERNALIZE build/GEDE01/src/game/game_fn_801F7510.o
[964/972] EXTERNALIZE build/GEDE01/src/game/game_fn_801F8FAC.o
[965/972] EXTERNALIZE build/GEDE01/src/game/game_fn_801F9CF4.o
[966/972] EXTERNALIZE build/GEDE01/src/game/game_fn_801FC034.o
[967/972] EXTERNALIZE build/GEDE01/src/game/game_fn_801FA9C8.o
[968/972] REPORT
 INFO Loading project .
 INFO Generating report for 7106 units (using 8 threads)
 INFO Report generated in 0.599s
 INFO Writing to build/GEDE01/report.json
[969/972] LINK build/GEDE01/main.elf
### mwldeppc.exe Linker Warning:
#   Section '.ignored' is unknown. Section ignored.
### mwldeppc.exe Linker Warning:
#   Section '.ignored' is unknown. Section ignored.
### mwldeppc.exe Linker Warning:
#   Section '.ignored' is unknown. Section ignored.
### mwldeppc.exe Linker Warning:
#   Section '.ignored' is unknown. Section ignored.
### mwldeppc.exe Linker Warning:
#   Section '.ignored' is unknown. Section ignored.
### mwldeppc.exe Linker Warning:
#   Section '.ignored' is unknown. Section ignored.
### mwldeppc.exe Linker Warning:
#   Section '.ignored' is unknown. Section ignored.
### mwldeppc.exe Linker Warning:
#   Section '.ignored' is unknown. Section ignored.
### mwldeppc.exe Linker Warning:
#   Section '.ignored' is unknown. Section ignored.
### mwldeppc.exe Linker Warning:
#   Section '.ignored' is unknown. Section ignored.
### mwldeppc.exe Linker Warning:
#   Section '.ignored' is unknown. Section ignored.
### mwldeppc.exe Linker Warning:
#   Section '.ignored' is unknown. Section ignored.
### mwldeppc.exe Linker Warning:
#   Section '.ignored' is unknown. Section ignored.
### mwldeppc.exe Linker Warning:
#   Section '.ignored' is unknown. Section ignored.
### mwldeppc.exe Linker Warning:
#   Section '.ignored' is unknown. Section ignored.
### mwldeppc.exe Linker Warning:
#   Section '.ignored' is unknown. Section ignored.
### mwldeppc.exe Linker Warning:
#   Section '.ignored' is unknown. Section ignored.
### mwldeppc.exe Linker Warning:
#   Section '.ignored' is unknown. Section ignored.
### mwldeppc.exe Linker Warning:
#   Section '.ignored' is unknown. Section ignored.
### mwldeppc.exe Linker Warning:
#   Section '.ignored' is unknown. Section ignored.
### mwldeppc.exe Linker Warning:
#   Section '.ignored' is unknown. Section ignored.
### mwldeppc.exe Linker Warning:
#   Section '.ignored' is unknown. Section ignored.
### mwldeppc.exe Linker Warning:
#   Section '.ignored' is unknown. Section ignored.
### mwldeppc.exe Linker Warning:
#   Section '.ignored' is unknown. Section ignored.
### mwldeppc.exe Linker Warning:
#   Section '.ignored' is unknown. Section ignored.
### mwldeppc.exe Linker Warning:
#   Section '.ignored' is unknown. Section ignored.
### mwldeppc.exe Linker Warning:
#   Section '.ignored' is unknown. Section ignored.
### mwldeppc.exe Linker Warning:
#   Section '.ignored' is unknown. Section ignored.
### mwldeppc.exe Linker Warning:
#   Section '.ignored' is unknown. Section ignored.
### mwldeppc.exe Linker Warning:
#   Section '.ignored' is unknown. Section ignored.
### mwldeppc.exe Linker Warning:
#   Section '.ignored' is unknown. Section ignored.
### mwldeppc.exe Linker Warning:
#   Section '.ignored' is unknown. Section ignored.
### mwldeppc.exe Linker Warning:
#   Section '.ignored' is unknown. Section ignored.
### mwldeppc.exe Linker Warning:
#   Section '.ignored' is unknown. Section ignored.
### mwldeppc.exe Linker Warning:
#   Section '.ignored' is unknown. Section ignored.
### mwldeppc.exe Linker Warning:
#   Section '.ignored' is unknown. Section ignored.
### mwldeppc.exe Linker Warning:
#   Section '.ignored' is unknown. Section ignored.
### mwldeppc.exe Linker Warning:
#   Section '.ignored' is unknown. Section ignored.
### mwldeppc.exe Linker Warning:
#   Section '.ignored' is unknown. Section ignored.
### mwldeppc.exe Linker Warning:
#   Section '.ignored' is unknown. Section ignored.
### mwldeppc.exe Linker Warning:
#   Section '.ignored' is unknown. Section ignored.
### mwldeppc.exe Linker Warning:
#   Section '.ignored' is unknown. Section ignored.
### mwldeppc.exe Linker Warning:
#   Section '.ignored' is unknown. Section ignored.
### mwldeppc.exe Linker Warning:
#   Section '.ignored' is unknown. Section ignored.
### mwldeppc.exe Linker Warning:
#   Section '.ignored' is unknown. Section ignored.
### mwldeppc.exe Linker Warning:
#   Section '.ignored' is unknown. Section ignored.
### mwldeppc.exe Linker Warning:
#   Section '.ignored' is unknown. Section ignored.
### mwldeppc.exe Linker Warning:
#   Section '.ignored' is unknown. Section ignored.
### mwldeppc.exe Linker Warning:
#   Section '.ignored' is unknown. Section ignored.
### mwldeppc.exe Linker Warning:
#   Section '.ignored' is unknown. Section ignored.
### mwldeppc.exe Linker Warning:
#   Section '.ignored' is unknown. Section ignored.
### mwldeppc.exe Linker Warning:
#   Section '.ignored' is unknown. Section ignored.
### mwldeppc.exe Linker Warning:
#   Section '.ignored' is unknown. Section ignored.
### mwldeppc.exe Linker Warning:
#   Section '.ignored' is unknown. Section ignored.
### mwldeppc.exe Linker Warning:
#   Section '.ignored' is unknown. Section ignored.
### mwldeppc.exe Linker Warning:
#   Section '.ignored' is unknown. Section ignored.
### mwldeppc.exe Linker Warning:
#   Section '.ignored' is unknown. Section ignored.
### mwldeppc.exe Linker Warning:
#   Section '.ignored' is unknown. Section ignored.
### mwldeppc.exe Linker Warning:
#   Section '.ignored' is unknown. Section ignored.
### mwldeppc.exe Linker Warning:
#   Section '.ignored' is unknown. Section ignored.
### mwldeppc.exe Linker Warning:
#   Section '.ignored' is unknown. Section ignored.
### mwldeppc.exe Linker Warning:
#   Section '.ignored' is unknown. Section ignored.
### mwldeppc.exe Linker Warning:
#   Section '.ignored' is unknown. Section ignored.
### mwldeppc.exe Linker Warning:
#   Section '.ignored' is unknown. Section ignored.
### mwldeppc.exe Linker Warning:
#   Section '.ignored' is unknown. Section ignored.
### mwldeppc.exe Linker Warning:
#   Section '.ignored' is unknown. Section ignored.
### mwldeppc.exe Linker Warning:
#   Section '.ignored' is unknown. Section ignored.
### mwldeppc.exe Linker Warning:
#   Section '.ignored' is unknown. Section ignored.
### mwldeppc.exe Linker Warning:
#   Section '.ignored' is unknown. Section ignored.
### mwldeppc.exe Linker Warning:
#   Section '.ignored' is unknown. Section ignored.
### mwldeppc.exe Linker Warning:
#   Section '.ignored' is unknown. Section ignored.
### mwldeppc.exe Linker Warning:
#   Section '.ignored' is unknown. Section ignored.
### mwldeppc.exe Linker Warning:
#   Section '.ignored' is unknown. Section ignored.
### mwldeppc.exe Linker Warning:
#   Section '.ignored' is unknown. Section ignored.
### mwldeppc.exe Linker Warning:
#   Section '.ignored' is unknown. Section ignored.
### mwldeppc.exe Linker Warning:
#   Section '.ignored' is unknown. Section ignored.
### mwldeppc.exe Linker Warning:
#   Section '.ignored' is unknown. Section ignored.
### mwldeppc.exe Linker Warning:
#   Section '.ignored' is unknown. Section ignored.
### mwldeppc.exe Linker Warning:
#   Section '.ignored' is unknown. Section ignored.
### mwldeppc.exe Linker Warning:
#   Section '.ignored' is unknown. Section ignored.
### mwldeppc.exe Linker Warning:
#   Section '.ignored' is unknown. Section ignored.
### mwldeppc.exe Linker Warning:
#   Section '.ignored' is unknown. Section ignored.
### mwldeppc.exe Linker Warning:
#   Section '.ignored' is unknown. Section ignored.
### mwldeppc.exe Linker Warning:
#   Section '.ignored' is unknown. Section ignored.
### mwldeppc.exe Linker Warning:
#   Section '.ignored' is unknown. Section ignored.
### mwldeppc.exe Linker Warning:
#   Section '.ignored' is unknown. Section ignored.
### mwldeppc.exe Linker Warning:
#   Section '.ignored' is unknown. Section ignored.
### mwldeppc.exe Linker Warning:
#   Section '.ignored' is unknown. Section ignored.
### mwldeppc.exe Linker Warning:
#   Section '.ignored' is unknown. Section ignored.
### mwldeppc.exe Linker Warning:
#   Section '.ignored' is unknown. Section ignored.
### mwldeppc.exe Linker Warning:
#   Section '.ignored' is unknown. Section ignored.
### mwldeppc.exe Linker Warning:
#   Section '.ignored' is unknown. Section ignored.
### mwldeppc.exe Linker Warning:
#   Section '.ignored' is unknown. Section ignored.
### mwldeppc.exe Linker Warning:
#   Section '.ignored' is unknown. Section ignored.
### mwldeppc.exe Linker Warning:
#   Section '.ignored' is unknown. Section ignored.
### mwldeppc.exe Linker Warning:
#   Section '.ignored' is unknown. Section ignored.
### mwldeppc.exe Linker Warning:
#   Section '.ignored' is unknown. Section ignored.
### mwldeppc.exe Linker Warning:
#   Section '.ignored' is unknown. Section ignored.
### mwldeppc.exe Linker Warning:
#   Section '.ignored' is unknown. Section ignored.
### mwldeppc.exe Linker Warning:
#   Section '.ignored' is unknown. Section ignored.
### mwldeppc.exe Linker Warning:
#   Section '.ignored' is unknown. Section ignored.
### mwldeppc.exe Linker Warning:
#   Section '.ignored' is unknown. Section ignored.
### mwldeppc.exe Linker Warning:
#   Section '.ignored' is unknown. Section ignored.
### mwldeppc.exe Linker Warning:
#   Section '.ignored' is unknown. Section ignored.
### mwldeppc.exe Linker Warning:
#   Section '.ignored' is unknown. Section ignored.
### mwldeppc.exe Linker Warning:
#   Section '.ignored' is unknown. Section ignored.
### mwldeppc.exe Linker Warning:
#   Section '.ignored' is unknown. Section ignored.
### mwldeppc.exe Linker Warning:
#   Section '.ignored' is unknown. Section ignored.
### mwldeppc.exe Linker Warning:
#   Section '.ignored' is unknown. Section ignored.
### mwldeppc.exe Linker Warning:
#   Section '.ignored' is unknown. Section ignored.
### mwldeppc.exe Linker Warning:
#   Section '.ignored' is unknown. Section ignored.
### mwldeppc.exe Linker Warning:
#   Section '.ignored' is unknown. Section ignored.
### mwldeppc.exe Linker Warning:
#   Section '.ignored' is unknown. Section ignored.
### mwldeppc.exe Linker Warning:
#   Section '.ignored' is unknown. Section ignored.
### mwldeppc.exe Linker Warning:
#   Section '.ignored' is unknown. Section ignored.
### mwldeppc.exe Linker Warning:
#   Section '.ignored' is unknown. Section ignored.
### mwldeppc.exe Linker Warning:
#   Section '.ignored' is unknown. Section ignored.
### mwldeppc.exe Linker Warning:
#   Section '.ignored' is unknown. Section ignored.
### mwldeppc.exe Linker Warning:
#   Section '.ignored' is unknown. Section ignored.
### mwldeppc.exe Linker Warning:
#   Section '.ignored' is unknown. Section ignored.
### mwldeppc.exe Linker Warning:
#   Section '.ignored' is unknown. Section ignored.
### mwldeppc.exe Linker Warning:
#   Section '.ignored' is unknown. Section ignored.
### mwldeppc.exe Linker Warning:
#   Section '.ignored' is unknown. Section ignored.
### mwldeppc.exe Linker Warning:
#   Section '.ignored' is unknown. Section ignored.
### mwldeppc.exe Linker Warning:
#   Section '.ignored' is unknown. Section ignored.
### mwldeppc.exe Linker Warning:
#   Section '.ignored' is unknown. Section ignored.
### mwldeppc.exe Linker Warning:
#   Section '.ignored' is unknown. Section ignored.
### mwldeppc.exe Linker Warning:
#   Section '.ignored' is unknown. Section ignored.
### mwldeppc.exe Linker Warning:
#   Section '.ignored' is unknown. Section ignored.
### mwldeppc.exe Linker Warning:
#   Section '.ignored' is unknown. Section ignored.
### mwldeppc.exe Linker Warning:
#   Section '.ignored' is unknown. Section ignored.
### mwldeppc.exe Linker Warning:
#   Section '.ignored' is unknown. Section ignored.
### mwldeppc.exe Linker Warning:
#   Section '.ignored' is unknown. Section ignored.
### mwldeppc.exe Linker Warning:
#   Section '.ignored' is unknown. Section ignored.
### mwldeppc.exe Linker Warning:
#   Section '.ignored' is unknown. Section ignored.
### mwldeppc.exe Linker Warning:
#   Section '.ignored' is unknown. Section ignored.
### mwldeppc.exe Linker Warning:
#   Section '.ignored' is unknown. Section ignored.
### mwldeppc.exe Linker Warning:
#   Section '.ignored' is unknown. Section ignored.
### mwldeppc.exe Linker Warning:
#   Section '.ignored' is unknown. Section ignored.
### mwldeppc.exe Linker Warning:
#   Section '.ignored' is unknown. Section ignored.
### mwldeppc.exe Linker Warning:
#   Section '.ignored' is unknown. Section ignored.
### mwldeppc.exe Linker Warning:
#   Section '.ignored' is unknown. Section ignored.
### mwldeppc.exe Linker Warning:
#   Section '.ignored' is unknown. Section ignored.
### mwldeppc.exe Linker Warning:
#   Section '.ignored' is unknown. Section ignored.
### mwldeppc.exe Linker Warning:
#   Section '.ignored' is unknown. Section ignored.
### mwldeppc.exe Linker Warning:
#   Section '.ignored' is unknown. Section ignored.
### mwldeppc.exe Linker Warning:
#   Section '.ignored' is unknown. Section ignored.
### mwldeppc.exe Linker Warning:
#   Section '.ignored' is unknown. Section ignored.
### mwldeppc.exe Linker Warning:
#   Section '.ignored' is unknown. Section ignored.
### mwldeppc.exe Linker Warning:
#   Section '.ignored' is unknown. Section ignored.
### mwldeppc.exe Linker Warning:
#   Section '.ignored' is unknown. Section ignored.
### mwldeppc.exe Linker Warning:
#   Section '.ignored' is unknown. Section ignored.
### mwldeppc.exe Linker Warning:
#   Section '.ignored' is unknown. Section ignored.
### mwldeppc.exe Linker Warning:
#   Section '.ignored' is unknown. Section ignored.
### mwldeppc.exe Linker Warning:
#   Section '.ignored' is unknown. Section ignored.
### mwldeppc.exe Linker Warning:
#   Section '.ignored' is unknown. Section ignored.
### mwldeppc.exe Linker Warning:
#   Section '.ignored' is unknown. Section ignored.
### mwldeppc.exe Linker Warning:
#   Section '.ignored' is unknown. Section ignored.
### mwldeppc.exe Linker Warning:
#   Section '.ignored' is unknown. Section ignored.
### mwldeppc.exe Linker Warning:
#   Section '.ignored' is unknown. Section ignored.
### mwldeppc.exe Linker Warning:
#   Section '.ignored' is unknown. Section ignored.
### mwldeppc.exe Linker Warning:
#   Section '.ignored' is unknown. Section ignored.
### mwldeppc.exe Linker Warning:
#   Section '.ignored' is unknown. Section ignored.
### mwldeppc.exe Linker Warning:
#   Section '.ignored' is unknown. Section ignored.
### mwldeppc.exe Linker Warning:
#   Section '.ignored' is unknown. Section ignored.
### mwldeppc.exe Linker Warning:
#   Section '.ignored' is unknown. Section ignored.
### mwldeppc.exe Linker Warning:
#   Section '.ignored' is unknown. Section ignored.
### mwldeppc.exe Linker Warning:
#   Section '.ignored' is unknown. Section ignored.
### mwldeppc.exe Linker Warning:
#   Section '.ignored' is unknown. Section ignored.
### mwldeppc.exe Linker Warning:
#   Section '.ignored' is unknown. Section ignored.
### mwldeppc.exe Linker Warning:
#   Section '.ignored' is unknown. Section ignored.
### mwldeppc.exe Linker Warning:
#   Section '.ignored' is unknown. Section ignored.
### mwldeppc.exe Linker Warning:
#   Section '.ignored' is unknown. Section ignored.
### mwldeppc.exe Linker Warning:
#   Section '.ignored' is unknown. Section ignored.
### mwldeppc.exe Linker Warning:
#   Section '.ignored' is unknown. Section ignored.
### mwldeppc.exe Linker Warning:
#   Section '.ignored' is unknown. Section ignored.
### mwldeppc.exe Linker Warning:
#   Section '.ignored' is unknown. Section ignored.
### mwldeppc.exe Linker Warning:
#   Section '.ignored' is unknown. Section ignored.
### mwldeppc.exe Linker Warning:
#   Section '.ignored' is unknown. Section ignored.
### mwldeppc.exe Linker Warning:
#   Section '.ignored' is unknown. Section ignored.
### mwldeppc.exe Linker Warning:
#   Section '.ignored' is unknown. Section ignored.
### mwldeppc.exe Linker Warning:
#   Section '.ignored' is unknown. Section ignored.
### mwldeppc.exe Linker Warning:
#   Section '.ignored' is unknown. Section ignored.
### mwldeppc.exe Linker Warning:
#   Section '.ignored' is unknown. Section ignored.
### mwldeppc.exe Linker Warning:
#   Section '.ignored' is unknown. Section ignored.
### mwldeppc.exe Linker Warning:
#   Section '.ignored' is unknown. Section ignored.
### mwldeppc.exe Linker Warning:
#   Section '.ignored' is unknown. Section ignored.
### mwldeppc.exe Linker Warning:
#   Section '.ignored' is unknown. Section ignored.
### mwldeppc.exe Linker Warning:
#   Section '.ignored' is unknown. Section ignored.
### mwldeppc.exe Linker Warning:
#   Section '.ignored' is unknown. Section ignored.
### mwldeppc.exe Linker Warning:
#   Section '.ignored' is unknown. Section ignored.
### mwldeppc.exe Linker Warning:
#   Section '.ignored' is unknown. Section ignored.
### mwldeppc.exe Linker Warning:
#   Section '.ignored' is unknown. Section ignored.
### mwldeppc.exe Linker Warning:
#   Section '.ignored' is unknown. Section ignored.
### mwldeppc.exe Linker Warning:
#   Section '.ignored' is unknown. Section ignored.
### mwldeppc.exe Linker Warning:
#   Section '.ignored' is unknown. Section ignored.
### mwldeppc.exe Linker Warning:
#   Section '.ignored' is unknown. Section ignored.
### mwldeppc.exe Linker Warning:
#   Section '.ignored' is unknown. Section ignored.
### mwldeppc.exe Linker Warning:
#   Section '.ignored' is unknown. Section ignored.
### mwldeppc.exe Linker Warning:
#   Section '.ignored' is unknown. Section ignored.
### mwldeppc.exe Linker Warning:
#   Section '.ignored' is unknown. Section ignored.
### mwldeppc.exe Linker Warning:
#   Section '.ignored' is unknown. Section ignored.
### mwldeppc.exe Linker Warning:
#   Section '.ignored' is unknown. Section ignored.
### mwldeppc.exe Linker Warning:
#   Section '.ignored' is unknown. Section ignored.
### mwldeppc.exe Linker Warning:
#   Section '.ignored' is unknown. Section ignored.
### mwldeppc.exe Linker Warning:
#   Section '.ignored' is unknown. Section ignored.
### mwldeppc.exe Linker Warning:
#   Section '.ignored' is unknown. Section ignored.
### mwldeppc.exe Linker Warning:
#   Section '.ignored' is unknown. Section ignored.
### mwldeppc.exe Linker Warning:
#   Section '.ignored' is unknown. Section ignored.
### mwldeppc.exe Linker Warning:
#   Section '.ignored' is unknown. Section ignored.
### mwldeppc.exe Linker Warning:
#   Section '.ignored' is unknown. Section ignored.
### mwldeppc.exe Linker Warning:
#   Section '.ignored' is unknown. Section ignored.
### mwldeppc.exe Linker Warning:
#   Section '.ignored' is unknown. Section ignored.
### mwldeppc.exe Linker Warning:
#   Section '.ignored' is unknown. Section ignored.
### mwldeppc.exe Linker Warning:
#   Section '.ignored' is unknown. Section ignored.
### mwldeppc.exe Linker Warning:
#   Section '.ignored' is unknown. Section ignored.
### mwldeppc.exe Linker Warning:
#   Section '.ignored' is unknown. Section ignored.
### mwldeppc.exe Linker Warning:
#   Section '.ignored' is unknown. Section ignored.
### mwldeppc.exe Linker Warning:
#   Section '.ignored' is unknown. Section ignored.
### mwldeppc.exe Linker Warning:
#   Section '.ignored' is unknown. Section ignored.
### mwldeppc.exe Linker Warning:
#   Section '.ignored' is unknown. Section ignored.
### mwldeppc.exe Linker Warning:
#   Section '.ignored' is unknown. Section ignored.
### mwldeppc.exe Linker Warning:
#   Section '.ignored' is unknown. Section ignored.
### mwldeppc.exe Linker Warning:
#   Section '.ignored' is unknown. Section ignored.
### mwldeppc.exe Linker Warning:
#   Section '.ignored' is unknown. Section ignored.
### mwldeppc.exe Linker Warning:
#   Section '.ignored' is unknown. Section ignored.
### mwldeppc.exe Linker Warning:
#   Section '.ignored' is unknown. Section ignored.
### mwldeppc.exe Linker Warning:
#   Section '.ignored' is unknown. Section ignored.
### mwldeppc.exe Linker Warning:
#   Section '.ignored' is unknown. Section ignored.
### mwldeppc.exe Linker Warning:
#   Section '.ignored' is unknown. Section ignored.
### mwldeppc.exe Linker Warning:
#   Section '.ignored' is unknown. Section ignored.
### mwldeppc.exe Linker Warning:
#   Section '.ignored' is unknown. Section ignored.
### mwldeppc.exe Linker Warning:
#   Section '.ignored' is unknown. Section ignored.
### mwldeppc.exe Linker Warning:
#   Section '.ignored' is unknown. Section ignored.
### mwldeppc.exe Linker Warning:
#   Section '.ignored' is unknown. Section ignored.
### mwldeppc.exe Linker Warning:
#   Section '.ignored' is unknown. Section ignored.
### mwldeppc.exe Linker Warning:
#   Section '.ignored' is unknown. Section ignored.
### mwldeppc.exe Linker Warning:
#   Section '.ignored' is unknown. Section ignored.
### mwldeppc.exe Linker Warning:
#   Section '.ignored' is unknown. Section ignored.
### mwldeppc.exe Linker Warning:
#   Section '.ignored' is unknown. Section ignored.
### mwldeppc.exe Linker Warning:
#   Section '.ignored' is unknown. Section ignored.
### mwldeppc.exe Linker Warning:
#   Section '.ignored' is unknown. Section ignored.
### mwldeppc.exe Linker Warning:
#   Section '.ignored' is unknown. Section ignored.
### mwldeppc.exe Linker Warning:
#   Section '.ignored' is unknown. Section ignored.
### mwldeppc.exe Linker Warning:
#   Section '.ignored' is unknown. Section ignored.
### mwldeppc.exe Linker Warning:
#   Section '.ignored' is unknown. Section ignored.
### mwldeppc.exe Linker Warning:
#   Section '.ignored' is unknown. Section ignored.
### mwldeppc.exe Linker Warning:
#   Section '.ignored' is unknown. Section ignored.
### mwldeppc.exe Linker Warning:
#   Section '.ignored' is unknown. Section ignored.
### mwldeppc.exe Linker Warning:
#   Section '.ignored' is unknown. Section ignored.
### mwldeppc.exe Linker Warning:
#   Section '.ignored' is unknown. Section ignored.
### mwldeppc.exe Linker Warning:
#   Section '.ignored' is unknown. Section ignored.
### mwldeppc.exe Linker Warning:
#   Section '.ignored' is unknown. Section ignored.
### mwldeppc.exe Linker Warning:
#   Section '.ignored' is unknown. Section ignored.
### mwldeppc.exe Linker Warning:
#   Section '.ignored' is unknown. Section ignored.
### mwldeppc.exe Linker Warning:
#   Section '.ignored' is unknown. Section ignored.
### mwldeppc.exe Linker Warning:
#   Section '.ignored' is unknown. Section ignored.
### mwldeppc.exe Linker Warning:
#   Section '.ignored' is unknown. Section ignored.
### mwldeppc.exe Linker Warning:
#   Section '.ignored' is unknown. Section ignored.
### mwldeppc.exe Linker Warning:
#   Section '.ignored' is unknown. Section ignored.
### mwldeppc.exe Linker Warning:
#   Section '.ignored' is unknown. Section ignored.
### mwldeppc.exe Linker Warning:
#   Section '.ignored' is unknown. Section ignored.
### mwldeppc.exe Linker Warning:
#   Section '.ignored' is unknown. Section ignored.
### mwldeppc.exe Linker Warning:
#   Section '.ignored' is unknown. Section ignored.
### mwldeppc.exe Linker Warning:
#   Section '.ignored' is unknown. Section ignored.
### mwldeppc.exe Linker Warning:
#   Section '.ignored' is unknown. Section ignored.
### mwldeppc.exe Linker Warning:
#   Section '.ignored' is unknown. Section ignored.
### mwldeppc.exe Linker Warning:
#   Section '.ignored' is unknown. Section ignored.
### mwldeppc.exe Linker Warning:
#   Section '.ignored' is unknown. Section ignored.
### mwldeppc.exe Linker Warning:
#   Section '.ignored' is unknown. Section ignored.
### mwldeppc.exe Linker Warning:
#   Section '.ignored' is unknown. Section ignored.
### mwldeppc.exe Linker Warning:
#   Section '.ignored' is unknown. Section ignored.
### mwldeppc.exe Linker Warning:
#   Section '.ignored' is unknown. Section ignored.
### mwldeppc.exe Linker Warning:
#   Section '.ignored' is unknown. Section ignored.
### mwldeppc.exe Linker Warning:
#   Section '.ignored' is unknown. Section ignored.
### mwldeppc.exe Linker Warning:
#   Section '.ignored' is unknown. Section ignored.
### mwldeppc.exe Linker Warning:
#   Section '.ignored' is unknown. Section ignored.
### mwldeppc.exe Linker Warning:
#   Section '.ignored' is unknown. Section ignored.
### mwldeppc.exe Linker Warning:
#   Section '.ignored' is unknown. Section ignored.
### mwldeppc.exe Linker Warning:
#   Section '.ignored' is unknown. Section ignored.
### mwldeppc.exe Linker Warning:
#   Section '.ignored' is unknown. Section ignored.
### mwldeppc.exe Linker Warning:
#   Section '.ignored' is unknown. Section ignored.
### mwldeppc.exe Linker Warning:
#   Section '.ignored' is unknown. Section ignored.
### mwldeppc.exe Linker Warning:
#   Section '.ignored' is unknown. Section ignored.
### mwldeppc.exe Linker Warning:
#   Section '.ignored' is unknown. Section ignored.
### mwldeppc.exe Linker Warning:
#   Section '.ignored' is unknown. Section ignored.
### mwldeppc.exe Linker Warning:
#   Section '.ignored' is unknown. Section ignored.
### mwldeppc.exe Linker Warning:
#   Section '.ignored' is unknown. Section ignored.
### mwldeppc.exe Linker Warning:
#   Section '.ignored' is unknown. Section ignored.
### mwldeppc.exe Linker Warning:
#   Section '.ignored' is unknown. Section ignored.
### mwldeppc.exe Linker Warning:
#   Section '.ignored' is unknown. Section ignored.
### mwldeppc.exe Linker Warning:
#   Section '.ignored' is unknown. Section ignored.
### mwldeppc.exe Linker Warning:
#   Section '.ignored' is unknown. Section ignored.
### mwldeppc.exe Linker Warning:
#   Section '.ignored' is unknown. Section ignored.
### mwldeppc.exe Linker Warning:
#   Section '.ignored' is unknown. Section ignored.
### mwldeppc.exe Linker Warning:
#   Section '.ignored' is unknown. Section ignored.
### mwldeppc.exe Linker Warning:
#   Section '.ignored' is unknown. Section ignored.
### mwldeppc.exe Linker Warning:
#   Section '.ignored' is unknown. Section ignored.
### mwldeppc.exe Linker Warning:
#   Section '.ignored' is unknown. Section ignored.
### mwldeppc.exe Linker Warning:
#   Section '.ignored' is unknown. Section ignored.
### mwldeppc.exe Linker Warning:
#   Section '.ignored' is unknown. Section ignored.
### mwldeppc.exe Linker Warning:
#   Section '.ignored' is unknown. Section ignored.
### mwldeppc.exe Linker Warning:
#   Section '.ignored' is unknown. Section ignored.
### mwldeppc.exe Linker Warning:
#   Section '.ignored' is unknown. Section ignored.
### mwldeppc.exe Linker Warning:
#   Section '.ignored' is unknown. Section ignored.
### mwldeppc.exe Linker Warning:
#   Section '.ignored' is unknown. Section ignored.
### mwldeppc.exe Linker Warning:
#   Section '.ignored' is unknown. Section ignored.
### mwldeppc.exe Linker Warning:
#   Section '.ignored' is unknown. Section ignored.
### mwldeppc.exe Linker Warning:
#   Section '.ignored' is unknown. Section ignored.
### mwldeppc.exe Linker Warning:
#   Section '.ignored' is unknown. Section ignored.
### mwldeppc.exe Linker Warning:
#   Section '.ignored' is unknown. Section ignored.
### mwldeppc.exe Linker Warning:
#   Section '.ignored' is unknown. Section ignored.
### mwldeppc.exe Linker Warning:
#   Section '.ignored' is unknown. Section ignored.
### mwldeppc.exe Linker Warning:
#   Section '.ignored' is unknown. Section ignored.
### mwldeppc.exe Linker Warning:
#   Section '.ignored' is unknown. Section ignored.
### mwldeppc.exe Linker Warning:
#   Section '.ignored' is unknown. Section ignored.
### mwldeppc.exe Linker Warning:
#   Section '.ignored' is unknown. Section ignored.
### mwldeppc.exe Linker Warning:
#   Section '.ignored' is unknown. Section ignored.
### mwldeppc.exe Linker Warning:
#   Section '.ignored' is unknown. Section ignored.
### mwldeppc.exe Linker Warning:
#   Section '.ignored' is unknown. Section ignored.
### mwldeppc.exe Linker Warning:
#   Section '.ignored' is unknown. Section ignored.
### mwldeppc.exe Linker Warning:
#   Section '.ignored' is unknown. Section ignored.
### mwldeppc.exe Linker Warning:
#   Section '.ignored' is unknown. Section ignored.
### mwldeppc.exe Linker Warning:
#   Section '.ignored' is unknown. Section ignored.
### mwldeppc.exe Linker Warning:
#   Section '.ignored' is unknown. Section ignored.
### mwldeppc.exe Linker Warning:
#   Section '.ignored' is unknown. Section ignored.
### mwldeppc.exe Linker Warning:
#   Section '.ignored' is unknown. Section ignored.
### mwldeppc.exe Linker Warning:
#   Section '.ignored' is unknown. Section ignored.
### mwldeppc.exe Linker Warning:
#   Section '.ignored' is unknown. Section ignored.
### mwldeppc.exe Linker Warning:
#   Section '.ignored' is unknown. Section ignored.
### mwldeppc.exe Linker Warning:
#   Section '.ignored' is unknown. Section ignored.
### mwldeppc.exe Linker Warning:
#   Section '.ignored' is unknown. Section ignored.
### mwldeppc.exe Linker Warning:
#   Section '.ignored' is unknown. Section ignored.
### mwldeppc.exe Linker Warning:
#   Section '.ignored' is unknown. Section ignored.
### mwldeppc.exe Linker Warning:
#   Section '.ignored' is unknown. Section ignored.
### mwldeppc.exe Linker Warning:
#   Section '.ignored' is unknown. Section ignored.
### mwldeppc.exe Linker Warning:
#   Section '.ignored' is unknown. Section ignored.
### mwldeppc.exe Linker Warning:
#   Section '.ignored' is unknown. Section ignored.
### mwldeppc.exe Linker Warning:
#   Section '.ignored' is unknown. Section ignored.
### mwldeppc.exe Linker Warning:
#   Section '.ignored' is unknown. Section ignored.
### mwldeppc.exe Linker Warning:
#   Section '.ignored' is unknown. Section ignored.
### mwldeppc.exe Linker Warning:
#   Section '.ignored' is unknown. Section ignored.
### mwldeppc.exe Linker Warning:
#   Section '.ignored' is unknown. Section ignored.
### mwldeppc.exe Linker Warning:
#   Section '.ignored' is unknown. Section ignored.
### mwldeppc.exe Linker Warning:
#   Section '.ignored' is unknown. Section ignored.
### mwldeppc.exe Linker Warning:
#   Section '.ignored' is unknown. Section ignored.
### mwldeppc.exe Linker Warning:
#   Section '.ignored' is unknown. Section ignored.
### mwldeppc.exe Linker Warning:
#   Section '.ignored' is unknown. Section ignored.
### mwldeppc.exe Linker Warning:
#   Section '.ignored' is unknown. Section ignored.
### mwldeppc.exe Linker Warning:
#   Section '.ignored' is unknown. Section ignored.
### mwldeppc.exe Linker Warning:
#   Section '.ignored' is unknown. Section ignored.
### mwldeppc.exe Linker Warning:
#   Section '.ignored' is unknown. Section ignored.
### mwldeppc.exe Linker Warning:
#   Section '.ignored' is unknown. Section ignored.
### mwldeppc.exe Linker Warning:
#   Section '.ignored' is unknown. Section ignored.
### mwldeppc.exe Linker Warning:
#   Section '.ignored' is unknown. Section ignored.
### mwldeppc.exe Linker Warning:
#   Section '.ignored' is unknown. Section ignored.
### mwldeppc.exe Linker Warning:
#   Section '.ignored' is unknown. Section ignored.
### mwldeppc.exe Linker Warning:
#   Section '.ignored' is unknown. Section ignored.
### mwldeppc.exe Linker Warning:
#   Section '.ignored' is unknown. Section ignored.
### mwldeppc.exe Linker Warning:
#   Section '.ignored' is unknown. Section ignored.
### mwldeppc.exe Linker Warning:
#   Section '.ignored' is unknown. Section ignored.
### mwldeppc.exe Linker Warning:
#   Section '.ignored' is unknown. Section ignored.
### mwldeppc.exe Linker Warning:
#   Section '.ignored' is unknown. Section ignored.
### mwldeppc.exe Linker Warning:
#   Section '.ignored' is unknown. Section ignored.
### mwldeppc.exe Linker Warning:
#   Section '.ignored' is unknown. Section ignored.
### mwldeppc.exe Linker Warning:
#   Section '.ignored' is unknown. Section ignored.
### mwldeppc.exe Linker Warning:
#   Section '.ignored' is unknown. Section ignored.
### mwldeppc.exe Linker Warning:
#   Section '.ignored' is unknown. Section ignored.
### mwldeppc.exe Linker Warning:
#   Section '.ignored' is unknown. Section ignored.
### mwldeppc.exe Linker Warning:
#   Section '.ignored' is unknown. Section ignored.
### mwldeppc.exe Linker Warning:
#   Section '.ignored' is unknown. Section ignored.
### mwldeppc.exe Linker Warning:
#   Section '.ignored' is unknown. Section ignored.
### mwldeppc.exe Linker Warning:
#   Section '.ignored' is unknown. Section ignored.
### mwldeppc.exe Linker Warning:
#   Section '.ignored' is unknown. Section ignored.
### mwldeppc.exe Linker Warning:
#   Section '.ignored' is unknown. Section ignored.
### mwldeppc.exe Linker Warning:
#   Section '.ignored' is unknown. Section ignored.
### mwldeppc.exe Linker Warning:
#   Section '.ignored' is unknown. Section ignored.
### mwldeppc.exe Linker Warning:
#   Section '.ignored' is unknown. Section ignored.
### mwldeppc.exe Linker Warning:
#   Section '.ignored' is unknown. Section ignored.
### mwldeppc.exe Linker Warning:
#   Section '.ignored' is unknown. Section ignored.
### mwldeppc.exe Linker Warning:
#   Section '.ignored' is unknown. Section ignored.
### mwldeppc.exe Linker Warning:
#   Section '.ignored' is unknown. Section ignored.
### mwldeppc.exe Linker Warning:
#   Section '.ignored' is unknown. Section ignored.
### mwldeppc.exe Linker Warning:
#   Section '.ignored' is unknown. Section ignored.
### mwldeppc.exe Linker Warning:
#   Section '.ignored' is unknown. Section ignored.
### mwldeppc.exe Linker Warning:
#   Section '.ignored' is unknown. Section ignored.
### mwldeppc.exe Linker Warning:
#   Section '.ignored' is unknown. Section ignored.
### mwldeppc.exe Linker Warning:
#   Section '.ignored' is unknown. Section ignored.
### mwldeppc.exe Linker Warning:
#   Section '.ignored' is unknown. Section ignored.
### mwldeppc.exe Linker Warning:
#   Section '.ignored' is unknown. Section ignored.
### mwldeppc.exe Linker Warning:
#   Section '.ignored' is unknown. Section ignored.
### mwldeppc.exe Linker Warning:
#   Section '.ignored' is unknown. Section ignored.
### mwldeppc.exe Linker Warning:
#   Section '.ignored' is unknown. Section ignored.
### mwldeppc.exe Linker Warning:
#   Section '.ignored' is unknown. Section ignored.
### mwldeppc.exe Linker Warning:
#   Section '.ignored' is unknown. Section ignored.
### mwldeppc.exe Linker Warning:
#   Section '.ignored' is unknown. Section ignored.
### mwldeppc.exe Linker Warning:
#   Section '.ignored' is unknown. Section ignored.
### mwldeppc.exe Linker Warning:
#   Section '.ignored' is unknown. Section ignored.
### mwldeppc.exe Linker Warning:
#   Section '.ignored' is unknown. Section ignored.
### mwldeppc.exe Linker Warning:
#   Section '.ignored' is unknown. Section ignored.
### mwldeppc.exe Linker Warning:
#   Section '.ignored' is unknown. Section ignored.
### mwldeppc.exe Linker Warning:
#   Section '.ignored' is unknown. Section ignored.
### mwldeppc.exe Linker Warning:
#   Section '.ignored' is unknown. Section ignored.
### mwldeppc.exe Linker Warning:
#   Section '.ignored' is unknown. Section ignored.
### mwldeppc.exe Linker Warning:
#   Section '.ignored' is unknown. Section ignored.
### mwldeppc.exe Linker Warning:
#   Section '.ignored' is unknown. Section ignored.
### mwldeppc.exe Linker Warning:
#   Section '.ignored' is unknown. Section ignored.
### mwldeppc.exe Linker Warning:
#   Section '.ignored' is unknown. Section ignored.
### mwldeppc.exe Linker Warning:
#   Section '.ignored' is unknown. Section ignored.
### mwldeppc.exe Linker Warning:
#   Section '.ignored' is unknown. Section ignored.
### mwldeppc.exe Linker Warning:
#   Section '.ignored' is unknown. Section ignored.
### mwldeppc.exe Linker Warning:
#   Section '.ignored' is unknown. Section ignored.
### mwldeppc.exe Linker Warning:
#   Section '.ignored' is unknown. Section ignored.
### mwldeppc.exe Linker Warning:
#   Section '.ignored' is unknown. Section ignored.
### mwldeppc.exe Linker Warning:
#   Section '.ignored' is unknown. Section ignored.
### mwldeppc.exe Linker Warning:
#   Section '.ignored' is unknown. Section ignored.
### mwldeppc.exe Linker Warning:
#   Section '.ignored' is unknown. Section ignored.
### mwldeppc.exe Linker Warning:
#   Section '.ignored' is unknown. Section ignored.
### mwldeppc.exe Linker Warning:
#   Section '.ignored' is unknown. Section ignored.
### mwldeppc.exe Linker Warning:
#   Section '.ignored' is unknown. Section ignored.
### mwldeppc.exe Linker Warning:
#   Section '.ignored' is unknown. Section ignored.
### mwldeppc.exe Linker Warning:
#   Section '.ignored' is unknown. Section ignored.
### mwldeppc.exe Linker Warning:
#   Section '.ignored' is unknown. Section ignored.
### mwldeppc.exe Linker Warning:
#   Section '.ignored' is unknown. Section ignored.
### mwldeppc.exe Linker Warning:
#   Section '.ignored' is unknown. Section ignored.
### mwldeppc.exe Linker Warning:
#   Section '.ignored' is unknown. Section ignored.
### mwldeppc.exe Linker Warning:
#   Section '.ignored' is unknown. Section ignored.
### mwldeppc.exe Linker Warning:
#   Section '.ignored' is unknown. Section ignored.
### mwldeppc.exe Linker Warning:
#   Section '.ignored' is unknown. Section ignored.
### mwldeppc.exe Linker Warning:
#   Section '.ignored' is unknown. Section ignored.
### mwldeppc.exe Linker Warning:
#   Section '.ignored' is unknown. Section ignored.
### mwldeppc.exe Linker Warning:
#   Section '.ignored' is unknown. Section ignored.
### mwldeppc.exe Linker Warning:
#   Section '.ignored' is unknown. Section ignored.
### mwldeppc.exe Linker Warning:
#   Section '.ignored' is unknown. Section ignored.
### mwldeppc.exe Linker Warning:
#   Section '.ignored' is unknown. Section ignored.
### mwldeppc.exe Linker Warning:
#   Section '.ignored' is unknown. Section ignored.
### mwldeppc.exe Linker Warning:
#   Section '.ignored' is unknown. Section ignored.
### mwldeppc.exe Linker Warning:
#   Section '.ignored' is unknown. Section ignored.
### mwldeppc.exe Linker Warning:
#   Section '.ignored' is unknown. Section ignored.
### mwldeppc.exe Linker Warning:
#   Section '.ignored' is unknown. Section ignored.
### mwldeppc.exe Linker Warning:
#   Section '.ignored' is unknown. Section ignored.
### mwldeppc.exe Linker Warning:
#   Section '.ignored' is unknown. Section ignored.
### mwldeppc.exe Linker Warning:
#   Section '.ignored' is unknown. Section ignored.
### mwldeppc.exe Linker Warning:
#   Section '.ignored' is unknown. Section ignored.
### mwldeppc.exe Linker Warning:
#   Section '.ignored' is unknown. Section ignored.
### mwldeppc.exe Linker Warning:
#   Section '.ignored' is unknown. Section ignored.
### mwldeppc.exe Linker Warning:
#   Section '.ignored' is unknown. Section ignored.
### mwldeppc.exe Linker Warning:
#   Section '.ignored' is unknown. Section ignored.
### mwldeppc.exe Linker Warning:
#   Section '.ignored' is unknown. Section ignored.
### mwldeppc.exe Linker Warning:
#   Section '.ignored' is unknown. Section ignored.
### mwldeppc.exe Linker Warning:
#   Section '.ignored' is unknown. Section ignored.
### mwldeppc.exe Linker Warning:
#   Section '.ignored' is unknown. Section ignored.
### mwldeppc.exe Linker Warning:
#   Section '.ignored' is unknown. Section ignored.
### mwldeppc.exe Linker Warning:
#   Section '.ignored' is unknown. Section ignored.
### mwldeppc.exe Linker Warning:
#   Section '.ignored' is unknown. Section ignored.
### mwldeppc.exe Linker Warning:
#   Section '.ignored' is unknown. Section ignored.
### mwldeppc.exe Linker Warning:
#   Section '.ignored' is unknown. Section ignored.
### mwldeppc.exe Linker Warning:
#   Section '.ignored' is unknown. Section ignored.
### mwldeppc.exe Linker Warning:
#   Section '.ignored' is unknown. Section ignored.
### mwldeppc.exe Linker Warning:
#   Section '.ignored' is unknown. Section ignored.
### mwldeppc.exe Linker Warning:
#   Section '.ignored' is unknown. Section ignored.
### mwldeppc.exe Linker Warning:
#   Section '.ignored' is unknown. Section ignored.
### mwldeppc.exe Linker Warning:
#   Section '.ignored' is unknown. Section ignored.
### mwldeppc.exe Linker Warning:
#   Section '.ignored' is unknown. Section ignored.
### mwldeppc.exe Linker Warning:
#   Section '.ignored' is unknown. Section ignored.
### mwldeppc.exe Linker Warning:
#   Section '.ignored' is unknown. Section ignored.
### mwldeppc.exe Linker Warning:
#   Section '.ignored' is unknown. Section ignored.
### mwldeppc.exe Linker Warning:
#   Section '.ignored' is unknown. Section ignored.
### mwldeppc.exe Linker Warning:
#   Section '.ignored' is unknown. Section ignored.
### mwldeppc.exe Linker Warning:
#   Section '.ignored' is unknown. Section ignored.
### mwldeppc.exe Linker Warning:
#   Section '.ignored' is unknown. Section ignored.
### mwldeppc.exe Linker Warning:
#   Section '.ignored' is unknown. Section ignored.
### mwldeppc.exe Linker Warning:
#   Section '.ignored' is unknown. Section ignored.
### mwldeppc.exe Linker Warning:
#   Section '.ignored' is unknown. Section ignored.
### mwldeppc.exe Linker Warning:
#   Section '.ignored' is unknown. Section ignored.
### mwldeppc.exe Linker Warning:
#   Section '.ignored' is unknown. Section ignored.
### mwldeppc.exe Linker Warning:
#   Section '.ignored' is unknown. Section ignored.
### mwldeppc.exe Linker Warning:
#   Section '.ignored' is unknown. Section ignored.
### mwldeppc.exe Linker Warning:
#   Section '.ignored' is unknown. Section ignored.
### mwldeppc.exe Linker Warning:
#   Section '.ignored' is unknown. Section ignored.
### mwldeppc.exe Linker Warning:
#   Section '.ignored' is unknown. Section ignored.
### mwldeppc.exe Linker Warning:
#   Section '.ignored' is unknown. Section ignored.
### mwldeppc.exe Linker Warning:
#   Section '.ignored' is unknown. Section ignored.
### mwldeppc.exe Linker Warning:
#   Section '.ignored' is unknown. Section ignored.
### mwldeppc.exe Linker Warning:
#   Section '.ignored' is unknown. Section ignored.
### mwldeppc.exe Linker Warning:
#   Section '.ignored' is unknown. Section ignored.
### mwldeppc.exe Linker Warning:
#   Section '.ignored' is unknown. Section ignored.
### mwldeppc.exe Linker Warning:
#   Section '.ignored' is unknown. Section ignored.
### mwldeppc.exe Linker Warning:
#   Section '.ignored' is unknown. Section ignored.
### mwldeppc.exe Linker Warning:
#   Section '.ignored' is unknown. Section ignored.
### mwldeppc.exe Linker Warning:
#   Section '.ignored' is unknown. Section ignored.
### mwldeppc.exe Linker Warning:
#   Section '.ignored' is unknown. Section ignored.
### mwldeppc.exe Linker Warning:
#   Section '.ignored' is unknown. Section ignored.
### mwldeppc.exe Linker Warning:
#   Section '.ignored' is unknown. Section ignored.
### mwldeppc.exe Linker Warning:
#   Section '.ignored' is unknown. Section ignored.
### mwldeppc.exe Linker Warning:
#   Section '.ignored' is unknown. Section ignored.
### mwldeppc.exe Linker Warning:
#   Section '.ignored' is unknown. Section ignored.
### mwldeppc.exe Linker Warning:
#   Section '.ignored' is unknown. Section ignored.
### mwldeppc.exe Linker Warning:
#   Section '.ignored' is unknown. Section ignored.
### mwldeppc.exe Linker Warning:
#   Section '.ignored' is unknown. Section ignored.
### mwldeppc.exe Linker Warning:
#   Section '.ignored' is unknown. Section ignored.
### mwldeppc.exe Linker Warning:
#   Section '.ignored' is unknown. Section ignored.
### mwldeppc.exe Linker Warning:
#   Section '.ignored' is unknown. Section ignored.
### mwldeppc.exe Linker Warning:
#   Section '.ignored' is unknown. Section ignored.
### mwldeppc.exe Linker Warning:
#   Section '.ignored' is unknown. Section ignored.
### mwldeppc.exe Linker Warning:
#   Section '.ignored' is unknown. Section ignored.
### mwldeppc.exe Linker Warning:
#   Section '.ignored' is unknown. Section ignored.
### mwldeppc.exe Linker Warning:
#   Section '.ignored' is unknown. Section ignored.
### mwldeppc.exe Linker Warning:
#   Section '.ignored' is unknown. Section ignored.
### mwldeppc.exe Linker Warning:
#   Section '.ignored' is unknown. Section ignored.
### mwldeppc.exe Linker Warning:
#   Section '.ignored' is unknown. Section ignored.
### mwldeppc.exe Linker Warning:
#   Section '.ignored' is unknown. Section ignored.
### mwldeppc.exe Linker Warning:
#   Section '.ignored' is unknown. Section ignored.
### mwldeppc.exe Linker Warning:
#   Section '.ignored' is unknown. Section ignored.
### mwldeppc.exe Linker Warning:
#   Section '.ignored' is unknown. Section ignored.
### mwldeppc.exe Linker Warning:
#   Section '.ignored' is unknown. Section ignored.
### mwldeppc.exe Linker Warning:
#   Section '.ignored' is unknown. Section ignored.
### mwldeppc.exe Linker Warning:
#   Section '.ignored' is unknown. Section ignored.
### mwldeppc.exe Linker Warning:
#   Section '.ignored' is unknown. Section ignored.
### mwldeppc.exe Linker Warning:
#   Section '.ignored' is unknown. Section ignored.
### mwldeppc.exe Linker Warning:
#   Section '.ignored' is unknown. Section ignored.
### mwldeppc.exe Linker Warning:
#   Section '.ignored' is unknown. Section ignored.
### mwldeppc.exe Linker Warning:
#   Section '.ignored' is unknown. Section ignored.
### mwldeppc.exe Linker Warning:
#   Section '.ignored' is unknown. Section ignored.
### mwldeppc.exe Linker Warning:
#   Section '.ignored' is unknown. Section ignored.
### mwldeppc.exe Linker Warning:
#   Section '.ignored' is unknown. Section ignored.
### mwldeppc.exe Linker Warning:
#   Section '.ignored' is unknown. Section ignored.
### mwldeppc.exe Linker Warning:
#   Section '.ignored' is unknown. Section ignored.
### mwldeppc.exe Linker Warning:
#   Section '.ignored' is unknown. Section ignored.
### mwldeppc.exe Linker Warning:
#   Section '.ignored' is unknown. Section ignored.
### mwldeppc.exe Linker Warning:
#   Section '.ignored' is unknown. Section ignored.
### mwldeppc.exe Linker Warning:
#   Section '.ignored' is unknown. Section ignored.
### mwldeppc.exe Linker Warning:
#   Section '.ignored' is unknown. Section ignored.
### mwldeppc.exe Linker Warning:
#   Section '.ignored' is unknown. Section ignored.
### mwldeppc.exe Linker Warning:
#   Section '.ignored' is unknown. Section ignored.
### mwldeppc.exe Linker Warning:
#   Section '.ignored' is unknown. Section ignored.
### mwldeppc.exe Linker Warning:
#   Section '.ignored' is unknown. Section ignored.
### mwldeppc.exe Linker Warning:
#   Section '.ignored' is unknown. Section ignored.
### mwldeppc.exe Linker Warning:
#   Section '.ignored' is unknown. Section ignored.
### mwldeppc.exe Linker Warning:
#   Section '.ignored' is unknown. Section ignored.
### mwldeppc.exe Linker Warning:
#   Section '.ignored' is unknown. Section ignored.
### mwldeppc.exe Linker Warning:
#   Section '.ignored' is unknown. Section ignored.
### mwldeppc.exe Linker Warning:
#   Section '.ignored' is unknown. Section ignored.
### mwldeppc.exe Linker Warning:
#   Section '.ignored' is unknown. Section ignored.
### mwldeppc.exe Linker Warning:
#   Section '.ignored' is unknown. Section ignored.
### mwldeppc.exe Linker Warning:
#   Section '.ignored' is unknown. Section ignored.
### mwldeppc.exe Linker Warning:
#   Section '.ignored' is unknown. Section ignored.
### mwldeppc.exe Linker Warning:
#   Section '.ignored' is unknown. Section ignored.
### mwldeppc.exe Linker Warning:
#   Section '.ignored' is unknown. Section ignored.
### mwldeppc.exe Linker Warning:
#   Section '.ignored' is unknown. Section ignored.
### mwldeppc.exe Linker Warning:
#   Section '.ignored' is unknown. Section ignored.
### mwldeppc.exe Linker Warning:
#   Section '.ignored' is unknown. Section ignored.
### mwldeppc.exe Linker Warning:
#   Section '.ignored' is unknown. Section ignored.
### mwldeppc.exe Linker Warning:
#   Section '.ignored' is unknown. Section ignored.
### mwldeppc.exe Linker Warning:
#   Section '.ignored' is unknown. Section ignored.
[970/972] DOL build/GEDE01/main.dol
[971/972] CHECK config/GEDE01/build.sha1
build/GEDE01/main.dol: OK
[972/972] PROGRESS
Progress:
  All: 61.28% fuzzy, 52.10% matched, 52.02% linked (6410 / 7106 files)
    Code: 1198672 / 2300692 bytes (6177 / 8214 functions)
    Data: 39894 / 4305642 bytes (0.93%)
  Game Code: 98.03% fuzzy, 83.32% matched, 83.20% linked (6392 / 6670 files)
    Code: 1195644 / 1434984 bytes (6115 / 6391 functions)
    Data: 39670 / 40550 bytes (97.83%)
  SDK/Runtime: 100.00% fuzzy, 100.00% matched, 100.00% linked (18 / 18 files)
    Code: 3028 / 3028 bytes (62 / 62 functions)
    Data: 224 / 224 bytes (100.00%)
