[1/974] MWCC build/GEDE01/src/game/game_fn_80008014.o
[2/974] MWCC build/GEDE01/src/game/game_fn_800094C0.o
[3/974] MWCC build/GEDE01/src/game/game_fn_800098C0.o
[4/974] MWCC build/GEDE01/src/game/game_fn_800096E0.o
[5/974] MWCC build/GEDE01/src/game/game_fn_800099D8.o
[6/974] MWCC build/GEDE01/src/game/game_fn_80009AB4.o
[7/974] MWCC build/GEDE01/src/game/game_fn_8000AC88.o
[8/974] MWCC build/GEDE01/src/game/game_fn_8000A26C.o
[9/974] MWCC build/GEDE01/src/game/game_fn_8000AEB4.o
[10/974] MWCC build/GEDE01/src/game/game_fn_8000AFB4.o
[11/974] MWCC build/GEDE01/src/game/game_fn_8000B1B8.o
[12/974] MWCC build/GEDE01/src/game/game_fn_8000B36C.o
[13/974] MWCC build/GEDE01/src/game/game_fn_8000B630.o
[14/974] MWCC build/GEDE01/src/game/game_fn_8000B7FC.o
[15/974] MWCC build/GEDE01/src/game/game_fn_8000BA0C.o
[16/974] MWCC build/GEDE01/src/game/game_fn_8000B900.o
[17/974] MWCC build/GEDE01/src/game/game_fn_8000BAA0.o
[18/974] MWCC build/GEDE01/src/game/game_fn_8000BC40.o
[19/974] MWCC build/GEDE01/src/game/game_fn_8000C17C.o
[20/974] MWCC build/GEDE01/src/game/game_fn_8000C06C.o
[21/974] MWCC build/GEDE01/src/game/game_fn_8000C400.o
[22/974] MWCC build/GEDE01/src/game/game_fn_8000C848.o
[23/974] MWCC build/GEDE01/src/game/game_fn_8000C91C.o
[24/974] MWCC build/GEDE01/src/game/game_fn_8000D0BC.o
[25/974] MWCC build/GEDE01/src/game/game_fn_8000D3D4.o
[26/974] MWCC build/GEDE01/src/game/game_fn_8000D590.o
[27/974] MWCC build/GEDE01/src/game/game_fn_8000D8A4.o
[28/974] MWCC build/GEDE01/src/game/game_fn_8000DA50.o
[29/974] MWCC build/GEDE01/src/game/game_fn_8000DAF4.o
[30/974] MWCC build/GEDE01/src/game/game_fn_8000E054.o
[31/974] MWCC build/GEDE01/src/game/game_fn_8000E0AC.o
[32/974] MWCC build/GEDE01/src/game/game_fn_8000E138.o
[33/974] MWCC build/GEDE01/src/game/game_fn_8000E1C4.o
[34/974] MWCC build/GEDE01/src/game/game_fn_8000E96C.o
[35/974] MWCC build/GEDE01/src/game/game_fn_8000EB14.o
[36/974] MWCC build/GEDE01/src/game/game_fn_8000EBD4.o
[37/974] MWCC build/GEDE01/src/game/game_fn_8000ED44.o
[38/974] MWCC build/GEDE01/src/game/game_fn_8000EFC4.o
[39/974] MWCC build/GEDE01/src/game/game_fn_8000F4B0.o
[40/974] MWCC build/GEDE01/src/game/game_fn_8000F774.o
[41/974] MWCC build/GEDE01/src/game/game_fn_8000FDE8.o
[42/974] MWCC build/GEDE01/src/game/game_fn_8000FFD8.o
[43/974] MWCC build/GEDE01/src/game/game_fn_800119FC.o
[44/974] MWCC build/GEDE01/src/game/game_fn_80012DA8.o
[45/974] MWCC build/GEDE01/src/game/game_fn_80012F40.o
[46/974] MWCC build/GEDE01/src/game/game_fn_800131E8.o
[47/974] MWCC build/GEDE01/src/game/game_fn_80012FD0.o
[48/974] MWCC build/GEDE01/src/game/game_fn_80013340.o
[49/974] MWCC build/GEDE01/src/game/game_fn_80013870.o
[50/974] MWCC build/GEDE01/src/game/game_fn_80013CB0.o
[51/974] MWCC build/GEDE01/src/game/game_fn_80013D54.o
[52/974] MWCC build/GEDE01/src/game/game_fn_800142DC.o
[53/974] MWCC build/GEDE01/src/game/game_fn_800144CC.o
[54/974] MWCC build/GEDE01/src/game/game_fn_80014784.o
[55/974] MWCC build/GEDE01/src/game/game_fn_800149D4.o
[56/974] MWCC build/GEDE01/src/game/game_fn_80015058.o
[57/974] MWCC build/GEDE01/src/game/game_fn_80015320.o
[58/974] MWCC build/GEDE01/src/game/game_fn_80015568.o
[59/974] MWCC build/GEDE01/src/game/game_fn_800156FC.o
[60/974] MWCC build/GEDE01/src/game/game_fn_80015BE0.o
[61/974] MWCC build/GEDE01/src/game/game_fn_80015D40.o
[62/974] MWCC build/GEDE01/src/game/game_fn_80015F04.o
[63/974] MWCC build/GEDE01/src/game/game_fn_80016128.o
[64/974] MWCC build/GEDE01/src/game/game_fn_80016270.o
[65/974] MWCC build/GEDE01/src/game/game_fn_80016904.o
[66/974] MWCC build/GEDE01/src/game/game_fn_80016B24.o
[67/974] MWCC build/GEDE01/src/game/game_fn_800171C0.o
[68/974] MWCC build/GEDE01/src/game/game_fn_800173CC.o
[69/974] MWCC build/GEDE01/src/game/game_fn_800176F0.o
[70/974] MWCC build/GEDE01/src/game/game_fn_80017910.o
[71/974] MWCC build/GEDE01/src/game/game_fn_800179AC.o
[72/974] MWCC build/GEDE01/src/game/game_fn_80017A3C.o
[73/974] MWCC build/GEDE01/src/game/game_fn_80017AE4.o
[74/974] MWCC build/GEDE01/src/game/game_fn_80017CC8.o
[75/974] MWCC build/GEDE01/src/game/game_fn_80017C3C.o
[76/974] MWCC build/GEDE01/src/game/game_fn_80017DB0.o
[77/974] MWCC build/GEDE01/src/game/game_fn_80018EF4.o
[78/974] MWCC build/GEDE01/src/game/game_fn_80019244.o
[79/974] MWCC build/GEDE01/src/game/game_fn_80019054.o
[80/974] MWCC build/GEDE01/src/game/game_fn_800194D0.o
[81/974] MWCC build/GEDE01/src/game/game_fn_80019940.o
[82/974] MWCC build/GEDE01/src/game/game_fn_80019C10.o
[83/974] MWCC build/GEDE01/src/game/game_fn_80019D2C.o
[84/974] MWCC build/GEDE01/src/game/game_fn_80019F98.o
[85/974] MWCC build/GEDE01/src/game/game_fn_8001A6C4.o
[86/974] MWCC build/GEDE01/src/game/game_fn_8001AAB8.o
[87/974] MWCC build/GEDE01/src/game/game_fn_8001AF68.o
[88/974] MWCC build/GEDE01/src/game/game_fn_8001ADF8.o
[89/974] MWCC build/GEDE01/src/game/game_fn_8001B294.o
[90/974] MWCC build/GEDE01/src/game/game_fn_8001B124.o
[91/974] MWCC build/GEDE01/src/game/game_fn_8001B808.o
[92/974] MWCC build/GEDE01/src/game/game_fn_8001B874.o
[93/974] MWCC build/GEDE01/src/game/game_fn_8001C078.o
[94/974] MWCC build/GEDE01/src/game/game_fn_8001CA04.o
[95/974] MWCC build/GEDE01/src/game/game_fn_8001CD58.o
[96/974] MWCC build/GEDE01/src/game/game_fn_8001CE94.o
[97/974] MWCC build/GEDE01/src/game/game_fn_8001E644.o
[98/974] MWCC build/GEDE01/src/game/game_fn_8001FE1C.o
[99/974] MWCC build/GEDE01/src/game/game_fn_80020E94.o
[100/974] MWCC build/GEDE01/src/game/game_fn_80024F28.o
[101/974] MWCC build/GEDE01/src/game/game_fn_800272B4.o
[102/974] MWCC build/GEDE01/src/game/game_fn_8002B748.o
[103/974] MWCC build/GEDE01/src/game/game_fn_8002DAE0.o
[104/974] MWCC build/GEDE01/src/game/game_fn_8002E3F0.o
[105/974] MWCC build/GEDE01/src/game/game_fn_8002EA68.o
[106/974] MWCC build/GEDE01/src/game/game_fn_8002F428.o
[107/974] MWCC build/GEDE01/src/game/game_fn_80031544.o
[108/974] MWCC build/GEDE01/src/game/game_fn_8003232C.o
[109/974] MWCC build/GEDE01/src/game/game_fn_80032B84.o
[110/974] MWCC build/GEDE01/src/game/game_fn_80033038.o
[111/974] MWCC build/GEDE01/src/game/game_fn_80033180.o
[112/974] MWCC build/GEDE01/src/game/game_fn_800359A0.o
[113/974] MWCC build/GEDE01/src/game/game_fn_800361F8.o
[114/974] MWCC build/GEDE01/src/game/game_fn_80036C40.o
[115/974] MWCC build/GEDE01/src/game/game_fn_80038878.o
[116/974] MWCC build/GEDE01/src/game/game_fn_80048ADC.o
[117/974] MWCC build/GEDE01/src/game/game_fn_80048B24.o
[118/974] MWCC build/GEDE01/src/game/game_fn_8004998C.o
[119/974] MWCC build/GEDE01/src/game/game_fn_80050B08.o
[120/974] MWCC build/GEDE01/src/game/game_fn_80052310.o
[121/974] MWCC build/GEDE01/src/game/game_fn_800542D0.o
[122/974] MWCC build/GEDE01/src/game/game_fn_8005EC6C.o
[123/974] MWCC build/GEDE01/src/game/game_fn_8005EE9C.o
[124/974] MWCC build/GEDE01/src/game/game_fn_8005EF94.o
[125/974] MWCC build/GEDE01/src/game/game_data_80239E10.o
[126/974] MWCC build/GEDE01/src/game/game_data_80239E18.o
[127/974] MWCC build/GEDE01/src/game/game_fn_8005FD84.o
[128/974] MWCC build/GEDE01/src/game/game_fn_80066888.o
[129/974] MWCC build/GEDE01/src/game/game_fn_80066E78.o
[130/974] MWCC build/GEDE01/src/game/game_fn_8006B0F0.o
[131/974] MWCC build/GEDE01/src/game/game_fn_8006B620.o
[132/974] MWCC build/GEDE01/src/game/game_fn_8006E53C.o
[133/974] MWCC build/GEDE01/src/game/game_fn_80071A58.o
[134/974] MWCC build/GEDE01/src/game/game_fn_80074310.o
[135/974] MWCC build/GEDE01/src/game/game_fn_80079908.o
[136/974] MWCC build/GEDE01/src/game/game_fn_80078500.o
[137/974] MWCC build/GEDE01/src/game/game_fn_80079AA4.o
[138/974] MWCC build/GEDE01/src/game/game_fn_8007B2F4.o
[139/974] MWCC build/GEDE01/src/game/game_fn_8007B540.o
[140/974] MWCC build/GEDE01/src/game/game_fn_8007B640.o
[141/974] MWCC build/GEDE01/src/game/game_fn_8007B828.o
[142/974] MWCC build/GEDE01/src/game/game_fn_8007BA3C.o
[143/974] MWCC build/GEDE01/src/game/game_fn_8007D4D8.o
[144/974] MWCC build/GEDE01/src/game/game_fn_8007F770.o
[145/974] MWCC build/GEDE01/src/game/game_fn_80088060.o
[146/974] MWCC build/GEDE01/src/game/game_fn_800886D8.o
[147/974] MWCC build/GEDE01/src/game/game_fn_80088F4C.o
[148/974] MWCC build/GEDE01/src/game/game_fn_80089A34.o
[149/974] MWCC build/GEDE01/src/game/game_fn_8008A2E0.o
[150/974] MWCC build/GEDE01/src/game/game_fn_8008F224.o
[151/974] MWCC build/GEDE01/src/game/game_fn_8008F890.o
[152/974] MWCC build/GEDE01/src/game/game_fn_80090004.o
[153/974] MWCC build/GEDE01/src/game/game_fn_800934A0.o
[154/974] MWCC build/GEDE01/src/game/game_fn_80095D10.o
[155/974] MWCC build/GEDE01/src/game/game_fn_80095E64.o
[156/974] MWCC build/GEDE01/src/game/game_fn_80095FDC.o
[157/974] MWCC build/GEDE01/src/game/game_fn_80096830.o
[158/974] MWCC build/GEDE01/src/game/game_fn_8009C424.o
[159/974] MWCC build/GEDE01/src/game/game_fn_8009E808.o
[160/974] MWCC build/GEDE01/src/game/game_fn_800A2130.o
[161/974] MWCC build/GEDE01/src/game/game_fn_800A2B8C.o
[162/974] MWCC build/GEDE01/src/game/game_fn_800A2FCC.o
[163/974] MWCC build/GEDE01/src/game/game_fn_800A3180.o
[164/974] MWCC build/GEDE01/src/game/game_fn_800A3894.o
[165/974] MWCC build/GEDE01/src/game/game_fn_800A4428.o
[166/974] MWCC build/GEDE01/src/game/game_fn_800A4798.o
[167/974] MWCC build/GEDE01/src/game/game_fn_800A7E88.o
[168/974] MWCC build/GEDE01/src/game/game_fn_800AF230.o
[169/974] MWCC build/GEDE01/src/game/game_fn_800B2EC0.o
[170/974] MWCC build/GEDE01/src/game/game_fn_800BB5C4.o
[171/974] MWCC build/GEDE01/src/game/game_fn_800BB7A8.o
[172/974] MWCC build/GEDE01/src/game/game_fn_800BB9A4.o
[173/974] MWCC build/GEDE01/src/game/game_fn_800BBAF0.o
[174/974] MWCC build/GEDE01/src/game/game_fn_800C030C.o
[175/974] MWCC build/GEDE01/src/game/game_fn_800C17EC.o
[176/974] MWCC build/GEDE01/src/game/game_fn_800C59F0.o
[177/974] MWCC build/GEDE01/src/game/game_fn_800C644C.o
[178/974] MWCC build/GEDE01/src/game/game_fn_800C65FC.o
[179/974] MWCC build/GEDE01/src/game/game_fn_800C9C60.o
[180/974] MWCC build/GEDE01/src/game/game_fn_800CB760.o
[181/974] MWCC build/GEDE01/src/game/game_fn_800CB8F4.o
[182/974] MWCC build/GEDE01/src/game/game_fn_800CF598.o
[183/974] MWCC build/GEDE01/src/game/game_fn_800D9064.o
[184/974] MWCC build/GEDE01/src/game/game_fn_800D9E10.o
[185/974] MWCC build/GEDE01/src/game/game_fn_800DC4D4.o
[186/974] MWCC build/GEDE01/src/game/game_fn_800E4980.o
[187/974] MWCC build/GEDE01/src/game/game_TRKNubWelcome.o
[188/974] MWCC build/GEDE01/src/game/game_TRK_main.o
[189/974] MWCC build/GEDE01/src/game/game_InitMetroTRKCommTable.o
[190/974] MWCC build/GEDE01/src/game/game_fn_800FD0C8.o
[191/974] MWCC build/GEDE01/src/game/game_fn_8010242C.o
[192/974] MWCC build/GEDE01/src/game/game_fn_801098C0.o
[193/974] MWCC build/GEDE01/src/game/game_fn_8010F184.o
[194/974] MWCC build/GEDE01/src/game/game_fn_801126E0.o
[195/974] MWCC build/GEDE01/src/game/game_fn_801128E4.o
[196/974] MWCC build/GEDE01/src/game/game_fn_801141B8.o
[197/974] MWCC build/GEDE01/src/game/game_fn_80119C70.o
[198/974] MWCC build/GEDE01/src/game/game_fn_8011EE04.o
[199/974] MWCC build/GEDE01/src/game/game_fn_8011F140.o
[200/974] MWCC build/GEDE01/src/game/game_fn_801247F8.o
[201/974] MWCC build/GEDE01/src/game/game_fn_80126A00.o
[202/974] MWCC build/GEDE01/src/game/game_fn_8012976C.o
[203/974] MWCC build/GEDE01/src/game/game_fn_8012DB28.o
[204/974] MWCC build/GEDE01/src/game/game_fn_8013CBE4.o
[205/974] MWCC build/GEDE01/src/game/game_fn_8013D6A4.o
[206/974] MWCC build/GEDE01/src/game/game_fn_8013DB8C.o
[207/974] MWCC build/GEDE01/src/game/game_fn_8014549C.o
[208/974] MWCC build/GEDE01/src/game/game_fn_8014AF38.o
[209/974] MWCC build/GEDE01/src/game/game_fn_8014B494.o
[210/974] MWCC build/GEDE01/src/game/game_fn_8014BA14.o
[211/974] MWCC build/GEDE01/src/game/game_fn_8014CA98.o
[212/974] MWCC build/GEDE01/src/game/game_fn_80150400.o
[213/974] MWCC build/GEDE01/src/game/game_fn_80150A24.o
[214/974] MWCC build/GEDE01/src/game/game_fn_80150F20.o
[215/974] MWCC build/GEDE01/src/game/game_fn_80151600.o
[216/974] MWCC build/GEDE01/src/game/game_fn_80151D00.o
[217/974] MWCC build/GEDE01/src/game/game_fn_801535D8.o
[218/974] MWCC build/GEDE01/src/game/game_fn_80153898.o
[219/974] MWCC build/GEDE01/src/game/game_fn_80153A24.o
[220/974] MWCC build/GEDE01/src/game/game_fn_80154F74.o
[221/974] MWCC build/GEDE01/src/game/game_fn_80155814.o
[222/974] MWCC build/GEDE01/src/game/game_fn_80157C0C.o
[223/974] MWCC build/GEDE01/src/game/game_fn_80158B20.o
[224/974] MWCC build/GEDE01/src/game/game_fn_80158D38.o
[225/974] MWCC build/GEDE01/src/game/game_fn_8015DB84.o
[226/974] MWCC build/GEDE01/src/game/game_fn_8015DC54.o
[227/974] MWCC build/GEDE01/src/game/game_fn_8015EDC0.o
[228/974] MWCC build/GEDE01/src/game/game_fn_80167454.o
[229/974] MWCC build/GEDE01/src/game/game_fn_80167B5C.o
[230/974] MWCC build/GEDE01/src/game/game_fn_80169650.o
[231/974] MWCC build/GEDE01/src/game/game_fn_8016BE1C.o
[232/974] MWCC build/GEDE01/src/game/game_fn_8016BD0C.o
[233/974] MWCC build/GEDE01/src/game/game_fn_8016BF60.o
[234/974] MWCC build/GEDE01/src/game/game_fn_8016C0BC.o
[235/974] MWCC build/GEDE01/src/game/game_fn_8016C164.o
[236/974] MWCC build/GEDE01/src/game/game_fn_8016C238.o
[237/974] MWCC build/GEDE01/src/game/game_fn_8016C4BC.o
[238/974] MWCC build/GEDE01/src/game/game_fn_8016C774.o
[239/974] MWCC build/GEDE01/src/game/game_fn_8016D040.o
[240/974] MWCC build/GEDE01/src/game/game_fn_8016D1F8.o
[241/974] MWCC build/GEDE01/src/game/game_fn_8016D2B8.o
[242/974] MWCC build/GEDE01/src/game/game_fn_8016D9C0.o
[243/974] MWCC build/GEDE01/src/game/game_fn_8016DF4C.o
[244/974] MWCC build/GEDE01/src/game/game_fn_8016E8F8.o
[245/974] MWCC build/GEDE01/src/game/game_fn_8016FEF8.o
[246/974] MWCC build/GEDE01/src/game/game_fn_8017038C.o
[247/974] MWCC build/GEDE01/src/game/game_fn_801704F8.o
[248/974] MWCC build/GEDE01/src/game/game_fn_801706DC.o
[249/974] MWCC build/GEDE01/src/game/game_fn_80170DF4.o
[250/974] MWCC build/GEDE01/src/game/game_fn_80170A40.o
[251/974] MWCC build/GEDE01/src/game/game_fn_80170E9C.o
[252/974] MWCC build/GEDE01/src/game/game_fn_8017138C.o
[253/974] MWCC build/GEDE01/src/game/game_fn_801718F4.o
[254/974] MWCC build/GEDE01/src/game/game_fn_80171664.o
[255/974] MWCC build/GEDE01/src/game/game_fn_801719B4.o
[256/974] MWCC build/GEDE01/src/game/game_fn_80171F30.o
[257/974] MWCC build/GEDE01/src/game/game_fn_8017250C.o
[258/974] MWCC build/GEDE01/src/game/game_fn_801726EC.o
[259/974] MWCC build/GEDE01/src/game/game_fn_80172BB0.o
[260/974] MWCC build/GEDE01/src/game/game_fn_80172C78.o
[261/974] MWCC build/GEDE01/src/game/game_fn_80172DB8.o
[262/974] MWCC build/GEDE01/src/game/game_fn_80173270.o
[263/974] MWCC build/GEDE01/src/game/game_fn_801734B4.o
[264/974] MWCC build/GEDE01/src/game/game_fn_80173770.o
[265/974] MWCC build/GEDE01/src/game/game_fn_80173BDC.o
[266/974] MWCC build/GEDE01/src/game/game_fn_80173D44.o
[267/974] MWCC build/GEDE01/src/game/game_fn_80174184.o
[268/974] MWCC build/GEDE01/src/game/game_fn_80173F04.o
[269/974] MWCC build/GEDE01/src/game/game_fn_80174358.o
[270/974] MWCC build/GEDE01/src/game/game_fn_80174F2C.o
[271/974] MWCC build/GEDE01/src/game/game_fn_8017553C.o
[272/974] MWCC build/GEDE01/src/game/game_fn_801752B0.o
[273/974] MWCC build/GEDE01/src/game/game_fn_80175E64.o
[274/974] MWCC build/GEDE01/src/game/game_fn_80175A08.o
[275/974] MWCC build/GEDE01/src/game/game_fn_80175FD4.o
[276/974] MWCC build/GEDE01/src/game/game_fn_80175F0C.o
[277/974] MWCC build/GEDE01/src/game/game_fn_80176098.o
[278/974] MWCC build/GEDE01/src/game/game_fn_80176160.o
[279/974] MWCC build/GEDE01/src/game/game_fn_80176220.o
[280/974] MWCC build/GEDE01/src/game/game_fn_801762E8.o
[281/974] MWCC build/GEDE01/src/game/game_fn_8017652C.o
[282/974] MWCC build/GEDE01/src/game/game_fn_80176DF4.o
[283/974] MWCC build/GEDE01/src/game/game_fn_80176FA0.o
[284/974] MWCC build/GEDE01/src/game/game_fn_801770F8.o
[285/974] MWCC build/GEDE01/src/game/game_fn_8017718C.o
[286/974] MWCC build/GEDE01/src/game/game_fn_80178F88.o
[287/974] MWCC build/GEDE01/src/game/game_fn_80177434.o
[288/974] MWCC build/GEDE01/src/game/game_fn_80179398.o
[289/974] MWCC build/GEDE01/src/game/game_fn_8017960C.o
[290/974] MWCC build/GEDE01/src/game/game_fn_8017974C.o
[291/974] MWCC build/GEDE01/src/game/game_fn_80179904.o
[292/974] MWCC build/GEDE01/src/game/game_fn_80179A18.o
[293/974] MWCC build/GEDE01/src/game/game_fn_80179A74.o
[294/974] MWCC build/GEDE01/src/game/game_fn_80179EB8.o
[295/974] MWCC build/GEDE01/src/game/game_fn_80179F20.o
[296/974] MWCC build/GEDE01/src/game/game_fn_8017A010.o
[297/974] MWCC build/GEDE01/src/game/game_fn_8017A12C.o
[298/974] MWCC build/GEDE01/src/game/game_fn_8017A1C0.o
[299/974] MWCC build/GEDE01/src/game/game_fn_8017A9B8.o
[300/974] MWCC build/GEDE01/src/game/game_fn_8017AC20.o
[301/974] MWCC build/GEDE01/src/game/game_fn_8017E850.o
[302/974] MWCC build/GEDE01/src/game/game_fn_8017E958.o
[303/974] MWCC build/GEDE01/src/game/game_fn_80180DDC.o
[304/974] MWCC build/GEDE01/src/game/game_fn_801810A0.o
[305/974] MWCC build/GEDE01/src/game/game_fn_801816D4.o
[306/974] MWCC build/GEDE01/src/game/game_fn_801857B4.o
[307/974] MWCC build/GEDE01/src/game/game_fn_801859FC.o
[308/974] MWCC build/GEDE01/src/game/game_fn_80185AE8.o
[309/974] MWCC build/GEDE01/src/game/game_fn_80185F10.o
[310/974] MWCC build/GEDE01/src/game/game_fn_801861C4.o
[311/974] MWCC build/GEDE01/src/game/game_fn_801865EC.o
[312/974] MWCC build/GEDE01/src/game/game_fn_8018680C.o
[313/974] MWCC build/GEDE01/src/game/game_fn_80186E10.o
[314/974] MWCC build/GEDE01/src/game/game_fn_80186F70.o
[315/974] MWCC build/GEDE01/src/game/game_fn_80187120.o
[316/974] MWCC build/GEDE01/src/game/game_fn_80187320.o
[317/974] MWCC build/GEDE01/src/game/game_fn_801875FC.o
[318/974] MWCC build/GEDE01/src/game/game_fn_801878E0.o
[319/974] MWCC build/GEDE01/src/game/game_fn_80187BB4.o
[320/974] MWCC build/GEDE01/src/game/game_fn_80187E40.o
[321/974] MWCC build/GEDE01/src/game/game_fn_80188A7C.o
[322/974] MWCC build/GEDE01/src/game/game_fn_80188B44.o
[323/974] MWCC build/GEDE01/src/game/game_fn_80188C1C.o
[324/974] MWCC build/GEDE01/src/game/game_fn_80188E28.o
[325/974] MWCC build/GEDE01/src/game/game_fn_80189028.o
[326/974] MWCC build/GEDE01/src/game/game_fn_801891D8.o
[327/974] MWCC build/GEDE01/src/game/game_fn_80189390.o
[328/974] MWCC build/GEDE01/src/game/game_fn_801895E8.o
[329/974] MWCC build/GEDE01/src/game/game_fn_801896A0.o
[330/974] MWCC build/GEDE01/src/game/game_fn_80189760.o
[331/974] MWCC build/GEDE01/src/game/game_fn_80189968.o
[332/974] MWCC build/GEDE01/src/game/game_fn_80189C14.o
[333/974] MWCC build/GEDE01/src/game/game_fn_8018C2D0.o
[334/974] MWCC build/GEDE01/src/game/game_fn_8018D1F0.o
[335/974] MWCC build/GEDE01/src/game/game_fn_8018D2E0.o
[336/974] MWCC build/GEDE01/src/game/game_fn_8018D400.o
[337/974] MWCC build/GEDE01/src/game/game_fn_8018D688.o
[338/974] MWCC build/GEDE01/src/game/game_fn_8018DC24.o
[339/974] MWCC build/GEDE01/src/game/game_fn_8018E0D8.o
[340/974] MWCC build/GEDE01/src/game/game_fn_8018F1D0.o
[341/974] MWCC build/GEDE01/src/game/game_fn_8018F81C.o
[342/974] MWCC build/GEDE01/src/game/game_fn_8018FEDC.o
[343/974] MWCC build/GEDE01/src/game/game_fn_8019120C.o
[344/974] MWCC build/GEDE01/src/game/game_fn_80191360.o
[345/974] MWCC build/GEDE01/src/game/game_fn_801916D0.o
[346/974] MWCC build/GEDE01/src/game/game_fn_8019197C.o
[347/974] MWCC build/GEDE01/src/game/game_fn_80191F58.o
[348/974] MWCC build/GEDE01/src/game/game_fn_801926EC.o
[349/974] MWCC build/GEDE01/src/game/game_fn_801929A4.o
[350/974] MWCC build/GEDE01/src/game/game_fn_80192F54.o
[351/974] MWCC build/GEDE01/src/game/game_fn_801931C4.o
[352/974] MWCC build/GEDE01/src/game/game_fn_80193E1C.o
[353/974] MWCC build/GEDE01/src/game/game_fn_80193F3C.o
[354/974] MWCC build/GEDE01/src/game/game_fn_80194F80.o
[355/974] MWCC build/GEDE01/src/game/game_fn_80197910.o
[356/974] MWCC build/GEDE01/src/game/game_fn_801952E8.o
[357/974] MWCC build/GEDE01/src/game/game_fn_80198154.o
[358/974] MWCC build/GEDE01/src/game/game_fn_80198AAC.o
[359/974] MWCC build/GEDE01/src/game/game_fn_80198BF4.o
[360/974] MWCC build/GEDE01/src/game/game_fn_801991E0.o
[361/974] MWCC build/GEDE01/src/game/game_fn_8019B1BC.o
[362/974] MWCC build/GEDE01/src/game/game_fn_8019CC28.o
[363/974] MWCC build/GEDE01/src/game/game_fn_8019E0B0.o
[364/974] MWCC build/GEDE01/src/game/game_fn_8019CFC4.o
[365/974] MWCC build/GEDE01/src/game/game_fn_8019E8C8.o
[366/974] MWCC build/GEDE01/src/game/game_fn_8019E5E4.o
[367/974] MWCC build/GEDE01/src/game/game_fn_801A1F18.o
[368/974] MWCC build/GEDE01/src/game/game_fn_801A1F8C.o
[369/974] MWCC build/GEDE01/src/game/game_fn_801A260C.o
[370/974] MWCC build/GEDE01/src/game/game_fn_801A2A54.o
[371/974] MWCC build/GEDE01/src/game/game_fn_801A34BC.o
[372/974] MWCC build/GEDE01/src/game/game_fn_801A3A78.o
[373/974] MWCC build/GEDE01/src/game/game_fn_801A4430.o
[374/974] MWCC build/GEDE01/src/game/game_fn_801A4CE0.o
[375/974] MWCC build/GEDE01/src/game/game_fn_801A5FB0.o
[376/974] MWCC build/GEDE01/src/game/game_fn_801A6350.o
[377/974] MWCC build/GEDE01/src/game/game_fn_801A6410.o
[378/974] MWCC build/GEDE01/src/game/game_fn_801A657C.o
[379/974] MWCC build/GEDE01/src/game/game_fn_801A6C58.o
[380/974] MWCC build/GEDE01/src/game/game_fn_801A6ADC.o
[381/974] MWCC build/GEDE01/src/game/game_fn_801A6CB4.o
[382/974] MWCC build/GEDE01/src/game/game_fn_801A7E04.o
[383/974] MWCC build/GEDE01/src/game/game_fn_801A7EA8.o
[384/974] MWCC build/GEDE01/src/game/game_fn_801A93E8.o
[385/974] MWCC build/GEDE01/src/game/game_fn_801ABD3C.o
[386/974] MWCC build/GEDE01/src/game/game_fn_801AB154.o
[387/974] MWCC build/GEDE01/src/game/game_fn_801AC8AC.o
[388/974] MWCC build/GEDE01/src/game/game_fn_801ACFE8.o
[389/974] MWCC build/GEDE01/src/game/game_fn_801AD08C.o
[390/974] MWCC build/GEDE01/src/game/game_fn_801AFA74.o
[391/974] MWCC build/GEDE01/src/game/game_fn_801B02F0.o
[392/974] MWCC build/GEDE01/src/game/game_fn_801B1BA0.o
[393/974] MWCC build/GEDE01/src/game/game_fn_801B35BC.o
[394/974] MWCC build/GEDE01/src/game/game_fn_801B46C8.o
[395/974] MWCC build/GEDE01/src/game/game_fn_801B4FB4.o
[396/974] MWCC build/GEDE01/src/game/game_fn_801B5228.o
[397/974] MWCC build/GEDE01/src/game/game_fn_801B58F0.o
[398/974] MWCC build/GEDE01/src/game/game_fn_801B6F1C.o
[399/974] MWCC build/GEDE01/src/game/game_fn_801B86C0.o
[400/974] MWCC build/GEDE01/src/game/game_fn_801B941C.o
[401/974] MWCC build/GEDE01/src/game/game_fn_801B9E7C.o
[402/974] MWCC build/GEDE01/src/game/game_fn_801BA708.o
[403/974] MWCC build/GEDE01/src/game/game_fn_801BA15C.o
[404/974] MWCC build/GEDE01/src/game/game_fn_801BA94C.o
[405/974] MWCC build/GEDE01/src/game/game_fn_801BB1A0.o
[406/974] MWCC build/GEDE01/src/game/game_fn_801BC0D4.o
[407/974] MWCC build/GEDE01/src/game/game_fn_801BC240.o
[408/974] MWCC build/GEDE01/src/game/game_fn_801BC8F4.o
[409/974] MWCC build/GEDE01/src/game/game_fn_801BCC04.o
[410/974] MWCC build/GEDE01/src/game/game_fn_801BD990.o
[411/974] MWCC build/GEDE01/src/game/game_fn_801BDE7C.o
[412/974] MWCC build/GEDE01/src/game/game_fn_801BE0D4.o
[413/974] MWCC build/GEDE01/src/game/game_fn_801BEF40.o
[414/974] MWCC build/GEDE01/src/game/game_fn_801C1CB0.o
[415/974] MWCC build/GEDE01/src/game/game_fn_801C2980.o
[416/974] MWCC build/GEDE01/src/game/game_fn_801C29BC.o
[417/974] MWCC build/GEDE01/src/game/game_fn_801C2AAC.o
[418/974] MWCC build/GEDE01/src/game/game_fn_801C2D9C.o
[419/974] MWCC build/GEDE01/src/game/game_fn_801C8160.o
[420/974] MWCC build/GEDE01/src/game/game_fn_801C8224.o
[421/974] MWCC build/GEDE01/src/game/game_fn_801C4B5C.o
[422/974] MWCC build/GEDE01/src/game/game_fn_801C8600.o
[423/974] MWCC build/GEDE01/src/game/game_fn_801C87DC.o
[424/974] MWCC build/GEDE01/src/game/game_fn_801C8F50.o
[425/974] MWCC build/GEDE01/src/game/game_fn_801C8CC0.o
[426/974] MWCC build/GEDE01/src/game/game_fn_801C90A4.o
[427/974] MWCC build/GEDE01/src/game/game_fn_801C9510.o
[428/974] MWCC build/GEDE01/src/game/game_fn_801C970C.o
[429/974] MWCC build/GEDE01/src/game/game_fn_801C9A08.o
[430/974] MWCC build/GEDE01/src/game/game_fn_801C9B1C.o
[431/974] MWCC build/GEDE01/src/game/game_fn_801CB4F8.o
[432/974] MWCC build/GEDE01/src/game/game_fn_801CD228.o
[433/974] MWCC build/GEDE01/src/game/game_fn_801CE09C.o
[434/974] MWCC build/GEDE01/src/game/game_fn_801CE594.o
[435/974] MWCC build/GEDE01/src/game/game_fn_801D1B10.o
[436/974] MWCC build/GEDE01/src/game/game_fn_801D1F78.o
[437/974] MWCC build/GEDE01/src/game/game_fn_801D3988.o
[438/974] MWCC build/GEDE01/src/game/game_fn_801D76A8.o
[439/974] MWCC build/GEDE01/src/game/game_fn_801D73D0.o
[440/974] MWCC build/GEDE01/src/game/game_fn_801D7C24.o
[441/974] MWCC build/GEDE01/src/game/game_fn_801D8050.o
[442/974] MWCC build/GEDE01/src/game/game_fn_801D9FE4.o
[443/974] MWCC build/GEDE01/src/game/game_fn_801DDB84.o
[444/974] MWCC build/GEDE01/src/game/game_fn_801DE8B4.o
[445/974] MWCC build/GEDE01/src/game/game_fn_801E2A48.o
[446/974] MWCC build/GEDE01/src/game/game_fn_801E0088.o
[447/974] MWCC build/GEDE01/src/game/game_fn_801E3644.o
[448/974] MWCC build/GEDE01/src/game/game_fn_801E41AC.o
[449/974] MWCC build/GEDE01/src/game/game_fn_801E504C.o
[450/974] MWCC build/GEDE01/src/game/game_fn_801E6814.o
[451/974] MWCC build/GEDE01/src/game/game_fn_801E7014.o
[452/974] MWCC build/GEDE01/src/game/game_fn_801E995C.o
[453/974] MWCC build/GEDE01/src/game/game_fn_801EAA04.o
[454/974] MWCC build/GEDE01/src/game/game_fn_801EB09C.o
[455/974] MWCC build/GEDE01/src/game/game_fn_801ECD74.o
[456/974] MWCC build/GEDE01/src/game/game_fn_801EB11C.o
[457/974] MWCC build/GEDE01/src/game/game_fn_801ECF50.o
[458/974] MWCC build/GEDE01/src/game/game_fn_801ED5F4.o
[459/974] MWCC build/GEDE01/src/game/game_fn_801EF910.o
[460/974] MWCC build/GEDE01/src/game/game_fn_801EF580.o
[461/974] MWCC build/GEDE01/src/game/game_fn_801F0CB0.o
[462/974] MWCC build/GEDE01/src/game/game_fn_801F10BC.o
[463/974] MWCC build/GEDE01/src/game/game_fn_801F1A38.o
[464/974] MWCC build/GEDE01/src/game/game_fn_801F35A8.o
[465/974] MWCC build/GEDE01/src/game/game_fn_801F55A0.o
[466/974] MWCC build/GEDE01/src/game/game_fn_801F69F0.o
[467/974] MWCC build/GEDE01/src/game/game_fn_801F6BD8.o
[468/974] MWCC build/GEDE01/src/game/game_fn_801F7510.o
[469/974] MWCC build/GEDE01/src/game/game_fn_801F76EC.o
[470/974] MWCC build/GEDE01/src/game/game_fn_801F8264.o
[471/974] MWCC build/GEDE01/src/game/game_fn_801F89B4.o
[472/974] MWCC build/GEDE01/src/game/game_fn_801F8FAC.o
[473/974] MWCC build/GEDE01/src/game/game_fn_801F9CF4.o
[474/974] MWCC build/GEDE01/src/game/game_fn_801F9AF8.o
[475/974] MWCC build/GEDE01/src/game/game_fn_801FA9C8.o
[476/974] MWCC build/GEDE01/src/game/game_fn_801FB6A4.o
[477/974] MWCC build/GEDE01/src/game/game_fn_801FC034.o
[478/974] MWCC build/GEDE01/src/game/game_fn_801FC204.o
[479/974] AS build/GEDE01/src/Runtime.PPCEABI.H/__save_fpr.o
[480/974] AS build/GEDE01/src/Runtime.PPCEABI.H/__restore_fpr.o
[481/974] AS build/GEDE01/src/Runtime.PPCEABI.H/__save_gpr.o
[482/974] AS build/GEDE01/src/Runtime.PPCEABI.H/__restore_gpr.o
[483/974] AS build/GEDE01/src/game/game_fn_801A4874.o
[484/974] AS build/GEDE01/src/game/game_fn_801EDA68.o
[485/974] AS build/GEDE01/src/game/game_fn_801FB698.o
[486/974] AS build/GEDE01/src/game/game_fn_801FB9C8.o
[487/974] MWCC build/GEDE01/src/game/game_fn_801FFE78.o
[488/974] AS build/GEDE01/src/dolphin/base/PPCArch.o
[489/974] MWCC build/GEDE01/src/game/game_fn_80209204.o
[490/974] EXTERNALIZE build/GEDE01/src/game/game_fn_801857B4.o
[491/974] EXTERNALIZE build/GEDE01/src/game/game_fn_800A2B8C.o
[492/974] EXTERNALIZE build/GEDE01/src/game/game_fn_800DC4D4.o
[493/974] EXTERNALIZE build/GEDE01/src/game/game_fn_80119C70.o
[494/974] EXTERNALIZE STATIC POOL build/GEDE01/src/game/game_fn_80088060.o
build/GEDE01/src/game/game_fn_80088060.o: lbl_8031D3B8 now undefined; section 3 emptied
[495/974] EXTERNALIZE build/GEDE01/src/game/game_fn_80175A08.o
[496/974] EXTERNALIZE build/GEDE01/src/game/game_fn_80066E78.o
[497/974] EXTERNALIZE build/GEDE01/src/game/game_fn_801247F8.o
[498/974] EXTERNALIZE build/GEDE01/src/game/game_fn_801EF910.o
[499/974] EXTERNALIZE build/GEDE01/src/game/game_fn_801ECF50.o
[500/974] EXTERNALIZE JUMPTABLES build/GEDE01/src/game/game_fn_80050B08.o
[501/974] EXTERNALIZE build/GEDE01/src/game/game_fn_801FC204.o
[502/974] EXTERNALIZE build/GEDE01/src/game/game_fn_801EB09C.o
[503/974] EXTERNALIZE build/GEDE01/src/game/game_fn_801EB11C.o
[504/974] EXTERNALIZE build/GEDE01/src/game/game_fn_801E41AC.o
[505/974] EXTERNALIZE build/GEDE01/src/game/game_fn_801D9FE4.o
[506/974] EXTERNALIZE build/GEDE01/src/game/game_fn_801D73D0.o
[507/974] EXTERNALIZE build/GEDE01/src/game/game_fn_801D76A8.o
[508/974] EXTERNALIZE build/GEDE01/src/game/game_fn_801D8050.o
[509/974] EXTERNALIZE build/GEDE01/src/game/game_fn_801D7C24.o
[510/974] EXTERNALIZE build/GEDE01/src/game/game_fn_80178F88.o
[511/974] EXTERNALIZE build/GEDE01/src/game/game_fn_8019B1BC.o
[512/974] EXTERNALIZE build/GEDE01/src/game/game_fn_801CD228.o
[513/974] EXTERNALIZE build/GEDE01/src/game/game_fn_801BA15C.o
[514/974] EXTERNALIZE build/GEDE01/src/game/game_fn_801C970C.o
[515/974] EXTERNALIZE build/GEDE01/src/game/game_fn_801C9510.o
[516/974] EXTERNALIZE build/GEDE01/src/game/game_fn_80126A00.o
[517/974] EXTERNALIZE build/GEDE01/src/game/game_fn_800C9C60.o
[518/974] EXTERNALIZE build/GEDE01/src/game/game_fn_8013D6A4.o
[519/974] EXTERNALIZE build/GEDE01/src/game/game_fn_801B5228.o
[520/974] EXTERNALIZE build/GEDE01/src/game/game_fn_801B4FB4.o
[521/974] EXTERNALIZE build/GEDE01/src/game/game_fn_801C87DC.o
[522/974] EXTERNALIZE build/GEDE01/src/game/game_fn_801C8CC0.o
[523/974] EXTERNALIZE build/GEDE01/src/game/game_fn_801B6F1C.o
[524/974] EXTERNALIZE build/GEDE01/src/game/game_fn_800FD0C8.o
[525/974] EXTERNALIZE build/GEDE01/src/game/game_fn_801BDE7C.o
[526/974] EXTERNALIZE build/GEDE01/src/game/game_fn_801BE0D4.o
[527/974] EXTERNALIZE STATIC POOL build/GEDE01/src/game/game_fn_801C9A08.o
build/GEDE01/src/game/game_fn_801C9A08.o: lbl_80629390 now undefined; section 3 emptied
[528/974] EXTERNALIZE build/GEDE01/src/game/game_fn_801B941C.o
[529/974] EXTERNALIZE STATIC POOL build/GEDE01/src/game/game_fn_801C9B1C.o
build/GEDE01/src/game/game_fn_801C9B1C.o: lbl_80629390 now undefined; section 3 emptied
[530/974] EXTERNALIZE STATIC POOL build/GEDE01/src/game/game_fn_801BD990.o
build/GEDE01/src/game/game_fn_801BD990.o: lbl_80626D80 now undefined; section 6 emptied
[531/974] EXTERNALIZE STATIC POOL build/GEDE01/src/game/game_fn_801B58F0.o
build/GEDE01/src/game/game_fn_801B58F0.o: lbl_8060C020 now undefined; section 3 emptied
[532/974] EXTERNALIZE STATIC POOL build/GEDE01/src/game/game_fn_801B9E7C.o
build/GEDE01/src/game/game_fn_801B9E7C.o: 0 relocation(s) moved from streamInfo to ...bss.0
build/GEDE01/src/game/game_fn_801B9E7C.o: lbl_8061AE48 now undefined; section 6 emptied
[533/974] EXTERNALIZE STATIC POOL build/GEDE01/src/game/game_fn_801BB1A0.o
build/GEDE01/src/game/game_fn_801BB1A0.o: 0 relocation(s) moved from streamInfo to ...bss.0
build/GEDE01/src/game/game_fn_801BB1A0.o: lbl_8061AE48 now undefined; section 6 emptied
[534/974] EXTERNALIZE STATIC POOL build/GEDE01/src/game/game_fn_801BA708.o
build/GEDE01/src/game/game_fn_801BA708.o: 0 relocation(s) moved from streamInfo to ...bss.0
build/GEDE01/src/game/game_fn_801BA708.o: lbl_8061AE48 now undefined; section 6 emptied
[535/974] EXTERNALIZE build/GEDE01/src/game/game_fn_801BA94C.o
build/GEDE01/src/game/game_fn_801BA94C.o: 0 relocation(s) moved from streamInfo to ...bss.0
build/GEDE01/src/game/game_fn_801BA94C.o: lbl_8061AE48 now undefined; section 6 emptied
[536/974] EXTERNALIZE STATIC build/GEDE01/src/game/game_fn_801B35BC.o
build/GEDE01/src/game/game_fn_801B35BC.o: lbl_8060D420 now undefined; section 6 emptied
[537/974] EXTERNALIZE STATIC POOL build/GEDE01/src/game/game_fn_801BC8F4.o
build/GEDE01/src/game/game_fn_801BC8F4.o: lbl_8061C748 now undefined; section 6 emptied
[538/974] EXTERNALIZE STATIC build/GEDE01/src/game/game_fn_801BC240.o
build/GEDE01/src/game/game_fn_801BC240.o: lbl_8061C748 now undefined; section 6 emptied
[539/974] EXTERNALIZE STATIC POOL build/GEDE01/src/game/game_fn_801BCC04.o
build/GEDE01/src/game/game_fn_801BCC04.o: lbl_8061C748 now undefined; section 6 emptied
[540/974] EXTERNALIZE STATIC POOL build/GEDE01/src/game/game_fn_801BC0D4.o
build/GEDE01/src/game/game_fn_801BC0D4.o: lbl_8061C748 now undefined; section 6 emptied
[541/974] EXTERNALIZE STATIC POOL build/GEDE01/src/game/game_fn_801C1CB0.o
build/GEDE01/src/game/game_fn_801C1CB0.o: lbl_80626DA0 now undefined; section 3 emptied
[542/974] EXTERNALIZE STATIC POOL build/GEDE01/src/game/game_fn_801CE09C.o
build/GEDE01/src/game/game_fn_801CE09C.o: lbl_80631340 now undefined; section 6 emptied
[543/974] RENAME build/GEDE01/src/game/game_InitMetroTRKCommTable.o
[544/974] RENAME RUNTIME INTRINSICS build/GEDE01/src/game/game_fn_801CB4F8.o
[545/974] EXTERNALIZE STATIC POOL build/GEDE01/src/game/game_fn_8010242C.o
build/GEDE01/src/game/game_fn_8010242C.o: lbl_8032CC08 now undefined; section 3 emptied
[546/974] EXTERNALIZE build/GEDE01/src/game/game_fn_801D3988.o
[547/974] EXTERNALIZE build/GEDE01/src/game/game_fn_801CE594.o
[548/974] ALIGN DATA build/GEDE01/src/game/game_fn_8005EF94.o
[549/974] ALIGN DATA build/GEDE01/src/game/game_fn_801A6350.o
[550/974] EXTERNALIZE build/GEDE01/src/game/game_fn_801D1B10.o
[551/974] ALIGN DATA build/GEDE01/src/game/game_fn_80008014.o
[552/974] EXTERNALIZE build/GEDE01/src/game/game_fn_8014549C.o
[553/974] EXTERNALIZE build/GEDE01/src/game/game_fn_801C8224.o
[554/974] EXTERNALIZE build/GEDE01/src/game/game_fn_801098C0.o
[555/974] EXTERNALIZE build/GEDE01/src/game/game_fn_8000FDE8.o
[556/974] EXTERNALIZE build/GEDE01/src/game/game_fn_80185F10.o
[557/974] EXTERNALIZE build/GEDE01/src/game/game_fn_801C29BC.o
[558/974] EXTERNALIZE build/GEDE01/src/game/game_fn_8007B828.o
[559/974] EXTERNALIZE build/GEDE01/src/game/game_fn_801C8F50.o
[560/974] EXTERNALIZE build/GEDE01/src/game/game_fn_801C90A4.o
[561/974] EXTERNALIZE build/GEDE01/src/game/game_fn_801C8160.o
[562/974] EXTERNALIZE build/GEDE01/src/game/game_fn_801C2AAC.o
[563/974] EXTERNALIZE build/GEDE01/src/game/game_fn_801C2980.o
[564/974] EXTERNALIZE build/GEDE01/src/game/game_fn_801C2D9C.o
[565/974] EXTERNALIZE build/GEDE01/src/game/game_fn_801B02F0.o
[566/974] EXTERNALIZE build/GEDE01/src/game/game_fn_801AFA74.o
[567/974] EXTERNALIZE build/GEDE01/src/game/game_fn_801AC8AC.o
[568/974] EXTERNALIZE build/GEDE01/src/game/game_fn_801ABD3C.o
[569/974] EXTERNALIZE build/GEDE01/src/game/game_fn_801816D4.o
[570/974] EXTERNALIZE build/GEDE01/src/game/game_fn_8011F140.o
[571/974] EXTERNALIZE build/GEDE01/src/game/game_fn_801AD08C.o
[572/974] EXTERNALIZE build/GEDE01/src/game/game_fn_8004998C.o
[573/974] EXTERNALIZE build/GEDE01/src/game/game_fn_80079AA4.o
[574/974] EXTERNALIZE build/GEDE01/src/game/game_fn_80158D38.o
[575/974] EXTERNALIZE build/GEDE01/src/game/game_fn_8008F224.o
[576/974] EXTERNALIZE build/GEDE01/src/game/game_fn_801A3A78.o
[577/974] EXTERNALIZE build/GEDE01/src/game/game_fn_80167454.o
[578/974] EXTERNALIZE build/GEDE01/src/game/game_fn_800AF230.o
[579/974] EXTERNALIZE build/GEDE01/src/game/game_fn_801A93E8.o
[580/974] EXTERNALIZE build/GEDE01/src/game/game_fn_801AB154.o
[581/974] EXTERNALIZE build/GEDE01/src/game/game_fn_801A7E04.o
[582/974] EXTERNALIZE build/GEDE01/src/game/game_fn_801A7EA8.o
[583/974] EXTERNALIZE build/GEDE01/src/game/game_fn_801A6CB4.o
[584/974] EXTERNALIZE build/GEDE01/src/game/game_fn_801A4CE0.o
[585/974] EXTERNALIZE build/GEDE01/src/game/game_fn_801A6C58.o
[586/974] NAME JUMPTABLE build/GEDE01/src/game/game_fn_801A6ADC.o
[587/974] EXTERNALIZE build/GEDE01/src/game/game_fn_801A6410.o
[588/974] EXTERNALIZE build/GEDE01/src/game/game_fn_801A1F18.o
[589/974] EXTERNALIZE build/GEDE01/src/game/game_fn_801A5FB0.o
[590/974] EXTERNALIZE build/GEDE01/src/game/game_fn_8019E8C8.o
[591/974] EXTERNALIZE build/GEDE01/src/game/game_fn_8019E5E4.o
[592/974] EXTERNALIZE build/GEDE01/src/game/game_fn_8019CFC4.o
[593/974] EXTERNALIZE build/GEDE01/src/game/game_fn_8019CC28.o
[594/974] EXTERNALIZE build/GEDE01/src/game/game_fn_801991E0.o
[595/974] EXTERNALIZE build/GEDE01/src/game/game_fn_80198BF4.o
[596/974] EXTERNALIZE build/GEDE01/src/game/game_fn_80198AAC.o
[597/974] EXTERNALIZE build/GEDE01/src/game/game_fn_80198154.o
[598/974] EXTERNALIZE build/GEDE01/src/game/game_fn_80194F80.o
[599/974] EXTERNALIZE build/GEDE01/src/game/game_fn_80197910.o
[600/974] EXTERNALIZE build/GEDE01/src/game/game_fn_80177434.o
repointed 2 relocations to lbl_80250588
[601/974] EXTERNALIZE build/GEDE01/src/game/game_fn_80193E1C.o
[602/974] EXTERNALIZE build/GEDE01/src/game/game_fn_801931C4.o
[603/974] EXTERNALIZE build/GEDE01/src/game/game_fn_80193F3C.o
[604/974] EXTERNALIZE build/GEDE01/src/game/game_fn_80192F54.o
[605/974] EXTERNALIZE build/GEDE01/src/game/game_fn_80191F58.o
[606/974] EXTERNALIZE build/GEDE01/src/game/game_fn_8019197C.o
[607/974] EXTERNALIZE build/GEDE01/src/game/game_fn_80191360.o
[608/974] GLOBALIZE build/GEDE01/src/game/game_fn_8018F1D0.o
[609/974] EXTERNALIZE build/GEDE01/src/game/game_fn_8018D688.o
[610/974] EXTERNALIZE build/GEDE01/src/game/game_fn_8018F81C.o
[611/974] EXTERNALIZE build/GEDE01/src/game/game_fn_8018D2E0.o
[612/974] EXTERNALIZE build/GEDE01/src/game/game_fn_80189968.o
[613/974] EXTERNALIZE build/GEDE01/src/game/game_fn_8018D1F0.o
[614/974] EXTERNALIZE build/GEDE01/src/game/game_fn_80189760.o
[615/974] EXTERNALIZE build/GEDE01/src/game/game_fn_801896A0.o
[616/974] EXTERNALIZE build/GEDE01/src/game/game_fn_801895E8.o
[617/974] EXTERNALIZE build/GEDE01/src/game/game_fn_80189390.o
[618/974] EXTERNALIZE build/GEDE01/src/game/game_fn_801891D8.o
[619/974] EXTERNALIZE build/GEDE01/src/game/game_fn_80188E28.o
[620/974] EXTERNALIZE build/GEDE01/src/game/game_fn_80189028.o
[621/974] EXTERNALIZE build/GEDE01/src/game/game_fn_80188B44.o
[622/974] EXTERNALIZE build/GEDE01/src/game/game_fn_80188A7C.o
[623/974] EXTERNALIZE build/GEDE01/src/game/game_fn_80188C1C.o
[624/974] EXTERNALIZE build/GEDE01/src/game/game_fn_801878E0.o
[625/974] EXTERNALIZE build/GEDE01/src/game/game_fn_80187120.o
[626/974] EXTERNALIZE build/GEDE01/src/game/game_fn_80186E10.o
[627/974] EXTERNALIZE build/GEDE01/src/game/game_fn_8018FEDC.o
[628/974] EXTERNALIZE build/GEDE01/src/game/game_fn_80185AE8.o
[629/974] EXTERNALIZE build/GEDE01/src/game/game_fn_801865EC.o
[630/974] EXTERNALIZE build/GEDE01/src/game/game_fn_801859FC.o
[631/974] EXTERNALIZE build/GEDE01/src/game/game_fn_80180DDC.o
[632/974] EXTERNALIZE build/GEDE01/src/game/game_fn_8017E850.o
[633/974] EXTERNALIZE build/GEDE01/src/game/game_fn_8017E958.o
[634/974] EXTERNALIZE build/GEDE01/src/game/game_fn_8017718C.o
[635/974] EXTERNALIZE build/GEDE01/src/game/game_fn_801770F8.o
[636/974] EXTERNALIZE build/GEDE01/src/game/game_fn_80176FA0.o
[637/974] EXTERNALIZE build/GEDE01/src/game/game_fn_80176DF4.o
[638/974] EXTERNALIZE build/GEDE01/src/game/game_fn_80174358.o
[639/974] EXTERNALIZE build/GEDE01/src/game/game_fn_80173F04.o
[640/974] EXTERNALIZE build/GEDE01/src/game/game_fn_80174184.o
[641/974] EXTERNALIZE build/GEDE01/src/game/game_fn_8017553C.o
[642/974] EXTERNALIZE build/GEDE01/src/game/game_fn_80173D44.o
[643/974] EXTERNALIZE build/GEDE01/src/game/game_fn_80173770.o
[644/974] EXTERNALIZE build/GEDE01/src/game/game_fn_801734B4.o
[645/974] EXTERNALIZE build/GEDE01/src/game/game_fn_80172DB8.o
[646/974] EXTERNALIZE build/GEDE01/src/game/game_fn_80173270.o
[647/974] EXTERNALIZE build/GEDE01/src/game/game_fn_80172C78.o
[648/974] EXTERNALIZE build/GEDE01/src/game/game_fn_80172BB0.o
[649/974] EXTERNALIZE build/GEDE01/src/game/game_fn_801726EC.o
[650/974] EXTERNALIZE build/GEDE01/src/game/game_fn_8017250C.o
[651/974] EXTERNALIZE build/GEDE01/src/game/game_fn_80171F30.o
[652/974] EXTERNALIZE build/GEDE01/src/game/game_fn_801719B4.o
[653/974] EXTERNALIZE build/GEDE01/src/game/game_fn_801718F4.o
[654/974] EXTERNALIZE build/GEDE01/src/game/game_fn_80171664.o
[655/974] EXTERNALIZE build/GEDE01/src/game/game_fn_8017138C.o
[656/974] EXTERNALIZE build/GEDE01/src/game/game_fn_80170A40.o
[657/974] NORMALIZE build/GEDE01/src/game/game_TRKNubWelcome.o
[658/974] NORMALIZE build/GEDE01/src/game/game_TRK_main.o
[659/974] NORMALIZE build/GEDE01/src/game/game_data_80239E10.o
[660/974] NORMALIZE build/GEDE01/src/game/game_data_80239E18.o
[661/974] EXTERNALIZE build/GEDE01/src/game/game_fn_801706DC.o
[662/974] EXTERNALIZE build/GEDE01/src/game/game_fn_80170E9C.o
[663/974] EXTERNALIZE build/GEDE01/src/game/game_fn_8017652C.o
[664/974] EXTERNALIZE build/GEDE01/src/game/game_fn_80175F0C.o
[665/974] EXTERNALIZE build/GEDE01/src/game/game_fn_80175E64.o
[666/974] EXTERNALIZE build/GEDE01/src/game/game_fn_80176098.o
[667/974] EXTERNALIZE build/GEDE01/src/game/game_fn_80175FD4.o
[668/974] EXTERNALIZE build/GEDE01/src/game/game_fn_80176160.o
[669/974] EXTERNALIZE build/GEDE01/src/game/game_fn_80176220.o
[670/974] EXTERNALIZE build/GEDE01/src/game/game_fn_80170DF4.o
[671/974] EXTERNALIZE build/GEDE01/src/game/game_fn_801762E8.o
[672/974] EXTERNALIZE build/GEDE01/src/game/game_fn_8016E8F8.o
[673/974] EXTERNALIZE build/GEDE01/src/game/game_fn_8016FEF8.o
[674/974] EXTERNALIZE build/GEDE01/src/game/game_fn_801704F8.o
[675/974] NORMALIZE build/GEDE01/src/game/game_fn_8016DF4C.o
[676/974] EXTERNALIZE build/GEDE01/src/game/game_fn_8016D2B8.o
[677/974] EXTERNALIZE build/GEDE01/src/game/game_fn_8016D040.o
[678/974] EXTERNALIZE build/GEDE01/src/game/game_fn_8016D1F8.o
[679/974] EXTERNALIZE build/GEDE01/src/game/game_fn_8016C774.o
[680/974] EXTERNALIZE build/GEDE01/src/game/game_fn_8016C4BC.o
[681/974] EXTERNALIZE build/GEDE01/src/game/game_fn_8016C238.o
[682/974] EXTERNALIZE build/GEDE01/src/game/game_fn_8016C164.o
[683/974] EXTERNALIZE build/GEDE01/src/game/game_fn_8016C0BC.o
[684/974] EXTERNALIZE build/GEDE01/src/game/game_fn_8017038C.o
[685/974] EXTERNALIZE build/GEDE01/src/game/game_fn_8016BE1C.o
[686/974] EXTERNALIZE build/GEDE01/src/game/game_fn_8016BF60.o
[687/974] EXTERNALIZE build/GEDE01/src/game/game_fn_8016BD0C.o
[688/974] EXTERNALIZE build/GEDE01/src/game/game_fn_80169650.o
[689/974] EXTERNALIZE build/GEDE01/src/game/game_fn_80167B5C.o
[690/974] EXTERNALIZE build/GEDE01/src/game/game_fn_8015EDC0.o
[691/974] EXTERNALIZE build/GEDE01/src/game/game_fn_8015DB84.o
[692/974] EXTERNALIZE build/GEDE01/src/game/game_fn_8015DC54.o
[693/974] EXTERNALIZE build/GEDE01/src/game/game_fn_80158B20.o
[694/974] EXTERNALIZE build/GEDE01/src/game/game_fn_80179398.o
[695/974] EXTERNALIZE build/GEDE01/src/game/game_fn_8017960C.o
[696/974] EXTERNALIZE build/GEDE01/src/game/game_fn_8017974C.o
[697/974] EXTERNALIZE build/GEDE01/src/game/game_fn_80179904.o
[698/974] EXTERNALIZE build/GEDE01/src/game/game_fn_8017A9B8.o
[699/974] EXTERNALIZE build/GEDE01/src/game/game_fn_80179A18.o
[700/974] EXTERNALIZE build/GEDE01/src/game/game_fn_80179A74.o
[701/974] EXTERNALIZE build/GEDE01/src/game/game_fn_80179EB8.o
[702/974] EXTERNALIZE build/GEDE01/src/game/game_fn_80179F20.o
[703/974] EXTERNALIZE build/GEDE01/src/game/game_fn_8017A010.o
[704/974] EXTERNALIZE build/GEDE01/src/game/game_fn_8017A12C.o
[705/974] EXTERNALIZE build/GEDE01/src/game/game_fn_80157C0C.o
[706/974] EXTERNALIZE build/GEDE01/src/game/game_fn_8017A1C0.o
[707/974] EXTERNALIZE build/GEDE01/src/game/game_fn_80155814.o
[708/974] EXTERNALIZE build/GEDE01/src/game/game_fn_80153898.o
[709/974] EXTERNALIZE build/GEDE01/src/game/game_fn_8014B494.o
[710/974] EXTERNALIZE build/GEDE01/src/game/game_fn_8014AF38.o
[711/974] EXTERNALIZE build/GEDE01/src/game/game_fn_8012DB28.o
[712/974] EXTERNALIZE build/GEDE01/src/game/game_fn_801141B8.o
[713/974] EXTERNALIZE build/GEDE01/src/game/game_fn_801128E4.o
[714/974] EXTERNALIZE build/GEDE01/src/game/game_fn_801126E0.o
[715/974] EXTERNALIZE build/GEDE01/src/game/game_fn_8010F184.o
[716/974] EXTERNALIZE build/GEDE01/src/game/game_fn_800E4980.o
[717/974] EXTERNALIZE build/GEDE01/src/game/game_fn_800C030C.o
[718/974] EXTERNALIZE build/GEDE01/src/game/game_fn_800C17EC.o
[719/974] EXTERNALIZE build/GEDE01/src/game/game_fn_800C59F0.o
[720/974] EXTERNALIZE build/GEDE01/src/game/game_fn_800C644C.o
[721/974] EXTERNALIZE build/GEDE01/src/game/game_fn_800C65FC.o
[722/974] EXTERNALIZE build/GEDE01/src/game/game_fn_800CB760.o
[723/974] EXTERNALIZE build/GEDE01/src/game/game_fn_800CB8F4.o
[724/974] EXTERNALIZE build/GEDE01/src/game/game_fn_80078500.o
[725/974] EXTERNALIZE build/GEDE01/src/game/game_fn_80079908.o
[726/974] EXTERNALIZE build/GEDE01/src/game/game_fn_8007B2F4.o
[727/974] EXTERNALIZE build/GEDE01/src/game/game_fn_8007B540.o
[728/974] EXTERNALIZE build/GEDE01/src/game/game_fn_8007B640.o
[729/974] EXTERNALIZE build/GEDE01/src/game/game_fn_800886D8.o
[730/974] EXTERNALIZE build/GEDE01/src/game/game_fn_8007BA3C.o
[731/974] EXTERNALIZE build/GEDE01/src/game/game_fn_800934A0.o
[732/974] EXTERNALIZE build/GEDE01/src/game/game_fn_800A3894.o
[733/974] EXTERNALIZE build/GEDE01/src/game/game_fn_800A7E88.o
[734/974] EXTERNALIZE build/GEDE01/src/game/game_fn_800A4798.o
[735/974] GLOBALIZE build/GEDE01/src/game/game_fn_800A2130.o
[736/974] EXTERNALIZE build/GEDE01/src/game/game_fn_800A2FCC.o
[737/974] EXTERNALIZE build/GEDE01/src/game/game_fn_8009C424.o
[738/974] EXTERNALIZE build/GEDE01/src/game/game_fn_80096830.o
[739/974] GLOBALIZE build/GEDE01/src/game/game_fn_8008F890.o
[740/974] EXTERNALIZE SWITCHES build/GEDE01/src/game/game_fn_80095FDC.o
[741/974] EXTERNALIZE build/GEDE01/src/game/game_fn_800A4428.o
[742/974] EXTERNALIZE build/GEDE01/src/game/game_fn_80074310.o
[743/974] GLOBALIZE build/GEDE01/src/game/game_fn_8005FD84.o
[744/974] EXTERNALIZE build/GEDE01/src/game/game_fn_80066888.o
[745/974] EXTERNALIZE build/GEDE01/src/game/game_fn_8005EC6C.o
[746/974] EXTERNALIZE build/GEDE01/src/game/game_fn_80052310.o
[747/974] EXTERNALIZE build/GEDE01/src/game/game_fn_80048B24.o
[748/974] NAME SWITCH build/GEDE01/src/game/game_fn_80020E94.o
[749/974] NAME SWITCH build/GEDE01/src/game/game_fn_8005EE9C.o
[750/974] NAME SWITCH build/GEDE01/src/game/game_fn_8016D9C0.o
[751/974] NAME SWITCH build/GEDE01/src/game/game_fn_80071A58.o
[752/974] EXTERNALIZE build/GEDE01/src/game/game_fn_80048ADC.o
[753/974] NAME SWITCH build/GEDE01/src/game/game_fn_8006B620.o
[754/974] NAME SWITCH build/GEDE01/src/game/game_fn_8001FE1C.o
[755/974] NAME SWITCH build/GEDE01/src/game/game_fn_8001E644.o
[756/974] EXTERNALIZE build/GEDE01/src/game/game_fn_80038878.o
[757/974] EXTERNALIZE build/GEDE01/src/game/game_fn_801B46C8.o
build/GEDE01/src/game/game_fn_801B46C8.o: lbl_8060C020 now undefined; section 6 emptied
[758/974] EXTERNALIZE build/GEDE01/src/game/game_fn_80036C40.o
[759/974] EXTERNALIZE build/GEDE01/src/game/game_fn_800359A0.o
[760/974] EXTERNALIZE build/GEDE01/src/game/game_fn_80033180.o
[761/974] EXTERNALIZE build/GEDE01/src/game/game_fn_80033038.o
[762/974] EXTERNALIZE build/GEDE01/src/game/game_fn_80032B84.o
[763/974] EXTERNALIZE build/GEDE01/src/game/game_fn_8002E3F0.o
[764/974] EXTERNALIZE build/GEDE01/src/game/game_fn_8003232C.o
[765/974] EXTERNALIZE build/GEDE01/src/game/game_fn_8002DAE0.o
[766/974] EXTERNALIZE build/GEDE01/src/game/game_fn_8002EA68.o
[767/974] GLOBALIZE build/GEDE01/src/game/game_fn_8002B748.o
[768/974] EXTERNALIZE build/GEDE01/src/game/game_fn_8002F428.o
[769/974] EXTERNALIZE build/GEDE01/src/game/game_fn_800272B4.o
[770/974] NAME SWITCHES build/GEDE01/src/game/game_fn_80024F28.o
[771/974] EXTERNALIZE build/GEDE01/src/game/game_fn_8001CE94.o
[772/974] EXTERNALIZE build/GEDE01/src/game/game_fn_8001CD58.o
[773/974] EXTERNALIZE build/GEDE01/src/game/game_fn_8001C078.o
[774/974] EXTERNALIZE build/GEDE01/src/game/game_fn_8001B874.o
[775/974] EXTERNALIZE build/GEDE01/src/game/game_fn_8001B808.o
[776/974] EXTERNALIZE build/GEDE01/src/game/game_fn_8001B294.o
[777/974] EXTERNALIZE build/GEDE01/src/game/game_fn_8001B124.o
[778/974] EXTERNALIZE build/GEDE01/src/game/game_fn_8001ADF8.o
[779/974] EXTERNALIZE build/GEDE01/src/game/game_fn_8001AF68.o
[780/974] EXTERNALIZE build/GEDE01/src/game/game_fn_8001AAB8.o
[781/974] EXTERNALIZE build/GEDE01/src/game/game_fn_8001A6C4.o
[782/974] EXTERNALIZE build/GEDE01/src/game/game_fn_80019F98.o
[783/974] EXTERNALIZE build/GEDE01/src/game/game_fn_80019D2C.o
[784/974] EXTERNALIZE build/GEDE01/src/game/game_fn_80019C10.o
[785/974] EXTERNALIZE build/GEDE01/src/game/game_fn_80019940.o
[786/974] EXTERNALIZE build/GEDE01/src/game/game_fn_800194D0.o
[787/974] EXTERNALIZE build/GEDE01/src/game/game_fn_80019244.o
[788/974] EXTERNALIZE build/GEDE01/src/game/game_fn_80019054.o
[789/974] EXTERNALIZE build/GEDE01/src/game/game_fn_80018EF4.o
[790/974] EXTERNALIZE build/GEDE01/src/game/game_fn_80017DB0.o
[791/974] EXTERNALIZE build/GEDE01/src/game/game_fn_80017C3C.o
[792/974] EXTERNALIZE build/GEDE01/src/game/game_fn_80017CC8.o
[793/974] EXTERNALIZE build/GEDE01/src/game/game_fn_80017AE4.o
[794/974] EXTERNALIZE build/GEDE01/src/game/game_fn_80017A3C.o
[795/974] EXTERNALIZE build/GEDE01/src/game/game_fn_800179AC.o
[796/974] EXTERNALIZE build/GEDE01/src/game/game_fn_80017910.o
[797/974] EXTERNALIZE FLAGS build/GEDE01/src/game/game_fn_800119FC.o
[798/974] EXTERNALIZE build/GEDE01/src/game/game_fn_8000F4B0.o
[799/974] EXTERNALIZE build/GEDE01/src/game/game_fn_8000FFD8.o
[800/974] GLOBALIZE build/GEDE01/src/game/game_fn_800094C0.o
[801/974] EXTERNALIZE build/GEDE01/src/game/game_fn_8000EFC4.o
[802/974] EXTERNALIZE build/GEDE01/src/game/game_fn_800096E0.o
[803/974] EXTERNALIZE build/GEDE01/src/game/game_fn_800098C0.o
[804/974] EXTERNALIZE build/GEDE01/src/game/game_fn_800099D8.o
[805/974] EXTERNALIZE build/GEDE01/src/game/game_fn_8000A26C.o
[806/974] EXTERNALIZE build/GEDE01/src/game/game_fn_80009AB4.o
[807/974] EXTERNALIZE build/GEDE01/src/game/game_fn_800176F0.o
[808/974] EXTERNALIZE build/GEDE01/src/game/game_fn_800171C0.o
[809/974] EXTERNALIZE build/GEDE01/src/game/game_fn_8000AEB4.o
[810/974] EXTERNALIZE build/GEDE01/src/game/game_fn_8000AC88.o
[811/974] EXTERNALIZE build/GEDE01/src/game/game_fn_8000AFB4.o
[812/974] EXTERNALIZE build/GEDE01/src/game/game_fn_8000B1B8.o
[813/974] EXTERNALIZE build/GEDE01/src/game/game_fn_8000B630.o
[814/974] EXTERNALIZE build/GEDE01/src/game/game_fn_8000B36C.o
[815/974] EXTERNALIZE build/GEDE01/src/game/game_fn_8000B900.o
[816/974] EXTERNALIZE build/GEDE01/src/game/game_fn_8000B7FC.o
[817/974] EXTERNALIZE build/GEDE01/src/game/game_fn_8000BA0C.o
[818/974] EXTERNALIZE build/GEDE01/src/game/game_fn_8000BAA0.o
[819/974] EXTERNALIZE build/GEDE01/src/game/game_fn_8000BC40.o
[820/974] EXTERNALIZE build/GEDE01/src/game/game_fn_8000C17C.o
[821/974] EXTERNALIZE build/GEDE01/src/game/game_fn_8000C06C.o
[822/974] EXTERNALIZE build/GEDE01/src/game/game_fn_8000C400.o
[823/974] EXTERNALIZE build/GEDE01/src/game/game_fn_8000C848.o
[824/974] EXTERNALIZE build/GEDE01/src/game/game_fn_8000D0BC.o
[825/974] EXTERNALIZE build/GEDE01/src/game/game_fn_8000C91C.o
[826/974] NAME SWITCH build/GEDE01/src/game/game_fn_8000D8A4.o
[827/974] EXTERNALIZE build/GEDE01/src/game/game_fn_8000E054.o
[828/974] EXTERNALIZE build/GEDE01/src/game/game_fn_8000D3D4.o
[829/974] EXTERNALIZE build/GEDE01/src/game/game_fn_8000E0AC.o
[830/974] EXTERNALIZE build/GEDE01/src/game/game_fn_8000E96C.o
[831/974] EXTERNALIZE build/GEDE01/src/game/game_fn_8000F774.o
[832/974] EXTERNALIZE build/GEDE01/src/game/game_fn_8000EBD4.o
[833/974] EXTERNALIZE build/GEDE01/src/game/game_fn_8000EB14.o
[834/974] EXTERNALIZE build/GEDE01/src/game/game_fn_8000ED44.o
[835/974] EXTERNALIZE build/GEDE01/src/game/game_fn_8000E138.o
[836/974] EXTERNALIZE build/GEDE01/src/game/game_fn_8000E1C4.o
[837/974] EXTERNALIZE build/GEDE01/src/game/game_fn_8000D590.o
[838/974] EXTERNALIZE build/GEDE01/src/game/game_fn_8000DA50.o
[839/974] EXTERNALIZE build/GEDE01/src/game/game_fn_8000DAF4.o
[840/974] EXTERNALIZE build/GEDE01/src/game/game_fn_80012DA8.o
[841/974] EXTERNALIZE build/GEDE01/src/game/game_fn_80012F40.o
[842/974] EXTERNALIZE build/GEDE01/src/game/game_fn_80012FD0.o
[843/974] EXTERNALIZE build/GEDE01/src/game/game_fn_800131E8.o
[844/974] EXTERNALIZE build/GEDE01/src/game/game_fn_80013340.o
[845/974] EXTERNALIZE build/GEDE01/src/game/game_fn_80013870.o
[846/974] EXTERNALIZE build/GEDE01/src/game/game_fn_80013CB0.o
[847/974] EXTERNALIZE build/GEDE01/src/game/game_fn_80013D54.o
[848/974] EXTERNALIZE build/GEDE01/src/game/game_fn_800142DC.o
[849/974] EXTERNALIZE build/GEDE01/src/game/game_fn_800144CC.o
[850/974] EXTERNALIZE build/GEDE01/src/game/game_fn_80014784.o
[851/974] EXTERNALIZE build/GEDE01/src/game/game_fn_800149D4.o
[852/974] EXTERNALIZE build/GEDE01/src/game/game_fn_80015058.o
[853/974] EXTERNALIZE build/GEDE01/src/game/game_fn_80015320.o
[854/974] EXTERNALIZE build/GEDE01/src/game/game_fn_80015568.o
[855/974] EXTERNALIZE build/GEDE01/src/game/game_fn_800156FC.o
[856/974] EXTERNALIZE build/GEDE01/src/game/game_fn_80015BE0.o
[857/974] EXTERNALIZE build/GEDE01/src/game/game_fn_80015D40.o
[858/974] EXTERNALIZE build/GEDE01/src/game/game_fn_80015F04.o
[859/974] EXTERNALIZE build/GEDE01/src/game/game_fn_80016128.o
[860/974] EXTERNALIZE build/GEDE01/src/game/game_fn_80016270.o
[861/974] EXTERNALIZE build/GEDE01/src/game/game_fn_80016904.o
[862/974] EXTERNALIZE build/GEDE01/src/game/game_fn_800173CC.o
[863/974] EXTERNALIZE build/GEDE01/src/game/game_fn_80016B24.o
[864/974] EXTERNALIZE build/GEDE01/src/game/game_fn_801BEF40.o
[865/974] EXTERNALIZE build/GEDE01/src/game/game_fn_801B86C0.o
[866/974] EXTERNALIZE STATIC POOL build/GEDE01/src/game/game_fn_801C4B5C.o
build/GEDE01/src/game/game_fn_801C4B5C.o: lbl_80628CB0 now undefined; section 6 emptied
[867/974] EXTERNALIZE build/GEDE01/src/game/game_fn_801C8600.o
[868/974] EXTERNALIZE build/GEDE01/src/game/game_fn_801EAA04.o
[869/974] EXTERNALIZE build/GEDE01/src/game/game_fn_80150400.o
[870/974] EXTERNALIZE build/GEDE01/src/game/game_fn_80150F20.o
[871/974] EXTERNALIZE build/GEDE01/src/game/game_fn_80151600.o
[872/974] EXTERNALIZE build/GEDE01/src/game/game_fn_80151D00.o
[873/974] EXTERNALIZE build/GEDE01/src/game/game_fn_8011EE04.o
[874/974] EXTERNALIZE build/GEDE01/src/game/game_fn_801E3644.o
[875/974] EXTERNALIZE build/GEDE01/src/game/game_fn_8019E0B0.o
[876/974] EXTERNALIZE build/GEDE01/src/game/game_fn_801A260C.o
[877/974] EXTERNALIZE build/GEDE01/src/game/game_fn_801DE8B4.o
[878/974] EXTERNALIZE build/GEDE01/src/game/game_fn_80173BDC.o
[879/974] EXTERNALIZE build/GEDE01/src/game/game_fn_801E7014.o
[880/974] EXTERNALIZE build/GEDE01/src/game/game_fn_801A4430.o
[881/974] EXTERNALIZE build/GEDE01/src/game/game_fn_8014BA14.o
[882/974] EXTERNALIZE build/GEDE01/src/game/game_fn_800B2EC0.o
[883/974] EXTERNALIZE build/GEDE01/src/game/game_fn_8001CA04.o
[884/974] EXTERNALIZE build/GEDE01/src/game/game_fn_80031544.o
[885/974] EXTERNALIZE build/GEDE01/src/game/game_fn_801DDB84.o
[886/974] EXTERNALIZE build/GEDE01/src/game/game_fn_8006B0F0.o
[887/974] EXTERNALIZE build/GEDE01/src/game/game_fn_8007D4D8.o
[888/974] EXTERNALIZE build/GEDE01/src/game/game_fn_8007F770.o
[889/974] EXTERNALIZE build/GEDE01/src/game/game_fn_80088F4C.o
[890/974] EXTERNALIZE build/GEDE01/src/game/game_fn_8008A2E0.o
[891/974] EXTERNALIZE build/GEDE01/src/game/game_fn_80089A34.o
[892/974] EXTERNALIZE build/GEDE01/src/game/game_fn_80090004.o
[893/974] EXTERNALIZE build/GEDE01/src/game/game_fn_80095D10.o
[894/974] EXTERNALIZE build/GEDE01/src/game/game_fn_800A3180.o
[895/974] EXTERNALIZE build/GEDE01/src/game/game_fn_800BB7A8.o
[896/974] EXTERNALIZE build/GEDE01/src/game/game_fn_800BB5C4.o
[897/974] EXTERNALIZE build/GEDE01/src/game/game_fn_800BB9A4.o
[898/974] EXTERNALIZE build/GEDE01/src/game/game_fn_800D9064.o
[899/974] EXTERNALIZE build/GEDE01/src/game/game_fn_800BBAF0.o
[900/974] EXTERNALIZE build/GEDE01/src/game/game_fn_800D9E10.o
[901/974] EXTERNALIZE build/GEDE01/src/game/game_fn_8012976C.o
[902/974] EXTERNALIZE build/GEDE01/src/game/game_fn_8013DB8C.o
[903/974] EXTERNALIZE build/GEDE01/src/game/game_fn_8013CBE4.o
[904/974] EXTERNALIZE build/GEDE01/src/game/game_fn_8014CA98.o
[905/974] EXTERNALIZE build/GEDE01/src/game/game_fn_80153A24.o
[906/974] EXTERNALIZE build/GEDE01/src/game/game_fn_801535D8.o
[907/974] EXTERNALIZE build/GEDE01/src/game/game_fn_80174F2C.o
[908/974] EXTERNALIZE build/GEDE01/src/game/game_fn_801752B0.o
[909/974] EXTERNALIZE build/GEDE01/src/game/game_fn_8017AC20.o
[910/974] EXTERNALIZE build/GEDE01/src/game/game_fn_801861C4.o
[911/974] EXTERNALIZE build/GEDE01/src/game/game_fn_8018680C.o
[912/974] EXTERNALIZE build/GEDE01/src/game/game_fn_80186F70.o
[913/974] EXTERNALIZE build/GEDE01/src/game/game_fn_80187320.o
[914/974] EXTERNALIZE build/GEDE01/src/game/game_fn_801810A0.o
[915/974] EXTERNALIZE build/GEDE01/src/game/game_fn_801875FC.o
[916/974] EXTERNALIZE build/GEDE01/src/game/game_fn_800542D0.o
[917/974] EXTERNALIZE build/GEDE01/src/game/game_fn_80187E40.o
[918/974] EXTERNALIZE build/GEDE01/src/game/game_fn_80187BB4.o
[919/974] EXTERNALIZE build/GEDE01/src/game/game_fn_80189C14.o
[920/974] EXTERNALIZE build/GEDE01/src/game/game_fn_8018C2D0.o
[921/974] EXTERNALIZE build/GEDE01/src/game/game_fn_8018D400.o
[922/974] EXTERNALIZE build/GEDE01/src/game/game_fn_8018E0D8.o
[923/974] EXTERNALIZE build/GEDE01/src/game/game_fn_8019120C.o
[924/974] EXTERNALIZE build/GEDE01/src/game/game_fn_8018DC24.o
[925/974] EXTERNALIZE build/GEDE01/src/game/game_fn_801926EC.o
[926/974] EXTERNALIZE build/GEDE01/src/game/game_fn_801916D0.o
[927/974] EXTERNALIZE build/GEDE01/src/game/game_fn_801929A4.o
[928/974] EXTERNALIZE build/GEDE01/src/game/game_fn_801952E8.o
[929/974] EXTERNALIZE build/GEDE01/src/game/game_fn_801A2A54.o
[930/974] EXTERNALIZE build/GEDE01/src/game/game_fn_801A34BC.o
[931/974] EXTERNALIZE build/GEDE01/src/game/game_fn_801A657C.o
[932/974] EXTERNALIZE build/GEDE01/src/game/game_fn_801A1F8C.o
[933/974] EXTERNALIZE build/GEDE01/src/game/game_fn_801E2A48.o
[934/974] EXTERNALIZE build/GEDE01/src/game/game_fn_801D1F78.o
[935/974] EXTERNALIZE build/GEDE01/src/game/game_fn_801E995C.o
[936/974] EXTERNALIZE build/GEDE01/src/game/game_fn_801E6814.o
[937/974] EXTERNALIZE build/GEDE01/src/game/game_fn_801F0CB0.o
[938/974] EXTERNALIZE build/GEDE01/src/game/game_fn_801EF580.o
[939/974] EXTERNALIZE build/GEDE01/src/game/game_fn_801F10BC.o
[940/974] EXTERNALIZE build/GEDE01/src/game/game_fn_801F35A8.o
[941/974] EXTERNALIZE build/GEDE01/src/game/game_fn_801ECD74.o
[942/974] EXTERNALIZE build/GEDE01/src/game/game_fn_801ED5F4.o
[943/974] EXTERNALIZE build/GEDE01/src/game/game_fn_801F69F0.o
[944/974] EXTERNALIZE build/GEDE01/src/game/game_fn_801F76EC.o
[945/974] EXTERNALIZE build/GEDE01/src/game/game_fn_801F8264.o
[946/974] EXTERNALIZE build/GEDE01/src/game/game_fn_801F89B4.o
[947/974] EXTERNALIZE build/GEDE01/src/game/game_fn_801F9AF8.o
[948/974] EXTERNALIZE build/GEDE01/src/game/game_fn_801F6BD8.o
[949/974] EXTERNALIZE build/GEDE01/src/game/game_fn_801FB6A4.o
[950/974] EXTERNALIZE build/GEDE01/src/game/game_fn_80095E64.o
[951/974] EXTERNALIZE JUMPTABLES build/GEDE01/src/game/game_fn_800361F8.o
[952/974] EXTERNALIZE JUMPTABLES build/GEDE01/src/game/game_fn_800CF598.o
[953/974] EXTERNALIZE JUMPTABLES build/GEDE01/src/game/game_fn_8006E53C.o
[954/974] EXTERNALIZE JUMPTABLES build/GEDE01/src/game/game_fn_801ACFE8.o
[955/974] EXTERNALIZE build/GEDE01/src/game/game_fn_801E0088.o
[956/974] EXTERNALIZE JUMPTABLES build/GEDE01/src/game/game_fn_801B1BA0.o
[957/974] EXTERNALIZE build/GEDE01/src/game/game_fn_80150A24.o
[958/974] EXTERNALIZE build/GEDE01/src/game/game_fn_80154F74.o
[959/974] EXTERNALIZE build/GEDE01/src/game/game_fn_801E504C.o
[960/974] EXTERNALIZE build/GEDE01/src/game/game_fn_8009E808.o
[961/974] EXTERNALIZE build/GEDE01/src/game/game_fn_801F1A38.o
[962/974] EXTERNALIZE build/GEDE01/src/game/game_fn_801FFE78.o
[963/974] EXTERNALIZE build/GEDE01/src/game/game_fn_801F55A0.o
[964/974] EXTERNALIZE build/GEDE01/src/game/game_fn_801F8FAC.o
[965/974] EXTERNALIZE build/GEDE01/src/game/game_fn_801F7510.o
[966/974] EXTERNALIZE build/GEDE01/src/game/game_fn_801FC034.o
[967/974] EXTERNALIZE build/GEDE01/src/game/game_fn_801F9CF4.o
[968/974] EXTERNALIZE build/GEDE01/src/game/game_fn_801FA9C8.o
[969/974] MWCC build/GEDE01/src/game/game_fn_80209140.o
[970/974] REPORT
 INFO Loading project .
 INFO Generating report for 7103 units (using 8 threads)
 INFO Report generated in 0.472s
 INFO Writing to build/GEDE01/report.json
[971/974] LINK build/GEDE01/main.elf
### mwldeppc.exe Linker Warning:
#   Section '.ignored' is unknown. Section ignored.
### mwldeppc.exe Linker Warning:
#   Section '.ignored' is unknown. Section ignored.
### mwldeppc.exe Linker Warning:
#   Section '.ignored' is unknown. Section ignored.
### mwldeppc.exe Linker Warning:
#   Section '.ignored' is unknown. Section ignored.
### mwldeppc.exe Linker Warning:
#   Section '.ignored' is unknown. Section ignored.
### mwldeppc.exe Linker Warning:
#   Section '.ignored' is unknown. Section ignored.
### mwldeppc.exe Linker Warning:
#   Section '.ignored' is unknown. Section ignored.
### mwldeppc.exe Linker Warning:
#   Section '.ignored' is unknown. Section ignored.
### mwldeppc.exe Linker Warning:
#   Section '.ignored' is unknown. Section ignored.
### mwldeppc.exe Linker Warning:
#   Section '.ignored' is unknown. Section ignored.
### mwldeppc.exe Linker Warning:
#   Section '.ignored' is unknown. Section ignored.
### mwldeppc.exe Linker Warning:
#   Section '.ignored' is unknown. Section ignored.
### mwldeppc.exe Linker Warning:
#   Section '.ignored' is unknown. Section ignored.
### mwldeppc.exe Linker Warning:
#   Section '.ignored' is unknown. Section ignored.
### mwldeppc.exe Linker Warning:
#   Section '.ignored' is unknown. Section ignored.
### mwldeppc.exe Linker Warning:
#   Section '.ignored' is unknown. Section ignored.
### mwldeppc.exe Linker Warning:
#   Section '.ignored' is unknown. Section ignored.
### mwldeppc.exe Linker Warning:
#   Section '.ignored' is unknown. Section ignored.
### mwldeppc.exe Linker Warning:
#   Section '.ignored' is unknown. Section ignored.
### mwldeppc.exe Linker Warning:
#   Section '.ignored' is unknown. Section ignored.
### mwldeppc.exe Linker Warning:
#   Section '.ignored' is unknown. Section ignored.
### mwldeppc.exe Linker Warning:
#   Section '.ignored' is unknown. Section ignored.
### mwldeppc.exe Linker Warning:
#   Section '.ignored' is unknown. Section ignored.
### mwldeppc.exe Linker Warning:
#   Section '.ignored' is unknown. Section ignored.
### mwldeppc.exe Linker Warning:
#   Section '.ignored' is unknown. Section ignored.
### mwldeppc.exe Linker Warning:
#   Section '.ignored' is unknown. Section ignored.
### mwldeppc.exe Linker Warning:
#   Section '.ignored' is unknown. Section ignored.
### mwldeppc.exe Linker Warning:
#   Section '.ignored' is unknown. Section ignored.
### mwldeppc.exe Linker Warning:
#   Section '.ignored' is unknown. Section ignored.
### mwldeppc.exe Linker Warning:
#   Section '.ignored' is unknown. Section ignored.
### mwldeppc.exe Linker Warning:
#   Section '.ignored' is unknown. Section ignored.
### mwldeppc.exe Linker Warning:
#   Section '.ignored' is unknown. Section ignored.
### mwldeppc.exe Linker Warning:
#   Section '.ignored' is unknown. Section ignored.
### mwldeppc.exe Linker Warning:
#   Section '.ignored' is unknown. Section ignored.
### mwldeppc.exe Linker Warning:
#   Section '.ignored' is unknown. Section ignored.
### mwldeppc.exe Linker Warning:
#   Section '.ignored' is unknown. Section ignored.
### mwldeppc.exe Linker Warning:
#   Section '.ignored' is unknown. Section ignored.
### mwldeppc.exe Linker Warning:
#   Section '.ignored' is unknown. Section ignored.
### mwldeppc.exe Linker Warning:
#   Section '.ignored' is unknown. Section ignored.
### mwldeppc.exe Linker Warning:
#   Section '.ignored' is unknown. Section ignored.
### mwldeppc.exe Linker Warning:
#   Section '.ignored' is unknown. Section ignored.
### mwldeppc.exe Linker Warning:
#   Section '.ignored' is unknown. Section ignored.
### mwldeppc.exe Linker Warning:
#   Section '.ignored' is unknown. Section ignored.
### mwldeppc.exe Linker Warning:
#   Section '.ignored' is unknown. Section ignored.
### mwldeppc.exe Linker Warning:
#   Section '.ignored' is unknown. Section ignored.
### mwldeppc.exe Linker Warning:
#   Section '.ignored' is unknown. Section ignored.
### mwldeppc.exe Linker Warning:
#   Section '.ignored' is unknown. Section ignored.
### mwldeppc.exe Linker Warning:
#   Section '.ignored' is unknown. Section ignored.
### mwldeppc.exe Linker Warning:
#   Section '.ignored' is unknown. Section ignored.
### mwldeppc.exe Linker Warning:
#   Section '.ignored' is unknown. Section ignored.
### mwldeppc.exe Linker Warning:
#   Section '.ignored' is unknown. Section ignored.
### mwldeppc.exe Linker Warning:
#   Section '.ignored' is unknown. Section ignored.
### mwldeppc.exe Linker Warning:
#   Section '.ignored' is unknown. Section ignored.
### mwldeppc.exe Linker Warning:
#   Section '.ignored' is unknown. Section ignored.
### mwldeppc.exe Linker Warning:
#   Section '.ignored' is unknown. Section ignored.
### mwldeppc.exe Linker Warning:
#   Section '.ignored' is unknown. Section ignored.
### mwldeppc.exe Linker Warning:
#   Section '.ignored' is unknown. Section ignored.
### mwldeppc.exe Linker Warning:
#   Section '.ignored' is unknown. Section ignored.
### mwldeppc.exe Linker Warning:
#   Section '.ignored' is unknown. Section ignored.
### mwldeppc.exe Linker Warning:
#   Section '.ignored' is unknown. Section ignored.
### mwldeppc.exe Linker Warning:
#   Section '.ignored' is unknown. Section ignored.
### mwldeppc.exe Linker Warning:
#   Section '.ignored' is unknown. Section ignored.
### mwldeppc.exe Linker Warning:
#   Section '.ignored' is unknown. Section ignored.
### mwldeppc.exe Linker Warning:
#   Section '.ignored' is unknown. Section ignored.
### mwldeppc.exe Linker Warning:
#   Section '.ignored' is unknown. Section ignored.
### mwldeppc.exe Linker Warning:
#   Section '.ignored' is unknown. Section ignored.
### mwldeppc.exe Linker Warning:
#   Section '.ignored' is unknown. Section ignored.
### mwldeppc.exe Linker Warning:
#   Section '.ignored' is unknown. Section ignored.
### mwldeppc.exe Linker Warning:
#   Section '.ignored' is unknown. Section ignored.
### mwldeppc.exe Linker Warning:
#   Section '.ignored' is unknown. Section ignored.
### mwldeppc.exe Linker Warning:
#   Section '.ignored' is unknown. Section ignored.
### mwldeppc.exe Linker Warning:
#   Section '.ignored' is unknown. Section ignored.
### mwldeppc.exe Linker Warning:
#   Section '.ignored' is unknown. Section ignored.
### mwldeppc.exe Linker Warning:
#   Section '.ignored' is unknown. Section ignored.
### mwldeppc.exe Linker Warning:
#   Section '.ignored' is unknown. Section ignored.
### mwldeppc.exe Linker Warning:
#   Section '.ignored' is unknown. Section ignored.
### mwldeppc.exe Linker Warning:
#   Section '.ignored' is unknown. Section ignored.
### mwldeppc.exe Linker Warning:
#   Section '.ignored' is unknown. Section ignored.
### mwldeppc.exe Linker Warning:
#   Section '.ignored' is unknown. Section ignored.
### mwldeppc.exe Linker Warning:
#   Section '.ignored' is unknown. Section ignored.
### mwldeppc.exe Linker Warning:
#   Section '.ignored' is unknown. Section ignored.
### mwldeppc.exe Linker Warning:
#   Section '.ignored' is unknown. Section ignored.
### mwldeppc.exe Linker Warning:
#   Section '.ignored' is unknown. Section ignored.
### mwldeppc.exe Linker Warning:
#   Section '.ignored' is unknown. Section ignored.
### mwldeppc.exe Linker Warning:
#   Section '.ignored' is unknown. Section ignored.
### mwldeppc.exe Linker Warning:
#   Section '.ignored' is unknown. Section ignored.
### mwldeppc.exe Linker Warning:
#   Section '.ignored' is unknown. Section ignored.
### mwldeppc.exe Linker Warning:
#   Section '.ignored' is unknown. Section ignored.
### mwldeppc.exe Linker Warning:
#   Section '.ignored' is unknown. Section ignored.
### mwldeppc.exe Linker Warning:
#   Section '.ignored' is unknown. Section ignored.
### mwldeppc.exe Linker Warning:
#   Section '.ignored' is unknown. Section ignored.
### mwldeppc.exe Linker Warning:
#   Section '.ignored' is unknown. Section ignored.
### mwldeppc.exe Linker Warning:
#   Section '.ignored' is unknown. Section ignored.
### mwldeppc.exe Linker Warning:
#   Section '.ignored' is unknown. Section ignored.
### mwldeppc.exe Linker Warning:
#   Section '.ignored' is unknown. Section ignored.
### mwldeppc.exe Linker Warning:
#   Section '.ignored' is unknown. Section ignored.
### mwldeppc.exe Linker Warning:
#   Section '.ignored' is unknown. Section ignored.
### mwldeppc.exe Linker Warning:
#   Section '.ignored' is unknown. Section ignored.
### mwldeppc.exe Linker Warning:
#   Section '.ignored' is unknown. Section ignored.
### mwldeppc.exe Linker Warning:
#   Section '.ignored' is unknown. Section ignored.
### mwldeppc.exe Linker Warning:
#   Section '.ignored' is unknown. Section ignored.
### mwldeppc.exe Linker Warning:
#   Section '.ignored' is unknown. Section ignored.
### mwldeppc.exe Linker Warning:
#   Section '.ignored' is unknown. Section ignored.
### mwldeppc.exe Linker Warning:
#   Section '.ignored' is unknown. Section ignored.
### mwldeppc.exe Linker Warning:
#   Section '.ignored' is unknown. Section ignored.
### mwldeppc.exe Linker Warning:
#   Section '.ignored' is unknown. Section ignored.
### mwldeppc.exe Linker Warning:
#   Section '.ignored' is unknown. Section ignored.
### mwldeppc.exe Linker Warning:
#   Section '.ignored' is unknown. Section ignored.
### mwldeppc.exe Linker Warning:
#   Section '.ignored' is unknown. Section ignored.
### mwldeppc.exe Linker Warning:
#   Section '.ignored' is unknown. Section ignored.
### mwldeppc.exe Linker Warning:
#   Section '.ignored' is unknown. Section ignored.
### mwldeppc.exe Linker Warning:
#   Section '.ignored' is unknown. Section ignored.
### mwldeppc.exe Linker Warning:
#   Section '.ignored' is unknown. Section ignored.
### mwldeppc.exe Linker Warning:
#   Section '.ignored' is unknown. Section ignored.
### mwldeppc.exe Linker Warning:
#   Section '.ignored' is unknown. Section ignored.
### mwldeppc.exe Linker Warning:
#   Section '.ignored' is unknown. Section ignored.
### mwldeppc.exe Linker Warning:
#   Section '.ignored' is unknown. Section ignored.
### mwldeppc.exe Linker Warning:
#   Section '.ignored' is unknown. Section ignored.
### mwldeppc.exe Linker Warning:
#   Section '.ignored' is unknown. Section ignored.
### mwldeppc.exe Linker Warning:
#   Section '.ignored' is unknown. Section ignored.
### mwldeppc.exe Linker Warning:
#   Section '.ignored' is unknown. Section ignored.
### mwldeppc.exe Linker Warning:
#   Section '.ignored' is unknown. Section ignored.
### mwldeppc.exe Linker Warning:
#   Section '.ignored' is unknown. Section ignored.
### mwldeppc.exe Linker Warning:
#   Section '.ignored' is unknown. Section ignored.
### mwldeppc.exe Linker Warning:
#   Section '.ignored' is unknown. Section ignored.
### mwldeppc.exe Linker Warning:
#   Section '.ignored' is unknown. Section ignored.
### mwldeppc.exe Linker Warning:
#   Section '.ignored' is unknown. Section ignored.
### mwldeppc.exe Linker Warning:
#   Section '.ignored' is unknown. Section ignored.
### mwldeppc.exe Linker Warning:
#   Section '.ignored' is unknown. Section ignored.
### mwldeppc.exe Linker Warning:
#   Section '.ignored' is unknown. Section ignored.
### mwldeppc.exe Linker Warning:
#   Section '.ignored' is unknown. Section ignored.
### mwldeppc.exe Linker Warning:
#   Section '.ignored' is unknown. Section ignored.
### mwldeppc.exe Linker Warning:
#   Section '.ignored' is unknown. Section ignored.
### mwldeppc.exe Linker Warning:
#   Section '.ignored' is unknown. Section ignored.
### mwldeppc.exe Linker Warning:
#   Section '.ignored' is unknown. Section ignored.
### mwldeppc.exe Linker Warning:
#   Section '.ignored' is unknown. Section ignored.
### mwldeppc.exe Linker Warning:
#   Section '.ignored' is unknown. Section ignored.
### mwldeppc.exe Linker Warning:
#   Section '.ignored' is unknown. Section ignored.
### mwldeppc.exe Linker Warning:
#   Section '.ignored' is unknown. Section ignored.
### mwldeppc.exe Linker Warning:
#   Section '.ignored' is unknown. Section ignored.
### mwldeppc.exe Linker Warning:
#   Section '.ignored' is unknown. Section ignored.
### mwldeppc.exe Linker Warning:
#   Section '.ignored' is unknown. Section ignored.
### mwldeppc.exe Linker Warning:
#   Section '.ignored' is unknown. Section ignored.
### mwldeppc.exe Linker Warning:
#   Section '.ignored' is unknown. Section ignored.
### mwldeppc.exe Linker Warning:
#   Section '.ignored' is unknown. Section ignored.
### mwldeppc.exe Linker Warning:
#   Section '.ignored' is unknown. Section ignored.
### mwldeppc.exe Linker Warning:
#   Section '.ignored' is unknown. Section ignored.
### mwldeppc.exe Linker Warning:
#   Section '.ignored' is unknown. Section ignored.
### mwldeppc.exe Linker Warning:
#   Section '.ignored' is unknown. Section ignored.
### mwldeppc.exe Linker Warning:
#   Section '.ignored' is unknown. Section ignored.
### mwldeppc.exe Linker Warning:
#   Section '.ignored' is unknown. Section ignored.
### mwldeppc.exe Linker Warning:
#   Section '.ignored' is unknown. Section ignored.
### mwldeppc.exe Linker Warning:
#   Section '.ignored' is unknown. Section ignored.
### mwldeppc.exe Linker Warning:
#   Section '.ignored' is unknown. Section ignored.
### mwldeppc.exe Linker Warning:
#   Section '.ignored' is unknown. Section ignored.
### mwldeppc.exe Linker Warning:
#   Section '.ignored' is unknown. Section ignored.
### mwldeppc.exe Linker Warning:
#   Section '.ignored' is unknown. Section ignored.
### mwldeppc.exe Linker Warning:
#   Section '.ignored' is unknown. Section ignored.
### mwldeppc.exe Linker Warning:
#   Section '.ignored' is unknown. Section ignored.
### mwldeppc.exe Linker Warning:
#   Section '.ignored' is unknown. Section ignored.
### mwldeppc.exe Linker Warning:
#   Section '.ignored' is unknown. Section ignored.
### mwldeppc.exe Linker Warning:
#   Section '.ignored' is unknown. Section ignored.
### mwldeppc.exe Linker Warning:
#   Section '.ignored' is unknown. Section ignored.
### mwldeppc.exe Linker Warning:
#   Section '.ignored' is unknown. Section ignored.
### mwldeppc.exe Linker Warning:
#   Section '.ignored' is unknown. Section ignored.
### mwldeppc.exe Linker Warning:
#   Section '.ignored' is unknown. Section ignored.
### mwldeppc.exe Linker Warning:
#   Section '.ignored' is unknown. Section ignored.
### mwldeppc.exe Linker Warning:
#   Section '.ignored' is unknown. Section ignored.
### mwldeppc.exe Linker Warning:
#   Section '.ignored' is unknown. Section ignored.
### mwldeppc.exe Linker Warning:
#   Section '.ignored' is unknown. Section ignored.
### mwldeppc.exe Linker Warning:
#   Section '.ignored' is unknown. Section ignored.
### mwldeppc.exe Linker Warning:
#   Section '.ignored' is unknown. Section ignored.
### mwldeppc.exe Linker Warning:
#   Section '.ignored' is unknown. Section ignored.
### mwldeppc.exe Linker Warning:
#   Section '.ignored' is unknown. Section ignored.
### mwldeppc.exe Linker Warning:
#   Section '.ignored' is unknown. Section ignored.
### mwldeppc.exe Linker Warning:
#   Section '.ignored' is unknown. Section ignored.
### mwldeppc.exe Linker Warning:
#   Section '.ignored' is unknown. Section ignored.
### mwldeppc.exe Linker Warning:
#   Section '.ignored' is unknown. Section ignored.
### mwldeppc.exe Linker Warning:
#   Section '.ignored' is unknown. Section ignored.
### mwldeppc.exe Linker Warning:
#   Section '.ignored' is unknown. Section ignored.
### mwldeppc.exe Linker Warning:
#   Section '.ignored' is unknown. Section ignored.
### mwldeppc.exe Linker Warning:
#   Section '.ignored' is unknown. Section ignored.
### mwldeppc.exe Linker Warning:
#   Section '.ignored' is unknown. Section ignored.
### mwldeppc.exe Linker Warning:
#   Section '.ignored' is unknown. Section ignored.
### mwldeppc.exe Linker Warning:
#   Section '.ignored' is unknown. Section ignored.
### mwldeppc.exe Linker Warning:
#   Section '.ignored' is unknown. Section ignored.
### mwldeppc.exe Linker Warning:
#   Section '.ignored' is unknown. Section ignored.
### mwldeppc.exe Linker Warning:
#   Section '.ignored' is unknown. Section ignored.
### mwldeppc.exe Linker Warning:
#   Section '.ignored' is unknown. Section ignored.
### mwldeppc.exe Linker Warning:
#   Section '.ignored' is unknown. Section ignored.
### mwldeppc.exe Linker Warning:
#   Section '.ignored' is unknown. Section ignored.
### mwldeppc.exe Linker Warning:
#   Section '.ignored' is unknown. Section ignored.
### mwldeppc.exe Linker Warning:
#   Section '.ignored' is unknown. Section ignored.
### mwldeppc.exe Linker Warning:
#   Section '.ignored' is unknown. Section ignored.
### mwldeppc.exe Linker Warning:
#   Section '.ignored' is unknown. Section ignored.
### mwldeppc.exe Linker Warning:
#   Section '.ignored' is unknown. Section ignored.
### mwldeppc.exe Linker Warning:
#   Section '.ignored' is unknown. Section ignored.
### mwldeppc.exe Linker Warning:
#   Section '.ignored' is unknown. Section ignored.
### mwldeppc.exe Linker Warning:
#   Section '.ignored' is unknown. Section ignored.
### mwldeppc.exe Linker Warning:
#   Section '.ignored' is unknown. Section ignored.
### mwldeppc.exe Linker Warning:
#   Section '.ignored' is unknown. Section ignored.
### mwldeppc.exe Linker Warning:
#   Section '.ignored' is unknown. Section ignored.
### mwldeppc.exe Linker Warning:
#   Section '.ignored' is unknown. Section ignored.
### mwldeppc.exe Linker Warning:
#   Section '.ignored' is unknown. Section ignored.
### mwldeppc.exe Linker Warning:
#   Section '.ignored' is unknown. Section ignored.
### mwldeppc.exe Linker Warning:
#   Section '.ignored' is unknown. Section ignored.
### mwldeppc.exe Linker Warning:
#   Section '.ignored' is unknown. Section ignored.
### mwldeppc.exe Linker Warning:
#   Section '.ignored' is unknown. Section ignored.
### mwldeppc.exe Linker Warning:
#   Section '.ignored' is unknown. Section ignored.
### mwldeppc.exe Linker Warning:
#   Section '.ignored' is unknown. Section ignored.
### mwldeppc.exe Linker Warning:
#   Section '.ignored' is unknown. Section ignored.
### mwldeppc.exe Linker Warning:
#   Section '.ignored' is unknown. Section ignored.
### mwldeppc.exe Linker Warning:
#   Section '.ignored' is unknown. Section ignored.
### mwldeppc.exe Linker Warning:
#   Section '.ignored' is unknown. Section ignored.
### mwldeppc.exe Linker Warning:
#   Section '.ignored' is unknown. Section ignored.
### mwldeppc.exe Linker Warning:
#   Section '.ignored' is unknown. Section ignored.
### mwldeppc.exe Linker Warning:
#   Section '.ignored' is unknown. Section ignored.
### mwldeppc.exe Linker Warning:
#   Section '.ignored' is unknown. Section ignored.
### mwldeppc.exe Linker Warning:
#   Section '.ignored' is unknown. Section ignored.
### mwldeppc.exe Linker Warning:
#   Section '.ignored' is unknown. Section ignored.
### mwldeppc.exe Linker Warning:
#   Section '.ignored' is unknown. Section ignored.
### mwldeppc.exe Linker Warning:
#   Section '.ignored' is unknown. Section ignored.
### mwldeppc.exe Linker Warning:
#   Section '.ignored' is unknown. Section ignored.
### mwldeppc.exe Linker Warning:
#   Section '.ignored' is unknown. Section ignored.
### mwldeppc.exe Linker Warning:
#   Section '.ignored' is unknown. Section ignored.
### mwldeppc.exe Linker Warning:
#   Section '.ignored' is unknown. Section ignored.
### mwldeppc.exe Linker Warning:
#   Section '.ignored' is unknown. Section ignored.
### mwldeppc.exe Linker Warning:
#   Section '.ignored' is unknown. Section ignored.
### mwldeppc.exe Linker Warning:
#   Section '.ignored' is unknown. Section ignored.
### mwldeppc.exe Linker Warning:
#   Section '.ignored' is unknown. Section ignored.
### mwldeppc.exe Linker Warning:
#   Section '.ignored' is unknown. Section ignored.
### mwldeppc.exe Linker Warning:
#   Section '.ignored' is unknown. Section ignored.
### mwldeppc.exe Linker Warning:
#   Section '.ignored' is unknown. Section ignored.
### mwldeppc.exe Linker Warning:
#   Section '.ignored' is unknown. Section ignored.
### mwldeppc.exe Linker Warning:
#   Section '.ignored' is unknown. Section ignored.
### mwldeppc.exe Linker Warning:
#   Section '.ignored' is unknown. Section ignored.
### mwldeppc.exe Linker Warning:
#   Section '.ignored' is unknown. Section ignored.
### mwldeppc.exe Linker Warning:
#   Section '.ignored' is unknown. Section ignored.
### mwldeppc.exe Linker Warning:
#   Section '.ignored' is unknown. Section ignored.
### mwldeppc.exe Linker Warning:
#   Section '.ignored' is unknown. Section ignored.
### mwldeppc.exe Linker Warning:
#   Section '.ignored' is unknown. Section ignored.
### mwldeppc.exe Linker Warning:
#   Section '.ignored' is unknown. Section ignored.
### mwldeppc.exe Linker Warning:
#   Section '.ignored' is unknown. Section ignored.
### mwldeppc.exe Linker Warning:
#   Section '.ignored' is unknown. Section ignored.
### mwldeppc.exe Linker Warning:
#   Section '.ignored' is unknown. Section ignored.
### mwldeppc.exe Linker Warning:
#   Section '.ignored' is unknown. Section ignored.
### mwldeppc.exe Linker Warning:
#   Section '.ignored' is unknown. Section ignored.
### mwldeppc.exe Linker Warning:
#   Section '.ignored' is unknown. Section ignored.
### mwldeppc.exe Linker Warning:
#   Section '.ignored' is unknown. Section ignored.
### mwldeppc.exe Linker Warning:
#   Section '.ignored' is unknown. Section ignored.
### mwldeppc.exe Linker Warning:
#   Section '.ignored' is unknown. Section ignored.
### mwldeppc.exe Linker Warning:
#   Section '.ignored' is unknown. Section ignored.
### mwldeppc.exe Linker Warning:
#   Section '.ignored' is unknown. Section ignored.
### mwldeppc.exe Linker Warning:
#   Section '.ignored' is unknown. Section ignored.
### mwldeppc.exe Linker Warning:
#   Section '.ignored' is unknown. Section ignored.
### mwldeppc.exe Linker Warning:
#   Section '.ignored' is unknown. Section ignored.
### mwldeppc.exe Linker Warning:
#   Section '.ignored' is unknown. Section ignored.
### mwldeppc.exe Linker Warning:
#   Section '.ignored' is unknown. Section ignored.
### mwldeppc.exe Linker Warning:
#   Section '.ignored' is unknown. Section ignored.
### mwldeppc.exe Linker Warning:
#   Section '.ignored' is unknown. Section ignored.
### mwldeppc.exe Linker Warning:
#   Section '.ignored' is unknown. Section ignored.
### mwldeppc.exe Linker Warning:
#   Section '.ignored' is unknown. Section ignored.
### mwldeppc.exe Linker Warning:
#   Section '.ignored' is unknown. Section ignored.
### mwldeppc.exe Linker Warning:
#   Section '.ignored' is unknown. Section ignored.
### mwldeppc.exe Linker Warning:
#   Section '.ignored' is unknown. Section ignored.
### mwldeppc.exe Linker Warning:
#   Section '.ignored' is unknown. Section ignored.
### mwldeppc.exe Linker Warning:
#   Section '.ignored' is unknown. Section ignored.
### mwldeppc.exe Linker Warning:
#   Section '.ignored' is unknown. Section ignored.
### mwldeppc.exe Linker Warning:
#   Section '.ignored' is unknown. Section ignored.
### mwldeppc.exe Linker Warning:
#   Section '.ignored' is unknown. Section ignored.
### mwldeppc.exe Linker Warning:
#   Section '.ignored' is unknown. Section ignored.
### mwldeppc.exe Linker Warning:
#   Section '.ignored' is unknown. Section ignored.
### mwldeppc.exe Linker Warning:
#   Section '.ignored' is unknown. Section ignored.
### mwldeppc.exe Linker Warning:
#   Section '.ignored' is unknown. Section ignored.
### mwldeppc.exe Linker Warning:
#   Section '.ignored' is unknown. Section ignored.
### mwldeppc.exe Linker Warning:
#   Section '.ignored' is unknown. Section ignored.
### mwldeppc.exe Linker Warning:
#   Section '.ignored' is unknown. Section ignored.
### mwldeppc.exe Linker Warning:
#   Section '.ignored' is unknown. Section ignored.
### mwldeppc.exe Linker Warning:
#   Section '.ignored' is unknown. Section ignored.
### mwldeppc.exe Linker Warning:
#   Section '.ignored' is unknown. Section ignored.
### mwldeppc.exe Linker Warning:
#   Section '.ignored' is unknown. Section ignored.
### mwldeppc.exe Linker Warning:
#   Section '.ignored' is unknown. Section ignored.
### mwldeppc.exe Linker Warning:
#   Section '.ignored' is unknown. Section ignored.
### mwldeppc.exe Linker Warning:
#   Section '.ignored' is unknown. Section ignored.
### mwldeppc.exe Linker Warning:
#   Section '.ignored' is unknown. Section ignored.
### mwldeppc.exe Linker Warning:
#   Section '.ignored' is unknown. Section ignored.
### mwldeppc.exe Linker Warning:
#   Section '.ignored' is unknown. Section ignored.
### mwldeppc.exe Linker Warning:
#   Section '.ignored' is unknown. Section ignored.
### mwldeppc.exe Linker Warning:
#   Section '.ignored' is unknown. Section ignored.
### mwldeppc.exe Linker Warning:
#   Section '.ignored' is unknown. Section ignored.
### mwldeppc.exe Linker Warning:
#   Section '.ignored' is unknown. Section ignored.
### mwldeppc.exe Linker Warning:
#   Section '.ignored' is unknown. Section ignored.
### mwldeppc.exe Linker Warning:
#   Section '.ignored' is unknown. Section ignored.
### mwldeppc.exe Linker Warning:
#   Section '.ignored' is unknown. Section ignored.
### mwldeppc.exe Linker Warning:
#   Section '.ignored' is unknown. Section ignored.
### mwldeppc.exe Linker Warning:
#   Section '.ignored' is unknown. Section ignored.
### mwldeppc.exe Linker Warning:
#   Section '.ignored' is unknown. Section ignored.
### mwldeppc.exe Linker Warning:
#   Section '.ignored' is unknown. Section ignored.
### mwldeppc.exe Linker Warning:
#   Section '.ignored' is unknown. Section ignored.
### mwldeppc.exe Linker Warning:
#   Section '.ignored' is unknown. Section ignored.
### mwldeppc.exe Linker Warning:
#   Section '.ignored' is unknown. Section ignored.
### mwldeppc.exe Linker Warning:
#   Section '.ignored' is unknown. Section ignored.
### mwldeppc.exe Linker Warning:
#   Section '.ignored' is unknown. Section ignored.
### mwldeppc.exe Linker Warning:
#   Section '.ignored' is unknown. Section ignored.
### mwldeppc.exe Linker Warning:
#   Section '.ignored' is unknown. Section ignored.
### mwldeppc.exe Linker Warning:
#   Section '.ignored' is unknown. Section ignored.
### mwldeppc.exe Linker Warning:
#   Section '.ignored' is unknown. Section ignored.
### mwldeppc.exe Linker Warning:
#   Section '.ignored' is unknown. Section ignored.
### mwldeppc.exe Linker Warning:
#   Section '.ignored' is unknown. Section ignored.
### mwldeppc.exe Linker Warning:
#   Section '.ignored' is unknown. Section ignored.
### mwldeppc.exe Linker Warning:
#   Section '.ignored' is unknown. Section ignored.
### mwldeppc.exe Linker Warning:
#   Section '.ignored' is unknown. Section ignored.
### mwldeppc.exe Linker Warning:
#   Section '.ignored' is unknown. Section ignored.
### mwldeppc.exe Linker Warning:
#   Section '.ignored' is unknown. Section ignored.
### mwldeppc.exe Linker Warning:
#   Section '.ignored' is unknown. Section ignored.
### mwldeppc.exe Linker Warning:
#   Section '.ignored' is unknown. Section ignored.
### mwldeppc.exe Linker Warning:
#   Section '.ignored' is unknown. Section ignored.
### mwldeppc.exe Linker Warning:
#   Section '.ignored' is unknown. Section ignored.
### mwldeppc.exe Linker Warning:
#   Section '.ignored' is unknown. Section ignored.
### mwldeppc.exe Linker Warning:
#   Section '.ignored' is unknown. Section ignored.
### mwldeppc.exe Linker Warning:
#   Section '.ignored' is unknown. Section ignored.
### mwldeppc.exe Linker Warning:
#   Section '.ignored' is unknown. Section ignored.
### mwldeppc.exe Linker Warning:
#   Section '.ignored' is unknown. Section ignored.
### mwldeppc.exe Linker Warning:
#   Section '.ignored' is unknown. Section ignored.
### mwldeppc.exe Linker Warning:
#   Section '.ignored' is unknown. Section ignored.
### mwldeppc.exe Linker Warning:
#   Section '.ignored' is unknown. Section ignored.
### mwldeppc.exe Linker Warning:
#   Section '.ignored' is unknown. Section ignored.
### mwldeppc.exe Linker Warning:
#   Section '.ignored' is unknown. Section ignored.
### mwldeppc.exe Linker Warning:
#   Section '.ignored' is unknown. Section ignored.
### mwldeppc.exe Linker Warning:
#   Section '.ignored' is unknown. Section ignored.
### mwldeppc.exe Linker Warning:
#   Section '.ignored' is unknown. Section ignored.
### mwldeppc.exe Linker Warning:
#   Section '.ignored' is unknown. Section ignored.
### mwldeppc.exe Linker Warning:
#   Section '.ignored' is unknown. Section ignored.
### mwldeppc.exe Linker Warning:
#   Section '.ignored' is unknown. Section ignored.
### mwldeppc.exe Linker Warning:
#   Section '.ignored' is unknown. Section ignored.
### mwldeppc.exe Linker Warning:
#   Section '.ignored' is unknown. Section ignored.
### mwldeppc.exe Linker Warning:
#   Section '.ignored' is unknown. Section ignored.
### mwldeppc.exe Linker Warning:
#   Section '.ignored' is unknown. Section ignored.
### mwldeppc.exe Linker Warning:
#   Section '.ignored' is unknown. Section ignored.
### mwldeppc.exe Linker Warning:
#   Section '.ignored' is unknown. Section ignored.
### mwldeppc.exe Linker Warning:
#   Section '.ignored' is unknown. Section ignored.
### mwldeppc.exe Linker Warning:
#   Section '.ignored' is unknown. Section ignored.
### mwldeppc.exe Linker Warning:
#   Section '.ignored' is unknown. Section ignored.
### mwldeppc.exe Linker Warning:
#   Section '.ignored' is unknown. Section ignored.
### mwldeppc.exe Linker Warning:
#   Section '.ignored' is unknown. Section ignored.
### mwldeppc.exe Linker Warning:
#   Section '.ignored' is unknown. Section ignored.
### mwldeppc.exe Linker Warning:
#   Section '.ignored' is unknown. Section ignored.
### mwldeppc.exe Linker Warning:
#   Section '.ignored' is unknown. Section ignored.
### mwldeppc.exe Linker Warning:
#   Section '.ignored' is unknown. Section ignored.
### mwldeppc.exe Linker Warning:
#   Section '.ignored' is unknown. Section ignored.
### mwldeppc.exe Linker Warning:
#   Section '.ignored' is unknown. Section ignored.
### mwldeppc.exe Linker Warning:
#   Section '.ignored' is unknown. Section ignored.
### mwldeppc.exe Linker Warning:
#   Section '.ignored' is unknown. Section ignored.
### mwldeppc.exe Linker Warning:
#   Section '.ignored' is unknown. Section ignored.
### mwldeppc.exe Linker Warning:
#   Section '.ignored' is unknown. Section ignored.
### mwldeppc.exe Linker Warning:
#   Section '.ignored' is unknown. Section ignored.
### mwldeppc.exe Linker Warning:
#   Section '.ignored' is unknown. Section ignored.
### mwldeppc.exe Linker Warning:
#   Section '.ignored' is unknown. Section ignored.
### mwldeppc.exe Linker Warning:
#   Section '.ignored' is unknown. Section ignored.
### mwldeppc.exe Linker Warning:
#   Section '.ignored' is unknown. Section ignored.
### mwldeppc.exe Linker Warning:
#   Section '.ignored' is unknown. Section ignored.
### mwldeppc.exe Linker Warning:
#   Section '.ignored' is unknown. Section ignored.
### mwldeppc.exe Linker Warning:
#   Section '.ignored' is unknown. Section ignored.
### mwldeppc.exe Linker Warning:
#   Section '.ignored' is unknown. Section ignored.
### mwldeppc.exe Linker Warning:
#   Section '.ignored' is unknown. Section ignored.
### mwldeppc.exe Linker Warning:
#   Section '.ignored' is unknown. Section ignored.
### mwldeppc.exe Linker Warning:
#   Section '.ignored' is unknown. Section ignored.
### mwldeppc.exe Linker Warning:
#   Section '.ignored' is unknown. Section ignored.
### mwldeppc.exe Linker Warning:
#   Section '.ignored' is unknown. Section ignored.
### mwldeppc.exe Linker Warning:
#   Section '.ignored' is unknown. Section ignored.
### mwldeppc.exe Linker Warning:
#   Section '.ignored' is unknown. Section ignored.
### mwldeppc.exe Linker Warning:
#   Section '.ignored' is unknown. Section ignored.
### mwldeppc.exe Linker Warning:
#   Section '.ignored' is unknown. Section ignored.
### mwldeppc.exe Linker Warning:
#   Section '.ignored' is unknown. Section ignored.
### mwldeppc.exe Linker Warning:
#   Section '.ignored' is unknown. Section ignored.
### mwldeppc.exe Linker Warning:
#   Section '.ignored' is unknown. Section ignored.
### mwldeppc.exe Linker Warning:
#   Section '.ignored' is unknown. Section ignored.
### mwldeppc.exe Linker Warning:
#   Section '.ignored' is unknown. Section ignored.
### mwldeppc.exe Linker Warning:
#   Section '.ignored' is unknown. Section ignored.
### mwldeppc.exe Linker Warning:
#   Section '.ignored' is unknown. Section ignored.
### mwldeppc.exe Linker Warning:
#   Section '.ignored' is unknown. Section ignored.
### mwldeppc.exe Linker Warning:
#   Section '.ignored' is unknown. Section ignored.
### mwldeppc.exe Linker Warning:
#   Section '.ignored' is unknown. Section ignored.
### mwldeppc.exe Linker Warning:
#   Section '.ignored' is unknown. Section ignored.
### mwldeppc.exe Linker Warning:
#   Section '.ignored' is unknown. Section ignored.
### mwldeppc.exe Linker Warning:
#   Section '.ignored' is unknown. Section ignored.
### mwldeppc.exe Linker Warning:
#   Section '.ignored' is unknown. Section ignored.
### mwldeppc.exe Linker Warning:
#   Section '.ignored' is unknown. Section ignored.
### mwldeppc.exe Linker Warning:
#   Section '.ignored' is unknown. Section ignored.
### mwldeppc.exe Linker Warning:
#   Section '.ignored' is unknown. Section ignored.
### mwldeppc.exe Linker Warning:
#   Section '.ignored' is unknown. Section ignored.
### mwldeppc.exe Linker Warning:
#   Section '.ignored' is unknown. Section ignored.
### mwldeppc.exe Linker Warning:
#   Section '.ignored' is unknown. Section ignored.
### mwldeppc.exe Linker Warning:
#   Section '.ignored' is unknown. Section ignored.
### mwldeppc.exe Linker Warning:
#   Section '.ignored' is unknown. Section ignored.
### mwldeppc.exe Linker Warning:
#   Section '.ignored' is unknown. Section ignored.
### mwldeppc.exe Linker Warning:
#   Section '.ignored' is unknown. Section ignored.
### mwldeppc.exe Linker Warning:
#   Section '.ignored' is unknown. Section ignored.
### mwldeppc.exe Linker Warning:
#   Section '.ignored' is unknown. Section ignored.
### mwldeppc.exe Linker Warning:
#   Section '.ignored' is unknown. Section ignored.
### mwldeppc.exe Linker Warning:
#   Section '.ignored' is unknown. Section ignored.
### mwldeppc.exe Linker Warning:
#   Section '.ignored' is unknown. Section ignored.
### mwldeppc.exe Linker Warning:
#   Section '.ignored' is unknown. Section ignored.
### mwldeppc.exe Linker Warning:
#   Section '.ignored' is unknown. Section ignored.
### mwldeppc.exe Linker Warning:
#   Section '.ignored' is unknown. Section ignored.
### mwldeppc.exe Linker Warning:
#   Section '.ignored' is unknown. Section ignored.
### mwldeppc.exe Linker Warning:
#   Section '.ignored' is unknown. Section ignored.
### mwldeppc.exe Linker Warning:
#   Section '.ignored' is unknown. Section ignored.
### mwldeppc.exe Linker Warning:
#   Section '.ignored' is unknown. Section ignored.
### mwldeppc.exe Linker Warning:
#   Section '.ignored' is unknown. Section ignored.
### mwldeppc.exe Linker Warning:
#   Section '.ignored' is unknown. Section ignored.
### mwldeppc.exe Linker Warning:
#   Section '.ignored' is unknown. Section ignored.
### mwldeppc.exe Linker Warning:
#   Section '.ignored' is unknown. Section ignored.
### mwldeppc.exe Linker Warning:
#   Section '.ignored' is unknown. Section ignored.
### mwldeppc.exe Linker Warning:
#   Section '.ignored' is unknown. Section ignored.
### mwldeppc.exe Linker Warning:
#   Section '.ignored' is unknown. Section ignored.
### mwldeppc.exe Linker Warning:
#   Section '.ignored' is unknown. Section ignored.
### mwldeppc.exe Linker Warning:
#   Section '.ignored' is unknown. Section ignored.
### mwldeppc.exe Linker Warning:
#   Section '.ignored' is unknown. Section ignored.
### mwldeppc.exe Linker Warning:
#   Section '.ignored' is unknown. Section ignored.
### mwldeppc.exe Linker Warning:
#   Section '.ignored' is unknown. Section ignored.
### mwldeppc.exe Linker Warning:
#   Section '.ignored' is unknown. Section ignored.
### mwldeppc.exe Linker Warning:
#   Section '.ignored' is unknown. Section ignored.
### mwldeppc.exe Linker Warning:
#   Section '.ignored' is unknown. Section ignored.
### mwldeppc.exe Linker Warning:
#   Section '.ignored' is unknown. Section ignored.
### mwldeppc.exe Linker Warning:
#   Section '.ignored' is unknown. Section ignored.
### mwldeppc.exe Linker Warning:
#   Section '.ignored' is unknown. Section ignored.
### mwldeppc.exe Linker Warning:
#   Section '.ignored' is unknown. Section ignored.
### mwldeppc.exe Linker Warning:
#   Section '.ignored' is unknown. Section ignored.
### mwldeppc.exe Linker Warning:
#   Section '.ignored' is unknown. Section ignored.
### mwldeppc.exe Linker Warning:
#   Section '.ignored' is unknown. Section ignored.
### mwldeppc.exe Linker Warning:
#   Section '.ignored' is unknown. Section ignored.
### mwldeppc.exe Linker Warning:
#   Section '.ignored' is unknown. Section ignored.
### mwldeppc.exe Linker Warning:
#   Section '.ignored' is unknown. Section ignored.
### mwldeppc.exe Linker Warning:
#   Section '.ignored' is unknown. Section ignored.
### mwldeppc.exe Linker Warning:
#   Section '.ignored' is unknown. Section ignored.
### mwldeppc.exe Linker Warning:
#   Section '.ignored' is unknown. Section ignored.
### mwldeppc.exe Linker Warning:
#   Section '.ignored' is unknown. Section ignored.
### mwldeppc.exe Linker Warning:
#   Section '.ignored' is unknown. Section ignored.
### mwldeppc.exe Linker Warning:
#   Section '.ignored' is unknown. Section ignored.
### mwldeppc.exe Linker Warning:
#   Section '.ignored' is unknown. Section ignored.
### mwldeppc.exe Linker Warning:
#   Section '.ignored' is unknown. Section ignored.
### mwldeppc.exe Linker Warning:
#   Section '.ignored' is unknown. Section ignored.
### mwldeppc.exe Linker Warning:
#   Section '.ignored' is unknown. Section ignored.
### mwldeppc.exe Linker Warning:
#   Section '.ignored' is unknown. Section ignored.
### mwldeppc.exe Linker Warning:
#   Section '.ignored' is unknown. Section ignored.
### mwldeppc.exe Linker Warning:
#   Section '.ignored' is unknown. Section ignored.
### mwldeppc.exe Linker Warning:
#   Section '.ignored' is unknown. Section ignored.
### mwldeppc.exe Linker Warning:
#   Section '.ignored' is unknown. Section ignored.
### mwldeppc.exe Linker Warning:
#   Section '.ignored' is unknown. Section ignored.
### mwldeppc.exe Linker Warning:
#   Section '.ignored' is unknown. Section ignored.
### mwldeppc.exe Linker Warning:
#   Section '.ignored' is unknown. Section ignored.
### mwldeppc.exe Linker Warning:
#   Section '.ignored' is unknown. Section ignored.
### mwldeppc.exe Linker Warning:
#   Section '.ignored' is unknown. Section ignored.
### mwldeppc.exe Linker Warning:
#   Section '.ignored' is unknown. Section ignored.
### mwldeppc.exe Linker Warning:
#   Section '.ignored' is unknown. Section ignored.
### mwldeppc.exe Linker Warning:
#   Section '.ignored' is unknown. Section ignored.
### mwldeppc.exe Linker Warning:
#   Section '.ignored' is unknown. Section ignored.
### mwldeppc.exe Linker Warning:
#   Section '.ignored' is unknown. Section ignored.
### mwldeppc.exe Linker Warning:
#   Section '.ignored' is unknown. Section ignored.
### mwldeppc.exe Linker Warning:
#   Section '.ignored' is unknown. Section ignored.
### mwldeppc.exe Linker Warning:
#   Section '.ignored' is unknown. Section ignored.
### mwldeppc.exe Linker Warning:
#   Section '.ignored' is unknown. Section ignored.
### mwldeppc.exe Linker Warning:
#   Section '.ignored' is unknown. Section ignored.
### mwldeppc.exe Linker Warning:
#   Section '.ignored' is unknown. Section ignored.
### mwldeppc.exe Linker Warning:
#   Section '.ignored' is unknown. Section ignored.
### mwldeppc.exe Linker Warning:
#   Section '.ignored' is unknown. Section ignored.
### mwldeppc.exe Linker Warning:
#   Section '.ignored' is unknown. Section ignored.
### mwldeppc.exe Linker Warning:
#   Section '.ignored' is unknown. Section ignored.
### mwldeppc.exe Linker Warning:
#   Section '.ignored' is unknown. Section ignored.
### mwldeppc.exe Linker Warning:
#   Section '.ignored' is unknown. Section ignored.
### mwldeppc.exe Linker Warning:
#   Section '.ignored' is unknown. Section ignored.
### mwldeppc.exe Linker Warning:
#   Section '.ignored' is unknown. Section ignored.
### mwldeppc.exe Linker Warning:
#   Section '.ignored' is unknown. Section ignored.
### mwldeppc.exe Linker Warning:
#   Section '.ignored' is unknown. Section ignored.
### mwldeppc.exe Linker Warning:
#   Section '.ignored' is unknown. Section ignored.
### mwldeppc.exe Linker Warning:
#   Section '.ignored' is unknown. Section ignored.
### mwldeppc.exe Linker Warning:
#   Section '.ignored' is unknown. Section ignored.
### mwldeppc.exe Linker Warning:
#   Section '.ignored' is unknown. Section ignored.
### mwldeppc.exe Linker Warning:
#   Section '.ignored' is unknown. Section ignored.
### mwldeppc.exe Linker Warning:
#   Section '.ignored' is unknown. Section ignored.
### mwldeppc.exe Linker Warning:
#   Section '.ignored' is unknown. Section ignored.
### mwldeppc.exe Linker Warning:
#   Section '.ignored' is unknown. Section ignored.
### mwldeppc.exe Linker Warning:
#   Section '.ignored' is unknown. Section ignored.
### mwldeppc.exe Linker Warning:
#   Section '.ignored' is unknown. Section ignored.
### mwldeppc.exe Linker Warning:
#   Section '.ignored' is unknown. Section ignored.
### mwldeppc.exe Linker Warning:
#   Section '.ignored' is unknown. Section ignored.
### mwldeppc.exe Linker Warning:
#   Section '.ignored' is unknown. Section ignored.
### mwldeppc.exe Linker Warning:
#   Section '.ignored' is unknown. Section ignored.
### mwldeppc.exe Linker Warning:
#   Section '.ignored' is unknown. Section ignored.
### mwldeppc.exe Linker Warning:
#   Section '.ignored' is unknown. Section ignored.
### mwldeppc.exe Linker Warning:
#   Section '.ignored' is unknown. Section ignored.
### mwldeppc.exe Linker Warning:
#   Section '.ignored' is unknown. Section ignored.
### mwldeppc.exe Linker Warning:
#   Section '.ignored' is unknown. Section ignored.
### mwldeppc.exe Linker Warning:
#   Section '.ignored' is unknown. Section ignored.
### mwldeppc.exe Linker Warning:
#   Section '.ignored' is unknown. Section ignored.
### mwldeppc.exe Linker Warning:
#   Section '.ignored' is unknown. Section ignored.
### mwldeppc.exe Linker Warning:
#   Section '.ignored' is unknown. Section ignored.
### mwldeppc.exe Linker Warning:
#   Section '.ignored' is unknown. Section ignored.
### mwldeppc.exe Linker Warning:
#   Section '.ignored' is unknown. Section ignored.
### mwldeppc.exe Linker Warning:
#   Section '.ignored' is unknown. Section ignored.
### mwldeppc.exe Linker Warning:
#   Section '.ignored' is unknown. Section ignored.
### mwldeppc.exe Linker Warning:
#   Section '.ignored' is unknown. Section ignored.
### mwldeppc.exe Linker Warning:
#   Section '.ignored' is unknown. Section ignored.
### mwldeppc.exe Linker Warning:
#   Section '.ignored' is unknown. Section ignored.
### mwldeppc.exe Linker Warning:
#   Section '.ignored' is unknown. Section ignored.
### mwldeppc.exe Linker Warning:
#   Section '.ignored' is unknown. Section ignored.
### mwldeppc.exe Linker Warning:
#   Section '.ignored' is unknown. Section ignored.
### mwldeppc.exe Linker Warning:
#   Section '.ignored' is unknown. Section ignored.
### mwldeppc.exe Linker Warning:
#   Section '.ignored' is unknown. Section ignored.
### mwldeppc.exe Linker Warning:
#   Section '.ignored' is unknown. Section ignored.
### mwldeppc.exe Linker Warning:
#   Section '.ignored' is unknown. Section ignored.
### mwldeppc.exe Linker Warning:
#   Section '.ignored' is unknown. Section ignored.
### mwldeppc.exe Linker Warning:
#   Section '.ignored' is unknown. Section ignored.
### mwldeppc.exe Linker Warning:
#   Section '.ignored' is unknown. Section ignored.
### mwldeppc.exe Linker Warning:
#   Section '.ignored' is unknown. Section ignored.
### mwldeppc.exe Linker Warning:
#   Section '.ignored' is unknown. Section ignored.
### mwldeppc.exe Linker Warning:
#   Section '.ignored' is unknown. Section ignored.
### mwldeppc.exe Linker Warning:
#   Section '.ignored' is unknown. Section ignored.
### mwldeppc.exe Linker Warning:
#   Section '.ignored' is unknown. Section ignored.
### mwldeppc.exe Linker Warning:
#   Section '.ignored' is unknown. Section ignored.
### mwldeppc.exe Linker Warning:
#   Section '.ignored' is unknown. Section ignored.
### mwldeppc.exe Linker Warning:
#   Section '.ignored' is unknown. Section ignored.
### mwldeppc.exe Linker Warning:
#   Section '.ignored' is unknown. Section ignored.
### mwldeppc.exe Linker Warning:
#   Section '.ignored' is unknown. Section ignored.
### mwldeppc.exe Linker Warning:
#   Section '.ignored' is unknown. Section ignored.
### mwldeppc.exe Linker Warning:
#   Section '.ignored' is unknown. Section ignored.
### mwldeppc.exe Linker Warning:
#   Section '.ignored' is unknown. Section ignored.
### mwldeppc.exe Linker Warning:
#   Section '.ignored' is unknown. Section ignored.
### mwldeppc.exe Linker Warning:
#   Section '.ignored' is unknown. Section ignored.
### mwldeppc.exe Linker Warning:
#   Section '.ignored' is unknown. Section ignored.
### mwldeppc.exe Linker Warning:
#   Section '.ignored' is unknown. Section ignored.
### mwldeppc.exe Linker Warning:
#   Section '.ignored' is unknown. Section ignored.
### mwldeppc.exe Linker Warning:
#   Section '.ignored' is unknown. Section ignored.
### mwldeppc.exe Linker Warning:
#   Section '.ignored' is unknown. Section ignored.
### mwldeppc.exe Linker Warning:
#   Section '.ignored' is unknown. Section ignored.
### mwldeppc.exe Linker Warning:
#   Section '.ignored' is unknown. Section ignored.
### mwldeppc.exe Linker Warning:
#   Section '.ignored' is unknown. Section ignored.
### mwldeppc.exe Linker Warning:
#   Section '.ignored' is unknown. Section ignored.
### mwldeppc.exe Linker Warning:
#   Section '.ignored' is unknown. Section ignored.
### mwldeppc.exe Linker Warning:
#   Section '.ignored' is unknown. Section ignored.
### mwldeppc.exe Linker Warning:
#   Section '.ignored' is unknown. Section ignored.
### mwldeppc.exe Linker Warning:
#   Section '.ignored' is unknown. Section ignored.
### mwldeppc.exe Linker Warning:
#   Section '.ignored' is unknown. Section ignored.
### mwldeppc.exe Linker Warning:
#   Section '.ignored' is unknown. Section ignored.
### mwldeppc.exe Linker Warning:
#   Section '.ignored' is unknown. Section ignored.
### mwldeppc.exe Linker Warning:
#   Section '.ignored' is unknown. Section ignored.
### mwldeppc.exe Linker Warning:
#   Section '.ignored' is unknown. Section ignored.
### mwldeppc.exe Linker Warning:
#   Section '.ignored' is unknown. Section ignored.
### mwldeppc.exe Linker Warning:
#   Section '.ignored' is unknown. Section ignored.
### mwldeppc.exe Linker Warning:
#   Section '.ignored' is unknown. Section ignored.
### mwldeppc.exe Linker Warning:
#   Section '.ignored' is unknown. Section ignored.
### mwldeppc.exe Linker Warning:
#   Section '.ignored' is unknown. Section ignored.
### mwldeppc.exe Linker Warning:
#   Section '.ignored' is unknown. Section ignored.
### mwldeppc.exe Linker Warning:
#   Section '.ignored' is unknown. Section ignored.
[972/974] DOL build/GEDE01/main.dol
[973/974] CHECK config/GEDE01/build.sha1
build/GEDE01/main.dol: OK
[974/974] PROGRESS
Progress:
  All: 61.22% fuzzy, 52.08% matched, 52.00% linked (6409 / 7103 files)
    Code: 1198220 / 2300692 bytes (6176 / 8214 functions)
    Data: 39886 / 4305642 bytes (0.93%)
  Game Code: 98.04% fuzzy, 83.38% matched, 83.25% linked (6391 / 6667 files)
    Code: 1195192 / 1433504 bytes (6114 / 6388 functions)
    Data: 39662 / 40542 bytes (97.83%)
  SDK/Runtime: 100.00% fuzzy, 100.00% matched, 100.00% linked (18 / 18 files)
    Code: 3028 / 3028 bytes (62 / 62 functions)
    Data: 224 / 224 bytes (100.00%)
ninja exit status: 0
