[1/1] RUN configure.py
[1/928] MWCC build/GEDE01/src/game/game_fn_80008014.o
[2/928] MWCC build/GEDE01/src/game/game_fn_800094C0.o
[3/928] MWCC build/GEDE01/src/game/game_fn_800098C0.o
[4/928] MWCC build/GEDE01/src/game/game_fn_800096E0.o
[5/928] MWCC build/GEDE01/src/game/game_fn_800099D8.o
[6/928] MWCC build/GEDE01/src/game/game_fn_80009AB4.o
[7/928] MWCC build/GEDE01/src/game/game_fn_8000A26C.o
[8/928] MWCC build/GEDE01/src/game/game_fn_8000AC88.o
[9/928] MWCC build/GEDE01/src/game/game_fn_8000AEB4.o
[10/928] MWCC build/GEDE01/src/game/game_fn_8000AFB4.o
[11/928] MWCC build/GEDE01/src/game/game_fn_8000B1B8.o
[12/928] MWCC build/GEDE01/src/game/game_fn_8000B36C.o
[13/928] MWCC build/GEDE01/src/game/game_fn_8000B630.o
[14/928] MWCC build/GEDE01/src/game/game_fn_8000B7FC.o
[15/928] MWCC build/GEDE01/src/game/game_fn_8000BA0C.o
[16/928] MWCC build/GEDE01/src/game/game_fn_8000B900.o
[17/928] MWCC build/GEDE01/src/game/game_fn_8000BAA0.o
[18/928] MWCC build/GEDE01/src/game/game_fn_8000BC40.o
[19/928] MWCC build/GEDE01/src/game/game_fn_8000C06C.o
[20/928] MWCC build/GEDE01/src/game/game_fn_8000C17C.o
[21/928] MWCC build/GEDE01/src/game/game_fn_8000C400.o
[22/928] MWCC build/GEDE01/src/game/game_fn_8000C848.o
[23/928] MWCC build/GEDE01/src/game/game_fn_8000C91C.o
[24/928] MWCC build/GEDE01/src/game/game_fn_8000D0BC.o
[25/928] MWCC build/GEDE01/src/game/game_fn_8000D3D4.o
[26/928] MWCC build/GEDE01/src/game/game_fn_8000D590.o
[27/928] MWCC build/GEDE01/src/game/game_fn_8000D8A4.o
[28/928] MWCC build/GEDE01/src/game/game_fn_8000DA50.o
[29/928] MWCC build/GEDE01/src/game/game_fn_8000DAF4.o
[30/928] MWCC build/GEDE01/src/game/game_fn_8000E054.o
[31/928] MWCC build/GEDE01/src/game/game_fn_8000E0AC.o
[32/928] MWCC build/GEDE01/src/game/game_fn_8000E138.o
[33/928] MWCC build/GEDE01/src/game/game_fn_8000E1C4.o
[34/928] MWCC build/GEDE01/src/game/game_fn_8000E96C.o
[35/928] MWCC build/GEDE01/src/game/game_fn_8000EB14.o
[36/928] MWCC build/GEDE01/src/game/game_fn_8000EBD4.o
[37/928] MWCC build/GEDE01/src/game/game_fn_8000ED44.o
[38/928] MWCC build/GEDE01/src/game/game_fn_8000EFC4.o
[39/928] MWCC build/GEDE01/src/game/game_fn_8000F4B0.o
[40/928] MWCC build/GEDE01/src/game/game_fn_8000F774.o
[41/928] MWCC build/GEDE01/src/game/game_fn_8000FDE8.o
[42/928] MWCC build/GEDE01/src/game/game_fn_8000FFD8.o
[43/928] MWCC build/GEDE01/src/game/game_fn_800119FC.o
[44/928] MWCC build/GEDE01/src/game/game_fn_80012DA8.o
[45/928] MWCC build/GEDE01/src/game/game_fn_80012F40.o
[46/928] MWCC build/GEDE01/src/game/game_fn_80012FD0.o
[47/928] MWCC build/GEDE01/src/game/game_fn_800131E8.o
[48/928] MWCC build/GEDE01/src/game/game_fn_80013340.o
[49/928] MWCC build/GEDE01/src/game/game_fn_80013870.o
[50/928] MWCC build/GEDE01/src/game/game_fn_80013CB0.o
[51/928] MWCC build/GEDE01/src/game/game_fn_80013D54.o
[52/928] MWCC build/GEDE01/src/game/game_fn_800142DC.o
[53/928] MWCC build/GEDE01/src/game/game_fn_800144CC.o
[54/928] MWCC build/GEDE01/src/game/game_fn_80014784.o
[55/928] MWCC build/GEDE01/src/game/game_fn_800149D4.o
[56/928] MWCC build/GEDE01/src/game/game_fn_80015058.o
[57/928] MWCC build/GEDE01/src/game/game_fn_80015320.o
[58/928] MWCC build/GEDE01/src/game/game_fn_80015568.o
[59/928] MWCC build/GEDE01/src/game/game_fn_800156FC.o
[60/928] MWCC build/GEDE01/src/game/game_fn_80015BE0.o
[61/928] MWCC build/GEDE01/src/game/game_fn_80015D40.o
[62/928] MWCC build/GEDE01/src/game/game_fn_80015F04.o
[63/928] MWCC build/GEDE01/src/game/game_fn_80016128.o
[64/928] MWCC build/GEDE01/src/game/game_fn_80016270.o
[65/928] MWCC build/GEDE01/src/game/game_fn_80016904.o
[66/928] MWCC build/GEDE01/src/game/game_fn_80016B24.o
[67/928] MWCC build/GEDE01/src/game/game_fn_800171C0.o
[68/928] MWCC build/GEDE01/src/game/game_fn_800173CC.o
[69/928] MWCC build/GEDE01/src/game/game_fn_800176F0.o
[70/928] MWCC build/GEDE01/src/game/game_fn_80017910.o
[71/928] MWCC build/GEDE01/src/game/game_fn_800179AC.o
[72/928] MWCC build/GEDE01/src/game/game_fn_80017A3C.o
[73/928] MWCC build/GEDE01/src/game/game_fn_80017AE4.o
[74/928] MWCC build/GEDE01/src/game/game_fn_80017C3C.o
[75/928] MWCC build/GEDE01/src/game/game_fn_80017CC8.o
[76/928] MWCC build/GEDE01/src/game/game_fn_80017DB0.o
[77/928] MWCC build/GEDE01/src/game/game_fn_80018EF4.o
[78/928] MWCC build/GEDE01/src/game/game_fn_80019054.o
[79/928] MWCC build/GEDE01/src/game/game_fn_80019244.o
[80/928] MWCC build/GEDE01/src/game/game_fn_800194D0.o
[81/928] MWCC build/GEDE01/src/game/game_fn_80019940.o
[82/928] MWCC build/GEDE01/src/game/game_fn_80019C10.o
[83/928] MWCC build/GEDE01/src/game/game_fn_80019D2C.o
[84/928] MWCC build/GEDE01/src/game/game_fn_80019F98.o
[85/928] MWCC build/GEDE01/src/game/game_fn_8001A6C4.o
[86/928] MWCC build/GEDE01/src/game/game_fn_8001AAB8.o
[87/928] MWCC build/GEDE01/src/game/game_fn_8001ADF8.o
[88/928] MWCC build/GEDE01/src/game/game_fn_8001AF68.o
[89/928] MWCC build/GEDE01/src/game/game_fn_8001B124.o
[90/928] MWCC build/GEDE01/src/game/game_fn_8001B294.o
[91/928] MWCC build/GEDE01/src/game/game_fn_8001B808.o
[92/928] MWCC build/GEDE01/src/game/game_fn_8001B874.o
[93/928] MWCC build/GEDE01/src/game/game_fn_8001C078.o
[94/928] MWCC build/GEDE01/src/game/game_fn_8001CA04.o
[95/928] MWCC build/GEDE01/src/game/game_fn_8001CD58.o
[96/928] MWCC build/GEDE01/src/game/game_fn_8001CE94.o
[97/928] MWCC build/GEDE01/src/game/game_fn_8001E644.o
[98/928] MWCC build/GEDE01/src/game/game_fn_8001FE1C.o
[99/928] MWCC build/GEDE01/src/game/game_fn_80020E94.o
[100/928] MWCC build/GEDE01/src/game/game_fn_80024F28.o
[101/928] MWCC build/GEDE01/src/game/game_fn_800272B4.o
[102/928] MWCC build/GEDE01/src/game/game_fn_8002B748.o
[103/928] MWCC build/GEDE01/src/game/game_fn_8002DAE0.o
[104/928] MWCC build/GEDE01/src/game/game_fn_8002E3F0.o
[105/928] MWCC build/GEDE01/src/game/game_fn_8002EA68.o
[106/928] MWCC build/GEDE01/src/game/game_fn_8002F428.o
[107/928] MWCC build/GEDE01/src/game/game_fn_80031544.o
[108/928] MWCC build/GEDE01/src/game/game_fn_8003232C.o
[109/928] MWCC build/GEDE01/src/game/game_fn_80032B84.o
[110/928] MWCC build/GEDE01/src/game/game_fn_80033038.o
[111/928] MWCC build/GEDE01/src/game/game_fn_80033180.o
[112/928] MWCC build/GEDE01/src/game/game_fn_800359A0.o
[113/928] MWCC build/GEDE01/src/game/game_fn_800361F8.o
[114/928] MWCC build/GEDE01/src/game/game_fn_80036C40.o
[115/928] MWCC build/GEDE01/src/game/game_fn_80038878.o
[116/928] MWCC build/GEDE01/src/game/game_fn_80048ADC.o
[117/928] MWCC build/GEDE01/src/game/game_fn_80048B24.o
[118/928] MWCC build/GEDE01/src/game/game_fn_8004998C.o
[119/928] MWCC build/GEDE01/src/game/game_fn_80050B08.o
[120/928] MWCC build/GEDE01/src/game/game_fn_80052310.o
[121/928] MWCC build/GEDE01/src/game/game_fn_800542D0.o
[122/928] MWCC build/GEDE01/src/game/game_fn_8005EC6C.o
[123/928] MWCC build/GEDE01/src/game/game_fn_8005EE9C.o
[124/928] MWCC build/GEDE01/src/game/game_data_80239E10.o
[125/928] MWCC build/GEDE01/src/game/game_data_80239E18.o
[126/928] MWCC build/GEDE01/src/game/game_fn_8005FD84.o
[127/928] MWCC build/GEDE01/src/game/game_fn_80066888.o
[128/928] MWCC build/GEDE01/src/game/game_fn_80066E78.o
[129/928] MWCC build/GEDE01/src/game/game_fn_8006B0F0.o
[130/928] MWCC build/GEDE01/src/game/game_fn_8006B620.o
[131/928] MWCC build/GEDE01/src/game/game_fn_8006E53C.o
[132/928] MWCC build/GEDE01/src/game/game_fn_80071A58.o
[133/928] MWCC build/GEDE01/src/game/game_fn_80074310.o
[134/928] MWCC build/GEDE01/src/game/game_fn_80078500.o
[135/928] MWCC build/GEDE01/src/game/game_fn_80079908.o
[136/928] MWCC build/GEDE01/src/game/game_fn_80079AA4.o
[137/928] MWCC build/GEDE01/src/game/game_fn_8007B2F4.o
[138/928] MWCC build/GEDE01/src/game/game_fn_8007B540.o
[139/928] MWCC build/GEDE01/src/game/game_fn_8007B640.o
[140/928] MWCC build/GEDE01/src/game/game_fn_8007B828.o
[141/928] MWCC build/GEDE01/src/game/game_fn_8007BA3C.o
[142/928] MWCC build/GEDE01/src/game/game_fn_8007D4D8.o
[143/928] MWCC build/GEDE01/src/game/game_fn_8007F770.o
[144/928] MWCC build/GEDE01/src/game/game_fn_800886D8.o
[145/928] MWCC build/GEDE01/src/game/game_fn_80088F4C.o
[146/928] MWCC build/GEDE01/src/game/game_fn_80089A34.o
[147/928] MWCC build/GEDE01/src/game/game_fn_8008A2E0.o
[148/928] MWCC build/GEDE01/src/game/game_fn_8008F224.o
[149/928] MWCC build/GEDE01/src/game/game_fn_8008F890.o
[150/928] MWCC build/GEDE01/src/game/game_fn_80090004.o
[151/928] MWCC build/GEDE01/src/game/game_fn_800934A0.o
[152/928] MWCC build/GEDE01/src/game/game_fn_80095D10.o
[153/928] MWCC build/GEDE01/src/game/game_fn_80095E64.o
[154/928] MWCC build/GEDE01/src/game/game_fn_80095FDC.o
[155/928] MWCC build/GEDE01/src/game/game_fn_80096830.o
[156/928] MWCC build/GEDE01/src/game/game_fn_8009C424.o
[157/928] MWCC build/GEDE01/src/game/game_fn_8009E808.o
[158/928] MWCC build/GEDE01/src/game/game_fn_800A2130.o
[159/928] MWCC build/GEDE01/src/game/game_fn_800A2B8C.o
[160/928] MWCC build/GEDE01/src/game/game_fn_800A2FCC.o
[161/928] MWCC build/GEDE01/src/game/game_fn_800A3180.o
[162/928] MWCC build/GEDE01/src/game/game_fn_800A3894.o
[163/928] MWCC build/GEDE01/src/game/game_fn_800A4428.o
[164/928] MWCC build/GEDE01/src/game/game_fn_800A4798.o
[165/928] MWCC build/GEDE01/src/game/game_fn_800A7E88.o
[166/928] MWCC build/GEDE01/src/game/game_fn_800AF230.o
[167/928] MWCC build/GEDE01/src/game/game_fn_800B2EC0.o
[168/928] MWCC build/GEDE01/src/game/game_fn_800BB5C4.o
[169/928] MWCC build/GEDE01/src/game/game_fn_800BB7A8.o
[170/928] MWCC build/GEDE01/src/game/game_fn_800BB9A4.o
[171/928] MWCC build/GEDE01/src/game/game_fn_800BBAF0.o
[172/928] MWCC build/GEDE01/src/game/game_fn_800C030C.o
[173/928] MWCC build/GEDE01/src/game/game_fn_800C17EC.o
[174/928] MWCC build/GEDE01/src/game/game_fn_800C59F0.o
[175/928] MWCC build/GEDE01/src/game/game_fn_800C644C.o
[176/928] MWCC build/GEDE01/src/game/game_fn_800C65FC.o
[177/928] MWCC build/GEDE01/src/game/game_fn_800C9C60.o
[178/928] MWCC build/GEDE01/src/game/game_fn_800CB760.o
[179/928] MWCC build/GEDE01/src/game/game_fn_800CB8F4.o
[180/928] MWCC build/GEDE01/src/game/game_fn_800CF598.o
[181/928] MWCC build/GEDE01/src/game/game_fn_800D9064.o
[182/928] MWCC build/GEDE01/src/game/game_fn_800D9E10.o
[183/928] MWCC build/GEDE01/src/game/game_fn_800DC4D4.o
[184/928] MWCC build/GEDE01/src/game/game_fn_800E4980.o
[185/928] MWCC build/GEDE01/src/game/game_TRKNubWelcome.o
[186/928] MWCC build/GEDE01/src/game/game_TRK_main.o
[187/928] MWCC build/GEDE01/src/game/game_InitMetroTRKCommTable.o
[188/928] MWCC build/GEDE01/src/game/game_fn_800FD0C8.o
[189/928] MWCC build/GEDE01/src/game/game_fn_8010242C.o
[190/928] MWCC build/GEDE01/src/game/game_fn_801098C0.o
[191/928] MWCC build/GEDE01/src/game/game_fn_8010F184.o
[192/928] MWCC build/GEDE01/src/game/game_fn_801126E0.o
[193/928] MWCC build/GEDE01/src/game/game_fn_801128E4.o
[194/928] MWCC build/GEDE01/src/game/game_fn_801141B8.o
[195/928] MWCC build/GEDE01/src/game/game_fn_80119C70.o
[196/928] MWCC build/GEDE01/src/game/game_fn_8011F140.o
[197/928] MWCC build/GEDE01/src/game/game_fn_801247F8.o
[198/928] MWCC build/GEDE01/src/game/game_fn_80126A00.o
[199/928] MWCC build/GEDE01/src/game/game_fn_8012976C.o
[200/928] MWCC build/GEDE01/src/game/game_fn_8012DB28.o
[201/928] MWCC build/GEDE01/src/game/game_fn_8013CBE4.o
[202/928] MWCC build/GEDE01/src/game/game_fn_8013D6A4.o
[203/928] MWCC build/GEDE01/src/game/game_fn_8013DB8C.o
[204/928] MWCC build/GEDE01/src/game/game_fn_8014549C.o
[205/928] MWCC build/GEDE01/src/game/game_fn_8014AF38.o
[206/928] MWCC build/GEDE01/src/game/game_fn_8014B494.o
[207/928] MWCC build/GEDE01/src/game/game_fn_8014BA14.o
[208/928] MWCC build/GEDE01/src/game/game_fn_8014CA98.o
[209/928] MWCC build/GEDE01/src/game/game_fn_80150A24.o
[210/928] MWCC build/GEDE01/src/game/game_fn_801535D8.o
[211/928] MWCC build/GEDE01/src/game/game_fn_80153898.o
[212/928] MWCC build/GEDE01/src/game/game_fn_80153A24.o
[213/928] MWCC build/GEDE01/src/game/game_fn_80154F74.o
[214/928] MWCC build/GEDE01/src/game/game_fn_80155814.o
[215/928] MWCC build/GEDE01/src/game/game_fn_80157C0C.o
[216/928] MWCC build/GEDE01/src/game/game_fn_80158B20.o
[217/928] MWCC build/GEDE01/src/game/game_fn_80158D38.o
[218/928] MWCC build/GEDE01/src/game/game_fn_8015DB84.o
[219/928] MWCC build/GEDE01/src/game/game_fn_8015DC54.o
[220/928] MWCC build/GEDE01/src/game/game_fn_8015EDC0.o
[221/928] MWCC build/GEDE01/src/game/game_fn_80167454.o
[222/928] MWCC build/GEDE01/src/game/game_fn_80167B5C.o
[223/928] MWCC build/GEDE01/src/game/game_fn_80169650.o
[224/928] MWCC build/GEDE01/src/game/game_fn_8016BD0C.o
[225/928] MWCC build/GEDE01/src/game/game_fn_8016BE1C.o
[226/928] MWCC build/GEDE01/src/game/game_fn_8016BF60.o
[227/928] MWCC build/GEDE01/src/game/game_fn_8016C0BC.o
[228/928] MWCC build/GEDE01/src/game/game_fn_8016C164.o
[229/928] MWCC build/GEDE01/src/game/game_fn_8016C238.o
[230/928] MWCC build/GEDE01/src/game/game_fn_8016C4BC.o
[231/928] MWCC build/GEDE01/src/game/game_fn_8016C774.o
[232/928] MWCC build/GEDE01/src/game/game_fn_8016D040.o
[233/928] MWCC build/GEDE01/src/game/game_fn_8016D1F8.o
[234/928] MWCC build/GEDE01/src/game/game_fn_8016D2B8.o
[235/928] MWCC build/GEDE01/src/game/game_fn_8016D9C0.o
[236/928] MWCC build/GEDE01/src/game/game_fn_8016DF4C.o
[237/928] MWCC build/GEDE01/src/game/game_fn_8016E8F8.o
[238/928] MWCC build/GEDE01/src/game/game_fn_8016FEF8.o
[239/928] MWCC build/GEDE01/src/game/game_fn_8017038C.o
[240/928] MWCC build/GEDE01/src/game/game_fn_801704F8.o
[241/928] MWCC build/GEDE01/src/game/game_fn_801706DC.o
[242/928] MWCC build/GEDE01/src/game/game_fn_80170A40.o
[243/928] MWCC build/GEDE01/src/game/game_fn_80170DF4.o
[244/928] MWCC build/GEDE01/src/game/game_fn_80170E9C.o
[245/928] MWCC build/GEDE01/src/game/game_fn_8017138C.o
[246/928] MWCC build/GEDE01/src/game/game_fn_80171664.o
[247/928] MWCC build/GEDE01/src/game/game_fn_801718F4.o
[248/928] MWCC build/GEDE01/src/game/game_fn_801719B4.o
[249/928] MWCC build/GEDE01/src/game/game_fn_80171F30.o
[250/928] MWCC build/GEDE01/src/game/game_fn_8017250C.o
[251/928] MWCC build/GEDE01/src/game/game_fn_801726EC.o
[252/928] MWCC build/GEDE01/src/game/game_fn_80172BB0.o
[253/928] MWCC build/GEDE01/src/game/game_fn_80172C78.o
[254/928] MWCC build/GEDE01/src/game/game_fn_80172DB8.o
[255/928] MWCC build/GEDE01/src/game/game_fn_80173270.o
[256/928] MWCC build/GEDE01/src/game/game_fn_801734B4.o
[257/928] MWCC build/GEDE01/src/game/game_fn_80173770.o
[258/928] MWCC build/GEDE01/src/game/game_fn_80173BDC.o
[259/928] MWCC build/GEDE01/src/game/game_fn_80173D44.o
[260/928] MWCC build/GEDE01/src/game/game_fn_80173F04.o
[261/928] MWCC build/GEDE01/src/game/game_fn_80174184.o
[262/928] MWCC build/GEDE01/src/game/game_fn_80174358.o
[263/928] MWCC build/GEDE01/src/game/game_fn_80174F2C.o
[264/928] MWCC build/GEDE01/src/game/game_fn_801752B0.o
[265/928] MWCC build/GEDE01/src/game/game_fn_8017553C.o
[266/928] MWCC build/GEDE01/src/game/game_fn_80175A08.o
[267/928] MWCC build/GEDE01/src/game/game_fn_80175E64.o
[268/928] MWCC build/GEDE01/src/game/game_fn_80175F0C.o
[269/928] MWCC build/GEDE01/src/game/game_fn_80175FD4.o
[270/928] MWCC build/GEDE01/src/game/game_fn_80176098.o
[271/928] MWCC build/GEDE01/src/game/game_fn_80176160.o
[272/928] MWCC build/GEDE01/src/game/game_fn_80176220.o
[273/928] MWCC build/GEDE01/src/game/game_fn_801762E8.o
[274/928] MWCC build/GEDE01/src/game/game_fn_8017652C.o
[275/928] MWCC build/GEDE01/src/game/game_fn_80176DF4.o
[276/928] MWCC build/GEDE01/src/game/game_fn_80176FA0.o
[277/928] MWCC build/GEDE01/src/game/game_fn_801770F8.o
[278/928] MWCC build/GEDE01/src/game/game_fn_8017718C.o
[279/928] MWCC build/GEDE01/src/game/game_fn_80178F88.o
[280/928] MWCC build/GEDE01/src/game/game_fn_80177434.o
[281/928] MWCC build/GEDE01/src/game/game_fn_80179398.o
[282/928] MWCC build/GEDE01/src/game/game_fn_8017960C.o
[283/928] MWCC build/GEDE01/src/game/game_fn_8017974C.o
[284/928] MWCC build/GEDE01/src/game/game_fn_80179904.o
[285/928] MWCC build/GEDE01/src/game/game_fn_80179A18.o
[286/928] MWCC build/GEDE01/src/game/game_fn_80179A74.o
[287/928] MWCC build/GEDE01/src/game/game_fn_80179EB8.o
[288/928] MWCC build/GEDE01/src/game/game_fn_80179F20.o
[289/928] MWCC build/GEDE01/src/game/game_fn_8017A010.o
[290/928] MWCC build/GEDE01/src/game/game_fn_8017A12C.o
[291/928] MWCC build/GEDE01/src/game/game_fn_8017A1C0.o
[292/928] MWCC build/GEDE01/src/game/game_fn_8017A9B8.o
[293/928] MWCC build/GEDE01/src/game/game_fn_8017AC20.o
[294/928] MWCC build/GEDE01/src/game/game_fn_8017E850.o
[295/928] MWCC build/GEDE01/src/game/game_fn_8017E958.o
[296/928] MWCC build/GEDE01/src/game/game_fn_80180DDC.o
[297/928] MWCC build/GEDE01/src/game/game_fn_801810A0.o
[298/928] MWCC build/GEDE01/src/game/game_fn_801816D4.o
[299/928] MWCC build/GEDE01/src/game/game_fn_801859FC.o
[300/928] MWCC build/GEDE01/src/game/game_fn_80185AE8.o
[301/928] MWCC build/GEDE01/src/game/game_fn_80185F10.o
[302/928] MWCC build/GEDE01/src/game/game_fn_801861C4.o
[303/928] MWCC build/GEDE01/src/game/game_fn_801865EC.o
[304/928] MWCC build/GEDE01/src/game/game_fn_8018680C.o
[305/928] MWCC build/GEDE01/src/game/game_fn_80186E10.o
[306/928] MWCC build/GEDE01/src/game/game_fn_80186F70.o
[307/928] MWCC build/GEDE01/src/game/game_fn_80187120.o
[308/928] MWCC build/GEDE01/src/game/game_fn_80187320.o
[309/928] MWCC build/GEDE01/src/game/game_fn_801875FC.o
[310/928] MWCC build/GEDE01/src/game/game_fn_801878E0.o
[311/928] MWCC build/GEDE01/src/game/game_fn_80187BB4.o
[312/928] MWCC build/GEDE01/src/game/game_fn_80187E40.o
[313/928] MWCC build/GEDE01/src/game/game_fn_80188A7C.o
[314/928] MWCC build/GEDE01/src/game/game_fn_80188B44.o
[315/928] MWCC build/GEDE01/src/game/game_fn_80188C1C.o
[316/928] MWCC build/GEDE01/src/game/game_fn_80188E28.o
[317/928] MWCC build/GEDE01/src/game/game_fn_80189028.o
[318/928] MWCC build/GEDE01/src/game/game_fn_801891D8.o
[319/928] MWCC build/GEDE01/src/game/game_fn_80189390.o
[320/928] MWCC build/GEDE01/src/game/game_fn_801895E8.o
[321/928] MWCC build/GEDE01/src/game/game_fn_801896A0.o
[322/928] MWCC build/GEDE01/src/game/game_fn_80189760.o
[323/928] MWCC build/GEDE01/src/game/game_fn_80189968.o
[324/928] MWCC build/GEDE01/src/game/game_fn_80189C14.o
[325/928] MWCC build/GEDE01/src/game/game_fn_8018C2D0.o
[326/928] MWCC build/GEDE01/src/game/game_fn_8018D1F0.o
[327/928] MWCC build/GEDE01/src/game/game_fn_8018D2E0.o
[328/928] MWCC build/GEDE01/src/game/game_fn_8018D400.o
[329/928] MWCC build/GEDE01/src/game/game_fn_8018D688.o
[330/928] MWCC build/GEDE01/src/game/game_fn_8018DC24.o
[331/928] MWCC build/GEDE01/src/game/game_fn_8018E0D8.o
[332/928] MWCC build/GEDE01/src/game/game_fn_8018F1D0.o
[333/928] MWCC build/GEDE01/src/game/game_fn_8018F81C.o
[334/928] MWCC build/GEDE01/src/game/game_fn_8018FEDC.o
[335/928] MWCC build/GEDE01/src/game/game_fn_8019120C.o
[336/928] MWCC build/GEDE01/src/game/game_fn_80191360.o
[337/928] MWCC build/GEDE01/src/game/game_fn_801916D0.o
[338/928] MWCC build/GEDE01/src/game/game_fn_8019197C.o
[339/928] MWCC build/GEDE01/src/game/game_fn_80191F58.o
[340/928] MWCC build/GEDE01/src/game/game_fn_801926EC.o
[341/928] MWCC build/GEDE01/src/game/game_fn_801929A4.o
[342/928] MWCC build/GEDE01/src/game/game_fn_80192F54.o
[343/928] MWCC build/GEDE01/src/game/game_fn_801931C4.o
[344/928] MWCC build/GEDE01/src/game/game_fn_80193E1C.o
[345/928] MWCC build/GEDE01/src/game/game_fn_80193F3C.o
[346/928] MWCC build/GEDE01/src/game/game_fn_80194F80.o
[347/928] MWCC build/GEDE01/src/game/game_fn_801952E8.o
[348/928] MWCC build/GEDE01/src/game/game_fn_80197910.o
[349/928] MWCC build/GEDE01/src/game/game_fn_80198154.o
[350/928] MWCC build/GEDE01/src/game/game_fn_80198AAC.o
[351/928] MWCC build/GEDE01/src/game/game_fn_80198BF4.o
[352/928] MWCC build/GEDE01/src/game/game_fn_801991E0.o
[353/928] MWCC build/GEDE01/src/game/game_fn_8019B1BC.o
[354/928] MWCC build/GEDE01/src/game/game_fn_8019CC28.o
[355/928] MWCC build/GEDE01/src/game/game_fn_8019CFC4.o
[356/928] MWCC build/GEDE01/src/game/game_fn_8019E5E4.o
[357/928] MWCC build/GEDE01/src/game/game_fn_8019E8C8.o
[358/928] MWCC build/GEDE01/src/game/game_fn_801A1F18.o
[359/928] MWCC build/GEDE01/src/game/game_fn_801A2A54.o
[360/928] MWCC build/GEDE01/src/game/game_fn_801A34BC.o
[361/928] MWCC build/GEDE01/src/game/game_fn_801A3A78.o
[362/928] MWCC build/GEDE01/src/game/game_fn_801A4430.o
[363/928] MWCC build/GEDE01/src/game/game_fn_801A4CE0.o
[364/928] MWCC build/GEDE01/src/game/game_fn_801A5FB0.o
[365/928] MWCC build/GEDE01/src/game/game_fn_801A6410.o
[366/928] MWCC build/GEDE01/src/game/game_fn_801A657C.o
[367/928] MWCC build/GEDE01/src/game/game_fn_801A6ADC.o
[368/928] MWCC build/GEDE01/src/game/game_fn_801A6C58.o
[369/928] MWCC build/GEDE01/src/game/game_fn_801A6CB4.o
[370/928] MWCC build/GEDE01/src/game/game_fn_801A7E04.o
[371/928] MWCC build/GEDE01/src/game/game_fn_801A7EA8.o
[372/928] MWCC build/GEDE01/src/game/game_fn_801A93E8.o
[373/928] MWCC build/GEDE01/src/game/game_fn_801AB154.o
[374/928] MWCC build/GEDE01/src/game/game_fn_801ABD3C.o
[375/928] MWCC build/GEDE01/src/game/game_fn_801AC8AC.o
[376/928] MWCC build/GEDE01/src/game/game_fn_801ACFE8.o
[377/928] MWCC build/GEDE01/src/game/game_fn_801AD08C.o
[378/928] MWCC build/GEDE01/src/game/game_fn_801AFA74.o
[379/928] MWCC build/GEDE01/src/game/game_fn_801B02F0.o
[380/928] MWCC build/GEDE01/src/game/game_fn_801B1BA0.o
[381/928] MWCC build/GEDE01/src/game/game_fn_801B35BC.o
[382/928] MWCC build/GEDE01/src/game/game_fn_801B46C8.o
[383/928] MWCC build/GEDE01/src/game/game_fn_801B4FB4.o
[384/928] MWCC build/GEDE01/src/game/game_fn_801B5228.o
[385/928] MWCC build/GEDE01/src/game/game_fn_801B58F0.o
[386/928] MWCC build/GEDE01/src/game/game_fn_801B6F1C.o
[387/928] MWCC build/GEDE01/src/game/game_fn_801B86C0.o
[388/928] MWCC build/GEDE01/src/game/game_fn_801B941C.o
[389/928] MWCC build/GEDE01/src/game/game_fn_801B9E7C.o
[390/928] MWCC build/GEDE01/src/game/game_fn_801BA15C.o
[391/928] MWCC build/GEDE01/src/game/game_fn_801BA708.o
[392/928] MWCC build/GEDE01/src/game/game_fn_801BA94C.o
[393/928] MWCC build/GEDE01/src/game/game_fn_801BB1A0.o
[394/928] MWCC build/GEDE01/src/game/game_fn_801BC0D4.o
[395/928] MWCC build/GEDE01/src/game/game_fn_801BC240.o
[396/928] MWCC build/GEDE01/src/game/game_fn_801BC8F4.o
[397/928] MWCC build/GEDE01/src/game/game_fn_801BCC04.o
[398/928] MWCC build/GEDE01/src/game/game_fn_801BD990.o
[399/928] MWCC build/GEDE01/src/game/game_fn_801BDE7C.o
[400/928] MWCC build/GEDE01/src/game/game_fn_801BE0D4.o
[401/928] MWCC build/GEDE01/src/game/game_fn_801BEF40.o
[402/928] MWCC build/GEDE01/src/game/game_fn_801C1CB0.o
[403/928] MWCC build/GEDE01/src/game/game_fn_801C2980.o
[404/928] MWCC build/GEDE01/src/game/game_fn_801C29BC.o
[405/928] MWCC build/GEDE01/src/game/game_fn_801C2AAC.o
[406/928] MWCC build/GEDE01/src/game/game_fn_801C2D9C.o
[407/928] MWCC build/GEDE01/src/game/game_fn_801C8160.o
[408/928] MWCC build/GEDE01/src/game/game_fn_801C8224.o
[409/928] MWCC build/GEDE01/src/game/game_fn_801C8600.o
[410/928] MWCC build/GEDE01/src/game/game_fn_801C4B5C.o
[411/928] MWCC build/GEDE01/src/game/game_fn_801C87DC.o
[412/928] MWCC build/GEDE01/src/game/game_fn_801C8CC0.o
[413/928] MWCC build/GEDE01/src/game/game_fn_801C8F50.o
[414/928] MWCC build/GEDE01/src/game/game_fn_801C90A4.o
[415/928] MWCC build/GEDE01/src/game/game_fn_801C9510.o
[416/928] MWCC build/GEDE01/src/game/game_fn_801C970C.o
[417/928] MWCC build/GEDE01/src/game/game_fn_801C9A08.o
[418/928] MWCC build/GEDE01/src/game/game_fn_801C9B1C.o
[419/928] MWCC build/GEDE01/src/game/game_fn_801CB4F8.o
[420/928] MWCC build/GEDE01/src/game/game_fn_801CD228.o
[421/928] MWCC build/GEDE01/src/game/game_fn_801CE09C.o
[422/928] MWCC build/GEDE01/src/game/game_fn_801CE594.o
[423/928] MWCC build/GEDE01/src/game/game_fn_801D1B10.o
[424/928] MWCC build/GEDE01/src/game/game_fn_801D1F78.o
[425/928] MWCC build/GEDE01/src/game/game_fn_801D3988.o
[426/928] MWCC build/GEDE01/src/game/game_fn_801D76A8.o
[427/928] MWCC build/GEDE01/src/game/game_fn_801D7C24.o
[428/928] MWCC build/GEDE01/src/game/game_fn_801D8050.o
[429/928] MWCC build/GEDE01/src/game/game_fn_801D9FE4.o
[430/928] MWCC build/GEDE01/src/game/game_fn_801E2A48.o
[431/928] MWCC build/GEDE01/src/game/game_fn_801E41AC.o
[432/928] MWCC build/GEDE01/src/game/game_fn_801E504C.o
[433/928] MWCC build/GEDE01/src/game/game_fn_801E6814.o
[434/928] MWCC build/GEDE01/src/game/game_fn_801E7014.o
[435/928] MWCC build/GEDE01/src/game/game_fn_801EB09C.o
[436/928] MWCC build/GEDE01/src/game/game_fn_801E995C.o
[437/928] MWCC build/GEDE01/src/game/game_fn_801EB11C.o
[438/928] MWCC build/GEDE01/src/game/game_fn_801ECD74.o
[439/928] MWCC build/GEDE01/src/game/game_fn_801ECF50.o
[440/928] MWCC build/GEDE01/src/game/game_fn_801ED5F4.o
[441/928] MWCC build/GEDE01/src/game/game_fn_801EF580.o
[442/928] MWCC build/GEDE01/src/game/game_fn_801EF910.o
[443/928] MWCC build/GEDE01/src/game/game_fn_801F0CB0.o
[444/928] MWCC build/GEDE01/src/game/game_fn_801F10BC.o
[445/928] MWCC build/GEDE01/src/game/game_fn_801F1A38.o
[446/928] MWCC build/GEDE01/src/game/game_fn_801F35A8.o
[447/928] MWCC build/GEDE01/src/game/game_fn_801F55A0.o
[448/928] MWCC build/GEDE01/src/game/game_fn_801F69F0.o
[449/928] MWCC build/GEDE01/src/game/game_fn_801F6BD8.o
[450/928] MWCC build/GEDE01/src/game/game_fn_801F7510.o
[451/928] MWCC build/GEDE01/src/game/game_fn_801F76EC.o
[452/928] MWCC build/GEDE01/src/game/game_fn_801F8264.o
[453/928] MWCC build/GEDE01/src/game/game_fn_801F89B4.o
[454/928] MWCC build/GEDE01/src/game/game_fn_801F8FAC.o
[455/928] MWCC build/GEDE01/src/game/game_fn_801F9AF8.o
[456/928] MWCC build/GEDE01/src/game/game_fn_801F9CF4.o
[457/928] MWCC build/GEDE01/src/game/game_fn_801FA9C8.o
[458/928] MWCC build/GEDE01/src/game/game_fn_801FB6A4.o
[459/928] MWCC build/GEDE01/src/game/game_fn_801FC034.o
[460/928] MWCC build/GEDE01/src/game/game_fn_801FC204.o
[461/928] EXTERNALIZE build/GEDE01/src/game/game_fn_800A2B8C.o
[462/928] MWCC build/GEDE01/src/game/game_fn_801FFE78.o
[463/928] EXTERNALIZE build/GEDE01/src/game/game_fn_800DC4D4.o
[464/928] EXTERNALIZE build/GEDE01/src/game/game_fn_80119C70.o
[465/928] EXTERNALIZE build/GEDE01/src/game/game_fn_80175A08.o
[466/928] EXTERNALIZE build/GEDE01/src/game/game_fn_80066E78.o
[467/928] EXTERNALIZE build/GEDE01/src/game/game_fn_801247F8.o
[468/928] EXTERNALIZE build/GEDE01/src/game/game_fn_801EF910.o
[469/928] EXTERNALIZE build/GEDE01/src/game/game_fn_801ECF50.o
[470/928] EXTERNALIZE build/GEDE01/src/game/game_fn_801FC204.o
[471/928] EXTERNALIZE build/GEDE01/src/game/game_fn_801EB09C.o
[472/928] EXTERNALIZE JUMPTABLES build/GEDE01/src/game/game_fn_80050B08.o
[473/928] EXTERNALIZE build/GEDE01/src/game/game_fn_801EB11C.o
[474/928] EXTERNALIZE build/GEDE01/src/game/game_fn_801D9FE4.o
[475/928] EXTERNALIZE build/GEDE01/src/game/game_fn_801E41AC.o
[476/928] EXTERNALIZE build/GEDE01/src/game/game_fn_801D76A8.o
[477/928] EXTERNALIZE build/GEDE01/src/game/game_fn_801D7C24.o
[478/928] EXTERNALIZE build/GEDE01/src/game/game_fn_801D8050.o
[479/928] EXTERNALIZE build/GEDE01/src/game/game_fn_8019B1BC.o
[480/928] EXTERNALIZE build/GEDE01/src/game/game_fn_80178F88.o
[481/928] EXTERNALIZE build/GEDE01/src/game/game_fn_801CD228.o
[482/928] EXTERNALIZE build/GEDE01/src/game/game_fn_801BA15C.o
[483/928] EXTERNALIZE build/GEDE01/src/game/game_fn_801C970C.o
[484/928] EXTERNALIZE build/GEDE01/src/game/game_fn_80126A00.o
[485/928] EXTERNALIZE build/GEDE01/src/game/game_fn_801C9510.o
[486/928] EXTERNALIZE build/GEDE01/src/game/game_fn_8013D6A4.o
[487/928] EXTERNALIZE build/GEDE01/src/game/game_fn_800C9C60.o
[488/928] EXTERNALIZE build/GEDE01/src/game/game_fn_801B4FB4.o
[489/928] EXTERNALIZE build/GEDE01/src/game/game_fn_801B5228.o
[490/928] EXTERNALIZE build/GEDE01/src/game/game_fn_801C87DC.o
[491/928] EXTERNALIZE build/GEDE01/src/game/game_fn_801C8CC0.o
[492/928] EXTERNALIZE build/GEDE01/src/game/game_fn_801B6F1C.o
[493/928] EXTERNALIZE build/GEDE01/src/game/game_fn_800FD0C8.o
[494/928] EXTERNALIZE build/GEDE01/src/game/game_fn_801BE0D4.o
[495/928] EXTERNALIZE build/GEDE01/src/game/game_fn_801BDE7C.o
[496/928] EXTERNALIZE STATIC POOL build/GEDE01/src/game/game_fn_801C9A08.o
build/GEDE01/src/game/game_fn_801C9A08.o: lbl_80629390 now undefined; section 3 emptied
[497/928] EXTERNALIZE STATIC POOL build/GEDE01/src/game/game_fn_801C9B1C.o
build/GEDE01/src/game/game_fn_801C9B1C.o: lbl_80629390 now undefined; section 3 emptied
[498/928] EXTERNALIZE build/GEDE01/src/game/game_fn_801B941C.o
[499/928] EXTERNALIZE STATIC POOL build/GEDE01/src/game/game_fn_801BD990.o
build/GEDE01/src/game/game_fn_801BD990.o: lbl_80626D80 now undefined; section 6 emptied
[500/928] EXTERNALIZE STATIC POOL build/GEDE01/src/game/game_fn_801B58F0.o
build/GEDE01/src/game/game_fn_801B58F0.o: lbl_8060C020 now undefined; section 3 emptied
[501/928] EXTERNALIZE STATIC POOL build/GEDE01/src/game/game_fn_801B9E7C.o
build/GEDE01/src/game/game_fn_801B9E7C.o: 0 relocation(s) moved from streamInfo to ...bss.0
build/GEDE01/src/game/game_fn_801B9E7C.o: lbl_8061AE48 now undefined; section 6 emptied
[502/928] EXTERNALIZE STATIC POOL build/GEDE01/src/game/game_fn_801BB1A0.o
build/GEDE01/src/game/game_fn_801BB1A0.o: 0 relocation(s) moved from streamInfo to ...bss.0
build/GEDE01/src/game/game_fn_801BB1A0.o: lbl_8061AE48 now undefined; section 6 emptied
[503/928] EXTERNALIZE STATIC POOL build/GEDE01/src/game/game_fn_801BA708.o
build/GEDE01/src/game/game_fn_801BA708.o: 0 relocation(s) moved from streamInfo to ...bss.0
build/GEDE01/src/game/game_fn_801BA708.o: lbl_8061AE48 now undefined; section 6 emptied
[504/928] EXTERNALIZE build/GEDE01/src/game/game_fn_801BA94C.o
build/GEDE01/src/game/game_fn_801BA94C.o: 0 relocation(s) moved from streamInfo to ...bss.0
build/GEDE01/src/game/game_fn_801BA94C.o: lbl_8061AE48 now undefined; section 6 emptied
[505/928] EXTERNALIZE STATIC build/GEDE01/src/game/game_fn_801B35BC.o
build/GEDE01/src/game/game_fn_801B35BC.o: lbl_8060D420 now undefined; section 6 emptied
[506/928] EXTERNALIZE STATIC POOL build/GEDE01/src/game/game_fn_801BC8F4.o
build/GEDE01/src/game/game_fn_801BC8F4.o: lbl_8061C748 now undefined; section 6 emptied
[507/928] EXTERNALIZE STATIC build/GEDE01/src/game/game_fn_801BC240.o
build/GEDE01/src/game/game_fn_801BC240.o: lbl_8061C748 now undefined; section 6 emptied
[508/928] EXTERNALIZE STATIC POOL build/GEDE01/src/game/game_fn_801BCC04.o
build/GEDE01/src/game/game_fn_801BCC04.o: lbl_8061C748 now undefined; section 6 emptied
[509/928] EXTERNALIZE STATIC POOL build/GEDE01/src/game/game_fn_801BC0D4.o
build/GEDE01/src/game/game_fn_801BC0D4.o: lbl_8061C748 now undefined; section 6 emptied
[510/928] EXTERNALIZE STATIC POOL build/GEDE01/src/game/game_fn_801C1CB0.o
build/GEDE01/src/game/game_fn_801C1CB0.o: lbl_80626DA0 now undefined; section 3 emptied
[511/928] RENAME build/GEDE01/src/game/game_InitMetroTRKCommTable.o
[512/928] EXTERNALIZE STATIC POOL build/GEDE01/src/game/game_fn_801CE09C.o
build/GEDE01/src/game/game_fn_801CE09C.o: lbl_80631340 now undefined; section 6 emptied
[513/928] RENAME RUNTIME INTRINSICS build/GEDE01/src/game/game_fn_801CB4F8.o
[514/928] EXTERNALIZE build/GEDE01/src/game/game_fn_801D3988.o
[515/928] EXTERNALIZE STATIC POOL build/GEDE01/src/game/game_fn_8010242C.o
build/GEDE01/src/game/game_fn_8010242C.o: lbl_8032CC08 now undefined; section 3 emptied
[516/928] EXTERNALIZE build/GEDE01/src/game/game_fn_801D1B10.o
[517/928] ALIGN DATA build/GEDE01/src/game/game_fn_80008014.o
[518/928] EXTERNALIZE build/GEDE01/src/game/game_fn_801CE594.o
[519/928] EXTERNALIZE build/GEDE01/src/game/game_fn_8014549C.o
[520/928] EXTERNALIZE build/GEDE01/src/game/game_fn_801C8224.o
[521/928] EXTERNALIZE build/GEDE01/src/game/game_fn_801098C0.o
[522/928] EXTERNALIZE build/GEDE01/src/game/game_fn_8000FDE8.o
[523/928] EXTERNALIZE build/GEDE01/src/game/game_fn_80185F10.o
[524/928] EXTERNALIZE build/GEDE01/src/game/game_fn_801C29BC.o
[525/928] EXTERNALIZE build/GEDE01/src/game/game_fn_801C8F50.o
[526/928] EXTERNALIZE build/GEDE01/src/game/game_fn_8007B828.o
[527/928] EXTERNALIZE build/GEDE01/src/game/game_fn_801C90A4.o
[528/928] EXTERNALIZE build/GEDE01/src/game/game_fn_801C8160.o
[529/928] EXTERNALIZE build/GEDE01/src/game/game_fn_801C2AAC.o
[530/928] EXTERNALIZE build/GEDE01/src/game/game_fn_801C2D9C.o
[531/928] EXTERNALIZE build/GEDE01/src/game/game_fn_801C2980.o
[532/928] EXTERNALIZE build/GEDE01/src/game/game_fn_801B02F0.o
[533/928] EXTERNALIZE build/GEDE01/src/game/game_fn_801AFA74.o
[534/928] EXTERNALIZE build/GEDE01/src/game/game_fn_801AC8AC.o
[535/928] EXTERNALIZE build/GEDE01/src/game/game_fn_801ABD3C.o
[536/928] EXTERNALIZE build/GEDE01/src/game/game_fn_801816D4.o
[537/928] EXTERNALIZE build/GEDE01/src/game/game_fn_8011F140.o
[538/928] EXTERNALIZE build/GEDE01/src/game/game_fn_801AD08C.o
[539/928] EXTERNALIZE build/GEDE01/src/game/game_fn_8004998C.o
[540/928] EXTERNALIZE build/GEDE01/src/game/game_fn_80079AA4.o
[541/928] EXTERNALIZE build/GEDE01/src/game/game_fn_80158D38.o
[542/928] EXTERNALIZE build/GEDE01/src/game/game_fn_801A3A78.o
[543/928] EXTERNALIZE build/GEDE01/src/game/game_fn_8008F224.o
[544/928] EXTERNALIZE build/GEDE01/src/game/game_fn_80167454.o
[545/928] EXTERNALIZE build/GEDE01/src/game/game_fn_800AF230.o
[546/928] EXTERNALIZE build/GEDE01/src/game/game_fn_801A93E8.o
[547/928] EXTERNALIZE build/GEDE01/src/game/game_fn_801AB154.o
[548/928] EXTERNALIZE build/GEDE01/src/game/game_fn_801A7E04.o
[549/928] EXTERNALIZE build/GEDE01/src/game/game_fn_801A7EA8.o
[550/928] EXTERNALIZE build/GEDE01/src/game/game_fn_801A6CB4.o
[551/928] EXTERNALIZE build/GEDE01/src/game/game_fn_801A6C58.o
[552/928] EXTERNALIZE build/GEDE01/src/game/game_fn_801A4CE0.o
[553/928] NAME JUMPTABLE build/GEDE01/src/game/game_fn_801A6ADC.o
[554/928] EXTERNALIZE build/GEDE01/src/game/game_fn_801A6410.o
[555/928] EXTERNALIZE build/GEDE01/src/game/game_fn_801A5FB0.o
[556/928] EXTERNALIZE build/GEDE01/src/game/game_fn_801A1F18.o
[557/928] EXTERNALIZE build/GEDE01/src/game/game_fn_8019E8C8.o
[558/928] EXTERNALIZE build/GEDE01/src/game/game_fn_8019E5E4.o
[559/928] EXTERNALIZE build/GEDE01/src/game/game_fn_8019CFC4.o
[560/928] EXTERNALIZE build/GEDE01/src/game/game_fn_8019CC28.o
[561/928] EXTERNALIZE build/GEDE01/src/game/game_fn_801991E0.o
[562/928] EXTERNALIZE build/GEDE01/src/game/game_fn_80198BF4.o
[563/928] EXTERNALIZE build/GEDE01/src/game/game_fn_80198AAC.o
[564/928] EXTERNALIZE build/GEDE01/src/game/game_fn_80198154.o
[565/928] EXTERNALIZE build/GEDE01/src/game/game_fn_80194F80.o
[566/928] EXTERNALIZE build/GEDE01/src/game/game_fn_80197910.o
[567/928] EXTERNALIZE build/GEDE01/src/game/game_fn_80177434.o
repointed 2 relocations to lbl_80250588
[568/928] EXTERNALIZE build/GEDE01/src/game/game_fn_80193E1C.o
[569/928] EXTERNALIZE build/GEDE01/src/game/game_fn_801931C4.o
[570/928] EXTERNALIZE build/GEDE01/src/game/game_fn_80193F3C.o
[571/928] EXTERNALIZE build/GEDE01/src/game/game_fn_80192F54.o
[572/928] EXTERNALIZE build/GEDE01/src/game/game_fn_80191F58.o
[573/928] EXTERNALIZE build/GEDE01/src/game/game_fn_8019197C.o
[574/928] EXTERNALIZE build/GEDE01/src/game/game_fn_80191360.o
[575/928] GLOBALIZE build/GEDE01/src/game/game_fn_8018F1D0.o
[576/928] EXTERNALIZE build/GEDE01/src/game/game_fn_8018D688.o
[577/928] EXTERNALIZE build/GEDE01/src/game/game_fn_8018F81C.o
[578/928] EXTERNALIZE build/GEDE01/src/game/game_fn_8018D2E0.o
[579/928] EXTERNALIZE build/GEDE01/src/game/game_fn_80189968.o
[580/928] EXTERNALIZE build/GEDE01/src/game/game_fn_80189760.o
[581/928] EXTERNALIZE build/GEDE01/src/game/game_fn_8018D1F0.o
[582/928] EXTERNALIZE build/GEDE01/src/game/game_fn_801896A0.o
[583/928] EXTERNALIZE build/GEDE01/src/game/game_fn_801895E8.o
[584/928] EXTERNALIZE build/GEDE01/src/game/game_fn_80189390.o
[585/928] EXTERNALIZE build/GEDE01/src/game/game_fn_801891D8.o
[586/928] EXTERNALIZE build/GEDE01/src/game/game_fn_80188E28.o
[587/928] EXTERNALIZE build/GEDE01/src/game/game_fn_80189028.o
[588/928] EXTERNALIZE build/GEDE01/src/game/game_fn_80188B44.o
[589/928] EXTERNALIZE build/GEDE01/src/game/game_fn_80188C1C.o
[590/928] EXTERNALIZE build/GEDE01/src/game/game_fn_80188A7C.o
[591/928] EXTERNALIZE build/GEDE01/src/game/game_fn_801878E0.o
[592/928] EXTERNALIZE build/GEDE01/src/game/game_fn_80187120.o
[593/928] EXTERNALIZE build/GEDE01/src/game/game_fn_8018FEDC.o
[594/928] EXTERNALIZE build/GEDE01/src/game/game_fn_80186E10.o
[595/928] EXTERNALIZE build/GEDE01/src/game/game_fn_801865EC.o
[596/928] EXTERNALIZE build/GEDE01/src/game/game_fn_80185AE8.o
[597/928] EXTERNALIZE build/GEDE01/src/game/game_fn_801859FC.o
[598/928] EXTERNALIZE build/GEDE01/src/game/game_fn_80180DDC.o
[599/928] EXTERNALIZE build/GEDE01/src/game/game_fn_8017E958.o
[600/928] EXTERNALIZE build/GEDE01/src/game/game_fn_8017E850.o
[601/928] EXTERNALIZE build/GEDE01/src/game/game_fn_8017718C.o
[602/928] EXTERNALIZE build/GEDE01/src/game/game_fn_801770F8.o
[603/928] EXTERNALIZE build/GEDE01/src/game/game_fn_80176FA0.o
[604/928] EXTERNALIZE build/GEDE01/src/game/game_fn_80176DF4.o
[605/928] EXTERNALIZE build/GEDE01/src/game/game_fn_80174358.o
[606/928] EXTERNALIZE build/GEDE01/src/game/game_fn_80173F04.o
[607/928] EXTERNALIZE build/GEDE01/src/game/game_fn_80174184.o
[608/928] EXTERNALIZE build/GEDE01/src/game/game_fn_8017553C.o
[609/928] EXTERNALIZE build/GEDE01/src/game/game_fn_80173D44.o
[610/928] EXTERNALIZE build/GEDE01/src/game/game_fn_80173770.o
[611/928] EXTERNALIZE build/GEDE01/src/game/game_fn_801734B4.o
[612/928] EXTERNALIZE build/GEDE01/src/game/game_fn_80173270.o
[613/928] EXTERNALIZE build/GEDE01/src/game/game_fn_80172DB8.o
[614/928] EXTERNALIZE build/GEDE01/src/game/game_fn_80172C78.o
[615/928] EXTERNALIZE build/GEDE01/src/game/game_fn_80172BB0.o
[616/928] EXTERNALIZE build/GEDE01/src/game/game_fn_801726EC.o
[617/928] EXTERNALIZE build/GEDE01/src/game/game_fn_8017250C.o
[618/928] EXTERNALIZE build/GEDE01/src/game/game_fn_80171F30.o
[619/928] EXTERNALIZE build/GEDE01/src/game/game_fn_801719B4.o
[620/928] EXTERNALIZE build/GEDE01/src/game/game_fn_801718F4.o
[621/928] EXTERNALIZE build/GEDE01/src/game/game_fn_80171664.o
[622/928] EXTERNALIZE build/GEDE01/src/game/game_fn_80170A40.o
[623/928] EXTERNALIZE build/GEDE01/src/game/game_fn_8017138C.o
[624/928] NORMALIZE build/GEDE01/src/game/game_TRKNubWelcome.o
[625/928] NORMALIZE build/GEDE01/src/game/game_TRK_main.o
[626/928] NORMALIZE build/GEDE01/src/game/game_data_80239E10.o
[627/928] NORMALIZE build/GEDE01/src/game/game_data_80239E18.o
[628/928] EXTERNALIZE build/GEDE01/src/game/game_fn_801706DC.o
[629/928] EXTERNALIZE build/GEDE01/src/game/game_fn_8017652C.o
[630/928] EXTERNALIZE build/GEDE01/src/game/game_fn_80170E9C.o
[631/928] EXTERNALIZE build/GEDE01/src/game/game_fn_80175E64.o
[632/928] EXTERNALIZE build/GEDE01/src/game/game_fn_80175F0C.o
[633/928] EXTERNALIZE build/GEDE01/src/game/game_fn_80175FD4.o
[634/928] EXTERNALIZE build/GEDE01/src/game/game_fn_80176098.o
[635/928] EXTERNALIZE build/GEDE01/src/game/game_fn_80176160.o
[636/928] EXTERNALIZE build/GEDE01/src/game/game_fn_80176220.o
[637/928] EXTERNALIZE build/GEDE01/src/game/game_fn_80170DF4.o
[638/928] EXTERNALIZE build/GEDE01/src/game/game_fn_801762E8.o
[639/928] EXTERNALIZE build/GEDE01/src/game/game_fn_8016E8F8.o
[640/928] EXTERNALIZE build/GEDE01/src/game/game_fn_8016FEF8.o
[641/928] EXTERNALIZE build/GEDE01/src/game/game_fn_801704F8.o
[642/928] NORMALIZE build/GEDE01/src/game/game_fn_8016DF4C.o
[643/928] EXTERNALIZE build/GEDE01/src/game/game_fn_8016D2B8.o
[644/928] EXTERNALIZE build/GEDE01/src/game/game_fn_8016D040.o
[645/928] EXTERNALIZE build/GEDE01/src/game/game_fn_8016D1F8.o
[646/928] EXTERNALIZE build/GEDE01/src/game/game_fn_8016C774.o
[647/928] EXTERNALIZE build/GEDE01/src/game/game_fn_8016C4BC.o
[648/928] EXTERNALIZE build/GEDE01/src/game/game_fn_8016C238.o
[649/928] EXTERNALIZE build/GEDE01/src/game/game_fn_8016C164.o
[650/928] EXTERNALIZE build/GEDE01/src/game/game_fn_8016C0BC.o
[651/928] EXTERNALIZE build/GEDE01/src/game/game_fn_8017038C.o
[652/928] EXTERNALIZE build/GEDE01/src/game/game_fn_8016BE1C.o
[653/928] EXTERNALIZE build/GEDE01/src/game/game_fn_8016BF60.o
[654/928] EXTERNALIZE build/GEDE01/src/game/game_fn_8016BD0C.o
[655/928] EXTERNALIZE build/GEDE01/src/game/game_fn_80169650.o
[656/928] EXTERNALIZE build/GEDE01/src/game/game_fn_80167B5C.o
[657/928] EXTERNALIZE build/GEDE01/src/game/game_fn_8015EDC0.o
[658/928] EXTERNALIZE build/GEDE01/src/game/game_fn_8015DB84.o
[659/928] EXTERNALIZE build/GEDE01/src/game/game_fn_8015DC54.o
[660/928] EXTERNALIZE build/GEDE01/src/game/game_fn_80158B20.o
[661/928] EXTERNALIZE build/GEDE01/src/game/game_fn_8017960C.o
[662/928] EXTERNALIZE build/GEDE01/src/game/game_fn_80179398.o
[663/928] EXTERNALIZE build/GEDE01/src/game/game_fn_8017974C.o
[664/928] EXTERNALIZE build/GEDE01/src/game/game_fn_80179904.o
[665/928] EXTERNALIZE build/GEDE01/src/game/game_fn_8017A9B8.o
[666/928] EXTERNALIZE build/GEDE01/src/game/game_fn_80179A18.o
[667/928] EXTERNALIZE build/GEDE01/src/game/game_fn_80179A74.o
[668/928] EXTERNALIZE build/GEDE01/src/game/game_fn_80179EB8.o
[669/928] EXTERNALIZE build/GEDE01/src/game/game_fn_80179F20.o
[670/928] EXTERNALIZE build/GEDE01/src/game/game_fn_8017A010.o
[671/928] EXTERNALIZE build/GEDE01/src/game/game_fn_8017A12C.o
[672/928] EXTERNALIZE build/GEDE01/src/game/game_fn_80157C0C.o
[673/928] EXTERNALIZE build/GEDE01/src/game/game_fn_8017A1C0.o
[674/928] EXTERNALIZE build/GEDE01/src/game/game_fn_80155814.o
[675/928] EXTERNALIZE build/GEDE01/src/game/game_fn_80153898.o
[676/928] EXTERNALIZE build/GEDE01/src/game/game_fn_8014B494.o
[677/928] EXTERNALIZE build/GEDE01/src/game/game_fn_8014AF38.o
[678/928] EXTERNALIZE build/GEDE01/src/game/game_fn_8012DB28.o
[679/928] EXTERNALIZE build/GEDE01/src/game/game_fn_801141B8.o
[680/928] EXTERNALIZE build/GEDE01/src/game/game_fn_801128E4.o
[681/928] EXTERNALIZE build/GEDE01/src/game/game_fn_801126E0.o
[682/928] EXTERNALIZE build/GEDE01/src/game/game_fn_8010F184.o
[683/928] EXTERNALIZE build/GEDE01/src/game/game_fn_800E4980.o
[684/928] EXTERNALIZE build/GEDE01/src/game/game_fn_800C17EC.o
[685/928] EXTERNALIZE build/GEDE01/src/game/game_fn_800C030C.o
[686/928] EXTERNALIZE build/GEDE01/src/game/game_fn_800C644C.o
[687/928] EXTERNALIZE build/GEDE01/src/game/game_fn_800C59F0.o
[688/928] EXTERNALIZE build/GEDE01/src/game/game_fn_800C65FC.o
[689/928] EXTERNALIZE build/GEDE01/src/game/game_fn_800CB760.o
[690/928] EXTERNALIZE build/GEDE01/src/game/game_fn_800CB8F4.o
[691/928] EXTERNALIZE build/GEDE01/src/game/game_fn_80078500.o
[692/928] EXTERNALIZE build/GEDE01/src/game/game_fn_80079908.o
[693/928] EXTERNALIZE build/GEDE01/src/game/game_fn_8007B2F4.o
[694/928] EXTERNALIZE build/GEDE01/src/game/game_fn_8007B540.o
[695/928] EXTERNALIZE build/GEDE01/src/game/game_fn_8007B640.o
[696/928] EXTERNALIZE build/GEDE01/src/game/game_fn_800886D8.o
[697/928] EXTERNALIZE build/GEDE01/src/game/game_fn_8007BA3C.o
[698/928] EXTERNALIZE build/GEDE01/src/game/game_fn_800934A0.o
[699/928] EXTERNALIZE build/GEDE01/src/game/game_fn_800A3894.o
[700/928] EXTERNALIZE build/GEDE01/src/game/game_fn_800A7E88.o
[701/928] EXTERNALIZE build/GEDE01/src/game/game_fn_800A4798.o
[702/928] EXTERNALIZE build/GEDE01/src/game/game_fn_800A2FCC.o
[703/928] GLOBALIZE build/GEDE01/src/game/game_fn_800A2130.o
[704/928] EXTERNALIZE build/GEDE01/src/game/game_fn_8009C424.o
[705/928] EXTERNALIZE build/GEDE01/src/game/game_fn_80096830.o
[706/928] GLOBALIZE build/GEDE01/src/game/game_fn_8008F890.o
[707/928] EXTERNALIZE SWITCHES build/GEDE01/src/game/game_fn_80095FDC.o
[708/928] EXTERNALIZE build/GEDE01/src/game/game_fn_800A4428.o
[709/928] EXTERNALIZE build/GEDE01/src/game/game_fn_80074310.o
[710/928] GLOBALIZE build/GEDE01/src/game/game_fn_8005FD84.o
[711/928] EXTERNALIZE build/GEDE01/src/game/game_fn_80066888.o
[712/928] EXTERNALIZE build/GEDE01/src/game/game_fn_8005EC6C.o
[713/928] EXTERNALIZE build/GEDE01/src/game/game_fn_80052310.o
[714/928] EXTERNALIZE build/GEDE01/src/game/game_fn_80048B24.o
[715/928] EXTERNALIZE build/GEDE01/src/game/game_fn_80048ADC.o
[716/928] NAME SWITCH build/GEDE01/src/game/game_fn_80020E94.o
[717/928] NAME SWITCH build/GEDE01/src/game/game_fn_8005EE9C.o
[718/928] NAME SWITCH build/GEDE01/src/game/game_fn_8016D9C0.o
[719/928] NAME SWITCH build/GEDE01/src/game/game_fn_80071A58.o
[720/928] NAME SWITCH build/GEDE01/src/game/game_fn_8006B620.o
[721/928] NAME SWITCH build/GEDE01/src/game/game_fn_8001FE1C.o
[722/928] NAME SWITCH build/GEDE01/src/game/game_fn_8001E644.o
[723/928] EXTERNALIZE build/GEDE01/src/game/game_fn_80038878.o
[724/928] EXTERNALIZE build/GEDE01/src/game/game_fn_801B46C8.o
build/GEDE01/src/game/game_fn_801B46C8.o: lbl_8060C020 now undefined; section 6 emptied
[725/928] EXTERNALIZE build/GEDE01/src/game/game_fn_80036C40.o
[726/928] EXTERNALIZE build/GEDE01/src/game/game_fn_800359A0.o
[727/928] EXTERNALIZE build/GEDE01/src/game/game_fn_80033180.o
[728/928] EXTERNALIZE build/GEDE01/src/game/game_fn_80033038.o
[729/928] EXTERNALIZE build/GEDE01/src/game/game_fn_80032B84.o
[730/928] EXTERNALIZE build/GEDE01/src/game/game_fn_8002E3F0.o
[731/928] EXTERNALIZE build/GEDE01/src/game/game_fn_8003232C.o
[732/928] EXTERNALIZE build/GEDE01/src/game/game_fn_8002DAE0.o
[733/928] EXTERNALIZE build/GEDE01/src/game/game_fn_8002EA68.o
[734/928] GLOBALIZE build/GEDE01/src/game/game_fn_8002B748.o
[735/928] EXTERNALIZE build/GEDE01/src/game/game_fn_8002F428.o
[736/928] EXTERNALIZE build/GEDE01/src/game/game_fn_800272B4.o
[737/928] NAME SWITCHES build/GEDE01/src/game/game_fn_80024F28.o
[738/928] EXTERNALIZE build/GEDE01/src/game/game_fn_8001CE94.o
[739/928] EXTERNALIZE build/GEDE01/src/game/game_fn_8001CD58.o
[740/928] EXTERNALIZE build/GEDE01/src/game/game_fn_8001C078.o
[741/928] EXTERNALIZE build/GEDE01/src/game/game_fn_8001B874.o
[742/928] EXTERNALIZE build/GEDE01/src/game/game_fn_8001B808.o
[743/928] EXTERNALIZE build/GEDE01/src/game/game_fn_8001B294.o
[744/928] EXTERNALIZE build/GEDE01/src/game/game_fn_8001B124.o
[745/928] EXTERNALIZE build/GEDE01/src/game/game_fn_8001AF68.o
[746/928] EXTERNALIZE build/GEDE01/src/game/game_fn_8001ADF8.o
[747/928] EXTERNALIZE build/GEDE01/src/game/game_fn_8001A6C4.o
[748/928] EXTERNALIZE build/GEDE01/src/game/game_fn_8001AAB8.o
[749/928] EXTERNALIZE build/GEDE01/src/game/game_fn_80019F98.o
[750/928] EXTERNALIZE build/GEDE01/src/game/game_fn_80019D2C.o
[751/928] EXTERNALIZE build/GEDE01/src/game/game_fn_80019940.o
[752/928] EXTERNALIZE build/GEDE01/src/game/game_fn_80019C10.o
[753/928] EXTERNALIZE build/GEDE01/src/game/game_fn_80019244.o
[754/928] EXTERNALIZE build/GEDE01/src/game/game_fn_800194D0.o
[755/928] EXTERNALIZE build/GEDE01/src/game/game_fn_80019054.o
[756/928] EXTERNALIZE build/GEDE01/src/game/game_fn_80018EF4.o
[757/928] EXTERNALIZE build/GEDE01/src/game/game_fn_80017DB0.o
[758/928] EXTERNALIZE build/GEDE01/src/game/game_fn_80017CC8.o
[759/928] EXTERNALIZE build/GEDE01/src/game/game_fn_80017C3C.o
[760/928] EXTERNALIZE build/GEDE01/src/game/game_fn_80017AE4.o
[761/928] EXTERNALIZE build/GEDE01/src/game/game_fn_80017A3C.o
[762/928] EXTERNALIZE build/GEDE01/src/game/game_fn_800179AC.o
[763/928] EXTERNALIZE build/GEDE01/src/game/game_fn_80017910.o
[764/928] EXTERNALIZE FLAGS build/GEDE01/src/game/game_fn_800119FC.o
[765/928] EXTERNALIZE build/GEDE01/src/game/game_fn_8000FFD8.o
[766/928] EXTERNALIZE build/GEDE01/src/game/game_fn_8000F4B0.o
[767/928] GLOBALIZE build/GEDE01/src/game/game_fn_800094C0.o
[768/928] EXTERNALIZE build/GEDE01/src/game/game_fn_8000EFC4.o
[769/928] EXTERNALIZE build/GEDE01/src/game/game_fn_800096E0.o
[770/928] EXTERNALIZE build/GEDE01/src/game/game_fn_800099D8.o
[771/928] EXTERNALIZE build/GEDE01/src/game/game_fn_800098C0.o
[772/928] EXTERNALIZE build/GEDE01/src/game/game_fn_80009AB4.o
[773/928] EXTERNALIZE build/GEDE01/src/game/game_fn_8000A26C.o
[774/928] EXTERNALIZE build/GEDE01/src/game/game_fn_800176F0.o
[775/928] EXTERNALIZE build/GEDE01/src/game/game_fn_800171C0.o
[776/928] EXTERNALIZE build/GEDE01/src/game/game_fn_8000AC88.o
[777/928] EXTERNALIZE build/GEDE01/src/game/game_fn_8000AEB4.o
[778/928] EXTERNALIZE build/GEDE01/src/game/game_fn_8000B1B8.o
[779/928] EXTERNALIZE build/GEDE01/src/game/game_fn_8000AFB4.o
[780/928] EXTERNALIZE build/GEDE01/src/game/game_fn_8000B630.o
[781/928] EXTERNALIZE build/GEDE01/src/game/game_fn_8000B36C.o
[782/928] EXTERNALIZE build/GEDE01/src/game/game_fn_8000B7FC.o
[783/928] EXTERNALIZE build/GEDE01/src/game/game_fn_8000B900.o
[784/928] EXTERNALIZE build/GEDE01/src/game/game_fn_8000BA0C.o
[785/928] EXTERNALIZE build/GEDE01/src/game/game_fn_8000BAA0.o
[786/928] EXTERNALIZE build/GEDE01/src/game/game_fn_8000BC40.o
[787/928] EXTERNALIZE build/GEDE01/src/game/game_fn_8000C06C.o
[788/928] EXTERNALIZE build/GEDE01/src/game/game_fn_8000C17C.o
[789/928] EXTERNALIZE build/GEDE01/src/game/game_fn_8000C400.o
[790/928] EXTERNALIZE build/GEDE01/src/game/game_fn_8000C91C.o
[791/928] EXTERNALIZE build/GEDE01/src/game/game_fn_8000C848.o
[792/928] EXTERNALIZE build/GEDE01/src/game/game_fn_8000D3D4.o
[793/928] EXTERNALIZE build/GEDE01/src/game/game_fn_8000D0BC.o
[794/928] NAME SWITCH build/GEDE01/src/game/game_fn_8000D8A4.o
[795/928] EXTERNALIZE build/GEDE01/src/game/game_fn_8000E054.o
[796/928] EXTERNALIZE build/GEDE01/src/game/game_fn_8000E0AC.o
[797/928] EXTERNALIZE build/GEDE01/src/game/game_fn_8000E96C.o
[798/928] EXTERNALIZE build/GEDE01/src/game/game_fn_8000F774.o
[799/928] EXTERNALIZE build/GEDE01/src/game/game_fn_8000EB14.o
[800/928] EXTERNALIZE build/GEDE01/src/game/game_fn_8000EBD4.o
[801/928] EXTERNALIZE build/GEDE01/src/game/game_fn_8000ED44.o
[802/928] EXTERNALIZE build/GEDE01/src/game/game_fn_8000E138.o
[803/928] EXTERNALIZE build/GEDE01/src/game/game_fn_8000E1C4.o
[804/928] EXTERNALIZE build/GEDE01/src/game/game_fn_8000D590.o
[805/928] EXTERNALIZE build/GEDE01/src/game/game_fn_8000DA50.o
[806/928] EXTERNALIZE build/GEDE01/src/game/game_fn_8000DAF4.o
[807/928] EXTERNALIZE build/GEDE01/src/game/game_fn_80012DA8.o
[808/928] EXTERNALIZE build/GEDE01/src/game/game_fn_80012F40.o
[809/928] EXTERNALIZE build/GEDE01/src/game/game_fn_800131E8.o
[810/928] EXTERNALIZE build/GEDE01/src/game/game_fn_80012FD0.o
[811/928] EXTERNALIZE build/GEDE01/src/game/game_fn_80013870.o
[812/928] EXTERNALIZE build/GEDE01/src/game/game_fn_80013340.o
[813/928] EXTERNALIZE build/GEDE01/src/game/game_fn_80013CB0.o
[814/928] EXTERNALIZE build/GEDE01/src/game/game_fn_80013D54.o
[815/928] EXTERNALIZE build/GEDE01/src/game/game_fn_800142DC.o
[816/928] EXTERNALIZE build/GEDE01/src/game/game_fn_800144CC.o
[817/928] EXTERNALIZE build/GEDE01/src/game/game_fn_800149D4.o
[818/928] EXTERNALIZE build/GEDE01/src/game/game_fn_80014784.o
[819/928] EXTERNALIZE build/GEDE01/src/game/game_fn_80015058.o
[820/928] EXTERNALIZE build/GEDE01/src/game/game_fn_80015320.o
[821/928] EXTERNALIZE build/GEDE01/src/game/game_fn_80015568.o
[822/928] EXTERNALIZE build/GEDE01/src/game/game_fn_800156FC.o
[823/928] EXTERNALIZE build/GEDE01/src/game/game_fn_80015BE0.o
[824/928] EXTERNALIZE build/GEDE01/src/game/game_fn_80015D40.o
[825/928] EXTERNALIZE build/GEDE01/src/game/game_fn_80015F04.o
[826/928] EXTERNALIZE build/GEDE01/src/game/game_fn_80016128.o
[827/928] EXTERNALIZE build/GEDE01/src/game/game_fn_80016270.o
[828/928] EXTERNALIZE build/GEDE01/src/game/game_fn_80016904.o
[829/928] EXTERNALIZE build/GEDE01/src/game/game_fn_800173CC.o
[830/928] EXTERNALIZE build/GEDE01/src/game/game_fn_80016B24.o
[831/928] EXTERNALIZE build/GEDE01/src/game/game_fn_801BEF40.o
[832/928] EXTERNALIZE build/GEDE01/src/game/game_fn_801B86C0.o
[833/928] EXTERNALIZE STATIC POOL build/GEDE01/src/game/game_fn_801C4B5C.o
build/GEDE01/src/game/game_fn_801C4B5C.o: lbl_80628CB0 now undefined; section 6 emptied
[834/928] EXTERNALIZE build/GEDE01/src/game/game_fn_80173BDC.o
[835/928] EXTERNALIZE build/GEDE01/src/game/game_fn_801C8600.o
[836/928] EXTERNALIZE build/GEDE01/src/game/game_fn_801E7014.o
[837/928] EXTERNALIZE build/GEDE01/src/game/game_fn_8014BA14.o
[838/928] EXTERNALIZE build/GEDE01/src/game/game_fn_801A4430.o
[839/928] EXTERNALIZE build/GEDE01/src/game/game_fn_800B2EC0.o
[840/928] EXTERNALIZE build/GEDE01/src/game/game_fn_8001CA04.o
[841/928] EXTERNALIZE build/GEDE01/src/game/game_fn_80031544.o
[842/928] EXTERNALIZE build/GEDE01/src/game/game_fn_8006B0F0.o
[843/928] EXTERNALIZE build/GEDE01/src/game/game_fn_8007D4D8.o
[844/928] EXTERNALIZE build/GEDE01/src/game/game_fn_8007F770.o
[845/928] EXTERNALIZE build/GEDE01/src/game/game_fn_80088F4C.o
[846/928] EXTERNALIZE build/GEDE01/src/game/game_fn_8008A2E0.o
[847/928] EXTERNALIZE build/GEDE01/src/game/game_fn_80089A34.o
[848/928] EXTERNALIZE build/GEDE01/src/game/game_fn_80090004.o
[849/928] EXTERNALIZE build/GEDE01/src/game/game_fn_80095D10.o
[850/928] EXTERNALIZE build/GEDE01/src/game/game_fn_800A3180.o
[851/928] EXTERNALIZE build/GEDE01/src/game/game_fn_800BB7A8.o
[852/928] EXTERNALIZE build/GEDE01/src/game/game_fn_800BB5C4.o
[853/928] EXTERNALIZE build/GEDE01/src/game/game_fn_800BB9A4.o
[854/928] EXTERNALIZE build/GEDE01/src/game/game_fn_800BBAF0.o
[855/928] EXTERNALIZE build/GEDE01/src/game/game_fn_800D9064.o
[856/928] EXTERNALIZE build/GEDE01/src/game/game_fn_800D9E10.o
[857/928] EXTERNALIZE build/GEDE01/src/game/game_fn_8012976C.o
[858/928] EXTERNALIZE build/GEDE01/src/game/game_fn_8013DB8C.o
[859/928] EXTERNALIZE build/GEDE01/src/game/game_fn_8013CBE4.o
[860/928] EXTERNALIZE build/GEDE01/src/game/game_fn_8014CA98.o
[861/928] EXTERNALIZE build/GEDE01/src/game/game_fn_80153A24.o
[862/928] EXTERNALIZE build/GEDE01/src/game/game_fn_801535D8.o
[863/928] EXTERNALIZE build/GEDE01/src/game/game_fn_80174F2C.o
[864/928] EXTERNALIZE build/GEDE01/src/game/game_fn_801752B0.o
[865/928] EXTERNALIZE build/GEDE01/src/game/game_fn_8017AC20.o
[866/928] EXTERNALIZE build/GEDE01/src/game/game_fn_801861C4.o
[867/928] EXTERNALIZE build/GEDE01/src/game/game_fn_8018680C.o
[868/928] EXTERNALIZE build/GEDE01/src/game/game_fn_80186F70.o
[869/928] EXTERNALIZE build/GEDE01/src/game/game_fn_80187320.o
[870/928] EXTERNALIZE build/GEDE01/src/game/game_fn_801810A0.o
[871/928] EXTERNALIZE build/GEDE01/src/game/game_fn_801875FC.o
[872/928] EXTERNALIZE build/GEDE01/src/game/game_fn_800542D0.o
[873/928] EXTERNALIZE build/GEDE01/src/game/game_fn_80187E40.o
[874/928] EXTERNALIZE build/GEDE01/src/game/game_fn_80187BB4.o
[875/928] EXTERNALIZE build/GEDE01/src/game/game_fn_80189C14.o
[876/928] EXTERNALIZE build/GEDE01/src/game/game_fn_8018C2D0.o
[877/928] EXTERNALIZE build/GEDE01/src/game/game_fn_8018D400.o
[878/928] EXTERNALIZE build/GEDE01/src/game/game_fn_8018E0D8.o
[879/928] EXTERNALIZE build/GEDE01/src/game/game_fn_8019120C.o
[880/928] EXTERNALIZE build/GEDE01/src/game/game_fn_8018DC24.o
[881/928] EXTERNALIZE build/GEDE01/src/game/game_fn_801916D0.o
[882/928] EXTERNALIZE build/GEDE01/src/game/game_fn_801926EC.o
[883/928] EXTERNALIZE build/GEDE01/src/game/game_fn_801929A4.o
[884/928] EXTERNALIZE build/GEDE01/src/game/game_fn_801A2A54.o
[885/928] EXTERNALIZE build/GEDE01/src/game/game_fn_801952E8.o
[886/928] EXTERNALIZE build/GEDE01/src/game/game_fn_801A34BC.o
[887/928] EXTERNALIZE build/GEDE01/src/game/game_fn_801A657C.o
[888/928] EXTERNALIZE build/GEDE01/src/game/game_fn_801D1F78.o
[889/928] EXTERNALIZE build/GEDE01/src/game/game_fn_801E2A48.o
[890/928] EXTERNALIZE build/GEDE01/src/game/game_fn_801E6814.o
[891/928] EXTERNALIZE build/GEDE01/src/game/game_fn_801E995C.o
[892/928] EXTERNALIZE build/GEDE01/src/game/game_fn_801F0CB0.o
[893/928] EXTERNALIZE build/GEDE01/src/game/game_fn_801EF580.o
[894/928] EXTERNALIZE build/GEDE01/src/game/game_fn_801F10BC.o
[895/928] EXTERNALIZE build/GEDE01/src/game/game_fn_801F35A8.o
[896/928] EXTERNALIZE build/GEDE01/src/game/game_fn_801ECD74.o
[897/928] EXTERNALIZE build/GEDE01/src/game/game_fn_801ED5F4.o
[898/928] EXTERNALIZE build/GEDE01/src/game/game_fn_801F69F0.o
[899/928] EXTERNALIZE build/GEDE01/src/game/game_fn_801F76EC.o
[900/928] EXTERNALIZE build/GEDE01/src/game/game_fn_801F8264.o
[901/928] EXTERNALIZE build/GEDE01/src/game/game_fn_801F89B4.o
[902/928] EXTERNALIZE build/GEDE01/src/game/game_fn_801F9AF8.o
[903/928] EXTERNALIZE build/GEDE01/src/game/game_fn_801F6BD8.o
[904/928] EXTERNALIZE build/GEDE01/src/game/game_fn_80095E64.o
[905/928] EXTERNALIZE build/GEDE01/src/game/game_fn_801FB6A4.o
[906/928] EXTERNALIZE JUMPTABLES build/GEDE01/src/game/game_fn_800361F8.o
[907/928] EXTERNALIZE JUMPTABLES build/GEDE01/src/game/game_fn_8006E53C.o
[908/928] EXTERNALIZE JUMPTABLES build/GEDE01/src/game/game_fn_800CF598.o
[909/928] EXTERNALIZE JUMPTABLES build/GEDE01/src/game/game_fn_801ACFE8.o
[910/928] EXTERNALIZE build/GEDE01/src/game/game_fn_80150A24.o
[911/928] EXTERNALIZE JUMPTABLES build/GEDE01/src/game/game_fn_801B1BA0.o
[912/928] EXTERNALIZE build/GEDE01/src/game/game_fn_80154F74.o
[913/928] EXTERNALIZE build/GEDE01/src/game/game_fn_801E504C.o
[914/928] EXTERNALIZE build/GEDE01/src/game/game_fn_8009E808.o
[915/928] EXTERNALIZE build/GEDE01/src/game/game_fn_801F1A38.o
[916/928] EXTERNALIZE build/GEDE01/src/game/game_fn_801FFE78.o
[917/928] EXTERNALIZE build/GEDE01/src/game/game_fn_801F55A0.o
[918/928] EXTERNALIZE build/GEDE01/src/game/game_fn_801F7510.o
[919/928] EXTERNALIZE build/GEDE01/src/game/game_fn_801F8FAC.o
[920/928] EXTERNALIZE build/GEDE01/src/game/game_fn_801F9CF4.o
[921/928] EXTERNALIZE build/GEDE01/src/game/game_fn_801FC034.o
[922/928] EXTERNALIZE build/GEDE01/src/game/game_fn_801FA9C8.o
[923/928] REPORT
 INFO Loading project .
 INFO Generating report for 7068 units (using 8 threads)
 INFO Report generated in 0.172s
 INFO Writing to build/GEDE01/report.json
[924/928] LINK build/GEDE01/main.elf
### mwldeppc.exe Linker Warning:
#   Section '.ignored' is unknown. Section ignored.
### mwldeppc.exe Linker Warning:
#   Section '.ignored' is unknown. Section ignored.
### mwldeppc.exe Linker Warning:
#   Section '.ignored' is unknown. Section ignored.
### mwldeppc.exe Linker Warning:
#   Section '.ignored' is unknown. Section ignored.
### mwldeppc.exe Linker Warning:
#   Section '.ignored' is unknown. Section ignored.
### mwldeppc.exe Linker Warning:
#   Section '.ignored' is unknown. Section ignored.
### mwldeppc.exe Linker Warning:
#   Section '.ignored' is unknown. Section ignored.
### mwldeppc.exe Linker Warning:
#   Section '.ignored' is unknown. Section ignored.
### mwldeppc.exe Linker Warning:
#   Section '.ignored' is unknown. Section ignored.
### mwldeppc.exe Linker Warning:
#   Section '.ignored' is unknown. Section ignored.
### mwldeppc.exe Linker Warning:
#   Section '.ignored' is unknown. Section ignored.
### mwldeppc.exe Linker Warning:
#   Section '.ignored' is unknown. Section ignored.
### mwldeppc.exe Linker Warning:
#   Section '.ignored' is unknown. Section ignored.
### mwldeppc.exe Linker Warning:
#   Section '.ignored' is unknown. Section ignored.
### mwldeppc.exe Linker Warning:
#   Section '.ignored' is unknown. Section ignored.
### mwldeppc.exe Linker Warning:
#   Section '.ignored' is unknown. Section ignored.
### mwldeppc.exe Linker Warning:
#   Section '.ignored' is unknown. Section ignored.
### mwldeppc.exe Linker Warning:
#   Section '.ignored' is unknown. Section ignored.
### mwldeppc.exe Linker Warning:
#   Section '.ignored' is unknown. Section ignored.
### mwldeppc.exe Linker Warning:
#   Section '.ignored' is unknown. Section ignored.
### mwldeppc.exe Linker Warning:
#   Section '.ignored' is unknown. Section ignored.
### mwldeppc.exe Linker Warning:
#   Section '.ignored' is unknown. Section ignored.
### mwldeppc.exe Linker Warning:
#   Section '.ignored' is unknown. Section ignored.
### mwldeppc.exe Linker Warning:
#   Section '.ignored' is unknown. Section ignored.
### mwldeppc.exe Linker Warning:
#   Section '.ignored' is unknown. Section ignored.
### mwldeppc.exe Linker Warning:
#   Section '.ignored' is unknown. Section ignored.
### mwldeppc.exe Linker Warning:
#   Section '.ignored' is unknown. Section ignored.
### mwldeppc.exe Linker Warning:
#   Section '.ignored' is unknown. Section ignored.
### mwldeppc.exe Linker Warning:
#   Section '.ignored' is unknown. Section ignored.
### mwldeppc.exe Linker Warning:
#   Section '.ignored' is unknown. Section ignored.
### mwldeppc.exe Linker Warning:
#   Section '.ignored' is unknown. Section ignored.
### mwldeppc.exe Linker Warning:
#   Section '.ignored' is unknown. Section ignored.
### mwldeppc.exe Linker Warning:
#   Section '.ignored' is unknown. Section ignored.
### mwldeppc.exe Linker Warning:
#   Section '.ignored' is unknown. Section ignored.
### mwldeppc.exe Linker Warning:
#   Section '.ignored' is unknown. Section ignored.
### mwldeppc.exe Linker Warning:
#   Section '.ignored' is unknown. Section ignored.
### mwldeppc.exe Linker Warning:
#   Section '.ignored' is unknown. Section ignored.
### mwldeppc.exe Linker Warning:
#   Section '.ignored' is unknown. Section ignored.
### mwldeppc.exe Linker Warning:
#   Section '.ignored' is unknown. Section ignored.
### mwldeppc.exe Linker Warning:
#   Section '.ignored' is unknown. Section ignored.
### mwldeppc.exe Linker Warning:
#   Section '.ignored' is unknown. Section ignored.
### mwldeppc.exe Linker Warning:
#   Section '.ignored' is unknown. Section ignored.
### mwldeppc.exe Linker Warning:
#   Section '.ignored' is unknown. Section ignored.
### mwldeppc.exe Linker Warning:
#   Section '.ignored' is unknown. Section ignored.
### mwldeppc.exe Linker Warning:
#   Section '.ignored' is unknown. Section ignored.
### mwldeppc.exe Linker Warning:
#   Section '.ignored' is unknown. Section ignored.
### mwldeppc.exe Linker Warning:
#   Section '.ignored' is unknown. Section ignored.
### mwldeppc.exe Linker Warning:
#   Section '.ignored' is unknown. Section ignored.
### mwldeppc.exe Linker Warning:
#   Section '.ignored' is unknown. Section ignored.
### mwldeppc.exe Linker Warning:
#   Section '.ignored' is unknown. Section ignored.
### mwldeppc.exe Linker Warning:
#   Section '.ignored' is unknown. Section ignored.
### mwldeppc.exe Linker Warning:
#   Section '.ignored' is unknown. Section ignored.
### mwldeppc.exe Linker Warning:
#   Section '.ignored' is unknown. Section ignored.
### mwldeppc.exe Linker Warning:
#   Section '.ignored' is unknown. Section ignored.
### mwldeppc.exe Linker Warning:
#   Section '.ignored' is unknown. Section ignored.
### mwldeppc.exe Linker Warning:
#   Section '.ignored' is unknown. Section ignored.
### mwldeppc.exe Linker Warning:
#   Section '.ignored' is unknown. Section ignored.
### mwldeppc.exe Linker Warning:
#   Section '.ignored' is unknown. Section ignored.
### mwldeppc.exe Linker Warning:
#   Section '.ignored' is unknown. Section ignored.
### mwldeppc.exe Linker Warning:
#   Section '.ignored' is unknown. Section ignored.
### mwldeppc.exe Linker Warning:
#   Section '.ignored' is unknown. Section ignored.
### mwldeppc.exe Linker Warning:
#   Section '.ignored' is unknown. Section ignored.
### mwldeppc.exe Linker Warning:
#   Section '.ignored' is unknown. Section ignored.
### mwldeppc.exe Linker Warning:
#   Section '.ignored' is unknown. Section ignored.
### mwldeppc.exe Linker Warning:
#   Section '.ignored' is unknown. Section ignored.
### mwldeppc.exe Linker Warning:
#   Section '.ignored' is unknown. Section ignored.
### mwldeppc.exe Linker Warning:
#   Section '.ignored' is unknown. Section ignored.
### mwldeppc.exe Linker Warning:
#   Section '.ignored' is unknown. Section ignored.
### mwldeppc.exe Linker Warning:
#   Section '.ignored' is unknown. Section ignored.
### mwldeppc.exe Linker Warning:
#   Section '.ignored' is unknown. Section ignored.
### mwldeppc.exe Linker Warning:
#   Section '.ignored' is unknown. Section ignored.
### mwldeppc.exe Linker Warning:
#   Section '.ignored' is unknown. Section ignored.
### mwldeppc.exe Linker Warning:
#   Section '.ignored' is unknown. Section ignored.
### mwldeppc.exe Linker Warning:
#   Section '.ignored' is unknown. Section ignored.
### mwldeppc.exe Linker Warning:
#   Section '.ignored' is unknown. Section ignored.
### mwldeppc.exe Linker Warning:
#   Section '.ignored' is unknown. Section ignored.
### mwldeppc.exe Linker Warning:
#   Section '.ignored' is unknown. Section ignored.
### mwldeppc.exe Linker Warning:
#   Section '.ignored' is unknown. Section ignored.
### mwldeppc.exe Linker Warning:
#   Section '.ignored' is unknown. Section ignored.
### mwldeppc.exe Linker Warning:
#   Section '.ignored' is unknown. Section ignored.
### mwldeppc.exe Linker Warning:
#   Section '.ignored' is unknown. Section ignored.
### mwldeppc.exe Linker Warning:
#   Section '.ignored' is unknown. Section ignored.
### mwldeppc.exe Linker Warning:
#   Section '.ignored' is unknown. Section ignored.
### mwldeppc.exe Linker Warning:
#   Section '.ignored' is unknown. Section ignored.
### mwldeppc.exe Linker Warning:
#   Section '.ignored' is unknown. Section ignored.
### mwldeppc.exe Linker Warning:
#   Section '.ignored' is unknown. Section ignored.
### mwldeppc.exe Linker Warning:
#   Section '.ignored' is unknown. Section ignored.
### mwldeppc.exe Linker Warning:
#   Section '.ignored' is unknown. Section ignored.
### mwldeppc.exe Linker Warning:
#   Section '.ignored' is unknown. Section ignored.
### mwldeppc.exe Linker Warning:
#   Section '.ignored' is unknown. Section ignored.
### mwldeppc.exe Linker Warning:
#   Section '.ignored' is unknown. Section ignored.
### mwldeppc.exe Linker Warning:
#   Section '.ignored' is unknown. Section ignored.
### mwldeppc.exe Linker Warning:
#   Section '.ignored' is unknown. Section ignored.
### mwldeppc.exe Linker Warning:
#   Section '.ignored' is unknown. Section ignored.
### mwldeppc.exe Linker Warning:
#   Section '.ignored' is unknown. Section ignored.
### mwldeppc.exe Linker Warning:
#   Section '.ignored' is unknown. Section ignored.
### mwldeppc.exe Linker Warning:
#   Section '.ignored' is unknown. Section ignored.
### mwldeppc.exe Linker Warning:
#   Section '.ignored' is unknown. Section ignored.
### mwldeppc.exe Linker Warning:
#   Section '.ignored' is unknown. Section ignored.
### mwldeppc.exe Linker Warning:
#   Section '.ignored' is unknown. Section ignored.
### mwldeppc.exe Linker Warning:
#   Section '.ignored' is unknown. Section ignored.
### mwldeppc.exe Linker Warning:
#   Section '.ignored' is unknown. Section ignored.
### mwldeppc.exe Linker Warning:
#   Section '.ignored' is unknown. Section ignored.
### mwldeppc.exe Linker Warning:
#   Section '.ignored' is unknown. Section ignored.
### mwldeppc.exe Linker Warning:
#   Section '.ignored' is unknown. Section ignored.
### mwldeppc.exe Linker Warning:
#   Section '.ignored' is unknown. Section ignored.
### mwldeppc.exe Linker Warning:
#   Section '.ignored' is unknown. Section ignored.
### mwldeppc.exe Linker Warning:
#   Section '.ignored' is unknown. Section ignored.
### mwldeppc.exe Linker Warning:
#   Section '.ignored' is unknown. Section ignored.
### mwldeppc.exe Linker Warning:
#   Section '.ignored' is unknown. Section ignored.
### mwldeppc.exe Linker Warning:
#   Section '.ignored' is unknown. Section ignored.
### mwldeppc.exe Linker Warning:
#   Section '.ignored' is unknown. Section ignored.
### mwldeppc.exe Linker Warning:
#   Section '.ignored' is unknown. Section ignored.
### mwldeppc.exe Linker Warning:
#   Section '.ignored' is unknown. Section ignored.
### mwldeppc.exe Linker Warning:
#   Section '.ignored' is unknown. Section ignored.
### mwldeppc.exe Linker Warning:
#   Section '.ignored' is unknown. Section ignored.
### mwldeppc.exe Linker Warning:
#   Section '.ignored' is unknown. Section ignored.
### mwldeppc.exe Linker Warning:
#   Section '.ignored' is unknown. Section ignored.
### mwldeppc.exe Linker Warning:
#   Section '.ignored' is unknown. Section ignored.
### mwldeppc.exe Linker Warning:
#   Section '.ignored' is unknown. Section ignored.
### mwldeppc.exe Linker Warning:
#   Section '.ignored' is unknown. Section ignored.
### mwldeppc.exe Linker Warning:
#   Section '.ignored' is unknown. Section ignored.
### mwldeppc.exe Linker Warning:
#   Section '.ignored' is unknown. Section ignored.
### mwldeppc.exe Linker Warning:
#   Section '.ignored' is unknown. Section ignored.
### mwldeppc.exe Linker Warning:
#   Section '.ignored' is unknown. Section ignored.
### mwldeppc.exe Linker Warning:
#   Section '.ignored' is unknown. Section ignored.
### mwldeppc.exe Linker Warning:
#   Section '.ignored' is unknown. Section ignored.
### mwldeppc.exe Linker Warning:
#   Section '.ignored' is unknown. Section ignored.
### mwldeppc.exe Linker Warning:
#   Section '.ignored' is unknown. Section ignored.
### mwldeppc.exe Linker Warning:
#   Section '.ignored' is unknown. Section ignored.
### mwldeppc.exe Linker Warning:
#   Section '.ignored' is unknown. Section ignored.
### mwldeppc.exe Linker Warning:
#   Section '.ignored' is unknown. Section ignored.
### mwldeppc.exe Linker Warning:
#   Section '.ignored' is unknown. Section ignored.
### mwldeppc.exe Linker Warning:
#   Section '.ignored' is unknown. Section ignored.
### mwldeppc.exe Linker Warning:
#   Section '.ignored' is unknown. Section ignored.
### mwldeppc.exe Linker Warning:
#   Section '.ignored' is unknown. Section ignored.
### mwldeppc.exe Linker Warning:
#   Section '.ignored' is unknown. Section ignored.
### mwldeppc.exe Linker Warning:
#   Section '.ignored' is unknown. Section ignored.
### mwldeppc.exe Linker Warning:
#   Section '.ignored' is unknown. Section ignored.
### mwldeppc.exe Linker Warning:
#   Section '.ignored' is unknown. Section ignored.
### mwldeppc.exe Linker Warning:
#   Section '.ignored' is unknown. Section ignored.
### mwldeppc.exe Linker Warning:
#   Section '.ignored' is unknown. Section ignored.
### mwldeppc.exe Linker Warning:
#   Section '.ignored' is unknown. Section ignored.
### mwldeppc.exe Linker Warning:
#   Section '.ignored' is unknown. Section ignored.
### mwldeppc.exe Linker Warning:
#   Section '.ignored' is unknown. Section ignored.
### mwldeppc.exe Linker Warning:
#   Section '.ignored' is unknown. Section ignored.
### mwldeppc.exe Linker Warning:
#   Section '.ignored' is unknown. Section ignored.
### mwldeppc.exe Linker Warning:
#   Section '.ignored' is unknown. Section ignored.
### mwldeppc.exe Linker Warning:
#   Section '.ignored' is unknown. Section ignored.
### mwldeppc.exe Linker Warning:
#   Section '.ignored' is unknown. Section ignored.
### mwldeppc.exe Linker Warning:
#   Section '.ignored' is unknown. Section ignored.
### mwldeppc.exe Linker Warning:
#   Section '.ignored' is unknown. Section ignored.
### mwldeppc.exe Linker Warning:
#   Section '.ignored' is unknown. Section ignored.
### mwldeppc.exe Linker Warning:
#   Section '.ignored' is unknown. Section ignored.
### mwldeppc.exe Linker Warning:
#   Section '.ignored' is unknown. Section ignored.
### mwldeppc.exe Linker Warning:
#   Section '.ignored' is unknown. Section ignored.
### mwldeppc.exe Linker Warning:
#   Section '.ignored' is unknown. Section ignored.
### mwldeppc.exe Linker Warning:
#   Section '.ignored' is unknown. Section ignored.
### mwldeppc.exe Linker Warning:
#   Section '.ignored' is unknown. Section ignored.
### mwldeppc.exe Linker Warning:
#   Section '.ignored' is unknown. Section ignored.
### mwldeppc.exe Linker Warning:
#   Section '.ignored' is unknown. Section ignored.
### mwldeppc.exe Linker Warning:
#   Section '.ignored' is unknown. Section ignored.
### mwldeppc.exe Linker Warning:
#   Section '.ignored' is unknown. Section ignored.
### mwldeppc.exe Linker Warning:
#   Section '.ignored' is unknown. Section ignored.
### mwldeppc.exe Linker Warning:
#   Section '.ignored' is unknown. Section ignored.
### mwldeppc.exe Linker Warning:
#   Section '.ignored' is unknown. Section ignored.
### mwldeppc.exe Linker Warning:
#   Section '.ignored' is unknown. Section ignored.
### mwldeppc.exe Linker Warning:
#   Section '.ignored' is unknown. Section ignored.
### mwldeppc.exe Linker Warning:
#   Section '.ignored' is unknown. Section ignored.
### mwldeppc.exe Linker Warning:
#   Section '.ignored' is unknown. Section ignored.
### mwldeppc.exe Linker Warning:
#   Section '.ignored' is unknown. Section ignored.
### mwldeppc.exe Linker Warning:
#   Section '.ignored' is unknown. Section ignored.
### mwldeppc.exe Linker Warning:
#   Section '.ignored' is unknown. Section ignored.
### mwldeppc.exe Linker Warning:
#   Section '.ignored' is unknown. Section ignored.
### mwldeppc.exe Linker Warning:
#   Section '.ignored' is unknown. Section ignored.
### mwldeppc.exe Linker Warning:
#   Section '.ignored' is unknown. Section ignored.
### mwldeppc.exe Linker Warning:
#   Section '.ignored' is unknown. Section ignored.
### mwldeppc.exe Linker Warning:
#   Section '.ignored' is unknown. Section ignored.
### mwldeppc.exe Linker Warning:
#   Section '.ignored' is unknown. Section ignored.
### mwldeppc.exe Linker Warning:
#   Section '.ignored' is unknown. Section ignored.
### mwldeppc.exe Linker Warning:
#   Section '.ignored' is unknown. Section ignored.
### mwldeppc.exe Linker Warning:
#   Section '.ignored' is unknown. Section ignored.
### mwldeppc.exe Linker Warning:
#   Section '.ignored' is unknown. Section ignored.
### mwldeppc.exe Linker Warning:
#   Section '.ignored' is unknown. Section ignored.
### mwldeppc.exe Linker Warning:
#   Section '.ignored' is unknown. Section ignored.
### mwldeppc.exe Linker Warning:
#   Section '.ignored' is unknown. Section ignored.
### mwldeppc.exe Linker Warning:
#   Section '.ignored' is unknown. Section ignored.
### mwldeppc.exe Linker Warning:
#   Section '.ignored' is unknown. Section ignored.
### mwldeppc.exe Linker Warning:
#   Section '.ignored' is unknown. Section ignored.
### mwldeppc.exe Linker Warning:
#   Section '.ignored' is unknown. Section ignored.
### mwldeppc.exe Linker Warning:
#   Section '.ignored' is unknown. Section ignored.
### mwldeppc.exe Linker Warning:
#   Section '.ignored' is unknown. Section ignored.
### mwldeppc.exe Linker Warning:
#   Section '.ignored' is unknown. Section ignored.
### mwldeppc.exe Linker Warning:
#   Section '.ignored' is unknown. Section ignored.
### mwldeppc.exe Linker Warning:
#   Section '.ignored' is unknown. Section ignored.
### mwldeppc.exe Linker Warning:
#   Section '.ignored' is unknown. Section ignored.
### mwldeppc.exe Linker Warning:
#   Section '.ignored' is unknown. Section ignored.
### mwldeppc.exe Linker Warning:
#   Section '.ignored' is unknown. Section ignored.
### mwldeppc.exe Linker Warning:
#   Section '.ignored' is unknown. Section ignored.
### mwldeppc.exe Linker Warning:
#   Section '.ignored' is unknown. Section ignored.
### mwldeppc.exe Linker Warning:
#   Section '.ignored' is unknown. Section ignored.
### mwldeppc.exe Linker Warning:
#   Section '.ignored' is unknown. Section ignored.
### mwldeppc.exe Linker Warning:
#   Section '.ignored' is unknown. Section ignored.
### mwldeppc.exe Linker Warning:
#   Section '.ignored' is unknown. Section ignored.
### mwldeppc.exe Linker Warning:
#   Section '.ignored' is unknown. Section ignored.
### mwldeppc.exe Linker Warning:
#   Section '.ignored' is unknown. Section ignored.
### mwldeppc.exe Linker Warning:
#   Section '.ignored' is unknown. Section ignored.
### mwldeppc.exe Linker Warning:
#   Section '.ignored' is unknown. Section ignored.
### mwldeppc.exe Linker Warning:
#   Section '.ignored' is unknown. Section ignored.
### mwldeppc.exe Linker Warning:
#   Section '.ignored' is unknown. Section ignored.
### mwldeppc.exe Linker Warning:
#   Section '.ignored' is unknown. Section ignored.
### mwldeppc.exe Linker Warning:
#   Section '.ignored' is unknown. Section ignored.
### mwldeppc.exe Linker Warning:
#   Section '.ignored' is unknown. Section ignored.
### mwldeppc.exe Linker Warning:
#   Section '.ignored' is unknown. Section ignored.
### mwldeppc.exe Linker Warning:
#   Section '.ignored' is unknown. Section ignored.
### mwldeppc.exe Linker Warning:
#   Section '.ignored' is unknown. Section ignored.
### mwldeppc.exe Linker Warning:
#   Section '.ignored' is unknown. Section ignored.
### mwldeppc.exe Linker Warning:
#   Section '.ignored' is unknown. Section ignored.
### mwldeppc.exe Linker Warning:
#   Section '.ignored' is unknown. Section ignored.
### mwldeppc.exe Linker Warning:
#   Section '.ignored' is unknown. Section ignored.
### mwldeppc.exe Linker Warning:
#   Section '.ignored' is unknown. Section ignored.
### mwldeppc.exe Linker Warning:
#   Section '.ignored' is unknown. Section ignored.
### mwldeppc.exe Linker Warning:
#   Section '.ignored' is unknown. Section ignored.
### mwldeppc.exe Linker Warning:
#   Section '.ignored' is unknown. Section ignored.
### mwldeppc.exe Linker Warning:
#   Section '.ignored' is unknown. Section ignored.
### mwldeppc.exe Linker Warning:
#   Section '.ignored' is unknown. Section ignored.
### mwldeppc.exe Linker Warning:
#   Section '.ignored' is unknown. Section ignored.
### mwldeppc.exe Linker Warning:
#   Section '.ignored' is unknown. Section ignored.
### mwldeppc.exe Linker Warning:
#   Section '.ignored' is unknown. Section ignored.
### mwldeppc.exe Linker Warning:
#   Section '.ignored' is unknown. Section ignored.
### mwldeppc.exe Linker Warning:
#   Section '.ignored' is unknown. Section ignored.
### mwldeppc.exe Linker Warning:
#   Section '.ignored' is unknown. Section ignored.
### mwldeppc.exe Linker Warning:
#   Section '.ignored' is unknown. Section ignored.
### mwldeppc.exe Linker Warning:
#   Section '.ignored' is unknown. Section ignored.
### mwldeppc.exe Linker Warning:
#   Section '.ignored' is unknown. Section ignored.
### mwldeppc.exe Linker Warning:
#   Section '.ignored' is unknown. Section ignored.
### mwldeppc.exe Linker Warning:
#   Section '.ignored' is unknown. Section ignored.
### mwldeppc.exe Linker Warning:
#   Section '.ignored' is unknown. Section ignored.
### mwldeppc.exe Linker Warning:
#   Section '.ignored' is unknown. Section ignored.
### mwldeppc.exe Linker Warning:
#   Section '.ignored' is unknown. Section ignored.
### mwldeppc.exe Linker Warning:
#   Section '.ignored' is unknown. Section ignored.
### mwldeppc.exe Linker Warning:
#   Section '.ignored' is unknown. Section ignored.
### mwldeppc.exe Linker Warning:
#   Section '.ignored' is unknown. Section ignored.
### mwldeppc.exe Linker Warning:
#   Section '.ignored' is unknown. Section ignored.
### mwldeppc.exe Linker Warning:
#   Section '.ignored' is unknown. Section ignored.
### mwldeppc.exe Linker Warning:
#   Section '.ignored' is unknown. Section ignored.
### mwldeppc.exe Linker Warning:
#   Section '.ignored' is unknown. Section ignored.
### mwldeppc.exe Linker Warning:
#   Section '.ignored' is unknown. Section ignored.
### mwldeppc.exe Linker Warning:
#   Section '.ignored' is unknown. Section ignored.
### mwldeppc.exe Linker Warning:
#   Section '.ignored' is unknown. Section ignored.
### mwldeppc.exe Linker Warning:
#   Section '.ignored' is unknown. Section ignored.
### mwldeppc.exe Linker Warning:
#   Section '.ignored' is unknown. Section ignored.
### mwldeppc.exe Linker Warning:
#   Section '.ignored' is unknown. Section ignored.
### mwldeppc.exe Linker Warning:
#   Section '.ignored' is unknown. Section ignored.
### mwldeppc.exe Linker Warning:
#   Section '.ignored' is unknown. Section ignored.
### mwldeppc.exe Linker Warning:
#   Section '.ignored' is unknown. Section ignored.
### mwldeppc.exe Linker Warning:
#   Section '.ignored' is unknown. Section ignored.
### mwldeppc.exe Linker Warning:
#   Section '.ignored' is unknown. Section ignored.
### mwldeppc.exe Linker Warning:
#   Section '.ignored' is unknown. Section ignored.
### mwldeppc.exe Linker Warning:
#   Section '.ignored' is unknown. Section ignored.
### mwldeppc.exe Linker Warning:
#   Section '.ignored' is unknown. Section ignored.
### mwldeppc.exe Linker Warning:
#   Section '.ignored' is unknown. Section ignored.
### mwldeppc.exe Linker Warning:
#   Section '.ignored' is unknown. Section ignored.
### mwldeppc.exe Linker Warning:
#   Section '.ignored' is unknown. Section ignored.
### mwldeppc.exe Linker Warning:
#   Section '.ignored' is unknown. Section ignored.
### mwldeppc.exe Linker Warning:
#   Section '.ignored' is unknown. Section ignored.
### mwldeppc.exe Linker Warning:
#   Section '.ignored' is unknown. Section ignored.
### mwldeppc.exe Linker Warning:
#   Section '.ignored' is unknown. Section ignored.
### mwldeppc.exe Linker Warning:
#   Section '.ignored' is unknown. Section ignored.
### mwldeppc.exe Linker Warning:
#   Section '.ignored' is unknown. Section ignored.
### mwldeppc.exe Linker Warning:
#   Section '.ignored' is unknown. Section ignored.
### mwldeppc.exe Linker Warning:
#   Section '.ignored' is unknown. Section ignored.
### mwldeppc.exe Linker Warning:
#   Section '.ignored' is unknown. Section ignored.
### mwldeppc.exe Linker Warning:
#   Section '.ignored' is unknown. Section ignored.
### mwldeppc.exe Linker Warning:
#   Section '.ignored' is unknown. Section ignored.
### mwldeppc.exe Linker Warning:
#   Section '.ignored' is unknown. Section ignored.
### mwldeppc.exe Linker Warning:
#   Section '.ignored' is unknown. Section ignored.
### mwldeppc.exe Linker Warning:
#   Section '.ignored' is unknown. Section ignored.
### mwldeppc.exe Linker Warning:
#   Section '.ignored' is unknown. Section ignored.
### mwldeppc.exe Linker Warning:
#   Section '.ignored' is unknown. Section ignored.
### mwldeppc.exe Linker Warning:
#   Section '.ignored' is unknown. Section ignored.
### mwldeppc.exe Linker Warning:
#   Section '.ignored' is unknown. Section ignored.
### mwldeppc.exe Linker Warning:
#   Section '.ignored' is unknown. Section ignored.
### mwldeppc.exe Linker Warning:
#   Section '.ignored' is unknown. Section ignored.
### mwldeppc.exe Linker Warning:
#   Section '.ignored' is unknown. Section ignored.
### mwldeppc.exe Linker Warning:
#   Section '.ignored' is unknown. Section ignored.
### mwldeppc.exe Linker Warning:
#   Section '.ignored' is unknown. Section ignored.
### mwldeppc.exe Linker Warning:
#   Section '.ignored' is unknown. Section ignored.
### mwldeppc.exe Linker Warning:
#   Section '.ignored' is unknown. Section ignored.
### mwldeppc.exe Linker Warning:
#   Section '.ignored' is unknown. Section ignored.
### mwldeppc.exe Linker Warning:
#   Section '.ignored' is unknown. Section ignored.
### mwldeppc.exe Linker Warning:
#   Section '.ignored' is unknown. Section ignored.
### mwldeppc.exe Linker Warning:
#   Section '.ignored' is unknown. Section ignored.
### mwldeppc.exe Linker Warning:
#   Section '.ignored' is unknown. Section ignored.
### mwldeppc.exe Linker Warning:
#   Section '.ignored' is unknown. Section ignored.
### mwldeppc.exe Linker Warning:
#   Section '.ignored' is unknown. Section ignored.
### mwldeppc.exe Linker Warning:
#   Section '.ignored' is unknown. Section ignored.
### mwldeppc.exe Linker Warning:
#   Section '.ignored' is unknown. Section ignored.
### mwldeppc.exe Linker Warning:
#   Section '.ignored' is unknown. Section ignored.
### mwldeppc.exe Linker Warning:
#   Section '.ignored' is unknown. Section ignored.
### mwldeppc.exe Linker Warning:
#   Section '.ignored' is unknown. Section ignored.
### mwldeppc.exe Linker Warning:
#   Section '.ignored' is unknown. Section ignored.
### mwldeppc.exe Linker Warning:
#   Section '.ignored' is unknown. Section ignored.
### mwldeppc.exe Linker Warning:
#   Section '.ignored' is unknown. Section ignored.
### mwldeppc.exe Linker Warning:
#   Section '.ignored' is unknown. Section ignored.
### mwldeppc.exe Linker Warning:
#   Section '.ignored' is unknown. Section ignored.
### mwldeppc.exe Linker Warning:
#   Section '.ignored' is unknown. Section ignored.
### mwldeppc.exe Linker Warning:
#   Section '.ignored' is unknown. Section ignored.
### mwldeppc.exe Linker Warning:
#   Section '.ignored' is unknown. Section ignored.
### mwldeppc.exe Linker Warning:
#   Section '.ignored' is unknown. Section ignored.
### mwldeppc.exe Linker Warning:
#   Section '.ignored' is unknown. Section ignored.
### mwldeppc.exe Linker Warning:
#   Section '.ignored' is unknown. Section ignored.
### mwldeppc.exe Linker Warning:
#   Section '.ignored' is unknown. Section ignored.
### mwldeppc.exe Linker Warning:
#   Section '.ignored' is unknown. Section ignored.
### mwldeppc.exe Linker Warning:
#   Section '.ignored' is unknown. Section ignored.
### mwldeppc.exe Linker Warning:
#   Section '.ignored' is unknown. Section ignored.
### mwldeppc.exe Linker Warning:
#   Section '.ignored' is unknown. Section ignored.
### mwldeppc.exe Linker Warning:
#   Section '.ignored' is unknown. Section ignored.
### mwldeppc.exe Linker Warning:
#   Section '.ignored' is unknown. Section ignored.
### mwldeppc.exe Linker Warning:
#   Section '.ignored' is unknown. Section ignored.
### mwldeppc.exe Linker Warning:
#   Section '.ignored' is unknown. Section ignored.
### mwldeppc.exe Linker Warning:
#   Section '.ignored' is unknown. Section ignored.
### mwldeppc.exe Linker Warning:
#   Section '.ignored' is unknown. Section ignored.
### mwldeppc.exe Linker Warning:
#   Section '.ignored' is unknown. Section ignored.
### mwldeppc.exe Linker Warning:
#   Section '.ignored' is unknown. Section ignored.
### mwldeppc.exe Linker Warning:
#   Section '.ignored' is unknown. Section ignored.
### mwldeppc.exe Linker Warning:
#   Section '.ignored' is unknown. Section ignored.
### mwldeppc.exe Linker Warning:
#   Section '.ignored' is unknown. Section ignored.
### mwldeppc.exe Linker Warning:
#   Section '.ignored' is unknown. Section ignored.
### mwldeppc.exe Linker Warning:
#   Section '.ignored' is unknown. Section ignored.
### mwldeppc.exe Linker Warning:
#   Section '.ignored' is unknown. Section ignored.
### mwldeppc.exe Linker Warning:
#   Section '.ignored' is unknown. Section ignored.
### mwldeppc.exe Linker Warning:
#   Section '.ignored' is unknown. Section ignored.
### mwldeppc.exe Linker Warning:
#   Section '.ignored' is unknown. Section ignored.
### mwldeppc.exe Linker Warning:
#   Section '.ignored' is unknown. Section ignored.
### mwldeppc.exe Linker Warning:
#   Section '.ignored' is unknown. Section ignored.
### mwldeppc.exe Linker Warning:
#   Section '.ignored' is unknown. Section ignored.
### mwldeppc.exe Linker Warning:
#   Section '.ignored' is unknown. Section ignored.
### mwldeppc.exe Linker Warning:
#   Section '.ignored' is unknown. Section ignored.
### mwldeppc.exe Linker Warning:
#   Section '.ignored' is unknown. Section ignored.
### mwldeppc.exe Linker Warning:
#   Section '.ignored' is unknown. Section ignored.
### mwldeppc.exe Linker Warning:
#   Section '.ignored' is unknown. Section ignored.
### mwldeppc.exe Linker Warning:
#   Section '.ignored' is unknown. Section ignored.
### mwldeppc.exe Linker Warning:
#   Section '.ignored' is unknown. Section ignored.
### mwldeppc.exe Linker Warning:
#   Section '.ignored' is unknown. Section ignored.
### mwldeppc.exe Linker Warning:
#   Section '.ignored' is unknown. Section ignored.
### mwldeppc.exe Linker Warning:
#   Section '.ignored' is unknown. Section ignored.
### mwldeppc.exe Linker Warning:
#   Section '.ignored' is unknown. Section ignored.
### mwldeppc.exe Linker Warning:
#   Section '.ignored' is unknown. Section ignored.
### mwldeppc.exe Linker Warning:
#   Section '.ignored' is unknown. Section ignored.
### mwldeppc.exe Linker Warning:
#   Section '.ignored' is unknown. Section ignored.
### mwldeppc.exe Linker Warning:
#   Section '.ignored' is unknown. Section ignored.
### mwldeppc.exe Linker Warning:
#   Section '.ignored' is unknown. Section ignored.
### mwldeppc.exe Linker Warning:
#   Section '.ignored' is unknown. Section ignored.
### mwldeppc.exe Linker Warning:
#   Section '.ignored' is unknown. Section ignored.
### mwldeppc.exe Linker Warning:
#   Section '.ignored' is unknown. Section ignored.
### mwldeppc.exe Linker Warning:
#   Section '.ignored' is unknown. Section ignored.
### mwldeppc.exe Linker Warning:
#   Section '.ignored' is unknown. Section ignored.
### mwldeppc.exe Linker Warning:
#   Section '.ignored' is unknown. Section ignored.
### mwldeppc.exe Linker Warning:
#   Section '.ignored' is unknown. Section ignored.
### mwldeppc.exe Linker Warning:
#   Section '.ignored' is unknown. Section ignored.
### mwldeppc.exe Linker Warning:
#   Section '.ignored' is unknown. Section ignored.
### mwldeppc.exe Linker Warning:
#   Section '.ignored' is unknown. Section ignored.
### mwldeppc.exe Linker Warning:
#   Section '.ignored' is unknown. Section ignored.
### mwldeppc.exe Linker Warning:
#   Section '.ignored' is unknown. Section ignored.
### mwldeppc.exe Linker Warning:
#   Section '.ignored' is unknown. Section ignored.
### mwldeppc.exe Linker Warning:
#   Section '.ignored' is unknown. Section ignored.
### mwldeppc.exe Linker Warning:
#   Section '.ignored' is unknown. Section ignored.
### mwldeppc.exe Linker Warning:
#   Section '.ignored' is unknown. Section ignored.
### mwldeppc.exe Linker Warning:
#   Section '.ignored' is unknown. Section ignored.
### mwldeppc.exe Linker Warning:
#   Section '.ignored' is unknown. Section ignored.
### mwldeppc.exe Linker Warning:
#   Section '.ignored' is unknown. Section ignored.
### mwldeppc.exe Linker Warning:
#   Section '.ignored' is unknown. Section ignored.
### mwldeppc.exe Linker Warning:
#   Section '.ignored' is unknown. Section ignored.
### mwldeppc.exe Linker Warning:
#   Section '.ignored' is unknown. Section ignored.
### mwldeppc.exe Linker Warning:
#   Section '.ignored' is unknown. Section ignored.
### mwldeppc.exe Linker Warning:
#   Section '.ignored' is unknown. Section ignored.
### mwldeppc.exe Linker Warning:
#   Section '.ignored' is unknown. Section ignored.
### mwldeppc.exe Linker Warning:
#   Section '.ignored' is unknown. Section ignored.
### mwldeppc.exe Linker Warning:
#   Section '.ignored' is unknown. Section ignored.
### mwldeppc.exe Linker Warning:
#   Section '.ignored' is unknown. Section ignored.
### mwldeppc.exe Linker Warning:
#   Section '.ignored' is unknown. Section ignored.
### mwldeppc.exe Linker Warning:
#   Section '.ignored' is unknown. Section ignored.
### mwldeppc.exe Linker Warning:
#   Section '.ignored' is unknown. Section ignored.
### mwldeppc.exe Linker Warning:
#   Section '.ignored' is unknown. Section ignored.
### mwldeppc.exe Linker Warning:
#   Section '.ignored' is unknown. Section ignored.
### mwldeppc.exe Linker Warning:
#   Section '.ignored' is unknown. Section ignored.
### mwldeppc.exe Linker Warning:
#   Section '.ignored' is unknown. Section ignored.
### mwldeppc.exe Linker Warning:
#   Section '.ignored' is unknown. Section ignored.
### mwldeppc.exe Linker Warning:
#   Section '.ignored' is unknown. Section ignored.
### mwldeppc.exe Linker Warning:
#   Section '.ignored' is unknown. Section ignored.
### mwldeppc.exe Linker Warning:
#   Section '.ignored' is unknown. Section ignored.
### mwldeppc.exe Linker Warning:
#   Section '.ignored' is unknown. Section ignored.
### mwldeppc.exe Linker Warning:
#   Section '.ignored' is unknown. Section ignored.
### mwldeppc.exe Linker Warning:
#   Section '.ignored' is unknown. Section ignored.
### mwldeppc.exe Linker Warning:
#   Section '.ignored' is unknown. Section ignored.
### mwldeppc.exe Linker Warning:
#   Section '.ignored' is unknown. Section ignored.
### mwldeppc.exe Linker Warning:
#   Section '.ignored' is unknown. Section ignored.
### mwldeppc.exe Linker Warning:
#   Section '.ignored' is unknown. Section ignored.
### mwldeppc.exe Linker Warning:
#   Section '.ignored' is unknown. Section ignored.
### mwldeppc.exe Linker Warning:
#   Section '.ignored' is unknown. Section ignored.
### mwldeppc.exe Linker Warning:
#   Section '.ignored' is unknown. Section ignored.
### mwldeppc.exe Linker Warning:
#   Section '.ignored' is unknown. Section ignored.
### mwldeppc.exe Linker Warning:
#   Section '.ignored' is unknown. Section ignored.
### mwldeppc.exe Linker Warning:
#   Section '.ignored' is unknown. Section ignored.
### mwldeppc.exe Linker Warning:
#   Section '.ignored' is unknown. Section ignored.
### mwldeppc.exe Linker Warning:
#   Section '.ignored' is unknown. Section ignored.
### mwldeppc.exe Linker Warning:
#   Section '.ignored' is unknown. Section ignored.
### mwldeppc.exe Linker Warning:
#   Section '.ignored' is unknown. Section ignored.
### mwldeppc.exe Linker Warning:
#   Section '.ignored' is unknown. Section ignored.
### mwldeppc.exe Linker Warning:
#   Section '.ignored' is unknown. Section ignored.
### mwldeppc.exe Linker Warning:
#   Section '.ignored' is unknown. Section ignored.
### mwldeppc.exe Linker Warning:
#   Section '.ignored' is unknown. Section ignored.
### mwldeppc.exe Linker Warning:
#   Section '.ignored' is unknown. Section ignored.
### mwldeppc.exe Linker Warning:
#   Section '.ignored' is unknown. Section ignored.
### mwldeppc.exe Linker Warning:
#   Section '.ignored' is unknown. Section ignored.
### mwldeppc.exe Linker Warning:
#   Section '.ignored' is unknown. Section ignored.
### mwldeppc.exe Linker Warning:
#   Section '.ignored' is unknown. Section ignored.
### mwldeppc.exe Linker Warning:
#   Section '.ignored' is unknown. Section ignored.
### mwldeppc.exe Linker Warning:
#   Section '.ignored' is unknown. Section ignored.
### mwldeppc.exe Linker Warning:
#   Section '.ignored' is unknown. Section ignored.
### mwldeppc.exe Linker Warning:
#   Section '.ignored' is unknown. Section ignored.
### mwldeppc.exe Linker Warning:
#   Section '.ignored' is unknown. Section ignored.
### mwldeppc.exe Linker Warning:
#   Section '.ignored' is unknown. Section ignored.
### mwldeppc.exe Linker Warning:
#   Section '.ignored' is unknown. Section ignored.
### mwldeppc.exe Linker Warning:
#   Section '.ignored' is unknown. Section ignored.
### mwldeppc.exe Linker Warning:
#   Section '.ignored' is unknown. Section ignored.
### mwldeppc.exe Linker Warning:
#   Section '.ignored' is unknown. Section ignored.
### mwldeppc.exe Linker Warning:
#   Section '.ignored' is unknown. Section ignored.
### mwldeppc.exe Linker Warning:
#   Section '.ignored' is unknown. Section ignored.
### mwldeppc.exe Linker Warning:
#   Section '.ignored' is unknown. Section ignored.
### mwldeppc.exe Linker Warning:
#   Section '.ignored' is unknown. Section ignored.
### mwldeppc.exe Linker Warning:
#   Section '.ignored' is unknown. Section ignored.
### mwldeppc.exe Linker Warning:
#   Section '.ignored' is unknown. Section ignored.
### mwldeppc.exe Linker Warning:
#   Section '.ignored' is unknown. Section ignored.
### mwldeppc.exe Linker Warning:
#   Section '.ignored' is unknown. Section ignored.
### mwldeppc.exe Linker Warning:
#   Section '.ignored' is unknown. Section ignored.
### mwldeppc.exe Linker Warning:
#   Section '.ignored' is unknown. Section ignored.
### mwldeppc.exe Linker Warning:
#   Section '.ignored' is unknown. Section ignored.
### mwldeppc.exe Linker Warning:
#   Section '.ignored' is unknown. Section ignored.
### mwldeppc.exe Linker Warning:
#   Section '.ignored' is unknown. Section ignored.
### mwldeppc.exe Linker Warning:
#   Section '.ignored' is unknown. Section ignored.
### mwldeppc.exe Linker Warning:
#   Section '.ignored' is unknown. Section ignored.
### mwldeppc.exe Linker Warning:
#   Section '.ignored' is unknown. Section ignored.
### mwldeppc.exe Linker Warning:
#   Section '.ignored' is unknown. Section ignored.
### mwldeppc.exe Linker Warning:
#   Section '.ignored' is unknown. Section ignored.
### mwldeppc.exe Linker Warning:
#   Section '.ignored' is unknown. Section ignored.
### mwldeppc.exe Linker Warning:
#   Section '.ignored' is unknown. Section ignored.
### mwldeppc.exe Linker Warning:
#   Section '.ignored' is unknown. Section ignored.
### mwldeppc.exe Linker Warning:
#   Section '.ignored' is unknown. Section ignored.
### mwldeppc.exe Linker Warning:
#   Section '.ignored' is unknown. Section ignored.
### mwldeppc.exe Linker Warning:
#   Section '.ignored' is unknown. Section ignored.
### mwldeppc.exe Linker Warning:
#   Section '.ignored' is unknown. Section ignored.
### mwldeppc.exe Linker Warning:
#   Section '.ignored' is unknown. Section ignored.
### mwldeppc.exe Linker Warning:
#   Section '.ignored' is unknown. Section ignored.
### mwldeppc.exe Linker Warning:
#   Section '.ignored' is unknown. Section ignored.
### mwldeppc.exe Linker Warning:
#   Section '.ignored' is unknown. Section ignored.
### mwldeppc.exe Linker Warning:
#   Section '.ignored' is unknown. Section ignored.
### mwldeppc.exe Linker Warning:
#   Section '.ignored' is unknown. Section ignored.
### mwldeppc.exe Linker Warning:
#   Section '.ignored' is unknown. Section ignored.
### mwldeppc.exe Linker Warning:
#   Section '.ignored' is unknown. Section ignored.
### mwldeppc.exe Linker Warning:
#   Section '.ignored' is unknown. Section ignored.
### mwldeppc.exe Linker Warning:
#   Section '.ignored' is unknown. Section ignored.
### mwldeppc.exe Linker Warning:
#   Section '.ignored' is unknown. Section ignored.
### mwldeppc.exe Linker Warning:
#   Section '.ignored' is unknown. Section ignored.
### mwldeppc.exe Linker Warning:
#   Section '.ignored' is unknown. Section ignored.
### mwldeppc.exe Linker Warning:
#   Section '.ignored' is unknown. Section ignored.
### mwldeppc.exe Linker Warning:
#   Section '.ignored' is unknown. Section ignored.
### mwldeppc.exe Linker Warning:
#   Section '.ignored' is unknown. Section ignored.
### mwldeppc.exe Linker Warning:
#   Section '.ignored' is unknown. Section ignored.
### mwldeppc.exe Linker Warning:
#   Section '.ignored' is unknown. Section ignored.
### mwldeppc.exe Linker Warning:
#   Section '.ignored' is unknown. Section ignored.
### mwldeppc.exe Linker Warning:
#   Section '.ignored' is unknown. Section ignored.
### mwldeppc.exe Linker Warning:
#   Section '.ignored' is unknown. Section ignored.
### mwldeppc.exe Linker Warning:
#   Section '.ignored' is unknown. Section ignored.
### mwldeppc.exe Linker Warning:
#   Section '.ignored' is unknown. Section ignored.
### mwldeppc.exe Linker Warning:
#   Section '.ignored' is unknown. Section ignored.
### mwldeppc.exe Linker Warning:
#   Section '.ignored' is unknown. Section ignored.
### mwldeppc.exe Linker Warning:
#   Section '.ignored' is unknown. Section ignored.
### mwldeppc.exe Linker Warning:
#   Section '.ignored' is unknown. Section ignored.
### mwldeppc.exe Linker Warning:
#   Section '.ignored' is unknown. Section ignored.
### mwldeppc.exe Linker Warning:
#   Section '.ignored' is unknown. Section ignored.
### mwldeppc.exe Linker Warning:
#   Section '.ignored' is unknown. Section ignored.
### mwldeppc.exe Linker Warning:
#   Section '.ignored' is unknown. Section ignored.
### mwldeppc.exe Linker Warning:
#   Section '.ignored' is unknown. Section ignored.
### mwldeppc.exe Linker Warning:
#   Section '.ignored' is unknown. Section ignored.
### mwldeppc.exe Linker Warning:
#   Section '.ignored' is unknown. Section ignored.
### mwldeppc.exe Linker Warning:
#   Section '.ignored' is unknown. Section ignored.
### mwldeppc.exe Linker Warning:
#   Section '.ignored' is unknown. Section ignored.
### mwldeppc.exe Linker Warning:
#   Section '.ignored' is unknown. Section ignored.
### mwldeppc.exe Linker Warning:
#   Section '.ignored' is unknown. Section ignored.
### mwldeppc.exe Linker Warning:
#   Section '.ignored' is unknown. Section ignored.
### mwldeppc.exe Linker Warning:
#   Section '.ignored' is unknown. Section ignored.
### mwldeppc.exe Linker Warning:
#   Section '.ignored' is unknown. Section ignored.
### mwldeppc.exe Linker Warning:
#   Section '.ignored' is unknown. Section ignored.
### mwldeppc.exe Linker Warning:
#   Section '.ignored' is unknown. Section ignored.
### mwldeppc.exe Linker Warning:
#   Section '.ignored' is unknown. Section ignored.
### mwldeppc.exe Linker Warning:
#   Section '.ignored' is unknown. Section ignored.
### mwldeppc.exe Linker Warning:
#   Section '.ignored' is unknown. Section ignored.
### mwldeppc.exe Linker Warning:
#   Section '.ignored' is unknown. Section ignored.
### mwldeppc.exe Linker Warning:
#   Section '.ignored' is unknown. Section ignored.
### mwldeppc.exe Linker Warning:
#   Section '.ignored' is unknown. Section ignored.
### mwldeppc.exe Linker Warning:
#   Section '.ignored' is unknown. Section ignored.
### mwldeppc.exe Linker Warning:
#   Section '.ignored' is unknown. Section ignored.
### mwldeppc.exe Linker Warning:
#   Section '.ignored' is unknown. Section ignored.
### mwldeppc.exe Linker Warning:
#   Section '.ignored' is unknown. Section ignored.
### mwldeppc.exe Linker Warning:
#   Section '.ignored' is unknown. Section ignored.
### mwldeppc.exe Linker Warning:
#   Section '.ignored' is unknown. Section ignored.
### mwldeppc.exe Linker Warning:
#   Section '.ignored' is unknown. Section ignored.
### mwldeppc.exe Linker Warning:
#   Section '.ignored' is unknown. Section ignored.
### mwldeppc.exe Linker Warning:
#   Section '.ignored' is unknown. Section ignored.
### mwldeppc.exe Linker Warning:
#   Section '.ignored' is unknown. Section ignored.
### mwldeppc.exe Linker Warning:
#   Section '.ignored' is unknown. Section ignored.
### mwldeppc.exe Linker Warning:
#   Section '.ignored' is unknown. Section ignored.
### mwldeppc.exe Linker Warning:
#   Section '.ignored' is unknown. Section ignored.
### mwldeppc.exe Linker Warning:
#   Section '.ignored' is unknown. Section ignored.
### mwldeppc.exe Linker Warning:
#   Section '.ignored' is unknown. Section ignored.
### mwldeppc.exe Linker Warning:
#   Section '.ignored' is unknown. Section ignored.
### mwldeppc.exe Linker Warning:
#   Section '.ignored' is unknown. Section ignored.
### mwldeppc.exe Linker Warning:
#   Section '.ignored' is unknown. Section ignored.
### mwldeppc.exe Linker Warning:
#   Section '.ignored' is unknown. Section ignored.
### mwldeppc.exe Linker Warning:
#   Section '.ignored' is unknown. Section ignored.
### mwldeppc.exe Linker Warning:
#   Section '.ignored' is unknown. Section ignored.
### mwldeppc.exe Linker Warning:
#   Section '.ignored' is unknown. Section ignored.
### mwldeppc.exe Linker Warning:
#   Section '.ignored' is unknown. Section ignored.
### mwldeppc.exe Linker Warning:
#   Section '.ignored' is unknown. Section ignored.
### mwldeppc.exe Linker Warning:
#   Section '.ignored' is unknown. Section ignored.
### mwldeppc.exe Linker Warning:
#   Section '.ignored' is unknown. Section ignored.
### mwldeppc.exe Linker Warning:
#   Section '.ignored' is unknown. Section ignored.
### mwldeppc.exe Linker Warning:
#   Section '.ignored' is unknown. Section ignored.
### mwldeppc.exe Linker Warning:
#   Section '.ignored' is unknown. Section ignored.
### mwldeppc.exe Linker Warning:
#   Section '.ignored' is unknown. Section ignored.
### mwldeppc.exe Linker Warning:
#   Section '.ignored' is unknown. Section ignored.
### mwldeppc.exe Linker Warning:
#   Section '.ignored' is unknown. Section ignored.
[925/928] DOL build/GEDE01/main.dol
[926/928] CHECK config/GEDE01/build.sha1
build/GEDE01/main.dol: OK
[927/928] PROGRESS
Progress:
  All: 58.46% fuzzy, 49.49% matched, 49.30% linked (6320 / 7068 files)
    Code: 1138568 / 2300692 bytes (6089 / 8214 functions)
    Data: 39634 / 4305642 bytes (0.92%)
  Game Code: 94.17% fuzzy, 79.68% matched, 79.38% linked (6302 / 6633 files)
    Code: 1135540 / 1425104 bytes (6027 / 6354 functions)
    Data: 39410 / 40426 bytes (97.49%)
  SDK/Runtime: 100.00% fuzzy, 100.00% matched, 100.00% linked (18 / 18 files)
    Code: 3028 / 3028 bytes (62 / 62 functions)
    Data: 224 / 224 bytes (100.00%)
