[1/937] MWCC build/GEDE01/src/game/game_fn_80008014.o
[2/937] MWCC build/GEDE01/src/game/game_fn_800094C0.o
[3/937] MWCC build/GEDE01/src/game/game_fn_800098C0.o
[4/937] MWCC build/GEDE01/src/game/game_fn_800096E0.o
[5/937] MWCC build/GEDE01/src/game/game_fn_800099D8.o
[6/937] MWCC build/GEDE01/src/game/game_fn_80009AB4.o
[7/937] MWCC build/GEDE01/src/game/game_fn_8000A26C.o
[8/937] MWCC build/GEDE01/src/game/game_fn_8000AC88.o
[9/937] MWCC build/GEDE01/src/game/game_fn_8000AEB4.o
[10/937] MWCC build/GEDE01/src/game/game_fn_8000AFB4.o
[11/937] MWCC build/GEDE01/src/game/game_fn_8000B1B8.o
[12/937] MWCC build/GEDE01/src/game/game_fn_8000B36C.o
[13/937] MWCC build/GEDE01/src/game/game_fn_8000B630.o
[14/937] MWCC build/GEDE01/src/game/game_fn_8000B7FC.o
[15/937] MWCC build/GEDE01/src/game/game_fn_8000BA0C.o
[16/937] MWCC build/GEDE01/src/game/game_fn_8000B900.o
[17/937] MWCC build/GEDE01/src/game/game_fn_8000BAA0.o
[18/937] MWCC build/GEDE01/src/game/game_fn_8000BC40.o
[19/937] MWCC build/GEDE01/src/game/game_fn_8000C06C.o
[20/937] MWCC build/GEDE01/src/game/game_fn_8000C17C.o
[21/937] MWCC build/GEDE01/src/game/game_fn_8000C400.o
[22/937] MWCC build/GEDE01/src/game/game_fn_8000C848.o
[23/937] MWCC build/GEDE01/src/game/game_fn_8000C91C.o
[24/937] MWCC build/GEDE01/src/game/game_fn_8000D0BC.o
[25/937] MWCC build/GEDE01/src/game/game_fn_8000D3D4.o
[26/937] MWCC build/GEDE01/src/game/game_fn_8000D590.o
[27/937] MWCC build/GEDE01/src/game/game_fn_8000D8A4.o
[28/937] MWCC build/GEDE01/src/game/game_fn_8000DA50.o
[29/937] MWCC build/GEDE01/src/game/game_fn_8000DAF4.o
[30/937] MWCC build/GEDE01/src/game/game_fn_8000E054.o
[31/937] MWCC build/GEDE01/src/game/game_fn_8000E0AC.o
[32/937] MWCC build/GEDE01/src/game/game_fn_8000E138.o
[33/937] MWCC build/GEDE01/src/game/game_fn_8000E1C4.o
[34/937] MWCC build/GEDE01/src/game/game_fn_8000E96C.o
[35/937] MWCC build/GEDE01/src/game/game_fn_8000EB14.o
[36/937] MWCC build/GEDE01/src/game/game_fn_8000EBD4.o
[37/937] MWCC build/GEDE01/src/game/game_fn_8000ED44.o
[38/937] MWCC build/GEDE01/src/game/game_fn_8000EFC4.o
[39/937] MWCC build/GEDE01/src/game/game_fn_8000F4B0.o
[40/937] MWCC build/GEDE01/src/game/game_fn_8000F774.o
[41/937] MWCC build/GEDE01/src/game/game_fn_8000FDE8.o
[42/937] MWCC build/GEDE01/src/game/game_fn_8000FFD8.o
[43/937] MWCC build/GEDE01/src/game/game_fn_800119FC.o
[44/937] MWCC build/GEDE01/src/game/game_fn_80012DA8.o
[45/937] MWCC build/GEDE01/src/game/game_fn_80012F40.o
[46/937] MWCC build/GEDE01/src/game/game_fn_80012FD0.o
[47/937] MWCC build/GEDE01/src/game/game_fn_800131E8.o
[48/937] MWCC build/GEDE01/src/game/game_fn_80013340.o
[49/937] MWCC build/GEDE01/src/game/game_fn_80013870.o
[50/937] MWCC build/GEDE01/src/game/game_fn_80013CB0.o
[51/937] MWCC build/GEDE01/src/game/game_fn_80013D54.o
[52/937] MWCC build/GEDE01/src/game/game_fn_800142DC.o
[53/937] MWCC build/GEDE01/src/game/game_fn_800144CC.o
[54/937] MWCC build/GEDE01/src/game/game_fn_80014784.o
[55/937] MWCC build/GEDE01/src/game/game_fn_800149D4.o
[56/937] MWCC build/GEDE01/src/game/game_fn_80015058.o
[57/937] MWCC build/GEDE01/src/game/game_fn_80015320.o
[58/937] MWCC build/GEDE01/src/game/game_fn_80015568.o
[59/937] MWCC build/GEDE01/src/game/game_fn_800156FC.o
[60/937] MWCC build/GEDE01/src/game/game_fn_80015BE0.o
[61/937] MWCC build/GEDE01/src/game/game_fn_80015D40.o
[62/937] MWCC build/GEDE01/src/game/game_fn_80015F04.o
[63/937] MWCC build/GEDE01/src/game/game_fn_80016128.o
[64/937] MWCC build/GEDE01/src/game/game_fn_80016270.o
[65/937] MWCC build/GEDE01/src/game/game_fn_80016904.o
[66/937] MWCC build/GEDE01/src/game/game_fn_80016B24.o
[67/937] MWCC build/GEDE01/src/game/game_fn_800171C0.o
[68/937] MWCC build/GEDE01/src/game/game_fn_800173CC.o
[69/937] MWCC build/GEDE01/src/game/game_fn_800176F0.o
[70/937] MWCC build/GEDE01/src/game/game_fn_80017910.o
[71/937] MWCC build/GEDE01/src/game/game_fn_800179AC.o
[72/937] MWCC build/GEDE01/src/game/game_fn_80017A3C.o
[73/937] MWCC build/GEDE01/src/game/game_fn_80017AE4.o
[74/937] MWCC build/GEDE01/src/game/game_fn_80017C3C.o
[75/937] MWCC build/GEDE01/src/game/game_fn_80017CC8.o
[76/937] MWCC build/GEDE01/src/game/game_fn_80017DB0.o
[77/937] MWCC build/GEDE01/src/game/game_fn_80018EF4.o
[78/937] MWCC build/GEDE01/src/game/game_fn_80019054.o
[79/937] MWCC build/GEDE01/src/game/game_fn_80019244.o
[80/937] MWCC build/GEDE01/src/game/game_fn_800194D0.o
[81/937] MWCC build/GEDE01/src/game/game_fn_80019940.o
[82/937] MWCC build/GEDE01/src/game/game_fn_80019C10.o
[83/937] MWCC build/GEDE01/src/game/game_fn_80019D2C.o
[84/937] MWCC build/GEDE01/src/game/game_fn_80019F98.o
[85/937] MWCC build/GEDE01/src/game/game_fn_8001A6C4.o
[86/937] MWCC build/GEDE01/src/game/game_fn_8001AAB8.o
[87/937] MWCC build/GEDE01/src/game/game_fn_8001ADF8.o
[88/937] MWCC build/GEDE01/src/game/game_fn_8001AF68.o
[89/937] MWCC build/GEDE01/src/game/game_fn_8001B124.o
[90/937] MWCC build/GEDE01/src/game/game_fn_8001B294.o
[91/937] MWCC build/GEDE01/src/game/game_fn_8001B808.o
[92/937] MWCC build/GEDE01/src/game/game_fn_8001B874.o
[93/937] MWCC build/GEDE01/src/game/game_fn_8001C078.o
[94/937] MWCC build/GEDE01/src/game/game_fn_8001CA04.o
[95/937] MWCC build/GEDE01/src/game/game_fn_8001CD58.o
[96/937] MWCC build/GEDE01/src/game/game_fn_8001CE94.o
[97/937] MWCC build/GEDE01/src/game/game_fn_8001E644.o
[98/937] MWCC build/GEDE01/src/game/game_fn_8001FE1C.o
[99/937] MWCC build/GEDE01/src/game/game_fn_80020E94.o
[100/937] MWCC build/GEDE01/src/game/game_fn_80024F28.o
[101/937] MWCC build/GEDE01/src/game/game_fn_800272B4.o
[102/937] MWCC build/GEDE01/src/game/game_fn_8002B748.o
[103/937] MWCC build/GEDE01/src/game/game_fn_8002DAE0.o
[104/937] MWCC build/GEDE01/src/game/game_fn_8002E3F0.o
[105/937] MWCC build/GEDE01/src/game/game_fn_8002EA68.o
[106/937] MWCC build/GEDE01/src/game/game_fn_8002F428.o
[107/937] MWCC build/GEDE01/src/game/game_fn_80031544.o
[108/937] MWCC build/GEDE01/src/game/game_fn_8003232C.o
[109/937] MWCC build/GEDE01/src/game/game_fn_80032B84.o
[110/937] MWCC build/GEDE01/src/game/game_fn_80033038.o
[111/937] MWCC build/GEDE01/src/game/game_fn_80033180.o
[112/937] MWCC build/GEDE01/src/game/game_fn_800359A0.o
[113/937] MWCC build/GEDE01/src/game/game_fn_800361F8.o
[114/937] MWCC build/GEDE01/src/game/game_fn_80036C40.o
[115/937] MWCC build/GEDE01/src/game/game_fn_80038878.o
[116/937] MWCC build/GEDE01/src/game/game_fn_80048ADC.o
[117/937] MWCC build/GEDE01/src/game/game_fn_80048B24.o
[118/937] MWCC build/GEDE01/src/game/game_fn_8004998C.o
[119/937] MWCC build/GEDE01/src/game/game_fn_80050B08.o
[120/937] MWCC build/GEDE01/src/game/game_fn_80052310.o
[121/937] MWCC build/GEDE01/src/game/game_fn_800542D0.o
[122/937] MWCC build/GEDE01/src/game/game_fn_8005EC6C.o
[123/937] MWCC build/GEDE01/src/game/game_fn_8005EE9C.o
[124/937] MWCC build/GEDE01/src/game/game_fn_8005EF94.o
[125/937] MWCC build/GEDE01/src/game/game_data_80239E10.o
[126/937] MWCC build/GEDE01/src/game/game_data_80239E18.o
[127/937] MWCC build/GEDE01/src/game/game_fn_8005FD84.o
[128/937] MWCC build/GEDE01/src/game/game_fn_80066888.o
[129/937] MWCC build/GEDE01/src/game/game_fn_80066E78.o
[130/937] MWCC build/GEDE01/src/game/game_fn_8006B0F0.o
[131/937] MWCC build/GEDE01/src/game/game_fn_8006B620.o
[132/937] MWCC build/GEDE01/src/game/game_fn_8006E53C.o
[133/937] MWCC build/GEDE01/src/game/game_fn_80071A58.o
[134/937] MWCC build/GEDE01/src/game/game_fn_80074310.o
[135/937] MWCC build/GEDE01/src/game/game_fn_80078500.o
[136/937] MWCC build/GEDE01/src/game/game_fn_80079908.o
[137/937] MWCC build/GEDE01/src/game/game_fn_80079AA4.o
[138/937] MWCC build/GEDE01/src/game/game_fn_8007B2F4.o
[139/937] MWCC build/GEDE01/src/game/game_fn_8007B540.o
[140/937] MWCC build/GEDE01/src/game/game_fn_8007B640.o
[141/937] MWCC build/GEDE01/src/game/game_fn_8007B828.o
[142/937] MWCC build/GEDE01/src/game/game_fn_8007BA3C.o
[143/937] MWCC build/GEDE01/src/game/game_fn_8007D4D8.o
[144/937] MWCC build/GEDE01/src/game/game_fn_8007F770.o
[145/937] MWCC build/GEDE01/src/game/game_fn_800886D8.o
[146/937] MWCC build/GEDE01/src/game/game_fn_80088F4C.o
[147/937] MWCC build/GEDE01/src/game/game_fn_80089A34.o
[148/937] MWCC build/GEDE01/src/game/game_fn_8008A2E0.o
[149/937] MWCC build/GEDE01/src/game/game_fn_8008F224.o
[150/937] MWCC build/GEDE01/src/game/game_fn_8008F890.o
[151/937] MWCC build/GEDE01/src/game/game_fn_80090004.o
[152/937] MWCC build/GEDE01/src/game/game_fn_800934A0.o
[153/937] MWCC build/GEDE01/src/game/game_fn_80095D10.o
[154/937] MWCC build/GEDE01/src/game/game_fn_80095E64.o
[155/937] MWCC build/GEDE01/src/game/game_fn_80095FDC.o
[156/937] MWCC build/GEDE01/src/game/game_fn_80096830.o
[157/937] MWCC build/GEDE01/src/game/game_fn_8009C424.o
[158/937] MWCC build/GEDE01/src/game/game_fn_8009E808.o
[159/937] MWCC build/GEDE01/src/game/game_fn_800A2130.o
[160/937] MWCC build/GEDE01/src/game/game_fn_800A2B8C.o
[161/937] MWCC build/GEDE01/src/game/game_fn_800A2FCC.o
[162/937] MWCC build/GEDE01/src/game/game_fn_800A3180.o
[163/937] MWCC build/GEDE01/src/game/game_fn_800A3894.o
[164/937] MWCC build/GEDE01/src/game/game_fn_800A4428.o
[165/937] MWCC build/GEDE01/src/game/game_fn_800A4798.o
[166/937] MWCC build/GEDE01/src/game/game_fn_800A7E88.o
[167/937] MWCC build/GEDE01/src/game/game_fn_800B2EC0.o
[168/937] MWCC build/GEDE01/src/game/game_fn_800AF230.o
[169/937] MWCC build/GEDE01/src/game/game_fn_800BB7A8.o
[170/937] MWCC build/GEDE01/src/game/game_fn_800BB5C4.o
[171/937] MWCC build/GEDE01/src/game/game_fn_800BB9A4.o
[172/937] MWCC build/GEDE01/src/game/game_fn_800BBAF0.o
[173/937] MWCC build/GEDE01/src/game/game_fn_800C030C.o
[174/937] MWCC build/GEDE01/src/game/game_fn_800C17EC.o
[175/937] MWCC build/GEDE01/src/game/game_fn_800C59F0.o
[176/937] MWCC build/GEDE01/src/game/game_fn_800C644C.o
[177/937] MWCC build/GEDE01/src/game/game_fn_800C65FC.o
[178/937] MWCC build/GEDE01/src/game/game_fn_800C9C60.o
[179/937] MWCC build/GEDE01/src/game/game_fn_800CB760.o
[180/937] MWCC build/GEDE01/src/game/game_fn_800CB8F4.o
[181/937] MWCC build/GEDE01/src/game/game_fn_800CF598.o
[182/937] MWCC build/GEDE01/src/game/game_fn_800D9064.o
[183/937] MWCC build/GEDE01/src/game/game_fn_800D9E10.o
[184/937] MWCC build/GEDE01/src/game/game_fn_800DC4D4.o
[185/937] MWCC build/GEDE01/src/game/game_fn_800E4980.o
[186/937] MWCC build/GEDE01/src/game/game_TRKNubWelcome.o
[187/937] MWCC build/GEDE01/src/game/game_TRK_main.o
[188/937] MWCC build/GEDE01/src/game/game_InitMetroTRKCommTable.o
[189/937] MWCC build/GEDE01/src/game/game_fn_800FD0C8.o
[190/937] MWCC build/GEDE01/src/game/game_fn_8010242C.o
[191/937] MWCC build/GEDE01/src/game/game_fn_801098C0.o
[192/937] MWCC build/GEDE01/src/game/game_fn_8010F184.o
[193/937] MWCC build/GEDE01/src/game/game_fn_801126E0.o
[194/937] MWCC build/GEDE01/src/game/game_fn_801128E4.o
[195/937] MWCC build/GEDE01/src/game/game_fn_801141B8.o
[196/937] MWCC build/GEDE01/src/game/game_fn_80119C70.o
[197/937] MWCC build/GEDE01/src/game/game_fn_8011F140.o
[198/937] MWCC build/GEDE01/src/game/game_fn_801247F8.o
[199/937] MWCC build/GEDE01/src/game/game_fn_80126A00.o
[200/937] MWCC build/GEDE01/src/game/game_fn_8012976C.o
[201/937] MWCC build/GEDE01/src/game/game_fn_8012DB28.o
[202/937] MWCC build/GEDE01/src/game/game_fn_8013CBE4.o
[203/937] MWCC build/GEDE01/src/game/game_fn_8013D6A4.o
[204/937] MWCC build/GEDE01/src/game/game_fn_8013DB8C.o
[205/937] MWCC build/GEDE01/src/game/game_fn_8014549C.o
[206/937] MWCC build/GEDE01/src/game/game_fn_8014AF38.o
[207/937] MWCC build/GEDE01/src/game/game_fn_8014B494.o
[208/937] MWCC build/GEDE01/src/game/game_fn_8014BA14.o
[209/937] MWCC build/GEDE01/src/game/game_fn_8014CA98.o
[210/937] MWCC build/GEDE01/src/game/game_fn_80150A24.o
[211/937] MWCC build/GEDE01/src/game/game_fn_801535D8.o
[212/937] MWCC build/GEDE01/src/game/game_fn_80153898.o
[213/937] MWCC build/GEDE01/src/game/game_fn_80153A24.o
[214/937] MWCC build/GEDE01/src/game/game_fn_80154F74.o
[215/937] MWCC build/GEDE01/src/game/game_fn_80155814.o
[216/937] MWCC build/GEDE01/src/game/game_fn_80157C0C.o
[217/937] MWCC build/GEDE01/src/game/game_fn_80158B20.o
[218/937] MWCC build/GEDE01/src/game/game_fn_80158D38.o
[219/937] MWCC build/GEDE01/src/game/game_fn_8015DB84.o
[220/937] MWCC build/GEDE01/src/game/game_fn_8015DC54.o
[221/937] MWCC build/GEDE01/src/game/game_fn_8015EDC0.o
[222/937] MWCC build/GEDE01/src/game/game_fn_80167454.o
[223/937] MWCC build/GEDE01/src/game/game_fn_80167B5C.o
[224/937] MWCC build/GEDE01/src/game/game_fn_8016BD0C.o
[225/937] MWCC build/GEDE01/src/game/game_fn_80169650.o
[226/937] MWCC build/GEDE01/src/game/game_fn_8016BE1C.o
[227/937] MWCC build/GEDE01/src/game/game_fn_8016BF60.o
[228/937] MWCC build/GEDE01/src/game/game_fn_8016C0BC.o
[229/937] MWCC build/GEDE01/src/game/game_fn_8016C164.o
[230/937] MWCC build/GEDE01/src/game/game_fn_8016C238.o
[231/937] MWCC build/GEDE01/src/game/game_fn_8016C4BC.o
[232/937] MWCC build/GEDE01/src/game/game_fn_8016C774.o
[233/937] MWCC build/GEDE01/src/game/game_fn_8016D040.o
[234/937] MWCC build/GEDE01/src/game/game_fn_8016D1F8.o
[235/937] MWCC build/GEDE01/src/game/game_fn_8016D2B8.o
[236/937] MWCC build/GEDE01/src/game/game_fn_8016D9C0.o
[237/937] MWCC build/GEDE01/src/game/game_fn_8016DF4C.o
[238/937] MWCC build/GEDE01/src/game/game_fn_8016E8F8.o
[239/937] MWCC build/GEDE01/src/game/game_fn_8016FEF8.o
[240/937] MWCC build/GEDE01/src/game/game_fn_8017038C.o
[241/937] MWCC build/GEDE01/src/game/game_fn_801704F8.o
[242/937] MWCC build/GEDE01/src/game/game_fn_801706DC.o
[243/937] MWCC build/GEDE01/src/game/game_fn_80170A40.o
[244/937] MWCC build/GEDE01/src/game/game_fn_80170DF4.o
[245/937] MWCC build/GEDE01/src/game/game_fn_80170E9C.o
[246/937] MWCC build/GEDE01/src/game/game_fn_8017138C.o
[247/937] MWCC build/GEDE01/src/game/game_fn_80171664.o
[248/937] MWCC build/GEDE01/src/game/game_fn_801718F4.o
[249/937] MWCC build/GEDE01/src/game/game_fn_801719B4.o
[250/937] MWCC build/GEDE01/src/game/game_fn_80171F30.o
[251/937] MWCC build/GEDE01/src/game/game_fn_8017250C.o
[252/937] MWCC build/GEDE01/src/game/game_fn_801726EC.o
[253/937] MWCC build/GEDE01/src/game/game_fn_80172BB0.o
[254/937] MWCC build/GEDE01/src/game/game_fn_80172C78.o
[255/937] MWCC build/GEDE01/src/game/game_fn_80172DB8.o
[256/937] MWCC build/GEDE01/src/game/game_fn_80173270.o
[257/937] MWCC build/GEDE01/src/game/game_fn_801734B4.o
[258/937] MWCC build/GEDE01/src/game/game_fn_80173770.o
[259/937] MWCC build/GEDE01/src/game/game_fn_80173BDC.o
[260/937] MWCC build/GEDE01/src/game/game_fn_80173D44.o
[261/937] MWCC build/GEDE01/src/game/game_fn_80173F04.o
[262/937] MWCC build/GEDE01/src/game/game_fn_80174184.o
[263/937] MWCC build/GEDE01/src/game/game_fn_80174358.o
[264/937] MWCC build/GEDE01/src/game/game_fn_80174F2C.o
[265/937] MWCC build/GEDE01/src/game/game_fn_801752B0.o
[266/937] MWCC build/GEDE01/src/game/game_fn_8017553C.o
[267/937] MWCC build/GEDE01/src/game/game_fn_80175A08.o
[268/937] MWCC build/GEDE01/src/game/game_fn_80175E64.o
[269/937] MWCC build/GEDE01/src/game/game_fn_80175F0C.o
[270/937] MWCC build/GEDE01/src/game/game_fn_80176098.o
[271/937] MWCC build/GEDE01/src/game/game_fn_80175FD4.o
[272/937] MWCC build/GEDE01/src/game/game_fn_80176160.o
[273/937] MWCC build/GEDE01/src/game/game_fn_80176220.o
[274/937] MWCC build/GEDE01/src/game/game_fn_8017652C.o
[275/937] MWCC build/GEDE01/src/game/game_fn_801762E8.o
[276/937] MWCC build/GEDE01/src/game/game_fn_80176DF4.o
[277/937] MWCC build/GEDE01/src/game/game_fn_80176FA0.o
[278/937] MWCC build/GEDE01/src/game/game_fn_801770F8.o
[279/937] MWCC build/GEDE01/src/game/game_fn_8017718C.o
[280/937] MWCC build/GEDE01/src/game/game_fn_80178F88.o
[281/937] MWCC build/GEDE01/src/game/game_fn_80177434.o
[282/937] MWCC build/GEDE01/src/game/game_fn_80179398.o
[283/937] MWCC build/GEDE01/src/game/game_fn_8017960C.o
[284/937] MWCC build/GEDE01/src/game/game_fn_8017974C.o
[285/937] MWCC build/GEDE01/src/game/game_fn_80179904.o
[286/937] MWCC build/GEDE01/src/game/game_fn_80179A18.o
[287/937] MWCC build/GEDE01/src/game/game_fn_80179A74.o
[288/937] MWCC build/GEDE01/src/game/game_fn_80179EB8.o
[289/937] MWCC build/GEDE01/src/game/game_fn_80179F20.o
[290/937] MWCC build/GEDE01/src/game/game_fn_8017A010.o
[291/937] MWCC build/GEDE01/src/game/game_fn_8017A12C.o
[292/937] MWCC build/GEDE01/src/game/game_fn_8017A1C0.o
[293/937] MWCC build/GEDE01/src/game/game_fn_8017A9B8.o
[294/937] MWCC build/GEDE01/src/game/game_fn_8017AC20.o
[295/937] MWCC build/GEDE01/src/game/game_fn_8017E850.o
[296/937] MWCC build/GEDE01/src/game/game_fn_8017E958.o
[297/937] MWCC build/GEDE01/src/game/game_fn_80180DDC.o
[298/937] MWCC build/GEDE01/src/game/game_fn_801810A0.o
[299/937] MWCC build/GEDE01/src/game/game_fn_801816D4.o
[300/937] MWCC build/GEDE01/src/game/game_fn_801859FC.o
[301/937] MWCC build/GEDE01/src/game/game_fn_80185AE8.o
[302/937] MWCC build/GEDE01/src/game/game_fn_80185F10.o
[303/937] MWCC build/GEDE01/src/game/game_fn_801865EC.o
[304/937] MWCC build/GEDE01/src/game/game_fn_801861C4.o
[305/937] MWCC build/GEDE01/src/game/game_fn_80186E10.o
[306/937] MWCC build/GEDE01/src/game/game_fn_8018680C.o
[307/937] MWCC build/GEDE01/src/game/game_fn_80186F70.o
[308/937] MWCC build/GEDE01/src/game/game_fn_80187120.o
[309/937] MWCC build/GEDE01/src/game/game_fn_80187320.o
[310/937] MWCC build/GEDE01/src/game/game_fn_801875FC.o
[311/937] MWCC build/GEDE01/src/game/game_fn_801878E0.o
[312/937] MWCC build/GEDE01/src/game/game_fn_80187BB4.o
[313/937] MWCC build/GEDE01/src/game/game_fn_80187E40.o
[314/937] MWCC build/GEDE01/src/game/game_fn_80188A7C.o
[315/937] MWCC build/GEDE01/src/game/game_fn_80188B44.o
[316/937] MWCC build/GEDE01/src/game/game_fn_80188C1C.o
[317/937] MWCC build/GEDE01/src/game/game_fn_80188E28.o
[318/937] MWCC build/GEDE01/src/game/game_fn_80189028.o
[319/937] MWCC build/GEDE01/src/game/game_fn_801891D8.o
[320/937] MWCC build/GEDE01/src/game/game_fn_80189390.o
[321/937] MWCC build/GEDE01/src/game/game_fn_801895E8.o
[322/937] MWCC build/GEDE01/src/game/game_fn_801896A0.o
[323/937] MWCC build/GEDE01/src/game/game_fn_80189760.o
[324/937] MWCC build/GEDE01/src/game/game_fn_80189968.o
[325/937] MWCC build/GEDE01/src/game/game_fn_80189C14.o
[326/937] MWCC build/GEDE01/src/game/game_fn_8018C2D0.o
[327/937] MWCC build/GEDE01/src/game/game_fn_8018D1F0.o
[328/937] MWCC build/GEDE01/src/game/game_fn_8018D2E0.o
[329/937] MWCC build/GEDE01/src/game/game_fn_8018D400.o
[330/937] MWCC build/GEDE01/src/game/game_fn_8018D688.o
[331/937] MWCC build/GEDE01/src/game/game_fn_8018DC24.o
[332/937] MWCC build/GEDE01/src/game/game_fn_8018F1D0.o
[333/937] MWCC build/GEDE01/src/game/game_fn_8018E0D8.o
[334/937] MWCC build/GEDE01/src/game/game_fn_8018F81C.o
[335/937] MWCC build/GEDE01/src/game/game_fn_8018FEDC.o
[336/937] MWCC build/GEDE01/src/game/game_fn_8019120C.o
[337/937] MWCC build/GEDE01/src/game/game_fn_80191360.o
[338/937] MWCC build/GEDE01/src/game/game_fn_801916D0.o
[339/937] MWCC build/GEDE01/src/game/game_fn_8019197C.o
[340/937] MWCC build/GEDE01/src/game/game_fn_80191F58.o
[341/937] MWCC build/GEDE01/src/game/game_fn_801926EC.o
[342/937] MWCC build/GEDE01/src/game/game_fn_801929A4.o
[343/937] MWCC build/GEDE01/src/game/game_fn_80192F54.o
[344/937] MWCC build/GEDE01/src/game/game_fn_80193E1C.o
[345/937] MWCC build/GEDE01/src/game/game_fn_801931C4.o
[346/937] MWCC build/GEDE01/src/game/game_fn_80193F3C.o
[347/937] MWCC build/GEDE01/src/game/game_fn_80194F80.o
[348/937] MWCC build/GEDE01/src/game/game_fn_801952E8.o
[349/937] MWCC build/GEDE01/src/game/game_fn_80197910.o
[350/937] MWCC build/GEDE01/src/game/game_fn_80198AAC.o
[351/937] MWCC build/GEDE01/src/game/game_fn_80198154.o
[352/937] MWCC build/GEDE01/src/game/game_fn_80198BF4.o
[353/937] MWCC build/GEDE01/src/game/game_fn_801991E0.o
[354/937] MWCC build/GEDE01/src/game/game_fn_8019CC28.o
[355/937] MWCC build/GEDE01/src/game/game_fn_8019B1BC.o
[356/937] MWCC build/GEDE01/src/game/game_fn_8019E5E4.o
[357/937] MWCC build/GEDE01/src/game/game_fn_8019CFC4.o
[358/937] MWCC build/GEDE01/src/game/game_fn_801A1F18.o
[359/937] MWCC build/GEDE01/src/game/game_fn_8019E8C8.o
[360/937] MWCC build/GEDE01/src/game/game_fn_801A1F8C.o
[361/937] MWCC build/GEDE01/src/game/game_fn_801A2A54.o
[362/937] MWCC build/GEDE01/src/game/game_fn_801A34BC.o
[363/937] MWCC build/GEDE01/src/game/game_fn_801A3A78.o
[364/937] MWCC build/GEDE01/src/game/game_fn_801A4430.o
[365/937] MWCC build/GEDE01/src/game/game_fn_801A4CE0.o
[366/937] MWCC build/GEDE01/src/game/game_fn_801A5FB0.o
[367/937] MWCC build/GEDE01/src/game/game_fn_801A6350.o
[368/937] MWCC build/GEDE01/src/game/game_fn_801A6410.o
[369/937] MWCC build/GEDE01/src/game/game_fn_801A657C.o
[370/937] MWCC build/GEDE01/src/game/game_fn_801A6ADC.o
[371/937] MWCC build/GEDE01/src/game/game_fn_801A6C58.o
[372/937] MWCC build/GEDE01/src/game/game_fn_801A7E04.o
[373/937] MWCC build/GEDE01/src/game/game_fn_801A6CB4.o
[374/937] MWCC build/GEDE01/src/game/game_fn_801A7EA8.o
[375/937] MWCC build/GEDE01/src/game/game_fn_801A93E8.o
[376/937] MWCC build/GEDE01/src/game/game_fn_801AB154.o
[377/937] MWCC build/GEDE01/src/game/game_fn_801ABD3C.o
[378/937] MWCC build/GEDE01/src/game/game_fn_801ACFE8.o
[379/937] MWCC build/GEDE01/src/game/game_fn_801AC8AC.o
[380/937] MWCC build/GEDE01/src/game/game_fn_801AD08C.o
[381/937] MWCC build/GEDE01/src/game/game_fn_801AFA74.o
[382/937] MWCC build/GEDE01/src/game/game_fn_801B02F0.o
[383/937] MWCC build/GEDE01/src/game/game_fn_801B1BA0.o
[384/937] MWCC build/GEDE01/src/game/game_fn_801B35BC.o
[385/937] MWCC build/GEDE01/src/game/game_fn_801B46C8.o
[386/937] MWCC build/GEDE01/src/game/game_fn_801B4FB4.o
[387/937] MWCC build/GEDE01/src/game/game_fn_801B5228.o
[388/937] MWCC build/GEDE01/src/game/game_fn_801B58F0.o
[389/937] MWCC build/GEDE01/src/game/game_fn_801B6F1C.o
[390/937] MWCC build/GEDE01/src/game/game_fn_801B86C0.o
[391/937] MWCC build/GEDE01/src/game/game_fn_801B941C.o
[392/937] MWCC build/GEDE01/src/game/game_fn_801B9E7C.o
[393/937] MWCC build/GEDE01/src/game/game_fn_801BA15C.o
[394/937] MWCC build/GEDE01/src/game/game_fn_801BA708.o
[395/937] MWCC build/GEDE01/src/game/game_fn_801BA94C.o
[396/937] MWCC build/GEDE01/src/game/game_fn_801BB1A0.o
[397/937] MWCC build/GEDE01/src/game/game_fn_801BC0D4.o
[398/937] MWCC build/GEDE01/src/game/game_fn_801BC240.o
[399/937] MWCC build/GEDE01/src/game/game_fn_801BC8F4.o
[400/937] MWCC build/GEDE01/src/game/game_fn_801BD990.o
[401/937] MWCC build/GEDE01/src/game/game_fn_801BCC04.o
[402/937] MWCC build/GEDE01/src/game/game_fn_801BDE7C.o
[403/937] MWCC build/GEDE01/src/game/game_fn_801BE0D4.o
[404/937] MWCC build/GEDE01/src/game/game_fn_801C1CB0.o
[405/937] MWCC build/GEDE01/src/game/game_fn_801BEF40.o
[406/937] MWCC build/GEDE01/src/game/game_fn_801C2980.o
[407/937] MWCC build/GEDE01/src/game/game_fn_801C29BC.o
[408/937] MWCC build/GEDE01/src/game/game_fn_801C2AAC.o
[409/937] MWCC build/GEDE01/src/game/game_fn_801C2D9C.o
[410/937] MWCC build/GEDE01/src/game/game_fn_801C8160.o
[411/937] MWCC build/GEDE01/src/game/game_fn_801C8224.o
[412/937] MWCC build/GEDE01/src/game/game_fn_801C4B5C.o
[413/937] MWCC build/GEDE01/src/game/game_fn_801C8600.o
[414/937] MWCC build/GEDE01/src/game/game_fn_801C87DC.o
[415/937] MWCC build/GEDE01/src/game/game_fn_801C8CC0.o
[416/937] MWCC build/GEDE01/src/game/game_fn_801C8F50.o
[417/937] MWCC build/GEDE01/src/game/game_fn_801C90A4.o
[418/937] MWCC build/GEDE01/src/game/game_fn_801C9510.o
[419/937] MWCC build/GEDE01/src/game/game_fn_801C970C.o
[420/937] MWCC build/GEDE01/src/game/game_fn_801C9A08.o
[421/937] MWCC build/GEDE01/src/game/game_fn_801C9B1C.o
[422/937] MWCC build/GEDE01/src/game/game_fn_801CB4F8.o
[423/937] MWCC build/GEDE01/src/game/game_fn_801CD228.o
[424/937] MWCC build/GEDE01/src/game/game_fn_801CE09C.o
[425/937] MWCC build/GEDE01/src/game/game_fn_801CE594.o
[426/937] MWCC build/GEDE01/src/game/game_fn_801D1B10.o
[427/937] MWCC build/GEDE01/src/game/game_fn_801D1F78.o
[428/937] MWCC build/GEDE01/src/game/game_fn_801D3988.o
[429/937] MWCC build/GEDE01/src/game/game_fn_801D73D0.o
[430/937] MWCC build/GEDE01/src/game/game_fn_801D76A8.o
[431/937] MWCC build/GEDE01/src/game/game_fn_801D7C24.o
[432/937] MWCC build/GEDE01/src/game/game_fn_801D8050.o
[433/937] MWCC build/GEDE01/src/game/game_fn_801D9FE4.o
[434/937] MWCC build/GEDE01/src/game/game_fn_801E2A48.o
[435/937] MWCC build/GEDE01/src/game/game_fn_801E41AC.o
[436/937] MWCC build/GEDE01/src/game/game_fn_801E504C.o
[437/937] MWCC build/GEDE01/src/game/game_fn_801E6814.o
[438/937] MWCC build/GEDE01/src/game/game_fn_801E7014.o
[439/937] MWCC build/GEDE01/src/game/game_fn_801E995C.o
[440/937] MWCC build/GEDE01/src/game/game_fn_801EAA04.o
[441/937] MWCC build/GEDE01/src/game/game_fn_801EB09C.o
[442/937] MWCC build/GEDE01/src/game/game_fn_801EB11C.o
[443/937] MWCC build/GEDE01/src/game/game_fn_801ECD74.o
[444/937] MWCC build/GEDE01/src/game/game_fn_801ECF50.o
[445/937] MWCC build/GEDE01/src/game/game_fn_801ED5F4.o
[446/937] MWCC build/GEDE01/src/game/game_fn_801EF580.o
[447/937] MWCC build/GEDE01/src/game/game_fn_801EF910.o
[448/937] MWCC build/GEDE01/src/game/game_fn_801F0CB0.o
[449/937] MWCC build/GEDE01/src/game/game_fn_801F10BC.o
[450/937] MWCC build/GEDE01/src/game/game_fn_801F1A38.o
[451/937] MWCC build/GEDE01/src/game/game_fn_801F35A8.o
[452/937] MWCC build/GEDE01/src/game/game_fn_801F55A0.o
[453/937] MWCC build/GEDE01/src/game/game_fn_801F69F0.o
[454/937] MWCC build/GEDE01/src/game/game_fn_801F6BD8.o
[455/937] MWCC build/GEDE01/src/game/game_fn_801F7510.o
[456/937] MWCC build/GEDE01/src/game/game_fn_801F76EC.o
[457/937] MWCC build/GEDE01/src/game/game_fn_801F8264.o
[458/937] MWCC build/GEDE01/src/game/game_fn_801F89B4.o
[459/937] MWCC build/GEDE01/src/game/game_fn_801F8FAC.o
[460/937] MWCC build/GEDE01/src/game/game_fn_801F9AF8.o
[461/937] MWCC build/GEDE01/src/game/game_fn_801F9CF4.o
[462/937] MWCC build/GEDE01/src/game/game_fn_801FA9C8.o
[463/937] MWCC build/GEDE01/src/game/game_fn_801FB6A4.o
[464/937] MWCC build/GEDE01/src/game/game_fn_801FC034.o
[465/937] MWCC build/GEDE01/src/game/game_fn_801FC204.o
[466/937] EXTERNALIZE build/GEDE01/src/game/game_fn_800A2B8C.o
[467/937] MWCC build/GEDE01/src/game/game_fn_801FFE78.o
[468/937] EXTERNALIZE build/GEDE01/src/game/game_fn_800DC4D4.o
[469/937] EXTERNALIZE build/GEDE01/src/game/game_fn_80119C70.o
[470/937] EXTERNALIZE build/GEDE01/src/game/game_fn_80175A08.o
[471/937] EXTERNALIZE build/GEDE01/src/game/game_fn_80066E78.o
[472/937] EXTERNALIZE build/GEDE01/src/game/game_fn_801247F8.o
[473/937] EXTERNALIZE build/GEDE01/src/game/game_fn_801EF910.o
[474/937] EXTERNALIZE build/GEDE01/src/game/game_fn_801ECF50.o
[475/937] EXTERNALIZE build/GEDE01/src/game/game_fn_801FC204.o
[476/937] EXTERNALIZE build/GEDE01/src/game/game_fn_801EB09C.o
[477/937] EXTERNALIZE JUMPTABLES build/GEDE01/src/game/game_fn_80050B08.o
[478/937] EXTERNALIZE build/GEDE01/src/game/game_fn_801EB11C.o
[479/937] EXTERNALIZE build/GEDE01/src/game/game_fn_801D9FE4.o
[480/937] EXTERNALIZE build/GEDE01/src/game/game_fn_801E41AC.o
[481/937] EXTERNALIZE build/GEDE01/src/game/game_fn_801D73D0.o
[482/937] EXTERNALIZE build/GEDE01/src/game/game_fn_801D76A8.o
[483/937] EXTERNALIZE build/GEDE01/src/game/game_fn_801D8050.o
[484/937] EXTERNALIZE build/GEDE01/src/game/game_fn_801D7C24.o
[485/937] EXTERNALIZE build/GEDE01/src/game/game_fn_8019B1BC.o
[486/937] EXTERNALIZE build/GEDE01/src/game/game_fn_80178F88.o
[487/937] EXTERNALIZE build/GEDE01/src/game/game_fn_801CD228.o
[488/937] EXTERNALIZE build/GEDE01/src/game/game_fn_801BA15C.o
[489/937] EXTERNALIZE build/GEDE01/src/game/game_fn_801C970C.o
[490/937] EXTERNALIZE build/GEDE01/src/game/game_fn_801C9510.o
[491/937] EXTERNALIZE build/GEDE01/src/game/game_fn_80126A00.o
[492/937] EXTERNALIZE build/GEDE01/src/game/game_fn_800C9C60.o
[493/937] EXTERNALIZE build/GEDE01/src/game/game_fn_8013D6A4.o
[494/937] EXTERNALIZE build/GEDE01/src/game/game_fn_801B5228.o
[495/937] EXTERNALIZE build/GEDE01/src/game/game_fn_801B4FB4.o
[496/937] EXTERNALIZE build/GEDE01/src/game/game_fn_801C87DC.o
[497/937] EXTERNALIZE build/GEDE01/src/game/game_fn_801C8CC0.o
[498/937] EXTERNALIZE build/GEDE01/src/game/game_fn_801B6F1C.o
[499/937] EXTERNALIZE build/GEDE01/src/game/game_fn_800FD0C8.o
[500/937] EXTERNALIZE build/GEDE01/src/game/game_fn_801BE0D4.o
[501/937] EXTERNALIZE build/GEDE01/src/game/game_fn_801BDE7C.o
[502/937] EXTERNALIZE STATIC POOL build/GEDE01/src/game/game_fn_801C9A08.o
build/GEDE01/src/game/game_fn_801C9A08.o: lbl_80629390 now undefined; section 3 emptied
[503/937] EXTERNALIZE STATIC POOL build/GEDE01/src/game/game_fn_801C9B1C.o
build/GEDE01/src/game/game_fn_801C9B1C.o: lbl_80629390 now undefined; section 3 emptied
[504/937] EXTERNALIZE build/GEDE01/src/game/game_fn_801B941C.o
[505/937] EXTERNALIZE STATIC POOL build/GEDE01/src/game/game_fn_801BD990.o
build/GEDE01/src/game/game_fn_801BD990.o: lbl_80626D80 now undefined; section 6 emptied
[506/937] EXTERNALIZE STATIC POOL build/GEDE01/src/game/game_fn_801B58F0.o
build/GEDE01/src/game/game_fn_801B58F0.o: lbl_8060C020 now undefined; section 3 emptied
[507/937] EXTERNALIZE STATIC POOL build/GEDE01/src/game/game_fn_801B9E7C.o
build/GEDE01/src/game/game_fn_801B9E7C.o: 0 relocation(s) moved from streamInfo to ...bss.0
build/GEDE01/src/game/game_fn_801B9E7C.o: lbl_8061AE48 now undefined; section 6 emptied
[508/937] EXTERNALIZE STATIC POOL build/GEDE01/src/game/game_fn_801BB1A0.o
build/GEDE01/src/game/game_fn_801BB1A0.o: 0 relocation(s) moved from streamInfo to ...bss.0
build/GEDE01/src/game/game_fn_801BB1A0.o: lbl_8061AE48 now undefined; section 6 emptied
[509/937] EXTERNALIZE STATIC POOL build/GEDE01/src/game/game_fn_801BA708.o
build/GEDE01/src/game/game_fn_801BA708.o: 0 relocation(s) moved from streamInfo to ...bss.0
build/GEDE01/src/game/game_fn_801BA708.o: lbl_8061AE48 now undefined; section 6 emptied
[510/937] EXTERNALIZE STATIC build/GEDE01/src/game/game_fn_801B35BC.o
build/GEDE01/src/game/game_fn_801B35BC.o: lbl_8060D420 now undefined; section 6 emptied
[511/937] EXTERNALIZE build/GEDE01/src/game/game_fn_801BA94C.o
build/GEDE01/src/game/game_fn_801BA94C.o: 0 relocation(s) moved from streamInfo to ...bss.0
build/GEDE01/src/game/game_fn_801BA94C.o: lbl_8061AE48 now undefined; section 6 emptied
[512/937] EXTERNALIZE STATIC POOL build/GEDE01/src/game/game_fn_801BC8F4.o
build/GEDE01/src/game/game_fn_801BC8F4.o: lbl_8061C748 now undefined; section 6 emptied
[513/937] EXTERNALIZE STATIC build/GEDE01/src/game/game_fn_801BC240.o
build/GEDE01/src/game/game_fn_801BC240.o: lbl_8061C748 now undefined; section 6 emptied
[514/937] EXTERNALIZE STATIC POOL build/GEDE01/src/game/game_fn_801BCC04.o
build/GEDE01/src/game/game_fn_801BCC04.o: lbl_8061C748 now undefined; section 6 emptied
[515/937] EXTERNALIZE STATIC POOL build/GEDE01/src/game/game_fn_801BC0D4.o
build/GEDE01/src/game/game_fn_801BC0D4.o: lbl_8061C748 now undefined; section 6 emptied
[516/937] EXTERNALIZE STATIC POOL build/GEDE01/src/game/game_fn_801C1CB0.o
build/GEDE01/src/game/game_fn_801C1CB0.o: lbl_80626DA0 now undefined; section 3 emptied
[517/937] RENAME build/GEDE01/src/game/game_InitMetroTRKCommTable.o
[518/937] EXTERNALIZE STATIC POOL build/GEDE01/src/game/game_fn_801CE09C.o
build/GEDE01/src/game/game_fn_801CE09C.o: lbl_80631340 now undefined; section 6 emptied
[519/937] RENAME RUNTIME INTRINSICS build/GEDE01/src/game/game_fn_801CB4F8.o
[520/937] EXTERNALIZE STATIC POOL build/GEDE01/src/game/game_fn_8010242C.o
build/GEDE01/src/game/game_fn_8010242C.o: lbl_8032CC08 now undefined; section 3 emptied
[521/937] EXTERNALIZE build/GEDE01/src/game/game_fn_801D3988.o
[522/937] EXTERNALIZE build/GEDE01/src/game/game_fn_801D1B10.o
[523/937] ALIGN DATA build/GEDE01/src/game/game_fn_8005EF94.o
[524/937] ALIGN DATA build/GEDE01/src/game/game_fn_801A6350.o
[525/937] ALIGN DATA build/GEDE01/src/game/game_fn_80008014.o
[526/937] EXTERNALIZE build/GEDE01/src/game/game_fn_801CE594.o
[527/937] EXTERNALIZE build/GEDE01/src/game/game_fn_8014549C.o
[528/937] EXTERNALIZE build/GEDE01/src/game/game_fn_801C8224.o
[529/937] EXTERNALIZE build/GEDE01/src/game/game_fn_801098C0.o
[530/937] EXTERNALIZE build/GEDE01/src/game/game_fn_8000FDE8.o
[531/937] EXTERNALIZE build/GEDE01/src/game/game_fn_80185F10.o
[532/937] EXTERNALIZE build/GEDE01/src/game/game_fn_801C29BC.o
[533/937] EXTERNALIZE build/GEDE01/src/game/game_fn_801C8F50.o
[534/937] EXTERNALIZE build/GEDE01/src/game/game_fn_8007B828.o
[535/937] EXTERNALIZE build/GEDE01/src/game/game_fn_801C90A4.o
[536/937] EXTERNALIZE build/GEDE01/src/game/game_fn_801C8160.o
[537/937] EXTERNALIZE build/GEDE01/src/game/game_fn_801C2AAC.o
[538/937] EXTERNALIZE build/GEDE01/src/game/game_fn_801C2D9C.o
[539/937] EXTERNALIZE build/GEDE01/src/game/game_fn_801C2980.o
[540/937] EXTERNALIZE build/GEDE01/src/game/game_fn_801B02F0.o
[541/937] EXTERNALIZE build/GEDE01/src/game/game_fn_801AFA74.o
[542/937] EXTERNALIZE build/GEDE01/src/game/game_fn_801AC8AC.o
[543/937] EXTERNALIZE build/GEDE01/src/game/game_fn_801ABD3C.o
[544/937] EXTERNALIZE build/GEDE01/src/game/game_fn_801816D4.o
[545/937] EXTERNALIZE build/GEDE01/src/game/game_fn_8011F140.o
[546/937] EXTERNALIZE build/GEDE01/src/game/game_fn_801AD08C.o
[547/937] EXTERNALIZE build/GEDE01/src/game/game_fn_8004998C.o
[548/937] EXTERNALIZE build/GEDE01/src/game/game_fn_80079AA4.o
[549/937] EXTERNALIZE build/GEDE01/src/game/game_fn_80158D38.o
[550/937] EXTERNALIZE build/GEDE01/src/game/game_fn_801A3A78.o
[551/937] EXTERNALIZE build/GEDE01/src/game/game_fn_8008F224.o
[552/937] EXTERNALIZE build/GEDE01/src/game/game_fn_80167454.o
[553/937] EXTERNALIZE build/GEDE01/src/game/game_fn_800AF230.o
[554/937] EXTERNALIZE build/GEDE01/src/game/game_fn_801A93E8.o
[555/937] EXTERNALIZE build/GEDE01/src/game/game_fn_801AB154.o
[556/937] EXTERNALIZE build/GEDE01/src/game/game_fn_801A7E04.o
[557/937] EXTERNALIZE build/GEDE01/src/game/game_fn_801A7EA8.o
[558/937] EXTERNALIZE build/GEDE01/src/game/game_fn_801A6CB4.o
[559/937] EXTERNALIZE build/GEDE01/src/game/game_fn_801A4CE0.o
[560/937] EXTERNALIZE build/GEDE01/src/game/game_fn_801A6C58.o
[561/937] NAME JUMPTABLE build/GEDE01/src/game/game_fn_801A6ADC.o
[562/937] EXTERNALIZE build/GEDE01/src/game/game_fn_801A6410.o
[563/937] EXTERNALIZE build/GEDE01/src/game/game_fn_801A5FB0.o
[564/937] EXTERNALIZE build/GEDE01/src/game/game_fn_801A1F18.o
[565/937] EXTERNALIZE build/GEDE01/src/game/game_fn_8019E8C8.o
[566/937] EXTERNALIZE build/GEDE01/src/game/game_fn_8019E5E4.o
[567/937] EXTERNALIZE build/GEDE01/src/game/game_fn_8019CFC4.o
[568/937] EXTERNALIZE build/GEDE01/src/game/game_fn_8019CC28.o
[569/937] EXTERNALIZE build/GEDE01/src/game/game_fn_801991E0.o
[570/937] EXTERNALIZE build/GEDE01/src/game/game_fn_80198BF4.o
[571/937] EXTERNALIZE build/GEDE01/src/game/game_fn_80198AAC.o
[572/937] EXTERNALIZE build/GEDE01/src/game/game_fn_80198154.o
[573/937] EXTERNALIZE build/GEDE01/src/game/game_fn_80194F80.o
[574/937] EXTERNALIZE build/GEDE01/src/game/game_fn_80197910.o
[575/937] EXTERNALIZE build/GEDE01/src/game/game_fn_80177434.o
repointed 2 relocations to lbl_80250588
[576/937] EXTERNALIZE build/GEDE01/src/game/game_fn_80193E1C.o
[577/937] EXTERNALIZE build/GEDE01/src/game/game_fn_801931C4.o
[578/937] EXTERNALIZE build/GEDE01/src/game/game_fn_80193F3C.o
[579/937] EXTERNALIZE build/GEDE01/src/game/game_fn_80192F54.o
[580/937] EXTERNALIZE build/GEDE01/src/game/game_fn_80191F58.o
[581/937] EXTERNALIZE build/GEDE01/src/game/game_fn_8019197C.o
[582/937] EXTERNALIZE build/GEDE01/src/game/game_fn_80191360.o
[583/937] GLOBALIZE build/GEDE01/src/game/game_fn_8018F1D0.o
[584/937] EXTERNALIZE build/GEDE01/src/game/game_fn_8018D688.o
[585/937] EXTERNALIZE build/GEDE01/src/game/game_fn_8018F81C.o
[586/937] EXTERNALIZE build/GEDE01/src/game/game_fn_8018D2E0.o
[587/937] EXTERNALIZE build/GEDE01/src/game/game_fn_80189968.o
[588/937] EXTERNALIZE build/GEDE01/src/game/game_fn_80189760.o
[589/937] EXTERNALIZE build/GEDE01/src/game/game_fn_8018D1F0.o
[590/937] EXTERNALIZE build/GEDE01/src/game/game_fn_801896A0.o
[591/937] EXTERNALIZE build/GEDE01/src/game/game_fn_801895E8.o
[592/937] EXTERNALIZE build/GEDE01/src/game/game_fn_80189390.o
[593/937] EXTERNALIZE build/GEDE01/src/game/game_fn_801891D8.o
[594/937] EXTERNALIZE build/GEDE01/src/game/game_fn_80188E28.o
[595/937] EXTERNALIZE build/GEDE01/src/game/game_fn_80189028.o
[596/937] EXTERNALIZE build/GEDE01/src/game/game_fn_80188B44.o
[597/937] EXTERNALIZE build/GEDE01/src/game/game_fn_80188C1C.o
[598/937] EXTERNALIZE build/GEDE01/src/game/game_fn_80188A7C.o
[599/937] EXTERNALIZE build/GEDE01/src/game/game_fn_801878E0.o
[600/937] EXTERNALIZE build/GEDE01/src/game/game_fn_80187120.o
[601/937] EXTERNALIZE build/GEDE01/src/game/game_fn_8018FEDC.o
[602/937] EXTERNALIZE build/GEDE01/src/game/game_fn_80186E10.o
[603/937] EXTERNALIZE build/GEDE01/src/game/game_fn_801865EC.o
[604/937] EXTERNALIZE build/GEDE01/src/game/game_fn_80185AE8.o
[605/937] EXTERNALIZE build/GEDE01/src/game/game_fn_801859FC.o
[606/937] EXTERNALIZE build/GEDE01/src/game/game_fn_80180DDC.o
[607/937] EXTERNALIZE build/GEDE01/src/game/game_fn_8017E958.o
[608/937] EXTERNALIZE build/GEDE01/src/game/game_fn_8017E850.o
[609/937] EXTERNALIZE build/GEDE01/src/game/game_fn_8017718C.o
[610/937] EXTERNALIZE build/GEDE01/src/game/game_fn_801770F8.o
[611/937] EXTERNALIZE build/GEDE01/src/game/game_fn_80176FA0.o
[612/937] EXTERNALIZE build/GEDE01/src/game/game_fn_80176DF4.o
[613/937] EXTERNALIZE build/GEDE01/src/game/game_fn_80174358.o
[614/937] EXTERNALIZE build/GEDE01/src/game/game_fn_80173F04.o
[615/937] EXTERNALIZE build/GEDE01/src/game/game_fn_8017553C.o
[616/937] EXTERNALIZE build/GEDE01/src/game/game_fn_80174184.o
[617/937] EXTERNALIZE build/GEDE01/src/game/game_fn_80173D44.o
[618/937] EXTERNALIZE build/GEDE01/src/game/game_fn_80173770.o
[619/937] EXTERNALIZE build/GEDE01/src/game/game_fn_801734B4.o
[620/937] EXTERNALIZE build/GEDE01/src/game/game_fn_80173270.o
[621/937] EXTERNALIZE build/GEDE01/src/game/game_fn_80172DB8.o
[622/937] EXTERNALIZE build/GEDE01/src/game/game_fn_80172C78.o
[623/937] EXTERNALIZE build/GEDE01/src/game/game_fn_801726EC.o
[624/937] EXTERNALIZE build/GEDE01/src/game/game_fn_80172BB0.o
[625/937] EXTERNALIZE build/GEDE01/src/game/game_fn_80171F30.o
[626/937] EXTERNALIZE build/GEDE01/src/game/game_fn_8017250C.o
[627/937] EXTERNALIZE build/GEDE01/src/game/game_fn_801719B4.o
[628/937] EXTERNALIZE build/GEDE01/src/game/game_fn_801718F4.o
[629/937] EXTERNALIZE build/GEDE01/src/game/game_fn_80171664.o
[630/937] EXTERNALIZE build/GEDE01/src/game/game_fn_8017138C.o
[631/937] EXTERNALIZE build/GEDE01/src/game/game_fn_80170A40.o
[632/937] EXTERNALIZE build/GEDE01/src/game/game_fn_801706DC.o
[633/937] NORMALIZE build/GEDE01/src/game/game_TRKNubWelcome.o
[634/937] NORMALIZE build/GEDE01/src/game/game_TRK_main.o
[635/937] NORMALIZE build/GEDE01/src/game/game_data_80239E10.o
[636/937] NORMALIZE build/GEDE01/src/game/game_data_80239E18.o
[637/937] EXTERNALIZE build/GEDE01/src/game/game_fn_8017652C.o
[638/937] EXTERNALIZE build/GEDE01/src/game/game_fn_80170E9C.o
[639/937] EXTERNALIZE build/GEDE01/src/game/game_fn_80175F0C.o
[640/937] EXTERNALIZE build/GEDE01/src/game/game_fn_80175E64.o
[641/937] EXTERNALIZE build/GEDE01/src/game/game_fn_80176098.o
[642/937] EXTERNALIZE build/GEDE01/src/game/game_fn_80175FD4.o
[643/937] EXTERNALIZE build/GEDE01/src/game/game_fn_80176220.o
[644/937] EXTERNALIZE build/GEDE01/src/game/game_fn_80176160.o
[645/937] EXTERNALIZE build/GEDE01/src/game/game_fn_80170DF4.o
[646/937] EXTERNALIZE build/GEDE01/src/game/game_fn_801762E8.o
[647/937] EXTERNALIZE build/GEDE01/src/game/game_fn_8016E8F8.o
[648/937] EXTERNALIZE build/GEDE01/src/game/game_fn_801704F8.o
[649/937] EXTERNALIZE build/GEDE01/src/game/game_fn_8016FEF8.o
[650/937] NORMALIZE build/GEDE01/src/game/game_fn_8016DF4C.o
[651/937] EXTERNALIZE build/GEDE01/src/game/game_fn_8016D2B8.o
[652/937] EXTERNALIZE build/GEDE01/src/game/game_fn_8016D1F8.o
[653/937] EXTERNALIZE build/GEDE01/src/game/game_fn_8016D040.o
[654/937] EXTERNALIZE build/GEDE01/src/game/game_fn_8016C4BC.o
[655/937] EXTERNALIZE build/GEDE01/src/game/game_fn_8016C774.o
[656/937] EXTERNALIZE build/GEDE01/src/game/game_fn_8016C238.o
[657/937] EXTERNALIZE build/GEDE01/src/game/game_fn_8016C164.o
[658/937] EXTERNALIZE build/GEDE01/src/game/game_fn_8016C0BC.o
[659/937] EXTERNALIZE build/GEDE01/src/game/game_fn_8017038C.o
[660/937] EXTERNALIZE build/GEDE01/src/game/game_fn_8016BE1C.o
[661/937] EXTERNALIZE build/GEDE01/src/game/game_fn_8016BF60.o
[662/937] EXTERNALIZE build/GEDE01/src/game/game_fn_8016BD0C.o
[663/937] EXTERNALIZE build/GEDE01/src/game/game_fn_80169650.o
[664/937] EXTERNALIZE build/GEDE01/src/game/game_fn_80167B5C.o
[665/937] EXTERNALIZE build/GEDE01/src/game/game_fn_8015EDC0.o
[666/937] EXTERNALIZE build/GEDE01/src/game/game_fn_8015DB84.o
[667/937] EXTERNALIZE build/GEDE01/src/game/game_fn_8015DC54.o
[668/937] EXTERNALIZE build/GEDE01/src/game/game_fn_80158B20.o
[669/937] EXTERNALIZE build/GEDE01/src/game/game_fn_80179398.o
[670/937] EXTERNALIZE build/GEDE01/src/game/game_fn_8017960C.o
[671/937] EXTERNALIZE build/GEDE01/src/game/game_fn_8017974C.o
[672/937] EXTERNALIZE build/GEDE01/src/game/game_fn_80179904.o
[673/937] EXTERNALIZE build/GEDE01/src/game/game_fn_8017A9B8.o
[674/937] EXTERNALIZE build/GEDE01/src/game/game_fn_80179A18.o
[675/937] EXTERNALIZE build/GEDE01/src/game/game_fn_80179A74.o
[676/937] EXTERNALIZE build/GEDE01/src/game/game_fn_80179EB8.o
[677/937] EXTERNALIZE build/GEDE01/src/game/game_fn_80179F20.o
[678/937] EXTERNALIZE build/GEDE01/src/game/game_fn_8017A010.o
[679/937] EXTERNALIZE build/GEDE01/src/game/game_fn_8017A12C.o
[680/937] EXTERNALIZE build/GEDE01/src/game/game_fn_80157C0C.o
[681/937] EXTERNALIZE build/GEDE01/src/game/game_fn_8017A1C0.o
[682/937] EXTERNALIZE build/GEDE01/src/game/game_fn_80155814.o
[683/937] EXTERNALIZE build/GEDE01/src/game/game_fn_80153898.o
[684/937] EXTERNALIZE build/GEDE01/src/game/game_fn_8014B494.o
[685/937] EXTERNALIZE build/GEDE01/src/game/game_fn_8014AF38.o
[686/937] EXTERNALIZE build/GEDE01/src/game/game_fn_8012DB28.o
[687/937] EXTERNALIZE build/GEDE01/src/game/game_fn_801141B8.o
[688/937] EXTERNALIZE build/GEDE01/src/game/game_fn_801128E4.o
[689/937] EXTERNALIZE build/GEDE01/src/game/game_fn_801126E0.o
[690/937] EXTERNALIZE build/GEDE01/src/game/game_fn_8010F184.o
[691/937] EXTERNALIZE build/GEDE01/src/game/game_fn_800E4980.o
[692/937] EXTERNALIZE build/GEDE01/src/game/game_fn_800C17EC.o
[693/937] EXTERNALIZE build/GEDE01/src/game/game_fn_800C030C.o
[694/937] EXTERNALIZE build/GEDE01/src/game/game_fn_800C59F0.o
[695/937] EXTERNALIZE build/GEDE01/src/game/game_fn_800C644C.o
[696/937] EXTERNALIZE build/GEDE01/src/game/game_fn_800C65FC.o
[697/937] EXTERNALIZE build/GEDE01/src/game/game_fn_800CB760.o
[698/937] EXTERNALIZE build/GEDE01/src/game/game_fn_800CB8F4.o
[699/937] EXTERNALIZE build/GEDE01/src/game/game_fn_80078500.o
[700/937] EXTERNALIZE build/GEDE01/src/game/game_fn_80079908.o
[701/937] EXTERNALIZE build/GEDE01/src/game/game_fn_8007B2F4.o
[702/937] EXTERNALIZE build/GEDE01/src/game/game_fn_8007B540.o
[703/937] EXTERNALIZE build/GEDE01/src/game/game_fn_8007B640.o
[704/937] EXTERNALIZE build/GEDE01/src/game/game_fn_800886D8.o
[705/937] EXTERNALIZE build/GEDE01/src/game/game_fn_8007BA3C.o
[706/937] EXTERNALIZE build/GEDE01/src/game/game_fn_800934A0.o
[707/937] EXTERNALIZE build/GEDE01/src/game/game_fn_800A3894.o
[708/937] EXTERNALIZE build/GEDE01/src/game/game_fn_800A7E88.o
[709/937] EXTERNALIZE build/GEDE01/src/game/game_fn_800A4798.o
[710/937] GLOBALIZE build/GEDE01/src/game/game_fn_800A2130.o
[711/937] EXTERNALIZE build/GEDE01/src/game/game_fn_800A2FCC.o
[712/937] EXTERNALIZE build/GEDE01/src/game/game_fn_8009C424.o
[713/937] EXTERNALIZE build/GEDE01/src/game/game_fn_80096830.o
[714/937] GLOBALIZE build/GEDE01/src/game/game_fn_8008F890.o
[715/937] EXTERNALIZE SWITCHES build/GEDE01/src/game/game_fn_80095FDC.o
[716/937] EXTERNALIZE build/GEDE01/src/game/game_fn_800A4428.o
[717/937] EXTERNALIZE build/GEDE01/src/game/game_fn_80074310.o
[718/937] GLOBALIZE build/GEDE01/src/game/game_fn_8005FD84.o
[719/937] EXTERNALIZE build/GEDE01/src/game/game_fn_80066888.o
[720/937] EXTERNALIZE build/GEDE01/src/game/game_fn_8005EC6C.o
[721/937] EXTERNALIZE build/GEDE01/src/game/game_fn_80052310.o
[722/937] EXTERNALIZE build/GEDE01/src/game/game_fn_80048B24.o
[723/937] NAME SWITCH build/GEDE01/src/game/game_fn_80020E94.o
[724/937] NAME SWITCH build/GEDE01/src/game/game_fn_8005EE9C.o
[725/937] NAME SWITCH build/GEDE01/src/game/game_fn_8016D9C0.o
[726/937] NAME SWITCH build/GEDE01/src/game/game_fn_80071A58.o
[727/937] EXTERNALIZE build/GEDE01/src/game/game_fn_80048ADC.o
[728/937] NAME SWITCH build/GEDE01/src/game/game_fn_8006B620.o
[729/937] NAME SWITCH build/GEDE01/src/game/game_fn_8001FE1C.o
[730/937] NAME SWITCH build/GEDE01/src/game/game_fn_8001E644.o
[731/937] EXTERNALIZE build/GEDE01/src/game/game_fn_80038878.o
[732/937] EXTERNALIZE build/GEDE01/src/game/game_fn_801B46C8.o
build/GEDE01/src/game/game_fn_801B46C8.o: lbl_8060C020 now undefined; section 6 emptied
[733/937] EXTERNALIZE build/GEDE01/src/game/game_fn_80036C40.o
[734/937] EXTERNALIZE build/GEDE01/src/game/game_fn_800359A0.o
[735/937] EXTERNALIZE build/GEDE01/src/game/game_fn_80033180.o
[736/937] EXTERNALIZE build/GEDE01/src/game/game_fn_80033038.o
[737/937] EXTERNALIZE build/GEDE01/src/game/game_fn_80032B84.o
[738/937] EXTERNALIZE build/GEDE01/src/game/game_fn_8003232C.o
[739/937] EXTERNALIZE build/GEDE01/src/game/game_fn_8002E3F0.o
[740/937] EXTERNALIZE build/GEDE01/src/game/game_fn_8002DAE0.o
[741/937] EXTERNALIZE build/GEDE01/src/game/game_fn_8002EA68.o
[742/937] GLOBALIZE build/GEDE01/src/game/game_fn_8002B748.o
[743/937] EXTERNALIZE build/GEDE01/src/game/game_fn_8002F428.o
[744/937] NAME SWITCHES build/GEDE01/src/game/game_fn_80024F28.o
[745/937] EXTERNALIZE build/GEDE01/src/game/game_fn_800272B4.o
[746/937] EXTERNALIZE build/GEDE01/src/game/game_fn_8001CE94.o
[747/937] EXTERNALIZE build/GEDE01/src/game/game_fn_8001CD58.o
[748/937] EXTERNALIZE build/GEDE01/src/game/game_fn_8001C078.o
[749/937] EXTERNALIZE build/GEDE01/src/game/game_fn_8001B874.o
[750/937] EXTERNALIZE build/GEDE01/src/game/game_fn_8001B808.o
[751/937] EXTERNALIZE build/GEDE01/src/game/game_fn_8001B294.o
[752/937] EXTERNALIZE build/GEDE01/src/game/game_fn_8001B124.o
[753/937] EXTERNALIZE build/GEDE01/src/game/game_fn_8001ADF8.o
[754/937] EXTERNALIZE build/GEDE01/src/game/game_fn_8001AF68.o
[755/937] EXTERNALIZE build/GEDE01/src/game/game_fn_8001AAB8.o
[756/937] EXTERNALIZE build/GEDE01/src/game/game_fn_8001A6C4.o
[757/937] EXTERNALIZE build/GEDE01/src/game/game_fn_80019F98.o
[758/937] EXTERNALIZE build/GEDE01/src/game/game_fn_80019D2C.o
[759/937] EXTERNALIZE build/GEDE01/src/game/game_fn_80019C10.o
[760/937] EXTERNALIZE build/GEDE01/src/game/game_fn_80019940.o
[761/937] EXTERNALIZE build/GEDE01/src/game/game_fn_800194D0.o
[762/937] EXTERNALIZE build/GEDE01/src/game/game_fn_80019244.o
[763/937] EXTERNALIZE build/GEDE01/src/game/game_fn_80019054.o
[764/937] EXTERNALIZE build/GEDE01/src/game/game_fn_80018EF4.o
[765/937] EXTERNALIZE build/GEDE01/src/game/game_fn_80017DB0.o
[766/937] EXTERNALIZE build/GEDE01/src/game/game_fn_80017C3C.o
[767/937] EXTERNALIZE build/GEDE01/src/game/game_fn_80017CC8.o
[768/937] EXTERNALIZE build/GEDE01/src/game/game_fn_80017AE4.o
[769/937] EXTERNALIZE build/GEDE01/src/game/game_fn_80017A3C.o
[770/937] EXTERNALIZE build/GEDE01/src/game/game_fn_800179AC.o
[771/937] EXTERNALIZE build/GEDE01/src/game/game_fn_80017910.o
[772/937] EXTERNALIZE FLAGS build/GEDE01/src/game/game_fn_800119FC.o
[773/937] EXTERNALIZE build/GEDE01/src/game/game_fn_8000FFD8.o
[774/937] EXTERNALIZE build/GEDE01/src/game/game_fn_8000F4B0.o
[775/937] GLOBALIZE build/GEDE01/src/game/game_fn_800094C0.o
[776/937] EXTERNALIZE build/GEDE01/src/game/game_fn_8000EFC4.o
[777/937] EXTERNALIZE build/GEDE01/src/game/game_fn_800096E0.o
[778/937] EXTERNALIZE build/GEDE01/src/game/game_fn_800098C0.o
[779/937] EXTERNALIZE build/GEDE01/src/game/game_fn_80009AB4.o
[780/937] EXTERNALIZE build/GEDE01/src/game/game_fn_800099D8.o
[781/937] EXTERNALIZE build/GEDE01/src/game/game_fn_8000A26C.o
[782/937] EXTERNALIZE build/GEDE01/src/game/game_fn_800171C0.o
[783/937] EXTERNALIZE build/GEDE01/src/game/game_fn_800176F0.o
[784/937] EXTERNALIZE build/GEDE01/src/game/game_fn_8000AC88.o
[785/937] EXTERNALIZE build/GEDE01/src/game/game_fn_8000AEB4.o
[786/937] EXTERNALIZE build/GEDE01/src/game/game_fn_8000B1B8.o
[787/937] EXTERNALIZE build/GEDE01/src/game/game_fn_8000AFB4.o
[788/937] EXTERNALIZE build/GEDE01/src/game/game_fn_8000B36C.o
[789/937] EXTERNALIZE build/GEDE01/src/game/game_fn_8000B630.o
[790/937] EXTERNALIZE build/GEDE01/src/game/game_fn_8000B7FC.o
[791/937] EXTERNALIZE build/GEDE01/src/game/game_fn_8000B900.o
[792/937] EXTERNALIZE build/GEDE01/src/game/game_fn_8000BAA0.o
[793/937] EXTERNALIZE build/GEDE01/src/game/game_fn_8000BA0C.o
[794/937] EXTERNALIZE build/GEDE01/src/game/game_fn_8000BC40.o
[795/937] EXTERNALIZE build/GEDE01/src/game/game_fn_8000C06C.o
[796/937] EXTERNALIZE build/GEDE01/src/game/game_fn_8000C17C.o
[797/937] EXTERNALIZE build/GEDE01/src/game/game_fn_8000C400.o
[798/937] EXTERNALIZE build/GEDE01/src/game/game_fn_8000C848.o
[799/937] EXTERNALIZE build/GEDE01/src/game/game_fn_8000C91C.o
[800/937] EXTERNALIZE build/GEDE01/src/game/game_fn_8000D0BC.o
[801/937] EXTERNALIZE build/GEDE01/src/game/game_fn_8000D3D4.o
[802/937] NAME SWITCH build/GEDE01/src/game/game_fn_8000D8A4.o
[803/937] EXTERNALIZE build/GEDE01/src/game/game_fn_8000E0AC.o
[804/937] EXTERNALIZE build/GEDE01/src/game/game_fn_8000E054.o
[805/937] EXTERNALIZE build/GEDE01/src/game/game_fn_8000E96C.o
[806/937] EXTERNALIZE build/GEDE01/src/game/game_fn_8000F774.o
[807/937] EXTERNALIZE build/GEDE01/src/game/game_fn_8000EB14.o
[808/937] EXTERNALIZE build/GEDE01/src/game/game_fn_8000EBD4.o
[809/937] EXTERNALIZE build/GEDE01/src/game/game_fn_8000ED44.o
[810/937] EXTERNALIZE build/GEDE01/src/game/game_fn_8000E138.o
[811/937] EXTERNALIZE build/GEDE01/src/game/game_fn_8000D590.o
[812/937] EXTERNALIZE build/GEDE01/src/game/game_fn_8000E1C4.o
[813/937] EXTERNALIZE build/GEDE01/src/game/game_fn_8000DAF4.o
[814/937] EXTERNALIZE build/GEDE01/src/game/game_fn_8000DA50.o
[815/937] EXTERNALIZE build/GEDE01/src/game/game_fn_80012DA8.o
[816/937] EXTERNALIZE build/GEDE01/src/game/game_fn_80012F40.o
[817/937] EXTERNALIZE build/GEDE01/src/game/game_fn_80012FD0.o
[818/937] EXTERNALIZE build/GEDE01/src/game/game_fn_800131E8.o
[819/937] EXTERNALIZE build/GEDE01/src/game/game_fn_80013340.o
[820/937] EXTERNALIZE build/GEDE01/src/game/game_fn_80013870.o
[821/937] EXTERNALIZE build/GEDE01/src/game/game_fn_80013CB0.o
[822/937] EXTERNALIZE build/GEDE01/src/game/game_fn_80013D54.o
[823/937] EXTERNALIZE build/GEDE01/src/game/game_fn_800142DC.o
[824/937] EXTERNALIZE build/GEDE01/src/game/game_fn_800144CC.o
[825/937] EXTERNALIZE build/GEDE01/src/game/game_fn_80014784.o
[826/937] EXTERNALIZE build/GEDE01/src/game/game_fn_800149D4.o
[827/937] EXTERNALIZE build/GEDE01/src/game/game_fn_80015058.o
[828/937] EXTERNALIZE build/GEDE01/src/game/game_fn_80015320.o
[829/937] EXTERNALIZE build/GEDE01/src/game/game_fn_80015568.o
[830/937] EXTERNALIZE build/GEDE01/src/game/game_fn_800156FC.o
[831/937] EXTERNALIZE build/GEDE01/src/game/game_fn_80015BE0.o
[832/937] EXTERNALIZE build/GEDE01/src/game/game_fn_80015D40.o
[833/937] EXTERNALIZE build/GEDE01/src/game/game_fn_80015F04.o
[834/937] EXTERNALIZE build/GEDE01/src/game/game_fn_80016128.o
[835/937] EXTERNALIZE build/GEDE01/src/game/game_fn_80016270.o
[836/937] EXTERNALIZE build/GEDE01/src/game/game_fn_80016904.o
[837/937] EXTERNALIZE build/GEDE01/src/game/game_fn_800173CC.o
[838/937] EXTERNALIZE build/GEDE01/src/game/game_fn_80016B24.o
[839/937] EXTERNALIZE build/GEDE01/src/game/game_fn_801BEF40.o
[840/937] EXTERNALIZE build/GEDE01/src/game/game_fn_801B86C0.o
[841/937] EXTERNALIZE STATIC POOL build/GEDE01/src/game/game_fn_801C4B5C.o
build/GEDE01/src/game/game_fn_801C4B5C.o: lbl_80628CB0 now undefined; section 6 emptied
[842/937] EXTERNALIZE build/GEDE01/src/game/game_fn_801C8600.o
[843/937] EXTERNALIZE build/GEDE01/src/game/game_fn_801EAA04.o
[844/937] EXTERNALIZE build/GEDE01/src/game/game_fn_80173BDC.o
[845/937] EXTERNALIZE build/GEDE01/src/game/game_fn_801E7014.o
[846/937] EXTERNALIZE build/GEDE01/src/game/game_fn_8014BA14.o
[847/937] EXTERNALIZE build/GEDE01/src/game/game_fn_801A4430.o
[848/937] EXTERNALIZE build/GEDE01/src/game/game_fn_800B2EC0.o
[849/937] EXTERNALIZE build/GEDE01/src/game/game_fn_8001CA04.o
[850/937] EXTERNALIZE build/GEDE01/src/game/game_fn_80031544.o
[851/937] EXTERNALIZE build/GEDE01/src/game/game_fn_8006B0F0.o
[852/937] EXTERNALIZE build/GEDE01/src/game/game_fn_8007D4D8.o
[853/937] EXTERNALIZE build/GEDE01/src/game/game_fn_8007F770.o
[854/937] EXTERNALIZE build/GEDE01/src/game/game_fn_80088F4C.o
[855/937] EXTERNALIZE build/GEDE01/src/game/game_fn_8008A2E0.o
[856/937] EXTERNALIZE build/GEDE01/src/game/game_fn_80089A34.o
[857/937] EXTERNALIZE build/GEDE01/src/game/game_fn_80090004.o
[858/937] EXTERNALIZE build/GEDE01/src/game/game_fn_80095D10.o
[859/937] EXTERNALIZE build/GEDE01/src/game/game_fn_800A3180.o
[860/937] EXTERNALIZE build/GEDE01/src/game/game_fn_800BB7A8.o
[861/937] EXTERNALIZE build/GEDE01/src/game/game_fn_800BB5C4.o
[862/937] EXTERNALIZE build/GEDE01/src/game/game_fn_800BB9A4.o
[863/937] EXTERNALIZE build/GEDE01/src/game/game_fn_800BBAF0.o
[864/937] EXTERNALIZE build/GEDE01/src/game/game_fn_800D9064.o
[865/937] EXTERNALIZE build/GEDE01/src/game/game_fn_800D9E10.o
[866/937] EXTERNALIZE build/GEDE01/src/game/game_fn_8012976C.o
[867/937] EXTERNALIZE build/GEDE01/src/game/game_fn_8013DB8C.o
[868/937] EXTERNALIZE build/GEDE01/src/game/game_fn_8013CBE4.o
[869/937] EXTERNALIZE build/GEDE01/src/game/game_fn_8014CA98.o
[870/937] EXTERNALIZE build/GEDE01/src/game/game_fn_80153A24.o
[871/937] EXTERNALIZE build/GEDE01/src/game/game_fn_801535D8.o
[872/937] EXTERNALIZE build/GEDE01/src/game/game_fn_80174F2C.o
[873/937] EXTERNALIZE build/GEDE01/src/game/game_fn_801752B0.o
[874/937] EXTERNALIZE build/GEDE01/src/game/game_fn_8017AC20.o
[875/937] EXTERNALIZE build/GEDE01/src/game/game_fn_801861C4.o
[876/937] EXTERNALIZE build/GEDE01/src/game/game_fn_8018680C.o
[877/937] EXTERNALIZE build/GEDE01/src/game/game_fn_80186F70.o
[878/937] EXTERNALIZE build/GEDE01/src/game/game_fn_80187320.o
[879/937] EXTERNALIZE build/GEDE01/src/game/game_fn_801810A0.o
[880/937] EXTERNALIZE build/GEDE01/src/game/game_fn_801875FC.o
[881/937] EXTERNALIZE build/GEDE01/src/game/game_fn_800542D0.o
[882/937] EXTERNALIZE build/GEDE01/src/game/game_fn_80187E40.o
[883/937] EXTERNALIZE build/GEDE01/src/game/game_fn_80187BB4.o
[884/937] EXTERNALIZE build/GEDE01/src/game/game_fn_80189C14.o
[885/937] EXTERNALIZE build/GEDE01/src/game/game_fn_8018C2D0.o
[886/937] EXTERNALIZE build/GEDE01/src/game/game_fn_8018D400.o
[887/937] EXTERNALIZE build/GEDE01/src/game/game_fn_8018E0D8.o
[888/937] EXTERNALIZE build/GEDE01/src/game/game_fn_8019120C.o
[889/937] EXTERNALIZE build/GEDE01/src/game/game_fn_8018DC24.o
[890/937] EXTERNALIZE build/GEDE01/src/game/game_fn_801926EC.o
[891/937] EXTERNALIZE build/GEDE01/src/game/game_fn_801916D0.o
[892/937] EXTERNALIZE build/GEDE01/src/game/game_fn_801929A4.o
[893/937] EXTERNALIZE build/GEDE01/src/game/game_fn_801952E8.o
[894/937] EXTERNALIZE build/GEDE01/src/game/game_fn_801A2A54.o
[895/937] EXTERNALIZE build/GEDE01/src/game/game_fn_801A34BC.o
[896/937] EXTERNALIZE build/GEDE01/src/game/game_fn_801A657C.o
[897/937] EXTERNALIZE build/GEDE01/src/game/game_fn_801A1F8C.o
[898/937] EXTERNALIZE build/GEDE01/src/game/game_fn_801D1F78.o
[899/937] EXTERNALIZE build/GEDE01/src/game/game_fn_801E2A48.o
[900/937] EXTERNALIZE build/GEDE01/src/game/game_fn_801E6814.o
[901/937] EXTERNALIZE build/GEDE01/src/game/game_fn_801E995C.o
[902/937] EXTERNALIZE build/GEDE01/src/game/game_fn_801EF580.o
[903/937] EXTERNALIZE build/GEDE01/src/game/game_fn_801F0CB0.o
[904/937] EXTERNALIZE build/GEDE01/src/game/game_fn_801F10BC.o
[905/937] EXTERNALIZE build/GEDE01/src/game/game_fn_801F35A8.o
[906/937] EXTERNALIZE build/GEDE01/src/game/game_fn_801ECD74.o
[907/937] EXTERNALIZE build/GEDE01/src/game/game_fn_801ED5F4.o
[908/937] EXTERNALIZE build/GEDE01/src/game/game_fn_801F69F0.o
[909/937] EXTERNALIZE build/GEDE01/src/game/game_fn_801F76EC.o
[910/937] EXTERNALIZE build/GEDE01/src/game/game_fn_801F8264.o
[911/937] EXTERNALIZE build/GEDE01/src/game/game_fn_801F89B4.o
[912/937] EXTERNALIZE build/GEDE01/src/game/game_fn_801F9AF8.o
[913/937] EXTERNALIZE build/GEDE01/src/game/game_fn_801F6BD8.o
[914/937] EXTERNALIZE build/GEDE01/src/game/game_fn_80095E64.o
[915/937] EXTERNALIZE JUMPTABLES build/GEDE01/src/game/game_fn_800361F8.o
[916/937] EXTERNALIZE build/GEDE01/src/game/game_fn_801FB6A4.o
[917/937] EXTERNALIZE JUMPTABLES build/GEDE01/src/game/game_fn_8006E53C.o
[918/937] EXTERNALIZE JUMPTABLES build/GEDE01/src/game/game_fn_800CF598.o
[919/937] EXTERNALIZE JUMPTABLES build/GEDE01/src/game/game_fn_801ACFE8.o
[920/937] EXTERNALIZE build/GEDE01/src/game/game_fn_80150A24.o
[921/937] EXTERNALIZE JUMPTABLES build/GEDE01/src/game/game_fn_801B1BA0.o
[922/937] EXTERNALIZE build/GEDE01/src/game/game_fn_80154F74.o
[923/937] EXTERNALIZE build/GEDE01/src/game/game_fn_801E504C.o
[924/937] EXTERNALIZE build/GEDE01/src/game/game_fn_8009E808.o
[925/937] EXTERNALIZE build/GEDE01/src/game/game_fn_801F1A38.o
[926/937] EXTERNALIZE build/GEDE01/src/game/game_fn_801FFE78.o
[927/937] EXTERNALIZE build/GEDE01/src/game/game_fn_801F55A0.o
[928/937] EXTERNALIZE build/GEDE01/src/game/game_fn_801F7510.o
[929/937] EXTERNALIZE build/GEDE01/src/game/game_fn_801F8FAC.o
[930/937] EXTERNALIZE build/GEDE01/src/game/game_fn_801F9CF4.o
[931/937] EXTERNALIZE build/GEDE01/src/game/game_fn_801FC034.o
[932/937] EXTERNALIZE build/GEDE01/src/game/game_fn_801FA9C8.o
[933/937] REPORT
 INFO Loading project .
 INFO Generating report for 7069 units (using 8 threads)
 INFO Report generated in 0.229s
 INFO Writing to build/GEDE01/report.json
[934/937] LINK build/GEDE01/main.elf
### mwldeppc.exe Linker Warning:
#   Section '.ignored' is unknown. Section ignored.
### mwldeppc.exe Linker Warning:
#   Section '.ignored' is unknown. Section ignored.
### mwldeppc.exe Linker Warning:
#   Section '.ignored' is unknown. Section ignored.
### mwldeppc.exe Linker Warning:
#   Section '.ignored' is unknown. Section ignored.
### mwldeppc.exe Linker Warning:
#   Section '.ignored' is unknown. Section ignored.
### mwldeppc.exe Linker Warning:
#   Section '.ignored' is unknown. Section ignored.
### mwldeppc.exe Linker Warning:
#   Section '.ignored' is unknown. Section ignored.
### mwldeppc.exe Linker Warning:
#   Section '.ignored' is unknown. Section ignored.
### mwldeppc.exe Linker Warning:
#   Section '.ignored' is unknown. Section ignored.
### mwldeppc.exe Linker Warning:
#   Section '.ignored' is unknown. Section ignored.
### mwldeppc.exe Linker Warning:
#   Section '.ignored' is unknown. Section ignored.
### mwldeppc.exe Linker Warning:
#   Section '.ignored' is unknown. Section ignored.
### mwldeppc.exe Linker Warning:
#   Section '.ignored' is unknown. Section ignored.
### mwldeppc.exe Linker Warning:
#   Section '.ignored' is unknown. Section ignored.
### mwldeppc.exe Linker Warning:
#   Section '.ignored' is unknown. Section ignored.
### mwldeppc.exe Linker Warning:
#   Section '.ignored' is unknown. Section ignored.
### mwldeppc.exe Linker Warning:
#   Section '.ignored' is unknown. Section ignored.
### mwldeppc.exe Linker Warning:
#   Section '.ignored' is unknown. Section ignored.
### mwldeppc.exe Linker Warning:
#   Section '.ignored' is unknown. Section ignored.
### mwldeppc.exe Linker Warning:
#   Section '.ignored' is unknown. Section ignored.
### mwldeppc.exe Linker Warning:
#   Section '.ignored' is unknown. Section ignored.
### mwldeppc.exe Linker Warning:
#   Section '.ignored' is unknown. Section ignored.
### mwldeppc.exe Linker Warning:
#   Section '.ignored' is unknown. Section ignored.
### mwldeppc.exe Linker Warning:
#   Section '.ignored' is unknown. Section ignored.
### mwldeppc.exe Linker Warning:
#   Section '.ignored' is unknown. Section ignored.
### mwldeppc.exe Linker Warning:
#   Section '.ignored' is unknown. Section ignored.
### mwldeppc.exe Linker Warning:
#   Section '.ignored' is unknown. Section ignored.
### mwldeppc.exe Linker Warning:
#   Section '.ignored' is unknown. Section ignored.
### mwldeppc.exe Linker Warning:
#   Section '.ignored' is unknown. Section ignored.
### mwldeppc.exe Linker Warning:
#   Section '.ignored' is unknown. Section ignored.
### mwldeppc.exe Linker Warning:
#   Section '.ignored' is unknown. Section ignored.
### mwldeppc.exe Linker Warning:
#   Section '.ignored' is unknown. Section ignored.
### mwldeppc.exe Linker Warning:
#   Section '.ignored' is unknown. Section ignored.
### mwldeppc.exe Linker Warning:
#   Section '.ignored' is unknown. Section ignored.
### mwldeppc.exe Linker Warning:
#   Section '.ignored' is unknown. Section ignored.
### mwldeppc.exe Linker Warning:
#   Section '.ignored' is unknown. Section ignored.
### mwldeppc.exe Linker Warning:
#   Section '.ignored' is unknown. Section ignored.
### mwldeppc.exe Linker Warning:
#   Section '.ignored' is unknown. Section ignored.
### mwldeppc.exe Linker Warning:
#   Section '.ignored' is unknown. Section ignored.
### mwldeppc.exe Linker Warning:
#   Section '.ignored' is unknown. Section ignored.
### mwldeppc.exe Linker Warning:
#   Section '.ignored' is unknown. Section ignored.
### mwldeppc.exe Linker Warning:
#   Section '.ignored' is unknown. Section ignored.
### mwldeppc.exe Linker Warning:
#   Section '.ignored' is unknown. Section ignored.
### mwldeppc.exe Linker Warning:
#   Section '.ignored' is unknown. Section ignored.
### mwldeppc.exe Linker Warning:
#   Section '.ignored' is unknown. Section ignored.
### mwldeppc.exe Linker Warning:
#   Section '.ignored' is unknown. Section ignored.
### mwldeppc.exe Linker Warning:
#   Section '.ignored' is unknown. Section ignored.
### mwldeppc.exe Linker Warning:
#   Section '.ignored' is unknown. Section ignored.
### mwldeppc.exe Linker Warning:
#   Section '.ignored' is unknown. Section ignored.
### mwldeppc.exe Linker Warning:
#   Section '.ignored' is unknown. Section ignored.
### mwldeppc.exe Linker Warning:
#   Section '.ignored' is unknown. Section ignored.
### mwldeppc.exe Linker Warning:
#   Section '.ignored' is unknown. Section ignored.
### mwldeppc.exe Linker Warning:
#   Section '.ignored' is unknown. Section ignored.
### mwldeppc.exe Linker Warning:
#   Section '.ignored' is unknown. Section ignored.
### mwldeppc.exe Linker Warning:
#   Section '.ignored' is unknown. Section ignored.
### mwldeppc.exe Linker Warning:
#   Section '.ignored' is unknown. Section ignored.
### mwldeppc.exe Linker Warning:
#   Section '.ignored' is unknown. Section ignored.
### mwldeppc.exe Linker Warning:
#   Section '.ignored' is unknown. Section ignored.
### mwldeppc.exe Linker Warning:
#   Section '.ignored' is unknown. Section ignored.
### mwldeppc.exe Linker Warning:
#   Section '.ignored' is unknown. Section ignored.
### mwldeppc.exe Linker Warning:
#   Section '.ignored' is unknown. Section ignored.
### mwldeppc.exe Linker Warning:
#   Section '.ignored' is unknown. Section ignored.
### mwldeppc.exe Linker Warning:
#   Section '.ignored' is unknown. Section ignored.
### mwldeppc.exe Linker Warning:
#   Section '.ignored' is unknown. Section ignored.
### mwldeppc.exe Linker Warning:
#   Section '.ignored' is unknown. Section ignored.
### mwldeppc.exe Linker Warning:
#   Section '.ignored' is unknown. Section ignored.
### mwldeppc.exe Linker Warning:
#   Section '.ignored' is unknown. Section ignored.
### mwldeppc.exe Linker Warning:
#   Section '.ignored' is unknown. Section ignored.
### mwldeppc.exe Linker Warning:
#   Section '.ignored' is unknown. Section ignored.
### mwldeppc.exe Linker Warning:
#   Section '.ignored' is unknown. Section ignored.
### mwldeppc.exe Linker Warning:
#   Section '.ignored' is unknown. Section ignored.
### mwldeppc.exe Linker Warning:
#   Section '.ignored' is unknown. Section ignored.
### mwldeppc.exe Linker Warning:
#   Section '.ignored' is unknown. Section ignored.
### mwldeppc.exe Linker Warning:
#   Section '.ignored' is unknown. Section ignored.
### mwldeppc.exe Linker Warning:
#   Section '.ignored' is unknown. Section ignored.
### mwldeppc.exe Linker Warning:
#   Section '.ignored' is unknown. Section ignored.
### mwldeppc.exe Linker Warning:
#   Section '.ignored' is unknown. Section ignored.
### mwldeppc.exe Linker Warning:
#   Section '.ignored' is unknown. Section ignored.
### mwldeppc.exe Linker Warning:
#   Section '.ignored' is unknown. Section ignored.
### mwldeppc.exe Linker Warning:
#   Section '.ignored' is unknown. Section ignored.
### mwldeppc.exe Linker Warning:
#   Section '.ignored' is unknown. Section ignored.
### mwldeppc.exe Linker Warning:
#   Section '.ignored' is unknown. Section ignored.
### mwldeppc.exe Linker Warning:
#   Section '.ignored' is unknown. Section ignored.
### mwldeppc.exe Linker Warning:
#   Section '.ignored' is unknown. Section ignored.
### mwldeppc.exe Linker Warning:
#   Section '.ignored' is unknown. Section ignored.
### mwldeppc.exe Linker Warning:
#   Section '.ignored' is unknown. Section ignored.
### mwldeppc.exe Linker Warning:
#   Section '.ignored' is unknown. Section ignored.
### mwldeppc.exe Linker Warning:
#   Section '.ignored' is unknown. Section ignored.
### mwldeppc.exe Linker Warning:
#   Section '.ignored' is unknown. Section ignored.
### mwldeppc.exe Linker Warning:
#   Section '.ignored' is unknown. Section ignored.
### mwldeppc.exe Linker Warning:
#   Section '.ignored' is unknown. Section ignored.
### mwldeppc.exe Linker Warning:
#   Section '.ignored' is unknown. Section ignored.
### mwldeppc.exe Linker Warning:
#   Section '.ignored' is unknown. Section ignored.
### mwldeppc.exe Linker Warning:
#   Section '.ignored' is unknown. Section ignored.
### mwldeppc.exe Linker Warning:
#   Section '.ignored' is unknown. Section ignored.
### mwldeppc.exe Linker Warning:
#   Section '.ignored' is unknown. Section ignored.
### mwldeppc.exe Linker Warning:
#   Section '.ignored' is unknown. Section ignored.
### mwldeppc.exe Linker Warning:
#   Section '.ignored' is unknown. Section ignored.
### mwldeppc.exe Linker Warning:
#   Section '.ignored' is unknown. Section ignored.
### mwldeppc.exe Linker Warning:
#   Section '.ignored' is unknown. Section ignored.
### mwldeppc.exe Linker Warning:
#   Section '.ignored' is unknown. Section ignored.
### mwldeppc.exe Linker Warning:
#   Section '.ignored' is unknown. Section ignored.
### mwldeppc.exe Linker Warning:
#   Section '.ignored' is unknown. Section ignored.
### mwldeppc.exe Linker Warning:
#   Section '.ignored' is unknown. Section ignored.
### mwldeppc.exe Linker Warning:
#   Section '.ignored' is unknown. Section ignored.
### mwldeppc.exe Linker Warning:
#   Section '.ignored' is unknown. Section ignored.
### mwldeppc.exe Linker Warning:
#   Section '.ignored' is unknown. Section ignored.
### mwldeppc.exe Linker Warning:
#   Section '.ignored' is unknown. Section ignored.
### mwldeppc.exe Linker Warning:
#   Section '.ignored' is unknown. Section ignored.
### mwldeppc.exe Linker Warning:
#   Section '.ignored' is unknown. Section ignored.
### mwldeppc.exe Linker Warning:
#   Section '.ignored' is unknown. Section ignored.
### mwldeppc.exe Linker Warning:
#   Section '.ignored' is unknown. Section ignored.
### mwldeppc.exe Linker Warning:
#   Section '.ignored' is unknown. Section ignored.
### mwldeppc.exe Linker Warning:
#   Section '.ignored' is unknown. Section ignored.
### mwldeppc.exe Linker Warning:
#   Section '.ignored' is unknown. Section ignored.
### mwldeppc.exe Linker Warning:
#   Section '.ignored' is unknown. Section ignored.
### mwldeppc.exe Linker Warning:
#   Section '.ignored' is unknown. Section ignored.
### mwldeppc.exe Linker Warning:
#   Section '.ignored' is unknown. Section ignored.
### mwldeppc.exe Linker Warning:
#   Section '.ignored' is unknown. Section ignored.
### mwldeppc.exe Linker Warning:
#   Section '.ignored' is unknown. Section ignored.
### mwldeppc.exe Linker Warning:
#   Section '.ignored' is unknown. Section ignored.
### mwldeppc.exe Linker Warning:
#   Section '.ignored' is unknown. Section ignored.
### mwldeppc.exe Linker Warning:
#   Section '.ignored' is unknown. Section ignored.
### mwldeppc.exe Linker Warning:
#   Section '.ignored' is unknown. Section ignored.
### mwldeppc.exe Linker Warning:
#   Section '.ignored' is unknown. Section ignored.
### mwldeppc.exe Linker Warning:
#   Section '.ignored' is unknown. Section ignored.
### mwldeppc.exe Linker Warning:
#   Section '.ignored' is unknown. Section ignored.
### mwldeppc.exe Linker Warning:
#   Section '.ignored' is unknown. Section ignored.
### mwldeppc.exe Linker Warning:
#   Section '.ignored' is unknown. Section ignored.
### mwldeppc.exe Linker Warning:
#   Section '.ignored' is unknown. Section ignored.
### mwldeppc.exe Linker Warning:
#   Section '.ignored' is unknown. Section ignored.
### mwldeppc.exe Linker Warning:
#   Section '.ignored' is unknown. Section ignored.
### mwldeppc.exe Linker Warning:
#   Section '.ignored' is unknown. Section ignored.
### mwldeppc.exe Linker Warning:
#   Section '.ignored' is unknown. Section ignored.
### mwldeppc.exe Linker Warning:
#   Section '.ignored' is unknown. Section ignored.
### mwldeppc.exe Linker Warning:
#   Section '.ignored' is unknown. Section ignored.
### mwldeppc.exe Linker Warning:
#   Section '.ignored' is unknown. Section ignored.
### mwldeppc.exe Linker Warning:
#   Section '.ignored' is unknown. Section ignored.
### mwldeppc.exe Linker Warning:
#   Section '.ignored' is unknown. Section ignored.
### mwldeppc.exe Linker Warning:
#   Section '.ignored' is unknown. Section ignored.
### mwldeppc.exe Linker Warning:
#   Section '.ignored' is unknown. Section ignored.
### mwldeppc.exe Linker Warning:
#   Section '.ignored' is unknown. Section ignored.
### mwldeppc.exe Linker Warning:
#   Section '.ignored' is unknown. Section ignored.
### mwldeppc.exe Linker Warning:
#   Section '.ignored' is unknown. Section ignored.
### mwldeppc.exe Linker Warning:
#   Section '.ignored' is unknown. Section ignored.
### mwldeppc.exe Linker Warning:
#   Section '.ignored' is unknown. Section ignored.
### mwldeppc.exe Linker Warning:
#   Section '.ignored' is unknown. Section ignored.
### mwldeppc.exe Linker Warning:
#   Section '.ignored' is unknown. Section ignored.
### mwldeppc.exe Linker Warning:
#   Section '.ignored' is unknown. Section ignored.
### mwldeppc.exe Linker Warning:
#   Section '.ignored' is unknown. Section ignored.
### mwldeppc.exe Linker Warning:
#   Section '.ignored' is unknown. Section ignored.
### mwldeppc.exe Linker Warning:
#   Section '.ignored' is unknown. Section ignored.
### mwldeppc.exe Linker Warning:
#   Section '.ignored' is unknown. Section ignored.
### mwldeppc.exe Linker Warning:
#   Section '.ignored' is unknown. Section ignored.
### mwldeppc.exe Linker Warning:
#   Section '.ignored' is unknown. Section ignored.
### mwldeppc.exe Linker Warning:
#   Section '.ignored' is unknown. Section ignored.
### mwldeppc.exe Linker Warning:
#   Section '.ignored' is unknown. Section ignored.
### mwldeppc.exe Linker Warning:
#   Section '.ignored' is unknown. Section ignored.
### mwldeppc.exe Linker Warning:
#   Section '.ignored' is unknown. Section ignored.
### mwldeppc.exe Linker Warning:
#   Section '.ignored' is unknown. Section ignored.
### mwldeppc.exe Linker Warning:
#   Section '.ignored' is unknown. Section ignored.
### mwldeppc.exe Linker Warning:
#   Section '.ignored' is unknown. Section ignored.
### mwldeppc.exe Linker Warning:
#   Section '.ignored' is unknown. Section ignored.
### mwldeppc.exe Linker Warning:
#   Section '.ignored' is unknown. Section ignored.
### mwldeppc.exe Linker Warning:
#   Section '.ignored' is unknown. Section ignored.
### mwldeppc.exe Linker Warning:
#   Section '.ignored' is unknown. Section ignored.
### mwldeppc.exe Linker Warning:
#   Section '.ignored' is unknown. Section ignored.
### mwldeppc.exe Linker Warning:
#   Section '.ignored' is unknown. Section ignored.
### mwldeppc.exe Linker Warning:
#   Section '.ignored' is unknown. Section ignored.
### mwldeppc.exe Linker Warning:
#   Section '.ignored' is unknown. Section ignored.
### mwldeppc.exe Linker Warning:
#   Section '.ignored' is unknown. Section ignored.
### mwldeppc.exe Linker Warning:
#   Section '.ignored' is unknown. Section ignored.
### mwldeppc.exe Linker Warning:
#   Section '.ignored' is unknown. Section ignored.
### mwldeppc.exe Linker Warning:
#   Section '.ignored' is unknown. Section ignored.
### mwldeppc.exe Linker Warning:
#   Section '.ignored' is unknown. Section ignored.
### mwldeppc.exe Linker Warning:
#   Section '.ignored' is unknown. Section ignored.
### mwldeppc.exe Linker Warning:
#   Section '.ignored' is unknown. Section ignored.
### mwldeppc.exe Linker Warning:
#   Section '.ignored' is unknown. Section ignored.
### mwldeppc.exe Linker Warning:
#   Section '.ignored' is unknown. Section ignored.
### mwldeppc.exe Linker Warning:
#   Section '.ignored' is unknown. Section ignored.
### mwldeppc.exe Linker Warning:
#   Section '.ignored' is unknown. Section ignored.
### mwldeppc.exe Linker Warning:
#   Section '.ignored' is unknown. Section ignored.
### mwldeppc.exe Linker Warning:
#   Section '.ignored' is unknown. Section ignored.
### mwldeppc.exe Linker Warning:
#   Section '.ignored' is unknown. Section ignored.
### mwldeppc.exe Linker Warning:
#   Section '.ignored' is unknown. Section ignored.
### mwldeppc.exe Linker Warning:
#   Section '.ignored' is unknown. Section ignored.
### mwldeppc.exe Linker Warning:
#   Section '.ignored' is unknown. Section ignored.
### mwldeppc.exe Linker Warning:
#   Section '.ignored' is unknown. Section ignored.
### mwldeppc.exe Linker Warning:
#   Section '.ignored' is unknown. Section ignored.
### mwldeppc.exe Linker Warning:
#   Section '.ignored' is unknown. Section ignored.
### mwldeppc.exe Linker Warning:
#   Section '.ignored' is unknown. Section ignored.
### mwldeppc.exe Linker Warning:
#   Section '.ignored' is unknown. Section ignored.
### mwldeppc.exe Linker Warning:
#   Section '.ignored' is unknown. Section ignored.
### mwldeppc.exe Linker Warning:
#   Section '.ignored' is unknown. Section ignored.
### mwldeppc.exe Linker Warning:
#   Section '.ignored' is unknown. Section ignored.
### mwldeppc.exe Linker Warning:
#   Section '.ignored' is unknown. Section ignored.
### mwldeppc.exe Linker Warning:
#   Section '.ignored' is unknown. Section ignored.
### mwldeppc.exe Linker Warning:
#   Section '.ignored' is unknown. Section ignored.
### mwldeppc.exe Linker Warning:
#   Section '.ignored' is unknown. Section ignored.
### mwldeppc.exe Linker Warning:
#   Section '.ignored' is unknown. Section ignored.
### mwldeppc.exe Linker Warning:
#   Section '.ignored' is unknown. Section ignored.
### mwldeppc.exe Linker Warning:
#   Section '.ignored' is unknown. Section ignored.
### mwldeppc.exe Linker Warning:
#   Section '.ignored' is unknown. Section ignored.
### mwldeppc.exe Linker Warning:
#   Section '.ignored' is unknown. Section ignored.
### mwldeppc.exe Linker Warning:
#   Section '.ignored' is unknown. Section ignored.
### mwldeppc.exe Linker Warning:
#   Section '.ignored' is unknown. Section ignored.
### mwldeppc.exe Linker Warning:
#   Section '.ignored' is unknown. Section ignored.
### mwldeppc.exe Linker Warning:
#   Section '.ignored' is unknown. Section ignored.
### mwldeppc.exe Linker Warning:
#   Section '.ignored' is unknown. Section ignored.
### mwldeppc.exe Linker Warning:
#   Section '.ignored' is unknown. Section ignored.
### mwldeppc.exe Linker Warning:
#   Section '.ignored' is unknown. Section ignored.
### mwldeppc.exe Linker Warning:
#   Section '.ignored' is unknown. Section ignored.
### mwldeppc.exe Linker Warning:
#   Section '.ignored' is unknown. Section ignored.
### mwldeppc.exe Linker Warning:
#   Section '.ignored' is unknown. Section ignored.
### mwldeppc.exe Linker Warning:
#   Section '.ignored' is unknown. Section ignored.
### mwldeppc.exe Linker Warning:
#   Section '.ignored' is unknown. Section ignored.
### mwldeppc.exe Linker Warning:
#   Section '.ignored' is unknown. Section ignored.
### mwldeppc.exe Linker Warning:
#   Section '.ignored' is unknown. Section ignored.
### mwldeppc.exe Linker Warning:
#   Section '.ignored' is unknown. Section ignored.
### mwldeppc.exe Linker Warning:
#   Section '.ignored' is unknown. Section ignored.
### mwldeppc.exe Linker Warning:
#   Section '.ignored' is unknown. Section ignored.
### mwldeppc.exe Linker Warning:
#   Section '.ignored' is unknown. Section ignored.
### mwldeppc.exe Linker Warning:
#   Section '.ignored' is unknown. Section ignored.
### mwldeppc.exe Linker Warning:
#   Section '.ignored' is unknown. Section ignored.
### mwldeppc.exe Linker Warning:
#   Section '.ignored' is unknown. Section ignored.
### mwldeppc.exe Linker Warning:
#   Section '.ignored' is unknown. Section ignored.
### mwldeppc.exe Linker Warning:
#   Section '.ignored' is unknown. Section ignored.
### mwldeppc.exe Linker Warning:
#   Section '.ignored' is unknown. Section ignored.
### mwldeppc.exe Linker Warning:
#   Section '.ignored' is unknown. Section ignored.
### mwldeppc.exe Linker Warning:
#   Section '.ignored' is unknown. Section ignored.
### mwldeppc.exe Linker Warning:
#   Section '.ignored' is unknown. Section ignored.
### mwldeppc.exe Linker Warning:
#   Section '.ignored' is unknown. Section ignored.
### mwldeppc.exe Linker Warning:
#   Section '.ignored' is unknown. Section ignored.
### mwldeppc.exe Linker Warning:
#   Section '.ignored' is unknown. Section ignored.
### mwldeppc.exe Linker Warning:
#   Section '.ignored' is unknown. Section ignored.
### mwldeppc.exe Linker Warning:
#   Section '.ignored' is unknown. Section ignored.
### mwldeppc.exe Linker Warning:
#   Section '.ignored' is unknown. Section ignored.
### mwldeppc.exe Linker Warning:
#   Section '.ignored' is unknown. Section ignored.
### mwldeppc.exe Linker Warning:
#   Section '.ignored' is unknown. Section ignored.
### mwldeppc.exe Linker Warning:
#   Section '.ignored' is unknown. Section ignored.
### mwldeppc.exe Linker Warning:
#   Section '.ignored' is unknown. Section ignored.
### mwldeppc.exe Linker Warning:
#   Section '.ignored' is unknown. Section ignored.
### mwldeppc.exe Linker Warning:
#   Section '.ignored' is unknown. Section ignored.
### mwldeppc.exe Linker Warning:
#   Section '.ignored' is unknown. Section ignored.
### mwldeppc.exe Linker Warning:
#   Section '.ignored' is unknown. Section ignored.
### mwldeppc.exe Linker Warning:
#   Section '.ignored' is unknown. Section ignored.
### mwldeppc.exe Linker Warning:
#   Section '.ignored' is unknown. Section ignored.
### mwldeppc.exe Linker Warning:
#   Section '.ignored' is unknown. Section ignored.
### mwldeppc.exe Linker Warning:
#   Section '.ignored' is unknown. Section ignored.
### mwldeppc.exe Linker Warning:
#   Section '.ignored' is unknown. Section ignored.
### mwldeppc.exe Linker Warning:
#   Section '.ignored' is unknown. Section ignored.
### mwldeppc.exe Linker Warning:
#   Section '.ignored' is unknown. Section ignored.
### mwldeppc.exe Linker Warning:
#   Section '.ignored' is unknown. Section ignored.
### mwldeppc.exe Linker Warning:
#   Section '.ignored' is unknown. Section ignored.
### mwldeppc.exe Linker Warning:
#   Section '.ignored' is unknown. Section ignored.
### mwldeppc.exe Linker Warning:
#   Section '.ignored' is unknown. Section ignored.
### mwldeppc.exe Linker Warning:
#   Section '.ignored' is unknown. Section ignored.
### mwldeppc.exe Linker Warning:
#   Section '.ignored' is unknown. Section ignored.
### mwldeppc.exe Linker Warning:
#   Section '.ignored' is unknown. Section ignored.
### mwldeppc.exe Linker Warning:
#   Section '.ignored' is unknown. Section ignored.
### mwldeppc.exe Linker Warning:
#   Section '.ignored' is unknown. Section ignored.
### mwldeppc.exe Linker Warning:
#   Section '.ignored' is unknown. Section ignored.
### mwldeppc.exe Linker Warning:
#   Section '.ignored' is unknown. Section ignored.
### mwldeppc.exe Linker Warning:
#   Section '.ignored' is unknown. Section ignored.
### mwldeppc.exe Linker Warning:
#   Section '.ignored' is unknown. Section ignored.
### mwldeppc.exe Linker Warning:
#   Section '.ignored' is unknown. Section ignored.
### mwldeppc.exe Linker Warning:
#   Section '.ignored' is unknown. Section ignored.
### mwldeppc.exe Linker Warning:
#   Section '.ignored' is unknown. Section ignored.
### mwldeppc.exe Linker Warning:
#   Section '.ignored' is unknown. Section ignored.
### mwldeppc.exe Linker Warning:
#   Section '.ignored' is unknown. Section ignored.
### mwldeppc.exe Linker Warning:
#   Section '.ignored' is unknown. Section ignored.
### mwldeppc.exe Linker Warning:
#   Section '.ignored' is unknown. Section ignored.
### mwldeppc.exe Linker Warning:
#   Section '.ignored' is unknown. Section ignored.
### mwldeppc.exe Linker Warning:
#   Section '.ignored' is unknown. Section ignored.
### mwldeppc.exe Linker Warning:
#   Section '.ignored' is unknown. Section ignored.
### mwldeppc.exe Linker Warning:
#   Section '.ignored' is unknown. Section ignored.
### mwldeppc.exe Linker Warning:
#   Section '.ignored' is unknown. Section ignored.
### mwldeppc.exe Linker Warning:
#   Section '.ignored' is unknown. Section ignored.
### mwldeppc.exe Linker Warning:
#   Section '.ignored' is unknown. Section ignored.
### mwldeppc.exe Linker Warning:
#   Section '.ignored' is unknown. Section ignored.
### mwldeppc.exe Linker Warning:
#   Section '.ignored' is unknown. Section ignored.
### mwldeppc.exe Linker Warning:
#   Section '.ignored' is unknown. Section ignored.
### mwldeppc.exe Linker Warning:
#   Section '.ignored' is unknown. Section ignored.
### mwldeppc.exe Linker Warning:
#   Section '.ignored' is unknown. Section ignored.
### mwldeppc.exe Linker Warning:
#   Section '.ignored' is unknown. Section ignored.
### mwldeppc.exe Linker Warning:
#   Section '.ignored' is unknown. Section ignored.
### mwldeppc.exe Linker Warning:
#   Section '.ignored' is unknown. Section ignored.
### mwldeppc.exe Linker Warning:
#   Section '.ignored' is unknown. Section ignored.
### mwldeppc.exe Linker Warning:
#   Section '.ignored' is unknown. Section ignored.
### mwldeppc.exe Linker Warning:
#   Section '.ignored' is unknown. Section ignored.
### mwldeppc.exe Linker Warning:
#   Section '.ignored' is unknown. Section ignored.
### mwldeppc.exe Linker Warning:
#   Section '.ignored' is unknown. Section ignored.
### mwldeppc.exe Linker Warning:
#   Section '.ignored' is unknown. Section ignored.
### mwldeppc.exe Linker Warning:
#   Section '.ignored' is unknown. Section ignored.
### mwldeppc.exe Linker Warning:
#   Section '.ignored' is unknown. Section ignored.
### mwldeppc.exe Linker Warning:
#   Section '.ignored' is unknown. Section ignored.
### mwldeppc.exe Linker Warning:
#   Section '.ignored' is unknown. Section ignored.
### mwldeppc.exe Linker Warning:
#   Section '.ignored' is unknown. Section ignored.
### mwldeppc.exe Linker Warning:
#   Section '.ignored' is unknown. Section ignored.
### mwldeppc.exe Linker Warning:
#   Section '.ignored' is unknown. Section ignored.
### mwldeppc.exe Linker Warning:
#   Section '.ignored' is unknown. Section ignored.
### mwldeppc.exe Linker Warning:
#   Section '.ignored' is unknown. Section ignored.
### mwldeppc.exe Linker Warning:
#   Section '.ignored' is unknown. Section ignored.
### mwldeppc.exe Linker Warning:
#   Section '.ignored' is unknown. Section ignored.
### mwldeppc.exe Linker Warning:
#   Section '.ignored' is unknown. Section ignored.
### mwldeppc.exe Linker Warning:
#   Section '.ignored' is unknown. Section ignored.
### mwldeppc.exe Linker Warning:
#   Section '.ignored' is unknown. Section ignored.
### mwldeppc.exe Linker Warning:
#   Section '.ignored' is unknown. Section ignored.
### mwldeppc.exe Linker Warning:
#   Section '.ignored' is unknown. Section ignored.
### mwldeppc.exe Linker Warning:
#   Section '.ignored' is unknown. Section ignored.
### mwldeppc.exe Linker Warning:
#   Section '.ignored' is unknown. Section ignored.
### mwldeppc.exe Linker Warning:
#   Section '.ignored' is unknown. Section ignored.
### mwldeppc.exe Linker Warning:
#   Section '.ignored' is unknown. Section ignored.
### mwldeppc.exe Linker Warning:
#   Section '.ignored' is unknown. Section ignored.
### mwldeppc.exe Linker Warning:
#   Section '.ignored' is unknown. Section ignored.
### mwldeppc.exe Linker Warning:
#   Section '.ignored' is unknown. Section ignored.
### mwldeppc.exe Linker Warning:
#   Section '.ignored' is unknown. Section ignored.
### mwldeppc.exe Linker Warning:
#   Section '.ignored' is unknown. Section ignored.
### mwldeppc.exe Linker Warning:
#   Section '.ignored' is unknown. Section ignored.
### mwldeppc.exe Linker Warning:
#   Section '.ignored' is unknown. Section ignored.
### mwldeppc.exe Linker Warning:
#   Section '.ignored' is unknown. Section ignored.
### mwldeppc.exe Linker Warning:
#   Section '.ignored' is unknown. Section ignored.
### mwldeppc.exe Linker Warning:
#   Section '.ignored' is unknown. Section ignored.
### mwldeppc.exe Linker Warning:
#   Section '.ignored' is unknown. Section ignored.
### mwldeppc.exe Linker Warning:
#   Section '.ignored' is unknown. Section ignored.
### mwldeppc.exe Linker Warning:
#   Section '.ignored' is unknown. Section ignored.
### mwldeppc.exe Linker Warning:
#   Section '.ignored' is unknown. Section ignored.
### mwldeppc.exe Linker Warning:
#   Section '.ignored' is unknown. Section ignored.
### mwldeppc.exe Linker Warning:
#   Section '.ignored' is unknown. Section ignored.
### mwldeppc.exe Linker Warning:
#   Section '.ignored' is unknown. Section ignored.
### mwldeppc.exe Linker Warning:
#   Section '.ignored' is unknown. Section ignored.
### mwldeppc.exe Linker Warning:
#   Section '.ignored' is unknown. Section ignored.
### mwldeppc.exe Linker Warning:
#   Section '.ignored' is unknown. Section ignored.
### mwldeppc.exe Linker Warning:
#   Section '.ignored' is unknown. Section ignored.
### mwldeppc.exe Linker Warning:
#   Section '.ignored' is unknown. Section ignored.
### mwldeppc.exe Linker Warning:
#   Section '.ignored' is unknown. Section ignored.
### mwldeppc.exe Linker Warning:
#   Section '.ignored' is unknown. Section ignored.
### mwldeppc.exe Linker Warning:
#   Section '.ignored' is unknown. Section ignored.
### mwldeppc.exe Linker Warning:
#   Section '.ignored' is unknown. Section ignored.
### mwldeppc.exe Linker Warning:
#   Section '.ignored' is unknown. Section ignored.
### mwldeppc.exe Linker Warning:
#   Section '.ignored' is unknown. Section ignored.
### mwldeppc.exe Linker Warning:
#   Section '.ignored' is unknown. Section ignored.
### mwldeppc.exe Linker Warning:
#   Section '.ignored' is unknown. Section ignored.
### mwldeppc.exe Linker Warning:
#   Section '.ignored' is unknown. Section ignored.
### mwldeppc.exe Linker Warning:
#   Section '.ignored' is unknown. Section ignored.
### mwldeppc.exe Linker Warning:
#   Section '.ignored' is unknown. Section ignored.
### mwldeppc.exe Linker Warning:
#   Section '.ignored' is unknown. Section ignored.
### mwldeppc.exe Linker Warning:
#   Section '.ignored' is unknown. Section ignored.
### mwldeppc.exe Linker Warning:
#   Section '.ignored' is unknown. Section ignored.
### mwldeppc.exe Linker Warning:
#   Section '.ignored' is unknown. Section ignored.
### mwldeppc.exe Linker Warning:
#   Section '.ignored' is unknown. Section ignored.
### mwldeppc.exe Linker Warning:
#   Section '.ignored' is unknown. Section ignored.
### mwldeppc.exe Linker Warning:
#   Section '.ignored' is unknown. Section ignored.
### mwldeppc.exe Linker Warning:
#   Section '.ignored' is unknown. Section ignored.
### mwldeppc.exe Linker Warning:
#   Section '.ignored' is unknown. Section ignored.
### mwldeppc.exe Linker Warning:
#   Section '.ignored' is unknown. Section ignored.
### mwldeppc.exe Linker Warning:
#   Section '.ignored' is unknown. Section ignored.
### mwldeppc.exe Linker Warning:
#   Section '.ignored' is unknown. Section ignored.
### mwldeppc.exe Linker Warning:
#   Section '.ignored' is unknown. Section ignored.
### mwldeppc.exe Linker Warning:
#   Section '.ignored' is unknown. Section ignored.
### mwldeppc.exe Linker Warning:
#   Section '.ignored' is unknown. Section ignored.
### mwldeppc.exe Linker Warning:
#   Section '.ignored' is unknown. Section ignored.
### mwldeppc.exe Linker Warning:
#   Section '.ignored' is unknown. Section ignored.
### mwldeppc.exe Linker Warning:
#   Section '.ignored' is unknown. Section ignored.
### mwldeppc.exe Linker Warning:
#   Section '.ignored' is unknown. Section ignored.
### mwldeppc.exe Linker Warning:
#   Section '.ignored' is unknown. Section ignored.
### mwldeppc.exe Linker Warning:
#   Section '.ignored' is unknown. Section ignored.
### mwldeppc.exe Linker Warning:
#   Section '.ignored' is unknown. Section ignored.
### mwldeppc.exe Linker Warning:
#   Section '.ignored' is unknown. Section ignored.
### mwldeppc.exe Linker Warning:
#   Section '.ignored' is unknown. Section ignored.
### mwldeppc.exe Linker Warning:
#   Section '.ignored' is unknown. Section ignored.
### mwldeppc.exe Linker Warning:
#   Section '.ignored' is unknown. Section ignored.
### mwldeppc.exe Linker Warning:
#   Section '.ignored' is unknown. Section ignored.
### mwldeppc.exe Linker Warning:
#   Section '.ignored' is unknown. Section ignored.
### mwldeppc.exe Linker Warning:
#   Section '.ignored' is unknown. Section ignored.
### mwldeppc.exe Linker Warning:
#   Section '.ignored' is unknown. Section ignored.
### mwldeppc.exe Linker Warning:
#   Section '.ignored' is unknown. Section ignored.
### mwldeppc.exe Linker Warning:
#   Section '.ignored' is unknown. Section ignored.
### mwldeppc.exe Linker Warning:
#   Section '.ignored' is unknown. Section ignored.
### mwldeppc.exe Linker Warning:
#   Section '.ignored' is unknown. Section ignored.
### mwldeppc.exe Linker Warning:
#   Section '.ignored' is unknown. Section ignored.
### mwldeppc.exe Linker Warning:
#   Section '.ignored' is unknown. Section ignored.
### mwldeppc.exe Linker Warning:
#   Section '.ignored' is unknown. Section ignored.
### mwldeppc.exe Linker Warning:
#   Section '.ignored' is unknown. Section ignored.
### mwldeppc.exe Linker Warning:
#   Section '.ignored' is unknown. Section ignored.
### mwldeppc.exe Linker Warning:
#   Section '.ignored' is unknown. Section ignored.
### mwldeppc.exe Linker Warning:
#   Section '.ignored' is unknown. Section ignored.
### mwldeppc.exe Linker Warning:
#   Section '.ignored' is unknown. Section ignored.
### mwldeppc.exe Linker Warning:
#   Section '.ignored' is unknown. Section ignored.
### mwldeppc.exe Linker Warning:
#   Section '.ignored' is unknown. Section ignored.
### mwldeppc.exe Linker Warning:
#   Section '.ignored' is unknown. Section ignored.
### mwldeppc.exe Linker Warning:
#   Section '.ignored' is unknown. Section ignored.
### mwldeppc.exe Linker Warning:
#   Section '.ignored' is unknown. Section ignored.
### mwldeppc.exe Linker Warning:
#   Section '.ignored' is unknown. Section ignored.
### mwldeppc.exe Linker Warning:
#   Section '.ignored' is unknown. Section ignored.
### mwldeppc.exe Linker Warning:
#   Section '.ignored' is unknown. Section ignored.
### mwldeppc.exe Linker Warning:
#   Section '.ignored' is unknown. Section ignored.
### mwldeppc.exe Linker Warning:
#   Section '.ignored' is unknown. Section ignored.
### mwldeppc.exe Linker Warning:
#   Section '.ignored' is unknown. Section ignored.
### mwldeppc.exe Linker Warning:
#   Section '.ignored' is unknown. Section ignored.
### mwldeppc.exe Linker Warning:
#   Section '.ignored' is unknown. Section ignored.
### mwldeppc.exe Linker Warning:
#   Section '.ignored' is unknown. Section ignored.
### mwldeppc.exe Linker Warning:
#   Section '.ignored' is unknown. Section ignored.
### mwldeppc.exe Linker Warning:
#   Section '.ignored' is unknown. Section ignored.
### mwldeppc.exe Linker Warning:
#   Section '.ignored' is unknown. Section ignored.
### mwldeppc.exe Linker Warning:
#   Section '.ignored' is unknown. Section ignored.
### mwldeppc.exe Linker Warning:
#   Section '.ignored' is unknown. Section ignored.
### mwldeppc.exe Linker Warning:
#   Section '.ignored' is unknown. Section ignored.
### mwldeppc.exe Linker Warning:
#   Section '.ignored' is unknown. Section ignored.
### mwldeppc.exe Linker Warning:
#   Section '.ignored' is unknown. Section ignored.
### mwldeppc.exe Linker Warning:
#   Section '.ignored' is unknown. Section ignored.
### mwldeppc.exe Linker Warning:
#   Section '.ignored' is unknown. Section ignored.
### mwldeppc.exe Linker Warning:
#   Section '.ignored' is unknown. Section ignored.
### mwldeppc.exe Linker Warning:
#   Section '.ignored' is unknown. Section ignored.
### mwldeppc.exe Linker Warning:
#   Section '.ignored' is unknown. Section ignored.
### mwldeppc.exe Linker Warning:
#   Section '.ignored' is unknown. Section ignored.
### mwldeppc.exe Linker Warning:
#   Section '.ignored' is unknown. Section ignored.
### mwldeppc.exe Linker Warning:
#   Section '.ignored' is unknown. Section ignored.
### mwldeppc.exe Linker Warning:
#   Section '.ignored' is unknown. Section ignored.
### mwldeppc.exe Linker Warning:
#   Section '.ignored' is unknown. Section ignored.
### mwldeppc.exe Linker Warning:
#   Section '.ignored' is unknown. Section ignored.
### mwldeppc.exe Linker Warning:
#   Section '.ignored' is unknown. Section ignored.
### mwldeppc.exe Linker Warning:
#   Section '.ignored' is unknown. Section ignored.
### mwldeppc.exe Linker Warning:
#   Section '.ignored' is unknown. Section ignored.
### mwldeppc.exe Linker Warning:
#   Section '.ignored' is unknown. Section ignored.
### mwldeppc.exe Linker Warning:
#   Section '.ignored' is unknown. Section ignored.
### mwldeppc.exe Linker Warning:
#   Section '.ignored' is unknown. Section ignored.
### mwldeppc.exe Linker Warning:
#   Section '.ignored' is unknown. Section ignored.
### mwldeppc.exe Linker Warning:
#   Section '.ignored' is unknown. Section ignored.
### mwldeppc.exe Linker Warning:
#   Section '.ignored' is unknown. Section ignored.
### mwldeppc.exe Linker Warning:
#   Section '.ignored' is unknown. Section ignored.
### mwldeppc.exe Linker Warning:
#   Section '.ignored' is unknown. Section ignored.
### mwldeppc.exe Linker Warning:
#   Section '.ignored' is unknown. Section ignored.
### mwldeppc.exe Linker Warning:
#   Section '.ignored' is unknown. Section ignored.
### mwldeppc.exe Linker Warning:
#   Section '.ignored' is unknown. Section ignored.
### mwldeppc.exe Linker Warning:
#   Section '.ignored' is unknown. Section ignored.
### mwldeppc.exe Linker Warning:
#   Section '.ignored' is unknown. Section ignored.
### mwldeppc.exe Linker Warning:
#   Section '.ignored' is unknown. Section ignored.
### mwldeppc.exe Linker Warning:
#   Section '.ignored' is unknown. Section ignored.
### mwldeppc.exe Linker Warning:
#   Section '.ignored' is unknown. Section ignored.
### mwldeppc.exe Linker Warning:
#   Section '.ignored' is unknown. Section ignored.
### mwldeppc.exe Linker Warning:
#   Section '.ignored' is unknown. Section ignored.
### mwldeppc.exe Linker Warning:
#   Section '.ignored' is unknown. Section ignored.
### mwldeppc.exe Linker Warning:
#   Section '.ignored' is unknown. Section ignored.
### mwldeppc.exe Linker Warning:
#   Section '.ignored' is unknown. Section ignored.
### mwldeppc.exe Linker Warning:
#   Section '.ignored' is unknown. Section ignored.
### mwldeppc.exe Linker Warning:
#   Section '.ignored' is unknown. Section ignored.
### mwldeppc.exe Linker Warning:
#   Section '.ignored' is unknown. Section ignored.
### mwldeppc.exe Linker Warning:
#   Section '.ignored' is unknown. Section ignored.
### mwldeppc.exe Linker Warning:
#   Section '.ignored' is unknown. Section ignored.
### mwldeppc.exe Linker Warning:
#   Section '.ignored' is unknown. Section ignored.
### mwldeppc.exe Linker Warning:
#   Section '.ignored' is unknown. Section ignored.
### mwldeppc.exe Linker Warning:
#   Section '.ignored' is unknown. Section ignored.
### mwldeppc.exe Linker Warning:
#   Section '.ignored' is unknown. Section ignored.
### mwldeppc.exe Linker Warning:
#   Section '.ignored' is unknown. Section ignored.
### mwldeppc.exe Linker Warning:
#   Section '.ignored' is unknown. Section ignored.
### mwldeppc.exe Linker Warning:
#   Section '.ignored' is unknown. Section ignored.
### mwldeppc.exe Linker Warning:
#   Section '.ignored' is unknown. Section ignored.
### mwldeppc.exe Linker Warning:
#   Section '.ignored' is unknown. Section ignored.
### mwldeppc.exe Linker Warning:
#   Section '.ignored' is unknown. Section ignored.
### mwldeppc.exe Linker Warning:
#   Section '.ignored' is unknown. Section ignored.
### mwldeppc.exe Linker Warning:
#   Section '.ignored' is unknown. Section ignored.
### mwldeppc.exe Linker Warning:
#   Section '.ignored' is unknown. Section ignored.
### mwldeppc.exe Linker Warning:
#   Section '.ignored' is unknown. Section ignored.
### mwldeppc.exe Linker Warning:
#   Section '.ignored' is unknown. Section ignored.
### mwldeppc.exe Linker Warning:
#   Section '.ignored' is unknown. Section ignored.
### mwldeppc.exe Linker Warning:
#   Section '.ignored' is unknown. Section ignored.
### mwldeppc.exe Linker Warning:
#   Section '.ignored' is unknown. Section ignored.
### mwldeppc.exe Linker Warning:
#   Section '.ignored' is unknown. Section ignored.
### mwldeppc.exe Linker Warning:
#   Section '.ignored' is unknown. Section ignored.
### mwldeppc.exe Linker Warning:
#   Section '.ignored' is unknown. Section ignored.
### mwldeppc.exe Linker Warning:
#   Section '.ignored' is unknown. Section ignored.
### mwldeppc.exe Linker Warning:
#   Section '.ignored' is unknown. Section ignored.
### mwldeppc.exe Linker Warning:
#   Section '.ignored' is unknown. Section ignored.
### mwldeppc.exe Linker Warning:
#   Section '.ignored' is unknown. Section ignored.
### mwldeppc.exe Linker Warning:
#   Section '.ignored' is unknown. Section ignored.
### mwldeppc.exe Linker Warning:
#   Section '.ignored' is unknown. Section ignored.
### mwldeppc.exe Linker Warning:
#   Section '.ignored' is unknown. Section ignored.
### mwldeppc.exe Linker Warning:
#   Section '.ignored' is unknown. Section ignored.
### mwldeppc.exe Linker Warning:
#   Section '.ignored' is unknown. Section ignored.
### mwldeppc.exe Linker Warning:
#   Section '.ignored' is unknown. Section ignored.
### mwldeppc.exe Linker Warning:
#   Section '.ignored' is unknown. Section ignored.
### mwldeppc.exe Linker Warning:
#   Section '.ignored' is unknown. Section ignored.
### mwldeppc.exe Linker Warning:
#   Section '.ignored' is unknown. Section ignored.
### mwldeppc.exe Linker Warning:
#   Section '.ignored' is unknown. Section ignored.
### mwldeppc.exe Linker Warning:
#   Section '.ignored' is unknown. Section ignored.
### mwldeppc.exe Linker Warning:
#   Section '.ignored' is unknown. Section ignored.
### mwldeppc.exe Linker Warning:
#   Section '.ignored' is unknown. Section ignored.
### mwldeppc.exe Linker Warning:
#   Section '.ignored' is unknown. Section ignored.
### mwldeppc.exe Linker Warning:
#   Section '.ignored' is unknown. Section ignored.
### mwldeppc.exe Linker Warning:
#   Section '.ignored' is unknown. Section ignored.
### mwldeppc.exe Linker Warning:
#   Section '.ignored' is unknown. Section ignored.
### mwldeppc.exe Linker Warning:
#   Section '.ignored' is unknown. Section ignored.
### mwldeppc.exe Linker Warning:
#   Section '.ignored' is unknown. Section ignored.
### mwldeppc.exe Linker Warning:
#   Section '.ignored' is unknown. Section ignored.
### mwldeppc.exe Linker Warning:
#   Section '.ignored' is unknown. Section ignored.
### mwldeppc.exe Linker Warning:
#   Section '.ignored' is unknown. Section ignored.
### mwldeppc.exe Linker Warning:
#   Section '.ignored' is unknown. Section ignored.
### mwldeppc.exe Linker Warning:
#   Section '.ignored' is unknown. Section ignored.
### mwldeppc.exe Linker Warning:
#   Section '.ignored' is unknown. Section ignored.
### mwldeppc.exe Linker Warning:
#   Section '.ignored' is unknown. Section ignored.
### mwldeppc.exe Linker Warning:
#   Section '.ignored' is unknown. Section ignored.
### mwldeppc.exe Linker Warning:
#   Section '.ignored' is unknown. Section ignored.
### mwldeppc.exe Linker Warning:
#   Section '.ignored' is unknown. Section ignored.
### mwldeppc.exe Linker Warning:
#   Section '.ignored' is unknown. Section ignored.
### mwldeppc.exe Linker Warning:
#   Section '.ignored' is unknown. Section ignored.
### mwldeppc.exe Linker Warning:
#   Section '.ignored' is unknown. Section ignored.
### mwldeppc.exe Linker Warning:
#   Section '.ignored' is unknown. Section ignored.
### mwldeppc.exe Linker Warning:
#   Section '.ignored' is unknown. Section ignored.
### mwldeppc.exe Linker Warning:
#   Section '.ignored' is unknown. Section ignored.
### mwldeppc.exe Linker Warning:
#   Section '.ignored' is unknown. Section ignored.
### mwldeppc.exe Linker Warning:
#   Section '.ignored' is unknown. Section ignored.
### mwldeppc.exe Linker Warning:
#   Section '.ignored' is unknown. Section ignored.
### mwldeppc.exe Linker Warning:
#   Section '.ignored' is unknown. Section ignored.
### mwldeppc.exe Linker Warning:
#   Section '.ignored' is unknown. Section ignored.
### mwldeppc.exe Linker Warning:
#   Section '.ignored' is unknown. Section ignored.
### mwldeppc.exe Linker Warning:
#   Section '.ignored' is unknown. Section ignored.
### mwldeppc.exe Linker Warning:
#   Section '.ignored' is unknown. Section ignored.
### mwldeppc.exe Linker Warning:
#   Section '.ignored' is unknown. Section ignored.
### mwldeppc.exe Linker Warning:
#   Section '.ignored' is unknown. Section ignored.
### mwldeppc.exe Linker Warning:
#   Section '.ignored' is unknown. Section ignored.
### mwldeppc.exe Linker Warning:
#   Section '.ignored' is unknown. Section ignored.
### mwldeppc.exe Linker Warning:
#   Section '.ignored' is unknown. Section ignored.
### mwldeppc.exe Linker Warning:
#   Section '.ignored' is unknown. Section ignored.
### mwldeppc.exe Linker Warning:
#   Section '.ignored' is unknown. Section ignored.
### mwldeppc.exe Linker Warning:
#   Section '.ignored' is unknown. Section ignored.
### mwldeppc.exe Linker Warning:
#   Section '.ignored' is unknown. Section ignored.
### mwldeppc.exe Linker Warning:
#   Section '.ignored' is unknown. Section ignored.
### mwldeppc.exe Linker Warning:
#   Section '.ignored' is unknown. Section ignored.
### mwldeppc.exe Linker Warning:
#   Section '.ignored' is unknown. Section ignored.
### mwldeppc.exe Linker Warning:
#   Section '.ignored' is unknown. Section ignored.
### mwldeppc.exe Linker Warning:
#   Section '.ignored' is unknown. Section ignored.
### mwldeppc.exe Linker Warning:
#   Section '.ignored' is unknown. Section ignored.
### mwldeppc.exe Linker Warning:
#   Section '.ignored' is unknown. Section ignored.
### mwldeppc.exe Linker Warning:
#   Section '.ignored' is unknown. Section ignored.
### mwldeppc.exe Linker Warning:
#   Section '.ignored' is unknown. Section ignored.
### mwldeppc.exe Linker Warning:
#   Section '.ignored' is unknown. Section ignored.
### mwldeppc.exe Linker Warning:
#   Section '.ignored' is unknown. Section ignored.
### mwldeppc.exe Linker Warning:
#   Section '.ignored' is unknown. Section ignored.
[935/937] DOL build/GEDE01/main.dol
[936/937] CHECK config/GEDE01/build.sha1
build/GEDE01/main.dol: OK
[937/937] PROGRESS
Progress:
  All: 58.91% fuzzy, 49.82% matched, 49.63% linked (6329 / 7069 files)
    Code: 1146100 / 2300692 bytes (6098 / 8214 functions)
    Data: 39858 / 4305642 bytes (0.93%)
  Game Code: 94.89% fuzzy, 80.21% matched, 79.91% linked (6311 / 6633 files)
    Code: 1143072 / 1425104 bytes (6036 / 6354 functions)
    Data: 39634 / 40522 bytes (97.81%)
  SDK/Runtime: 100.00% fuzzy, 100.00% matched, 100.00% linked (18 / 18 files)
    Code: 3028 / 3028 bytes (62 / 62 functions)
    Data: 224 / 224 bytes (100.00%)
