[1/955] MWCC build/GEDE01/src/game/game_fn_80008014.o
[2/955] MWCC build/GEDE01/src/game/game_fn_800094C0.o
[3/955] MWCC build/GEDE01/src/game/game_fn_800096E0.o
[4/955] MWCC build/GEDE01/src/game/game_fn_800098C0.o
[5/955] MWCC build/GEDE01/src/game/game_fn_800099D8.o
[6/955] MWCC build/GEDE01/src/game/game_fn_80009AB4.o
[7/955] MWCC build/GEDE01/src/game/game_fn_8000A26C.o
[8/955] MWCC build/GEDE01/src/game/game_fn_8000AC88.o
[9/955] MWCC build/GEDE01/src/game/game_fn_8000AEB4.o
[10/955] MWCC build/GEDE01/src/game/game_fn_8000AFB4.o
[11/955] MWCC build/GEDE01/src/game/game_fn_8000B1B8.o
[12/955] MWCC build/GEDE01/src/game/game_fn_8000B36C.o
[13/955] MWCC build/GEDE01/src/game/game_fn_8000B630.o
[14/955] MWCC build/GEDE01/src/game/game_fn_8000B7FC.o
[15/955] MWCC build/GEDE01/src/game/game_fn_8000B900.o
[16/955] MWCC build/GEDE01/src/game/game_fn_8000BA0C.o
[17/955] MWCC build/GEDE01/src/game/game_fn_8000BAA0.o
[18/955] MWCC build/GEDE01/src/game/game_fn_8000BC40.o
[19/955] MWCC build/GEDE01/src/game/game_fn_8000C06C.o
[20/955] MWCC build/GEDE01/src/game/game_fn_8000C17C.o
[21/955] MWCC build/GEDE01/src/game/game_fn_8000C400.o
[22/955] MWCC build/GEDE01/src/game/game_fn_8000C848.o
[23/955] MWCC build/GEDE01/src/game/game_fn_8000C91C.o
[24/955] MWCC build/GEDE01/src/game/game_fn_8000D0BC.o
[25/955] MWCC build/GEDE01/src/game/game_fn_8000D3D4.o
[26/955] MWCC build/GEDE01/src/game/game_fn_8000D590.o
[27/955] MWCC build/GEDE01/src/game/game_fn_8000D8A4.o
[28/955] MWCC build/GEDE01/src/game/game_fn_8000DA50.o
[29/955] MWCC build/GEDE01/src/game/game_fn_8000DAF4.o
[30/955] MWCC build/GEDE01/src/game/game_fn_8000E054.o
[31/955] MWCC build/GEDE01/src/game/game_fn_8000E0AC.o
[32/955] MWCC build/GEDE01/src/game/game_fn_8000E138.o
[33/955] MWCC build/GEDE01/src/game/game_fn_8000E1C4.o
[34/955] MWCC build/GEDE01/src/game/game_fn_8000E96C.o
[35/955] MWCC build/GEDE01/src/game/game_fn_8000EB14.o
[36/955] MWCC build/GEDE01/src/game/game_fn_8000EBD4.o
[37/955] MWCC build/GEDE01/src/game/game_fn_8000ED44.o
[38/955] MWCC build/GEDE01/src/game/game_fn_8000EFC4.o
[39/955] MWCC build/GEDE01/src/game/game_fn_8000F4B0.o
[40/955] MWCC build/GEDE01/src/game/game_fn_8000F774.o
[41/955] MWCC build/GEDE01/src/game/game_fn_8000FDE8.o
[42/955] MWCC build/GEDE01/src/game/game_fn_8000FFD8.o
[43/955] MWCC build/GEDE01/src/game/game_fn_800119FC.o
[44/955] MWCC build/GEDE01/src/game/game_fn_80012DA8.o
[45/955] MWCC build/GEDE01/src/game/game_fn_80012F40.o
[46/955] MWCC build/GEDE01/src/game/game_fn_80012FD0.o
[47/955] MWCC build/GEDE01/src/game/game_fn_800131E8.o
[48/955] MWCC build/GEDE01/src/game/game_fn_80013340.o
[49/955] MWCC build/GEDE01/src/game/game_fn_80013870.o
[50/955] MWCC build/GEDE01/src/game/game_fn_80013CB0.o
[51/955] MWCC build/GEDE01/src/game/game_fn_80013D54.o
[52/955] MWCC build/GEDE01/src/game/game_fn_800142DC.o
[53/955] MWCC build/GEDE01/src/game/game_fn_800144CC.o
[54/955] MWCC build/GEDE01/src/game/game_fn_80014784.o
[55/955] MWCC build/GEDE01/src/game/game_fn_800149D4.o
[56/955] MWCC build/GEDE01/src/game/game_fn_80015058.o
[57/955] MWCC build/GEDE01/src/game/game_fn_80015320.o
[58/955] MWCC build/GEDE01/src/game/game_fn_80015568.o
[59/955] MWCC build/GEDE01/src/game/game_fn_800156FC.o
[60/955] MWCC build/GEDE01/src/game/game_fn_80015BE0.o
[61/955] MWCC build/GEDE01/src/game/game_fn_80015D40.o
[62/955] MWCC build/GEDE01/src/game/game_fn_80015F04.o
[63/955] MWCC build/GEDE01/src/game/game_fn_80016128.o
[64/955] MWCC build/GEDE01/src/game/game_fn_80016270.o
[65/955] MWCC build/GEDE01/src/game/game_fn_80016904.o
[66/955] MWCC build/GEDE01/src/game/game_fn_80016B24.o
[67/955] MWCC build/GEDE01/src/game/game_fn_800171C0.o
[68/955] MWCC build/GEDE01/src/game/game_fn_800173CC.o
[69/955] MWCC build/GEDE01/src/game/game_fn_800176F0.o
[70/955] MWCC build/GEDE01/src/game/game_fn_80017910.o
[71/955] MWCC build/GEDE01/src/game/game_fn_800179AC.o
[72/955] MWCC build/GEDE01/src/game/game_fn_80017A3C.o
[73/955] MWCC build/GEDE01/src/game/game_fn_80017AE4.o
[74/955] MWCC build/GEDE01/src/game/game_fn_80017C3C.o
[75/955] MWCC build/GEDE01/src/game/game_fn_80017CC8.o
[76/955] MWCC build/GEDE01/src/game/game_fn_80017DB0.o
[77/955] MWCC build/GEDE01/src/game/game_fn_80018EF4.o
[78/955] MWCC build/GEDE01/src/game/game_fn_80019054.o
[79/955] MWCC build/GEDE01/src/game/game_fn_80019244.o
[80/955] MWCC build/GEDE01/src/game/game_fn_800194D0.o
[81/955] MWCC build/GEDE01/src/game/game_fn_80019940.o
[82/955] MWCC build/GEDE01/src/game/game_fn_80019C10.o
[83/955] MWCC build/GEDE01/src/game/game_fn_80019D2C.o
[84/955] MWCC build/GEDE01/src/game/game_fn_80019F98.o
[85/955] MWCC build/GEDE01/src/game/game_fn_8001A6C4.o
[86/955] MWCC build/GEDE01/src/game/game_fn_8001AAB8.o
[87/955] MWCC build/GEDE01/src/game/game_fn_8001ADF8.o
[88/955] MWCC build/GEDE01/src/game/game_fn_8001AF68.o
[89/955] MWCC build/GEDE01/src/game/game_fn_8001B124.o
[90/955] MWCC build/GEDE01/src/game/game_fn_8001B294.o
[91/955] MWCC build/GEDE01/src/game/game_fn_8001B808.o
[92/955] MWCC build/GEDE01/src/game/game_fn_8001B874.o
[93/955] MWCC build/GEDE01/src/game/game_fn_8001C078.o
[94/955] MWCC build/GEDE01/src/game/game_fn_8001CA04.o
[95/955] MWCC build/GEDE01/src/game/game_fn_8001CD58.o
[96/955] MWCC build/GEDE01/src/game/game_fn_8001CE94.o
[97/955] MWCC build/GEDE01/src/game/game_fn_8001E644.o
[98/955] MWCC build/GEDE01/src/game/game_fn_8001FE1C.o
[99/955] MWCC build/GEDE01/src/game/game_fn_80020E94.o
[100/955] MWCC build/GEDE01/src/game/game_fn_80024F28.o
[101/955] MWCC build/GEDE01/src/game/game_fn_800272B4.o
[102/955] MWCC build/GEDE01/src/game/game_fn_8002B748.o
[103/955] MWCC build/GEDE01/src/game/game_fn_8002DAE0.o
[104/955] MWCC build/GEDE01/src/game/game_fn_8002E3F0.o
[105/955] MWCC build/GEDE01/src/game/game_fn_8002EA68.o
[106/955] MWCC build/GEDE01/src/game/game_fn_8002F428.o
[107/955] MWCC build/GEDE01/src/game/game_fn_80031544.o
[108/955] MWCC build/GEDE01/src/game/game_fn_8003232C.o
[109/955] MWCC build/GEDE01/src/game/game_fn_80032B84.o
[110/955] MWCC build/GEDE01/src/game/game_fn_80033038.o
[111/955] MWCC build/GEDE01/src/game/game_fn_80033180.o
[112/955] MWCC build/GEDE01/src/game/game_fn_800359A0.o
[113/955] MWCC build/GEDE01/src/game/game_fn_800361F8.o
[114/955] MWCC build/GEDE01/src/game/game_fn_80036C40.o
[115/955] MWCC build/GEDE01/src/game/game_fn_80038878.o
[116/955] MWCC build/GEDE01/src/game/game_fn_80048ADC.o
[117/955] MWCC build/GEDE01/src/game/game_fn_80048B24.o
[118/955] MWCC build/GEDE01/src/game/game_fn_8004998C.o
[119/955] MWCC build/GEDE01/src/game/game_fn_80050B08.o
[120/955] MWCC build/GEDE01/src/game/game_fn_80052310.o
[121/955] MWCC build/GEDE01/src/game/game_fn_800542D0.o
[122/955] MWCC build/GEDE01/src/game/game_fn_8005EC6C.o
[123/955] MWCC build/GEDE01/src/game/game_fn_8005EE9C.o
[124/955] MWCC build/GEDE01/src/game/game_fn_8005EF94.o
[125/955] MWCC build/GEDE01/src/game/game_data_80239E10.o
[126/955] MWCC build/GEDE01/src/game/game_data_80239E18.o
[127/955] MWCC build/GEDE01/src/game/game_fn_8005FD84.o
[128/955] MWCC build/GEDE01/src/game/game_fn_80066888.o
[129/955] MWCC build/GEDE01/src/game/game_fn_80066E78.o
[130/955] MWCC build/GEDE01/src/game/game_fn_8006B0F0.o
[131/955] MWCC build/GEDE01/src/game/game_fn_8006B620.o
[132/955] MWCC build/GEDE01/src/game/game_fn_8006E53C.o
[133/955] MWCC build/GEDE01/src/game/game_fn_80071A58.o
[134/955] MWCC build/GEDE01/src/game/game_fn_80074310.o
[135/955] MWCC build/GEDE01/src/game/game_fn_80078500.o
[136/955] MWCC build/GEDE01/src/game/game_fn_80079908.o
[137/955] MWCC build/GEDE01/src/game/game_fn_80079AA4.o
[138/955] MWCC build/GEDE01/src/game/game_fn_8007B2F4.o
[139/955] MWCC build/GEDE01/src/game/game_fn_8007B540.o
[140/955] MWCC build/GEDE01/src/game/game_fn_8007B640.o
[141/955] MWCC build/GEDE01/src/game/game_fn_8007B828.o
[142/955] MWCC build/GEDE01/src/game/game_fn_8007BA3C.o
[143/955] MWCC build/GEDE01/src/game/game_fn_8007D4D8.o
[144/955] MWCC build/GEDE01/src/game/game_fn_8007F770.o
[145/955] MWCC build/GEDE01/src/game/game_fn_80088060.o
[146/955] MWCC build/GEDE01/src/game/game_fn_800886D8.o
[147/955] MWCC build/GEDE01/src/game/game_fn_80088F4C.o
[148/955] MWCC build/GEDE01/src/game/game_fn_80089A34.o
[149/955] MWCC build/GEDE01/src/game/game_fn_8008A2E0.o
[150/955] MWCC build/GEDE01/src/game/game_fn_8008F224.o
[151/955] MWCC build/GEDE01/src/game/game_fn_8008F890.o
[152/955] MWCC build/GEDE01/src/game/game_fn_80090004.o
[153/955] MWCC build/GEDE01/src/game/game_fn_800934A0.o
[154/955] MWCC build/GEDE01/src/game/game_fn_80095D10.o
[155/955] MWCC build/GEDE01/src/game/game_fn_80095E64.o
[156/955] MWCC build/GEDE01/src/game/game_fn_80095FDC.o
[157/955] MWCC build/GEDE01/src/game/game_fn_80096830.o
[158/955] MWCC build/GEDE01/src/game/game_fn_8009C424.o
[159/955] MWCC build/GEDE01/src/game/game_fn_8009E808.o
[160/955] MWCC build/GEDE01/src/game/game_fn_800A2130.o
[161/955] MWCC build/GEDE01/src/game/game_fn_800A2B8C.o
[162/955] MWCC build/GEDE01/src/game/game_fn_800A2FCC.o
[163/955] MWCC build/GEDE01/src/game/game_fn_800A3180.o
[164/955] MWCC build/GEDE01/src/game/game_fn_800A3894.o
[165/955] MWCC build/GEDE01/src/game/game_fn_800A4428.o
[166/955] MWCC build/GEDE01/src/game/game_fn_800A4798.o
[167/955] MWCC build/GEDE01/src/game/game_fn_800A7E88.o
[168/955] MWCC build/GEDE01/src/game/game_fn_800AF230.o
[169/955] MWCC build/GEDE01/src/game/game_fn_800B2EC0.o
[170/955] MWCC build/GEDE01/src/game/game_fn_800BB5C4.o
[171/955] MWCC build/GEDE01/src/game/game_fn_800BB7A8.o
[172/955] MWCC build/GEDE01/src/game/game_fn_800BB9A4.o
[173/955] MWCC build/GEDE01/src/game/game_fn_800BBAF0.o
[174/955] MWCC build/GEDE01/src/game/game_fn_800C030C.o
[175/955] MWCC build/GEDE01/src/game/game_fn_800C17EC.o
[176/955] MWCC build/GEDE01/src/game/game_fn_800C59F0.o
[177/955] MWCC build/GEDE01/src/game/game_fn_800C644C.o
[178/955] MWCC build/GEDE01/src/game/game_fn_800C65FC.o
[179/955] MWCC build/GEDE01/src/game/game_fn_800C9C60.o
[180/955] MWCC build/GEDE01/src/game/game_fn_800CB760.o
[181/955] MWCC build/GEDE01/src/game/game_fn_800CB8F4.o
[182/955] MWCC build/GEDE01/src/game/game_fn_800CF598.o
[183/955] MWCC build/GEDE01/src/game/game_fn_800D9064.o
[184/955] MWCC build/GEDE01/src/game/game_fn_800D9E10.o
[185/955] MWCC build/GEDE01/src/game/game_fn_800DC4D4.o
[186/955] MWCC build/GEDE01/src/game/game_fn_800E4980.o
[187/955] MWCC build/GEDE01/src/game/game_TRKNubWelcome.o
[188/955] MWCC build/GEDE01/src/game/game_TRK_main.o
[189/955] MWCC build/GEDE01/src/game/game_InitMetroTRKCommTable.o
[190/955] MWCC build/GEDE01/src/game/game_fn_800FD0C8.o
[191/955] MWCC build/GEDE01/src/game/game_fn_8010242C.o
[192/955] MWCC build/GEDE01/src/game/game_fn_801098C0.o
[193/955] MWCC build/GEDE01/src/game/game_fn_8010F184.o
[194/955] MWCC build/GEDE01/src/game/game_fn_801126E0.o
[195/955] MWCC build/GEDE01/src/game/game_fn_801128E4.o
[196/955] MWCC build/GEDE01/src/game/game_fn_801141B8.o
[197/955] MWCC build/GEDE01/src/game/game_fn_80119C70.o
[198/955] MWCC build/GEDE01/src/game/game_fn_8011F140.o
[199/955] MWCC build/GEDE01/src/game/game_fn_801247F8.o
[200/955] MWCC build/GEDE01/src/game/game_fn_80126A00.o
[201/955] MWCC build/GEDE01/src/game/game_fn_8012976C.o
[202/955] MWCC build/GEDE01/src/game/game_fn_8012DB28.o
[203/955] MWCC build/GEDE01/src/game/game_fn_8013CBE4.o
[204/955] MWCC build/GEDE01/src/game/game_fn_8013D6A4.o
[205/955] MWCC build/GEDE01/src/game/game_fn_8013DB8C.o
[206/955] MWCC build/GEDE01/src/game/game_fn_8014549C.o
[207/955] MWCC build/GEDE01/src/game/game_fn_8014AF38.o
[208/955] MWCC build/GEDE01/src/game/game_fn_8014B494.o
[209/955] MWCC build/GEDE01/src/game/game_fn_8014BA14.o
[210/955] MWCC build/GEDE01/src/game/game_fn_8014CA98.o
[211/955] MWCC build/GEDE01/src/game/game_fn_80150400.o
[212/955] MWCC build/GEDE01/src/game/game_fn_80150A24.o
[213/955] MWCC build/GEDE01/src/game/game_fn_80150F20.o
[214/955] MWCC build/GEDE01/src/game/game_fn_80151600.o
[215/955] MWCC build/GEDE01/src/game/game_fn_80151D00.o
[216/955] MWCC build/GEDE01/src/game/game_fn_801535D8.o
[217/955] MWCC build/GEDE01/src/game/game_fn_80153898.o
[218/955] MWCC build/GEDE01/src/game/game_fn_80153A24.o
[219/955] MWCC build/GEDE01/src/game/game_fn_80154F74.o
[220/955] MWCC build/GEDE01/src/game/game_fn_80155814.o
[221/955] MWCC build/GEDE01/src/game/game_fn_80157C0C.o
[222/955] MWCC build/GEDE01/src/game/game_fn_80158B20.o
[223/955] MWCC build/GEDE01/src/game/game_fn_80158D38.o
[224/955] MWCC build/GEDE01/src/game/game_fn_8015DB84.o
[225/955] MWCC build/GEDE01/src/game/game_fn_8015DC54.o
[226/955] MWCC build/GEDE01/src/game/game_fn_8015EDC0.o
[227/955] MWCC build/GEDE01/src/game/game_fn_80167454.o
[228/955] MWCC build/GEDE01/src/game/game_fn_80167B5C.o
[229/955] MWCC build/GEDE01/src/game/game_fn_80169650.o
[230/955] MWCC build/GEDE01/src/game/game_fn_8016BD0C.o
[231/955] MWCC build/GEDE01/src/game/game_fn_8016BE1C.o
[232/955] MWCC build/GEDE01/src/game/game_fn_8016BF60.o
[233/955] MWCC build/GEDE01/src/game/game_fn_8016C0BC.o
[234/955] MWCC build/GEDE01/src/game/game_fn_8016C164.o
[235/955] MWCC build/GEDE01/src/game/game_fn_8016C238.o
[236/955] MWCC build/GEDE01/src/game/game_fn_8016C4BC.o
[237/955] MWCC build/GEDE01/src/game/game_fn_8016C774.o
[238/955] MWCC build/GEDE01/src/game/game_fn_8016D040.o
[239/955] MWCC build/GEDE01/src/game/game_fn_8016D1F8.o
[240/955] MWCC build/GEDE01/src/game/game_fn_8016D2B8.o
[241/955] MWCC build/GEDE01/src/game/game_fn_8016D9C0.o
[242/955] MWCC build/GEDE01/src/game/game_fn_8016DF4C.o
[243/955] MWCC build/GEDE01/src/game/game_fn_8016E8F8.o
[244/955] MWCC build/GEDE01/src/game/game_fn_8016FEF8.o
[245/955] MWCC build/GEDE01/src/game/game_fn_8017038C.o
[246/955] MWCC build/GEDE01/src/game/game_fn_801704F8.o
[247/955] MWCC build/GEDE01/src/game/game_fn_801706DC.o
[248/955] MWCC build/GEDE01/src/game/game_fn_80170A40.o
[249/955] MWCC build/GEDE01/src/game/game_fn_80170DF4.o
[250/955] MWCC build/GEDE01/src/game/game_fn_80170E9C.o
[251/955] MWCC build/GEDE01/src/game/game_fn_8017138C.o
[252/955] MWCC build/GEDE01/src/game/game_fn_80171664.o
[253/955] MWCC build/GEDE01/src/game/game_fn_801718F4.o
[254/955] MWCC build/GEDE01/src/game/game_fn_801719B4.o
[255/955] MWCC build/GEDE01/src/game/game_fn_80171F30.o
[256/955] MWCC build/GEDE01/src/game/game_fn_8017250C.o
[257/955] MWCC build/GEDE01/src/game/game_fn_801726EC.o
[258/955] MWCC build/GEDE01/src/game/game_fn_80172BB0.o
[259/955] MWCC build/GEDE01/src/game/game_fn_80172C78.o
[260/955] MWCC build/GEDE01/src/game/game_fn_80172DB8.o
[261/955] MWCC build/GEDE01/src/game/game_fn_80173270.o
[262/955] MWCC build/GEDE01/src/game/game_fn_801734B4.o
[263/955] MWCC build/GEDE01/src/game/game_fn_80173770.o
[264/955] MWCC build/GEDE01/src/game/game_fn_80173BDC.o
[265/955] MWCC build/GEDE01/src/game/game_fn_80173D44.o
[266/955] MWCC build/GEDE01/src/game/game_fn_80173F04.o
[267/955] MWCC build/GEDE01/src/game/game_fn_80174184.o
[268/955] MWCC build/GEDE01/src/game/game_fn_80174358.o
[269/955] MWCC build/GEDE01/src/game/game_fn_80174F2C.o
[270/955] MWCC build/GEDE01/src/game/game_fn_801752B0.o
[271/955] MWCC build/GEDE01/src/game/game_fn_8017553C.o
[272/955] MWCC build/GEDE01/src/game/game_fn_80175A08.o
[273/955] MWCC build/GEDE01/src/game/game_fn_80175E64.o
[274/955] MWCC build/GEDE01/src/game/game_fn_80175F0C.o
[275/955] MWCC build/GEDE01/src/game/game_fn_80175FD4.o
[276/955] MWCC build/GEDE01/src/game/game_fn_80176098.o
[277/955] MWCC build/GEDE01/src/game/game_fn_80176160.o
[278/955] MWCC build/GEDE01/src/game/game_fn_80176220.o
[279/955] MWCC build/GEDE01/src/game/game_fn_801762E8.o
[280/955] MWCC build/GEDE01/src/game/game_fn_8017652C.o
[281/955] MWCC build/GEDE01/src/game/game_fn_80176DF4.o
[282/955] MWCC build/GEDE01/src/game/game_fn_80176FA0.o
[283/955] MWCC build/GEDE01/src/game/game_fn_801770F8.o
[284/955] MWCC build/GEDE01/src/game/game_fn_8017718C.o
[285/955] MWCC build/GEDE01/src/game/game_fn_80178F88.o
[286/955] MWCC build/GEDE01/src/game/game_fn_80177434.o
[287/955] MWCC build/GEDE01/src/game/game_fn_80179398.o
[288/955] MWCC build/GEDE01/src/game/game_fn_8017960C.o
[289/955] MWCC build/GEDE01/src/game/game_fn_8017974C.o
[290/955] MWCC build/GEDE01/src/game/game_fn_80179904.o
[291/955] MWCC build/GEDE01/src/game/game_fn_80179A18.o
[292/955] MWCC build/GEDE01/src/game/game_fn_80179A74.o
[293/955] MWCC build/GEDE01/src/game/game_fn_80179EB8.o
[294/955] MWCC build/GEDE01/src/game/game_fn_80179F20.o
[295/955] MWCC build/GEDE01/src/game/game_fn_8017A010.o
[296/955] MWCC build/GEDE01/src/game/game_fn_8017A12C.o
[297/955] MWCC build/GEDE01/src/game/game_fn_8017A1C0.o
[298/955] MWCC build/GEDE01/src/game/game_fn_8017A9B8.o
[299/955] MWCC build/GEDE01/src/game/game_fn_8017AC20.o
[300/955] MWCC build/GEDE01/src/game/game_fn_8017E850.o
[301/955] MWCC build/GEDE01/src/game/game_fn_8017E958.o
[302/955] MWCC build/GEDE01/src/game/game_fn_80180DDC.o
[303/955] MWCC build/GEDE01/src/game/game_fn_801810A0.o
[304/955] MWCC build/GEDE01/src/game/game_fn_801816D4.o
[305/955] MWCC build/GEDE01/src/game/game_fn_801857B4.o
[306/955] MWCC build/GEDE01/src/game/game_fn_801859FC.o
[307/955] MWCC build/GEDE01/src/game/game_fn_80185AE8.o
[308/955] MWCC build/GEDE01/src/game/game_fn_80185F10.o
[309/955] MWCC build/GEDE01/src/game/game_fn_801861C4.o
[310/955] MWCC build/GEDE01/src/game/game_fn_801865EC.o
[311/955] MWCC build/GEDE01/src/game/game_fn_8018680C.o
[312/955] MWCC build/GEDE01/src/game/game_fn_80186E10.o
[313/955] MWCC build/GEDE01/src/game/game_fn_80186F70.o
[314/955] MWCC build/GEDE01/src/game/game_fn_80187120.o
[315/955] MWCC build/GEDE01/src/game/game_fn_80187320.o
[316/955] MWCC build/GEDE01/src/game/game_fn_801875FC.o
[317/955] MWCC build/GEDE01/src/game/game_fn_801878E0.o
[318/955] MWCC build/GEDE01/src/game/game_fn_80187BB4.o
[319/955] MWCC build/GEDE01/src/game/game_fn_80187E40.o
[320/955] MWCC build/GEDE01/src/game/game_fn_80188A7C.o
[321/955] MWCC build/GEDE01/src/game/game_fn_80188B44.o
[322/955] MWCC build/GEDE01/src/game/game_fn_80188C1C.o
[323/955] MWCC build/GEDE01/src/game/game_fn_80188E28.o
[324/955] MWCC build/GEDE01/src/game/game_fn_80189028.o
[325/955] MWCC build/GEDE01/src/game/game_fn_801891D8.o
[326/955] MWCC build/GEDE01/src/game/game_fn_80189390.o
[327/955] MWCC build/GEDE01/src/game/game_fn_801895E8.o
[328/955] MWCC build/GEDE01/src/game/game_fn_801896A0.o
[329/955] MWCC build/GEDE01/src/game/game_fn_80189760.o
[330/955] MWCC build/GEDE01/src/game/game_fn_80189968.o
[331/955] MWCC build/GEDE01/src/game/game_fn_80189C14.o
[332/955] MWCC build/GEDE01/src/game/game_fn_8018C2D0.o
[333/955] MWCC build/GEDE01/src/game/game_fn_8018D1F0.o
[334/955] MWCC build/GEDE01/src/game/game_fn_8018D2E0.o
[335/955] MWCC build/GEDE01/src/game/game_fn_8018D400.o
[336/955] MWCC build/GEDE01/src/game/game_fn_8018D688.o
[337/955] MWCC build/GEDE01/src/game/game_fn_8018DC24.o
[338/955] MWCC build/GEDE01/src/game/game_fn_8018E0D8.o
[339/955] MWCC build/GEDE01/src/game/game_fn_8018F1D0.o
[340/955] MWCC build/GEDE01/src/game/game_fn_8018F81C.o
[341/955] MWCC build/GEDE01/src/game/game_fn_8018FEDC.o
[342/955] MWCC build/GEDE01/src/game/game_fn_8019120C.o
[343/955] MWCC build/GEDE01/src/game/game_fn_80191360.o
[344/955] MWCC build/GEDE01/src/game/game_fn_801916D0.o
[345/955] MWCC build/GEDE01/src/game/game_fn_8019197C.o
[346/955] MWCC build/GEDE01/src/game/game_fn_80191F58.o
[347/955] MWCC build/GEDE01/src/game/game_fn_801926EC.o
[348/955] MWCC build/GEDE01/src/game/game_fn_801929A4.o
[349/955] MWCC build/GEDE01/src/game/game_fn_80192F54.o
[350/955] MWCC build/GEDE01/src/game/game_fn_801931C4.o
[351/955] MWCC build/GEDE01/src/game/game_fn_80193E1C.o
[352/955] MWCC build/GEDE01/src/game/game_fn_80193F3C.o
[353/955] MWCC build/GEDE01/src/game/game_fn_80194F80.o
[354/955] MWCC build/GEDE01/src/game/game_fn_801952E8.o
[355/955] MWCC build/GEDE01/src/game/game_fn_80197910.o
[356/955] MWCC build/GEDE01/src/game/game_fn_80198154.o
[357/955] MWCC build/GEDE01/src/game/game_fn_80198AAC.o
[358/955] MWCC build/GEDE01/src/game/game_fn_80198BF4.o
[359/955] MWCC build/GEDE01/src/game/game_fn_801991E0.o
[360/955] MWCC build/GEDE01/src/game/game_fn_8019B1BC.o
[361/955] MWCC build/GEDE01/src/game/game_fn_8019CC28.o
[362/955] MWCC build/GEDE01/src/game/game_fn_8019CFC4.o
[363/955] MWCC build/GEDE01/src/game/game_fn_8019E5E4.o
[364/955] MWCC build/GEDE01/src/game/game_fn_8019E8C8.o
[365/955] MWCC build/GEDE01/src/game/game_fn_801A1F18.o
[366/955] MWCC build/GEDE01/src/game/game_fn_801A2A54.o
[367/955] MWCC build/GEDE01/src/game/game_fn_801A1F8C.o
[368/955] MWCC build/GEDE01/src/game/game_fn_801A34BC.o
[369/955] MWCC build/GEDE01/src/game/game_fn_801A3A78.o
[370/955] MWCC build/GEDE01/src/game/game_fn_801A4430.o
[371/955] MWCC build/GEDE01/src/game/game_fn_801A4CE0.o
[372/955] MWCC build/GEDE01/src/game/game_fn_801A6350.o
[373/955] MWCC build/GEDE01/src/game/game_fn_801A5FB0.o
[374/955] MWCC build/GEDE01/src/game/game_fn_801A6410.o
[375/955] MWCC build/GEDE01/src/game/game_fn_801A657C.o
[376/955] MWCC build/GEDE01/src/game/game_fn_801A6ADC.o
[377/955] MWCC build/GEDE01/src/game/game_fn_801A6C58.o
[378/955] MWCC build/GEDE01/src/game/game_fn_801A6CB4.o
[379/955] MWCC build/GEDE01/src/game/game_fn_801A7E04.o
[380/955] MWCC build/GEDE01/src/game/game_fn_801A7EA8.o
[381/955] MWCC build/GEDE01/src/game/game_fn_801A93E8.o
[382/955] MWCC build/GEDE01/src/game/game_fn_801AB154.o
[383/955] MWCC build/GEDE01/src/game/game_fn_801ABD3C.o
[384/955] MWCC build/GEDE01/src/game/game_fn_801AC8AC.o
[385/955] MWCC build/GEDE01/src/game/game_fn_801ACFE8.o
[386/955] MWCC build/GEDE01/src/game/game_fn_801AD08C.o
[387/955] MWCC build/GEDE01/src/game/game_fn_801AFA74.o
[388/955] MWCC build/GEDE01/src/game/game_fn_801B02F0.o
[389/955] MWCC build/GEDE01/src/game/game_fn_801B1BA0.o
[390/955] MWCC build/GEDE01/src/game/game_fn_801B35BC.o
[391/955] MWCC build/GEDE01/src/game/game_fn_801B46C8.o
[392/955] MWCC build/GEDE01/src/game/game_fn_801B4FB4.o
[393/955] MWCC build/GEDE01/src/game/game_fn_801B5228.o
[394/955] MWCC build/GEDE01/src/game/game_fn_801B58F0.o
[395/955] MWCC build/GEDE01/src/game/game_fn_801B6F1C.o
[396/955] MWCC build/GEDE01/src/game/game_fn_801B86C0.o
[397/955] MWCC build/GEDE01/src/game/game_fn_801B941C.o
[398/955] MWCC build/GEDE01/src/game/game_fn_801B9E7C.o
[399/955] MWCC build/GEDE01/src/game/game_fn_801BA15C.o
[400/955] MWCC build/GEDE01/src/game/game_fn_801BA708.o
[401/955] MWCC build/GEDE01/src/game/game_fn_801BA94C.o
[402/955] MWCC build/GEDE01/src/game/game_fn_801BB1A0.o
[403/955] MWCC build/GEDE01/src/game/game_fn_801BC0D4.o
[404/955] MWCC build/GEDE01/src/game/game_fn_801BC240.o
[405/955] MWCC build/GEDE01/src/game/game_fn_801BC8F4.o
[406/955] MWCC build/GEDE01/src/game/game_fn_801BCC04.o
[407/955] MWCC build/GEDE01/src/game/game_fn_801BD990.o
[408/955] MWCC build/GEDE01/src/game/game_fn_801BDE7C.o
[409/955] MWCC build/GEDE01/src/game/game_fn_801BE0D4.o
[410/955] MWCC build/GEDE01/src/game/game_fn_801C1CB0.o
[411/955] MWCC build/GEDE01/src/game/game_fn_801BEF40.o
[412/955] MWCC build/GEDE01/src/game/game_fn_801C2980.o
[413/955] MWCC build/GEDE01/src/game/game_fn_801C29BC.o
[414/955] MWCC build/GEDE01/src/game/game_fn_801C2AAC.o
[415/955] MWCC build/GEDE01/src/game/game_fn_801C2D9C.o
[416/955] MWCC build/GEDE01/src/game/game_fn_801C8160.o
[417/955] MWCC build/GEDE01/src/game/game_fn_801C8224.o
[418/955] MWCC build/GEDE01/src/game/game_fn_801C4B5C.o
[419/955] MWCC build/GEDE01/src/game/game_fn_801C8600.o
[420/955] MWCC build/GEDE01/src/game/game_fn_801C87DC.o
[421/955] MWCC build/GEDE01/src/game/game_fn_801C8CC0.o
[422/955] MWCC build/GEDE01/src/game/game_fn_801C8F50.o
[423/955] MWCC build/GEDE01/src/game/game_fn_801C90A4.o
[424/955] MWCC build/GEDE01/src/game/game_fn_801C9510.o
[425/955] MWCC build/GEDE01/src/game/game_fn_801C970C.o
[426/955] MWCC build/GEDE01/src/game/game_fn_801C9A08.o
[427/955] MWCC build/GEDE01/src/game/game_fn_801C9B1C.o
[428/955] MWCC build/GEDE01/src/game/game_fn_801CB4F8.o
[429/955] MWCC build/GEDE01/src/game/game_fn_801CD228.o
[430/955] MWCC build/GEDE01/src/game/game_fn_801CE09C.o
[431/955] MWCC build/GEDE01/src/game/game_fn_801CE594.o
[432/955] MWCC build/GEDE01/src/game/game_fn_801D1B10.o
[433/955] MWCC build/GEDE01/src/game/game_fn_801D1F78.o
[434/955] MWCC build/GEDE01/src/game/game_fn_801D3988.o
[435/955] MWCC build/GEDE01/src/game/game_fn_801D73D0.o
[436/955] MWCC build/GEDE01/src/game/game_fn_801D76A8.o
[437/955] MWCC build/GEDE01/src/game/game_fn_801D7C24.o
[438/955] MWCC build/GEDE01/src/game/game_fn_801D8050.o
[439/955] MWCC build/GEDE01/src/game/game_fn_801D9FE4.o
[440/955] MWCC build/GEDE01/src/game/game_fn_801DDB84.o
[441/955] MWCC build/GEDE01/src/game/game_fn_801DE8B4.o
[442/955] MWCC build/GEDE01/src/game/game_fn_801E2A48.o
[443/955] MWCC build/GEDE01/src/game/game_fn_801E0088.o
[444/955] MWCC build/GEDE01/src/game/game_fn_801E41AC.o
[445/955] MWCC build/GEDE01/src/game/game_fn_801E504C.o
[446/955] MWCC build/GEDE01/src/game/game_fn_801E6814.o
[447/955] MWCC build/GEDE01/src/game/game_fn_801E7014.o
[448/955] MWCC build/GEDE01/src/game/game_fn_801EAA04.o
[449/955] MWCC build/GEDE01/src/game/game_fn_801E995C.o
[450/955] MWCC build/GEDE01/src/game/game_fn_801EB09C.o
[451/955] MWCC build/GEDE01/src/game/game_fn_801EB11C.o
[452/955] MWCC build/GEDE01/src/game/game_fn_801ECF50.o
[453/955] MWCC build/GEDE01/src/game/game_fn_801ECD74.o
[454/955] MWCC build/GEDE01/src/game/game_fn_801ED5F4.o
[455/955] MWCC build/GEDE01/src/game/game_fn_801EF580.o
[456/955] MWCC build/GEDE01/src/game/game_fn_801EF910.o
[457/955] MWCC build/GEDE01/src/game/game_fn_801F0CB0.o
[458/955] MWCC build/GEDE01/src/game/game_fn_801F10BC.o
[459/955] MWCC build/GEDE01/src/game/game_fn_801F1A38.o
[460/955] MWCC build/GEDE01/src/game/game_fn_801F35A8.o
[461/955] MWCC build/GEDE01/src/game/game_fn_801F55A0.o
[462/955] MWCC build/GEDE01/src/game/game_fn_801F69F0.o
[463/955] MWCC build/GEDE01/src/game/game_fn_801F6BD8.o
[464/955] MWCC build/GEDE01/src/game/game_fn_801F7510.o
[465/955] MWCC build/GEDE01/src/game/game_fn_801F76EC.o
[466/955] MWCC build/GEDE01/src/game/game_fn_801F8264.o
[467/955] MWCC build/GEDE01/src/game/game_fn_801F89B4.o
[468/955] MWCC build/GEDE01/src/game/game_fn_801F8FAC.o
[469/955] MWCC build/GEDE01/src/game/game_fn_801F9AF8.o
[470/955] MWCC build/GEDE01/src/game/game_fn_801F9CF4.o
[471/955] MWCC build/GEDE01/src/game/game_fn_801FA9C8.o
[472/955] MWCC build/GEDE01/src/game/game_fn_801FB6A4.o
[473/955] MWCC build/GEDE01/src/game/game_fn_801FC034.o
[474/955] MWCC build/GEDE01/src/game/game_fn_801FC204.o
[475/955] MWCC build/GEDE01/src/game/game_fn_801FFE78.o
[476/955] EXTERNALIZE build/GEDE01/src/game/game_fn_800A2B8C.o
[477/955] EXTERNALIZE build/GEDE01/src/game/game_fn_801857B4.o
[478/955] EXTERNALIZE build/GEDE01/src/game/game_fn_800DC4D4.o
[479/955] EXTERNALIZE build/GEDE01/src/game/game_fn_80119C70.o
[480/955] EXTERNALIZE STATIC POOL build/GEDE01/src/game/game_fn_80088060.o
build/GEDE01/src/game/game_fn_80088060.o: lbl_8031D3B8 now undefined; section 3 emptied
[481/955] EXTERNALIZE build/GEDE01/src/game/game_fn_80175A08.o
[482/955] EXTERNALIZE build/GEDE01/src/game/game_fn_80066E78.o
[483/955] EXTERNALIZE build/GEDE01/src/game/game_fn_801247F8.o
[484/955] EXTERNALIZE build/GEDE01/src/game/game_fn_801EF910.o
[485/955] EXTERNALIZE build/GEDE01/src/game/game_fn_801ECF50.o
[486/955] EXTERNALIZE build/GEDE01/src/game/game_fn_801FC204.o
[487/955] EXTERNALIZE JUMPTABLES build/GEDE01/src/game/game_fn_80050B08.o
[488/955] EXTERNALIZE build/GEDE01/src/game/game_fn_801EB09C.o
[489/955] EXTERNALIZE build/GEDE01/src/game/game_fn_801EB11C.o
[490/955] EXTERNALIZE build/GEDE01/src/game/game_fn_801D9FE4.o
[491/955] EXTERNALIZE build/GEDE01/src/game/game_fn_801E41AC.o
[492/955] EXTERNALIZE build/GEDE01/src/game/game_fn_801D73D0.o
[493/955] EXTERNALIZE build/GEDE01/src/game/game_fn_801D76A8.o
[494/955] EXTERNALIZE build/GEDE01/src/game/game_fn_801D8050.o
[495/955] EXTERNALIZE build/GEDE01/src/game/game_fn_801D7C24.o
[496/955] EXTERNALIZE build/GEDE01/src/game/game_fn_8019B1BC.o
[497/955] EXTERNALIZE build/GEDE01/src/game/game_fn_80178F88.o
[498/955] EXTERNALIZE build/GEDE01/src/game/game_fn_801CD228.o
[499/955] EXTERNALIZE build/GEDE01/src/game/game_fn_801C970C.o
[500/955] EXTERNALIZE build/GEDE01/src/game/game_fn_801BA15C.o
[501/955] EXTERNALIZE build/GEDE01/src/game/game_fn_801C9510.o
[502/955] EXTERNALIZE build/GEDE01/src/game/game_fn_80126A00.o
[503/955] EXTERNALIZE build/GEDE01/src/game/game_fn_8013D6A4.o
[504/955] EXTERNALIZE build/GEDE01/src/game/game_fn_800C9C60.o
[505/955] EXTERNALIZE build/GEDE01/src/game/game_fn_801B5228.o
[506/955] EXTERNALIZE build/GEDE01/src/game/game_fn_801B4FB4.o
[507/955] EXTERNALIZE build/GEDE01/src/game/game_fn_801C87DC.o
[508/955] EXTERNALIZE build/GEDE01/src/game/game_fn_801B6F1C.o
[509/955] EXTERNALIZE build/GEDE01/src/game/game_fn_801C8CC0.o
[510/955] EXTERNALIZE build/GEDE01/src/game/game_fn_800FD0C8.o
[511/955] EXTERNALIZE build/GEDE01/src/game/game_fn_801BDE7C.o
[512/955] EXTERNALIZE build/GEDE01/src/game/game_fn_801BE0D4.o
[513/955] EXTERNALIZE STATIC POOL build/GEDE01/src/game/game_fn_801C9A08.o
build/GEDE01/src/game/game_fn_801C9A08.o: lbl_80629390 now undefined; section 3 emptied
[514/955] EXTERNALIZE build/GEDE01/src/game/game_fn_801B941C.o
[515/955] EXTERNALIZE STATIC POOL build/GEDE01/src/game/game_fn_801C9B1C.o
build/GEDE01/src/game/game_fn_801C9B1C.o: lbl_80629390 now undefined; section 3 emptied
[516/955] EXTERNALIZE STATIC POOL build/GEDE01/src/game/game_fn_801BD990.o
build/GEDE01/src/game/game_fn_801BD990.o: lbl_80626D80 now undefined; section 6 emptied
[517/955] EXTERNALIZE STATIC POOL build/GEDE01/src/game/game_fn_801B58F0.o
build/GEDE01/src/game/game_fn_801B58F0.o: lbl_8060C020 now undefined; section 3 emptied
[518/955] EXTERNALIZE STATIC POOL build/GEDE01/src/game/game_fn_801B9E7C.o
build/GEDE01/src/game/game_fn_801B9E7C.o: 0 relocation(s) moved from streamInfo to ...bss.0
build/GEDE01/src/game/game_fn_801B9E7C.o: lbl_8061AE48 now undefined; section 6 emptied
[519/955] EXTERNALIZE STATIC POOL build/GEDE01/src/game/game_fn_801BB1A0.o
build/GEDE01/src/game/game_fn_801BB1A0.o: 0 relocation(s) moved from streamInfo to ...bss.0
build/GEDE01/src/game/game_fn_801BB1A0.o: lbl_8061AE48 now undefined; section 6 emptied
[520/955] EXTERNALIZE STATIC POOL build/GEDE01/src/game/game_fn_801BA708.o
build/GEDE01/src/game/game_fn_801BA708.o: 0 relocation(s) moved from streamInfo to ...bss.0
build/GEDE01/src/game/game_fn_801BA708.o: lbl_8061AE48 now undefined; section 6 emptied
[521/955] EXTERNALIZE build/GEDE01/src/game/game_fn_801BA94C.o
build/GEDE01/src/game/game_fn_801BA94C.o: 0 relocation(s) moved from streamInfo to ...bss.0
build/GEDE01/src/game/game_fn_801BA94C.o: lbl_8061AE48 now undefined; section 6 emptied
[522/955] EXTERNALIZE STATIC build/GEDE01/src/game/game_fn_801B35BC.o
build/GEDE01/src/game/game_fn_801B35BC.o: lbl_8060D420 now undefined; section 6 emptied
[523/955] EXTERNALIZE STATIC POOL build/GEDE01/src/game/game_fn_801BC8F4.o
build/GEDE01/src/game/game_fn_801BC8F4.o: lbl_8061C748 now undefined; section 6 emptied
[524/955] EXTERNALIZE STATIC build/GEDE01/src/game/game_fn_801BC240.o
build/GEDE01/src/game/game_fn_801BC240.o: lbl_8061C748 now undefined; section 6 emptied
[525/955] EXTERNALIZE STATIC POOL build/GEDE01/src/game/game_fn_801BCC04.o
build/GEDE01/src/game/game_fn_801BCC04.o: lbl_8061C748 now undefined; section 6 emptied
[526/955] EXTERNALIZE STATIC POOL build/GEDE01/src/game/game_fn_801BC0D4.o
build/GEDE01/src/game/game_fn_801BC0D4.o: lbl_8061C748 now undefined; section 6 emptied
[527/955] EXTERNALIZE STATIC POOL build/GEDE01/src/game/game_fn_801C1CB0.o
build/GEDE01/src/game/game_fn_801C1CB0.o: lbl_80626DA0 now undefined; section 3 emptied
[528/955] RENAME build/GEDE01/src/game/game_InitMetroTRKCommTable.o
[529/955] EXTERNALIZE STATIC POOL build/GEDE01/src/game/game_fn_801CE09C.o
build/GEDE01/src/game/game_fn_801CE09C.o: lbl_80631340 now undefined; section 6 emptied
[530/955] RENAME RUNTIME INTRINSICS build/GEDE01/src/game/game_fn_801CB4F8.o
[531/955] EXTERNALIZE STATIC POOL build/GEDE01/src/game/game_fn_8010242C.o
build/GEDE01/src/game/game_fn_8010242C.o: lbl_8032CC08 now undefined; section 3 emptied
[532/955] EXTERNALIZE build/GEDE01/src/game/game_fn_801D3988.o
[533/955] EXTERNALIZE build/GEDE01/src/game/game_fn_801D1B10.o
[534/955] ALIGN DATA build/GEDE01/src/game/game_fn_8005EF94.o
[535/955] ALIGN DATA build/GEDE01/src/game/game_fn_801A6350.o
[536/955] ALIGN DATA build/GEDE01/src/game/game_fn_80008014.o
[537/955] EXTERNALIZE build/GEDE01/src/game/game_fn_801CE594.o
[538/955] EXTERNALIZE build/GEDE01/src/game/game_fn_8014549C.o
[539/955] EXTERNALIZE build/GEDE01/src/game/game_fn_801C8224.o
[540/955] EXTERNALIZE build/GEDE01/src/game/game_fn_801098C0.o
[541/955] EXTERNALIZE build/GEDE01/src/game/game_fn_8000FDE8.o
[542/955] EXTERNALIZE build/GEDE01/src/game/game_fn_80185F10.o
[543/955] EXTERNALIZE build/GEDE01/src/game/game_fn_801C29BC.o
[544/955] EXTERNALIZE build/GEDE01/src/game/game_fn_801C8F50.o
[545/955] EXTERNALIZE build/GEDE01/src/game/game_fn_8007B828.o
[546/955] EXTERNALIZE build/GEDE01/src/game/game_fn_801C90A4.o
[547/955] EXTERNALIZE build/GEDE01/src/game/game_fn_801C8160.o
[548/955] EXTERNALIZE build/GEDE01/src/game/game_fn_801C2AAC.o
[549/955] EXTERNALIZE build/GEDE01/src/game/game_fn_801C2D9C.o
[550/955] EXTERNALIZE build/GEDE01/src/game/game_fn_801C2980.o
[551/955] EXTERNALIZE build/GEDE01/src/game/game_fn_801B02F0.o
[552/955] EXTERNALIZE build/GEDE01/src/game/game_fn_801AFA74.o
[553/955] EXTERNALIZE build/GEDE01/src/game/game_fn_801AC8AC.o
[554/955] EXTERNALIZE build/GEDE01/src/game/game_fn_801ABD3C.o
[555/955] EXTERNALIZE build/GEDE01/src/game/game_fn_801816D4.o
[556/955] EXTERNALIZE build/GEDE01/src/game/game_fn_8011F140.o
[557/955] EXTERNALIZE build/GEDE01/src/game/game_fn_801AD08C.o
[558/955] EXTERNALIZE build/GEDE01/src/game/game_fn_8004998C.o
[559/955] EXTERNALIZE build/GEDE01/src/game/game_fn_80079AA4.o
[560/955] EXTERNALIZE build/GEDE01/src/game/game_fn_80158D38.o
[561/955] EXTERNALIZE build/GEDE01/src/game/game_fn_801A3A78.o
[562/955] EXTERNALIZE build/GEDE01/src/game/game_fn_8008F224.o
[563/955] EXTERNALIZE build/GEDE01/src/game/game_fn_80167454.o
[564/955] EXTERNALIZE build/GEDE01/src/game/game_fn_800AF230.o
[565/955] EXTERNALIZE build/GEDE01/src/game/game_fn_801A93E8.o
[566/955] EXTERNALIZE build/GEDE01/src/game/game_fn_801AB154.o
[567/955] EXTERNALIZE build/GEDE01/src/game/game_fn_801A7E04.o
[568/955] EXTERNALIZE build/GEDE01/src/game/game_fn_801A7EA8.o
[569/955] EXTERNALIZE build/GEDE01/src/game/game_fn_801A6CB4.o
[570/955] EXTERNALIZE build/GEDE01/src/game/game_fn_801A4CE0.o
[571/955] EXTERNALIZE build/GEDE01/src/game/game_fn_801A6C58.o
[572/955] NAME JUMPTABLE build/GEDE01/src/game/game_fn_801A6ADC.o
[573/955] EXTERNALIZE build/GEDE01/src/game/game_fn_801A6410.o
[574/955] EXTERNALIZE build/GEDE01/src/game/game_fn_801A1F18.o
[575/955] EXTERNALIZE build/GEDE01/src/game/game_fn_801A5FB0.o
[576/955] EXTERNALIZE build/GEDE01/src/game/game_fn_8019E8C8.o
[577/955] EXTERNALIZE build/GEDE01/src/game/game_fn_8019E5E4.o
[578/955] EXTERNALIZE build/GEDE01/src/game/game_fn_8019CFC4.o
[579/955] EXTERNALIZE build/GEDE01/src/game/game_fn_8019CC28.o
[580/955] EXTERNALIZE build/GEDE01/src/game/game_fn_801991E0.o
[581/955] EXTERNALIZE build/GEDE01/src/game/game_fn_80198BF4.o
[582/955] EXTERNALIZE build/GEDE01/src/game/game_fn_80198154.o
[583/955] EXTERNALIZE build/GEDE01/src/game/game_fn_80198AAC.o
[584/955] EXTERNALIZE build/GEDE01/src/game/game_fn_80194F80.o
[585/955] EXTERNALIZE build/GEDE01/src/game/game_fn_80197910.o
[586/955] EXTERNALIZE build/GEDE01/src/game/game_fn_80177434.o
repointed 2 relocations to lbl_80250588
[587/955] EXTERNALIZE build/GEDE01/src/game/game_fn_80193E1C.o
[588/955] EXTERNALIZE build/GEDE01/src/game/game_fn_801931C4.o
[589/955] EXTERNALIZE build/GEDE01/src/game/game_fn_80193F3C.o
[590/955] EXTERNALIZE build/GEDE01/src/game/game_fn_80192F54.o
[591/955] EXTERNALIZE build/GEDE01/src/game/game_fn_80191F58.o
[592/955] EXTERNALIZE build/GEDE01/src/game/game_fn_8019197C.o
[593/955] EXTERNALIZE build/GEDE01/src/game/game_fn_80191360.o
[594/955] GLOBALIZE build/GEDE01/src/game/game_fn_8018F1D0.o
[595/955] EXTERNALIZE build/GEDE01/src/game/game_fn_8018D688.o
[596/955] EXTERNALIZE build/GEDE01/src/game/game_fn_8018F81C.o
[597/955] EXTERNALIZE build/GEDE01/src/game/game_fn_8018D2E0.o
[598/955] EXTERNALIZE build/GEDE01/src/game/game_fn_80189968.o
[599/955] EXTERNALIZE build/GEDE01/src/game/game_fn_80189760.o
[600/955] EXTERNALIZE build/GEDE01/src/game/game_fn_8018D1F0.o
[601/955] EXTERNALIZE build/GEDE01/src/game/game_fn_801896A0.o
[602/955] EXTERNALIZE build/GEDE01/src/game/game_fn_801895E8.o
[603/955] EXTERNALIZE build/GEDE01/src/game/game_fn_80189390.o
[604/955] EXTERNALIZE build/GEDE01/src/game/game_fn_801891D8.o
[605/955] EXTERNALIZE build/GEDE01/src/game/game_fn_80188E28.o
[606/955] EXTERNALIZE build/GEDE01/src/game/game_fn_80189028.o
[607/955] EXTERNALIZE build/GEDE01/src/game/game_fn_80188C1C.o
[608/955] EXTERNALIZE build/GEDE01/src/game/game_fn_80188B44.o
[609/955] EXTERNALIZE build/GEDE01/src/game/game_fn_80188A7C.o
[610/955] EXTERNALIZE build/GEDE01/src/game/game_fn_801878E0.o
[611/955] EXTERNALIZE build/GEDE01/src/game/game_fn_80187120.o
[612/955] EXTERNALIZE build/GEDE01/src/game/game_fn_80186E10.o
[613/955] EXTERNALIZE build/GEDE01/src/game/game_fn_8018FEDC.o
[614/955] EXTERNALIZE build/GEDE01/src/game/game_fn_80185AE8.o
[615/955] EXTERNALIZE build/GEDE01/src/game/game_fn_801865EC.o
[616/955] EXTERNALIZE build/GEDE01/src/game/game_fn_801859FC.o
[617/955] EXTERNALIZE build/GEDE01/src/game/game_fn_80180DDC.o
[618/955] EXTERNALIZE build/GEDE01/src/game/game_fn_8017E850.o
[619/955] EXTERNALIZE build/GEDE01/src/game/game_fn_8017E958.o
[620/955] EXTERNALIZE build/GEDE01/src/game/game_fn_8017718C.o
[621/955] EXTERNALIZE build/GEDE01/src/game/game_fn_801770F8.o
[622/955] EXTERNALIZE build/GEDE01/src/game/game_fn_80176DF4.o
[623/955] EXTERNALIZE build/GEDE01/src/game/game_fn_80176FA0.o
[624/955] EXTERNALIZE build/GEDE01/src/game/game_fn_80174358.o
[625/955] EXTERNALIZE build/GEDE01/src/game/game_fn_80173F04.o
[626/955] EXTERNALIZE build/GEDE01/src/game/game_fn_80174184.o
[627/955] EXTERNALIZE build/GEDE01/src/game/game_fn_8017553C.o
[628/955] EXTERNALIZE build/GEDE01/src/game/game_fn_80173D44.o
[629/955] EXTERNALIZE build/GEDE01/src/game/game_fn_80173770.o
[630/955] EXTERNALIZE build/GEDE01/src/game/game_fn_801734B4.o
[631/955] EXTERNALIZE build/GEDE01/src/game/game_fn_80173270.o
[632/955] EXTERNALIZE build/GEDE01/src/game/game_fn_80172DB8.o
[633/955] EXTERNALIZE build/GEDE01/src/game/game_fn_80172C78.o
[634/955] EXTERNALIZE build/GEDE01/src/game/game_fn_801726EC.o
[635/955] EXTERNALIZE build/GEDE01/src/game/game_fn_80172BB0.o
[636/955] EXTERNALIZE build/GEDE01/src/game/game_fn_8017250C.o
[637/955] EXTERNALIZE build/GEDE01/src/game/game_fn_80171F30.o
[638/955] EXTERNALIZE build/GEDE01/src/game/game_fn_801718F4.o
[639/955] EXTERNALIZE build/GEDE01/src/game/game_fn_801719B4.o
[640/955] EXTERNALIZE build/GEDE01/src/game/game_fn_80171664.o
[641/955] EXTERNALIZE build/GEDE01/src/game/game_fn_8017138C.o
[642/955] EXTERNALIZE build/GEDE01/src/game/game_fn_80170A40.o
[643/955] NORMALIZE build/GEDE01/src/game/game_TRKNubWelcome.o
[644/955] NORMALIZE build/GEDE01/src/game/game_TRK_main.o
[645/955] EXTERNALIZE build/GEDE01/src/game/game_fn_801706DC.o
[646/955] NORMALIZE build/GEDE01/src/game/game_data_80239E10.o
[647/955] NORMALIZE build/GEDE01/src/game/game_data_80239E18.o
[648/955] EXTERNALIZE build/GEDE01/src/game/game_fn_80170E9C.o
[649/955] EXTERNALIZE build/GEDE01/src/game/game_fn_8017652C.o
[650/955] EXTERNALIZE build/GEDE01/src/game/game_fn_80175E64.o
[651/955] EXTERNALIZE build/GEDE01/src/game/game_fn_80175F0C.o
[652/955] EXTERNALIZE build/GEDE01/src/game/game_fn_80175FD4.o
[653/955] EXTERNALIZE build/GEDE01/src/game/game_fn_80176098.o
[654/955] EXTERNALIZE build/GEDE01/src/game/game_fn_80176160.o
[655/955] EXTERNALIZE build/GEDE01/src/game/game_fn_80176220.o
[656/955] EXTERNALIZE build/GEDE01/src/game/game_fn_80170DF4.o
[657/955] EXTERNALIZE build/GEDE01/src/game/game_fn_801762E8.o
[658/955] EXTERNALIZE build/GEDE01/src/game/game_fn_8016E8F8.o
[659/955] EXTERNALIZE build/GEDE01/src/game/game_fn_8016FEF8.o
[660/955] EXTERNALIZE build/GEDE01/src/game/game_fn_801704F8.o
[661/955] NORMALIZE build/GEDE01/src/game/game_fn_8016DF4C.o
[662/955] EXTERNALIZE build/GEDE01/src/game/game_fn_8016D2B8.o
[663/955] EXTERNALIZE build/GEDE01/src/game/game_fn_8016D040.o
[664/955] EXTERNALIZE build/GEDE01/src/game/game_fn_8016D1F8.o
[665/955] EXTERNALIZE build/GEDE01/src/game/game_fn_8016C774.o
[666/955] EXTERNALIZE build/GEDE01/src/game/game_fn_8016C4BC.o
[667/955] EXTERNALIZE build/GEDE01/src/game/game_fn_8016C238.o
[668/955] EXTERNALIZE build/GEDE01/src/game/game_fn_8016C164.o
[669/955] EXTERNALIZE build/GEDE01/src/game/game_fn_8016C0BC.o
[670/955] EXTERNALIZE build/GEDE01/src/game/game_fn_8017038C.o
[671/955] EXTERNALIZE build/GEDE01/src/game/game_fn_8016BE1C.o
[672/955] EXTERNALIZE build/GEDE01/src/game/game_fn_8016BF60.o
[673/955] EXTERNALIZE build/GEDE01/src/game/game_fn_8016BD0C.o
[674/955] EXTERNALIZE build/GEDE01/src/game/game_fn_80169650.o
[675/955] EXTERNALIZE build/GEDE01/src/game/game_fn_80167B5C.o
[676/955] EXTERNALIZE build/GEDE01/src/game/game_fn_8015EDC0.o
[677/955] EXTERNALIZE build/GEDE01/src/game/game_fn_8015DB84.o
[678/955] EXTERNALIZE build/GEDE01/src/game/game_fn_8015DC54.o
[679/955] EXTERNALIZE build/GEDE01/src/game/game_fn_80158B20.o
[680/955] EXTERNALIZE build/GEDE01/src/game/game_fn_80179398.o
[681/955] EXTERNALIZE build/GEDE01/src/game/game_fn_8017960C.o
[682/955] EXTERNALIZE build/GEDE01/src/game/game_fn_8017974C.o
[683/955] EXTERNALIZE build/GEDE01/src/game/game_fn_80179904.o
[684/955] EXTERNALIZE build/GEDE01/src/game/game_fn_8017A9B8.o
[685/955] EXTERNALIZE build/GEDE01/src/game/game_fn_80179A18.o
[686/955] EXTERNALIZE build/GEDE01/src/game/game_fn_80179A74.o
[687/955] EXTERNALIZE build/GEDE01/src/game/game_fn_80179EB8.o
[688/955] EXTERNALIZE build/GEDE01/src/game/game_fn_80179F20.o
[689/955] EXTERNALIZE build/GEDE01/src/game/game_fn_8017A010.o
[690/955] EXTERNALIZE build/GEDE01/src/game/game_fn_8017A12C.o
[691/955] EXTERNALIZE build/GEDE01/src/game/game_fn_80157C0C.o
[692/955] EXTERNALIZE build/GEDE01/src/game/game_fn_8017A1C0.o
[693/955] EXTERNALIZE build/GEDE01/src/game/game_fn_80155814.o
[694/955] EXTERNALIZE build/GEDE01/src/game/game_fn_80153898.o
[695/955] EXTERNALIZE build/GEDE01/src/game/game_fn_8014B494.o
[696/955] EXTERNALIZE build/GEDE01/src/game/game_fn_8014AF38.o
[697/955] EXTERNALIZE build/GEDE01/src/game/game_fn_8012DB28.o
[698/955] EXTERNALIZE build/GEDE01/src/game/game_fn_801141B8.o
[699/955] EXTERNALIZE build/GEDE01/src/game/game_fn_801128E4.o
[700/955] EXTERNALIZE build/GEDE01/src/game/game_fn_801126E0.o
[701/955] EXTERNALIZE build/GEDE01/src/game/game_fn_8010F184.o
[702/955] EXTERNALIZE build/GEDE01/src/game/game_fn_800E4980.o
[703/955] EXTERNALIZE build/GEDE01/src/game/game_fn_800C17EC.o
[704/955] EXTERNALIZE build/GEDE01/src/game/game_fn_800C030C.o
[705/955] EXTERNALIZE build/GEDE01/src/game/game_fn_800C59F0.o
[706/955] EXTERNALIZE build/GEDE01/src/game/game_fn_800C644C.o
[707/955] EXTERNALIZE build/GEDE01/src/game/game_fn_800C65FC.o
[708/955] EXTERNALIZE build/GEDE01/src/game/game_fn_800CB760.o
[709/955] EXTERNALIZE build/GEDE01/src/game/game_fn_800CB8F4.o
[710/955] EXTERNALIZE build/GEDE01/src/game/game_fn_80078500.o
[711/955] EXTERNALIZE build/GEDE01/src/game/game_fn_8007B2F4.o
[712/955] EXTERNALIZE build/GEDE01/src/game/game_fn_80079908.o
[713/955] EXTERNALIZE build/GEDE01/src/game/game_fn_8007B540.o
[714/955] EXTERNALIZE build/GEDE01/src/game/game_fn_8007B640.o
[715/955] EXTERNALIZE build/GEDE01/src/game/game_fn_800886D8.o
[716/955] EXTERNALIZE build/GEDE01/src/game/game_fn_800934A0.o
[717/955] EXTERNALIZE build/GEDE01/src/game/game_fn_8007BA3C.o
[718/955] EXTERNALIZE build/GEDE01/src/game/game_fn_800A3894.o
[719/955] EXTERNALIZE build/GEDE01/src/game/game_fn_800A7E88.o
[720/955] EXTERNALIZE build/GEDE01/src/game/game_fn_800A2FCC.o
[721/955] EXTERNALIZE build/GEDE01/src/game/game_fn_800A4798.o
[722/955] GLOBALIZE build/GEDE01/src/game/game_fn_800A2130.o
[723/955] EXTERNALIZE build/GEDE01/src/game/game_fn_8009C424.o
[724/955] EXTERNALIZE build/GEDE01/src/game/game_fn_80096830.o
[725/955] GLOBALIZE build/GEDE01/src/game/game_fn_8008F890.o
[726/955] EXTERNALIZE SWITCHES build/GEDE01/src/game/game_fn_80095FDC.o
[727/955] EXTERNALIZE build/GEDE01/src/game/game_fn_800A4428.o
[728/955] EXTERNALIZE build/GEDE01/src/game/game_fn_80074310.o
[729/955] GLOBALIZE build/GEDE01/src/game/game_fn_8005FD84.o
[730/955] EXTERNALIZE build/GEDE01/src/game/game_fn_80066888.o
[731/955] EXTERNALIZE build/GEDE01/src/game/game_fn_8005EC6C.o
[732/955] EXTERNALIZE build/GEDE01/src/game/game_fn_80052310.o
[733/955] EXTERNALIZE build/GEDE01/src/game/game_fn_80048B24.o
[734/955] NAME SWITCH build/GEDE01/src/game/game_fn_80020E94.o
[735/955] NAME SWITCH build/GEDE01/src/game/game_fn_8005EE9C.o
[736/955] NAME SWITCH build/GEDE01/src/game/game_fn_8016D9C0.o
[737/955] NAME SWITCH build/GEDE01/src/game/game_fn_80071A58.o
[738/955] EXTERNALIZE build/GEDE01/src/game/game_fn_80048ADC.o
[739/955] NAME SWITCH build/GEDE01/src/game/game_fn_8006B620.o
[740/955] NAME SWITCH build/GEDE01/src/game/game_fn_8001FE1C.o
[741/955] NAME SWITCH build/GEDE01/src/game/game_fn_8001E644.o
[742/955] EXTERNALIZE build/GEDE01/src/game/game_fn_80038878.o
[743/955] EXTERNALIZE build/GEDE01/src/game/game_fn_80036C40.o
[744/955] EXTERNALIZE build/GEDE01/src/game/game_fn_801B46C8.o
build/GEDE01/src/game/game_fn_801B46C8.o: lbl_8060C020 now undefined; section 6 emptied
[745/955] EXTERNALIZE build/GEDE01/src/game/game_fn_80033180.o
[746/955] EXTERNALIZE build/GEDE01/src/game/game_fn_800359A0.o
[747/955] EXTERNALIZE build/GEDE01/src/game/game_fn_80033038.o
[748/955] EXTERNALIZE build/GEDE01/src/game/game_fn_80032B84.o
[749/955] EXTERNALIZE build/GEDE01/src/game/game_fn_8003232C.o
[750/955] EXTERNALIZE build/GEDE01/src/game/game_fn_8002E3F0.o
[751/955] EXTERNALIZE build/GEDE01/src/game/game_fn_8002EA68.o
[752/955] EXTERNALIZE build/GEDE01/src/game/game_fn_8002DAE0.o
[753/955] GLOBALIZE build/GEDE01/src/game/game_fn_8002B748.o
[754/955] EXTERNALIZE build/GEDE01/src/game/game_fn_8002F428.o
[755/955] NAME SWITCHES build/GEDE01/src/game/game_fn_80024F28.o
[756/955] EXTERNALIZE build/GEDE01/src/game/game_fn_800272B4.o
[757/955] EXTERNALIZE build/GEDE01/src/game/game_fn_8001CE94.o
[758/955] EXTERNALIZE build/GEDE01/src/game/game_fn_8001CD58.o
[759/955] EXTERNALIZE build/GEDE01/src/game/game_fn_8001C078.o
[760/955] EXTERNALIZE build/GEDE01/src/game/game_fn_8001B874.o
[761/955] EXTERNALIZE build/GEDE01/src/game/game_fn_8001B808.o
[762/955] EXTERNALIZE build/GEDE01/src/game/game_fn_8001B294.o
[763/955] EXTERNALIZE build/GEDE01/src/game/game_fn_8001B124.o
[764/955] EXTERNALIZE build/GEDE01/src/game/game_fn_8001ADF8.o
[765/955] EXTERNALIZE build/GEDE01/src/game/game_fn_8001AF68.o
[766/955] EXTERNALIZE build/GEDE01/src/game/game_fn_8001AAB8.o
[767/955] EXTERNALIZE build/GEDE01/src/game/game_fn_8001A6C4.o
[768/955] EXTERNALIZE build/GEDE01/src/game/game_fn_80019F98.o
[769/955] EXTERNALIZE build/GEDE01/src/game/game_fn_80019D2C.o
[770/955] EXTERNALIZE build/GEDE01/src/game/game_fn_80019C10.o
[771/955] EXTERNALIZE build/GEDE01/src/game/game_fn_80019940.o
[772/955] EXTERNALIZE build/GEDE01/src/game/game_fn_800194D0.o
[773/955] EXTERNALIZE build/GEDE01/src/game/game_fn_80019244.o
[774/955] EXTERNALIZE build/GEDE01/src/game/game_fn_80019054.o
[775/955] EXTERNALIZE build/GEDE01/src/game/game_fn_80018EF4.o
[776/955] EXTERNALIZE build/GEDE01/src/game/game_fn_80017DB0.o
[777/955] EXTERNALIZE build/GEDE01/src/game/game_fn_80017CC8.o
[778/955] EXTERNALIZE build/GEDE01/src/game/game_fn_80017C3C.o
[779/955] EXTERNALIZE build/GEDE01/src/game/game_fn_80017AE4.o
[780/955] EXTERNALIZE build/GEDE01/src/game/game_fn_80017A3C.o
[781/955] EXTERNALIZE build/GEDE01/src/game/game_fn_800179AC.o
[782/955] EXTERNALIZE build/GEDE01/src/game/game_fn_80017910.o
[783/955] EXTERNALIZE FLAGS build/GEDE01/src/game/game_fn_800119FC.o
[784/955] EXTERNALIZE build/GEDE01/src/game/game_fn_8000FFD8.o
[785/955] EXTERNALIZE build/GEDE01/src/game/game_fn_8000F4B0.o
[786/955] GLOBALIZE build/GEDE01/src/game/game_fn_800094C0.o
[787/955] EXTERNALIZE build/GEDE01/src/game/game_fn_8000EFC4.o
[788/955] EXTERNALIZE build/GEDE01/src/game/game_fn_800096E0.o
[789/955] EXTERNALIZE build/GEDE01/src/game/game_fn_800098C0.o
[790/955] EXTERNALIZE build/GEDE01/src/game/game_fn_800099D8.o
[791/955] EXTERNALIZE build/GEDE01/src/game/game_fn_80009AB4.o
[792/955] EXTERNALIZE build/GEDE01/src/game/game_fn_8000A26C.o
[793/955] EXTERNALIZE build/GEDE01/src/game/game_fn_800171C0.o
[794/955] EXTERNALIZE build/GEDE01/src/game/game_fn_800176F0.o
[795/955] EXTERNALIZE build/GEDE01/src/game/game_fn_8000AEB4.o
[796/955] EXTERNALIZE build/GEDE01/src/game/game_fn_8000AC88.o
[797/955] EXTERNALIZE build/GEDE01/src/game/game_fn_8000AFB4.o
[798/955] EXTERNALIZE build/GEDE01/src/game/game_fn_8000B1B8.o
[799/955] EXTERNALIZE build/GEDE01/src/game/game_fn_8000B36C.o
[800/955] EXTERNALIZE build/GEDE01/src/game/game_fn_8000B630.o
[801/955] EXTERNALIZE build/GEDE01/src/game/game_fn_8000B900.o
[802/955] EXTERNALIZE build/GEDE01/src/game/game_fn_8000B7FC.o
[803/955] EXTERNALIZE build/GEDE01/src/game/game_fn_8000BA0C.o
[804/955] EXTERNALIZE build/GEDE01/src/game/game_fn_8000BAA0.o
[805/955] EXTERNALIZE build/GEDE01/src/game/game_fn_8000BC40.o
[806/955] EXTERNALIZE build/GEDE01/src/game/game_fn_8000C06C.o
[807/955] EXTERNALIZE build/GEDE01/src/game/game_fn_8000C400.o
[808/955] EXTERNALIZE build/GEDE01/src/game/game_fn_8000C17C.o
[809/955] EXTERNALIZE build/GEDE01/src/game/game_fn_8000C848.o
[810/955] EXTERNALIZE build/GEDE01/src/game/game_fn_8000C91C.o
[811/955] EXTERNALIZE build/GEDE01/src/game/game_fn_8000D0BC.o
[812/955] EXTERNALIZE build/GEDE01/src/game/game_fn_8000D3D4.o
[813/955] NAME SWITCH build/GEDE01/src/game/game_fn_8000D8A4.o
[814/955] EXTERNALIZE build/GEDE01/src/game/game_fn_8000E054.o
[815/955] EXTERNALIZE build/GEDE01/src/game/game_fn_8000E0AC.o
[816/955] EXTERNALIZE build/GEDE01/src/game/game_fn_8000E96C.o
[817/955] EXTERNALIZE build/GEDE01/src/game/game_fn_8000F774.o
[818/955] EXTERNALIZE build/GEDE01/src/game/game_fn_8000EB14.o
[819/955] EXTERNALIZE build/GEDE01/src/game/game_fn_8000EBD4.o
[820/955] EXTERNALIZE build/GEDE01/src/game/game_fn_8000ED44.o
[821/955] EXTERNALIZE build/GEDE01/src/game/game_fn_8000E138.o
[822/955] EXTERNALIZE build/GEDE01/src/game/game_fn_8000E1C4.o
[823/955] EXTERNALIZE build/GEDE01/src/game/game_fn_8000D590.o
[824/955] EXTERNALIZE build/GEDE01/src/game/game_fn_8000DA50.o
[825/955] EXTERNALIZE build/GEDE01/src/game/game_fn_8000DAF4.o
[826/955] EXTERNALIZE build/GEDE01/src/game/game_fn_80012DA8.o
[827/955] EXTERNALIZE build/GEDE01/src/game/game_fn_80012F40.o
[828/955] EXTERNALIZE build/GEDE01/src/game/game_fn_80012FD0.o
[829/955] EXTERNALIZE build/GEDE01/src/game/game_fn_800131E8.o
[830/955] EXTERNALIZE build/GEDE01/src/game/game_fn_80013340.o
[831/955] EXTERNALIZE build/GEDE01/src/game/game_fn_80013870.o
[832/955] EXTERNALIZE build/GEDE01/src/game/game_fn_80013CB0.o
[833/955] EXTERNALIZE build/GEDE01/src/game/game_fn_80013D54.o
[834/955] EXTERNALIZE build/GEDE01/src/game/game_fn_800142DC.o
[835/955] EXTERNALIZE build/GEDE01/src/game/game_fn_800144CC.o
[836/955] EXTERNALIZE build/GEDE01/src/game/game_fn_80014784.o
[837/955] EXTERNALIZE build/GEDE01/src/game/game_fn_800149D4.o
[838/955] EXTERNALIZE build/GEDE01/src/game/game_fn_80015320.o
[839/955] EXTERNALIZE build/GEDE01/src/game/game_fn_80015058.o
[840/955] EXTERNALIZE build/GEDE01/src/game/game_fn_800156FC.o
[841/955] EXTERNALIZE build/GEDE01/src/game/game_fn_80015568.o
[842/955] EXTERNALIZE build/GEDE01/src/game/game_fn_80015D40.o
[843/955] EXTERNALIZE build/GEDE01/src/game/game_fn_80015BE0.o
[844/955] EXTERNALIZE build/GEDE01/src/game/game_fn_80015F04.o
[845/955] EXTERNALIZE build/GEDE01/src/game/game_fn_80016128.o
[846/955] EXTERNALIZE build/GEDE01/src/game/game_fn_80016270.o
[847/955] EXTERNALIZE build/GEDE01/src/game/game_fn_80016904.o
[848/955] EXTERNALIZE build/GEDE01/src/game/game_fn_80016B24.o
[849/955] EXTERNALIZE build/GEDE01/src/game/game_fn_800173CC.o
[850/955] EXTERNALIZE build/GEDE01/src/game/game_fn_801BEF40.o
[851/955] EXTERNALIZE build/GEDE01/src/game/game_fn_801B86C0.o
[852/955] EXTERNALIZE STATIC POOL build/GEDE01/src/game/game_fn_801C4B5C.o
build/GEDE01/src/game/game_fn_801C4B5C.o: lbl_80628CB0 now undefined; section 6 emptied
[853/955] EXTERNALIZE build/GEDE01/src/game/game_fn_801C8600.o
[854/955] EXTERNALIZE build/GEDE01/src/game/game_fn_801EAA04.o
[855/955] EXTERNALIZE build/GEDE01/src/game/game_fn_80150400.o
[856/955] EXTERNALIZE build/GEDE01/src/game/game_fn_80150F20.o
[857/955] EXTERNALIZE build/GEDE01/src/game/game_fn_80151600.o
[858/955] EXTERNALIZE build/GEDE01/src/game/game_fn_80151D00.o
[859/955] EXTERNALIZE build/GEDE01/src/game/game_fn_801DE8B4.o
[860/955] EXTERNALIZE build/GEDE01/src/game/game_fn_80173BDC.o
[861/955] EXTERNALIZE build/GEDE01/src/game/game_fn_801E7014.o
[862/955] EXTERNALIZE build/GEDE01/src/game/game_fn_801A4430.o
[863/955] EXTERNALIZE build/GEDE01/src/game/game_fn_8014BA14.o
[864/955] EXTERNALIZE build/GEDE01/src/game/game_fn_800B2EC0.o
[865/955] EXTERNALIZE build/GEDE01/src/game/game_fn_8001CA04.o
[866/955] EXTERNALIZE build/GEDE01/src/game/game_fn_80031544.o
[867/955] EXTERNALIZE build/GEDE01/src/game/game_fn_8006B0F0.o
[868/955] EXTERNALIZE build/GEDE01/src/game/game_fn_8007D4D8.o
[869/955] EXTERNALIZE build/GEDE01/src/game/game_fn_801DDB84.o
[870/955] EXTERNALIZE build/GEDE01/src/game/game_fn_8007F770.o
[871/955] EXTERNALIZE build/GEDE01/src/game/game_fn_80088F4C.o
[872/955] EXTERNALIZE build/GEDE01/src/game/game_fn_8008A2E0.o
[873/955] EXTERNALIZE build/GEDE01/src/game/game_fn_80089A34.o
[874/955] EXTERNALIZE build/GEDE01/src/game/game_fn_80090004.o
[875/955] EXTERNALIZE build/GEDE01/src/game/game_fn_80095D10.o
[876/955] EXTERNALIZE build/GEDE01/src/game/game_fn_800A3180.o
[877/955] EXTERNALIZE build/GEDE01/src/game/game_fn_800BB7A8.o
[878/955] EXTERNALIZE build/GEDE01/src/game/game_fn_800BB5C4.o
[879/955] EXTERNALIZE build/GEDE01/src/game/game_fn_800BB9A4.o
[880/955] EXTERNALIZE build/GEDE01/src/game/game_fn_800BBAF0.o
[881/955] EXTERNALIZE build/GEDE01/src/game/game_fn_800D9064.o
[882/955] EXTERNALIZE build/GEDE01/src/game/game_fn_800D9E10.o
[883/955] EXTERNALIZE build/GEDE01/src/game/game_fn_8012976C.o
[884/955] EXTERNALIZE build/GEDE01/src/game/game_fn_8013DB8C.o
[885/955] EXTERNALIZE build/GEDE01/src/game/game_fn_8013CBE4.o
[886/955] EXTERNALIZE build/GEDE01/src/game/game_fn_8014CA98.o
[887/955] EXTERNALIZE build/GEDE01/src/game/game_fn_80153A24.o
[888/955] EXTERNALIZE build/GEDE01/src/game/game_fn_801535D8.o
[889/955] EXTERNALIZE build/GEDE01/src/game/game_fn_80174F2C.o
[890/955] EXTERNALIZE build/GEDE01/src/game/game_fn_801752B0.o
[891/955] EXTERNALIZE build/GEDE01/src/game/game_fn_8017AC20.o
[892/955] EXTERNALIZE build/GEDE01/src/game/game_fn_801861C4.o
[893/955] EXTERNALIZE build/GEDE01/src/game/game_fn_8018680C.o
[894/955] EXTERNALIZE build/GEDE01/src/game/game_fn_80186F70.o
[895/955] EXTERNALIZE build/GEDE01/src/game/game_fn_80187320.o
[896/955] EXTERNALIZE build/GEDE01/src/game/game_fn_801810A0.o
[897/955] EXTERNALIZE build/GEDE01/src/game/game_fn_801875FC.o
[898/955] EXTERNALIZE build/GEDE01/src/game/game_fn_800542D0.o
[899/955] EXTERNALIZE build/GEDE01/src/game/game_fn_80187E40.o
[900/955] EXTERNALIZE build/GEDE01/src/game/game_fn_80187BB4.o
[901/955] EXTERNALIZE build/GEDE01/src/game/game_fn_80189C14.o
[902/955] EXTERNALIZE build/GEDE01/src/game/game_fn_8018C2D0.o
[903/955] EXTERNALIZE build/GEDE01/src/game/game_fn_8018D400.o
[904/955] EXTERNALIZE build/GEDE01/src/game/game_fn_8018E0D8.o
[905/955] EXTERNALIZE build/GEDE01/src/game/game_fn_8019120C.o
[906/955] EXTERNALIZE build/GEDE01/src/game/game_fn_8018DC24.o
[907/955] EXTERNALIZE build/GEDE01/src/game/game_fn_801916D0.o
[908/955] EXTERNALIZE build/GEDE01/src/game/game_fn_801926EC.o
[909/955] EXTERNALIZE build/GEDE01/src/game/game_fn_801929A4.o
[910/955] EXTERNALIZE build/GEDE01/src/game/game_fn_801952E8.o
[911/955] EXTERNALIZE build/GEDE01/src/game/game_fn_801A2A54.o
[912/955] EXTERNALIZE build/GEDE01/src/game/game_fn_801A34BC.o
[913/955] EXTERNALIZE build/GEDE01/src/game/game_fn_801A657C.o
[914/955] EXTERNALIZE build/GEDE01/src/game/game_fn_801A1F8C.o
[915/955] EXTERNALIZE build/GEDE01/src/game/game_fn_801D1F78.o
[916/955] EXTERNALIZE build/GEDE01/src/game/game_fn_801E2A48.o
[917/955] EXTERNALIZE build/GEDE01/src/game/game_fn_801E6814.o
[918/955] EXTERNALIZE build/GEDE01/src/game/game_fn_801E995C.o
[919/955] EXTERNALIZE build/GEDE01/src/game/game_fn_801EF580.o
[920/955] EXTERNALIZE build/GEDE01/src/game/game_fn_801F0CB0.o
[921/955] EXTERNALIZE build/GEDE01/src/game/game_fn_801F35A8.o
[922/955] EXTERNALIZE build/GEDE01/src/game/game_fn_801F10BC.o
[923/955] EXTERNALIZE build/GEDE01/src/game/game_fn_801ECD74.o
[924/955] EXTERNALIZE build/GEDE01/src/game/game_fn_801ED5F4.o
[925/955] EXTERNALIZE build/GEDE01/src/game/game_fn_801F69F0.o
[926/955] EXTERNALIZE build/GEDE01/src/game/game_fn_801F76EC.o
[927/955] EXTERNALIZE build/GEDE01/src/game/game_fn_801F8264.o
[928/955] EXTERNALIZE build/GEDE01/src/game/game_fn_801F89B4.o
[929/955] EXTERNALIZE build/GEDE01/src/game/game_fn_801F9AF8.o
[930/955] EXTERNALIZE build/GEDE01/src/game/game_fn_801F6BD8.o
[931/955] EXTERNALIZE build/GEDE01/src/game/game_fn_80095E64.o
[932/955] EXTERNALIZE JUMPTABLES build/GEDE01/src/game/game_fn_800361F8.o
[933/955] EXTERNALIZE build/GEDE01/src/game/game_fn_801FB6A4.o
[934/955] EXTERNALIZE JUMPTABLES build/GEDE01/src/game/game_fn_8006E53C.o
[935/955] EXTERNALIZE JUMPTABLES build/GEDE01/src/game/game_fn_800CF598.o
[936/955] EXTERNALIZE JUMPTABLES build/GEDE01/src/game/game_fn_801ACFE8.o
[937/955] EXTERNALIZE JUMPTABLES build/GEDE01/src/game/game_fn_801B1BA0.o
[938/955] EXTERNALIZE build/GEDE01/src/game/game_fn_801E0088.o
[939/955] EXTERNALIZE build/GEDE01/src/game/game_fn_80150A24.o
[940/955] EXTERNALIZE build/GEDE01/src/game/game_fn_80154F74.o
[941/955] EXTERNALIZE build/GEDE01/src/game/game_fn_801E504C.o
[942/955] EXTERNALIZE build/GEDE01/src/game/game_fn_8009E808.o
[943/955] EXTERNALIZE build/GEDE01/src/game/game_fn_801F1A38.o
[944/955] EXTERNALIZE build/GEDE01/src/game/game_fn_801FFE78.o
[945/955] EXTERNALIZE build/GEDE01/src/game/game_fn_801F55A0.o
[946/955] EXTERNALIZE build/GEDE01/src/game/game_fn_801F7510.o
[947/955] EXTERNALIZE build/GEDE01/src/game/game_fn_801F8FAC.o
[948/955] EXTERNALIZE build/GEDE01/src/game/game_fn_801F9CF4.o
[949/955] EXTERNALIZE build/GEDE01/src/game/game_fn_801FC034.o
[950/955] EXTERNALIZE build/GEDE01/src/game/game_fn_801FA9C8.o
[951/955] REPORT
 INFO Loading project .
 INFO Generating report for 7069 units (using 8 threads)
 INFO Report generated in 0.228s
 INFO Writing to build/GEDE01/report.json
[952/955] LINK build/GEDE01/main.elf
### mwldeppc.exe Linker Warning:
#   Section '.ignored' is unknown. Section ignored.
### mwldeppc.exe Linker Warning:
#   Section '.ignored' is unknown. Section ignored.
### mwldeppc.exe Linker Warning:
#   Section '.ignored' is unknown. Section ignored.
### mwldeppc.exe Linker Warning:
#   Section '.ignored' is unknown. Section ignored.
### mwldeppc.exe Linker Warning:
#   Section '.ignored' is unknown. Section ignored.
### mwldeppc.exe Linker Warning:
#   Section '.ignored' is unknown. Section ignored.
### mwldeppc.exe Linker Warning:
#   Section '.ignored' is unknown. Section ignored.
### mwldeppc.exe Linker Warning:
#   Section '.ignored' is unknown. Section ignored.
### mwldeppc.exe Linker Warning:
#   Section '.ignored' is unknown. Section ignored.
### mwldeppc.exe Linker Warning:
#   Section '.ignored' is unknown. Section ignored.
### mwldeppc.exe Linker Warning:
#   Section '.ignored' is unknown. Section ignored.
### mwldeppc.exe Linker Warning:
#   Section '.ignored' is unknown. Section ignored.
### mwldeppc.exe Linker Warning:
#   Section '.ignored' is unknown. Section ignored.
### mwldeppc.exe Linker Warning:
#   Section '.ignored' is unknown. Section ignored.
### mwldeppc.exe Linker Warning:
#   Section '.ignored' is unknown. Section ignored.
### mwldeppc.exe Linker Warning:
#   Section '.ignored' is unknown. Section ignored.
### mwldeppc.exe Linker Warning:
#   Section '.ignored' is unknown. Section ignored.
### mwldeppc.exe Linker Warning:
#   Section '.ignored' is unknown. Section ignored.
### mwldeppc.exe Linker Warning:
#   Section '.ignored' is unknown. Section ignored.
### mwldeppc.exe Linker Warning:
#   Section '.ignored' is unknown. Section ignored.
### mwldeppc.exe Linker Warning:
#   Section '.ignored' is unknown. Section ignored.
### mwldeppc.exe Linker Warning:
#   Section '.ignored' is unknown. Section ignored.
### mwldeppc.exe Linker Warning:
#   Section '.ignored' is unknown. Section ignored.
### mwldeppc.exe Linker Warning:
#   Section '.ignored' is unknown. Section ignored.
### mwldeppc.exe Linker Warning:
#   Section '.ignored' is unknown. Section ignored.
### mwldeppc.exe Linker Warning:
#   Section '.ignored' is unknown. Section ignored.
### mwldeppc.exe Linker Warning:
#   Section '.ignored' is unknown. Section ignored.
### mwldeppc.exe Linker Warning:
#   Section '.ignored' is unknown. Section ignored.
### mwldeppc.exe Linker Warning:
#   Section '.ignored' is unknown. Section ignored.
### mwldeppc.exe Linker Warning:
#   Section '.ignored' is unknown. Section ignored.
### mwldeppc.exe Linker Warning:
#   Section '.ignored' is unknown. Section ignored.
### mwldeppc.exe Linker Warning:
#   Section '.ignored' is unknown. Section ignored.
### mwldeppc.exe Linker Warning:
#   Section '.ignored' is unknown. Section ignored.
### mwldeppc.exe Linker Warning:
#   Section '.ignored' is unknown. Section ignored.
### mwldeppc.exe Linker Warning:
#   Section '.ignored' is unknown. Section ignored.
### mwldeppc.exe Linker Warning:
#   Section '.ignored' is unknown. Section ignored.
### mwldeppc.exe Linker Warning:
#   Section '.ignored' is unknown. Section ignored.
### mwldeppc.exe Linker Warning:
#   Section '.ignored' is unknown. Section ignored.
### mwldeppc.exe Linker Warning:
#   Section '.ignored' is unknown. Section ignored.
### mwldeppc.exe Linker Warning:
#   Section '.ignored' is unknown. Section ignored.
### mwldeppc.exe Linker Warning:
#   Section '.ignored' is unknown. Section ignored.
### mwldeppc.exe Linker Warning:
#   Section '.ignored' is unknown. Section ignored.
### mwldeppc.exe Linker Warning:
#   Section '.ignored' is unknown. Section ignored.
### mwldeppc.exe Linker Warning:
#   Section '.ignored' is unknown. Section ignored.
### mwldeppc.exe Linker Warning:
#   Section '.ignored' is unknown. Section ignored.
### mwldeppc.exe Linker Warning:
#   Section '.ignored' is unknown. Section ignored.
### mwldeppc.exe Linker Warning:
#   Section '.ignored' is unknown. Section ignored.
### mwldeppc.exe Linker Warning:
#   Section '.ignored' is unknown. Section ignored.
### mwldeppc.exe Linker Warning:
#   Section '.ignored' is unknown. Section ignored.
### mwldeppc.exe Linker Warning:
#   Section '.ignored' is unknown. Section ignored.
### mwldeppc.exe Linker Warning:
#   Section '.ignored' is unknown. Section ignored.
### mwldeppc.exe Linker Warning:
#   Section '.ignored' is unknown. Section ignored.
### mwldeppc.exe Linker Warning:
#   Section '.ignored' is unknown. Section ignored.
### mwldeppc.exe Linker Warning:
#   Section '.ignored' is unknown. Section ignored.
### mwldeppc.exe Linker Warning:
#   Section '.ignored' is unknown. Section ignored.
### mwldeppc.exe Linker Warning:
#   Section '.ignored' is unknown. Section ignored.
### mwldeppc.exe Linker Warning:
#   Section '.ignored' is unknown. Section ignored.
### mwldeppc.exe Linker Warning:
#   Section '.ignored' is unknown. Section ignored.
### mwldeppc.exe Linker Warning:
#   Section '.ignored' is unknown. Section ignored.
### mwldeppc.exe Linker Warning:
#   Section '.ignored' is unknown. Section ignored.
### mwldeppc.exe Linker Warning:
#   Section '.ignored' is unknown. Section ignored.
### mwldeppc.exe Linker Warning:
#   Section '.ignored' is unknown. Section ignored.
### mwldeppc.exe Linker Warning:
#   Section '.ignored' is unknown. Section ignored.
### mwldeppc.exe Linker Warning:
#   Section '.ignored' is unknown. Section ignored.
### mwldeppc.exe Linker Warning:
#   Section '.ignored' is unknown. Section ignored.
### mwldeppc.exe Linker Warning:
#   Section '.ignored' is unknown. Section ignored.
### mwldeppc.exe Linker Warning:
#   Section '.ignored' is unknown. Section ignored.
### mwldeppc.exe Linker Warning:
#   Section '.ignored' is unknown. Section ignored.
### mwldeppc.exe Linker Warning:
#   Section '.ignored' is unknown. Section ignored.
### mwldeppc.exe Linker Warning:
#   Section '.ignored' is unknown. Section ignored.
### mwldeppc.exe Linker Warning:
#   Section '.ignored' is unknown. Section ignored.
### mwldeppc.exe Linker Warning:
#   Section '.ignored' is unknown. Section ignored.
### mwldeppc.exe Linker Warning:
#   Section '.ignored' is unknown. Section ignored.
### mwldeppc.exe Linker Warning:
#   Section '.ignored' is unknown. Section ignored.
### mwldeppc.exe Linker Warning:
#   Section '.ignored' is unknown. Section ignored.
### mwldeppc.exe Linker Warning:
#   Section '.ignored' is unknown. Section ignored.
### mwldeppc.exe Linker Warning:
#   Section '.ignored' is unknown. Section ignored.
### mwldeppc.exe Linker Warning:
#   Section '.ignored' is unknown. Section ignored.
### mwldeppc.exe Linker Warning:
#   Section '.ignored' is unknown. Section ignored.
### mwldeppc.exe Linker Warning:
#   Section '.ignored' is unknown. Section ignored.
### mwldeppc.exe Linker Warning:
#   Section '.ignored' is unknown. Section ignored.
### mwldeppc.exe Linker Warning:
#   Section '.ignored' is unknown. Section ignored.
### mwldeppc.exe Linker Warning:
#   Section '.ignored' is unknown. Section ignored.
### mwldeppc.exe Linker Warning:
#   Section '.ignored' is unknown. Section ignored.
### mwldeppc.exe Linker Warning:
#   Section '.ignored' is unknown. Section ignored.
### mwldeppc.exe Linker Warning:
#   Section '.ignored' is unknown. Section ignored.
### mwldeppc.exe Linker Warning:
#   Section '.ignored' is unknown. Section ignored.
### mwldeppc.exe Linker Warning:
#   Section '.ignored' is unknown. Section ignored.
### mwldeppc.exe Linker Warning:
#   Section '.ignored' is unknown. Section ignored.
### mwldeppc.exe Linker Warning:
#   Section '.ignored' is unknown. Section ignored.
### mwldeppc.exe Linker Warning:
#   Section '.ignored' is unknown. Section ignored.
### mwldeppc.exe Linker Warning:
#   Section '.ignored' is unknown. Section ignored.
### mwldeppc.exe Linker Warning:
#   Section '.ignored' is unknown. Section ignored.
### mwldeppc.exe Linker Warning:
#   Section '.ignored' is unknown. Section ignored.
### mwldeppc.exe Linker Warning:
#   Section '.ignored' is unknown. Section ignored.
### mwldeppc.exe Linker Warning:
#   Section '.ignored' is unknown. Section ignored.
### mwldeppc.exe Linker Warning:
#   Section '.ignored' is unknown. Section ignored.
### mwldeppc.exe Linker Warning:
#   Section '.ignored' is unknown. Section ignored.
### mwldeppc.exe Linker Warning:
#   Section '.ignored' is unknown. Section ignored.
### mwldeppc.exe Linker Warning:
#   Section '.ignored' is unknown. Section ignored.
### mwldeppc.exe Linker Warning:
#   Section '.ignored' is unknown. Section ignored.
### mwldeppc.exe Linker Warning:
#   Section '.ignored' is unknown. Section ignored.
### mwldeppc.exe Linker Warning:
#   Section '.ignored' is unknown. Section ignored.
### mwldeppc.exe Linker Warning:
#   Section '.ignored' is unknown. Section ignored.
### mwldeppc.exe Linker Warning:
#   Section '.ignored' is unknown. Section ignored.
### mwldeppc.exe Linker Warning:
#   Section '.ignored' is unknown. Section ignored.
### mwldeppc.exe Linker Warning:
#   Section '.ignored' is unknown. Section ignored.
### mwldeppc.exe Linker Warning:
#   Section '.ignored' is unknown. Section ignored.
### mwldeppc.exe Linker Warning:
#   Section '.ignored' is unknown. Section ignored.
### mwldeppc.exe Linker Warning:
#   Section '.ignored' is unknown. Section ignored.
### mwldeppc.exe Linker Warning:
#   Section '.ignored' is unknown. Section ignored.
### mwldeppc.exe Linker Warning:
#   Section '.ignored' is unknown. Section ignored.
### mwldeppc.exe Linker Warning:
#   Section '.ignored' is unknown. Section ignored.
### mwldeppc.exe Linker Warning:
#   Section '.ignored' is unknown. Section ignored.
### mwldeppc.exe Linker Warning:
#   Section '.ignored' is unknown. Section ignored.
### mwldeppc.exe Linker Warning:
#   Section '.ignored' is unknown. Section ignored.
### mwldeppc.exe Linker Warning:
#   Section '.ignored' is unknown. Section ignored.
### mwldeppc.exe Linker Warning:
#   Section '.ignored' is unknown. Section ignored.
### mwldeppc.exe Linker Warning:
#   Section '.ignored' is unknown. Section ignored.
### mwldeppc.exe Linker Warning:
#   Section '.ignored' is unknown. Section ignored.
### mwldeppc.exe Linker Warning:
#   Section '.ignored' is unknown. Section ignored.
### mwldeppc.exe Linker Warning:
#   Section '.ignored' is unknown. Section ignored.
### mwldeppc.exe Linker Warning:
#   Section '.ignored' is unknown. Section ignored.
### mwldeppc.exe Linker Warning:
#   Section '.ignored' is unknown. Section ignored.
### mwldeppc.exe Linker Warning:
#   Section '.ignored' is unknown. Section ignored.
### mwldeppc.exe Linker Warning:
#   Section '.ignored' is unknown. Section ignored.
### mwldeppc.exe Linker Warning:
#   Section '.ignored' is unknown. Section ignored.
### mwldeppc.exe Linker Warning:
#   Section '.ignored' is unknown. Section ignored.
### mwldeppc.exe Linker Warning:
#   Section '.ignored' is unknown. Section ignored.
### mwldeppc.exe Linker Warning:
#   Section '.ignored' is unknown. Section ignored.
### mwldeppc.exe Linker Warning:
#   Section '.ignored' is unknown. Section ignored.
### mwldeppc.exe Linker Warning:
#   Section '.ignored' is unknown. Section ignored.
### mwldeppc.exe Linker Warning:
#   Section '.ignored' is unknown. Section ignored.
### mwldeppc.exe Linker Warning:
#   Section '.ignored' is unknown. Section ignored.
### mwldeppc.exe Linker Warning:
#   Section '.ignored' is unknown. Section ignored.
### mwldeppc.exe Linker Warning:
#   Section '.ignored' is unknown. Section ignored.
### mwldeppc.exe Linker Warning:
#   Section '.ignored' is unknown. Section ignored.
### mwldeppc.exe Linker Warning:
#   Section '.ignored' is unknown. Section ignored.
### mwldeppc.exe Linker Warning:
#   Section '.ignored' is unknown. Section ignored.
### mwldeppc.exe Linker Warning:
#   Section '.ignored' is unknown. Section ignored.
### mwldeppc.exe Linker Warning:
#   Section '.ignored' is unknown. Section ignored.
### mwldeppc.exe Linker Warning:
#   Section '.ignored' is unknown. Section ignored.
### mwldeppc.exe Linker Warning:
#   Section '.ignored' is unknown. Section ignored.
### mwldeppc.exe Linker Warning:
#   Section '.ignored' is unknown. Section ignored.
### mwldeppc.exe Linker Warning:
#   Section '.ignored' is unknown. Section ignored.
### mwldeppc.exe Linker Warning:
#   Section '.ignored' is unknown. Section ignored.
### mwldeppc.exe Linker Warning:
#   Section '.ignored' is unknown. Section ignored.
### mwldeppc.exe Linker Warning:
#   Section '.ignored' is unknown. Section ignored.
### mwldeppc.exe Linker Warning:
#   Section '.ignored' is unknown. Section ignored.
### mwldeppc.exe Linker Warning:
#   Section '.ignored' is unknown. Section ignored.
### mwldeppc.exe Linker Warning:
#   Section '.ignored' is unknown. Section ignored.
### mwldeppc.exe Linker Warning:
#   Section '.ignored' is unknown. Section ignored.
### mwldeppc.exe Linker Warning:
#   Section '.ignored' is unknown. Section ignored.
### mwldeppc.exe Linker Warning:
#   Section '.ignored' is unknown. Section ignored.
### mwldeppc.exe Linker Warning:
#   Section '.ignored' is unknown. Section ignored.
### mwldeppc.exe Linker Warning:
#   Section '.ignored' is unknown. Section ignored.
### mwldeppc.exe Linker Warning:
#   Section '.ignored' is unknown. Section ignored.
### mwldeppc.exe Linker Warning:
#   Section '.ignored' is unknown. Section ignored.
### mwldeppc.exe Linker Warning:
#   Section '.ignored' is unknown. Section ignored.
### mwldeppc.exe Linker Warning:
#   Section '.ignored' is unknown. Section ignored.
### mwldeppc.exe Linker Warning:
#   Section '.ignored' is unknown. Section ignored.
### mwldeppc.exe Linker Warning:
#   Section '.ignored' is unknown. Section ignored.
### mwldeppc.exe Linker Warning:
#   Section '.ignored' is unknown. Section ignored.
### mwldeppc.exe Linker Warning:
#   Section '.ignored' is unknown. Section ignored.
### mwldeppc.exe Linker Warning:
#   Section '.ignored' is unknown. Section ignored.
### mwldeppc.exe Linker Warning:
#   Section '.ignored' is unknown. Section ignored.
### mwldeppc.exe Linker Warning:
#   Section '.ignored' is unknown. Section ignored.
### mwldeppc.exe Linker Warning:
#   Section '.ignored' is unknown. Section ignored.
### mwldeppc.exe Linker Warning:
#   Section '.ignored' is unknown. Section ignored.
### mwldeppc.exe Linker Warning:
#   Section '.ignored' is unknown. Section ignored.
### mwldeppc.exe Linker Warning:
#   Section '.ignored' is unknown. Section ignored.
### mwldeppc.exe Linker Warning:
#   Section '.ignored' is unknown. Section ignored.
### mwldeppc.exe Linker Warning:
#   Section '.ignored' is unknown. Section ignored.
### mwldeppc.exe Linker Warning:
#   Section '.ignored' is unknown. Section ignored.
### mwldeppc.exe Linker Warning:
#   Section '.ignored' is unknown. Section ignored.
### mwldeppc.exe Linker Warning:
#   Section '.ignored' is unknown. Section ignored.
### mwldeppc.exe Linker Warning:
#   Section '.ignored' is unknown. Section ignored.
### mwldeppc.exe Linker Warning:
#   Section '.ignored' is unknown. Section ignored.
### mwldeppc.exe Linker Warning:
#   Section '.ignored' is unknown. Section ignored.
### mwldeppc.exe Linker Warning:
#   Section '.ignored' is unknown. Section ignored.
### mwldeppc.exe Linker Warning:
#   Section '.ignored' is unknown. Section ignored.
### mwldeppc.exe Linker Warning:
#   Section '.ignored' is unknown. Section ignored.
### mwldeppc.exe Linker Warning:
#   Section '.ignored' is unknown. Section ignored.
### mwldeppc.exe Linker Warning:
#   Section '.ignored' is unknown. Section ignored.
### mwldeppc.exe Linker Warning:
#   Section '.ignored' is unknown. Section ignored.
### mwldeppc.exe Linker Warning:
#   Section '.ignored' is unknown. Section ignored.
### mwldeppc.exe Linker Warning:
#   Section '.ignored' is unknown. Section ignored.
### mwldeppc.exe Linker Warning:
#   Section '.ignored' is unknown. Section ignored.
### mwldeppc.exe Linker Warning:
#   Section '.ignored' is unknown. Section ignored.
### mwldeppc.exe Linker Warning:
#   Section '.ignored' is unknown. Section ignored.
### mwldeppc.exe Linker Warning:
#   Section '.ignored' is unknown. Section ignored.
### mwldeppc.exe Linker Warning:
#   Section '.ignored' is unknown. Section ignored.
### mwldeppc.exe Linker Warning:
#   Section '.ignored' is unknown. Section ignored.
### mwldeppc.exe Linker Warning:
#   Section '.ignored' is unknown. Section ignored.
### mwldeppc.exe Linker Warning:
#   Section '.ignored' is unknown. Section ignored.
### mwldeppc.exe Linker Warning:
#   Section '.ignored' is unknown. Section ignored.
### mwldeppc.exe Linker Warning:
#   Section '.ignored' is unknown. Section ignored.
### mwldeppc.exe Linker Warning:
#   Section '.ignored' is unknown. Section ignored.
### mwldeppc.exe Linker Warning:
#   Section '.ignored' is unknown. Section ignored.
### mwldeppc.exe Linker Warning:
#   Section '.ignored' is unknown. Section ignored.
### mwldeppc.exe Linker Warning:
#   Section '.ignored' is unknown. Section ignored.
### mwldeppc.exe Linker Warning:
#   Section '.ignored' is unknown. Section ignored.
### mwldeppc.exe Linker Warning:
#   Section '.ignored' is unknown. Section ignored.
### mwldeppc.exe Linker Warning:
#   Section '.ignored' is unknown. Section ignored.
### mwldeppc.exe Linker Warning:
#   Section '.ignored' is unknown. Section ignored.
### mwldeppc.exe Linker Warning:
#   Section '.ignored' is unknown. Section ignored.
### mwldeppc.exe Linker Warning:
#   Section '.ignored' is unknown. Section ignored.
### mwldeppc.exe Linker Warning:
#   Section '.ignored' is unknown. Section ignored.
### mwldeppc.exe Linker Warning:
#   Section '.ignored' is unknown. Section ignored.
### mwldeppc.exe Linker Warning:
#   Section '.ignored' is unknown. Section ignored.
### mwldeppc.exe Linker Warning:
#   Section '.ignored' is unknown. Section ignored.
### mwldeppc.exe Linker Warning:
#   Section '.ignored' is unknown. Section ignored.
### mwldeppc.exe Linker Warning:
#   Section '.ignored' is unknown. Section ignored.
### mwldeppc.exe Linker Warning:
#   Section '.ignored' is unknown. Section ignored.
### mwldeppc.exe Linker Warning:
#   Section '.ignored' is unknown. Section ignored.
### mwldeppc.exe Linker Warning:
#   Section '.ignored' is unknown. Section ignored.
### mwldeppc.exe Linker Warning:
#   Section '.ignored' is unknown. Section ignored.
### mwldeppc.exe Linker Warning:
#   Section '.ignored' is unknown. Section ignored.
### mwldeppc.exe Linker Warning:
#   Section '.ignored' is unknown. Section ignored.
### mwldeppc.exe Linker Warning:
#   Section '.ignored' is unknown. Section ignored.
### mwldeppc.exe Linker Warning:
#   Section '.ignored' is unknown. Section ignored.
### mwldeppc.exe Linker Warning:
#   Section '.ignored' is unknown. Section ignored.
### mwldeppc.exe Linker Warning:
#   Section '.ignored' is unknown. Section ignored.
### mwldeppc.exe Linker Warning:
#   Section '.ignored' is unknown. Section ignored.
### mwldeppc.exe Linker Warning:
#   Section '.ignored' is unknown. Section ignored.
### mwldeppc.exe Linker Warning:
#   Section '.ignored' is unknown. Section ignored.
### mwldeppc.exe Linker Warning:
#   Section '.ignored' is unknown. Section ignored.
### mwldeppc.exe Linker Warning:
#   Section '.ignored' is unknown. Section ignored.
### mwldeppc.exe Linker Warning:
#   Section '.ignored' is unknown. Section ignored.
### mwldeppc.exe Linker Warning:
#   Section '.ignored' is unknown. Section ignored.
### mwldeppc.exe Linker Warning:
#   Section '.ignored' is unknown. Section ignored.
### mwldeppc.exe Linker Warning:
#   Section '.ignored' is unknown. Section ignored.
### mwldeppc.exe Linker Warning:
#   Section '.ignored' is unknown. Section ignored.
### mwldeppc.exe Linker Warning:
#   Section '.ignored' is unknown. Section ignored.
### mwldeppc.exe Linker Warning:
#   Section '.ignored' is unknown. Section ignored.
### mwldeppc.exe Linker Warning:
#   Section '.ignored' is unknown. Section ignored.
### mwldeppc.exe Linker Warning:
#   Section '.ignored' is unknown. Section ignored.
### mwldeppc.exe Linker Warning:
#   Section '.ignored' is unknown. Section ignored.
### mwldeppc.exe Linker Warning:
#   Section '.ignored' is unknown. Section ignored.
### mwldeppc.exe Linker Warning:
#   Section '.ignored' is unknown. Section ignored.
### mwldeppc.exe Linker Warning:
#   Section '.ignored' is unknown. Section ignored.
### mwldeppc.exe Linker Warning:
#   Section '.ignored' is unknown. Section ignored.
### mwldeppc.exe Linker Warning:
#   Section '.ignored' is unknown. Section ignored.
### mwldeppc.exe Linker Warning:
#   Section '.ignored' is unknown. Section ignored.
### mwldeppc.exe Linker Warning:
#   Section '.ignored' is unknown. Section ignored.
### mwldeppc.exe Linker Warning:
#   Section '.ignored' is unknown. Section ignored.
### mwldeppc.exe Linker Warning:
#   Section '.ignored' is unknown. Section ignored.
### mwldeppc.exe Linker Warning:
#   Section '.ignored' is unknown. Section ignored.
### mwldeppc.exe Linker Warning:
#   Section '.ignored' is unknown. Section ignored.
### mwldeppc.exe Linker Warning:
#   Section '.ignored' is unknown. Section ignored.
### mwldeppc.exe Linker Warning:
#   Section '.ignored' is unknown. Section ignored.
### mwldeppc.exe Linker Warning:
#   Section '.ignored' is unknown. Section ignored.
### mwldeppc.exe Linker Warning:
#   Section '.ignored' is unknown. Section ignored.
### mwldeppc.exe Linker Warning:
#   Section '.ignored' is unknown. Section ignored.
### mwldeppc.exe Linker Warning:
#   Section '.ignored' is unknown. Section ignored.
### mwldeppc.exe Linker Warning:
#   Section '.ignored' is unknown. Section ignored.
### mwldeppc.exe Linker Warning:
#   Section '.ignored' is unknown. Section ignored.
### mwldeppc.exe Linker Warning:
#   Section '.ignored' is unknown. Section ignored.
### mwldeppc.exe Linker Warning:
#   Section '.ignored' is unknown. Section ignored.
### mwldeppc.exe Linker Warning:
#   Section '.ignored' is unknown. Section ignored.
### mwldeppc.exe Linker Warning:
#   Section '.ignored' is unknown. Section ignored.
### mwldeppc.exe Linker Warning:
#   Section '.ignored' is unknown. Section ignored.
### mwldeppc.exe Linker Warning:
#   Section '.ignored' is unknown. Section ignored.
### mwldeppc.exe Linker Warning:
#   Section '.ignored' is unknown. Section ignored.
### mwldeppc.exe Linker Warning:
#   Section '.ignored' is unknown. Section ignored.
### mwldeppc.exe Linker Warning:
#   Section '.ignored' is unknown. Section ignored.
### mwldeppc.exe Linker Warning:
#   Section '.ignored' is unknown. Section ignored.
### mwldeppc.exe Linker Warning:
#   Section '.ignored' is unknown. Section ignored.
### mwldeppc.exe Linker Warning:
#   Section '.ignored' is unknown. Section ignored.
### mwldeppc.exe Linker Warning:
#   Section '.ignored' is unknown. Section ignored.
### mwldeppc.exe Linker Warning:
#   Section '.ignored' is unknown. Section ignored.
### mwldeppc.exe Linker Warning:
#   Section '.ignored' is unknown. Section ignored.
### mwldeppc.exe Linker Warning:
#   Section '.ignored' is unknown. Section ignored.
### mwldeppc.exe Linker Warning:
#   Section '.ignored' is unknown. Section ignored.
### mwldeppc.exe Linker Warning:
#   Section '.ignored' is unknown. Section ignored.
### mwldeppc.exe Linker Warning:
#   Section '.ignored' is unknown. Section ignored.
### mwldeppc.exe Linker Warning:
#   Section '.ignored' is unknown. Section ignored.
### mwldeppc.exe Linker Warning:
#   Section '.ignored' is unknown. Section ignored.
### mwldeppc.exe Linker Warning:
#   Section '.ignored' is unknown. Section ignored.
### mwldeppc.exe Linker Warning:
#   Section '.ignored' is unknown. Section ignored.
### mwldeppc.exe Linker Warning:
#   Section '.ignored' is unknown. Section ignored.
### mwldeppc.exe Linker Warning:
#   Section '.ignored' is unknown. Section ignored.
### mwldeppc.exe Linker Warning:
#   Section '.ignored' is unknown. Section ignored.
### mwldeppc.exe Linker Warning:
#   Section '.ignored' is unknown. Section ignored.
### mwldeppc.exe Linker Warning:
#   Section '.ignored' is unknown. Section ignored.
### mwldeppc.exe Linker Warning:
#   Section '.ignored' is unknown. Section ignored.
### mwldeppc.exe Linker Warning:
#   Section '.ignored' is unknown. Section ignored.
### mwldeppc.exe Linker Warning:
#   Section '.ignored' is unknown. Section ignored.
### mwldeppc.exe Linker Warning:
#   Section '.ignored' is unknown. Section ignored.
### mwldeppc.exe Linker Warning:
#   Section '.ignored' is unknown. Section ignored.
### mwldeppc.exe Linker Warning:
#   Section '.ignored' is unknown. Section ignored.
### mwldeppc.exe Linker Warning:
#   Section '.ignored' is unknown. Section ignored.
### mwldeppc.exe Linker Warning:
#   Section '.ignored' is unknown. Section ignored.
### mwldeppc.exe Linker Warning:
#   Section '.ignored' is unknown. Section ignored.
### mwldeppc.exe Linker Warning:
#   Section '.ignored' is unknown. Section ignored.
### mwldeppc.exe Linker Warning:
#   Section '.ignored' is unknown. Section ignored.
### mwldeppc.exe Linker Warning:
#   Section '.ignored' is unknown. Section ignored.
### mwldeppc.exe Linker Warning:
#   Section '.ignored' is unknown. Section ignored.
### mwldeppc.exe Linker Warning:
#   Section '.ignored' is unknown. Section ignored.
### mwldeppc.exe Linker Warning:
#   Section '.ignored' is unknown. Section ignored.
### mwldeppc.exe Linker Warning:
#   Section '.ignored' is unknown. Section ignored.
### mwldeppc.exe Linker Warning:
#   Section '.ignored' is unknown. Section ignored.
### mwldeppc.exe Linker Warning:
#   Section '.ignored' is unknown. Section ignored.
### mwldeppc.exe Linker Warning:
#   Section '.ignored' is unknown. Section ignored.
### mwldeppc.exe Linker Warning:
#   Section '.ignored' is unknown. Section ignored.
### mwldeppc.exe Linker Warning:
#   Section '.ignored' is unknown. Section ignored.
### mwldeppc.exe Linker Warning:
#   Section '.ignored' is unknown. Section ignored.
### mwldeppc.exe Linker Warning:
#   Section '.ignored' is unknown. Section ignored.
### mwldeppc.exe Linker Warning:
#   Section '.ignored' is unknown. Section ignored.
### mwldeppc.exe Linker Warning:
#   Section '.ignored' is unknown. Section ignored.
### mwldeppc.exe Linker Warning:
#   Section '.ignored' is unknown. Section ignored.
### mwldeppc.exe Linker Warning:
#   Section '.ignored' is unknown. Section ignored.
### mwldeppc.exe Linker Warning:
#   Section '.ignored' is unknown. Section ignored.
### mwldeppc.exe Linker Warning:
#   Section '.ignored' is unknown. Section ignored.
### mwldeppc.exe Linker Warning:
#   Section '.ignored' is unknown. Section ignored.
### mwldeppc.exe Linker Warning:
#   Section '.ignored' is unknown. Section ignored.
### mwldeppc.exe Linker Warning:
#   Section '.ignored' is unknown. Section ignored.
### mwldeppc.exe Linker Warning:
#   Section '.ignored' is unknown. Section ignored.
### mwldeppc.exe Linker Warning:
#   Section '.ignored' is unknown. Section ignored.
### mwldeppc.exe Linker Warning:
#   Section '.ignored' is unknown. Section ignored.
### mwldeppc.exe Linker Warning:
#   Section '.ignored' is unknown. Section ignored.
### mwldeppc.exe Linker Warning:
#   Section '.ignored' is unknown. Section ignored.
### mwldeppc.exe Linker Warning:
#   Section '.ignored' is unknown. Section ignored.
### mwldeppc.exe Linker Warning:
#   Section '.ignored' is unknown. Section ignored.
### mwldeppc.exe Linker Warning:
#   Section '.ignored' is unknown. Section ignored.
### mwldeppc.exe Linker Warning:
#   Section '.ignored' is unknown. Section ignored.
### mwldeppc.exe Linker Warning:
#   Section '.ignored' is unknown. Section ignored.
### mwldeppc.exe Linker Warning:
#   Section '.ignored' is unknown. Section ignored.
### mwldeppc.exe Linker Warning:
#   Section '.ignored' is unknown. Section ignored.
### mwldeppc.exe Linker Warning:
#   Section '.ignored' is unknown. Section ignored.
### mwldeppc.exe Linker Warning:
#   Section '.ignored' is unknown. Section ignored.
### mwldeppc.exe Linker Warning:
#   Section '.ignored' is unknown. Section ignored.
### mwldeppc.exe Linker Warning:
#   Section '.ignored' is unknown. Section ignored.
### mwldeppc.exe Linker Warning:
#   Section '.ignored' is unknown. Section ignored.
### mwldeppc.exe Linker Warning:
#   Section '.ignored' is unknown. Section ignored.
### mwldeppc.exe Linker Warning:
#   Section '.ignored' is unknown. Section ignored.
### mwldeppc.exe Linker Warning:
#   Section '.ignored' is unknown. Section ignored.
### mwldeppc.exe Linker Warning:
#   Section '.ignored' is unknown. Section ignored.
### mwldeppc.exe Linker Warning:
#   Section '.ignored' is unknown. Section ignored.
### mwldeppc.exe Linker Warning:
#   Section '.ignored' is unknown. Section ignored.
### mwldeppc.exe Linker Warning:
#   Section '.ignored' is unknown. Section ignored.
### mwldeppc.exe Linker Warning:
#   Section '.ignored' is unknown. Section ignored.
### mwldeppc.exe Linker Warning:
#   Section '.ignored' is unknown. Section ignored.
### mwldeppc.exe Linker Warning:
#   Section '.ignored' is unknown. Section ignored.
### mwldeppc.exe Linker Warning:
#   Section '.ignored' is unknown. Section ignored.
### mwldeppc.exe Linker Warning:
#   Section '.ignored' is unknown. Section ignored.
### mwldeppc.exe Linker Warning:
#   Section '.ignored' is unknown. Section ignored.
### mwldeppc.exe Linker Warning:
#   Section '.ignored' is unknown. Section ignored.
### mwldeppc.exe Linker Warning:
#   Section '.ignored' is unknown. Section ignored.
### mwldeppc.exe Linker Warning:
#   Section '.ignored' is unknown. Section ignored.
### mwldeppc.exe Linker Warning:
#   Section '.ignored' is unknown. Section ignored.
### mwldeppc.exe Linker Warning:
#   Section '.ignored' is unknown. Section ignored.
### mwldeppc.exe Linker Warning:
#   Section '.ignored' is unknown. Section ignored.
### mwldeppc.exe Linker Warning:
#   Section '.ignored' is unknown. Section ignored.
### mwldeppc.exe Linker Warning:
#   Section '.ignored' is unknown. Section ignored.
### mwldeppc.exe Linker Warning:
#   Section '.ignored' is unknown. Section ignored.
### mwldeppc.exe Linker Warning:
#   Section '.ignored' is unknown. Section ignored.
### mwldeppc.exe Linker Warning:
#   Section '.ignored' is unknown. Section ignored.
### mwldeppc.exe Linker Warning:
#   Section '.ignored' is unknown. Section ignored.
### mwldeppc.exe Linker Warning:
#   Section '.ignored' is unknown. Section ignored.
### mwldeppc.exe Linker Warning:
#   Section '.ignored' is unknown. Section ignored.
### mwldeppc.exe Linker Warning:
#   Section '.ignored' is unknown. Section ignored.
### mwldeppc.exe Linker Warning:
#   Section '.ignored' is unknown. Section ignored.
### mwldeppc.exe Linker Warning:
#   Section '.ignored' is unknown. Section ignored.
### mwldeppc.exe Linker Warning:
#   Section '.ignored' is unknown. Section ignored.
### mwldeppc.exe Linker Warning:
#   Section '.ignored' is unknown. Section ignored.
### mwldeppc.exe Linker Warning:
#   Section '.ignored' is unknown. Section ignored.
### mwldeppc.exe Linker Warning:
#   Section '.ignored' is unknown. Section ignored.
### mwldeppc.exe Linker Warning:
#   Section '.ignored' is unknown. Section ignored.
### mwldeppc.exe Linker Warning:
#   Section '.ignored' is unknown. Section ignored.
### mwldeppc.exe Linker Warning:
#   Section '.ignored' is unknown. Section ignored.
### mwldeppc.exe Linker Warning:
#   Section '.ignored' is unknown. Section ignored.
### mwldeppc.exe Linker Warning:
#   Section '.ignored' is unknown. Section ignored.
### mwldeppc.exe Linker Warning:
#   Section '.ignored' is unknown. Section ignored.
### mwldeppc.exe Linker Warning:
#   Section '.ignored' is unknown. Section ignored.
### mwldeppc.exe Linker Warning:
#   Section '.ignored' is unknown. Section ignored.
### mwldeppc.exe Linker Warning:
#   Section '.ignored' is unknown. Section ignored.
### mwldeppc.exe Linker Warning:
#   Section '.ignored' is unknown. Section ignored.
### mwldeppc.exe Linker Warning:
#   Section '.ignored' is unknown. Section ignored.
### mwldeppc.exe Linker Warning:
#   Section '.ignored' is unknown. Section ignored.
### mwldeppc.exe Linker Warning:
#   Section '.ignored' is unknown. Section ignored.
### mwldeppc.exe Linker Warning:
#   Section '.ignored' is unknown. Section ignored.
### mwldeppc.exe Linker Warning:
#   Section '.ignored' is unknown. Section ignored.
### mwldeppc.exe Linker Warning:
#   Section '.ignored' is unknown. Section ignored.
### mwldeppc.exe Linker Warning:
#   Section '.ignored' is unknown. Section ignored.
### mwldeppc.exe Linker Warning:
#   Section '.ignored' is unknown. Section ignored.
### mwldeppc.exe Linker Warning:
#   Section '.ignored' is unknown. Section ignored.
### mwldeppc.exe Linker Warning:
#   Section '.ignored' is unknown. Section ignored.
### mwldeppc.exe Linker Warning:
#   Section '.ignored' is unknown. Section ignored.
### mwldeppc.exe Linker Warning:
#   Section '.ignored' is unknown. Section ignored.
### mwldeppc.exe Linker Warning:
#   Section '.ignored' is unknown. Section ignored.
### mwldeppc.exe Linker Warning:
#   Section '.ignored' is unknown. Section ignored.
### mwldeppc.exe Linker Warning:
#   Section '.ignored' is unknown. Section ignored.
### mwldeppc.exe Linker Warning:
#   Section '.ignored' is unknown. Section ignored.
### mwldeppc.exe Linker Warning:
#   Section '.ignored' is unknown. Section ignored.
### mwldeppc.exe Linker Warning:
#   Section '.ignored' is unknown. Section ignored.
### mwldeppc.exe Linker Warning:
#   Section '.ignored' is unknown. Section ignored.
### mwldeppc.exe Linker Warning:
#   Section '.ignored' is unknown. Section ignored.
### mwldeppc.exe Linker Warning:
#   Section '.ignored' is unknown. Section ignored.
### mwldeppc.exe Linker Warning:
#   Section '.ignored' is unknown. Section ignored.
### mwldeppc.exe Linker Warning:
#   Section '.ignored' is unknown. Section ignored.
### mwldeppc.exe Linker Warning:
#   Section '.ignored' is unknown. Section ignored.
### mwldeppc.exe Linker Warning:
#   Section '.ignored' is unknown. Section ignored.
### mwldeppc.exe Linker Warning:
#   Section '.ignored' is unknown. Section ignored.
### mwldeppc.exe Linker Warning:
#   Section '.ignored' is unknown. Section ignored.
### mwldeppc.exe Linker Warning:
#   Section '.ignored' is unknown. Section ignored.
### mwldeppc.exe Linker Warning:
#   Section '.ignored' is unknown. Section ignored.
### mwldeppc.exe Linker Warning:
#   Section '.ignored' is unknown. Section ignored.
### mwldeppc.exe Linker Warning:
#   Section '.ignored' is unknown. Section ignored.
### mwldeppc.exe Linker Warning:
#   Section '.ignored' is unknown. Section ignored.
### mwldeppc.exe Linker Warning:
#   Section '.ignored' is unknown. Section ignored.
### mwldeppc.exe Linker Warning:
#   Section '.ignored' is unknown. Section ignored.
### mwldeppc.exe Linker Warning:
#   Section '.ignored' is unknown. Section ignored.
### mwldeppc.exe Linker Warning:
#   Section '.ignored' is unknown. Section ignored.
### mwldeppc.exe Linker Warning:
#   Section '.ignored' is unknown. Section ignored.
### mwldeppc.exe Linker Warning:
#   Section '.ignored' is unknown. Section ignored.
### mwldeppc.exe Linker Warning:
#   Section '.ignored' is unknown. Section ignored.
### mwldeppc.exe Linker Warning:
#   Section '.ignored' is unknown. Section ignored.
### mwldeppc.exe Linker Warning:
#   Section '.ignored' is unknown. Section ignored.
### mwldeppc.exe Linker Warning:
#   Section '.ignored' is unknown. Section ignored.
### mwldeppc.exe Linker Warning:
#   Section '.ignored' is unknown. Section ignored.
### mwldeppc.exe Linker Warning:
#   Section '.ignored' is unknown. Section ignored.
### mwldeppc.exe Linker Warning:
#   Section '.ignored' is unknown. Section ignored.
### mwldeppc.exe Linker Warning:
#   Section '.ignored' is unknown. Section ignored.
### mwldeppc.exe Linker Warning:
#   Section '.ignored' is unknown. Section ignored.
### mwldeppc.exe Linker Warning:
#   Section '.ignored' is unknown. Section ignored.
### mwldeppc.exe Linker Warning:
#   Section '.ignored' is unknown. Section ignored.
### mwldeppc.exe Linker Warning:
#   Section '.ignored' is unknown. Section ignored.
### mwldeppc.exe Linker Warning:
#   Section '.ignored' is unknown. Section ignored.
### mwldeppc.exe Linker Warning:
#   Section '.ignored' is unknown. Section ignored.
### mwldeppc.exe Linker Warning:
#   Section '.ignored' is unknown. Section ignored.
### mwldeppc.exe Linker Warning:
#   Section '.ignored' is unknown. Section ignored.
### mwldeppc.exe Linker Warning:
#   Section '.ignored' is unknown. Section ignored.
### mwldeppc.exe Linker Warning:
#   Section '.ignored' is unknown. Section ignored.
### mwldeppc.exe Linker Warning:
#   Section '.ignored' is unknown. Section ignored.
### mwldeppc.exe Linker Warning:
#   Section '.ignored' is unknown. Section ignored.
### mwldeppc.exe Linker Warning:
#   Section '.ignored' is unknown. Section ignored.
### mwldeppc.exe Linker Warning:
#   Section '.ignored' is unknown. Section ignored.
### mwldeppc.exe Linker Warning:
#   Section '.ignored' is unknown. Section ignored.
### mwldeppc.exe Linker Warning:
#   Section '.ignored' is unknown. Section ignored.
### mwldeppc.exe Linker Warning:
#   Section '.ignored' is unknown. Section ignored.
### mwldeppc.exe Linker Warning:
#   Section '.ignored' is unknown. Section ignored.
### mwldeppc.exe Linker Warning:
#   Section '.ignored' is unknown. Section ignored.
### mwldeppc.exe Linker Warning:
#   Section '.ignored' is unknown. Section ignored.
### mwldeppc.exe Linker Warning:
#   Section '.ignored' is unknown. Section ignored.
### mwldeppc.exe Linker Warning:
#   Section '.ignored' is unknown. Section ignored.
### mwldeppc.exe Linker Warning:
#   Section '.ignored' is unknown. Section ignored.
### mwldeppc.exe Linker Warning:
#   Section '.ignored' is unknown. Section ignored.
### mwldeppc.exe Linker Warning:
#   Section '.ignored' is unknown. Section ignored.
### mwldeppc.exe Linker Warning:
#   Section '.ignored' is unknown. Section ignored.
### mwldeppc.exe Linker Warning:
#   Section '.ignored' is unknown. Section ignored.
### mwldeppc.exe Linker Warning:
#   Section '.ignored' is unknown. Section ignored.
### mwldeppc.exe Linker Warning:
#   Section '.ignored' is unknown. Section ignored.
### mwldeppc.exe Linker Warning:
#   Section '.ignored' is unknown. Section ignored.
### mwldeppc.exe Linker Warning:
#   Section '.ignored' is unknown. Section ignored.
### mwldeppc.exe Linker Warning:
#   Section '.ignored' is unknown. Section ignored.
### mwldeppc.exe Linker Warning:
#   Section '.ignored' is unknown. Section ignored.
### mwldeppc.exe Linker Warning:
#   Section '.ignored' is unknown. Section ignored.
### mwldeppc.exe Linker Warning:
#   Section '.ignored' is unknown. Section ignored.
### mwldeppc.exe Linker Warning:
#   Section '.ignored' is unknown. Section ignored.
### mwldeppc.exe Linker Warning:
#   Section '.ignored' is unknown. Section ignored.
### mwldeppc.exe Linker Warning:
#   Section '.ignored' is unknown. Section ignored.
### mwldeppc.exe Linker Warning:
#   Section '.ignored' is unknown. Section ignored.
### mwldeppc.exe Linker Warning:
#   Section '.ignored' is unknown. Section ignored.
### mwldeppc.exe Linker Warning:
#   Section '.ignored' is unknown. Section ignored.
### mwldeppc.exe Linker Warning:
#   Section '.ignored' is unknown. Section ignored.
### mwldeppc.exe Linker Warning:
#   Section '.ignored' is unknown. Section ignored.
### mwldeppc.exe Linker Warning:
#   Section '.ignored' is unknown. Section ignored.
### mwldeppc.exe Linker Warning:
#   Section '.ignored' is unknown. Section ignored.
### mwldeppc.exe Linker Warning:
#   Section '.ignored' is unknown. Section ignored.
### mwldeppc.exe Linker Warning:
#   Section '.ignored' is unknown. Section ignored.
### mwldeppc.exe Linker Warning:
#   Section '.ignored' is unknown. Section ignored.
### mwldeppc.exe Linker Warning:
#   Section '.ignored' is unknown. Section ignored.
### mwldeppc.exe Linker Warning:
#   Section '.ignored' is unknown. Section ignored.
### mwldeppc.exe Linker Warning:
#   Section '.ignored' is unknown. Section ignored.
### mwldeppc.exe Linker Warning:
#   Section '.ignored' is unknown. Section ignored.
### mwldeppc.exe Linker Warning:
#   Section '.ignored' is unknown. Section ignored.
### mwldeppc.exe Linker Warning:
#   Section '.ignored' is unknown. Section ignored.
### mwldeppc.exe Linker Warning:
#   Section '.ignored' is unknown. Section ignored.
### mwldeppc.exe Linker Warning:
#   Section '.ignored' is unknown. Section ignored.
### mwldeppc.exe Linker Warning:
#   Section '.ignored' is unknown. Section ignored.
### mwldeppc.exe Linker Warning:
#   Section '.ignored' is unknown. Section ignored.
### mwldeppc.exe Linker Warning:
#   Section '.ignored' is unknown. Section ignored.
### mwldeppc.exe Linker Warning:
#   Section '.ignored' is unknown. Section ignored.
### mwldeppc.exe Linker Warning:
#   Section '.ignored' is unknown. Section ignored.
### mwldeppc.exe Linker Warning:
#   Section '.ignored' is unknown. Section ignored.
### mwldeppc.exe Linker Warning:
#   Section '.ignored' is unknown. Section ignored.
### mwldeppc.exe Linker Warning:
#   Section '.ignored' is unknown. Section ignored.
### mwldeppc.exe Linker Warning:
#   Section '.ignored' is unknown. Section ignored.
### mwldeppc.exe Linker Warning:
#   Section '.ignored' is unknown. Section ignored.
### mwldeppc.exe Linker Warning:
#   Section '.ignored' is unknown. Section ignored.
### mwldeppc.exe Linker Warning:
#   Section '.ignored' is unknown. Section ignored.
### mwldeppc.exe Linker Warning:
#   Section '.ignored' is unknown. Section ignored.
### mwldeppc.exe Linker Warning:
#   Section '.ignored' is unknown. Section ignored.
### mwldeppc.exe Linker Warning:
#   Section '.ignored' is unknown. Section ignored.
### mwldeppc.exe Linker Warning:
#   Section '.ignored' is unknown. Section ignored.
### mwldeppc.exe Linker Warning:
#   Section '.ignored' is unknown. Section ignored.
### mwldeppc.exe Linker Warning:
#   Section '.ignored' is unknown. Section ignored.
### mwldeppc.exe Linker Warning:
#   Section '.ignored' is unknown. Section ignored.
### mwldeppc.exe Linker Warning:
#   Section '.ignored' is unknown. Section ignored.
### mwldeppc.exe Linker Warning:
#   Section '.ignored' is unknown. Section ignored.
### mwldeppc.exe Linker Warning:
#   Section '.ignored' is unknown. Section ignored.
### mwldeppc.exe Linker Warning:
#   Section '.ignored' is unknown. Section ignored.
### mwldeppc.exe Linker Warning:
#   Section '.ignored' is unknown. Section ignored.
### mwldeppc.exe Linker Warning:
#   Section '.ignored' is unknown. Section ignored.
### mwldeppc.exe Linker Warning:
#   Section '.ignored' is unknown. Section ignored.
### mwldeppc.exe Linker Warning:
#   Section '.ignored' is unknown. Section ignored.
### mwldeppc.exe Linker Warning:
#   Section '.ignored' is unknown. Section ignored.
### mwldeppc.exe Linker Warning:
#   Section '.ignored' is unknown. Section ignored.
### mwldeppc.exe Linker Warning:
#   Section '.ignored' is unknown. Section ignored.
### mwldeppc.exe Linker Warning:
#   Section '.ignored' is unknown. Section ignored.
### mwldeppc.exe Linker Warning:
#   Section '.ignored' is unknown. Section ignored.
### mwldeppc.exe Linker Warning:
#   Section '.ignored' is unknown. Section ignored.
### mwldeppc.exe Linker Warning:
#   Section '.ignored' is unknown. Section ignored.
### mwldeppc.exe Linker Warning:
#   Section '.ignored' is unknown. Section ignored.
### mwldeppc.exe Linker Warning:
#   Section '.ignored' is unknown. Section ignored.
### mwldeppc.exe Linker Warning:
#   Section '.ignored' is unknown. Section ignored.
### mwldeppc.exe Linker Warning:
#   Section '.ignored' is unknown. Section ignored.
### mwldeppc.exe Linker Warning:
#   Section '.ignored' is unknown. Section ignored.
### mwldeppc.exe Linker Warning:
#   Section '.ignored' is unknown. Section ignored.
### mwldeppc.exe Linker Warning:
#   Section '.ignored' is unknown. Section ignored.
### mwldeppc.exe Linker Warning:
#   Section '.ignored' is unknown. Section ignored.
### mwldeppc.exe Linker Warning:
#   Section '.ignored' is unknown. Section ignored.
### mwldeppc.exe Linker Warning:
#   Section '.ignored' is unknown. Section ignored.
### mwldeppc.exe Linker Warning:
#   Section '.ignored' is unknown. Section ignored.
### mwldeppc.exe Linker Warning:
#   Section '.ignored' is unknown. Section ignored.
### mwldeppc.exe Linker Warning:
#   Section '.ignored' is unknown. Section ignored.
### mwldeppc.exe Linker Warning:
#   Section '.ignored' is unknown. Section ignored.
### mwldeppc.exe Linker Warning:
#   Section '.ignored' is unknown. Section ignored.
### mwldeppc.exe Linker Warning:
#   Section '.ignored' is unknown. Section ignored.
### mwldeppc.exe Linker Warning:
#   Section '.ignored' is unknown. Section ignored.
### mwldeppc.exe Linker Warning:
#   Section '.ignored' is unknown. Section ignored.
### mwldeppc.exe Linker Warning:
#   Section '.ignored' is unknown. Section ignored.
### mwldeppc.exe Linker Warning:
#   Section '.ignored' is unknown. Section ignored.
### mwldeppc.exe Linker Warning:
#   Section '.ignored' is unknown. Section ignored.
### mwldeppc.exe Linker Warning:
#   Section '.ignored' is unknown. Section ignored.
### mwldeppc.exe Linker Warning:
#   Section '.ignored' is unknown. Section ignored.
### mwldeppc.exe Linker Warning:
#   Section '.ignored' is unknown. Section ignored.
### mwldeppc.exe Linker Warning:
#   Section '.ignored' is unknown. Section ignored.
### mwldeppc.exe Linker Warning:
#   Section '.ignored' is unknown. Section ignored.
### mwldeppc.exe Linker Warning:
#   Section '.ignored' is unknown. Section ignored.
### mwldeppc.exe Linker Warning:
#   Section '.ignored' is unknown. Section ignored.
### mwldeppc.exe Linker Warning:
#   Section '.ignored' is unknown. Section ignored.
### mwldeppc.exe Linker Warning:
#   Section '.ignored' is unknown. Section ignored.
### mwldeppc.exe Linker Warning:
#   Section '.ignored' is unknown. Section ignored.
### mwldeppc.exe Linker Warning:
#   Section '.ignored' is unknown. Section ignored.
### mwldeppc.exe Linker Warning:
#   Section '.ignored' is unknown. Section ignored.
### mwldeppc.exe Linker Warning:
#   Section '.ignored' is unknown. Section ignored.
[953/955] DOL build/GEDE01/main.dol
[954/955] CHECK config/GEDE01/build.sha1
build/GEDE01/main.dol: OK
[955/955] PROGRESS
Progress:
  All: 60.75% fuzzy, 51.27% matched, 51.14% linked (6358 / 7069 files)
    Code: 1179560 / 2300692 bytes (6126 / 8214 functions)
    Data: 39866 / 4305642 bytes (0.93%)
  Game Code: 97.86% fuzzy, 82.56% matched, 82.35% linked (6340 / 6633 files)
    Code: 1176532 / 1425104 bytes (6064 / 6354 functions)
    Data: 39642 / 40522 bytes (97.83%)
  SDK/Runtime: 100.00% fuzzy, 100.00% matched, 100.00% linked (18 / 18 files)
    Code: 3028 / 3028 bytes (62 / 62 functions)
    Data: 224 / 224 bytes (100.00%)
