[1/965] MWCC build/GEDE01/src/game/game_fn_80008014.o
[2/965] MWCC build/GEDE01/src/game/game_fn_800094C0.o
[3/965] MWCC build/GEDE01/src/game/game_fn_800098C0.o
[4/965] MWCC build/GEDE01/src/game/game_fn_800096E0.o
[5/965] MWCC build/GEDE01/src/game/game_fn_800099D8.o
[6/965] MWCC build/GEDE01/src/game/game_fn_80009AB4.o
[7/965] MWCC build/GEDE01/src/game/game_fn_8000AC88.o
[8/965] MWCC build/GEDE01/src/game/game_fn_8000A26C.o
[9/965] MWCC build/GEDE01/src/game/game_fn_8000AEB4.o
[10/965] MWCC build/GEDE01/src/game/game_fn_8000AFB4.o
[11/965] MWCC build/GEDE01/src/game/game_fn_8000B1B8.o
[12/965] MWCC build/GEDE01/src/game/game_fn_8000B36C.o
[13/965] MWCC build/GEDE01/src/game/game_fn_8000B630.o
[14/965] MWCC build/GEDE01/src/game/game_fn_8000B7FC.o
[15/965] MWCC build/GEDE01/src/game/game_fn_8000B900.o
[16/965] MWCC build/GEDE01/src/game/game_fn_8000BA0C.o
[17/965] MWCC build/GEDE01/src/game/game_fn_8000BAA0.o
[18/965] MWCC build/GEDE01/src/game/game_fn_8000BC40.o
[19/965] MWCC build/GEDE01/src/game/game_fn_8000C06C.o
[20/965] MWCC build/GEDE01/src/game/game_fn_8000C17C.o
[21/965] MWCC build/GEDE01/src/game/game_fn_8000C400.o
[22/965] MWCC build/GEDE01/src/game/game_fn_8000C848.o
[23/965] MWCC build/GEDE01/src/game/game_fn_8000C91C.o
[24/965] MWCC build/GEDE01/src/game/game_fn_8000D0BC.o
[25/965] MWCC build/GEDE01/src/game/game_fn_8000D3D4.o
[26/965] MWCC build/GEDE01/src/game/game_fn_8000D590.o
[27/965] MWCC build/GEDE01/src/game/game_fn_8000D8A4.o
[28/965] MWCC build/GEDE01/src/game/game_fn_8000DA50.o
[29/965] MWCC build/GEDE01/src/game/game_fn_8000DAF4.o
[30/965] MWCC build/GEDE01/src/game/game_fn_8000E054.o
[31/965] MWCC build/GEDE01/src/game/game_fn_8000E0AC.o
[32/965] MWCC build/GEDE01/src/game/game_fn_8000E138.o
[33/965] MWCC build/GEDE01/src/game/game_fn_8000E1C4.o
[34/965] MWCC build/GEDE01/src/game/game_fn_8000E96C.o
[35/965] MWCC build/GEDE01/src/game/game_fn_8000EB14.o
[36/965] MWCC build/GEDE01/src/game/game_fn_8000EBD4.o
[37/965] MWCC build/GEDE01/src/game/game_fn_8000ED44.o
[38/965] MWCC build/GEDE01/src/game/game_fn_8000EFC4.o
[39/965] MWCC build/GEDE01/src/game/game_fn_8000F4B0.o
[40/965] MWCC build/GEDE01/src/game/game_fn_8000F774.o
[41/965] MWCC build/GEDE01/src/game/game_fn_8000FDE8.o
[42/965] MWCC build/GEDE01/src/game/game_fn_8000FFD8.o
[43/965] MWCC build/GEDE01/src/game/game_fn_800119FC.o
[44/965] MWCC build/GEDE01/src/game/game_fn_80012DA8.o
[45/965] MWCC build/GEDE01/src/game/game_fn_80012F40.o
[46/965] MWCC build/GEDE01/src/game/game_fn_80012FD0.o
[47/965] MWCC build/GEDE01/src/game/game_fn_800131E8.o
[48/965] MWCC build/GEDE01/src/game/game_fn_80013340.o
[49/965] MWCC build/GEDE01/src/game/game_fn_80013870.o
[50/965] MWCC build/GEDE01/src/game/game_fn_80013CB0.o
[51/965] MWCC build/GEDE01/src/game/game_fn_80013D54.o
[52/965] MWCC build/GEDE01/src/game/game_fn_800142DC.o
[53/965] MWCC build/GEDE01/src/game/game_fn_800144CC.o
[54/965] MWCC build/GEDE01/src/game/game_fn_80014784.o
[55/965] MWCC build/GEDE01/src/game/game_fn_800149D4.o
[56/965] MWCC build/GEDE01/src/game/game_fn_80015058.o
[57/965] MWCC build/GEDE01/src/game/game_fn_80015320.o
[58/965] MWCC build/GEDE01/src/game/game_fn_80015568.o
[59/965] MWCC build/GEDE01/src/game/game_fn_800156FC.o
[60/965] MWCC build/GEDE01/src/game/game_fn_80015BE0.o
[61/965] MWCC build/GEDE01/src/game/game_fn_80015D40.o
[62/965] MWCC build/GEDE01/src/game/game_fn_80015F04.o
[63/965] MWCC build/GEDE01/src/game/game_fn_80016128.o
[64/965] MWCC build/GEDE01/src/game/game_fn_80016270.o
[65/965] MWCC build/GEDE01/src/game/game_fn_80016904.o
[66/965] MWCC build/GEDE01/src/game/game_fn_80016B24.o
[67/965] MWCC build/GEDE01/src/game/game_fn_800171C0.o
[68/965] MWCC build/GEDE01/src/game/game_fn_800173CC.o
[69/965] MWCC build/GEDE01/src/game/game_fn_800176F0.o
[70/965] MWCC build/GEDE01/src/game/game_fn_80017910.o
[71/965] MWCC build/GEDE01/src/game/game_fn_800179AC.o
[72/965] MWCC build/GEDE01/src/game/game_fn_80017A3C.o
[73/965] MWCC build/GEDE01/src/game/game_fn_80017AE4.o
[74/965] MWCC build/GEDE01/src/game/game_fn_80017C3C.o
[75/965] MWCC build/GEDE01/src/game/game_fn_80017CC8.o
[76/965] MWCC build/GEDE01/src/game/game_fn_80017DB0.o
[77/965] MWCC build/GEDE01/src/game/game_fn_80018EF4.o
[78/965] MWCC build/GEDE01/src/game/game_fn_80019054.o
[79/965] MWCC build/GEDE01/src/game/game_fn_80019244.o
[80/965] MWCC build/GEDE01/src/game/game_fn_800194D0.o
[81/965] MWCC build/GEDE01/src/game/game_fn_80019940.o
[82/965] MWCC build/GEDE01/src/game/game_fn_80019C10.o
[83/965] MWCC build/GEDE01/src/game/game_fn_80019D2C.o
[84/965] MWCC build/GEDE01/src/game/game_fn_80019F98.o
[85/965] MWCC build/GEDE01/src/game/game_fn_8001A6C4.o
[86/965] MWCC build/GEDE01/src/game/game_fn_8001AAB8.o
[87/965] MWCC build/GEDE01/src/game/game_fn_8001ADF8.o
[88/965] MWCC build/GEDE01/src/game/game_fn_8001AF68.o
[89/965] MWCC build/GEDE01/src/game/game_fn_8001B124.o
[90/965] MWCC build/GEDE01/src/game/game_fn_8001B294.o
[91/965] MWCC build/GEDE01/src/game/game_fn_8001B808.o
[92/965] MWCC build/GEDE01/src/game/game_fn_8001B874.o
[93/965] MWCC build/GEDE01/src/game/game_fn_8001C078.o
[94/965] MWCC build/GEDE01/src/game/game_fn_8001CA04.o
[95/965] MWCC build/GEDE01/src/game/game_fn_8001CD58.o
[96/965] MWCC build/GEDE01/src/game/game_fn_8001CE94.o
[97/965] MWCC build/GEDE01/src/game/game_fn_8001E644.o
[98/965] MWCC build/GEDE01/src/game/game_fn_8001FE1C.o
[99/965] MWCC build/GEDE01/src/game/game_fn_80020E94.o
[100/965] MWCC build/GEDE01/src/game/game_fn_80024F28.o
[101/965] MWCC build/GEDE01/src/game/game_fn_800272B4.o
[102/965] MWCC build/GEDE01/src/game/game_fn_8002B748.o
[103/965] MWCC build/GEDE01/src/game/game_fn_8002DAE0.o
[104/965] MWCC build/GEDE01/src/game/game_fn_8002E3F0.o
[105/965] MWCC build/GEDE01/src/game/game_fn_8002EA68.o
[106/965] MWCC build/GEDE01/src/game/game_fn_8002F428.o
[107/965] MWCC build/GEDE01/src/game/game_fn_80031544.o
[108/965] MWCC build/GEDE01/src/game/game_fn_8003232C.o
[109/965] MWCC build/GEDE01/src/game/game_fn_80032B84.o
[110/965] MWCC build/GEDE01/src/game/game_fn_80033038.o
[111/965] MWCC build/GEDE01/src/game/game_fn_80033180.o
[112/965] MWCC build/GEDE01/src/game/game_fn_800359A0.o
[113/965] MWCC build/GEDE01/src/game/game_fn_800361F8.o
[114/965] MWCC build/GEDE01/src/game/game_fn_80036C40.o
[115/965] MWCC build/GEDE01/src/game/game_fn_80038878.o
[116/965] MWCC build/GEDE01/src/game/game_fn_80048ADC.o
[117/965] MWCC build/GEDE01/src/game/game_fn_80048B24.o
[118/965] MWCC build/GEDE01/src/game/game_fn_8004998C.o
[119/965] MWCC build/GEDE01/src/game/game_fn_80050B08.o
[120/965] MWCC build/GEDE01/src/game/game_fn_80052310.o
[121/965] MWCC build/GEDE01/src/game/game_fn_8005EC6C.o
[122/965] MWCC build/GEDE01/src/game/game_fn_800542D0.o
[123/965] MWCC build/GEDE01/src/game/game_fn_8005EE9C.o
[124/965] MWCC build/GEDE01/src/game/game_fn_8005EF94.o
[125/965] MWCC build/GEDE01/src/game/game_data_80239E10.o
[126/965] MWCC build/GEDE01/src/game/game_data_80239E18.o
[127/965] MWCC build/GEDE01/src/game/game_fn_8005FD84.o
[128/965] MWCC build/GEDE01/src/game/game_fn_80066888.o
[129/965] MWCC build/GEDE01/src/game/game_fn_80066E78.o
[130/965] MWCC build/GEDE01/src/game/game_fn_8006B0F0.o
[131/965] MWCC build/GEDE01/src/game/game_fn_8006B620.o
[132/965] MWCC build/GEDE01/src/game/game_fn_8006E53C.o
[133/965] MWCC build/GEDE01/src/game/game_fn_80071A58.o
[134/965] MWCC build/GEDE01/src/game/game_fn_80074310.o
[135/965] MWCC build/GEDE01/src/game/game_fn_80078500.o
[136/965] MWCC build/GEDE01/src/game/game_fn_80079908.o
[137/965] MWCC build/GEDE01/src/game/game_fn_80079AA4.o
[138/965] MWCC build/GEDE01/src/game/game_fn_8007B2F4.o
[139/965] MWCC build/GEDE01/src/game/game_fn_8007B540.o
[140/965] MWCC build/GEDE01/src/game/game_fn_8007B640.o
[141/965] MWCC build/GEDE01/src/game/game_fn_8007B828.o
[142/965] MWCC build/GEDE01/src/game/game_fn_8007BA3C.o
[143/965] MWCC build/GEDE01/src/game/game_fn_8007D4D8.o
[144/965] MWCC build/GEDE01/src/game/game_fn_8007F770.o
[145/965] MWCC build/GEDE01/src/game/game_fn_80088060.o
[146/965] MWCC build/GEDE01/src/game/game_fn_800886D8.o
[147/965] MWCC build/GEDE01/src/game/game_fn_80088F4C.o
[148/965] MWCC build/GEDE01/src/game/game_fn_80089A34.o
[149/965] MWCC build/GEDE01/src/game/game_fn_8008A2E0.o
[150/965] MWCC build/GEDE01/src/game/game_fn_8008F224.o
[151/965] MWCC build/GEDE01/src/game/game_fn_8008F890.o
[152/965] MWCC build/GEDE01/src/game/game_fn_80090004.o
[153/965] MWCC build/GEDE01/src/game/game_fn_800934A0.o
[154/965] MWCC build/GEDE01/src/game/game_fn_80095D10.o
[155/965] MWCC build/GEDE01/src/game/game_fn_80095E64.o
[156/965] MWCC build/GEDE01/src/game/game_fn_80095FDC.o
[157/965] MWCC build/GEDE01/src/game/game_fn_80096830.o
[158/965] MWCC build/GEDE01/src/game/game_fn_8009C424.o
[159/965] MWCC build/GEDE01/src/game/game_fn_8009E808.o
[160/965] MWCC build/GEDE01/src/game/game_fn_800A2130.o
[161/965] MWCC build/GEDE01/src/game/game_fn_800A2B8C.o
[162/965] MWCC build/GEDE01/src/game/game_fn_800A2FCC.o
[163/965] MWCC build/GEDE01/src/game/game_fn_800A3180.o
[164/965] MWCC build/GEDE01/src/game/game_fn_800A3894.o
[165/965] MWCC build/GEDE01/src/game/game_fn_800A4428.o
[166/965] MWCC build/GEDE01/src/game/game_fn_800A4798.o
[167/965] MWCC build/GEDE01/src/game/game_fn_800A7E88.o
[168/965] MWCC build/GEDE01/src/game/game_fn_800AF230.o
[169/965] MWCC build/GEDE01/src/game/game_fn_800B2EC0.o
[170/965] MWCC build/GEDE01/src/game/game_fn_800BB5C4.o
[171/965] MWCC build/GEDE01/src/game/game_fn_800BB7A8.o
[172/965] MWCC build/GEDE01/src/game/game_fn_800BB9A4.o
[173/965] MWCC build/GEDE01/src/game/game_fn_800BBAF0.o
[174/965] MWCC build/GEDE01/src/game/game_fn_800C030C.o
[175/965] MWCC build/GEDE01/src/game/game_fn_800C17EC.o
[176/965] MWCC build/GEDE01/src/game/game_fn_800C59F0.o
[177/965] MWCC build/GEDE01/src/game/game_fn_800C644C.o
[178/965] MWCC build/GEDE01/src/game/game_fn_800C65FC.o
[179/965] MWCC build/GEDE01/src/game/game_fn_800C9C60.o
[180/965] MWCC build/GEDE01/src/game/game_fn_800CB760.o
[181/965] MWCC build/GEDE01/src/game/game_fn_800CB8F4.o
[182/965] MWCC build/GEDE01/src/game/game_fn_800CF598.o
[183/965] MWCC build/GEDE01/src/game/game_fn_800D9064.o
[184/965] MWCC build/GEDE01/src/game/game_fn_800D9E10.o
[185/965] MWCC build/GEDE01/src/game/game_fn_800DC4D4.o
[186/965] MWCC build/GEDE01/src/game/game_fn_800E4980.o
[187/965] MWCC build/GEDE01/src/game/game_TRKNubWelcome.o
[188/965] MWCC build/GEDE01/src/game/game_TRK_main.o
[189/965] MWCC build/GEDE01/src/game/game_InitMetroTRKCommTable.o
[190/965] MWCC build/GEDE01/src/game/game_fn_800FD0C8.o
[191/965] MWCC build/GEDE01/src/game/game_fn_8010242C.o
[192/965] MWCC build/GEDE01/src/game/game_fn_801098C0.o
[193/965] MWCC build/GEDE01/src/game/game_fn_8010F184.o
[194/965] MWCC build/GEDE01/src/game/game_fn_801126E0.o
[195/965] MWCC build/GEDE01/src/game/game_fn_801128E4.o
[196/965] MWCC build/GEDE01/src/game/game_fn_801141B8.o
[197/965] MWCC build/GEDE01/src/game/game_fn_80119C70.o
[198/965] MWCC build/GEDE01/src/game/game_fn_8011F140.o
[199/965] MWCC build/GEDE01/src/game/game_fn_801247F8.o
[200/965] MWCC build/GEDE01/src/game/game_fn_80126A00.o
[201/965] MWCC build/GEDE01/src/game/game_fn_8012976C.o
[202/965] MWCC build/GEDE01/src/game/game_fn_8012DB28.o
[203/965] MWCC build/GEDE01/src/game/game_fn_8013CBE4.o
[204/965] MWCC build/GEDE01/src/game/game_fn_8013D6A4.o
[205/965] MWCC build/GEDE01/src/game/game_fn_8013DB8C.o
[206/965] MWCC build/GEDE01/src/game/game_fn_8014549C.o
[207/965] MWCC build/GEDE01/src/game/game_fn_8014AF38.o
[208/965] MWCC build/GEDE01/src/game/game_fn_8014B494.o
[209/965] MWCC build/GEDE01/src/game/game_fn_8014BA14.o
[210/965] MWCC build/GEDE01/src/game/game_fn_8014CA98.o
[211/965] MWCC build/GEDE01/src/game/game_fn_80150400.o
[212/965] MWCC build/GEDE01/src/game/game_fn_80150A24.o
[213/965] MWCC build/GEDE01/src/game/game_fn_80150F20.o
[214/965] MWCC build/GEDE01/src/game/game_fn_80151600.o
[215/965] MWCC build/GEDE01/src/game/game_fn_80151D00.o
[216/965] MWCC build/GEDE01/src/game/game_fn_801535D8.o
[217/965] MWCC build/GEDE01/src/game/game_fn_80153898.o
[218/965] MWCC build/GEDE01/src/game/game_fn_80153A24.o
[219/965] MWCC build/GEDE01/src/game/game_fn_80154F74.o
[220/965] MWCC build/GEDE01/src/game/game_fn_80155814.o
[221/965] MWCC build/GEDE01/src/game/game_fn_80157C0C.o
[222/965] MWCC build/GEDE01/src/game/game_fn_80158B20.o
[223/965] MWCC build/GEDE01/src/game/game_fn_80158D38.o
[224/965] MWCC build/GEDE01/src/game/game_fn_8015DC54.o
[225/965] MWCC build/GEDE01/src/game/game_fn_8015DB84.o
[226/965] MWCC build/GEDE01/src/game/game_fn_8015EDC0.o
[227/965] MWCC build/GEDE01/src/game/game_fn_80167454.o
[228/965] MWCC build/GEDE01/src/game/game_fn_80167B5C.o
[229/965] MWCC build/GEDE01/src/game/game_fn_80169650.o
[230/965] MWCC build/GEDE01/src/game/game_fn_8016BE1C.o
[231/965] MWCC build/GEDE01/src/game/game_fn_8016BD0C.o
[232/965] MWCC build/GEDE01/src/game/game_fn_8016C0BC.o
[233/965] MWCC build/GEDE01/src/game/game_fn_8016BF60.o
[234/965] MWCC build/GEDE01/src/game/game_fn_8016C238.o
[235/965] MWCC build/GEDE01/src/game/game_fn_8016C164.o
[236/965] MWCC build/GEDE01/src/game/game_fn_8016C4BC.o
[237/965] MWCC build/GEDE01/src/game/game_fn_8016C774.o
[238/965] MWCC build/GEDE01/src/game/game_fn_8016D040.o
[239/965] MWCC build/GEDE01/src/game/game_fn_8016D1F8.o
[240/965] MWCC build/GEDE01/src/game/game_fn_8016D2B8.o
[241/965] MWCC build/GEDE01/src/game/game_fn_8016D9C0.o
[242/965] MWCC build/GEDE01/src/game/game_fn_8016DF4C.o
[243/965] MWCC build/GEDE01/src/game/game_fn_8016E8F8.o
[244/965] MWCC build/GEDE01/src/game/game_fn_8016FEF8.o
[245/965] MWCC build/GEDE01/src/game/game_fn_8017038C.o
[246/965] MWCC build/GEDE01/src/game/game_fn_801704F8.o
[247/965] MWCC build/GEDE01/src/game/game_fn_801706DC.o
[248/965] MWCC build/GEDE01/src/game/game_fn_80170A40.o
[249/965] MWCC build/GEDE01/src/game/game_fn_80170DF4.o
[250/965] MWCC build/GEDE01/src/game/game_fn_80170E9C.o
[251/965] MWCC build/GEDE01/src/game/game_fn_8017138C.o
[252/965] MWCC build/GEDE01/src/game/game_fn_80171664.o
[253/965] MWCC build/GEDE01/src/game/game_fn_801718F4.o
[254/965] MWCC build/GEDE01/src/game/game_fn_801719B4.o
[255/965] MWCC build/GEDE01/src/game/game_fn_80171F30.o
[256/965] MWCC build/GEDE01/src/game/game_fn_8017250C.o
[257/965] MWCC build/GEDE01/src/game/game_fn_801726EC.o
[258/965] MWCC build/GEDE01/src/game/game_fn_80172BB0.o
[259/965] MWCC build/GEDE01/src/game/game_fn_80172C78.o
[260/965] MWCC build/GEDE01/src/game/game_fn_80172DB8.o
[261/965] MWCC build/GEDE01/src/game/game_fn_80173270.o
[262/965] MWCC build/GEDE01/src/game/game_fn_801734B4.o
[263/965] MWCC build/GEDE01/src/game/game_fn_80173770.o
[264/965] MWCC build/GEDE01/src/game/game_fn_80173BDC.o
[265/965] MWCC build/GEDE01/src/game/game_fn_80173D44.o
[266/965] MWCC build/GEDE01/src/game/game_fn_80173F04.o
[267/965] MWCC build/GEDE01/src/game/game_fn_80174184.o
[268/965] MWCC build/GEDE01/src/game/game_fn_80174358.o
[269/965] MWCC build/GEDE01/src/game/game_fn_80174F2C.o
[270/965] MWCC build/GEDE01/src/game/game_fn_801752B0.o
[271/965] MWCC build/GEDE01/src/game/game_fn_8017553C.o
[272/965] MWCC build/GEDE01/src/game/game_fn_80175A08.o
[273/965] MWCC build/GEDE01/src/game/game_fn_80175E64.o
[274/965] MWCC build/GEDE01/src/game/game_fn_80175F0C.o
[275/965] MWCC build/GEDE01/src/game/game_fn_80175FD4.o
[276/965] MWCC build/GEDE01/src/game/game_fn_80176098.o
[277/965] MWCC build/GEDE01/src/game/game_fn_80176160.o
[278/965] MWCC build/GEDE01/src/game/game_fn_80176220.o
[279/965] MWCC build/GEDE01/src/game/game_fn_801762E8.o
[280/965] MWCC build/GEDE01/src/game/game_fn_8017652C.o
[281/965] MWCC build/GEDE01/src/game/game_fn_80176DF4.o
[282/965] MWCC build/GEDE01/src/game/game_fn_80176FA0.o
[283/965] MWCC build/GEDE01/src/game/game_fn_8017718C.o
[284/965] MWCC build/GEDE01/src/game/game_fn_801770F8.o
[285/965] MWCC build/GEDE01/src/game/game_fn_80178F88.o
[286/965] MWCC build/GEDE01/src/game/game_fn_80177434.o
[287/965] MWCC build/GEDE01/src/game/game_fn_80179398.o
[288/965] MWCC build/GEDE01/src/game/game_fn_8017960C.o
[289/965] MWCC build/GEDE01/src/game/game_fn_8017974C.o
[290/965] MWCC build/GEDE01/src/game/game_fn_80179904.o
[291/965] MWCC build/GEDE01/src/game/game_fn_80179A18.o
[292/965] MWCC build/GEDE01/src/game/game_fn_80179A74.o
[293/965] MWCC build/GEDE01/src/game/game_fn_80179EB8.o
[294/965] MWCC build/GEDE01/src/game/game_fn_80179F20.o
[295/965] MWCC build/GEDE01/src/game/game_fn_8017A010.o
[296/965] MWCC build/GEDE01/src/game/game_fn_8017A12C.o
[297/965] MWCC build/GEDE01/src/game/game_fn_8017A1C0.o
[298/965] MWCC build/GEDE01/src/game/game_fn_8017A9B8.o
[299/965] MWCC build/GEDE01/src/game/game_fn_8017AC20.o
[300/965] MWCC build/GEDE01/src/game/game_fn_8017E850.o
[301/965] MWCC build/GEDE01/src/game/game_fn_8017E958.o
[302/965] MWCC build/GEDE01/src/game/game_fn_80180DDC.o
[303/965] MWCC build/GEDE01/src/game/game_fn_801810A0.o
[304/965] MWCC build/GEDE01/src/game/game_fn_801816D4.o
[305/965] MWCC build/GEDE01/src/game/game_fn_801857B4.o
[306/965] MWCC build/GEDE01/src/game/game_fn_801859FC.o
[307/965] MWCC build/GEDE01/src/game/game_fn_80185AE8.o
[308/965] MWCC build/GEDE01/src/game/game_fn_80185F10.o
[309/965] MWCC build/GEDE01/src/game/game_fn_801861C4.o
[310/965] MWCC build/GEDE01/src/game/game_fn_801865EC.o
[311/965] MWCC build/GEDE01/src/game/game_fn_8018680C.o
[312/965] MWCC build/GEDE01/src/game/game_fn_80186E10.o
[313/965] MWCC build/GEDE01/src/game/game_fn_80186F70.o
[314/965] MWCC build/GEDE01/src/game/game_fn_80187120.o
[315/965] MWCC build/GEDE01/src/game/game_fn_80187320.o
[316/965] MWCC build/GEDE01/src/game/game_fn_801875FC.o
[317/965] MWCC build/GEDE01/src/game/game_fn_801878E0.o
[318/965] MWCC build/GEDE01/src/game/game_fn_80187BB4.o
[319/965] MWCC build/GEDE01/src/game/game_fn_80187E40.o
[320/965] MWCC build/GEDE01/src/game/game_fn_80188A7C.o
[321/965] MWCC build/GEDE01/src/game/game_fn_80188B44.o
[322/965] MWCC build/GEDE01/src/game/game_fn_80188C1C.o
[323/965] MWCC build/GEDE01/src/game/game_fn_80188E28.o
[324/965] MWCC build/GEDE01/src/game/game_fn_80189028.o
[325/965] MWCC build/GEDE01/src/game/game_fn_801891D8.o
[326/965] MWCC build/GEDE01/src/game/game_fn_80189390.o
[327/965] MWCC build/GEDE01/src/game/game_fn_801895E8.o
[328/965] MWCC build/GEDE01/src/game/game_fn_801896A0.o
[329/965] MWCC build/GEDE01/src/game/game_fn_80189760.o
[330/965] MWCC build/GEDE01/src/game/game_fn_80189968.o
[331/965] MWCC build/GEDE01/src/game/game_fn_80189C14.o
[332/965] MWCC build/GEDE01/src/game/game_fn_8018C2D0.o
[333/965] MWCC build/GEDE01/src/game/game_fn_8018D1F0.o
[334/965] MWCC build/GEDE01/src/game/game_fn_8018D2E0.o
[335/965] MWCC build/GEDE01/src/game/game_fn_8018D400.o
[336/965] MWCC build/GEDE01/src/game/game_fn_8018D688.o
[337/965] MWCC build/GEDE01/src/game/game_fn_8018DC24.o
[338/965] MWCC build/GEDE01/src/game/game_fn_8018E0D8.o
[339/965] MWCC build/GEDE01/src/game/game_fn_8018F1D0.o
[340/965] MWCC build/GEDE01/src/game/game_fn_8018F81C.o
[341/965] MWCC build/GEDE01/src/game/game_fn_8018FEDC.o
[342/965] MWCC build/GEDE01/src/game/game_fn_8019120C.o
[343/965] MWCC build/GEDE01/src/game/game_fn_80191360.o
[344/965] MWCC build/GEDE01/src/game/game_fn_801916D0.o
[345/965] MWCC build/GEDE01/src/game/game_fn_8019197C.o
[346/965] MWCC build/GEDE01/src/game/game_fn_80191F58.o
[347/965] MWCC build/GEDE01/src/game/game_fn_801926EC.o
[348/965] MWCC build/GEDE01/src/game/game_fn_801929A4.o
[349/965] MWCC build/GEDE01/src/game/game_fn_80192F54.o
[350/965] MWCC build/GEDE01/src/game/game_fn_801931C4.o
[351/965] MWCC build/GEDE01/src/game/game_fn_80193E1C.o
[352/965] MWCC build/GEDE01/src/game/game_fn_80193F3C.o
[353/965] MWCC build/GEDE01/src/game/game_fn_80194F80.o
[354/965] MWCC build/GEDE01/src/game/game_fn_801952E8.o
[355/965] MWCC build/GEDE01/src/game/game_fn_80197910.o
[356/965] MWCC build/GEDE01/src/game/game_fn_80198154.o
[357/965] MWCC build/GEDE01/src/game/game_fn_80198AAC.o
[358/965] MWCC build/GEDE01/src/game/game_fn_80198BF4.o
[359/965] MWCC build/GEDE01/src/game/game_fn_801991E0.o
[360/965] MWCC build/GEDE01/src/game/game_fn_8019B1BC.o
[361/965] MWCC build/GEDE01/src/game/game_fn_8019CC28.o
[362/965] MWCC build/GEDE01/src/game/game_fn_8019CFC4.o
[363/965] MWCC build/GEDE01/src/game/game_fn_8019E5E4.o
[364/965] MWCC build/GEDE01/src/game/game_fn_8019E8C8.o
[365/965] MWCC build/GEDE01/src/game/game_fn_801A1F18.o
[366/965] MWCC build/GEDE01/src/game/game_fn_801A1F8C.o
[367/965] MWCC build/GEDE01/src/game/game_fn_801A2A54.o
[368/965] MWCC build/GEDE01/src/game/game_fn_801A34BC.o
[369/965] MWCC build/GEDE01/src/game/game_fn_801A3A78.o
[370/965] MWCC build/GEDE01/src/game/game_fn_801A4430.o
[371/965] MWCC build/GEDE01/src/game/game_fn_801A4CE0.o
[372/965] MWCC build/GEDE01/src/game/game_fn_801A5FB0.o
[373/965] MWCC build/GEDE01/src/game/game_fn_801A6350.o
[374/965] MWCC build/GEDE01/src/game/game_fn_801A6410.o
[375/965] MWCC build/GEDE01/src/game/game_fn_801A657C.o
[376/965] MWCC build/GEDE01/src/game/game_fn_801A6ADC.o
[377/965] MWCC build/GEDE01/src/game/game_fn_801A6C58.o
[378/965] MWCC build/GEDE01/src/game/game_fn_801A6CB4.o
[379/965] MWCC build/GEDE01/src/game/game_fn_801A7E04.o
[380/965] MWCC build/GEDE01/src/game/game_fn_801A7EA8.o
[381/965] MWCC build/GEDE01/src/game/game_fn_801A93E8.o
[382/965] MWCC build/GEDE01/src/game/game_fn_801AB154.o
[383/965] MWCC build/GEDE01/src/game/game_fn_801ABD3C.o
[384/965] MWCC build/GEDE01/src/game/game_fn_801AC8AC.o
[385/965] MWCC build/GEDE01/src/game/game_fn_801ACFE8.o
[386/965] MWCC build/GEDE01/src/game/game_fn_801AD08C.o
[387/965] MWCC build/GEDE01/src/game/game_fn_801AFA74.o
[388/965] MWCC build/GEDE01/src/game/game_fn_801B02F0.o
[389/965] MWCC build/GEDE01/src/game/game_fn_801B1BA0.o
[390/965] MWCC build/GEDE01/src/game/game_fn_801B35BC.o
[391/965] MWCC build/GEDE01/src/game/game_fn_801B46C8.o
[392/965] MWCC build/GEDE01/src/game/game_fn_801B4FB4.o
[393/965] MWCC build/GEDE01/src/game/game_fn_801B5228.o
[394/965] MWCC build/GEDE01/src/game/game_fn_801B58F0.o
[395/965] MWCC build/GEDE01/src/game/game_fn_801B6F1C.o
[396/965] MWCC build/GEDE01/src/game/game_fn_801B86C0.o
[397/965] MWCC build/GEDE01/src/game/game_fn_801B941C.o
[398/965] MWCC build/GEDE01/src/game/game_fn_801B9E7C.o
[399/965] MWCC build/GEDE01/src/game/game_fn_801BA15C.o
[400/965] MWCC build/GEDE01/src/game/game_fn_801BA708.o
[401/965] MWCC build/GEDE01/src/game/game_fn_801BA94C.o
[402/965] MWCC build/GEDE01/src/game/game_fn_801BB1A0.o
[403/965] MWCC build/GEDE01/src/game/game_fn_801BC0D4.o
[404/965] MWCC build/GEDE01/src/game/game_fn_801BC240.o
[405/965] MWCC build/GEDE01/src/game/game_fn_801BC8F4.o
[406/965] MWCC build/GEDE01/src/game/game_fn_801BCC04.o
[407/965] MWCC build/GEDE01/src/game/game_fn_801BD990.o
[408/965] MWCC build/GEDE01/src/game/game_fn_801BDE7C.o
[409/965] MWCC build/GEDE01/src/game/game_fn_801BE0D4.o
[410/965] MWCC build/GEDE01/src/game/game_fn_801BEF40.o
[411/965] MWCC build/GEDE01/src/game/game_fn_801C1CB0.o
[412/965] MWCC build/GEDE01/src/game/game_fn_801C2980.o
[413/965] MWCC build/GEDE01/src/game/game_fn_801C29BC.o
[414/965] MWCC build/GEDE01/src/game/game_fn_801C2AAC.o
[415/965] MWCC build/GEDE01/src/game/game_fn_801C2D9C.o
[416/965] MWCC build/GEDE01/src/game/game_fn_801C8160.o
[417/965] MWCC build/GEDE01/src/game/game_fn_801C8224.o
[418/965] MWCC build/GEDE01/src/game/game_fn_801C4B5C.o
[419/965] MWCC build/GEDE01/src/game/game_fn_801C8600.o
[420/965] MWCC build/GEDE01/src/game/game_fn_801C87DC.o
[421/965] MWCC build/GEDE01/src/game/game_fn_801C8CC0.o
[422/965] MWCC build/GEDE01/src/game/game_fn_801C8F50.o
[423/965] MWCC build/GEDE01/src/game/game_fn_801C90A4.o
[424/965] MWCC build/GEDE01/src/game/game_fn_801C9510.o
[425/965] MWCC build/GEDE01/src/game/game_fn_801C970C.o
[426/965] MWCC build/GEDE01/src/game/game_fn_801C9A08.o
[427/965] MWCC build/GEDE01/src/game/game_fn_801C9B1C.o
[428/965] MWCC build/GEDE01/src/game/game_fn_801CB4F8.o
[429/965] MWCC build/GEDE01/src/game/game_fn_801CD228.o
[430/965] MWCC build/GEDE01/src/game/game_fn_801CE09C.o
[431/965] MWCC build/GEDE01/src/game/game_fn_801CE594.o
[432/965] MWCC build/GEDE01/src/game/game_fn_801D1B10.o
[433/965] MWCC build/GEDE01/src/game/game_fn_801D1F78.o
[434/965] MWCC build/GEDE01/src/game/game_fn_801D3988.o
[435/965] MWCC build/GEDE01/src/game/game_fn_801D73D0.o
[436/965] MWCC build/GEDE01/src/game/game_fn_801D76A8.o
[437/965] MWCC build/GEDE01/src/game/game_fn_801D7C24.o
[438/965] MWCC build/GEDE01/src/game/game_fn_801D8050.o
[439/965] MWCC build/GEDE01/src/game/game_fn_801D9FE4.o
[440/965] MWCC build/GEDE01/src/game/game_fn_801DDB84.o
[441/965] MWCC build/GEDE01/src/game/game_fn_801DE8B4.o
[442/965] MWCC build/GEDE01/src/game/game_fn_801E2A48.o
[443/965] MWCC build/GEDE01/src/game/game_fn_801E0088.o
[444/965] MWCC build/GEDE01/src/game/game_fn_801E41AC.o
[445/965] MWCC build/GEDE01/src/game/game_fn_801E504C.o
[446/965] MWCC build/GEDE01/src/game/game_fn_801E6814.o
[447/965] MWCC build/GEDE01/src/game/game_fn_801E7014.o
[448/965] MWCC build/GEDE01/src/game/game_fn_801EAA04.o
[449/965] MWCC build/GEDE01/src/game/game_fn_801E995C.o
[450/965] MWCC build/GEDE01/src/game/game_fn_801EB11C.o
[451/965] MWCC build/GEDE01/src/game/game_fn_801EB09C.o
[452/965] MWCC build/GEDE01/src/game/game_fn_801ECD74.o
[453/965] MWCC build/GEDE01/src/game/game_fn_801ECF50.o
[454/965] MWCC build/GEDE01/src/game/game_fn_801ED5F4.o
[455/965] MWCC build/GEDE01/src/game/game_fn_801EF580.o
[456/965] MWCC build/GEDE01/src/game/game_fn_801EF910.o
[457/965] MWCC build/GEDE01/src/game/game_fn_801F0CB0.o
[458/965] MWCC build/GEDE01/src/game/game_fn_801F10BC.o
[459/965] MWCC build/GEDE01/src/game/game_fn_801F1A38.o
[460/965] MWCC build/GEDE01/src/game/game_fn_801F35A8.o
[461/965] MWCC build/GEDE01/src/game/game_fn_801F55A0.o
[462/965] MWCC build/GEDE01/src/game/game_fn_801F69F0.o
[463/965] MWCC build/GEDE01/src/game/game_fn_801F6BD8.o
[464/965] MWCC build/GEDE01/src/game/game_fn_801F7510.o
[465/965] MWCC build/GEDE01/src/game/game_fn_801F76EC.o
[466/965] MWCC build/GEDE01/src/game/game_fn_801F8264.o
[467/965] MWCC build/GEDE01/src/game/game_fn_801F89B4.o
[468/965] MWCC build/GEDE01/src/game/game_fn_801F8FAC.o
[469/965] MWCC build/GEDE01/src/game/game_fn_801F9AF8.o
[470/965] MWCC build/GEDE01/src/game/game_fn_801F9CF4.o
[471/965] MWCC build/GEDE01/src/game/game_fn_801FA9C8.o
[472/965] MWCC build/GEDE01/src/game/game_fn_801FB6A4.o
[473/965] MWCC build/GEDE01/src/game/game_fn_801FC034.o
[474/965] MWCC build/GEDE01/src/game/game_fn_801FC204.o
[475/965] AS build/GEDE01/src/Runtime.PPCEABI.H/__save_fpr.o
[476/965] AS build/GEDE01/src/Runtime.PPCEABI.H/__restore_fpr.o
[477/965] AS build/GEDE01/src/Runtime.PPCEABI.H/__save_gpr.o
[478/965] AS build/GEDE01/src/Runtime.PPCEABI.H/__restore_gpr.o
[479/965] AS build/GEDE01/src/game/game_fn_801A4874.o
[480/965] AS build/GEDE01/src/game/game_fn_801EDA68.o
[481/965] AS build/GEDE01/src/game/game_fn_801FB698.o
[482/965] AS build/GEDE01/src/game/game_fn_801FB9C8.o
[483/965] MWCC build/GEDE01/src/game/game_fn_801FFE78.o
[484/965] AS build/GEDE01/src/dolphin/base/PPCArch.o
[485/965] EXTERNALIZE build/GEDE01/src/game/game_fn_800A2B8C.o
[486/965] EXTERNALIZE build/GEDE01/src/game/game_fn_801857B4.o
[487/965] EXTERNALIZE build/GEDE01/src/game/game_fn_800DC4D4.o
[488/965] EXTERNALIZE build/GEDE01/src/game/game_fn_80119C70.o
[489/965] EXTERNALIZE STATIC POOL build/GEDE01/src/game/game_fn_80088060.o
build/GEDE01/src/game/game_fn_80088060.o: lbl_8031D3B8 now undefined; section 3 emptied
[490/965] EXTERNALIZE build/GEDE01/src/game/game_fn_80175A08.o
[491/965] EXTERNALIZE build/GEDE01/src/game/game_fn_80066E78.o
[492/965] EXTERNALIZE build/GEDE01/src/game/game_fn_801247F8.o
[493/965] EXTERNALIZE build/GEDE01/src/game/game_fn_801EF910.o
[494/965] EXTERNALIZE build/GEDE01/src/game/game_fn_801ECF50.o
[495/965] EXTERNALIZE build/GEDE01/src/game/game_fn_801FC204.o
[496/965] EXTERNALIZE build/GEDE01/src/game/game_fn_801EB09C.o
[497/965] EXTERNALIZE JUMPTABLES build/GEDE01/src/game/game_fn_80050B08.o
[498/965] EXTERNALIZE build/GEDE01/src/game/game_fn_801EB11C.o
[499/965] EXTERNALIZE build/GEDE01/src/game/game_fn_801D9FE4.o
[500/965] EXTERNALIZE build/GEDE01/src/game/game_fn_801E41AC.o
[501/965] EXTERNALIZE build/GEDE01/src/game/game_fn_801D76A8.o
[502/965] EXTERNALIZE build/GEDE01/src/game/game_fn_801D73D0.o
[503/965] EXTERNALIZE build/GEDE01/src/game/game_fn_801D7C24.o
[504/965] EXTERNALIZE build/GEDE01/src/game/game_fn_801D8050.o
[505/965] EXTERNALIZE build/GEDE01/src/game/game_fn_8019B1BC.o
[506/965] EXTERNALIZE build/GEDE01/src/game/game_fn_80178F88.o
[507/965] EXTERNALIZE build/GEDE01/src/game/game_fn_801CD228.o
[508/965] EXTERNALIZE build/GEDE01/src/game/game_fn_801BA15C.o
[509/965] EXTERNALIZE build/GEDE01/src/game/game_fn_801C970C.o
[510/965] EXTERNALIZE build/GEDE01/src/game/game_fn_801C9510.o
[511/965] EXTERNALIZE build/GEDE01/src/game/game_fn_80126A00.o
[512/965] EXTERNALIZE build/GEDE01/src/game/game_fn_8013D6A4.o
[513/965] EXTERNALIZE build/GEDE01/src/game/game_fn_800C9C60.o
[514/965] EXTERNALIZE build/GEDE01/src/game/game_fn_801B5228.o
[515/965] EXTERNALIZE build/GEDE01/src/game/game_fn_801B4FB4.o
[516/965] EXTERNALIZE build/GEDE01/src/game/game_fn_801C87DC.o
[517/965] EXTERNALIZE build/GEDE01/src/game/game_fn_801C8CC0.o
[518/965] EXTERNALIZE build/GEDE01/src/game/game_fn_801B6F1C.o
[519/965] EXTERNALIZE build/GEDE01/src/game/game_fn_800FD0C8.o
[520/965] EXTERNALIZE build/GEDE01/src/game/game_fn_801BDE7C.o
[521/965] EXTERNALIZE build/GEDE01/src/game/game_fn_801BE0D4.o
[522/965] EXTERNALIZE STATIC POOL build/GEDE01/src/game/game_fn_801C9A08.o
build/GEDE01/src/game/game_fn_801C9A08.o: lbl_80629390 now undefined; section 3 emptied
[523/965] EXTERNALIZE STATIC POOL build/GEDE01/src/game/game_fn_801C9B1C.o
build/GEDE01/src/game/game_fn_801C9B1C.o: lbl_80629390 now undefined; section 3 emptied
[524/965] EXTERNALIZE build/GEDE01/src/game/game_fn_801B941C.o
[525/965] EXTERNALIZE STATIC POOL build/GEDE01/src/game/game_fn_801BD990.o
build/GEDE01/src/game/game_fn_801BD990.o: lbl_80626D80 now undefined; section 6 emptied
[526/965] EXTERNALIZE STATIC POOL build/GEDE01/src/game/game_fn_801B58F0.o
build/GEDE01/src/game/game_fn_801B58F0.o: lbl_8060C020 now undefined; section 3 emptied
[527/965] EXTERNALIZE STATIC POOL build/GEDE01/src/game/game_fn_801B9E7C.o
build/GEDE01/src/game/game_fn_801B9E7C.o: 0 relocation(s) moved from streamInfo to ...bss.0
build/GEDE01/src/game/game_fn_801B9E7C.o: lbl_8061AE48 now undefined; section 6 emptied
[528/965] EXTERNALIZE STATIC POOL build/GEDE01/src/game/game_fn_801BB1A0.o
build/GEDE01/src/game/game_fn_801BB1A0.o: 0 relocation(s) moved from streamInfo to ...bss.0
build/GEDE01/src/game/game_fn_801BB1A0.o: lbl_8061AE48 now undefined; section 6 emptied
[529/965] EXTERNALIZE STATIC POOL build/GEDE01/src/game/game_fn_801BA708.o
build/GEDE01/src/game/game_fn_801BA708.o: 0 relocation(s) moved from streamInfo to ...bss.0
build/GEDE01/src/game/game_fn_801BA708.o: lbl_8061AE48 now undefined; section 6 emptied
[530/965] EXTERNALIZE STATIC build/GEDE01/src/game/game_fn_801B35BC.o
build/GEDE01/src/game/game_fn_801B35BC.o: lbl_8060D420 now undefined; section 6 emptied
[531/965] EXTERNALIZE build/GEDE01/src/game/game_fn_801BA94C.o
build/GEDE01/src/game/game_fn_801BA94C.o: 0 relocation(s) moved from streamInfo to ...bss.0
build/GEDE01/src/game/game_fn_801BA94C.o: lbl_8061AE48 now undefined; section 6 emptied
[532/965] EXTERNALIZE STATIC POOL build/GEDE01/src/game/game_fn_801BC8F4.o
build/GEDE01/src/game/game_fn_801BC8F4.o: lbl_8061C748 now undefined; section 6 emptied
[533/965] EXTERNALIZE STATIC build/GEDE01/src/game/game_fn_801BC240.o
build/GEDE01/src/game/game_fn_801BC240.o: lbl_8061C748 now undefined; section 6 emptied
[534/965] EXTERNALIZE STATIC POOL build/GEDE01/src/game/game_fn_801BCC04.o
build/GEDE01/src/game/game_fn_801BCC04.o: lbl_8061C748 now undefined; section 6 emptied
[535/965] EXTERNALIZE STATIC POOL build/GEDE01/src/game/game_fn_801BC0D4.o
build/GEDE01/src/game/game_fn_801BC0D4.o: lbl_8061C748 now undefined; section 6 emptied
[536/965] EXTERNALIZE STATIC POOL build/GEDE01/src/game/game_fn_801C1CB0.o
build/GEDE01/src/game/game_fn_801C1CB0.o: lbl_80626DA0 now undefined; section 3 emptied
[537/965] RENAME build/GEDE01/src/game/game_InitMetroTRKCommTable.o
[538/965] EXTERNALIZE STATIC POOL build/GEDE01/src/game/game_fn_801CE09C.o
build/GEDE01/src/game/game_fn_801CE09C.o: lbl_80631340 now undefined; section 6 emptied
[539/965] RENAME RUNTIME INTRINSICS build/GEDE01/src/game/game_fn_801CB4F8.o
[540/965] EXTERNALIZE STATIC POOL build/GEDE01/src/game/game_fn_8010242C.o
build/GEDE01/src/game/game_fn_8010242C.o: lbl_8032CC08 now undefined; section 3 emptied
[541/965] EXTERNALIZE build/GEDE01/src/game/game_fn_801D3988.o
[542/965] EXTERNALIZE build/GEDE01/src/game/game_fn_801D1B10.o
[543/965] ALIGN DATA build/GEDE01/src/game/game_fn_8005EF94.o
[544/965] ALIGN DATA build/GEDE01/src/game/game_fn_801A6350.o
[545/965] ALIGN DATA build/GEDE01/src/game/game_fn_80008014.o
[546/965] EXTERNALIZE build/GEDE01/src/game/game_fn_801CE594.o
[547/965] EXTERNALIZE build/GEDE01/src/game/game_fn_8014549C.o
[548/965] EXTERNALIZE build/GEDE01/src/game/game_fn_801C8224.o
[549/965] EXTERNALIZE build/GEDE01/src/game/game_fn_801098C0.o
[550/965] EXTERNALIZE build/GEDE01/src/game/game_fn_8000FDE8.o
[551/965] EXTERNALIZE build/GEDE01/src/game/game_fn_80185F10.o
[552/965] EXTERNALIZE build/GEDE01/src/game/game_fn_801C29BC.o
[553/965] EXTERNALIZE build/GEDE01/src/game/game_fn_8007B828.o
[554/965] EXTERNALIZE build/GEDE01/src/game/game_fn_801C8F50.o
[555/965] EXTERNALIZE build/GEDE01/src/game/game_fn_801C8160.o
[556/965] EXTERNALIZE build/GEDE01/src/game/game_fn_801C90A4.o
[557/965] EXTERNALIZE build/GEDE01/src/game/game_fn_801C2AAC.o
[558/965] EXTERNALIZE build/GEDE01/src/game/game_fn_801C2D9C.o
[559/965] EXTERNALIZE build/GEDE01/src/game/game_fn_801C2980.o
[560/965] EXTERNALIZE build/GEDE01/src/game/game_fn_801B02F0.o
[561/965] EXTERNALIZE build/GEDE01/src/game/game_fn_801AFA74.o
[562/965] EXTERNALIZE build/GEDE01/src/game/game_fn_801AC8AC.o
[563/965] EXTERNALIZE build/GEDE01/src/game/game_fn_801ABD3C.o
[564/965] EXTERNALIZE build/GEDE01/src/game/game_fn_801816D4.o
[565/965] EXTERNALIZE build/GEDE01/src/game/game_fn_8011F140.o
[566/965] EXTERNALIZE build/GEDE01/src/game/game_fn_8004998C.o
[567/965] EXTERNALIZE build/GEDE01/src/game/game_fn_801AD08C.o
[568/965] EXTERNALIZE build/GEDE01/src/game/game_fn_80079AA4.o
[569/965] EXTERNALIZE build/GEDE01/src/game/game_fn_80158D38.o
[570/965] EXTERNALIZE build/GEDE01/src/game/game_fn_801A3A78.o
[571/965] EXTERNALIZE build/GEDE01/src/game/game_fn_8008F224.o
[572/965] EXTERNALIZE build/GEDE01/src/game/game_fn_80167454.o
[573/965] EXTERNALIZE build/GEDE01/src/game/game_fn_800AF230.o
[574/965] EXTERNALIZE build/GEDE01/src/game/game_fn_801A93E8.o
[575/965] EXTERNALIZE build/GEDE01/src/game/game_fn_801AB154.o
[576/965] EXTERNALIZE build/GEDE01/src/game/game_fn_801A7E04.o
[577/965] EXTERNALIZE build/GEDE01/src/game/game_fn_801A7EA8.o
[578/965] EXTERNALIZE build/GEDE01/src/game/game_fn_801A6CB4.o
[579/965] EXTERNALIZE build/GEDE01/src/game/game_fn_801A4CE0.o
[580/965] EXTERNALIZE build/GEDE01/src/game/game_fn_801A6C58.o
[581/965] NAME JUMPTABLE build/GEDE01/src/game/game_fn_801A6ADC.o
[582/965] EXTERNALIZE build/GEDE01/src/game/game_fn_801A6410.o
[583/965] EXTERNALIZE build/GEDE01/src/game/game_fn_801A5FB0.o
[584/965] EXTERNALIZE build/GEDE01/src/game/game_fn_801A1F18.o
[585/965] EXTERNALIZE build/GEDE01/src/game/game_fn_8019E8C8.o
[586/965] EXTERNALIZE build/GEDE01/src/game/game_fn_8019E5E4.o
[587/965] EXTERNALIZE build/GEDE01/src/game/game_fn_8019CFC4.o
[588/965] EXTERNALIZE build/GEDE01/src/game/game_fn_8019CC28.o
[589/965] EXTERNALIZE build/GEDE01/src/game/game_fn_801991E0.o
[590/965] EXTERNALIZE build/GEDE01/src/game/game_fn_80198BF4.o
[591/965] EXTERNALIZE build/GEDE01/src/game/game_fn_80198AAC.o
[592/965] EXTERNALIZE build/GEDE01/src/game/game_fn_80198154.o
[593/965] EXTERNALIZE build/GEDE01/src/game/game_fn_80194F80.o
[594/965] EXTERNALIZE build/GEDE01/src/game/game_fn_80197910.o
[595/965] EXTERNALIZE build/GEDE01/src/game/game_fn_80177434.o
repointed 2 relocations to lbl_80250588
[596/965] EXTERNALIZE build/GEDE01/src/game/game_fn_80193E1C.o
[597/965] EXTERNALIZE build/GEDE01/src/game/game_fn_801931C4.o
[598/965] EXTERNALIZE build/GEDE01/src/game/game_fn_80193F3C.o
[599/965] EXTERNALIZE build/GEDE01/src/game/game_fn_80192F54.o
[600/965] EXTERNALIZE build/GEDE01/src/game/game_fn_80191F58.o
[601/965] EXTERNALIZE build/GEDE01/src/game/game_fn_8019197C.o
[602/965] EXTERNALIZE build/GEDE01/src/game/game_fn_80191360.o
[603/965] GLOBALIZE build/GEDE01/src/game/game_fn_8018F1D0.o
[604/965] EXTERNALIZE build/GEDE01/src/game/game_fn_8018D688.o
[605/965] EXTERNALIZE build/GEDE01/src/game/game_fn_8018F81C.o
[606/965] EXTERNALIZE build/GEDE01/src/game/game_fn_8018D2E0.o
[607/965] EXTERNALIZE build/GEDE01/src/game/game_fn_80189968.o
[608/965] EXTERNALIZE build/GEDE01/src/game/game_fn_80189760.o
[609/965] EXTERNALIZE build/GEDE01/src/game/game_fn_8018D1F0.o
[610/965] EXTERNALIZE build/GEDE01/src/game/game_fn_801896A0.o
[611/965] EXTERNALIZE build/GEDE01/src/game/game_fn_801895E8.o
[612/965] EXTERNALIZE build/GEDE01/src/game/game_fn_801891D8.o
[613/965] EXTERNALIZE build/GEDE01/src/game/game_fn_80189390.o
[614/965] EXTERNALIZE build/GEDE01/src/game/game_fn_80188E28.o
[615/965] EXTERNALIZE build/GEDE01/src/game/game_fn_80189028.o
[616/965] EXTERNALIZE build/GEDE01/src/game/game_fn_80188B44.o
[617/965] EXTERNALIZE build/GEDE01/src/game/game_fn_80188C1C.o
[618/965] EXTERNALIZE build/GEDE01/src/game/game_fn_80188A7C.o
[619/965] EXTERNALIZE build/GEDE01/src/game/game_fn_801878E0.o
[620/965] EXTERNALIZE build/GEDE01/src/game/game_fn_80187120.o
[621/965] EXTERNALIZE build/GEDE01/src/game/game_fn_8018FEDC.o
[622/965] EXTERNALIZE build/GEDE01/src/game/game_fn_80186E10.o
[623/965] EXTERNALIZE build/GEDE01/src/game/game_fn_801865EC.o
[624/965] EXTERNALIZE build/GEDE01/src/game/game_fn_80185AE8.o
[625/965] EXTERNALIZE build/GEDE01/src/game/game_fn_801859FC.o
[626/965] EXTERNALIZE build/GEDE01/src/game/game_fn_80180DDC.o
[627/965] EXTERNALIZE build/GEDE01/src/game/game_fn_8017E958.o
[628/965] EXTERNALIZE build/GEDE01/src/game/game_fn_8017E850.o
[629/965] EXTERNALIZE build/GEDE01/src/game/game_fn_8017718C.o
[630/965] EXTERNALIZE build/GEDE01/src/game/game_fn_801770F8.o
[631/965] EXTERNALIZE build/GEDE01/src/game/game_fn_80176FA0.o
[632/965] EXTERNALIZE build/GEDE01/src/game/game_fn_80176DF4.o
[633/965] EXTERNALIZE build/GEDE01/src/game/game_fn_80174358.o
[634/965] EXTERNALIZE build/GEDE01/src/game/game_fn_80173F04.o
[635/965] EXTERNALIZE build/GEDE01/src/game/game_fn_80174184.o
[636/965] EXTERNALIZE build/GEDE01/src/game/game_fn_8017553C.o
[637/965] EXTERNALIZE build/GEDE01/src/game/game_fn_80173D44.o
[638/965] EXTERNALIZE build/GEDE01/src/game/game_fn_80173770.o
[639/965] EXTERNALIZE build/GEDE01/src/game/game_fn_801734B4.o
[640/965] EXTERNALIZE build/GEDE01/src/game/game_fn_80173270.o
[641/965] EXTERNALIZE build/GEDE01/src/game/game_fn_80172DB8.o
[642/965] EXTERNALIZE build/GEDE01/src/game/game_fn_80172C78.o
[643/965] EXTERNALIZE build/GEDE01/src/game/game_fn_80172BB0.o
[644/965] EXTERNALIZE build/GEDE01/src/game/game_fn_801726EC.o
[645/965] EXTERNALIZE build/GEDE01/src/game/game_fn_8017250C.o
[646/965] EXTERNALIZE build/GEDE01/src/game/game_fn_80171F30.o
[647/965] EXTERNALIZE build/GEDE01/src/game/game_fn_801719B4.o
[648/965] EXTERNALIZE build/GEDE01/src/game/game_fn_801718F4.o
[649/965] EXTERNALIZE build/GEDE01/src/game/game_fn_80171664.o
[650/965] EXTERNALIZE build/GEDE01/src/game/game_fn_8017138C.o
[651/965] EXTERNALIZE build/GEDE01/src/game/game_fn_80170A40.o
[652/965] NORMALIZE build/GEDE01/src/game/game_TRKNubWelcome.o
[653/965] NORMALIZE build/GEDE01/src/game/game_TRK_main.o
[654/965] NORMALIZE build/GEDE01/src/game/game_data_80239E10.o
[655/965] NORMALIZE build/GEDE01/src/game/game_data_80239E18.o
[656/965] EXTERNALIZE build/GEDE01/src/game/game_fn_801706DC.o
[657/965] EXTERNALIZE build/GEDE01/src/game/game_fn_8017652C.o
[658/965] EXTERNALIZE build/GEDE01/src/game/game_fn_80170E9C.o
[659/965] EXTERNALIZE build/GEDE01/src/game/game_fn_80175E64.o
[660/965] EXTERNALIZE build/GEDE01/src/game/game_fn_80175F0C.o
[661/965] EXTERNALIZE build/GEDE01/src/game/game_fn_80175FD4.o
[662/965] EXTERNALIZE build/GEDE01/src/game/game_fn_80176098.o
[663/965] EXTERNALIZE build/GEDE01/src/game/game_fn_80176160.o
[664/965] EXTERNALIZE build/GEDE01/src/game/game_fn_80176220.o
[665/965] EXTERNALIZE build/GEDE01/src/game/game_fn_801762E8.o
[666/965] EXTERNALIZE build/GEDE01/src/game/game_fn_80170DF4.o
[667/965] EXTERNALIZE build/GEDE01/src/game/game_fn_8016E8F8.o
[668/965] EXTERNALIZE build/GEDE01/src/game/game_fn_8016FEF8.o
[669/965] EXTERNALIZE build/GEDE01/src/game/game_fn_801704F8.o
[670/965] NORMALIZE build/GEDE01/src/game/game_fn_8016DF4C.o
[671/965] EXTERNALIZE build/GEDE01/src/game/game_fn_8016D2B8.o
[672/965] EXTERNALIZE build/GEDE01/src/game/game_fn_8016D040.o
[673/965] EXTERNALIZE build/GEDE01/src/game/game_fn_8016D1F8.o
[674/965] EXTERNALIZE build/GEDE01/src/game/game_fn_8016C774.o
[675/965] EXTERNALIZE build/GEDE01/src/game/game_fn_8016C238.o
[676/965] EXTERNALIZE build/GEDE01/src/game/game_fn_8016C4BC.o
[677/965] EXTERNALIZE build/GEDE01/src/game/game_fn_8016C164.o
[678/965] EXTERNALIZE build/GEDE01/src/game/game_fn_8016C0BC.o
[679/965] EXTERNALIZE build/GEDE01/src/game/game_fn_8017038C.o
[680/965] EXTERNALIZE build/GEDE01/src/game/game_fn_8016BE1C.o
[681/965] EXTERNALIZE build/GEDE01/src/game/game_fn_8016BF60.o
[682/965] EXTERNALIZE build/GEDE01/src/game/game_fn_8016BD0C.o
[683/965] EXTERNALIZE build/GEDE01/src/game/game_fn_80169650.o
[684/965] EXTERNALIZE build/GEDE01/src/game/game_fn_80167B5C.o
[685/965] EXTERNALIZE build/GEDE01/src/game/game_fn_8015EDC0.o
[686/965] EXTERNALIZE build/GEDE01/src/game/game_fn_8015DB84.o
[687/965] EXTERNALIZE build/GEDE01/src/game/game_fn_8015DC54.o
[688/965] EXTERNALIZE build/GEDE01/src/game/game_fn_80158B20.o
[689/965] EXTERNALIZE build/GEDE01/src/game/game_fn_80179398.o
[690/965] EXTERNALIZE build/GEDE01/src/game/game_fn_8017960C.o
[691/965] EXTERNALIZE build/GEDE01/src/game/game_fn_8017974C.o
[692/965] EXTERNALIZE build/GEDE01/src/game/game_fn_80179904.o
[693/965] EXTERNALIZE build/GEDE01/src/game/game_fn_80179A18.o
[694/965] EXTERNALIZE build/GEDE01/src/game/game_fn_8017A9B8.o
[695/965] EXTERNALIZE build/GEDE01/src/game/game_fn_80179A74.o
[696/965] EXTERNALIZE build/GEDE01/src/game/game_fn_80179EB8.o
[697/965] EXTERNALIZE build/GEDE01/src/game/game_fn_80179F20.o
[698/965] EXTERNALIZE build/GEDE01/src/game/game_fn_8017A010.o
[699/965] EXTERNALIZE build/GEDE01/src/game/game_fn_8017A12C.o
[700/965] EXTERNALIZE build/GEDE01/src/game/game_fn_80157C0C.o
[701/965] EXTERNALIZE build/GEDE01/src/game/game_fn_8017A1C0.o
[702/965] EXTERNALIZE build/GEDE01/src/game/game_fn_80155814.o
[703/965] EXTERNALIZE build/GEDE01/src/game/game_fn_8014B494.o
[704/965] EXTERNALIZE build/GEDE01/src/game/game_fn_80153898.o
[705/965] EXTERNALIZE build/GEDE01/src/game/game_fn_8012DB28.o
[706/965] EXTERNALIZE build/GEDE01/src/game/game_fn_8014AF38.o
[707/965] EXTERNALIZE build/GEDE01/src/game/game_fn_801141B8.o
[708/965] EXTERNALIZE build/GEDE01/src/game/game_fn_801128E4.o
[709/965] EXTERNALIZE build/GEDE01/src/game/game_fn_801126E0.o
[710/965] EXTERNALIZE build/GEDE01/src/game/game_fn_8010F184.o
[711/965] EXTERNALIZE build/GEDE01/src/game/game_fn_800C17EC.o
[712/965] EXTERNALIZE build/GEDE01/src/game/game_fn_800E4980.o
[713/965] EXTERNALIZE build/GEDE01/src/game/game_fn_800C59F0.o
[714/965] EXTERNALIZE build/GEDE01/src/game/game_fn_800C030C.o
[715/965] EXTERNALIZE build/GEDE01/src/game/game_fn_800C644C.o
[716/965] EXTERNALIZE build/GEDE01/src/game/game_fn_800C65FC.o
[717/965] EXTERNALIZE build/GEDE01/src/game/game_fn_800CB760.o
[718/965] EXTERNALIZE build/GEDE01/src/game/game_fn_800CB8F4.o
[719/965] EXTERNALIZE build/GEDE01/src/game/game_fn_80078500.o
[720/965] EXTERNALIZE build/GEDE01/src/game/game_fn_80079908.o
[721/965] EXTERNALIZE build/GEDE01/src/game/game_fn_8007B2F4.o
[722/965] EXTERNALIZE build/GEDE01/src/game/game_fn_8007B540.o
[723/965] EXTERNALIZE build/GEDE01/src/game/game_fn_8007B640.o
[724/965] EXTERNALIZE build/GEDE01/src/game/game_fn_800886D8.o
[725/965] EXTERNALIZE build/GEDE01/src/game/game_fn_8007BA3C.o
[726/965] EXTERNALIZE build/GEDE01/src/game/game_fn_800934A0.o
[727/965] EXTERNALIZE build/GEDE01/src/game/game_fn_800A7E88.o
[728/965] EXTERNALIZE build/GEDE01/src/game/game_fn_800A3894.o
[729/965] EXTERNALIZE build/GEDE01/src/game/game_fn_800A4798.o
[730/965] GLOBALIZE build/GEDE01/src/game/game_fn_800A2130.o
[731/965] EXTERNALIZE build/GEDE01/src/game/game_fn_800A2FCC.o
[732/965] EXTERNALIZE build/GEDE01/src/game/game_fn_8009C424.o
[733/965] EXTERNALIZE build/GEDE01/src/game/game_fn_80096830.o
[734/965] GLOBALIZE build/GEDE01/src/game/game_fn_8008F890.o
[735/965] EXTERNALIZE SWITCHES build/GEDE01/src/game/game_fn_80095FDC.o
[736/965] EXTERNALIZE build/GEDE01/src/game/game_fn_800A4428.o
[737/965] EXTERNALIZE build/GEDE01/src/game/game_fn_80074310.o
[738/965] GLOBALIZE build/GEDE01/src/game/game_fn_8005FD84.o
[739/965] EXTERNALIZE build/GEDE01/src/game/game_fn_80066888.o
[740/965] EXTERNALIZE build/GEDE01/src/game/game_fn_8005EC6C.o
[741/965] EXTERNALIZE build/GEDE01/src/game/game_fn_80048B24.o
[742/965] EXTERNALIZE build/GEDE01/src/game/game_fn_80052310.o
[743/965] NAME SWITCH build/GEDE01/src/game/game_fn_80020E94.o
[744/965] NAME SWITCH build/GEDE01/src/game/game_fn_8005EE9C.o
[745/965] NAME SWITCH build/GEDE01/src/game/game_fn_8016D9C0.o
[746/965] NAME SWITCH build/GEDE01/src/game/game_fn_80071A58.o
[747/965] EXTERNALIZE build/GEDE01/src/game/game_fn_80048ADC.o
[748/965] NAME SWITCH build/GEDE01/src/game/game_fn_8006B620.o
[749/965] NAME SWITCH build/GEDE01/src/game/game_fn_8001FE1C.o
[750/965] NAME SWITCH build/GEDE01/src/game/game_fn_8001E644.o
[751/965] EXTERNALIZE build/GEDE01/src/game/game_fn_80038878.o
[752/965] EXTERNALIZE build/GEDE01/src/game/game_fn_801B46C8.o
build/GEDE01/src/game/game_fn_801B46C8.o: lbl_8060C020 now undefined; section 6 emptied
[753/965] EXTERNALIZE build/GEDE01/src/game/game_fn_80036C40.o
[754/965] EXTERNALIZE build/GEDE01/src/game/game_fn_800359A0.o
[755/965] EXTERNALIZE build/GEDE01/src/game/game_fn_80033180.o
[756/965] EXTERNALIZE build/GEDE01/src/game/game_fn_80033038.o
[757/965] EXTERNALIZE build/GEDE01/src/game/game_fn_80032B84.o
[758/965] EXTERNALIZE build/GEDE01/src/game/game_fn_8003232C.o
[759/965] EXTERNALIZE build/GEDE01/src/game/game_fn_8002E3F0.o
[760/965] EXTERNALIZE build/GEDE01/src/game/game_fn_8002DAE0.o
[761/965] EXTERNALIZE build/GEDE01/src/game/game_fn_8002EA68.o
[762/965] GLOBALIZE build/GEDE01/src/game/game_fn_8002B748.o
[763/965] EXTERNALIZE build/GEDE01/src/game/game_fn_8002F428.o
[764/965] NAME SWITCHES build/GEDE01/src/game/game_fn_80024F28.o
[765/965] EXTERNALIZE build/GEDE01/src/game/game_fn_800272B4.o
[766/965] EXTERNALIZE build/GEDE01/src/game/game_fn_8001CE94.o
[767/965] EXTERNALIZE build/GEDE01/src/game/game_fn_8001CD58.o
[768/965] EXTERNALIZE build/GEDE01/src/game/game_fn_8001C078.o
[769/965] EXTERNALIZE build/GEDE01/src/game/game_fn_8001B874.o
[770/965] EXTERNALIZE build/GEDE01/src/game/game_fn_8001B808.o
[771/965] EXTERNALIZE build/GEDE01/src/game/game_fn_8001B294.o
[772/965] EXTERNALIZE build/GEDE01/src/game/game_fn_8001B124.o
[773/965] EXTERNALIZE build/GEDE01/src/game/game_fn_8001ADF8.o
[774/965] EXTERNALIZE build/GEDE01/src/game/game_fn_8001AF68.o
[775/965] EXTERNALIZE build/GEDE01/src/game/game_fn_8001AAB8.o
[776/965] EXTERNALIZE build/GEDE01/src/game/game_fn_8001A6C4.o
[777/965] EXTERNALIZE build/GEDE01/src/game/game_fn_80019F98.o
[778/965] EXTERNALIZE build/GEDE01/src/game/game_fn_80019D2C.o
[779/965] EXTERNALIZE build/GEDE01/src/game/game_fn_80019C10.o
[780/965] EXTERNALIZE build/GEDE01/src/game/game_fn_80019940.o
[781/965] EXTERNALIZE build/GEDE01/src/game/game_fn_800194D0.o
[782/965] EXTERNALIZE build/GEDE01/src/game/game_fn_80019244.o
[783/965] EXTERNALIZE build/GEDE01/src/game/game_fn_80019054.o
[784/965] EXTERNALIZE build/GEDE01/src/game/game_fn_80018EF4.o
[785/965] EXTERNALIZE build/GEDE01/src/game/game_fn_80017DB0.o
[786/965] EXTERNALIZE build/GEDE01/src/game/game_fn_80017CC8.o
[787/965] EXTERNALIZE build/GEDE01/src/game/game_fn_80017C3C.o
[788/965] EXTERNALIZE build/GEDE01/src/game/game_fn_80017AE4.o
[789/965] EXTERNALIZE build/GEDE01/src/game/game_fn_800179AC.o
[790/965] EXTERNALIZE build/GEDE01/src/game/game_fn_80017A3C.o
[791/965] EXTERNALIZE build/GEDE01/src/game/game_fn_80017910.o
[792/965] EXTERNALIZE FLAGS build/GEDE01/src/game/game_fn_800119FC.o
[793/965] EXTERNALIZE build/GEDE01/src/game/game_fn_8000FFD8.o
[794/965] EXTERNALIZE build/GEDE01/src/game/game_fn_8000F4B0.o
[795/965] GLOBALIZE build/GEDE01/src/game/game_fn_800094C0.o
[796/965] EXTERNALIZE build/GEDE01/src/game/game_fn_8000EFC4.o
[797/965] EXTERNALIZE build/GEDE01/src/game/game_fn_800096E0.o
[798/965] EXTERNALIZE build/GEDE01/src/game/game_fn_800098C0.o
[799/965] EXTERNALIZE build/GEDE01/src/game/game_fn_800099D8.o
[800/965] EXTERNALIZE build/GEDE01/src/game/game_fn_80009AB4.o
[801/965] EXTERNALIZE build/GEDE01/src/game/game_fn_8000A26C.o
[802/965] EXTERNALIZE build/GEDE01/src/game/game_fn_800171C0.o
[803/965] EXTERNALIZE build/GEDE01/src/game/game_fn_800176F0.o
[804/965] EXTERNALIZE build/GEDE01/src/game/game_fn_8000AC88.o
[805/965] EXTERNALIZE build/GEDE01/src/game/game_fn_8000AEB4.o
[806/965] EXTERNALIZE build/GEDE01/src/game/game_fn_8000AFB4.o
[807/965] EXTERNALIZE build/GEDE01/src/game/game_fn_8000B1B8.o
[808/965] EXTERNALIZE build/GEDE01/src/game/game_fn_8000B36C.o
[809/965] EXTERNALIZE build/GEDE01/src/game/game_fn_8000B630.o
[810/965] EXTERNALIZE build/GEDE01/src/game/game_fn_8000B7FC.o
[811/965] EXTERNALIZE build/GEDE01/src/game/game_fn_8000B900.o
[812/965] EXTERNALIZE build/GEDE01/src/game/game_fn_8000BA0C.o
[813/965] EXTERNALIZE build/GEDE01/src/game/game_fn_8000BAA0.o
[814/965] EXTERNALIZE build/GEDE01/src/game/game_fn_8000C06C.o
[815/965] EXTERNALIZE build/GEDE01/src/game/game_fn_8000BC40.o
[816/965] EXTERNALIZE build/GEDE01/src/game/game_fn_8000C17C.o
[817/965] EXTERNALIZE build/GEDE01/src/game/game_fn_8000C400.o
[818/965] EXTERNALIZE build/GEDE01/src/game/game_fn_8000C848.o
[819/965] EXTERNALIZE build/GEDE01/src/game/game_fn_8000C91C.o
[820/965] EXTERNALIZE build/GEDE01/src/game/game_fn_8000D0BC.o
[821/965] NAME SWITCH build/GEDE01/src/game/game_fn_8000D8A4.o
[822/965] EXTERNALIZE build/GEDE01/src/game/game_fn_8000D3D4.o
[823/965] EXTERNALIZE build/GEDE01/src/game/game_fn_8000E054.o
[824/965] EXTERNALIZE build/GEDE01/src/game/game_fn_8000E0AC.o
[825/965] EXTERNALIZE build/GEDE01/src/game/game_fn_8000E96C.o
[826/965] EXTERNALIZE build/GEDE01/src/game/game_fn_8000F774.o
[827/965] EXTERNALIZE build/GEDE01/src/game/game_fn_8000EB14.o
[828/965] EXTERNALIZE build/GEDE01/src/game/game_fn_8000EBD4.o
[829/965] EXTERNALIZE build/GEDE01/src/game/game_fn_8000ED44.o
[830/965] EXTERNALIZE build/GEDE01/src/game/game_fn_8000E138.o
[831/965] EXTERNALIZE build/GEDE01/src/game/game_fn_8000E1C4.o
[832/965] EXTERNALIZE build/GEDE01/src/game/game_fn_8000D590.o
[833/965] EXTERNALIZE build/GEDE01/src/game/game_fn_8000DA50.o
[834/965] EXTERNALIZE build/GEDE01/src/game/game_fn_8000DAF4.o
[835/965] EXTERNALIZE build/GEDE01/src/game/game_fn_80012DA8.o
[836/965] EXTERNALIZE build/GEDE01/src/game/game_fn_80012F40.o
[837/965] EXTERNALIZE build/GEDE01/src/game/game_fn_80012FD0.o
[838/965] EXTERNALIZE build/GEDE01/src/game/game_fn_800131E8.o
[839/965] EXTERNALIZE build/GEDE01/src/game/game_fn_80013340.o
[840/965] EXTERNALIZE build/GEDE01/src/game/game_fn_80013870.o
[841/965] EXTERNALIZE build/GEDE01/src/game/game_fn_80013CB0.o
[842/965] EXTERNALIZE build/GEDE01/src/game/game_fn_80013D54.o
[843/965] EXTERNALIZE build/GEDE01/src/game/game_fn_800142DC.o
[844/965] EXTERNALIZE build/GEDE01/src/game/game_fn_800144CC.o
[845/965] EXTERNALIZE build/GEDE01/src/game/game_fn_80014784.o
[846/965] EXTERNALIZE build/GEDE01/src/game/game_fn_800149D4.o
[847/965] EXTERNALIZE build/GEDE01/src/game/game_fn_80015058.o
[848/965] EXTERNALIZE build/GEDE01/src/game/game_fn_80015320.o
[849/965] EXTERNALIZE build/GEDE01/src/game/game_fn_80015568.o
[850/965] EXTERNALIZE build/GEDE01/src/game/game_fn_800156FC.o
[851/965] EXTERNALIZE build/GEDE01/src/game/game_fn_80015BE0.o
[852/965] EXTERNALIZE build/GEDE01/src/game/game_fn_80015D40.o
[853/965] EXTERNALIZE build/GEDE01/src/game/game_fn_80015F04.o
[854/965] EXTERNALIZE build/GEDE01/src/game/game_fn_80016128.o
[855/965] EXTERNALIZE build/GEDE01/src/game/game_fn_80016270.o
[856/965] EXTERNALIZE build/GEDE01/src/game/game_fn_80016904.o
[857/965] EXTERNALIZE build/GEDE01/src/game/game_fn_800173CC.o
[858/965] EXTERNALIZE build/GEDE01/src/game/game_fn_80016B24.o
[859/965] EXTERNALIZE build/GEDE01/src/game/game_fn_801BEF40.o
[860/965] EXTERNALIZE build/GEDE01/src/game/game_fn_801B86C0.o
[861/965] EXTERNALIZE STATIC POOL build/GEDE01/src/game/game_fn_801C4B5C.o
build/GEDE01/src/game/game_fn_801C4B5C.o: lbl_80628CB0 now undefined; section 6 emptied
[862/965] EXTERNALIZE build/GEDE01/src/game/game_fn_801C8600.o
[863/965] EXTERNALIZE build/GEDE01/src/game/game_fn_801EAA04.o
[864/965] EXTERNALIZE build/GEDE01/src/game/game_fn_80150400.o
[865/965] EXTERNALIZE build/GEDE01/src/game/game_fn_80150F20.o
[866/965] EXTERNALIZE build/GEDE01/src/game/game_fn_80151600.o
[867/965] EXTERNALIZE build/GEDE01/src/game/game_fn_80151D00.o
[868/965] EXTERNALIZE build/GEDE01/src/game/game_fn_801DE8B4.o
[869/965] EXTERNALIZE build/GEDE01/src/game/game_fn_80173BDC.o
[870/965] EXTERNALIZE build/GEDE01/src/game/game_fn_801E7014.o
[871/965] EXTERNALIZE build/GEDE01/src/game/game_fn_801A4430.o
[872/965] EXTERNALIZE build/GEDE01/src/game/game_fn_8014BA14.o
[873/965] EXTERNALIZE build/GEDE01/src/game/game_fn_800B2EC0.o
[874/965] EXTERNALIZE build/GEDE01/src/game/game_fn_8001CA04.o
[875/965] EXTERNALIZE build/GEDE01/src/game/game_fn_80031544.o
[876/965] EXTERNALIZE build/GEDE01/src/game/game_fn_8006B0F0.o
[877/965] EXTERNALIZE build/GEDE01/src/game/game_fn_801DDB84.o
[878/965] EXTERNALIZE build/GEDE01/src/game/game_fn_8007D4D8.o
[879/965] EXTERNALIZE build/GEDE01/src/game/game_fn_80088F4C.o
[880/965] EXTERNALIZE build/GEDE01/src/game/game_fn_8007F770.o
[881/965] EXTERNALIZE build/GEDE01/src/game/game_fn_8008A2E0.o
[882/965] EXTERNALIZE build/GEDE01/src/game/game_fn_80089A34.o
[883/965] EXTERNALIZE build/GEDE01/src/game/game_fn_80090004.o
[884/965] EXTERNALIZE build/GEDE01/src/game/game_fn_80095D10.o
[885/965] EXTERNALIZE build/GEDE01/src/game/game_fn_800A3180.o
[886/965] EXTERNALIZE build/GEDE01/src/game/game_fn_800BB7A8.o
[887/965] EXTERNALIZE build/GEDE01/src/game/game_fn_800BB5C4.o
[888/965] EXTERNALIZE build/GEDE01/src/game/game_fn_800BB9A4.o
[889/965] EXTERNALIZE build/GEDE01/src/game/game_fn_800BBAF0.o
[890/965] EXTERNALIZE build/GEDE01/src/game/game_fn_800D9064.o
[891/965] EXTERNALIZE build/GEDE01/src/game/game_fn_800D9E10.o
[892/965] EXTERNALIZE build/GEDE01/src/game/game_fn_8012976C.o
[893/965] EXTERNALIZE build/GEDE01/src/game/game_fn_8013DB8C.o
[894/965] EXTERNALIZE build/GEDE01/src/game/game_fn_8013CBE4.o
[895/965] EXTERNALIZE build/GEDE01/src/game/game_fn_8014CA98.o
[896/965] EXTERNALIZE build/GEDE01/src/game/game_fn_80153A24.o
[897/965] EXTERNALIZE build/GEDE01/src/game/game_fn_801535D8.o
[898/965] EXTERNALIZE build/GEDE01/src/game/game_fn_80174F2C.o
[899/965] EXTERNALIZE build/GEDE01/src/game/game_fn_801752B0.o
[900/965] EXTERNALIZE build/GEDE01/src/game/game_fn_8017AC20.o
[901/965] EXTERNALIZE build/GEDE01/src/game/game_fn_801861C4.o
[902/965] EXTERNALIZE build/GEDE01/src/game/game_fn_8018680C.o
[903/965] EXTERNALIZE build/GEDE01/src/game/game_fn_80186F70.o
[904/965] EXTERNALIZE build/GEDE01/src/game/game_fn_80187320.o
[905/965] EXTERNALIZE build/GEDE01/src/game/game_fn_801875FC.o
[906/965] EXTERNALIZE build/GEDE01/src/game/game_fn_801810A0.o
[907/965] EXTERNALIZE build/GEDE01/src/game/game_fn_800542D0.o
[908/965] EXTERNALIZE build/GEDE01/src/game/game_fn_80187E40.o
[909/965] EXTERNALIZE build/GEDE01/src/game/game_fn_80187BB4.o
[910/965] EXTERNALIZE build/GEDE01/src/game/game_fn_80189C14.o
[911/965] EXTERNALIZE build/GEDE01/src/game/game_fn_8018C2D0.o
[912/965] EXTERNALIZE build/GEDE01/src/game/game_fn_8018D400.o
[913/965] EXTERNALIZE build/GEDE01/src/game/game_fn_8018E0D8.o
[914/965] EXTERNALIZE build/GEDE01/src/game/game_fn_8019120C.o
[915/965] EXTERNALIZE build/GEDE01/src/game/game_fn_8018DC24.o
[916/965] EXTERNALIZE build/GEDE01/src/game/game_fn_801926EC.o
[917/965] EXTERNALIZE build/GEDE01/src/game/game_fn_801916D0.o
[918/965] EXTERNALIZE build/GEDE01/src/game/game_fn_801929A4.o
[919/965] EXTERNALIZE build/GEDE01/src/game/game_fn_801952E8.o
[920/965] EXTERNALIZE build/GEDE01/src/game/game_fn_801A2A54.o
[921/965] EXTERNALIZE build/GEDE01/src/game/game_fn_801A34BC.o
[922/965] EXTERNALIZE build/GEDE01/src/game/game_fn_801A657C.o
[923/965] EXTERNALIZE build/GEDE01/src/game/game_fn_801A1F8C.o
[924/965] EXTERNALIZE build/GEDE01/src/game/game_fn_801D1F78.o
[925/965] EXTERNALIZE build/GEDE01/src/game/game_fn_801E2A48.o
[926/965] EXTERNALIZE build/GEDE01/src/game/game_fn_801E6814.o
[927/965] EXTERNALIZE build/GEDE01/src/game/game_fn_801E995C.o
[928/965] EXTERNALIZE build/GEDE01/src/game/game_fn_801EF580.o
[929/965] EXTERNALIZE build/GEDE01/src/game/game_fn_801F0CB0.o
[930/965] EXTERNALIZE build/GEDE01/src/game/game_fn_801F10BC.o
[931/965] EXTERNALIZE build/GEDE01/src/game/game_fn_801F35A8.o
[932/965] EXTERNALIZE build/GEDE01/src/game/game_fn_801ECD74.o
[933/965] EXTERNALIZE build/GEDE01/src/game/game_fn_801ED5F4.o
[934/965] EXTERNALIZE build/GEDE01/src/game/game_fn_801F69F0.o
[935/965] EXTERNALIZE build/GEDE01/src/game/game_fn_801F76EC.o
[936/965] EXTERNALIZE build/GEDE01/src/game/game_fn_801F8264.o
[937/965] EXTERNALIZE build/GEDE01/src/game/game_fn_801F89B4.o
[938/965] EXTERNALIZE build/GEDE01/src/game/game_fn_801F9AF8.o
[939/965] EXTERNALIZE build/GEDE01/src/game/game_fn_801F6BD8.o
[940/965] EXTERNALIZE build/GEDE01/src/game/game_fn_80095E64.o
[941/965] EXTERNALIZE build/GEDE01/src/game/game_fn_801FB6A4.o
[942/965] EXTERNALIZE JUMPTABLES build/GEDE01/src/game/game_fn_800361F8.o
[943/965] EXTERNALIZE JUMPTABLES build/GEDE01/src/game/game_fn_8006E53C.o
[944/965] EXTERNALIZE JUMPTABLES build/GEDE01/src/game/game_fn_800CF598.o
[945/965] EXTERNALIZE JUMPTABLES build/GEDE01/src/game/game_fn_801ACFE8.o
[946/965] EXTERNALIZE build/GEDE01/src/game/game_fn_801E0088.o
[947/965] EXTERNALIZE JUMPTABLES build/GEDE01/src/game/game_fn_801B1BA0.o
[948/965] EXTERNALIZE build/GEDE01/src/game/game_fn_80150A24.o
[949/965] EXTERNALIZE build/GEDE01/src/game/game_fn_80154F74.o
[950/965] EXTERNALIZE build/GEDE01/src/game/game_fn_801E504C.o
[951/965] EXTERNALIZE build/GEDE01/src/game/game_fn_8009E808.o
[952/965] EXTERNALIZE build/GEDE01/src/game/game_fn_801F1A38.o
[953/965] EXTERNALIZE build/GEDE01/src/game/game_fn_801FFE78.o
[954/965] EXTERNALIZE build/GEDE01/src/game/game_fn_801F55A0.o
[955/965] EXTERNALIZE build/GEDE01/src/game/game_fn_801F7510.o
[956/965] EXTERNALIZE build/GEDE01/src/game/game_fn_801F8FAC.o
[957/965] EXTERNALIZE build/GEDE01/src/game/game_fn_801F9CF4.o
[958/965] EXTERNALIZE build/GEDE01/src/game/game_fn_801FC034.o
[959/965] EXTERNALIZE build/GEDE01/src/game/game_fn_801FA9C8.o
[960/965] MWCC build/GEDE01/src/game/game_fn_80208310.o
[961/965] REPORT
 INFO Loading project .
 INFO Generating report for 7088 units (using 8 threads)
 INFO Report generated in 0.362s
 INFO Writing to build/GEDE01/report.json
[962/965] LINK build/GEDE01/main.elf
### mwldeppc.exe Linker Warning:
#   Section '.ignored' is unknown. Section ignored.
### mwldeppc.exe Linker Warning:
#   Section '.ignored' is unknown. Section ignored.
### mwldeppc.exe Linker Warning:
#   Section '.ignored' is unknown. Section ignored.
### mwldeppc.exe Linker Warning:
#   Section '.ignored' is unknown. Section ignored.
### mwldeppc.exe Linker Warning:
#   Section '.ignored' is unknown. Section ignored.
### mwldeppc.exe Linker Warning:
#   Section '.ignored' is unknown. Section ignored.
### mwldeppc.exe Linker Warning:
#   Section '.ignored' is unknown. Section ignored.
### mwldeppc.exe Linker Warning:
#   Section '.ignored' is unknown. Section ignored.
### mwldeppc.exe Linker Warning:
#   Section '.ignored' is unknown. Section ignored.
### mwldeppc.exe Linker Warning:
#   Section '.ignored' is unknown. Section ignored.
### mwldeppc.exe Linker Warning:
#   Section '.ignored' is unknown. Section ignored.
### mwldeppc.exe Linker Warning:
#   Section '.ignored' is unknown. Section ignored.
### mwldeppc.exe Linker Warning:
#   Section '.ignored' is unknown. Section ignored.
### mwldeppc.exe Linker Warning:
#   Section '.ignored' is unknown. Section ignored.
### mwldeppc.exe Linker Warning:
#   Section '.ignored' is unknown. Section ignored.
### mwldeppc.exe Linker Warning:
#   Section '.ignored' is unknown. Section ignored.
### mwldeppc.exe Linker Warning:
#   Section '.ignored' is unknown. Section ignored.
### mwldeppc.exe Linker Warning:
#   Section '.ignored' is unknown. Section ignored.
### mwldeppc.exe Linker Warning:
#   Section '.ignored' is unknown. Section ignored.
### mwldeppc.exe Linker Warning:
#   Section '.ignored' is unknown. Section ignored.
### mwldeppc.exe Linker Warning:
#   Section '.ignored' is unknown. Section ignored.
### mwldeppc.exe Linker Warning:
#   Section '.ignored' is unknown. Section ignored.
### mwldeppc.exe Linker Warning:
#   Section '.ignored' is unknown. Section ignored.
### mwldeppc.exe Linker Warning:
#   Section '.ignored' is unknown. Section ignored.
### mwldeppc.exe Linker Warning:
#   Section '.ignored' is unknown. Section ignored.
### mwldeppc.exe Linker Warning:
#   Section '.ignored' is unknown. Section ignored.
### mwldeppc.exe Linker Warning:
#   Section '.ignored' is unknown. Section ignored.
### mwldeppc.exe Linker Warning:
#   Section '.ignored' is unknown. Section ignored.
### mwldeppc.exe Linker Warning:
#   Section '.ignored' is unknown. Section ignored.
### mwldeppc.exe Linker Warning:
#   Section '.ignored' is unknown. Section ignored.
### mwldeppc.exe Linker Warning:
#   Section '.ignored' is unknown. Section ignored.
### mwldeppc.exe Linker Warning:
#   Section '.ignored' is unknown. Section ignored.
### mwldeppc.exe Linker Warning:
#   Section '.ignored' is unknown. Section ignored.
### mwldeppc.exe Linker Warning:
#   Section '.ignored' is unknown. Section ignored.
### mwldeppc.exe Linker Warning:
#   Section '.ignored' is unknown. Section ignored.
### mwldeppc.exe Linker Warning:
#   Section '.ignored' is unknown. Section ignored.
### mwldeppc.exe Linker Warning:
#   Section '.ignored' is unknown. Section ignored.
### mwldeppc.exe Linker Warning:
#   Section '.ignored' is unknown. Section ignored.
### mwldeppc.exe Linker Warning:
#   Section '.ignored' is unknown. Section ignored.
### mwldeppc.exe Linker Warning:
#   Section '.ignored' is unknown. Section ignored.
### mwldeppc.exe Linker Warning:
#   Section '.ignored' is unknown. Section ignored.
### mwldeppc.exe Linker Warning:
#   Section '.ignored' is unknown. Section ignored.
### mwldeppc.exe Linker Warning:
#   Section '.ignored' is unknown. Section ignored.
### mwldeppc.exe Linker Warning:
#   Section '.ignored' is unknown. Section ignored.
### mwldeppc.exe Linker Warning:
#   Section '.ignored' is unknown. Section ignored.
### mwldeppc.exe Linker Warning:
#   Section '.ignored' is unknown. Section ignored.
### mwldeppc.exe Linker Warning:
#   Section '.ignored' is unknown. Section ignored.
### mwldeppc.exe Linker Warning:
#   Section '.ignored' is unknown. Section ignored.
### mwldeppc.exe Linker Warning:
#   Section '.ignored' is unknown. Section ignored.
### mwldeppc.exe Linker Warning:
#   Section '.ignored' is unknown. Section ignored.
### mwldeppc.exe Linker Warning:
#   Section '.ignored' is unknown. Section ignored.
### mwldeppc.exe Linker Warning:
#   Section '.ignored' is unknown. Section ignored.
### mwldeppc.exe Linker Warning:
#   Section '.ignored' is unknown. Section ignored.
### mwldeppc.exe Linker Warning:
#   Section '.ignored' is unknown. Section ignored.
### mwldeppc.exe Linker Warning:
#   Section '.ignored' is unknown. Section ignored.
### mwldeppc.exe Linker Warning:
#   Section '.ignored' is unknown. Section ignored.
### mwldeppc.exe Linker Warning:
#   Section '.ignored' is unknown. Section ignored.
### mwldeppc.exe Linker Warning:
#   Section '.ignored' is unknown. Section ignored.
### mwldeppc.exe Linker Warning:
#   Section '.ignored' is unknown. Section ignored.
### mwldeppc.exe Linker Warning:
#   Section '.ignored' is unknown. Section ignored.
### mwldeppc.exe Linker Warning:
#   Section '.ignored' is unknown. Section ignored.
### mwldeppc.exe Linker Warning:
#   Section '.ignored' is unknown. Section ignored.
### mwldeppc.exe Linker Warning:
#   Section '.ignored' is unknown. Section ignored.
### mwldeppc.exe Linker Warning:
#   Section '.ignored' is unknown. Section ignored.
### mwldeppc.exe Linker Warning:
#   Section '.ignored' is unknown. Section ignored.
### mwldeppc.exe Linker Warning:
#   Section '.ignored' is unknown. Section ignored.
### mwldeppc.exe Linker Warning:
#   Section '.ignored' is unknown. Section ignored.
### mwldeppc.exe Linker Warning:
#   Section '.ignored' is unknown. Section ignored.
### mwldeppc.exe Linker Warning:
#   Section '.ignored' is unknown. Section ignored.
### mwldeppc.exe Linker Warning:
#   Section '.ignored' is unknown. Section ignored.
### mwldeppc.exe Linker Warning:
#   Section '.ignored' is unknown. Section ignored.
### mwldeppc.exe Linker Warning:
#   Section '.ignored' is unknown. Section ignored.
### mwldeppc.exe Linker Warning:
#   Section '.ignored' is unknown. Section ignored.
### mwldeppc.exe Linker Warning:
#   Section '.ignored' is unknown. Section ignored.
### mwldeppc.exe Linker Warning:
#   Section '.ignored' is unknown. Section ignored.
### mwldeppc.exe Linker Warning:
#   Section '.ignored' is unknown. Section ignored.
### mwldeppc.exe Linker Warning:
#   Section '.ignored' is unknown. Section ignored.
### mwldeppc.exe Linker Warning:
#   Section '.ignored' is unknown. Section ignored.
### mwldeppc.exe Linker Warning:
#   Section '.ignored' is unknown. Section ignored.
### mwldeppc.exe Linker Warning:
#   Section '.ignored' is unknown. Section ignored.
### mwldeppc.exe Linker Warning:
#   Section '.ignored' is unknown. Section ignored.
### mwldeppc.exe Linker Warning:
#   Section '.ignored' is unknown. Section ignored.
### mwldeppc.exe Linker Warning:
#   Section '.ignored' is unknown. Section ignored.
### mwldeppc.exe Linker Warning:
#   Section '.ignored' is unknown. Section ignored.
### mwldeppc.exe Linker Warning:
#   Section '.ignored' is unknown. Section ignored.
### mwldeppc.exe Linker Warning:
#   Section '.ignored' is unknown. Section ignored.
### mwldeppc.exe Linker Warning:
#   Section '.ignored' is unknown. Section ignored.
### mwldeppc.exe Linker Warning:
#   Section '.ignored' is unknown. Section ignored.
### mwldeppc.exe Linker Warning:
#   Section '.ignored' is unknown. Section ignored.
### mwldeppc.exe Linker Warning:
#   Section '.ignored' is unknown. Section ignored.
### mwldeppc.exe Linker Warning:
#   Section '.ignored' is unknown. Section ignored.
### mwldeppc.exe Linker Warning:
#   Section '.ignored' is unknown. Section ignored.
### mwldeppc.exe Linker Warning:
#   Section '.ignored' is unknown. Section ignored.
### mwldeppc.exe Linker Warning:
#   Section '.ignored' is unknown. Section ignored.
### mwldeppc.exe Linker Warning:
#   Section '.ignored' is unknown. Section ignored.
### mwldeppc.exe Linker Warning:
#   Section '.ignored' is unknown. Section ignored.
### mwldeppc.exe Linker Warning:
#   Section '.ignored' is unknown. Section ignored.
### mwldeppc.exe Linker Warning:
#   Section '.ignored' is unknown. Section ignored.
### mwldeppc.exe Linker Warning:
#   Section '.ignored' is unknown. Section ignored.
### mwldeppc.exe Linker Warning:
#   Section '.ignored' is unknown. Section ignored.
### mwldeppc.exe Linker Warning:
#   Section '.ignored' is unknown. Section ignored.
### mwldeppc.exe Linker Warning:
#   Section '.ignored' is unknown. Section ignored.
### mwldeppc.exe Linker Warning:
#   Section '.ignored' is unknown. Section ignored.
### mwldeppc.exe Linker Warning:
#   Section '.ignored' is unknown. Section ignored.
### mwldeppc.exe Linker Warning:
#   Section '.ignored' is unknown. Section ignored.
### mwldeppc.exe Linker Warning:
#   Section '.ignored' is unknown. Section ignored.
### mwldeppc.exe Linker Warning:
#   Section '.ignored' is unknown. Section ignored.
### mwldeppc.exe Linker Warning:
#   Section '.ignored' is unknown. Section ignored.
### mwldeppc.exe Linker Warning:
#   Section '.ignored' is unknown. Section ignored.
### mwldeppc.exe Linker Warning:
#   Section '.ignored' is unknown. Section ignored.
### mwldeppc.exe Linker Warning:
#   Section '.ignored' is unknown. Section ignored.
### mwldeppc.exe Linker Warning:
#   Section '.ignored' is unknown. Section ignored.
### mwldeppc.exe Linker Warning:
#   Section '.ignored' is unknown. Section ignored.
### mwldeppc.exe Linker Warning:
#   Section '.ignored' is unknown. Section ignored.
### mwldeppc.exe Linker Warning:
#   Section '.ignored' is unknown. Section ignored.
### mwldeppc.exe Linker Warning:
#   Section '.ignored' is unknown. Section ignored.
### mwldeppc.exe Linker Warning:
#   Section '.ignored' is unknown. Section ignored.
### mwldeppc.exe Linker Warning:
#   Section '.ignored' is unknown. Section ignored.
### mwldeppc.exe Linker Warning:
#   Section '.ignored' is unknown. Section ignored.
### mwldeppc.exe Linker Warning:
#   Section '.ignored' is unknown. Section ignored.
### mwldeppc.exe Linker Warning:
#   Section '.ignored' is unknown. Section ignored.
### mwldeppc.exe Linker Warning:
#   Section '.ignored' is unknown. Section ignored.
### mwldeppc.exe Linker Warning:
#   Section '.ignored' is unknown. Section ignored.
### mwldeppc.exe Linker Warning:
#   Section '.ignored' is unknown. Section ignored.
### mwldeppc.exe Linker Warning:
#   Section '.ignored' is unknown. Section ignored.
### mwldeppc.exe Linker Warning:
#   Section '.ignored' is unknown. Section ignored.
### mwldeppc.exe Linker Warning:
#   Section '.ignored' is unknown. Section ignored.
### mwldeppc.exe Linker Warning:
#   Section '.ignored' is unknown. Section ignored.
### mwldeppc.exe Linker Warning:
#   Section '.ignored' is unknown. Section ignored.
### mwldeppc.exe Linker Warning:
#   Section '.ignored' is unknown. Section ignored.
### mwldeppc.exe Linker Warning:
#   Section '.ignored' is unknown. Section ignored.
### mwldeppc.exe Linker Warning:
#   Section '.ignored' is unknown. Section ignored.
### mwldeppc.exe Linker Warning:
#   Section '.ignored' is unknown. Section ignored.
### mwldeppc.exe Linker Warning:
#   Section '.ignored' is unknown. Section ignored.
### mwldeppc.exe Linker Warning:
#   Section '.ignored' is unknown. Section ignored.
### mwldeppc.exe Linker Warning:
#   Section '.ignored' is unknown. Section ignored.
### mwldeppc.exe Linker Warning:
#   Section '.ignored' is unknown. Section ignored.
### mwldeppc.exe Linker Warning:
#   Section '.ignored' is unknown. Section ignored.
### mwldeppc.exe Linker Warning:
#   Section '.ignored' is unknown. Section ignored.
### mwldeppc.exe Linker Warning:
#   Section '.ignored' is unknown. Section ignored.
### mwldeppc.exe Linker Warning:
#   Section '.ignored' is unknown. Section ignored.
### mwldeppc.exe Linker Warning:
#   Section '.ignored' is unknown. Section ignored.
### mwldeppc.exe Linker Warning:
#   Section '.ignored' is unknown. Section ignored.
### mwldeppc.exe Linker Warning:
#   Section '.ignored' is unknown. Section ignored.
### mwldeppc.exe Linker Warning:
#   Section '.ignored' is unknown. Section ignored.
### mwldeppc.exe Linker Warning:
#   Section '.ignored' is unknown. Section ignored.
### mwldeppc.exe Linker Warning:
#   Section '.ignored' is unknown. Section ignored.
### mwldeppc.exe Linker Warning:
#   Section '.ignored' is unknown. Section ignored.
### mwldeppc.exe Linker Warning:
#   Section '.ignored' is unknown. Section ignored.
### mwldeppc.exe Linker Warning:
#   Section '.ignored' is unknown. Section ignored.
### mwldeppc.exe Linker Warning:
#   Section '.ignored' is unknown. Section ignored.
### mwldeppc.exe Linker Warning:
#   Section '.ignored' is unknown. Section ignored.
### mwldeppc.exe Linker Warning:
#   Section '.ignored' is unknown. Section ignored.
### mwldeppc.exe Linker Warning:
#   Section '.ignored' is unknown. Section ignored.
### mwldeppc.exe Linker Warning:
#   Section '.ignored' is unknown. Section ignored.
### mwldeppc.exe Linker Warning:
#   Section '.ignored' is unknown. Section ignored.
### mwldeppc.exe Linker Warning:
#   Section '.ignored' is unknown. Section ignored.
### mwldeppc.exe Linker Warning:
#   Section '.ignored' is unknown. Section ignored.
### mwldeppc.exe Linker Warning:
#   Section '.ignored' is unknown. Section ignored.
### mwldeppc.exe Linker Warning:
#   Section '.ignored' is unknown. Section ignored.
### mwldeppc.exe Linker Warning:
#   Section '.ignored' is unknown. Section ignored.
### mwldeppc.exe Linker Warning:
#   Section '.ignored' is unknown. Section ignored.
### mwldeppc.exe Linker Warning:
#   Section '.ignored' is unknown. Section ignored.
### mwldeppc.exe Linker Warning:
#   Section '.ignored' is unknown. Section ignored.
### mwldeppc.exe Linker Warning:
#   Section '.ignored' is unknown. Section ignored.
### mwldeppc.exe Linker Warning:
#   Section '.ignored' is unknown. Section ignored.
### mwldeppc.exe Linker Warning:
#   Section '.ignored' is unknown. Section ignored.
### mwldeppc.exe Linker Warning:
#   Section '.ignored' is unknown. Section ignored.
### mwldeppc.exe Linker Warning:
#   Section '.ignored' is unknown. Section ignored.
### mwldeppc.exe Linker Warning:
#   Section '.ignored' is unknown. Section ignored.
### mwldeppc.exe Linker Warning:
#   Section '.ignored' is unknown. Section ignored.
### mwldeppc.exe Linker Warning:
#   Section '.ignored' is unknown. Section ignored.
### mwldeppc.exe Linker Warning:
#   Section '.ignored' is unknown. Section ignored.
### mwldeppc.exe Linker Warning:
#   Section '.ignored' is unknown. Section ignored.
### mwldeppc.exe Linker Warning:
#   Section '.ignored' is unknown. Section ignored.
### mwldeppc.exe Linker Warning:
#   Section '.ignored' is unknown. Section ignored.
### mwldeppc.exe Linker Warning:
#   Section '.ignored' is unknown. Section ignored.
### mwldeppc.exe Linker Warning:
#   Section '.ignored' is unknown. Section ignored.
### mwldeppc.exe Linker Warning:
#   Section '.ignored' is unknown. Section ignored.
### mwldeppc.exe Linker Warning:
#   Section '.ignored' is unknown. Section ignored.
### mwldeppc.exe Linker Warning:
#   Section '.ignored' is unknown. Section ignored.
### mwldeppc.exe Linker Warning:
#   Section '.ignored' is unknown. Section ignored.
### mwldeppc.exe Linker Warning:
#   Section '.ignored' is unknown. Section ignored.
### mwldeppc.exe Linker Warning:
#   Section '.ignored' is unknown. Section ignored.
### mwldeppc.exe Linker Warning:
#   Section '.ignored' is unknown. Section ignored.
### mwldeppc.exe Linker Warning:
#   Section '.ignored' is unknown. Section ignored.
### mwldeppc.exe Linker Warning:
#   Section '.ignored' is unknown. Section ignored.
### mwldeppc.exe Linker Warning:
#   Section '.ignored' is unknown. Section ignored.
### mwldeppc.exe Linker Warning:
#   Section '.ignored' is unknown. Section ignored.
### mwldeppc.exe Linker Warning:
#   Section '.ignored' is unknown. Section ignored.
### mwldeppc.exe Linker Warning:
#   Section '.ignored' is unknown. Section ignored.
### mwldeppc.exe Linker Warning:
#   Section '.ignored' is unknown. Section ignored.
### mwldeppc.exe Linker Warning:
#   Section '.ignored' is unknown. Section ignored.
### mwldeppc.exe Linker Warning:
#   Section '.ignored' is unknown. Section ignored.
### mwldeppc.exe Linker Warning:
#   Section '.ignored' is unknown. Section ignored.
### mwldeppc.exe Linker Warning:
#   Section '.ignored' is unknown. Section ignored.
### mwldeppc.exe Linker Warning:
#   Section '.ignored' is unknown. Section ignored.
### mwldeppc.exe Linker Warning:
#   Section '.ignored' is unknown. Section ignored.
### mwldeppc.exe Linker Warning:
#   Section '.ignored' is unknown. Section ignored.
### mwldeppc.exe Linker Warning:
#   Section '.ignored' is unknown. Section ignored.
### mwldeppc.exe Linker Warning:
#   Section '.ignored' is unknown. Section ignored.
### mwldeppc.exe Linker Warning:
#   Section '.ignored' is unknown. Section ignored.
### mwldeppc.exe Linker Warning:
#   Section '.ignored' is unknown. Section ignored.
### mwldeppc.exe Linker Warning:
#   Section '.ignored' is unknown. Section ignored.
### mwldeppc.exe Linker Warning:
#   Section '.ignored' is unknown. Section ignored.
### mwldeppc.exe Linker Warning:
#   Section '.ignored' is unknown. Section ignored.
### mwldeppc.exe Linker Warning:
#   Section '.ignored' is unknown. Section ignored.
### mwldeppc.exe Linker Warning:
#   Section '.ignored' is unknown. Section ignored.
### mwldeppc.exe Linker Warning:
#   Section '.ignored' is unknown. Section ignored.
### mwldeppc.exe Linker Warning:
#   Section '.ignored' is unknown. Section ignored.
### mwldeppc.exe Linker Warning:
#   Section '.ignored' is unknown. Section ignored.
### mwldeppc.exe Linker Warning:
#   Section '.ignored' is unknown. Section ignored.
### mwldeppc.exe Linker Warning:
#   Section '.ignored' is unknown. Section ignored.
### mwldeppc.exe Linker Warning:
#   Section '.ignored' is unknown. Section ignored.
### mwldeppc.exe Linker Warning:
#   Section '.ignored' is unknown. Section ignored.
### mwldeppc.exe Linker Warning:
#   Section '.ignored' is unknown. Section ignored.
### mwldeppc.exe Linker Warning:
#   Section '.ignored' is unknown. Section ignored.
### mwldeppc.exe Linker Warning:
#   Section '.ignored' is unknown. Section ignored.
### mwldeppc.exe Linker Warning:
#   Section '.ignored' is unknown. Section ignored.
### mwldeppc.exe Linker Warning:
#   Section '.ignored' is unknown. Section ignored.
### mwldeppc.exe Linker Warning:
#   Section '.ignored' is unknown. Section ignored.
### mwldeppc.exe Linker Warning:
#   Section '.ignored' is unknown. Section ignored.
### mwldeppc.exe Linker Warning:
#   Section '.ignored' is unknown. Section ignored.
### mwldeppc.exe Linker Warning:
#   Section '.ignored' is unknown. Section ignored.
### mwldeppc.exe Linker Warning:
#   Section '.ignored' is unknown. Section ignored.
### mwldeppc.exe Linker Warning:
#   Section '.ignored' is unknown. Section ignored.
### mwldeppc.exe Linker Warning:
#   Section '.ignored' is unknown. Section ignored.
### mwldeppc.exe Linker Warning:
#   Section '.ignored' is unknown. Section ignored.
### mwldeppc.exe Linker Warning:
#   Section '.ignored' is unknown. Section ignored.
### mwldeppc.exe Linker Warning:
#   Section '.ignored' is unknown. Section ignored.
### mwldeppc.exe Linker Warning:
#   Section '.ignored' is unknown. Section ignored.
### mwldeppc.exe Linker Warning:
#   Section '.ignored' is unknown. Section ignored.
### mwldeppc.exe Linker Warning:
#   Section '.ignored' is unknown. Section ignored.
### mwldeppc.exe Linker Warning:
#   Section '.ignored' is unknown. Section ignored.
### mwldeppc.exe Linker Warning:
#   Section '.ignored' is unknown. Section ignored.
### mwldeppc.exe Linker Warning:
#   Section '.ignored' is unknown. Section ignored.
### mwldeppc.exe Linker Warning:
#   Section '.ignored' is unknown. Section ignored.
### mwldeppc.exe Linker Warning:
#   Section '.ignored' is unknown. Section ignored.
### mwldeppc.exe Linker Warning:
#   Section '.ignored' is unknown. Section ignored.
### mwldeppc.exe Linker Warning:
#   Section '.ignored' is unknown. Section ignored.
### mwldeppc.exe Linker Warning:
#   Section '.ignored' is unknown. Section ignored.
### mwldeppc.exe Linker Warning:
#   Section '.ignored' is unknown. Section ignored.
### mwldeppc.exe Linker Warning:
#   Section '.ignored' is unknown. Section ignored.
### mwldeppc.exe Linker Warning:
#   Section '.ignored' is unknown. Section ignored.
### mwldeppc.exe Linker Warning:
#   Section '.ignored' is unknown. Section ignored.
### mwldeppc.exe Linker Warning:
#   Section '.ignored' is unknown. Section ignored.
### mwldeppc.exe Linker Warning:
#   Section '.ignored' is unknown. Section ignored.
### mwldeppc.exe Linker Warning:
#   Section '.ignored' is unknown. Section ignored.
### mwldeppc.exe Linker Warning:
#   Section '.ignored' is unknown. Section ignored.
### mwldeppc.exe Linker Warning:
#   Section '.ignored' is unknown. Section ignored.
### mwldeppc.exe Linker Warning:
#   Section '.ignored' is unknown. Section ignored.
### mwldeppc.exe Linker Warning:
#   Section '.ignored' is unknown. Section ignored.
### mwldeppc.exe Linker Warning:
#   Section '.ignored' is unknown. Section ignored.
### mwldeppc.exe Linker Warning:
#   Section '.ignored' is unknown. Section ignored.
### mwldeppc.exe Linker Warning:
#   Section '.ignored' is unknown. Section ignored.
### mwldeppc.exe Linker Warning:
#   Section '.ignored' is unknown. Section ignored.
### mwldeppc.exe Linker Warning:
#   Section '.ignored' is unknown. Section ignored.
### mwldeppc.exe Linker Warning:
#   Section '.ignored' is unknown. Section ignored.
### mwldeppc.exe Linker Warning:
#   Section '.ignored' is unknown. Section ignored.
### mwldeppc.exe Linker Warning:
#   Section '.ignored' is unknown. Section ignored.
### mwldeppc.exe Linker Warning:
#   Section '.ignored' is unknown. Section ignored.
### mwldeppc.exe Linker Warning:
#   Section '.ignored' is unknown. Section ignored.
### mwldeppc.exe Linker Warning:
#   Section '.ignored' is unknown. Section ignored.
### mwldeppc.exe Linker Warning:
#   Section '.ignored' is unknown. Section ignored.
### mwldeppc.exe Linker Warning:
#   Section '.ignored' is unknown. Section ignored.
### mwldeppc.exe Linker Warning:
#   Section '.ignored' is unknown. Section ignored.
### mwldeppc.exe Linker Warning:
#   Section '.ignored' is unknown. Section ignored.
### mwldeppc.exe Linker Warning:
#   Section '.ignored' is unknown. Section ignored.
### mwldeppc.exe Linker Warning:
#   Section '.ignored' is unknown. Section ignored.
### mwldeppc.exe Linker Warning:
#   Section '.ignored' is unknown. Section ignored.
### mwldeppc.exe Linker Warning:
#   Section '.ignored' is unknown. Section ignored.
### mwldeppc.exe Linker Warning:
#   Section '.ignored' is unknown. Section ignored.
### mwldeppc.exe Linker Warning:
#   Section '.ignored' is unknown. Section ignored.
### mwldeppc.exe Linker Warning:
#   Section '.ignored' is unknown. Section ignored.
### mwldeppc.exe Linker Warning:
#   Section '.ignored' is unknown. Section ignored.
### mwldeppc.exe Linker Warning:
#   Section '.ignored' is unknown. Section ignored.
### mwldeppc.exe Linker Warning:
#   Section '.ignored' is unknown. Section ignored.
### mwldeppc.exe Linker Warning:
#   Section '.ignored' is unknown. Section ignored.
### mwldeppc.exe Linker Warning:
#   Section '.ignored' is unknown. Section ignored.
### mwldeppc.exe Linker Warning:
#   Section '.ignored' is unknown. Section ignored.
### mwldeppc.exe Linker Warning:
#   Section '.ignored' is unknown. Section ignored.
### mwldeppc.exe Linker Warning:
#   Section '.ignored' is unknown. Section ignored.
### mwldeppc.exe Linker Warning:
#   Section '.ignored' is unknown. Section ignored.
### mwldeppc.exe Linker Warning:
#   Section '.ignored' is unknown. Section ignored.
### mwldeppc.exe Linker Warning:
#   Section '.ignored' is unknown. Section ignored.
### mwldeppc.exe Linker Warning:
#   Section '.ignored' is unknown. Section ignored.
### mwldeppc.exe Linker Warning:
#   Section '.ignored' is unknown. Section ignored.
### mwldeppc.exe Linker Warning:
#   Section '.ignored' is unknown. Section ignored.
### mwldeppc.exe Linker Warning:
#   Section '.ignored' is unknown. Section ignored.
### mwldeppc.exe Linker Warning:
#   Section '.ignored' is unknown. Section ignored.
### mwldeppc.exe Linker Warning:
#   Section '.ignored' is unknown. Section ignored.
### mwldeppc.exe Linker Warning:
#   Section '.ignored' is unknown. Section ignored.
### mwldeppc.exe Linker Warning:
#   Section '.ignored' is unknown. Section ignored.
### mwldeppc.exe Linker Warning:
#   Section '.ignored' is unknown. Section ignored.
### mwldeppc.exe Linker Warning:
#   Section '.ignored' is unknown. Section ignored.
### mwldeppc.exe Linker Warning:
#   Section '.ignored' is unknown. Section ignored.
### mwldeppc.exe Linker Warning:
#   Section '.ignored' is unknown. Section ignored.
### mwldeppc.exe Linker Warning:
#   Section '.ignored' is unknown. Section ignored.
### mwldeppc.exe Linker Warning:
#   Section '.ignored' is unknown. Section ignored.
### mwldeppc.exe Linker Warning:
#   Section '.ignored' is unknown. Section ignored.
### mwldeppc.exe Linker Warning:
#   Section '.ignored' is unknown. Section ignored.
### mwldeppc.exe Linker Warning:
#   Section '.ignored' is unknown. Section ignored.
### mwldeppc.exe Linker Warning:
#   Section '.ignored' is unknown. Section ignored.
### mwldeppc.exe Linker Warning:
#   Section '.ignored' is unknown. Section ignored.
### mwldeppc.exe Linker Warning:
#   Section '.ignored' is unknown. Section ignored.
### mwldeppc.exe Linker Warning:
#   Section '.ignored' is unknown. Section ignored.
### mwldeppc.exe Linker Warning:
#   Section '.ignored' is unknown. Section ignored.
### mwldeppc.exe Linker Warning:
#   Section '.ignored' is unknown. Section ignored.
### mwldeppc.exe Linker Warning:
#   Section '.ignored' is unknown. Section ignored.
### mwldeppc.exe Linker Warning:
#   Section '.ignored' is unknown. Section ignored.
### mwldeppc.exe Linker Warning:
#   Section '.ignored' is unknown. Section ignored.
### mwldeppc.exe Linker Warning:
#   Section '.ignored' is unknown. Section ignored.
### mwldeppc.exe Linker Warning:
#   Section '.ignored' is unknown. Section ignored.
### mwldeppc.exe Linker Warning:
#   Section '.ignored' is unknown. Section ignored.
### mwldeppc.exe Linker Warning:
#   Section '.ignored' is unknown. Section ignored.
### mwldeppc.exe Linker Warning:
#   Section '.ignored' is unknown. Section ignored.
### mwldeppc.exe Linker Warning:
#   Section '.ignored' is unknown. Section ignored.
### mwldeppc.exe Linker Warning:
#   Section '.ignored' is unknown. Section ignored.
### mwldeppc.exe Linker Warning:
#   Section '.ignored' is unknown. Section ignored.
### mwldeppc.exe Linker Warning:
#   Section '.ignored' is unknown. Section ignored.
### mwldeppc.exe Linker Warning:
#   Section '.ignored' is unknown. Section ignored.
### mwldeppc.exe Linker Warning:
#   Section '.ignored' is unknown. Section ignored.
### mwldeppc.exe Linker Warning:
#   Section '.ignored' is unknown. Section ignored.
### mwldeppc.exe Linker Warning:
#   Section '.ignored' is unknown. Section ignored.
### mwldeppc.exe Linker Warning:
#   Section '.ignored' is unknown. Section ignored.
### mwldeppc.exe Linker Warning:
#   Section '.ignored' is unknown. Section ignored.
### mwldeppc.exe Linker Warning:
#   Section '.ignored' is unknown. Section ignored.
### mwldeppc.exe Linker Warning:
#   Section '.ignored' is unknown. Section ignored.
### mwldeppc.exe Linker Warning:
#   Section '.ignored' is unknown. Section ignored.
### mwldeppc.exe Linker Warning:
#   Section '.ignored' is unknown. Section ignored.
### mwldeppc.exe Linker Warning:
#   Section '.ignored' is unknown. Section ignored.
### mwldeppc.exe Linker Warning:
#   Section '.ignored' is unknown. Section ignored.
### mwldeppc.exe Linker Warning:
#   Section '.ignored' is unknown. Section ignored.
### mwldeppc.exe Linker Warning:
#   Section '.ignored' is unknown. Section ignored.
### mwldeppc.exe Linker Warning:
#   Section '.ignored' is unknown. Section ignored.
### mwldeppc.exe Linker Warning:
#   Section '.ignored' is unknown. Section ignored.
### mwldeppc.exe Linker Warning:
#   Section '.ignored' is unknown. Section ignored.
### mwldeppc.exe Linker Warning:
#   Section '.ignored' is unknown. Section ignored.
### mwldeppc.exe Linker Warning:
#   Section '.ignored' is unknown. Section ignored.
### mwldeppc.exe Linker Warning:
#   Section '.ignored' is unknown. Section ignored.
### mwldeppc.exe Linker Warning:
#   Section '.ignored' is unknown. Section ignored.
### mwldeppc.exe Linker Warning:
#   Section '.ignored' is unknown. Section ignored.
### mwldeppc.exe Linker Warning:
#   Section '.ignored' is unknown. Section ignored.
### mwldeppc.exe Linker Warning:
#   Section '.ignored' is unknown. Section ignored.
### mwldeppc.exe Linker Warning:
#   Section '.ignored' is unknown. Section ignored.
### mwldeppc.exe Linker Warning:
#   Section '.ignored' is unknown. Section ignored.
### mwldeppc.exe Linker Warning:
#   Section '.ignored' is unknown. Section ignored.
### mwldeppc.exe Linker Warning:
#   Section '.ignored' is unknown. Section ignored.
### mwldeppc.exe Linker Warning:
#   Section '.ignored' is unknown. Section ignored.
### mwldeppc.exe Linker Warning:
#   Section '.ignored' is unknown. Section ignored.
### mwldeppc.exe Linker Warning:
#   Section '.ignored' is unknown. Section ignored.
### mwldeppc.exe Linker Warning:
#   Section '.ignored' is unknown. Section ignored.
### mwldeppc.exe Linker Warning:
#   Section '.ignored' is unknown. Section ignored.
### mwldeppc.exe Linker Warning:
#   Section '.ignored' is unknown. Section ignored.
### mwldeppc.exe Linker Warning:
#   Section '.ignored' is unknown. Section ignored.
### mwldeppc.exe Linker Warning:
#   Section '.ignored' is unknown. Section ignored.
### mwldeppc.exe Linker Warning:
#   Section '.ignored' is unknown. Section ignored.
### mwldeppc.exe Linker Warning:
#   Section '.ignored' is unknown. Section ignored.
### mwldeppc.exe Linker Warning:
#   Section '.ignored' is unknown. Section ignored.
### mwldeppc.exe Linker Warning:
#   Section '.ignored' is unknown. Section ignored.
### mwldeppc.exe Linker Warning:
#   Section '.ignored' is unknown. Section ignored.
### mwldeppc.exe Linker Warning:
#   Section '.ignored' is unknown. Section ignored.
### mwldeppc.exe Linker Warning:
#   Section '.ignored' is unknown. Section ignored.
### mwldeppc.exe Linker Warning:
#   Section '.ignored' is unknown. Section ignored.
### mwldeppc.exe Linker Warning:
#   Section '.ignored' is unknown. Section ignored.
### mwldeppc.exe Linker Warning:
#   Section '.ignored' is unknown. Section ignored.
### mwldeppc.exe Linker Warning:
#   Section '.ignored' is unknown. Section ignored.
### mwldeppc.exe Linker Warning:
#   Section '.ignored' is unknown. Section ignored.
### mwldeppc.exe Linker Warning:
#   Section '.ignored' is unknown. Section ignored.
### mwldeppc.exe Linker Warning:
#   Section '.ignored' is unknown. Section ignored.
### mwldeppc.exe Linker Warning:
#   Section '.ignored' is unknown. Section ignored.
### mwldeppc.exe Linker Warning:
#   Section '.ignored' is unknown. Section ignored.
### mwldeppc.exe Linker Warning:
#   Section '.ignored' is unknown. Section ignored.
### mwldeppc.exe Linker Warning:
#   Section '.ignored' is unknown. Section ignored.
### mwldeppc.exe Linker Warning:
#   Section '.ignored' is unknown. Section ignored.
### mwldeppc.exe Linker Warning:
#   Section '.ignored' is unknown. Section ignored.
### mwldeppc.exe Linker Warning:
#   Section '.ignored' is unknown. Section ignored.
### mwldeppc.exe Linker Warning:
#   Section '.ignored' is unknown. Section ignored.
### mwldeppc.exe Linker Warning:
#   Section '.ignored' is unknown. Section ignored.
### mwldeppc.exe Linker Warning:
#   Section '.ignored' is unknown. Section ignored.
### mwldeppc.exe Linker Warning:
#   Section '.ignored' is unknown. Section ignored.
### mwldeppc.exe Linker Warning:
#   Section '.ignored' is unknown. Section ignored.
### mwldeppc.exe Linker Warning:
#   Section '.ignored' is unknown. Section ignored.
### mwldeppc.exe Linker Warning:
#   Section '.ignored' is unknown. Section ignored.
### mwldeppc.exe Linker Warning:
#   Section '.ignored' is unknown. Section ignored.
### mwldeppc.exe Linker Warning:
#   Section '.ignored' is unknown. Section ignored.
### mwldeppc.exe Linker Warning:
#   Section '.ignored' is unknown. Section ignored.
### mwldeppc.exe Linker Warning:
#   Section '.ignored' is unknown. Section ignored.
### mwldeppc.exe Linker Warning:
#   Section '.ignored' is unknown. Section ignored.
### mwldeppc.exe Linker Warning:
#   Section '.ignored' is unknown. Section ignored.
### mwldeppc.exe Linker Warning:
#   Section '.ignored' is unknown. Section ignored.
### mwldeppc.exe Linker Warning:
#   Section '.ignored' is unknown. Section ignored.
### mwldeppc.exe Linker Warning:
#   Section '.ignored' is unknown. Section ignored.
### mwldeppc.exe Linker Warning:
#   Section '.ignored' is unknown. Section ignored.
### mwldeppc.exe Linker Warning:
#   Section '.ignored' is unknown. Section ignored.
### mwldeppc.exe Linker Warning:
#   Section '.ignored' is unknown. Section ignored.
### mwldeppc.exe Linker Warning:
#   Section '.ignored' is unknown. Section ignored.
### mwldeppc.exe Linker Warning:
#   Section '.ignored' is unknown. Section ignored.
### mwldeppc.exe Linker Warning:
#   Section '.ignored' is unknown. Section ignored.
### mwldeppc.exe Linker Warning:
#   Section '.ignored' is unknown. Section ignored.
### mwldeppc.exe Linker Warning:
#   Section '.ignored' is unknown. Section ignored.
### mwldeppc.exe Linker Warning:
#   Section '.ignored' is unknown. Section ignored.
### mwldeppc.exe Linker Warning:
#   Section '.ignored' is unknown. Section ignored.
### mwldeppc.exe Linker Warning:
#   Section '.ignored' is unknown. Section ignored.
### mwldeppc.exe Linker Warning:
#   Section '.ignored' is unknown. Section ignored.
### mwldeppc.exe Linker Warning:
#   Section '.ignored' is unknown. Section ignored.
### mwldeppc.exe Linker Warning:
#   Section '.ignored' is unknown. Section ignored.
### mwldeppc.exe Linker Warning:
#   Section '.ignored' is unknown. Section ignored.
### mwldeppc.exe Linker Warning:
#   Section '.ignored' is unknown. Section ignored.
### mwldeppc.exe Linker Warning:
#   Section '.ignored' is unknown. Section ignored.
### mwldeppc.exe Linker Warning:
#   Section '.ignored' is unknown. Section ignored.
### mwldeppc.exe Linker Warning:
#   Section '.ignored' is unknown. Section ignored.
### mwldeppc.exe Linker Warning:
#   Section '.ignored' is unknown. Section ignored.
### mwldeppc.exe Linker Warning:
#   Section '.ignored' is unknown. Section ignored.
### mwldeppc.exe Linker Warning:
#   Section '.ignored' is unknown. Section ignored.
### mwldeppc.exe Linker Warning:
#   Section '.ignored' is unknown. Section ignored.
### mwldeppc.exe Linker Warning:
#   Section '.ignored' is unknown. Section ignored.
### mwldeppc.exe Linker Warning:
#   Section '.ignored' is unknown. Section ignored.
### mwldeppc.exe Linker Warning:
#   Section '.ignored' is unknown. Section ignored.
### mwldeppc.exe Linker Warning:
#   Section '.ignored' is unknown. Section ignored.
### mwldeppc.exe Linker Warning:
#   Section '.ignored' is unknown. Section ignored.
### mwldeppc.exe Linker Warning:
#   Section '.ignored' is unknown. Section ignored.
### mwldeppc.exe Linker Warning:
#   Section '.ignored' is unknown. Section ignored.
### mwldeppc.exe Linker Warning:
#   Section '.ignored' is unknown. Section ignored.
### mwldeppc.exe Linker Warning:
#   Section '.ignored' is unknown. Section ignored.
### mwldeppc.exe Linker Warning:
#   Section '.ignored' is unknown. Section ignored.
### mwldeppc.exe Linker Warning:
#   Section '.ignored' is unknown. Section ignored.
### mwldeppc.exe Linker Warning:
#   Section '.ignored' is unknown. Section ignored.
### mwldeppc.exe Linker Warning:
#   Section '.ignored' is unknown. Section ignored.
### mwldeppc.exe Linker Warning:
#   Section '.ignored' is unknown. Section ignored.
### mwldeppc.exe Linker Warning:
#   Section '.ignored' is unknown. Section ignored.
### mwldeppc.exe Linker Warning:
#   Section '.ignored' is unknown. Section ignored.
### mwldeppc.exe Linker Warning:
#   Section '.ignored' is unknown. Section ignored.
### mwldeppc.exe Linker Warning:
#   Section '.ignored' is unknown. Section ignored.
### mwldeppc.exe Linker Warning:
#   Section '.ignored' is unknown. Section ignored.
### mwldeppc.exe Linker Warning:
#   Section '.ignored' is unknown. Section ignored.
### mwldeppc.exe Linker Warning:
#   Section '.ignored' is unknown. Section ignored.
### mwldeppc.exe Linker Warning:
#   Section '.ignored' is unknown. Section ignored.
### mwldeppc.exe Linker Warning:
#   Section '.ignored' is unknown. Section ignored.
### mwldeppc.exe Linker Warning:
#   Section '.ignored' is unknown. Section ignored.
### mwldeppc.exe Linker Warning:
#   Section '.ignored' is unknown. Section ignored.
### mwldeppc.exe Linker Warning:
#   Section '.ignored' is unknown. Section ignored.
### mwldeppc.exe Linker Warning:
#   Section '.ignored' is unknown. Section ignored.
### mwldeppc.exe Linker Warning:
#   Section '.ignored' is unknown. Section ignored.
### mwldeppc.exe Linker Warning:
#   Section '.ignored' is unknown. Section ignored.
### mwldeppc.exe Linker Warning:
#   Section '.ignored' is unknown. Section ignored.
### mwldeppc.exe Linker Warning:
#   Section '.ignored' is unknown. Section ignored.
### mwldeppc.exe Linker Warning:
#   Section '.ignored' is unknown. Section ignored.
### mwldeppc.exe Linker Warning:
#   Section '.ignored' is unknown. Section ignored.
### mwldeppc.exe Linker Warning:
#   Section '.ignored' is unknown. Section ignored.
### mwldeppc.exe Linker Warning:
#   Section '.ignored' is unknown. Section ignored.
### mwldeppc.exe Linker Warning:
#   Section '.ignored' is unknown. Section ignored.
### mwldeppc.exe Linker Warning:
#   Section '.ignored' is unknown. Section ignored.
### mwldeppc.exe Linker Warning:
#   Section '.ignored' is unknown. Section ignored.
### mwldeppc.exe Linker Warning:
#   Section '.ignored' is unknown. Section ignored.
### mwldeppc.exe Linker Warning:
#   Section '.ignored' is unknown. Section ignored.
### mwldeppc.exe Linker Warning:
#   Section '.ignored' is unknown. Section ignored.
### mwldeppc.exe Linker Warning:
#   Section '.ignored' is unknown. Section ignored.
### mwldeppc.exe Linker Warning:
#   Section '.ignored' is unknown. Section ignored.
### mwldeppc.exe Linker Warning:
#   Section '.ignored' is unknown. Section ignored.
### mwldeppc.exe Linker Warning:
#   Section '.ignored' is unknown. Section ignored.
### mwldeppc.exe Linker Warning:
#   Section '.ignored' is unknown. Section ignored.
### mwldeppc.exe Linker Warning:
#   Section '.ignored' is unknown. Section ignored.
### mwldeppc.exe Linker Warning:
#   Section '.ignored' is unknown. Section ignored.
### mwldeppc.exe Linker Warning:
#   Section '.ignored' is unknown. Section ignored.
### mwldeppc.exe Linker Warning:
#   Section '.ignored' is unknown. Section ignored.
### mwldeppc.exe Linker Warning:
#   Section '.ignored' is unknown. Section ignored.
### mwldeppc.exe Linker Warning:
#   Section '.ignored' is unknown. Section ignored.
### mwldeppc.exe Linker Warning:
#   Section '.ignored' is unknown. Section ignored.
### mwldeppc.exe Linker Warning:
#   Section '.ignored' is unknown. Section ignored.
### mwldeppc.exe Linker Warning:
#   Section '.ignored' is unknown. Section ignored.
### mwldeppc.exe Linker Warning:
#   Section '.ignored' is unknown. Section ignored.
### mwldeppc.exe Linker Warning:
#   Section '.ignored' is unknown. Section ignored.
### mwldeppc.exe Linker Warning:
#   Section '.ignored' is unknown. Section ignored.
### mwldeppc.exe Linker Warning:
#   Section '.ignored' is unknown. Section ignored.
### mwldeppc.exe Linker Warning:
#   Section '.ignored' is unknown. Section ignored.
### mwldeppc.exe Linker Warning:
#   Section '.ignored' is unknown. Section ignored.
### mwldeppc.exe Linker Warning:
#   Section '.ignored' is unknown. Section ignored.
### mwldeppc.exe Linker Warning:
#   Section '.ignored' is unknown. Section ignored.
### mwldeppc.exe Linker Warning:
#   Section '.ignored' is unknown. Section ignored.
### mwldeppc.exe Linker Warning:
#   Section '.ignored' is unknown. Section ignored.
### mwldeppc.exe Linker Warning:
#   Section '.ignored' is unknown. Section ignored.
### mwldeppc.exe Linker Warning:
#   Section '.ignored' is unknown. Section ignored.
### mwldeppc.exe Linker Warning:
#   Section '.ignored' is unknown. Section ignored.
### mwldeppc.exe Linker Warning:
#   Section '.ignored' is unknown. Section ignored.
### mwldeppc.exe Linker Warning:
#   Section '.ignored' is unknown. Section ignored.
### mwldeppc.exe Linker Warning:
#   Section '.ignored' is unknown. Section ignored.
### mwldeppc.exe Linker Warning:
#   Section '.ignored' is unknown. Section ignored.
### mwldeppc.exe Linker Warning:
#   Section '.ignored' is unknown. Section ignored.
### mwldeppc.exe Linker Warning:
#   Section '.ignored' is unknown. Section ignored.
### mwldeppc.exe Linker Warning:
#   Section '.ignored' is unknown. Section ignored.
### mwldeppc.exe Linker Warning:
#   Section '.ignored' is unknown. Section ignored.
### mwldeppc.exe Linker Warning:
#   Section '.ignored' is unknown. Section ignored.
### mwldeppc.exe Linker Warning:
#   Section '.ignored' is unknown. Section ignored.
### mwldeppc.exe Linker Warning:
#   Section '.ignored' is unknown. Section ignored.
### mwldeppc.exe Linker Warning:
#   Section '.ignored' is unknown. Section ignored.
### mwldeppc.exe Linker Warning:
#   Section '.ignored' is unknown. Section ignored.
### mwldeppc.exe Linker Warning:
#   Section '.ignored' is unknown. Section ignored.
### mwldeppc.exe Linker Warning:
#   Section '.ignored' is unknown. Section ignored.
### mwldeppc.exe Linker Warning:
#   Section '.ignored' is unknown. Section ignored.
### mwldeppc.exe Linker Warning:
#   Section '.ignored' is unknown. Section ignored.
### mwldeppc.exe Linker Warning:
#   Section '.ignored' is unknown. Section ignored.
### mwldeppc.exe Linker Warning:
#   Section '.ignored' is unknown. Section ignored.
### mwldeppc.exe Linker Warning:
#   Section '.ignored' is unknown. Section ignored.
### mwldeppc.exe Linker Warning:
#   Section '.ignored' is unknown. Section ignored.
### mwldeppc.exe Linker Warning:
#   Section '.ignored' is unknown. Section ignored.
### mwldeppc.exe Linker Warning:
#   Section '.ignored' is unknown. Section ignored.
### mwldeppc.exe Linker Warning:
#   Section '.ignored' is unknown. Section ignored.
### mwldeppc.exe Linker Warning:
#   Section '.ignored' is unknown. Section ignored.
### mwldeppc.exe Linker Warning:
#   Section '.ignored' is unknown. Section ignored.
### mwldeppc.exe Linker Warning:
#   Section '.ignored' is unknown. Section ignored.
### mwldeppc.exe Linker Warning:
#   Section '.ignored' is unknown. Section ignored.
### mwldeppc.exe Linker Warning:
#   Section '.ignored' is unknown. Section ignored.
### mwldeppc.exe Linker Warning:
#   Section '.ignored' is unknown. Section ignored.
### mwldeppc.exe Linker Warning:
#   Section '.ignored' is unknown. Section ignored.
### mwldeppc.exe Linker Warning:
#   Section '.ignored' is unknown. Section ignored.
### mwldeppc.exe Linker Warning:
#   Section '.ignored' is unknown. Section ignored.
### mwldeppc.exe Linker Warning:
#   Section '.ignored' is unknown. Section ignored.
### mwldeppc.exe Linker Warning:
#   Section '.ignored' is unknown. Section ignored.
### mwldeppc.exe Linker Warning:
#   Section '.ignored' is unknown. Section ignored.
### mwldeppc.exe Linker Warning:
#   Section '.ignored' is unknown. Section ignored.
### mwldeppc.exe Linker Warning:
#   Section '.ignored' is unknown. Section ignored.
### mwldeppc.exe Linker Warning:
#   Section '.ignored' is unknown. Section ignored.
### mwldeppc.exe Linker Warning:
#   Section '.ignored' is unknown. Section ignored.
### mwldeppc.exe Linker Warning:
#   Section '.ignored' is unknown. Section ignored.
### mwldeppc.exe Linker Warning:
#   Section '.ignored' is unknown. Section ignored.
### mwldeppc.exe Linker Warning:
#   Section '.ignored' is unknown. Section ignored.
### mwldeppc.exe Linker Warning:
#   Section '.ignored' is unknown. Section ignored.
### mwldeppc.exe Linker Warning:
#   Section '.ignored' is unknown. Section ignored.
### mwldeppc.exe Linker Warning:
#   Section '.ignored' is unknown. Section ignored.
### mwldeppc.exe Linker Warning:
#   Section '.ignored' is unknown. Section ignored.
### mwldeppc.exe Linker Warning:
#   Section '.ignored' is unknown. Section ignored.
### mwldeppc.exe Linker Warning:
#   Section '.ignored' is unknown. Section ignored.
### mwldeppc.exe Linker Warning:
#   Section '.ignored' is unknown. Section ignored.
### mwldeppc.exe Linker Warning:
#   Section '.ignored' is unknown. Section ignored.
### mwldeppc.exe Linker Warning:
#   Section '.ignored' is unknown. Section ignored.
### mwldeppc.exe Linker Warning:
#   Section '.ignored' is unknown. Section ignored.
### mwldeppc.exe Linker Warning:
#   Section '.ignored' is unknown. Section ignored.
### mwldeppc.exe Linker Warning:
#   Section '.ignored' is unknown. Section ignored.
### mwldeppc.exe Linker Warning:
#   Section '.ignored' is unknown. Section ignored.
### mwldeppc.exe Linker Warning:
#   Section '.ignored' is unknown. Section ignored.
### mwldeppc.exe Linker Warning:
#   Section '.ignored' is unknown. Section ignored.
### mwldeppc.exe Linker Warning:
#   Section '.ignored' is unknown. Section ignored.
### mwldeppc.exe Linker Warning:
#   Section '.ignored' is unknown. Section ignored.
### mwldeppc.exe Linker Warning:
#   Section '.ignored' is unknown. Section ignored.
### mwldeppc.exe Linker Warning:
#   Section '.ignored' is unknown. Section ignored.
### mwldeppc.exe Linker Warning:
#   Section '.ignored' is unknown. Section ignored.
### mwldeppc.exe Linker Warning:
#   Section '.ignored' is unknown. Section ignored.
[963/965] DOL build/GEDE01/main.dol
[964/965] CHECK config/GEDE01/build.sha1
build/GEDE01/main.dol: OK
[965/965] PROGRESS
Progress:
  All: 61.07% fuzzy, 51.42% matched, 51.29% linked (6374 / 7088 files)
    Code: 1183084 / 2300692 bytes (6142 / 8214 functions)
    Data: 39886 / 4305642 bytes (0.93%)
  Game Code: 98.02% fuzzy, 82.50% matched, 82.30% linked (6356 / 6652 files)
    Code: 1180056 / 1430300 bytes (6080 / 6373 functions)
    Data: 39662 / 40542 bytes (97.83%)
  SDK/Runtime: 100.00% fuzzy, 100.00% matched, 100.00% linked (18 / 18 files)
    Code: 3028 / 3028 bytes (62 / 62 functions)
    Data: 224 / 224 bytes (100.00%)
