[1/954] MWCC build/GEDE01/src/game/game_fn_800094C0.o
[2/954] MWCC build/GEDE01/src/game/game_fn_80008014.o
[3/954] MWCC build/GEDE01/src/game/game_fn_800098C0.o
[4/954] MWCC build/GEDE01/src/game/game_fn_800096E0.o
[5/954] MWCC build/GEDE01/src/game/game_fn_800099D8.o
[6/954] MWCC build/GEDE01/src/game/game_fn_80009AB4.o
[7/954] MWCC build/GEDE01/src/game/game_fn_8000A26C.o
[8/954] MWCC build/GEDE01/src/game/game_fn_8000AC88.o
[9/954] MWCC build/GEDE01/src/game/game_fn_8000AEB4.o
[10/954] MWCC build/GEDE01/src/game/game_fn_8000AFB4.o
[11/954] MWCC build/GEDE01/src/game/game_fn_8000B1B8.o
[12/954] MWCC build/GEDE01/src/game/game_fn_8000B36C.o
[13/954] MWCC build/GEDE01/src/game/game_fn_8000B630.o
[14/954] MWCC build/GEDE01/src/game/game_fn_8000B7FC.o
[15/954] MWCC build/GEDE01/src/game/game_fn_8000B900.o
[16/954] MWCC build/GEDE01/src/game/game_fn_8000BA0C.o
[17/954] MWCC build/GEDE01/src/game/game_fn_8000BAA0.o
[18/954] MWCC build/GEDE01/src/game/game_fn_8000BC40.o
[19/954] MWCC build/GEDE01/src/game/game_fn_8000C17C.o
[20/954] MWCC build/GEDE01/src/game/game_fn_8000C06C.o
[21/954] MWCC build/GEDE01/src/game/game_fn_8000C400.o
[22/954] MWCC build/GEDE01/src/game/game_fn_8000C848.o
[23/954] MWCC build/GEDE01/src/game/game_fn_8000C91C.o
[24/954] MWCC build/GEDE01/src/game/game_fn_8000D0BC.o
[25/954] MWCC build/GEDE01/src/game/game_fn_8000D3D4.o
[26/954] MWCC build/GEDE01/src/game/game_fn_8000D590.o
[27/954] MWCC build/GEDE01/src/game/game_fn_8000D8A4.o
[28/954] MWCC build/GEDE01/src/game/game_fn_8000DA50.o
[29/954] MWCC build/GEDE01/src/game/game_fn_8000DAF4.o
[30/954] MWCC build/GEDE01/src/game/game_fn_8000E054.o
[31/954] MWCC build/GEDE01/src/game/game_fn_8000E0AC.o
[32/954] MWCC build/GEDE01/src/game/game_fn_8000E138.o
[33/954] MWCC build/GEDE01/src/game/game_fn_8000E1C4.o
[34/954] MWCC build/GEDE01/src/game/game_fn_8000E96C.o
[35/954] MWCC build/GEDE01/src/game/game_fn_8000EB14.o
[36/954] MWCC build/GEDE01/src/game/game_fn_8000EBD4.o
[37/954] MWCC build/GEDE01/src/game/game_fn_8000ED44.o
[38/954] MWCC build/GEDE01/src/game/game_fn_8000EFC4.o
[39/954] MWCC build/GEDE01/src/game/game_fn_8000F4B0.o
[40/954] MWCC build/GEDE01/src/game/game_fn_8000F774.o
[41/954] MWCC build/GEDE01/src/game/game_fn_8000FDE8.o
[42/954] MWCC build/GEDE01/src/game/game_fn_8000FFD8.o
[43/954] MWCC build/GEDE01/src/game/game_fn_800119FC.o
[44/954] MWCC build/GEDE01/src/game/game_fn_80012DA8.o
[45/954] MWCC build/GEDE01/src/game/game_fn_80012FD0.o
[46/954] MWCC build/GEDE01/src/game/game_fn_80012F40.o
[47/954] MWCC build/GEDE01/src/game/game_fn_800131E8.o
[48/954] MWCC build/GEDE01/src/game/game_fn_80013340.o
[49/954] MWCC build/GEDE01/src/game/game_fn_80013CB0.o
[50/954] MWCC build/GEDE01/src/game/game_fn_80013870.o
[51/954] MWCC build/GEDE01/src/game/game_fn_800142DC.o
[52/954] MWCC build/GEDE01/src/game/game_fn_80013D54.o
[53/954] MWCC build/GEDE01/src/game/game_fn_800144CC.o
[54/954] MWCC build/GEDE01/src/game/game_fn_80014784.o
[55/954] MWCC build/GEDE01/src/game/game_fn_800149D4.o
[56/954] MWCC build/GEDE01/src/game/game_fn_80015058.o
[57/954] MWCC build/GEDE01/src/game/game_fn_80015320.o
[58/954] MWCC build/GEDE01/src/game/game_fn_80015568.o
[59/954] MWCC build/GEDE01/src/game/game_fn_800156FC.o
[60/954] MWCC build/GEDE01/src/game/game_fn_80015BE0.o
[61/954] MWCC build/GEDE01/src/game/game_fn_80015D40.o
[62/954] MWCC build/GEDE01/src/game/game_fn_80015F04.o
[63/954] MWCC build/GEDE01/src/game/game_fn_80016128.o
[64/954] MWCC build/GEDE01/src/game/game_fn_80016270.o
[65/954] MWCC build/GEDE01/src/game/game_fn_80016904.o
[66/954] MWCC build/GEDE01/src/game/game_fn_80016B24.o
[67/954] MWCC build/GEDE01/src/game/game_fn_800171C0.o
[68/954] MWCC build/GEDE01/src/game/game_fn_800173CC.o
[69/954] MWCC build/GEDE01/src/game/game_fn_800176F0.o
[70/954] MWCC build/GEDE01/src/game/game_fn_80017910.o
[71/954] MWCC build/GEDE01/src/game/game_fn_800179AC.o
[72/954] MWCC build/GEDE01/src/game/game_fn_80017AE4.o
[73/954] MWCC build/GEDE01/src/game/game_fn_80017A3C.o
[74/954] MWCC build/GEDE01/src/game/game_fn_80017CC8.o
[75/954] MWCC build/GEDE01/src/game/game_fn_80017C3C.o
[76/954] MWCC build/GEDE01/src/game/game_fn_80017DB0.o
[77/954] MWCC build/GEDE01/src/game/game_fn_80018EF4.o
[78/954] MWCC build/GEDE01/src/game/game_fn_80019054.o
[79/954] MWCC build/GEDE01/src/game/game_fn_80019244.o
[80/954] MWCC build/GEDE01/src/game/game_fn_800194D0.o
[81/954] MWCC build/GEDE01/src/game/game_fn_80019940.o
[82/954] MWCC build/GEDE01/src/game/game_fn_80019C10.o
[83/954] MWCC build/GEDE01/src/game/game_fn_80019D2C.o
[84/954] MWCC build/GEDE01/src/game/game_fn_80019F98.o
[85/954] MWCC build/GEDE01/src/game/game_fn_8001A6C4.o
[86/954] MWCC build/GEDE01/src/game/game_fn_8001AAB8.o
[87/954] MWCC build/GEDE01/src/game/game_fn_8001ADF8.o
[88/954] MWCC build/GEDE01/src/game/game_fn_8001AF68.o
[89/954] MWCC build/GEDE01/src/game/game_fn_8001B124.o
[90/954] MWCC build/GEDE01/src/game/game_fn_8001B294.o
[91/954] MWCC build/GEDE01/src/game/game_fn_8001B808.o
[92/954] MWCC build/GEDE01/src/game/game_fn_8001B874.o
[93/954] MWCC build/GEDE01/src/game/game_fn_8001C078.o
[94/954] MWCC build/GEDE01/src/game/game_fn_8001CA04.o
[95/954] MWCC build/GEDE01/src/game/game_fn_8001CD58.o
[96/954] MWCC build/GEDE01/src/game/game_fn_8001CE94.o
[97/954] MWCC build/GEDE01/src/game/game_fn_8001E644.o
[98/954] MWCC build/GEDE01/src/game/game_fn_8001FE1C.o
[99/954] MWCC build/GEDE01/src/game/game_fn_80020E94.o
[100/954] MWCC build/GEDE01/src/game/game_fn_800272B4.o
[101/954] MWCC build/GEDE01/src/game/game_fn_80024F28.o
[102/954] MWCC build/GEDE01/src/game/game_fn_8002B748.o
[103/954] MWCC build/GEDE01/src/game/game_fn_8002DAE0.o
[104/954] MWCC build/GEDE01/src/game/game_fn_8002EA68.o
[105/954] MWCC build/GEDE01/src/game/game_fn_8002E3F0.o
[106/954] MWCC build/GEDE01/src/game/game_fn_8002F428.o
[107/954] MWCC build/GEDE01/src/game/game_fn_80031544.o
[108/954] MWCC build/GEDE01/src/game/game_fn_8003232C.o
[109/954] MWCC build/GEDE01/src/game/game_fn_80032B84.o
[110/954] MWCC build/GEDE01/src/game/game_fn_80033038.o
[111/954] MWCC build/GEDE01/src/game/game_fn_80033180.o
[112/954] MWCC build/GEDE01/src/game/game_fn_800359A0.o
[113/954] MWCC build/GEDE01/src/game/game_fn_800361F8.o
[114/954] MWCC build/GEDE01/src/game/game_fn_80036C40.o
[115/954] MWCC build/GEDE01/src/game/game_fn_80038878.o
[116/954] MWCC build/GEDE01/src/game/game_fn_80048ADC.o
[117/954] MWCC build/GEDE01/src/game/game_fn_80048B24.o
[118/954] MWCC build/GEDE01/src/game/game_fn_8004998C.o
[119/954] MWCC build/GEDE01/src/game/game_fn_80050B08.o
[120/954] MWCC build/GEDE01/src/game/game_fn_80052310.o
[121/954] MWCC build/GEDE01/src/game/game_fn_800542D0.o
[122/954] MWCC build/GEDE01/src/game/game_fn_8005EC6C.o
[123/954] MWCC build/GEDE01/src/game/game_fn_8005EE9C.o
[124/954] MWCC build/GEDE01/src/game/game_fn_8005EF94.o
[125/954] MWCC build/GEDE01/src/game/game_data_80239E10.o
[126/954] MWCC build/GEDE01/src/game/game_data_80239E18.o
[127/954] MWCC build/GEDE01/src/game/game_fn_8005FD84.o
[128/954] MWCC build/GEDE01/src/game/game_fn_80066E78.o
[129/954] MWCC build/GEDE01/src/game/game_fn_80066888.o
[130/954] MWCC build/GEDE01/src/game/game_fn_8006B0F0.o
[131/954] MWCC build/GEDE01/src/game/game_fn_8006B620.o
[132/954] MWCC build/GEDE01/src/game/game_fn_80071A58.o
[133/954] MWCC build/GEDE01/src/game/game_fn_8006E53C.o
[134/954] MWCC build/GEDE01/src/game/game_fn_80074310.o
[135/954] MWCC build/GEDE01/src/game/game_fn_80078500.o
[136/954] MWCC build/GEDE01/src/game/game_fn_80079AA4.o
[137/954] MWCC build/GEDE01/src/game/game_fn_80079908.o
[138/954] MWCC build/GEDE01/src/game/game_fn_8007B540.o
[139/954] MWCC build/GEDE01/src/game/game_fn_8007B2F4.o
[140/954] MWCC build/GEDE01/src/game/game_fn_8007B828.o
[141/954] MWCC build/GEDE01/src/game/game_fn_8007B640.o
[142/954] MWCC build/GEDE01/src/game/game_fn_8007BA3C.o
[143/954] MWCC build/GEDE01/src/game/game_fn_8007D4D8.o
[144/954] MWCC build/GEDE01/src/game/game_fn_8007F770.o
[145/954] MWCC build/GEDE01/src/game/game_fn_80088060.o
[146/954] MWCC build/GEDE01/src/game/game_fn_800886D8.o
[147/954] MWCC build/GEDE01/src/game/game_fn_80088F4C.o
[148/954] MWCC build/GEDE01/src/game/game_fn_80089A34.o
[149/954] MWCC build/GEDE01/src/game/game_fn_8008A2E0.o
[150/954] MWCC build/GEDE01/src/game/game_fn_8008F890.o
[151/954] MWCC build/GEDE01/src/game/game_fn_8008F224.o
[152/954] MWCC build/GEDE01/src/game/game_fn_800934A0.o
[153/954] MWCC build/GEDE01/src/game/game_fn_80090004.o
[154/954] MWCC build/GEDE01/src/game/game_fn_80095D10.o
[155/954] MWCC build/GEDE01/src/game/game_fn_80095E64.o
[156/954] MWCC build/GEDE01/src/game/game_fn_80095FDC.o
[157/954] MWCC build/GEDE01/src/game/game_fn_80096830.o
[158/954] MWCC build/GEDE01/src/game/game_fn_8009C424.o
[159/954] MWCC build/GEDE01/src/game/game_fn_8009E808.o
[160/954] MWCC build/GEDE01/src/game/game_fn_800A2130.o
[161/954] MWCC build/GEDE01/src/game/game_fn_800A2B8C.o
[162/954] MWCC build/GEDE01/src/game/game_fn_800A2FCC.o
[163/954] MWCC build/GEDE01/src/game/game_fn_800A3180.o
[164/954] MWCC build/GEDE01/src/game/game_fn_800A3894.o
[165/954] MWCC build/GEDE01/src/game/game_fn_800A4428.o
[166/954] MWCC build/GEDE01/src/game/game_fn_800A4798.o
[167/954] MWCC build/GEDE01/src/game/game_fn_800A7E88.o
[168/954] MWCC build/GEDE01/src/game/game_fn_800AF230.o
[169/954] MWCC build/GEDE01/src/game/game_fn_800B2EC0.o
[170/954] MWCC build/GEDE01/src/game/game_fn_800BB5C4.o
[171/954] MWCC build/GEDE01/src/game/game_fn_800BB7A8.o
[172/954] MWCC build/GEDE01/src/game/game_fn_800BB9A4.o
[173/954] MWCC build/GEDE01/src/game/game_fn_800BBAF0.o
[174/954] MWCC build/GEDE01/src/game/game_fn_800C17EC.o
[175/954] MWCC build/GEDE01/src/game/game_fn_800C030C.o
[176/954] MWCC build/GEDE01/src/game/game_fn_800C59F0.o
[177/954] MWCC build/GEDE01/src/game/game_fn_800C644C.o
[178/954] MWCC build/GEDE01/src/game/game_fn_800C65FC.o
[179/954] MWCC build/GEDE01/src/game/game_fn_800C9C60.o
[180/954] MWCC build/GEDE01/src/game/game_fn_800CB760.o
[181/954] MWCC build/GEDE01/src/game/game_fn_800CB8F4.o
[182/954] MWCC build/GEDE01/src/game/game_fn_800CF598.o
[183/954] MWCC build/GEDE01/src/game/game_fn_800D9064.o
[184/954] MWCC build/GEDE01/src/game/game_fn_800D9E10.o
[185/954] MWCC build/GEDE01/src/game/game_fn_800E4980.o
[186/954] MWCC build/GEDE01/src/game/game_fn_800DC4D4.o
[187/954] MWCC build/GEDE01/src/game/game_TRKNubWelcome.o
[188/954] MWCC build/GEDE01/src/game/game_TRK_main.o
[189/954] MWCC build/GEDE01/src/game/game_InitMetroTRKCommTable.o
[190/954] MWCC build/GEDE01/src/game/game_fn_800FD0C8.o
[191/954] MWCC build/GEDE01/src/game/game_fn_8010242C.o
[192/954] MWCC build/GEDE01/src/game/game_fn_801098C0.o
[193/954] MWCC build/GEDE01/src/game/game_fn_8010F184.o
[194/954] MWCC build/GEDE01/src/game/game_fn_801126E0.o
[195/954] MWCC build/GEDE01/src/game/game_fn_801128E4.o
[196/954] MWCC build/GEDE01/src/game/game_fn_801141B8.o
[197/954] MWCC build/GEDE01/src/game/game_fn_80119C70.o
[198/954] MWCC build/GEDE01/src/game/game_fn_8011F140.o
[199/954] MWCC build/GEDE01/src/game/game_fn_801247F8.o
[200/954] MWCC build/GEDE01/src/game/game_fn_80126A00.o
[201/954] MWCC build/GEDE01/src/game/game_fn_8012976C.o
[202/954] MWCC build/GEDE01/src/game/game_fn_8012DB28.o
[203/954] MWCC build/GEDE01/src/game/game_fn_8013CBE4.o
[204/954] MWCC build/GEDE01/src/game/game_fn_8013D6A4.o
[205/954] MWCC build/GEDE01/src/game/game_fn_8013DB8C.o
[206/954] MWCC build/GEDE01/src/game/game_fn_8014549C.o
[207/954] MWCC build/GEDE01/src/game/game_fn_8014AF38.o
[208/954] MWCC build/GEDE01/src/game/game_fn_8014B494.o
[209/954] MWCC build/GEDE01/src/game/game_fn_8014BA14.o
[210/954] MWCC build/GEDE01/src/game/game_fn_8014CA98.o
[211/954] MWCC build/GEDE01/src/game/game_fn_80150400.o
[212/954] MWCC build/GEDE01/src/game/game_fn_80150F20.o
[213/954] MWCC build/GEDE01/src/game/game_fn_80150A24.o
[214/954] MWCC build/GEDE01/src/game/game_fn_80151600.o
[215/954] MWCC build/GEDE01/src/game/game_fn_80151D00.o
[216/954] MWCC build/GEDE01/src/game/game_fn_801535D8.o
[217/954] MWCC build/GEDE01/src/game/game_fn_80153898.o
[218/954] MWCC build/GEDE01/src/game/game_fn_80153A24.o
[219/954] MWCC build/GEDE01/src/game/game_fn_80154F74.o
[220/954] MWCC build/GEDE01/src/game/game_fn_80155814.o
[221/954] MWCC build/GEDE01/src/game/game_fn_80157C0C.o
[222/954] MWCC build/GEDE01/src/game/game_fn_80158B20.o
[223/954] MWCC build/GEDE01/src/game/game_fn_80158D38.o
[224/954] MWCC build/GEDE01/src/game/game_fn_8015DB84.o
[225/954] MWCC build/GEDE01/src/game/game_fn_8015DC54.o
[226/954] MWCC build/GEDE01/src/game/game_fn_8015EDC0.o
[227/954] MWCC build/GEDE01/src/game/game_fn_80167454.o
[228/954] MWCC build/GEDE01/src/game/game_fn_80167B5C.o
[229/954] MWCC build/GEDE01/src/game/game_fn_80169650.o
[230/954] MWCC build/GEDE01/src/game/game_fn_8016BD0C.o
[231/954] MWCC build/GEDE01/src/game/game_fn_8016BE1C.o
[232/954] MWCC build/GEDE01/src/game/game_fn_8016BF60.o
[233/954] MWCC build/GEDE01/src/game/game_fn_8016C0BC.o
[234/954] MWCC build/GEDE01/src/game/game_fn_8016C164.o
[235/954] MWCC build/GEDE01/src/game/game_fn_8016C4BC.o
[236/954] MWCC build/GEDE01/src/game/game_fn_8016C238.o
[237/954] MWCC build/GEDE01/src/game/game_fn_8016C774.o
[238/954] MWCC build/GEDE01/src/game/game_fn_8016D040.o
[239/954] MWCC build/GEDE01/src/game/game_fn_8016D1F8.o
[240/954] MWCC build/GEDE01/src/game/game_fn_8016D2B8.o
[241/954] MWCC build/GEDE01/src/game/game_fn_8016DF4C.o
[242/954] MWCC build/GEDE01/src/game/game_fn_8016D9C0.o
[243/954] MWCC build/GEDE01/src/game/game_fn_8016E8F8.o
[244/954] MWCC build/GEDE01/src/game/game_fn_8016FEF8.o
[245/954] MWCC build/GEDE01/src/game/game_fn_8017038C.o
[246/954] MWCC build/GEDE01/src/game/game_fn_801704F8.o
[247/954] MWCC build/GEDE01/src/game/game_fn_801706DC.o
[248/954] MWCC build/GEDE01/src/game/game_fn_80170A40.o
[249/954] MWCC build/GEDE01/src/game/game_fn_80170DF4.o
[250/954] MWCC build/GEDE01/src/game/game_fn_80170E9C.o
[251/954] MWCC build/GEDE01/src/game/game_fn_8017138C.o
[252/954] MWCC build/GEDE01/src/game/game_fn_80171664.o
[253/954] MWCC build/GEDE01/src/game/game_fn_801718F4.o
[254/954] MWCC build/GEDE01/src/game/game_fn_801719B4.o
[255/954] MWCC build/GEDE01/src/game/game_fn_80171F30.o
[256/954] MWCC build/GEDE01/src/game/game_fn_801726EC.o
[257/954] MWCC build/GEDE01/src/game/game_fn_8017250C.o
[258/954] MWCC build/GEDE01/src/game/game_fn_80172C78.o
[259/954] MWCC build/GEDE01/src/game/game_fn_80172BB0.o
[260/954] MWCC build/GEDE01/src/game/game_fn_80173270.o
[261/954] MWCC build/GEDE01/src/game/game_fn_80172DB8.o
[262/954] MWCC build/GEDE01/src/game/game_fn_801734B4.o
[263/954] MWCC build/GEDE01/src/game/game_fn_80173770.o
[264/954] MWCC build/GEDE01/src/game/game_fn_80173BDC.o
[265/954] MWCC build/GEDE01/src/game/game_fn_80173D44.o
[266/954] MWCC build/GEDE01/src/game/game_fn_80173F04.o
[267/954] MWCC build/GEDE01/src/game/game_fn_80174184.o
[268/954] MWCC build/GEDE01/src/game/game_fn_80174358.o
[269/954] MWCC build/GEDE01/src/game/game_fn_80174F2C.o
[270/954] MWCC build/GEDE01/src/game/game_fn_801752B0.o
[271/954] MWCC build/GEDE01/src/game/game_fn_8017553C.o
[272/954] MWCC build/GEDE01/src/game/game_fn_80175A08.o
[273/954] MWCC build/GEDE01/src/game/game_fn_80175E64.o
[274/954] MWCC build/GEDE01/src/game/game_fn_80175F0C.o
[275/954] MWCC build/GEDE01/src/game/game_fn_80175FD4.o
[276/954] MWCC build/GEDE01/src/game/game_fn_80176098.o
[277/954] MWCC build/GEDE01/src/game/game_fn_80176160.o
[278/954] MWCC build/GEDE01/src/game/game_fn_80176220.o
[279/954] MWCC build/GEDE01/src/game/game_fn_801762E8.o
[280/954] MWCC build/GEDE01/src/game/game_fn_80176DF4.o
[281/954] MWCC build/GEDE01/src/game/game_fn_8017652C.o
[282/954] MWCC build/GEDE01/src/game/game_fn_80176FA0.o
[283/954] MWCC build/GEDE01/src/game/game_fn_801770F8.o
[284/954] MWCC build/GEDE01/src/game/game_fn_8017718C.o
[285/954] MWCC build/GEDE01/src/game/game_fn_80177434.o
[286/954] MWCC build/GEDE01/src/game/game_fn_80178F88.o
[287/954] MWCC build/GEDE01/src/game/game_fn_80179398.o
[288/954] MWCC build/GEDE01/src/game/game_fn_8017960C.o
[289/954] MWCC build/GEDE01/src/game/game_fn_8017974C.o
[290/954] MWCC build/GEDE01/src/game/game_fn_80179904.o
[291/954] MWCC build/GEDE01/src/game/game_fn_80179A18.o
[292/954] MWCC build/GEDE01/src/game/game_fn_80179A74.o
[293/954] MWCC build/GEDE01/src/game/game_fn_80179EB8.o
[294/954] MWCC build/GEDE01/src/game/game_fn_80179F20.o
[295/954] MWCC build/GEDE01/src/game/game_fn_8017A010.o
[296/954] MWCC build/GEDE01/src/game/game_fn_8017A12C.o
[297/954] MWCC build/GEDE01/src/game/game_fn_8017A1C0.o
[298/954] MWCC build/GEDE01/src/game/game_fn_8017A9B8.o
[299/954] MWCC build/GEDE01/src/game/game_fn_8017AC20.o
[300/954] MWCC build/GEDE01/src/game/game_fn_8017E850.o
[301/954] MWCC build/GEDE01/src/game/game_fn_8017E958.o
[302/954] MWCC build/GEDE01/src/game/game_fn_80180DDC.o
[303/954] MWCC build/GEDE01/src/game/game_fn_801816D4.o
[304/954] MWCC build/GEDE01/src/game/game_fn_801810A0.o
[305/954] MWCC build/GEDE01/src/game/game_fn_801857B4.o
[306/954] MWCC build/GEDE01/src/game/game_fn_801859FC.o
[307/954] MWCC build/GEDE01/src/game/game_fn_80185AE8.o
[308/954] MWCC build/GEDE01/src/game/game_fn_80185F10.o
[309/954] MWCC build/GEDE01/src/game/game_fn_801861C4.o
[310/954] MWCC build/GEDE01/src/game/game_fn_801865EC.o
[311/954] MWCC build/GEDE01/src/game/game_fn_8018680C.o
[312/954] MWCC build/GEDE01/src/game/game_fn_80186E10.o
[313/954] MWCC build/GEDE01/src/game/game_fn_80186F70.o
[314/954] MWCC build/GEDE01/src/game/game_fn_80187120.o
[315/954] MWCC build/GEDE01/src/game/game_fn_80187320.o
[316/954] MWCC build/GEDE01/src/game/game_fn_801875FC.o
[317/954] MWCC build/GEDE01/src/game/game_fn_80187BB4.o
[318/954] MWCC build/GEDE01/src/game/game_fn_801878E0.o
[319/954] MWCC build/GEDE01/src/game/game_fn_80188A7C.o
[320/954] MWCC build/GEDE01/src/game/game_fn_80187E40.o
[321/954] MWCC build/GEDE01/src/game/game_fn_80188B44.o
[322/954] MWCC build/GEDE01/src/game/game_fn_80188C1C.o
[323/954] MWCC build/GEDE01/src/game/game_fn_80188E28.o
[324/954] MWCC build/GEDE01/src/game/game_fn_80189028.o
[325/954] MWCC build/GEDE01/src/game/game_fn_801891D8.o
[326/954] MWCC build/GEDE01/src/game/game_fn_80189390.o
[327/954] MWCC build/GEDE01/src/game/game_fn_801896A0.o
[328/954] MWCC build/GEDE01/src/game/game_fn_801895E8.o
[329/954] MWCC build/GEDE01/src/game/game_fn_80189760.o
[330/954] MWCC build/GEDE01/src/game/game_fn_80189968.o
[331/954] MWCC build/GEDE01/src/game/game_fn_80189C14.o
[332/954] MWCC build/GEDE01/src/game/game_fn_8018C2D0.o
[333/954] MWCC build/GEDE01/src/game/game_fn_8018D1F0.o
[334/954] MWCC build/GEDE01/src/game/game_fn_8018D2E0.o
[335/954] MWCC build/GEDE01/src/game/game_fn_8018D400.o
[336/954] MWCC build/GEDE01/src/game/game_fn_8018D688.o
[337/954] MWCC build/GEDE01/src/game/game_fn_8018DC24.o
[338/954] MWCC build/GEDE01/src/game/game_fn_8018E0D8.o
[339/954] MWCC build/GEDE01/src/game/game_fn_8018F1D0.o
[340/954] MWCC build/GEDE01/src/game/game_fn_8018F81C.o
[341/954] MWCC build/GEDE01/src/game/game_fn_8018FEDC.o
[342/954] MWCC build/GEDE01/src/game/game_fn_8019120C.o
[343/954] MWCC build/GEDE01/src/game/game_fn_80191360.o
[344/954] MWCC build/GEDE01/src/game/game_fn_801916D0.o
[345/954] MWCC build/GEDE01/src/game/game_fn_8019197C.o
[346/954] MWCC build/GEDE01/src/game/game_fn_80191F58.o
[347/954] MWCC build/GEDE01/src/game/game_fn_801929A4.o
[348/954] MWCC build/GEDE01/src/game/game_fn_801926EC.o
[349/954] MWCC build/GEDE01/src/game/game_fn_80192F54.o
[350/954] MWCC build/GEDE01/src/game/game_fn_801931C4.o
[351/954] MWCC build/GEDE01/src/game/game_fn_80193E1C.o
[352/954] MWCC build/GEDE01/src/game/game_fn_80193F3C.o
[353/954] MWCC build/GEDE01/src/game/game_fn_80194F80.o
[354/954] MWCC build/GEDE01/src/game/game_fn_801952E8.o
[355/954] MWCC build/GEDE01/src/game/game_fn_80197910.o
[356/954] MWCC build/GEDE01/src/game/game_fn_80198154.o
[357/954] MWCC build/GEDE01/src/game/game_fn_80198AAC.o
[358/954] MWCC build/GEDE01/src/game/game_fn_80198BF4.o
[359/954] MWCC build/GEDE01/src/game/game_fn_8019B1BC.o
[360/954] MWCC build/GEDE01/src/game/game_fn_801991E0.o
[361/954] MWCC build/GEDE01/src/game/game_fn_8019CC28.o
[362/954] MWCC build/GEDE01/src/game/game_fn_8019CFC4.o
[363/954] MWCC build/GEDE01/src/game/game_fn_8019E5E4.o
[364/954] MWCC build/GEDE01/src/game/game_fn_8019E8C8.o
[365/954] MWCC build/GEDE01/src/game/game_fn_801A1F18.o
[366/954] MWCC build/GEDE01/src/game/game_fn_801A1F8C.o
[367/954] MWCC build/GEDE01/src/game/game_fn_801A2A54.o
[368/954] MWCC build/GEDE01/src/game/game_fn_801A34BC.o
[369/954] MWCC build/GEDE01/src/game/game_fn_801A3A78.o
[370/954] MWCC build/GEDE01/src/game/game_fn_801A4430.o
[371/954] MWCC build/GEDE01/src/game/game_fn_801A4CE0.o
[372/954] MWCC build/GEDE01/src/game/game_fn_801A5FB0.o
[373/954] MWCC build/GEDE01/src/game/game_fn_801A6350.o
[374/954] MWCC build/GEDE01/src/game/game_fn_801A6410.o
[375/954] MWCC build/GEDE01/src/game/game_fn_801A657C.o
[376/954] MWCC build/GEDE01/src/game/game_fn_801A6ADC.o
[377/954] MWCC build/GEDE01/src/game/game_fn_801A6C58.o
[378/954] MWCC build/GEDE01/src/game/game_fn_801A6CB4.o
[379/954] MWCC build/GEDE01/src/game/game_fn_801A7E04.o
[380/954] MWCC build/GEDE01/src/game/game_fn_801A7EA8.o
[381/954] MWCC build/GEDE01/src/game/game_fn_801AB154.o
[382/954] MWCC build/GEDE01/src/game/game_fn_801A93E8.o
[383/954] MWCC build/GEDE01/src/game/game_fn_801AC8AC.o
[384/954] MWCC build/GEDE01/src/game/game_fn_801ABD3C.o
[385/954] MWCC build/GEDE01/src/game/game_fn_801ACFE8.o
[386/954] MWCC build/GEDE01/src/game/game_fn_801AD08C.o
[387/954] MWCC build/GEDE01/src/game/game_fn_801AFA74.o
[388/954] MWCC build/GEDE01/src/game/game_fn_801B02F0.o
[389/954] MWCC build/GEDE01/src/game/game_fn_801B1BA0.o
[390/954] MWCC build/GEDE01/src/game/game_fn_801B35BC.o
[391/954] MWCC build/GEDE01/src/game/game_fn_801B46C8.o
[392/954] MWCC build/GEDE01/src/game/game_fn_801B4FB4.o
[393/954] MWCC build/GEDE01/src/game/game_fn_801B5228.o
[394/954] MWCC build/GEDE01/src/game/game_fn_801B58F0.o
[395/954] MWCC build/GEDE01/src/game/game_fn_801B6F1C.o
[396/954] MWCC build/GEDE01/src/game/game_fn_801B86C0.o
[397/954] MWCC build/GEDE01/src/game/game_fn_801B941C.o
[398/954] MWCC build/GEDE01/src/game/game_fn_801B9E7C.o
[399/954] MWCC build/GEDE01/src/game/game_fn_801BA15C.o
[400/954] MWCC build/GEDE01/src/game/game_fn_801BA708.o
[401/954] MWCC build/GEDE01/src/game/game_fn_801BA94C.o
[402/954] MWCC build/GEDE01/src/game/game_fn_801BB1A0.o
[403/954] MWCC build/GEDE01/src/game/game_fn_801BC0D4.o
[404/954] MWCC build/GEDE01/src/game/game_fn_801BC240.o
[405/954] MWCC build/GEDE01/src/game/game_fn_801BC8F4.o
[406/954] MWCC build/GEDE01/src/game/game_fn_801BCC04.o
[407/954] MWCC build/GEDE01/src/game/game_fn_801BD990.o
[408/954] MWCC build/GEDE01/src/game/game_fn_801BDE7C.o
[409/954] MWCC build/GEDE01/src/game/game_fn_801BE0D4.o
[410/954] MWCC build/GEDE01/src/game/game_fn_801BEF40.o
[411/954] MWCC build/GEDE01/src/game/game_fn_801C1CB0.o
[412/954] MWCC build/GEDE01/src/game/game_fn_801C2980.o
[413/954] MWCC build/GEDE01/src/game/game_fn_801C29BC.o
[414/954] MWCC build/GEDE01/src/game/game_fn_801C2AAC.o
[415/954] MWCC build/GEDE01/src/game/game_fn_801C2D9C.o
[416/954] MWCC build/GEDE01/src/game/game_fn_801C8160.o
[417/954] MWCC build/GEDE01/src/game/game_fn_801C8224.o
[418/954] MWCC build/GEDE01/src/game/game_fn_801C4B5C.o
[419/954] MWCC build/GEDE01/src/game/game_fn_801C8600.o
[420/954] MWCC build/GEDE01/src/game/game_fn_801C87DC.o
[421/954] MWCC build/GEDE01/src/game/game_fn_801C8CC0.o
[422/954] MWCC build/GEDE01/src/game/game_fn_801C8F50.o
[423/954] MWCC build/GEDE01/src/game/game_fn_801C90A4.o
[424/954] MWCC build/GEDE01/src/game/game_fn_801C9510.o
[425/954] MWCC build/GEDE01/src/game/game_fn_801C970C.o
[426/954] MWCC build/GEDE01/src/game/game_fn_801C9A08.o
[427/954] MWCC build/GEDE01/src/game/game_fn_801C9B1C.o
[428/954] MWCC build/GEDE01/src/game/game_fn_801CB4F8.o
[429/954] MWCC build/GEDE01/src/game/game_fn_801CD228.o
[430/954] MWCC build/GEDE01/src/game/game_fn_801CE594.o
[431/954] MWCC build/GEDE01/src/game/game_fn_801CE09C.o
[432/954] MWCC build/GEDE01/src/game/game_fn_801D1B10.o
[433/954] MWCC build/GEDE01/src/game/game_fn_801D1F78.o
[434/954] MWCC build/GEDE01/src/game/game_fn_801D3988.o
[435/954] MWCC build/GEDE01/src/game/game_fn_801D73D0.o
[436/954] MWCC build/GEDE01/src/game/game_fn_801D76A8.o
[437/954] MWCC build/GEDE01/src/game/game_fn_801D7C24.o
[438/954] MWCC build/GEDE01/src/game/game_fn_801D8050.o
[439/954] MWCC build/GEDE01/src/game/game_fn_801D9FE4.o
[440/954] MWCC build/GEDE01/src/game/game_fn_801DDB84.o
[441/954] MWCC build/GEDE01/src/game/game_fn_801DE8B4.o
[442/954] MWCC build/GEDE01/src/game/game_fn_801E41AC.o
[443/954] MWCC build/GEDE01/src/game/game_fn_801E2A48.o
[444/954] MWCC build/GEDE01/src/game/game_fn_801E6814.o
[445/954] MWCC build/GEDE01/src/game/game_fn_801E504C.o
[446/954] MWCC build/GEDE01/src/game/game_fn_801E7014.o
[447/954] MWCC build/GEDE01/src/game/game_fn_801E995C.o
[448/954] MWCC build/GEDE01/src/game/game_fn_801EB09C.o
[449/954] MWCC build/GEDE01/src/game/game_fn_801EAA04.o
[450/954] MWCC build/GEDE01/src/game/game_fn_801EB11C.o
[451/954] MWCC build/GEDE01/src/game/game_fn_801ECD74.o
[452/954] MWCC build/GEDE01/src/game/game_fn_801ECF50.o
[453/954] MWCC build/GEDE01/src/game/game_fn_801ED5F4.o
[454/954] MWCC build/GEDE01/src/game/game_fn_801EF580.o
[455/954] MWCC build/GEDE01/src/game/game_fn_801EF910.o
[456/954] MWCC build/GEDE01/src/game/game_fn_801F0CB0.o
[457/954] MWCC build/GEDE01/src/game/game_fn_801F10BC.o
[458/954] MWCC build/GEDE01/src/game/game_fn_801F35A8.o
[459/954] MWCC build/GEDE01/src/game/game_fn_801F1A38.o
[460/954] MWCC build/GEDE01/src/game/game_fn_801F55A0.o
[461/954] MWCC build/GEDE01/src/game/game_fn_801F69F0.o
[462/954] MWCC build/GEDE01/src/game/game_fn_801F6BD8.o
[463/954] MWCC build/GEDE01/src/game/game_fn_801F7510.o
[464/954] MWCC build/GEDE01/src/game/game_fn_801F8264.o
[465/954] MWCC build/GEDE01/src/game/game_fn_801F76EC.o
[466/954] MWCC build/GEDE01/src/game/game_fn_801F89B4.o
[467/954] MWCC build/GEDE01/src/game/game_fn_801F8FAC.o
[468/954] MWCC build/GEDE01/src/game/game_fn_801F9AF8.o
[469/954] MWCC build/GEDE01/src/game/game_fn_801F9CF4.o
[470/954] MWCC build/GEDE01/src/game/game_fn_801FA9C8.o
[471/954] MWCC build/GEDE01/src/game/game_fn_801FB6A4.o
[472/954] MWCC build/GEDE01/src/game/game_fn_801FC034.o
[473/954] MWCC build/GEDE01/src/game/game_fn_801FC204.o
[474/954] MWCC build/GEDE01/src/game/game_fn_801FFE78.o
[475/954] EXTERNALIZE build/GEDE01/src/game/game_fn_801857B4.o
[476/954] EXTERNALIZE build/GEDE01/src/game/game_fn_800A2B8C.o
[477/954] EXTERNALIZE build/GEDE01/src/game/game_fn_800DC4D4.o
[478/954] EXTERNALIZE build/GEDE01/src/game/game_fn_80119C70.o
[479/954] EXTERNALIZE STATIC POOL build/GEDE01/src/game/game_fn_80088060.o
build/GEDE01/src/game/game_fn_80088060.o: lbl_8031D3B8 now undefined; section 3 emptied
[480/954] EXTERNALIZE build/GEDE01/src/game/game_fn_80175A08.o
[481/954] EXTERNALIZE build/GEDE01/src/game/game_fn_80066E78.o
[482/954] EXTERNALIZE build/GEDE01/src/game/game_fn_801247F8.o
[483/954] EXTERNALIZE build/GEDE01/src/game/game_fn_801EF910.o
[484/954] EXTERNALIZE build/GEDE01/src/game/game_fn_801ECF50.o
[485/954] EXTERNALIZE JUMPTABLES build/GEDE01/src/game/game_fn_80050B08.o
[486/954] EXTERNALIZE build/GEDE01/src/game/game_fn_801EB09C.o
[487/954] EXTERNALIZE build/GEDE01/src/game/game_fn_801FC204.o
[488/954] EXTERNALIZE build/GEDE01/src/game/game_fn_801EB11C.o
[489/954] EXTERNALIZE build/GEDE01/src/game/game_fn_801D9FE4.o
[490/954] EXTERNALIZE build/GEDE01/src/game/game_fn_801E41AC.o
[491/954] EXTERNALIZE build/GEDE01/src/game/game_fn_801D76A8.o
[492/954] EXTERNALIZE build/GEDE01/src/game/game_fn_801D73D0.o
[493/954] EXTERNALIZE build/GEDE01/src/game/game_fn_801D8050.o
[494/954] EXTERNALIZE build/GEDE01/src/game/game_fn_801D7C24.o
[495/954] EXTERNALIZE build/GEDE01/src/game/game_fn_8019B1BC.o
[496/954] EXTERNALIZE build/GEDE01/src/game/game_fn_80178F88.o
[497/954] EXTERNALIZE build/GEDE01/src/game/game_fn_801CD228.o
[498/954] EXTERNALIZE build/GEDE01/src/game/game_fn_801C970C.o
[499/954] EXTERNALIZE build/GEDE01/src/game/game_fn_801BA15C.o
[500/954] EXTERNALIZE build/GEDE01/src/game/game_fn_801C9510.o
[501/954] EXTERNALIZE build/GEDE01/src/game/game_fn_80126A00.o
[502/954] EXTERNALIZE build/GEDE01/src/game/game_fn_8013D6A4.o
[503/954] EXTERNALIZE build/GEDE01/src/game/game_fn_800C9C60.o
[504/954] EXTERNALIZE build/GEDE01/src/game/game_fn_801B5228.o
[505/954] EXTERNALIZE build/GEDE01/src/game/game_fn_801B4FB4.o
[506/954] EXTERNALIZE build/GEDE01/src/game/game_fn_801C87DC.o
[507/954] EXTERNALIZE build/GEDE01/src/game/game_fn_801B6F1C.o
[508/954] EXTERNALIZE build/GEDE01/src/game/game_fn_801C8CC0.o
[509/954] EXTERNALIZE build/GEDE01/src/game/game_fn_801BDE7C.o
[510/954] EXTERNALIZE build/GEDE01/src/game/game_fn_800FD0C8.o
[511/954] EXTERNALIZE build/GEDE01/src/game/game_fn_801BE0D4.o
[512/954] EXTERNALIZE build/GEDE01/src/game/game_fn_801B941C.o
[513/954] EXTERNALIZE STATIC POOL build/GEDE01/src/game/game_fn_801C9A08.o
build/GEDE01/src/game/game_fn_801C9A08.o: lbl_80629390 now undefined; section 3 emptied
[514/954] EXTERNALIZE STATIC POOL build/GEDE01/src/game/game_fn_801C9B1C.o
build/GEDE01/src/game/game_fn_801C9B1C.o: lbl_80629390 now undefined; section 3 emptied
[515/954] EXTERNALIZE STATIC POOL build/GEDE01/src/game/game_fn_801BD990.o
build/GEDE01/src/game/game_fn_801BD990.o: lbl_80626D80 now undefined; section 6 emptied
[516/954] EXTERNALIZE STATIC POOL build/GEDE01/src/game/game_fn_801B58F0.o
build/GEDE01/src/game/game_fn_801B58F0.o: lbl_8060C020 now undefined; section 3 emptied
[517/954] EXTERNALIZE STATIC POOL build/GEDE01/src/game/game_fn_801BB1A0.o
build/GEDE01/src/game/game_fn_801BB1A0.o: 0 relocation(s) moved from streamInfo to ...bss.0
build/GEDE01/src/game/game_fn_801BB1A0.o: lbl_8061AE48 now undefined; section 6 emptied
[518/954] EXTERNALIZE STATIC POOL build/GEDE01/src/game/game_fn_801B9E7C.o
build/GEDE01/src/game/game_fn_801B9E7C.o: 0 relocation(s) moved from streamInfo to ...bss.0
build/GEDE01/src/game/game_fn_801B9E7C.o: lbl_8061AE48 now undefined; section 6 emptied
[519/954] EXTERNALIZE STATIC POOL build/GEDE01/src/game/game_fn_801BA708.o
build/GEDE01/src/game/game_fn_801BA708.o: 0 relocation(s) moved from streamInfo to ...bss.0
build/GEDE01/src/game/game_fn_801BA708.o: lbl_8061AE48 now undefined; section 6 emptied
[520/954] EXTERNALIZE build/GEDE01/src/game/game_fn_801BA94C.o
build/GEDE01/src/game/game_fn_801BA94C.o: 0 relocation(s) moved from streamInfo to ...bss.0
build/GEDE01/src/game/game_fn_801BA94C.o: lbl_8061AE48 now undefined; section 6 emptied
[521/954] EXTERNALIZE STATIC build/GEDE01/src/game/game_fn_801B35BC.o
build/GEDE01/src/game/game_fn_801B35BC.o: lbl_8060D420 now undefined; section 6 emptied
[522/954] EXTERNALIZE STATIC POOL build/GEDE01/src/game/game_fn_801BC8F4.o
build/GEDE01/src/game/game_fn_801BC8F4.o: lbl_8061C748 now undefined; section 6 emptied
[523/954] EXTERNALIZE STATIC build/GEDE01/src/game/game_fn_801BC240.o
build/GEDE01/src/game/game_fn_801BC240.o: lbl_8061C748 now undefined; section 6 emptied
[524/954] EXTERNALIZE STATIC POOL build/GEDE01/src/game/game_fn_801BCC04.o
build/GEDE01/src/game/game_fn_801BCC04.o: lbl_8061C748 now undefined; section 6 emptied
[525/954] EXTERNALIZE STATIC POOL build/GEDE01/src/game/game_fn_801C1CB0.o
build/GEDE01/src/game/game_fn_801C1CB0.o: lbl_80626DA0 now undefined; section 3 emptied
[526/954] EXTERNALIZE STATIC POOL build/GEDE01/src/game/game_fn_801BC0D4.o
build/GEDE01/src/game/game_fn_801BC0D4.o: lbl_8061C748 now undefined; section 6 emptied
[527/954] RENAME build/GEDE01/src/game/game_InitMetroTRKCommTable.o
[528/954] EXTERNALIZE STATIC POOL build/GEDE01/src/game/game_fn_801CE09C.o
build/GEDE01/src/game/game_fn_801CE09C.o: lbl_80631340 now undefined; section 6 emptied
[529/954] RENAME RUNTIME INTRINSICS build/GEDE01/src/game/game_fn_801CB4F8.o
[530/954] EXTERNALIZE STATIC POOL build/GEDE01/src/game/game_fn_8010242C.o
build/GEDE01/src/game/game_fn_8010242C.o: lbl_8032CC08 now undefined; section 3 emptied
[531/954] EXTERNALIZE build/GEDE01/src/game/game_fn_801D3988.o
[532/954] EXTERNALIZE build/GEDE01/src/game/game_fn_801D1B10.o
[533/954] ALIGN DATA build/GEDE01/src/game/game_fn_8005EF94.o
[534/954] ALIGN DATA build/GEDE01/src/game/game_fn_801A6350.o
[535/954] ALIGN DATA build/GEDE01/src/game/game_fn_80008014.o
[536/954] EXTERNALIZE build/GEDE01/src/game/game_fn_801CE594.o
[537/954] EXTERNALIZE build/GEDE01/src/game/game_fn_8014549C.o
[538/954] EXTERNALIZE build/GEDE01/src/game/game_fn_801098C0.o
[539/954] EXTERNALIZE build/GEDE01/src/game/game_fn_801C8224.o
[540/954] EXTERNALIZE build/GEDE01/src/game/game_fn_8000FDE8.o
[541/954] EXTERNALIZE build/GEDE01/src/game/game_fn_80185F10.o
[542/954] EXTERNALIZE build/GEDE01/src/game/game_fn_801C29BC.o
[543/954] EXTERNALIZE build/GEDE01/src/game/game_fn_801C8F50.o
[544/954] EXTERNALIZE build/GEDE01/src/game/game_fn_801C90A4.o
[545/954] EXTERNALIZE build/GEDE01/src/game/game_fn_8007B828.o
[546/954] EXTERNALIZE build/GEDE01/src/game/game_fn_801C8160.o
[547/954] EXTERNALIZE build/GEDE01/src/game/game_fn_801C2D9C.o
[548/954] EXTERNALIZE build/GEDE01/src/game/game_fn_801C2AAC.o
[549/954] EXTERNALIZE build/GEDE01/src/game/game_fn_801C2980.o
[550/954] EXTERNALIZE build/GEDE01/src/game/game_fn_801AFA74.o
[551/954] EXTERNALIZE build/GEDE01/src/game/game_fn_801B02F0.o
[552/954] EXTERNALIZE build/GEDE01/src/game/game_fn_801AC8AC.o
[553/954] EXTERNALIZE build/GEDE01/src/game/game_fn_801ABD3C.o
[554/954] EXTERNALIZE build/GEDE01/src/game/game_fn_801816D4.o
[555/954] EXTERNALIZE build/GEDE01/src/game/game_fn_8011F140.o
[556/954] EXTERNALIZE build/GEDE01/src/game/game_fn_801AD08C.o
[557/954] EXTERNALIZE build/GEDE01/src/game/game_fn_8004998C.o
[558/954] EXTERNALIZE build/GEDE01/src/game/game_fn_80079AA4.o
[559/954] EXTERNALIZE build/GEDE01/src/game/game_fn_801A3A78.o
[560/954] EXTERNALIZE build/GEDE01/src/game/game_fn_80158D38.o
[561/954] EXTERNALIZE build/GEDE01/src/game/game_fn_80167454.o
[562/954] EXTERNALIZE build/GEDE01/src/game/game_fn_8008F224.o
[563/954] EXTERNALIZE build/GEDE01/src/game/game_fn_800AF230.o
[564/954] EXTERNALIZE build/GEDE01/src/game/game_fn_801AB154.o
[565/954] EXTERNALIZE build/GEDE01/src/game/game_fn_801A7E04.o
[566/954] EXTERNALIZE build/GEDE01/src/game/game_fn_801A93E8.o
[567/954] EXTERNALIZE build/GEDE01/src/game/game_fn_801A7EA8.o
[568/954] EXTERNALIZE build/GEDE01/src/game/game_fn_801A4CE0.o
[569/954] EXTERNALIZE build/GEDE01/src/game/game_fn_801A6CB4.o
[570/954] EXTERNALIZE build/GEDE01/src/game/game_fn_801A6C58.o
[571/954] NAME JUMPTABLE build/GEDE01/src/game/game_fn_801A6ADC.o
[572/954] EXTERNALIZE build/GEDE01/src/game/game_fn_801A5FB0.o
[573/954] EXTERNALIZE build/GEDE01/src/game/game_fn_801A6410.o
[574/954] EXTERNALIZE build/GEDE01/src/game/game_fn_8019E8C8.o
[575/954] EXTERNALIZE build/GEDE01/src/game/game_fn_801A1F18.o
[576/954] EXTERNALIZE build/GEDE01/src/game/game_fn_8019CFC4.o
[577/954] EXTERNALIZE build/GEDE01/src/game/game_fn_8019E5E4.o
[578/954] EXTERNALIZE build/GEDE01/src/game/game_fn_8019CC28.o
[579/954] EXTERNALIZE build/GEDE01/src/game/game_fn_801991E0.o
[580/954] EXTERNALIZE build/GEDE01/src/game/game_fn_80198BF4.o
[581/954] EXTERNALIZE build/GEDE01/src/game/game_fn_80198AAC.o
[582/954] EXTERNALIZE build/GEDE01/src/game/game_fn_80198154.o
[583/954] EXTERNALIZE build/GEDE01/src/game/game_fn_80197910.o
[584/954] EXTERNALIZE build/GEDE01/src/game/game_fn_80194F80.o
[585/954] EXTERNALIZE build/GEDE01/src/game/game_fn_80177434.o
repointed 2 relocations to lbl_80250588
[586/954] EXTERNALIZE build/GEDE01/src/game/game_fn_80193E1C.o
[587/954] EXTERNALIZE build/GEDE01/src/game/game_fn_801931C4.o
[588/954] EXTERNALIZE build/GEDE01/src/game/game_fn_80193F3C.o
[589/954] EXTERNALIZE build/GEDE01/src/game/game_fn_80192F54.o
[590/954] EXTERNALIZE build/GEDE01/src/game/game_fn_80191F58.o
[591/954] EXTERNALIZE build/GEDE01/src/game/game_fn_8019197C.o
[592/954] EXTERNALIZE build/GEDE01/src/game/game_fn_80191360.o
[593/954] GLOBALIZE build/GEDE01/src/game/game_fn_8018F1D0.o
[594/954] EXTERNALIZE build/GEDE01/src/game/game_fn_8018D688.o
[595/954] EXTERNALIZE build/GEDE01/src/game/game_fn_8018F81C.o
[596/954] EXTERNALIZE build/GEDE01/src/game/game_fn_8018D2E0.o
[597/954] EXTERNALIZE build/GEDE01/src/game/game_fn_8018D1F0.o
[598/954] EXTERNALIZE build/GEDE01/src/game/game_fn_80189968.o
[599/954] EXTERNALIZE build/GEDE01/src/game/game_fn_80189760.o
[600/954] EXTERNALIZE build/GEDE01/src/game/game_fn_801896A0.o
[601/954] EXTERNALIZE build/GEDE01/src/game/game_fn_801895E8.o
[602/954] EXTERNALIZE build/GEDE01/src/game/game_fn_80189390.o
[603/954] EXTERNALIZE build/GEDE01/src/game/game_fn_801891D8.o
[604/954] EXTERNALIZE build/GEDE01/src/game/game_fn_80189028.o
[605/954] EXTERNALIZE build/GEDE01/src/game/game_fn_80188E28.o
[606/954] EXTERNALIZE build/GEDE01/src/game/game_fn_80188C1C.o
[607/954] EXTERNALIZE build/GEDE01/src/game/game_fn_80188B44.o
[608/954] EXTERNALIZE build/GEDE01/src/game/game_fn_80188A7C.o
[609/954] EXTERNALIZE build/GEDE01/src/game/game_fn_801878E0.o
[610/954] EXTERNALIZE build/GEDE01/src/game/game_fn_80187120.o
[611/954] EXTERNALIZE build/GEDE01/src/game/game_fn_80186E10.o
[612/954] EXTERNALIZE build/GEDE01/src/game/game_fn_8018FEDC.o
[613/954] EXTERNALIZE build/GEDE01/src/game/game_fn_801865EC.o
[614/954] EXTERNALIZE build/GEDE01/src/game/game_fn_80185AE8.o
[615/954] EXTERNALIZE build/GEDE01/src/game/game_fn_801859FC.o
[616/954] EXTERNALIZE build/GEDE01/src/game/game_fn_80180DDC.o
[617/954] EXTERNALIZE build/GEDE01/src/game/game_fn_8017E958.o
[618/954] EXTERNALIZE build/GEDE01/src/game/game_fn_8017E850.o
[619/954] EXTERNALIZE build/GEDE01/src/game/game_fn_8017718C.o
[620/954] EXTERNALIZE build/GEDE01/src/game/game_fn_801770F8.o
[621/954] EXTERNALIZE build/GEDE01/src/game/game_fn_80176FA0.o
[622/954] EXTERNALIZE build/GEDE01/src/game/game_fn_80176DF4.o
[623/954] EXTERNALIZE build/GEDE01/src/game/game_fn_80174358.o
[624/954] EXTERNALIZE build/GEDE01/src/game/game_fn_80173F04.o
[625/954] EXTERNALIZE build/GEDE01/src/game/game_fn_80174184.o
[626/954] EXTERNALIZE build/GEDE01/src/game/game_fn_8017553C.o
[627/954] EXTERNALIZE build/GEDE01/src/game/game_fn_80173D44.o
[628/954] EXTERNALIZE build/GEDE01/src/game/game_fn_80173770.o
[629/954] EXTERNALIZE build/GEDE01/src/game/game_fn_801734B4.o
[630/954] EXTERNALIZE build/GEDE01/src/game/game_fn_80173270.o
[631/954] EXTERNALIZE build/GEDE01/src/game/game_fn_80172DB8.o
[632/954] EXTERNALIZE build/GEDE01/src/game/game_fn_80172C78.o
[633/954] EXTERNALIZE build/GEDE01/src/game/game_fn_80172BB0.o
[634/954] EXTERNALIZE build/GEDE01/src/game/game_fn_801726EC.o
[635/954] EXTERNALIZE build/GEDE01/src/game/game_fn_8017250C.o
[636/954] EXTERNALIZE build/GEDE01/src/game/game_fn_80171F30.o
[637/954] EXTERNALIZE build/GEDE01/src/game/game_fn_801719B4.o
[638/954] EXTERNALIZE build/GEDE01/src/game/game_fn_801718F4.o
[639/954] EXTERNALIZE build/GEDE01/src/game/game_fn_80171664.o
[640/954] EXTERNALIZE build/GEDE01/src/game/game_fn_80170A40.o
[641/954] EXTERNALIZE build/GEDE01/src/game/game_fn_8017138C.o
[642/954] NORMALIZE build/GEDE01/src/game/game_TRKNubWelcome.o
[643/954] NORMALIZE build/GEDE01/src/game/game_TRK_main.o
[644/954] NORMALIZE build/GEDE01/src/game/game_data_80239E10.o
[645/954] NORMALIZE build/GEDE01/src/game/game_data_80239E18.o
[646/954] EXTERNALIZE build/GEDE01/src/game/game_fn_801706DC.o
[647/954] EXTERNALIZE build/GEDE01/src/game/game_fn_8017652C.o
[648/954] EXTERNALIZE build/GEDE01/src/game/game_fn_80170E9C.o
[649/954] EXTERNALIZE build/GEDE01/src/game/game_fn_80175E64.o
[650/954] EXTERNALIZE build/GEDE01/src/game/game_fn_80175F0C.o
[651/954] EXTERNALIZE build/GEDE01/src/game/game_fn_80175FD4.o
[652/954] EXTERNALIZE build/GEDE01/src/game/game_fn_80176098.o
[653/954] EXTERNALIZE build/GEDE01/src/game/game_fn_80176160.o
[654/954] EXTERNALIZE build/GEDE01/src/game/game_fn_80176220.o
[655/954] EXTERNALIZE build/GEDE01/src/game/game_fn_801762E8.o
[656/954] EXTERNALIZE build/GEDE01/src/game/game_fn_80170DF4.o
[657/954] EXTERNALIZE build/GEDE01/src/game/game_fn_8016E8F8.o
[658/954] EXTERNALIZE build/GEDE01/src/game/game_fn_801704F8.o
[659/954] EXTERNALIZE build/GEDE01/src/game/game_fn_8016FEF8.o
[660/954] NORMALIZE build/GEDE01/src/game/game_fn_8016DF4C.o
[661/954] EXTERNALIZE build/GEDE01/src/game/game_fn_8016D2B8.o
[662/954] EXTERNALIZE build/GEDE01/src/game/game_fn_8016D040.o
[663/954] EXTERNALIZE build/GEDE01/src/game/game_fn_8016D1F8.o
[664/954] EXTERNALIZE build/GEDE01/src/game/game_fn_8016C774.o
[665/954] EXTERNALIZE build/GEDE01/src/game/game_fn_8016C4BC.o
[666/954] EXTERNALIZE build/GEDE01/src/game/game_fn_8016C238.o
[667/954] EXTERNALIZE build/GEDE01/src/game/game_fn_8016C164.o
[668/954] EXTERNALIZE build/GEDE01/src/game/game_fn_8016C0BC.o
[669/954] EXTERNALIZE build/GEDE01/src/game/game_fn_8017038C.o
[670/954] EXTERNALIZE build/GEDE01/src/game/game_fn_8016BE1C.o
[671/954] EXTERNALIZE build/GEDE01/src/game/game_fn_8016BD0C.o
[672/954] EXTERNALIZE build/GEDE01/src/game/game_fn_8016BF60.o
[673/954] EXTERNALIZE build/GEDE01/src/game/game_fn_80169650.o
[674/954] EXTERNALIZE build/GEDE01/src/game/game_fn_80167B5C.o
[675/954] EXTERNALIZE build/GEDE01/src/game/game_fn_8015EDC0.o
[676/954] EXTERNALIZE build/GEDE01/src/game/game_fn_8015DB84.o
[677/954] EXTERNALIZE build/GEDE01/src/game/game_fn_80158B20.o
[678/954] EXTERNALIZE build/GEDE01/src/game/game_fn_8015DC54.o
[679/954] EXTERNALIZE build/GEDE01/src/game/game_fn_80179398.o
[680/954] EXTERNALIZE build/GEDE01/src/game/game_fn_8017960C.o
[681/954] EXTERNALIZE build/GEDE01/src/game/game_fn_80179904.o
[682/954] EXTERNALIZE build/GEDE01/src/game/game_fn_8017974C.o
[683/954] EXTERNALIZE build/GEDE01/src/game/game_fn_80179A18.o
[684/954] EXTERNALIZE build/GEDE01/src/game/game_fn_8017A9B8.o
[685/954] EXTERNALIZE build/GEDE01/src/game/game_fn_80179EB8.o
[686/954] EXTERNALIZE build/GEDE01/src/game/game_fn_80179A74.o
[687/954] EXTERNALIZE build/GEDE01/src/game/game_fn_8017A010.o
[688/954] EXTERNALIZE build/GEDE01/src/game/game_fn_80179F20.o
[689/954] EXTERNALIZE build/GEDE01/src/game/game_fn_8017A12C.o
[690/954] EXTERNALIZE build/GEDE01/src/game/game_fn_80157C0C.o
[691/954] EXTERNALIZE build/GEDE01/src/game/game_fn_8017A1C0.o
[692/954] EXTERNALIZE build/GEDE01/src/game/game_fn_80155814.o
[693/954] EXTERNALIZE build/GEDE01/src/game/game_fn_80153898.o
[694/954] EXTERNALIZE build/GEDE01/src/game/game_fn_8014B494.o
[695/954] EXTERNALIZE build/GEDE01/src/game/game_fn_8014AF38.o
[696/954] EXTERNALIZE build/GEDE01/src/game/game_fn_8012DB28.o
[697/954] EXTERNALIZE build/GEDE01/src/game/game_fn_801128E4.o
[698/954] EXTERNALIZE build/GEDE01/src/game/game_fn_801141B8.o
[699/954] EXTERNALIZE build/GEDE01/src/game/game_fn_801126E0.o
[700/954] EXTERNALIZE build/GEDE01/src/game/game_fn_8010F184.o
[701/954] EXTERNALIZE build/GEDE01/src/game/game_fn_800E4980.o
[702/954] EXTERNALIZE build/GEDE01/src/game/game_fn_800C17EC.o
[703/954] EXTERNALIZE build/GEDE01/src/game/game_fn_800C030C.o
[704/954] EXTERNALIZE build/GEDE01/src/game/game_fn_800C59F0.o
[705/954] EXTERNALIZE build/GEDE01/src/game/game_fn_800C644C.o
[706/954] EXTERNALIZE build/GEDE01/src/game/game_fn_800C65FC.o
[707/954] EXTERNALIZE build/GEDE01/src/game/game_fn_800CB8F4.o
[708/954] EXTERNALIZE build/GEDE01/src/game/game_fn_800CB760.o
[709/954] EXTERNALIZE build/GEDE01/src/game/game_fn_80078500.o
[710/954] EXTERNALIZE build/GEDE01/src/game/game_fn_80079908.o
[711/954] EXTERNALIZE build/GEDE01/src/game/game_fn_8007B540.o
[712/954] EXTERNALIZE build/GEDE01/src/game/game_fn_8007B2F4.o
[713/954] EXTERNALIZE build/GEDE01/src/game/game_fn_8007B640.o
[714/954] EXTERNALIZE build/GEDE01/src/game/game_fn_800886D8.o
[715/954] EXTERNALIZE build/GEDE01/src/game/game_fn_8007BA3C.o
[716/954] EXTERNALIZE build/GEDE01/src/game/game_fn_800934A0.o
[717/954] EXTERNALIZE build/GEDE01/src/game/game_fn_800A7E88.o
[718/954] EXTERNALIZE build/GEDE01/src/game/game_fn_800A3894.o
[719/954] EXTERNALIZE build/GEDE01/src/game/game_fn_800A4798.o
[720/954] EXTERNALIZE build/GEDE01/src/game/game_fn_800A2FCC.o
[721/954] GLOBALIZE build/GEDE01/src/game/game_fn_800A2130.o
[722/954] EXTERNALIZE build/GEDE01/src/game/game_fn_8009C424.o
[723/954] EXTERNALIZE build/GEDE01/src/game/game_fn_80096830.o
[724/954] GLOBALIZE build/GEDE01/src/game/game_fn_8008F890.o
[725/954] EXTERNALIZE SWITCHES build/GEDE01/src/game/game_fn_80095FDC.o
[726/954] EXTERNALIZE build/GEDE01/src/game/game_fn_80074310.o
[727/954] EXTERNALIZE build/GEDE01/src/game/game_fn_800A4428.o
[728/954] GLOBALIZE build/GEDE01/src/game/game_fn_8005FD84.o
[729/954] EXTERNALIZE build/GEDE01/src/game/game_fn_80066888.o
[730/954] EXTERNALIZE build/GEDE01/src/game/game_fn_8005EC6C.o
[731/954] EXTERNALIZE build/GEDE01/src/game/game_fn_80052310.o
[732/954] EXTERNALIZE build/GEDE01/src/game/game_fn_80048B24.o
[733/954] NAME SWITCH build/GEDE01/src/game/game_fn_80020E94.o
[734/954] NAME SWITCH build/GEDE01/src/game/game_fn_8005EE9C.o
[735/954] NAME SWITCH build/GEDE01/src/game/game_fn_8016D9C0.o
[736/954] NAME SWITCH build/GEDE01/src/game/game_fn_80071A58.o
[737/954] EXTERNALIZE build/GEDE01/src/game/game_fn_80048ADC.o
[738/954] NAME SWITCH build/GEDE01/src/game/game_fn_8006B620.o
[739/954] NAME SWITCH build/GEDE01/src/game/game_fn_8001FE1C.o
[740/954] NAME SWITCH build/GEDE01/src/game/game_fn_8001E644.o
[741/954] EXTERNALIZE build/GEDE01/src/game/game_fn_80038878.o
[742/954] EXTERNALIZE build/GEDE01/src/game/game_fn_801B46C8.o
build/GEDE01/src/game/game_fn_801B46C8.o: lbl_8060C020 now undefined; section 6 emptied
[743/954] EXTERNALIZE build/GEDE01/src/game/game_fn_800359A0.o
[744/954] EXTERNALIZE build/GEDE01/src/game/game_fn_80036C40.o
[745/954] EXTERNALIZE build/GEDE01/src/game/game_fn_80033038.o
[746/954] EXTERNALIZE build/GEDE01/src/game/game_fn_80033180.o
[747/954] EXTERNALIZE build/GEDE01/src/game/game_fn_8003232C.o
[748/954] EXTERNALIZE build/GEDE01/src/game/game_fn_80032B84.o
[749/954] EXTERNALIZE build/GEDE01/src/game/game_fn_8002E3F0.o
[750/954] EXTERNALIZE build/GEDE01/src/game/game_fn_8002DAE0.o
[751/954] EXTERNALIZE build/GEDE01/src/game/game_fn_8002EA68.o
[752/954] GLOBALIZE build/GEDE01/src/game/game_fn_8002B748.o
[753/954] EXTERNALIZE build/GEDE01/src/game/game_fn_8002F428.o
[754/954] NAME SWITCHES build/GEDE01/src/game/game_fn_80024F28.o
[755/954] EXTERNALIZE build/GEDE01/src/game/game_fn_800272B4.o
[756/954] EXTERNALIZE build/GEDE01/src/game/game_fn_8001CE94.o
[757/954] EXTERNALIZE build/GEDE01/src/game/game_fn_8001CD58.o
[758/954] EXTERNALIZE build/GEDE01/src/game/game_fn_8001C078.o
[759/954] EXTERNALIZE build/GEDE01/src/game/game_fn_8001B874.o
[760/954] EXTERNALIZE build/GEDE01/src/game/game_fn_8001B808.o
[761/954] EXTERNALIZE build/GEDE01/src/game/game_fn_8001B294.o
[762/954] EXTERNALIZE build/GEDE01/src/game/game_fn_8001B124.o
[763/954] EXTERNALIZE build/GEDE01/src/game/game_fn_8001ADF8.o
[764/954] EXTERNALIZE build/GEDE01/src/game/game_fn_8001AF68.o
[765/954] EXTERNALIZE build/GEDE01/src/game/game_fn_8001AAB8.o
[766/954] EXTERNALIZE build/GEDE01/src/game/game_fn_8001A6C4.o
[767/954] EXTERNALIZE build/GEDE01/src/game/game_fn_80019D2C.o
[768/954] EXTERNALIZE build/GEDE01/src/game/game_fn_80019F98.o
[769/954] EXTERNALIZE build/GEDE01/src/game/game_fn_80019C10.o
[770/954] EXTERNALIZE build/GEDE01/src/game/game_fn_80019940.o
[771/954] EXTERNALIZE build/GEDE01/src/game/game_fn_800194D0.o
[772/954] EXTERNALIZE build/GEDE01/src/game/game_fn_80019054.o
[773/954] EXTERNALIZE build/GEDE01/src/game/game_fn_80019244.o
[774/954] EXTERNALIZE build/GEDE01/src/game/game_fn_80017DB0.o
[775/954] EXTERNALIZE build/GEDE01/src/game/game_fn_80018EF4.o
[776/954] EXTERNALIZE build/GEDE01/src/game/game_fn_80017CC8.o
[777/954] EXTERNALIZE build/GEDE01/src/game/game_fn_80017C3C.o
[778/954] EXTERNALIZE build/GEDE01/src/game/game_fn_80017AE4.o
[779/954] EXTERNALIZE build/GEDE01/src/game/game_fn_80017A3C.o
[780/954] EXTERNALIZE build/GEDE01/src/game/game_fn_800179AC.o
[781/954] EXTERNALIZE build/GEDE01/src/game/game_fn_80017910.o
[782/954] EXTERNALIZE build/GEDE01/src/game/game_fn_8000FFD8.o
[783/954] EXTERNALIZE FLAGS build/GEDE01/src/game/game_fn_800119FC.o
[784/954] EXTERNALIZE build/GEDE01/src/game/game_fn_8000F4B0.o
[785/954] GLOBALIZE build/GEDE01/src/game/game_fn_800094C0.o
[786/954] EXTERNALIZE build/GEDE01/src/game/game_fn_8000EFC4.o
[787/954] EXTERNALIZE build/GEDE01/src/game/game_fn_800096E0.o
[788/954] EXTERNALIZE build/GEDE01/src/game/game_fn_800098C0.o
[789/954] EXTERNALIZE build/GEDE01/src/game/game_fn_800099D8.o
[790/954] EXTERNALIZE build/GEDE01/src/game/game_fn_80009AB4.o
[791/954] EXTERNALIZE build/GEDE01/src/game/game_fn_8000A26C.o
[792/954] EXTERNALIZE build/GEDE01/src/game/game_fn_800171C0.o
[793/954] EXTERNALIZE build/GEDE01/src/game/game_fn_800176F0.o
[794/954] EXTERNALIZE build/GEDE01/src/game/game_fn_8000AC88.o
[795/954] EXTERNALIZE build/GEDE01/src/game/game_fn_8000AEB4.o
[796/954] EXTERNALIZE build/GEDE01/src/game/game_fn_8000AFB4.o
[797/954] EXTERNALIZE build/GEDE01/src/game/game_fn_8000B1B8.o
[798/954] EXTERNALIZE build/GEDE01/src/game/game_fn_8000B36C.o
[799/954] EXTERNALIZE build/GEDE01/src/game/game_fn_8000B7FC.o
[800/954] EXTERNALIZE build/GEDE01/src/game/game_fn_8000B630.o
[801/954] EXTERNALIZE build/GEDE01/src/game/game_fn_8000BA0C.o
[802/954] EXTERNALIZE build/GEDE01/src/game/game_fn_8000B900.o
[803/954] EXTERNALIZE build/GEDE01/src/game/game_fn_8000BAA0.o
[804/954] EXTERNALIZE build/GEDE01/src/game/game_fn_8000BC40.o
[805/954] EXTERNALIZE build/GEDE01/src/game/game_fn_8000C06C.o
[806/954] EXTERNALIZE build/GEDE01/src/game/game_fn_8000C17C.o
[807/954] EXTERNALIZE build/GEDE01/src/game/game_fn_8000C400.o
[808/954] EXTERNALIZE build/GEDE01/src/game/game_fn_8000C848.o
[809/954] EXTERNALIZE build/GEDE01/src/game/game_fn_8000C91C.o
[810/954] EXTERNALIZE build/GEDE01/src/game/game_fn_8000D0BC.o
[811/954] NAME SWITCH build/GEDE01/src/game/game_fn_8000D8A4.o
[812/954] EXTERNALIZE build/GEDE01/src/game/game_fn_8000D3D4.o
[813/954] EXTERNALIZE build/GEDE01/src/game/game_fn_8000E054.o
[814/954] EXTERNALIZE build/GEDE01/src/game/game_fn_8000E0AC.o
[815/954] EXTERNALIZE build/GEDE01/src/game/game_fn_8000E96C.o
[816/954] EXTERNALIZE build/GEDE01/src/game/game_fn_8000F774.o
[817/954] EXTERNALIZE build/GEDE01/src/game/game_fn_8000EB14.o
[818/954] EXTERNALIZE build/GEDE01/src/game/game_fn_8000EBD4.o
[819/954] EXTERNALIZE build/GEDE01/src/game/game_fn_8000ED44.o
[820/954] EXTERNALIZE build/GEDE01/src/game/game_fn_8000E138.o
[821/954] EXTERNALIZE build/GEDE01/src/game/game_fn_8000E1C4.o
[822/954] EXTERNALIZE build/GEDE01/src/game/game_fn_8000D590.o
[823/954] EXTERNALIZE build/GEDE01/src/game/game_fn_8000DA50.o
[824/954] EXTERNALIZE build/GEDE01/src/game/game_fn_8000DAF4.o
[825/954] EXTERNALIZE build/GEDE01/src/game/game_fn_80012DA8.o
[826/954] EXTERNALIZE build/GEDE01/src/game/game_fn_80012F40.o
[827/954] EXTERNALIZE build/GEDE01/src/game/game_fn_80012FD0.o
[828/954] EXTERNALIZE build/GEDE01/src/game/game_fn_800131E8.o
[829/954] EXTERNALIZE build/GEDE01/src/game/game_fn_80013340.o
[830/954] EXTERNALIZE build/GEDE01/src/game/game_fn_80013870.o
[831/954] EXTERNALIZE build/GEDE01/src/game/game_fn_80013CB0.o
[832/954] EXTERNALIZE build/GEDE01/src/game/game_fn_80013D54.o
[833/954] EXTERNALIZE build/GEDE01/src/game/game_fn_800142DC.o
[834/954] EXTERNALIZE build/GEDE01/src/game/game_fn_800144CC.o
[835/954] EXTERNALIZE build/GEDE01/src/game/game_fn_80014784.o
[836/954] EXTERNALIZE build/GEDE01/src/game/game_fn_80015058.o
[837/954] EXTERNALIZE build/GEDE01/src/game/game_fn_800149D4.o
[838/954] EXTERNALIZE build/GEDE01/src/game/game_fn_80015320.o
[839/954] EXTERNALIZE build/GEDE01/src/game/game_fn_80015568.o
[840/954] EXTERNALIZE build/GEDE01/src/game/game_fn_800156FC.o
[841/954] EXTERNALIZE build/GEDE01/src/game/game_fn_80015BE0.o
[842/954] EXTERNALIZE build/GEDE01/src/game/game_fn_80015D40.o
[843/954] EXTERNALIZE build/GEDE01/src/game/game_fn_80015F04.o
[844/954] EXTERNALIZE build/GEDE01/src/game/game_fn_80016128.o
[845/954] EXTERNALIZE build/GEDE01/src/game/game_fn_80016270.o
[846/954] EXTERNALIZE build/GEDE01/src/game/game_fn_80016904.o
[847/954] EXTERNALIZE build/GEDE01/src/game/game_fn_800173CC.o
[848/954] EXTERNALIZE build/GEDE01/src/game/game_fn_80016B24.o
[849/954] EXTERNALIZE build/GEDE01/src/game/game_fn_801B86C0.o
[850/954] EXTERNALIZE build/GEDE01/src/game/game_fn_801BEF40.o
[851/954] EXTERNALIZE STATIC POOL build/GEDE01/src/game/game_fn_801C4B5C.o
build/GEDE01/src/game/game_fn_801C4B5C.o: lbl_80628CB0 now undefined; section 6 emptied
[852/954] EXTERNALIZE build/GEDE01/src/game/game_fn_801C8600.o
[853/954] EXTERNALIZE build/GEDE01/src/game/game_fn_801EAA04.o
[854/954] EXTERNALIZE build/GEDE01/src/game/game_fn_80150400.o
[855/954] EXTERNALIZE build/GEDE01/src/game/game_fn_80150F20.o
[856/954] EXTERNALIZE build/GEDE01/src/game/game_fn_80151600.o
[857/954] EXTERNALIZE build/GEDE01/src/game/game_fn_80151D00.o
[858/954] EXTERNALIZE build/GEDE01/src/game/game_fn_801DE8B4.o
[859/954] EXTERNALIZE build/GEDE01/src/game/game_fn_80173BDC.o
[860/954] EXTERNALIZE build/GEDE01/src/game/game_fn_801E7014.o
[861/954] EXTERNALIZE build/GEDE01/src/game/game_fn_801A4430.o
[862/954] EXTERNALIZE build/GEDE01/src/game/game_fn_8014BA14.o
[863/954] EXTERNALIZE build/GEDE01/src/game/game_fn_800B2EC0.o
[864/954] EXTERNALIZE build/GEDE01/src/game/game_fn_8001CA04.o
[865/954] EXTERNALIZE build/GEDE01/src/game/game_fn_80031544.o
[866/954] EXTERNALIZE build/GEDE01/src/game/game_fn_8006B0F0.o
[867/954] EXTERNALIZE build/GEDE01/src/game/game_fn_801DDB84.o
[868/954] EXTERNALIZE build/GEDE01/src/game/game_fn_8007D4D8.o
[869/954] EXTERNALIZE build/GEDE01/src/game/game_fn_8007F770.o
[870/954] EXTERNALIZE build/GEDE01/src/game/game_fn_80088F4C.o
[871/954] EXTERNALIZE build/GEDE01/src/game/game_fn_8008A2E0.o
[872/954] EXTERNALIZE build/GEDE01/src/game/game_fn_80089A34.o
[873/954] EXTERNALIZE build/GEDE01/src/game/game_fn_80090004.o
[874/954] EXTERNALIZE build/GEDE01/src/game/game_fn_80095D10.o
[875/954] EXTERNALIZE build/GEDE01/src/game/game_fn_800A3180.o
[876/954] EXTERNALIZE build/GEDE01/src/game/game_fn_800BB7A8.o
[877/954] EXTERNALIZE build/GEDE01/src/game/game_fn_800BB5C4.o
[878/954] EXTERNALIZE build/GEDE01/src/game/game_fn_800BB9A4.o
[879/954] EXTERNALIZE build/GEDE01/src/game/game_fn_800BBAF0.o
[880/954] EXTERNALIZE build/GEDE01/src/game/game_fn_800D9064.o
[881/954] EXTERNALIZE build/GEDE01/src/game/game_fn_800D9E10.o
[882/954] EXTERNALIZE build/GEDE01/src/game/game_fn_8012976C.o
[883/954] EXTERNALIZE build/GEDE01/src/game/game_fn_8013DB8C.o
[884/954] EXTERNALIZE build/GEDE01/src/game/game_fn_8013CBE4.o
[885/954] EXTERNALIZE build/GEDE01/src/game/game_fn_8014CA98.o
[886/954] EXTERNALIZE build/GEDE01/src/game/game_fn_80153A24.o
[887/954] EXTERNALIZE build/GEDE01/src/game/game_fn_801535D8.o
[888/954] EXTERNALIZE build/GEDE01/src/game/game_fn_80174F2C.o
[889/954] EXTERNALIZE build/GEDE01/src/game/game_fn_801752B0.o
[890/954] EXTERNALIZE build/GEDE01/src/game/game_fn_8017AC20.o
[891/954] EXTERNALIZE build/GEDE01/src/game/game_fn_801861C4.o
[892/954] EXTERNALIZE build/GEDE01/src/game/game_fn_8018680C.o
[893/954] EXTERNALIZE build/GEDE01/src/game/game_fn_80186F70.o
[894/954] EXTERNALIZE build/GEDE01/src/game/game_fn_80187320.o
[895/954] EXTERNALIZE build/GEDE01/src/game/game_fn_801875FC.o
[896/954] EXTERNALIZE build/GEDE01/src/game/game_fn_801810A0.o
[897/954] EXTERNALIZE build/GEDE01/src/game/game_fn_800542D0.o
[898/954] EXTERNALIZE build/GEDE01/src/game/game_fn_80187BB4.o
[899/954] EXTERNALIZE build/GEDE01/src/game/game_fn_80187E40.o
[900/954] EXTERNALIZE build/GEDE01/src/game/game_fn_80189C14.o
[901/954] EXTERNALIZE build/GEDE01/src/game/game_fn_8018C2D0.o
[902/954] EXTERNALIZE build/GEDE01/src/game/game_fn_8018D400.o
[903/954] EXTERNALIZE build/GEDE01/src/game/game_fn_8018E0D8.o
[904/954] EXTERNALIZE build/GEDE01/src/game/game_fn_8019120C.o
[905/954] EXTERNALIZE build/GEDE01/src/game/game_fn_801916D0.o
[906/954] EXTERNALIZE build/GEDE01/src/game/game_fn_8018DC24.o
[907/954] EXTERNALIZE build/GEDE01/src/game/game_fn_801926EC.o
[908/954] EXTERNALIZE build/GEDE01/src/game/game_fn_801929A4.o
[909/954] EXTERNALIZE build/GEDE01/src/game/game_fn_801952E8.o
[910/954] EXTERNALIZE build/GEDE01/src/game/game_fn_801A2A54.o
[911/954] EXTERNALIZE build/GEDE01/src/game/game_fn_801A34BC.o
[912/954] EXTERNALIZE build/GEDE01/src/game/game_fn_801A657C.o
[913/954] EXTERNALIZE build/GEDE01/src/game/game_fn_801A1F8C.o
[914/954] EXTERNALIZE build/GEDE01/src/game/game_fn_801D1F78.o
[915/954] EXTERNALIZE build/GEDE01/src/game/game_fn_801E6814.o
[916/954] EXTERNALIZE build/GEDE01/src/game/game_fn_801E2A48.o
[917/954] EXTERNALIZE build/GEDE01/src/game/game_fn_801E995C.o
[918/954] EXTERNALIZE build/GEDE01/src/game/game_fn_801EF580.o
[919/954] EXTERNALIZE build/GEDE01/src/game/game_fn_801F0CB0.o
[920/954] EXTERNALIZE build/GEDE01/src/game/game_fn_801F10BC.o
[921/954] EXTERNALIZE build/GEDE01/src/game/game_fn_801F35A8.o
[922/954] EXTERNALIZE build/GEDE01/src/game/game_fn_801ECD74.o
[923/954] EXTERNALIZE build/GEDE01/src/game/game_fn_801ED5F4.o
[924/954] EXTERNALIZE build/GEDE01/src/game/game_fn_801F69F0.o
[925/954] EXTERNALIZE build/GEDE01/src/game/game_fn_801F76EC.o
[926/954] EXTERNALIZE build/GEDE01/src/game/game_fn_801F8264.o
[927/954] EXTERNALIZE build/GEDE01/src/game/game_fn_801F89B4.o
[928/954] EXTERNALIZE build/GEDE01/src/game/game_fn_801F9AF8.o
[929/954] EXTERNALIZE build/GEDE01/src/game/game_fn_801F6BD8.o
[930/954] EXTERNALIZE build/GEDE01/src/game/game_fn_801FB6A4.o
[931/954] EXTERNALIZE build/GEDE01/src/game/game_fn_80095E64.o
[932/954] EXTERNALIZE JUMPTABLES build/GEDE01/src/game/game_fn_800361F8.o
[933/954] EXTERNALIZE JUMPTABLES build/GEDE01/src/game/game_fn_8006E53C.o
[934/954] EXTERNALIZE JUMPTABLES build/GEDE01/src/game/game_fn_800CF598.o
[935/954] EXTERNALIZE JUMPTABLES build/GEDE01/src/game/game_fn_801ACFE8.o
[936/954] EXTERNALIZE build/GEDE01/src/game/game_fn_80150A24.o
[937/954] EXTERNALIZE JUMPTABLES build/GEDE01/src/game/game_fn_801B1BA0.o
[938/954] EXTERNALIZE build/GEDE01/src/game/game_fn_80154F74.o
[939/954] EXTERNALIZE build/GEDE01/src/game/game_fn_801E504C.o
[940/954] EXTERNALIZE build/GEDE01/src/game/game_fn_8009E808.o
[941/954] EXTERNALIZE build/GEDE01/src/game/game_fn_801F1A38.o
[942/954] EXTERNALIZE build/GEDE01/src/game/game_fn_801FFE78.o
[943/954] EXTERNALIZE build/GEDE01/src/game/game_fn_801F55A0.o
[944/954] EXTERNALIZE build/GEDE01/src/game/game_fn_801F7510.o
[945/954] EXTERNALIZE build/GEDE01/src/game/game_fn_801F8FAC.o
[946/954] EXTERNALIZE build/GEDE01/src/game/game_fn_801F9CF4.o
[947/954] EXTERNALIZE build/GEDE01/src/game/game_fn_801FC034.o
[948/954] EXTERNALIZE build/GEDE01/src/game/game_fn_801FA9C8.o
[949/954] MWCC build/GEDE01/src/game/game_fn_801697AC.o
[950/954] REPORT
 INFO Loading project .
 INFO Generating report for 7069 units (using 8 threads)
 INFO Report generated in 0.470s
 INFO Writing to build/GEDE01/report.json
[951/954] LINK build/GEDE01/main.elf
### mwldeppc.exe Linker Warning:
#   Section '.ignored' is unknown. Section ignored.
### mwldeppc.exe Linker Warning:
#   Section '.ignored' is unknown. Section ignored.
### mwldeppc.exe Linker Warning:
#   Section '.ignored' is unknown. Section ignored.
### mwldeppc.exe Linker Warning:
#   Section '.ignored' is unknown. Section ignored.
### mwldeppc.exe Linker Warning:
#   Section '.ignored' is unknown. Section ignored.
### mwldeppc.exe Linker Warning:
#   Section '.ignored' is unknown. Section ignored.
### mwldeppc.exe Linker Warning:
#   Section '.ignored' is unknown. Section ignored.
### mwldeppc.exe Linker Warning:
#   Section '.ignored' is unknown. Section ignored.
### mwldeppc.exe Linker Warning:
#   Section '.ignored' is unknown. Section ignored.
### mwldeppc.exe Linker Warning:
#   Section '.ignored' is unknown. Section ignored.
### mwldeppc.exe Linker Warning:
#   Section '.ignored' is unknown. Section ignored.
### mwldeppc.exe Linker Warning:
#   Section '.ignored' is unknown. Section ignored.
### mwldeppc.exe Linker Warning:
#   Section '.ignored' is unknown. Section ignored.
### mwldeppc.exe Linker Warning:
#   Section '.ignored' is unknown. Section ignored.
### mwldeppc.exe Linker Warning:
#   Section '.ignored' is unknown. Section ignored.
### mwldeppc.exe Linker Warning:
#   Section '.ignored' is unknown. Section ignored.
### mwldeppc.exe Linker Warning:
#   Section '.ignored' is unknown. Section ignored.
### mwldeppc.exe Linker Warning:
#   Section '.ignored' is unknown. Section ignored.
### mwldeppc.exe Linker Warning:
#   Section '.ignored' is unknown. Section ignored.
### mwldeppc.exe Linker Warning:
#   Section '.ignored' is unknown. Section ignored.
### mwldeppc.exe Linker Warning:
#   Section '.ignored' is unknown. Section ignored.
### mwldeppc.exe Linker Warning:
#   Section '.ignored' is unknown. Section ignored.
### mwldeppc.exe Linker Warning:
#   Section '.ignored' is unknown. Section ignored.
### mwldeppc.exe Linker Warning:
#   Section '.ignored' is unknown. Section ignored.
### mwldeppc.exe Linker Warning:
#   Section '.ignored' is unknown. Section ignored.
### mwldeppc.exe Linker Warning:
#   Section '.ignored' is unknown. Section ignored.
### mwldeppc.exe Linker Warning:
#   Section '.ignored' is unknown. Section ignored.
### mwldeppc.exe Linker Warning:
#   Section '.ignored' is unknown. Section ignored.
### mwldeppc.exe Linker Warning:
#   Section '.ignored' is unknown. Section ignored.
### mwldeppc.exe Linker Warning:
#   Section '.ignored' is unknown. Section ignored.
### mwldeppc.exe Linker Warning:
#   Section '.ignored' is unknown. Section ignored.
### mwldeppc.exe Linker Warning:
#   Section '.ignored' is unknown. Section ignored.
### mwldeppc.exe Linker Warning:
#   Section '.ignored' is unknown. Section ignored.
### mwldeppc.exe Linker Warning:
#   Section '.ignored' is unknown. Section ignored.
### mwldeppc.exe Linker Warning:
#   Section '.ignored' is unknown. Section ignored.
### mwldeppc.exe Linker Warning:
#   Section '.ignored' is unknown. Section ignored.
### mwldeppc.exe Linker Warning:
#   Section '.ignored' is unknown. Section ignored.
### mwldeppc.exe Linker Warning:
#   Section '.ignored' is unknown. Section ignored.
### mwldeppc.exe Linker Warning:
#   Section '.ignored' is unknown. Section ignored.
### mwldeppc.exe Linker Warning:
#   Section '.ignored' is unknown. Section ignored.
### mwldeppc.exe Linker Warning:
#   Section '.ignored' is unknown. Section ignored.
### mwldeppc.exe Linker Warning:
#   Section '.ignored' is unknown. Section ignored.
### mwldeppc.exe Linker Warning:
#   Section '.ignored' is unknown. Section ignored.
### mwldeppc.exe Linker Warning:
#   Section '.ignored' is unknown. Section ignored.
### mwldeppc.exe Linker Warning:
#   Section '.ignored' is unknown. Section ignored.
### mwldeppc.exe Linker Warning:
#   Section '.ignored' is unknown. Section ignored.
### mwldeppc.exe Linker Warning:
#   Section '.ignored' is unknown. Section ignored.
### mwldeppc.exe Linker Warning:
#   Section '.ignored' is unknown. Section ignored.
### mwldeppc.exe Linker Warning:
#   Section '.ignored' is unknown. Section ignored.
### mwldeppc.exe Linker Warning:
#   Section '.ignored' is unknown. Section ignored.
### mwldeppc.exe Linker Warning:
#   Section '.ignored' is unknown. Section ignored.
### mwldeppc.exe Linker Warning:
#   Section '.ignored' is unknown. Section ignored.
### mwldeppc.exe Linker Warning:
#   Section '.ignored' is unknown. Section ignored.
### mwldeppc.exe Linker Warning:
#   Section '.ignored' is unknown. Section ignored.
### mwldeppc.exe Linker Warning:
#   Section '.ignored' is unknown. Section ignored.
### mwldeppc.exe Linker Warning:
#   Section '.ignored' is unknown. Section ignored.
### mwldeppc.exe Linker Warning:
#   Section '.ignored' is unknown. Section ignored.
### mwldeppc.exe Linker Warning:
#   Section '.ignored' is unknown. Section ignored.
### mwldeppc.exe Linker Warning:
#   Section '.ignored' is unknown. Section ignored.
### mwldeppc.exe Linker Warning:
#   Section '.ignored' is unknown. Section ignored.
### mwldeppc.exe Linker Warning:
#   Section '.ignored' is unknown. Section ignored.
### mwldeppc.exe Linker Warning:
#   Section '.ignored' is unknown. Section ignored.
### mwldeppc.exe Linker Warning:
#   Section '.ignored' is unknown. Section ignored.
### mwldeppc.exe Linker Warning:
#   Section '.ignored' is unknown. Section ignored.
### mwldeppc.exe Linker Warning:
#   Section '.ignored' is unknown. Section ignored.
### mwldeppc.exe Linker Warning:
#   Section '.ignored' is unknown. Section ignored.
### mwldeppc.exe Linker Warning:
#   Section '.ignored' is unknown. Section ignored.
### mwldeppc.exe Linker Warning:
#   Section '.ignored' is unknown. Section ignored.
### mwldeppc.exe Linker Warning:
#   Section '.ignored' is unknown. Section ignored.
### mwldeppc.exe Linker Warning:
#   Section '.ignored' is unknown. Section ignored.
### mwldeppc.exe Linker Warning:
#   Section '.ignored' is unknown. Section ignored.
### mwldeppc.exe Linker Warning:
#   Section '.ignored' is unknown. Section ignored.
### mwldeppc.exe Linker Warning:
#   Section '.ignored' is unknown. Section ignored.
### mwldeppc.exe Linker Warning:
#   Section '.ignored' is unknown. Section ignored.
### mwldeppc.exe Linker Warning:
#   Section '.ignored' is unknown. Section ignored.
### mwldeppc.exe Linker Warning:
#   Section '.ignored' is unknown. Section ignored.
### mwldeppc.exe Linker Warning:
#   Section '.ignored' is unknown. Section ignored.
### mwldeppc.exe Linker Warning:
#   Section '.ignored' is unknown. Section ignored.
### mwldeppc.exe Linker Warning:
#   Section '.ignored' is unknown. Section ignored.
### mwldeppc.exe Linker Warning:
#   Section '.ignored' is unknown. Section ignored.
### mwldeppc.exe Linker Warning:
#   Section '.ignored' is unknown. Section ignored.
### mwldeppc.exe Linker Warning:
#   Section '.ignored' is unknown. Section ignored.
### mwldeppc.exe Linker Warning:
#   Section '.ignored' is unknown. Section ignored.
### mwldeppc.exe Linker Warning:
#   Section '.ignored' is unknown. Section ignored.
### mwldeppc.exe Linker Warning:
#   Section '.ignored' is unknown. Section ignored.
### mwldeppc.exe Linker Warning:
#   Section '.ignored' is unknown. Section ignored.
### mwldeppc.exe Linker Warning:
#   Section '.ignored' is unknown. Section ignored.
### mwldeppc.exe Linker Warning:
#   Section '.ignored' is unknown. Section ignored.
### mwldeppc.exe Linker Warning:
#   Section '.ignored' is unknown. Section ignored.
### mwldeppc.exe Linker Warning:
#   Section '.ignored' is unknown. Section ignored.
### mwldeppc.exe Linker Warning:
#   Section '.ignored' is unknown. Section ignored.
### mwldeppc.exe Linker Warning:
#   Section '.ignored' is unknown. Section ignored.
### mwldeppc.exe Linker Warning:
#   Section '.ignored' is unknown. Section ignored.
### mwldeppc.exe Linker Warning:
#   Section '.ignored' is unknown. Section ignored.
### mwldeppc.exe Linker Warning:
#   Section '.ignored' is unknown. Section ignored.
### mwldeppc.exe Linker Warning:
#   Section '.ignored' is unknown. Section ignored.
### mwldeppc.exe Linker Warning:
#   Section '.ignored' is unknown. Section ignored.
### mwldeppc.exe Linker Warning:
#   Section '.ignored' is unknown. Section ignored.
### mwldeppc.exe Linker Warning:
#   Section '.ignored' is unknown. Section ignored.
### mwldeppc.exe Linker Warning:
#   Section '.ignored' is unknown. Section ignored.
### mwldeppc.exe Linker Warning:
#   Section '.ignored' is unknown. Section ignored.
### mwldeppc.exe Linker Warning:
#   Section '.ignored' is unknown. Section ignored.
### mwldeppc.exe Linker Warning:
#   Section '.ignored' is unknown. Section ignored.
### mwldeppc.exe Linker Warning:
#   Section '.ignored' is unknown. Section ignored.
### mwldeppc.exe Linker Warning:
#   Section '.ignored' is unknown. Section ignored.
### mwldeppc.exe Linker Warning:
#   Section '.ignored' is unknown. Section ignored.
### mwldeppc.exe Linker Warning:
#   Section '.ignored' is unknown. Section ignored.
### mwldeppc.exe Linker Warning:
#   Section '.ignored' is unknown. Section ignored.
### mwldeppc.exe Linker Warning:
#   Section '.ignored' is unknown. Section ignored.
### mwldeppc.exe Linker Warning:
#   Section '.ignored' is unknown. Section ignored.
### mwldeppc.exe Linker Warning:
#   Section '.ignored' is unknown. Section ignored.
### mwldeppc.exe Linker Warning:
#   Section '.ignored' is unknown. Section ignored.
### mwldeppc.exe Linker Warning:
#   Section '.ignored' is unknown. Section ignored.
### mwldeppc.exe Linker Warning:
#   Section '.ignored' is unknown. Section ignored.
### mwldeppc.exe Linker Warning:
#   Section '.ignored' is unknown. Section ignored.
### mwldeppc.exe Linker Warning:
#   Section '.ignored' is unknown. Section ignored.
### mwldeppc.exe Linker Warning:
#   Section '.ignored' is unknown. Section ignored.
### mwldeppc.exe Linker Warning:
#   Section '.ignored' is unknown. Section ignored.
### mwldeppc.exe Linker Warning:
#   Section '.ignored' is unknown. Section ignored.
### mwldeppc.exe Linker Warning:
#   Section '.ignored' is unknown. Section ignored.
### mwldeppc.exe Linker Warning:
#   Section '.ignored' is unknown. Section ignored.
### mwldeppc.exe Linker Warning:
#   Section '.ignored' is unknown. Section ignored.
### mwldeppc.exe Linker Warning:
#   Section '.ignored' is unknown. Section ignored.
### mwldeppc.exe Linker Warning:
#   Section '.ignored' is unknown. Section ignored.
### mwldeppc.exe Linker Warning:
#   Section '.ignored' is unknown. Section ignored.
### mwldeppc.exe Linker Warning:
#   Section '.ignored' is unknown. Section ignored.
### mwldeppc.exe Linker Warning:
#   Section '.ignored' is unknown. Section ignored.
### mwldeppc.exe Linker Warning:
#   Section '.ignored' is unknown. Section ignored.
### mwldeppc.exe Linker Warning:
#   Section '.ignored' is unknown. Section ignored.
### mwldeppc.exe Linker Warning:
#   Section '.ignored' is unknown. Section ignored.
### mwldeppc.exe Linker Warning:
#   Section '.ignored' is unknown. Section ignored.
### mwldeppc.exe Linker Warning:
#   Section '.ignored' is unknown. Section ignored.
### mwldeppc.exe Linker Warning:
#   Section '.ignored' is unknown. Section ignored.
### mwldeppc.exe Linker Warning:
#   Section '.ignored' is unknown. Section ignored.
### mwldeppc.exe Linker Warning:
#   Section '.ignored' is unknown. Section ignored.
### mwldeppc.exe Linker Warning:
#   Section '.ignored' is unknown. Section ignored.
### mwldeppc.exe Linker Warning:
#   Section '.ignored' is unknown. Section ignored.
### mwldeppc.exe Linker Warning:
#   Section '.ignored' is unknown. Section ignored.
### mwldeppc.exe Linker Warning:
#   Section '.ignored' is unknown. Section ignored.
### mwldeppc.exe Linker Warning:
#   Section '.ignored' is unknown. Section ignored.
### mwldeppc.exe Linker Warning:
#   Section '.ignored' is unknown. Section ignored.
### mwldeppc.exe Linker Warning:
#   Section '.ignored' is unknown. Section ignored.
### mwldeppc.exe Linker Warning:
#   Section '.ignored' is unknown. Section ignored.
### mwldeppc.exe Linker Warning:
#   Section '.ignored' is unknown. Section ignored.
### mwldeppc.exe Linker Warning:
#   Section '.ignored' is unknown. Section ignored.
### mwldeppc.exe Linker Warning:
#   Section '.ignored' is unknown. Section ignored.
### mwldeppc.exe Linker Warning:
#   Section '.ignored' is unknown. Section ignored.
### mwldeppc.exe Linker Warning:
#   Section '.ignored' is unknown. Section ignored.
### mwldeppc.exe Linker Warning:
#   Section '.ignored' is unknown. Section ignored.
### mwldeppc.exe Linker Warning:
#   Section '.ignored' is unknown. Section ignored.
### mwldeppc.exe Linker Warning:
#   Section '.ignored' is unknown. Section ignored.
### mwldeppc.exe Linker Warning:
#   Section '.ignored' is unknown. Section ignored.
### mwldeppc.exe Linker Warning:
#   Section '.ignored' is unknown. Section ignored.
### mwldeppc.exe Linker Warning:
#   Section '.ignored' is unknown. Section ignored.
### mwldeppc.exe Linker Warning:
#   Section '.ignored' is unknown. Section ignored.
### mwldeppc.exe Linker Warning:
#   Section '.ignored' is unknown. Section ignored.
### mwldeppc.exe Linker Warning:
#   Section '.ignored' is unknown. Section ignored.
### mwldeppc.exe Linker Warning:
#   Section '.ignored' is unknown. Section ignored.
### mwldeppc.exe Linker Warning:
#   Section '.ignored' is unknown. Section ignored.
### mwldeppc.exe Linker Warning:
#   Section '.ignored' is unknown. Section ignored.
### mwldeppc.exe Linker Warning:
#   Section '.ignored' is unknown. Section ignored.
### mwldeppc.exe Linker Warning:
#   Section '.ignored' is unknown. Section ignored.
### mwldeppc.exe Linker Warning:
#   Section '.ignored' is unknown. Section ignored.
### mwldeppc.exe Linker Warning:
#   Section '.ignored' is unknown. Section ignored.
### mwldeppc.exe Linker Warning:
#   Section '.ignored' is unknown. Section ignored.
### mwldeppc.exe Linker Warning:
#   Section '.ignored' is unknown. Section ignored.
### mwldeppc.exe Linker Warning:
#   Section '.ignored' is unknown. Section ignored.
### mwldeppc.exe Linker Warning:
#   Section '.ignored' is unknown. Section ignored.
### mwldeppc.exe Linker Warning:
#   Section '.ignored' is unknown. Section ignored.
### mwldeppc.exe Linker Warning:
#   Section '.ignored' is unknown. Section ignored.
### mwldeppc.exe Linker Warning:
#   Section '.ignored' is unknown. Section ignored.
### mwldeppc.exe Linker Warning:
#   Section '.ignored' is unknown. Section ignored.
### mwldeppc.exe Linker Warning:
#   Section '.ignored' is unknown. Section ignored.
### mwldeppc.exe Linker Warning:
#   Section '.ignored' is unknown. Section ignored.
### mwldeppc.exe Linker Warning:
#   Section '.ignored' is unknown. Section ignored.
### mwldeppc.exe Linker Warning:
#   Section '.ignored' is unknown. Section ignored.
### mwldeppc.exe Linker Warning:
#   Section '.ignored' is unknown. Section ignored.
### mwldeppc.exe Linker Warning:
#   Section '.ignored' is unknown. Section ignored.
### mwldeppc.exe Linker Warning:
#   Section '.ignored' is unknown. Section ignored.
### mwldeppc.exe Linker Warning:
#   Section '.ignored' is unknown. Section ignored.
### mwldeppc.exe Linker Warning:
#   Section '.ignored' is unknown. Section ignored.
### mwldeppc.exe Linker Warning:
#   Section '.ignored' is unknown. Section ignored.
### mwldeppc.exe Linker Warning:
#   Section '.ignored' is unknown. Section ignored.
### mwldeppc.exe Linker Warning:
#   Section '.ignored' is unknown. Section ignored.
### mwldeppc.exe Linker Warning:
#   Section '.ignored' is unknown. Section ignored.
### mwldeppc.exe Linker Warning:
#   Section '.ignored' is unknown. Section ignored.
### mwldeppc.exe Linker Warning:
#   Section '.ignored' is unknown. Section ignored.
### mwldeppc.exe Linker Warning:
#   Section '.ignored' is unknown. Section ignored.
### mwldeppc.exe Linker Warning:
#   Section '.ignored' is unknown. Section ignored.
### mwldeppc.exe Linker Warning:
#   Section '.ignored' is unknown. Section ignored.
### mwldeppc.exe Linker Warning:
#   Section '.ignored' is unknown. Section ignored.
### mwldeppc.exe Linker Warning:
#   Section '.ignored' is unknown. Section ignored.
### mwldeppc.exe Linker Warning:
#   Section '.ignored' is unknown. Section ignored.
### mwldeppc.exe Linker Warning:
#   Section '.ignored' is unknown. Section ignored.
### mwldeppc.exe Linker Warning:
#   Section '.ignored' is unknown. Section ignored.
### mwldeppc.exe Linker Warning:
#   Section '.ignored' is unknown. Section ignored.
### mwldeppc.exe Linker Warning:
#   Section '.ignored' is unknown. Section ignored.
### mwldeppc.exe Linker Warning:
#   Section '.ignored' is unknown. Section ignored.
### mwldeppc.exe Linker Warning:
#   Section '.ignored' is unknown. Section ignored.
### mwldeppc.exe Linker Warning:
#   Section '.ignored' is unknown. Section ignored.
### mwldeppc.exe Linker Warning:
#   Section '.ignored' is unknown. Section ignored.
### mwldeppc.exe Linker Warning:
#   Section '.ignored' is unknown. Section ignored.
### mwldeppc.exe Linker Warning:
#   Section '.ignored' is unknown. Section ignored.
### mwldeppc.exe Linker Warning:
#   Section '.ignored' is unknown. Section ignored.
### mwldeppc.exe Linker Warning:
#   Section '.ignored' is unknown. Section ignored.
### mwldeppc.exe Linker Warning:
#   Section '.ignored' is unknown. Section ignored.
### mwldeppc.exe Linker Warning:
#   Section '.ignored' is unknown. Section ignored.
### mwldeppc.exe Linker Warning:
#   Section '.ignored' is unknown. Section ignored.
### mwldeppc.exe Linker Warning:
#   Section '.ignored' is unknown. Section ignored.
### mwldeppc.exe Linker Warning:
#   Section '.ignored' is unknown. Section ignored.
### mwldeppc.exe Linker Warning:
#   Section '.ignored' is unknown. Section ignored.
### mwldeppc.exe Linker Warning:
#   Section '.ignored' is unknown. Section ignored.
### mwldeppc.exe Linker Warning:
#   Section '.ignored' is unknown. Section ignored.
### mwldeppc.exe Linker Warning:
#   Section '.ignored' is unknown. Section ignored.
### mwldeppc.exe Linker Warning:
#   Section '.ignored' is unknown. Section ignored.
### mwldeppc.exe Linker Warning:
#   Section '.ignored' is unknown. Section ignored.
### mwldeppc.exe Linker Warning:
#   Section '.ignored' is unknown. Section ignored.
### mwldeppc.exe Linker Warning:
#   Section '.ignored' is unknown. Section ignored.
### mwldeppc.exe Linker Warning:
#   Section '.ignored' is unknown. Section ignored.
### mwldeppc.exe Linker Warning:
#   Section '.ignored' is unknown. Section ignored.
### mwldeppc.exe Linker Warning:
#   Section '.ignored' is unknown. Section ignored.
### mwldeppc.exe Linker Warning:
#   Section '.ignored' is unknown. Section ignored.
### mwldeppc.exe Linker Warning:
#   Section '.ignored' is unknown. Section ignored.
### mwldeppc.exe Linker Warning:
#   Section '.ignored' is unknown. Section ignored.
### mwldeppc.exe Linker Warning:
#   Section '.ignored' is unknown. Section ignored.
### mwldeppc.exe Linker Warning:
#   Section '.ignored' is unknown. Section ignored.
### mwldeppc.exe Linker Warning:
#   Section '.ignored' is unknown. Section ignored.
### mwldeppc.exe Linker Warning:
#   Section '.ignored' is unknown. Section ignored.
### mwldeppc.exe Linker Warning:
#   Section '.ignored' is unknown. Section ignored.
### mwldeppc.exe Linker Warning:
#   Section '.ignored' is unknown. Section ignored.
### mwldeppc.exe Linker Warning:
#   Section '.ignored' is unknown. Section ignored.
### mwldeppc.exe Linker Warning:
#   Section '.ignored' is unknown. Section ignored.
### mwldeppc.exe Linker Warning:
#   Section '.ignored' is unknown. Section ignored.
### mwldeppc.exe Linker Warning:
#   Section '.ignored' is unknown. Section ignored.
### mwldeppc.exe Linker Warning:
#   Section '.ignored' is unknown. Section ignored.
### mwldeppc.exe Linker Warning:
#   Section '.ignored' is unknown. Section ignored.
### mwldeppc.exe Linker Warning:
#   Section '.ignored' is unknown. Section ignored.
### mwldeppc.exe Linker Warning:
#   Section '.ignored' is unknown. Section ignored.
### mwldeppc.exe Linker Warning:
#   Section '.ignored' is unknown. Section ignored.
### mwldeppc.exe Linker Warning:
#   Section '.ignored' is unknown. Section ignored.
### mwldeppc.exe Linker Warning:
#   Section '.ignored' is unknown. Section ignored.
### mwldeppc.exe Linker Warning:
#   Section '.ignored' is unknown. Section ignored.
### mwldeppc.exe Linker Warning:
#   Section '.ignored' is unknown. Section ignored.
### mwldeppc.exe Linker Warning:
#   Section '.ignored' is unknown. Section ignored.
### mwldeppc.exe Linker Warning:
#   Section '.ignored' is unknown. Section ignored.
### mwldeppc.exe Linker Warning:
#   Section '.ignored' is unknown. Section ignored.
### mwldeppc.exe Linker Warning:
#   Section '.ignored' is unknown. Section ignored.
### mwldeppc.exe Linker Warning:
#   Section '.ignored' is unknown. Section ignored.
### mwldeppc.exe Linker Warning:
#   Section '.ignored' is unknown. Section ignored.
### mwldeppc.exe Linker Warning:
#   Section '.ignored' is unknown. Section ignored.
### mwldeppc.exe Linker Warning:
#   Section '.ignored' is unknown. Section ignored.
### mwldeppc.exe Linker Warning:
#   Section '.ignored' is unknown. Section ignored.
### mwldeppc.exe Linker Warning:
#   Section '.ignored' is unknown. Section ignored.
### mwldeppc.exe Linker Warning:
#   Section '.ignored' is unknown. Section ignored.
### mwldeppc.exe Linker Warning:
#   Section '.ignored' is unknown. Section ignored.
### mwldeppc.exe Linker Warning:
#   Section '.ignored' is unknown. Section ignored.
### mwldeppc.exe Linker Warning:
#   Section '.ignored' is unknown. Section ignored.
### mwldeppc.exe Linker Warning:
#   Section '.ignored' is unknown. Section ignored.
### mwldeppc.exe Linker Warning:
#   Section '.ignored' is unknown. Section ignored.
### mwldeppc.exe Linker Warning:
#   Section '.ignored' is unknown. Section ignored.
### mwldeppc.exe Linker Warning:
#   Section '.ignored' is unknown. Section ignored.
### mwldeppc.exe Linker Warning:
#   Section '.ignored' is unknown. Section ignored.
### mwldeppc.exe Linker Warning:
#   Section '.ignored' is unknown. Section ignored.
### mwldeppc.exe Linker Warning:
#   Section '.ignored' is unknown. Section ignored.
### mwldeppc.exe Linker Warning:
#   Section '.ignored' is unknown. Section ignored.
### mwldeppc.exe Linker Warning:
#   Section '.ignored' is unknown. Section ignored.
### mwldeppc.exe Linker Warning:
#   Section '.ignored' is unknown. Section ignored.
### mwldeppc.exe Linker Warning:
#   Section '.ignored' is unknown. Section ignored.
### mwldeppc.exe Linker Warning:
#   Section '.ignored' is unknown. Section ignored.
### mwldeppc.exe Linker Warning:
#   Section '.ignored' is unknown. Section ignored.
### mwldeppc.exe Linker Warning:
#   Section '.ignored' is unknown. Section ignored.
### mwldeppc.exe Linker Warning:
#   Section '.ignored' is unknown. Section ignored.
### mwldeppc.exe Linker Warning:
#   Section '.ignored' is unknown. Section ignored.
### mwldeppc.exe Linker Warning:
#   Section '.ignored' is unknown. Section ignored.
### mwldeppc.exe Linker Warning:
#   Section '.ignored' is unknown. Section ignored.
### mwldeppc.exe Linker Warning:
#   Section '.ignored' is unknown. Section ignored.
### mwldeppc.exe Linker Warning:
#   Section '.ignored' is unknown. Section ignored.
### mwldeppc.exe Linker Warning:
#   Section '.ignored' is unknown. Section ignored.
### mwldeppc.exe Linker Warning:
#   Section '.ignored' is unknown. Section ignored.
### mwldeppc.exe Linker Warning:
#   Section '.ignored' is unknown. Section ignored.
### mwldeppc.exe Linker Warning:
#   Section '.ignored' is unknown. Section ignored.
### mwldeppc.exe Linker Warning:
#   Section '.ignored' is unknown. Section ignored.
### mwldeppc.exe Linker Warning:
#   Section '.ignored' is unknown. Section ignored.
### mwldeppc.exe Linker Warning:
#   Section '.ignored' is unknown. Section ignored.
### mwldeppc.exe Linker Warning:
#   Section '.ignored' is unknown. Section ignored.
### mwldeppc.exe Linker Warning:
#   Section '.ignored' is unknown. Section ignored.
### mwldeppc.exe Linker Warning:
#   Section '.ignored' is unknown. Section ignored.
### mwldeppc.exe Linker Warning:
#   Section '.ignored' is unknown. Section ignored.
### mwldeppc.exe Linker Warning:
#   Section '.ignored' is unknown. Section ignored.
### mwldeppc.exe Linker Warning:
#   Section '.ignored' is unknown. Section ignored.
### mwldeppc.exe Linker Warning:
#   Section '.ignored' is unknown. Section ignored.
### mwldeppc.exe Linker Warning:
#   Section '.ignored' is unknown. Section ignored.
### mwldeppc.exe Linker Warning:
#   Section '.ignored' is unknown. Section ignored.
### mwldeppc.exe Linker Warning:
#   Section '.ignored' is unknown. Section ignored.
### mwldeppc.exe Linker Warning:
#   Section '.ignored' is unknown. Section ignored.
### mwldeppc.exe Linker Warning:
#   Section '.ignored' is unknown. Section ignored.
### mwldeppc.exe Linker Warning:
#   Section '.ignored' is unknown. Section ignored.
### mwldeppc.exe Linker Warning:
#   Section '.ignored' is unknown. Section ignored.
### mwldeppc.exe Linker Warning:
#   Section '.ignored' is unknown. Section ignored.
### mwldeppc.exe Linker Warning:
#   Section '.ignored' is unknown. Section ignored.
### mwldeppc.exe Linker Warning:
#   Section '.ignored' is unknown. Section ignored.
### mwldeppc.exe Linker Warning:
#   Section '.ignored' is unknown. Section ignored.
### mwldeppc.exe Linker Warning:
#   Section '.ignored' is unknown. Section ignored.
### mwldeppc.exe Linker Warning:
#   Section '.ignored' is unknown. Section ignored.
### mwldeppc.exe Linker Warning:
#   Section '.ignored' is unknown. Section ignored.
### mwldeppc.exe Linker Warning:
#   Section '.ignored' is unknown. Section ignored.
### mwldeppc.exe Linker Warning:
#   Section '.ignored' is unknown. Section ignored.
### mwldeppc.exe Linker Warning:
#   Section '.ignored' is unknown. Section ignored.
### mwldeppc.exe Linker Warning:
#   Section '.ignored' is unknown. Section ignored.
### mwldeppc.exe Linker Warning:
#   Section '.ignored' is unknown. Section ignored.
### mwldeppc.exe Linker Warning:
#   Section '.ignored' is unknown. Section ignored.
### mwldeppc.exe Linker Warning:
#   Section '.ignored' is unknown. Section ignored.
### mwldeppc.exe Linker Warning:
#   Section '.ignored' is unknown. Section ignored.
### mwldeppc.exe Linker Warning:
#   Section '.ignored' is unknown. Section ignored.
### mwldeppc.exe Linker Warning:
#   Section '.ignored' is unknown. Section ignored.
### mwldeppc.exe Linker Warning:
#   Section '.ignored' is unknown. Section ignored.
### mwldeppc.exe Linker Warning:
#   Section '.ignored' is unknown. Section ignored.
### mwldeppc.exe Linker Warning:
#   Section '.ignored' is unknown. Section ignored.
### mwldeppc.exe Linker Warning:
#   Section '.ignored' is unknown. Section ignored.
### mwldeppc.exe Linker Warning:
#   Section '.ignored' is unknown. Section ignored.
### mwldeppc.exe Linker Warning:
#   Section '.ignored' is unknown. Section ignored.
### mwldeppc.exe Linker Warning:
#   Section '.ignored' is unknown. Section ignored.
### mwldeppc.exe Linker Warning:
#   Section '.ignored' is unknown. Section ignored.
### mwldeppc.exe Linker Warning:
#   Section '.ignored' is unknown. Section ignored.
### mwldeppc.exe Linker Warning:
#   Section '.ignored' is unknown. Section ignored.
### mwldeppc.exe Linker Warning:
#   Section '.ignored' is unknown. Section ignored.
### mwldeppc.exe Linker Warning:
#   Section '.ignored' is unknown. Section ignored.
### mwldeppc.exe Linker Warning:
#   Section '.ignored' is unknown. Section ignored.
### mwldeppc.exe Linker Warning:
#   Section '.ignored' is unknown. Section ignored.
### mwldeppc.exe Linker Warning:
#   Section '.ignored' is unknown. Section ignored.
### mwldeppc.exe Linker Warning:
#   Section '.ignored' is unknown. Section ignored.
### mwldeppc.exe Linker Warning:
#   Section '.ignored' is unknown. Section ignored.
### mwldeppc.exe Linker Warning:
#   Section '.ignored' is unknown. Section ignored.
### mwldeppc.exe Linker Warning:
#   Section '.ignored' is unknown. Section ignored.
### mwldeppc.exe Linker Warning:
#   Section '.ignored' is unknown. Section ignored.
### mwldeppc.exe Linker Warning:
#   Section '.ignored' is unknown. Section ignored.
### mwldeppc.exe Linker Warning:
#   Section '.ignored' is unknown. Section ignored.
### mwldeppc.exe Linker Warning:
#   Section '.ignored' is unknown. Section ignored.
### mwldeppc.exe Linker Warning:
#   Section '.ignored' is unknown. Section ignored.
### mwldeppc.exe Linker Warning:
#   Section '.ignored' is unknown. Section ignored.
### mwldeppc.exe Linker Warning:
#   Section '.ignored' is unknown. Section ignored.
### mwldeppc.exe Linker Warning:
#   Section '.ignored' is unknown. Section ignored.
### mwldeppc.exe Linker Warning:
#   Section '.ignored' is unknown. Section ignored.
### mwldeppc.exe Linker Warning:
#   Section '.ignored' is unknown. Section ignored.
### mwldeppc.exe Linker Warning:
#   Section '.ignored' is unknown. Section ignored.
### mwldeppc.exe Linker Warning:
#   Section '.ignored' is unknown. Section ignored.
### mwldeppc.exe Linker Warning:
#   Section '.ignored' is unknown. Section ignored.
### mwldeppc.exe Linker Warning:
#   Section '.ignored' is unknown. Section ignored.
### mwldeppc.exe Linker Warning:
#   Section '.ignored' is unknown. Section ignored.
### mwldeppc.exe Linker Warning:
#   Section '.ignored' is unknown. Section ignored.
### mwldeppc.exe Linker Warning:
#   Section '.ignored' is unknown. Section ignored.
### mwldeppc.exe Linker Warning:
#   Section '.ignored' is unknown. Section ignored.
### mwldeppc.exe Linker Warning:
#   Section '.ignored' is unknown. Section ignored.
### mwldeppc.exe Linker Warning:
#   Section '.ignored' is unknown. Section ignored.
### mwldeppc.exe Linker Warning:
#   Section '.ignored' is unknown. Section ignored.
### mwldeppc.exe Linker Warning:
#   Section '.ignored' is unknown. Section ignored.
### mwldeppc.exe Linker Warning:
#   Section '.ignored' is unknown. Section ignored.
### mwldeppc.exe Linker Warning:
#   Section '.ignored' is unknown. Section ignored.
### mwldeppc.exe Linker Warning:
#   Section '.ignored' is unknown. Section ignored.
### mwldeppc.exe Linker Warning:
#   Section '.ignored' is unknown. Section ignored.
### mwldeppc.exe Linker Warning:
#   Section '.ignored' is unknown. Section ignored.
### mwldeppc.exe Linker Warning:
#   Section '.ignored' is unknown. Section ignored.
### mwldeppc.exe Linker Warning:
#   Section '.ignored' is unknown. Section ignored.
### mwldeppc.exe Linker Warning:
#   Section '.ignored' is unknown. Section ignored.
### mwldeppc.exe Linker Warning:
#   Section '.ignored' is unknown. Section ignored.
### mwldeppc.exe Linker Warning:
#   Section '.ignored' is unknown. Section ignored.
### mwldeppc.exe Linker Warning:
#   Section '.ignored' is unknown. Section ignored.
### mwldeppc.exe Linker Warning:
#   Section '.ignored' is unknown. Section ignored.
### mwldeppc.exe Linker Warning:
#   Section '.ignored' is unknown. Section ignored.
### mwldeppc.exe Linker Warning:
#   Section '.ignored' is unknown. Section ignored.
### mwldeppc.exe Linker Warning:
#   Section '.ignored' is unknown. Section ignored.
### mwldeppc.exe Linker Warning:
#   Section '.ignored' is unknown. Section ignored.
### mwldeppc.exe Linker Warning:
#   Section '.ignored' is unknown. Section ignored.
### mwldeppc.exe Linker Warning:
#   Section '.ignored' is unknown. Section ignored.
### mwldeppc.exe Linker Warning:
#   Section '.ignored' is unknown. Section ignored.
### mwldeppc.exe Linker Warning:
#   Section '.ignored' is unknown. Section ignored.
### mwldeppc.exe Linker Warning:
#   Section '.ignored' is unknown. Section ignored.
### mwldeppc.exe Linker Warning:
#   Section '.ignored' is unknown. Section ignored.
### mwldeppc.exe Linker Warning:
#   Section '.ignored' is unknown. Section ignored.
### mwldeppc.exe Linker Warning:
#   Section '.ignored' is unknown. Section ignored.
### mwldeppc.exe Linker Warning:
#   Section '.ignored' is unknown. Section ignored.
### mwldeppc.exe Linker Warning:
#   Section '.ignored' is unknown. Section ignored.
### mwldeppc.exe Linker Warning:
#   Section '.ignored' is unknown. Section ignored.
### mwldeppc.exe Linker Warning:
#   Section '.ignored' is unknown. Section ignored.
### mwldeppc.exe Linker Warning:
#   Section '.ignored' is unknown. Section ignored.
### mwldeppc.exe Linker Warning:
#   Section '.ignored' is unknown. Section ignored.
### mwldeppc.exe Linker Warning:
#   Section '.ignored' is unknown. Section ignored.
### mwldeppc.exe Linker Warning:
#   Section '.ignored' is unknown. Section ignored.
### mwldeppc.exe Linker Warning:
#   Section '.ignored' is unknown. Section ignored.
### mwldeppc.exe Linker Warning:
#   Section '.ignored' is unknown. Section ignored.
### mwldeppc.exe Linker Warning:
#   Section '.ignored' is unknown. Section ignored.
### mwldeppc.exe Linker Warning:
#   Section '.ignored' is unknown. Section ignored.
### mwldeppc.exe Linker Warning:
#   Section '.ignored' is unknown. Section ignored.
### mwldeppc.exe Linker Warning:
#   Section '.ignored' is unknown. Section ignored.
### mwldeppc.exe Linker Warning:
#   Section '.ignored' is unknown. Section ignored.
### mwldeppc.exe Linker Warning:
#   Section '.ignored' is unknown. Section ignored.
### mwldeppc.exe Linker Warning:
#   Section '.ignored' is unknown. Section ignored.
### mwldeppc.exe Linker Warning:
#   Section '.ignored' is unknown. Section ignored.
### mwldeppc.exe Linker Warning:
#   Section '.ignored' is unknown. Section ignored.
### mwldeppc.exe Linker Warning:
#   Section '.ignored' is unknown. Section ignored.
### mwldeppc.exe Linker Warning:
#   Section '.ignored' is unknown. Section ignored.
### mwldeppc.exe Linker Warning:
#   Section '.ignored' is unknown. Section ignored.
### mwldeppc.exe Linker Warning:
#   Section '.ignored' is unknown. Section ignored.
### mwldeppc.exe Linker Warning:
#   Section '.ignored' is unknown. Section ignored.
### mwldeppc.exe Linker Warning:
#   Section '.ignored' is unknown. Section ignored.
### mwldeppc.exe Linker Warning:
#   Section '.ignored' is unknown. Section ignored.
### mwldeppc.exe Linker Warning:
#   Section '.ignored' is unknown. Section ignored.
### mwldeppc.exe Linker Warning:
#   Section '.ignored' is unknown. Section ignored.
### mwldeppc.exe Linker Warning:
#   Section '.ignored' is unknown. Section ignored.
### mwldeppc.exe Linker Warning:
#   Section '.ignored' is unknown. Section ignored.
### mwldeppc.exe Linker Warning:
#   Section '.ignored' is unknown. Section ignored.
### mwldeppc.exe Linker Warning:
#   Section '.ignored' is unknown. Section ignored.
### mwldeppc.exe Linker Warning:
#   Section '.ignored' is unknown. Section ignored.
### mwldeppc.exe Linker Warning:
#   Section '.ignored' is unknown. Section ignored.
### mwldeppc.exe Linker Warning:
#   Section '.ignored' is unknown. Section ignored.
### mwldeppc.exe Linker Warning:
#   Section '.ignored' is unknown. Section ignored.
### mwldeppc.exe Linker Warning:
#   Section '.ignored' is unknown. Section ignored.
### mwldeppc.exe Linker Warning:
#   Section '.ignored' is unknown. Section ignored.
### mwldeppc.exe Linker Warning:
#   Section '.ignored' is unknown. Section ignored.
### mwldeppc.exe Linker Warning:
#   Section '.ignored' is unknown. Section ignored.
### mwldeppc.exe Linker Warning:
#   Section '.ignored' is unknown. Section ignored.
### mwldeppc.exe Linker Warning:
#   Section '.ignored' is unknown. Section ignored.
### mwldeppc.exe Linker Warning:
#   Section '.ignored' is unknown. Section ignored.
### mwldeppc.exe Linker Warning:
#   Section '.ignored' is unknown. Section ignored.
### mwldeppc.exe Linker Warning:
#   Section '.ignored' is unknown. Section ignored.
### mwldeppc.exe Linker Warning:
#   Section '.ignored' is unknown. Section ignored.
### mwldeppc.exe Linker Warning:
#   Section '.ignored' is unknown. Section ignored.
### mwldeppc.exe Linker Warning:
#   Section '.ignored' is unknown. Section ignored.
### mwldeppc.exe Linker Warning:
#   Section '.ignored' is unknown. Section ignored.
### mwldeppc.exe Linker Warning:
#   Section '.ignored' is unknown. Section ignored.
### mwldeppc.exe Linker Warning:
#   Section '.ignored' is unknown. Section ignored.
### mwldeppc.exe Linker Warning:
#   Section '.ignored' is unknown. Section ignored.
### mwldeppc.exe Linker Warning:
#   Section '.ignored' is unknown. Section ignored.
### mwldeppc.exe Linker Warning:
#   Section '.ignored' is unknown. Section ignored.
### mwldeppc.exe Linker Warning:
#   Section '.ignored' is unknown. Section ignored.
### mwldeppc.exe Linker Warning:
#   Section '.ignored' is unknown. Section ignored.
### mwldeppc.exe Linker Warning:
#   Section '.ignored' is unknown. Section ignored.
### mwldeppc.exe Linker Warning:
#   Section '.ignored' is unknown. Section ignored.
### mwldeppc.exe Linker Warning:
#   Section '.ignored' is unknown. Section ignored.
### mwldeppc.exe Linker Warning:
#   Section '.ignored' is unknown. Section ignored.
### mwldeppc.exe Linker Warning:
#   Section '.ignored' is unknown. Section ignored.
### mwldeppc.exe Linker Warning:
#   Section '.ignored' is unknown. Section ignored.
### mwldeppc.exe Linker Warning:
#   Section '.ignored' is unknown. Section ignored.
### mwldeppc.exe Linker Warning:
#   Section '.ignored' is unknown. Section ignored.
### mwldeppc.exe Linker Warning:
#   Section '.ignored' is unknown. Section ignored.
### mwldeppc.exe Linker Warning:
#   Section '.ignored' is unknown. Section ignored.
### mwldeppc.exe Linker Warning:
#   Section '.ignored' is unknown. Section ignored.
### mwldeppc.exe Linker Warning:
#   Section '.ignored' is unknown. Section ignored.
### mwldeppc.exe Linker Warning:
#   Section '.ignored' is unknown. Section ignored.
### mwldeppc.exe Linker Warning:
#   Section '.ignored' is unknown. Section ignored.
### mwldeppc.exe Linker Warning:
#   Section '.ignored' is unknown. Section ignored.
### mwldeppc.exe Linker Warning:
#   Section '.ignored' is unknown. Section ignored.
### mwldeppc.exe Linker Warning:
#   Section '.ignored' is unknown. Section ignored.
### mwldeppc.exe Linker Warning:
#   Section '.ignored' is unknown. Section ignored.
### mwldeppc.exe Linker Warning:
#   Section '.ignored' is unknown. Section ignored.
### mwldeppc.exe Linker Warning:
#   Section '.ignored' is unknown. Section ignored.
### mwldeppc.exe Linker Warning:
#   Section '.ignored' is unknown. Section ignored.
### mwldeppc.exe Linker Warning:
#   Section '.ignored' is unknown. Section ignored.
### mwldeppc.exe Linker Warning:
#   Section '.ignored' is unknown. Section ignored.
### mwldeppc.exe Linker Warning:
#   Section '.ignored' is unknown. Section ignored.
### mwldeppc.exe Linker Warning:
#   Section '.ignored' is unknown. Section ignored.
### mwldeppc.exe Linker Warning:
#   Section '.ignored' is unknown. Section ignored.
### mwldeppc.exe Linker Warning:
#   Section '.ignored' is unknown. Section ignored.
### mwldeppc.exe Linker Warning:
#   Section '.ignored' is unknown. Section ignored.
### mwldeppc.exe Linker Warning:
#   Section '.ignored' is unknown. Section ignored.
### mwldeppc.exe Linker Warning:
#   Section '.ignored' is unknown. Section ignored.
### mwldeppc.exe Linker Warning:
#   Section '.ignored' is unknown. Section ignored.
### mwldeppc.exe Linker Warning:
#   Section '.ignored' is unknown. Section ignored.
### mwldeppc.exe Linker Warning:
#   Section '.ignored' is unknown. Section ignored.
### mwldeppc.exe Linker Warning:
#   Section '.ignored' is unknown. Section ignored.
### mwldeppc.exe Linker Warning:
#   Section '.ignored' is unknown. Section ignored.
### mwldeppc.exe Linker Warning:
#   Section '.ignored' is unknown. Section ignored.
### mwldeppc.exe Linker Warning:
#   Section '.ignored' is unknown. Section ignored.
### mwldeppc.exe Linker Warning:
#   Section '.ignored' is unknown. Section ignored.
### mwldeppc.exe Linker Warning:
#   Section '.ignored' is unknown. Section ignored.
### mwldeppc.exe Linker Warning:
#   Section '.ignored' is unknown. Section ignored.
### mwldeppc.exe Linker Warning:
#   Section '.ignored' is unknown. Section ignored.
### mwldeppc.exe Linker Warning:
#   Section '.ignored' is unknown. Section ignored.
### mwldeppc.exe Linker Warning:
#   Section '.ignored' is unknown. Section ignored.
### mwldeppc.exe Linker Warning:
#   Section '.ignored' is unknown. Section ignored.
### mwldeppc.exe Linker Warning:
#   Section '.ignored' is unknown. Section ignored.
### mwldeppc.exe Linker Warning:
#   Section '.ignored' is unknown. Section ignored.
### mwldeppc.exe Linker Warning:
#   Section '.ignored' is unknown. Section ignored.
### mwldeppc.exe Linker Warning:
#   Section '.ignored' is unknown. Section ignored.
### mwldeppc.exe Linker Warning:
#   Section '.ignored' is unknown. Section ignored.
### mwldeppc.exe Linker Warning:
#   Section '.ignored' is unknown. Section ignored.
### mwldeppc.exe Linker Warning:
#   Section '.ignored' is unknown. Section ignored.
### mwldeppc.exe Linker Warning:
#   Section '.ignored' is unknown. Section ignored.
### mwldeppc.exe Linker Warning:
#   Section '.ignored' is unknown. Section ignored.
### mwldeppc.exe Linker Warning:
#   Section '.ignored' is unknown. Section ignored.
### mwldeppc.exe Linker Warning:
#   Section '.ignored' is unknown. Section ignored.
### mwldeppc.exe Linker Warning:
#   Section '.ignored' is unknown. Section ignored.
### mwldeppc.exe Linker Warning:
#   Section '.ignored' is unknown. Section ignored.
### mwldeppc.exe Linker Warning:
#   Section '.ignored' is unknown. Section ignored.
### mwldeppc.exe Linker Warning:
#   Section '.ignored' is unknown. Section ignored.
### mwldeppc.exe Linker Warning:
#   Section '.ignored' is unknown. Section ignored.
### mwldeppc.exe Linker Warning:
#   Section '.ignored' is unknown. Section ignored.
### mwldeppc.exe Linker Warning:
#   Section '.ignored' is unknown. Section ignored.
### mwldeppc.exe Linker Warning:
#   Section '.ignored' is unknown. Section ignored.
### mwldeppc.exe Linker Warning:
#   Section '.ignored' is unknown. Section ignored.
### mwldeppc.exe Linker Warning:
#   Section '.ignored' is unknown. Section ignored.
### mwldeppc.exe Linker Warning:
#   Section '.ignored' is unknown. Section ignored.
### mwldeppc.exe Linker Warning:
#   Section '.ignored' is unknown. Section ignored.
### mwldeppc.exe Linker Warning:
#   Section '.ignored' is unknown. Section ignored.
### mwldeppc.exe Linker Warning:
#   Section '.ignored' is unknown. Section ignored.
### mwldeppc.exe Linker Warning:
#   Section '.ignored' is unknown. Section ignored.
### mwldeppc.exe Linker Warning:
#   Section '.ignored' is unknown. Section ignored.
### mwldeppc.exe Linker Warning:
#   Section '.ignored' is unknown. Section ignored.
### mwldeppc.exe Linker Warning:
#   Section '.ignored' is unknown. Section ignored.
### mwldeppc.exe Linker Warning:
#   Section '.ignored' is unknown. Section ignored.
### mwldeppc.exe Linker Warning:
#   Section '.ignored' is unknown. Section ignored.
### mwldeppc.exe Linker Warning:
#   Section '.ignored' is unknown. Section ignored.
### mwldeppc.exe Linker Warning:
#   Section '.ignored' is unknown. Section ignored.
### mwldeppc.exe Linker Warning:
#   Section '.ignored' is unknown. Section ignored.
### mwldeppc.exe Linker Warning:
#   Section '.ignored' is unknown. Section ignored.
### mwldeppc.exe Linker Warning:
#   Section '.ignored' is unknown. Section ignored.
### mwldeppc.exe Linker Warning:
#   Section '.ignored' is unknown. Section ignored.
### mwldeppc.exe Linker Warning:
#   Section '.ignored' is unknown. Section ignored.
### mwldeppc.exe Linker Warning:
#   Section '.ignored' is unknown. Section ignored.
### mwldeppc.exe Linker Warning:
#   Section '.ignored' is unknown. Section ignored.
### mwldeppc.exe Linker Warning:
#   Section '.ignored' is unknown. Section ignored.
### mwldeppc.exe Linker Warning:
#   Section '.ignored' is unknown. Section ignored.
### mwldeppc.exe Linker Warning:
#   Section '.ignored' is unknown. Section ignored.
### mwldeppc.exe Linker Warning:
#   Section '.ignored' is unknown. Section ignored.
### mwldeppc.exe Linker Warning:
#   Section '.ignored' is unknown. Section ignored.
### mwldeppc.exe Linker Warning:
#   Section '.ignored' is unknown. Section ignored.
### mwldeppc.exe Linker Warning:
#   Section '.ignored' is unknown. Section ignored.
### mwldeppc.exe Linker Warning:
#   Section '.ignored' is unknown. Section ignored.
### mwldeppc.exe Linker Warning:
#   Section '.ignored' is unknown. Section ignored.
### mwldeppc.exe Linker Warning:
#   Section '.ignored' is unknown. Section ignored.
### mwldeppc.exe Linker Warning:
#   Section '.ignored' is unknown. Section ignored.
### mwldeppc.exe Linker Warning:
#   Section '.ignored' is unknown. Section ignored.
### mwldeppc.exe Linker Warning:
#   Section '.ignored' is unknown. Section ignored.
### mwldeppc.exe Linker Warning:
#   Section '.ignored' is unknown. Section ignored.
### mwldeppc.exe Linker Warning:
#   Section '.ignored' is unknown. Section ignored.
### mwldeppc.exe Linker Warning:
#   Section '.ignored' is unknown. Section ignored.
### mwldeppc.exe Linker Warning:
#   Section '.ignored' is unknown. Section ignored.
### mwldeppc.exe Linker Warning:
#   Section '.ignored' is unknown. Section ignored.
### mwldeppc.exe Linker Warning:
#   Section '.ignored' is unknown. Section ignored.
### mwldeppc.exe Linker Warning:
#   Section '.ignored' is unknown. Section ignored.
### mwldeppc.exe Linker Warning:
#   Section '.ignored' is unknown. Section ignored.
### mwldeppc.exe Linker Warning:
#   Section '.ignored' is unknown. Section ignored.
### mwldeppc.exe Linker Warning:
#   Section '.ignored' is unknown. Section ignored.
### mwldeppc.exe Linker Warning:
#   Section '.ignored' is unknown. Section ignored.
### mwldeppc.exe Linker Warning:
#   Section '.ignored' is unknown. Section ignored.
### mwldeppc.exe Linker Warning:
#   Section '.ignored' is unknown. Section ignored.
### mwldeppc.exe Linker Warning:
#   Section '.ignored' is unknown. Section ignored.
[952/954] DOL build/GEDE01/main.dol
[953/954] CHECK config/GEDE01/build.sha1
build/GEDE01/main.dol: OK
[954/954] PROGRESS
Progress:
  All: 59.82% fuzzy, 50.93% matched, 50.80% linked (6356 / 7069 files)
    Code: 1171724 / 2300692 bytes (6124 / 8214 functions)
    Data: 39866 / 4305642 bytes (0.93%)
  Game Code: 96.36% fuzzy, 82.01% matched, 81.80% linked (6338 / 6633 files)
    Code: 1168696 / 1425104 bytes (6062 / 6354 functions)
    Data: 39642 / 40522 bytes (97.83%)
  SDK/Runtime: 100.00% fuzzy, 100.00% matched, 100.00% linked (18 / 18 files)
    Code: 3028 / 3028 bytes (62 / 62 functions)
    Data: 224 / 224 bytes (100.00%)
