Script started on 2026-09-30 13:32:48-04:00 [COMMAND=".tools/bin/ninja -j2" <not executed on terminal>]
[1/1] RUN configure.py
[1/964] MWCC build/GEDE01/src/game/game_fn_800094C0.o
[2/964] MWCC build/GEDE01/src/game/game_fn_80008014.o
[3/964] MWCC build/GEDE01/src/game/game_fn_800096E0.o
[4/964] MWCC build/GEDE01/src/game/game_fn_800098C0.o
[5/964] MWCC build/GEDE01/src/game/game_fn_80009AB4.o
[6/964] MWCC build/GEDE01/src/game/game_fn_800099D8.o
[7/964] MWCC build/GEDE01/src/game/game_fn_8000A26C.o
[8/964] MWCC build/GEDE01/src/game/game_fn_8000AC88.o
[9/964] MWCC build/GEDE01/src/game/game_fn_8000AEB4.o
[10/964] MWCC build/GEDE01/src/game/game_fn_8000AFB4.o
[11/964] MWCC build/GEDE01/src/game/game_fn_8000B1B8.o
[12/964] MWCC build/GEDE01/src/game/game_fn_8000B36C.o
[13/964] MWCC build/GEDE01/src/game/game_fn_8000B7FC.o
[14/964] MWCC build/GEDE01/src/game/game_fn_8000B630.o
[15/964] MWCC build/GEDE01/src/game/game_fn_8000B900.o
[16/964] MWCC build/GEDE01/src/game/game_fn_8000BA0C.o
[17/964] MWCC build/GEDE01/src/game/game_fn_8000BC40.o
[18/964] MWCC build/GEDE01/src/game/game_fn_8000BAA0.o
[19/964] MWCC build/GEDE01/src/game/game_fn_8000C17C.o
[20/964] MWCC build/GEDE01/src/game/game_fn_8000C06C.o
[21/964] MWCC build/GEDE01/src/game/game_fn_8000C400.o
[22/964] MWCC build/GEDE01/src/game/game_fn_8000C848.o
[23/964] MWCC build/GEDE01/src/game/game_fn_8000C91C.o
[24/964] MWCC build/GEDE01/src/game/game_fn_8000D0BC.o
[25/964] MWCC build/GEDE01/src/game/game_fn_8000D3D4.o
[26/964] MWCC build/GEDE01/src/game/game_fn_8000D590.o
[27/964] MWCC build/GEDE01/src/game/game_fn_8000D8A4.o
[28/964] MWCC build/GEDE01/src/game/game_fn_8000DA50.o
[29/964] MWCC build/GEDE01/src/game/game_fn_8000DAF4.o
[30/964] MWCC build/GEDE01/src/game/game_fn_8000E054.o
[31/964] MWCC build/GEDE01/src/game/game_fn_8000E0AC.o
[32/964] MWCC build/GEDE01/src/game/game_fn_8000E138.o
[33/964] MWCC build/GEDE01/src/game/game_fn_8000E1C4.o
[34/964] MWCC build/GEDE01/src/game/game_fn_8000E96C.o
[35/964] MWCC build/GEDE01/src/game/game_fn_8000EB14.o
[36/964] MWCC build/GEDE01/src/game/game_fn_8000EBD4.o
[37/964] MWCC build/GEDE01/src/game/game_fn_8000ED44.o
[38/964] MWCC build/GEDE01/src/game/game_fn_8000EFC4.o
[39/964] MWCC build/GEDE01/src/game/game_fn_8000F4B0.o
[40/964] MWCC build/GEDE01/src/game/game_fn_8000F774.o
[41/964] MWCC build/GEDE01/src/game/game_fn_8000FDE8.o
[42/964] MWCC build/GEDE01/src/game/game_fn_8000FFD8.o
[43/964] MWCC build/GEDE01/src/game/game_fn_800119FC.o
[44/964] MWCC build/GEDE01/src/game/game_fn_80012DA8.o
[45/964] MWCC build/GEDE01/src/game/game_fn_80012F40.o
[46/964] MWCC build/GEDE01/src/game/game_fn_800131E8.o
[47/964] MWCC build/GEDE01/src/game/game_fn_80012FD0.o
[48/964] MWCC build/GEDE01/src/game/game_fn_80013870.o
[49/964] MWCC build/GEDE01/src/game/game_fn_80013340.o
[50/964] MWCC build/GEDE01/src/game/game_fn_80013CB0.o
[51/964] MWCC build/GEDE01/src/game/game_fn_80013D54.o
[52/964] MWCC build/GEDE01/src/game/game_fn_800142DC.o
[53/964] MWCC build/GEDE01/src/game/game_fn_800144CC.o
[54/964] MWCC build/GEDE01/src/game/game_fn_80014784.o
[55/964] MWCC build/GEDE01/src/game/game_fn_800149D4.o
[56/964] MWCC build/GEDE01/src/game/game_fn_80015058.o
[57/964] MWCC build/GEDE01/src/game/game_fn_80015320.o
[58/964] MWCC build/GEDE01/src/game/game_fn_80015568.o
[59/964] MWCC build/GEDE01/src/game/game_fn_800156FC.o
[60/964] MWCC build/GEDE01/src/game/game_fn_80015BE0.o
[61/964] MWCC build/GEDE01/src/game/game_fn_80015D40.o
[62/964] MWCC build/GEDE01/src/game/game_fn_80015F04.o
[63/964] MWCC build/GEDE01/src/game/game_fn_80016128.o
[64/964] MWCC build/GEDE01/src/game/game_fn_80016270.o
[65/964] MWCC build/GEDE01/src/game/game_fn_80016904.o
[66/964] MWCC build/GEDE01/src/game/game_fn_80016B24.o
[67/964] MWCC build/GEDE01/src/game/game_fn_800171C0.o
[68/964] MWCC build/GEDE01/src/game/game_fn_800173CC.o
[69/964] MWCC build/GEDE01/src/game/game_fn_800176F0.o
[70/964] MWCC build/GEDE01/src/game/game_fn_80017910.o
[71/964] MWCC build/GEDE01/src/game/game_fn_800179AC.o
[72/964] MWCC build/GEDE01/src/game/game_fn_80017A3C.o
[73/964] MWCC build/GEDE01/src/game/game_fn_80017AE4.o
[74/964] MWCC build/GEDE01/src/game/game_fn_80017C3C.o
[75/964] MWCC build/GEDE01/src/game/game_fn_80017CC8.o
[76/964] MWCC build/GEDE01/src/game/game_fn_80017DB0.o
[77/964] MWCC build/GEDE01/src/game/game_fn_80018EF4.o
[78/964] MWCC build/GEDE01/src/game/game_fn_80019054.o
[79/964] MWCC build/GEDE01/src/game/game_fn_80019244.o
[80/964] MWCC build/GEDE01/src/game/game_fn_800194D0.o
[81/964] MWCC build/GEDE01/src/game/game_fn_80019940.o
[82/964] MWCC build/GEDE01/src/game/game_fn_80019C10.o
[83/964] MWCC build/GEDE01/src/game/game_fn_80019D2C.o
[84/964] MWCC build/GEDE01/src/game/game_fn_80019F98.o
[85/964] MWCC build/GEDE01/src/game/game_fn_8001A6C4.o
[86/964] MWCC build/GEDE01/src/game/game_fn_8001ADF8.o
[87/964] MWCC build/GEDE01/src/game/game_fn_8001AAB8.o
[88/964] MWCC build/GEDE01/src/game/game_fn_8001B124.o
[89/964] MWCC build/GEDE01/src/game/game_fn_8001AF68.o
[90/964] MWCC build/GEDE01/src/game/game_fn_8001B294.o
[91/964] MWCC build/GEDE01/src/game/game_fn_8001B808.o
[92/964] MWCC build/GEDE01/src/game/game_fn_8001B874.o
[93/964] MWCC build/GEDE01/src/game/game_fn_8001C078.o
[94/964] MWCC build/GEDE01/src/game/game_fn_8001CA04.o
[95/964] MWCC build/GEDE01/src/game/game_fn_8001CD58.o
[96/964] MWCC build/GEDE01/src/game/game_fn_8001CE94.o
[97/964] MWCC build/GEDE01/src/game/game_fn_8001E644.o
[98/964] MWCC build/GEDE01/src/game/game_fn_8001FE1C.o
[99/964] MWCC build/GEDE01/src/game/game_fn_80020E94.o
[100/964] MWCC build/GEDE01/src/game/game_fn_80024F28.o
[101/964] MWCC build/GEDE01/src/game/game_fn_800272B4.o
[102/964] MWCC build/GEDE01/src/game/game_fn_8002B748.o
[103/964] MWCC build/GEDE01/src/game/game_fn_8002DAE0.o
[104/964] MWCC build/GEDE01/src/game/game_fn_8002E3F0.o
[105/964] MWCC build/GEDE01/src/game/game_fn_8002EA68.o
[106/964] MWCC build/GEDE01/src/game/game_fn_8002F428.o
[107/964] MWCC build/GEDE01/src/game/game_fn_80031544.o
[108/964] MWCC build/GEDE01/src/game/game_fn_8003232C.o
[109/964] MWCC build/GEDE01/src/game/game_fn_80032B84.o
[110/964] MWCC build/GEDE01/src/game/game_fn_80033038.o
[111/964] MWCC build/GEDE01/src/game/game_fn_80033180.o
[112/964] MWCC build/GEDE01/src/game/game_fn_800361F8.o
[113/964] MWCC build/GEDE01/src/game/game_fn_800359A0.o
[114/964] MWCC build/GEDE01/src/game/game_fn_80036C40.o
[115/964] MWCC build/GEDE01/src/game/game_fn_80038878.o
[116/964] MWCC build/GEDE01/src/game/game_fn_80048ADC.o
[117/964] MWCC build/GEDE01/src/game/game_fn_80048B24.o
[118/964] MWCC build/GEDE01/src/game/game_fn_8004998C.o
[119/964] MWCC build/GEDE01/src/game/game_fn_80050B08.o
[120/964] MWCC build/GEDE01/src/game/game_fn_80052310.o
[121/964] MWCC build/GEDE01/src/game/game_fn_800542D0.o
[122/964] MWCC build/GEDE01/src/game/game_fn_8005EC6C.o
[123/964] MWCC build/GEDE01/src/game/game_fn_8005EF94.o
[124/964] MWCC build/GEDE01/src/game/game_fn_8005EE9C.o
[125/964] MWCC build/GEDE01/src/game/game_data_80239E10.o
[126/964] MWCC build/GEDE01/src/game/game_data_80239E18.o
[127/964] MWCC build/GEDE01/src/game/game_fn_80066888.o
[128/964] MWCC build/GEDE01/src/game/game_fn_8005FD84.o
[129/964] MWCC build/GEDE01/src/game/game_fn_80066E78.o
[130/964] MWCC build/GEDE01/src/game/game_fn_8006B0F0.o
[131/964] MWCC build/GEDE01/src/game/game_fn_8006B620.o
[132/964] MWCC build/GEDE01/src/game/game_fn_8006E53C.o
[133/964] MWCC build/GEDE01/src/game/game_fn_80071A58.o
[134/964] MWCC build/GEDE01/src/game/game_fn_80074310.o
[135/964] MWCC build/GEDE01/src/game/game_fn_80078500.o
[136/964] MWCC build/GEDE01/src/game/game_fn_80079908.o
[137/964] MWCC build/GEDE01/src/game/game_fn_80079AA4.o
[138/964] MWCC build/GEDE01/src/game/game_fn_8007B2F4.o
[139/964] MWCC build/GEDE01/src/game/game_fn_8007B540.o
[140/964] MWCC build/GEDE01/src/game/game_fn_8007B640.o
[141/964] MWCC build/GEDE01/src/game/game_fn_8007BA3C.o
[142/964] MWCC build/GEDE01/src/game/game_fn_8007B828.o
[143/964] MWCC build/GEDE01/src/game/game_fn_8007D4D8.o
[144/964] MWCC build/GEDE01/src/game/game_fn_8007F770.o
[145/964] MWCC build/GEDE01/src/game/game_fn_80088060.o
[146/964] MWCC build/GEDE01/src/game/game_fn_800886D8.o
[147/964] MWCC build/GEDE01/src/game/game_fn_80089A34.o
[148/964] MWCC build/GEDE01/src/game/game_fn_80088F4C.o
[149/964] MWCC build/GEDE01/src/game/game_fn_8008A2E0.o
[150/964] MWCC build/GEDE01/src/game/game_fn_8008F224.o
[151/964] MWCC build/GEDE01/src/game/game_fn_8008F890.o
[152/964] MWCC build/GEDE01/src/game/game_fn_80090004.o
[153/964] MWCC build/GEDE01/src/game/game_fn_800934A0.o
[154/964] MWCC build/GEDE01/src/game/game_fn_80095D10.o
[155/964] MWCC build/GEDE01/src/game/game_fn_80095E64.o
[156/964] MWCC build/GEDE01/src/game/game_fn_80095FDC.o
[157/964] MWCC build/GEDE01/src/game/game_fn_80096830.o
[158/964] MWCC build/GEDE01/src/game/game_fn_8009C424.o
[159/964] MWCC build/GEDE01/src/game/game_fn_8009E808.o
[160/964] MWCC build/GEDE01/src/game/game_fn_800A2130.o
[161/964] MWCC build/GEDE01/src/game/game_fn_800A2B8C.o
[162/964] MWCC build/GEDE01/src/game/game_fn_800A2FCC.o
[163/964] MWCC build/GEDE01/src/game/game_fn_800A3180.o
[164/964] MWCC build/GEDE01/src/game/game_fn_800A3894.o
[165/964] MWCC build/GEDE01/src/game/game_fn_800A4428.o
[166/964] MWCC build/GEDE01/src/game/game_fn_800A4798.o
[167/964] MWCC build/GEDE01/src/game/game_fn_800A7E88.o
[168/964] MWCC build/GEDE01/src/game/game_fn_800AF230.o
[169/964] MWCC build/GEDE01/src/game/game_fn_800B2EC0.o
[170/964] MWCC build/GEDE01/src/game/game_fn_800BB5C4.o
[171/964] MWCC build/GEDE01/src/game/game_fn_800BB7A8.o
[172/964] MWCC build/GEDE01/src/game/game_fn_800BB9A4.o
[173/964] MWCC build/GEDE01/src/game/game_fn_800C030C.o
[174/964] MWCC build/GEDE01/src/game/game_fn_800BBAF0.o
[175/964] MWCC build/GEDE01/src/game/game_fn_800C59F0.o
[176/964] MWCC build/GEDE01/src/game/game_fn_800C17EC.o
[177/964] MWCC build/GEDE01/src/game/game_fn_800C644C.o
[178/964] MWCC build/GEDE01/src/game/game_fn_800C65FC.o
[179/964] MWCC build/GEDE01/src/game/game_fn_800C9C60.o
[180/964] MWCC build/GEDE01/src/game/game_fn_800CB760.o
[181/964] MWCC build/GEDE01/src/game/game_fn_800CF598.o
[182/964] MWCC build/GEDE01/src/game/game_fn_800CB8F4.o
[183/964] MWCC build/GEDE01/src/game/game_fn_800D9E10.o
[184/964] MWCC build/GEDE01/src/game/game_fn_800D9064.o
[185/964] MWCC build/GEDE01/src/game/game_fn_800E4980.o
[186/964] MWCC build/GEDE01/src/game/game_fn_800DC4D4.o
[187/964] MWCC build/GEDE01/src/game/game_TRKNubWelcome.o
[188/964] MWCC build/GEDE01/src/game/game_TRK_main.o
[189/964] MWCC build/GEDE01/src/game/game_fn_800FD0C8.o
[190/964] MWCC build/GEDE01/src/game/game_InitMetroTRKCommTable.o
[191/964] MWCC build/GEDE01/src/game/game_fn_8010242C.o
[192/964] MWCC build/GEDE01/src/game/game_fn_801098C0.o
[193/964] MWCC build/GEDE01/src/game/game_fn_8010F184.o
[194/964] MWCC build/GEDE01/src/game/game_fn_801126E0.o
[195/964] MWCC build/GEDE01/src/game/game_fn_801128E4.o
[196/964] MWCC build/GEDE01/src/game/game_fn_801141B8.o
[197/964] MWCC build/GEDE01/src/game/game_fn_80119C70.o
[198/964] MWCC build/GEDE01/src/game/game_fn_8011EE04.o
[199/964] MWCC build/GEDE01/src/game/game_fn_8011F140.o
[200/964] MWCC build/GEDE01/src/game/game_fn_801247F8.o
[201/964] MWCC build/GEDE01/src/game/game_fn_80126A00.o
[202/964] MWCC build/GEDE01/src/game/game_fn_8012976C.o
[203/964] MWCC build/GEDE01/src/game/game_fn_8012DB28.o
[204/964] MWCC build/GEDE01/src/game/game_fn_8013CBE4.o
[205/964] MWCC build/GEDE01/src/game/game_fn_8013D6A4.o
[206/964] MWCC build/GEDE01/src/game/game_fn_8013DB8C.o
[207/964] MWCC build/GEDE01/src/game/game_fn_8014549C.o
[208/964] MWCC build/GEDE01/src/game/game_fn_8014AF38.o
[209/964] MWCC build/GEDE01/src/game/game_fn_8014B494.o
[210/964] MWCC build/GEDE01/src/game/game_fn_8014BA14.o
[211/964] MWCC build/GEDE01/src/game/game_fn_8014CA98.o
[212/964] MWCC build/GEDE01/src/game/game_fn_80150400.o
[213/964] MWCC build/GEDE01/src/game/game_fn_80150A24.o
[214/964] MWCC build/GEDE01/src/game/game_fn_80150F20.o
[215/964] MWCC build/GEDE01/src/game/game_fn_80151600.o
[216/964] MWCC build/GEDE01/src/game/game_fn_80151D00.o
[217/964] MWCC build/GEDE01/src/game/game_fn_801535D8.o
[218/964] MWCC build/GEDE01/src/game/game_fn_80153898.o
[219/964] MWCC build/GEDE01/src/game/game_fn_80153A24.o
[220/964] MWCC build/GEDE01/src/game/game_fn_80154F74.o
[221/964] MWCC build/GEDE01/src/game/game_fn_80155814.o
[222/964] MWCC build/GEDE01/src/game/game_fn_80157C0C.o
[223/964] MWCC build/GEDE01/src/game/game_fn_80158B20.o
[224/964] MWCC build/GEDE01/src/game/game_fn_80158D38.o
[225/964] MWCC build/GEDE01/src/game/game_fn_8015DB84.o
[226/964] MWCC build/GEDE01/src/game/game_fn_8015DC54.o
[227/964] MWCC build/GEDE01/src/game/game_fn_80167454.o
[228/964] MWCC build/GEDE01/src/game/game_fn_8015EDC0.o
[229/964] MWCC build/GEDE01/src/game/game_fn_80167B5C.o
[230/964] MWCC build/GEDE01/src/game/game_fn_80169650.o
[231/964] MWCC build/GEDE01/src/game/game_fn_8016BD0C.o
[232/964] MWCC build/GEDE01/src/game/game_fn_8016BE1C.o
[233/964] MWCC build/GEDE01/src/game/game_fn_8016BF60.o
[234/964] MWCC build/GEDE01/src/game/game_fn_8016C0BC.o
[235/964] MWCC build/GEDE01/src/game/game_fn_8016C164.o
[236/964] MWCC build/GEDE01/src/game/game_fn_8016C238.o
[237/964] MWCC build/GEDE01/src/game/game_fn_8016C4BC.o
[238/964] MWCC build/GEDE01/src/game/game_fn_8016C774.o
[239/964] MWCC build/GEDE01/src/game/game_fn_8016D040.o
[240/964] MWCC build/GEDE01/src/game/game_fn_8016D1F8.o
[241/964] MWCC build/GEDE01/src/game/game_fn_8016D2B8.o
[242/964] MWCC build/GEDE01/src/game/game_fn_8016D9C0.o
[243/964] MWCC build/GEDE01/src/game/game_fn_8016DF4C.o
[244/964] MWCC build/GEDE01/src/game/game_fn_8016E8F8.o
[245/964] MWCC build/GEDE01/src/game/game_fn_8016FEF8.o
[246/964] MWCC build/GEDE01/src/game/game_fn_8017038C.o
[247/964] MWCC build/GEDE01/src/game/game_fn_801704F8.o
[248/964] MWCC build/GEDE01/src/game/game_fn_801706DC.o
[249/964] MWCC build/GEDE01/src/game/game_fn_80170A40.o
[250/964] MWCC build/GEDE01/src/game/game_fn_80170DF4.o
[251/964] MWCC build/GEDE01/src/game/game_fn_80170E9C.o
[252/964] MWCC build/GEDE01/src/game/game_fn_8017138C.o
[253/964] MWCC build/GEDE01/src/game/game_fn_80171664.o
[254/964] MWCC build/GEDE01/src/game/game_fn_801718F4.o
[255/964] MWCC build/GEDE01/src/game/game_fn_801719B4.o
[256/964] MWCC build/GEDE01/src/game/game_fn_80171F30.o
[257/964] MWCC build/GEDE01/src/game/game_fn_8017250C.o
[258/964] MWCC build/GEDE01/src/game/game_fn_801726EC.o
[259/964] MWCC build/GEDE01/src/game/game_fn_80172BB0.o
[260/964] MWCC build/GEDE01/src/game/game_fn_80172C78.o
[261/964] MWCC build/GEDE01/src/game/game_fn_80172DB8.o
[262/964] MWCC build/GEDE01/src/game/game_fn_80173270.o
[263/964] MWCC build/GEDE01/src/game/game_fn_801734B4.o
[264/964] MWCC build/GEDE01/src/game/game_fn_80173770.o
[265/964] MWCC build/GEDE01/src/game/game_fn_80173BDC.o
[266/964] MWCC build/GEDE01/src/game/game_fn_80173D44.o
[267/964] MWCC build/GEDE01/src/game/game_fn_80173F04.o
[268/964] MWCC build/GEDE01/src/game/game_fn_80174184.o
[269/964] MWCC build/GEDE01/src/game/game_fn_80174358.o
[270/964] MWCC build/GEDE01/src/game/game_fn_80174F2C.o
[271/964] MWCC build/GEDE01/src/game/game_fn_801752B0.o
[272/964] MWCC build/GEDE01/src/game/game_fn_8017553C.o
[273/964] MWCC build/GEDE01/src/game/game_fn_80175A08.o
[274/964] MWCC build/GEDE01/src/game/game_fn_80175E64.o
[275/964] MWCC build/GEDE01/src/game/game_fn_80175F0C.o
[276/964] MWCC build/GEDE01/src/game/game_fn_80175FD4.o
[277/964] MWCC build/GEDE01/src/game/game_fn_80176098.o
[278/964] MWCC build/GEDE01/src/game/game_fn_80176160.o
[279/964] MWCC build/GEDE01/src/game/game_fn_80176220.o
[280/964] MWCC build/GEDE01/src/game/game_fn_801762E8.o
[281/964] MWCC build/GEDE01/src/game/game_fn_8017652C.o
[282/964] MWCC build/GEDE01/src/game/game_fn_80176DF4.o
[283/964] MWCC build/GEDE01/src/game/game_fn_80176FA0.o
[284/964] MWCC build/GEDE01/src/game/game_fn_801770F8.o
[285/964] MWCC build/GEDE01/src/game/game_fn_8017718C.o
[286/964] MWCC build/GEDE01/src/game/game_fn_80177434.o
[287/964] MWCC build/GEDE01/src/game/game_fn_80178F88.o
[288/964] MWCC build/GEDE01/src/game/game_fn_80179398.o
[289/964] MWCC build/GEDE01/src/game/game_fn_8017960C.o
[290/964] MWCC build/GEDE01/src/game/game_fn_8017974C.o
[291/964] MWCC build/GEDE01/src/game/game_fn_80179904.o
[292/964] MWCC build/GEDE01/src/game/game_fn_80179A18.o
[293/964] MWCC build/GEDE01/src/game/game_fn_80179A74.o
[294/964] MWCC build/GEDE01/src/game/game_fn_80179EB8.o
[295/964] MWCC build/GEDE01/src/game/game_fn_80179F20.o
[296/964] MWCC build/GEDE01/src/game/game_fn_8017A010.o
[297/964] MWCC build/GEDE01/src/game/game_fn_8017A12C.o
[298/964] MWCC build/GEDE01/src/game/game_fn_8017A1C0.o
[299/964] MWCC build/GEDE01/src/game/game_fn_8017A9B8.o
[300/964] MWCC build/GEDE01/src/game/game_fn_8017AC20.o
[301/964] MWCC build/GEDE01/src/game/game_fn_8017E850.o
[302/964] MWCC build/GEDE01/src/game/game_fn_8017E958.o
[303/964] MWCC build/GEDE01/src/game/game_fn_80180DDC.o
[304/964] MWCC build/GEDE01/src/game/game_fn_801810A0.o
[305/964] MWCC build/GEDE01/src/game/game_fn_801816D4.o
[306/964] MWCC build/GEDE01/src/game/game_fn_801857B4.o
[307/964] MWCC build/GEDE01/src/game/game_fn_801859FC.o
[308/964] MWCC build/GEDE01/src/game/game_fn_80185AE8.o
[309/964] MWCC build/GEDE01/src/game/game_fn_80185F10.o
[310/964] MWCC build/GEDE01/src/game/game_fn_801861C4.o
[311/964] MWCC build/GEDE01/src/game/game_fn_801865EC.o
[312/964] MWCC build/GEDE01/src/game/game_fn_8018680C.o
[313/964] MWCC build/GEDE01/src/game/game_fn_80186E10.o
[314/964] MWCC build/GEDE01/src/game/game_fn_80186F70.o
[315/964] MWCC build/GEDE01/src/game/game_fn_80187120.o
[316/964] MWCC build/GEDE01/src/game/game_fn_80187320.o
[317/964] MWCC build/GEDE01/src/game/game_fn_801875FC.o
[318/964] MWCC build/GEDE01/src/game/game_fn_801878E0.o
[319/964] MWCC build/GEDE01/src/game/game_fn_80187BB4.o
[320/964] MWCC build/GEDE01/src/game/game_fn_80187E40.o
[321/964] MWCC build/GEDE01/src/game/game_fn_80188A7C.o
[322/964] MWCC build/GEDE01/src/game/game_fn_80188B44.o
[323/964] MWCC build/GEDE01/src/game/game_fn_80188C1C.o
[324/964] MWCC build/GEDE01/src/game/game_fn_80188E28.o
[325/964] MWCC build/GEDE01/src/game/game_fn_80189028.o
[326/964] MWCC build/GEDE01/src/game/game_fn_801891D8.o
[327/964] MWCC build/GEDE01/src/game/game_fn_80189390.o
[328/964] MWCC build/GEDE01/src/game/game_fn_801895E8.o
[329/964] MWCC build/GEDE01/src/game/game_fn_801896A0.o
[330/964] MWCC build/GEDE01/src/game/game_fn_80189760.o
[331/964] MWCC build/GEDE01/src/game/game_fn_80189968.o
[332/964] MWCC build/GEDE01/src/game/game_fn_80189C14.o
[333/964] MWCC build/GEDE01/src/game/game_fn_8018C2D0.o
[334/964] MWCC build/GEDE01/src/game/game_fn_8018D1F0.o
[335/964] MWCC build/GEDE01/src/game/game_fn_8018D2E0.o
[336/964] MWCC build/GEDE01/src/game/game_fn_8018D400.o
[337/964] MWCC build/GEDE01/src/game/game_fn_8018D688.o
[338/964] MWCC build/GEDE01/src/game/game_fn_8018DC24.o
[339/964] MWCC build/GEDE01/src/game/game_fn_8018E0D8.o
[340/964] MWCC build/GEDE01/src/game/game_fn_8018F1D0.o
[341/964] MWCC build/GEDE01/src/game/game_fn_8018F81C.o
[342/964] MWCC build/GEDE01/src/game/game_fn_8018FEDC.o
[343/964] MWCC build/GEDE01/src/game/game_fn_8019120C.o
[344/964] MWCC build/GEDE01/src/game/game_fn_80191360.o
[345/964] MWCC build/GEDE01/src/game/game_fn_801916D0.o
[346/964] MWCC build/GEDE01/src/game/game_fn_8019197C.o
[347/964] MWCC build/GEDE01/src/game/game_fn_80191F58.o
[348/964] MWCC build/GEDE01/src/game/game_fn_801926EC.o
[349/964] MWCC build/GEDE01/src/game/game_fn_801929A4.o
[350/964] MWCC build/GEDE01/src/game/game_fn_80192F54.o
[351/964] MWCC build/GEDE01/src/game/game_fn_801931C4.o
[352/964] MWCC build/GEDE01/src/game/game_fn_80193E1C.o
[353/964] MWCC build/GEDE01/src/game/game_fn_80193F3C.o
[354/964] MWCC build/GEDE01/src/game/game_fn_80194F80.o
[355/964] MWCC build/GEDE01/src/game/game_fn_801952E8.o
[356/964] MWCC build/GEDE01/src/game/game_fn_80197910.o
[357/964] MWCC build/GEDE01/src/game/game_fn_80198154.o
[358/964] MWCC build/GEDE01/src/game/game_fn_80198AAC.o
[359/964] MWCC build/GEDE01/src/game/game_fn_80198BF4.o
[360/964] MWCC build/GEDE01/src/game/game_fn_801991E0.o
[361/964] MWCC build/GEDE01/src/game/game_fn_8019B1BC.o
[362/964] MWCC build/GEDE01/src/game/game_fn_8019CC28.o
[363/964] MWCC build/GEDE01/src/game/game_fn_8019CFC4.o
[364/964] MWCC build/GEDE01/src/game/game_fn_8019E0B0.o
[365/964] MWCC build/GEDE01/src/game/game_fn_8019E5E4.o
[366/964] MWCC build/GEDE01/src/game/game_fn_8019E8C8.o
[367/964] MWCC build/GEDE01/src/game/game_fn_801A1F18.o
[368/964] MWCC build/GEDE01/src/game/game_fn_801A1F8C.o
[369/964] MWCC build/GEDE01/src/game/game_fn_801A260C.o
[370/964] MWCC build/GEDE01/src/game/game_fn_801A2A54.o
[371/964] MWCC build/GEDE01/src/game/game_fn_801A34BC.o
[372/964] MWCC build/GEDE01/src/game/game_fn_801A3A78.o
[373/964] MWCC build/GEDE01/src/game/game_fn_801A4430.o
[374/964] MWCC build/GEDE01/src/game/game_fn_801A4CE0.o
[375/964] MWCC build/GEDE01/src/game/game_fn_801A5FB0.o
[376/964] MWCC build/GEDE01/src/game/game_fn_801A6350.o
[377/964] MWCC build/GEDE01/src/game/game_fn_801A6410.o
[378/964] MWCC build/GEDE01/src/game/game_fn_801A657C.o
[379/964] MWCC build/GEDE01/src/game/game_fn_801A6ADC.o
[380/964] MWCC build/GEDE01/src/game/game_fn_801A6CB4.o
[381/964] MWCC build/GEDE01/src/game/game_fn_801A6C58.o
[382/964] MWCC build/GEDE01/src/game/game_fn_801A7EA8.o
[383/964] MWCC build/GEDE01/src/game/game_fn_801A7E04.o
[384/964] MWCC build/GEDE01/src/game/game_fn_801A93E8.o
[385/964] MWCC build/GEDE01/src/game/game_fn_801AB154.o
[386/964] MWCC build/GEDE01/src/game/game_fn_801ABD3C.o
[387/964] MWCC build/GEDE01/src/game/game_fn_801AC8AC.o
[388/964] MWCC build/GEDE01/src/game/game_fn_801ACFE8.o
[389/964] MWCC build/GEDE01/src/game/game_fn_801AD08C.o
[390/964] MWCC build/GEDE01/src/game/game_fn_801B02F0.o
[391/964] MWCC build/GEDE01/src/game/game_fn_801AFA74.o
[392/964] MWCC build/GEDE01/src/game/game_fn_801B35BC.o
[393/964] MWCC build/GEDE01/src/game/game_fn_801B1BA0.o
[394/964] MWCC build/GEDE01/src/game/game_fn_801B46C8.o
[395/964] MWCC build/GEDE01/src/game/game_fn_801B4FB4.o
[396/964] MWCC build/GEDE01/src/game/game_fn_801B5228.o
[397/964] MWCC build/GEDE01/src/game/game_fn_801B58F0.o
[398/964] MWCC build/GEDE01/src/game/game_fn_801B6F1C.o
[399/964] MWCC build/GEDE01/src/game/game_fn_801B86C0.o
[400/964] MWCC build/GEDE01/src/game/game_fn_801B9E7C.o
[401/964] MWCC build/GEDE01/src/game/game_fn_801B941C.o
[402/964] MWCC build/GEDE01/src/game/game_fn_801BA708.o
[403/964] MWCC build/GEDE01/src/game/game_fn_801BA15C.o
[404/964] MWCC build/GEDE01/src/game/game_fn_801BA94C.o
[405/964] MWCC build/GEDE01/src/game/game_fn_801BB1A0.o
[406/964] MWCC build/GEDE01/src/game/game_fn_801BC0D4.o
[407/964] MWCC build/GEDE01/src/game/game_fn_801BC240.o
[408/964] MWCC build/GEDE01/src/game/game_fn_801BC8F4.o
[409/964] MWCC build/GEDE01/src/game/game_fn_801BCC04.o
[410/964] MWCC build/GEDE01/src/game/game_fn_801BD990.o
[411/964] MWCC build/GEDE01/src/game/game_fn_801BDE7C.o
[412/964] MWCC build/GEDE01/src/game/game_fn_801BE0D4.o
[413/964] MWCC build/GEDE01/src/game/game_fn_801BEF40.o
[414/964] MWCC build/GEDE01/src/game/game_fn_801C1CB0.o
[415/964] MWCC build/GEDE01/src/game/game_fn_801C2980.o
[416/964] MWCC build/GEDE01/src/game/game_fn_801C29BC.o
[417/964] MWCC build/GEDE01/src/game/game_fn_801C2AAC.o
[418/964] MWCC build/GEDE01/src/game/game_fn_801C2D9C.o
[419/964] MWCC build/GEDE01/src/game/game_fn_801C8160.o
[420/964] MWCC build/GEDE01/src/game/game_fn_801C8224.o
[421/964] MWCC build/GEDE01/src/game/game_fn_801C4B5C.o
[422/964] MWCC build/GEDE01/src/game/game_fn_801C8600.o
[423/964] MWCC build/GEDE01/src/game/game_fn_801C87DC.o
[424/964] MWCC build/GEDE01/src/game/game_fn_801C8CC0.o
[425/964] MWCC build/GEDE01/src/game/game_fn_801C8F50.o
[426/964] MWCC build/GEDE01/src/game/game_fn_801C90A4.o
[427/964] MWCC build/GEDE01/src/game/game_fn_801C9510.o
[428/964] MWCC build/GEDE01/src/game/game_fn_801C970C.o
[429/964] MWCC build/GEDE01/src/game/game_fn_801C9A08.o
[430/964] MWCC build/GEDE01/src/game/game_fn_801C9B1C.o
[431/964] MWCC build/GEDE01/src/game/game_fn_801CB4F8.o
[432/964] MWCC build/GEDE01/src/game/game_fn_801CD228.o
[433/964] MWCC build/GEDE01/src/game/game_fn_801CE09C.o
[434/964] MWCC build/GEDE01/src/game/game_fn_801CE594.o
[435/964] MWCC build/GEDE01/src/game/game_fn_801D1B10.o
[436/964] MWCC build/GEDE01/src/game/game_fn_801D1F78.o
[437/964] MWCC build/GEDE01/src/game/game_fn_801D3988.o
[438/964] MWCC build/GEDE01/src/game/game_fn_801D73D0.o
[439/964] MWCC build/GEDE01/src/game/game_fn_801D76A8.o
[440/964] MWCC build/GEDE01/src/game/game_fn_801D7C24.o
[441/964] MWCC build/GEDE01/src/game/game_fn_801D8050.o
[442/964] MWCC build/GEDE01/src/game/game_fn_801D9FE4.o
[443/964] MWCC build/GEDE01/src/game/game_fn_801DDB84.o
[444/964] MWCC build/GEDE01/src/game/game_fn_801DE8B4.o
[445/964] MWCC build/GEDE01/src/game/game_fn_801E0088.o
[446/964] MWCC build/GEDE01/src/game/game_fn_801E2A48.o
[447/964] MWCC build/GEDE01/src/game/game_fn_801E3644.o
[448/964] MWCC build/GEDE01/src/game/game_fn_801E41AC.o
[449/964] MWCC build/GEDE01/src/game/game_fn_801E6814.o
[450/964] MWCC build/GEDE01/src/game/game_fn_801E504C.o
[451/964] MWCC build/GEDE01/src/game/game_fn_801E7014.o
[452/964] MWCC build/GEDE01/src/game/game_fn_801E995C.o
[453/964] MWCC build/GEDE01/src/game/game_fn_801EAA04.o
[454/964] MWCC build/GEDE01/src/game/game_fn_801EB09C.o
[455/964] MWCC build/GEDE01/src/game/game_fn_801ECD74.o
[456/964] MWCC build/GEDE01/src/game/game_fn_801EB11C.o
[457/964] MWCC build/GEDE01/src/game/game_fn_801ECF50.o
[458/964] MWCC build/GEDE01/src/game/game_fn_801ED5F4.o
[459/964] MWCC build/GEDE01/src/game/game_fn_801EF580.o
[460/964] MWCC build/GEDE01/src/game/game_fn_801EF910.o
[461/964] MWCC build/GEDE01/src/game/game_fn_801F0CB0.o
[462/964] MWCC build/GEDE01/src/game/game_fn_801F10BC.o
[463/964] MWCC build/GEDE01/src/game/game_fn_801F1A38.o
[464/964] MWCC build/GEDE01/src/game/game_fn_801F35A8.o
[465/964] MWCC build/GEDE01/src/game/game_fn_801F55A0.o
[466/964] MWCC build/GEDE01/src/game/game_fn_801F69F0.o
[467/964] MWCC build/GEDE01/src/game/game_fn_801F6BD8.o
[468/964] MWCC build/GEDE01/src/game/game_fn_801F7510.o
[469/964] MWCC build/GEDE01/src/game/game_fn_801F76EC.o
[470/964] MWCC build/GEDE01/src/game/game_fn_801F8264.o
[471/964] MWCC build/GEDE01/src/game/game_fn_801F89B4.o
[472/964] MWCC build/GEDE01/src/game/game_fn_801F8FAC.o
[473/964] MWCC build/GEDE01/src/game/game_fn_801F9AF8.o
[474/964] MWCC build/GEDE01/src/game/game_fn_801F9CF4.o
[475/964] MWCC build/GEDE01/src/game/game_fn_801FA9C8.o
[476/964] MWCC build/GEDE01/src/game/game_fn_801FB6A4.o
[477/964] MWCC build/GEDE01/src/game/game_fn_801FC034.o
[478/964] MWCC build/GEDE01/src/game/game_fn_801FC204.o
[479/964] MWCC build/GEDE01/src/game/game_fn_801FFE78.o
[480/964] EXTERNALIZE build/GEDE01/src/game/game_fn_800A2B8C.o
[481/964] EXTERNALIZE build/GEDE01/src/game/game_fn_801857B4.o
[482/964] EXTERNALIZE build/GEDE01/src/game/game_fn_800DC4D4.o
[483/964] EXTERNALIZE build/GEDE01/src/game/game_fn_80119C70.o
[484/964] EXTERNALIZE STATIC POOL build/GEDE01/src/game/game_fn_80088060.o
build/GEDE01/src/game/game_fn_80088060.o: lbl_8031D3B8 now undefined; section 3 emptied
[485/964] EXTERNALIZE build/GEDE01/src/game/game_fn_80175A08.o
[486/964] EXTERNALIZE build/GEDE01/src/game/game_fn_80066E78.o
[487/964] EXTERNALIZE build/GEDE01/src/game/game_fn_801247F8.o
[488/964] EXTERNALIZE build/GEDE01/src/game/game_fn_801EF910.o
[489/964] EXTERNALIZE build/GEDE01/src/game/game_fn_801ECF50.o
[490/964] EXTERNALIZE build/GEDE01/src/game/game_fn_801FC204.o
[491/964] EXTERNALIZE build/GEDE01/src/game/game_fn_801EB09C.o
[492/964] EXTERNALIZE JUMPTABLES build/GEDE01/src/game/game_fn_80050B08.o
[493/964] EXTERNALIZE build/GEDE01/src/game/game_fn_801EB11C.o
[494/964] EXTERNALIZE build/GEDE01/src/game/game_fn_801E41AC.o
[495/964] EXTERNALIZE build/GEDE01/src/game/game_fn_801D9FE4.o
[496/964] EXTERNALIZE build/GEDE01/src/game/game_fn_801D73D0.o
[497/964] EXTERNALIZE build/GEDE01/src/game/game_fn_801D76A8.o
[498/964] EXTERNALIZE build/GEDE01/src/game/game_fn_801D8050.o
[499/964] EXTERNALIZE build/GEDE01/src/game/game_fn_801D7C24.o
[500/964] EXTERNALIZE build/GEDE01/src/game/game_fn_8019B1BC.o
[501/964] EXTERNALIZE build/GEDE01/src/game/game_fn_80178F88.o
[502/964] EXTERNALIZE build/GEDE01/src/game/game_fn_801CD228.o
[503/964] EXTERNALIZE build/GEDE01/src/game/game_fn_801C970C.o
[504/964] EXTERNALIZE build/GEDE01/src/game/game_fn_801BA15C.o
[505/964] EXTERNALIZE build/GEDE01/src/game/game_fn_801C9510.o
[506/964] EXTERNALIZE build/GEDE01/src/game/game_fn_80126A00.o
[507/964] EXTERNALIZE build/GEDE01/src/game/game_fn_8013D6A4.o
[508/964] EXTERNALIZE build/GEDE01/src/game/game_fn_800C9C60.o
[509/964] EXTERNALIZE build/GEDE01/src/game/game_fn_801B5228.o
[510/964] EXTERNALIZE build/GEDE01/src/game/game_fn_801B4FB4.o
[511/964] EXTERNALIZE build/GEDE01/src/game/game_fn_801C87DC.o
[512/964] EXTERNALIZE build/GEDE01/src/game/game_fn_801B6F1C.o
[513/964] EXTERNALIZE build/GEDE01/src/game/game_fn_801C8CC0.o
[514/964] EXTERNALIZE build/GEDE01/src/game/game_fn_800FD0C8.o
[515/964] EXTERNALIZE build/GEDE01/src/game/game_fn_801BDE7C.o
[516/964] EXTERNALIZE build/GEDE01/src/game/game_fn_801BE0D4.o
[517/964] EXTERNALIZE build/GEDE01/src/game/game_fn_801B941C.o
[518/964] EXTERNALIZE STATIC POOL build/GEDE01/src/game/game_fn_801C9A08.o
build/GEDE01/src/game/game_fn_801C9A08.o: lbl_80629390 now undefined; section 3 emptied
[519/964] EXTERNALIZE STATIC POOL build/GEDE01/src/game/game_fn_801C9B1C.o
build/GEDE01/src/game/game_fn_801C9B1C.o: lbl_80629390 now undefined; section 3 emptied
[520/964] EXTERNALIZE STATIC POOL build/GEDE01/src/game/game_fn_801BD990.o
build/GEDE01/src/game/game_fn_801BD990.o: lbl_80626D80 now undefined; section 6 emptied
[521/964] EXTERNALIZE STATIC POOL build/GEDE01/src/game/game_fn_801B58F0.o
build/GEDE01/src/game/game_fn_801B58F0.o: lbl_8060C020 now undefined; section 3 emptied
[522/964] EXTERNALIZE STATIC POOL build/GEDE01/src/game/game_fn_801B9E7C.o
build/GEDE01/src/game/game_fn_801B9E7C.o: 0 relocation(s) moved from streamInfo to ...bss.0
build/GEDE01/src/game/game_fn_801B9E7C.o: lbl_8061AE48 now undefined; section 6 emptied
[523/964] EXTERNALIZE STATIC POOL build/GEDE01/src/game/game_fn_801BB1A0.o
build/GEDE01/src/game/game_fn_801BB1A0.o: 0 relocation(s) moved from streamInfo to ...bss.0
build/GEDE01/src/game/game_fn_801BB1A0.o: lbl_8061AE48 now undefined; section 6 emptied
[524/964] EXTERNALIZE STATIC POOL build/GEDE01/src/game/game_fn_801BA708.o
build/GEDE01/src/game/game_fn_801BA708.o: 0 relocation(s) moved from streamInfo to ...bss.0
build/GEDE01/src/game/game_fn_801BA708.o: lbl_8061AE48 now undefined; section 6 emptied
[525/964] EXTERNALIZE build/GEDE01/src/game/game_fn_801BA94C.o
build/GEDE01/src/game/game_fn_801BA94C.o: 0 relocation(s) moved from streamInfo to ...bss.0
build/GEDE01/src/game/game_fn_801BA94C.o: lbl_8061AE48 now undefined; section 6 emptied
[526/964] EXTERNALIZE STATIC build/GEDE01/src/game/game_fn_801B35BC.o
build/GEDE01/src/game/game_fn_801B35BC.o: lbl_8060D420 now undefined; section 6 emptied
[527/964] EXTERNALIZE STATIC build/GEDE01/src/game/game_fn_801BC240.o
build/GEDE01/src/game/game_fn_801BC240.o: lbl_8061C748 now undefined; section 6 emptied
[528/964] EXTERNALIZE STATIC POOL build/GEDE01/src/game/game_fn_801BC8F4.o
build/GEDE01/src/game/game_fn_801BC8F4.o: lbl_8061C748 now undefined; section 6 emptied
[529/964] EXTERNALIZE STATIC POOL build/GEDE01/src/game/game_fn_801BCC04.o
build/GEDE01/src/game/game_fn_801BCC04.o: lbl_8061C748 now undefined; section 6 emptied
[530/964] EXTERNALIZE STATIC POOL build/GEDE01/src/game/game_fn_801BC0D4.o
build/GEDE01/src/game/game_fn_801BC0D4.o: lbl_8061C748 now undefined; section 6 emptied
[531/964] EXTERNALIZE STATIC POOL build/GEDE01/src/game/game_fn_801C1CB0.o
build/GEDE01/src/game/game_fn_801C1CB0.o: lbl_80626DA0 now undefined; section 3 emptied
[532/964] RENAME build/GEDE01/src/game/game_InitMetroTRKCommTable.o
[533/964] EXTERNALIZE STATIC POOL build/GEDE01/src/game/game_fn_801CE09C.o
build/GEDE01/src/game/game_fn_801CE09C.o: lbl_80631340 now undefined; section 6 emptied
[534/964] RENAME RUNTIME INTRINSICS build/GEDE01/src/game/game_fn_801CB4F8.o
[535/964] EXTERNALIZE STATIC POOL build/GEDE01/src/game/game_fn_8010242C.o
build/GEDE01/src/game/game_fn_8010242C.o: lbl_8032CC08 now undefined; section 3 emptied
[536/964] EXTERNALIZE build/GEDE01/src/game/game_fn_801D3988.o
[537/964] EXTERNALIZE build/GEDE01/src/game/game_fn_801D1B10.o
[538/964] ALIGN DATA build/GEDE01/src/game/game_fn_8005EF94.o
[539/964] ALIGN DATA build/GEDE01/src/game/game_fn_801A6350.o
[540/964] EXTERNALIZE build/GEDE01/src/game/game_fn_801CE594.o
[541/964] ALIGN DATA build/GEDE01/src/game/game_fn_80008014.o
[542/964] EXTERNALIZE build/GEDE01/src/game/game_fn_8014549C.o
[543/964] EXTERNALIZE build/GEDE01/src/game/game_fn_801098C0.o
[544/964] EXTERNALIZE build/GEDE01/src/game/game_fn_801C8224.o
[545/964] EXTERNALIZE build/GEDE01/src/game/game_fn_8000FDE8.o
[546/964] EXTERNALIZE build/GEDE01/src/game/game_fn_80185F10.o
[547/964] EXTERNALIZE build/GEDE01/src/game/game_fn_801C29BC.o
[548/964] EXTERNALIZE build/GEDE01/src/game/game_fn_801C8F50.o
[549/964] EXTERNALIZE build/GEDE01/src/game/game_fn_8007B828.o
[550/964] EXTERNALIZE build/GEDE01/src/game/game_fn_801C8160.o
[551/964] EXTERNALIZE build/GEDE01/src/game/game_fn_801C90A4.o
[552/964] EXTERNALIZE build/GEDE01/src/game/game_fn_801C2AAC.o
[553/964] EXTERNALIZE build/GEDE01/src/game/game_fn_801C2980.o
[554/964] EXTERNALIZE build/GEDE01/src/game/game_fn_801C2D9C.o
[555/964] EXTERNALIZE build/GEDE01/src/game/game_fn_801B02F0.o
[556/964] EXTERNALIZE build/GEDE01/src/game/game_fn_801AFA74.o
[557/964] EXTERNALIZE build/GEDE01/src/game/game_fn_801AC8AC.o
[558/964] EXTERNALIZE build/GEDE01/src/game/game_fn_801ABD3C.o
[559/964] EXTERNALIZE build/GEDE01/src/game/game_fn_801816D4.o
[560/964] EXTERNALIZE build/GEDE01/src/game/game_fn_8011F140.o
[561/964] EXTERNALIZE build/GEDE01/src/game/game_fn_801AD08C.o
[562/964] EXTERNALIZE build/GEDE01/src/game/game_fn_8004998C.o
[563/964] EXTERNALIZE build/GEDE01/src/game/game_fn_80079AA4.o
[564/964] EXTERNALIZE build/GEDE01/src/game/game_fn_801A3A78.o
[565/964] EXTERNALIZE build/GEDE01/src/game/game_fn_80158D38.o
[566/964] EXTERNALIZE build/GEDE01/src/game/game_fn_8008F224.o
[567/964] EXTERNALIZE build/GEDE01/src/game/game_fn_80167454.o
[568/964] EXTERNALIZE build/GEDE01/src/game/game_fn_800AF230.o
[569/964] EXTERNALIZE build/GEDE01/src/game/game_fn_801A93E8.o
[570/964] EXTERNALIZE build/GEDE01/src/game/game_fn_801AB154.o
[571/964] EXTERNALIZE build/GEDE01/src/game/game_fn_801A7E04.o
[572/964] EXTERNALIZE build/GEDE01/src/game/game_fn_801A7EA8.o
[573/964] EXTERNALIZE build/GEDE01/src/game/game_fn_801A6CB4.o
[574/964] EXTERNALIZE build/GEDE01/src/game/game_fn_801A4CE0.o
[575/964] EXTERNALIZE build/GEDE01/src/game/game_fn_801A6C58.o
[576/964] NAME JUMPTABLE build/GEDE01/src/game/game_fn_801A6ADC.o
[577/964] EXTERNALIZE build/GEDE01/src/game/game_fn_801A6410.o
[578/964] EXTERNALIZE build/GEDE01/src/game/game_fn_801A5FB0.o
[579/964] EXTERNALIZE build/GEDE01/src/game/game_fn_801A1F18.o
[580/964] EXTERNALIZE build/GEDE01/src/game/game_fn_8019E8C8.o
[581/964] EXTERNALIZE build/GEDE01/src/game/game_fn_8019E5E4.o
[582/964] EXTERNALIZE build/GEDE01/src/game/game_fn_8019CFC4.o
[583/964] EXTERNALIZE build/GEDE01/src/game/game_fn_8019CC28.o
[584/964] EXTERNALIZE build/GEDE01/src/game/game_fn_801991E0.o
[585/964] EXTERNALIZE build/GEDE01/src/game/game_fn_80198BF4.o
[586/964] EXTERNALIZE build/GEDE01/src/game/game_fn_80198AAC.o
[587/964] EXTERNALIZE build/GEDE01/src/game/game_fn_80198154.o
[588/964] EXTERNALIZE build/GEDE01/src/game/game_fn_80194F80.o
[589/964] EXTERNALIZE build/GEDE01/src/game/game_fn_80197910.o
[590/964] EXTERNALIZE build/GEDE01/src/game/game_fn_80177434.o
repointed 2 relocations to lbl_80250588
[591/964] EXTERNALIZE build/GEDE01/src/game/game_fn_80193E1C.o
[592/964] EXTERNALIZE build/GEDE01/src/game/game_fn_80193F3C.o
[593/964] EXTERNALIZE build/GEDE01/src/game/game_fn_801931C4.o
[594/964] EXTERNALIZE build/GEDE01/src/game/game_fn_80192F54.o
[595/964] EXTERNALIZE build/GEDE01/src/game/game_fn_80191F58.o
[596/964] EXTERNALIZE build/GEDE01/src/game/game_fn_8019197C.o
[597/964] EXTERNALIZE build/GEDE01/src/game/game_fn_80191360.o
[598/964] GLOBALIZE build/GEDE01/src/game/game_fn_8018F1D0.o
[599/964] EXTERNALIZE build/GEDE01/src/game/game_fn_8018D688.o
[600/964] EXTERNALIZE build/GEDE01/src/game/game_fn_8018F81C.o
[601/964] EXTERNALIZE build/GEDE01/src/game/game_fn_8018D2E0.o
[602/964] EXTERNALIZE build/GEDE01/src/game/game_fn_80189968.o
[603/964] EXTERNALIZE build/GEDE01/src/game/game_fn_80189760.o
[604/964] EXTERNALIZE build/GEDE01/src/game/game_fn_8018D1F0.o
[605/964] EXTERNALIZE build/GEDE01/src/game/game_fn_801896A0.o
[606/964] EXTERNALIZE build/GEDE01/src/game/game_fn_801895E8.o
[607/964] EXTERNALIZE build/GEDE01/src/game/game_fn_80189390.o
[608/964] EXTERNALIZE build/GEDE01/src/game/game_fn_801891D8.o
[609/964] EXTERNALIZE build/GEDE01/src/game/game_fn_80188E28.o
[610/964] EXTERNALIZE build/GEDE01/src/game/game_fn_80189028.o
[611/964] EXTERNALIZE build/GEDE01/src/game/game_fn_80188B44.o
[612/964] EXTERNALIZE build/GEDE01/src/game/game_fn_80188C1C.o
[613/964] EXTERNALIZE build/GEDE01/src/game/game_fn_80188A7C.o
[614/964] EXTERNALIZE build/GEDE01/src/game/game_fn_801878E0.o
[615/964] EXTERNALIZE build/GEDE01/src/game/game_fn_80187120.o
[616/964] EXTERNALIZE build/GEDE01/src/game/game_fn_80186E10.o
[617/964] EXTERNALIZE build/GEDE01/src/game/game_fn_8018FEDC.o
[618/964] EXTERNALIZE build/GEDE01/src/game/game_fn_801865EC.o
[619/964] EXTERNALIZE build/GEDE01/src/game/game_fn_80185AE8.o
[620/964] EXTERNALIZE build/GEDE01/src/game/game_fn_801859FC.o
[621/964] EXTERNALIZE build/GEDE01/src/game/game_fn_80180DDC.o
[622/964] EXTERNALIZE build/GEDE01/src/game/game_fn_8017E958.o
[623/964] EXTERNALIZE build/GEDE01/src/game/game_fn_8017E850.o
[624/964] EXTERNALIZE build/GEDE01/src/game/game_fn_8017718C.o
[625/964] EXTERNALIZE build/GEDE01/src/game/game_fn_801770F8.o
[626/964] EXTERNALIZE build/GEDE01/src/game/game_fn_80176FA0.o
[627/964] EXTERNALIZE build/GEDE01/src/game/game_fn_80176DF4.o
[628/964] EXTERNALIZE build/GEDE01/src/game/game_fn_80173F04.o
[629/964] EXTERNALIZE build/GEDE01/src/game/game_fn_80174358.o
[630/964] EXTERNALIZE build/GEDE01/src/game/game_fn_80174184.o
[631/964] EXTERNALIZE build/GEDE01/src/game/game_fn_8017553C.o
[632/964] EXTERNALIZE build/GEDE01/src/game/game_fn_80173D44.o
[633/964] EXTERNALIZE build/GEDE01/src/game/game_fn_80173770.o
[634/964] EXTERNALIZE build/GEDE01/src/game/game_fn_80173270.o
[635/964] EXTERNALIZE build/GEDE01/src/game/game_fn_801734B4.o
[636/964] EXTERNALIZE build/GEDE01/src/game/game_fn_80172DB8.o
[637/964] EXTERNALIZE build/GEDE01/src/game/game_fn_80172C78.o
[638/964] EXTERNALIZE build/GEDE01/src/game/game_fn_80172BB0.o
[639/964] EXTERNALIZE build/GEDE01/src/game/game_fn_801726EC.o
[640/964] EXTERNALIZE build/GEDE01/src/game/game_fn_80171F30.o
[641/964] EXTERNALIZE build/GEDE01/src/game/game_fn_8017250C.o
[642/964] EXTERNALIZE build/GEDE01/src/game/game_fn_801719B4.o
[643/964] EXTERNALIZE build/GEDE01/src/game/game_fn_801718F4.o
[644/964] EXTERNALIZE build/GEDE01/src/game/game_fn_80171664.o
[645/964] EXTERNALIZE build/GEDE01/src/game/game_fn_8017138C.o
[646/964] EXTERNALIZE build/GEDE01/src/game/game_fn_80170A40.o
[647/964] NORMALIZE build/GEDE01/src/game/game_TRKNubWelcome.o
[648/964] EXTERNALIZE build/GEDE01/src/game/game_fn_801706DC.o
[649/964] NORMALIZE build/GEDE01/src/game/game_TRK_main.o
[650/964] NORMALIZE build/GEDE01/src/game/game_data_80239E10.o
[651/964] NORMALIZE build/GEDE01/src/game/game_data_80239E18.o
[652/964] EXTERNALIZE build/GEDE01/src/game/game_fn_8017652C.o
[653/964] EXTERNALIZE build/GEDE01/src/game/game_fn_80170E9C.o
[654/964] EXTERNALIZE build/GEDE01/src/game/game_fn_80175F0C.o
[655/964] EXTERNALIZE build/GEDE01/src/game/game_fn_80175E64.o
[656/964] EXTERNALIZE build/GEDE01/src/game/game_fn_80176098.o
[657/964] EXTERNALIZE build/GEDE01/src/game/game_fn_80175FD4.o
[658/964] EXTERNALIZE build/GEDE01/src/game/game_fn_80176160.o
[659/964] EXTERNALIZE build/GEDE01/src/game/game_fn_80176220.o
[660/964] EXTERNALIZE build/GEDE01/src/game/game_fn_801762E8.o
[661/964] EXTERNALIZE build/GEDE01/src/game/game_fn_80170DF4.o
[662/964] EXTERNALIZE build/GEDE01/src/game/game_fn_8016E8F8.o
[663/964] EXTERNALIZE build/GEDE01/src/game/game_fn_8016FEF8.o
[664/964] EXTERNALIZE build/GEDE01/src/game/game_fn_801704F8.o
[665/964] NORMALIZE build/GEDE01/src/game/game_fn_8016DF4C.o
[666/964] EXTERNALIZE build/GEDE01/src/game/game_fn_8016D2B8.o
[667/964] EXTERNALIZE build/GEDE01/src/game/game_fn_8016D040.o
[668/964] EXTERNALIZE build/GEDE01/src/game/game_fn_8016D1F8.o
[669/964] EXTERNALIZE build/GEDE01/src/game/game_fn_8016C774.o
[670/964] EXTERNALIZE build/GEDE01/src/game/game_fn_8016C4BC.o
[671/964] EXTERNALIZE build/GEDE01/src/game/game_fn_8016C238.o
[672/964] EXTERNALIZE build/GEDE01/src/game/game_fn_8016C164.o
[673/964] EXTERNALIZE build/GEDE01/src/game/game_fn_8016C0BC.o
[674/964] EXTERNALIZE build/GEDE01/src/game/game_fn_8017038C.o
[675/964] EXTERNALIZE build/GEDE01/src/game/game_fn_8016BE1C.o
[676/964] EXTERNALIZE build/GEDE01/src/game/game_fn_8016BF60.o
[677/964] EXTERNALIZE build/GEDE01/src/game/game_fn_8016BD0C.o
[678/964] EXTERNALIZE build/GEDE01/src/game/game_fn_80169650.o
[679/964] EXTERNALIZE build/GEDE01/src/game/game_fn_8015EDC0.o
[680/964] EXTERNALIZE build/GEDE01/src/game/game_fn_80167B5C.o
[681/964] EXTERNALIZE build/GEDE01/src/game/game_fn_8015DB84.o
[682/964] EXTERNALIZE build/GEDE01/src/game/game_fn_8015DC54.o
[683/964] EXTERNALIZE build/GEDE01/src/game/game_fn_80179398.o
[684/964] EXTERNALIZE build/GEDE01/src/game/game_fn_80158B20.o
[685/964] EXTERNALIZE build/GEDE01/src/game/game_fn_8017960C.o
[686/964] EXTERNALIZE build/GEDE01/src/game/game_fn_8017974C.o
[687/964] EXTERNALIZE build/GEDE01/src/game/game_fn_80179904.o
[688/964] EXTERNALIZE build/GEDE01/src/game/game_fn_8017A9B8.o
[689/964] EXTERNALIZE build/GEDE01/src/game/game_fn_80179A18.o
[690/964] EXTERNALIZE build/GEDE01/src/game/game_fn_80179A74.o
[691/964] EXTERNALIZE build/GEDE01/src/game/game_fn_80179EB8.o
[692/964] EXTERNALIZE build/GEDE01/src/game/game_fn_80179F20.o
[693/964] EXTERNALIZE build/GEDE01/src/game/game_fn_8017A010.o
[694/964] EXTERNALIZE build/GEDE01/src/game/game_fn_8017A12C.o
[695/964] EXTERNALIZE build/GEDE01/src/game/game_fn_80157C0C.o
[696/964] EXTERNALIZE build/GEDE01/src/game/game_fn_8017A1C0.o
[697/964] EXTERNALIZE build/GEDE01/src/game/game_fn_80155814.o
[698/964] EXTERNALIZE build/GEDE01/src/game/game_fn_80153898.o
[699/964] EXTERNALIZE build/GEDE01/src/game/game_fn_8014B494.o
[700/964] EXTERNALIZE build/GEDE01/src/game/game_fn_8014AF38.o
[701/964] EXTERNALIZE build/GEDE01/src/game/game_fn_801141B8.o
[702/964] EXTERNALIZE build/GEDE01/src/game/game_fn_8012DB28.o
[703/964] EXTERNALIZE build/GEDE01/src/game/game_fn_801128E4.o
[704/964] EXTERNALIZE build/GEDE01/src/game/game_fn_801126E0.o
[705/964] EXTERNALIZE build/GEDE01/src/game/game_fn_8010F184.o
[706/964] EXTERNALIZE build/GEDE01/src/game/game_fn_800E4980.o
[707/964] EXTERNALIZE build/GEDE01/src/game/game_fn_800C17EC.o
[708/964] EXTERNALIZE build/GEDE01/src/game/game_fn_800C030C.o
[709/964] EXTERNALIZE build/GEDE01/src/game/game_fn_800C59F0.o
[710/964] EXTERNALIZE build/GEDE01/src/game/game_fn_800C644C.o
[711/964] EXTERNALIZE build/GEDE01/src/game/game_fn_800C65FC.o
[712/964] EXTERNALIZE build/GEDE01/src/game/game_fn_800CB760.o
[713/964] EXTERNALIZE build/GEDE01/src/game/game_fn_800CB8F4.o
[714/964] EXTERNALIZE build/GEDE01/src/game/game_fn_80078500.o
[715/964] EXTERNALIZE build/GEDE01/src/game/game_fn_80079908.o
[716/964] EXTERNALIZE build/GEDE01/src/game/game_fn_8007B2F4.o
[717/964] EXTERNALIZE build/GEDE01/src/game/game_fn_8007B540.o
[718/964] EXTERNALIZE build/GEDE01/src/game/game_fn_8007B640.o
[719/964] EXTERNALIZE build/GEDE01/src/game/game_fn_800886D8.o
[720/964] EXTERNALIZE build/GEDE01/src/game/game_fn_8007BA3C.o
[721/964] EXTERNALIZE build/GEDE01/src/game/game_fn_800934A0.o
[722/964] EXTERNALIZE build/GEDE01/src/game/game_fn_800A3894.o
[723/964] EXTERNALIZE build/GEDE01/src/game/game_fn_800A7E88.o
[724/964] EXTERNALIZE build/GEDE01/src/game/game_fn_800A4798.o
[725/964] GLOBALIZE build/GEDE01/src/game/game_fn_800A2130.o
[726/964] EXTERNALIZE build/GEDE01/src/game/game_fn_800A2FCC.o
[727/964] EXTERNALIZE build/GEDE01/src/game/game_fn_8009C424.o
[728/964] EXTERNALIZE build/GEDE01/src/game/game_fn_80096830.o
[729/964] GLOBALIZE build/GEDE01/src/game/game_fn_8008F890.o
[730/964] EXTERNALIZE SWITCHES build/GEDE01/src/game/game_fn_80095FDC.o
[731/964] EXTERNALIZE build/GEDE01/src/game/game_fn_80074310.o
[732/964] EXTERNALIZE build/GEDE01/src/game/game_fn_800A4428.o
[733/964] GLOBALIZE build/GEDE01/src/game/game_fn_8005FD84.o
[734/964] EXTERNALIZE build/GEDE01/src/game/game_fn_80066888.o
[735/964] EXTERNALIZE build/GEDE01/src/game/game_fn_8005EC6C.o
[736/964] EXTERNALIZE build/GEDE01/src/game/game_fn_80052310.o
[737/964] EXTERNALIZE build/GEDE01/src/game/game_fn_80048B24.o
[738/964] NAME SWITCH build/GEDE01/src/game/game_fn_80020E94.o
[739/964] NAME SWITCH build/GEDE01/src/game/game_fn_8005EE9C.o
[740/964] NAME SWITCH build/GEDE01/src/game/game_fn_8016D9C0.o
[741/964] NAME SWITCH build/GEDE01/src/game/game_fn_80071A58.o
[742/964] EXTERNALIZE build/GEDE01/src/game/game_fn_80048ADC.o
[743/964] NAME SWITCH build/GEDE01/src/game/game_fn_8006B620.o
[744/964] NAME SWITCH build/GEDE01/src/game/game_fn_8001FE1C.o
[745/964] NAME SWITCH build/GEDE01/src/game/game_fn_8001E644.o
[746/964] EXTERNALIZE build/GEDE01/src/game/game_fn_801B46C8.o
build/GEDE01/src/game/game_fn_801B46C8.o: lbl_8060C020 now undefined; section 6 emptied
[747/964] EXTERNALIZE build/GEDE01/src/game/game_fn_80038878.o
[748/964] EXTERNALIZE build/GEDE01/src/game/game_fn_80036C40.o
[749/964] EXTERNALIZE build/GEDE01/src/game/game_fn_800359A0.o
[750/964] EXTERNALIZE build/GEDE01/src/game/game_fn_80033180.o
[751/964] EXTERNALIZE build/GEDE01/src/game/game_fn_80033038.o
[752/964] EXTERNALIZE build/GEDE01/src/game/game_fn_80032B84.o
[753/964] EXTERNALIZE build/GEDE01/src/game/game_fn_8003232C.o
[754/964] EXTERNALIZE build/GEDE01/src/game/game_fn_8002E3F0.o
[755/964] EXTERNALIZE build/GEDE01/src/game/game_fn_8002DAE0.o
[756/964] EXTERNALIZE build/GEDE01/src/game/game_fn_8002EA68.o
[757/964] GLOBALIZE build/GEDE01/src/game/game_fn_8002B748.o
[758/964] EXTERNALIZE build/GEDE01/src/game/game_fn_8002F428.o
[759/964] NAME SWITCHES build/GEDE01/src/game/game_fn_80024F28.o
[760/964] EXTERNALIZE build/GEDE01/src/game/game_fn_800272B4.o
[761/964] EXTERNALIZE build/GEDE01/src/game/game_fn_8001CE94.o
[762/964] EXTERNALIZE build/GEDE01/src/game/game_fn_8001CD58.o
[763/964] EXTERNALIZE build/GEDE01/src/game/game_fn_8001C078.o
[764/964] EXTERNALIZE build/GEDE01/src/game/game_fn_8001B874.o
[765/964] EXTERNALIZE build/GEDE01/src/game/game_fn_8001B808.o
[766/964] EXTERNALIZE build/GEDE01/src/game/game_fn_8001B294.o
[767/964] EXTERNALIZE build/GEDE01/src/game/game_fn_8001B124.o
[768/964] EXTERNALIZE build/GEDE01/src/game/game_fn_8001ADF8.o
[769/964] EXTERNALIZE build/GEDE01/src/game/game_fn_8001AF68.o
[770/964] EXTERNALIZE build/GEDE01/src/game/game_fn_8001AAB8.o
[771/964] EXTERNALIZE build/GEDE01/src/game/game_fn_8001A6C4.o
[772/964] EXTERNALIZE build/GEDE01/src/game/game_fn_80019F98.o
[773/964] EXTERNALIZE build/GEDE01/src/game/game_fn_80019D2C.o
[774/964] EXTERNALIZE build/GEDE01/src/game/game_fn_80019C10.o
[775/964] EXTERNALIZE build/GEDE01/src/game/game_fn_80019940.o
[776/964] EXTERNALIZE build/GEDE01/src/game/game_fn_800194D0.o
[777/964] EXTERNALIZE build/GEDE01/src/game/game_fn_80019244.o
[778/964] EXTERNALIZE build/GEDE01/src/game/game_fn_80019054.o
[779/964] EXTERNALIZE build/GEDE01/src/game/game_fn_80018EF4.o
[780/964] EXTERNALIZE build/GEDE01/src/game/game_fn_80017DB0.o
[781/964] EXTERNALIZE build/GEDE01/src/game/game_fn_80017CC8.o
[782/964] EXTERNALIZE build/GEDE01/src/game/game_fn_80017C3C.o
[783/964] EXTERNALIZE build/GEDE01/src/game/game_fn_80017AE4.o
[784/964] EXTERNALIZE build/GEDE01/src/game/game_fn_80017A3C.o
[785/964] EXTERNALIZE build/GEDE01/src/game/game_fn_800179AC.o
[786/964] EXTERNALIZE build/GEDE01/src/game/game_fn_80017910.o
[787/964] EXTERNALIZE FLAGS build/GEDE01/src/game/game_fn_800119FC.o
[788/964] EXTERNALIZE build/GEDE01/src/game/game_fn_8000FFD8.o
[789/964] EXTERNALIZE build/GEDE01/src/game/game_fn_8000F4B0.o
[790/964] GLOBALIZE build/GEDE01/src/game/game_fn_800094C0.o
[791/964] EXTERNALIZE build/GEDE01/src/game/game_fn_8000EFC4.o
[792/964] EXTERNALIZE build/GEDE01/src/game/game_fn_800096E0.o
[793/964] EXTERNALIZE build/GEDE01/src/game/game_fn_800098C0.o
[794/964] EXTERNALIZE build/GEDE01/src/game/game_fn_800099D8.o
[795/964] EXTERNALIZE build/GEDE01/src/game/game_fn_80009AB4.o
[796/964] EXTERNALIZE build/GEDE01/src/game/game_fn_8000A26C.o
[797/964] EXTERNALIZE build/GEDE01/src/game/game_fn_800171C0.o
[798/964] EXTERNALIZE build/GEDE01/src/game/game_fn_800176F0.o
[799/964] EXTERNALIZE build/GEDE01/src/game/game_fn_8000AC88.o
[800/964] EXTERNALIZE build/GEDE01/src/game/game_fn_8000AEB4.o
[801/964] EXTERNALIZE build/GEDE01/src/game/game_fn_8000AFB4.o
[802/964] EXTERNALIZE build/GEDE01/src/game/game_fn_8000B1B8.o
[803/964] EXTERNALIZE build/GEDE01/src/game/game_fn_8000B36C.o
[804/964] EXTERNALIZE build/GEDE01/src/game/game_fn_8000B630.o
[805/964] EXTERNALIZE build/GEDE01/src/game/game_fn_8000B900.o
[806/964] EXTERNALIZE build/GEDE01/src/game/game_fn_8000B7FC.o
[807/964] EXTERNALIZE build/GEDE01/src/game/game_fn_8000BA0C.o
[808/964] EXTERNALIZE build/GEDE01/src/game/game_fn_8000BAA0.o
[809/964] EXTERNALIZE build/GEDE01/src/game/game_fn_8000BC40.o
[810/964] EXTERNALIZE build/GEDE01/src/game/game_fn_8000C06C.o
[811/964] EXTERNALIZE build/GEDE01/src/game/game_fn_8000C17C.o
[812/964] EXTERNALIZE build/GEDE01/src/game/game_fn_8000C400.o
[813/964] EXTERNALIZE build/GEDE01/src/game/game_fn_8000C848.o
[814/964] EXTERNALIZE build/GEDE01/src/game/game_fn_8000C91C.o
[815/964] EXTERNALIZE build/GEDE01/src/game/game_fn_8000D0BC.o
[816/964] NAME SWITCH build/GEDE01/src/game/game_fn_8000D8A4.o
[817/964] EXTERNALIZE build/GEDE01/src/game/game_fn_8000D3D4.o
[818/964] EXTERNALIZE build/GEDE01/src/game/game_fn_8000E054.o
[819/964] EXTERNALIZE build/GEDE01/src/game/game_fn_8000E0AC.o
[820/964] EXTERNALIZE build/GEDE01/src/game/game_fn_8000E96C.o
[821/964] EXTERNALIZE build/GEDE01/src/game/game_fn_8000F774.o
[822/964] EXTERNALIZE build/GEDE01/src/game/game_fn_8000EB14.o
[823/964] EXTERNALIZE build/GEDE01/src/game/game_fn_8000EBD4.o
[824/964] EXTERNALIZE build/GEDE01/src/game/game_fn_8000ED44.o
[825/964] EXTERNALIZE build/GEDE01/src/game/game_fn_8000E138.o
[826/964] EXTERNALIZE build/GEDE01/src/game/game_fn_8000E1C4.o
[827/964] EXTERNALIZE build/GEDE01/src/game/game_fn_8000D590.o
[828/964] EXTERNALIZE build/GEDE01/src/game/game_fn_8000DA50.o
[829/964] EXTERNALIZE build/GEDE01/src/game/game_fn_8000DAF4.o
[830/964] EXTERNALIZE build/GEDE01/src/game/game_fn_80012DA8.o
[831/964] EXTERNALIZE build/GEDE01/src/game/game_fn_80012F40.o
[832/964] EXTERNALIZE build/GEDE01/src/game/game_fn_800131E8.o
[833/964] EXTERNALIZE build/GEDE01/src/game/game_fn_80012FD0.o
[834/964] EXTERNALIZE build/GEDE01/src/game/game_fn_80013340.o
[835/964] EXTERNALIZE build/GEDE01/src/game/game_fn_80013870.o
[836/964] EXTERNALIZE build/GEDE01/src/game/game_fn_80013CB0.o
[837/964] EXTERNALIZE build/GEDE01/src/game/game_fn_80013D54.o
[838/964] EXTERNALIZE build/GEDE01/src/game/game_fn_800142DC.o
[839/964] EXTERNALIZE build/GEDE01/src/game/game_fn_800144CC.o
[840/964] EXTERNALIZE build/GEDE01/src/game/game_fn_80014784.o
[841/964] EXTERNALIZE build/GEDE01/src/game/game_fn_800149D4.o
[842/964] EXTERNALIZE build/GEDE01/src/game/game_fn_80015320.o
[843/964] EXTERNALIZE build/GEDE01/src/game/game_fn_80015058.o
[844/964] EXTERNALIZE build/GEDE01/src/game/game_fn_800156FC.o
[845/964] EXTERNALIZE build/GEDE01/src/game/game_fn_80015568.o
[846/964] EXTERNALIZE build/GEDE01/src/game/game_fn_80015BE0.o
[847/964] EXTERNALIZE build/GEDE01/src/game/game_fn_80015D40.o
[848/964] EXTERNALIZE build/GEDE01/src/game/game_fn_80015F04.o
[849/964] EXTERNALIZE build/GEDE01/src/game/game_fn_80016128.o
[850/964] EXTERNALIZE build/GEDE01/src/game/game_fn_80016270.o
[851/964] EXTERNALIZE build/GEDE01/src/game/game_fn_80016904.o
[852/964] EXTERNALIZE build/GEDE01/src/game/game_fn_800173CC.o
[853/964] EXTERNALIZE build/GEDE01/src/game/game_fn_80016B24.o
[854/964] EXTERNALIZE build/GEDE01/src/game/game_fn_801BEF40.o
[855/964] EXTERNALIZE build/GEDE01/src/game/game_fn_801B86C0.o
[856/964] EXTERNALIZE STATIC POOL build/GEDE01/src/game/game_fn_801C4B5C.o
build/GEDE01/src/game/game_fn_801C4B5C.o: lbl_80628CB0 now undefined; section 6 emptied
[857/964] EXTERNALIZE build/GEDE01/src/game/game_fn_801C8600.o
[858/964] EXTERNALIZE build/GEDE01/src/game/game_fn_80150400.o
[859/964] EXTERNALIZE build/GEDE01/src/game/game_fn_801EAA04.o
[860/964] EXTERNALIZE build/GEDE01/src/game/game_fn_80150F20.o
[861/964] EXTERNALIZE build/GEDE01/src/game/game_fn_80151600.o
[862/964] EXTERNALIZE build/GEDE01/src/game/game_fn_80151D00.o
[863/964] EXTERNALIZE build/GEDE01/src/game/game_fn_8011EE04.o
[864/964] EXTERNALIZE build/GEDE01/src/game/game_fn_801E3644.o
[865/964] EXTERNALIZE build/GEDE01/src/game/game_fn_8019E0B0.o
[866/964] EXTERNALIZE build/GEDE01/src/game/game_fn_801A260C.o
[867/964] EXTERNALIZE build/GEDE01/src/game/game_fn_801DE8B4.o
[868/964] EXTERNALIZE build/GEDE01/src/game/game_fn_80173BDC.o
[869/964] EXTERNALIZE build/GEDE01/src/game/game_fn_801E7014.o
[870/964] EXTERNALIZE build/GEDE01/src/game/game_fn_801A4430.o
[871/964] EXTERNALIZE build/GEDE01/src/game/game_fn_8014BA14.o
[872/964] EXTERNALIZE build/GEDE01/src/game/game_fn_800B2EC0.o
[873/964] EXTERNALIZE build/GEDE01/src/game/game_fn_801DDB84.o
[874/964] EXTERNALIZE build/GEDE01/src/game/game_fn_8001CA04.o
[875/964] EXTERNALIZE build/GEDE01/src/game/game_fn_80031544.o
[876/964] EXTERNALIZE build/GEDE01/src/game/game_fn_8006B0F0.o
[877/964] EXTERNALIZE build/GEDE01/src/game/game_fn_8007D4D8.o
[878/964] EXTERNALIZE build/GEDE01/src/game/game_fn_8007F770.o
[879/964] EXTERNALIZE build/GEDE01/src/game/game_fn_80088F4C.o
[880/964] EXTERNALIZE build/GEDE01/src/game/game_fn_8008A2E0.o
[881/964] EXTERNALIZE build/GEDE01/src/game/game_fn_80089A34.o
[882/964] EXTERNALIZE build/GEDE01/src/game/game_fn_80090004.o
[883/964] EXTERNALIZE build/GEDE01/src/game/game_fn_80095D10.o
[884/964] EXTERNALIZE build/GEDE01/src/game/game_fn_800A3180.o
[885/964] EXTERNALIZE build/GEDE01/src/game/game_fn_800BB7A8.o
[886/964] EXTERNALIZE build/GEDE01/src/game/game_fn_800BB5C4.o
[887/964] EXTERNALIZE build/GEDE01/src/game/game_fn_800BB9A4.o
[888/964] EXTERNALIZE build/GEDE01/src/game/game_fn_800BBAF0.o
[889/964] EXTERNALIZE build/GEDE01/src/game/game_fn_800D9064.o
[890/964] EXTERNALIZE build/GEDE01/src/game/game_fn_800D9E10.o
[891/964] EXTERNALIZE build/GEDE01/src/game/game_fn_8012976C.o
[892/964] EXTERNALIZE build/GEDE01/src/game/game_fn_8013DB8C.o
[893/964] EXTERNALIZE build/GEDE01/src/game/game_fn_8013CBE4.o
[894/964] EXTERNALIZE build/GEDE01/src/game/game_fn_8014CA98.o
[895/964] EXTERNALIZE build/GEDE01/src/game/game_fn_80153A24.o
[896/964] EXTERNALIZE build/GEDE01/src/game/game_fn_80174F2C.o
[897/964] EXTERNALIZE build/GEDE01/src/game/game_fn_801535D8.o
[898/964] EXTERNALIZE build/GEDE01/src/game/game_fn_801752B0.o
[899/964] EXTERNALIZE build/GEDE01/src/game/game_fn_8017AC20.o
[900/964] EXTERNALIZE build/GEDE01/src/game/game_fn_801861C4.o
[901/964] EXTERNALIZE build/GEDE01/src/game/game_fn_8018680C.o
[902/964] EXTERNALIZE build/GEDE01/src/game/game_fn_80186F70.o
[903/964] EXTERNALIZE build/GEDE01/src/game/game_fn_80187320.o
[904/964] EXTERNALIZE build/GEDE01/src/game/game_fn_801810A0.o
[905/964] EXTERNALIZE build/GEDE01/src/game/game_fn_801875FC.o
[906/964] EXTERNALIZE build/GEDE01/src/game/game_fn_800542D0.o
[907/964] EXTERNALIZE build/GEDE01/src/game/game_fn_80187E40.o
[908/964] EXTERNALIZE build/GEDE01/src/game/game_fn_80187BB4.o
[909/964] EXTERNALIZE build/GEDE01/src/game/game_fn_80189C14.o
[910/964] EXTERNALIZE build/GEDE01/src/game/game_fn_8018C2D0.o
[911/964] EXTERNALIZE build/GEDE01/src/game/game_fn_8018D400.o
[912/964] EXTERNALIZE build/GEDE01/src/game/game_fn_8018E0D8.o
[913/964] EXTERNALIZE build/GEDE01/src/game/game_fn_8019120C.o
[914/964] EXTERNALIZE build/GEDE01/src/game/game_fn_8018DC24.o
[915/964] EXTERNALIZE build/GEDE01/src/game/game_fn_801916D0.o
[916/964] EXTERNALIZE build/GEDE01/src/game/game_fn_801926EC.o
[917/964] EXTERNALIZE build/GEDE01/src/game/game_fn_801929A4.o
[918/964] EXTERNALIZE build/GEDE01/src/game/game_fn_801952E8.o
[919/964] EXTERNALIZE build/GEDE01/src/game/game_fn_801A2A54.o
[920/964] EXTERNALIZE build/GEDE01/src/game/game_fn_801A34BC.o
[921/964] EXTERNALIZE build/GEDE01/src/game/game_fn_801A657C.o
[922/964] EXTERNALIZE build/GEDE01/src/game/game_fn_801A1F8C.o
[923/964] EXTERNALIZE build/GEDE01/src/game/game_fn_801D1F78.o
[924/964] EXTERNALIZE build/GEDE01/src/game/game_fn_801E2A48.o
[925/964] EXTERNALIZE build/GEDE01/src/game/game_fn_801E6814.o
[926/964] EXTERNALIZE build/GEDE01/src/game/game_fn_801E995C.o
[927/964] EXTERNALIZE build/GEDE01/src/game/game_fn_801EF580.o
[928/964] EXTERNALIZE build/GEDE01/src/game/game_fn_801F0CB0.o
[929/964] EXTERNALIZE build/GEDE01/src/game/game_fn_801F10BC.o
[930/964] EXTERNALIZE build/GEDE01/src/game/game_fn_801F35A8.o
[931/964] EXTERNALIZE build/GEDE01/src/game/game_fn_801ECD74.o
[932/964] EXTERNALIZE build/GEDE01/src/game/game_fn_801ED5F4.o
[933/964] EXTERNALIZE build/GEDE01/src/game/game_fn_801F69F0.o
[934/964] EXTERNALIZE build/GEDE01/src/game/game_fn_801F76EC.o
[935/964] EXTERNALIZE build/GEDE01/src/game/game_fn_801F8264.o
[936/964] EXTERNALIZE build/GEDE01/src/game/game_fn_801F89B4.o
[937/964] EXTERNALIZE build/GEDE01/src/game/game_fn_801F9AF8.o
[938/964] EXTERNALIZE build/GEDE01/src/game/game_fn_801F6BD8.o
[939/964] EXTERNALIZE build/GEDE01/src/game/game_fn_80095E64.o
[940/964] EXTERNALIZE build/GEDE01/src/game/game_fn_801FB6A4.o
[941/964] EXTERNALIZE JUMPTABLES build/GEDE01/src/game/game_fn_800361F8.o
[942/964] EXTERNALIZE JUMPTABLES build/GEDE01/src/game/game_fn_8006E53C.o
[943/964] EXTERNALIZE JUMPTABLES build/GEDE01/src/game/game_fn_800CF598.o
[944/964] EXTERNALIZE JUMPTABLES build/GEDE01/src/game/game_fn_801ACFE8.o
[945/964] EXTERNALIZE build/GEDE01/src/game/game_fn_801E0088.o
[946/964] EXTERNALIZE JUMPTABLES build/GEDE01/src/game/game_fn_801B1BA0.o
[947/964] EXTERNALIZE build/GEDE01/src/game/game_fn_80150A24.o
[948/964] EXTERNALIZE build/GEDE01/src/game/game_fn_80154F74.o
[949/964] EXTERNALIZE build/GEDE01/src/game/game_fn_801E504C.o
[950/964] EXTERNALIZE build/GEDE01/src/game/game_fn_8009E808.o
[951/964] EXTERNALIZE build/GEDE01/src/game/game_fn_801F1A38.o
[952/964] EXTERNALIZE build/GEDE01/src/game/game_fn_801FFE78.o
[953/964] EXTERNALIZE build/GEDE01/src/game/game_fn_801F55A0.o
[954/964] EXTERNALIZE build/GEDE01/src/game/game_fn_801F7510.o
[955/964] EXTERNALIZE build/GEDE01/src/game/game_fn_801F8FAC.o
[956/964] EXTERNALIZE build/GEDE01/src/game/game_fn_801F9CF4.o
[957/964] EXTERNALIZE build/GEDE01/src/game/game_fn_801FC034.o
[958/964] EXTERNALIZE build/GEDE01/src/game/game_fn_801FA9C8.o
[959/964] REPORT
 INFO Loading project .
 INFO Generating report for 7096 units (using 8 threads)
 INFO Report generated in 0.831s
 INFO Writing to build/GEDE01/report.json
[960/964] LINK build/GEDE01/main.elf
### mwldeppc.exe Linker Warning:
#   Section '.ignored' is unknown. Section ignored.
### mwldeppc.exe Linker Warning:
#   Section '.ignored' is unknown. Section ignored.
### mwldeppc.exe Linker Warning:
#   Section '.ignored' is unknown. Section ignored.
### mwldeppc.exe Linker Warning:
#   Section '.ignored' is unknown. Section ignored.
### mwldeppc.exe Linker Warning:
#   Section '.ignored' is unknown. Section ignored.
### mwldeppc.exe Linker Warning:
#   Section '.ignored' is unknown. Section ignored.
### mwldeppc.exe Linker Warning:
#   Section '.ignored' is unknown. Section ignored.
### mwldeppc.exe Linker Warning:
#   Section '.ignored' is unknown. Section ignored.
### mwldeppc.exe Linker Warning:
#   Section '.ignored' is unknown. Section ignored.
### mwldeppc.exe Linker Warning:
#   Section '.ignored' is unknown. Section ignored.
### mwldeppc.exe Linker Warning:
#   Section '.ignored' is unknown. Section ignored.
### mwldeppc.exe Linker Warning:
#   Section '.ignored' is unknown. Section ignored.
### mwldeppc.exe Linker Warning:
#   Section '.ignored' is unknown. Section ignored.
### mwldeppc.exe Linker Warning:
#   Section '.ignored' is unknown. Section ignored.
### mwldeppc.exe Linker Warning:
#   Section '.ignored' is unknown. Section ignored.
### mwldeppc.exe Linker Warning:
#   Section '.ignored' is unknown. Section ignored.
### mwldeppc.exe Linker Warning:
#   Section '.ignored' is unknown. Section ignored.
### mwldeppc.exe Linker Warning:
#   Section '.ignored' is unknown. Section ignored.
### mwldeppc.exe Linker Warning:
#   Section '.ignored' is unknown. Section ignored.
### mwldeppc.exe Linker Warning:
#   Section '.ignored' is unknown. Section ignored.
### mwldeppc.exe Linker Warning:
#   Section '.ignored' is unknown. Section ignored.
### mwldeppc.exe Linker Warning:
#   Section '.ignored' is unknown. Section ignored.
### mwldeppc.exe Linker Warning:
#   Section '.ignored' is unknown. Section ignored.
### mwldeppc.exe Linker Warning:
#   Section '.ignored' is unknown. Section ignored.
### mwldeppc.exe Linker Warning:
#   Section '.ignored' is unknown. Section ignored.
### mwldeppc.exe Linker Warning:
#   Section '.ignored' is unknown. Section ignored.
### mwldeppc.exe Linker Warning:
#   Section '.ignored' is unknown. Section ignored.
### mwldeppc.exe Linker Warning:
#   Section '.ignored' is unknown. Section ignored.
### mwldeppc.exe Linker Warning:
#   Section '.ignored' is unknown. Section ignored.
### mwldeppc.exe Linker Warning:
#   Section '.ignored' is unknown. Section ignored.
### mwldeppc.exe Linker Warning:
#   Section '.ignored' is unknown. Section ignored.
### mwldeppc.exe Linker Warning:
#   Section '.ignored' is unknown. Section ignored.
### mwldeppc.exe Linker Warning:
#   Section '.ignored' is unknown. Section ignored.
### mwldeppc.exe Linker Warning:
#   Section '.ignored' is unknown. Section ignored.
### mwldeppc.exe Linker Warning:
#   Section '.ignored' is unknown. Section ignored.
### mwldeppc.exe Linker Warning:
#   Section '.ignored' is unknown. Section ignored.
### mwldeppc.exe Linker Warning:
#   Section '.ignored' is unknown. Section ignored.
### mwldeppc.exe Linker Warning:
#   Section '.ignored' is unknown. Section ignored.
### mwldeppc.exe Linker Warning:
#   Section '.ignored' is unknown. Section ignored.
### mwldeppc.exe Linker Warning:
#   Section '.ignored' is unknown. Section ignored.
### mwldeppc.exe Linker Warning:
#   Section '.ignored' is unknown. Section ignored.
### mwldeppc.exe Linker Warning:
#   Section '.ignored' is unknown. Section ignored.
### mwldeppc.exe Linker Warning:
#   Section '.ignored' is unknown. Section ignored.
### mwldeppc.exe Linker Warning:
#   Section '.ignored' is unknown. Section ignored.
### mwldeppc.exe Linker Warning:
#   Section '.ignored' is unknown. Section ignored.
### mwldeppc.exe Linker Warning:
#   Section '.ignored' is unknown. Section ignored.
### mwldeppc.exe Linker Warning:
#   Section '.ignored' is unknown. Section ignored.
### mwldeppc.exe Linker Warning:
#   Section '.ignored' is unknown. Section ignored.
### mwldeppc.exe Linker Warning:
#   Section '.ignored' is unknown. Section ignored.
### mwldeppc.exe Linker Warning:
#   Section '.ignored' is unknown. Section ignored.
### mwldeppc.exe Linker Warning:
#   Section '.ignored' is unknown. Section ignored.
### mwldeppc.exe Linker Warning:
#   Section '.ignored' is unknown. Section ignored.
### mwldeppc.exe Linker Warning:
#   Section '.ignored' is unknown. Section ignored.
### mwldeppc.exe Linker Warning:
#   Section '.ignored' is unknown. Section ignored.
### mwldeppc.exe Linker Warning:
#   Section '.ignored' is unknown. Section ignored.
### mwldeppc.exe Linker Warning:
#   Section '.ignored' is unknown. Section ignored.
### mwldeppc.exe Linker Warning:
#   Section '.ignored' is unknown. Section ignored.
### mwldeppc.exe Linker Warning:
#   Section '.ignored' is unknown. Section ignored.
### mwldeppc.exe Linker Warning:
#   Section '.ignored' is unknown. Section ignored.
### mwldeppc.exe Linker Warning:
#   Section '.ignored' is unknown. Section ignored.
### mwldeppc.exe Linker Warning:
#   Section '.ignored' is unknown. Section ignored.
### mwldeppc.exe Linker Warning:
#   Section '.ignored' is unknown. Section ignored.
### mwldeppc.exe Linker Warning:
#   Section '.ignored' is unknown. Section ignored.
### mwldeppc.exe Linker Warning:
#   Section '.ignored' is unknown. Section ignored.
### mwldeppc.exe Linker Warning:
#   Section '.ignored' is unknown. Section ignored.
### mwldeppc.exe Linker Warning:
#   Section '.ignored' is unknown. Section ignored.
### mwldeppc.exe Linker Warning:
#   Section '.ignored' is unknown. Section ignored.
### mwldeppc.exe Linker Warning:
#   Section '.ignored' is unknown. Section ignored.
### mwldeppc.exe Linker Warning:
#   Section '.ignored' is unknown. Section ignored.
### mwldeppc.exe Linker Warning:
#   Section '.ignored' is unknown. Section ignored.
### mwldeppc.exe Linker Warning:
#   Section '.ignored' is unknown. Section ignored.
### mwldeppc.exe Linker Warning:
#   Section '.ignored' is unknown. Section ignored.
### mwldeppc.exe Linker Warning:
#   Section '.ignored' is unknown. Section ignored.
### mwldeppc.exe Linker Warning:
#   Section '.ignored' is unknown. Section ignored.
### mwldeppc.exe Linker Warning:
#   Section '.ignored' is unknown. Section ignored.
### mwldeppc.exe Linker Warning:
#   Section '.ignored' is unknown. Section ignored.
### mwldeppc.exe Linker Warning:
#   Section '.ignored' is unknown. Section ignored.
### mwldeppc.exe Linker Warning:
#   Section '.ignored' is unknown. Section ignored.
### mwldeppc.exe Linker Warning:
#   Section '.ignored' is unknown. Section ignored.
### mwldeppc.exe Linker Warning:
#   Section '.ignored' is unknown. Section ignored.
### mwldeppc.exe Linker Warning:
#   Section '.ignored' is unknown. Section ignored.
### mwldeppc.exe Linker Warning:
#   Section '.ignored' is unknown. Section ignored.
### mwldeppc.exe Linker Warning:
#   Section '.ignored' is unknown. Section ignored.
### mwldeppc.exe Linker Warning:
#   Section '.ignored' is unknown. Section ignored.
### mwldeppc.exe Linker Warning:
#   Section '.ignored' is unknown. Section ignored.
### mwldeppc.exe Linker Warning:
#   Section '.ignored' is unknown. Section ignored.
### mwldeppc.exe Linker Warning:
#   Section '.ignored' is unknown. Section ignored.
### mwldeppc.exe Linker Warning:
#   Section '.ignored' is unknown. Section ignored.
### mwldeppc.exe Linker Warning:
#   Section '.ignored' is unknown. Section ignored.
### mwldeppc.exe Linker Warning:
#   Section '.ignored' is unknown. Section ignored.
### mwldeppc.exe Linker Warning:
#   Section '.ignored' is unknown. Section ignored.
### mwldeppc.exe Linker Warning:
#   Section '.ignored' is unknown. Section ignored.
### mwldeppc.exe Linker Warning:
#   Section '.ignored' is unknown. Section ignored.
### mwldeppc.exe Linker Warning:
#   Section '.ignored' is unknown. Section ignored.
### mwldeppc.exe Linker Warning:
#   Section '.ignored' is unknown. Section ignored.
### mwldeppc.exe Linker Warning:
#   Section '.ignored' is unknown. Section ignored.
### mwldeppc.exe Linker Warning:
#   Section '.ignored' is unknown. Section ignored.
### mwldeppc.exe Linker Warning:
#   Section '.ignored' is unknown. Section ignored.
### mwldeppc.exe Linker Warning:
#   Section '.ignored' is unknown. Section ignored.
### mwldeppc.exe Linker Warning:
#   Section '.ignored' is unknown. Section ignored.
### mwldeppc.exe Linker Warning:
#   Section '.ignored' is unknown. Section ignored.
### mwldeppc.exe Linker Warning:
#   Section '.ignored' is unknown. Section ignored.
### mwldeppc.exe Linker Warning:
#   Section '.ignored' is unknown. Section ignored.
### mwldeppc.exe Linker Warning:
#   Section '.ignored' is unknown. Section ignored.
### mwldeppc.exe Linker Warning:
#   Section '.ignored' is unknown. Section ignored.
### mwldeppc.exe Linker Warning:
#   Section '.ignored' is unknown. Section ignored.
### mwldeppc.exe Linker Warning:
#   Section '.ignored' is unknown. Section ignored.
### mwldeppc.exe Linker Warning:
#   Section '.ignored' is unknown. Section ignored.
### mwldeppc.exe Linker Warning:
#   Section '.ignored' is unknown. Section ignored.
### mwldeppc.exe Linker Warning:
#   Section '.ignored' is unknown. Section ignored.
### mwldeppc.exe Linker Warning:
#   Section '.ignored' is unknown. Section ignored.
### mwldeppc.exe Linker Warning:
#   Section '.ignored' is unknown. Section ignored.
### mwldeppc.exe Linker Warning:
#   Section '.ignored' is unknown. Section ignored.
### mwldeppc.exe Linker Warning:
#   Section '.ignored' is unknown. Section ignored.
### mwldeppc.exe Linker Warning:
#   Section '.ignored' is unknown. Section ignored.
### mwldeppc.exe Linker Warning:
#   Section '.ignored' is unknown. Section ignored.
### mwldeppc.exe Linker Warning:
#   Section '.ignored' is unknown. Section ignored.
### mwldeppc.exe Linker Warning:
#   Section '.ignored' is unknown. Section ignored.
### mwldeppc.exe Linker Warning:
#   Section '.ignored' is unknown. Section ignored.
### mwldeppc.exe Linker Warning:
#   Section '.ignored' is unknown. Section ignored.
### mwldeppc.exe Linker Warning:
#   Section '.ignored' is unknown. Section ignored.
### mwldeppc.exe Linker Warning:
#   Section '.ignored' is unknown. Section ignored.
### mwldeppc.exe Linker Warning:
#   Section '.ignored' is unknown. Section ignored.
### mwldeppc.exe Linker Warning:
#   Section '.ignored' is unknown. Section ignored.
### mwldeppc.exe Linker Warning:
#   Section '.ignored' is unknown. Section ignored.
### mwldeppc.exe Linker Warning:
#   Section '.ignored' is unknown. Section ignored.
### mwldeppc.exe Linker Warning:
#   Section '.ignored' is unknown. Section ignored.
### mwldeppc.exe Linker Warning:
#   Section '.ignored' is unknown. Section ignored.
### mwldeppc.exe Linker Warning:
#   Section '.ignored' is unknown. Section ignored.
### mwldeppc.exe Linker Warning:
#   Section '.ignored' is unknown. Section ignored.
### mwldeppc.exe Linker Warning:
#   Section '.ignored' is unknown. Section ignored.
### mwldeppc.exe Linker Warning:
#   Section '.ignored' is unknown. Section ignored.
### mwldeppc.exe Linker Warning:
#   Section '.ignored' is unknown. Section ignored.
### mwldeppc.exe Linker Warning:
#   Section '.ignored' is unknown. Section ignored.
### mwldeppc.exe Linker Warning:
#   Section '.ignored' is unknown. Section ignored.
### mwldeppc.exe Linker Warning:
#   Section '.ignored' is unknown. Section ignored.
### mwldeppc.exe Linker Warning:
#   Section '.ignored' is unknown. Section ignored.
### mwldeppc.exe Linker Warning:
#   Section '.ignored' is unknown. Section ignored.
### mwldeppc.exe Linker Warning:
#   Section '.ignored' is unknown. Section ignored.
### mwldeppc.exe Linker Warning:
#   Section '.ignored' is unknown. Section ignored.
### mwldeppc.exe Linker Warning:
#   Section '.ignored' is unknown. Section ignored.
### mwldeppc.exe Linker Warning:
#   Section '.ignored' is unknown. Section ignored.
### mwldeppc.exe Linker Warning:
#   Section '.ignored' is unknown. Section ignored.
### mwldeppc.exe Linker Warning:
#   Section '.ignored' is unknown. Section ignored.
### mwldeppc.exe Linker Warning:
#   Section '.ignored' is unknown. Section ignored.
### mwldeppc.exe Linker Warning:
#   Section '.ignored' is unknown. Section ignored.
### mwldeppc.exe Linker Warning:
#   Section '.ignored' is unknown. Section ignored.
### mwldeppc.exe Linker Warning:
#   Section '.ignored' is unknown. Section ignored.
### mwldeppc.exe Linker Warning:
#   Section '.ignored' is unknown. Section ignored.
### mwldeppc.exe Linker Warning:
#   Section '.ignored' is unknown. Section ignored.
### mwldeppc.exe Linker Warning:
#   Section '.ignored' is unknown. Section ignored.
### mwldeppc.exe Linker Warning:
#   Section '.ignored' is unknown. Section ignored.
### mwldeppc.exe Linker Warning:
#   Section '.ignored' is unknown. Section ignored.
### mwldeppc.exe Linker Warning:
#   Section '.ignored' is unknown. Section ignored.
### mwldeppc.exe Linker Warning:
#   Section '.ignored' is unknown. Section ignored.
### mwldeppc.exe Linker Warning:
#   Section '.ignored' is unknown. Section ignored.
### mwldeppc.exe Linker Warning:
#   Section '.ignored' is unknown. Section ignored.
### mwldeppc.exe Linker Warning:
#   Section '.ignored' is unknown. Section ignored.
### mwldeppc.exe Linker Warning:
#   Section '.ignored' is unknown. Section ignored.
### mwldeppc.exe Linker Warning:
#   Section '.ignored' is unknown. Section ignored.
### mwldeppc.exe Linker Warning:
#   Section '.ignored' is unknown. Section ignored.
### mwldeppc.exe Linker Warning:
#   Section '.ignored' is unknown. Section ignored.
### mwldeppc.exe Linker Warning:
#   Section '.ignored' is unknown. Section ignored.
### mwldeppc.exe Linker Warning:
#   Section '.ignored' is unknown. Section ignored.
### mwldeppc.exe Linker Warning:
#   Section '.ignored' is unknown. Section ignored.
### mwldeppc.exe Linker Warning:
#   Section '.ignored' is unknown. Section ignored.
### mwldeppc.exe Linker Warning:
#   Section '.ignored' is unknown. Section ignored.
### mwldeppc.exe Linker Warning:
#   Section '.ignored' is unknown. Section ignored.
### mwldeppc.exe Linker Warning:
#   Section '.ignored' is unknown. Section ignored.
### mwldeppc.exe Linker Warning:
#   Section '.ignored' is unknown. Section ignored.
### mwldeppc.exe Linker Warning:
#   Section '.ignored' is unknown. Section ignored.
### mwldeppc.exe Linker Warning:
#   Section '.ignored' is unknown. Section ignored.
### mwldeppc.exe Linker Warning:
#   Section '.ignored' is unknown. Section ignored.
### mwldeppc.exe Linker Warning:
#   Section '.ignored' is unknown. Section ignored.
### mwldeppc.exe Linker Warning:
#   Section '.ignored' is unknown. Section ignored.
### mwldeppc.exe Linker Warning:
#   Section '.ignored' is unknown. Section ignored.
### mwldeppc.exe Linker Warning:
#   Section '.ignored' is unknown. Section ignored.
### mwldeppc.exe Linker Warning:
#   Section '.ignored' is unknown. Section ignored.
### mwldeppc.exe Linker Warning:
#   Section '.ignored' is unknown. Section ignored.
### mwldeppc.exe Linker Warning:
#   Section '.ignored' is unknown. Section ignored.
### mwldeppc.exe Linker Warning:
#   Section '.ignored' is unknown. Section ignored.
### mwldeppc.exe Linker Warning:
#   Section '.ignored' is unknown. Section ignored.
### mwldeppc.exe Linker Warning:
#   Section '.ignored' is unknown. Section ignored.
### mwldeppc.exe Linker Warning:
#   Section '.ignored' is unknown. Section ignored.
### mwldeppc.exe Linker Warning:
#   Section '.ignored' is unknown. Section ignored.
### mwldeppc.exe Linker Warning:
#   Section '.ignored' is unknown. Section ignored.
### mwldeppc.exe Linker Warning:
#   Section '.ignored' is unknown. Section ignored.
### mwldeppc.exe Linker Warning:
#   Section '.ignored' is unknown. Section ignored.
### mwldeppc.exe Linker Warning:
#   Section '.ignored' is unknown. Section ignored.
### mwldeppc.exe Linker Warning:
#   Section '.ignored' is unknown. Section ignored.
### mwldeppc.exe Linker Warning:
#   Section '.ignored' is unknown. Section ignored.
### mwldeppc.exe Linker Warning:
#   Section '.ignored' is unknown. Section ignored.
### mwldeppc.exe Linker Warning:
#   Section '.ignored' is unknown. Section ignored.
### mwldeppc.exe Linker Warning:
#   Section '.ignored' is unknown. Section ignored.
### mwldeppc.exe Linker Warning:
#   Section '.ignored' is unknown. Section ignored.
### mwldeppc.exe Linker Warning:
#   Section '.ignored' is unknown. Section ignored.
### mwldeppc.exe Linker Warning:
#   Section '.ignored' is unknown. Section ignored.
### mwldeppc.exe Linker Warning:
#   Section '.ignored' is unknown. Section ignored.
### mwldeppc.exe Linker Warning:
#   Section '.ignored' is unknown. Section ignored.
### mwldeppc.exe Linker Warning:
#   Section '.ignored' is unknown. Section ignored.
### mwldeppc.exe Linker Warning:
#   Section '.ignored' is unknown. Section ignored.
### mwldeppc.exe Linker Warning:
#   Section '.ignored' is unknown. Section ignored.
### mwldeppc.exe Linker Warning:
#   Section '.ignored' is unknown. Section ignored.
### mwldeppc.exe Linker Warning:
#   Section '.ignored' is unknown. Section ignored.
### mwldeppc.exe Linker Warning:
#   Section '.ignored' is unknown. Section ignored.
### mwldeppc.exe Linker Warning:
#   Section '.ignored' is unknown. Section ignored.
### mwldeppc.exe Linker Warning:
#   Section '.ignored' is unknown. Section ignored.
### mwldeppc.exe Linker Warning:
#   Section '.ignored' is unknown. Section ignored.
### mwldeppc.exe Linker Warning:
#   Section '.ignored' is unknown. Section ignored.
### mwldeppc.exe Linker Warning:
#   Section '.ignored' is unknown. Section ignored.
### mwldeppc.exe Linker Warning:
#   Section '.ignored' is unknown. Section ignored.
### mwldeppc.exe Linker Warning:
#   Section '.ignored' is unknown. Section ignored.
### mwldeppc.exe Linker Warning:
#   Section '.ignored' is unknown. Section ignored.
### mwldeppc.exe Linker Warning:
#   Section '.ignored' is unknown. Section ignored.
### mwldeppc.exe Linker Warning:
#   Section '.ignored' is unknown. Section ignored.
### mwldeppc.exe Linker Warning:
#   Section '.ignored' is unknown. Section ignored.
### mwldeppc.exe Linker Warning:
#   Section '.ignored' is unknown. Section ignored.
### mwldeppc.exe Linker Warning:
#   Section '.ignored' is unknown. Section ignored.
### mwldeppc.exe Linker Warning:
#   Section '.ignored' is unknown. Section ignored.
### mwldeppc.exe Linker Warning:
#   Section '.ignored' is unknown. Section ignored.
### mwldeppc.exe Linker Warning:
#   Section '.ignored' is unknown. Section ignored.
### mwldeppc.exe Linker Warning:
#   Section '.ignored' is unknown. Section ignored.
### mwldeppc.exe Linker Warning:
#   Section '.ignored' is unknown. Section ignored.
### mwldeppc.exe Linker Warning:
#   Section '.ignored' is unknown. Section ignored.
### mwldeppc.exe Linker Warning:
#   Section '.ignored' is unknown. Section ignored.
### mwldeppc.exe Linker Warning:
#   Section '.ignored' is unknown. Section ignored.
### mwldeppc.exe Linker Warning:
#   Section '.ignored' is unknown. Section ignored.
### mwldeppc.exe Linker Warning:
#   Section '.ignored' is unknown. Section ignored.
### mwldeppc.exe Linker Warning:
#   Section '.ignored' is unknown. Section ignored.
### mwldeppc.exe Linker Warning:
#   Section '.ignored' is unknown. Section ignored.
### mwldeppc.exe Linker Warning:
#   Section '.ignored' is unknown. Section ignored.
### mwldeppc.exe Linker Warning:
#   Section '.ignored' is unknown. Section ignored.
### mwldeppc.exe Linker Warning:
#   Section '.ignored' is unknown. Section ignored.
### mwldeppc.exe Linker Warning:
#   Section '.ignored' is unknown. Section ignored.
### mwldeppc.exe Linker Warning:
#   Section '.ignored' is unknown. Section ignored.
### mwldeppc.exe Linker Warning:
#   Section '.ignored' is unknown. Section ignored.
### mwldeppc.exe Linker Warning:
#   Section '.ignored' is unknown. Section ignored.
### mwldeppc.exe Linker Warning:
#   Section '.ignored' is unknown. Section ignored.
### mwldeppc.exe Linker Warning:
#   Section '.ignored' is unknown. Section ignored.
### mwldeppc.exe Linker Warning:
#   Section '.ignored' is unknown. Section ignored.
### mwldeppc.exe Linker Warning:
#   Section '.ignored' is unknown. Section ignored.
### mwldeppc.exe Linker Warning:
#   Section '.ignored' is unknown. Section ignored.
### mwldeppc.exe Linker Warning:
#   Section '.ignored' is unknown. Section ignored.
### mwldeppc.exe Linker Warning:
#   Section '.ignored' is unknown. Section ignored.
### mwldeppc.exe Linker Warning:
#   Section '.ignored' is unknown. Section ignored.
### mwldeppc.exe Linker Warning:
#   Section '.ignored' is unknown. Section ignored.
### mwldeppc.exe Linker Warning:
#   Section '.ignored' is unknown. Section ignored.
### mwldeppc.exe Linker Warning:
#   Section '.ignored' is unknown. Section ignored.
### mwldeppc.exe Linker Warning:
#   Section '.ignored' is unknown. Section ignored.
### mwldeppc.exe Linker Warning:
#   Section '.ignored' is unknown. Section ignored.
### mwldeppc.exe Linker Warning:
#   Section '.ignored' is unknown. Section ignored.
### mwldeppc.exe Linker Warning:
#   Section '.ignored' is unknown. Section ignored.
### mwldeppc.exe Linker Warning:
#   Section '.ignored' is unknown. Section ignored.
### mwldeppc.exe Linker Warning:
#   Section '.ignored' is unknown. Section ignored.
### mwldeppc.exe Linker Warning:
#   Section '.ignored' is unknown. Section ignored.
### mwldeppc.exe Linker Warning:
#   Section '.ignored' is unknown. Section ignored.
### mwldeppc.exe Linker Warning:
#   Section '.ignored' is unknown. Section ignored.
### mwldeppc.exe Linker Warning:
#   Section '.ignored' is unknown. Section ignored.
### mwldeppc.exe Linker Warning:
#   Section '.ignored' is unknown. Section ignored.
### mwldeppc.exe Linker Warning:
#   Section '.ignored' is unknown. Section ignored.
### mwldeppc.exe Linker Warning:
#   Section '.ignored' is unknown. Section ignored.
### mwldeppc.exe Linker Warning:
#   Section '.ignored' is unknown. Section ignored.
### mwldeppc.exe Linker Warning:
#   Section '.ignored' is unknown. Section ignored.
### mwldeppc.exe Linker Warning:
#   Section '.ignored' is unknown. Section ignored.
### mwldeppc.exe Linker Warning:
#   Section '.ignored' is unknown. Section ignored.
### mwldeppc.exe Linker Warning:
#   Section '.ignored' is unknown. Section ignored.
### mwldeppc.exe Linker Warning:
#   Section '.ignored' is unknown. Section ignored.
### mwldeppc.exe Linker Warning:
#   Section '.ignored' is unknown. Section ignored.
### mwldeppc.exe Linker Warning:
#   Section '.ignored' is unknown. Section ignored.
### mwldeppc.exe Linker Warning:
#   Section '.ignored' is unknown. Section ignored.
### mwldeppc.exe Linker Warning:
#   Section '.ignored' is unknown. Section ignored.
### mwldeppc.exe Linker Warning:
#   Section '.ignored' is unknown. Section ignored.
### mwldeppc.exe Linker Warning:
#   Section '.ignored' is unknown. Section ignored.
### mwldeppc.exe Linker Warning:
#   Section '.ignored' is unknown. Section ignored.
### mwldeppc.exe Linker Warning:
#   Section '.ignored' is unknown. Section ignored.
### mwldeppc.exe Linker Warning:
#   Section '.ignored' is unknown. Section ignored.
### mwldeppc.exe Linker Warning:
#   Section '.ignored' is unknown. Section ignored.
### mwldeppc.exe Linker Warning:
#   Section '.ignored' is unknown. Section ignored.
### mwldeppc.exe Linker Warning:
#   Section '.ignored' is unknown. Section ignored.
### mwldeppc.exe Linker Warning:
#   Section '.ignored' is unknown. Section ignored.
### mwldeppc.exe Linker Warning:
#   Section '.ignored' is unknown. Section ignored.
### mwldeppc.exe Linker Warning:
#   Section '.ignored' is unknown. Section ignored.
### mwldeppc.exe Linker Warning:
#   Section '.ignored' is unknown. Section ignored.
### mwldeppc.exe Linker Warning:
#   Section '.ignored' is unknown. Section ignored.
### mwldeppc.exe Linker Warning:
#   Section '.ignored' is unknown. Section ignored.
### mwldeppc.exe Linker Warning:
#   Section '.ignored' is unknown. Section ignored.
### mwldeppc.exe Linker Warning:
#   Section '.ignored' is unknown. Section ignored.
### mwldeppc.exe Linker Warning:
#   Section '.ignored' is unknown. Section ignored.
### mwldeppc.exe Linker Warning:
#   Section '.ignored' is unknown. Section ignored.
### mwldeppc.exe Linker Warning:
#   Section '.ignored' is unknown. Section ignored.
### mwldeppc.exe Linker Warning:
#   Section '.ignored' is unknown. Section ignored.
### mwldeppc.exe Linker Warning:
#   Section '.ignored' is unknown. Section ignored.
### mwldeppc.exe Linker Warning:
#   Section '.ignored' is unknown. Section ignored.
### mwldeppc.exe Linker Warning:
#   Section '.ignored' is unknown. Section ignored.
### mwldeppc.exe Linker Warning:
#   Section '.ignored' is unknown. Section ignored.
### mwldeppc.exe Linker Warning:
#   Section '.ignored' is unknown. Section ignored.
### mwldeppc.exe Linker Warning:
#   Section '.ignored' is unknown. Section ignored.
### mwldeppc.exe Linker Warning:
#   Section '.ignored' is unknown. Section ignored.
### mwldeppc.exe Linker Warning:
#   Section '.ignored' is unknown. Section ignored.
### mwldeppc.exe Linker Warning:
#   Section '.ignored' is unknown. Section ignored.
### mwldeppc.exe Linker Warning:
#   Section '.ignored' is unknown. Section ignored.
### mwldeppc.exe Linker Warning:
#   Section '.ignored' is unknown. Section ignored.
### mwldeppc.exe Linker Warning:
#   Section '.ignored' is unknown. Section ignored.
### mwldeppc.exe Linker Warning:
#   Section '.ignored' is unknown. Section ignored.
### mwldeppc.exe Linker Warning:
#   Section '.ignored' is unknown. Section ignored.
### mwldeppc.exe Linker Warning:
#   Section '.ignored' is unknown. Section ignored.
### mwldeppc.exe Linker Warning:
#   Section '.ignored' is unknown. Section ignored.
### mwldeppc.exe Linker Warning:
#   Section '.ignored' is unknown. Section ignored.
### mwldeppc.exe Linker Warning:
#   Section '.ignored' is unknown. Section ignored.
### mwldeppc.exe Linker Warning:
#   Section '.ignored' is unknown. Section ignored.
### mwldeppc.exe Linker Warning:
#   Section '.ignored' is unknown. Section ignored.
### mwldeppc.exe Linker Warning:
#   Section '.ignored' is unknown. Section ignored.
### mwldeppc.exe Linker Warning:
#   Section '.ignored' is unknown. Section ignored.
### mwldeppc.exe Linker Warning:
#   Section '.ignored' is unknown. Section ignored.
### mwldeppc.exe Linker Warning:
#   Section '.ignored' is unknown. Section ignored.
### mwldeppc.exe Linker Warning:
#   Section '.ignored' is unknown. Section ignored.
### mwldeppc.exe Linker Warning:
#   Section '.ignored' is unknown. Section ignored.
### mwldeppc.exe Linker Warning:
#   Section '.ignored' is unknown. Section ignored.
### mwldeppc.exe Linker Warning:
#   Section '.ignored' is unknown. Section ignored.
### mwldeppc.exe Linker Warning:
#   Section '.ignored' is unknown. Section ignored.
### mwldeppc.exe Linker Warning:
#   Section '.ignored' is unknown. Section ignored.
### mwldeppc.exe Linker Warning:
#   Section '.ignored' is unknown. Section ignored.
### mwldeppc.exe Linker Warning:
#   Section '.ignored' is unknown. Section ignored.
### mwldeppc.exe Linker Warning:
#   Section '.ignored' is unknown. Section ignored.
### mwldeppc.exe Linker Warning:
#   Section '.ignored' is unknown. Section ignored.
### mwldeppc.exe Linker Warning:
#   Section '.ignored' is unknown. Section ignored.
### mwldeppc.exe Linker Warning:
#   Section '.ignored' is unknown. Section ignored.
### mwldeppc.exe Linker Warning:
#   Section '.ignored' is unknown. Section ignored.
### mwldeppc.exe Linker Warning:
#   Section '.ignored' is unknown. Section ignored.
### mwldeppc.exe Linker Warning:
#   Section '.ignored' is unknown. Section ignored.
### mwldeppc.exe Linker Warning:
#   Section '.ignored' is unknown. Section ignored.
### mwldeppc.exe Linker Warning:
#   Section '.ignored' is unknown. Section ignored.
### mwldeppc.exe Linker Warning:
#   Section '.ignored' is unknown. Section ignored.
### mwldeppc.exe Linker Warning:
#   Section '.ignored' is unknown. Section ignored.
### mwldeppc.exe Linker Warning:
#   Section '.ignored' is unknown. Section ignored.
### mwldeppc.exe Linker Warning:
#   Section '.ignored' is unknown. Section ignored.
### mwldeppc.exe Linker Warning:
#   Section '.ignored' is unknown. Section ignored.
### mwldeppc.exe Linker Warning:
#   Section '.ignored' is unknown. Section ignored.
### mwldeppc.exe Linker Warning:
#   Section '.ignored' is unknown. Section ignored.
### mwldeppc.exe Linker Warning:
#   Section '.ignored' is unknown. Section ignored.
### mwldeppc.exe Linker Warning:
#   Section '.ignored' is unknown. Section ignored.
### mwldeppc.exe Linker Warning:
#   Section '.ignored' is unknown. Section ignored.
### mwldeppc.exe Linker Warning:
#   Section '.ignored' is unknown. Section ignored.
### mwldeppc.exe Linker Warning:
#   Section '.ignored' is unknown. Section ignored.
### mwldeppc.exe Linker Warning:
#   Section '.ignored' is unknown. Section ignored.
### mwldeppc.exe Linker Warning:
#   Section '.ignored' is unknown. Section ignored.
### mwldeppc.exe Linker Warning:
#   Section '.ignored' is unknown. Section ignored.
### mwldeppc.exe Linker Warning:
#   Section '.ignored' is unknown. Section ignored.
### mwldeppc.exe Linker Warning:
#   Section '.ignored' is unknown. Section ignored.
### mwldeppc.exe Linker Warning:
#   Section '.ignored' is unknown. Section ignored.
### mwldeppc.exe Linker Warning:
#   Section '.ignored' is unknown. Section ignored.
### mwldeppc.exe Linker Warning:
#   Section '.ignored' is unknown. Section ignored.
### mwldeppc.exe Linker Warning:
#   Section '.ignored' is unknown. Section ignored.
### mwldeppc.exe Linker Warning:
#   Section '.ignored' is unknown. Section ignored.
### mwldeppc.exe Linker Warning:
#   Section '.ignored' is unknown. Section ignored.
### mwldeppc.exe Linker Warning:
#   Section '.ignored' is unknown. Section ignored.
### mwldeppc.exe Linker Warning:
#   Section '.ignored' is unknown. Section ignored.
### mwldeppc.exe Linker Warning:
#   Section '.ignored' is unknown. Section ignored.
### mwldeppc.exe Linker Warning:
#   Section '.ignored' is unknown. Section ignored.
### mwldeppc.exe Linker Warning:
#   Section '.ignored' is unknown. Section ignored.
### mwldeppc.exe Linker Warning:
#   Section '.ignored' is unknown. Section ignored.
### mwldeppc.exe Linker Warning:
#   Section '.ignored' is unknown. Section ignored.
### mwldeppc.exe Linker Warning:
#   Section '.ignored' is unknown. Section ignored.
### mwldeppc.exe Linker Warning:
#   Section '.ignored' is unknown. Section ignored.
### mwldeppc.exe Linker Warning:
#   Section '.ignored' is unknown. Section ignored.
### mwldeppc.exe Linker Warning:
#   Section '.ignored' is unknown. Section ignored.
### mwldeppc.exe Linker Warning:
#   Section '.ignored' is unknown. Section ignored.
### mwldeppc.exe Linker Warning:
#   Section '.ignored' is unknown. Section ignored.
### mwldeppc.exe Linker Warning:
#   Section '.ignored' is unknown. Section ignored.
### mwldeppc.exe Linker Warning:
#   Section '.ignored' is unknown. Section ignored.
### mwldeppc.exe Linker Warning:
#   Section '.ignored' is unknown. Section ignored.
### mwldeppc.exe Linker Warning:
#   Section '.ignored' is unknown. Section ignored.
### mwldeppc.exe Linker Warning:
#   Section '.ignored' is unknown. Section ignored.
### mwldeppc.exe Linker Warning:
#   Section '.ignored' is unknown. Section ignored.
### mwldeppc.exe Linker Warning:
#   Section '.ignored' is unknown. Section ignored.
### mwldeppc.exe Linker Warning:
#   Section '.ignored' is unknown. Section ignored.
### mwldeppc.exe Linker Warning:
#   Section '.ignored' is unknown. Section ignored.
### mwldeppc.exe Linker Warning:
#   Section '.ignored' is unknown. Section ignored.
### mwldeppc.exe Linker Warning:
#   Section '.ignored' is unknown. Section ignored.
### mwldeppc.exe Linker Warning:
#   Section '.ignored' is unknown. Section ignored.
### mwldeppc.exe Linker Warning:
#   Section '.ignored' is unknown. Section ignored.
### mwldeppc.exe Linker Warning:
#   Section '.ignored' is unknown. Section ignored.
### mwldeppc.exe Linker Warning:
#   Section '.ignored' is unknown. Section ignored.
### mwldeppc.exe Linker Warning:
#   Section '.ignored' is unknown. Section ignored.
### mwldeppc.exe Linker Warning:
#   Section '.ignored' is unknown. Section ignored.
### mwldeppc.exe Linker Warning:
#   Section '.ignored' is unknown. Section ignored.
### mwldeppc.exe Linker Warning:
#   Section '.ignored' is unknown. Section ignored.
### mwldeppc.exe Linker Warning:
#   Section '.ignored' is unknown. Section ignored.
### mwldeppc.exe Linker Warning:
#   Section '.ignored' is unknown. Section ignored.
### mwldeppc.exe Linker Warning:
#   Section '.ignored' is unknown. Section ignored.
### mwldeppc.exe Linker Warning:
#   Section '.ignored' is unknown. Section ignored.
### mwldeppc.exe Linker Warning:
#   Section '.ignored' is unknown. Section ignored.
### mwldeppc.exe Linker Warning:
#   Section '.ignored' is unknown. Section ignored.
### mwldeppc.exe Linker Warning:
#   Section '.ignored' is unknown. Section ignored.
### mwldeppc.exe Linker Warning:
#   Section '.ignored' is unknown. Section ignored.
### mwldeppc.exe Linker Warning:
#   Section '.ignored' is unknown. Section ignored.
### mwldeppc.exe Linker Warning:
#   Section '.ignored' is unknown. Section ignored.
### mwldeppc.exe Linker Warning:
#   Section '.ignored' is unknown. Section ignored.
### mwldeppc.exe Linker Warning:
#   Section '.ignored' is unknown. Section ignored.
### mwldeppc.exe Linker Warning:
#   Section '.ignored' is unknown. Section ignored.
### mwldeppc.exe Linker Warning:
#   Section '.ignored' is unknown. Section ignored.
### mwldeppc.exe Linker Warning:
#   Section '.ignored' is unknown. Section ignored.
### mwldeppc.exe Linker Warning:
#   Section '.ignored' is unknown. Section ignored.
### mwldeppc.exe Linker Warning:
#   Section '.ignored' is unknown. Section ignored.
### mwldeppc.exe Linker Warning:
#   Section '.ignored' is unknown. Section ignored.
### mwldeppc.exe Linker Warning:
#   Section '.ignored' is unknown. Section ignored.
### mwldeppc.exe Linker Warning:
#   Section '.ignored' is unknown. Section ignored.
### mwldeppc.exe Linker Warning:
#   Section '.ignored' is unknown. Section ignored.
### mwldeppc.exe Linker Warning:
#   Section '.ignored' is unknown. Section ignored.
### mwldeppc.exe Linker Warning:
#   Section '.ignored' is unknown. Section ignored.
### mwldeppc.exe Linker Warning:
#   Section '.ignored' is unknown. Section ignored.
### mwldeppc.exe Linker Warning:
#   Section '.ignored' is unknown. Section ignored.
### mwldeppc.exe Linker Warning:
#   Section '.ignored' is unknown. Section ignored.
### mwldeppc.exe Linker Warning:
#   Section '.ignored' is unknown. Section ignored.
### mwldeppc.exe Linker Warning:
#   Section '.ignored' is unknown. Section ignored.
### mwldeppc.exe Linker Warning:
#   Section '.ignored' is unknown. Section ignored.
### mwldeppc.exe Linker Warning:
#   Section '.ignored' is unknown. Section ignored.
### mwldeppc.exe Linker Warning:
#   Section '.ignored' is unknown. Section ignored.
### mwldeppc.exe Linker Warning:
#   Section '.ignored' is unknown. Section ignored.
### mwldeppc.exe Linker Warning:
#   Section '.ignored' is unknown. Section ignored.
### mwldeppc.exe Linker Warning:
#   Section '.ignored' is unknown. Section ignored.
### mwldeppc.exe Linker Warning:
#   Section '.ignored' is unknown. Section ignored.
### mwldeppc.exe Linker Warning:
#   Section '.ignored' is unknown. Section ignored.
### mwldeppc.exe Linker Warning:
#   Section '.ignored' is unknown. Section ignored.
### mwldeppc.exe Linker Warning:
#   Section '.ignored' is unknown. Section ignored.
### mwldeppc.exe Linker Warning:
#   Section '.ignored' is unknown. Section ignored.
### mwldeppc.exe Linker Warning:
#   Section '.ignored' is unknown. Section ignored.
### mwldeppc.exe Linker Warning:
#   Section '.ignored' is unknown. Section ignored.
### mwldeppc.exe Linker Warning:
#   Section '.ignored' is unknown. Section ignored.
### mwldeppc.exe Linker Warning:
#   Section '.ignored' is unknown. Section ignored.
### mwldeppc.exe Linker Warning:
#   Section '.ignored' is unknown. Section ignored.
### mwldeppc.exe Linker Warning:
#   Section '.ignored' is unknown. Section ignored.
### mwldeppc.exe Linker Warning:
#   Section '.ignored' is unknown. Section ignored.
### mwldeppc.exe Linker Warning:
#   Section '.ignored' is unknown. Section ignored.
### mwldeppc.exe Linker Warning:
#   Section '.ignored' is unknown. Section ignored.
### mwldeppc.exe Linker Warning:
#   Section '.ignored' is unknown. Section ignored.
### mwldeppc.exe Linker Warning:
#   Section '.ignored' is unknown. Section ignored.
### mwldeppc.exe Linker Warning:
#   Section '.ignored' is unknown. Section ignored.
### mwldeppc.exe Linker Warning:
#   Section '.ignored' is unknown. Section ignored.
### mwldeppc.exe Linker Warning:
#   Section '.ignored' is unknown. Section ignored.
### mwldeppc.exe Linker Warning:
#   Section '.ignored' is unknown. Section ignored.
### mwldeppc.exe Linker Warning:
#   Section '.ignored' is unknown. Section ignored.
### mwldeppc.exe Linker Warning:
#   Section '.ignored' is unknown. Section ignored.
### mwldeppc.exe Linker Warning:
#   Section '.ignored' is unknown. Section ignored.
### mwldeppc.exe Linker Warning:
#   Section '.ignored' is unknown. Section ignored.
### mwldeppc.exe Linker Warning:
#   Section '.ignored' is unknown. Section ignored.
### mwldeppc.exe Linker Warning:
#   Section '.ignored' is unknown. Section ignored.
### mwldeppc.exe Linker Warning:
#   Section '.ignored' is unknown. Section ignored.
### mwldeppc.exe Linker Warning:
#   Section '.ignored' is unknown. Section ignored.
### mwldeppc.exe Linker Warning:
#   Section '.ignored' is unknown. Section ignored.
### mwldeppc.exe Linker Warning:
#   Section '.ignored' is unknown. Section ignored.
### mwldeppc.exe Linker Warning:
#   Section '.ignored' is unknown. Section ignored.
### mwldeppc.exe Linker Warning:
#   Section '.ignored' is unknown. Section ignored.
### mwldeppc.exe Linker Warning:
#   Section '.ignored' is unknown. Section ignored.
### mwldeppc.exe Linker Warning:
#   Section '.ignored' is unknown. Section ignored.
### mwldeppc.exe Linker Warning:
#   Section '.ignored' is unknown. Section ignored.
### mwldeppc.exe Linker Warning:
#   Section '.ignored' is unknown. Section ignored.
### mwldeppc.exe Linker Warning:
#   Section '.ignored' is unknown. Section ignored.
### mwldeppc.exe Linker Warning:
#   Section '.ignored' is unknown. Section ignored.
### mwldeppc.exe Linker Warning:
#   Section '.ignored' is unknown. Section ignored.
### mwldeppc.exe Linker Warning:
#   Section '.ignored' is unknown. Section ignored.
### mwldeppc.exe Linker Warning:
#   Section '.ignored' is unknown. Section ignored.
### mwldeppc.exe Linker Warning:
#   Section '.ignored' is unknown. Section ignored.
### mwldeppc.exe Linker Warning:
#   Section '.ignored' is unknown. Section ignored.
### mwldeppc.exe Linker Warning:
#   Section '.ignored' is unknown. Section ignored.
### mwldeppc.exe Linker Warning:
#   Section '.ignored' is unknown. Section ignored.
### mwldeppc.exe Linker Warning:
#   Section '.ignored' is unknown. Section ignored.
### mwldeppc.exe Linker Warning:
#   Section '.ignored' is unknown. Section ignored.
### mwldeppc.exe Linker Warning:
#   Section '.ignored' is unknown. Section ignored.
### mwldeppc.exe Linker Warning:
#   Section '.ignored' is unknown. Section ignored.
### mwldeppc.exe Linker Warning:
#   Section '.ignored' is unknown. Section ignored.
### mwldeppc.exe Linker Warning:
#   Section '.ignored' is unknown. Section ignored.
### mwldeppc.exe Linker Warning:
#   Section '.ignored' is unknown. Section ignored.
### mwldeppc.exe Linker Warning:
#   Section '.ignored' is unknown. Section ignored.
### mwldeppc.exe Linker Warning:
#   Section '.ignored' is unknown. Section ignored.
### mwldeppc.exe Linker Warning:
#   Section '.ignored' is unknown. Section ignored.
### mwldeppc.exe Linker Warning:
#   Section '.ignored' is unknown. Section ignored.
### mwldeppc.exe Linker Warning:
#   Section '.ignored' is unknown. Section ignored.
### mwldeppc.exe Linker Warning:
#   Section '.ignored' is unknown. Section ignored.
### mwldeppc.exe Linker Warning:
#   Section '.ignored' is unknown. Section ignored.
### mwldeppc.exe Linker Warning:
#   Section '.ignored' is unknown. Section ignored.
### mwldeppc.exe Linker Warning:
#   Section '.ignored' is unknown. Section ignored.
### mwldeppc.exe Linker Warning:
#   Section '.ignored' is unknown. Section ignored.
### mwldeppc.exe Linker Warning:
#   Section '.ignored' is unknown. Section ignored.
### mwldeppc.exe Linker Warning:
#   Section '.ignored' is unknown. Section ignored.
### mwldeppc.exe Linker Warning:
#   Section '.ignored' is unknown. Section ignored.
### mwldeppc.exe Linker Warning:
#   Section '.ignored' is unknown. Section ignored.
### mwldeppc.exe Linker Warning:
#   Section '.ignored' is unknown. Section ignored.
### mwldeppc.exe Linker Warning:
#   Section '.ignored' is unknown. Section ignored.
### mwldeppc.exe Linker Warning:
#   Section '.ignored' is unknown. Section ignored.
### mwldeppc.exe Linker Warning:
#   Section '.ignored' is unknown. Section ignored.
### mwldeppc.exe Linker Warning:
#   Section '.ignored' is unknown. Section ignored.
### mwldeppc.exe Linker Warning:
#   Section '.ignored' is unknown. Section ignored.
### mwldeppc.exe Linker Warning:
#   Section '.ignored' is unknown. Section ignored.
### mwldeppc.exe Linker Warning:
#   Section '.ignored' is unknown. Section ignored.
### mwldeppc.exe Linker Warning:
#   Section '.ignored' is unknown. Section ignored.
### mwldeppc.exe Linker Warning:
#   Section '.ignored' is unknown. Section ignored.
### mwldeppc.exe Linker Warning:
#   Section '.ignored' is unknown. Section ignored.
### mwldeppc.exe Linker Warning:
#   Section '.ignored' is unknown. Section ignored.
### mwldeppc.exe Linker Warning:
#   Section '.ignored' is unknown. Section ignored.
### mwldeppc.exe Linker Warning:
#   Section '.ignored' is unknown. Section ignored.
### mwldeppc.exe Linker Warning:
#   Section '.ignored' is unknown. Section ignored.
### mwldeppc.exe Linker Warning:
#   Section '.ignored' is unknown. Section ignored.
### mwldeppc.exe Linker Warning:
#   Section '.ignored' is unknown. Section ignored.
### mwldeppc.exe Linker Warning:
#   Section '.ignored' is unknown. Section ignored.
### mwldeppc.exe Linker Warning:
#   Section '.ignored' is unknown. Section ignored.
### mwldeppc.exe Linker Warning:
#   Section '.ignored' is unknown. Section ignored.
### mwldeppc.exe Linker Warning:
#   Section '.ignored' is unknown. Section ignored.
### mwldeppc.exe Linker Warning:
#   Section '.ignored' is unknown. Section ignored.
### mwldeppc.exe Linker Warning:
#   Section '.ignored' is unknown. Section ignored.
### mwldeppc.exe Linker Warning:
#   Section '.ignored' is unknown. Section ignored.
### mwldeppc.exe Linker Warning:
#   Section '.ignored' is unknown. Section ignored.
### mwldeppc.exe Linker Warning:
#   Section '.ignored' is unknown. Section ignored.
### mwldeppc.exe Linker Warning:
#   Section '.ignored' is unknown. Section ignored.
### mwldeppc.exe Linker Warning:
#   Section '.ignored' is unknown. Section ignored.
### mwldeppc.exe Linker Warning:
#   Section '.ignored' is unknown. Section ignored.
### mwldeppc.exe Linker Warning:
#   Section '.ignored' is unknown. Section ignored.
### mwldeppc.exe Linker Warning:
#   Section '.ignored' is unknown. Section ignored.
### mwldeppc.exe Linker Warning:
#   Section '.ignored' is unknown. Section ignored.
### mwldeppc.exe Linker Warning:
#   Section '.ignored' is unknown. Section ignored.
### mwldeppc.exe Linker Warning:
#   Section '.ignored' is unknown. Section ignored.
### mwldeppc.exe Linker Warning:
#   Section '.ignored' is unknown. Section ignored.
### mwldeppc.exe Linker Warning:
#   Section '.ignored' is unknown. Section ignored.
### mwldeppc.exe Linker Warning:
#   Section '.ignored' is unknown. Section ignored.
### mwldeppc.exe Linker Warning:
#   Section '.ignored' is unknown. Section ignored.
### mwldeppc.exe Linker Warning:
#   Section '.ignored' is unknown. Section ignored.
### mwldeppc.exe Linker Warning:
#   Section '.ignored' is unknown. Section ignored.
### mwldeppc.exe Linker Warning:
#   Section '.ignored' is unknown. Section ignored.
### mwldeppc.exe Linker Warning:
#   Section '.ignored' is unknown. Section ignored.
### mwldeppc.exe Linker Warning:
#   Section '.ignored' is unknown. Section ignored.
### mwldeppc.exe Linker Warning:
#   Section '.ignored' is unknown. Section ignored.
### mwldeppc.exe Linker Warning:
#   Section '.ignored' is unknown. Section ignored.
### mwldeppc.exe Linker Warning:
#   Section '.ignored' is unknown. Section ignored.
### mwldeppc.exe Linker Warning:
#   Section '.ignored' is unknown. Section ignored.
### mwldeppc.exe Linker Warning:
#   Section '.ignored' is unknown. Section ignored.
### mwldeppc.exe Linker Warning:
#   Section '.ignored' is unknown. Section ignored.
### mwldeppc.exe Linker Warning:
#   Section '.ignored' is unknown. Section ignored.
### mwldeppc.exe Linker Warning:
#   Section '.ignored' is unknown. Section ignored.
### mwldeppc.exe Linker Warning:
#   Section '.ignored' is unknown. Section ignored.
### mwldeppc.exe Linker Warning:
#   Section '.ignored' is unknown. Section ignored.
### mwldeppc.exe Linker Warning:
#   Section '.ignored' is unknown. Section ignored.
### mwldeppc.exe Linker Warning:
#   Section '.ignored' is unknown. Section ignored.
### mwldeppc.exe Linker Warning:
#   Section '.ignored' is unknown. Section ignored.
### mwldeppc.exe Linker Warning:
#   Section '.ignored' is unknown. Section ignored.
### mwldeppc.exe Linker Warning:
#   Section '.ignored' is unknown. Section ignored.
### mwldeppc.exe Linker Warning:
#   Section '.ignored' is unknown. Section ignored.
### mwldeppc.exe Linker Warning:
#   Section '.ignored' is unknown. Section ignored.
### mwldeppc.exe Linker Warning:
#   Section '.ignored' is unknown. Section ignored.
### mwldeppc.exe Linker Warning:
#   Section '.ignored' is unknown. Section ignored.
### mwldeppc.exe Linker Warning:
#   Section '.ignored' is unknown. Section ignored.
### mwldeppc.exe Linker Warning:
#   Section '.ignored' is unknown. Section ignored.
### mwldeppc.exe Linker Warning:
#   Section '.ignored' is unknown. Section ignored.
### mwldeppc.exe Linker Warning:
#   Section '.ignored' is unknown. Section ignored.
### mwldeppc.exe Linker Warning:
#   Section '.ignored' is unknown. Section ignored.
### mwldeppc.exe Linker Warning:
#   Section '.ignored' is unknown. Section ignored.
[961/964] DOL build/GEDE01/main.dol
[962/964] CHECK config/GEDE01/build.sha1
build/GEDE01/main.dol: OK
[963/964] PROGRESS
Progress:
  All: 61.18% fuzzy, 52.03% matched, 51.95% linked (6402 / 7096 files)
    Code: 1196956 / 2300692 bytes (6169 / 8214 functions)
    Data: 39886 / 4305642 bytes (0.93%)
  Game Code: 98.04% fuzzy, 83.34% matched, 83.22% linked (6384 / 6660 files)
    Code: 1193928 / 1432568 bytes (6107 / 6381 functions)
    Data: 39662 / 40542 bytes (97.83%)
  SDK/Runtime: 100.00% fuzzy, 100.00% matched, 100.00% linked (18 / 18 files)
    Code: 3028 / 3028 bytes (62 / 62 functions)
    Data: 224 / 224 bytes (100.00%)

Script done on 2026-09-30 13:35:08-04:00 [COMMAND_EXIT_CODE="0"]
