$ .tools/bin/ninja -j2
[1/963] MWCC build/GEDE01/src/game/game_fn_80008014.o
[2/963] MWCC build/GEDE01/src/game/game_fn_800094C0.o
[3/963] MWCC build/GEDE01/src/game/game_fn_800096E0.o
[4/963] MWCC build/GEDE01/src/game/game_fn_800098C0.o
[5/963] MWCC build/GEDE01/src/game/game_fn_800099D8.o
[6/963] MWCC build/GEDE01/src/game/game_fn_80009AB4.o
[7/963] MWCC build/GEDE01/src/game/game_fn_8000A26C.o
[8/963] MWCC build/GEDE01/src/game/game_fn_8000AC88.o
[9/963] MWCC build/GEDE01/src/game/game_fn_8000AEB4.o
[10/963] MWCC build/GEDE01/src/game/game_fn_8000AFB4.o
[11/963] MWCC build/GEDE01/src/game/game_fn_8000B1B8.o
[12/963] MWCC build/GEDE01/src/game/game_fn_8000B36C.o
[13/963] MWCC build/GEDE01/src/game/game_fn_8000B630.o
[14/963] MWCC build/GEDE01/src/game/game_fn_8000B7FC.o
[15/963] MWCC build/GEDE01/src/game/game_fn_8000B900.o
[16/963] MWCC build/GEDE01/src/game/game_fn_8000BA0C.o
[17/963] MWCC build/GEDE01/src/game/game_fn_8000BAA0.o
[18/963] MWCC build/GEDE01/src/game/game_fn_8000BC40.o
[19/963] MWCC build/GEDE01/src/game/game_fn_8000C06C.o
[20/963] MWCC build/GEDE01/src/game/game_fn_8000C17C.o
[21/963] MWCC build/GEDE01/src/game/game_fn_8000C400.o
[22/963] MWCC build/GEDE01/src/game/game_fn_8000C848.o
[23/963] MWCC build/GEDE01/src/game/game_fn_8000C91C.o
[24/963] MWCC build/GEDE01/src/game/game_fn_8000D0BC.o
[25/963] MWCC build/GEDE01/src/game/game_fn_8000D3D4.o
[26/963] MWCC build/GEDE01/src/game/game_fn_8000D590.o
[27/963] MWCC build/GEDE01/src/game/game_fn_8000D8A4.o
[28/963] MWCC build/GEDE01/src/game/game_fn_8000DA50.o
[29/963] MWCC build/GEDE01/src/game/game_fn_8000DAF4.o
[30/963] MWCC build/GEDE01/src/game/game_fn_8000E054.o
[31/963] MWCC build/GEDE01/src/game/game_fn_8000E0AC.o
[32/963] MWCC build/GEDE01/src/game/game_fn_8000E138.o
[33/963] MWCC build/GEDE01/src/game/game_fn_8000E1C4.o
[34/963] MWCC build/GEDE01/src/game/game_fn_8000E96C.o
[35/963] MWCC build/GEDE01/src/game/game_fn_8000EB14.o
[36/963] MWCC build/GEDE01/src/game/game_fn_8000EBD4.o
[37/963] MWCC build/GEDE01/src/game/game_fn_8000ED44.o
[38/963] MWCC build/GEDE01/src/game/game_fn_8000EFC4.o
[39/963] MWCC build/GEDE01/src/game/game_fn_8000F4B0.o
[40/963] MWCC build/GEDE01/src/game/game_fn_8000F774.o
[41/963] MWCC build/GEDE01/src/game/game_fn_8000FDE8.o
[42/963] MWCC build/GEDE01/src/game/game_fn_8000FFD8.o
[43/963] MWCC build/GEDE01/src/game/game_fn_800119FC.o
[44/963] MWCC build/GEDE01/src/game/game_fn_80012DA8.o
[45/963] MWCC build/GEDE01/src/game/game_fn_80012F40.o
[46/963] MWCC build/GEDE01/src/game/game_fn_800131E8.o
[47/963] MWCC build/GEDE01/src/game/game_fn_80012FD0.o
[48/963] MWCC build/GEDE01/src/game/game_fn_80013340.o
[49/963] MWCC build/GEDE01/src/game/game_fn_80013870.o
[50/963] MWCC build/GEDE01/src/game/game_fn_80013CB0.o
[51/963] MWCC build/GEDE01/src/game/game_fn_80013D54.o
[52/963] MWCC build/GEDE01/src/game/game_fn_800142DC.o
[53/963] MWCC build/GEDE01/src/game/game_fn_800144CC.o
[54/963] MWCC build/GEDE01/src/game/game_fn_80014784.o
[55/963] MWCC build/GEDE01/src/game/game_fn_800149D4.o
[56/963] MWCC build/GEDE01/src/game/game_fn_80015058.o
[57/963] MWCC build/GEDE01/src/game/game_fn_80015320.o
[58/963] MWCC build/GEDE01/src/game/game_fn_80015568.o
[59/963] MWCC build/GEDE01/src/game/game_fn_800156FC.o
[60/963] MWCC build/GEDE01/src/game/game_fn_80015BE0.o
[61/963] MWCC build/GEDE01/src/game/game_fn_80015D40.o
[62/963] MWCC build/GEDE01/src/game/game_fn_80015F04.o
[63/963] MWCC build/GEDE01/src/game/game_fn_80016128.o
[64/963] MWCC build/GEDE01/src/game/game_fn_80016270.o
[65/963] MWCC build/GEDE01/src/game/game_fn_80016904.o
[66/963] MWCC build/GEDE01/src/game/game_fn_80016B24.o
[67/963] MWCC build/GEDE01/src/game/game_fn_800171C0.o
[68/963] MWCC build/GEDE01/src/game/game_fn_800173CC.o
[69/963] MWCC build/GEDE01/src/game/game_fn_800176F0.o
[70/963] MWCC build/GEDE01/src/game/game_fn_80017910.o
[71/963] MWCC build/GEDE01/src/game/game_fn_800179AC.o
[72/963] MWCC build/GEDE01/src/game/game_fn_80017A3C.o
[73/963] MWCC build/GEDE01/src/game/game_fn_80017AE4.o
[74/963] MWCC build/GEDE01/src/game/game_fn_80017C3C.o
[75/963] MWCC build/GEDE01/src/game/game_fn_80017CC8.o
[76/963] MWCC build/GEDE01/src/game/game_fn_80017DB0.o
[77/963] MWCC build/GEDE01/src/game/game_fn_80018EF4.o
[78/963] MWCC build/GEDE01/src/game/game_fn_80019054.o
[79/963] MWCC build/GEDE01/src/game/game_fn_80019244.o
[80/963] MWCC build/GEDE01/src/game/game_fn_800194D0.o
[81/963] MWCC build/GEDE01/src/game/game_fn_80019940.o
[82/963] MWCC build/GEDE01/src/game/game_fn_80019C10.o
[83/963] MWCC build/GEDE01/src/game/game_fn_80019D2C.o
[84/963] MWCC build/GEDE01/src/game/game_fn_80019F98.o
[85/963] MWCC build/GEDE01/src/game/game_fn_8001A6C4.o
[86/963] MWCC build/GEDE01/src/game/game_fn_8001AAB8.o
[87/963] MWCC build/GEDE01/src/game/game_fn_8001ADF8.o
[88/963] MWCC build/GEDE01/src/game/game_fn_8001AF68.o
[89/963] MWCC build/GEDE01/src/game/game_fn_8001B124.o
[90/963] MWCC build/GEDE01/src/game/game_fn_8001B294.o
[91/963] MWCC build/GEDE01/src/game/game_fn_8001B808.o
[92/963] MWCC build/GEDE01/src/game/game_fn_8001B874.o
[93/963] MWCC build/GEDE01/src/game/game_fn_8001C078.o
[94/963] MWCC build/GEDE01/src/game/game_fn_8001CA04.o
[95/963] MWCC build/GEDE01/src/game/game_fn_8001CE94.o
[96/963] MWCC build/GEDE01/src/game/game_fn_8001CD58.o
[97/963] MWCC build/GEDE01/src/game/game_fn_8001E644.o
[98/963] MWCC build/GEDE01/src/game/game_fn_8001FE1C.o
[99/963] MWCC build/GEDE01/src/game/game_fn_80020E94.o
[100/963] MWCC build/GEDE01/src/game/game_fn_80024F28.o
[101/963] MWCC build/GEDE01/src/game/game_fn_800272B4.o
[102/963] MWCC build/GEDE01/src/game/game_fn_8002B748.o
[103/963] MWCC build/GEDE01/src/game/game_fn_8002DAE0.o
[104/963] MWCC build/GEDE01/src/game/game_fn_8002E3F0.o
[105/963] MWCC build/GEDE01/src/game/game_fn_8002F428.o
[106/963] MWCC build/GEDE01/src/game/game_fn_8002EA68.o
[107/963] MWCC build/GEDE01/src/game/game_fn_8003232C.o
[108/963] MWCC build/GEDE01/src/game/game_fn_80031544.o
[109/963] MWCC build/GEDE01/src/game/game_fn_80033038.o
[110/963] MWCC build/GEDE01/src/game/game_fn_80032B84.o
[111/963] MWCC build/GEDE01/src/game/game_fn_80033180.o
[112/963] MWCC build/GEDE01/src/game/game_fn_800359A0.o
[113/963] MWCC build/GEDE01/src/game/game_fn_800361F8.o
[114/963] MWCC build/GEDE01/src/game/game_fn_80036C40.o
[115/963] MWCC build/GEDE01/src/game/game_fn_80038878.o
[116/963] MWCC build/GEDE01/src/game/game_fn_80048ADC.o
[117/963] MWCC build/GEDE01/src/game/game_fn_80048B24.o
[118/963] MWCC build/GEDE01/src/game/game_fn_8004998C.o
[119/963] MWCC build/GEDE01/src/game/game_fn_80050B08.o
[120/963] MWCC build/GEDE01/src/game/game_fn_80052310.o
[121/963] MWCC build/GEDE01/src/game/game_fn_800542D0.o
[122/963] MWCC build/GEDE01/src/game/game_fn_8005EC6C.o
[123/963] MWCC build/GEDE01/src/game/game_fn_8005EE9C.o
[124/963] MWCC build/GEDE01/src/game/game_fn_8005EF94.o
[125/963] MWCC build/GEDE01/src/game/game_data_80239E10.o
[126/963] MWCC build/GEDE01/src/game/game_data_80239E18.o
[127/963] MWCC build/GEDE01/src/game/game_fn_8005FD84.o
[128/963] MWCC build/GEDE01/src/game/game_fn_80066888.o
[129/963] MWCC build/GEDE01/src/game/game_fn_80066E78.o
[130/963] MWCC build/GEDE01/src/game/game_fn_8006B0F0.o
[131/963] MWCC build/GEDE01/src/game/game_fn_8006B620.o
[132/963] MWCC build/GEDE01/src/game/game_fn_8006E53C.o
[133/963] MWCC build/GEDE01/src/game/game_fn_80071A58.o
[134/963] MWCC build/GEDE01/src/game/game_fn_80074310.o
[135/963] MWCC build/GEDE01/src/game/game_fn_80078500.o
[136/963] MWCC build/GEDE01/src/game/game_fn_80079908.o
[137/963] MWCC build/GEDE01/src/game/game_fn_80079AA4.o
[138/963] MWCC build/GEDE01/src/game/game_fn_8007B2F4.o
[139/963] MWCC build/GEDE01/src/game/game_fn_8007B540.o
[140/963] MWCC build/GEDE01/src/game/game_fn_8007B640.o
[141/963] MWCC build/GEDE01/src/game/game_fn_8007B828.o
[142/963] MWCC build/GEDE01/src/game/game_fn_8007BA3C.o
[143/963] MWCC build/GEDE01/src/game/game_fn_8007D4D8.o
[144/963] MWCC build/GEDE01/src/game/game_fn_8007F770.o
[145/963] MWCC build/GEDE01/src/game/game_fn_80088060.o
[146/963] MWCC build/GEDE01/src/game/game_fn_800886D8.o
[147/963] MWCC build/GEDE01/src/game/game_fn_80088F4C.o
[148/963] MWCC build/GEDE01/src/game/game_fn_80089A34.o
[149/963] MWCC build/GEDE01/src/game/game_fn_8008A2E0.o
[150/963] MWCC build/GEDE01/src/game/game_fn_8008F224.o
[151/963] MWCC build/GEDE01/src/game/game_fn_8008F890.o
[152/963] MWCC build/GEDE01/src/game/game_fn_80090004.o
[153/963] MWCC build/GEDE01/src/game/game_fn_800934A0.o
[154/963] MWCC build/GEDE01/src/game/game_fn_80095D10.o
[155/963] MWCC build/GEDE01/src/game/game_fn_80095E64.o
[156/963] MWCC build/GEDE01/src/game/game_fn_80095FDC.o
[157/963] MWCC build/GEDE01/src/game/game_fn_80096830.o
[158/963] MWCC build/GEDE01/src/game/game_fn_8009C424.o
[159/963] MWCC build/GEDE01/src/game/game_fn_8009E808.o
[160/963] MWCC build/GEDE01/src/game/game_fn_800A2130.o
[161/963] MWCC build/GEDE01/src/game/game_fn_800A2B8C.o
[162/963] MWCC build/GEDE01/src/game/game_fn_800A2FCC.o
[163/963] MWCC build/GEDE01/src/game/game_fn_800A3180.o
[164/963] MWCC build/GEDE01/src/game/game_fn_800A3894.o
[165/963] MWCC build/GEDE01/src/game/game_fn_800A4428.o
[166/963] MWCC build/GEDE01/src/game/game_fn_800A4798.o
[167/963] MWCC build/GEDE01/src/game/game_fn_800A7E88.o
[168/963] MWCC build/GEDE01/src/game/game_fn_800AF230.o
[169/963] MWCC build/GEDE01/src/game/game_fn_800B2EC0.o
[170/963] MWCC build/GEDE01/src/game/game_fn_800BB5C4.o
[171/963] MWCC build/GEDE01/src/game/game_fn_800BB7A8.o
[172/963] MWCC build/GEDE01/src/game/game_fn_800BB9A4.o
[173/963] MWCC build/GEDE01/src/game/game_fn_800BBAF0.o
[174/963] MWCC build/GEDE01/src/game/game_fn_800C030C.o
[175/963] MWCC build/GEDE01/src/game/game_fn_800C17EC.o
[176/963] MWCC build/GEDE01/src/game/game_fn_800C59F0.o
[177/963] MWCC build/GEDE01/src/game/game_fn_800C644C.o
[178/963] MWCC build/GEDE01/src/game/game_fn_800C65FC.o
[179/963] MWCC build/GEDE01/src/game/game_fn_800C9C60.o
[180/963] MWCC build/GEDE01/src/game/game_fn_800CB760.o
[181/963] MWCC build/GEDE01/src/game/game_fn_800CB8F4.o
[182/963] MWCC build/GEDE01/src/game/game_fn_800CF598.o
[183/963] MWCC build/GEDE01/src/game/game_fn_800D9064.o
[184/963] MWCC build/GEDE01/src/game/game_fn_800D9E10.o
[185/963] MWCC build/GEDE01/src/game/game_fn_800DC4D4.o
[186/963] MWCC build/GEDE01/src/game/game_fn_800E4980.o
[187/963] MWCC build/GEDE01/src/game/game_TRKNubWelcome.o
[188/963] MWCC build/GEDE01/src/game/game_TRK_main.o
[189/963] MWCC build/GEDE01/src/game/game_InitMetroTRKCommTable.o
[190/963] MWCC build/GEDE01/src/game/game_fn_800FD0C8.o
[191/963] MWCC build/GEDE01/src/game/game_fn_8010242C.o
[192/963] MWCC build/GEDE01/src/game/game_fn_801098C0.o
[193/963] MWCC build/GEDE01/src/game/game_fn_8010F184.o
[194/963] MWCC build/GEDE01/src/game/game_fn_801126E0.o
[195/963] MWCC build/GEDE01/src/game/game_fn_801128E4.o
[196/963] MWCC build/GEDE01/src/game/game_fn_801141B8.o
[197/963] MWCC build/GEDE01/src/game/game_fn_80119C70.o
[198/963] MWCC build/GEDE01/src/game/game_fn_8011F140.o
[199/963] MWCC build/GEDE01/src/game/game_fn_8011EE04.o
[200/963] MWCC build/GEDE01/src/game/game_fn_80126A00.o
[201/963] MWCC build/GEDE01/src/game/game_fn_801247F8.o
[202/963] MWCC build/GEDE01/src/game/game_fn_8012976C.o
[203/963] MWCC build/GEDE01/src/game/game_fn_8012DB28.o
[204/963] MWCC build/GEDE01/src/game/game_fn_8013CBE4.o
[205/963] MWCC build/GEDE01/src/game/game_fn_8013D6A4.o
[206/963] MWCC build/GEDE01/src/game/game_fn_8013DB8C.o
[207/963] MWCC build/GEDE01/src/game/game_fn_8014549C.o
[208/963] MWCC build/GEDE01/src/game/game_fn_8014AF38.o
[209/963] MWCC build/GEDE01/src/game/game_fn_8014B494.o
[210/963] MWCC build/GEDE01/src/game/game_fn_8014BA14.o
[211/963] MWCC build/GEDE01/src/game/game_fn_8014CA98.o
[212/963] MWCC build/GEDE01/src/game/game_fn_80150400.o
[213/963] MWCC build/GEDE01/src/game/game_fn_80150A24.o
[214/963] MWCC build/GEDE01/src/game/game_fn_80150F20.o
[215/963] MWCC build/GEDE01/src/game/game_fn_80151600.o
[216/963] MWCC build/GEDE01/src/game/game_fn_80151D00.o
[217/963] MWCC build/GEDE01/src/game/game_fn_801535D8.o
[218/963] MWCC build/GEDE01/src/game/game_fn_80153898.o
[219/963] MWCC build/GEDE01/src/game/game_fn_80153A24.o
[220/963] MWCC build/GEDE01/src/game/game_fn_80154F74.o
[221/963] MWCC build/GEDE01/src/game/game_fn_80155814.o
[222/963] MWCC build/GEDE01/src/game/game_fn_80157C0C.o
[223/963] MWCC build/GEDE01/src/game/game_fn_80158B20.o
[224/963] MWCC build/GEDE01/src/game/game_fn_80158D38.o
[225/963] MWCC build/GEDE01/src/game/game_fn_8015DB84.o
[226/963] MWCC build/GEDE01/src/game/game_fn_8015DC54.o
[227/963] MWCC build/GEDE01/src/game/game_fn_8015EDC0.o
[228/963] MWCC build/GEDE01/src/game/game_fn_80167454.o
[229/963] MWCC build/GEDE01/src/game/game_fn_80167B5C.o
[230/963] MWCC build/GEDE01/src/game/game_fn_80169650.o
[231/963] MWCC build/GEDE01/src/game/game_fn_8016BD0C.o
[232/963] MWCC build/GEDE01/src/game/game_fn_8016BE1C.o
[233/963] MWCC build/GEDE01/src/game/game_fn_8016BF60.o
[234/963] MWCC build/GEDE01/src/game/game_fn_8016C0BC.o
[235/963] MWCC build/GEDE01/src/game/game_fn_8016C164.o
[236/963] MWCC build/GEDE01/src/game/game_fn_8016C238.o
[237/963] MWCC build/GEDE01/src/game/game_fn_8016C4BC.o
[238/963] MWCC build/GEDE01/src/game/game_fn_8016C774.o
[239/963] MWCC build/GEDE01/src/game/game_fn_8016D040.o
[240/963] MWCC build/GEDE01/src/game/game_fn_8016D1F8.o
[241/963] MWCC build/GEDE01/src/game/game_fn_8016D2B8.o
[242/963] MWCC build/GEDE01/src/game/game_fn_8016D9C0.o
[243/963] MWCC build/GEDE01/src/game/game_fn_8016DF4C.o
[244/963] MWCC build/GEDE01/src/game/game_fn_8016E8F8.o
[245/963] MWCC build/GEDE01/src/game/game_fn_8016FEF8.o
[246/963] MWCC build/GEDE01/src/game/game_fn_8017038C.o
[247/963] MWCC build/GEDE01/src/game/game_fn_801704F8.o
[248/963] MWCC build/GEDE01/src/game/game_fn_801706DC.o
[249/963] MWCC build/GEDE01/src/game/game_fn_80170A40.o
[250/963] MWCC build/GEDE01/src/game/game_fn_80170DF4.o
[251/963] MWCC build/GEDE01/src/game/game_fn_80170E9C.o
[252/963] MWCC build/GEDE01/src/game/game_fn_8017138C.o
[253/963] MWCC build/GEDE01/src/game/game_fn_80171664.o
[254/963] MWCC build/GEDE01/src/game/game_fn_801718F4.o
[255/963] MWCC build/GEDE01/src/game/game_fn_801719B4.o
[256/963] MWCC build/GEDE01/src/game/game_fn_80171F30.o
[257/963] MWCC build/GEDE01/src/game/game_fn_801726EC.o
[258/963] MWCC build/GEDE01/src/game/game_fn_8017250C.o
[259/963] MWCC build/GEDE01/src/game/game_fn_80172BB0.o
[260/963] MWCC build/GEDE01/src/game/game_fn_80172C78.o
[261/963] MWCC build/GEDE01/src/game/game_fn_80172DB8.o
[262/963] MWCC build/GEDE01/src/game/game_fn_80173270.o
[263/963] MWCC build/GEDE01/src/game/game_fn_80173770.o
[264/963] MWCC build/GEDE01/src/game/game_fn_801734B4.o
[265/963] MWCC build/GEDE01/src/game/game_fn_80173BDC.o
[266/963] MWCC build/GEDE01/src/game/game_fn_80173D44.o
[267/963] MWCC build/GEDE01/src/game/game_fn_80174184.o
[268/963] MWCC build/GEDE01/src/game/game_fn_80173F04.o
[269/963] MWCC build/GEDE01/src/game/game_fn_80174358.o
[270/963] MWCC build/GEDE01/src/game/game_fn_80174F2C.o
[271/963] MWCC build/GEDE01/src/game/game_fn_801752B0.o
[272/963] MWCC build/GEDE01/src/game/game_fn_8017553C.o
[273/963] MWCC build/GEDE01/src/game/game_fn_80175A08.o
[274/963] MWCC build/GEDE01/src/game/game_fn_80175E64.o
[275/963] MWCC build/GEDE01/src/game/game_fn_80175F0C.o
[276/963] MWCC build/GEDE01/src/game/game_fn_80175FD4.o
[277/963] MWCC build/GEDE01/src/game/game_fn_80176098.o
[278/963] MWCC build/GEDE01/src/game/game_fn_80176160.o
[279/963] MWCC build/GEDE01/src/game/game_fn_80176220.o
[280/963] MWCC build/GEDE01/src/game/game_fn_801762E8.o
[281/963] MWCC build/GEDE01/src/game/game_fn_8017652C.o
[282/963] MWCC build/GEDE01/src/game/game_fn_80176DF4.o
[283/963] MWCC build/GEDE01/src/game/game_fn_80176FA0.o
[284/963] MWCC build/GEDE01/src/game/game_fn_801770F8.o
[285/963] MWCC build/GEDE01/src/game/game_fn_8017718C.o
[286/963] MWCC build/GEDE01/src/game/game_fn_80177434.o
[287/963] MWCC build/GEDE01/src/game/game_fn_80178F88.o
[288/963] MWCC build/GEDE01/src/game/game_fn_80179398.o
[289/963] MWCC build/GEDE01/src/game/game_fn_8017960C.o
[290/963] MWCC build/GEDE01/src/game/game_fn_8017974C.o
[291/963] MWCC build/GEDE01/src/game/game_fn_80179904.o
[292/963] MWCC build/GEDE01/src/game/game_fn_80179A18.o
[293/963] MWCC build/GEDE01/src/game/game_fn_80179A74.o
[294/963] MWCC build/GEDE01/src/game/game_fn_80179EB8.o
[295/963] MWCC build/GEDE01/src/game/game_fn_80179F20.o
[296/963] MWCC build/GEDE01/src/game/game_fn_8017A010.o
[297/963] MWCC build/GEDE01/src/game/game_fn_8017A12C.o
[298/963] MWCC build/GEDE01/src/game/game_fn_8017A1C0.o
[299/963] MWCC build/GEDE01/src/game/game_fn_8017A9B8.o
[300/963] MWCC build/GEDE01/src/game/game_fn_8017AC20.o
[301/963] MWCC build/GEDE01/src/game/game_fn_8017E850.o
[302/963] MWCC build/GEDE01/src/game/game_fn_8017E958.o
[303/963] MWCC build/GEDE01/src/game/game_fn_80180DDC.o
[304/963] MWCC build/GEDE01/src/game/game_fn_801810A0.o
[305/963] MWCC build/GEDE01/src/game/game_fn_801816D4.o
[306/963] MWCC build/GEDE01/src/game/game_fn_801859FC.o
[307/963] MWCC build/GEDE01/src/game/game_fn_801857B4.o
[308/963] MWCC build/GEDE01/src/game/game_fn_80185AE8.o
[309/963] MWCC build/GEDE01/src/game/game_fn_80185F10.o
[310/963] MWCC build/GEDE01/src/game/game_fn_801861C4.o
[311/963] MWCC build/GEDE01/src/game/game_fn_801865EC.o
[312/963] MWCC build/GEDE01/src/game/game_fn_8018680C.o
[313/963] MWCC build/GEDE01/src/game/game_fn_80186E10.o
[314/963] MWCC build/GEDE01/src/game/game_fn_80186F70.o
[315/963] MWCC build/GEDE01/src/game/game_fn_80187120.o
[316/963] MWCC build/GEDE01/src/game/game_fn_80187320.o
[317/963] MWCC build/GEDE01/src/game/game_fn_801875FC.o
[318/963] MWCC build/GEDE01/src/game/game_fn_801878E0.o
[319/963] MWCC build/GEDE01/src/game/game_fn_80187BB4.o
[320/963] MWCC build/GEDE01/src/game/game_fn_80187E40.o
[321/963] MWCC build/GEDE01/src/game/game_fn_80188A7C.o
[322/963] MWCC build/GEDE01/src/game/game_fn_80188B44.o
[323/963] MWCC build/GEDE01/src/game/game_fn_80188C1C.o
[324/963] MWCC build/GEDE01/src/game/game_fn_80188E28.o
[325/963] MWCC build/GEDE01/src/game/game_fn_80189028.o
[326/963] MWCC build/GEDE01/src/game/game_fn_801891D8.o
[327/963] MWCC build/GEDE01/src/game/game_fn_80189390.o
[328/963] MWCC build/GEDE01/src/game/game_fn_801895E8.o
[329/963] MWCC build/GEDE01/src/game/game_fn_801896A0.o
[330/963] MWCC build/GEDE01/src/game/game_fn_80189760.o
[331/963] MWCC build/GEDE01/src/game/game_fn_80189968.o
[332/963] MWCC build/GEDE01/src/game/game_fn_80189C14.o
[333/963] MWCC build/GEDE01/src/game/game_fn_8018C2D0.o
[334/963] MWCC build/GEDE01/src/game/game_fn_8018D1F0.o
[335/963] MWCC build/GEDE01/src/game/game_fn_8018D2E0.o
[336/963] MWCC build/GEDE01/src/game/game_fn_8018D400.o
[337/963] MWCC build/GEDE01/src/game/game_fn_8018D688.o
[338/963] MWCC build/GEDE01/src/game/game_fn_8018DC24.o
[339/963] MWCC build/GEDE01/src/game/game_fn_8018E0D8.o
[340/963] MWCC build/GEDE01/src/game/game_fn_8018F1D0.o
[341/963] MWCC build/GEDE01/src/game/game_fn_8018F81C.o
[342/963] MWCC build/GEDE01/src/game/game_fn_8018FEDC.o
[343/963] MWCC build/GEDE01/src/game/game_fn_8019120C.o
[344/963] MWCC build/GEDE01/src/game/game_fn_80191360.o
[345/963] MWCC build/GEDE01/src/game/game_fn_801916D0.o
[346/963] MWCC build/GEDE01/src/game/game_fn_8019197C.o
[347/963] MWCC build/GEDE01/src/game/game_fn_80191F58.o
[348/963] MWCC build/GEDE01/src/game/game_fn_801926EC.o
[349/963] MWCC build/GEDE01/src/game/game_fn_801929A4.o
[350/963] MWCC build/GEDE01/src/game/game_fn_80192F54.o
[351/963] MWCC build/GEDE01/src/game/game_fn_801931C4.o
[352/963] MWCC build/GEDE01/src/game/game_fn_80193E1C.o
[353/963] MWCC build/GEDE01/src/game/game_fn_80193F3C.o
[354/963] MWCC build/GEDE01/src/game/game_fn_80194F80.o
[355/963] MWCC build/GEDE01/src/game/game_fn_801952E8.o
[356/963] MWCC build/GEDE01/src/game/game_fn_80197910.o
[357/963] MWCC build/GEDE01/src/game/game_fn_80198154.o
[358/963] MWCC build/GEDE01/src/game/game_fn_80198AAC.o
[359/963] MWCC build/GEDE01/src/game/game_fn_80198BF4.o
[360/963] MWCC build/GEDE01/src/game/game_fn_801991E0.o
[361/963] MWCC build/GEDE01/src/game/game_fn_8019B1BC.o
[362/963] MWCC build/GEDE01/src/game/game_fn_8019CC28.o
[363/963] MWCC build/GEDE01/src/game/game_fn_8019CFC4.o
[364/963] MWCC build/GEDE01/src/game/game_fn_8019E0B0.o
[365/963] MWCC build/GEDE01/src/game/game_fn_8019E5E4.o
[366/963] MWCC build/GEDE01/src/game/game_fn_8019E8C8.o
[367/963] MWCC build/GEDE01/src/game/game_fn_801A1F18.o
[368/963] MWCC build/GEDE01/src/game/game_fn_801A1F8C.o
[369/963] MWCC build/GEDE01/src/game/game_fn_801A260C.o
[370/963] MWCC build/GEDE01/src/game/game_fn_801A2A54.o
[371/963] MWCC build/GEDE01/src/game/game_fn_801A34BC.o
[372/963] MWCC build/GEDE01/src/game/game_fn_801A3A78.o
[373/963] MWCC build/GEDE01/src/game/game_fn_801A4430.o
[374/963] MWCC build/GEDE01/src/game/game_fn_801A4CE0.o
[375/963] MWCC build/GEDE01/src/game/game_fn_801A5FB0.o
[376/963] MWCC build/GEDE01/src/game/game_fn_801A6350.o
[377/963] MWCC build/GEDE01/src/game/game_fn_801A6410.o
[378/963] MWCC build/GEDE01/src/game/game_fn_801A657C.o
[379/963] MWCC build/GEDE01/src/game/game_fn_801A6ADC.o
[380/963] MWCC build/GEDE01/src/game/game_fn_801A6C58.o
[381/963] MWCC build/GEDE01/src/game/game_fn_801A6CB4.o
[382/963] MWCC build/GEDE01/src/game/game_fn_801A7E04.o
[383/963] MWCC build/GEDE01/src/game/game_fn_801A7EA8.o
[384/963] MWCC build/GEDE01/src/game/game_fn_801A93E8.o
[385/963] MWCC build/GEDE01/src/game/game_fn_801AB154.o
[386/963] MWCC build/GEDE01/src/game/game_fn_801ABD3C.o
[387/963] MWCC build/GEDE01/src/game/game_fn_801AC8AC.o
[388/963] MWCC build/GEDE01/src/game/game_fn_801ACFE8.o
[389/963] MWCC build/GEDE01/src/game/game_fn_801AD08C.o
[390/963] MWCC build/GEDE01/src/game/game_fn_801AFA74.o
[391/963] MWCC build/GEDE01/src/game/game_fn_801B02F0.o
[392/963] MWCC build/GEDE01/src/game/game_fn_801B1BA0.o
[393/963] MWCC build/GEDE01/src/game/game_fn_801B35BC.o
[394/963] MWCC build/GEDE01/src/game/game_fn_801B46C8.o
[395/963] MWCC build/GEDE01/src/game/game_fn_801B4FB4.o
[396/963] MWCC build/GEDE01/src/game/game_fn_801B5228.o
[397/963] MWCC build/GEDE01/src/game/game_fn_801B58F0.o
[398/963] MWCC build/GEDE01/src/game/game_fn_801B6F1C.o
[399/963] MWCC build/GEDE01/src/game/game_fn_801B86C0.o
[400/963] MWCC build/GEDE01/src/game/game_fn_801B941C.o
[401/963] MWCC build/GEDE01/src/game/game_fn_801B9E7C.o
[402/963] MWCC build/GEDE01/src/game/game_fn_801BA15C.o
[403/963] MWCC build/GEDE01/src/game/game_fn_801BA708.o
[404/963] MWCC build/GEDE01/src/game/game_fn_801BA94C.o
[405/963] MWCC build/GEDE01/src/game/game_fn_801BB1A0.o
[406/963] MWCC build/GEDE01/src/game/game_fn_801BC0D4.o
[407/963] MWCC build/GEDE01/src/game/game_fn_801BC240.o
[408/963] MWCC build/GEDE01/src/game/game_fn_801BC8F4.o
[409/963] MWCC build/GEDE01/src/game/game_fn_801BCC04.o
[410/963] MWCC build/GEDE01/src/game/game_fn_801BD990.o
[411/963] MWCC build/GEDE01/src/game/game_fn_801BDE7C.o
[412/963] MWCC build/GEDE01/src/game/game_fn_801BE0D4.o
[413/963] MWCC build/GEDE01/src/game/game_fn_801BEF40.o
[414/963] MWCC build/GEDE01/src/game/game_fn_801C1CB0.o
[415/963] MWCC build/GEDE01/src/game/game_fn_801C2980.o
[416/963] MWCC build/GEDE01/src/game/game_fn_801C29BC.o
[417/963] MWCC build/GEDE01/src/game/game_fn_801C2AAC.o
[418/963] MWCC build/GEDE01/src/game/game_fn_801C2D9C.o
[419/963] MWCC build/GEDE01/src/game/game_fn_801C8160.o
[420/963] MWCC build/GEDE01/src/game/game_fn_801C8224.o
[421/963] MWCC build/GEDE01/src/game/game_fn_801C4B5C.o
[422/963] MWCC build/GEDE01/src/game/game_fn_801C8600.o
[423/963] MWCC build/GEDE01/src/game/game_fn_801C87DC.o
[424/963] MWCC build/GEDE01/src/game/game_fn_801C8CC0.o
[425/963] MWCC build/GEDE01/src/game/game_fn_801C8F50.o
[426/963] MWCC build/GEDE01/src/game/game_fn_801C90A4.o
[427/963] MWCC build/GEDE01/src/game/game_fn_801C9510.o
[428/963] MWCC build/GEDE01/src/game/game_fn_801C970C.o
[429/963] MWCC build/GEDE01/src/game/game_fn_801C9A08.o
[430/963] MWCC build/GEDE01/src/game/game_fn_801C9B1C.o
[431/963] MWCC build/GEDE01/src/game/game_fn_801CB4F8.o
[432/963] MWCC build/GEDE01/src/game/game_fn_801CD228.o
[433/963] MWCC build/GEDE01/src/game/game_fn_801CE09C.o
[434/963] MWCC build/GEDE01/src/game/game_fn_801CE594.o
[435/963] MWCC build/GEDE01/src/game/game_fn_801D1B10.o
[436/963] MWCC build/GEDE01/src/game/game_fn_801D1F78.o
[437/963] MWCC build/GEDE01/src/game/game_fn_801D3988.o
[438/963] MWCC build/GEDE01/src/game/game_fn_801D73D0.o
[439/963] MWCC build/GEDE01/src/game/game_fn_801D76A8.o
[440/963] MWCC build/GEDE01/src/game/game_fn_801D7C24.o
[441/963] MWCC build/GEDE01/src/game/game_fn_801D8050.o
[442/963] MWCC build/GEDE01/src/game/game_fn_801D9FE4.o
[443/963] MWCC build/GEDE01/src/game/game_fn_801DDB84.o
[444/963] MWCC build/GEDE01/src/game/game_fn_801DE8B4.o
[445/963] MWCC build/GEDE01/src/game/game_fn_801E0088.o
[446/963] MWCC build/GEDE01/src/game/game_fn_801E2A48.o
[447/963] MWCC build/GEDE01/src/game/game_fn_801E3644.o
[448/963] MWCC build/GEDE01/src/game/game_fn_801E41AC.o
[449/963] MWCC build/GEDE01/src/game/game_fn_801E504C.o
[450/963] MWCC build/GEDE01/src/game/game_fn_801E6814.o
[451/963] MWCC build/GEDE01/src/game/game_fn_801E7014.o
[452/963] MWCC build/GEDE01/src/game/game_fn_801E995C.o
[453/963] MWCC build/GEDE01/src/game/game_fn_801EAA04.o
[454/963] MWCC build/GEDE01/src/game/game_fn_801EB09C.o
[455/963] MWCC build/GEDE01/src/game/game_fn_801EB11C.o
[456/963] MWCC build/GEDE01/src/game/game_fn_801ECD74.o
[457/963] MWCC build/GEDE01/src/game/game_fn_801ECF50.o
[458/963] MWCC build/GEDE01/src/game/game_fn_801ED5F4.o
[459/963] MWCC build/GEDE01/src/game/game_fn_801EF580.o
[460/963] MWCC build/GEDE01/src/game/game_fn_801EF910.o
[461/963] MWCC build/GEDE01/src/game/game_fn_801F0CB0.o
[462/963] MWCC build/GEDE01/src/game/game_fn_801F10BC.o
[463/963] MWCC build/GEDE01/src/game/game_fn_801F1A38.o
[464/963] MWCC build/GEDE01/src/game/game_fn_801F55A0.o
[465/963] MWCC build/GEDE01/src/game/game_fn_801F35A8.o
[466/963] MWCC build/GEDE01/src/game/game_fn_801F6BD8.o
[467/963] MWCC build/GEDE01/src/game/game_fn_801F69F0.o
[468/963] MWCC build/GEDE01/src/game/game_fn_801F76EC.o
[469/963] MWCC build/GEDE01/src/game/game_fn_801F7510.o
[470/963] MWCC build/GEDE01/src/game/game_fn_801F8264.o
[471/963] MWCC build/GEDE01/src/game/game_fn_801F89B4.o
[472/963] MWCC build/GEDE01/src/game/game_fn_801F8FAC.o
[473/963] MWCC build/GEDE01/src/game/game_fn_801F9AF8.o
[474/963] MWCC build/GEDE01/src/game/game_fn_801F9CF4.o
[475/963] MWCC build/GEDE01/src/game/game_fn_801FA9C8.o
[476/963] MWCC build/GEDE01/src/game/game_fn_801FB6A4.o
[477/963] MWCC build/GEDE01/src/game/game_fn_801FC034.o
[478/963] MWCC build/GEDE01/src/game/game_fn_801FC204.o
[479/963] MWCC build/GEDE01/src/game/game_fn_801FFE78.o
[480/963] EXTERNALIZE build/GEDE01/src/game/game_fn_800A2B8C.o
[481/963] EXTERNALIZE build/GEDE01/src/game/game_fn_801857B4.o
[482/963] EXTERNALIZE build/GEDE01/src/game/game_fn_800DC4D4.o
[483/963] EXTERNALIZE build/GEDE01/src/game/game_fn_80119C70.o
[484/963] EXTERNALIZE STATIC POOL build/GEDE01/src/game/game_fn_80088060.o
build/GEDE01/src/game/game_fn_80088060.o: lbl_8031D3B8 now undefined; section 3 emptied
[485/963] EXTERNALIZE build/GEDE01/src/game/game_fn_80175A08.o
[486/963] EXTERNALIZE build/GEDE01/src/game/game_fn_80066E78.o
[487/963] EXTERNALIZE build/GEDE01/src/game/game_fn_801247F8.o
[488/963] EXTERNALIZE build/GEDE01/src/game/game_fn_801EF910.o
[489/963] EXTERNALIZE build/GEDE01/src/game/game_fn_801ECF50.o
[490/963] EXTERNALIZE build/GEDE01/src/game/game_fn_801FC204.o
[491/963] EXTERNALIZE JUMPTABLES build/GEDE01/src/game/game_fn_80050B08.o
[492/963] EXTERNALIZE build/GEDE01/src/game/game_fn_801EB09C.o
[493/963] EXTERNALIZE build/GEDE01/src/game/game_fn_801EB11C.o
[494/963] EXTERNALIZE build/GEDE01/src/game/game_fn_801D9FE4.o
[495/963] EXTERNALIZE build/GEDE01/src/game/game_fn_801E41AC.o
[496/963] EXTERNALIZE build/GEDE01/src/game/game_fn_801D73D0.o
[497/963] EXTERNALIZE build/GEDE01/src/game/game_fn_801D76A8.o
[498/963] EXTERNALIZE build/GEDE01/src/game/game_fn_801D8050.o
[499/963] EXTERNALIZE build/GEDE01/src/game/game_fn_801D7C24.o
[500/963] EXTERNALIZE build/GEDE01/src/game/game_fn_8019B1BC.o
[501/963] EXTERNALIZE build/GEDE01/src/game/game_fn_80178F88.o
[502/963] EXTERNALIZE build/GEDE01/src/game/game_fn_801CD228.o
[503/963] EXTERNALIZE build/GEDE01/src/game/game_fn_801C970C.o
[504/963] EXTERNALIZE build/GEDE01/src/game/game_fn_801BA15C.o
[505/963] EXTERNALIZE build/GEDE01/src/game/game_fn_801C9510.o
[506/963] EXTERNALIZE build/GEDE01/src/game/game_fn_80126A00.o
[507/963] EXTERNALIZE build/GEDE01/src/game/game_fn_8013D6A4.o
[508/963] EXTERNALIZE build/GEDE01/src/game/game_fn_800C9C60.o
[509/963] EXTERNALIZE build/GEDE01/src/game/game_fn_801B4FB4.o
[510/963] EXTERNALIZE build/GEDE01/src/game/game_fn_801B5228.o
[511/963] EXTERNALIZE build/GEDE01/src/game/game_fn_801C87DC.o
[512/963] EXTERNALIZE build/GEDE01/src/game/game_fn_801B6F1C.o
[513/963] EXTERNALIZE build/GEDE01/src/game/game_fn_801C8CC0.o
[514/963] EXTERNALIZE build/GEDE01/src/game/game_fn_800FD0C8.o
[515/963] EXTERNALIZE build/GEDE01/src/game/game_fn_801BDE7C.o
[516/963] EXTERNALIZE build/GEDE01/src/game/game_fn_801BE0D4.o
[517/963] EXTERNALIZE STATIC POOL build/GEDE01/src/game/game_fn_801C9A08.o
build/GEDE01/src/game/game_fn_801C9A08.o: lbl_80629390 now undefined; section 3 emptied
[518/963] EXTERNALIZE build/GEDE01/src/game/game_fn_801B941C.o
[519/963] EXTERNALIZE STATIC POOL build/GEDE01/src/game/game_fn_801BD990.o
build/GEDE01/src/game/game_fn_801BD990.o: lbl_80626D80 now undefined; section 6 emptied
[520/963] EXTERNALIZE STATIC POOL build/GEDE01/src/game/game_fn_801C9B1C.o
build/GEDE01/src/game/game_fn_801C9B1C.o: lbl_80629390 now undefined; section 3 emptied
[521/963] EXTERNALIZE STATIC POOL build/GEDE01/src/game/game_fn_801B58F0.o
build/GEDE01/src/game/game_fn_801B58F0.o: lbl_8060C020 now undefined; section 3 emptied
[522/963] EXTERNALIZE STATIC POOL build/GEDE01/src/game/game_fn_801B9E7C.o
build/GEDE01/src/game/game_fn_801B9E7C.o: 0 relocation(s) moved from streamInfo to ...bss.0
build/GEDE01/src/game/game_fn_801B9E7C.o: lbl_8061AE48 now undefined; section 6 emptied
[523/963] EXTERNALIZE STATIC POOL build/GEDE01/src/game/game_fn_801BB1A0.o
build/GEDE01/src/game/game_fn_801BB1A0.o: 0 relocation(s) moved from streamInfo to ...bss.0
build/GEDE01/src/game/game_fn_801BB1A0.o: lbl_8061AE48 now undefined; section 6 emptied
[524/963] EXTERNALIZE STATIC POOL build/GEDE01/src/game/game_fn_801BA708.o
build/GEDE01/src/game/game_fn_801BA708.o: 0 relocation(s) moved from streamInfo to ...bss.0
build/GEDE01/src/game/game_fn_801BA708.o: lbl_8061AE48 now undefined; section 6 emptied
[525/963] EXTERNALIZE build/GEDE01/src/game/game_fn_801BA94C.o
build/GEDE01/src/game/game_fn_801BA94C.o: 0 relocation(s) moved from streamInfo to ...bss.0
build/GEDE01/src/game/game_fn_801BA94C.o: lbl_8061AE48 now undefined; section 6 emptied
[526/963] EXTERNALIZE STATIC build/GEDE01/src/game/game_fn_801B35BC.o
build/GEDE01/src/game/game_fn_801B35BC.o: lbl_8060D420 now undefined; section 6 emptied
[527/963] EXTERNALIZE STATIC POOL build/GEDE01/src/game/game_fn_801BC8F4.o
build/GEDE01/src/game/game_fn_801BC8F4.o: lbl_8061C748 now undefined; section 6 emptied
[528/963] EXTERNALIZE STATIC build/GEDE01/src/game/game_fn_801BC240.o
build/GEDE01/src/game/game_fn_801BC240.o: lbl_8061C748 now undefined; section 6 emptied
[529/963] EXTERNALIZE STATIC POOL build/GEDE01/src/game/game_fn_801BCC04.o
build/GEDE01/src/game/game_fn_801BCC04.o: lbl_8061C748 now undefined; section 6 emptied
[530/963] EXTERNALIZE STATIC POOL build/GEDE01/src/game/game_fn_801BC0D4.o
build/GEDE01/src/game/game_fn_801BC0D4.o: lbl_8061C748 now undefined; section 6 emptied
[531/963] EXTERNALIZE STATIC POOL build/GEDE01/src/game/game_fn_801C1CB0.o
build/GEDE01/src/game/game_fn_801C1CB0.o: lbl_80626DA0 now undefined; section 3 emptied
[532/963] RENAME build/GEDE01/src/game/game_InitMetroTRKCommTable.o
[533/963] EXTERNALIZE STATIC POOL build/GEDE01/src/game/game_fn_801CE09C.o
build/GEDE01/src/game/game_fn_801CE09C.o: lbl_80631340 now undefined; section 6 emptied
[534/963] RENAME RUNTIME INTRINSICS build/GEDE01/src/game/game_fn_801CB4F8.o
[535/963] EXTERNALIZE STATIC POOL build/GEDE01/src/game/game_fn_8010242C.o
build/GEDE01/src/game/game_fn_8010242C.o: lbl_8032CC08 now undefined; section 3 emptied
[536/963] EXTERNALIZE build/GEDE01/src/game/game_fn_801D1B10.o
[537/963] EXTERNALIZE build/GEDE01/src/game/game_fn_801D3988.o
[538/963] ALIGN DATA build/GEDE01/src/game/game_fn_8005EF94.o
[539/963] ALIGN DATA build/GEDE01/src/game/game_fn_801A6350.o
[540/963] ALIGN DATA build/GEDE01/src/game/game_fn_80008014.o
[541/963] EXTERNALIZE build/GEDE01/src/game/game_fn_801CE594.o
[542/963] EXTERNALIZE build/GEDE01/src/game/game_fn_8014549C.o
[543/963] EXTERNALIZE build/GEDE01/src/game/game_fn_801C8224.o
[544/963] EXTERNALIZE build/GEDE01/src/game/game_fn_8000FDE8.o
[545/963] EXTERNALIZE build/GEDE01/src/game/game_fn_801098C0.o
[546/963] EXTERNALIZE build/GEDE01/src/game/game_fn_80185F10.o
[547/963] EXTERNALIZE build/GEDE01/src/game/game_fn_801C29BC.o
[548/963] EXTERNALIZE build/GEDE01/src/game/game_fn_801C8F50.o
[549/963] EXTERNALIZE build/GEDE01/src/game/game_fn_801C90A4.o
[550/963] EXTERNALIZE build/GEDE01/src/game/game_fn_8007B828.o
[551/963] EXTERNALIZE build/GEDE01/src/game/game_fn_801C8160.o
[552/963] EXTERNALIZE build/GEDE01/src/game/game_fn_801C2D9C.o
[553/963] EXTERNALIZE build/GEDE01/src/game/game_fn_801C2AAC.o
[554/963] EXTERNALIZE build/GEDE01/src/game/game_fn_801B02F0.o
[555/963] EXTERNALIZE build/GEDE01/src/game/game_fn_801C2980.o
[556/963] EXTERNALIZE build/GEDE01/src/game/game_fn_801AFA74.o
[557/963] EXTERNALIZE build/GEDE01/src/game/game_fn_801AC8AC.o
[558/963] EXTERNALIZE build/GEDE01/src/game/game_fn_801ABD3C.o
[559/963] EXTERNALIZE build/GEDE01/src/game/game_fn_801816D4.o
[560/963] EXTERNALIZE build/GEDE01/src/game/game_fn_8011F140.o
[561/963] EXTERNALIZE build/GEDE01/src/game/game_fn_801AD08C.o
[562/963] EXTERNALIZE build/GEDE01/src/game/game_fn_8004998C.o
[563/963] EXTERNALIZE build/GEDE01/src/game/game_fn_80079AA4.o
[564/963] EXTERNALIZE build/GEDE01/src/game/game_fn_80158D38.o
[565/963] EXTERNALIZE build/GEDE01/src/game/game_fn_801A3A78.o
[566/963] EXTERNALIZE build/GEDE01/src/game/game_fn_8008F224.o
[567/963] EXTERNALIZE build/GEDE01/src/game/game_fn_800AF230.o
[568/963] EXTERNALIZE build/GEDE01/src/game/game_fn_80167454.o
[569/963] EXTERNALIZE build/GEDE01/src/game/game_fn_801A93E8.o
[570/963] EXTERNALIZE build/GEDE01/src/game/game_fn_801A7E04.o
[571/963] EXTERNALIZE build/GEDE01/src/game/game_fn_801AB154.o
[572/963] EXTERNALIZE build/GEDE01/src/game/game_fn_801A7EA8.o
[573/963] EXTERNALIZE build/GEDE01/src/game/game_fn_801A6CB4.o
[574/963] EXTERNALIZE build/GEDE01/src/game/game_fn_801A6C58.o
[575/963] EXTERNALIZE build/GEDE01/src/game/game_fn_801A4CE0.o
[576/963] NAME JUMPTABLE build/GEDE01/src/game/game_fn_801A6ADC.o
[577/963] EXTERNALIZE build/GEDE01/src/game/game_fn_801A6410.o
[578/963] EXTERNALIZE build/GEDE01/src/game/game_fn_801A5FB0.o
[579/963] EXTERNALIZE build/GEDE01/src/game/game_fn_801A1F18.o
[580/963] EXTERNALIZE build/GEDE01/src/game/game_fn_8019E5E4.o
[581/963] EXTERNALIZE build/GEDE01/src/game/game_fn_8019E8C8.o
[582/963] EXTERNALIZE build/GEDE01/src/game/game_fn_8019CFC4.o
[583/963] EXTERNALIZE build/GEDE01/src/game/game_fn_8019CC28.o
[584/963] EXTERNALIZE build/GEDE01/src/game/game_fn_80198BF4.o
[585/963] EXTERNALIZE build/GEDE01/src/game/game_fn_801991E0.o
[586/963] EXTERNALIZE build/GEDE01/src/game/game_fn_80198AAC.o
[587/963] EXTERNALIZE build/GEDE01/src/game/game_fn_80198154.o
[588/963] EXTERNALIZE build/GEDE01/src/game/game_fn_80194F80.o
[589/963] EXTERNALIZE build/GEDE01/src/game/game_fn_80197910.o
[590/963] EXTERNALIZE build/GEDE01/src/game/game_fn_80177434.o
repointed 2 relocations to lbl_80250588
[591/963] EXTERNALIZE build/GEDE01/src/game/game_fn_80193E1C.o
[592/963] EXTERNALIZE build/GEDE01/src/game/game_fn_801931C4.o
[593/963] EXTERNALIZE build/GEDE01/src/game/game_fn_80193F3C.o
[594/963] EXTERNALIZE build/GEDE01/src/game/game_fn_80192F54.o
[595/963] EXTERNALIZE build/GEDE01/src/game/game_fn_80191F58.o
[596/963] EXTERNALIZE build/GEDE01/src/game/game_fn_8019197C.o
[597/963] EXTERNALIZE build/GEDE01/src/game/game_fn_80191360.o
[598/963] GLOBALIZE build/GEDE01/src/game/game_fn_8018F1D0.o
[599/963] EXTERNALIZE build/GEDE01/src/game/game_fn_8018D688.o
[600/963] EXTERNALIZE build/GEDE01/src/game/game_fn_8018F81C.o
[601/963] EXTERNALIZE build/GEDE01/src/game/game_fn_8018D2E0.o
[602/963] EXTERNALIZE build/GEDE01/src/game/game_fn_80189968.o
[603/963] EXTERNALIZE build/GEDE01/src/game/game_fn_80189760.o
[604/963] EXTERNALIZE build/GEDE01/src/game/game_fn_8018D1F0.o
[605/963] EXTERNALIZE build/GEDE01/src/game/game_fn_801896A0.o
[606/963] EXTERNALIZE build/GEDE01/src/game/game_fn_801895E8.o
[607/963] EXTERNALIZE build/GEDE01/src/game/game_fn_80189390.o
[608/963] EXTERNALIZE build/GEDE01/src/game/game_fn_801891D8.o
[609/963] EXTERNALIZE build/GEDE01/src/game/game_fn_80188E28.o
[610/963] EXTERNALIZE build/GEDE01/src/game/game_fn_80189028.o
[611/963] EXTERNALIZE build/GEDE01/src/game/game_fn_80188B44.o
[612/963] EXTERNALIZE build/GEDE01/src/game/game_fn_80188C1C.o
[613/963] EXTERNALIZE build/GEDE01/src/game/game_fn_80188A7C.o
[614/963] EXTERNALIZE build/GEDE01/src/game/game_fn_80187120.o
[615/963] EXTERNALIZE build/GEDE01/src/game/game_fn_801878E0.o
[616/963] EXTERNALIZE build/GEDE01/src/game/game_fn_8018FEDC.o
[617/963] EXTERNALIZE build/GEDE01/src/game/game_fn_80186E10.o
[618/963] EXTERNALIZE build/GEDE01/src/game/game_fn_801865EC.o
[619/963] EXTERNALIZE build/GEDE01/src/game/game_fn_80185AE8.o
[620/963] EXTERNALIZE build/GEDE01/src/game/game_fn_801859FC.o
[621/963] EXTERNALIZE build/GEDE01/src/game/game_fn_8017E958.o
[622/963] EXTERNALIZE build/GEDE01/src/game/game_fn_80180DDC.o
[623/963] EXTERNALIZE build/GEDE01/src/game/game_fn_8017E850.o
[624/963] EXTERNALIZE build/GEDE01/src/game/game_fn_8017718C.o
[625/963] EXTERNALIZE build/GEDE01/src/game/game_fn_80176FA0.o
[626/963] EXTERNALIZE build/GEDE01/src/game/game_fn_801770F8.o
[627/963] EXTERNALIZE build/GEDE01/src/game/game_fn_80176DF4.o
[628/963] EXTERNALIZE build/GEDE01/src/game/game_fn_80174358.o
[629/963] EXTERNALIZE build/GEDE01/src/game/game_fn_80173F04.o
[630/963] EXTERNALIZE build/GEDE01/src/game/game_fn_80174184.o
[631/963] EXTERNALIZE build/GEDE01/src/game/game_fn_8017553C.o
[632/963] EXTERNALIZE build/GEDE01/src/game/game_fn_80173D44.o
[633/963] EXTERNALIZE build/GEDE01/src/game/game_fn_80173770.o
[634/963] EXTERNALIZE build/GEDE01/src/game/game_fn_801734B4.o
[635/963] EXTERNALIZE build/GEDE01/src/game/game_fn_80173270.o
[636/963] EXTERNALIZE build/GEDE01/src/game/game_fn_80172C78.o
[637/963] EXTERNALIZE build/GEDE01/src/game/game_fn_80172DB8.o
[638/963] EXTERNALIZE build/GEDE01/src/game/game_fn_80172BB0.o
[639/963] EXTERNALIZE build/GEDE01/src/game/game_fn_801726EC.o
[640/963] EXTERNALIZE build/GEDE01/src/game/game_fn_8017250C.o
[641/963] EXTERNALIZE build/GEDE01/src/game/game_fn_80171F30.o
[642/963] EXTERNALIZE build/GEDE01/src/game/game_fn_801719B4.o
[643/963] EXTERNALIZE build/GEDE01/src/game/game_fn_801718F4.o
[644/963] EXTERNALIZE build/GEDE01/src/game/game_fn_80171664.o
[645/963] EXTERNALIZE build/GEDE01/src/game/game_fn_8017138C.o
[646/963] EXTERNALIZE build/GEDE01/src/game/game_fn_80170A40.o
[647/963] NORMALIZE build/GEDE01/src/game/game_TRKNubWelcome.o
[648/963] NORMALIZE build/GEDE01/src/game/game_TRK_main.o
[649/963] NORMALIZE build/GEDE01/src/game/game_data_80239E10.o
[650/963] EXTERNALIZE build/GEDE01/src/game/game_fn_801706DC.o
[651/963] NORMALIZE build/GEDE01/src/game/game_data_80239E18.o
[652/963] EXTERNALIZE build/GEDE01/src/game/game_fn_80170E9C.o
[653/963] EXTERNALIZE build/GEDE01/src/game/game_fn_8017652C.o
[654/963] EXTERNALIZE build/GEDE01/src/game/game_fn_80175E64.o
[655/963] EXTERNALIZE build/GEDE01/src/game/game_fn_80175F0C.o
[656/963] EXTERNALIZE build/GEDE01/src/game/game_fn_80175FD4.o
[657/963] EXTERNALIZE build/GEDE01/src/game/game_fn_80176098.o
[658/963] EXTERNALIZE build/GEDE01/src/game/game_fn_80176160.o
[659/963] EXTERNALIZE build/GEDE01/src/game/game_fn_80176220.o
[660/963] EXTERNALIZE build/GEDE01/src/game/game_fn_801762E8.o
[661/963] EXTERNALIZE build/GEDE01/src/game/game_fn_80170DF4.o
[662/963] EXTERNALIZE build/GEDE01/src/game/game_fn_8016E8F8.o
[663/963] EXTERNALIZE build/GEDE01/src/game/game_fn_8016FEF8.o
[664/963] EXTERNALIZE build/GEDE01/src/game/game_fn_801704F8.o
[665/963] NORMALIZE build/GEDE01/src/game/game_fn_8016DF4C.o
[666/963] EXTERNALIZE build/GEDE01/src/game/game_fn_8016D040.o
[667/963] EXTERNALIZE build/GEDE01/src/game/game_fn_8016D2B8.o
[668/963] EXTERNALIZE build/GEDE01/src/game/game_fn_8016C774.o
[669/963] EXTERNALIZE build/GEDE01/src/game/game_fn_8016D1F8.o
[670/963] EXTERNALIZE build/GEDE01/src/game/game_fn_8016C238.o
[671/963] EXTERNALIZE build/GEDE01/src/game/game_fn_8016C4BC.o
[672/963] EXTERNALIZE build/GEDE01/src/game/game_fn_8016C164.o
[673/963] EXTERNALIZE build/GEDE01/src/game/game_fn_8016C0BC.o
[674/963] EXTERNALIZE build/GEDE01/src/game/game_fn_8016BE1C.o
[675/963] EXTERNALIZE build/GEDE01/src/game/game_fn_8017038C.o
[676/963] EXTERNALIZE build/GEDE01/src/game/game_fn_8016BF60.o
[677/963] EXTERNALIZE build/GEDE01/src/game/game_fn_8016BD0C.o
[678/963] EXTERNALIZE build/GEDE01/src/game/game_fn_80169650.o
[679/963] EXTERNALIZE build/GEDE01/src/game/game_fn_80167B5C.o
[680/963] EXTERNALIZE build/GEDE01/src/game/game_fn_8015DB84.o
[681/963] EXTERNALIZE build/GEDE01/src/game/game_fn_8015EDC0.o
[682/963] EXTERNALIZE build/GEDE01/src/game/game_fn_8015DC54.o
[683/963] EXTERNALIZE build/GEDE01/src/game/game_fn_80158B20.o
[684/963] EXTERNALIZE build/GEDE01/src/game/game_fn_80179398.o
[685/963] EXTERNALIZE build/GEDE01/src/game/game_fn_8017960C.o
[686/963] EXTERNALIZE build/GEDE01/src/game/game_fn_8017974C.o
[687/963] EXTERNALIZE build/GEDE01/src/game/game_fn_80179904.o
[688/963] EXTERNALIZE build/GEDE01/src/game/game_fn_8017A9B8.o
[689/963] EXTERNALIZE build/GEDE01/src/game/game_fn_80179A18.o
[690/963] EXTERNALIZE build/GEDE01/src/game/game_fn_80179A74.o
[691/963] EXTERNALIZE build/GEDE01/src/game/game_fn_80179EB8.o
[692/963] EXTERNALIZE build/GEDE01/src/game/game_fn_80179F20.o
[693/963] EXTERNALIZE build/GEDE01/src/game/game_fn_8017A010.o
[694/963] EXTERNALIZE build/GEDE01/src/game/game_fn_8017A12C.o
[695/963] EXTERNALIZE build/GEDE01/src/game/game_fn_80157C0C.o
[696/963] EXTERNALIZE build/GEDE01/src/game/game_fn_8017A1C0.o
[697/963] EXTERNALIZE build/GEDE01/src/game/game_fn_80155814.o
[698/963] EXTERNALIZE build/GEDE01/src/game/game_fn_80153898.o
[699/963] EXTERNALIZE build/GEDE01/src/game/game_fn_8014AF38.o
[700/963] EXTERNALIZE build/GEDE01/src/game/game_fn_8014B494.o
[701/963] EXTERNALIZE build/GEDE01/src/game/game_fn_801141B8.o
[702/963] EXTERNALIZE build/GEDE01/src/game/game_fn_8012DB28.o
[703/963] EXTERNALIZE build/GEDE01/src/game/game_fn_801126E0.o
[704/963] EXTERNALIZE build/GEDE01/src/game/game_fn_801128E4.o
[705/963] EXTERNALIZE build/GEDE01/src/game/game_fn_8010F184.o
[706/963] EXTERNALIZE build/GEDE01/src/game/game_fn_800E4980.o
[707/963] EXTERNALIZE build/GEDE01/src/game/game_fn_800C17EC.o
[708/963] EXTERNALIZE build/GEDE01/src/game/game_fn_800C030C.o
[709/963] EXTERNALIZE build/GEDE01/src/game/game_fn_800C644C.o
[710/963] EXTERNALIZE build/GEDE01/src/game/game_fn_800C59F0.o
[711/963] EXTERNALIZE build/GEDE01/src/game/game_fn_800C65FC.o
[712/963] EXTERNALIZE build/GEDE01/src/game/game_fn_800CB760.o
[713/963] EXTERNALIZE build/GEDE01/src/game/game_fn_800CB8F4.o
[714/963] EXTERNALIZE build/GEDE01/src/game/game_fn_80078500.o
[715/963] EXTERNALIZE build/GEDE01/src/game/game_fn_80079908.o
[716/963] EXTERNALIZE build/GEDE01/src/game/game_fn_8007B2F4.o
[717/963] EXTERNALIZE build/GEDE01/src/game/game_fn_8007B540.o
[718/963] EXTERNALIZE build/GEDE01/src/game/game_fn_8007B640.o
[719/963] EXTERNALIZE build/GEDE01/src/game/game_fn_800886D8.o
[720/963] EXTERNALIZE build/GEDE01/src/game/game_fn_8007BA3C.o
[721/963] EXTERNALIZE build/GEDE01/src/game/game_fn_800934A0.o
[722/963] EXTERNALIZE build/GEDE01/src/game/game_fn_800A3894.o
[723/963] EXTERNALIZE build/GEDE01/src/game/game_fn_800A7E88.o
[724/963] EXTERNALIZE build/GEDE01/src/game/game_fn_800A4798.o
[725/963] GLOBALIZE build/GEDE01/src/game/game_fn_800A2130.o
[726/963] EXTERNALIZE build/GEDE01/src/game/game_fn_800A2FCC.o
[727/963] EXTERNALIZE build/GEDE01/src/game/game_fn_8009C424.o
[728/963] EXTERNALIZE SWITCHES build/GEDE01/src/game/game_fn_80095FDC.o
[729/963] EXTERNALIZE build/GEDE01/src/game/game_fn_80096830.o
[730/963] GLOBALIZE build/GEDE01/src/game/game_fn_8008F890.o
[731/963] EXTERNALIZE build/GEDE01/src/game/game_fn_800A4428.o
[732/963] EXTERNALIZE build/GEDE01/src/game/game_fn_80074310.o
[733/963] GLOBALIZE build/GEDE01/src/game/game_fn_8005FD84.o
[734/963] EXTERNALIZE build/GEDE01/src/game/game_fn_80066888.o
[735/963] EXTERNALIZE build/GEDE01/src/game/game_fn_8005EC6C.o
[736/963] EXTERNALIZE build/GEDE01/src/game/game_fn_80048B24.o
[737/963] EXTERNALIZE build/GEDE01/src/game/game_fn_80052310.o
[738/963] NAME SWITCH build/GEDE01/src/game/game_fn_80020E94.o
[739/963] NAME SWITCH build/GEDE01/src/game/game_fn_8005EE9C.o
[740/963] NAME SWITCH build/GEDE01/src/game/game_fn_8016D9C0.o
[741/963] NAME SWITCH build/GEDE01/src/game/game_fn_80071A58.o
[742/963] EXTERNALIZE build/GEDE01/src/game/game_fn_80048ADC.o
[743/963] NAME SWITCH build/GEDE01/src/game/game_fn_8006B620.o
[744/963] NAME SWITCH build/GEDE01/src/game/game_fn_8001FE1C.o
[745/963] NAME SWITCH build/GEDE01/src/game/game_fn_8001E644.o
[746/963] EXTERNALIZE build/GEDE01/src/game/game_fn_80038878.o
[747/963] EXTERNALIZE build/GEDE01/src/game/game_fn_801B46C8.o
build/GEDE01/src/game/game_fn_801B46C8.o: lbl_8060C020 now undefined; section 6 emptied
[748/963] EXTERNALIZE build/GEDE01/src/game/game_fn_800359A0.o
[749/963] EXTERNALIZE build/GEDE01/src/game/game_fn_80036C40.o
[750/963] EXTERNALIZE build/GEDE01/src/game/game_fn_80033038.o
[751/963] EXTERNALIZE build/GEDE01/src/game/game_fn_80033180.o
[752/963] EXTERNALIZE build/GEDE01/src/game/game_fn_80032B84.o
[753/963] EXTERNALIZE build/GEDE01/src/game/game_fn_8003232C.o
[754/963] EXTERNALIZE build/GEDE01/src/game/game_fn_8002E3F0.o
[755/963] EXTERNALIZE build/GEDE01/src/game/game_fn_8002DAE0.o
[756/963] EXTERNALIZE build/GEDE01/src/game/game_fn_8002EA68.o
[757/963] GLOBALIZE build/GEDE01/src/game/game_fn_8002B748.o
[758/963] EXTERNALIZE build/GEDE01/src/game/game_fn_8002F428.o
[759/963] NAME SWITCHES build/GEDE01/src/game/game_fn_80024F28.o
[760/963] EXTERNALIZE build/GEDE01/src/game/game_fn_800272B4.o
[761/963] EXTERNALIZE build/GEDE01/src/game/game_fn_8001CE94.o
[762/963] EXTERNALIZE build/GEDE01/src/game/game_fn_8001CD58.o
[763/963] EXTERNALIZE build/GEDE01/src/game/game_fn_8001C078.o
[764/963] EXTERNALIZE build/GEDE01/src/game/game_fn_8001B874.o
[765/963] EXTERNALIZE build/GEDE01/src/game/game_fn_8001B808.o
[766/963] EXTERNALIZE build/GEDE01/src/game/game_fn_8001B294.o
[767/963] EXTERNALIZE build/GEDE01/src/game/game_fn_8001B124.o
[768/963] EXTERNALIZE build/GEDE01/src/game/game_fn_8001ADF8.o
[769/963] EXTERNALIZE build/GEDE01/src/game/game_fn_8001AF68.o
[770/963] EXTERNALIZE build/GEDE01/src/game/game_fn_8001AAB8.o
[771/963] EXTERNALIZE build/GEDE01/src/game/game_fn_8001A6C4.o
[772/963] EXTERNALIZE build/GEDE01/src/game/game_fn_80019F98.o
[773/963] EXTERNALIZE build/GEDE01/src/game/game_fn_80019D2C.o
[774/963] EXTERNALIZE build/GEDE01/src/game/game_fn_80019C10.o
[775/963] EXTERNALIZE build/GEDE01/src/game/game_fn_80019940.o
[776/963] EXTERNALIZE build/GEDE01/src/game/game_fn_80019244.o
[777/963] EXTERNALIZE build/GEDE01/src/game/game_fn_800194D0.o
[778/963] EXTERNALIZE build/GEDE01/src/game/game_fn_80019054.o
[779/963] EXTERNALIZE build/GEDE01/src/game/game_fn_80018EF4.o
[780/963] EXTERNALIZE build/GEDE01/src/game/game_fn_80017DB0.o
[781/963] EXTERNALIZE build/GEDE01/src/game/game_fn_80017CC8.o
[782/963] EXTERNALIZE build/GEDE01/src/game/game_fn_80017C3C.o
[783/963] EXTERNALIZE build/GEDE01/src/game/game_fn_80017AE4.o
[784/963] EXTERNALIZE build/GEDE01/src/game/game_fn_80017A3C.o
[785/963] EXTERNALIZE build/GEDE01/src/game/game_fn_800179AC.o
[786/963] EXTERNALIZE build/GEDE01/src/game/game_fn_80017910.o
[787/963] EXTERNALIZE FLAGS build/GEDE01/src/game/game_fn_800119FC.o
[788/963] EXTERNALIZE build/GEDE01/src/game/game_fn_8000FFD8.o
[789/963] EXTERNALIZE build/GEDE01/src/game/game_fn_8000F4B0.o
[790/963] GLOBALIZE build/GEDE01/src/game/game_fn_800094C0.o
[791/963] EXTERNALIZE build/GEDE01/src/game/game_fn_8000EFC4.o
[792/963] EXTERNALIZE build/GEDE01/src/game/game_fn_800096E0.o
[793/963] EXTERNALIZE build/GEDE01/src/game/game_fn_800098C0.o
[794/963] EXTERNALIZE build/GEDE01/src/game/game_fn_800099D8.o
[795/963] EXTERNALIZE build/GEDE01/src/game/game_fn_80009AB4.o
[796/963] EXTERNALIZE build/GEDE01/src/game/game_fn_8000A26C.o
[797/963] EXTERNALIZE build/GEDE01/src/game/game_fn_800171C0.o
[798/963] EXTERNALIZE build/GEDE01/src/game/game_fn_800176F0.o
[799/963] EXTERNALIZE build/GEDE01/src/game/game_fn_8000AC88.o
[800/963] EXTERNALIZE build/GEDE01/src/game/game_fn_8000AEB4.o
[801/963] EXTERNALIZE build/GEDE01/src/game/game_fn_8000AFB4.o
[802/963] EXTERNALIZE build/GEDE01/src/game/game_fn_8000B1B8.o
[803/963] EXTERNALIZE build/GEDE01/src/game/game_fn_8000B36C.o
[804/963] EXTERNALIZE build/GEDE01/src/game/game_fn_8000B630.o
[805/963] EXTERNALIZE build/GEDE01/src/game/game_fn_8000B7FC.o
[806/963] EXTERNALIZE build/GEDE01/src/game/game_fn_8000B900.o
[807/963] EXTERNALIZE build/GEDE01/src/game/game_fn_8000BA0C.o
[808/963] EXTERNALIZE build/GEDE01/src/game/game_fn_8000BAA0.o
[809/963] EXTERNALIZE build/GEDE01/src/game/game_fn_8000BC40.o
[810/963] EXTERNALIZE build/GEDE01/src/game/game_fn_8000C06C.o
[811/963] EXTERNALIZE build/GEDE01/src/game/game_fn_8000C17C.o
[812/963] EXTERNALIZE build/GEDE01/src/game/game_fn_8000C400.o
[813/963] EXTERNALIZE build/GEDE01/src/game/game_fn_8000C91C.o
[814/963] EXTERNALIZE build/GEDE01/src/game/game_fn_8000C848.o
[815/963] EXTERNALIZE build/GEDE01/src/game/game_fn_8000D0BC.o
[816/963] NAME SWITCH build/GEDE01/src/game/game_fn_8000D8A4.o
[817/963] EXTERNALIZE build/GEDE01/src/game/game_fn_8000D3D4.o
[818/963] EXTERNALIZE build/GEDE01/src/game/game_fn_8000E0AC.o
[819/963] EXTERNALIZE build/GEDE01/src/game/game_fn_8000E054.o
[820/963] EXTERNALIZE build/GEDE01/src/game/game_fn_8000E96C.o
[821/963] EXTERNALIZE build/GEDE01/src/game/game_fn_8000F774.o
[822/963] EXTERNALIZE build/GEDE01/src/game/game_fn_8000EBD4.o
[823/963] EXTERNALIZE build/GEDE01/src/game/game_fn_8000EB14.o
[824/963] EXTERNALIZE build/GEDE01/src/game/game_fn_8000ED44.o
[825/963] EXTERNALIZE build/GEDE01/src/game/game_fn_8000E138.o
[826/963] EXTERNALIZE build/GEDE01/src/game/game_fn_8000D590.o
[827/963] EXTERNALIZE build/GEDE01/src/game/game_fn_8000E1C4.o
[828/963] EXTERNALIZE build/GEDE01/src/game/game_fn_8000DA50.o
[829/963] EXTERNALIZE build/GEDE01/src/game/game_fn_8000DAF4.o
[830/963] EXTERNALIZE build/GEDE01/src/game/game_fn_80012DA8.o
[831/963] EXTERNALIZE build/GEDE01/src/game/game_fn_80012F40.o
[832/963] EXTERNALIZE build/GEDE01/src/game/game_fn_80012FD0.o
[833/963] EXTERNALIZE build/GEDE01/src/game/game_fn_800131E8.o
[834/963] EXTERNALIZE build/GEDE01/src/game/game_fn_80013340.o
[835/963] EXTERNALIZE build/GEDE01/src/game/game_fn_80013870.o
[836/963] EXTERNALIZE build/GEDE01/src/game/game_fn_80013CB0.o
[837/963] EXTERNALIZE build/GEDE01/src/game/game_fn_80013D54.o
[838/963] EXTERNALIZE build/GEDE01/src/game/game_fn_800142DC.o
[839/963] EXTERNALIZE build/GEDE01/src/game/game_fn_800144CC.o
[840/963] EXTERNALIZE build/GEDE01/src/game/game_fn_80014784.o
[841/963] EXTERNALIZE build/GEDE01/src/game/game_fn_800149D4.o
[842/963] EXTERNALIZE build/GEDE01/src/game/game_fn_80015058.o
[843/963] EXTERNALIZE build/GEDE01/src/game/game_fn_80015320.o
[844/963] EXTERNALIZE build/GEDE01/src/game/game_fn_800156FC.o
[845/963] EXTERNALIZE build/GEDE01/src/game/game_fn_80015568.o
[846/963] EXTERNALIZE build/GEDE01/src/game/game_fn_80015D40.o
[847/963] EXTERNALIZE build/GEDE01/src/game/game_fn_80015BE0.o
[848/963] EXTERNALIZE build/GEDE01/src/game/game_fn_80015F04.o
[849/963] EXTERNALIZE build/GEDE01/src/game/game_fn_80016128.o
[850/963] EXTERNALIZE build/GEDE01/src/game/game_fn_80016270.o
[851/963] EXTERNALIZE build/GEDE01/src/game/game_fn_80016904.o
[852/963] EXTERNALIZE build/GEDE01/src/game/game_fn_800173CC.o
[853/963] EXTERNALIZE build/GEDE01/src/game/game_fn_80016B24.o
[854/963] EXTERNALIZE build/GEDE01/src/game/game_fn_801BEF40.o
[855/963] EXTERNALIZE build/GEDE01/src/game/game_fn_801B86C0.o
[856/963] EXTERNALIZE STATIC POOL build/GEDE01/src/game/game_fn_801C4B5C.o
build/GEDE01/src/game/game_fn_801C4B5C.o: lbl_80628CB0 now undefined; section 6 emptied
[857/963] EXTERNALIZE build/GEDE01/src/game/game_fn_801C8600.o
[858/963] EXTERNALIZE build/GEDE01/src/game/game_fn_801EAA04.o
[859/963] EXTERNALIZE build/GEDE01/src/game/game_fn_80150400.o
[860/963] EXTERNALIZE build/GEDE01/src/game/game_fn_80151600.o
[861/963] EXTERNALIZE build/GEDE01/src/game/game_fn_80150F20.o
[862/963] EXTERNALIZE build/GEDE01/src/game/game_fn_80151D00.o
[863/963] EXTERNALIZE build/GEDE01/src/game/game_fn_8011EE04.o
[864/963] EXTERNALIZE build/GEDE01/src/game/game_fn_801E3644.o
[865/963] EXTERNALIZE build/GEDE01/src/game/game_fn_8019E0B0.o
[866/963] EXTERNALIZE build/GEDE01/src/game/game_fn_801A260C.o
[867/963] EXTERNALIZE build/GEDE01/src/game/game_fn_801DE8B4.o
[868/963] EXTERNALIZE build/GEDE01/src/game/game_fn_80173BDC.o
[869/963] EXTERNALIZE build/GEDE01/src/game/game_fn_801E7014.o
[870/963] EXTERNALIZE build/GEDE01/src/game/game_fn_801A4430.o
[871/963] EXTERNALIZE build/GEDE01/src/game/game_fn_8014BA14.o
[872/963] EXTERNALIZE build/GEDE01/src/game/game_fn_800B2EC0.o
[873/963] EXTERNALIZE build/GEDE01/src/game/game_fn_8001CA04.o
[874/963] EXTERNALIZE build/GEDE01/src/game/game_fn_80031544.o
[875/963] EXTERNALIZE build/GEDE01/src/game/game_fn_801DDB84.o
[876/963] EXTERNALIZE build/GEDE01/src/game/game_fn_8006B0F0.o
[877/963] EXTERNALIZE build/GEDE01/src/game/game_fn_8007F770.o
[878/963] EXTERNALIZE build/GEDE01/src/game/game_fn_8007D4D8.o
[879/963] EXTERNALIZE build/GEDE01/src/game/game_fn_80088F4C.o
[880/963] EXTERNALIZE build/GEDE01/src/game/game_fn_8008A2E0.o
[881/963] EXTERNALIZE build/GEDE01/src/game/game_fn_80089A34.o
[882/963] EXTERNALIZE build/GEDE01/src/game/game_fn_80095D10.o
[883/963] EXTERNALIZE build/GEDE01/src/game/game_fn_80090004.o
[884/963] EXTERNALIZE build/GEDE01/src/game/game_fn_800A3180.o
[885/963] EXTERNALIZE build/GEDE01/src/game/game_fn_800BB5C4.o
[886/963] EXTERNALIZE build/GEDE01/src/game/game_fn_800BB7A8.o
[887/963] EXTERNALIZE build/GEDE01/src/game/game_fn_800BB9A4.o
[888/963] EXTERNALIZE build/GEDE01/src/game/game_fn_800BBAF0.o
[889/963] EXTERNALIZE build/GEDE01/src/game/game_fn_800D9064.o
[890/963] EXTERNALIZE build/GEDE01/src/game/game_fn_800D9E10.o
[891/963] EXTERNALIZE build/GEDE01/src/game/game_fn_8012976C.o
[892/963] EXTERNALIZE build/GEDE01/src/game/game_fn_8013DB8C.o
[893/963] EXTERNALIZE build/GEDE01/src/game/game_fn_8013CBE4.o
[894/963] EXTERNALIZE build/GEDE01/src/game/game_fn_8014CA98.o
[895/963] EXTERNALIZE build/GEDE01/src/game/game_fn_80153A24.o
[896/963] EXTERNALIZE build/GEDE01/src/game/game_fn_801535D8.o
[897/963] EXTERNALIZE build/GEDE01/src/game/game_fn_80174F2C.o
[898/963] EXTERNALIZE build/GEDE01/src/game/game_fn_8017AC20.o
[899/963] EXTERNALIZE build/GEDE01/src/game/game_fn_801752B0.o
[900/963] EXTERNALIZE build/GEDE01/src/game/game_fn_801861C4.o
[901/963] EXTERNALIZE build/GEDE01/src/game/game_fn_8018680C.o
[902/963] EXTERNALIZE build/GEDE01/src/game/game_fn_80186F70.o
[903/963] EXTERNALIZE build/GEDE01/src/game/game_fn_80187320.o
[904/963] EXTERNALIZE build/GEDE01/src/game/game_fn_801810A0.o
[905/963] EXTERNALIZE build/GEDE01/src/game/game_fn_801875FC.o
[906/963] EXTERNALIZE build/GEDE01/src/game/game_fn_800542D0.o
[907/963] EXTERNALIZE build/GEDE01/src/game/game_fn_80187E40.o
[908/963] EXTERNALIZE build/GEDE01/src/game/game_fn_80187BB4.o
[909/963] EXTERNALIZE build/GEDE01/src/game/game_fn_80189C14.o
[910/963] EXTERNALIZE build/GEDE01/src/game/game_fn_8018C2D0.o
[911/963] EXTERNALIZE build/GEDE01/src/game/game_fn_8018D400.o
[912/963] EXTERNALIZE build/GEDE01/src/game/game_fn_8018E0D8.o
[913/963] EXTERNALIZE build/GEDE01/src/game/game_fn_8019120C.o
[914/963] EXTERNALIZE build/GEDE01/src/game/game_fn_8018DC24.o
[915/963] EXTERNALIZE build/GEDE01/src/game/game_fn_801916D0.o
[916/963] EXTERNALIZE build/GEDE01/src/game/game_fn_801926EC.o
[917/963] EXTERNALIZE build/GEDE01/src/game/game_fn_801929A4.o
[918/963] EXTERNALIZE build/GEDE01/src/game/game_fn_801952E8.o
[919/963] EXTERNALIZE build/GEDE01/src/game/game_fn_801A2A54.o
[920/963] EXTERNALIZE build/GEDE01/src/game/game_fn_801A34BC.o
[921/963] EXTERNALIZE build/GEDE01/src/game/game_fn_801A657C.o
[922/963] EXTERNALIZE build/GEDE01/src/game/game_fn_801A1F8C.o
[923/963] EXTERNALIZE build/GEDE01/src/game/game_fn_801D1F78.o
[924/963] EXTERNALIZE build/GEDE01/src/game/game_fn_801E2A48.o
[925/963] EXTERNALIZE build/GEDE01/src/game/game_fn_801E995C.o
[926/963] EXTERNALIZE build/GEDE01/src/game/game_fn_801E6814.o
[927/963] EXTERNALIZE build/GEDE01/src/game/game_fn_801F0CB0.o
[928/963] EXTERNALIZE build/GEDE01/src/game/game_fn_801EF580.o
[929/963] EXTERNALIZE build/GEDE01/src/game/game_fn_801F10BC.o
[930/963] EXTERNALIZE build/GEDE01/src/game/game_fn_801F35A8.o
[931/963] EXTERNALIZE build/GEDE01/src/game/game_fn_801ECD74.o
[932/963] EXTERNALIZE build/GEDE01/src/game/game_fn_801ED5F4.o
[933/963] EXTERNALIZE build/GEDE01/src/game/game_fn_801F69F0.o
[934/963] EXTERNALIZE build/GEDE01/src/game/game_fn_801F76EC.o
[935/963] EXTERNALIZE build/GEDE01/src/game/game_fn_801F8264.o
[936/963] EXTERNALIZE build/GEDE01/src/game/game_fn_801F89B4.o
[937/963] EXTERNALIZE build/GEDE01/src/game/game_fn_801F9AF8.o
[938/963] EXTERNALIZE build/GEDE01/src/game/game_fn_801F6BD8.o
[939/963] EXTERNALIZE build/GEDE01/src/game/game_fn_80095E64.o
[940/963] EXTERNALIZE build/GEDE01/src/game/game_fn_801FB6A4.o
[941/963] EXTERNALIZE JUMPTABLES build/GEDE01/src/game/game_fn_800361F8.o
[942/963] EXTERNALIZE JUMPTABLES build/GEDE01/src/game/game_fn_8006E53C.o
[943/963] EXTERNALIZE JUMPTABLES build/GEDE01/src/game/game_fn_800CF598.o
[944/963] EXTERNALIZE JUMPTABLES build/GEDE01/src/game/game_fn_801ACFE8.o
[945/963] EXTERNALIZE build/GEDE01/src/game/game_fn_801E0088.o
[946/963] EXTERNALIZE JUMPTABLES build/GEDE01/src/game/game_fn_801B1BA0.o
[947/963] EXTERNALIZE build/GEDE01/src/game/game_fn_80150A24.o
[948/963] EXTERNALIZE build/GEDE01/src/game/game_fn_80154F74.o
[949/963] EXTERNALIZE build/GEDE01/src/game/game_fn_801E504C.o
[950/963] EXTERNALIZE build/GEDE01/src/game/game_fn_8009E808.o
[951/963] EXTERNALIZE build/GEDE01/src/game/game_fn_801F1A38.o
[952/963] EXTERNALIZE build/GEDE01/src/game/game_fn_801FFE78.o
[953/963] EXTERNALIZE build/GEDE01/src/game/game_fn_801F55A0.o
[954/963] EXTERNALIZE build/GEDE01/src/game/game_fn_801F7510.o
[955/963] EXTERNALIZE build/GEDE01/src/game/game_fn_801F8FAC.o
[956/963] EXTERNALIZE build/GEDE01/src/game/game_fn_801F9CF4.o
[957/963] EXTERNALIZE build/GEDE01/src/game/game_fn_801FA9C8.o
[958/963] EXTERNALIZE build/GEDE01/src/game/game_fn_801FC034.o
[959/963] REPORT
 INFO Loading project .
 INFO Generating report for 7095 units (using 8 threads)
 INFO Report generated in 0.548s
 INFO Writing to build/GEDE01/report.json
[960/963] LINK build/GEDE01/main.elf
### mwldeppc.exe Linker Warning:
#   Section '.ignored' is unknown. Section ignored.
### mwldeppc.exe Linker Warning:
#   Section '.ignored' is unknown. Section ignored.
### mwldeppc.exe Linker Warning:
#   Section '.ignored' is unknown. Section ignored.
### mwldeppc.exe Linker Warning:
#   Section '.ignored' is unknown. Section ignored.
### mwldeppc.exe Linker Warning:
#   Section '.ignored' is unknown. Section ignored.
### mwldeppc.exe Linker Warning:
#   Section '.ignored' is unknown. Section ignored.
### mwldeppc.exe Linker Warning:
#   Section '.ignored' is unknown. Section ignored.
### mwldeppc.exe Linker Warning:
#   Section '.ignored' is unknown. Section ignored.
### mwldeppc.exe Linker Warning:
#   Section '.ignored' is unknown. Section ignored.
### mwldeppc.exe Linker Warning:
#   Section '.ignored' is unknown. Section ignored.
### mwldeppc.exe Linker Warning:
#   Section '.ignored' is unknown. Section ignored.
### mwldeppc.exe Linker Warning:
#   Section '.ignored' is unknown. Section ignored.
### mwldeppc.exe Linker Warning:
#   Section '.ignored' is unknown. Section ignored.
### mwldeppc.exe Linker Warning:
#   Section '.ignored' is unknown. Section ignored.
### mwldeppc.exe Linker Warning:
#   Section '.ignored' is unknown. Section ignored.
### mwldeppc.exe Linker Warning:
#   Section '.ignored' is unknown. Section ignored.
### mwldeppc.exe Linker Warning:
#   Section '.ignored' is unknown. Section ignored.
### mwldeppc.exe Linker Warning:
#   Section '.ignored' is unknown. Section ignored.
### mwldeppc.exe Linker Warning:
#   Section '.ignored' is unknown. Section ignored.
### mwldeppc.exe Linker Warning:
#   Section '.ignored' is unknown. Section ignored.
### mwldeppc.exe Linker Warning:
#   Section '.ignored' is unknown. Section ignored.
### mwldeppc.exe Linker Warning:
#   Section '.ignored' is unknown. Section ignored.
### mwldeppc.exe Linker Warning:
#   Section '.ignored' is unknown. Section ignored.
### mwldeppc.exe Linker Warning:
#   Section '.ignored' is unknown. Section ignored.
### mwldeppc.exe Linker Warning:
#   Section '.ignored' is unknown. Section ignored.
### mwldeppc.exe Linker Warning:
#   Section '.ignored' is unknown. Section ignored.
### mwldeppc.exe Linker Warning:
#   Section '.ignored' is unknown. Section ignored.
### mwldeppc.exe Linker Warning:
#   Section '.ignored' is unknown. Section ignored.
### mwldeppc.exe Linker Warning:
#   Section '.ignored' is unknown. Section ignored.
### mwldeppc.exe Linker Warning:
#   Section '.ignored' is unknown. Section ignored.
### mwldeppc.exe Linker Warning:
#   Section '.ignored' is unknown. Section ignored.
### mwldeppc.exe Linker Warning:
#   Section '.ignored' is unknown. Section ignored.
### mwldeppc.exe Linker Warning:
#   Section '.ignored' is unknown. Section ignored.
### mwldeppc.exe Linker Warning:
#   Section '.ignored' is unknown. Section ignored.
### mwldeppc.exe Linker Warning:
#   Section '.ignored' is unknown. Section ignored.
### mwldeppc.exe Linker Warning:
#   Section '.ignored' is unknown. Section ignored.
### mwldeppc.exe Linker Warning:
#   Section '.ignored' is unknown. Section ignored.
### mwldeppc.exe Linker Warning:
#   Section '.ignored' is unknown. Section ignored.
### mwldeppc.exe Linker Warning:
#   Section '.ignored' is unknown. Section ignored.
### mwldeppc.exe Linker Warning:
#   Section '.ignored' is unknown. Section ignored.
### mwldeppc.exe Linker Warning:
#   Section '.ignored' is unknown. Section ignored.
### mwldeppc.exe Linker Warning:
#   Section '.ignored' is unknown. Section ignored.
### mwldeppc.exe Linker Warning:
#   Section '.ignored' is unknown. Section ignored.
### mwldeppc.exe Linker Warning:
#   Section '.ignored' is unknown. Section ignored.
### mwldeppc.exe Linker Warning:
#   Section '.ignored' is unknown. Section ignored.
### mwldeppc.exe Linker Warning:
#   Section '.ignored' is unknown. Section ignored.
### mwldeppc.exe Linker Warning:
#   Section '.ignored' is unknown. Section ignored.
### mwldeppc.exe Linker Warning:
#   Section '.ignored' is unknown. Section ignored.
### mwldeppc.exe Linker Warning:
#   Section '.ignored' is unknown. Section ignored.
### mwldeppc.exe Linker Warning:
#   Section '.ignored' is unknown. Section ignored.
### mwldeppc.exe Linker Warning:
#   Section '.ignored' is unknown. Section ignored.
### mwldeppc.exe Linker Warning:
#   Section '.ignored' is unknown. Section ignored.
### mwldeppc.exe Linker Warning:
#   Section '.ignored' is unknown. Section ignored.
### mwldeppc.exe Linker Warning:
#   Section '.ignored' is unknown. Section ignored.
### mwldeppc.exe Linker Warning:
#   Section '.ignored' is unknown. Section ignored.
### mwldeppc.exe Linker Warning:
#   Section '.ignored' is unknown. Section ignored.
### mwldeppc.exe Linker Warning:
#   Section '.ignored' is unknown. Section ignored.
### mwldeppc.exe Linker Warning:
#   Section '.ignored' is unknown. Section ignored.
### mwldeppc.exe Linker Warning:
#   Section '.ignored' is unknown. Section ignored.
### mwldeppc.exe Linker Warning:
#   Section '.ignored' is unknown. Section ignored.
### mwldeppc.exe Linker Warning:
#   Section '.ignored' is unknown. Section ignored.
### mwldeppc.exe Linker Warning:
#   Section '.ignored' is unknown. Section ignored.
### mwldeppc.exe Linker Warning:
#   Section '.ignored' is unknown. Section ignored.
### mwldeppc.exe Linker Warning:
#   Section '.ignored' is unknown. Section ignored.
### mwldeppc.exe Linker Warning:
#   Section '.ignored' is unknown. Section ignored.
### mwldeppc.exe Linker Warning:
#   Section '.ignored' is unknown. Section ignored.
### mwldeppc.exe Linker Warning:
#   Section '.ignored' is unknown. Section ignored.
### mwldeppc.exe Linker Warning:
#   Section '.ignored' is unknown. Section ignored.
### mwldeppc.exe Linker Warning:
#   Section '.ignored' is unknown. Section ignored.
### mwldeppc.exe Linker Warning:
#   Section '.ignored' is unknown. Section ignored.
### mwldeppc.exe Linker Warning:
#   Section '.ignored' is unknown. Section ignored.
### mwldeppc.exe Linker Warning:
#   Section '.ignored' is unknown. Section ignored.
### mwldeppc.exe Linker Warning:
#   Section '.ignored' is unknown. Section ignored.
### mwldeppc.exe Linker Warning:
#   Section '.ignored' is unknown. Section ignored.
### mwldeppc.exe Linker Warning:
#   Section '.ignored' is unknown. Section ignored.
### mwldeppc.exe Linker Warning:
#   Section '.ignored' is unknown. Section ignored.
### mwldeppc.exe Linker Warning:
#   Section '.ignored' is unknown. Section ignored.
### mwldeppc.exe Linker Warning:
#   Section '.ignored' is unknown. Section ignored.
### mwldeppc.exe Linker Warning:
#   Section '.ignored' is unknown. Section ignored.
### mwldeppc.exe Linker Warning:
#   Section '.ignored' is unknown. Section ignored.
### mwldeppc.exe Linker Warning:
#   Section '.ignored' is unknown. Section ignored.
### mwldeppc.exe Linker Warning:
#   Section '.ignored' is unknown. Section ignored.
### mwldeppc.exe Linker Warning:
#   Section '.ignored' is unknown. Section ignored.
### mwldeppc.exe Linker Warning:
#   Section '.ignored' is unknown. Section ignored.
### mwldeppc.exe Linker Warning:
#   Section '.ignored' is unknown. Section ignored.
### mwldeppc.exe Linker Warning:
#   Section '.ignored' is unknown. Section ignored.
### mwldeppc.exe Linker Warning:
#   Section '.ignored' is unknown. Section ignored.
### mwldeppc.exe Linker Warning:
#   Section '.ignored' is unknown. Section ignored.
### mwldeppc.exe Linker Warning:
#   Section '.ignored' is unknown. Section ignored.
### mwldeppc.exe Linker Warning:
#   Section '.ignored' is unknown. Section ignored.
### mwldeppc.exe Linker Warning:
#   Section '.ignored' is unknown. Section ignored.
### mwldeppc.exe Linker Warning:
#   Section '.ignored' is unknown. Section ignored.
### mwldeppc.exe Linker Warning:
#   Section '.ignored' is unknown. Section ignored.
### mwldeppc.exe Linker Warning:
#   Section '.ignored' is unknown. Section ignored.
### mwldeppc.exe Linker Warning:
#   Section '.ignored' is unknown. Section ignored.
### mwldeppc.exe Linker Warning:
#   Section '.ignored' is unknown. Section ignored.
### mwldeppc.exe Linker Warning:
#   Section '.ignored' is unknown. Section ignored.
### mwldeppc.exe Linker Warning:
#   Section '.ignored' is unknown. Section ignored.
### mwldeppc.exe Linker Warning:
#   Section '.ignored' is unknown. Section ignored.
### mwldeppc.exe Linker Warning:
#   Section '.ignored' is unknown. Section ignored.
### mwldeppc.exe Linker Warning:
#   Section '.ignored' is unknown. Section ignored.
### mwldeppc.exe Linker Warning:
#   Section '.ignored' is unknown. Section ignored.
### mwldeppc.exe Linker Warning:
#   Section '.ignored' is unknown. Section ignored.
### mwldeppc.exe Linker Warning:
#   Section '.ignored' is unknown. Section ignored.
### mwldeppc.exe Linker Warning:
#   Section '.ignored' is unknown. Section ignored.
### mwldeppc.exe Linker Warning:
#   Section '.ignored' is unknown. Section ignored.
### mwldeppc.exe Linker Warning:
#   Section '.ignored' is unknown. Section ignored.
### mwldeppc.exe Linker Warning:
#   Section '.ignored' is unknown. Section ignored.
### mwldeppc.exe Linker Warning:
#   Section '.ignored' is unknown. Section ignored.
### mwldeppc.exe Linker Warning:
#   Section '.ignored' is unknown. Section ignored.
### mwldeppc.exe Linker Warning:
#   Section '.ignored' is unknown. Section ignored.
### mwldeppc.exe Linker Warning:
#   Section '.ignored' is unknown. Section ignored.
### mwldeppc.exe Linker Warning:
#   Section '.ignored' is unknown. Section ignored.
### mwldeppc.exe Linker Warning:
#   Section '.ignored' is unknown. Section ignored.
### mwldeppc.exe Linker Warning:
#   Section '.ignored' is unknown. Section ignored.
### mwldeppc.exe Linker Warning:
#   Section '.ignored' is unknown. Section ignored.
### mwldeppc.exe Linker Warning:
#   Section '.ignored' is unknown. Section ignored.
### mwldeppc.exe Linker Warning:
#   Section '.ignored' is unknown. Section ignored.
### mwldeppc.exe Linker Warning:
#   Section '.ignored' is unknown. Section ignored.
### mwldeppc.exe Linker Warning:
#   Section '.ignored' is unknown. Section ignored.
### mwldeppc.exe Linker Warning:
#   Section '.ignored' is unknown. Section ignored.
### mwldeppc.exe Linker Warning:
#   Section '.ignored' is unknown. Section ignored.
### mwldeppc.exe Linker Warning:
#   Section '.ignored' is unknown. Section ignored.
### mwldeppc.exe Linker Warning:
#   Section '.ignored' is unknown. Section ignored.
### mwldeppc.exe Linker Warning:
#   Section '.ignored' is unknown. Section ignored.
### mwldeppc.exe Linker Warning:
#   Section '.ignored' is unknown. Section ignored.
### mwldeppc.exe Linker Warning:
#   Section '.ignored' is unknown. Section ignored.
### mwldeppc.exe Linker Warning:
#   Section '.ignored' is unknown. Section ignored.
### mwldeppc.exe Linker Warning:
#   Section '.ignored' is unknown. Section ignored.
### mwldeppc.exe Linker Warning:
#   Section '.ignored' is unknown. Section ignored.
### mwldeppc.exe Linker Warning:
#   Section '.ignored' is unknown. Section ignored.
### mwldeppc.exe Linker Warning:
#   Section '.ignored' is unknown. Section ignored.
### mwldeppc.exe Linker Warning:
#   Section '.ignored' is unknown. Section ignored.
### mwldeppc.exe Linker Warning:
#   Section '.ignored' is unknown. Section ignored.
### mwldeppc.exe Linker Warning:
#   Section '.ignored' is unknown. Section ignored.
### mwldeppc.exe Linker Warning:
#   Section '.ignored' is unknown. Section ignored.
### mwldeppc.exe Linker Warning:
#   Section '.ignored' is unknown. Section ignored.
### mwldeppc.exe Linker Warning:
#   Section '.ignored' is unknown. Section ignored.
### mwldeppc.exe Linker Warning:
#   Section '.ignored' is unknown. Section ignored.
### mwldeppc.exe Linker Warning:
#   Section '.ignored' is unknown. Section ignored.
### mwldeppc.exe Linker Warning:
#   Section '.ignored' is unknown. Section ignored.
### mwldeppc.exe Linker Warning:
#   Section '.ignored' is unknown. Section ignored.
### mwldeppc.exe Linker Warning:
#   Section '.ignored' is unknown. Section ignored.
### mwldeppc.exe Linker Warning:
#   Section '.ignored' is unknown. Section ignored.
### mwldeppc.exe Linker Warning:
#   Section '.ignored' is unknown. Section ignored.
### mwldeppc.exe Linker Warning:
#   Section '.ignored' is unknown. Section ignored.
### mwldeppc.exe Linker Warning:
#   Section '.ignored' is unknown. Section ignored.
### mwldeppc.exe Linker Warning:
#   Section '.ignored' is unknown. Section ignored.
### mwldeppc.exe Linker Warning:
#   Section '.ignored' is unknown. Section ignored.
### mwldeppc.exe Linker Warning:
#   Section '.ignored' is unknown. Section ignored.
### mwldeppc.exe Linker Warning:
#   Section '.ignored' is unknown. Section ignored.
### mwldeppc.exe Linker Warning:
#   Section '.ignored' is unknown. Section ignored.
### mwldeppc.exe Linker Warning:
#   Section '.ignored' is unknown. Section ignored.
### mwldeppc.exe Linker Warning:
#   Section '.ignored' is unknown. Section ignored.
### mwldeppc.exe Linker Warning:
#   Section '.ignored' is unknown. Section ignored.
### mwldeppc.exe Linker Warning:
#   Section '.ignored' is unknown. Section ignored.
### mwldeppc.exe Linker Warning:
#   Section '.ignored' is unknown. Section ignored.
### mwldeppc.exe Linker Warning:
#   Section '.ignored' is unknown. Section ignored.
### mwldeppc.exe Linker Warning:
#   Section '.ignored' is unknown. Section ignored.
### mwldeppc.exe Linker Warning:
#   Section '.ignored' is unknown. Section ignored.
### mwldeppc.exe Linker Warning:
#   Section '.ignored' is unknown. Section ignored.
### mwldeppc.exe Linker Warning:
#   Section '.ignored' is unknown. Section ignored.
### mwldeppc.exe Linker Warning:
#   Section '.ignored' is unknown. Section ignored.
### mwldeppc.exe Linker Warning:
#   Section '.ignored' is unknown. Section ignored.
### mwldeppc.exe Linker Warning:
#   Section '.ignored' is unknown. Section ignored.
### mwldeppc.exe Linker Warning:
#   Section '.ignored' is unknown. Section ignored.
### mwldeppc.exe Linker Warning:
#   Section '.ignored' is unknown. Section ignored.
### mwldeppc.exe Linker Warning:
#   Section '.ignored' is unknown. Section ignored.
### mwldeppc.exe Linker Warning:
#   Section '.ignored' is unknown. Section ignored.
### mwldeppc.exe Linker Warning:
#   Section '.ignored' is unknown. Section ignored.
### mwldeppc.exe Linker Warning:
#   Section '.ignored' is unknown. Section ignored.
### mwldeppc.exe Linker Warning:
#   Section '.ignored' is unknown. Section ignored.
### mwldeppc.exe Linker Warning:
#   Section '.ignored' is unknown. Section ignored.
### mwldeppc.exe Linker Warning:
#   Section '.ignored' is unknown. Section ignored.
### mwldeppc.exe Linker Warning:
#   Section '.ignored' is unknown. Section ignored.
### mwldeppc.exe Linker Warning:
#   Section '.ignored' is unknown. Section ignored.
### mwldeppc.exe Linker Warning:
#   Section '.ignored' is unknown. Section ignored.
### mwldeppc.exe Linker Warning:
#   Section '.ignored' is unknown. Section ignored.
### mwldeppc.exe Linker Warning:
#   Section '.ignored' is unknown. Section ignored.
### mwldeppc.exe Linker Warning:
#   Section '.ignored' is unknown. Section ignored.
### mwldeppc.exe Linker Warning:
#   Section '.ignored' is unknown. Section ignored.
### mwldeppc.exe Linker Warning:
#   Section '.ignored' is unknown. Section ignored.
### mwldeppc.exe Linker Warning:
#   Section '.ignored' is unknown. Section ignored.
### mwldeppc.exe Linker Warning:
#   Section '.ignored' is unknown. Section ignored.
### mwldeppc.exe Linker Warning:
#   Section '.ignored' is unknown. Section ignored.
### mwldeppc.exe Linker Warning:
#   Section '.ignored' is unknown. Section ignored.
### mwldeppc.exe Linker Warning:
#   Section '.ignored' is unknown. Section ignored.
### mwldeppc.exe Linker Warning:
#   Section '.ignored' is unknown. Section ignored.
### mwldeppc.exe Linker Warning:
#   Section '.ignored' is unknown. Section ignored.
### mwldeppc.exe Linker Warning:
#   Section '.ignored' is unknown. Section ignored.
### mwldeppc.exe Linker Warning:
#   Section '.ignored' is unknown. Section ignored.
### mwldeppc.exe Linker Warning:
#   Section '.ignored' is unknown. Section ignored.
### mwldeppc.exe Linker Warning:
#   Section '.ignored' is unknown. Section ignored.
### mwldeppc.exe Linker Warning:
#   Section '.ignored' is unknown. Section ignored.
### mwldeppc.exe Linker Warning:
#   Section '.ignored' is unknown. Section ignored.
### mwldeppc.exe Linker Warning:
#   Section '.ignored' is unknown. Section ignored.
### mwldeppc.exe Linker Warning:
#   Section '.ignored' is unknown. Section ignored.
### mwldeppc.exe Linker Warning:
#   Section '.ignored' is unknown. Section ignored.
### mwldeppc.exe Linker Warning:
#   Section '.ignored' is unknown. Section ignored.
### mwldeppc.exe Linker Warning:
#   Section '.ignored' is unknown. Section ignored.
### mwldeppc.exe Linker Warning:
#   Section '.ignored' is unknown. Section ignored.
### mwldeppc.exe Linker Warning:
#   Section '.ignored' is unknown. Section ignored.
### mwldeppc.exe Linker Warning:
#   Section '.ignored' is unknown. Section ignored.
### mwldeppc.exe Linker Warning:
#   Section '.ignored' is unknown. Section ignored.
### mwldeppc.exe Linker Warning:
#   Section '.ignored' is unknown. Section ignored.
### mwldeppc.exe Linker Warning:
#   Section '.ignored' is unknown. Section ignored.
### mwldeppc.exe Linker Warning:
#   Section '.ignored' is unknown. Section ignored.
### mwldeppc.exe Linker Warning:
#   Section '.ignored' is unknown. Section ignored.
### mwldeppc.exe Linker Warning:
#   Section '.ignored' is unknown. Section ignored.
### mwldeppc.exe Linker Warning:
#   Section '.ignored' is unknown. Section ignored.
### mwldeppc.exe Linker Warning:
#   Section '.ignored' is unknown. Section ignored.
### mwldeppc.exe Linker Warning:
#   Section '.ignored' is unknown. Section ignored.
### mwldeppc.exe Linker Warning:
#   Section '.ignored' is unknown. Section ignored.
### mwldeppc.exe Linker Warning:
#   Section '.ignored' is unknown. Section ignored.
### mwldeppc.exe Linker Warning:
#   Section '.ignored' is unknown. Section ignored.
### mwldeppc.exe Linker Warning:
#   Section '.ignored' is unknown. Section ignored.
### mwldeppc.exe Linker Warning:
#   Section '.ignored' is unknown. Section ignored.
### mwldeppc.exe Linker Warning:
#   Section '.ignored' is unknown. Section ignored.
### mwldeppc.exe Linker Warning:
#   Section '.ignored' is unknown. Section ignored.
### mwldeppc.exe Linker Warning:
#   Section '.ignored' is unknown. Section ignored.
### mwldeppc.exe Linker Warning:
#   Section '.ignored' is unknown. Section ignored.
### mwldeppc.exe Linker Warning:
#   Section '.ignored' is unknown. Section ignored.
### mwldeppc.exe Linker Warning:
#   Section '.ignored' is unknown. Section ignored.
### mwldeppc.exe Linker Warning:
#   Section '.ignored' is unknown. Section ignored.
### mwldeppc.exe Linker Warning:
#   Section '.ignored' is unknown. Section ignored.
### mwldeppc.exe Linker Warning:
#   Section '.ignored' is unknown. Section ignored.
### mwldeppc.exe Linker Warning:
#   Section '.ignored' is unknown. Section ignored.
### mwldeppc.exe Linker Warning:
#   Section '.ignored' is unknown. Section ignored.
### mwldeppc.exe Linker Warning:
#   Section '.ignored' is unknown. Section ignored.
### mwldeppc.exe Linker Warning:
#   Section '.ignored' is unknown. Section ignored.
### mwldeppc.exe Linker Warning:
#   Section '.ignored' is unknown. Section ignored.
### mwldeppc.exe Linker Warning:
#   Section '.ignored' is unknown. Section ignored.
### mwldeppc.exe Linker Warning:
#   Section '.ignored' is unknown. Section ignored.
### mwldeppc.exe Linker Warning:
#   Section '.ignored' is unknown. Section ignored.
### mwldeppc.exe Linker Warning:
#   Section '.ignored' is unknown. Section ignored.
### mwldeppc.exe Linker Warning:
#   Section '.ignored' is unknown. Section ignored.
### mwldeppc.exe Linker Warning:
#   Section '.ignored' is unknown. Section ignored.
### mwldeppc.exe Linker Warning:
#   Section '.ignored' is unknown. Section ignored.
### mwldeppc.exe Linker Warning:
#   Section '.ignored' is unknown. Section ignored.
### mwldeppc.exe Linker Warning:
#   Section '.ignored' is unknown. Section ignored.
### mwldeppc.exe Linker Warning:
#   Section '.ignored' is unknown. Section ignored.
### mwldeppc.exe Linker Warning:
#   Section '.ignored' is unknown. Section ignored.
### mwldeppc.exe Linker Warning:
#   Section '.ignored' is unknown. Section ignored.
### mwldeppc.exe Linker Warning:
#   Section '.ignored' is unknown. Section ignored.
### mwldeppc.exe Linker Warning:
#   Section '.ignored' is unknown. Section ignored.
### mwldeppc.exe Linker Warning:
#   Section '.ignored' is unknown. Section ignored.
### mwldeppc.exe Linker Warning:
#   Section '.ignored' is unknown. Section ignored.
### mwldeppc.exe Linker Warning:
#   Section '.ignored' is unknown. Section ignored.
### mwldeppc.exe Linker Warning:
#   Section '.ignored' is unknown. Section ignored.
### mwldeppc.exe Linker Warning:
#   Section '.ignored' is unknown. Section ignored.
### mwldeppc.exe Linker Warning:
#   Section '.ignored' is unknown. Section ignored.
### mwldeppc.exe Linker Warning:
#   Section '.ignored' is unknown. Section ignored.
### mwldeppc.exe Linker Warning:
#   Section '.ignored' is unknown. Section ignored.
### mwldeppc.exe Linker Warning:
#   Section '.ignored' is unknown. Section ignored.
### mwldeppc.exe Linker Warning:
#   Section '.ignored' is unknown. Section ignored.
### mwldeppc.exe Linker Warning:
#   Section '.ignored' is unknown. Section ignored.
### mwldeppc.exe Linker Warning:
#   Section '.ignored' is unknown. Section ignored.
### mwldeppc.exe Linker Warning:
#   Section '.ignored' is unknown. Section ignored.
### mwldeppc.exe Linker Warning:
#   Section '.ignored' is unknown. Section ignored.
### mwldeppc.exe Linker Warning:
#   Section '.ignored' is unknown. Section ignored.
### mwldeppc.exe Linker Warning:
#   Section '.ignored' is unknown. Section ignored.
### mwldeppc.exe Linker Warning:
#   Section '.ignored' is unknown. Section ignored.
### mwldeppc.exe Linker Warning:
#   Section '.ignored' is unknown. Section ignored.
### mwldeppc.exe Linker Warning:
#   Section '.ignored' is unknown. Section ignored.
### mwldeppc.exe Linker Warning:
#   Section '.ignored' is unknown. Section ignored.
### mwldeppc.exe Linker Warning:
#   Section '.ignored' is unknown. Section ignored.
### mwldeppc.exe Linker Warning:
#   Section '.ignored' is unknown. Section ignored.
### mwldeppc.exe Linker Warning:
#   Section '.ignored' is unknown. Section ignored.
### mwldeppc.exe Linker Warning:
#   Section '.ignored' is unknown. Section ignored.
### mwldeppc.exe Linker Warning:
#   Section '.ignored' is unknown. Section ignored.
### mwldeppc.exe Linker Warning:
#   Section '.ignored' is unknown. Section ignored.
### mwldeppc.exe Linker Warning:
#   Section '.ignored' is unknown. Section ignored.
### mwldeppc.exe Linker Warning:
#   Section '.ignored' is unknown. Section ignored.
### mwldeppc.exe Linker Warning:
#   Section '.ignored' is unknown. Section ignored.
### mwldeppc.exe Linker Warning:
#   Section '.ignored' is unknown. Section ignored.
### mwldeppc.exe Linker Warning:
#   Section '.ignored' is unknown. Section ignored.
### mwldeppc.exe Linker Warning:
#   Section '.ignored' is unknown. Section ignored.
### mwldeppc.exe Linker Warning:
#   Section '.ignored' is unknown. Section ignored.
### mwldeppc.exe Linker Warning:
#   Section '.ignored' is unknown. Section ignored.
### mwldeppc.exe Linker Warning:
#   Section '.ignored' is unknown. Section ignored.
### mwldeppc.exe Linker Warning:
#   Section '.ignored' is unknown. Section ignored.
### mwldeppc.exe Linker Warning:
#   Section '.ignored' is unknown. Section ignored.
### mwldeppc.exe Linker Warning:
#   Section '.ignored' is unknown. Section ignored.
### mwldeppc.exe Linker Warning:
#   Section '.ignored' is unknown. Section ignored.
### mwldeppc.exe Linker Warning:
#   Section '.ignored' is unknown. Section ignored.
### mwldeppc.exe Linker Warning:
#   Section '.ignored' is unknown. Section ignored.
### mwldeppc.exe Linker Warning:
#   Section '.ignored' is unknown. Section ignored.
### mwldeppc.exe Linker Warning:
#   Section '.ignored' is unknown. Section ignored.
### mwldeppc.exe Linker Warning:
#   Section '.ignored' is unknown. Section ignored.
### mwldeppc.exe Linker Warning:
#   Section '.ignored' is unknown. Section ignored.
### mwldeppc.exe Linker Warning:
#   Section '.ignored' is unknown. Section ignored.
### mwldeppc.exe Linker Warning:
#   Section '.ignored' is unknown. Section ignored.
### mwldeppc.exe Linker Warning:
#   Section '.ignored' is unknown. Section ignored.
### mwldeppc.exe Linker Warning:
#   Section '.ignored' is unknown. Section ignored.
### mwldeppc.exe Linker Warning:
#   Section '.ignored' is unknown. Section ignored.
### mwldeppc.exe Linker Warning:
#   Section '.ignored' is unknown. Section ignored.
### mwldeppc.exe Linker Warning:
#   Section '.ignored' is unknown. Section ignored.
### mwldeppc.exe Linker Warning:
#   Section '.ignored' is unknown. Section ignored.
### mwldeppc.exe Linker Warning:
#   Section '.ignored' is unknown. Section ignored.
### mwldeppc.exe Linker Warning:
#   Section '.ignored' is unknown. Section ignored.
### mwldeppc.exe Linker Warning:
#   Section '.ignored' is unknown. Section ignored.
### mwldeppc.exe Linker Warning:
#   Section '.ignored' is unknown. Section ignored.
### mwldeppc.exe Linker Warning:
#   Section '.ignored' is unknown. Section ignored.
### mwldeppc.exe Linker Warning:
#   Section '.ignored' is unknown. Section ignored.
### mwldeppc.exe Linker Warning:
#   Section '.ignored' is unknown. Section ignored.
### mwldeppc.exe Linker Warning:
#   Section '.ignored' is unknown. Section ignored.
### mwldeppc.exe Linker Warning:
#   Section '.ignored' is unknown. Section ignored.
### mwldeppc.exe Linker Warning:
#   Section '.ignored' is unknown. Section ignored.
### mwldeppc.exe Linker Warning:
#   Section '.ignored' is unknown. Section ignored.
### mwldeppc.exe Linker Warning:
#   Section '.ignored' is unknown. Section ignored.
### mwldeppc.exe Linker Warning:
#   Section '.ignored' is unknown. Section ignored.
### mwldeppc.exe Linker Warning:
#   Section '.ignored' is unknown. Section ignored.
### mwldeppc.exe Linker Warning:
#   Section '.ignored' is unknown. Section ignored.
### mwldeppc.exe Linker Warning:
#   Section '.ignored' is unknown. Section ignored.
### mwldeppc.exe Linker Warning:
#   Section '.ignored' is unknown. Section ignored.
### mwldeppc.exe Linker Warning:
#   Section '.ignored' is unknown. Section ignored.
### mwldeppc.exe Linker Warning:
#   Section '.ignored' is unknown. Section ignored.
### mwldeppc.exe Linker Warning:
#   Section '.ignored' is unknown. Section ignored.
### mwldeppc.exe Linker Warning:
#   Section '.ignored' is unknown. Section ignored.
### mwldeppc.exe Linker Warning:
#   Section '.ignored' is unknown. Section ignored.
### mwldeppc.exe Linker Warning:
#   Section '.ignored' is unknown. Section ignored.
### mwldeppc.exe Linker Warning:
#   Section '.ignored' is unknown. Section ignored.
### mwldeppc.exe Linker Warning:
#   Section '.ignored' is unknown. Section ignored.
### mwldeppc.exe Linker Warning:
#   Section '.ignored' is unknown. Section ignored.
### mwldeppc.exe Linker Warning:
#   Section '.ignored' is unknown. Section ignored.
### mwldeppc.exe Linker Warning:
#   Section '.ignored' is unknown. Section ignored.
### mwldeppc.exe Linker Warning:
#   Section '.ignored' is unknown. Section ignored.
### mwldeppc.exe Linker Warning:
#   Section '.ignored' is unknown. Section ignored.
### mwldeppc.exe Linker Warning:
#   Section '.ignored' is unknown. Section ignored.
### mwldeppc.exe Linker Warning:
#   Section '.ignored' is unknown. Section ignored.
### mwldeppc.exe Linker Warning:
#   Section '.ignored' is unknown. Section ignored.
### mwldeppc.exe Linker Warning:
#   Section '.ignored' is unknown. Section ignored.
### mwldeppc.exe Linker Warning:
#   Section '.ignored' is unknown. Section ignored.
### mwldeppc.exe Linker Warning:
#   Section '.ignored' is unknown. Section ignored.
### mwldeppc.exe Linker Warning:
#   Section '.ignored' is unknown. Section ignored.
### mwldeppc.exe Linker Warning:
#   Section '.ignored' is unknown. Section ignored.
### mwldeppc.exe Linker Warning:
#   Section '.ignored' is unknown. Section ignored.
### mwldeppc.exe Linker Warning:
#   Section '.ignored' is unknown. Section ignored.
### mwldeppc.exe Linker Warning:
#   Section '.ignored' is unknown. Section ignored.
### mwldeppc.exe Linker Warning:
#   Section '.ignored' is unknown. Section ignored.
### mwldeppc.exe Linker Warning:
#   Section '.ignored' is unknown. Section ignored.
### mwldeppc.exe Linker Warning:
#   Section '.ignored' is unknown. Section ignored.
### mwldeppc.exe Linker Warning:
#   Section '.ignored' is unknown. Section ignored.
### mwldeppc.exe Linker Warning:
#   Section '.ignored' is unknown. Section ignored.
### mwldeppc.exe Linker Warning:
#   Section '.ignored' is unknown. Section ignored.
### mwldeppc.exe Linker Warning:
#   Section '.ignored' is unknown. Section ignored.
### mwldeppc.exe Linker Warning:
#   Section '.ignored' is unknown. Section ignored.
### mwldeppc.exe Linker Warning:
#   Section '.ignored' is unknown. Section ignored.
### mwldeppc.exe Linker Warning:
#   Section '.ignored' is unknown. Section ignored.
### mwldeppc.exe Linker Warning:
#   Section '.ignored' is unknown. Section ignored.
### mwldeppc.exe Linker Warning:
#   Section '.ignored' is unknown. Section ignored.
### mwldeppc.exe Linker Warning:
#   Section '.ignored' is unknown. Section ignored.
### mwldeppc.exe Linker Warning:
#   Section '.ignored' is unknown. Section ignored.
### mwldeppc.exe Linker Warning:
#   Section '.ignored' is unknown. Section ignored.
### mwldeppc.exe Linker Warning:
#   Section '.ignored' is unknown. Section ignored.
### mwldeppc.exe Linker Warning:
#   Section '.ignored' is unknown. Section ignored.
### mwldeppc.exe Linker Warning:
#   Section '.ignored' is unknown. Section ignored.
### mwldeppc.exe Linker Warning:
#   Section '.ignored' is unknown. Section ignored.
### mwldeppc.exe Linker Warning:
#   Section '.ignored' is unknown. Section ignored.
### mwldeppc.exe Linker Warning:
#   Section '.ignored' is unknown. Section ignored.
### mwldeppc.exe Linker Warning:
#   Section '.ignored' is unknown. Section ignored.
### mwldeppc.exe Linker Warning:
#   Section '.ignored' is unknown. Section ignored.
### mwldeppc.exe Linker Warning:
#   Section '.ignored' is unknown. Section ignored.
### mwldeppc.exe Linker Warning:
#   Section '.ignored' is unknown. Section ignored.
### mwldeppc.exe Linker Warning:
#   Section '.ignored' is unknown. Section ignored.
### mwldeppc.exe Linker Warning:
#   Section '.ignored' is unknown. Section ignored.
### mwldeppc.exe Linker Warning:
#   Section '.ignored' is unknown. Section ignored.
### mwldeppc.exe Linker Warning:
#   Section '.ignored' is unknown. Section ignored.
### mwldeppc.exe Linker Warning:
#   Section '.ignored' is unknown. Section ignored.
### mwldeppc.exe Linker Warning:
#   Section '.ignored' is unknown. Section ignored.
### mwldeppc.exe Linker Warning:
#   Section '.ignored' is unknown. Section ignored.
### mwldeppc.exe Linker Warning:
#   Section '.ignored' is unknown. Section ignored.
### mwldeppc.exe Linker Warning:
#   Section '.ignored' is unknown. Section ignored.
### mwldeppc.exe Linker Warning:
#   Section '.ignored' is unknown. Section ignored.
### mwldeppc.exe Linker Warning:
#   Section '.ignored' is unknown. Section ignored.
### mwldeppc.exe Linker Warning:
#   Section '.ignored' is unknown. Section ignored.
### mwldeppc.exe Linker Warning:
#   Section '.ignored' is unknown. Section ignored.
### mwldeppc.exe Linker Warning:
#   Section '.ignored' is unknown. Section ignored.
### mwldeppc.exe Linker Warning:
#   Section '.ignored' is unknown. Section ignored.
### mwldeppc.exe Linker Warning:
#   Section '.ignored' is unknown. Section ignored.
### mwldeppc.exe Linker Warning:
#   Section '.ignored' is unknown. Section ignored.
### mwldeppc.exe Linker Warning:
#   Section '.ignored' is unknown. Section ignored.
### mwldeppc.exe Linker Warning:
#   Section '.ignored' is unknown. Section ignored.
### mwldeppc.exe Linker Warning:
#   Section '.ignored' is unknown. Section ignored.
### mwldeppc.exe Linker Warning:
#   Section '.ignored' is unknown. Section ignored.
### mwldeppc.exe Linker Warning:
#   Section '.ignored' is unknown. Section ignored.
### mwldeppc.exe Linker Warning:
#   Section '.ignored' is unknown. Section ignored.
### mwldeppc.exe Linker Warning:
#   Section '.ignored' is unknown. Section ignored.
### mwldeppc.exe Linker Warning:
#   Section '.ignored' is unknown. Section ignored.
### mwldeppc.exe Linker Warning:
#   Section '.ignored' is unknown. Section ignored.
### mwldeppc.exe Linker Warning:
#   Section '.ignored' is unknown. Section ignored.
### mwldeppc.exe Linker Warning:
#   Section '.ignored' is unknown. Section ignored.
### mwldeppc.exe Linker Warning:
#   Section '.ignored' is unknown. Section ignored.
### mwldeppc.exe Linker Warning:
#   Section '.ignored' is unknown. Section ignored.
### mwldeppc.exe Linker Warning:
#   Section '.ignored' is unknown. Section ignored.
### mwldeppc.exe Linker Warning:
#   Section '.ignored' is unknown. Section ignored.
### mwldeppc.exe Linker Warning:
#   Section '.ignored' is unknown. Section ignored.
### mwldeppc.exe Linker Warning:
#   Section '.ignored' is unknown. Section ignored.
### mwldeppc.exe Linker Warning:
#   Section '.ignored' is unknown. Section ignored.
### mwldeppc.exe Linker Warning:
#   Section '.ignored' is unknown. Section ignored.
### mwldeppc.exe Linker Warning:
#   Section '.ignored' is unknown. Section ignored.
### mwldeppc.exe Linker Warning:
#   Section '.ignored' is unknown. Section ignored.
### mwldeppc.exe Linker Warning:
#   Section '.ignored' is unknown. Section ignored.
### mwldeppc.exe Linker Warning:
#   Section '.ignored' is unknown. Section ignored.
### mwldeppc.exe Linker Warning:
#   Section '.ignored' is unknown. Section ignored.
### mwldeppc.exe Linker Warning:
#   Section '.ignored' is unknown. Section ignored.
### mwldeppc.exe Linker Warning:
#   Section '.ignored' is unknown. Section ignored.
### mwldeppc.exe Linker Warning:
#   Section '.ignored' is unknown. Section ignored.
### mwldeppc.exe Linker Warning:
#   Section '.ignored' is unknown. Section ignored.
### mwldeppc.exe Linker Warning:
#   Section '.ignored' is unknown. Section ignored.
### mwldeppc.exe Linker Warning:
#   Section '.ignored' is unknown. Section ignored.
### mwldeppc.exe Linker Warning:
#   Section '.ignored' is unknown. Section ignored.
### mwldeppc.exe Linker Warning:
#   Section '.ignored' is unknown. Section ignored.
### mwldeppc.exe Linker Warning:
#   Section '.ignored' is unknown. Section ignored.
### mwldeppc.exe Linker Warning:
#   Section '.ignored' is unknown. Section ignored.
### mwldeppc.exe Linker Warning:
#   Section '.ignored' is unknown. Section ignored.
### mwldeppc.exe Linker Warning:
#   Section '.ignored' is unknown. Section ignored.
### mwldeppc.exe Linker Warning:
#   Section '.ignored' is unknown. Section ignored.
### mwldeppc.exe Linker Warning:
#   Section '.ignored' is unknown. Section ignored.
### mwldeppc.exe Linker Warning:
#   Section '.ignored' is unknown. Section ignored.
### mwldeppc.exe Linker Warning:
#   Section '.ignored' is unknown. Section ignored.
### mwldeppc.exe Linker Warning:
#   Section '.ignored' is unknown. Section ignored.
### mwldeppc.exe Linker Warning:
#   Section '.ignored' is unknown. Section ignored.
### mwldeppc.exe Linker Warning:
#   Section '.ignored' is unknown. Section ignored.
### mwldeppc.exe Linker Warning:
#   Section '.ignored' is unknown. Section ignored.
### mwldeppc.exe Linker Warning:
#   Section '.ignored' is unknown. Section ignored.
### mwldeppc.exe Linker Warning:
#   Section '.ignored' is unknown. Section ignored.
### mwldeppc.exe Linker Warning:
#   Section '.ignored' is unknown. Section ignored.
### mwldeppc.exe Linker Warning:
#   Section '.ignored' is unknown. Section ignored.
### mwldeppc.exe Linker Warning:
#   Section '.ignored' is unknown. Section ignored.
### mwldeppc.exe Linker Warning:
#   Section '.ignored' is unknown. Section ignored.
### mwldeppc.exe Linker Warning:
#   Section '.ignored' is unknown. Section ignored.
### mwldeppc.exe Linker Warning:
#   Section '.ignored' is unknown. Section ignored.
### mwldeppc.exe Linker Warning:
#   Section '.ignored' is unknown. Section ignored.
### mwldeppc.exe Linker Warning:
#   Section '.ignored' is unknown. Section ignored.
### mwldeppc.exe Linker Warning:
#   Section '.ignored' is unknown. Section ignored.
### mwldeppc.exe Linker Warning:
#   Section '.ignored' is unknown. Section ignored.
### mwldeppc.exe Linker Warning:
#   Section '.ignored' is unknown. Section ignored.
### mwldeppc.exe Linker Warning:
#   Section '.ignored' is unknown. Section ignored.
### mwldeppc.exe Linker Warning:
#   Section '.ignored' is unknown. Section ignored.
### mwldeppc.exe Linker Warning:
#   Section '.ignored' is unknown. Section ignored.
### mwldeppc.exe Linker Warning:
#   Section '.ignored' is unknown. Section ignored.
### mwldeppc.exe Linker Warning:
#   Section '.ignored' is unknown. Section ignored.
### mwldeppc.exe Linker Warning:
#   Section '.ignored' is unknown. Section ignored.
### mwldeppc.exe Linker Warning:
#   Section '.ignored' is unknown. Section ignored.
### mwldeppc.exe Linker Warning:
#   Section '.ignored' is unknown. Section ignored.
### mwldeppc.exe Linker Warning:
#   Section '.ignored' is unknown. Section ignored.
### mwldeppc.exe Linker Warning:
#   Section '.ignored' is unknown. Section ignored.
### mwldeppc.exe Linker Warning:
#   Section '.ignored' is unknown. Section ignored.
### mwldeppc.exe Linker Warning:
#   Section '.ignored' is unknown. Section ignored.
### mwldeppc.exe Linker Warning:
#   Section '.ignored' is unknown. Section ignored.
### mwldeppc.exe Linker Warning:
#   Section '.ignored' is unknown. Section ignored.
### mwldeppc.exe Linker Warning:
#   Section '.ignored' is unknown. Section ignored.
### mwldeppc.exe Linker Warning:
#   Section '.ignored' is unknown. Section ignored.
### mwldeppc.exe Linker Warning:
#   Section '.ignored' is unknown. Section ignored.
### mwldeppc.exe Linker Warning:
#   Section '.ignored' is unknown. Section ignored.
### mwldeppc.exe Linker Warning:
#   Section '.ignored' is unknown. Section ignored.
### mwldeppc.exe Linker Warning:
#   Section '.ignored' is unknown. Section ignored.
### mwldeppc.exe Linker Warning:
#   Section '.ignored' is unknown. Section ignored.
### mwldeppc.exe Linker Warning:
#   Section '.ignored' is unknown. Section ignored.
### mwldeppc.exe Linker Warning:
#   Section '.ignored' is unknown. Section ignored.
### mwldeppc.exe Linker Warning:
#   Section '.ignored' is unknown. Section ignored.
### mwldeppc.exe Linker Warning:
#   Section '.ignored' is unknown. Section ignored.
### mwldeppc.exe Linker Warning:
#   Section '.ignored' is unknown. Section ignored.
### mwldeppc.exe Linker Warning:
#   Section '.ignored' is unknown. Section ignored.
### mwldeppc.exe Linker Warning:
#   Section '.ignored' is unknown. Section ignored.
### mwldeppc.exe Linker Warning:
#   Section '.ignored' is unknown. Section ignored.
### mwldeppc.exe Linker Warning:
#   Section '.ignored' is unknown. Section ignored.
### mwldeppc.exe Linker Warning:
#   Section '.ignored' is unknown. Section ignored.
### mwldeppc.exe Linker Warning:
#   Section '.ignored' is unknown. Section ignored.
### mwldeppc.exe Linker Warning:
#   Section '.ignored' is unknown. Section ignored.
### mwldeppc.exe Linker Warning:
#   Section '.ignored' is unknown. Section ignored.
### mwldeppc.exe Linker Warning:
#   Section '.ignored' is unknown. Section ignored.
### mwldeppc.exe Linker Warning:
#   Section '.ignored' is unknown. Section ignored.
### mwldeppc.exe Linker Warning:
#   Section '.ignored' is unknown. Section ignored.
### mwldeppc.exe Linker Warning:
#   Section '.ignored' is unknown. Section ignored.
### mwldeppc.exe Linker Warning:
#   Section '.ignored' is unknown. Section ignored.
### mwldeppc.exe Linker Warning:
#   Section '.ignored' is unknown. Section ignored.
### mwldeppc.exe Linker Warning:
#   Section '.ignored' is unknown. Section ignored.
### mwldeppc.exe Linker Warning:
#   Section '.ignored' is unknown. Section ignored.
### mwldeppc.exe Linker Warning:
#   Section '.ignored' is unknown. Section ignored.
### mwldeppc.exe Linker Warning:
#   Section '.ignored' is unknown. Section ignored.
### mwldeppc.exe Linker Warning:
#   Section '.ignored' is unknown. Section ignored.
### mwldeppc.exe Linker Warning:
#   Section '.ignored' is unknown. Section ignored.
### mwldeppc.exe Linker Warning:
#   Section '.ignored' is unknown. Section ignored.
### mwldeppc.exe Linker Warning:
#   Section '.ignored' is unknown. Section ignored.
### mwldeppc.exe Linker Warning:
#   Section '.ignored' is unknown. Section ignored.
### mwldeppc.exe Linker Warning:
#   Section '.ignored' is unknown. Section ignored.
### mwldeppc.exe Linker Warning:
#   Section '.ignored' is unknown. Section ignored.
### mwldeppc.exe Linker Warning:
#   Section '.ignored' is unknown. Section ignored.
### mwldeppc.exe Linker Warning:
#   Section '.ignored' is unknown. Section ignored.
### mwldeppc.exe Linker Warning:
#   Section '.ignored' is unknown. Section ignored.
### mwldeppc.exe Linker Warning:
#   Section '.ignored' is unknown. Section ignored.
### mwldeppc.exe Linker Warning:
#   Section '.ignored' is unknown. Section ignored.
### mwldeppc.exe Linker Warning:
#   Section '.ignored' is unknown. Section ignored.
### mwldeppc.exe Linker Warning:
#   Section '.ignored' is unknown. Section ignored.
### mwldeppc.exe Linker Warning:
#   Section '.ignored' is unknown. Section ignored.
### mwldeppc.exe Linker Warning:
#   Section '.ignored' is unknown. Section ignored.
### mwldeppc.exe Linker Warning:
#   Section '.ignored' is unknown. Section ignored.
### mwldeppc.exe Linker Warning:
#   Section '.ignored' is unknown. Section ignored.
### mwldeppc.exe Linker Warning:
#   Section '.ignored' is unknown. Section ignored.
### mwldeppc.exe Linker Warning:
#   Section '.ignored' is unknown. Section ignored.
### mwldeppc.exe Linker Warning:
#   Section '.ignored' is unknown. Section ignored.
### mwldeppc.exe Linker Warning:
#   Section '.ignored' is unknown. Section ignored.
### mwldeppc.exe Linker Warning:
#   Section '.ignored' is unknown. Section ignored.
### mwldeppc.exe Linker Warning:
#   Section '.ignored' is unknown. Section ignored.
### mwldeppc.exe Linker Warning:
#   Section '.ignored' is unknown. Section ignored.
### mwldeppc.exe Linker Warning:
#   Section '.ignored' is unknown. Section ignored.
### mwldeppc.exe Linker Warning:
#   Section '.ignored' is unknown. Section ignored.
### mwldeppc.exe Linker Warning:
#   Section '.ignored' is unknown. Section ignored.
### mwldeppc.exe Linker Warning:
#   Section '.ignored' is unknown. Section ignored.
### mwldeppc.exe Linker Warning:
#   Section '.ignored' is unknown. Section ignored.
### mwldeppc.exe Linker Warning:
#   Section '.ignored' is unknown. Section ignored.
### mwldeppc.exe Linker Warning:
#   Section '.ignored' is unknown. Section ignored.
### mwldeppc.exe Linker Warning:
#   Section '.ignored' is unknown. Section ignored.
### mwldeppc.exe Linker Warning:
#   Section '.ignored' is unknown. Section ignored.
### mwldeppc.exe Linker Warning:
#   Section '.ignored' is unknown. Section ignored.
### mwldeppc.exe Linker Warning:
#   Section '.ignored' is unknown. Section ignored.
### mwldeppc.exe Linker Warning:
#   Section '.ignored' is unknown. Section ignored.
### mwldeppc.exe Linker Warning:
#   Section '.ignored' is unknown. Section ignored.
### mwldeppc.exe Linker Warning:
#   Section '.ignored' is unknown. Section ignored.
### mwldeppc.exe Linker Warning:
#   Section '.ignored' is unknown. Section ignored.
### mwldeppc.exe Linker Warning:
#   Section '.ignored' is unknown. Section ignored.
### mwldeppc.exe Linker Warning:
#   Section '.ignored' is unknown. Section ignored.
### mwldeppc.exe Linker Warning:
#   Section '.ignored' is unknown. Section ignored.
### mwldeppc.exe Linker Warning:
#   Section '.ignored' is unknown. Section ignored.
### mwldeppc.exe Linker Warning:
#   Section '.ignored' is unknown. Section ignored.
### mwldeppc.exe Linker Warning:
#   Section '.ignored' is unknown. Section ignored.
### mwldeppc.exe Linker Warning:
#   Section '.ignored' is unknown. Section ignored.
### mwldeppc.exe Linker Warning:
#   Section '.ignored' is unknown. Section ignored.
### mwldeppc.exe Linker Warning:
#   Section '.ignored' is unknown. Section ignored.
### mwldeppc.exe Linker Warning:
#   Section '.ignored' is unknown. Section ignored.
### mwldeppc.exe Linker Warning:
#   Section '.ignored' is unknown. Section ignored.
### mwldeppc.exe Linker Warning:
#   Section '.ignored' is unknown. Section ignored.
### mwldeppc.exe Linker Warning:
#   Section '.ignored' is unknown. Section ignored.
### mwldeppc.exe Linker Warning:
#   Section '.ignored' is unknown. Section ignored.
### mwldeppc.exe Linker Warning:
#   Section '.ignored' is unknown. Section ignored.
### mwldeppc.exe Linker Warning:
#   Section '.ignored' is unknown. Section ignored.
### mwldeppc.exe Linker Warning:
#   Section '.ignored' is unknown. Section ignored.
### mwldeppc.exe Linker Warning:
#   Section '.ignored' is unknown. Section ignored.
### mwldeppc.exe Linker Warning:
#   Section '.ignored' is unknown. Section ignored.
### mwldeppc.exe Linker Warning:
#   Section '.ignored' is unknown. Section ignored.
### mwldeppc.exe Linker Warning:
#   Section '.ignored' is unknown. Section ignored.
### mwldeppc.exe Linker Warning:
#   Section '.ignored' is unknown. Section ignored.
### mwldeppc.exe Linker Warning:
#   Section '.ignored' is unknown. Section ignored.
### mwldeppc.exe Linker Warning:
#   Section '.ignored' is unknown. Section ignored.
### mwldeppc.exe Linker Warning:
#   Section '.ignored' is unknown. Section ignored.
### mwldeppc.exe Linker Warning:
#   Section '.ignored' is unknown. Section ignored.
### mwldeppc.exe Linker Warning:
#   Section '.ignored' is unknown. Section ignored.
### mwldeppc.exe Linker Warning:
#   Section '.ignored' is unknown. Section ignored.
### mwldeppc.exe Linker Warning:
#   Section '.ignored' is unknown. Section ignored.
### mwldeppc.exe Linker Warning:
#   Section '.ignored' is unknown. Section ignored.
### mwldeppc.exe Linker Warning:
#   Section '.ignored' is unknown. Section ignored.
### mwldeppc.exe Linker Warning:
#   Section '.ignored' is unknown. Section ignored.
### mwldeppc.exe Linker Warning:
#   Section '.ignored' is unknown. Section ignored.
[961/963] DOL build/GEDE01/main.dol
[962/963] CHECK config/GEDE01/build.sha1
build/GEDE01/main.dol: OK
[963/963] PROGRESS
Progress:
  All: 61.17% fuzzy, 52.03% matched, 51.95% linked (6401 / 7095 files)
    Code: 1196936 / 2300692 bytes (6168 / 8214 functions)
    Data: 39886 / 4305642 bytes (0.93%)
  Game Code: 98.04% fuzzy, 83.34% matched, 83.22% linked (6383 / 6659 files)
    Code: 1193908 / 1432548 bytes (6106 / 6380 functions)
    Data: 39662 / 40542 bytes (97.83%)
  SDK/Runtime: 100.00% fuzzy, 100.00% matched, 100.00% linked (18 / 18 files)
    Code: 3028 / 3028 bytes (62 / 62 functions)
    Data: 224 / 224 bytes (100.00%)
exit_code=0
