[1/2] SPLIT config/GEDE01/config.yml
 INFO Loading config/GEDE01/config.yml
 INFO Loading and analyzing 1 module (using 1 thread)
 INFO Initial analysis completed in 1.149s (found 8214 functions)
 INFO Rebuilding relocations and splitting
 WARN module{name=main id=0}: Alignment for game/game_fn_80050A7C.c .rodata expected 8, but starts at 6:0x80238F04
 WARN module{name=main id=0}: Alignment for game/game_fn_80057E3C.c .rodata expected 8, but starts at 6:0x80238FBC
 WARN module{name=main id=0}: Alignment for game/game_data_80239044.c .rodata expected 8, but starts at 6:0x80239044
 WARN module{name=main id=0}: Alignment for game/game_data_80239054.c .rodata expected 8, but starts at 6:0x80239054
 WARN module{name=main id=0}: Alignment for game/game_data_8023906C.c .rodata expected 8, but starts at 6:0x8023906C
 WARN module{name=main id=0}: Alignment for game/game_data_80239084.c .rodata expected 8, but starts at 6:0x80239084
 WARN module{name=main id=0}: Alignment for game/game_data_802390B4.c .rodata expected 8, but starts at 6:0x802390B4
 WARN module{name=main id=0}: Alignment for game/game_data_802390D4.c .rodata expected 8, but starts at 6:0x802390D4
 WARN module{name=main id=0}: Alignment for game/game_data_802390EC.c .rodata expected 8, but starts at 6:0x802390EC
 WARN module{name=main id=0}: Alignment for game/game_data_80239194.c .rodata expected 8, but starts at 6:0x80239194
 WARN module{name=main id=0}: Alignment for game/game_data_802391C4.c .rodata expected 8, but starts at 6:0x802391C4
 WARN module{name=main id=0}: Alignment for game/game_data_802393CC.c .rodata expected 8, but starts at 6:0x802393CC
 WARN module{name=main id=0}: Alignment for game/game_data_802393E4.c .rodata expected 8, but starts at 6:0x802393E4
 WARN module{name=main id=0}: Alignment for game/game_data_802393FC.c .rodata expected 8, but starts at 6:0x802393FC
 WARN module{name=main id=0}: Alignment for game/game_data_80239414.c .rodata expected 8, but starts at 6:0x80239414
 WARN module{name=main id=0}: Alignment for game/game_data_8023945C.c .rodata expected 8, but starts at 6:0x8023945C
 WARN module{name=main id=0}: Alignment for game/game_data_8023953C.c .rodata expected 8, but starts at 6:0x8023953C
 WARN module{name=main id=0}: Alignment for game/game_data_80239554.c .rodata expected 8, but starts at 6:0x80239554
 WARN module{name=main id=0}: Alignment for game/game_data_8023963C.c .rodata expected 8, but starts at 6:0x8023963C
 WARN module{name=main id=0}: Alignment for game/game_data_80239654.c .rodata expected 8, but starts at 6:0x80239654
 WARN module{name=main id=0}: Alignment for game/game_data_8023966C.c .rodata expected 8, but starts at 6:0x8023966C
 WARN module{name=main id=0}: Alignment for game/game_data_80239694.c .rodata expected 8, but starts at 6:0x80239694
 WARN module{name=main id=0}: Alignment for game/game_data_802396BC.c .rodata expected 8, but starts at 6:0x802396BC
 WARN module{name=main id=0}: Alignment for game/game_data_802396D4.c .rodata expected 8, but starts at 6:0x802396D4
 WARN module{name=main id=0}: Alignment for game/game_data_8023972C.c .rodata expected 8, but starts at 6:0x8023972C
 WARN module{name=main id=0}: Alignment for game/game_data_8023975C.c .rodata expected 8, but starts at 6:0x8023975C
 WARN module{name=main id=0}: Alignment for game/game_data_8023979C.c .rodata expected 8, but starts at 6:0x8023979C
 WARN module{name=main id=0}: Alignment for game/game_data_802397BC.c .rodata expected 8, but starts at 6:0x802397BC
 WARN module{name=main id=0}: Alignment for game/game_data_8023980C.c .rodata expected 8, but starts at 6:0x8023980C
 WARN module{name=main id=0}: Alignment for game/game_data_80239824.c .rodata expected 8, but starts at 6:0x80239824
 WARN module{name=main id=0}: Alignment for game/game_data_8023983C.c .rodata expected 8, but starts at 6:0x8023983C
 WARN module{name=main id=0}: Alignment for game/game_data_80239854.c .rodata expected 8, but starts at 6:0x80239854
 WARN module{name=main id=0}: Alignment for game/game_data_8023986C.c .rodata expected 8, but starts at 6:0x8023986C
 WARN module{name=main id=0}: Alignment for game/game_data_80239884.c .rodata expected 8, but starts at 6:0x80239884
 WARN module{name=main id=0}: Alignment for game/game_data_8023989C.c .rodata expected 8, but starts at 6:0x8023989C
 WARN module{name=main id=0}: Alignment for game/game_data_802398EC.c .rodata expected 8, but starts at 6:0x802398EC
 WARN module{name=main id=0}: Alignment for game/game_data_80239934.c .rodata expected 8, but starts at 6:0x80239934
 WARN module{name=main id=0}: Alignment for game/game_data_8023994C.c .rodata expected 8, but starts at 6:0x8023994C
 WARN module{name=main id=0}: Alignment for game/game_data_80239B24.c .rodata expected 8, but starts at 6:0x80239B24
 WARN module{name=main id=0}: Alignment for game/game_data_80239B74.c .rodata expected 8, but starts at 6:0x80239B74
 WARN module{name=main id=0}: Alignment for game/game_data_80239B8C.c .rodata expected 8, but starts at 6:0x80239B8C
 WARN module{name=main id=0}: Alignment for game/game_data_80239CAC.c .rodata expected 8, but starts at 6:0x80239CAC
 WARN module{name=main id=0}: Alignment for game/game_data_8023A2A4.c .rodata expected 8, but starts at 6:0x8023A2A4
 WARN module{name=main id=0}: Alignment for game/game_data_8023A414.c .rodata expected 8, but starts at 6:0x8023A414
 WARN module{name=main id=0}: Alignment for game/game_data_8023A444.c .rodata expected 8, but starts at 6:0x8023A444
 WARN module{name=main id=0}: Alignment for game/game_data_8023A63C.c .rodata expected 8, but starts at 6:0x8023A63C
 WARN module{name=main id=0}: Alignment for game/game_data_8023A69C.c .rodata expected 8, but starts at 6:0x8023A69C
 WARN module{name=main id=0}: Alignment for game/game_data_8023A6F4.c .rodata expected 8, but starts at 6:0x8023A6F4
 WARN module{name=main id=0}: Alignment for game/game_data_8023A70C.c .rodata expected 8, but starts at 6:0x8023A70C
 WARN module{name=main id=0}: Alignment for game/game_data_8023A744.c .rodata expected 8, but starts at 6:0x8023A744
 WARN module{name=main id=0}: Alignment for game/game_data_8023A76C.c .rodata expected 8, but starts at 6:0x8023A76C
 WARN module{name=main id=0}: Alignment for game/game_data_8023A994.c .rodata expected 8, but starts at 6:0x8023A994
 WARN module{name=main id=0}: Alignment for game/game_data_8023B044.c .rodata expected 8, but starts at 6:0x8023B044
 WARN module{name=main id=0}: Alignment for game/game_data_8023B05C.c .rodata expected 8, but starts at 6:0x8023B05C
 WARN module{name=main id=0}: Alignment for game/game_data_8023B094.c .rodata expected 8, but starts at 6:0x8023B094
 WARN module{name=main id=0}: Alignment for game/game_data_8023B564.c .rodata expected 8, but starts at 6:0x8023B564
 WARN module{name=main id=0}: Alignment for game/game_data_8023B5B4.c .rodata expected 8, but starts at 6:0x8023B5B4
 WARN module{name=main id=0}: Alignment for game/game_data_8023B78C.c .rodata expected 8, but starts at 6:0x8023B78C
 WARN module{name=main id=0}: Alignment for game/game_data_8023B7B4.c .rodata expected 8, but starts at 6:0x8023B7B4
 WARN module{name=main id=0}: Alignment for game/game_data_8023B7CC.c .rodata expected 8, but starts at 6:0x8023B7CC
 WARN module{name=main id=0}: Alignment for game/game_data_8023B7E4.c .rodata expected 8, but starts at 6:0x8023B7E4
 WARN module{name=main id=0}: Alignment for game/game_data_8023B7FC.c .rodata expected 8, but starts at 6:0x8023B7FC
 WARN module{name=main id=0}: Alignment for game/game_data_8023B814.c .rodata expected 8, but starts at 6:0x8023B814
 WARN module{name=main id=0}: Alignment for game/game_fn_80008014.c .data expected 8, but starts at 7:0x8023BEBC
 WARN module{name=main id=0}: Alignment for game/game_fn_8000EE9C.c .data expected 8, but starts at 7:0x8023C264
 WARN module{name=main id=0}: Alignment for game/game_fn_8000EFC4.c .data expected 8, but starts at 7:0x8023C344
 WARN module{name=main id=0}: Alignment for game/game_fn_800122F8.c .data expected 8, but starts at 7:0x8023CA4C
 WARN module{name=main id=0}: Alignment for game/game_fn_80015568.c .data expected 8, but starts at 7:0x8023CAEC
 WARN module{name=main id=0}: Alignment for game/game_fn_80015BE0.c .data expected 8, but starts at 7:0x8023CB0C
 WARN module{name=main id=0}: Alignment for game/game_fn_80015D40.c .data expected 8, but starts at 7:0x8023CB2C
 WARN module{name=main id=0}: Alignment for game/game_fn_8001C078.c .data expected 8, but starts at 7:0x8023CD54
 WARN module{name=main id=0}: Alignment for game/game_fn_8001CC00.c .data expected 8, but starts at 7:0x8023CDFC
 WARN module{name=main id=0}: Alignment for game/game_fn_8001CE14.c .data expected 8, but starts at 7:0x8023CE54
 WARN module{name=main id=0}: Alignment for game/game_fn_8001D3F8.c .data expected 8, but starts at 7:0x8023CF6C
 WARN module{name=main id=0}: Alignment for game/game_fn_8001D4C4.c .data expected 8, but starts at 7:0x8023CF7C
 WARN module{name=main id=0}: Alignment for game/game_data_8023D77C.c .data expected 8, but starts at 7:0x8023D77C
 WARN module{name=main id=0}: Alignment for game/game_data_8023D884.c .data expected 8, but starts at 7:0x8023D884
 WARN module{name=main id=0}: Alignment for game/game_fn_8001E644.c .data expected 8, but starts at 7:0x8023D8D4
 WARN module{name=main id=0}: Alignment for game/game_data_8023DA2C.c .data expected 8, but starts at 7:0x8023DA2C
 WARN module{name=main id=0}: Alignment for game/game_data_8023DAB4.c .data expected 8, but starts at 7:0x8023DAB4
 WARN module{name=main id=0}: Alignment for game/game_data_8023DD84.c .data expected 8, but starts at 7:0x8023DD84
 WARN module{name=main id=0}: Alignment for game/game_data_8023DFAC.c .data expected 8, but starts at 7:0x8023DFAC
 WARN module{name=main id=0}: Alignment for game/game_data_8023E154.c .data expected 8, but starts at 7:0x8023E154
 WARN module{name=main id=0}: Alignment for game/game_fn_80028E88.c .data expected 8, but starts at 7:0x8023E31C
 WARN module{name=main id=0}: Alignment for game/game_data_8023E388.c .data expected 8, but starts at 7:0x8023E384
 WARN module{name=main id=0}: Alignment for game/game_data_8023E410.c .data expected 8, but starts at 7:0x8023E40C
 WARN module{name=main id=0}: Alignment for game/game_fn_80037AF4.c .data expected 8, but starts at 7:0x8023E674
 WARN module{name=main id=0}: Alignment for game/game_data_8023ECBC.c .data expected 8, but starts at 7:0x8023ECBC
 WARN module{name=main id=0}: Alignment for game/game_data_8023EE94.c .data expected 8, but starts at 7:0x8023EE94
 WARN module{name=main id=0}: Alignment for game/game_data_8023EEE4.c .data expected 8, but starts at 7:0x8023EEE4
 WARN module{name=main id=0}: Alignment for game/game_data_8023EF34.c .data expected 8, but starts at 7:0x8023EF34
 WARN module{name=main id=0}: Alignment for game/game_data_8023EF84.c .data expected 8, but starts at 7:0x8023EF84
 WARN module{name=main id=0}: Alignment for game/game_data_8023F204.c .data expected 8, but starts at 7:0x8023F204
 WARN module{name=main id=0}: Alignment for game/game_data_8023F49C.c .data expected 8, but starts at 7:0x8023F49C
 WARN module{name=main id=0}: Alignment for game/game_data_8023F6AC.c .data expected 8, but starts at 7:0x8023F6AC
 WARN module{name=main id=0}: Alignment for game/game_data_8023F7C4.c .data expected 8, but starts at 7:0x8023F7C4
 WARN module{name=main id=0}: Alignment for game/game_data_8023F904.c .data expected 8, but starts at 7:0x8023F904
 WARN module{name=main id=0}: Alignment for game/game_data_8023FA44.c .data expected 8, but starts at 7:0x8023FA44
 WARN module{name=main id=0}: Alignment for game/game_data_8023FE1C.c .data expected 8, but starts at 7:0x8023FE1C
 WARN module{name=main id=0}: Alignment for game/game_data_8023FF7C.c .data expected 8, but starts at 7:0x8023FF7C
 WARN module{name=main id=0}: Alignment for game/game_data_802400DC.c .data expected 8, but starts at 7:0x802400DC
 WARN module{name=main id=0}: Alignment for game/game_data_8024023C.c .data expected 8, but starts at 7:0x8024023C
 WARN module{name=main id=0}: Alignment for game/game_data_8024039C.c .data expected 8, but starts at 7:0x8024039C
 WARN module{name=main id=0}: Alignment for game/game_data_802404FC.c .data expected 8, but starts at 7:0x802404FC
 WARN module{name=main id=0}: Alignment for game/game_fn_80050730.c .data expected 8, but starts at 7:0x80240F94
 WARN module{name=main id=0}: Alignment for game/game_fn_8005EE9C.c .data expected 8, but starts at 7:0x80243D64
 WARN module{name=main id=0}: Alignment for game/game_fn_8005EF94.c .data expected 8, but starts at 7:0x80243D84
 WARN module{name=main id=0}: Alignment for game/game_fn_8006B620.c .data expected 8, but starts at 7:0x8024406C
 WARN module{name=main id=0}: Alignment for game/game_fn_8006F6A4.c .data expected 8, but starts at 7:0x80244394
 WARN module{name=main id=0}: Alignment for game/game_fn_800A1060.c .data expected 8, but starts at 7:0x80245634
 WARN module{name=main id=0}: Alignment for game/game_fn_800A1580.c .data expected 8, but starts at 7:0x802456D4
 WARN module{name=main id=0}: Alignment for game/game_fn_800B5F78.c .data expected 8, but starts at 7:0x8024759C
 WARN module{name=main id=0}: Alignment for game/game_fn_800B611C.c .data expected 8, but starts at 7:0x8024760C
 WARN module{name=main id=0}: Alignment for game/game_fn_800B6234.c .data expected 8, but starts at 7:0x80247674
 WARN module{name=main id=0}: Alignment for game/game_fn_800B64AC.c .data expected 8, but starts at 7:0x802476DC
 WARN module{name=main id=0}: Alignment for game/game_fn_800B6C00.c .data expected 8, but starts at 7:0x80247754
 WARN module{name=main id=0}: Alignment for game/game_fn_800B6C88.c .data expected 8, but starts at 7:0x80247784
 WARN module{name=main id=0}: Alignment for game/game_fn_800B6D10.c .data expected 8, but starts at 7:0x802477B4
 WARN module{name=main id=0}: Alignment for game/game_fn_801697AC.c .data expected 8, but starts at 7:0x8024FD9C
 WARN module{name=main id=0}: Alignment for game/game_fn_8017B4F4.c .data expected 8, but starts at 7:0x80250F44
 WARN module{name=main id=0}: Alignment for game/game_data_80060C28.c .sdata2 expected 8, but starts at 11:0x8064E5F4
 INFO Splitting completed in 6.442s (wrote 7095 objects)
 INFO Total time: 7.608s
[2/2] RUN configure.py
[1/1228] MWCC build/GEDE01/src/game/game_fn_800094C0.o
[2/1228] MWCC build/GEDE01/src/game/game_fn_80008014.o
[3/1228] MWCC build/GEDE01/src/game/game_fn_800096E0.o
[4/1228] MWCC build/GEDE01/src/game/game_fn_800098C0.o
[5/1228] MWCC build/GEDE01/src/game/game_fn_800099D8.o
[6/1228] MWCC build/GEDE01/src/game/game_fn_80009AB4.o
[7/1228] MWCC build/GEDE01/src/game/game_fn_8000AC88.o
[8/1228] MWCC build/GEDE01/src/game/game_fn_8000A26C.o
[9/1228] MWCC build/GEDE01/src/game/game_fn_8000AFB4.o
[10/1228] MWCC build/GEDE01/src/game/game_fn_8000AEB4.o
[11/1228] MWCC build/GEDE01/src/game/game_fn_8000B36C.o
[12/1228] MWCC build/GEDE01/src/game/game_fn_8000B1B8.o
[13/1228] MWCC build/GEDE01/src/game/game_fn_8000B630.o
[14/1228] MWCC build/GEDE01/src/game/game_fn_8000B7FC.o
[15/1228] MWCC build/GEDE01/src/game/game_fn_8000B900.o
[16/1228] MWCC build/GEDE01/src/game/game_fn_8000BA0C.o
[17/1228] MWCC build/GEDE01/src/game/game_fn_8000BAA0.o
[18/1228] MWCC build/GEDE01/src/game/game_fn_8000BC40.o
[19/1228] MWCC build/GEDE01/src/game/game_fn_8000C06C.o
[20/1228] MWCC build/GEDE01/src/game/game_fn_8000C17C.o
[21/1228] MWCC build/GEDE01/src/game/game_fn_8000C400.o
[22/1228] MWCC build/GEDE01/src/game/game_fn_8000C848.o
[23/1228] MWCC build/GEDE01/src/game/game_fn_8000C91C.o
[24/1228] MWCC build/GEDE01/src/game/game_fn_8000D0BC.o
[25/1228] MWCC build/GEDE01/src/game/game_fn_8000D3D4.o
[26/1228] MWCC build/GEDE01/src/game/game_fn_8000D590.o
[27/1228] MWCC build/GEDE01/src/game/game_fn_8000D8A4.o
[28/1228] MWCC build/GEDE01/src/game/game_fn_8000DA50.o
[29/1228] MWCC build/GEDE01/src/game/game_fn_8000DAF4.o
[30/1228] MWCC build/GEDE01/src/game/game_fn_8000E054.o
[31/1228] MWCC build/GEDE01/src/game/game_fn_8000E0AC.o
[32/1228] MWCC build/GEDE01/src/game/game_fn_8000E138.o
[33/1228] MWCC build/GEDE01/src/game/game_fn_8000E1C4.o
[34/1228] MWCC build/GEDE01/src/game/game_fn_8000E96C.o
[35/1228] MWCC build/GEDE01/src/game/game_fn_8000EB14.o
[36/1228] MWCC build/GEDE01/src/game/game_fn_8000EBD4.o
[37/1228] MWCC build/GEDE01/src/game/game_fn_8000ED44.o
[38/1228] MWCC build/GEDE01/src/game/game_fn_8000EFC4.o
[39/1228] MWCC build/GEDE01/src/game/game_fn_8000F4B0.o
[40/1228] MWCC build/GEDE01/src/game/game_fn_8000F774.o
[41/1228] MWCC build/GEDE01/src/game/game_fn_8000FDE8.o
[42/1228] MWCC build/GEDE01/src/game/game_fn_8000FFD8.o
[43/1228] MWCC build/GEDE01/src/game/game_fn_800119FC.o
[44/1228] MWCC build/GEDE01/src/game/game_fn_80012DA8.o
[45/1228] MWCC build/GEDE01/src/game/game_fn_80012F40.o
[46/1228] MWCC build/GEDE01/src/game/game_fn_80012FD0.o
[47/1228] MWCC build/GEDE01/src/game/game_fn_800131E8.o
[48/1228] MWCC build/GEDE01/src/game/game_fn_80013870.o
[49/1228] MWCC build/GEDE01/src/game/game_fn_80013340.o
[50/1228] MWCC build/GEDE01/src/game/game_fn_80013D54.o
[51/1228] MWCC build/GEDE01/src/game/game_fn_80013CB0.o
[52/1228] MWCC build/GEDE01/src/game/game_fn_800142DC.o
[53/1228] MWCC build/GEDE01/src/game/game_fn_800144CC.o
[54/1228] MWCC build/GEDE01/src/game/game_fn_80014784.o
[55/1228] MWCC build/GEDE01/src/game/game_fn_800149D4.o
[56/1228] MWCC build/GEDE01/src/game/game_fn_80015058.o
[57/1228] MWCC build/GEDE01/src/game/game_fn_80015320.o
[58/1228] MWCC build/GEDE01/src/game/game_fn_80015568.o
[59/1228] MWCC build/GEDE01/src/game/game_fn_800156FC.o
[60/1228] MWCC build/GEDE01/src/game/game_fn_80015D40.o
[61/1228] MWCC build/GEDE01/src/game/game_fn_80015BE0.o
[62/1228] MWCC build/GEDE01/src/game/game_fn_80015F04.o
[63/1228] MWCC build/GEDE01/src/game/game_fn_80016128.o
[64/1228] MWCC build/GEDE01/src/game/game_fn_80016270.o
[65/1228] MWCC build/GEDE01/src/game/game_fn_80016904.o
[66/1228] MWCC build/GEDE01/src/game/game_fn_80016B24.o
[67/1228] MWCC build/GEDE01/src/game/game_fn_800171C0.o
[68/1228] MWCC build/GEDE01/src/game/game_fn_800173CC.o
[69/1228] MWCC build/GEDE01/src/game/game_fn_800176F0.o
[70/1228] MWCC build/GEDE01/src/game/game_fn_80017910.o
[71/1228] MWCC build/GEDE01/src/game/game_fn_800179AC.o
[72/1228] MWCC build/GEDE01/src/game/game_fn_80017A3C.o
[73/1228] MWCC build/GEDE01/src/game/game_fn_80017AE4.o
[74/1228] MWCC build/GEDE01/src/game/game_fn_80017C3C.o
[75/1228] MWCC build/GEDE01/src/game/game_fn_80017CC8.o
[76/1228] MWCC build/GEDE01/src/game/game_fn_80017DB0.o
[77/1228] MWCC build/GEDE01/src/game/game_fn_80018EF4.o
[78/1228] MWCC build/GEDE01/src/game/game_fn_80019054.o
[79/1228] MWCC build/GEDE01/src/game/game_fn_800194D0.o
[80/1228] MWCC build/GEDE01/src/game/game_fn_80019244.o
[81/1228] MWCC build/GEDE01/src/game/game_fn_80019940.o
[82/1228] MWCC build/GEDE01/src/game/game_fn_80019C10.o
[83/1228] MWCC build/GEDE01/src/game/game_fn_80019D2C.o
[84/1228] MWCC build/GEDE01/src/game/game_fn_80019F98.o
[85/1228] MWCC build/GEDE01/src/game/game_fn_8001A6C4.o
[86/1228] MWCC build/GEDE01/src/game/game_fn_8001AAB8.o
[87/1228] MWCC build/GEDE01/src/game/game_fn_8001ADF8.o
[88/1228] MWCC build/GEDE01/src/game/game_fn_8001AF68.o
[89/1228] MWCC build/GEDE01/src/game/game_fn_8001B124.o
[90/1228] MWCC build/GEDE01/src/game/game_fn_8001B294.o
[91/1228] MWCC build/GEDE01/src/game/game_fn_8001B808.o
[92/1228] MWCC build/GEDE01/src/game/game_fn_8001B874.o
[93/1228] MWCC build/GEDE01/src/game/game_fn_8001C078.o
[94/1228] MWCC build/GEDE01/src/game/game_fn_8001CA04.o
[95/1228] MWCC build/GEDE01/src/game/game_fn_8001CD58.o
[96/1228] MWCC build/GEDE01/src/game/game_fn_8001CE94.o
[97/1228] MWCC build/GEDE01/src/game/game_fn_8001E644.o
[98/1228] MWCC build/GEDE01/src/game/game_fn_8001FE1C.o
[99/1228] MWCC build/GEDE01/src/game/game_fn_80020E94.o
[100/1228] MWCC build/GEDE01/src/game/game_fn_80024F28.o
[101/1228] MWCC build/GEDE01/src/game/game_fn_800272B4.o
[102/1228] MWCC build/GEDE01/src/game/game_fn_8002B748.o
[103/1228] MWCC build/GEDE01/src/game/game_fn_8002DAE0.o
[104/1228] MWCC build/GEDE01/src/game/game_fn_8002E3F0.o
[105/1228] MWCC build/GEDE01/src/game/game_fn_8002EA68.o
[106/1228] MWCC build/GEDE01/src/game/game_fn_8002F428.o
[107/1228] MWCC build/GEDE01/src/game/game_fn_80031544.o
[108/1228] MWCC build/GEDE01/src/game/game_fn_8003232C.o
[109/1228] MWCC build/GEDE01/src/game/game_fn_80032B84.o
[110/1228] MWCC build/GEDE01/src/game/game_fn_80033038.o
[111/1228] MWCC build/GEDE01/src/game/game_fn_80033180.o
[112/1228] MWCC build/GEDE01/src/game/game_fn_800359A0.o
[113/1228] MWCC build/GEDE01/src/game/game_fn_800361F8.o
[114/1228] MWCC build/GEDE01/src/game/game_fn_80036C40.o
[115/1228] MWCC build/GEDE01/src/game/game_fn_80038878.o
[116/1228] MWCC build/GEDE01/src/game/game_fn_80048ADC.o
[117/1228] MWCC build/GEDE01/src/game/game_fn_80048B24.o
[118/1228] MWCC build/GEDE01/src/game/game_fn_8004998C.o
[119/1228] MWCC build/GEDE01/src/game/game_fn_80050B08.o
[120/1228] MWCC build/GEDE01/src/game/game_fn_80052310.o
[121/1228] MWCC build/GEDE01/src/game/game_fn_800542D0.o
[122/1228] MWCC build/GEDE01/src/game/game_fn_8005EC6C.o
[123/1228] MWCC build/GEDE01/src/game/game_fn_8005EE9C.o
[124/1228] MWCC build/GEDE01/src/game/game_fn_8005EF94.o
[125/1228] MWCC build/GEDE01/src/game/game_data_80239E10.o
[126/1228] MWCC build/GEDE01/src/game/game_data_80239E18.o
[127/1228] MWCC build/GEDE01/src/game/game_fn_8005FD84.o
[128/1228] MWCC build/GEDE01/src/game/game_fn_80066888.o
[129/1228] MWCC build/GEDE01/src/game/game_fn_80066E78.o
[130/1228] MWCC build/GEDE01/src/game/game_fn_8006B0F0.o
[131/1228] MWCC build/GEDE01/src/game/game_fn_8006B620.o
[132/1228] MWCC build/GEDE01/src/game/game_fn_8006E53C.o
[133/1228] MWCC build/GEDE01/src/game/game_fn_80071A58.o
[134/1228] MWCC build/GEDE01/src/game/game_fn_80074310.o
[135/1228] MWCC build/GEDE01/src/game/game_fn_80078500.o
[136/1228] MWCC build/GEDE01/src/game/game_fn_80079908.o
[137/1228] MWCC build/GEDE01/src/game/game_fn_80079AA4.o
[138/1228] MWCC build/GEDE01/src/game/game_fn_8007B2F4.o
[139/1228] MWCC build/GEDE01/src/game/game_fn_8007B540.o
[140/1228] MWCC build/GEDE01/src/game/game_fn_8007B640.o
[141/1228] MWCC build/GEDE01/src/game/game_fn_8007B828.o
[142/1228] MWCC build/GEDE01/src/game/game_fn_8007BA3C.o
[143/1228] MWCC build/GEDE01/src/game/game_fn_8007D4D8.o
[144/1228] MWCC build/GEDE01/src/game/game_fn_8007F770.o
[145/1228] MWCC build/GEDE01/src/game/game_fn_80088060.o
[146/1228] MWCC build/GEDE01/src/game/game_fn_800886D8.o
[147/1228] MWCC build/GEDE01/src/game/game_fn_80088F4C.o
[148/1228] MWCC build/GEDE01/src/game/game_fn_80089A34.o
[149/1228] MWCC build/GEDE01/src/game/game_fn_8008A2E0.o
[150/1228] MWCC build/GEDE01/src/game/game_fn_8008F224.o
[151/1228] MWCC build/GEDE01/src/game/game_fn_8008F890.o
[152/1228] MWCC build/GEDE01/src/game/game_fn_80090004.o
[153/1228] MWCC build/GEDE01/src/game/game_fn_800934A0.o
[154/1228] MWCC build/GEDE01/src/game/game_fn_80095D10.o
[155/1228] MWCC build/GEDE01/src/game/game_fn_80095E64.o
[156/1228] MWCC build/GEDE01/src/game/game_fn_80095FDC.o
[157/1228] MWCC build/GEDE01/src/game/game_fn_80096830.o
[158/1228] MWCC build/GEDE01/src/game/game_fn_8009C424.o
[159/1228] MWCC build/GEDE01/src/game/game_fn_8009E808.o
[160/1228] MWCC build/GEDE01/src/game/game_fn_800A2130.o
[161/1228] MWCC build/GEDE01/src/game/game_fn_800A2B8C.o
[162/1228] MWCC build/GEDE01/src/game/game_fn_800A2FCC.o
[163/1228] MWCC build/GEDE01/src/game/game_fn_800A3180.o
[164/1228] MWCC build/GEDE01/src/game/game_fn_800A3894.o
[165/1228] MWCC build/GEDE01/src/game/game_fn_800A4798.o
[166/1228] MWCC build/GEDE01/src/game/game_fn_800A4428.o
[167/1228] MWCC build/GEDE01/src/game/game_fn_800A7E88.o
[168/1228] MWCC build/GEDE01/src/game/game_fn_800AF230.o
[169/1228] MWCC build/GEDE01/src/game/game_fn_800B2EC0.o
[170/1228] MWCC build/GEDE01/src/game/game_fn_800BB5C4.o
[171/1228] MWCC build/GEDE01/src/game/game_fn_800BB7A8.o
[172/1228] MWCC build/GEDE01/src/game/game_fn_800BB9A4.o
[173/1228] MWCC build/GEDE01/src/game/game_fn_800BBAF0.o
[174/1228] MWCC build/GEDE01/src/game/game_fn_800C030C.o
[175/1228] MWCC build/GEDE01/src/game/game_fn_800C17EC.o
[176/1228] MWCC build/GEDE01/src/game/game_fn_800C59F0.o
[177/1228] MWCC build/GEDE01/src/game/game_fn_800C644C.o
[178/1228] MWCC build/GEDE01/src/game/game_fn_800C65FC.o
[179/1228] MWCC build/GEDE01/src/game/game_fn_800C9C60.o
[180/1228] MWCC build/GEDE01/src/game/game_fn_800CB760.o
[181/1228] MWCC build/GEDE01/src/game/game_fn_800CB8F4.o
[182/1228] MWCC build/GEDE01/src/game/game_fn_800CF598.o
[183/1228] MWCC build/GEDE01/src/game/game_fn_800D9E10.o
[184/1228] MWCC build/GEDE01/src/game/game_fn_800D9064.o
[185/1228] MWCC build/GEDE01/src/game/game_fn_800DC4D4.o
[186/1228] MWCC build/GEDE01/src/game/game_fn_800E4980.o
[187/1228] MWCC build/GEDE01/src/game/game_TRK_main.o
[188/1228] MWCC build/GEDE01/src/game/game_TRKNubWelcome.o
[189/1228] MWCC build/GEDE01/src/game/game_InitMetroTRKCommTable.o
[190/1228] MWCC build/GEDE01/src/game/game_fn_800FD0C8.o
[191/1228] MWCC build/GEDE01/src/game/game_fn_8010242C.o
[192/1228] MWCC build/GEDE01/src/game/game_fn_801098C0.o
[193/1228] MWCC build/GEDE01/src/game/game_fn_801126E0.o
[194/1228] MWCC build/GEDE01/src/game/game_fn_8010F184.o
[195/1228] MWCC build/GEDE01/src/game/game_fn_801128E4.o
[196/1228] MWCC build/GEDE01/src/game/game_fn_801141B8.o
[197/1228] MWCC build/GEDE01/src/game/game_fn_8011EE04.o
[198/1228] MWCC build/GEDE01/src/game/game_fn_80119C70.o
[199/1228] MWCC build/GEDE01/src/game/game_fn_8011F140.o
[200/1228] MWCC build/GEDE01/src/game/game_fn_801247F8.o
[201/1228] MWCC build/GEDE01/src/game/game_fn_8012976C.o
[202/1228] MWCC build/GEDE01/src/game/game_fn_80126A00.o
[203/1228] MWCC build/GEDE01/src/game/game_fn_8012DB28.o
[204/1228] MWCC build/GEDE01/src/game/game_fn_8013CBE4.o
[205/1228] MWCC build/GEDE01/src/game/game_fn_8013D6A4.o
[206/1228] MWCC build/GEDE01/src/game/game_fn_8013DB8C.o
[207/1228] MWCC build/GEDE01/src/game/game_fn_8014549C.o
[208/1228] MWCC build/GEDE01/src/game/game_fn_8014AF38.o
[209/1228] MWCC build/GEDE01/src/game/game_fn_8014B494.o
[210/1228] MWCC build/GEDE01/src/game/game_fn_8014BA14.o
[211/1228] MWCC build/GEDE01/src/game/game_fn_8014CA98.o
[212/1228] MWCC build/GEDE01/src/game/game_fn_80150400.o
[213/1228] MWCC build/GEDE01/src/game/game_fn_80150A24.o
[214/1228] MWCC build/GEDE01/src/game/game_fn_80150F20.o
[215/1228] MWCC build/GEDE01/src/game/game_fn_80151600.o
[216/1228] MWCC build/GEDE01/src/game/game_fn_80151D00.o
[217/1228] MWCC build/GEDE01/src/game/game_fn_801535D8.o
[218/1228] MWCC build/GEDE01/src/game/game_fn_80153898.o
[219/1228] MWCC build/GEDE01/src/game/game_fn_80153A24.o
[220/1228] MWCC build/GEDE01/src/game/game_fn_80155814.o
[221/1228] MWCC build/GEDE01/src/game/game_fn_80154F74.o
[222/1228] MWCC build/GEDE01/src/game/game_fn_80157C0C.o
[223/1228] MWCC build/GEDE01/src/game/game_fn_80158B20.o
[224/1228] MWCC build/GEDE01/src/game/game_fn_80158D38.o
[225/1228] MWCC build/GEDE01/src/game/game_fn_8015DB84.o
[226/1228] MWCC build/GEDE01/src/game/game_fn_8015DC54.o
[227/1228] MWCC build/GEDE01/src/game/game_fn_8015EDC0.o
[228/1228] MWCC build/GEDE01/src/game/game_fn_80167454.o
[229/1228] MWCC build/GEDE01/src/game/game_fn_80167B5C.o
[230/1228] MWCC build/GEDE01/src/game/game_fn_80169650.o
[231/1228] MWCC build/GEDE01/src/game/game_fn_8016BD0C.o
[232/1228] MWCC build/GEDE01/src/game/game_fn_8016BE1C.o
[233/1228] MWCC build/GEDE01/src/game/game_fn_8016BF60.o
[234/1228] MWCC build/GEDE01/src/game/game_fn_8016C0BC.o
[235/1228] MWCC build/GEDE01/src/game/game_fn_8016C164.o
[236/1228] MWCC build/GEDE01/src/game/game_fn_8016C4BC.o
[237/1228] MWCC build/GEDE01/src/game/game_fn_8016C238.o
[238/1228] MWCC build/GEDE01/src/game/game_fn_8016C774.o
[239/1228] MWCC build/GEDE01/src/game/game_fn_8016D040.o
[240/1228] MWCC build/GEDE01/src/game/game_fn_8016D2B8.o
[241/1228] MWCC build/GEDE01/src/game/game_fn_8016D1F8.o
[242/1228] MWCC build/GEDE01/src/game/game_fn_8016D9C0.o
[243/1228] MWCC build/GEDE01/src/game/game_fn_8016DF4C.o
[244/1228] MWCC build/GEDE01/src/game/game_fn_8016E8F8.o
[245/1228] MWCC build/GEDE01/src/game/game_fn_8016FEF8.o
[246/1228] MWCC build/GEDE01/src/game/game_fn_8017038C.o
[247/1228] MWCC build/GEDE01/src/game/game_fn_801704F8.o
[248/1228] MWCC build/GEDE01/src/game/game_fn_801706DC.o
[249/1228] MWCC build/GEDE01/src/game/game_fn_80170A40.o
[250/1228] MWCC build/GEDE01/src/game/game_fn_80170DF4.o
[251/1228] MWCC build/GEDE01/src/game/game_fn_80170E9C.o
[252/1228] MWCC build/GEDE01/src/game/game_fn_8017138C.o
[253/1228] MWCC build/GEDE01/src/game/game_fn_80171664.o
[254/1228] MWCC build/GEDE01/src/game/game_fn_801718F4.o
[255/1228] MWCC build/GEDE01/src/game/game_fn_801719B4.o
[256/1228] MWCC build/GEDE01/src/game/game_fn_80171F30.o
[257/1228] MWCC build/GEDE01/src/game/game_fn_8017250C.o
[258/1228] MWCC build/GEDE01/src/game/game_fn_801726EC.o
[259/1228] MWCC build/GEDE01/src/game/game_fn_80172BB0.o
[260/1228] MWCC build/GEDE01/src/game/game_fn_80172C78.o
[261/1228] MWCC build/GEDE01/src/game/game_fn_80172DB8.o
[262/1228] MWCC build/GEDE01/src/game/game_fn_80173270.o
[263/1228] MWCC build/GEDE01/src/game/game_fn_801734B4.o
[264/1228] MWCC build/GEDE01/src/game/game_fn_80173770.o
[265/1228] MWCC build/GEDE01/src/game/game_fn_80173BDC.o
[266/1228] MWCC build/GEDE01/src/game/game_fn_80173D44.o
[267/1228] MWCC build/GEDE01/src/game/game_fn_80173F04.o
[268/1228] MWCC build/GEDE01/src/game/game_fn_80174184.o
[269/1228] MWCC build/GEDE01/src/game/game_fn_80174358.o
[270/1228] MWCC build/GEDE01/src/game/game_fn_80174F2C.o
[271/1228] MWCC build/GEDE01/src/game/game_fn_801752B0.o
[272/1228] MWCC build/GEDE01/src/game/game_fn_8017553C.o
[273/1228] MWCC build/GEDE01/src/game/game_fn_80175A08.o
[274/1228] MWCC build/GEDE01/src/game/game_fn_80175E64.o
[275/1228] MWCC build/GEDE01/src/game/game_fn_80175F0C.o
[276/1228] MWCC build/GEDE01/src/game/game_fn_80175FD4.o
[277/1228] MWCC build/GEDE01/src/game/game_fn_80176098.o
[278/1228] MWCC build/GEDE01/src/game/game_fn_80176160.o
[279/1228] MWCC build/GEDE01/src/game/game_fn_80176220.o
[280/1228] MWCC build/GEDE01/src/game/game_fn_801762E8.o
[281/1228] MWCC build/GEDE01/src/game/game_fn_8017652C.o
[282/1228] MWCC build/GEDE01/src/game/game_fn_80176DF4.o
[283/1228] MWCC build/GEDE01/src/game/game_fn_80176FA0.o
[284/1228] MWCC build/GEDE01/src/game/game_fn_801770F8.o
[285/1228] MWCC build/GEDE01/src/game/game_fn_8017718C.o
[286/1228] MWCC build/GEDE01/src/game/game_fn_80177434.o
[287/1228] MWCC build/GEDE01/src/game/game_fn_80178F88.o
[288/1228] MWCC build/GEDE01/src/game/game_fn_80179398.o
[289/1228] MWCC build/GEDE01/src/game/game_fn_8017960C.o
[290/1228] MWCC build/GEDE01/src/game/game_fn_8017974C.o
[291/1228] MWCC build/GEDE01/src/game/game_fn_80179904.o
[292/1228] MWCC build/GEDE01/src/game/game_fn_80179A74.o
[293/1228] MWCC build/GEDE01/src/game/game_fn_80179A18.o
[294/1228] MWCC build/GEDE01/src/game/game_fn_80179EB8.o
[295/1228] MWCC build/GEDE01/src/game/game_fn_80179F20.o
[296/1228] MWCC build/GEDE01/src/game/game_fn_8017A010.o
[297/1228] MWCC build/GEDE01/src/game/game_fn_8017A12C.o
[298/1228] MWCC build/GEDE01/src/game/game_fn_8017A1C0.o
[299/1228] MWCC build/GEDE01/src/game/game_fn_8017A9B8.o
[300/1228] MWCC build/GEDE01/src/game/game_fn_8017AC20.o
[301/1228] MWCC build/GEDE01/src/game/game_fn_8017E850.o
[302/1228] MWCC build/GEDE01/src/game/game_fn_8017E958.o
[303/1228] MWCC build/GEDE01/src/game/game_fn_80180DDC.o
[304/1228] MWCC build/GEDE01/src/game/game_fn_801810A0.o
[305/1228] MWCC build/GEDE01/src/game/game_fn_801816D4.o
[306/1228] MWCC build/GEDE01/src/game/game_fn_801857B4.o
[307/1228] MWCC build/GEDE01/src/game/game_fn_801859FC.o
[308/1228] MWCC build/GEDE01/src/game/game_fn_80185AE8.o
[309/1228] MWCC build/GEDE01/src/game/game_fn_80185F10.o
[310/1228] MWCC build/GEDE01/src/game/game_fn_801861C4.o
[311/1228] MWCC build/GEDE01/src/game/game_fn_801865EC.o
[312/1228] MWCC build/GEDE01/src/game/game_fn_8018680C.o
[313/1228] MWCC build/GEDE01/src/game/game_fn_80186E10.o
[314/1228] MWCC build/GEDE01/src/game/game_fn_80186F70.o
[315/1228] MWCC build/GEDE01/src/game/game_fn_80187120.o
[316/1228] MWCC build/GEDE01/src/game/game_fn_80187320.o
[317/1228] MWCC build/GEDE01/src/game/game_fn_801875FC.o
[318/1228] MWCC build/GEDE01/src/game/game_fn_801878E0.o
[319/1228] MWCC build/GEDE01/src/game/game_fn_80187BB4.o
[320/1228] MWCC build/GEDE01/src/game/game_fn_80187E40.o
[321/1228] MWCC build/GEDE01/src/game/game_fn_80188A7C.o
[322/1228] MWCC build/GEDE01/src/game/game_fn_80188B44.o
[323/1228] MWCC build/GEDE01/src/game/game_fn_80188C1C.o
[324/1228] MWCC build/GEDE01/src/game/game_fn_80188E28.o
[325/1228] MWCC build/GEDE01/src/game/game_fn_80189028.o
[326/1228] MWCC build/GEDE01/src/game/game_fn_801891D8.o
[327/1228] MWCC build/GEDE01/src/game/game_fn_80189390.o
[328/1228] MWCC build/GEDE01/src/game/game_fn_801895E8.o
[329/1228] MWCC build/GEDE01/src/game/game_fn_801896A0.o
[330/1228] MWCC build/GEDE01/src/game/game_fn_80189760.o
[331/1228] MWCC build/GEDE01/src/game/game_fn_80189968.o
[332/1228] MWCC build/GEDE01/src/game/game_fn_80189C14.o
[333/1228] MWCC build/GEDE01/src/game/game_fn_8018C2D0.o
[334/1228] MWCC build/GEDE01/src/game/game_fn_8018D1F0.o
[335/1228] MWCC build/GEDE01/src/game/game_fn_8018D2E0.o
[336/1228] MWCC build/GEDE01/src/game/game_fn_8018D400.o
[337/1228] MWCC build/GEDE01/src/game/game_fn_8018D688.o
[338/1228] MWCC build/GEDE01/src/game/game_fn_8018DC24.o
[339/1228] MWCC build/GEDE01/src/game/game_fn_8018E0D8.o
[340/1228] MWCC build/GEDE01/src/game/game_fn_8018F1D0.o
[341/1228] MWCC build/GEDE01/src/game/game_fn_8018F81C.o
[342/1228] MWCC build/GEDE01/src/game/game_fn_8018FEDC.o
[343/1228] MWCC build/GEDE01/src/game/game_fn_8019120C.o
[344/1228] MWCC build/GEDE01/src/game/game_fn_80191360.o
[345/1228] MWCC build/GEDE01/src/game/game_fn_801916D0.o
[346/1228] MWCC build/GEDE01/src/game/game_fn_8019197C.o
[347/1228] MWCC build/GEDE01/src/game/game_fn_80191F58.o
[348/1228] MWCC build/GEDE01/src/game/game_fn_801926EC.o
[349/1228] MWCC build/GEDE01/src/game/game_fn_801929A4.o
[350/1228] MWCC build/GEDE01/src/game/game_fn_80192F54.o
[351/1228] MWCC build/GEDE01/src/game/game_fn_80193E1C.o
[352/1228] MWCC build/GEDE01/src/game/game_fn_801931C4.o
[353/1228] MWCC build/GEDE01/src/game/game_fn_80193F3C.o
[354/1228] MWCC build/GEDE01/src/game/game_fn_80194F80.o
[355/1228] MWCC build/GEDE01/src/game/game_fn_80197910.o
[356/1228] MWCC build/GEDE01/src/game/game_fn_801952E8.o
[357/1228] MWCC build/GEDE01/src/game/game_fn_80198AAC.o
[358/1228] MWCC build/GEDE01/src/game/game_fn_80198154.o
[359/1228] MWCC build/GEDE01/src/game/game_fn_80198BF4.o
[360/1228] MWCC build/GEDE01/src/game/game_fn_801991E0.o
[361/1228] MWCC build/GEDE01/src/game/game_fn_8019B1BC.o
[362/1228] MWCC build/GEDE01/src/game/game_fn_8019CC28.o
[363/1228] MWCC build/GEDE01/src/game/game_fn_8019CFC4.o
[364/1228] MWCC build/GEDE01/src/game/game_fn_8019E0B0.o
[365/1228] MWCC build/GEDE01/src/game/game_fn_8019E5E4.o
[366/1228] MWCC build/GEDE01/src/game/game_fn_8019E8C8.o
[367/1228] MWCC build/GEDE01/src/game/game_fn_801A1F18.o
[368/1228] MWCC build/GEDE01/src/game/game_fn_801A1F8C.o
[369/1228] MWCC build/GEDE01/src/game/game_fn_801A260C.o
[370/1228] MWCC build/GEDE01/src/game/game_fn_801A2A54.o
[371/1228] MWCC build/GEDE01/src/game/game_fn_801A34BC.o
[372/1228] MWCC build/GEDE01/src/game/game_fn_801A3A78.o
[373/1228] MWCC build/GEDE01/src/game/game_fn_801A4430.o
[374/1228] MWCC build/GEDE01/src/game/game_fn_801A4CE0.o
[375/1228] MWCC build/GEDE01/src/game/game_fn_801A5FB0.o
[376/1228] MWCC build/GEDE01/src/game/game_fn_801A6350.o
[377/1228] MWCC build/GEDE01/src/game/game_fn_801A6410.o
[378/1228] MWCC build/GEDE01/src/game/game_fn_801A657C.o
[379/1228] MWCC build/GEDE01/src/game/game_fn_801A6ADC.o
[380/1228] MWCC build/GEDE01/src/game/game_fn_801A6C58.o
[381/1228] MWCC build/GEDE01/src/game/game_fn_801A6CB4.o
[382/1228] MWCC build/GEDE01/src/game/game_fn_801A7E04.o
[383/1228] MWCC build/GEDE01/src/game/game_fn_801A7EA8.o
[384/1228] MWCC build/GEDE01/src/game/game_fn_801A93E8.o
[385/1228] MWCC build/GEDE01/src/game/game_fn_801AB154.o
[386/1228] MWCC build/GEDE01/src/game/game_fn_801ABD3C.o
[387/1228] MWCC build/GEDE01/src/game/game_fn_801AC8AC.o
[388/1228] MWCC build/GEDE01/src/game/game_fn_801ACFE8.o
[389/1228] MWCC build/GEDE01/src/game/game_fn_801AD08C.o
[390/1228] MWCC build/GEDE01/src/game/game_fn_801AFA74.o
[391/1228] MWCC build/GEDE01/src/game/game_fn_801B02F0.o
[392/1228] MWCC build/GEDE01/src/game/game_fn_801B1BA0.o
[393/1228] MWCC build/GEDE01/src/game/game_fn_801B35BC.o
[394/1228] MWCC build/GEDE01/src/game/game_fn_801B46C8.o
[395/1228] MWCC build/GEDE01/src/game/game_fn_801B4FB4.o
[396/1228] MWCC build/GEDE01/src/game/game_fn_801B58F0.o
[397/1228] MWCC build/GEDE01/src/game/game_fn_801B5228.o
[398/1228] MWCC build/GEDE01/src/game/game_fn_801B6F1C.o
[399/1228] MWCC build/GEDE01/src/game/game_fn_801B86C0.o
[400/1228] MWCC build/GEDE01/src/game/game_fn_801B9E7C.o
[401/1228] MWCC build/GEDE01/src/game/game_fn_801B941C.o
[402/1228] MWCC build/GEDE01/src/game/game_fn_801BA15C.o
[403/1228] MWCC build/GEDE01/src/game/game_fn_801BA708.o
[404/1228] MWCC build/GEDE01/src/game/game_fn_801BA94C.o
[405/1228] MWCC build/GEDE01/src/game/game_fn_801BB1A0.o
[406/1228] MWCC build/GEDE01/src/game/game_fn_801BC240.o
[407/1228] MWCC build/GEDE01/src/game/game_fn_801BC0D4.o
[408/1228] MWCC build/GEDE01/src/game/game_fn_801BCC04.o
[409/1228] MWCC build/GEDE01/src/game/game_fn_801BC8F4.o
[410/1228] MWCC build/GEDE01/src/game/game_fn_801BDE7C.o
[411/1228] MWCC build/GEDE01/src/game/game_fn_801BD990.o
[412/1228] MWCC build/GEDE01/src/game/game_fn_801BE0D4.o
[413/1228] MWCC build/GEDE01/src/game/game_fn_801BEF40.o
[414/1228] MWCC build/GEDE01/src/game/game_fn_801C1CB0.o
[415/1228] MWCC build/GEDE01/src/game/game_fn_801C2980.o
[416/1228] MWCC build/GEDE01/src/game/game_fn_801C2AAC.o
[417/1228] MWCC build/GEDE01/src/game/game_fn_801C29BC.o
[418/1228] MWCC build/GEDE01/src/game/game_fn_801C2D9C.o
[419/1228] MWCC build/GEDE01/src/game/game_fn_801C8160.o
[420/1228] MWCC build/GEDE01/src/game/game_fn_801C4B5C.o
[421/1228] MWCC build/GEDE01/src/game/game_fn_801C8224.o
[422/1228] MWCC build/GEDE01/src/game/game_fn_801C8600.o
[423/1228] MWCC build/GEDE01/src/game/game_fn_801C87DC.o
[424/1228] MWCC build/GEDE01/src/game/game_fn_801C8CC0.o
[425/1228] MWCC build/GEDE01/src/game/game_fn_801C8F50.o
[426/1228] MWCC build/GEDE01/src/game/game_fn_801C90A4.o
[427/1228] MWCC build/GEDE01/src/game/game_fn_801C9510.o
[428/1228] MWCC build/GEDE01/src/game/game_fn_801C970C.o
[429/1228] MWCC build/GEDE01/src/game/game_fn_801C9A08.o
[430/1228] MWCC build/GEDE01/src/game/game_fn_801C9B1C.o
[431/1228] MWCC build/GEDE01/src/game/game_fn_801CB4F8.o
[432/1228] MWCC build/GEDE01/src/game/game_fn_801CD228.o
[433/1228] MWCC build/GEDE01/src/game/game_fn_801CE09C.o
[434/1228] MWCC build/GEDE01/src/game/game_fn_801CE594.o
[435/1228] MWCC build/GEDE01/src/game/game_fn_801D1B10.o
[436/1228] MWCC build/GEDE01/src/game/game_fn_801D1F78.o
[437/1228] MWCC build/GEDE01/src/game/game_fn_801D3988.o
[438/1228] MWCC build/GEDE01/src/game/game_fn_801D73D0.o
[439/1228] MWCC build/GEDE01/src/game/game_fn_801D76A8.o
[440/1228] MWCC build/GEDE01/src/game/game_fn_801D7C24.o
[441/1228] MWCC build/GEDE01/src/game/game_fn_801D8050.o
[442/1228] MWCC build/GEDE01/src/game/game_fn_801D9FE4.o
[443/1228] MWCC build/GEDE01/src/game/game_fn_801DDB84.o
[444/1228] MWCC build/GEDE01/src/game/game_fn_801DE8B4.o
[445/1228] MWCC build/GEDE01/src/game/game_fn_801E0088.o
[446/1228] MWCC build/GEDE01/src/game/game_fn_801E2A48.o
[447/1228] MWCC build/GEDE01/src/game/game_fn_801E3644.o
[448/1228] MWCC build/GEDE01/src/game/game_fn_801E41AC.o
[449/1228] MWCC build/GEDE01/src/game/game_fn_801E504C.o
[450/1228] MWCC build/GEDE01/src/game/game_fn_801E6814.o
[451/1228] MWCC build/GEDE01/src/game/game_fn_801E7014.o
[452/1228] MWCC build/GEDE01/src/game/game_fn_801E995C.o
[453/1228] MWCC build/GEDE01/src/game/game_fn_801EAA04.o
[454/1228] MWCC build/GEDE01/src/game/game_fn_801EB11C.o
[455/1228] MWCC build/GEDE01/src/game/game_fn_801EB09C.o
[456/1228] MWCC build/GEDE01/src/game/game_fn_801ECD74.o
[457/1228] MWCC build/GEDE01/src/game/game_fn_801ECF50.o
[458/1228] MWCC build/GEDE01/src/game/game_fn_801EF580.o
[459/1228] MWCC build/GEDE01/src/game/game_fn_801ED5F4.o
[460/1228] MWCC build/GEDE01/src/game/game_fn_801F0CB0.o
[461/1228] MWCC build/GEDE01/src/game/game_fn_801EF910.o
[462/1228] MWCC build/GEDE01/src/game/game_fn_801F10BC.o
[463/1228] MWCC build/GEDE01/src/game/game_fn_801F1A38.o
[464/1228] MWCC build/GEDE01/src/game/game_fn_801F55A0.o
[465/1228] MWCC build/GEDE01/src/game/game_fn_801F35A8.o
[466/1228] MWCC build/GEDE01/src/game/game_fn_801F6BD8.o
[467/1228] MWCC build/GEDE01/src/game/game_fn_801F69F0.o
[468/1228] MWCC build/GEDE01/src/game/game_fn_801F7510.o
[469/1228] MWCC build/GEDE01/src/game/game_fn_801F76EC.o
[470/1228] MWCC build/GEDE01/src/game/game_fn_801F8264.o
[471/1228] MWCC build/GEDE01/src/game/game_fn_801F89B4.o
[472/1228] MWCC build/GEDE01/src/game/game_fn_801F8FAC.o
[473/1228] MWCC build/GEDE01/src/game/game_fn_801F9AF8.o
[474/1228] MWCC build/GEDE01/src/game/game_fn_801F9CF4.o
[475/1228] MWCC build/GEDE01/src/game/game_fn_801FA9C8.o
[476/1228] MWCC build/GEDE01/src/game/game_fn_801FB6A4.o
[477/1228] MWCC build/GEDE01/src/game/game_fn_801FC034.o
[478/1228] MWCC build/GEDE01/src/game/game_fn_801FC204.o
[479/1228] AS build/GEDE01/src/Runtime.PPCEABI.H/__save_fpr.o
[480/1228] AS build/GEDE01/src/Runtime.PPCEABI.H/__restore_fpr.o
[481/1228] AS build/GEDE01/src/Runtime.PPCEABI.H/__save_gpr.o
[482/1228] AS build/GEDE01/src/Runtime.PPCEABI.H/__restore_gpr.o
[483/1228] AS build/GEDE01/src/game/game_fn_801A4874.o
[484/1228] AS build/GEDE01/src/game/game_fn_801EDA68.o
[485/1228] AS build/GEDE01/src/game/game_fn_801FB698.o
[486/1228] AS build/GEDE01/src/game/game_fn_801FB9C8.o
[487/1228] AS build/GEDE01/src/dolphin/base/PPCArch.o
[488/1228] MWCC build/GEDE01/src/game/game_fn_801FFE78.o
[489/1228] EXTERNALIZE build/GEDE01/src/game/game_fn_800A2B8C.o
[490/1228] EXTERNALIZE build/GEDE01/src/game/game_fn_801857B4.o
[491/1228] EXTERNALIZE build/GEDE01/src/game/game_fn_800DC4D4.o
[492/1228] EXTERNALIZE build/GEDE01/src/game/game_fn_80119C70.o
[493/1228] EXTERNALIZE STATIC POOL build/GEDE01/src/game/game_fn_80088060.o
build/GEDE01/src/game/game_fn_80088060.o: lbl_8031D3B8 now undefined; section 3 emptied
[494/1228] EXTERNALIZE build/GEDE01/src/game/game_fn_80175A08.o
[495/1228] EXTERNALIZE build/GEDE01/src/game/game_fn_80066E78.o
[496/1228] EXTERNALIZE build/GEDE01/src/game/game_fn_801247F8.o
[497/1228] EXTERNALIZE build/GEDE01/src/game/game_fn_801EF910.o
[498/1228] EXTERNALIZE build/GEDE01/src/game/game_fn_801ECF50.o
[499/1228] EXTERNALIZE build/GEDE01/src/game/game_fn_801FC204.o
[500/1228] EXTERNALIZE JUMPTABLES build/GEDE01/src/game/game_fn_80050B08.o
[501/1228] EXTERNALIZE build/GEDE01/src/game/game_fn_801EB09C.o
[502/1228] EXTERNALIZE build/GEDE01/src/game/game_fn_801EB11C.o
[503/1228] EXTERNALIZE build/GEDE01/src/game/game_fn_801D9FE4.o
[504/1228] EXTERNALIZE build/GEDE01/src/game/game_fn_801E41AC.o
[505/1228] EXTERNALIZE build/GEDE01/src/game/game_fn_801D73D0.o
[506/1228] EXTERNALIZE build/GEDE01/src/game/game_fn_801D76A8.o
[507/1228] EXTERNALIZE build/GEDE01/src/game/game_fn_801D8050.o
[508/1228] EXTERNALIZE build/GEDE01/src/game/game_fn_801D7C24.o
[509/1228] EXTERNALIZE build/GEDE01/src/game/game_fn_8019B1BC.o
[510/1228] EXTERNALIZE build/GEDE01/src/game/game_fn_80178F88.o
[511/1228] EXTERNALIZE build/GEDE01/src/game/game_fn_801CD228.o
[512/1228] EXTERNALIZE build/GEDE01/src/game/game_fn_801C970C.o
[513/1228] EXTERNALIZE build/GEDE01/src/game/game_fn_801C9510.o
[514/1228] EXTERNALIZE build/GEDE01/src/game/game_fn_801BA15C.o
[515/1228] EXTERNALIZE build/GEDE01/src/game/game_fn_80126A00.o
[516/1228] EXTERNALIZE build/GEDE01/src/game/game_fn_8013D6A4.o
[517/1228] EXTERNALIZE build/GEDE01/src/game/game_fn_800C9C60.o
[518/1228] EXTERNALIZE build/GEDE01/src/game/game_fn_801B5228.o
[519/1228] EXTERNALIZE build/GEDE01/src/game/game_fn_801B4FB4.o
[520/1228] EXTERNALIZE build/GEDE01/src/game/game_fn_801C87DC.o
[521/1228] EXTERNALIZE build/GEDE01/src/game/game_fn_801C8CC0.o
[522/1228] EXTERNALIZE build/GEDE01/src/game/game_fn_801B6F1C.o
[523/1228] EXTERNALIZE build/GEDE01/src/game/game_fn_800FD0C8.o
[524/1228] EXTERNALIZE build/GEDE01/src/game/game_fn_801BDE7C.o
[525/1228] EXTERNALIZE build/GEDE01/src/game/game_fn_801BE0D4.o
[526/1228] EXTERNALIZE STATIC POOL build/GEDE01/src/game/game_fn_801C9A08.o
build/GEDE01/src/game/game_fn_801C9A08.o: lbl_80629390 now undefined; section 3 emptied
[527/1228] EXTERNALIZE build/GEDE01/src/game/game_fn_801B941C.o
[528/1228] EXTERNALIZE STATIC POOL build/GEDE01/src/game/game_fn_801C9B1C.o
build/GEDE01/src/game/game_fn_801C9B1C.o: lbl_80629390 now undefined; section 3 emptied
[529/1228] EXTERNALIZE STATIC POOL build/GEDE01/src/game/game_fn_801BD990.o
build/GEDE01/src/game/game_fn_801BD990.o: lbl_80626D80 now undefined; section 6 emptied
[530/1228] EXTERNALIZE STATIC POOL build/GEDE01/src/game/game_fn_801B58F0.o
build/GEDE01/src/game/game_fn_801B58F0.o: lbl_8060C020 now undefined; section 3 emptied
[531/1228] EXTERNALIZE STATIC POOL build/GEDE01/src/game/game_fn_801B9E7C.o
build/GEDE01/src/game/game_fn_801B9E7C.o: 0 relocation(s) moved from streamInfo to ...bss.0
build/GEDE01/src/game/game_fn_801B9E7C.o: lbl_8061AE48 now undefined; section 6 emptied
[532/1228] EXTERNALIZE STATIC POOL build/GEDE01/src/game/game_fn_801BB1A0.o
build/GEDE01/src/game/game_fn_801BB1A0.o: 0 relocation(s) moved from streamInfo to ...bss.0
build/GEDE01/src/game/game_fn_801BB1A0.o: lbl_8061AE48 now undefined; section 6 emptied
[533/1228] EXTERNALIZE STATIC POOL build/GEDE01/src/game/game_fn_801BA708.o
build/GEDE01/src/game/game_fn_801BA708.o: 0 relocation(s) moved from streamInfo to ...bss.0
build/GEDE01/src/game/game_fn_801BA708.o: lbl_8061AE48 now undefined; section 6 emptied
[534/1228] EXTERNALIZE STATIC build/GEDE01/src/game/game_fn_801B35BC.o
build/GEDE01/src/game/game_fn_801B35BC.o: lbl_8060D420 now undefined; section 6 emptied
[535/1228] EXTERNALIZE build/GEDE01/src/game/game_fn_801BA94C.o
build/GEDE01/src/game/game_fn_801BA94C.o: 0 relocation(s) moved from streamInfo to ...bss.0
build/GEDE01/src/game/game_fn_801BA94C.o: lbl_8061AE48 now undefined; section 6 emptied
[536/1228] EXTERNALIZE STATIC POOL build/GEDE01/src/game/game_fn_801BC8F4.o
build/GEDE01/src/game/game_fn_801BC8F4.o: lbl_8061C748 now undefined; section 6 emptied
[537/1228] EXTERNALIZE STATIC build/GEDE01/src/game/game_fn_801BC240.o
build/GEDE01/src/game/game_fn_801BC240.o: lbl_8061C748 now undefined; section 6 emptied
[538/1228] EXTERNALIZE STATIC POOL build/GEDE01/src/game/game_fn_801BCC04.o
build/GEDE01/src/game/game_fn_801BCC04.o: lbl_8061C748 now undefined; section 6 emptied
[539/1228] EXTERNALIZE STATIC POOL build/GEDE01/src/game/game_fn_801BC0D4.o
build/GEDE01/src/game/game_fn_801BC0D4.o: lbl_8061C748 now undefined; section 6 emptied
[540/1228] EXTERNALIZE STATIC POOL build/GEDE01/src/game/game_fn_801C1CB0.o
build/GEDE01/src/game/game_fn_801C1CB0.o: lbl_80626DA0 now undefined; section 3 emptied
[541/1228] RENAME build/GEDE01/src/game/game_InitMetroTRKCommTable.o
[542/1228] EXTERNALIZE STATIC POOL build/GEDE01/src/game/game_fn_801CE09C.o
build/GEDE01/src/game/game_fn_801CE09C.o: lbl_80631340 now undefined; section 6 emptied
[543/1228] RENAME RUNTIME INTRINSICS build/GEDE01/src/game/game_fn_801CB4F8.o
[544/1228] EXTERNALIZE STATIC POOL build/GEDE01/src/game/game_fn_8010242C.o
build/GEDE01/src/game/game_fn_8010242C.o: lbl_8032CC08 now undefined; section 3 emptied
[545/1228] EXTERNALIZE build/GEDE01/src/game/game_fn_801D3988.o
[546/1228] EXTERNALIZE build/GEDE01/src/game/game_fn_801D1B10.o
[547/1228] ALIGN DATA build/GEDE01/src/game/game_fn_8005EF94.o
[548/1228] ALIGN DATA build/GEDE01/src/game/game_fn_801A6350.o
[549/1228] ALIGN DATA build/GEDE01/src/game/game_fn_80008014.o
[550/1228] EXTERNALIZE build/GEDE01/src/game/game_fn_801CE594.o
[551/1228] EXTERNALIZE build/GEDE01/src/game/game_fn_8014549C.o
[552/1228] EXTERNALIZE build/GEDE01/src/game/game_fn_801098C0.o
[553/1228] EXTERNALIZE build/GEDE01/src/game/game_fn_801C8224.o
[554/1228] EXTERNALIZE build/GEDE01/src/game/game_fn_80185F10.o
[555/1228] EXTERNALIZE build/GEDE01/src/game/game_fn_8000FDE8.o
[556/1228] EXTERNALIZE build/GEDE01/src/game/game_fn_801C29BC.o
[557/1228] EXTERNALIZE build/GEDE01/src/game/game_fn_801C8F50.o
[558/1228] EXTERNALIZE build/GEDE01/src/game/game_fn_8007B828.o
[559/1228] EXTERNALIZE build/GEDE01/src/game/game_fn_801C8160.o
[560/1228] EXTERNALIZE build/GEDE01/src/game/game_fn_801C90A4.o
[561/1228] EXTERNALIZE build/GEDE01/src/game/game_fn_801C2AAC.o
[562/1228] EXTERNALIZE build/GEDE01/src/game/game_fn_801C2D9C.o
[563/1228] EXTERNALIZE build/GEDE01/src/game/game_fn_801C2980.o
[564/1228] EXTERNALIZE build/GEDE01/src/game/game_fn_801B02F0.o
[565/1228] EXTERNALIZE build/GEDE01/src/game/game_fn_801AFA74.o
[566/1228] EXTERNALIZE build/GEDE01/src/game/game_fn_801AC8AC.o
[567/1228] EXTERNALIZE build/GEDE01/src/game/game_fn_801ABD3C.o
[568/1228] EXTERNALIZE build/GEDE01/src/game/game_fn_801816D4.o
[569/1228] EXTERNALIZE build/GEDE01/src/game/game_fn_8011F140.o
[570/1228] EXTERNALIZE build/GEDE01/src/game/game_fn_801AD08C.o
[571/1228] EXTERNALIZE build/GEDE01/src/game/game_fn_8004998C.o
[572/1228] EXTERNALIZE build/GEDE01/src/game/game_fn_80079AA4.o
[573/1228] EXTERNALIZE build/GEDE01/src/game/game_fn_80158D38.o
[574/1228] EXTERNALIZE build/GEDE01/src/game/game_fn_801A3A78.o
[575/1228] EXTERNALIZE build/GEDE01/src/game/game_fn_8008F224.o
[576/1228] EXTERNALIZE build/GEDE01/src/game/game_fn_80167454.o
[577/1228] EXTERNALIZE build/GEDE01/src/game/game_fn_800AF230.o
[578/1228] EXTERNALIZE build/GEDE01/src/game/game_fn_801A93E8.o
[579/1228] EXTERNALIZE build/GEDE01/src/game/game_fn_801AB154.o
[580/1228] EXTERNALIZE build/GEDE01/src/game/game_fn_801A7E04.o
[581/1228] EXTERNALIZE build/GEDE01/src/game/game_fn_801A7EA8.o
[582/1228] EXTERNALIZE build/GEDE01/src/game/game_fn_801A6CB4.o
[583/1228] EXTERNALIZE build/GEDE01/src/game/game_fn_801A4CE0.o
[584/1228] EXTERNALIZE build/GEDE01/src/game/game_fn_801A6C58.o
[585/1228] NAME JUMPTABLE build/GEDE01/src/game/game_fn_801A6ADC.o
[586/1228] EXTERNALIZE build/GEDE01/src/game/game_fn_801A6410.o
[587/1228] EXTERNALIZE build/GEDE01/src/game/game_fn_801A5FB0.o
[588/1228] EXTERNALIZE build/GEDE01/src/game/game_fn_801A1F18.o
[589/1228] EXTERNALIZE build/GEDE01/src/game/game_fn_8019E8C8.o
[590/1228] EXTERNALIZE build/GEDE01/src/game/game_fn_8019E5E4.o
[591/1228] EXTERNALIZE build/GEDE01/src/game/game_fn_8019CFC4.o
[592/1228] EXTERNALIZE build/GEDE01/src/game/game_fn_801991E0.o
[593/1228] EXTERNALIZE build/GEDE01/src/game/game_fn_8019CC28.o
[594/1228] EXTERNALIZE build/GEDE01/src/game/game_fn_80198BF4.o
[595/1228] EXTERNALIZE build/GEDE01/src/game/game_fn_80198AAC.o
[596/1228] EXTERNALIZE build/GEDE01/src/game/game_fn_80198154.o
[597/1228] EXTERNALIZE build/GEDE01/src/game/game_fn_80194F80.o
[598/1228] EXTERNALIZE build/GEDE01/src/game/game_fn_80197910.o
[599/1228] EXTERNALIZE build/GEDE01/src/game/game_fn_80177434.o
repointed 2 relocations to lbl_80250588
[600/1228] EXTERNALIZE build/GEDE01/src/game/game_fn_80193E1C.o
[601/1228] EXTERNALIZE build/GEDE01/src/game/game_fn_801931C4.o
[602/1228] EXTERNALIZE build/GEDE01/src/game/game_fn_80193F3C.o
[603/1228] EXTERNALIZE build/GEDE01/src/game/game_fn_80192F54.o
[604/1228] EXTERNALIZE build/GEDE01/src/game/game_fn_80191F58.o
[605/1228] EXTERNALIZE build/GEDE01/src/game/game_fn_8019197C.o
[606/1228] EXTERNALIZE build/GEDE01/src/game/game_fn_80191360.o
[607/1228] GLOBALIZE build/GEDE01/src/game/game_fn_8018F1D0.o
[608/1228] EXTERNALIZE build/GEDE01/src/game/game_fn_8018D688.o
[609/1228] EXTERNALIZE build/GEDE01/src/game/game_fn_8018F81C.o
[610/1228] EXTERNALIZE build/GEDE01/src/game/game_fn_8018D2E0.o
[611/1228] EXTERNALIZE build/GEDE01/src/game/game_fn_80189968.o
[612/1228] EXTERNALIZE build/GEDE01/src/game/game_fn_80189760.o
[613/1228] EXTERNALIZE build/GEDE01/src/game/game_fn_8018D1F0.o
[614/1228] EXTERNALIZE build/GEDE01/src/game/game_fn_801896A0.o
[615/1228] EXTERNALIZE build/GEDE01/src/game/game_fn_801895E8.o
[616/1228] EXTERNALIZE build/GEDE01/src/game/game_fn_80189390.o
[617/1228] EXTERNALIZE build/GEDE01/src/game/game_fn_801891D8.o
[618/1228] EXTERNALIZE build/GEDE01/src/game/game_fn_80188E28.o
[619/1228] EXTERNALIZE build/GEDE01/src/game/game_fn_80189028.o
[620/1228] EXTERNALIZE build/GEDE01/src/game/game_fn_80188C1C.o
[621/1228] EXTERNALIZE build/GEDE01/src/game/game_fn_80188B44.o
[622/1228] EXTERNALIZE build/GEDE01/src/game/game_fn_80188A7C.o
[623/1228] EXTERNALIZE build/GEDE01/src/game/game_fn_801878E0.o
[624/1228] EXTERNALIZE build/GEDE01/src/game/game_fn_80187120.o
[625/1228] EXTERNALIZE build/GEDE01/src/game/game_fn_8018FEDC.o
[626/1228] EXTERNALIZE build/GEDE01/src/game/game_fn_80186E10.o
[627/1228] EXTERNALIZE build/GEDE01/src/game/game_fn_801865EC.o
[628/1228] EXTERNALIZE build/GEDE01/src/game/game_fn_80185AE8.o
[629/1228] EXTERNALIZE build/GEDE01/src/game/game_fn_801859FC.o
[630/1228] EXTERNALIZE build/GEDE01/src/game/game_fn_8017E958.o
[631/1228] EXTERNALIZE build/GEDE01/src/game/game_fn_80180DDC.o
[632/1228] EXTERNALIZE build/GEDE01/src/game/game_fn_8017718C.o
[633/1228] EXTERNALIZE build/GEDE01/src/game/game_fn_8017E850.o
[634/1228] EXTERNALIZE build/GEDE01/src/game/game_fn_801770F8.o
[635/1228] EXTERNALIZE build/GEDE01/src/game/game_fn_80176FA0.o
[636/1228] EXTERNALIZE build/GEDE01/src/game/game_fn_80176DF4.o
[637/1228] EXTERNALIZE build/GEDE01/src/game/game_fn_80174358.o
[638/1228] EXTERNALIZE build/GEDE01/src/game/game_fn_80173F04.o
[639/1228] EXTERNALIZE build/GEDE01/src/game/game_fn_80174184.o
[640/1228] EXTERNALIZE build/GEDE01/src/game/game_fn_8017553C.o
[641/1228] EXTERNALIZE build/GEDE01/src/game/game_fn_80173D44.o
[642/1228] EXTERNALIZE build/GEDE01/src/game/game_fn_80173770.o
[643/1228] EXTERNALIZE build/GEDE01/src/game/game_fn_801734B4.o
[644/1228] EXTERNALIZE build/GEDE01/src/game/game_fn_80173270.o
[645/1228] EXTERNALIZE build/GEDE01/src/game/game_fn_80172DB8.o
[646/1228] EXTERNALIZE build/GEDE01/src/game/game_fn_80172C78.o
[647/1228] EXTERNALIZE build/GEDE01/src/game/game_fn_80172BB0.o
[648/1228] EXTERNALIZE build/GEDE01/src/game/game_fn_801726EC.o
[649/1228] EXTERNALIZE build/GEDE01/src/game/game_fn_8017250C.o
[650/1228] EXTERNALIZE build/GEDE01/src/game/game_fn_80171F30.o
[651/1228] EXTERNALIZE build/GEDE01/src/game/game_fn_801719B4.o
[652/1228] EXTERNALIZE build/GEDE01/src/game/game_fn_801718F4.o
[653/1228] EXTERNALIZE build/GEDE01/src/game/game_fn_8017138C.o
[654/1228] EXTERNALIZE build/GEDE01/src/game/game_fn_80171664.o
[655/1228] EXTERNALIZE build/GEDE01/src/game/game_fn_80170A40.o
[656/1228] NORMALIZE build/GEDE01/src/game/game_TRKNubWelcome.o
[657/1228] NORMALIZE build/GEDE01/src/game/game_TRK_main.o
[658/1228] EXTERNALIZE build/GEDE01/src/game/game_fn_801706DC.o
[659/1228] NORMALIZE build/GEDE01/src/game/game_data_80239E10.o
[660/1228] NORMALIZE build/GEDE01/src/game/game_data_80239E18.o
[661/1228] EXTERNALIZE build/GEDE01/src/game/game_fn_80170E9C.o
[662/1228] EXTERNALIZE build/GEDE01/src/game/game_fn_8017652C.o
[663/1228] EXTERNALIZE build/GEDE01/src/game/game_fn_80175E64.o
[664/1228] EXTERNALIZE build/GEDE01/src/game/game_fn_80175F0C.o
[665/1228] EXTERNALIZE build/GEDE01/src/game/game_fn_80175FD4.o
[666/1228] EXTERNALIZE build/GEDE01/src/game/game_fn_80176098.o
[667/1228] EXTERNALIZE build/GEDE01/src/game/game_fn_80176220.o
[668/1228] EXTERNALIZE build/GEDE01/src/game/game_fn_80176160.o
[669/1228] EXTERNALIZE build/GEDE01/src/game/game_fn_80170DF4.o
[670/1228] EXTERNALIZE build/GEDE01/src/game/game_fn_801762E8.o
[671/1228] EXTERNALIZE build/GEDE01/src/game/game_fn_8016E8F8.o
[672/1228] EXTERNALIZE build/GEDE01/src/game/game_fn_801704F8.o
[673/1228] EXTERNALIZE build/GEDE01/src/game/game_fn_8016FEF8.o
[674/1228] EXTERNALIZE build/GEDE01/src/game/game_fn_8016D2B8.o
[675/1228] NORMALIZE build/GEDE01/src/game/game_fn_8016DF4C.o
[676/1228] EXTERNALIZE build/GEDE01/src/game/game_fn_8016D040.o
[677/1228] EXTERNALIZE build/GEDE01/src/game/game_fn_8016D1F8.o
[678/1228] EXTERNALIZE build/GEDE01/src/game/game_fn_8016C774.o
[679/1228] EXTERNALIZE build/GEDE01/src/game/game_fn_8016C4BC.o
[680/1228] EXTERNALIZE build/GEDE01/src/game/game_fn_8016C238.o
[681/1228] EXTERNALIZE build/GEDE01/src/game/game_fn_8016C164.o
[682/1228] EXTERNALIZE build/GEDE01/src/game/game_fn_8016C0BC.o
[683/1228] EXTERNALIZE build/GEDE01/src/game/game_fn_8017038C.o
[684/1228] EXTERNALIZE build/GEDE01/src/game/game_fn_8016BE1C.o
[685/1228] EXTERNALIZE build/GEDE01/src/game/game_fn_8016BF60.o
[686/1228] EXTERNALIZE build/GEDE01/src/game/game_fn_8016BD0C.o
[687/1228] EXTERNALIZE build/GEDE01/src/game/game_fn_80169650.o
[688/1228] EXTERNALIZE build/GEDE01/src/game/game_fn_80167B5C.o
[689/1228] EXTERNALIZE build/GEDE01/src/game/game_fn_8015EDC0.o
[690/1228] EXTERNALIZE build/GEDE01/src/game/game_fn_8015DB84.o
[691/1228] EXTERNALIZE build/GEDE01/src/game/game_fn_8015DC54.o
[692/1228] EXTERNALIZE build/GEDE01/src/game/game_fn_80179398.o
[693/1228] EXTERNALIZE build/GEDE01/src/game/game_fn_80158B20.o
[694/1228] EXTERNALIZE build/GEDE01/src/game/game_fn_8017960C.o
[695/1228] EXTERNALIZE build/GEDE01/src/game/game_fn_8017974C.o
[696/1228] EXTERNALIZE build/GEDE01/src/game/game_fn_80179904.o
[697/1228] EXTERNALIZE build/GEDE01/src/game/game_fn_8017A9B8.o
[698/1228] EXTERNALIZE build/GEDE01/src/game/game_fn_80179A18.o
[699/1228] EXTERNALIZE build/GEDE01/src/game/game_fn_80179A74.o
[700/1228] EXTERNALIZE build/GEDE01/src/game/game_fn_80179EB8.o
[701/1228] EXTERNALIZE build/GEDE01/src/game/game_fn_80179F20.o
[702/1228] EXTERNALIZE build/GEDE01/src/game/game_fn_8017A010.o
[703/1228] EXTERNALIZE build/GEDE01/src/game/game_fn_8017A12C.o
[704/1228] EXTERNALIZE build/GEDE01/src/game/game_fn_80157C0C.o
[705/1228] EXTERNALIZE build/GEDE01/src/game/game_fn_8017A1C0.o
[706/1228] EXTERNALIZE build/GEDE01/src/game/game_fn_80155814.o
[707/1228] EXTERNALIZE build/GEDE01/src/game/game_fn_8014B494.o
[708/1228] EXTERNALIZE build/GEDE01/src/game/game_fn_80153898.o
[709/1228] EXTERNALIZE build/GEDE01/src/game/game_fn_8014AF38.o
[710/1228] EXTERNALIZE build/GEDE01/src/game/game_fn_8012DB28.o
[711/1228] EXTERNALIZE build/GEDE01/src/game/game_fn_801141B8.o
[712/1228] EXTERNALIZE build/GEDE01/src/game/game_fn_801128E4.o
[713/1228] EXTERNALIZE build/GEDE01/src/game/game_fn_8010F184.o
[714/1228] EXTERNALIZE build/GEDE01/src/game/game_fn_801126E0.o
[715/1228] EXTERNALIZE build/GEDE01/src/game/game_fn_800E4980.o
[716/1228] EXTERNALIZE build/GEDE01/src/game/game_fn_800C17EC.o
[717/1228] EXTERNALIZE build/GEDE01/src/game/game_fn_800C030C.o
[718/1228] EXTERNALIZE build/GEDE01/src/game/game_fn_800C59F0.o
[719/1228] EXTERNALIZE build/GEDE01/src/game/game_fn_800C644C.o
[720/1228] EXTERNALIZE build/GEDE01/src/game/game_fn_800C65FC.o
[721/1228] EXTERNALIZE build/GEDE01/src/game/game_fn_800CB760.o
[722/1228] EXTERNALIZE build/GEDE01/src/game/game_fn_800CB8F4.o
[723/1228] EXTERNALIZE build/GEDE01/src/game/game_fn_80078500.o
[724/1228] EXTERNALIZE build/GEDE01/src/game/game_fn_80079908.o
[725/1228] EXTERNALIZE build/GEDE01/src/game/game_fn_8007B2F4.o
[726/1228] EXTERNALIZE build/GEDE01/src/game/game_fn_8007B540.o
[727/1228] EXTERNALIZE build/GEDE01/src/game/game_fn_8007B640.o
[728/1228] EXTERNALIZE build/GEDE01/src/game/game_fn_800886D8.o
[729/1228] EXTERNALIZE build/GEDE01/src/game/game_fn_8007BA3C.o
[730/1228] EXTERNALIZE build/GEDE01/src/game/game_fn_800934A0.o
[731/1228] EXTERNALIZE build/GEDE01/src/game/game_fn_800A3894.o
[732/1228] EXTERNALIZE build/GEDE01/src/game/game_fn_800A7E88.o
[733/1228] EXTERNALIZE build/GEDE01/src/game/game_fn_800A4798.o
[734/1228] GLOBALIZE build/GEDE01/src/game/game_fn_800A2130.o
[735/1228] EXTERNALIZE build/GEDE01/src/game/game_fn_800A2FCC.o
[736/1228] EXTERNALIZE build/GEDE01/src/game/game_fn_8009C424.o
[737/1228] EXTERNALIZE build/GEDE01/src/game/game_fn_80096830.o
[738/1228] GLOBALIZE build/GEDE01/src/game/game_fn_8008F890.o
[739/1228] EXTERNALIZE SWITCHES build/GEDE01/src/game/game_fn_80095FDC.o
[740/1228] EXTERNALIZE build/GEDE01/src/game/game_fn_800A4428.o
[741/1228] EXTERNALIZE build/GEDE01/src/game/game_fn_80074310.o
[742/1228] GLOBALIZE build/GEDE01/src/game/game_fn_8005FD84.o
[743/1228] EXTERNALIZE build/GEDE01/src/game/game_fn_80066888.o
[744/1228] EXTERNALIZE build/GEDE01/src/game/game_fn_8005EC6C.o
[745/1228] EXTERNALIZE build/GEDE01/src/game/game_fn_80052310.o
[746/1228] EXTERNALIZE build/GEDE01/src/game/game_fn_80048B24.o
[747/1228] NAME SWITCH build/GEDE01/src/game/game_fn_80020E94.o
[748/1228] NAME SWITCH build/GEDE01/src/game/game_fn_8005EE9C.o
[749/1228] NAME SWITCH build/GEDE01/src/game/game_fn_8016D9C0.o
[750/1228] NAME SWITCH build/GEDE01/src/game/game_fn_80071A58.o
[751/1228] EXTERNALIZE build/GEDE01/src/game/game_fn_80048ADC.o
[752/1228] NAME SWITCH build/GEDE01/src/game/game_fn_8006B620.o
[753/1228] NAME SWITCH build/GEDE01/src/game/game_fn_8001FE1C.o
[754/1228] NAME SWITCH build/GEDE01/src/game/game_fn_8001E644.o
[755/1228] EXTERNALIZE build/GEDE01/src/game/game_fn_80038878.o
[756/1228] EXTERNALIZE build/GEDE01/src/game/game_fn_801B46C8.o
build/GEDE01/src/game/game_fn_801B46C8.o: lbl_8060C020 now undefined; section 6 emptied
[757/1228] EXTERNALIZE build/GEDE01/src/game/game_fn_80036C40.o
[758/1228] EXTERNALIZE build/GEDE01/src/game/game_fn_800359A0.o
[759/1228] EXTERNALIZE build/GEDE01/src/game/game_fn_80033180.o
[760/1228] EXTERNALIZE build/GEDE01/src/game/game_fn_80033038.o
[761/1228] EXTERNALIZE build/GEDE01/src/game/game_fn_80032B84.o
[762/1228] EXTERNALIZE build/GEDE01/src/game/game_fn_8003232C.o
[763/1228] EXTERNALIZE build/GEDE01/src/game/game_fn_8002E3F0.o
[764/1228] EXTERNALIZE build/GEDE01/src/game/game_fn_8002DAE0.o
[765/1228] EXTERNALIZE build/GEDE01/src/game/game_fn_8002EA68.o
[766/1228] GLOBALIZE build/GEDE01/src/game/game_fn_8002B748.o
[767/1228] EXTERNALIZE build/GEDE01/src/game/game_fn_8002F428.o
[768/1228] NAME SWITCHES build/GEDE01/src/game/game_fn_80024F28.o
[769/1228] EXTERNALIZE build/GEDE01/src/game/game_fn_800272B4.o
[770/1228] EXTERNALIZE build/GEDE01/src/game/game_fn_8001CE94.o
[771/1228] EXTERNALIZE build/GEDE01/src/game/game_fn_8001CD58.o
[772/1228] EXTERNALIZE build/GEDE01/src/game/game_fn_8001C078.o
[773/1228] EXTERNALIZE build/GEDE01/src/game/game_fn_8001B874.o
[774/1228] EXTERNALIZE build/GEDE01/src/game/game_fn_8001B294.o
[775/1228] EXTERNALIZE build/GEDE01/src/game/game_fn_8001B808.o
[776/1228] EXTERNALIZE build/GEDE01/src/game/game_fn_8001B124.o
[777/1228] EXTERNALIZE build/GEDE01/src/game/game_fn_8001AF68.o
[778/1228] EXTERNALIZE build/GEDE01/src/game/game_fn_8001ADF8.o
[779/1228] EXTERNALIZE build/GEDE01/src/game/game_fn_8001AAB8.o
[780/1228] EXTERNALIZE build/GEDE01/src/game/game_fn_8001A6C4.o
[781/1228] EXTERNALIZE build/GEDE01/src/game/game_fn_80019F98.o
[782/1228] EXTERNALIZE build/GEDE01/src/game/game_fn_80019D2C.o
[783/1228] EXTERNALIZE build/GEDE01/src/game/game_fn_80019C10.o
[784/1228] EXTERNALIZE build/GEDE01/src/game/game_fn_80019940.o
[785/1228] EXTERNALIZE build/GEDE01/src/game/game_fn_800194D0.o
[786/1228] EXTERNALIZE build/GEDE01/src/game/game_fn_80019244.o
[787/1228] EXTERNALIZE build/GEDE01/src/game/game_fn_80019054.o
[788/1228] EXTERNALIZE build/GEDE01/src/game/game_fn_80018EF4.o
[789/1228] EXTERNALIZE build/GEDE01/src/game/game_fn_80017DB0.o
[790/1228] EXTERNALIZE build/GEDE01/src/game/game_fn_80017CC8.o
[791/1228] EXTERNALIZE build/GEDE01/src/game/game_fn_80017C3C.o
[792/1228] EXTERNALIZE build/GEDE01/src/game/game_fn_80017AE4.o
[793/1228] EXTERNALIZE build/GEDE01/src/game/game_fn_80017A3C.o
[794/1228] EXTERNALIZE build/GEDE01/src/game/game_fn_800179AC.o
[795/1228] EXTERNALIZE build/GEDE01/src/game/game_fn_80017910.o
[796/1228] EXTERNALIZE FLAGS build/GEDE01/src/game/game_fn_800119FC.o
[797/1228] EXTERNALIZE build/GEDE01/src/game/game_fn_8000FFD8.o
[798/1228] EXTERNALIZE build/GEDE01/src/game/game_fn_8000F4B0.o
[799/1228] GLOBALIZE build/GEDE01/src/game/game_fn_800094C0.o
[800/1228] EXTERNALIZE build/GEDE01/src/game/game_fn_8000EFC4.o
[801/1228] EXTERNALIZE build/GEDE01/src/game/game_fn_800096E0.o
[802/1228] EXTERNALIZE build/GEDE01/src/game/game_fn_800098C0.o
[803/1228] EXTERNALIZE build/GEDE01/src/game/game_fn_800099D8.o
[804/1228] EXTERNALIZE build/GEDE01/src/game/game_fn_80009AB4.o
[805/1228] EXTERNALIZE build/GEDE01/src/game/game_fn_8000A26C.o
[806/1228] EXTERNALIZE build/GEDE01/src/game/game_fn_800171C0.o
[807/1228] EXTERNALIZE build/GEDE01/src/game/game_fn_800176F0.o
[808/1228] EXTERNALIZE build/GEDE01/src/game/game_fn_8000AC88.o
[809/1228] EXTERNALIZE build/GEDE01/src/game/game_fn_8000AEB4.o
[810/1228] EXTERNALIZE build/GEDE01/src/game/game_fn_8000AFB4.o
[811/1228] EXTERNALIZE build/GEDE01/src/game/game_fn_8000B1B8.o
[812/1228] EXTERNALIZE build/GEDE01/src/game/game_fn_8000B36C.o
[813/1228] EXTERNALIZE build/GEDE01/src/game/game_fn_8000B630.o
[814/1228] EXTERNALIZE build/GEDE01/src/game/game_fn_8000B7FC.o
[815/1228] EXTERNALIZE build/GEDE01/src/game/game_fn_8000BA0C.o
[816/1228] EXTERNALIZE build/GEDE01/src/game/game_fn_8000B900.o
[817/1228] EXTERNALIZE build/GEDE01/src/game/game_fn_8000BAA0.o
[818/1228] EXTERNALIZE build/GEDE01/src/game/game_fn_8000BC40.o
[819/1228] EXTERNALIZE build/GEDE01/src/game/game_fn_8000C06C.o
[820/1228] EXTERNALIZE build/GEDE01/src/game/game_fn_8000C17C.o
[821/1228] EXTERNALIZE build/GEDE01/src/game/game_fn_8000C400.o
[822/1228] EXTERNALIZE build/GEDE01/src/game/game_fn_8000C848.o
[823/1228] EXTERNALIZE build/GEDE01/src/game/game_fn_8000C91C.o
[824/1228] EXTERNALIZE build/GEDE01/src/game/game_fn_8000D0BC.o
[825/1228] NAME SWITCH build/GEDE01/src/game/game_fn_8000D8A4.o
[826/1228] EXTERNALIZE build/GEDE01/src/game/game_fn_8000D3D4.o
[827/1228] EXTERNALIZE build/GEDE01/src/game/game_fn_8000E054.o
[828/1228] EXTERNALIZE build/GEDE01/src/game/game_fn_8000E0AC.o
[829/1228] EXTERNALIZE build/GEDE01/src/game/game_fn_8000E96C.o
[830/1228] EXTERNALIZE build/GEDE01/src/game/game_fn_8000F774.o
[831/1228] EXTERNALIZE build/GEDE01/src/game/game_fn_8000EB14.o
[832/1228] EXTERNALIZE build/GEDE01/src/game/game_fn_8000EBD4.o
[833/1228] EXTERNALIZE build/GEDE01/src/game/game_fn_8000ED44.o
[834/1228] EXTERNALIZE build/GEDE01/src/game/game_fn_8000E138.o
[835/1228] EXTERNALIZE build/GEDE01/src/game/game_fn_8000E1C4.o
[836/1228] EXTERNALIZE build/GEDE01/src/game/game_fn_8000D590.o
[837/1228] EXTERNALIZE build/GEDE01/src/game/game_fn_8000DA50.o
[838/1228] EXTERNALIZE build/GEDE01/src/game/game_fn_8000DAF4.o
[839/1228] EXTERNALIZE build/GEDE01/src/game/game_fn_80012DA8.o
[840/1228] EXTERNALIZE build/GEDE01/src/game/game_fn_80012F40.o
[841/1228] EXTERNALIZE build/GEDE01/src/game/game_fn_80012FD0.o
[842/1228] EXTERNALIZE build/GEDE01/src/game/game_fn_800131E8.o
[843/1228] EXTERNALIZE build/GEDE01/src/game/game_fn_80013340.o
[844/1228] EXTERNALIZE build/GEDE01/src/game/game_fn_80013870.o
[845/1228] EXTERNALIZE build/GEDE01/src/game/game_fn_80013CB0.o
[846/1228] EXTERNALIZE build/GEDE01/src/game/game_fn_80013D54.o
[847/1228] EXTERNALIZE build/GEDE01/src/game/game_fn_800142DC.o
[848/1228] EXTERNALIZE build/GEDE01/src/game/game_fn_800144CC.o
[849/1228] EXTERNALIZE build/GEDE01/src/game/game_fn_80014784.o
[850/1228] EXTERNALIZE build/GEDE01/src/game/game_fn_800149D4.o
[851/1228] EXTERNALIZE build/GEDE01/src/game/game_fn_80015058.o
[852/1228] EXTERNALIZE build/GEDE01/src/game/game_fn_80015568.o
[853/1228] EXTERNALIZE build/GEDE01/src/game/game_fn_80015320.o
[854/1228] EXTERNALIZE build/GEDE01/src/game/game_fn_800156FC.o
[855/1228] EXTERNALIZE build/GEDE01/src/game/game_fn_80015BE0.o
[856/1228] EXTERNALIZE build/GEDE01/src/game/game_fn_80015D40.o
[857/1228] EXTERNALIZE build/GEDE01/src/game/game_fn_80015F04.o
[858/1228] EXTERNALIZE build/GEDE01/src/game/game_fn_80016128.o
[859/1228] EXTERNALIZE build/GEDE01/src/game/game_fn_80016270.o
[860/1228] EXTERNALIZE build/GEDE01/src/game/game_fn_80016904.o
[861/1228] EXTERNALIZE build/GEDE01/src/game/game_fn_800173CC.o
[862/1228] EXTERNALIZE build/GEDE01/src/game/game_fn_80016B24.o
[863/1228] EXTERNALIZE build/GEDE01/src/game/game_fn_801BEF40.o
[864/1228] EXTERNALIZE build/GEDE01/src/game/game_fn_801B86C0.o
[865/1228] EXTERNALIZE STATIC POOL build/GEDE01/src/game/game_fn_801C4B5C.o
build/GEDE01/src/game/game_fn_801C4B5C.o: lbl_80628CB0 now undefined; section 6 emptied
[866/1228] EXTERNALIZE build/GEDE01/src/game/game_fn_801C8600.o
[867/1228] EXTERNALIZE build/GEDE01/src/game/game_fn_801EAA04.o
[868/1228] EXTERNALIZE build/GEDE01/src/game/game_fn_80150400.o
[869/1228] EXTERNALIZE build/GEDE01/src/game/game_fn_80150F20.o
[870/1228] EXTERNALIZE build/GEDE01/src/game/game_fn_80151600.o
[871/1228] EXTERNALIZE build/GEDE01/src/game/game_fn_80151D00.o
[872/1228] EXTERNALIZE build/GEDE01/src/game/game_fn_8011EE04.o
[873/1228] EXTERNALIZE build/GEDE01/src/game/game_fn_801E3644.o
[874/1228] EXTERNALIZE build/GEDE01/src/game/game_fn_8019E0B0.o
[875/1228] EXTERNALIZE build/GEDE01/src/game/game_fn_801A260C.o
[876/1228] EXTERNALIZE build/GEDE01/src/game/game_fn_801DE8B4.o
[877/1228] EXTERNALIZE build/GEDE01/src/game/game_fn_80173BDC.o
[878/1228] EXTERNALIZE build/GEDE01/src/game/game_fn_801E7014.o
[879/1228] EXTERNALIZE build/GEDE01/src/game/game_fn_801A4430.o
[880/1228] EXTERNALIZE build/GEDE01/src/game/game_fn_8014BA14.o
[881/1228] EXTERNALIZE build/GEDE01/src/game/game_fn_800B2EC0.o
[882/1228] EXTERNALIZE build/GEDE01/src/game/game_fn_8001CA04.o
[883/1228] EXTERNALIZE build/GEDE01/src/game/game_fn_80031544.o
[884/1228] EXTERNALIZE build/GEDE01/src/game/game_fn_801DDB84.o
[885/1228] EXTERNALIZE build/GEDE01/src/game/game_fn_8006B0F0.o
[886/1228] EXTERNALIZE build/GEDE01/src/game/game_fn_8007D4D8.o
[887/1228] EXTERNALIZE build/GEDE01/src/game/game_fn_80088F4C.o
[888/1228] EXTERNALIZE build/GEDE01/src/game/game_fn_8007F770.o
[889/1228] EXTERNALIZE build/GEDE01/src/game/game_fn_8008A2E0.o
[890/1228] EXTERNALIZE build/GEDE01/src/game/game_fn_80089A34.o
[891/1228] EXTERNALIZE build/GEDE01/src/game/game_fn_80090004.o
[892/1228] EXTERNALIZE build/GEDE01/src/game/game_fn_800A3180.o
[893/1228] EXTERNALIZE build/GEDE01/src/game/game_fn_80095D10.o
[894/1228] EXTERNALIZE build/GEDE01/src/game/game_fn_800BB7A8.o
[895/1228] EXTERNALIZE build/GEDE01/src/game/game_fn_800BB5C4.o
[896/1228] EXTERNALIZE build/GEDE01/src/game/game_fn_800BB9A4.o
[897/1228] EXTERNALIZE build/GEDE01/src/game/game_fn_800BBAF0.o
[898/1228] EXTERNALIZE build/GEDE01/src/game/game_fn_800D9064.o
[899/1228] EXTERNALIZE build/GEDE01/src/game/game_fn_800D9E10.o
[900/1228] EXTERNALIZE build/GEDE01/src/game/game_fn_8012976C.o
[901/1228] EXTERNALIZE build/GEDE01/src/game/game_fn_8013DB8C.o
[902/1228] EXTERNALIZE build/GEDE01/src/game/game_fn_8013CBE4.o
[903/1228] EXTERNALIZE build/GEDE01/src/game/game_fn_8014CA98.o
[904/1228] EXTERNALIZE build/GEDE01/src/game/game_fn_80153A24.o
[905/1228] EXTERNALIZE build/GEDE01/src/game/game_fn_801535D8.o
[906/1228] EXTERNALIZE build/GEDE01/src/game/game_fn_80174F2C.o
[907/1228] EXTERNALIZE build/GEDE01/src/game/game_fn_801752B0.o
[908/1228] EXTERNALIZE build/GEDE01/src/game/game_fn_8017AC20.o
[909/1228] EXTERNALIZE build/GEDE01/src/game/game_fn_801861C4.o
[910/1228] EXTERNALIZE build/GEDE01/src/game/game_fn_8018680C.o
[911/1228] EXTERNALIZE build/GEDE01/src/game/game_fn_80186F70.o
[912/1228] EXTERNALIZE build/GEDE01/src/game/game_fn_80187320.o
[913/1228] EXTERNALIZE build/GEDE01/src/game/game_fn_801810A0.o
[914/1228] EXTERNALIZE build/GEDE01/src/game/game_fn_801875FC.o
[915/1228] EXTERNALIZE build/GEDE01/src/game/game_fn_800542D0.o
[916/1228] EXTERNALIZE build/GEDE01/src/game/game_fn_80187BB4.o
[917/1228] EXTERNALIZE build/GEDE01/src/game/game_fn_80187E40.o
[918/1228] EXTERNALIZE build/GEDE01/src/game/game_fn_80189C14.o
[919/1228] EXTERNALIZE build/GEDE01/src/game/game_fn_8018C2D0.o
[920/1228] EXTERNALIZE build/GEDE01/src/game/game_fn_8018D400.o
[921/1228] EXTERNALIZE build/GEDE01/src/game/game_fn_8018E0D8.o
[922/1228] EXTERNALIZE build/GEDE01/src/game/game_fn_8019120C.o
[923/1228] EXTERNALIZE build/GEDE01/src/game/game_fn_8018DC24.o
[924/1228] EXTERNALIZE build/GEDE01/src/game/game_fn_801926EC.o
[925/1228] EXTERNALIZE build/GEDE01/src/game/game_fn_801929A4.o
[926/1228] EXTERNALIZE build/GEDE01/src/game/game_fn_801916D0.o
[927/1228] EXTERNALIZE build/GEDE01/src/game/game_fn_801952E8.o
[928/1228] EXTERNALIZE build/GEDE01/src/game/game_fn_801A2A54.o
[929/1228] EXTERNALIZE build/GEDE01/src/game/game_fn_801A34BC.o
[930/1228] EXTERNALIZE build/GEDE01/src/game/game_fn_801A657C.o
[931/1228] EXTERNALIZE build/GEDE01/src/game/game_fn_801A1F8C.o
[932/1228] EXTERNALIZE build/GEDE01/src/game/game_fn_801D1F78.o
[933/1228] EXTERNALIZE build/GEDE01/src/game/game_fn_801E2A48.o
[934/1228] EXTERNALIZE build/GEDE01/src/game/game_fn_801E6814.o
[935/1228] EXTERNALIZE build/GEDE01/src/game/game_fn_801E995C.o
[936/1228] EXTERNALIZE build/GEDE01/src/game/game_fn_801F0CB0.o
[937/1228] EXTERNALIZE build/GEDE01/src/game/game_fn_801EF580.o
[938/1228] EXTERNALIZE build/GEDE01/src/game/game_fn_801F10BC.o
[939/1228] EXTERNALIZE build/GEDE01/src/game/game_fn_801F35A8.o
[940/1228] EXTERNALIZE build/GEDE01/src/game/game_fn_801ECD74.o
[941/1228] EXTERNALIZE build/GEDE01/src/game/game_fn_801ED5F4.o
[942/1228] EXTERNALIZE build/GEDE01/src/game/game_fn_801F69F0.o
[943/1228] EXTERNALIZE build/GEDE01/src/game/game_fn_801F76EC.o
[944/1228] EXTERNALIZE build/GEDE01/src/game/game_fn_801F8264.o
[945/1228] EXTERNALIZE build/GEDE01/src/game/game_fn_801F89B4.o
[946/1228] EXTERNALIZE build/GEDE01/src/game/game_fn_801F9AF8.o
[947/1228] EXTERNALIZE build/GEDE01/src/game/game_fn_801F6BD8.o
[948/1228] EXTERNALIZE build/GEDE01/src/game/game_fn_80095E64.o
[949/1228] EXTERNALIZE JUMPTABLES build/GEDE01/src/game/game_fn_800361F8.o
[950/1228] EXTERNALIZE JUMPTABLES build/GEDE01/src/game/game_fn_8006E53C.o
[951/1228] EXTERNALIZE build/GEDE01/src/game/game_fn_801FB6A4.o
[952/1228] EXTERNALIZE JUMPTABLES build/GEDE01/src/game/game_fn_801ACFE8.o
[953/1228] EXTERNALIZE JUMPTABLES build/GEDE01/src/game/game_fn_800CF598.o
[954/1228] EXTERNALIZE build/GEDE01/src/game/game_fn_801E0088.o
[955/1228] EXTERNALIZE JUMPTABLES build/GEDE01/src/game/game_fn_801B1BA0.o
[956/1228] EXTERNALIZE build/GEDE01/src/game/game_fn_80150A24.o
[957/1228] EXTERNALIZE build/GEDE01/src/game/game_fn_80154F74.o
[958/1228] EXTERNALIZE build/GEDE01/src/game/game_fn_801E504C.o
[959/1228] EXTERNALIZE build/GEDE01/src/game/game_fn_8009E808.o
[960/1228] EXTERNALIZE build/GEDE01/src/game/game_fn_801FFE78.o
[961/1228] EXTERNALIZE build/GEDE01/src/game/game_fn_801F1A38.o
[962/1228] EXTERNALIZE build/GEDE01/src/game/game_fn_801F7510.o
[963/1228] EXTERNALIZE build/GEDE01/src/game/game_fn_801F55A0.o
[964/1228] EXTERNALIZE build/GEDE01/src/game/game_fn_801F8FAC.o
[965/1228] EXTERNALIZE build/GEDE01/src/game/game_fn_801F9CF4.o
[966/1228] EXTERNALIZE build/GEDE01/src/game/game_fn_801FC034.o
[967/1228] EXTERNALIZE build/GEDE01/src/game/game_fn_801FA9C8.o
[968/1228] MWCC build/GEDE01/src/game/game_fn_8000F1DC.o
[969/1228] MWCC build/GEDE01/src/game/game_fn_80017FF8.o
[970/1228] MWCC build/GEDE01/src/game/game_fn_80018708.o
[971/1228] MWCC build/GEDE01/src/game/main.o
[972/1228] MWCC build/GEDE01/src/game/game_fn_8001DE84.o
[973/1228] MWCC build/GEDE01/src/game/game_fn_8001DFEC.o
[974/1228] MWCC build/GEDE01/src/game/game_fn_8001E144.o
[975/1228] MWCC build/GEDE01/src/game/game_fn_8001E894.o
[976/1228] MWCC build/GEDE01/src/game/game_fn_80020150.o
[977/1228] MWCC build/GEDE01/src/game/game_fn_8002188C.o
[978/1228] MWCC build/GEDE01/src/game/game_fn_80023258.o
[979/1228] MWCC build/GEDE01/src/game/game_fn_80026320.o
[980/1228] MWCC build/GEDE01/src/game/game_fn_80026768.o
[981/1228] MWCC build/GEDE01/src/game/game_fn_80026DC8.o
[982/1228] MWCC build/GEDE01/src/game/game_fn_80028198.o
[983/1228] MWCC build/GEDE01/src/game/game_fn_8002B5B4.o
[984/1228] MWCC build/GEDE01/src/game/game_fn_8002BFE0.o
[985/1228] MWCC build/GEDE01/src/game/game_fn_8002FAE8.o
### mwcceppc.exe Compiler:
#    File: src\game\game_fn_8002FAE8.c
# ------------------------------------
#     139: int local_80;
# Warning:     ^^^^^^^^
#   variable 'local_80' is not initialized before being used
### mwcceppc.exe Compiler:
#     138: int local_84;
# Warning:     ^^^^^^^^
#   variable 'local_84' is not initialized before being used
### mwcceppc.exe Compiler:
#     137: int local_88;
# Warning:     ^^^^^^^^
#   variable 'local_88' is not initialized before being used
### mwcceppc.exe Compiler:
#     117: int local_148;
# Warning:     ^^^^^^^^^
#   variable 'local_148' is not initialized before being used
### mwcceppc.exe Compiler:
#     116: int local_14c;
# Warning:     ^^^^^^^^^
#   variable 'local_14c' is not initialized before being used
### mwcceppc.exe Compiler:
#      96: int local_1ac;
# Warning:     ^^^^^^^^^
#   variable 'local_1ac' is not initialized before being used
### mwcceppc.exe Compiler:
#      95: int local_1b0;
# Warning:     ^^^^^^^^^
#   variable 'local_1b0' is not initialized before being used
[986/1228] MWCC build/GEDE01/src/game/game_fn_80031694.o
[987/1228] MWCC build/GEDE01/src/game/game_fn_80031D24.o
[988/1228] MWCC build/GEDE01/src/game/game_fn_80032A5C.o
[989/1228] MWCC build/GEDE01/src/game/game_fn_800337C8.o
[990/1228] MWCC build/GEDE01/src/game/game_fn_80034708.o
[991/1228] MWCC build/GEDE01/src/game/game_fn_80036374.o
[992/1228] MWCC build/GEDE01/src/game/game_fn_800365C8.o
[993/1228] MWCC build/GEDE01/src/game/game_fn_80052670.o
[994/1228] MWCC build/GEDE01/src/game/game_fn_8005B528.o
[995/1228] MWCC build/GEDE01/src/game/game_fn_8005F8D0.o
[996/1228] MWCC build/GEDE01/src/game/game_fn_8006053C.o
[997/1228] MWCC build/GEDE01/src/game/game_fn_800606BC.o
[998/1228] MWCC build/GEDE01/src/game/game_fn_800614A8.o
[999/1228] MWCC build/GEDE01/src/game/game_fn_80063124.o
[1000/1228] MWCC build/GEDE01/src/game/game_fn_8006330C.o
[1001/1228] MWCC build/GEDE01/src/game/game_fn_800654F8.o
[1002/1228] MWCC build/GEDE01/src/game/game_fn_80067858.o
[1003/1228] MWCC build/GEDE01/src/game/game_fn_800680C0.o
[1004/1228] MWCC build/GEDE01/src/game/game_fn_80068674.o
[1005/1228] MWCC build/GEDE01/src/game/game_fn_80068AAC.o
[1006/1228] MWCC build/GEDE01/src/game/game_fn_8006B21C.o
[1007/1228] MWCC build/GEDE01/src/game/game_fn_8006B96C.o
[1008/1228] MWCC build/GEDE01/src/game/game_fn_8006D548.o
[1009/1228] MWCC build/GEDE01/src/game/game_fn_800741E8.o
[1010/1228] MWCC build/GEDE01/src/game/game_fn_800746CC.o
[1011/1228] MWCC build/GEDE01/src/game/game_fn_8007930C.o
[1012/1228] MWCC build/GEDE01/src/game/game_fn_80079D24.o
[1013/1228] MWCC build/GEDE01/src/game/game_fn_8007BD40.o
[1014/1228] MWCC build/GEDE01/src/game/game_fn_8007C90C.o
[1015/1228] MWCC build/GEDE01/src/game/game_fn_8007CFB0.o
[1016/1228] MWCC build/GEDE01/src/game/game_fn_8007D744.o
[1017/1228] MWCC build/GEDE01/src/game/game_fn_80080A38.o
[1018/1228] MWCC build/GEDE01/src/game/game_fn_80088A04.o
[1019/1228] MWCC build/GEDE01/src/game/game_fn_80088D04.o
[1020/1228] MWCC build/GEDE01/src/game/game_fn_80088E44.o
[1021/1228] MWCC build/GEDE01/src/game/game_fn_8008A96C.o
[1022/1228] MWCC build/GEDE01/src/game/game_fn_8008CEF0.o
[1023/1228] MWCC build/GEDE01/src/game/game_fn_8008D5D4.o
[1024/1228] MWCC build/GEDE01/src/game/game_fn_800A1278.o
[1025/1228] MWCC build/GEDE01/src/game/game_fn_800A1AF0.o
[1026/1228] MWCC build/GEDE01/src/game/game_fn_800A78E0.o
[1027/1228] MWCC build/GEDE01/src/game/game_fn_800AA7F0.o
[1028/1228] MWCC build/GEDE01/src/game/game_fn_800BFFDC.o
[1029/1228] MWCC build/GEDE01/src/game/game_fn_800C849C.o
[1030/1228] MWCC build/GEDE01/src/game/game_fn_800C8568.o
[1031/1228] MWCC build/GEDE01/src/game/game_fn_800D0B74.o
[1032/1228] MWCC build/GEDE01/src/game/game_fn_800D322C.o
[1033/1228] MWCC build/GEDE01/src/game/game_fn_800D3620.o
[1034/1228] MWCC build/GEDE01/src/game/game_fn_800D38CC.o
[1035/1228] MWCC build/GEDE01/src/game/game_fn_800D9428.o
[1036/1228] MWCC build/GEDE01/src/game/game_fn_800DC9A8.o
[1037/1228] MWCC build/GEDE01/src/game/game_fn_800DCBC0.o
[1038/1228] MWCC build/GEDE01/src/game/game_fn_800E33B8.o
[1039/1228] MWCC build/GEDE01/src/game/game_fn_800E8634.o
[1040/1228] MWCC build/GEDE01/src/game/game_fn_800EEC44.o
[1041/1228] MWCC build/GEDE01/src/game/game_fn_800F5C54.o
[1042/1228] MWCC build/GEDE01/src/game/game_fn_800F61F4.o
[1043/1228] MWCC build/GEDE01/src/game/game_fn_800F6218.o
[1044/1228] MWCC build/GEDE01/src/game/game_fn_800F623C.o
[1045/1228] MWCC build/GEDE01/src/game/game_fn_801028A8.o
[1046/1228] MWCC build/GEDE01/src/game/game_fn_80109CB0.o
[1047/1228] MWCC build/GEDE01/src/game/game_fn_80109D20.o
[1048/1228] MWCC build/GEDE01/src/game/game_fn_8011C0F0.o
[1049/1228] MWCC build/GEDE01/src/game/game_fn_80120B58.o
[1050/1228] MWCC build/GEDE01/src/game/game_fn_801235E4.o
[1051/1228] MWCC build/GEDE01/src/game/game_fn_80124A40.o
[1052/1228] MWCC build/GEDE01/src/game/game_fn_80124DBC.o
[1053/1228] MWCC build/GEDE01/src/game/game_fn_801270DC.o
[1054/1228] MWCC build/GEDE01/src/game/game_fn_80129D54.o
[1055/1228] MWCC build/GEDE01/src/game/game_fn_8012C774.o
[1056/1228] MWCC build/GEDE01/src/game/game_fn_8012C804.o
[1057/1228] MWCC build/GEDE01/src/game/game_fn_8012FB50.o
[1058/1228] MWCC build/GEDE01/src/game/game_fn_80130434.o
[1059/1228] MWCC build/GEDE01/src/game/game_fn_80130720.o
[1060/1228] MWCC build/GEDE01/src/game/game_fn_80131E8C.o
[1061/1228] MWCC build/GEDE01/src/game/game_fn_80132B24.o
[1062/1228] MWCC build/GEDE01/src/game/game_fn_80133510.o
[1063/1228] MWCC build/GEDE01/src/game/game_fn_801383B4.o
[1064/1228] MWCC build/GEDE01/src/game/game_fn_80140E70.o
[1065/1228] MWCC build/GEDE01/src/game/game_fn_801415B4.o
[1066/1228] MWCC build/GEDE01/src/game/game_fn_80141EA8.o
[1067/1228] MWCC build/GEDE01/src/game/game_fn_801420F8.o
[1068/1228] MWCC build/GEDE01/src/game/game_fn_80142944.o
[1069/1228] MWCC build/GEDE01/src/game/game_fn_80142A70.o
[1070/1228] MWCC build/GEDE01/src/game/game_fn_8014A6BC.o
[1071/1228] MWCC build/GEDE01/src/game/game_fn_8014B0F0.o
[1072/1228] MWCC build/GEDE01/src/game/game_fn_8014EC30.o
[1073/1228] MWCC build/GEDE01/src/game/game_fn_80155330.o
[1074/1228] MWCC build/GEDE01/src/game/game_fn_80159440.o
[1075/1228] MWCC build/GEDE01/src/game/game_fn_801599BC.o
[1076/1228] MWCC build/GEDE01/src/game/game_fn_80159F34.o
[1077/1228] MWCC build/GEDE01/src/game/game_fn_8015A340.o
[1078/1228] MWCC build/GEDE01/src/game/game_fn_8015AEB8.o
[1079/1228] MWCC build/GEDE01/src/game/game_fn_8015B274.o
[1080/1228] MWCC build/GEDE01/src/game/game_fn_8015B800.o
[1081/1228] MWCC build/GEDE01/src/game/game_fn_8015CFFC.o
[1082/1228] MWCC build/GEDE01/src/game/game_fn_8015E1A8.o
[1083/1228] MWCC build/GEDE01/src/game/game_fn_8015F9D4.o
[1084/1228] MWCC build/GEDE01/src/game/game_fn_80160480.o
[1085/1228] MWCC build/GEDE01/src/game/game_fn_80160B18.o
[1086/1228] MWCC build/GEDE01/src/game/game_fn_801697AC.o
[1087/1228] MWCC build/GEDE01/src/game/game_fn_8016F78C.o
[1088/1228] MWCC build/GEDE01/src/game/game_fn_8016FA08.o
[1089/1228] MWCC build/GEDE01/src/game/game_fn_801711D0.o
[1090/1228] MWCC build/GEDE01/src/game/game_fn_80171560.o
[1091/1228] MWCC build/GEDE01/src/game/game_fn_80171BB4.o
[1092/1228] MWCC build/GEDE01/src/game/game_fn_80171D6C.o
[1093/1228] MWCC build/GEDE01/src/game/game_fn_80175BB8.o
[1094/1228] MWCC build/GEDE01/src/game/game_fn_80176A94.o
[1095/1228] MWCC build/GEDE01/src/game/game_fn_8017A5A8.o
[1096/1228] MWCC build/GEDE01/src/game/game_fn_8017A7D4.o
[1097/1228] MWCC build/GEDE01/src/game/game_fn_8017B4F4.o
[1098/1228] MWCC build/GEDE01/src/game/game_fn_8017CCD8.o
[1099/1228] MWCC build/GEDE01/src/game/game_fn_8017D1E0.o
[1100/1228] MWCC build/GEDE01/src/game/game_fn_801807B0.o
[1101/1228] MWCC build/GEDE01/src/game/game_fn_80180D0C.o
[1102/1228] MWCC build/GEDE01/src/game/game_fn_801858E0.o
[1103/1228] MWCC build/GEDE01/src/game/game_fn_80188384.o
[1104/1228] MWCC build/GEDE01/src/game/game_fn_8018A060.o
[1105/1228] MWCC build/GEDE01/src/game/game_fn_8018A1C8.o
[1106/1228] MWCC build/GEDE01/src/game/game_fn_8018A574.o
[1107/1228] MWCC build/GEDE01/src/game/game_fn_8018A88C.o
[1108/1228] MWCC build/GEDE01/src/game/game_fn_8018AA30.o
[1109/1228] MWCC build/GEDE01/src/game/game_fn_8018ABD4.o
[1110/1228] MWCC build/GEDE01/src/game/game_fn_8018AD14.o
[1111/1228] MWCC build/GEDE01/src/game/game_fn_8018C118.o
[1112/1228] MWCC build/GEDE01/src/game/game_fn_8018C8FC.o
[1113/1228] MWCC build/GEDE01/src/game/game_fn_8018CB70.o
[1114/1228] MWCC build/GEDE01/src/game/game_fn_8018CD18.o
[1115/1228] MWCC build/GEDE01/src/game/game_fn_8018D998.o
[1116/1228] MWCC build/GEDE01/src/game/game_fn_8018DE9C.o
[1117/1228] MWCC build/GEDE01/src/game/game_fn_8018F76C.o
[1118/1228] MWCC build/GEDE01/src/game/game_fn_8018FFBC.o
[1119/1228] MWCC build/GEDE01/src/game/game_fn_80191034.o
[1120/1228] MWCC build/GEDE01/src/game/game_fn_801941EC.o
[1121/1228] MWCC build/GEDE01/src/game/game_fn_80194AC4.o
[1122/1228] MWCC build/GEDE01/src/game/game_fn_801950D4.o
[1123/1228] MWCC build/GEDE01/src/game/game_fn_80195AEC.o
[1124/1228] MWCC build/GEDE01/src/game/game_fn_80196578.o
[1125/1228] MWCC build/GEDE01/src/game/game_fn_80196DE4.o
[1126/1228] MWCC build/GEDE01/src/game/game_fn_8019753C.o
[1127/1228] MWCC build/GEDE01/src/game/game_fn_80197D20.o
[1128/1228] MWCC build/GEDE01/src/game/game_fn_80198C8C.o
[1129/1228] MWCC build/GEDE01/src/game/game_fn_80199868.o
[1130/1228] MWCC build/GEDE01/src/game/game_fn_8019C3B8.o
[1131/1228] MWCC build/GEDE01/src/game/game_fn_8019C7A8.o
[1132/1228] MWCC build/GEDE01/src/game/game_fn_8019ECA0.o
[1133/1228] MWCC build/GEDE01/src/game/game_fn_8019F00C.o
[1134/1228] MWCC build/GEDE01/src/game/game_fn_801A0450.o
[1135/1228] MWCC build/GEDE01/src/game/game_fn_801A1E14.o
[1136/1228] MWCC build/GEDE01/src/game/game_fn_801A36C0.o
[1137/1228] MWCC build/GEDE01/src/game/game_fn_801A3DF8.o
[1138/1228] MWCC build/GEDE01/src/game/game_fn_801A7958.o
[1139/1228] MWCC build/GEDE01/src/game/game_fn_801A7BA0.o
[1140/1228] MWCC build/GEDE01/src/game/game_fn_801A852C.o
[1141/1228] MWCC build/GEDE01/src/game/game_fn_801A872C.o
[1142/1228] MWCC build/GEDE01/src/game/game_fn_801A94E4.o
[1143/1228] MWCC build/GEDE01/src/game/game_fn_801AAA28.o
[1144/1228] MWCC build/GEDE01/src/game/game_fn_801AD528.o
[1145/1228] MWCC build/GEDE01/src/game/game_fn_801AF37C.o
[1146/1228] MWCC build/GEDE01/src/game/game_fn_801B3770.o
[1147/1228] MWCC build/GEDE01/src/game/game_fn_801B7A7C.o
[1148/1228] MWCC build/GEDE01/src/game/game_fn_801B8164.o
[1149/1228] MWCC build/GEDE01/src/game/game_fn_801BA2A4.o
[1150/1228] MWCC build/GEDE01/src/game/game_fn_801BACE8.o
[1151/1228] MWCC build/GEDE01/src/game/game_fn_801BAF90.o
[1152/1228] MWCC build/GEDE01/src/game/game_fn_801BB3A0.o
[1153/1228] MWCC build/GEDE01/src/game/game_fn_801BEC38.o
[1154/1228] MWCC build/GEDE01/src/game/game_fn_801C3278.o
[1155/1228] MWCC build/GEDE01/src/game/game_fn_801C3E2C.o
[1156/1228] MWCC build/GEDE01/src/game/game_fn_801C79C8.o
[1157/1228] MWCC build/GEDE01/src/game/game_fn_801CE384.o
[1158/1228] MWCC build/GEDE01/src/game/game_fn_801CE744.o
[1159/1228] MWCC build/GEDE01/src/game/game_fn_801CEF74.o
[1160/1228] MWCC build/GEDE01/src/game/game_fn_801D1B7C.o
[1161/1228] MWCC build/GEDE01/src/game/game_fn_801D2440.o
[1162/1228] MWCC build/GEDE01/src/game/game_fn_801D324C.o
[1163/1228] MWCC build/GEDE01/src/game/game_fn_801D84F4.o
[1164/1228] MWCC build/GEDE01/src/game/game_fn_801D88D4.o
[1165/1228] MWCC build/GEDE01/src/game/game_fn_801D8E40.o
[1166/1228] MWCC build/GEDE01/src/game/game_fn_801D9D14.o
[1167/1228] MWCC build/GEDE01/src/game/game_fn_801DB140.o
[1168/1228] MWCC build/GEDE01/src/game/game_fn_801DC778.o
[1169/1228] LINK build/GEDE01/main.elf
### mwldeppc.exe Linker Warning:
#   Section '.ignored' is unknown. Section ignored.
### mwldeppc.exe Linker Warning:
#   Section '.ignored' is unknown. Section ignored.
### mwldeppc.exe Linker Warning:
#   Section '.ignored' is unknown. Section ignored.
### mwldeppc.exe Linker Warning:
#   Section '.ignored' is unknown. Section ignored.
### mwldeppc.exe Linker Warning:
#   Section '.ignored' is unknown. Section ignored.
### mwldeppc.exe Linker Warning:
#   Section '.ignored' is unknown. Section ignored.
### mwldeppc.exe Linker Warning:
#   Section '.ignored' is unknown. Section ignored.
### mwldeppc.exe Linker Warning:
#   Section '.ignored' is unknown. Section ignored.
### mwldeppc.exe Linker Warning:
#   Section '.ignored' is unknown. Section ignored.
### mwldeppc.exe Linker Warning:
#   Section '.ignored' is unknown. Section ignored.
### mwldeppc.exe Linker Warning:
#   Section '.ignored' is unknown. Section ignored.
### mwldeppc.exe Linker Warning:
#   Section '.ignored' is unknown. Section ignored.
### mwldeppc.exe Linker Warning:
#   Section '.ignored' is unknown. Section ignored.
### mwldeppc.exe Linker Warning:
#   Section '.ignored' is unknown. Section ignored.
### mwldeppc.exe Linker Warning:
#   Section '.ignored' is unknown. Section ignored.
### mwldeppc.exe Linker Warning:
#   Section '.ignored' is unknown. Section ignored.
### mwldeppc.exe Linker Warning:
#   Section '.ignored' is unknown. Section ignored.
### mwldeppc.exe Linker Warning:
#   Section '.ignored' is unknown. Section ignored.
### mwldeppc.exe Linker Warning:
#   Section '.ignored' is unknown. Section ignored.
### mwldeppc.exe Linker Warning:
#   Section '.ignored' is unknown. Section ignored.
### mwldeppc.exe Linker Warning:
#   Section '.ignored' is unknown. Section ignored.
### mwldeppc.exe Linker Warning:
#   Section '.ignored' is unknown. Section ignored.
### mwldeppc.exe Linker Warning:
#   Section '.ignored' is unknown. Section ignored.
### mwldeppc.exe Linker Warning:
#   Section '.ignored' is unknown. Section ignored.
### mwldeppc.exe Linker Warning:
#   Section '.ignored' is unknown. Section ignored.
### mwldeppc.exe Linker Warning:
#   Section '.ignored' is unknown. Section ignored.
### mwldeppc.exe Linker Warning:
#   Section '.ignored' is unknown. Section ignored.
### mwldeppc.exe Linker Warning:
#   Section '.ignored' is unknown. Section ignored.
### mwldeppc.exe Linker Warning:
#   Section '.ignored' is unknown. Section ignored.
### mwldeppc.exe Linker Warning:
#   Section '.ignored' is unknown. Section ignored.
### mwldeppc.exe Linker Warning:
#   Section '.ignored' is unknown. Section ignored.
### mwldeppc.exe Linker Warning:
#   Section '.ignored' is unknown. Section ignored.
### mwldeppc.exe Linker Warning:
#   Section '.ignored' is unknown. Section ignored.
### mwldeppc.exe Linker Warning:
#   Section '.ignored' is unknown. Section ignored.
### mwldeppc.exe Linker Warning:
#   Section '.ignored' is unknown. Section ignored.
### mwldeppc.exe Linker Warning:
#   Section '.ignored' is unknown. Section ignored.
### mwldeppc.exe Linker Warning:
#   Section '.ignored' is unknown. Section ignored.
### mwldeppc.exe Linker Warning:
#   Section '.ignored' is unknown. Section ignored.
### mwldeppc.exe Linker Warning:
#   Section '.ignored' is unknown. Section ignored.
### mwldeppc.exe Linker Warning:
#   Section '.ignored' is unknown. Section ignored.
### mwldeppc.exe Linker Warning:
#   Section '.ignored' is unknown. Section ignored.
### mwldeppc.exe Linker Warning:
#   Section '.ignored' is unknown. Section ignored.
### mwldeppc.exe Linker Warning:
#   Section '.ignored' is unknown. Section ignored.
### mwldeppc.exe Linker Warning:
#   Section '.ignored' is unknown. Section ignored.
### mwldeppc.exe Linker Warning:
#   Section '.ignored' is unknown. Section ignored.
### mwldeppc.exe Linker Warning:
#   Section '.ignored' is unknown. Section ignored.
### mwldeppc.exe Linker Warning:
#   Section '.ignored' is unknown. Section ignored.
### mwldeppc.exe Linker Warning:
#   Section '.ignored' is unknown. Section ignored.
### mwldeppc.exe Linker Warning:
#   Section '.ignored' is unknown. Section ignored.
### mwldeppc.exe Linker Warning:
#   Section '.ignored' is unknown. Section ignored.
### mwldeppc.exe Linker Warning:
#   Section '.ignored' is unknown. Section ignored.
### mwldeppc.exe Linker Warning:
#   Section '.ignored' is unknown. Section ignored.
### mwldeppc.exe Linker Warning:
#   Section '.ignored' is unknown. Section ignored.
### mwldeppc.exe Linker Warning:
#   Section '.ignored' is unknown. Section ignored.
### mwldeppc.exe Linker Warning:
#   Section '.ignored' is unknown. Section ignored.
### mwldeppc.exe Linker Warning:
#   Section '.ignored' is unknown. Section ignored.
### mwldeppc.exe Linker Warning:
#   Section '.ignored' is unknown. Section ignored.
### mwldeppc.exe Linker Warning:
#   Section '.ignored' is unknown. Section ignored.
### mwldeppc.exe Linker Warning:
#   Section '.ignored' is unknown. Section ignored.
### mwldeppc.exe Linker Warning:
#   Section '.ignored' is unknown. Section ignored.
### mwldeppc.exe Linker Warning:
#   Section '.ignored' is unknown. Section ignored.
### mwldeppc.exe Linker Warning:
#   Section '.ignored' is unknown. Section ignored.
### mwldeppc.exe Linker Warning:
#   Section '.ignored' is unknown. Section ignored.
### mwldeppc.exe Linker Warning:
#   Section '.ignored' is unknown. Section ignored.
### mwldeppc.exe Linker Warning:
#   Section '.ignored' is unknown. Section ignored.
### mwldeppc.exe Linker Warning:
#   Section '.ignored' is unknown. Section ignored.
### mwldeppc.exe Linker Warning:
#   Section '.ignored' is unknown. Section ignored.
### mwldeppc.exe Linker Warning:
#   Section '.ignored' is unknown. Section ignored.
### mwldeppc.exe Linker Warning:
#   Section '.ignored' is unknown. Section ignored.
### mwldeppc.exe Linker Warning:
#   Section '.ignored' is unknown. Section ignored.
### mwldeppc.exe Linker Warning:
#   Section '.ignored' is unknown. Section ignored.
### mwldeppc.exe Linker Warning:
#   Section '.ignored' is unknown. Section ignored.
### mwldeppc.exe Linker Warning:
#   Section '.ignored' is unknown. Section ignored.
### mwldeppc.exe Linker Warning:
#   Section '.ignored' is unknown. Section ignored.
### mwldeppc.exe Linker Warning:
#   Section '.ignored' is unknown. Section ignored.
### mwldeppc.exe Linker Warning:
#   Section '.ignored' is unknown. Section ignored.
### mwldeppc.exe Linker Warning:
#   Section '.ignored' is unknown. Section ignored.
### mwldeppc.exe Linker Warning:
#   Section '.ignored' is unknown. Section ignored.
### mwldeppc.exe Linker Warning:
#   Section '.ignored' is unknown. Section ignored.
### mwldeppc.exe Linker Warning:
#   Section '.ignored' is unknown. Section ignored.
### mwldeppc.exe Linker Warning:
#   Section '.ignored' is unknown. Section ignored.
### mwldeppc.exe Linker Warning:
#   Section '.ignored' is unknown. Section ignored.
### mwldeppc.exe Linker Warning:
#   Section '.ignored' is unknown. Section ignored.
### mwldeppc.exe Linker Warning:
#   Section '.ignored' is unknown. Section ignored.
### mwldeppc.exe Linker Warning:
#   Section '.ignored' is unknown. Section ignored.
### mwldeppc.exe Linker Warning:
#   Section '.ignored' is unknown. Section ignored.
### mwldeppc.exe Linker Warning:
#   Section '.ignored' is unknown. Section ignored.
### mwldeppc.exe Linker Warning:
#   Section '.ignored' is unknown. Section ignored.
### mwldeppc.exe Linker Warning:
#   Section '.ignored' is unknown. Section ignored.
### mwldeppc.exe Linker Warning:
#   Section '.ignored' is unknown. Section ignored.
### mwldeppc.exe Linker Warning:
#   Section '.ignored' is unknown. Section ignored.
### mwldeppc.exe Linker Warning:
#   Section '.ignored' is unknown. Section ignored.
### mwldeppc.exe Linker Warning:
#   Section '.ignored' is unknown. Section ignored.
### mwldeppc.exe Linker Warning:
#   Section '.ignored' is unknown. Section ignored.
### mwldeppc.exe Linker Warning:
#   Section '.ignored' is unknown. Section ignored.
### mwldeppc.exe Linker Warning:
#   Section '.ignored' is unknown. Section ignored.
### mwldeppc.exe Linker Warning:
#   Section '.ignored' is unknown. Section ignored.
### mwldeppc.exe Linker Warning:
#   Section '.ignored' is unknown. Section ignored.
### mwldeppc.exe Linker Warning:
#   Section '.ignored' is unknown. Section ignored.
### mwldeppc.exe Linker Warning:
#   Section '.ignored' is unknown. Section ignored.
### mwldeppc.exe Linker Warning:
#   Section '.ignored' is unknown. Section ignored.
### mwldeppc.exe Linker Warning:
#   Section '.ignored' is unknown. Section ignored.
### mwldeppc.exe Linker Warning:
#   Section '.ignored' is unknown. Section ignored.
### mwldeppc.exe Linker Warning:
#   Section '.ignored' is unknown. Section ignored.
### mwldeppc.exe Linker Warning:
#   Section '.ignored' is unknown. Section ignored.
### mwldeppc.exe Linker Warning:
#   Section '.ignored' is unknown. Section ignored.
### mwldeppc.exe Linker Warning:
#   Section '.ignored' is unknown. Section ignored.
### mwldeppc.exe Linker Warning:
#   Section '.ignored' is unknown. Section ignored.
### mwldeppc.exe Linker Warning:
#   Section '.ignored' is unknown. Section ignored.
### mwldeppc.exe Linker Warning:
#   Section '.ignored' is unknown. Section ignored.
### mwldeppc.exe Linker Warning:
#   Section '.ignored' is unknown. Section ignored.
### mwldeppc.exe Linker Warning:
#   Section '.ignored' is unknown. Section ignored.
### mwldeppc.exe Linker Warning:
#   Section '.ignored' is unknown. Section ignored.
### mwldeppc.exe Linker Warning:
#   Section '.ignored' is unknown. Section ignored.
### mwldeppc.exe Linker Warning:
#   Section '.ignored' is unknown. Section ignored.
### mwldeppc.exe Linker Warning:
#   Section '.ignored' is unknown. Section ignored.
### mwldeppc.exe Linker Warning:
#   Section '.ignored' is unknown. Section ignored.
### mwldeppc.exe Linker Warning:
#   Section '.ignored' is unknown. Section ignored.
### mwldeppc.exe Linker Warning:
#   Section '.ignored' is unknown. Section ignored.
### mwldeppc.exe Linker Warning:
#   Section '.ignored' is unknown. Section ignored.
### mwldeppc.exe Linker Warning:
#   Section '.ignored' is unknown. Section ignored.
### mwldeppc.exe Linker Warning:
#   Section '.ignored' is unknown. Section ignored.
### mwldeppc.exe Linker Warning:
#   Section '.ignored' is unknown. Section ignored.
### mwldeppc.exe Linker Warning:
#   Section '.ignored' is unknown. Section ignored.
### mwldeppc.exe Linker Warning:
#   Section '.ignored' is unknown. Section ignored.
### mwldeppc.exe Linker Warning:
#   Section '.ignored' is unknown. Section ignored.
### mwldeppc.exe Linker Warning:
#   Section '.ignored' is unknown. Section ignored.
### mwldeppc.exe Linker Warning:
#   Section '.ignored' is unknown. Section ignored.
### mwldeppc.exe Linker Warning:
#   Section '.ignored' is unknown. Section ignored.
### mwldeppc.exe Linker Warning:
#   Section '.ignored' is unknown. Section ignored.
### mwldeppc.exe Linker Warning:
#   Section '.ignored' is unknown. Section ignored.
### mwldeppc.exe Linker Warning:
#   Section '.ignored' is unknown. Section ignored.
### mwldeppc.exe Linker Warning:
#   Section '.ignored' is unknown. Section ignored.
### mwldeppc.exe Linker Warning:
#   Section '.ignored' is unknown. Section ignored.
### mwldeppc.exe Linker Warning:
#   Section '.ignored' is unknown. Section ignored.
### mwldeppc.exe Linker Warning:
#   Section '.ignored' is unknown. Section ignored.
### mwldeppc.exe Linker Warning:
#   Section '.ignored' is unknown. Section ignored.
### mwldeppc.exe Linker Warning:
#   Section '.ignored' is unknown. Section ignored.
### mwldeppc.exe Linker Warning:
#   Section '.ignored' is unknown. Section ignored.
### mwldeppc.exe Linker Warning:
#   Section '.ignored' is unknown. Section ignored.
### mwldeppc.exe Linker Warning:
#   Section '.ignored' is unknown. Section ignored.
### mwldeppc.exe Linker Warning:
#   Section '.ignored' is unknown. Section ignored.
### mwldeppc.exe Linker Warning:
#   Section '.ignored' is unknown. Section ignored.
### mwldeppc.exe Linker Warning:
#   Section '.ignored' is unknown. Section ignored.
### mwldeppc.exe Linker Warning:
#   Section '.ignored' is unknown. Section ignored.
### mwldeppc.exe Linker Warning:
#   Section '.ignored' is unknown. Section ignored.
### mwldeppc.exe Linker Warning:
#   Section '.ignored' is unknown. Section ignored.
### mwldeppc.exe Linker Warning:
#   Section '.ignored' is unknown. Section ignored.
### mwldeppc.exe Linker Warning:
#   Section '.ignored' is unknown. Section ignored.
### mwldeppc.exe Linker Warning:
#   Section '.ignored' is unknown. Section ignored.
### mwldeppc.exe Linker Warning:
#   Section '.ignored' is unknown. Section ignored.
### mwldeppc.exe Linker Warning:
#   Section '.ignored' is unknown. Section ignored.
### mwldeppc.exe Linker Warning:
#   Section '.ignored' is unknown. Section ignored.
### mwldeppc.exe Linker Warning:
#   Section '.ignored' is unknown. Section ignored.
### mwldeppc.exe Linker Warning:
#   Section '.ignored' is unknown. Section ignored.
### mwldeppc.exe Linker Warning:
#   Section '.ignored' is unknown. Section ignored.
### mwldeppc.exe Linker Warning:
#   Section '.ignored' is unknown. Section ignored.
### mwldeppc.exe Linker Warning:
#   Section '.ignored' is unknown. Section ignored.
### mwldeppc.exe Linker Warning:
#   Section '.ignored' is unknown. Section ignored.
### mwldeppc.exe Linker Warning:
#   Section '.ignored' is unknown. Section ignored.
### mwldeppc.exe Linker Warning:
#   Section '.ignored' is unknown. Section ignored.
### mwldeppc.exe Linker Warning:
#   Section '.ignored' is unknown. Section ignored.
### mwldeppc.exe Linker Warning:
#   Section '.ignored' is unknown. Section ignored.
### mwldeppc.exe Linker Warning:
#   Section '.ignored' is unknown. Section ignored.
### mwldeppc.exe Linker Warning:
#   Section '.ignored' is unknown. Section ignored.
### mwldeppc.exe Linker Warning:
#   Section '.ignored' is unknown. Section ignored.
### mwldeppc.exe Linker Warning:
#   Section '.ignored' is unknown. Section ignored.
### mwldeppc.exe Linker Warning:
#   Section '.ignored' is unknown. Section ignored.
### mwldeppc.exe Linker Warning:
#   Section '.ignored' is unknown. Section ignored.
### mwldeppc.exe Linker Warning:
#   Section '.ignored' is unknown. Section ignored.
### mwldeppc.exe Linker Warning:
#   Section '.ignored' is unknown. Section ignored.
### mwldeppc.exe Linker Warning:
#   Section '.ignored' is unknown. Section ignored.
### mwldeppc.exe Linker Warning:
#   Section '.ignored' is unknown. Section ignored.
### mwldeppc.exe Linker Warning:
#   Section '.ignored' is unknown. Section ignored.
### mwldeppc.exe Linker Warning:
#   Section '.ignored' is unknown. Section ignored.
### mwldeppc.exe Linker Warning:
#   Section '.ignored' is unknown. Section ignored.
### mwldeppc.exe Linker Warning:
#   Section '.ignored' is unknown. Section ignored.
### mwldeppc.exe Linker Warning:
#   Section '.ignored' is unknown. Section ignored.
### mwldeppc.exe Linker Warning:
#   Section '.ignored' is unknown. Section ignored.
### mwldeppc.exe Linker Warning:
#   Section '.ignored' is unknown. Section ignored.
### mwldeppc.exe Linker Warning:
#   Section '.ignored' is unknown. Section ignored.
### mwldeppc.exe Linker Warning:
#   Section '.ignored' is unknown. Section ignored.
### mwldeppc.exe Linker Warning:
#   Section '.ignored' is unknown. Section ignored.
### mwldeppc.exe Linker Warning:
#   Section '.ignored' is unknown. Section ignored.
### mwldeppc.exe Linker Warning:
#   Section '.ignored' is unknown. Section ignored.
### mwldeppc.exe Linker Warning:
#   Section '.ignored' is unknown. Section ignored.
### mwldeppc.exe Linker Warning:
#   Section '.ignored' is unknown. Section ignored.
### mwldeppc.exe Linker Warning:
#   Section '.ignored' is unknown. Section ignored.
### mwldeppc.exe Linker Warning:
#   Section '.ignored' is unknown. Section ignored.
### mwldeppc.exe Linker Warning:
#   Section '.ignored' is unknown. Section ignored.
### mwldeppc.exe Linker Warning:
#   Section '.ignored' is unknown. Section ignored.
### mwldeppc.exe Linker Warning:
#   Section '.ignored' is unknown. Section ignored.
### mwldeppc.exe Linker Warning:
#   Section '.ignored' is unknown. Section ignored.
### mwldeppc.exe Linker Warning:
#   Section '.ignored' is unknown. Section ignored.
### mwldeppc.exe Linker Warning:
#   Section '.ignored' is unknown. Section ignored.
### mwldeppc.exe Linker Warning:
#   Section '.ignored' is unknown. Section ignored.
### mwldeppc.exe Linker Warning:
#   Section '.ignored' is unknown. Section ignored.
### mwldeppc.exe Linker Warning:
#   Section '.ignored' is unknown. Section ignored.
### mwldeppc.exe Linker Warning:
#   Section '.ignored' is unknown. Section ignored.
### mwldeppc.exe Linker Warning:
#   Section '.ignored' is unknown. Section ignored.
### mwldeppc.exe Linker Warning:
#   Section '.ignored' is unknown. Section ignored.
### mwldeppc.exe Linker Warning:
#   Section '.ignored' is unknown. Section ignored.
### mwldeppc.exe Linker Warning:
#   Section '.ignored' is unknown. Section ignored.
### mwldeppc.exe Linker Warning:
#   Section '.ignored' is unknown. Section ignored.
### mwldeppc.exe Linker Warning:
#   Section '.ignored' is unknown. Section ignored.
### mwldeppc.exe Linker Warning:
#   Section '.ignored' is unknown. Section ignored.
### mwldeppc.exe Linker Warning:
#   Section '.ignored' is unknown. Section ignored.
### mwldeppc.exe Linker Warning:
#   Section '.ignored' is unknown. Section ignored.
### mwldeppc.exe Linker Warning:
#   Section '.ignored' is unknown. Section ignored.
### mwldeppc.exe Linker Warning:
#   Section '.ignored' is unknown. Section ignored.
### mwldeppc.exe Linker Warning:
#   Section '.ignored' is unknown. Section ignored.
### mwldeppc.exe Linker Warning:
#   Section '.ignored' is unknown. Section ignored.
### mwldeppc.exe Linker Warning:
#   Section '.ignored' is unknown. Section ignored.
### mwldeppc.exe Linker Warning:
#   Section '.ignored' is unknown. Section ignored.
### mwldeppc.exe Linker Warning:
#   Section '.ignored' is unknown. Section ignored.
### mwldeppc.exe Linker Warning:
#   Section '.ignored' is unknown. Section ignored.
### mwldeppc.exe Linker Warning:
#   Section '.ignored' is unknown. Section ignored.
### mwldeppc.exe Linker Warning:
#   Section '.ignored' is unknown. Section ignored.
### mwldeppc.exe Linker Warning:
#   Section '.ignored' is unknown. Section ignored.
### mwldeppc.exe Linker Warning:
#   Section '.ignored' is unknown. Section ignored.
### mwldeppc.exe Linker Warning:
#   Section '.ignored' is unknown. Section ignored.
### mwldeppc.exe Linker Warning:
#   Section '.ignored' is unknown. Section ignored.
### mwldeppc.exe Linker Warning:
#   Section '.ignored' is unknown. Section ignored.
### mwldeppc.exe Linker Warning:
#   Section '.ignored' is unknown. Section ignored.
### mwldeppc.exe Linker Warning:
#   Section '.ignored' is unknown. Section ignored.
### mwldeppc.exe Linker Warning:
#   Section '.ignored' is unknown. Section ignored.
### mwldeppc.exe Linker Warning:
#   Section '.ignored' is unknown. Section ignored.
### mwldeppc.exe Linker Warning:
#   Section '.ignored' is unknown. Section ignored.
### mwldeppc.exe Linker Warning:
#   Section '.ignored' is unknown. Section ignored.
### mwldeppc.exe Linker Warning:
#   Section '.ignored' is unknown. Section ignored.
### mwldeppc.exe Linker Warning:
#   Section '.ignored' is unknown. Section ignored.
### mwldeppc.exe Linker Warning:
#   Section '.ignored' is unknown. Section ignored.
### mwldeppc.exe Linker Warning:
#   Section '.ignored' is unknown. Section ignored.
### mwldeppc.exe Linker Warning:
#   Section '.ignored' is unknown. Section ignored.
### mwldeppc.exe Linker Warning:
#   Section '.ignored' is unknown. Section ignored.
### mwldeppc.exe Linker Warning:
#   Section '.ignored' is unknown. Section ignored.
### mwldeppc.exe Linker Warning:
#   Section '.ignored' is unknown. Section ignored.
### mwldeppc.exe Linker Warning:
#   Section '.ignored' is unknown. Section ignored.
### mwldeppc.exe Linker Warning:
#   Section '.ignored' is unknown. Section ignored.
### mwldeppc.exe Linker Warning:
#   Section '.ignored' is unknown. Section ignored.
### mwldeppc.exe Linker Warning:
#   Section '.ignored' is unknown. Section ignored.
### mwldeppc.exe Linker Warning:
#   Section '.ignored' is unknown. Section ignored.
### mwldeppc.exe Linker Warning:
#   Section '.ignored' is unknown. Section ignored.
### mwldeppc.exe Linker Warning:
#   Section '.ignored' is unknown. Section ignored.
### mwldeppc.exe Linker Warning:
#   Section '.ignored' is unknown. Section ignored.
### mwldeppc.exe Linker Warning:
#   Section '.ignored' is unknown. Section ignored.
### mwldeppc.exe Linker Warning:
#   Section '.ignored' is unknown. Section ignored.
### mwldeppc.exe Linker Warning:
#   Section '.ignored' is unknown. Section ignored.
### mwldeppc.exe Linker Warning:
#   Section '.ignored' is unknown. Section ignored.
### mwldeppc.exe Linker Warning:
#   Section '.ignored' is unknown. Section ignored.
### mwldeppc.exe Linker Warning:
#   Section '.ignored' is unknown. Section ignored.
### mwldeppc.exe Linker Warning:
#   Section '.ignored' is unknown. Section ignored.
### mwldeppc.exe Linker Warning:
#   Section '.ignored' is unknown. Section ignored.
### mwldeppc.exe Linker Warning:
#   Section '.ignored' is unknown. Section ignored.
### mwldeppc.exe Linker Warning:
#   Section '.ignored' is unknown. Section ignored.
### mwldeppc.exe Linker Warning:
#   Section '.ignored' is unknown. Section ignored.
### mwldeppc.exe Linker Warning:
#   Section '.ignored' is unknown. Section ignored.
### mwldeppc.exe Linker Warning:
#   Section '.ignored' is unknown. Section ignored.
### mwldeppc.exe Linker Warning:
#   Section '.ignored' is unknown. Section ignored.
### mwldeppc.exe Linker Warning:
#   Section '.ignored' is unknown. Section ignored.
### mwldeppc.exe Linker Warning:
#   Section '.ignored' is unknown. Section ignored.
### mwldeppc.exe Linker Warning:
#   Section '.ignored' is unknown. Section ignored.
### mwldeppc.exe Linker Warning:
#   Section '.ignored' is unknown. Section ignored.
### mwldeppc.exe Linker Warning:
#   Section '.ignored' is unknown. Section ignored.
### mwldeppc.exe Linker Warning:
#   Section '.ignored' is unknown. Section ignored.
### mwldeppc.exe Linker Warning:
#   Section '.ignored' is unknown. Section ignored.
### mwldeppc.exe Linker Warning:
#   Section '.ignored' is unknown. Section ignored.
### mwldeppc.exe Linker Warning:
#   Section '.ignored' is unknown. Section ignored.
### mwldeppc.exe Linker Warning:
#   Section '.ignored' is unknown. Section ignored.
### mwldeppc.exe Linker Warning:
#   Section '.ignored' is unknown. Section ignored.
### mwldeppc.exe Linker Warning:
#   Section '.ignored' is unknown. Section ignored.
### mwldeppc.exe Linker Warning:
#   Section '.ignored' is unknown. Section ignored.
### mwldeppc.exe Linker Warning:
#   Section '.ignored' is unknown. Section ignored.
### mwldeppc.exe Linker Warning:
#   Section '.ignored' is unknown. Section ignored.
### mwldeppc.exe Linker Warning:
#   Section '.ignored' is unknown. Section ignored.
### mwldeppc.exe Linker Warning:
#   Section '.ignored' is unknown. Section ignored.
### mwldeppc.exe Linker Warning:
#   Section '.ignored' is unknown. Section ignored.
### mwldeppc.exe Linker Warning:
#   Section '.ignored' is unknown. Section ignored.
### mwldeppc.exe Linker Warning:
#   Section '.ignored' is unknown. Section ignored.
### mwldeppc.exe Linker Warning:
#   Section '.ignored' is unknown. Section ignored.
### mwldeppc.exe Linker Warning:
#   Section '.ignored' is unknown. Section ignored.
### mwldeppc.exe Linker Warning:
#   Section '.ignored' is unknown. Section ignored.
### mwldeppc.exe Linker Warning:
#   Section '.ignored' is unknown. Section ignored.
### mwldeppc.exe Linker Warning:
#   Section '.ignored' is unknown. Section ignored.
### mwldeppc.exe Linker Warning:
#   Section '.ignored' is unknown. Section ignored.
### mwldeppc.exe Linker Warning:
#   Section '.ignored' is unknown. Section ignored.
### mwldeppc.exe Linker Warning:
#   Section '.ignored' is unknown. Section ignored.
### mwldeppc.exe Linker Warning:
#   Section '.ignored' is unknown. Section ignored.
### mwldeppc.exe Linker Warning:
#   Section '.ignored' is unknown. Section ignored.
### mwldeppc.exe Linker Warning:
#   Section '.ignored' is unknown. Section ignored.
### mwldeppc.exe Linker Warning:
#   Section '.ignored' is unknown. Section ignored.
### mwldeppc.exe Linker Warning:
#   Section '.ignored' is unknown. Section ignored.
### mwldeppc.exe Linker Warning:
#   Section '.ignored' is unknown. Section ignored.
### mwldeppc.exe Linker Warning:
#   Section '.ignored' is unknown. Section ignored.
### mwldeppc.exe Linker Warning:
#   Section '.ignored' is unknown. Section ignored.
### mwldeppc.exe Linker Warning:
#   Section '.ignored' is unknown. Section ignored.
### mwldeppc.exe Linker Warning:
#   Section '.ignored' is unknown. Section ignored.
### mwldeppc.exe Linker Warning:
#   Section '.ignored' is unknown. Section ignored.
### mwldeppc.exe Linker Warning:
#   Section '.ignored' is unknown. Section ignored.
### mwldeppc.exe Linker Warning:
#   Section '.ignored' is unknown. Section ignored.
### mwldeppc.exe Linker Warning:
#   Section '.ignored' is unknown. Section ignored.
### mwldeppc.exe Linker Warning:
#   Section '.ignored' is unknown. Section ignored.
### mwldeppc.exe Linker Warning:
#   Section '.ignored' is unknown. Section ignored.
### mwldeppc.exe Linker Warning:
#   Section '.ignored' is unknown. Section ignored.
### mwldeppc.exe Linker Warning:
#   Section '.ignored' is unknown. Section ignored.
### mwldeppc.exe Linker Warning:
#   Section '.ignored' is unknown. Section ignored.
### mwldeppc.exe Linker Warning:
#   Section '.ignored' is unknown. Section ignored.
### mwldeppc.exe Linker Warning:
#   Section '.ignored' is unknown. Section ignored.
### mwldeppc.exe Linker Warning:
#   Section '.ignored' is unknown. Section ignored.
### mwldeppc.exe Linker Warning:
#   Section '.ignored' is unknown. Section ignored.
### mwldeppc.exe Linker Warning:
#   Section '.ignored' is unknown. Section ignored.
### mwldeppc.exe Linker Warning:
#   Section '.ignored' is unknown. Section ignored.
### mwldeppc.exe Linker Warning:
#   Section '.ignored' is unknown. Section ignored.
### mwldeppc.exe Linker Warning:
#   Section '.ignored' is unknown. Section ignored.
### mwldeppc.exe Linker Warning:
#   Section '.ignored' is unknown. Section ignored.
### mwldeppc.exe Linker Warning:
#   Section '.ignored' is unknown. Section ignored.
### mwldeppc.exe Linker Warning:
#   Section '.ignored' is unknown. Section ignored.
### mwldeppc.exe Linker Warning:
#   Section '.ignored' is unknown. Section ignored.
### mwldeppc.exe Linker Warning:
#   Section '.ignored' is unknown. Section ignored.
### mwldeppc.exe Linker Warning:
#   Section '.ignored' is unknown. Section ignored.
### mwldeppc.exe Linker Warning:
#   Section '.ignored' is unknown. Section ignored.
### mwldeppc.exe Linker Warning:
#   Section '.ignored' is unknown. Section ignored.
### mwldeppc.exe Linker Warning:
#   Section '.ignored' is unknown. Section ignored.
### mwldeppc.exe Linker Warning:
#   Section '.ignored' is unknown. Section ignored.
### mwldeppc.exe Linker Warning:
#   Section '.ignored' is unknown. Section ignored.
### mwldeppc.exe Linker Warning:
#   Section '.ignored' is unknown. Section ignored.
### mwldeppc.exe Linker Warning:
#   Section '.ignored' is unknown. Section ignored.
### mwldeppc.exe Linker Warning:
#   Section '.ignored' is unknown. Section ignored.
### mwldeppc.exe Linker Warning:
#   Section '.ignored' is unknown. Section ignored.
### mwldeppc.exe Linker Warning:
#   Section '.ignored' is unknown. Section ignored.
### mwldeppc.exe Linker Warning:
#   Section '.ignored' is unknown. Section ignored.
### mwldeppc.exe Linker Warning:
#   Section '.ignored' is unknown. Section ignored.
### mwldeppc.exe Linker Warning:
#   Section '.ignored' is unknown. Section ignored.
### mwldeppc.exe Linker Warning:
#   Section '.ignored' is unknown. Section ignored.
### mwldeppc.exe Linker Warning:
#   Section '.ignored' is unknown. Section ignored.
### mwldeppc.exe Linker Warning:
#   Section '.ignored' is unknown. Section ignored.
### mwldeppc.exe Linker Warning:
#   Section '.ignored' is unknown. Section ignored.
### mwldeppc.exe Linker Warning:
#   Section '.ignored' is unknown. Section ignored.
### mwldeppc.exe Linker Warning:
#   Section '.ignored' is unknown. Section ignored.
### mwldeppc.exe Linker Warning:
#   Section '.ignored' is unknown. Section ignored.
### mwldeppc.exe Linker Warning:
#   Section '.ignored' is unknown. Section ignored.
### mwldeppc.exe Linker Warning:
#   Section '.ignored' is unknown. Section ignored.
### mwldeppc.exe Linker Warning:
#   Section '.ignored' is unknown. Section ignored.
### mwldeppc.exe Linker Warning:
#   Section '.ignored' is unknown. Section ignored.
### mwldeppc.exe Linker Warning:
#   Section '.ignored' is unknown. Section ignored.
### mwldeppc.exe Linker Warning:
#   Section '.ignored' is unknown. Section ignored.
### mwldeppc.exe Linker Warning:
#   Section '.ignored' is unknown. Section ignored.
### mwldeppc.exe Linker Warning:
#   Section '.ignored' is unknown. Section ignored.
### mwldeppc.exe Linker Warning:
#   Section '.ignored' is unknown. Section ignored.
### mwldeppc.exe Linker Warning:
#   Section '.ignored' is unknown. Section ignored.
### mwldeppc.exe Linker Warning:
#   Section '.ignored' is unknown. Section ignored.
### mwldeppc.exe Linker Warning:
#   Section '.ignored' is unknown. Section ignored.
### mwldeppc.exe Linker Warning:
#   Section '.ignored' is unknown. Section ignored.
### mwldeppc.exe Linker Warning:
#   Section '.ignored' is unknown. Section ignored.
### mwldeppc.exe Linker Warning:
#   Section '.ignored' is unknown. Section ignored.
### mwldeppc.exe Linker Warning:
#   Section '.ignored' is unknown. Section ignored.
### mwldeppc.exe Linker Warning:
#   Section '.ignored' is unknown. Section ignored.
### mwldeppc.exe Linker Warning:
#   Section '.ignored' is unknown. Section ignored.
### mwldeppc.exe Linker Warning:
#   Section '.ignored' is unknown. Section ignored.
### mwldeppc.exe Linker Warning:
#   Section '.ignored' is unknown. Section ignored.
### mwldeppc.exe Linker Warning:
#   Section '.ignored' is unknown. Section ignored.
### mwldeppc.exe Linker Warning:
#   Section '.ignored' is unknown. Section ignored.
### mwldeppc.exe Linker Warning:
#   Section '.ignored' is unknown. Section ignored.
### mwldeppc.exe Linker Warning:
#   Section '.ignored' is unknown. Section ignored.
### mwldeppc.exe Linker Warning:
#   Section '.ignored' is unknown. Section ignored.
### mwldeppc.exe Linker Warning:
#   Section '.ignored' is unknown. Section ignored.
### mwldeppc.exe Linker Warning:
#   Section '.ignored' is unknown. Section ignored.
### mwldeppc.exe Linker Warning:
#   Section '.ignored' is unknown. Section ignored.
### mwldeppc.exe Linker Warning:
#   Section '.ignored' is unknown. Section ignored.
### mwldeppc.exe Linker Warning:
#   Section '.ignored' is unknown. Section ignored.
### mwldeppc.exe Linker Warning:
#   Section '.ignored' is unknown. Section ignored.
### mwldeppc.exe Linker Warning:
#   Section '.ignored' is unknown. Section ignored.
### mwldeppc.exe Linker Warning:
#   Section '.ignored' is unknown. Section ignored.
### mwldeppc.exe Linker Warning:
#   Section '.ignored' is unknown. Section ignored.
### mwldeppc.exe Linker Warning:
#   Section '.ignored' is unknown. Section ignored.
### mwldeppc.exe Linker Warning:
#   Section '.ignored' is unknown. Section ignored.
### mwldeppc.exe Linker Warning:
#   Section '.ignored' is unknown. Section ignored.
### mwldeppc.exe Linker Warning:
#   Section '.ignored' is unknown. Section ignored.
### mwldeppc.exe Linker Warning:
#   Section '.ignored' is unknown. Section ignored.
### mwldeppc.exe Linker Warning:
#   Section '.ignored' is unknown. Section ignored.
### mwldeppc.exe Linker Warning:
#   Section '.ignored' is unknown. Section ignored.
### mwldeppc.exe Linker Warning:
#   Section '.ignored' is unknown. Section ignored.
### mwldeppc.exe Linker Warning:
#   Section '.ignored' is unknown. Section ignored.
### mwldeppc.exe Linker Warning:
#   Section '.ignored' is unknown. Section ignored.
### mwldeppc.exe Linker Warning:
#   Section '.ignored' is unknown. Section ignored.
### mwldeppc.exe Linker Warning:
#   Section '.ignored' is unknown. Section ignored.
### mwldeppc.exe Linker Warning:
#   Section '.ignored' is unknown. Section ignored.
### mwldeppc.exe Linker Warning:
#   Section '.ignored' is unknown. Section ignored.
### mwldeppc.exe Linker Warning:
#   Section '.ignored' is unknown. Section ignored.
### mwldeppc.exe Linker Warning:
#   Section '.ignored' is unknown. Section ignored.
### mwldeppc.exe Linker Warning:
#   Section '.ignored' is unknown. Section ignored.
### mwldeppc.exe Linker Warning:
#   Section '.ignored' is unknown. Section ignored.
### mwldeppc.exe Linker Warning:
#   Section '.ignored' is unknown. Section ignored.
### mwldeppc.exe Linker Warning:
#   Section '.ignored' is unknown. Section ignored.
### mwldeppc.exe Linker Warning:
#   Section '.ignored' is unknown. Section ignored.
### mwldeppc.exe Linker Warning:
#   Section '.ignored' is unknown. Section ignored.
### mwldeppc.exe Linker Warning:
#   Section '.ignored' is unknown. Section ignored.
### mwldeppc.exe Linker Warning:
#   Section '.ignored' is unknown. Section ignored.
### mwldeppc.exe Linker Warning:
#   Section '.ignored' is unknown. Section ignored.
### mwldeppc.exe Linker Warning:
#   Section '.ignored' is unknown. Section ignored.
### mwldeppc.exe Linker Warning:
#   Section '.ignored' is unknown. Section ignored.
### mwldeppc.exe Linker Warning:
#   Section '.ignored' is unknown. Section ignored.
### mwldeppc.exe Linker Warning:
#   Section '.ignored' is unknown. Section ignored.
### mwldeppc.exe Linker Warning:
#   Section '.ignored' is unknown. Section ignored.
### mwldeppc.exe Linker Warning:
#   Section '.ignored' is unknown. Section ignored.
### mwldeppc.exe Linker Warning:
#   Section '.ignored' is unknown. Section ignored.
### mwldeppc.exe Linker Warning:
#   Section '.ignored' is unknown. Section ignored.
### mwldeppc.exe Linker Warning:
#   Section '.ignored' is unknown. Section ignored.
### mwldeppc.exe Linker Warning:
#   Section '.ignored' is unknown. Section ignored.
### mwldeppc.exe Linker Warning:
#   Section '.ignored' is unknown. Section ignored.
### mwldeppc.exe Linker Warning:
#   Section '.ignored' is unknown. Section ignored.
### mwldeppc.exe Linker Warning:
#   Section '.ignored' is unknown. Section ignored.
### mwldeppc.exe Linker Warning:
#   Section '.ignored' is unknown. Section ignored.
### mwldeppc.exe Linker Warning:
#   Section '.ignored' is unknown. Section ignored.
### mwldeppc.exe Linker Warning:
#   Section '.ignored' is unknown. Section ignored.
### mwldeppc.exe Linker Warning:
#   Section '.ignored' is unknown. Section ignored.
### mwldeppc.exe Linker Warning:
#   Section '.ignored' is unknown. Section ignored.
### mwldeppc.exe Linker Warning:
#   Section '.ignored' is unknown. Section ignored.
### mwldeppc.exe Linker Warning:
#   Section '.ignored' is unknown. Section ignored.
### mwldeppc.exe Linker Warning:
#   Section '.ignored' is unknown. Section ignored.
### mwldeppc.exe Linker Warning:
#   Section '.ignored' is unknown. Section ignored.
### mwldeppc.exe Linker Warning:
#   Section '.ignored' is unknown. Section ignored.
### mwldeppc.exe Linker Warning:
#   Section '.ignored' is unknown. Section ignored.
### mwldeppc.exe Linker Warning:
#   Section '.ignored' is unknown. Section ignored.
### mwldeppc.exe Linker Warning:
#   Section '.ignored' is unknown. Section ignored.
### mwldeppc.exe Linker Warning:
#   Section '.ignored' is unknown. Section ignored.
### mwldeppc.exe Linker Warning:
#   Section '.ignored' is unknown. Section ignored.
### mwldeppc.exe Linker Warning:
#   Section '.ignored' is unknown. Section ignored.
### mwldeppc.exe Linker Warning:
#   Section '.ignored' is unknown. Section ignored.
### mwldeppc.exe Linker Warning:
#   Section '.ignored' is unknown. Section ignored.
### mwldeppc.exe Linker Warning:
#   Section '.ignored' is unknown. Section ignored.
### mwldeppc.exe Linker Warning:
#   Section '.ignored' is unknown. Section ignored.
### mwldeppc.exe Linker Warning:
#   Section '.ignored' is unknown. Section ignored.
### mwldeppc.exe Linker Warning:
#   Section '.ignored' is unknown. Section ignored.
### mwldeppc.exe Linker Warning:
#   Section '.ignored' is unknown. Section ignored.
### mwldeppc.exe Linker Warning:
#   Section '.ignored' is unknown. Section ignored.
### mwldeppc.exe Linker Warning:
#   Section '.ignored' is unknown. Section ignored.
### mwldeppc.exe Linker Warning:
#   Section '.ignored' is unknown. Section ignored.
### mwldeppc.exe Linker Warning:
#   Section '.ignored' is unknown. Section ignored.
### mwldeppc.exe Linker Warning:
#   Section '.ignored' is unknown. Section ignored.
### mwldeppc.exe Linker Warning:
#   Section '.ignored' is unknown. Section ignored.
### mwldeppc.exe Linker Warning:
#   Section '.ignored' is unknown. Section ignored.
### mwldeppc.exe Linker Warning:
#   Section '.ignored' is unknown. Section ignored.
### mwldeppc.exe Linker Warning:
#   Section '.ignored' is unknown. Section ignored.
### mwldeppc.exe Linker Warning:
#   Section '.ignored' is unknown. Section ignored.
### mwldeppc.exe Linker Warning:
#   Section '.ignored' is unknown. Section ignored.
### mwldeppc.exe Linker Warning:
#   Section '.ignored' is unknown. Section ignored.
### mwldeppc.exe Linker Warning:
#   Section '.ignored' is unknown. Section ignored.
### mwldeppc.exe Linker Warning:
#   Section '.ignored' is unknown. Section ignored.
### mwldeppc.exe Linker Warning:
#   Section '.ignored' is unknown. Section ignored.
### mwldeppc.exe Linker Warning:
#   Section '.ignored' is unknown. Section ignored.
### mwldeppc.exe Linker Warning:
#   Section '.ignored' is unknown. Section ignored.
### mwldeppc.exe Linker Warning:
#   Section '.ignored' is unknown. Section ignored.
### mwldeppc.exe Linker Warning:
#   Section '.ignored' is unknown. Section ignored.
### mwldeppc.exe Linker Warning:
#   Section '.ignored' is unknown. Section ignored.
### mwldeppc.exe Linker Warning:
#   Section '.ignored' is unknown. Section ignored.
### mwldeppc.exe Linker Warning:
#   Section '.ignored' is unknown. Section ignored.
### mwldeppc.exe Linker Warning:
#   Section '.ignored' is unknown. Section ignored.
### mwldeppc.exe Linker Warning:
#   Section '.ignored' is unknown. Section ignored.
### mwldeppc.exe Linker Warning:
#   Section '.ignored' is unknown. Section ignored.
### mwldeppc.exe Linker Warning:
#   Section '.ignored' is unknown. Section ignored.
### mwldeppc.exe Linker Warning:
#   Section '.ignored' is unknown. Section ignored.
### mwldeppc.exe Linker Warning:
#   Section '.ignored' is unknown. Section ignored.
### mwldeppc.exe Linker Warning:
#   Section '.ignored' is unknown. Section ignored.
### mwldeppc.exe Linker Warning:
#   Section '.ignored' is unknown. Section ignored.
### mwldeppc.exe Linker Warning:
#   Section '.ignored' is unknown. Section ignored.
### mwldeppc.exe Linker Warning:
#   Section '.ignored' is unknown. Section ignored.
### mwldeppc.exe Linker Warning:
#   Section '.ignored' is unknown. Section ignored.
### mwldeppc.exe Linker Warning:
#   Section '.ignored' is unknown. Section ignored.
### mwldeppc.exe Linker Warning:
#   Section '.ignored' is unknown. Section ignored.
### mwldeppc.exe Linker Warning:
#   Section '.ignored' is unknown. Section ignored.
### mwldeppc.exe Linker Warning:
#   Section '.ignored' is unknown. Section ignored.
### mwldeppc.exe Linker Warning:
#   Section '.ignored' is unknown. Section ignored.
### mwldeppc.exe Linker Warning:
#   Section '.ignored' is unknown. Section ignored.
### mwldeppc.exe Linker Warning:
#   Section '.ignored' is unknown. Section ignored.
### mwldeppc.exe Linker Warning:
#   Section '.ignored' is unknown. Section ignored.
### mwldeppc.exe Linker Warning:
#   Section '.ignored' is unknown. Section ignored.
### mwldeppc.exe Linker Warning:
#   Section '.ignored' is unknown. Section ignored.
### mwldeppc.exe Linker Warning:
#   Section '.ignored' is unknown. Section ignored.
### mwldeppc.exe Linker Warning:
#   Section '.ignored' is unknown. Section ignored.
### mwldeppc.exe Linker Warning:
#   Section '.ignored' is unknown. Section ignored.
### mwldeppc.exe Linker Warning:
#   Section '.ignored' is unknown. Section ignored.
### mwldeppc.exe Linker Warning:
#   Section '.ignored' is unknown. Section ignored.
### mwldeppc.exe Linker Warning:
#   Section '.ignored' is unknown. Section ignored.
### mwldeppc.exe Linker Warning:
#   Section '.ignored' is unknown. Section ignored.
### mwldeppc.exe Linker Warning:
#   Section '.ignored' is unknown. Section ignored.
### mwldeppc.exe Linker Warning:
#   Section '.ignored' is unknown. Section ignored.
### mwldeppc.exe Linker Warning:
#   Section '.ignored' is unknown. Section ignored.
### mwldeppc.exe Linker Warning:
#   Section '.ignored' is unknown. Section ignored.
### mwldeppc.exe Linker Warning:
#   Section '.ignored' is unknown. Section ignored.
### mwldeppc.exe Linker Warning:
#   Section '.ignored' is unknown. Section ignored.
### mwldeppc.exe Linker Warning:
#   Section '.ignored' is unknown. Section ignored.
### mwldeppc.exe Linker Warning:
#   Section '.ignored' is unknown. Section ignored.
### mwldeppc.exe Linker Warning:
#   Section '.ignored' is unknown. Section ignored.
### mwldeppc.exe Linker Warning:
#   Section '.ignored' is unknown. Section ignored.
### mwldeppc.exe Linker Warning:
#   Section '.ignored' is unknown. Section ignored.
### mwldeppc.exe Linker Warning:
#   Section '.ignored' is unknown. Section ignored.
### mwldeppc.exe Linker Warning:
#   Section '.ignored' is unknown. Section ignored.
### mwldeppc.exe Linker Warning:
#   Section '.ignored' is unknown. Section ignored.
### mwldeppc.exe Linker Warning:
#   Section '.ignored' is unknown. Section ignored.
### mwldeppc.exe Linker Warning:
#   Section '.ignored' is unknown. Section ignored.
### mwldeppc.exe Linker Warning:
#   Section '.ignored' is unknown. Section ignored.
### mwldeppc.exe Linker Warning:
#   Section '.ignored' is unknown. Section ignored.
### mwldeppc.exe Linker Warning:
#   Section '.ignored' is unknown. Section ignored.
### mwldeppc.exe Linker Warning:
#   Section '.ignored' is unknown. Section ignored.
### mwldeppc.exe Linker Warning:
#   Section '.ignored' is unknown. Section ignored.
### mwldeppc.exe Linker Warning:
#   Section '.ignored' is unknown. Section ignored.
### mwldeppc.exe Linker Warning:
#   Section '.ignored' is unknown. Section ignored.
### mwldeppc.exe Linker Warning:
#   Section '.ignored' is unknown. Section ignored.
### mwldeppc.exe Linker Warning:
#   Section '.ignored' is unknown. Section ignored.
### mwldeppc.exe Linker Warning:
#   Section '.ignored' is unknown. Section ignored.
### mwldeppc.exe Linker Warning:
#   Section '.ignored' is unknown. Section ignored.
### mwldeppc.exe Linker Warning:
#   Section '.ignored' is unknown. Section ignored.
### mwldeppc.exe Linker Warning:
#   Section '.ignored' is unknown. Section ignored.
### mwldeppc.exe Linker Warning:
#   Section '.ignored' is unknown. Section ignored.
### mwldeppc.exe Linker Warning:
#   Section '.ignored' is unknown. Section ignored.
### mwldeppc.exe Linker Warning:
#   Section '.ignored' is unknown. Section ignored.
### mwldeppc.exe Linker Warning:
#   Section '.ignored' is unknown. Section ignored.
### mwldeppc.exe Linker Warning:
#   Section '.ignored' is unknown. Section ignored.
### mwldeppc.exe Linker Warning:
#   Section '.ignored' is unknown. Section ignored.
### mwldeppc.exe Linker Warning:
#   Section '.ignored' is unknown. Section ignored.
### mwldeppc.exe Linker Warning:
#   Section '.ignored' is unknown. Section ignored.
### mwldeppc.exe Linker Warning:
#   Section '.ignored' is unknown. Section ignored.
### mwldeppc.exe Linker Warning:
#   Section '.ignored' is unknown. Section ignored.
### mwldeppc.exe Linker Warning:
#   Section '.ignored' is unknown. Section ignored.
### mwldeppc.exe Linker Warning:
#   Section '.ignored' is unknown. Section ignored.
### mwldeppc.exe Linker Warning:
#   Section '.ignored' is unknown. Section ignored.
### mwldeppc.exe Linker Warning:
#   Section '.ignored' is unknown. Section ignored.
### mwldeppc.exe Linker Warning:
#   Section '.ignored' is unknown. Section ignored.
### mwldeppc.exe Linker Warning:
#   Section '.ignored' is unknown. Section ignored.
### mwldeppc.exe Linker Warning:
#   Section '.ignored' is unknown. Section ignored.
### mwldeppc.exe Linker Warning:
#   Section '.ignored' is unknown. Section ignored.
### mwldeppc.exe Linker Warning:
#   Section '.ignored' is unknown. Section ignored.
### mwldeppc.exe Linker Warning:
#   Section '.ignored' is unknown. Section ignored.
### mwldeppc.exe Linker Warning:
#   Section '.ignored' is unknown. Section ignored.
### mwldeppc.exe Linker Warning:
#   Section '.ignored' is unknown. Section ignored.
### mwldeppc.exe Linker Warning:
#   Section '.ignored' is unknown. Section ignored.
### mwldeppc.exe Linker Warning:
#   Section '.ignored' is unknown. Section ignored.
### mwldeppc.exe Linker Warning:
#   Section '.ignored' is unknown. Section ignored.
### mwldeppc.exe Linker Warning:
#   Section '.ignored' is unknown. Section ignored.
### mwldeppc.exe Linker Warning:
#   Section '.ignored' is unknown. Section ignored.
### mwldeppc.exe Linker Warning:
#   Section '.ignored' is unknown. Section ignored.
### mwldeppc.exe Linker Warning:
#   Section '.ignored' is unknown. Section ignored.
### mwldeppc.exe Linker Warning:
#   Section '.ignored' is unknown. Section ignored.
### mwldeppc.exe Linker Warning:
#   Section '.ignored' is unknown. Section ignored.
### mwldeppc.exe Linker Warning:
#   Section '.ignored' is unknown. Section ignored.
### mwldeppc.exe Linker Warning:
#   Section '.ignored' is unknown. Section ignored.
### mwldeppc.exe Linker Warning:
#   Section '.ignored' is unknown. Section ignored.
### mwldeppc.exe Linker Warning:
#   Section '.ignored' is unknown. Section ignored.
### mwldeppc.exe Linker Warning:
#   Section '.ignored' is unknown. Section ignored.
### mwldeppc.exe Linker Warning:
#   Section '.ignored' is unknown. Section ignored.
### mwldeppc.exe Linker Warning:
#   Section '.ignored' is unknown. Section ignored.
### mwldeppc.exe Linker Warning:
#   Section '.ignored' is unknown. Section ignored.
### mwldeppc.exe Linker Warning:
#   Section '.ignored' is unknown. Section ignored.
### mwldeppc.exe Linker Warning:
#   Section '.ignored' is unknown. Section ignored.
[1170/1228] MWCC build/GEDE01/src/game/game_fn_801E2408.o
[1171/1228] MWCC build/GEDE01/src/game/game_fn_801E2B28.o
[1172/1228] MWCC build/GEDE01/src/game/game_fn_801E2BF8.o
[1173/1228] MWCC build/GEDE01/src/game/game_fn_801E3388.o
[1174/1228] MWCC build/GEDE01/src/game/game_fn_801E3B08.o
[1175/1228] MWCC build/GEDE01/src/game/game_fn_801E4314.o
[1176/1228] MWCC build/GEDE01/src/game/game_fn_801E47B8.o
[1177/1228] MWCC build/GEDE01/src/game/game_fn_801E645C.o
[1178/1228] MWCC build/GEDE01/src/game/game_fn_801E5BD8.o
[1179/1228] MWCC build/GEDE01/src/game/game_fn_801E7CBC.o
[1180/1228] MWCC build/GEDE01/src/game/game_fn_801E8B6C.o
[1181/1228] MWCC build/GEDE01/src/game/game_fn_801E8DE4.o
[1182/1228] MWCC build/GEDE01/src/game/game_fn_801E915C.o
[1183/1228] MWCC build/GEDE01/src/game/game_fn_801EB30C.o
[1184/1228] MWCC build/GEDE01/src/game/game_fn_801EB340.o
[1185/1228] MWCC build/GEDE01/src/game/game_fn_801EBC6C.o
[1186/1228] MWCC build/GEDE01/src/game/game_fn_801EBDDC.o
[1187/1228] MWCC build/GEDE01/src/game/game_fn_801ED118.o
[1188/1228] MWCC build/GEDE01/src/game/game_fn_801EDEC4.o
[1189/1228] MWCC build/GEDE01/src/game/game_fn_801EDF80.o
[1190/1228] MWCC build/GEDE01/src/game/game_fn_801EF5EC.o
[1191/1228] MWCC build/GEDE01/src/game/game_fn_801EFA68.o
[1192/1228] MWCC build/GEDE01/src/game/game_fn_801F02C4.o
[1193/1228] MWCC build/GEDE01/src/game/game_fn_801F03F0.o
[1194/1228] MWCC build/GEDE01/src/game/game_fn_801F15D0.o
[1195/1228] MWCC build/GEDE01/src/game/game_fn_801F2370.o
[1196/1228] MWCC build/GEDE01/src/game/game_fn_801F3528.o
[1197/1228] MWCC build/GEDE01/src/game/game_fn_801F49EC.o
[1198/1228] MWCC build/GEDE01/src/game/game_fn_801F50EC.o
[1199/1228] MWCC build/GEDE01/src/game/game_fn_801F7234.o
[1200/1228] MWCC build/GEDE01/src/game/game_fn_801F7AF8.o
[1201/1228] MWCC build/GEDE01/src/game/game_fn_801F7C78.o
[1202/1228] MWCC build/GEDE01/src/game/game_fn_801F85A4.o
[1203/1228] MWCC build/GEDE01/src/game/game_fn_801F8748.o
[1204/1228] MWCC build/GEDE01/src/game/game_fn_801F8620.o
[1205/1228] MWCC build/GEDE01/src/game/game_fn_801FA410.o
[1206/1228] MWCC build/GEDE01/src/game/game_fn_801F92F8.o
[1207/1228] MWCC build/GEDE01/src/game/game_fn_801FA66C.o
[1208/1228] MWCC build/GEDE01/src/game/game_fn_801FA4F0.o
[1209/1228] MWCC build/GEDE01/src/game/game_fn_801FABA4.o
[1210/1228] MWCC build/GEDE01/src/game/game_fn_801FAD4C.o
[1211/1228] MWCC build/GEDE01/src/game/game_fn_801FD318.o
[1212/1228] MWCC build/GEDE01/src/game/game_fn_801FE2A8.o
[1213/1228] MWCC build/GEDE01/src/game/game_fn_801FE56C.o
[1214/1228] MWCC build/GEDE01/src/game/game_fn_80202678.o
[1215/1228] MWCC build/GEDE01/src/game/game_fn_80203D94.o
[1216/1228] MWCC build/GEDE01/src/game/game_fn_80205914.o
[1217/1228] MWCC build/GEDE01/src/game/game_fn_8020686C.o
[1218/1228] MWCC build/GEDE01/src/game/game_fn_80206F50.o
[1219/1228] MWCC build/GEDE01/src/game/game_fn_8020860C.o
[1220/1228] MWCC build/GEDE01/src/game/game_fn_802076C4.o
[1221/1228] MWCC build/GEDE01/src/game/game_fn_80208BA8.o
[1222/1228] DOL build/GEDE01/main.dol
[1223/1228] MWCC build/GEDE01/src/game/game_fn_80208C4C.o
[1224/1228] CHECK config/GEDE01/build.sha1
build/GEDE01/main.dol: OK
[1225/1228] REPORT
 INFO Loading project .
 INFO Generating report for 7095 units (using 8 threads)
 INFO Report generated in 0.313s
 INFO Writing to build/GEDE01/report.json
[1226/1228] PROGRESS
Progress:
  All: 61.17% fuzzy, 52.03% matched, 51.95% linked (6401 / 7095 files)
    Code: 1196936 / 2300692 bytes (6168 / 8214 functions)
    Data: 39886 / 4305642 bytes (0.93%)
  Game Code: 98.04% fuzzy, 83.34% matched, 83.22% linked (6383 / 6659 files)
    Code: 1193908 / 1432548 bytes (6106 / 6380 functions)
    Data: 39662 / 40542 bytes (97.83%)
  SDK/Runtime: 100.00% fuzzy, 100.00% matched, 100.00% linked (18 / 18 files)
    Code: 3028 / 3028 bytes (62 / 62 functions)
    Data: 224 / 224 bytes (100.00%)
