[1/2] SPLIT config/GEDE01/config.yml
 INFO Loading config/GEDE01/config.yml
 INFO Loading and analyzing 1 module (using 1 thread)
 INFO Initial analysis completed in 1.333s (found 8214 functions)
 INFO Rebuilding relocations and splitting
 WARN module{name=main id=0}: Alignment for game/game_fn_80050A7C.c .rodata expected 8, but starts at 6:0x80238F04
 WARN module{name=main id=0}: Alignment for game/game_fn_80057E3C.c .rodata expected 8, but starts at 6:0x80238FBC
 WARN module{name=main id=0}: Alignment for game/game_data_80239044.c .rodata expected 8, but starts at 6:0x80239044
 WARN module{name=main id=0}: Alignment for game/game_data_80239054.c .rodata expected 8, but starts at 6:0x80239054
 WARN module{name=main id=0}: Alignment for game/game_data_8023906C.c .rodata expected 8, but starts at 6:0x8023906C
 WARN module{name=main id=0}: Alignment for game/game_data_80239084.c .rodata expected 8, but starts at 6:0x80239084
 WARN module{name=main id=0}: Alignment for game/game_data_802390B4.c .rodata expected 8, but starts at 6:0x802390B4
 WARN module{name=main id=0}: Alignment for game/game_data_802390D4.c .rodata expected 8, but starts at 6:0x802390D4
 WARN module{name=main id=0}: Alignment for game/game_data_802390EC.c .rodata expected 8, but starts at 6:0x802390EC
 WARN module{name=main id=0}: Alignment for game/game_data_80239194.c .rodata expected 8, but starts at 6:0x80239194
 WARN module{name=main id=0}: Alignment for game/game_data_802391C4.c .rodata expected 8, but starts at 6:0x802391C4
 WARN module{name=main id=0}: Alignment for game/game_data_802393CC.c .rodata expected 8, but starts at 6:0x802393CC
 WARN module{name=main id=0}: Alignment for game/game_data_802393E4.c .rodata expected 8, but starts at 6:0x802393E4
 WARN module{name=main id=0}: Alignment for game/game_data_802393FC.c .rodata expected 8, but starts at 6:0x802393FC
 WARN module{name=main id=0}: Alignment for game/game_data_80239414.c .rodata expected 8, but starts at 6:0x80239414
 WARN module{name=main id=0}: Alignment for game/game_data_8023945C.c .rodata expected 8, but starts at 6:0x8023945C
 WARN module{name=main id=0}: Alignment for game/game_data_8023953C.c .rodata expected 8, but starts at 6:0x8023953C
 WARN module{name=main id=0}: Alignment for game/game_data_80239554.c .rodata expected 8, but starts at 6:0x80239554
 WARN module{name=main id=0}: Alignment for game/game_data_8023963C.c .rodata expected 8, but starts at 6:0x8023963C
 WARN module{name=main id=0}: Alignment for game/game_data_80239654.c .rodata expected 8, but starts at 6:0x80239654
 WARN module{name=main id=0}: Alignment for game/game_data_8023966C.c .rodata expected 8, but starts at 6:0x8023966C
 WARN module{name=main id=0}: Alignment for game/game_data_80239694.c .rodata expected 8, but starts at 6:0x80239694
 WARN module{name=main id=0}: Alignment for game/game_data_802396BC.c .rodata expected 8, but starts at 6:0x802396BC
 WARN module{name=main id=0}: Alignment for game/game_data_802396D4.c .rodata expected 8, but starts at 6:0x802396D4
 WARN module{name=main id=0}: Alignment for game/game_data_8023972C.c .rodata expected 8, but starts at 6:0x8023972C
 WARN module{name=main id=0}: Alignment for game/game_data_8023975C.c .rodata expected 8, but starts at 6:0x8023975C
 WARN module{name=main id=0}: Alignment for game/game_data_8023979C.c .rodata expected 8, but starts at 6:0x8023979C
 WARN module{name=main id=0}: Alignment for game/game_data_802397BC.c .rodata expected 8, but starts at 6:0x802397BC
 WARN module{name=main id=0}: Alignment for game/game_data_8023980C.c .rodata expected 8, but starts at 6:0x8023980C
 WARN module{name=main id=0}: Alignment for game/game_data_80239824.c .rodata expected 8, but starts at 6:0x80239824
 WARN module{name=main id=0}: Alignment for game/game_data_8023983C.c .rodata expected 8, but starts at 6:0x8023983C
 WARN module{name=main id=0}: Alignment for game/game_data_80239854.c .rodata expected 8, but starts at 6:0x80239854
 WARN module{name=main id=0}: Alignment for game/game_data_8023986C.c .rodata expected 8, but starts at 6:0x8023986C
 WARN module{name=main id=0}: Alignment for game/game_data_80239884.c .rodata expected 8, but starts at 6:0x80239884
 WARN module{name=main id=0}: Alignment for game/game_data_8023989C.c .rodata expected 8, but starts at 6:0x8023989C
 WARN module{name=main id=0}: Alignment for game/game_data_802398EC.c .rodata expected 8, but starts at 6:0x802398EC
 WARN module{name=main id=0}: Alignment for game/game_data_80239934.c .rodata expected 8, but starts at 6:0x80239934
 WARN module{name=main id=0}: Alignment for game/game_data_8023994C.c .rodata expected 8, but starts at 6:0x8023994C
 WARN module{name=main id=0}: Alignment for game/game_data_80239B24.c .rodata expected 8, but starts at 6:0x80239B24
 WARN module{name=main id=0}: Alignment for game/game_data_80239B74.c .rodata expected 8, but starts at 6:0x80239B74
 WARN module{name=main id=0}: Alignment for game/game_data_80239B8C.c .rodata expected 8, but starts at 6:0x80239B8C
 WARN module{name=main id=0}: Alignment for game/game_data_80239CAC.c .rodata expected 8, but starts at 6:0x80239CAC
 WARN module{name=main id=0}: Alignment for game/game_data_8023A2A4.c .rodata expected 8, but starts at 6:0x8023A2A4
 WARN module{name=main id=0}: Alignment for game/game_data_8023A414.c .rodata expected 8, but starts at 6:0x8023A414
 WARN module{name=main id=0}: Alignment for game/game_data_8023A444.c .rodata expected 8, but starts at 6:0x8023A444
 WARN module{name=main id=0}: Alignment for game/game_data_8023A63C.c .rodata expected 8, but starts at 6:0x8023A63C
 WARN module{name=main id=0}: Alignment for game/game_data_8023A69C.c .rodata expected 8, but starts at 6:0x8023A69C
 WARN module{name=main id=0}: Alignment for game/game_data_8023A6F4.c .rodata expected 8, but starts at 6:0x8023A6F4
 WARN module{name=main id=0}: Alignment for game/game_data_8023A70C.c .rodata expected 8, but starts at 6:0x8023A70C
 WARN module{name=main id=0}: Alignment for game/game_data_8023A744.c .rodata expected 8, but starts at 6:0x8023A744
 WARN module{name=main id=0}: Alignment for game/game_data_8023A76C.c .rodata expected 8, but starts at 6:0x8023A76C
 WARN module{name=main id=0}: Alignment for game/game_data_8023A994.c .rodata expected 8, but starts at 6:0x8023A994
 WARN module{name=main id=0}: Alignment for game/game_data_8023B044.c .rodata expected 8, but starts at 6:0x8023B044
 WARN module{name=main id=0}: Alignment for game/game_data_8023B05C.c .rodata expected 8, but starts at 6:0x8023B05C
 WARN module{name=main id=0}: Alignment for game/game_data_8023B094.c .rodata expected 8, but starts at 6:0x8023B094
 WARN module{name=main id=0}: Alignment for game/game_data_8023B564.c .rodata expected 8, but starts at 6:0x8023B564
 WARN module{name=main id=0}: Alignment for game/game_data_8023B5B4.c .rodata expected 8, but starts at 6:0x8023B5B4
 WARN module{name=main id=0}: Alignment for game/game_data_8023B78C.c .rodata expected 8, but starts at 6:0x8023B78C
 WARN module{name=main id=0}: Alignment for game/game_data_8023B7B4.c .rodata expected 8, but starts at 6:0x8023B7B4
 WARN module{name=main id=0}: Alignment for game/game_data_8023B7CC.c .rodata expected 8, but starts at 6:0x8023B7CC
 WARN module{name=main id=0}: Alignment for game/game_data_8023B7E4.c .rodata expected 8, but starts at 6:0x8023B7E4
 WARN module{name=main id=0}: Alignment for game/game_data_8023B7FC.c .rodata expected 8, but starts at 6:0x8023B7FC
 WARN module{name=main id=0}: Alignment for game/game_data_8023B814.c .rodata expected 8, but starts at 6:0x8023B814
 WARN module{name=main id=0}: Alignment for game/game_fn_80008014.c .data expected 8, but starts at 7:0x8023BEBC
 WARN module{name=main id=0}: Alignment for game/game_fn_8000EE9C.c .data expected 8, but starts at 7:0x8023C264
 WARN module{name=main id=0}: Alignment for game/game_fn_8000EFC4.c .data expected 8, but starts at 7:0x8023C344
 WARN module{name=main id=0}: Alignment for game/game_fn_800122F8.c .data expected 8, but starts at 7:0x8023CA4C
 WARN module{name=main id=0}: Alignment for game/game_fn_80015568.c .data expected 8, but starts at 7:0x8023CAEC
 WARN module{name=main id=0}: Alignment for game/game_fn_80015BE0.c .data expected 8, but starts at 7:0x8023CB0C
 WARN module{name=main id=0}: Alignment for game/game_fn_80015D40.c .data expected 8, but starts at 7:0x8023CB2C
 WARN module{name=main id=0}: Alignment for game/game_fn_8001C078.c .data expected 8, but starts at 7:0x8023CD54
 WARN module{name=main id=0}: Alignment for game/game_fn_8001CC00.c .data expected 8, but starts at 7:0x8023CDFC
 WARN module{name=main id=0}: Alignment for game/game_fn_8001CE14.c .data expected 8, but starts at 7:0x8023CE54
 WARN module{name=main id=0}: Alignment for game/game_fn_8001D3F8.c .data expected 8, but starts at 7:0x8023CF6C
 WARN module{name=main id=0}: Alignment for game/game_fn_8001D4C4.c .data expected 8, but starts at 7:0x8023CF7C
 WARN module{name=main id=0}: Alignment for game/game_data_8023D77C.c .data expected 8, but starts at 7:0x8023D77C
 WARN module{name=main id=0}: Alignment for game/game_data_8023D884.c .data expected 8, but starts at 7:0x8023D884
 WARN module{name=main id=0}: Alignment for game/game_fn_8001E644.c .data expected 8, but starts at 7:0x8023D8D4
 WARN module{name=main id=0}: Alignment for game/game_data_8023DA2C.c .data expected 8, but starts at 7:0x8023DA2C
 WARN module{name=main id=0}: Alignment for game/game_data_8023DAB4.c .data expected 8, but starts at 7:0x8023DAB4
 WARN module{name=main id=0}: Alignment for game/game_data_8023DD84.c .data expected 8, but starts at 7:0x8023DD84
 WARN module{name=main id=0}: Alignment for game/game_data_8023DFAC.c .data expected 8, but starts at 7:0x8023DFAC
 WARN module{name=main id=0}: Alignment for game/game_data_8023E154.c .data expected 8, but starts at 7:0x8023E154
 WARN module{name=main id=0}: Alignment for game/game_fn_80028E88.c .data expected 8, but starts at 7:0x8023E31C
 WARN module{name=main id=0}: Alignment for game/game_data_8023E388.c .data expected 8, but starts at 7:0x8023E384
 WARN module{name=main id=0}: Alignment for game/game_data_8023E410.c .data expected 8, but starts at 7:0x8023E40C
 WARN module{name=main id=0}: Alignment for game/game_fn_80037AF4.c .data expected 8, but starts at 7:0x8023E674
 WARN module{name=main id=0}: Alignment for game/game_data_8023ECBC.c .data expected 8, but starts at 7:0x8023ECBC
 WARN module{name=main id=0}: Alignment for game/game_data_8023EE94.c .data expected 8, but starts at 7:0x8023EE94
 WARN module{name=main id=0}: Alignment for game/game_data_8023EEE4.c .data expected 8, but starts at 7:0x8023EEE4
 WARN module{name=main id=0}: Alignment for game/game_data_8023EF34.c .data expected 8, but starts at 7:0x8023EF34
 WARN module{name=main id=0}: Alignment for game/game_data_8023EF84.c .data expected 8, but starts at 7:0x8023EF84
 WARN module{name=main id=0}: Alignment for game/game_data_8023F204.c .data expected 8, but starts at 7:0x8023F204
 WARN module{name=main id=0}: Alignment for game/game_data_8023F49C.c .data expected 8, but starts at 7:0x8023F49C
 WARN module{name=main id=0}: Alignment for game/game_data_8023F6AC.c .data expected 8, but starts at 7:0x8023F6AC
 WARN module{name=main id=0}: Alignment for game/game_data_8023F7C4.c .data expected 8, but starts at 7:0x8023F7C4
 WARN module{name=main id=0}: Alignment for game/game_data_8023F904.c .data expected 8, but starts at 7:0x8023F904
 WARN module{name=main id=0}: Alignment for game/game_data_8023FA44.c .data expected 8, but starts at 7:0x8023FA44
 WARN module{name=main id=0}: Alignment for game/game_data_8023FE1C.c .data expected 8, but starts at 7:0x8023FE1C
 WARN module{name=main id=0}: Alignment for game/game_data_8023FF7C.c .data expected 8, but starts at 7:0x8023FF7C
 WARN module{name=main id=0}: Alignment for game/game_data_802400DC.c .data expected 8, but starts at 7:0x802400DC
 WARN module{name=main id=0}: Alignment for game/game_data_8024023C.c .data expected 8, but starts at 7:0x8024023C
 WARN module{name=main id=0}: Alignment for game/game_data_8024039C.c .data expected 8, but starts at 7:0x8024039C
 WARN module{name=main id=0}: Alignment for game/game_data_802404FC.c .data expected 8, but starts at 7:0x802404FC
 WARN module{name=main id=0}: Alignment for game/game_fn_80050730.c .data expected 8, but starts at 7:0x80240F94
 WARN module{name=main id=0}: Alignment for game/game_fn_8005EE9C.c .data expected 8, but starts at 7:0x80243D64
 WARN module{name=main id=0}: Alignment for game/game_fn_8005EF94.c .data expected 8, but starts at 7:0x80243D84
 WARN module{name=main id=0}: Alignment for game/game_fn_8006B620.c .data expected 8, but starts at 7:0x8024406C
 WARN module{name=main id=0}: Alignment for game/game_fn_8006F6A4.c .data expected 8, but starts at 7:0x80244394
 WARN module{name=main id=0}: Alignment for game/game_fn_800A1060.c .data expected 8, but starts at 7:0x80245634
 WARN module{name=main id=0}: Alignment for game/game_fn_800A1580.c .data expected 8, but starts at 7:0x802456D4
 WARN module{name=main id=0}: Alignment for game/game_fn_800B5F78.c .data expected 8, but starts at 7:0x8024759C
 WARN module{name=main id=0}: Alignment for game/game_fn_800B611C.c .data expected 8, but starts at 7:0x8024760C
 WARN module{name=main id=0}: Alignment for game/game_fn_800B6234.c .data expected 8, but starts at 7:0x80247674
 WARN module{name=main id=0}: Alignment for game/game_fn_800B64AC.c .data expected 8, but starts at 7:0x802476DC
 WARN module{name=main id=0}: Alignment for game/game_fn_800B6C00.c .data expected 8, but starts at 7:0x80247754
 WARN module{name=main id=0}: Alignment for game/game_fn_800B6C88.c .data expected 8, but starts at 7:0x80247784
 WARN module{name=main id=0}: Alignment for game/game_fn_800B6D10.c .data expected 8, but starts at 7:0x802477B4
 WARN module{name=main id=0}: Alignment for game/game_fn_801697AC.c .data expected 8, but starts at 7:0x8024FD9C
 WARN module{name=main id=0}: Alignment for game/game_fn_8017B4F4.c .data expected 8, but starts at 7:0x80250F44
 WARN module{name=main id=0}: Alignment for game/game_data_80060C28.c .sdata2 expected 8, but starts at 11:0x8064E5F4
 INFO Splitting completed in 6.071s (wrote 7089 objects)
 INFO Total time: 7.422s
[2/2] RUN configure.py
[1/987] MWCC build/GEDE01/src/game/game_fn_800094C0.o
[2/987] MWCC build/GEDE01/src/game/game_fn_80008014.o
[3/987] MWCC build/GEDE01/src/game/game_fn_800096E0.o
[4/987] MWCC build/GEDE01/src/game/game_fn_800098C0.o
[5/987] MWCC build/GEDE01/src/game/game_fn_800099D8.o
[6/987] MWCC build/GEDE01/src/game/game_fn_80009AB4.o
[7/987] MWCC build/GEDE01/src/game/game_fn_8000A26C.o
[8/987] MWCC build/GEDE01/src/game/game_fn_8000AC88.o
[9/987] MWCC build/GEDE01/src/game/game_fn_8000AEB4.o
[10/987] MWCC build/GEDE01/src/game/game_fn_8000AFB4.o
[11/987] MWCC build/GEDE01/src/game/game_fn_8000B1B8.o
[12/987] MWCC build/GEDE01/src/game/game_fn_8000B36C.o
[13/987] MWCC build/GEDE01/src/game/game_fn_8000B630.o
[14/987] MWCC build/GEDE01/src/game/game_fn_8000B7FC.o
[15/987] MWCC build/GEDE01/src/game/game_fn_8000B900.o
[16/987] MWCC build/GEDE01/src/game/game_fn_8000BA0C.o
[17/987] MWCC build/GEDE01/src/game/game_fn_8000BAA0.o
[18/987] MWCC build/GEDE01/src/game/game_fn_8000BC40.o
[19/987] MWCC build/GEDE01/src/game/game_fn_8000C06C.o
[20/987] MWCC build/GEDE01/src/game/game_fn_8000C17C.o
[21/987] MWCC build/GEDE01/src/game/game_fn_8000C400.o
[22/987] MWCC build/GEDE01/src/game/game_fn_8000C848.o
[23/987] MWCC build/GEDE01/src/game/game_fn_8000C91C.o
[24/987] MWCC build/GEDE01/src/game/game_fn_8000D0BC.o
[25/987] MWCC build/GEDE01/src/game/game_fn_8000D3D4.o
[26/987] MWCC build/GEDE01/src/game/game_fn_8000D590.o
[27/987] MWCC build/GEDE01/src/game/game_fn_8000D8A4.o
[28/987] MWCC build/GEDE01/src/game/game_fn_8000DA50.o
[29/987] MWCC build/GEDE01/src/game/game_fn_8000DAF4.o
[30/987] MWCC build/GEDE01/src/game/game_fn_8000E054.o
[31/987] MWCC build/GEDE01/src/game/game_fn_8000E0AC.o
[32/987] MWCC build/GEDE01/src/game/game_fn_8000E138.o
[33/987] MWCC build/GEDE01/src/game/game_fn_8000E1C4.o
[34/987] MWCC build/GEDE01/src/game/game_fn_8000E96C.o
[35/987] MWCC build/GEDE01/src/game/game_fn_8000EB14.o
[36/987] MWCC build/GEDE01/src/game/game_fn_8000EBD4.o
[37/987] MWCC build/GEDE01/src/game/game_fn_8000ED44.o
[38/987] MWCC build/GEDE01/src/game/game_fn_8000EFC4.o
[39/987] MWCC build/GEDE01/src/game/game_fn_8000F4B0.o
[40/987] MWCC build/GEDE01/src/game/game_fn_8000F774.o
[41/987] MWCC build/GEDE01/src/game/game_fn_8000FDE8.o
[42/987] MWCC build/GEDE01/src/game/game_fn_8000FFD8.o
[43/987] MWCC build/GEDE01/src/game/game_fn_800119FC.o
[44/987] MWCC build/GEDE01/src/game/game_fn_80012DA8.o
[45/987] MWCC build/GEDE01/src/game/game_fn_80012F40.o
[46/987] MWCC build/GEDE01/src/game/game_fn_80012FD0.o
[47/987] MWCC build/GEDE01/src/game/game_fn_800131E8.o
[48/987] MWCC build/GEDE01/src/game/game_fn_80013340.o
[49/987] MWCC build/GEDE01/src/game/game_fn_80013870.o
[50/987] MWCC build/GEDE01/src/game/game_fn_80013CB0.o
[51/987] MWCC build/GEDE01/src/game/game_fn_80013D54.o
[52/987] MWCC build/GEDE01/src/game/game_fn_800142DC.o
[53/987] MWCC build/GEDE01/src/game/game_fn_800144CC.o
[54/987] MWCC build/GEDE01/src/game/game_fn_80014784.o
[55/987] MWCC build/GEDE01/src/game/game_fn_80015058.o
[56/987] MWCC build/GEDE01/src/game/game_fn_800149D4.o
[57/987] MWCC build/GEDE01/src/game/game_fn_80015568.o
[58/987] MWCC build/GEDE01/src/game/game_fn_80015320.o
[59/987] MWCC build/GEDE01/src/game/game_fn_800156FC.o
[60/987] MWCC build/GEDE01/src/game/game_fn_80015BE0.o
[61/987] MWCC build/GEDE01/src/game/game_fn_80015D40.o
[62/987] MWCC build/GEDE01/src/game/game_fn_80015F04.o
[63/987] MWCC build/GEDE01/src/game/game_fn_80016128.o
[64/987] MWCC build/GEDE01/src/game/game_fn_80016270.o
[65/987] MWCC build/GEDE01/src/game/game_fn_80016904.o
[66/987] MWCC build/GEDE01/src/game/game_fn_80016B24.o
[67/987] MWCC build/GEDE01/src/game/game_fn_800171C0.o
[68/987] MWCC build/GEDE01/src/game/game_fn_800173CC.o
[69/987] MWCC build/GEDE01/src/game/game_fn_800176F0.o
[70/987] MWCC build/GEDE01/src/game/game_fn_80017910.o
[71/987] MWCC build/GEDE01/src/game/game_fn_800179AC.o
[72/987] MWCC build/GEDE01/src/game/game_fn_80017A3C.o
[73/987] MWCC build/GEDE01/src/game/game_fn_80017AE4.o
[74/987] MWCC build/GEDE01/src/game/game_fn_80017C3C.o
[75/987] MWCC build/GEDE01/src/game/game_fn_80017CC8.o
[76/987] MWCC build/GEDE01/src/game/game_fn_80017DB0.o
[77/987] MWCC build/GEDE01/src/game/game_fn_80018EF4.o
[78/987] MWCC build/GEDE01/src/game/game_fn_80019054.o
[79/987] MWCC build/GEDE01/src/game/game_fn_80019244.o
[80/987] MWCC build/GEDE01/src/game/game_fn_800194D0.o
[81/987] MWCC build/GEDE01/src/game/game_fn_80019C10.o
[82/987] MWCC build/GEDE01/src/game/game_fn_80019940.o
[83/987] MWCC build/GEDE01/src/game/game_fn_80019D2C.o
[84/987] MWCC build/GEDE01/src/game/game_fn_80019F98.o
[85/987] MWCC build/GEDE01/src/game/game_fn_8001A6C4.o
[86/987] MWCC build/GEDE01/src/game/game_fn_8001AAB8.o
[87/987] MWCC build/GEDE01/src/game/game_fn_8001ADF8.o
[88/987] MWCC build/GEDE01/src/game/game_fn_8001AF68.o
[89/987] MWCC build/GEDE01/src/game/game_fn_8001B124.o
[90/987] MWCC build/GEDE01/src/game/game_fn_8001B294.o
[91/987] MWCC build/GEDE01/src/game/game_fn_8001B874.o
[92/987] MWCC build/GEDE01/src/game/game_fn_8001B808.o
[93/987] MWCC build/GEDE01/src/game/game_fn_8001C078.o
[94/987] MWCC build/GEDE01/src/game/game_fn_8001CA04.o
[95/987] MWCC build/GEDE01/src/game/game_fn_8001CD58.o
[96/987] MWCC build/GEDE01/src/game/game_fn_8001CE94.o
[97/987] MWCC build/GEDE01/src/game/game_fn_8001E644.o
[98/987] MWCC build/GEDE01/src/game/game_fn_8001FE1C.o
[99/987] MWCC build/GEDE01/src/game/game_fn_80020E94.o
[100/987] MWCC build/GEDE01/src/game/game_fn_80024F28.o
[101/987] MWCC build/GEDE01/src/game/game_fn_800272B4.o
[102/987] MWCC build/GEDE01/src/game/game_fn_8002B748.o
[103/987] MWCC build/GEDE01/src/game/game_fn_8002DAE0.o
[104/987] MWCC build/GEDE01/src/game/game_fn_8002E3F0.o
[105/987] MWCC build/GEDE01/src/game/game_fn_8002EA68.o
[106/987] MWCC build/GEDE01/src/game/game_fn_8002F428.o
[107/987] MWCC build/GEDE01/src/game/game_fn_80031544.o
[108/987] MWCC build/GEDE01/src/game/game_fn_8003232C.o
[109/987] MWCC build/GEDE01/src/game/game_fn_80032B84.o
[110/987] MWCC build/GEDE01/src/game/game_fn_80033038.o
[111/987] MWCC build/GEDE01/src/game/game_fn_80033180.o
[112/987] MWCC build/GEDE01/src/game/game_fn_800359A0.o
[113/987] MWCC build/GEDE01/src/game/game_fn_800361F8.o
[114/987] MWCC build/GEDE01/src/game/game_fn_80036C40.o
[115/987] MWCC build/GEDE01/src/game/game_fn_80038878.o
[116/987] MWCC build/GEDE01/src/game/game_fn_80048ADC.o
[117/987] MWCC build/GEDE01/src/game/game_fn_80048B24.o
[118/987] MWCC build/GEDE01/src/game/game_fn_8004998C.o
[119/987] MWCC build/GEDE01/src/game/game_fn_80050B08.o
[120/987] MWCC build/GEDE01/src/game/game_fn_80052310.o
[121/987] MWCC build/GEDE01/src/game/game_fn_8005EC6C.o
[122/987] MWCC build/GEDE01/src/game/game_fn_800542D0.o
[123/987] MWCC build/GEDE01/src/game/game_fn_8005EE9C.o
[124/987] MWCC build/GEDE01/src/game/game_fn_8005EF94.o
[125/987] MWCC build/GEDE01/src/game/game_data_80239E10.o
[126/987] MWCC build/GEDE01/src/game/game_data_80239E18.o
[127/987] MWCC build/GEDE01/src/game/game_fn_8005FD84.o
[128/987] MWCC build/GEDE01/src/game/game_fn_80066888.o
[129/987] MWCC build/GEDE01/src/game/game_fn_80066E78.o
[130/987] MWCC build/GEDE01/src/game/game_fn_8006B0F0.o
[131/987] MWCC build/GEDE01/src/game/game_fn_8006B620.o
[132/987] MWCC build/GEDE01/src/game/game_fn_8006E53C.o
[133/987] MWCC build/GEDE01/src/game/game_fn_80071A58.o
[134/987] MWCC build/GEDE01/src/game/game_fn_80074310.o
[135/987] MWCC build/GEDE01/src/game/game_fn_80078500.o
[136/987] MWCC build/GEDE01/src/game/game_fn_80079908.o
[137/987] MWCC build/GEDE01/src/game/game_fn_80079AA4.o
[138/987] MWCC build/GEDE01/src/game/game_fn_8007B2F4.o
[139/987] MWCC build/GEDE01/src/game/game_fn_8007B540.o
[140/987] MWCC build/GEDE01/src/game/game_fn_8007B640.o
[141/987] MWCC build/GEDE01/src/game/game_fn_8007B828.o
[142/987] MWCC build/GEDE01/src/game/game_fn_8007BA3C.o
[143/987] MWCC build/GEDE01/src/game/game_fn_8007D4D8.o
[144/987] MWCC build/GEDE01/src/game/game_fn_8007F770.o
[145/987] MWCC build/GEDE01/src/game/game_fn_80088060.o
[146/987] MWCC build/GEDE01/src/game/game_fn_800886D8.o
[147/987] MWCC build/GEDE01/src/game/game_fn_80088F4C.o
[148/987] MWCC build/GEDE01/src/game/game_fn_80089A34.o
[149/987] MWCC build/GEDE01/src/game/game_fn_8008A2E0.o
[150/987] MWCC build/GEDE01/src/game/game_fn_8008F224.o
[151/987] MWCC build/GEDE01/src/game/game_fn_8008F890.o
[152/987] MWCC build/GEDE01/src/game/game_fn_80090004.o
[153/987] MWCC build/GEDE01/src/game/game_fn_800934A0.o
[154/987] MWCC build/GEDE01/src/game/game_fn_80095D10.o
[155/987] MWCC build/GEDE01/src/game/game_fn_80095E64.o
[156/987] MWCC build/GEDE01/src/game/game_fn_80095FDC.o
[157/987] MWCC build/GEDE01/src/game/game_fn_80096830.o
[158/987] MWCC build/GEDE01/src/game/game_fn_8009C424.o
[159/987] MWCC build/GEDE01/src/game/game_fn_8009E808.o
[160/987] MWCC build/GEDE01/src/game/game_fn_800A2130.o
[161/987] MWCC build/GEDE01/src/game/game_fn_800A2B8C.o
[162/987] MWCC build/GEDE01/src/game/game_fn_800A2FCC.o
[163/987] MWCC build/GEDE01/src/game/game_fn_800A3180.o
[164/987] MWCC build/GEDE01/src/game/game_fn_800A3894.o
[165/987] MWCC build/GEDE01/src/game/game_fn_800A4428.o
[166/987] MWCC build/GEDE01/src/game/game_fn_800A4798.o
[167/987] MWCC build/GEDE01/src/game/game_fn_800A7E88.o
[168/987] MWCC build/GEDE01/src/game/game_fn_800AF230.o
[169/987] MWCC build/GEDE01/src/game/game_fn_800B2EC0.o
[170/987] MWCC build/GEDE01/src/game/game_fn_800BB5C4.o
[171/987] MWCC build/GEDE01/src/game/game_fn_800BB7A8.o
[172/987] MWCC build/GEDE01/src/game/game_fn_800BB9A4.o
[173/987] MWCC build/GEDE01/src/game/game_fn_800BBAF0.o
[174/987] MWCC build/GEDE01/src/game/game_fn_800C030C.o
[175/987] MWCC build/GEDE01/src/game/game_fn_800C17EC.o
[176/987] MWCC build/GEDE01/src/game/game_fn_800C59F0.o
[177/987] MWCC build/GEDE01/src/game/game_fn_800C644C.o
[178/987] MWCC build/GEDE01/src/game/game_fn_800C65FC.o
[179/987] MWCC build/GEDE01/src/game/game_fn_800C9C60.o
[180/987] MWCC build/GEDE01/src/game/game_fn_800CB760.o
[181/987] MWCC build/GEDE01/src/game/game_fn_800CB8F4.o
[182/987] MWCC build/GEDE01/src/game/game_fn_800CF598.o
[183/987] MWCC build/GEDE01/src/game/game_fn_800D9E10.o
[184/987] MWCC build/GEDE01/src/game/game_fn_800D9064.o
[185/987] MWCC build/GEDE01/src/game/game_fn_800DC4D4.o
[186/987] MWCC build/GEDE01/src/game/game_fn_800E4980.o
[187/987] MWCC build/GEDE01/src/game/game_TRKNubWelcome.o
[188/987] MWCC build/GEDE01/src/game/game_TRK_main.o
[189/987] MWCC build/GEDE01/src/game/game_InitMetroTRKCommTable.o
[190/987] MWCC build/GEDE01/src/game/game_fn_800FD0C8.o
[191/987] MWCC build/GEDE01/src/game/game_fn_8010242C.o
[192/987] MWCC build/GEDE01/src/game/game_fn_801098C0.o
[193/987] MWCC build/GEDE01/src/game/game_fn_8010F184.o
[194/987] MWCC build/GEDE01/src/game/game_fn_801126E0.o
[195/987] MWCC build/GEDE01/src/game/game_fn_801128E4.o
[196/987] MWCC build/GEDE01/src/game/game_fn_801141B8.o
[197/987] MWCC build/GEDE01/src/game/game_fn_80119C70.o
[198/987] MWCC build/GEDE01/src/game/game_fn_8011EE04.o
[199/987] MWCC build/GEDE01/src/game/game_fn_8011F140.o
[200/987] MWCC build/GEDE01/src/game/game_fn_801247F8.o
[201/987] MWCC build/GEDE01/src/game/game_fn_80126A00.o
[202/987] MWCC build/GEDE01/src/game/game_fn_8012976C.o
[203/987] MWCC build/GEDE01/src/game/game_fn_8012DB28.o
[204/987] MWCC build/GEDE01/src/game/game_fn_8013CBE4.o
[205/987] MWCC build/GEDE01/src/game/game_fn_8013D6A4.o
[206/987] MWCC build/GEDE01/src/game/game_fn_8013DB8C.o
[207/987] MWCC build/GEDE01/src/game/game_fn_8014549C.o
[208/987] MWCC build/GEDE01/src/game/game_fn_8014AF38.o
[209/987] MWCC build/GEDE01/src/game/game_fn_8014B494.o
[210/987] MWCC build/GEDE01/src/game/game_fn_8014BA14.o
[211/987] MWCC build/GEDE01/src/game/game_fn_8014CA98.o
[212/987] MWCC build/GEDE01/src/game/game_fn_80150400.o
[213/987] MWCC build/GEDE01/src/game/game_fn_80150A24.o
[214/987] MWCC build/GEDE01/src/game/game_fn_80150F20.o
[215/987] MWCC build/GEDE01/src/game/game_fn_80151600.o
[216/987] MWCC build/GEDE01/src/game/game_fn_80151D00.o
[217/987] MWCC build/GEDE01/src/game/game_fn_801535D8.o
[218/987] MWCC build/GEDE01/src/game/game_fn_80153898.o
[219/987] MWCC build/GEDE01/src/game/game_fn_80153A24.o
[220/987] MWCC build/GEDE01/src/game/game_fn_80154F74.o
[221/987] MWCC build/GEDE01/src/game/game_fn_80155814.o
[222/987] MWCC build/GEDE01/src/game/game_fn_80157C0C.o
[223/987] MWCC build/GEDE01/src/game/game_fn_80158D38.o
[224/987] MWCC build/GEDE01/src/game/game_fn_80158B20.o
[225/987] MWCC build/GEDE01/src/game/game_fn_8015DC54.o
[226/987] MWCC build/GEDE01/src/game/game_fn_8015DB84.o
[227/987] MWCC build/GEDE01/src/game/game_fn_80167454.o
[228/987] MWCC build/GEDE01/src/game/game_fn_8015EDC0.o
[229/987] MWCC build/GEDE01/src/game/game_fn_80167B5C.o
[230/987] MWCC build/GEDE01/src/game/game_fn_80169650.o
[231/987] MWCC build/GEDE01/src/game/game_fn_8016BD0C.o
[232/987] MWCC build/GEDE01/src/game/game_fn_8016BE1C.o
[233/987] MWCC build/GEDE01/src/game/game_fn_8016BF60.o
[234/987] MWCC build/GEDE01/src/game/game_fn_8016C0BC.o
[235/987] MWCC build/GEDE01/src/game/game_fn_8016C164.o
[236/987] MWCC build/GEDE01/src/game/game_fn_8016C238.o
[237/987] MWCC build/GEDE01/src/game/game_fn_8016C4BC.o
[238/987] MWCC build/GEDE01/src/game/game_fn_8016C774.o
[239/987] MWCC build/GEDE01/src/game/game_fn_8016D040.o
[240/987] MWCC build/GEDE01/src/game/game_fn_8016D1F8.o
[241/987] MWCC build/GEDE01/src/game/game_fn_8016D2B8.o
[242/987] MWCC build/GEDE01/src/game/game_fn_8016D9C0.o
[243/987] MWCC build/GEDE01/src/game/game_fn_8016DF4C.o
[244/987] MWCC build/GEDE01/src/game/game_fn_8016E8F8.o
[245/987] MWCC build/GEDE01/src/game/game_fn_8016FEF8.o
[246/987] MWCC build/GEDE01/src/game/game_fn_8017038C.o
[247/987] MWCC build/GEDE01/src/game/game_fn_801704F8.o
[248/987] MWCC build/GEDE01/src/game/game_fn_801706DC.o
[249/987] MWCC build/GEDE01/src/game/game_fn_80170A40.o
[250/987] MWCC build/GEDE01/src/game/game_fn_80170DF4.o
[251/987] MWCC build/GEDE01/src/game/game_fn_80170E9C.o
[252/987] MWCC build/GEDE01/src/game/game_fn_8017138C.o
[253/987] MWCC build/GEDE01/src/game/game_fn_80171664.o
[254/987] MWCC build/GEDE01/src/game/game_fn_801718F4.o
[255/987] MWCC build/GEDE01/src/game/game_fn_801719B4.o
[256/987] MWCC build/GEDE01/src/game/game_fn_80171F30.o
[257/987] MWCC build/GEDE01/src/game/game_fn_8017250C.o
[258/987] MWCC build/GEDE01/src/game/game_fn_801726EC.o
[259/987] MWCC build/GEDE01/src/game/game_fn_80172BB0.o
[260/987] MWCC build/GEDE01/src/game/game_fn_80172C78.o
[261/987] MWCC build/GEDE01/src/game/game_fn_80172DB8.o
[262/987] MWCC build/GEDE01/src/game/game_fn_80173270.o
[263/987] MWCC build/GEDE01/src/game/game_fn_801734B4.o
[264/987] MWCC build/GEDE01/src/game/game_fn_80173770.o
[265/987] MWCC build/GEDE01/src/game/game_fn_80173BDC.o
[266/987] MWCC build/GEDE01/src/game/game_fn_80173D44.o
[267/987] MWCC build/GEDE01/src/game/game_fn_80173F04.o
[268/987] MWCC build/GEDE01/src/game/game_fn_80174184.o
[269/987] MWCC build/GEDE01/src/game/game_fn_80174358.o
[270/987] MWCC build/GEDE01/src/game/game_fn_80174F2C.o
[271/987] MWCC build/GEDE01/src/game/game_fn_801752B0.o
[272/987] MWCC build/GEDE01/src/game/game_fn_8017553C.o
[273/987] MWCC build/GEDE01/src/game/game_fn_80175A08.o
[274/987] MWCC build/GEDE01/src/game/game_fn_80175E64.o
[275/987] MWCC build/GEDE01/src/game/game_fn_80175F0C.o
[276/987] MWCC build/GEDE01/src/game/game_fn_80175FD4.o
[277/987] MWCC build/GEDE01/src/game/game_fn_80176098.o
[278/987] MWCC build/GEDE01/src/game/game_fn_80176160.o
[279/987] MWCC build/GEDE01/src/game/game_fn_80176220.o
[280/987] MWCC build/GEDE01/src/game/game_fn_8017652C.o
[281/987] MWCC build/GEDE01/src/game/game_fn_801762E8.o
[282/987] MWCC build/GEDE01/src/game/game_fn_80176DF4.o
[283/987] MWCC build/GEDE01/src/game/game_fn_80176FA0.o
[284/987] MWCC build/GEDE01/src/game/game_fn_801770F8.o
[285/987] MWCC build/GEDE01/src/game/game_fn_8017718C.o
[286/987] MWCC build/GEDE01/src/game/game_fn_80178F88.o
[287/987] MWCC build/GEDE01/src/game/game_fn_80177434.o
[288/987] MWCC build/GEDE01/src/game/game_fn_80179398.o
[289/987] MWCC build/GEDE01/src/game/game_fn_8017960C.o
[290/987] MWCC build/GEDE01/src/game/game_fn_8017974C.o
[291/987] MWCC build/GEDE01/src/game/game_fn_80179904.o
[292/987] MWCC build/GEDE01/src/game/game_fn_80179A18.o
[293/987] MWCC build/GEDE01/src/game/game_fn_80179A74.o
[294/987] MWCC build/GEDE01/src/game/game_fn_80179F20.o
[295/987] MWCC build/GEDE01/src/game/game_fn_80179EB8.o
[296/987] MWCC build/GEDE01/src/game/game_fn_8017A12C.o
[297/987] MWCC build/GEDE01/src/game/game_fn_8017A010.o
[298/987] MWCC build/GEDE01/src/game/game_fn_8017A1C0.o
[299/987] MWCC build/GEDE01/src/game/game_fn_8017A9B8.o
[300/987] MWCC build/GEDE01/src/game/game_fn_8017AC20.o
[301/987] MWCC build/GEDE01/src/game/game_fn_8017E850.o
[302/987] MWCC build/GEDE01/src/game/game_fn_8017E958.o
[303/987] MWCC build/GEDE01/src/game/game_fn_80180DDC.o
[304/987] MWCC build/GEDE01/src/game/game_fn_801810A0.o
[305/987] MWCC build/GEDE01/src/game/game_fn_801816D4.o
[306/987] MWCC build/GEDE01/src/game/game_fn_801857B4.o
[307/987] MWCC build/GEDE01/src/game/game_fn_801859FC.o
[308/987] MWCC build/GEDE01/src/game/game_fn_80185F10.o
[309/987] MWCC build/GEDE01/src/game/game_fn_80185AE8.o
[310/987] MWCC build/GEDE01/src/game/game_fn_801865EC.o
[311/987] MWCC build/GEDE01/src/game/game_fn_801861C4.o
[312/987] MWCC build/GEDE01/src/game/game_fn_80186E10.o
[313/987] MWCC build/GEDE01/src/game/game_fn_8018680C.o
[314/987] MWCC build/GEDE01/src/game/game_fn_80186F70.o
[315/987] MWCC build/GEDE01/src/game/game_fn_80187120.o
[316/987] MWCC build/GEDE01/src/game/game_fn_80187320.o
[317/987] MWCC build/GEDE01/src/game/game_fn_801875FC.o
[318/987] MWCC build/GEDE01/src/game/game_fn_801878E0.o
[319/987] MWCC build/GEDE01/src/game/game_fn_80187BB4.o
[320/987] MWCC build/GEDE01/src/game/game_fn_80187E40.o
[321/987] MWCC build/GEDE01/src/game/game_fn_80188A7C.o
[322/987] MWCC build/GEDE01/src/game/game_fn_80188B44.o
[323/987] MWCC build/GEDE01/src/game/game_fn_80188C1C.o
[324/987] MWCC build/GEDE01/src/game/game_fn_80188E28.o
[325/987] MWCC build/GEDE01/src/game/game_fn_80189028.o
[326/987] MWCC build/GEDE01/src/game/game_fn_801891D8.o
[327/987] MWCC build/GEDE01/src/game/game_fn_80189390.o
[328/987] MWCC build/GEDE01/src/game/game_fn_801895E8.o
[329/987] MWCC build/GEDE01/src/game/game_fn_801896A0.o
[330/987] MWCC build/GEDE01/src/game/game_fn_80189760.o
[331/987] MWCC build/GEDE01/src/game/game_fn_80189968.o
[332/987] MWCC build/GEDE01/src/game/game_fn_8018C2D0.o
[333/987] MWCC build/GEDE01/src/game/game_fn_80189C14.o
[334/987] MWCC build/GEDE01/src/game/game_fn_8018D1F0.o
[335/987] MWCC build/GEDE01/src/game/game_fn_8018D2E0.o
[336/987] MWCC build/GEDE01/src/game/game_fn_8018D400.o
[337/987] MWCC build/GEDE01/src/game/game_fn_8018D688.o
[338/987] MWCC build/GEDE01/src/game/game_fn_8018DC24.o
[339/987] MWCC build/GEDE01/src/game/game_fn_8018E0D8.o
[340/987] MWCC build/GEDE01/src/game/game_fn_8018F1D0.o
[341/987] MWCC build/GEDE01/src/game/game_fn_8018F81C.o
[342/987] MWCC build/GEDE01/src/game/game_fn_8019120C.o
[343/987] MWCC build/GEDE01/src/game/game_fn_8018FEDC.o
[344/987] MWCC build/GEDE01/src/game/game_fn_80191360.o
[345/987] MWCC build/GEDE01/src/game/game_fn_801916D0.o
[346/987] MWCC build/GEDE01/src/game/game_fn_8019197C.o
[347/987] MWCC build/GEDE01/src/game/game_fn_80191F58.o
[348/987] MWCC build/GEDE01/src/game/game_fn_801926EC.o
[349/987] MWCC build/GEDE01/src/game/game_fn_801929A4.o
[350/987] MWCC build/GEDE01/src/game/game_fn_80192F54.o
[351/987] MWCC build/GEDE01/src/game/game_fn_801931C4.o
[352/987] MWCC build/GEDE01/src/game/game_fn_80193E1C.o
[353/987] MWCC build/GEDE01/src/game/game_fn_80193F3C.o
[354/987] MWCC build/GEDE01/src/game/game_fn_80194F80.o
[355/987] MWCC build/GEDE01/src/game/game_fn_801952E8.o
[356/987] MWCC build/GEDE01/src/game/game_fn_80197910.o
[357/987] MWCC build/GEDE01/src/game/game_fn_80198154.o
[358/987] MWCC build/GEDE01/src/game/game_fn_80198AAC.o
[359/987] MWCC build/GEDE01/src/game/game_fn_80198BF4.o
[360/987] MWCC build/GEDE01/src/game/game_fn_801991E0.o
[361/987] MWCC build/GEDE01/src/game/game_fn_8019B1BC.o
[362/987] MWCC build/GEDE01/src/game/game_fn_8019CC28.o
[363/987] MWCC build/GEDE01/src/game/game_fn_8019E5E4.o
[364/987] MWCC build/GEDE01/src/game/game_fn_8019CFC4.o
[365/987] MWCC build/GEDE01/src/game/game_fn_8019E8C8.o
[366/987] MWCC build/GEDE01/src/game/game_fn_801A1F18.o
[367/987] MWCC build/GEDE01/src/game/game_fn_801A1F8C.o
[368/987] MWCC build/GEDE01/src/game/game_fn_801A260C.o
[369/987] MWCC build/GEDE01/src/game/game_fn_801A2A54.o
[370/987] MWCC build/GEDE01/src/game/game_fn_801A34BC.o
[371/987] MWCC build/GEDE01/src/game/game_fn_801A3A78.o
[372/987] MWCC build/GEDE01/src/game/game_fn_801A4430.o
[373/987] MWCC build/GEDE01/src/game/game_fn_801A4CE0.o
[374/987] MWCC build/GEDE01/src/game/game_fn_801A5FB0.o
[375/987] MWCC build/GEDE01/src/game/game_fn_801A6350.o
[376/987] MWCC build/GEDE01/src/game/game_fn_801A6410.o
[377/987] MWCC build/GEDE01/src/game/game_fn_801A657C.o
[378/987] MWCC build/GEDE01/src/game/game_fn_801A6ADC.o
[379/987] MWCC build/GEDE01/src/game/game_fn_801A6C58.o
[380/987] MWCC build/GEDE01/src/game/game_fn_801A6CB4.o
[381/987] MWCC build/GEDE01/src/game/game_fn_801A7E04.o
[382/987] MWCC build/GEDE01/src/game/game_fn_801A7EA8.o
[383/987] MWCC build/GEDE01/src/game/game_fn_801A93E8.o
[384/987] MWCC build/GEDE01/src/game/game_fn_801AB154.o
[385/987] MWCC build/GEDE01/src/game/game_fn_801ABD3C.o
[386/987] MWCC build/GEDE01/src/game/game_fn_801AC8AC.o
[387/987] MWCC build/GEDE01/src/game/game_fn_801ACFE8.o
[388/987] MWCC build/GEDE01/src/game/game_fn_801AD08C.o
[389/987] MWCC build/GEDE01/src/game/game_fn_801AFA74.o
[390/987] MWCC build/GEDE01/src/game/game_fn_801B02F0.o
[391/987] MWCC build/GEDE01/src/game/game_fn_801B1BA0.o
[392/987] MWCC build/GEDE01/src/game/game_fn_801B35BC.o
[393/987] MWCC build/GEDE01/src/game/game_fn_801B46C8.o
[394/987] MWCC build/GEDE01/src/game/game_fn_801B4FB4.o
[395/987] MWCC build/GEDE01/src/game/game_fn_801B5228.o
[396/987] MWCC build/GEDE01/src/game/game_fn_801B58F0.o
[397/987] MWCC build/GEDE01/src/game/game_fn_801B6F1C.o
[398/987] MWCC build/GEDE01/src/game/game_fn_801B86C0.o
[399/987] MWCC build/GEDE01/src/game/game_fn_801B941C.o
[400/987] MWCC build/GEDE01/src/game/game_fn_801B9E7C.o
[401/987] MWCC build/GEDE01/src/game/game_fn_801BA15C.o
[402/987] MWCC build/GEDE01/src/game/game_fn_801BA708.o
[403/987] MWCC build/GEDE01/src/game/game_fn_801BB1A0.o
[404/987] MWCC build/GEDE01/src/game/game_fn_801BA94C.o
[405/987] MWCC build/GEDE01/src/game/game_fn_801BC0D4.o
[406/987] MWCC build/GEDE01/src/game/game_fn_801BC240.o
[407/987] MWCC build/GEDE01/src/game/game_fn_801BC8F4.o
[408/987] MWCC build/GEDE01/src/game/game_fn_801BCC04.o
[409/987] MWCC build/GEDE01/src/game/game_fn_801BD990.o
[410/987] MWCC build/GEDE01/src/game/game_fn_801BDE7C.o
[411/987] MWCC build/GEDE01/src/game/game_fn_801BE0D4.o
[412/987] MWCC build/GEDE01/src/game/game_fn_801BEF40.o
[413/987] MWCC build/GEDE01/src/game/game_fn_801C1CB0.o
[414/987] MWCC build/GEDE01/src/game/game_fn_801C2980.o
[415/987] MWCC build/GEDE01/src/game/game_fn_801C29BC.o
[416/987] MWCC build/GEDE01/src/game/game_fn_801C2AAC.o
[417/987] MWCC build/GEDE01/src/game/game_fn_801C2D9C.o
[418/987] MWCC build/GEDE01/src/game/game_fn_801C8160.o
[419/987] MWCC build/GEDE01/src/game/game_fn_801C8224.o
[420/987] MWCC build/GEDE01/src/game/game_fn_801C4B5C.o
[421/987] MWCC build/GEDE01/src/game/game_fn_801C8600.o
[422/987] MWCC build/GEDE01/src/game/game_fn_801C87DC.o
[423/987] MWCC build/GEDE01/src/game/game_fn_801C8CC0.o
[424/987] MWCC build/GEDE01/src/game/game_fn_801C8F50.o
[425/987] MWCC build/GEDE01/src/game/game_fn_801C90A4.o
[426/987] MWCC build/GEDE01/src/game/game_fn_801C9510.o
[427/987] MWCC build/GEDE01/src/game/game_fn_801C970C.o
[428/987] MWCC build/GEDE01/src/game/game_fn_801C9A08.o
[429/987] MWCC build/GEDE01/src/game/game_fn_801C9B1C.o
[430/987] MWCC build/GEDE01/src/game/game_fn_801CB4F8.o
[431/987] MWCC build/GEDE01/src/game/game_fn_801CD228.o
[432/987] MWCC build/GEDE01/src/game/game_fn_801CE09C.o
[433/987] MWCC build/GEDE01/src/game/game_fn_801CE594.o
[434/987] MWCC build/GEDE01/src/game/game_fn_801D1B10.o
[435/987] MWCC build/GEDE01/src/game/game_fn_801D1F78.o
[436/987] MWCC build/GEDE01/src/game/game_fn_801D3988.o
[437/987] MWCC build/GEDE01/src/game/game_fn_801D76A8.o
[438/987] MWCC build/GEDE01/src/game/game_fn_801D73D0.o
[439/987] MWCC build/GEDE01/src/game/game_fn_801D7C24.o
[440/987] MWCC build/GEDE01/src/game/game_fn_801D8050.o
[441/987] MWCC build/GEDE01/src/game/game_fn_801D9FE4.o
[442/987] MWCC build/GEDE01/src/game/game_fn_801DDB84.o
[443/987] MWCC build/GEDE01/src/game/game_fn_801DE8B4.o
[444/987] MWCC build/GEDE01/src/game/game_fn_801E0088.o
[445/987] MWCC build/GEDE01/src/game/game_fn_801E2A48.o
[446/987] MWCC build/GEDE01/src/game/game_fn_801E3644.o
[447/987] MWCC build/GEDE01/src/game/game_fn_801E41AC.o
[448/987] MWCC build/GEDE01/src/game/game_fn_801E504C.o
[449/987] MWCC build/GEDE01/src/game/game_fn_801E6814.o
[450/987] MWCC build/GEDE01/src/game/game_fn_801E7014.o
[451/987] MWCC build/GEDE01/src/game/game_fn_801E995C.o
[452/987] MWCC build/GEDE01/src/game/game_fn_801EAA04.o
[453/987] MWCC build/GEDE01/src/game/game_fn_801EB09C.o
[454/987] MWCC build/GEDE01/src/game/game_fn_801EB11C.o
[455/987] MWCC build/GEDE01/src/game/game_fn_801ECD74.o
[456/987] MWCC build/GEDE01/src/game/game_fn_801ECF50.o
[457/987] MWCC build/GEDE01/src/game/game_fn_801ED5F4.o
[458/987] MWCC build/GEDE01/src/game/game_fn_801EF580.o
[459/987] MWCC build/GEDE01/src/game/game_fn_801EF910.o
[460/987] MWCC build/GEDE01/src/game/game_fn_801F0CB0.o
[461/987] MWCC build/GEDE01/src/game/game_fn_801F10BC.o
[462/987] MWCC build/GEDE01/src/game/game_fn_801F1A38.o
[463/987] MWCC build/GEDE01/src/game/game_fn_801F55A0.o
[464/987] MWCC build/GEDE01/src/game/game_fn_801F35A8.o
[465/987] MWCC build/GEDE01/src/game/game_fn_801F69F0.o
[466/987] MWCC build/GEDE01/src/game/game_fn_801F6BD8.o
[467/987] MWCC build/GEDE01/src/game/game_fn_801F7510.o
[468/987] MWCC build/GEDE01/src/game/game_fn_801F76EC.o
[469/987] MWCC build/GEDE01/src/game/game_fn_801F8264.o
[470/987] MWCC build/GEDE01/src/game/game_fn_801F89B4.o
[471/987] MWCC build/GEDE01/src/game/game_fn_801F8FAC.o
[472/987] MWCC build/GEDE01/src/game/game_fn_801F9AF8.o
[473/987] MWCC build/GEDE01/src/game/game_fn_801F9CF4.o
[474/987] MWCC build/GEDE01/src/game/game_fn_801FA9C8.o
[475/987] MWCC build/GEDE01/src/game/game_fn_801FB6A4.o
[476/987] MWCC build/GEDE01/src/game/game_fn_801FC034.o
[477/987] MWCC build/GEDE01/src/game/game_fn_801FC204.o
[478/987] MWCC build/GEDE01/src/game/game_fn_801FFE78.o
[479/987] MWCC build/GEDE01/src/game/game_fn_80053048.o
[480/987] MWCC build/GEDE01/src/game/game_fn_800531F0.o
[481/987] MWCC build/GEDE01/src/game/game_fn_80064E2C.o
[482/987] MWCC build/GEDE01/src/game/game_fn_800BFF14.o
[483/987] MWCC build/GEDE01/src/game/game_fn_800C4AA0.o
[484/987] MWCC build/GEDE01/src/game/game_fn_800D9278.o
[485/987] MWCC build/GEDE01/src/game/game_fn_800D3598.o
[486/987] AS build/GEDE01/src/Runtime.PPCEABI.H/__save_fpr.o
[487/987] AS build/GEDE01/src/Runtime.PPCEABI.H/__restore_fpr.o
[488/987] AS build/GEDE01/src/Runtime.PPCEABI.H/__save_gpr.o
[489/987] AS build/GEDE01/src/Runtime.PPCEABI.H/__restore_gpr.o
[490/987] MWCC build/GEDE01/src/game/game_fn_800DBF60.o
[491/987] MWCC build/GEDE01/src/game/game_fn_8014BEC4.o
[492/987] MWCC build/GEDE01/src/game/game_fn_8014C68C.o
[493/987] AS build/GEDE01/src/game/game_fn_801A4874.o
[494/987] MWCC build/GEDE01/src/game/game_fn_8015DF60.o
[495/987] MWCC build/GEDE01/src/game/game_fn_801A53C4.o
[496/987] AS build/GEDE01/src/game/game_fn_801EDA68.o
[497/987] AS build/GEDE01/src/game/game_fn_801FB698.o
[498/987] AS build/GEDE01/src/game/game_fn_801FB9C8.o
[499/987] AS build/GEDE01/src/dolphin/base/PPCArch.o
[500/987] MWCC build/GEDE01/src/game/game_fn_801E5D94.o
[501/987] EXTERNALIZE build/GEDE01/src/game/game_fn_800A2B8C.o
[502/987] EXTERNALIZE build/GEDE01/src/game/game_fn_801857B4.o
[503/987] EXTERNALIZE build/GEDE01/src/game/game_fn_800DC4D4.o
[504/987] EXTERNALIZE build/GEDE01/src/game/game_fn_80119C70.o
[505/987] EXTERNALIZE STATIC POOL build/GEDE01/src/game/game_fn_80088060.o
build/GEDE01/src/game/game_fn_80088060.o: lbl_8031D3B8 now undefined; section 3 emptied
[506/987] EXTERNALIZE build/GEDE01/src/game/game_fn_80175A08.o
[507/987] EXTERNALIZE build/GEDE01/src/game/game_fn_80066E78.o
[508/987] EXTERNALIZE build/GEDE01/src/game/game_fn_801247F8.o
[509/987] EXTERNALIZE build/GEDE01/src/game/game_fn_801EF910.o
[510/987] EXTERNALIZE build/GEDE01/src/game/game_fn_801ECF50.o
[511/987] EXTERNALIZE build/GEDE01/src/game/game_fn_801FC204.o
[512/987] EXTERNALIZE JUMPTABLES build/GEDE01/src/game/game_fn_80050B08.o
[513/987] EXTERNALIZE build/GEDE01/src/game/game_fn_801EB09C.o
[514/987] EXTERNALIZE build/GEDE01/src/game/game_fn_801EB11C.o
[515/987] EXTERNALIZE build/GEDE01/src/game/game_fn_801D9FE4.o
[516/987] EXTERNALIZE build/GEDE01/src/game/game_fn_801E41AC.o
[517/987] EXTERNALIZE build/GEDE01/src/game/game_fn_801D73D0.o
[518/987] EXTERNALIZE build/GEDE01/src/game/game_fn_801D76A8.o
[519/987] EXTERNALIZE build/GEDE01/src/game/game_fn_801D8050.o
[520/987] EXTERNALIZE build/GEDE01/src/game/game_fn_801D7C24.o
[521/987] EXTERNALIZE build/GEDE01/src/game/game_fn_8019B1BC.o
[522/987] EXTERNALIZE build/GEDE01/src/game/game_fn_801CD228.o
[523/987] EXTERNALIZE build/GEDE01/src/game/game_fn_80178F88.o
[524/987] EXTERNALIZE build/GEDE01/src/game/game_fn_801C970C.o
[525/987] EXTERNALIZE build/GEDE01/src/game/game_fn_801BA15C.o
[526/987] EXTERNALIZE build/GEDE01/src/game/game_fn_801C9510.o
[527/987] EXTERNALIZE build/GEDE01/src/game/game_fn_80126A00.o
[528/987] EXTERNALIZE build/GEDE01/src/game/game_fn_800C9C60.o
[529/987] EXTERNALIZE build/GEDE01/src/game/game_fn_8013D6A4.o
[530/987] EXTERNALIZE build/GEDE01/src/game/game_fn_801B4FB4.o
[531/987] EXTERNALIZE build/GEDE01/src/game/game_fn_801B5228.o
[532/987] EXTERNALIZE build/GEDE01/src/game/game_fn_801C87DC.o
[533/987] EXTERNALIZE build/GEDE01/src/game/game_fn_801C8CC0.o
[534/987] EXTERNALIZE build/GEDE01/src/game/game_fn_801B6F1C.o
[535/987] EXTERNALIZE build/GEDE01/src/game/game_fn_800FD0C8.o
[536/987] EXTERNALIZE build/GEDE01/src/game/game_fn_801BDE7C.o
[537/987] EXTERNALIZE build/GEDE01/src/game/game_fn_801B941C.o
[538/987] EXTERNALIZE build/GEDE01/src/game/game_fn_801BE0D4.o
[539/987] EXTERNALIZE STATIC POOL build/GEDE01/src/game/game_fn_801C9A08.o
build/GEDE01/src/game/game_fn_801C9A08.o: lbl_80629390 now undefined; section 3 emptied
[540/987] EXTERNALIZE STATIC POOL build/GEDE01/src/game/game_fn_801C9B1C.o
build/GEDE01/src/game/game_fn_801C9B1C.o: lbl_80629390 now undefined; section 3 emptied
[541/987] EXTERNALIZE STATIC POOL build/GEDE01/src/game/game_fn_801BD990.o
build/GEDE01/src/game/game_fn_801BD990.o: lbl_80626D80 now undefined; section 6 emptied
[542/987] EXTERNALIZE STATIC POOL build/GEDE01/src/game/game_fn_801B58F0.o
build/GEDE01/src/game/game_fn_801B58F0.o: lbl_8060C020 now undefined; section 3 emptied
[543/987] EXTERNALIZE STATIC POOL build/GEDE01/src/game/game_fn_801B9E7C.o
build/GEDE01/src/game/game_fn_801B9E7C.o: 0 relocation(s) moved from streamInfo to ...bss.0
build/GEDE01/src/game/game_fn_801B9E7C.o: lbl_8061AE48 now undefined; section 6 emptied
[544/987] EXTERNALIZE STATIC POOL build/GEDE01/src/game/game_fn_801BB1A0.o
build/GEDE01/src/game/game_fn_801BB1A0.o: 0 relocation(s) moved from streamInfo to ...bss.0
build/GEDE01/src/game/game_fn_801BB1A0.o: lbl_8061AE48 now undefined; section 6 emptied
[545/987] EXTERNALIZE STATIC POOL build/GEDE01/src/game/game_fn_801BA708.o
build/GEDE01/src/game/game_fn_801BA708.o: 0 relocation(s) moved from streamInfo to ...bss.0
build/GEDE01/src/game/game_fn_801BA708.o: lbl_8061AE48 now undefined; section 6 emptied
[546/987] EXTERNALIZE STATIC build/GEDE01/src/game/game_fn_801B35BC.o
build/GEDE01/src/game/game_fn_801B35BC.o: lbl_8060D420 now undefined; section 6 emptied
[547/987] EXTERNALIZE build/GEDE01/src/game/game_fn_801BA94C.o
build/GEDE01/src/game/game_fn_801BA94C.o: 0 relocation(s) moved from streamInfo to ...bss.0
build/GEDE01/src/game/game_fn_801BA94C.o: lbl_8061AE48 now undefined; section 6 emptied
[548/987] EXTERNALIZE STATIC POOL build/GEDE01/src/game/game_fn_801BC8F4.o
build/GEDE01/src/game/game_fn_801BC8F4.o: lbl_8061C748 now undefined; section 6 emptied
[549/987] EXTERNALIZE STATIC build/GEDE01/src/game/game_fn_801BC240.o
build/GEDE01/src/game/game_fn_801BC240.o: lbl_8061C748 now undefined; section 6 emptied
[550/987] EXTERNALIZE STATIC POOL build/GEDE01/src/game/game_fn_801BCC04.o
build/GEDE01/src/game/game_fn_801BCC04.o: lbl_8061C748 now undefined; section 6 emptied
[551/987] EXTERNALIZE STATIC POOL build/GEDE01/src/game/game_fn_801BC0D4.o
build/GEDE01/src/game/game_fn_801BC0D4.o: lbl_8061C748 now undefined; section 6 emptied
[552/987] EXTERNALIZE STATIC POOL build/GEDE01/src/game/game_fn_801C1CB0.o
build/GEDE01/src/game/game_fn_801C1CB0.o: lbl_80626DA0 now undefined; section 3 emptied
[553/987] RENAME build/GEDE01/src/game/game_InitMetroTRKCommTable.o
[554/987] EXTERNALIZE STATIC POOL build/GEDE01/src/game/game_fn_801CE09C.o
build/GEDE01/src/game/game_fn_801CE09C.o: lbl_80631340 now undefined; section 6 emptied
[555/987] RENAME RUNTIME INTRINSICS build/GEDE01/src/game/game_fn_801CB4F8.o
[556/987] EXTERNALIZE STATIC POOL build/GEDE01/src/game/game_fn_8010242C.o
build/GEDE01/src/game/game_fn_8010242C.o: lbl_8032CC08 now undefined; section 3 emptied
[557/987] EXTERNALIZE build/GEDE01/src/game/game_fn_801D3988.o
[558/987] EXTERNALIZE build/GEDE01/src/game/game_fn_801D1B10.o
[559/987] ALIGN DATA build/GEDE01/src/game/game_fn_8005EF94.o
[560/987] ALIGN DATA build/GEDE01/src/game/game_fn_801A6350.o
[561/987] EXTERNALIZE build/GEDE01/src/game/game_fn_801CE594.o
[562/987] ALIGN DATA build/GEDE01/src/game/game_fn_80008014.o
[563/987] EXTERNALIZE build/GEDE01/src/game/game_fn_8014549C.o
[564/987] EXTERNALIZE build/GEDE01/src/game/game_fn_801C8224.o
[565/987] EXTERNALIZE build/GEDE01/src/game/game_fn_801098C0.o
[566/987] EXTERNALIZE build/GEDE01/src/game/game_fn_8000FDE8.o
[567/987] EXTERNALIZE build/GEDE01/src/game/game_fn_80185F10.o
[568/987] EXTERNALIZE build/GEDE01/src/game/game_fn_801C29BC.o
[569/987] EXTERNALIZE build/GEDE01/src/game/game_fn_8007B828.o
[570/987] EXTERNALIZE build/GEDE01/src/game/game_fn_801C8F50.o
[571/987] EXTERNALIZE build/GEDE01/src/game/game_fn_801C90A4.o
[572/987] EXTERNALIZE build/GEDE01/src/game/game_fn_801C8160.o
[573/987] EXTERNALIZE build/GEDE01/src/game/game_fn_801C2D9C.o
[574/987] EXTERNALIZE build/GEDE01/src/game/game_fn_801C2AAC.o
[575/987] EXTERNALIZE build/GEDE01/src/game/game_fn_801C2980.o
[576/987] EXTERNALIZE build/GEDE01/src/game/game_fn_801B02F0.o
[577/987] EXTERNALIZE build/GEDE01/src/game/game_fn_801AFA74.o
[578/987] EXTERNALIZE build/GEDE01/src/game/game_fn_801AC8AC.o
[579/987] EXTERNALIZE build/GEDE01/src/game/game_fn_801ABD3C.o
[580/987] EXTERNALIZE build/GEDE01/src/game/game_fn_801816D4.o
[581/987] EXTERNALIZE build/GEDE01/src/game/game_fn_8011F140.o
[582/987] EXTERNALIZE build/GEDE01/src/game/game_fn_801AD08C.o
[583/987] EXTERNALIZE build/GEDE01/src/game/game_fn_8004998C.o
[584/987] EXTERNALIZE build/GEDE01/src/game/game_fn_80079AA4.o
[585/987] EXTERNALIZE build/GEDE01/src/game/game_fn_801A3A78.o
[586/987] EXTERNALIZE build/GEDE01/src/game/game_fn_80158D38.o
[587/987] EXTERNALIZE build/GEDE01/src/game/game_fn_8008F224.o
[588/987] EXTERNALIZE build/GEDE01/src/game/game_fn_80167454.o
[589/987] EXTERNALIZE build/GEDE01/src/game/game_fn_800AF230.o
[590/987] EXTERNALIZE build/GEDE01/src/game/game_fn_801AB154.o
[591/987] EXTERNALIZE build/GEDE01/src/game/game_fn_801A93E8.o
[592/987] EXTERNALIZE build/GEDE01/src/game/game_fn_801A7E04.o
[593/987] EXTERNALIZE build/GEDE01/src/game/game_fn_801A7EA8.o
[594/987] EXTERNALIZE build/GEDE01/src/game/game_fn_801A6CB4.o
[595/987] EXTERNALIZE build/GEDE01/src/game/game_fn_801A6C58.o
[596/987] EXTERNALIZE build/GEDE01/src/game/game_fn_801A4CE0.o
[597/987] NAME JUMPTABLE build/GEDE01/src/game/game_fn_801A6ADC.o
[598/987] EXTERNALIZE build/GEDE01/src/game/game_fn_801A6410.o
[599/987] EXTERNALIZE build/GEDE01/src/game/game_fn_801A5FB0.o
[600/987] EXTERNALIZE build/GEDE01/src/game/game_fn_801A1F18.o
[601/987] EXTERNALIZE build/GEDE01/src/game/game_fn_8019E8C8.o
[602/987] EXTERNALIZE build/GEDE01/src/game/game_fn_8019E5E4.o
[603/987] EXTERNALIZE build/GEDE01/src/game/game_fn_8019CFC4.o
[604/987] EXTERNALIZE build/GEDE01/src/game/game_fn_8019CC28.o
[605/987] EXTERNALIZE build/GEDE01/src/game/game_fn_801991E0.o
[606/987] EXTERNALIZE build/GEDE01/src/game/game_fn_80198BF4.o
[607/987] EXTERNALIZE build/GEDE01/src/game/game_fn_80198154.o
[608/987] EXTERNALIZE build/GEDE01/src/game/game_fn_80198AAC.o
[609/987] EXTERNALIZE build/GEDE01/src/game/game_fn_80194F80.o
[610/987] EXTERNALIZE build/GEDE01/src/game/game_fn_80197910.o
[611/987] EXTERNALIZE build/GEDE01/src/game/game_fn_80177434.o
repointed 2 relocations to lbl_80250588
[612/987] EXTERNALIZE build/GEDE01/src/game/game_fn_80193E1C.o
[613/987] EXTERNALIZE build/GEDE01/src/game/game_fn_801931C4.o
[614/987] EXTERNALIZE build/GEDE01/src/game/game_fn_80193F3C.o
[615/987] EXTERNALIZE build/GEDE01/src/game/game_fn_80192F54.o
[616/987] EXTERNALIZE build/GEDE01/src/game/game_fn_80191F58.o
[617/987] EXTERNALIZE build/GEDE01/src/game/game_fn_8019197C.o
[618/987] EXTERNALIZE build/GEDE01/src/game/game_fn_80191360.o
[619/987] GLOBALIZE build/GEDE01/src/game/game_fn_8018F1D0.o
[620/987] EXTERNALIZE build/GEDE01/src/game/game_fn_8018D688.o
[621/987] EXTERNALIZE build/GEDE01/src/game/game_fn_8018F81C.o
[622/987] EXTERNALIZE build/GEDE01/src/game/game_fn_8018D2E0.o
[623/987] EXTERNALIZE build/GEDE01/src/game/game_fn_80189968.o
[624/987] EXTERNALIZE build/GEDE01/src/game/game_fn_8018D1F0.o
[625/987] EXTERNALIZE build/GEDE01/src/game/game_fn_801896A0.o
[626/987] EXTERNALIZE build/GEDE01/src/game/game_fn_80189760.o
[627/987] EXTERNALIZE build/GEDE01/src/game/game_fn_801895E8.o
[628/987] EXTERNALIZE build/GEDE01/src/game/game_fn_80189390.o
[629/987] EXTERNALIZE build/GEDE01/src/game/game_fn_801891D8.o
[630/987] EXTERNALIZE build/GEDE01/src/game/game_fn_80189028.o
[631/987] EXTERNALIZE build/GEDE01/src/game/game_fn_80188E28.o
[632/987] EXTERNALIZE build/GEDE01/src/game/game_fn_80188C1C.o
[633/987] EXTERNALIZE build/GEDE01/src/game/game_fn_80188B44.o
[634/987] EXTERNALIZE build/GEDE01/src/game/game_fn_80188A7C.o
[635/987] EXTERNALIZE build/GEDE01/src/game/game_fn_801878E0.o
[636/987] EXTERNALIZE build/GEDE01/src/game/game_fn_80187120.o
[637/987] EXTERNALIZE build/GEDE01/src/game/game_fn_80186E10.o
[638/987] EXTERNALIZE build/GEDE01/src/game/game_fn_8018FEDC.o
[639/987] EXTERNALIZE build/GEDE01/src/game/game_fn_80185AE8.o
[640/987] EXTERNALIZE build/GEDE01/src/game/game_fn_801865EC.o
[641/987] EXTERNALIZE build/GEDE01/src/game/game_fn_801859FC.o
[642/987] EXTERNALIZE build/GEDE01/src/game/game_fn_80180DDC.o
[643/987] EXTERNALIZE build/GEDE01/src/game/game_fn_8017E958.o
[644/987] EXTERNALIZE build/GEDE01/src/game/game_fn_8017E850.o
[645/987] EXTERNALIZE build/GEDE01/src/game/game_fn_8017718C.o
[646/987] EXTERNALIZE build/GEDE01/src/game/game_fn_801770F8.o
[647/987] EXTERNALIZE build/GEDE01/src/game/game_fn_80176FA0.o
[648/987] EXTERNALIZE build/GEDE01/src/game/game_fn_80176DF4.o
[649/987] EXTERNALIZE build/GEDE01/src/game/game_fn_80174358.o
[650/987] EXTERNALIZE build/GEDE01/src/game/game_fn_80173F04.o
[651/987] EXTERNALIZE build/GEDE01/src/game/game_fn_80174184.o
[652/987] EXTERNALIZE build/GEDE01/src/game/game_fn_8017553C.o
[653/987] EXTERNALIZE build/GEDE01/src/game/game_fn_80173770.o
[654/987] EXTERNALIZE build/GEDE01/src/game/game_fn_80173D44.o
[655/987] EXTERNALIZE build/GEDE01/src/game/game_fn_801734B4.o
[656/987] EXTERNALIZE build/GEDE01/src/game/game_fn_80173270.o
[657/987] EXTERNALIZE build/GEDE01/src/game/game_fn_80172C78.o
[658/987] EXTERNALIZE build/GEDE01/src/game/game_fn_80172DB8.o
[659/987] EXTERNALIZE build/GEDE01/src/game/game_fn_80172BB0.o
[660/987] EXTERNALIZE build/GEDE01/src/game/game_fn_801726EC.o
[661/987] EXTERNALIZE build/GEDE01/src/game/game_fn_80171F30.o
[662/987] EXTERNALIZE build/GEDE01/src/game/game_fn_8017250C.o
[663/987] EXTERNALIZE build/GEDE01/src/game/game_fn_801719B4.o
[664/987] EXTERNALIZE build/GEDE01/src/game/game_fn_801718F4.o
[665/987] EXTERNALIZE build/GEDE01/src/game/game_fn_80171664.o
[666/987] EXTERNALIZE build/GEDE01/src/game/game_fn_8017138C.o
[667/987] EXTERNALIZE build/GEDE01/src/game/game_fn_80170A40.o
[668/987] NORMALIZE build/GEDE01/src/game/game_TRKNubWelcome.o
[669/987] NORMALIZE build/GEDE01/src/game/game_TRK_main.o
[670/987] NORMALIZE build/GEDE01/src/game/game_data_80239E10.o
[671/987] NORMALIZE build/GEDE01/src/game/game_data_80239E18.o
[672/987] EXTERNALIZE build/GEDE01/src/game/game_fn_801706DC.o
[673/987] EXTERNALIZE build/GEDE01/src/game/game_fn_8017652C.o
[674/987] EXTERNALIZE build/GEDE01/src/game/game_fn_80170E9C.o
[675/987] EXTERNALIZE build/GEDE01/src/game/game_fn_80175E64.o
[676/987] EXTERNALIZE build/GEDE01/src/game/game_fn_80175F0C.o
[677/987] EXTERNALIZE build/GEDE01/src/game/game_fn_80176098.o
[678/987] EXTERNALIZE build/GEDE01/src/game/game_fn_80175FD4.o
[679/987] EXTERNALIZE build/GEDE01/src/game/game_fn_80176160.o
[680/987] EXTERNALIZE build/GEDE01/src/game/game_fn_80176220.o
[681/987] EXTERNALIZE build/GEDE01/src/game/game_fn_80170DF4.o
[682/987] EXTERNALIZE build/GEDE01/src/game/game_fn_801762E8.o
[683/987] EXTERNALIZE build/GEDE01/src/game/game_fn_8016E8F8.o
[684/987] EXTERNALIZE build/GEDE01/src/game/game_fn_8016FEF8.o
[685/987] EXTERNALIZE build/GEDE01/src/game/game_fn_801704F8.o
[686/987] NORMALIZE build/GEDE01/src/game/game_fn_8016DF4C.o
[687/987] EXTERNALIZE build/GEDE01/src/game/game_fn_8016D2B8.o
[688/987] EXTERNALIZE build/GEDE01/src/game/game_fn_8016D1F8.o
[689/987] EXTERNALIZE build/GEDE01/src/game/game_fn_8016D040.o
[690/987] EXTERNALIZE build/GEDE01/src/game/game_fn_8016C774.o
[691/987] EXTERNALIZE build/GEDE01/src/game/game_fn_8016C4BC.o
[692/987] EXTERNALIZE build/GEDE01/src/game/game_fn_8016C238.o
[693/987] EXTERNALIZE build/GEDE01/src/game/game_fn_8016C164.o
[694/987] EXTERNALIZE build/GEDE01/src/game/game_fn_8016C0BC.o
[695/987] EXTERNALIZE build/GEDE01/src/game/game_fn_8016BE1C.o
[696/987] EXTERNALIZE build/GEDE01/src/game/game_fn_8017038C.o
[697/987] EXTERNALIZE build/GEDE01/src/game/game_fn_8016BF60.o
[698/987] EXTERNALIZE build/GEDE01/src/game/game_fn_8016BD0C.o
[699/987] EXTERNALIZE build/GEDE01/src/game/game_fn_80169650.o
[700/987] EXTERNALIZE build/GEDE01/src/game/game_fn_80167B5C.o
[701/987] EXTERNALIZE build/GEDE01/src/game/game_fn_8015DB84.o
[702/987] EXTERNALIZE build/GEDE01/src/game/game_fn_8015EDC0.o
[703/987] EXTERNALIZE build/GEDE01/src/game/game_fn_80158B20.o
[704/987] EXTERNALIZE build/GEDE01/src/game/game_fn_8015DC54.o
[705/987] EXTERNALIZE build/GEDE01/src/game/game_fn_80179398.o
[706/987] EXTERNALIZE build/GEDE01/src/game/game_fn_8017960C.o
[707/987] EXTERNALIZE build/GEDE01/src/game/game_fn_8017974C.o
[708/987] EXTERNALIZE build/GEDE01/src/game/game_fn_80179904.o
[709/987] EXTERNALIZE build/GEDE01/src/game/game_fn_8017A9B8.o
[710/987] EXTERNALIZE build/GEDE01/src/game/game_fn_80179A74.o
[711/987] EXTERNALIZE build/GEDE01/src/game/game_fn_80179A18.o
[712/987] EXTERNALIZE build/GEDE01/src/game/game_fn_80179EB8.o
[713/987] EXTERNALIZE build/GEDE01/src/game/game_fn_80179F20.o
[714/987] EXTERNALIZE build/GEDE01/src/game/game_fn_8017A010.o
[715/987] EXTERNALIZE build/GEDE01/src/game/game_fn_8017A12C.o
[716/987] EXTERNALIZE build/GEDE01/src/game/game_fn_8017A1C0.o
[717/987] EXTERNALIZE build/GEDE01/src/game/game_fn_80157C0C.o
[718/987] EXTERNALIZE build/GEDE01/src/game/game_fn_80155814.o
[719/987] EXTERNALIZE build/GEDE01/src/game/game_fn_80153898.o
[720/987] EXTERNALIZE build/GEDE01/src/game/game_fn_8014AF38.o
[721/987] EXTERNALIZE build/GEDE01/src/game/game_fn_8014B494.o
[722/987] EXTERNALIZE build/GEDE01/src/game/game_fn_8012DB28.o
[723/987] EXTERNALIZE build/GEDE01/src/game/game_fn_801141B8.o
[724/987] EXTERNALIZE build/GEDE01/src/game/game_fn_801128E4.o
[725/987] EXTERNALIZE build/GEDE01/src/game/game_fn_801126E0.o
[726/987] EXTERNALIZE build/GEDE01/src/game/game_fn_8010F184.o
[727/987] EXTERNALIZE build/GEDE01/src/game/game_fn_800E4980.o
[728/987] EXTERNALIZE build/GEDE01/src/game/game_fn_800C17EC.o
[729/987] EXTERNALIZE build/GEDE01/src/game/game_fn_800C030C.o
[730/987] EXTERNALIZE build/GEDE01/src/game/game_fn_800C59F0.o
[731/987] EXTERNALIZE build/GEDE01/src/game/game_fn_800C644C.o
[732/987] EXTERNALIZE build/GEDE01/src/game/game_fn_800CB760.o
[733/987] EXTERNALIZE build/GEDE01/src/game/game_fn_800C65FC.o
[734/987] EXTERNALIZE build/GEDE01/src/game/game_fn_80078500.o
[735/987] EXTERNALIZE build/GEDE01/src/game/game_fn_800CB8F4.o
[736/987] EXTERNALIZE build/GEDE01/src/game/game_fn_80079908.o
[737/987] EXTERNALIZE build/GEDE01/src/game/game_fn_8007B2F4.o
[738/987] EXTERNALIZE build/GEDE01/src/game/game_fn_8007B540.o
[739/987] EXTERNALIZE build/GEDE01/src/game/game_fn_8007B640.o
[740/987] EXTERNALIZE build/GEDE01/src/game/game_fn_800886D8.o
[741/987] EXTERNALIZE build/GEDE01/src/game/game_fn_8007BA3C.o
[742/987] EXTERNALIZE build/GEDE01/src/game/game_fn_800934A0.o
[743/987] EXTERNALIZE build/GEDE01/src/game/game_fn_800A3894.o
[744/987] EXTERNALIZE build/GEDE01/src/game/game_fn_800A7E88.o
[745/987] EXTERNALIZE build/GEDE01/src/game/game_fn_800A4798.o
[746/987] GLOBALIZE build/GEDE01/src/game/game_fn_800A2130.o
[747/987] EXTERNALIZE build/GEDE01/src/game/game_fn_800A2FCC.o
[748/987] EXTERNALIZE build/GEDE01/src/game/game_fn_8009C424.o
[749/987] EXTERNALIZE build/GEDE01/src/game/game_fn_80096830.o
[750/987] GLOBALIZE build/GEDE01/src/game/game_fn_8008F890.o
[751/987] EXTERNALIZE SWITCHES build/GEDE01/src/game/game_fn_80095FDC.o
[752/987] EXTERNALIZE build/GEDE01/src/game/game_fn_800A4428.o
[753/987] EXTERNALIZE build/GEDE01/src/game/game_fn_80074310.o
[754/987] EXTERNALIZE build/GEDE01/src/game/game_fn_80066888.o
[755/987] GLOBALIZE build/GEDE01/src/game/game_fn_8005FD84.o
[756/987] EXTERNALIZE build/GEDE01/src/game/game_fn_80052310.o
[757/987] EXTERNALIZE build/GEDE01/src/game/game_fn_8005EC6C.o
[758/987] EXTERNALIZE build/GEDE01/src/game/game_fn_80048ADC.o
[759/987] EXTERNALIZE build/GEDE01/src/game/game_fn_80048B24.o
[760/987] NAME SWITCH build/GEDE01/src/game/game_fn_80020E94.o
[761/987] NAME SWITCH build/GEDE01/src/game/game_fn_8005EE9C.o
[762/987] NAME SWITCH build/GEDE01/src/game/game_fn_8016D9C0.o
[763/987] NAME SWITCH build/GEDE01/src/game/game_fn_80071A58.o
[764/987] NAME SWITCH build/GEDE01/src/game/game_fn_8006B620.o
[765/987] NAME SWITCH build/GEDE01/src/game/game_fn_8001FE1C.o
[766/987] NAME SWITCH build/GEDE01/src/game/game_fn_8001E644.o
[767/987] EXTERNALIZE build/GEDE01/src/game/game_fn_80038878.o
[768/987] EXTERNALIZE build/GEDE01/src/game/game_fn_801B46C8.o
build/GEDE01/src/game/game_fn_801B46C8.o: lbl_8060C020 now undefined; section 6 emptied
[769/987] EXTERNALIZE build/GEDE01/src/game/game_fn_80036C40.o
[770/987] EXTERNALIZE build/GEDE01/src/game/game_fn_800359A0.o
[771/987] EXTERNALIZE build/GEDE01/src/game/game_fn_80033180.o
[772/987] EXTERNALIZE build/GEDE01/src/game/game_fn_80033038.o
[773/987] EXTERNALIZE build/GEDE01/src/game/game_fn_80032B84.o
[774/987] EXTERNALIZE build/GEDE01/src/game/game_fn_8003232C.o
[775/987] EXTERNALIZE build/GEDE01/src/game/game_fn_8002E3F0.o
[776/987] EXTERNALIZE build/GEDE01/src/game/game_fn_8002DAE0.o
[777/987] EXTERNALIZE build/GEDE01/src/game/game_fn_8002EA68.o
[778/987] GLOBALIZE build/GEDE01/src/game/game_fn_8002B748.o
[779/987] EXTERNALIZE build/GEDE01/src/game/game_fn_8002F428.o
[780/987] NAME SWITCHES build/GEDE01/src/game/game_fn_80024F28.o
[781/987] EXTERNALIZE build/GEDE01/src/game/game_fn_800272B4.o
[782/987] EXTERNALIZE build/GEDE01/src/game/game_fn_8001CE94.o
[783/987] EXTERNALIZE build/GEDE01/src/game/game_fn_8001CD58.o
[784/987] EXTERNALIZE build/GEDE01/src/game/game_fn_8001C078.o
[785/987] EXTERNALIZE build/GEDE01/src/game/game_fn_8001B808.o
[786/987] EXTERNALIZE build/GEDE01/src/game/game_fn_8001B874.o
[787/987] EXTERNALIZE build/GEDE01/src/game/game_fn_8001B294.o
[788/987] EXTERNALIZE build/GEDE01/src/game/game_fn_8001B124.o
[789/987] EXTERNALIZE build/GEDE01/src/game/game_fn_8001ADF8.o
[790/987] EXTERNALIZE build/GEDE01/src/game/game_fn_8001AF68.o
[791/987] EXTERNALIZE build/GEDE01/src/game/game_fn_8001AAB8.o
[792/987] EXTERNALIZE build/GEDE01/src/game/game_fn_8001A6C4.o
[793/987] EXTERNALIZE build/GEDE01/src/game/game_fn_80019F98.o
[794/987] EXTERNALIZE build/GEDE01/src/game/game_fn_80019D2C.o
[795/987] EXTERNALIZE build/GEDE01/src/game/game_fn_80019C10.o
[796/987] EXTERNALIZE build/GEDE01/src/game/game_fn_800194D0.o
[797/987] EXTERNALIZE build/GEDE01/src/game/game_fn_80019940.o
[798/987] EXTERNALIZE build/GEDE01/src/game/game_fn_80019244.o
[799/987] EXTERNALIZE build/GEDE01/src/game/game_fn_80019054.o
[800/987] EXTERNALIZE build/GEDE01/src/game/game_fn_80017DB0.o
[801/987] EXTERNALIZE build/GEDE01/src/game/game_fn_80018EF4.o
[802/987] EXTERNALIZE build/GEDE01/src/game/game_fn_80017CC8.o
[803/987] EXTERNALIZE build/GEDE01/src/game/game_fn_80017C3C.o
[804/987] EXTERNALIZE build/GEDE01/src/game/game_fn_80017AE4.o
[805/987] EXTERNALIZE build/GEDE01/src/game/game_fn_80017A3C.o
[806/987] EXTERNALIZE build/GEDE01/src/game/game_fn_800179AC.o
[807/987] EXTERNALIZE FLAGS build/GEDE01/src/game/game_fn_800119FC.o
[808/987] EXTERNALIZE build/GEDE01/src/game/game_fn_80017910.o
[809/987] EXTERNALIZE build/GEDE01/src/game/game_fn_8000FFD8.o
[810/987] EXTERNALIZE build/GEDE01/src/game/game_fn_8000F4B0.o
[811/987] GLOBALIZE build/GEDE01/src/game/game_fn_800094C0.o
[812/987] EXTERNALIZE build/GEDE01/src/game/game_fn_8000EFC4.o
[813/987] EXTERNALIZE build/GEDE01/src/game/game_fn_800096E0.o
[814/987] EXTERNALIZE build/GEDE01/src/game/game_fn_800098C0.o
[815/987] EXTERNALIZE build/GEDE01/src/game/game_fn_800099D8.o
[816/987] EXTERNALIZE build/GEDE01/src/game/game_fn_80009AB4.o
[817/987] EXTERNALIZE build/GEDE01/src/game/game_fn_8000A26C.o
[818/987] EXTERNALIZE build/GEDE01/src/game/game_fn_800171C0.o
[819/987] EXTERNALIZE build/GEDE01/src/game/game_fn_8000AC88.o
[820/987] EXTERNALIZE build/GEDE01/src/game/game_fn_800176F0.o
[821/987] EXTERNALIZE build/GEDE01/src/game/game_fn_8000AEB4.o
[822/987] EXTERNALIZE build/GEDE01/src/game/game_fn_8000AFB4.o
[823/987] EXTERNALIZE build/GEDE01/src/game/game_fn_8000B1B8.o
[824/987] EXTERNALIZE build/GEDE01/src/game/game_fn_8000B630.o
[825/987] EXTERNALIZE build/GEDE01/src/game/game_fn_8000B36C.o
[826/987] EXTERNALIZE build/GEDE01/src/game/game_fn_8000B7FC.o
[827/987] EXTERNALIZE build/GEDE01/src/game/game_fn_8000B900.o
[828/987] EXTERNALIZE build/GEDE01/src/game/game_fn_8000BAA0.o
[829/987] EXTERNALIZE build/GEDE01/src/game/game_fn_8000BA0C.o
[830/987] EXTERNALIZE build/GEDE01/src/game/game_fn_8000BC40.o
[831/987] EXTERNALIZE build/GEDE01/src/game/game_fn_8000C06C.o
[832/987] EXTERNALIZE build/GEDE01/src/game/game_fn_8000C17C.o
[833/987] EXTERNALIZE build/GEDE01/src/game/game_fn_8000C400.o
[834/987] EXTERNALIZE build/GEDE01/src/game/game_fn_8000C848.o
[835/987] EXTERNALIZE build/GEDE01/src/game/game_fn_8000C91C.o
[836/987] EXTERNALIZE build/GEDE01/src/game/game_fn_8000D0BC.o
[837/987] NAME SWITCH build/GEDE01/src/game/game_fn_8000D8A4.o
[838/987] EXTERNALIZE build/GEDE01/src/game/game_fn_8000E054.o
[839/987] EXTERNALIZE build/GEDE01/src/game/game_fn_8000D3D4.o
[840/987] EXTERNALIZE build/GEDE01/src/game/game_fn_8000E0AC.o
[841/987] EXTERNALIZE build/GEDE01/src/game/game_fn_8000E96C.o
[842/987] EXTERNALIZE build/GEDE01/src/game/game_fn_8000F774.o
[843/987] EXTERNALIZE build/GEDE01/src/game/game_fn_8000EB14.o
[844/987] EXTERNALIZE build/GEDE01/src/game/game_fn_8000ED44.o
[845/987] EXTERNALIZE build/GEDE01/src/game/game_fn_8000EBD4.o
[846/987] EXTERNALIZE build/GEDE01/src/game/game_fn_8000E138.o
[847/987] EXTERNALIZE build/GEDE01/src/game/game_fn_8000E1C4.o
[848/987] EXTERNALIZE build/GEDE01/src/game/game_fn_8000D590.o
[849/987] EXTERNALIZE build/GEDE01/src/game/game_fn_8000DA50.o
[850/987] EXTERNALIZE build/GEDE01/src/game/game_fn_8000DAF4.o
[851/987] EXTERNALIZE build/GEDE01/src/game/game_fn_80012DA8.o
[852/987] EXTERNALIZE build/GEDE01/src/game/game_fn_80012F40.o
[853/987] EXTERNALIZE build/GEDE01/src/game/game_fn_80012FD0.o
[854/987] EXTERNALIZE build/GEDE01/src/game/game_fn_800131E8.o
[855/987] EXTERNALIZE build/GEDE01/src/game/game_fn_80013340.o
[856/987] EXTERNALIZE build/GEDE01/src/game/game_fn_80013CB0.o
[857/987] EXTERNALIZE build/GEDE01/src/game/game_fn_80013870.o
[858/987] EXTERNALIZE build/GEDE01/src/game/game_fn_800142DC.o
[859/987] EXTERNALIZE build/GEDE01/src/game/game_fn_80013D54.o
[860/987] EXTERNALIZE build/GEDE01/src/game/game_fn_80014784.o
[861/987] EXTERNALIZE build/GEDE01/src/game/game_fn_800144CC.o
[862/987] EXTERNALIZE build/GEDE01/src/game/game_fn_80015058.o
[863/987] EXTERNALIZE build/GEDE01/src/game/game_fn_800149D4.o
[864/987] EXTERNALIZE build/GEDE01/src/game/game_fn_80015320.o
[865/987] EXTERNALIZE build/GEDE01/src/game/game_fn_80015568.o
[866/987] EXTERNALIZE build/GEDE01/src/game/game_fn_80015BE0.o
[867/987] EXTERNALIZE build/GEDE01/src/game/game_fn_800156FC.o
[868/987] EXTERNALIZE build/GEDE01/src/game/game_fn_80015D40.o
[869/987] EXTERNALIZE build/GEDE01/src/game/game_fn_80015F04.o
[870/987] EXTERNALIZE build/GEDE01/src/game/game_fn_80016128.o
[871/987] EXTERNALIZE build/GEDE01/src/game/game_fn_80016270.o
[872/987] EXTERNALIZE build/GEDE01/src/game/game_fn_80016904.o
[873/987] EXTERNALIZE build/GEDE01/src/game/game_fn_800173CC.o
[874/987] EXTERNALIZE build/GEDE01/src/game/game_fn_80016B24.o
[875/987] EXTERNALIZE build/GEDE01/src/game/game_fn_801B86C0.o
[876/987] EXTERNALIZE build/GEDE01/src/game/game_fn_801BEF40.o
[877/987] EXTERNALIZE STATIC POOL build/GEDE01/src/game/game_fn_801C4B5C.o
build/GEDE01/src/game/game_fn_801C4B5C.o: lbl_80628CB0 now undefined; section 6 emptied
[878/987] EXTERNALIZE build/GEDE01/src/game/game_fn_801C8600.o
[879/987] EXTERNALIZE build/GEDE01/src/game/game_fn_801EAA04.o
[880/987] EXTERNALIZE build/GEDE01/src/game/game_fn_80150400.o
[881/987] EXTERNALIZE build/GEDE01/src/game/game_fn_80150F20.o
[882/987] EXTERNALIZE build/GEDE01/src/game/game_fn_80151600.o
[883/987] EXTERNALIZE build/GEDE01/src/game/game_fn_80151D00.o
[884/987] EXTERNALIZE build/GEDE01/src/game/game_fn_8011EE04.o
[885/987] EXTERNALIZE build/GEDE01/src/game/game_fn_801E3644.o
[886/987] EXTERNALIZE build/GEDE01/src/game/game_fn_8019E0B0.o
[887/987] EXTERNALIZE build/GEDE01/src/game/game_fn_801A260C.o
[888/987] EXTERNALIZE build/GEDE01/src/game/game_fn_801DE8B4.o
[889/987] EXTERNALIZE build/GEDE01/src/game/game_fn_80173BDC.o
[890/987] EXTERNALIZE build/GEDE01/src/game/game_fn_801E7014.o
[891/987] EXTERNALIZE build/GEDE01/src/game/game_fn_801A4430.o
[892/987] EXTERNALIZE build/GEDE01/src/game/game_fn_8014BA14.o
[893/987] EXTERNALIZE build/GEDE01/src/game/game_fn_800B2EC0.o
[894/987] EXTERNALIZE build/GEDE01/src/game/game_fn_8001CA04.o
[895/987] EXTERNALIZE build/GEDE01/src/game/game_fn_80031544.o
[896/987] EXTERNALIZE build/GEDE01/src/game/game_fn_801DDB84.o
[897/987] EXTERNALIZE build/GEDE01/src/game/game_fn_8006B0F0.o
[898/987] EXTERNALIZE build/GEDE01/src/game/game_fn_8007D4D8.o
[899/987] EXTERNALIZE build/GEDE01/src/game/game_fn_8007F770.o
[900/987] EXTERNALIZE build/GEDE01/src/game/game_fn_80088F4C.o
[901/987] EXTERNALIZE build/GEDE01/src/game/game_fn_8008A2E0.o
[902/987] EXTERNALIZE build/GEDE01/src/game/game_fn_80089A34.o
[903/987] EXTERNALIZE build/GEDE01/src/game/game_fn_80090004.o
[904/987] EXTERNALIZE build/GEDE01/src/game/game_fn_80095D10.o
[905/987] EXTERNALIZE build/GEDE01/src/game/game_fn_800A3180.o
[906/987] EXTERNALIZE build/GEDE01/src/game/game_fn_800BB7A8.o
[907/987] EXTERNALIZE build/GEDE01/src/game/game_fn_800BB5C4.o
[908/987] EXTERNALIZE build/GEDE01/src/game/game_fn_800BB9A4.o
[909/987] EXTERNALIZE build/GEDE01/src/game/game_fn_800BBAF0.o
[910/987] EXTERNALIZE build/GEDE01/src/game/game_fn_800D9064.o
[911/987] EXTERNALIZE build/GEDE01/src/game/game_fn_800D9E10.o
[912/987] EXTERNALIZE build/GEDE01/src/game/game_fn_8012976C.o
[913/987] EXTERNALIZE build/GEDE01/src/game/game_fn_8013DB8C.o
[914/987] EXTERNALIZE build/GEDE01/src/game/game_fn_8013CBE4.o
[915/987] EXTERNALIZE build/GEDE01/src/game/game_fn_8014CA98.o
[916/987] EXTERNALIZE build/GEDE01/src/game/game_fn_801535D8.o
[917/987] EXTERNALIZE build/GEDE01/src/game/game_fn_80153A24.o
[918/987] EXTERNALIZE build/GEDE01/src/game/game_fn_801752B0.o
[919/987] EXTERNALIZE build/GEDE01/src/game/game_fn_80174F2C.o
[920/987] EXTERNALIZE build/GEDE01/src/game/game_fn_8017AC20.o
[921/987] EXTERNALIZE build/GEDE01/src/game/game_fn_801861C4.o
[922/987] EXTERNALIZE build/GEDE01/src/game/game_fn_8018680C.o
[923/987] EXTERNALIZE build/GEDE01/src/game/game_fn_80186F70.o
[924/987] EXTERNALIZE build/GEDE01/src/game/game_fn_80187320.o
[925/987] EXTERNALIZE build/GEDE01/src/game/game_fn_801875FC.o
[926/987] EXTERNALIZE build/GEDE01/src/game/game_fn_801810A0.o
[927/987] EXTERNALIZE build/GEDE01/src/game/game_fn_800542D0.o
[928/987] EXTERNALIZE build/GEDE01/src/game/game_fn_80187E40.o
[929/987] EXTERNALIZE build/GEDE01/src/game/game_fn_80187BB4.o
[930/987] EXTERNALIZE build/GEDE01/src/game/game_fn_80189C14.o
[931/987] EXTERNALIZE build/GEDE01/src/game/game_fn_8018C2D0.o
[932/987] EXTERNALIZE build/GEDE01/src/game/game_fn_8018D400.o
[933/987] EXTERNALIZE build/GEDE01/src/game/game_fn_8018E0D8.o
[934/987] EXTERNALIZE build/GEDE01/src/game/game_fn_8019120C.o
[935/987] EXTERNALIZE build/GEDE01/src/game/game_fn_8018DC24.o
[936/987] EXTERNALIZE build/GEDE01/src/game/game_fn_801926EC.o
[937/987] EXTERNALIZE build/GEDE01/src/game/game_fn_801916D0.o
[938/987] EXTERNALIZE build/GEDE01/src/game/game_fn_801929A4.o
[939/987] EXTERNALIZE build/GEDE01/src/game/game_fn_801952E8.o
[940/987] EXTERNALIZE build/GEDE01/src/game/game_fn_801A2A54.o
[941/987] EXTERNALIZE build/GEDE01/src/game/game_fn_801A34BC.o
[942/987] EXTERNALIZE build/GEDE01/src/game/game_fn_801A657C.o
[943/987] EXTERNALIZE build/GEDE01/src/game/game_fn_801A1F8C.o
[944/987] EXTERNALIZE build/GEDE01/src/game/game_fn_801E2A48.o
[945/987] EXTERNALIZE build/GEDE01/src/game/game_fn_801D1F78.o
[946/987] EXTERNALIZE build/GEDE01/src/game/game_fn_801E6814.o
[947/987] EXTERNALIZE build/GEDE01/src/game/game_fn_801E995C.o
[948/987] EXTERNALIZE build/GEDE01/src/game/game_fn_801F0CB0.o
[949/987] EXTERNALIZE build/GEDE01/src/game/game_fn_801EF580.o
[950/987] EXTERNALIZE build/GEDE01/src/game/game_fn_801F10BC.o
[951/987] EXTERNALIZE build/GEDE01/src/game/game_fn_801F35A8.o
[952/987] EXTERNALIZE build/GEDE01/src/game/game_fn_801ECD74.o
[953/987] EXTERNALIZE build/GEDE01/src/game/game_fn_801ED5F4.o
[954/987] EXTERNALIZE build/GEDE01/src/game/game_fn_801F69F0.o
[955/987] EXTERNALIZE build/GEDE01/src/game/game_fn_801F76EC.o
[956/987] EXTERNALIZE build/GEDE01/src/game/game_fn_801F8264.o
[957/987] EXTERNALIZE build/GEDE01/src/game/game_fn_801F89B4.o
[958/987] EXTERNALIZE build/GEDE01/src/game/game_fn_801F9AF8.o
[959/987] EXTERNALIZE build/GEDE01/src/game/game_fn_801F6BD8.o
[960/987] EXTERNALIZE build/GEDE01/src/game/game_fn_80095E64.o
[961/987] EXTERNALIZE build/GEDE01/src/game/game_fn_801FB6A4.o
[962/987] EXTERNALIZE JUMPTABLES build/GEDE01/src/game/game_fn_8006E53C.o
[963/987] EXTERNALIZE JUMPTABLES build/GEDE01/src/game/game_fn_800361F8.o
[964/987] EXTERNALIZE JUMPTABLES build/GEDE01/src/game/game_fn_800CF598.o
[965/987] EXTERNALIZE JUMPTABLES build/GEDE01/src/game/game_fn_801ACFE8.o
[966/987] EXTERNALIZE build/GEDE01/src/game/game_fn_801E0088.o
[967/987] EXTERNALIZE JUMPTABLES build/GEDE01/src/game/game_fn_801B1BA0.o
[968/987] EXTERNALIZE build/GEDE01/src/game/game_fn_80150A24.o
[969/987] EXTERNALIZE build/GEDE01/src/game/game_fn_80154F74.o
[970/987] EXTERNALIZE build/GEDE01/src/game/game_fn_801E504C.o
[971/987] EXTERNALIZE build/GEDE01/src/game/game_fn_8009E808.o
[972/987] EXTERNALIZE build/GEDE01/src/game/game_fn_801F1A38.o
[973/987] EXTERNALIZE build/GEDE01/src/game/game_fn_801F55A0.o
[974/987] EXTERNALIZE build/GEDE01/src/game/game_fn_801FFE78.o
[975/987] EXTERNALIZE build/GEDE01/src/game/game_fn_801F7510.o
[976/987] EXTERNALIZE build/GEDE01/src/game/game_fn_801F8FAC.o
[977/987] EXTERNALIZE build/GEDE01/src/game/game_fn_801F9CF4.o
[978/987] EXTERNALIZE build/GEDE01/src/game/game_fn_801FC034.o
[979/987] EXTERNALIZE build/GEDE01/src/game/game_fn_801FA9C8.o
[980/987] MWCC build/GEDE01/src/game/game_fn_8020860C.o
[981/987] REPORT
 INFO Loading project .
 INFO Generating report for 7089 units (using 8 threads)
 INFO Report generated in 0.471s
 INFO Writing to build/GEDE01/report.json
[982/987] LINK build/GEDE01/main.elf
### mwldeppc.exe Linker Warning:
#   Section '.ignored' is unknown. Section ignored.
### mwldeppc.exe Linker Warning:
#   Section '.ignored' is unknown. Section ignored.
### mwldeppc.exe Linker Warning:
#   Section '.ignored' is unknown. Section ignored.
### mwldeppc.exe Linker Warning:
#   Section '.ignored' is unknown. Section ignored.
### mwldeppc.exe Linker Warning:
#   Section '.ignored' is unknown. Section ignored.
### mwldeppc.exe Linker Warning:
#   Section '.ignored' is unknown. Section ignored.
### mwldeppc.exe Linker Warning:
#   Section '.ignored' is unknown. Section ignored.
### mwldeppc.exe Linker Warning:
#   Section '.ignored' is unknown. Section ignored.
### mwldeppc.exe Linker Warning:
#   Section '.ignored' is unknown. Section ignored.
### mwldeppc.exe Linker Warning:
#   Section '.ignored' is unknown. Section ignored.
### mwldeppc.exe Linker Warning:
#   Section '.ignored' is unknown. Section ignored.
### mwldeppc.exe Linker Warning:
#   Section '.ignored' is unknown. Section ignored.
### mwldeppc.exe Linker Warning:
#   Section '.ignored' is unknown. Section ignored.
### mwldeppc.exe Linker Warning:
#   Section '.ignored' is unknown. Section ignored.
### mwldeppc.exe Linker Warning:
#   Section '.ignored' is unknown. Section ignored.
### mwldeppc.exe Linker Warning:
#   Section '.ignored' is unknown. Section ignored.
### mwldeppc.exe Linker Warning:
#   Section '.ignored' is unknown. Section ignored.
### mwldeppc.exe Linker Warning:
#   Section '.ignored' is unknown. Section ignored.
### mwldeppc.exe Linker Warning:
#   Section '.ignored' is unknown. Section ignored.
### mwldeppc.exe Linker Warning:
#   Section '.ignored' is unknown. Section ignored.
### mwldeppc.exe Linker Warning:
#   Section '.ignored' is unknown. Section ignored.
### mwldeppc.exe Linker Warning:
#   Section '.ignored' is unknown. Section ignored.
### mwldeppc.exe Linker Warning:
#   Section '.ignored' is unknown. Section ignored.
### mwldeppc.exe Linker Warning:
#   Section '.ignored' is unknown. Section ignored.
### mwldeppc.exe Linker Warning:
#   Section '.ignored' is unknown. Section ignored.
### mwldeppc.exe Linker Warning:
#   Section '.ignored' is unknown. Section ignored.
### mwldeppc.exe Linker Warning:
#   Section '.ignored' is unknown. Section ignored.
### mwldeppc.exe Linker Warning:
#   Section '.ignored' is unknown. Section ignored.
### mwldeppc.exe Linker Warning:
#   Section '.ignored' is unknown. Section ignored.
### mwldeppc.exe Linker Warning:
#   Section '.ignored' is unknown. Section ignored.
### mwldeppc.exe Linker Warning:
#   Section '.ignored' is unknown. Section ignored.
### mwldeppc.exe Linker Warning:
#   Section '.ignored' is unknown. Section ignored.
### mwldeppc.exe Linker Warning:
#   Section '.ignored' is unknown. Section ignored.
### mwldeppc.exe Linker Warning:
#   Section '.ignored' is unknown. Section ignored.
### mwldeppc.exe Linker Warning:
#   Section '.ignored' is unknown. Section ignored.
### mwldeppc.exe Linker Warning:
#   Section '.ignored' is unknown. Section ignored.
### mwldeppc.exe Linker Warning:
#   Section '.ignored' is unknown. Section ignored.
### mwldeppc.exe Linker Warning:
#   Section '.ignored' is unknown. Section ignored.
### mwldeppc.exe Linker Warning:
#   Section '.ignored' is unknown. Section ignored.
### mwldeppc.exe Linker Warning:
#   Section '.ignored' is unknown. Section ignored.
### mwldeppc.exe Linker Warning:
#   Section '.ignored' is unknown. Section ignored.
### mwldeppc.exe Linker Warning:
#   Section '.ignored' is unknown. Section ignored.
### mwldeppc.exe Linker Warning:
#   Section '.ignored' is unknown. Section ignored.
### mwldeppc.exe Linker Warning:
#   Section '.ignored' is unknown. Section ignored.
### mwldeppc.exe Linker Warning:
#   Section '.ignored' is unknown. Section ignored.
### mwldeppc.exe Linker Warning:
#   Section '.ignored' is unknown. Section ignored.
### mwldeppc.exe Linker Warning:
#   Section '.ignored' is unknown. Section ignored.
### mwldeppc.exe Linker Warning:
#   Section '.ignored' is unknown. Section ignored.
### mwldeppc.exe Linker Warning:
#   Section '.ignored' is unknown. Section ignored.
### mwldeppc.exe Linker Warning:
#   Section '.ignored' is unknown. Section ignored.
### mwldeppc.exe Linker Warning:
#   Section '.ignored' is unknown. Section ignored.
### mwldeppc.exe Linker Warning:
#   Section '.ignored' is unknown. Section ignored.
### mwldeppc.exe Linker Warning:
#   Section '.ignored' is unknown. Section ignored.
### mwldeppc.exe Linker Warning:
#   Section '.ignored' is unknown. Section ignored.
### mwldeppc.exe Linker Warning:
#   Section '.ignored' is unknown. Section ignored.
### mwldeppc.exe Linker Warning:
#   Section '.ignored' is unknown. Section ignored.
### mwldeppc.exe Linker Warning:
#   Section '.ignored' is unknown. Section ignored.
### mwldeppc.exe Linker Warning:
#   Section '.ignored' is unknown. Section ignored.
### mwldeppc.exe Linker Warning:
#   Section '.ignored' is unknown. Section ignored.
### mwldeppc.exe Linker Warning:
#   Section '.ignored' is unknown. Section ignored.
### mwldeppc.exe Linker Warning:
#   Section '.ignored' is unknown. Section ignored.
### mwldeppc.exe Linker Warning:
#   Section '.ignored' is unknown. Section ignored.
### mwldeppc.exe Linker Warning:
#   Section '.ignored' is unknown. Section ignored.
### mwldeppc.exe Linker Warning:
#   Section '.ignored' is unknown. Section ignored.
### mwldeppc.exe Linker Warning:
#   Section '.ignored' is unknown. Section ignored.
### mwldeppc.exe Linker Warning:
#   Section '.ignored' is unknown. Section ignored.
### mwldeppc.exe Linker Warning:
#   Section '.ignored' is unknown. Section ignored.
### mwldeppc.exe Linker Warning:
#   Section '.ignored' is unknown. Section ignored.
### mwldeppc.exe Linker Warning:
#   Section '.ignored' is unknown. Section ignored.
### mwldeppc.exe Linker Warning:
#   Section '.ignored' is unknown. Section ignored.
### mwldeppc.exe Linker Warning:
#   Section '.ignored' is unknown. Section ignored.
### mwldeppc.exe Linker Warning:
#   Section '.ignored' is unknown. Section ignored.
### mwldeppc.exe Linker Warning:
#   Section '.ignored' is unknown. Section ignored.
### mwldeppc.exe Linker Warning:
#   Section '.ignored' is unknown. Section ignored.
### mwldeppc.exe Linker Warning:
#   Section '.ignored' is unknown. Section ignored.
### mwldeppc.exe Linker Warning:
#   Section '.ignored' is unknown. Section ignored.
### mwldeppc.exe Linker Warning:
#   Section '.ignored' is unknown. Section ignored.
### mwldeppc.exe Linker Warning:
#   Section '.ignored' is unknown. Section ignored.
### mwldeppc.exe Linker Warning:
#   Section '.ignored' is unknown. Section ignored.
### mwldeppc.exe Linker Warning:
#   Section '.ignored' is unknown. Section ignored.
### mwldeppc.exe Linker Warning:
#   Section '.ignored' is unknown. Section ignored.
### mwldeppc.exe Linker Warning:
#   Section '.ignored' is unknown. Section ignored.
### mwldeppc.exe Linker Warning:
#   Section '.ignored' is unknown. Section ignored.
### mwldeppc.exe Linker Warning:
#   Section '.ignored' is unknown. Section ignored.
### mwldeppc.exe Linker Warning:
#   Section '.ignored' is unknown. Section ignored.
### mwldeppc.exe Linker Warning:
#   Section '.ignored' is unknown. Section ignored.
### mwldeppc.exe Linker Warning:
#   Section '.ignored' is unknown. Section ignored.
### mwldeppc.exe Linker Warning:
#   Section '.ignored' is unknown. Section ignored.
### mwldeppc.exe Linker Warning:
#   Section '.ignored' is unknown. Section ignored.
### mwldeppc.exe Linker Warning:
#   Section '.ignored' is unknown. Section ignored.
### mwldeppc.exe Linker Warning:
#   Section '.ignored' is unknown. Section ignored.
### mwldeppc.exe Linker Warning:
#   Section '.ignored' is unknown. Section ignored.
### mwldeppc.exe Linker Warning:
#   Section '.ignored' is unknown. Section ignored.
### mwldeppc.exe Linker Warning:
#   Section '.ignored' is unknown. Section ignored.
### mwldeppc.exe Linker Warning:
#   Section '.ignored' is unknown. Section ignored.
### mwldeppc.exe Linker Warning:
#   Section '.ignored' is unknown. Section ignored.
### mwldeppc.exe Linker Warning:
#   Section '.ignored' is unknown. Section ignored.
### mwldeppc.exe Linker Warning:
#   Section '.ignored' is unknown. Section ignored.
### mwldeppc.exe Linker Warning:
#   Section '.ignored' is unknown. Section ignored.
### mwldeppc.exe Linker Warning:
#   Section '.ignored' is unknown. Section ignored.
### mwldeppc.exe Linker Warning:
#   Section '.ignored' is unknown. Section ignored.
### mwldeppc.exe Linker Warning:
#   Section '.ignored' is unknown. Section ignored.
### mwldeppc.exe Linker Warning:
#   Section '.ignored' is unknown. Section ignored.
### mwldeppc.exe Linker Warning:
#   Section '.ignored' is unknown. Section ignored.
### mwldeppc.exe Linker Warning:
#   Section '.ignored' is unknown. Section ignored.
### mwldeppc.exe Linker Warning:
#   Section '.ignored' is unknown. Section ignored.
### mwldeppc.exe Linker Warning:
#   Section '.ignored' is unknown. Section ignored.
### mwldeppc.exe Linker Warning:
#   Section '.ignored' is unknown. Section ignored.
### mwldeppc.exe Linker Warning:
#   Section '.ignored' is unknown. Section ignored.
### mwldeppc.exe Linker Warning:
#   Section '.ignored' is unknown. Section ignored.
### mwldeppc.exe Linker Warning:
#   Section '.ignored' is unknown. Section ignored.
### mwldeppc.exe Linker Warning:
#   Section '.ignored' is unknown. Section ignored.
### mwldeppc.exe Linker Warning:
#   Section '.ignored' is unknown. Section ignored.
### mwldeppc.exe Linker Warning:
#   Section '.ignored' is unknown. Section ignored.
### mwldeppc.exe Linker Warning:
#   Section '.ignored' is unknown. Section ignored.
### mwldeppc.exe Linker Warning:
#   Section '.ignored' is unknown. Section ignored.
### mwldeppc.exe Linker Warning:
#   Section '.ignored' is unknown. Section ignored.
### mwldeppc.exe Linker Warning:
#   Section '.ignored' is unknown. Section ignored.
### mwldeppc.exe Linker Warning:
#   Section '.ignored' is unknown. Section ignored.
### mwldeppc.exe Linker Warning:
#   Section '.ignored' is unknown. Section ignored.
### mwldeppc.exe Linker Warning:
#   Section '.ignored' is unknown. Section ignored.
### mwldeppc.exe Linker Warning:
#   Section '.ignored' is unknown. Section ignored.
### mwldeppc.exe Linker Warning:
#   Section '.ignored' is unknown. Section ignored.
### mwldeppc.exe Linker Warning:
#   Section '.ignored' is unknown. Section ignored.
### mwldeppc.exe Linker Warning:
#   Section '.ignored' is unknown. Section ignored.
### mwldeppc.exe Linker Warning:
#   Section '.ignored' is unknown. Section ignored.
### mwldeppc.exe Linker Warning:
#   Section '.ignored' is unknown. Section ignored.
### mwldeppc.exe Linker Warning:
#   Section '.ignored' is unknown. Section ignored.
### mwldeppc.exe Linker Warning:
#   Section '.ignored' is unknown. Section ignored.
### mwldeppc.exe Linker Warning:
#   Section '.ignored' is unknown. Section ignored.
### mwldeppc.exe Linker Warning:
#   Section '.ignored' is unknown. Section ignored.
### mwldeppc.exe Linker Warning:
#   Section '.ignored' is unknown. Section ignored.
### mwldeppc.exe Linker Warning:
#   Section '.ignored' is unknown. Section ignored.
### mwldeppc.exe Linker Warning:
#   Section '.ignored' is unknown. Section ignored.
### mwldeppc.exe Linker Warning:
#   Section '.ignored' is unknown. Section ignored.
### mwldeppc.exe Linker Warning:
#   Section '.ignored' is unknown. Section ignored.
### mwldeppc.exe Linker Warning:
#   Section '.ignored' is unknown. Section ignored.
### mwldeppc.exe Linker Warning:
#   Section '.ignored' is unknown. Section ignored.
### mwldeppc.exe Linker Warning:
#   Section '.ignored' is unknown. Section ignored.
### mwldeppc.exe Linker Warning:
#   Section '.ignored' is unknown. Section ignored.
### mwldeppc.exe Linker Warning:
#   Section '.ignored' is unknown. Section ignored.
### mwldeppc.exe Linker Warning:
#   Section '.ignored' is unknown. Section ignored.
### mwldeppc.exe Linker Warning:
#   Section '.ignored' is unknown. Section ignored.
### mwldeppc.exe Linker Warning:
#   Section '.ignored' is unknown. Section ignored.
### mwldeppc.exe Linker Warning:
#   Section '.ignored' is unknown. Section ignored.
### mwldeppc.exe Linker Warning:
#   Section '.ignored' is unknown. Section ignored.
### mwldeppc.exe Linker Warning:
#   Section '.ignored' is unknown. Section ignored.
### mwldeppc.exe Linker Warning:
#   Section '.ignored' is unknown. Section ignored.
### mwldeppc.exe Linker Warning:
#   Section '.ignored' is unknown. Section ignored.
### mwldeppc.exe Linker Warning:
#   Section '.ignored' is unknown. Section ignored.
### mwldeppc.exe Linker Warning:
#   Section '.ignored' is unknown. Section ignored.
### mwldeppc.exe Linker Warning:
#   Section '.ignored' is unknown. Section ignored.
### mwldeppc.exe Linker Warning:
#   Section '.ignored' is unknown. Section ignored.
### mwldeppc.exe Linker Warning:
#   Section '.ignored' is unknown. Section ignored.
### mwldeppc.exe Linker Warning:
#   Section '.ignored' is unknown. Section ignored.
### mwldeppc.exe Linker Warning:
#   Section '.ignored' is unknown. Section ignored.
### mwldeppc.exe Linker Warning:
#   Section '.ignored' is unknown. Section ignored.
### mwldeppc.exe Linker Warning:
#   Section '.ignored' is unknown. Section ignored.
### mwldeppc.exe Linker Warning:
#   Section '.ignored' is unknown. Section ignored.
### mwldeppc.exe Linker Warning:
#   Section '.ignored' is unknown. Section ignored.
### mwldeppc.exe Linker Warning:
#   Section '.ignored' is unknown. Section ignored.
### mwldeppc.exe Linker Warning:
#   Section '.ignored' is unknown. Section ignored.
### mwldeppc.exe Linker Warning:
#   Section '.ignored' is unknown. Section ignored.
### mwldeppc.exe Linker Warning:
#   Section '.ignored' is unknown. Section ignored.
### mwldeppc.exe Linker Warning:
#   Section '.ignored' is unknown. Section ignored.
### mwldeppc.exe Linker Warning:
#   Section '.ignored' is unknown. Section ignored.
### mwldeppc.exe Linker Warning:
#   Section '.ignored' is unknown. Section ignored.
### mwldeppc.exe Linker Warning:
#   Section '.ignored' is unknown. Section ignored.
### mwldeppc.exe Linker Warning:
#   Section '.ignored' is unknown. Section ignored.
### mwldeppc.exe Linker Warning:
#   Section '.ignored' is unknown. Section ignored.
### mwldeppc.exe Linker Warning:
#   Section '.ignored' is unknown. Section ignored.
### mwldeppc.exe Linker Warning:
#   Section '.ignored' is unknown. Section ignored.
### mwldeppc.exe Linker Warning:
#   Section '.ignored' is unknown. Section ignored.
### mwldeppc.exe Linker Warning:
#   Section '.ignored' is unknown. Section ignored.
### mwldeppc.exe Linker Warning:
#   Section '.ignored' is unknown. Section ignored.
### mwldeppc.exe Linker Warning:
#   Section '.ignored' is unknown. Section ignored.
### mwldeppc.exe Linker Warning:
#   Section '.ignored' is unknown. Section ignored.
### mwldeppc.exe Linker Warning:
#   Section '.ignored' is unknown. Section ignored.
### mwldeppc.exe Linker Warning:
#   Section '.ignored' is unknown. Section ignored.
### mwldeppc.exe Linker Warning:
#   Section '.ignored' is unknown. Section ignored.
### mwldeppc.exe Linker Warning:
#   Section '.ignored' is unknown. Section ignored.
### mwldeppc.exe Linker Warning:
#   Section '.ignored' is unknown. Section ignored.
### mwldeppc.exe Linker Warning:
#   Section '.ignored' is unknown. Section ignored.
### mwldeppc.exe Linker Warning:
#   Section '.ignored' is unknown. Section ignored.
### mwldeppc.exe Linker Warning:
#   Section '.ignored' is unknown. Section ignored.
### mwldeppc.exe Linker Warning:
#   Section '.ignored' is unknown. Section ignored.
### mwldeppc.exe Linker Warning:
#   Section '.ignored' is unknown. Section ignored.
### mwldeppc.exe Linker Warning:
#   Section '.ignored' is unknown. Section ignored.
### mwldeppc.exe Linker Warning:
#   Section '.ignored' is unknown. Section ignored.
### mwldeppc.exe Linker Warning:
#   Section '.ignored' is unknown. Section ignored.
### mwldeppc.exe Linker Warning:
#   Section '.ignored' is unknown. Section ignored.
### mwldeppc.exe Linker Warning:
#   Section '.ignored' is unknown. Section ignored.
### mwldeppc.exe Linker Warning:
#   Section '.ignored' is unknown. Section ignored.
### mwldeppc.exe Linker Warning:
#   Section '.ignored' is unknown. Section ignored.
### mwldeppc.exe Linker Warning:
#   Section '.ignored' is unknown. Section ignored.
### mwldeppc.exe Linker Warning:
#   Section '.ignored' is unknown. Section ignored.
### mwldeppc.exe Linker Warning:
#   Section '.ignored' is unknown. Section ignored.
### mwldeppc.exe Linker Warning:
#   Section '.ignored' is unknown. Section ignored.
### mwldeppc.exe Linker Warning:
#   Section '.ignored' is unknown. Section ignored.
### mwldeppc.exe Linker Warning:
#   Section '.ignored' is unknown. Section ignored.
### mwldeppc.exe Linker Warning:
#   Section '.ignored' is unknown. Section ignored.
### mwldeppc.exe Linker Warning:
#   Section '.ignored' is unknown. Section ignored.
### mwldeppc.exe Linker Warning:
#   Section '.ignored' is unknown. Section ignored.
### mwldeppc.exe Linker Warning:
#   Section '.ignored' is unknown. Section ignored.
### mwldeppc.exe Linker Warning:
#   Section '.ignored' is unknown. Section ignored.
### mwldeppc.exe Linker Warning:
#   Section '.ignored' is unknown. Section ignored.
### mwldeppc.exe Linker Warning:
#   Section '.ignored' is unknown. Section ignored.
### mwldeppc.exe Linker Warning:
#   Section '.ignored' is unknown. Section ignored.
### mwldeppc.exe Linker Warning:
#   Section '.ignored' is unknown. Section ignored.
### mwldeppc.exe Linker Warning:
#   Section '.ignored' is unknown. Section ignored.
### mwldeppc.exe Linker Warning:
#   Section '.ignored' is unknown. Section ignored.
### mwldeppc.exe Linker Warning:
#   Section '.ignored' is unknown. Section ignored.
### mwldeppc.exe Linker Warning:
#   Section '.ignored' is unknown. Section ignored.
### mwldeppc.exe Linker Warning:
#   Section '.ignored' is unknown. Section ignored.
### mwldeppc.exe Linker Warning:
#   Section '.ignored' is unknown. Section ignored.
### mwldeppc.exe Linker Warning:
#   Section '.ignored' is unknown. Section ignored.
### mwldeppc.exe Linker Warning:
#   Section '.ignored' is unknown. Section ignored.
### mwldeppc.exe Linker Warning:
#   Section '.ignored' is unknown. Section ignored.
### mwldeppc.exe Linker Warning:
#   Section '.ignored' is unknown. Section ignored.
### mwldeppc.exe Linker Warning:
#   Section '.ignored' is unknown. Section ignored.
### mwldeppc.exe Linker Warning:
#   Section '.ignored' is unknown. Section ignored.
### mwldeppc.exe Linker Warning:
#   Section '.ignored' is unknown. Section ignored.
### mwldeppc.exe Linker Warning:
#   Section '.ignored' is unknown. Section ignored.
### mwldeppc.exe Linker Warning:
#   Section '.ignored' is unknown. Section ignored.
### mwldeppc.exe Linker Warning:
#   Section '.ignored' is unknown. Section ignored.
### mwldeppc.exe Linker Warning:
#   Section '.ignored' is unknown. Section ignored.
### mwldeppc.exe Linker Warning:
#   Section '.ignored' is unknown. Section ignored.
### mwldeppc.exe Linker Warning:
#   Section '.ignored' is unknown. Section ignored.
### mwldeppc.exe Linker Warning:
#   Section '.ignored' is unknown. Section ignored.
### mwldeppc.exe Linker Warning:
#   Section '.ignored' is unknown. Section ignored.
### mwldeppc.exe Linker Warning:
#   Section '.ignored' is unknown. Section ignored.
### mwldeppc.exe Linker Warning:
#   Section '.ignored' is unknown. Section ignored.
### mwldeppc.exe Linker Warning:
#   Section '.ignored' is unknown. Section ignored.
### mwldeppc.exe Linker Warning:
#   Section '.ignored' is unknown. Section ignored.
### mwldeppc.exe Linker Warning:
#   Section '.ignored' is unknown. Section ignored.
### mwldeppc.exe Linker Warning:
#   Section '.ignored' is unknown. Section ignored.
### mwldeppc.exe Linker Warning:
#   Section '.ignored' is unknown. Section ignored.
### mwldeppc.exe Linker Warning:
#   Section '.ignored' is unknown. Section ignored.
### mwldeppc.exe Linker Warning:
#   Section '.ignored' is unknown. Section ignored.
### mwldeppc.exe Linker Warning:
#   Section '.ignored' is unknown. Section ignored.
### mwldeppc.exe Linker Warning:
#   Section '.ignored' is unknown. Section ignored.
### mwldeppc.exe Linker Warning:
#   Section '.ignored' is unknown. Section ignored.
### mwldeppc.exe Linker Warning:
#   Section '.ignored' is unknown. Section ignored.
### mwldeppc.exe Linker Warning:
#   Section '.ignored' is unknown. Section ignored.
### mwldeppc.exe Linker Warning:
#   Section '.ignored' is unknown. Section ignored.
### mwldeppc.exe Linker Warning:
#   Section '.ignored' is unknown. Section ignored.
### mwldeppc.exe Linker Warning:
#   Section '.ignored' is unknown. Section ignored.
### mwldeppc.exe Linker Warning:
#   Section '.ignored' is unknown. Section ignored.
### mwldeppc.exe Linker Warning:
#   Section '.ignored' is unknown. Section ignored.
### mwldeppc.exe Linker Warning:
#   Section '.ignored' is unknown. Section ignored.
### mwldeppc.exe Linker Warning:
#   Section '.ignored' is unknown. Section ignored.
### mwldeppc.exe Linker Warning:
#   Section '.ignored' is unknown. Section ignored.
### mwldeppc.exe Linker Warning:
#   Section '.ignored' is unknown. Section ignored.
### mwldeppc.exe Linker Warning:
#   Section '.ignored' is unknown. Section ignored.
### mwldeppc.exe Linker Warning:
#   Section '.ignored' is unknown. Section ignored.
### mwldeppc.exe Linker Warning:
#   Section '.ignored' is unknown. Section ignored.
### mwldeppc.exe Linker Warning:
#   Section '.ignored' is unknown. Section ignored.
### mwldeppc.exe Linker Warning:
#   Section '.ignored' is unknown. Section ignored.
### mwldeppc.exe Linker Warning:
#   Section '.ignored' is unknown. Section ignored.
### mwldeppc.exe Linker Warning:
#   Section '.ignored' is unknown. Section ignored.
### mwldeppc.exe Linker Warning:
#   Section '.ignored' is unknown. Section ignored.
### mwldeppc.exe Linker Warning:
#   Section '.ignored' is unknown. Section ignored.
### mwldeppc.exe Linker Warning:
#   Section '.ignored' is unknown. Section ignored.
### mwldeppc.exe Linker Warning:
#   Section '.ignored' is unknown. Section ignored.
### mwldeppc.exe Linker Warning:
#   Section '.ignored' is unknown. Section ignored.
### mwldeppc.exe Linker Warning:
#   Section '.ignored' is unknown. Section ignored.
### mwldeppc.exe Linker Warning:
#   Section '.ignored' is unknown. Section ignored.
### mwldeppc.exe Linker Warning:
#   Section '.ignored' is unknown. Section ignored.
### mwldeppc.exe Linker Warning:
#   Section '.ignored' is unknown. Section ignored.
### mwldeppc.exe Linker Warning:
#   Section '.ignored' is unknown. Section ignored.
### mwldeppc.exe Linker Warning:
#   Section '.ignored' is unknown. Section ignored.
### mwldeppc.exe Linker Warning:
#   Section '.ignored' is unknown. Section ignored.
### mwldeppc.exe Linker Warning:
#   Section '.ignored' is unknown. Section ignored.
### mwldeppc.exe Linker Warning:
#   Section '.ignored' is unknown. Section ignored.
### mwldeppc.exe Linker Warning:
#   Section '.ignored' is unknown. Section ignored.
### mwldeppc.exe Linker Warning:
#   Section '.ignored' is unknown. Section ignored.
### mwldeppc.exe Linker Warning:
#   Section '.ignored' is unknown. Section ignored.
### mwldeppc.exe Linker Warning:
#   Section '.ignored' is unknown. Section ignored.
### mwldeppc.exe Linker Warning:
#   Section '.ignored' is unknown. Section ignored.
### mwldeppc.exe Linker Warning:
#   Section '.ignored' is unknown. Section ignored.
### mwldeppc.exe Linker Warning:
#   Section '.ignored' is unknown. Section ignored.
### mwldeppc.exe Linker Warning:
#   Section '.ignored' is unknown. Section ignored.
### mwldeppc.exe Linker Warning:
#   Section '.ignored' is unknown. Section ignored.
### mwldeppc.exe Linker Warning:
#   Section '.ignored' is unknown. Section ignored.
### mwldeppc.exe Linker Warning:
#   Section '.ignored' is unknown. Section ignored.
### mwldeppc.exe Linker Warning:
#   Section '.ignored' is unknown. Section ignored.
### mwldeppc.exe Linker Warning:
#   Section '.ignored' is unknown. Section ignored.
### mwldeppc.exe Linker Warning:
#   Section '.ignored' is unknown. Section ignored.
### mwldeppc.exe Linker Warning:
#   Section '.ignored' is unknown. Section ignored.
### mwldeppc.exe Linker Warning:
#   Section '.ignored' is unknown. Section ignored.
### mwldeppc.exe Linker Warning:
#   Section '.ignored' is unknown. Section ignored.
### mwldeppc.exe Linker Warning:
#   Section '.ignored' is unknown. Section ignored.
### mwldeppc.exe Linker Warning:
#   Section '.ignored' is unknown. Section ignored.
### mwldeppc.exe Linker Warning:
#   Section '.ignored' is unknown. Section ignored.
### mwldeppc.exe Linker Warning:
#   Section '.ignored' is unknown. Section ignored.
### mwldeppc.exe Linker Warning:
#   Section '.ignored' is unknown. Section ignored.
### mwldeppc.exe Linker Warning:
#   Section '.ignored' is unknown. Section ignored.
### mwldeppc.exe Linker Warning:
#   Section '.ignored' is unknown. Section ignored.
### mwldeppc.exe Linker Warning:
#   Section '.ignored' is unknown. Section ignored.
### mwldeppc.exe Linker Warning:
#   Section '.ignored' is unknown. Section ignored.
### mwldeppc.exe Linker Warning:
#   Section '.ignored' is unknown. Section ignored.
### mwldeppc.exe Linker Warning:
#   Section '.ignored' is unknown. Section ignored.
### mwldeppc.exe Linker Warning:
#   Section '.ignored' is unknown. Section ignored.
### mwldeppc.exe Linker Warning:
#   Section '.ignored' is unknown. Section ignored.
### mwldeppc.exe Linker Warning:
#   Section '.ignored' is unknown. Section ignored.
### mwldeppc.exe Linker Warning:
#   Section '.ignored' is unknown. Section ignored.
### mwldeppc.exe Linker Warning:
#   Section '.ignored' is unknown. Section ignored.
### mwldeppc.exe Linker Warning:
#   Section '.ignored' is unknown. Section ignored.
### mwldeppc.exe Linker Warning:
#   Section '.ignored' is unknown. Section ignored.
### mwldeppc.exe Linker Warning:
#   Section '.ignored' is unknown. Section ignored.
### mwldeppc.exe Linker Warning:
#   Section '.ignored' is unknown. Section ignored.
### mwldeppc.exe Linker Warning:
#   Section '.ignored' is unknown. Section ignored.
### mwldeppc.exe Linker Warning:
#   Section '.ignored' is unknown. Section ignored.
### mwldeppc.exe Linker Warning:
#   Section '.ignored' is unknown. Section ignored.
### mwldeppc.exe Linker Warning:
#   Section '.ignored' is unknown. Section ignored.
### mwldeppc.exe Linker Warning:
#   Section '.ignored' is unknown. Section ignored.
### mwldeppc.exe Linker Warning:
#   Section '.ignored' is unknown. Section ignored.
### mwldeppc.exe Linker Warning:
#   Section '.ignored' is unknown. Section ignored.
### mwldeppc.exe Linker Warning:
#   Section '.ignored' is unknown. Section ignored.
### mwldeppc.exe Linker Warning:
#   Section '.ignored' is unknown. Section ignored.
### mwldeppc.exe Linker Warning:
#   Section '.ignored' is unknown. Section ignored.
### mwldeppc.exe Linker Warning:
#   Section '.ignored' is unknown. Section ignored.
### mwldeppc.exe Linker Warning:
#   Section '.ignored' is unknown. Section ignored.
### mwldeppc.exe Linker Warning:
#   Section '.ignored' is unknown. Section ignored.
### mwldeppc.exe Linker Warning:
#   Section '.ignored' is unknown. Section ignored.
### mwldeppc.exe Linker Warning:
#   Section '.ignored' is unknown. Section ignored.
### mwldeppc.exe Linker Warning:
#   Section '.ignored' is unknown. Section ignored.
### mwldeppc.exe Linker Warning:
#   Section '.ignored' is unknown. Section ignored.
### mwldeppc.exe Linker Warning:
#   Section '.ignored' is unknown. Section ignored.
### mwldeppc.exe Linker Warning:
#   Section '.ignored' is unknown. Section ignored.
### mwldeppc.exe Linker Warning:
#   Section '.ignored' is unknown. Section ignored.
### mwldeppc.exe Linker Warning:
#   Section '.ignored' is unknown. Section ignored.
### mwldeppc.exe Linker Warning:
#   Section '.ignored' is unknown. Section ignored.
### mwldeppc.exe Linker Warning:
#   Section '.ignored' is unknown. Section ignored.
### mwldeppc.exe Linker Warning:
#   Section '.ignored' is unknown. Section ignored.
### mwldeppc.exe Linker Warning:
#   Section '.ignored' is unknown. Section ignored.
### mwldeppc.exe Linker Warning:
#   Section '.ignored' is unknown. Section ignored.
### mwldeppc.exe Linker Warning:
#   Section '.ignored' is unknown. Section ignored.
### mwldeppc.exe Linker Warning:
#   Section '.ignored' is unknown. Section ignored.
### mwldeppc.exe Linker Warning:
#   Section '.ignored' is unknown. Section ignored.
### mwldeppc.exe Linker Warning:
#   Section '.ignored' is unknown. Section ignored.
### mwldeppc.exe Linker Warning:
#   Section '.ignored' is unknown. Section ignored.
### mwldeppc.exe Linker Warning:
#   Section '.ignored' is unknown. Section ignored.
### mwldeppc.exe Linker Warning:
#   Section '.ignored' is unknown. Section ignored.
### mwldeppc.exe Linker Warning:
#   Section '.ignored' is unknown. Section ignored.
### mwldeppc.exe Linker Warning:
#   Section '.ignored' is unknown. Section ignored.
### mwldeppc.exe Linker Warning:
#   Section '.ignored' is unknown. Section ignored.
### mwldeppc.exe Linker Warning:
#   Section '.ignored' is unknown. Section ignored.
### mwldeppc.exe Linker Warning:
#   Section '.ignored' is unknown. Section ignored.
### mwldeppc.exe Linker Warning:
#   Section '.ignored' is unknown. Section ignored.
### mwldeppc.exe Linker Warning:
#   Section '.ignored' is unknown. Section ignored.
### mwldeppc.exe Linker Warning:
#   Section '.ignored' is unknown. Section ignored.
### mwldeppc.exe Linker Warning:
#   Section '.ignored' is unknown. Section ignored.
### mwldeppc.exe Linker Warning:
#   Section '.ignored' is unknown. Section ignored.
### mwldeppc.exe Linker Warning:
#   Section '.ignored' is unknown. Section ignored.
### mwldeppc.exe Linker Warning:
#   Section '.ignored' is unknown. Section ignored.
### mwldeppc.exe Linker Warning:
#   Section '.ignored' is unknown. Section ignored.
### mwldeppc.exe Linker Warning:
#   Section '.ignored' is unknown. Section ignored.
### mwldeppc.exe Linker Warning:
#   Section '.ignored' is unknown. Section ignored.
### mwldeppc.exe Linker Warning:
#   Section '.ignored' is unknown. Section ignored.
### mwldeppc.exe Linker Warning:
#   Section '.ignored' is unknown. Section ignored.
### mwldeppc.exe Linker Warning:
#   Section '.ignored' is unknown. Section ignored.
### mwldeppc.exe Linker Warning:
#   Section '.ignored' is unknown. Section ignored.
### mwldeppc.exe Linker Warning:
#   Section '.ignored' is unknown. Section ignored.
### mwldeppc.exe Linker Warning:
#   Section '.ignored' is unknown. Section ignored.
### mwldeppc.exe Linker Warning:
#   Section '.ignored' is unknown. Section ignored.
### mwldeppc.exe Linker Warning:
#   Section '.ignored' is unknown. Section ignored.
### mwldeppc.exe Linker Warning:
#   Section '.ignored' is unknown. Section ignored.
### mwldeppc.exe Linker Warning:
#   Section '.ignored' is unknown. Section ignored.
### mwldeppc.exe Linker Warning:
#   Section '.ignored' is unknown. Section ignored.
### mwldeppc.exe Linker Warning:
#   Section '.ignored' is unknown. Section ignored.
### mwldeppc.exe Linker Warning:
#   Section '.ignored' is unknown. Section ignored.
### mwldeppc.exe Linker Warning:
#   Section '.ignored' is unknown. Section ignored.
### mwldeppc.exe Linker Warning:
#   Section '.ignored' is unknown. Section ignored.
### mwldeppc.exe Linker Warning:
#   Section '.ignored' is unknown. Section ignored.
### mwldeppc.exe Linker Warning:
#   Section '.ignored' is unknown. Section ignored.
### mwldeppc.exe Linker Warning:
#   Section '.ignored' is unknown. Section ignored.
### mwldeppc.exe Linker Warning:
#   Section '.ignored' is unknown. Section ignored.
### mwldeppc.exe Linker Warning:
#   Section '.ignored' is unknown. Section ignored.
### mwldeppc.exe Linker Warning:
#   Section '.ignored' is unknown. Section ignored.
### mwldeppc.exe Linker Warning:
#   Section '.ignored' is unknown. Section ignored.
### mwldeppc.exe Linker Warning:
#   Section '.ignored' is unknown. Section ignored.
### mwldeppc.exe Linker Warning:
#   Section '.ignored' is unknown. Section ignored.
### mwldeppc.exe Linker Warning:
#   Section '.ignored' is unknown. Section ignored.
### mwldeppc.exe Linker Warning:
#   Section '.ignored' is unknown. Section ignored.
### mwldeppc.exe Linker Warning:
#   Section '.ignored' is unknown. Section ignored.
### mwldeppc.exe Linker Warning:
#   Section '.ignored' is unknown. Section ignored.
### mwldeppc.exe Linker Warning:
#   Section '.ignored' is unknown. Section ignored.
### mwldeppc.exe Linker Warning:
#   Section '.ignored' is unknown. Section ignored.
### mwldeppc.exe Linker Warning:
#   Section '.ignored' is unknown. Section ignored.
### mwldeppc.exe Linker Warning:
#   Section '.ignored' is unknown. Section ignored.
### mwldeppc.exe Linker Warning:
#   Section '.ignored' is unknown. Section ignored.
### mwldeppc.exe Linker Warning:
#   Section '.ignored' is unknown. Section ignored.
### mwldeppc.exe Linker Warning:
#   Section '.ignored' is unknown. Section ignored.
### mwldeppc.exe Linker Warning:
#   Section '.ignored' is unknown. Section ignored.
### mwldeppc.exe Linker Warning:
#   Section '.ignored' is unknown. Section ignored.
### mwldeppc.exe Linker Warning:
#   Section '.ignored' is unknown. Section ignored.
### mwldeppc.exe Linker Warning:
#   Section '.ignored' is unknown. Section ignored.
### mwldeppc.exe Linker Warning:
#   Section '.ignored' is unknown. Section ignored.
### mwldeppc.exe Linker Warning:
#   Section '.ignored' is unknown. Section ignored.
### mwldeppc.exe Linker Warning:
#   Section '.ignored' is unknown. Section ignored.
### mwldeppc.exe Linker Warning:
#   Section '.ignored' is unknown. Section ignored.
### mwldeppc.exe Linker Warning:
#   Section '.ignored' is unknown. Section ignored.
### mwldeppc.exe Linker Warning:
#   Section '.ignored' is unknown. Section ignored.
### mwldeppc.exe Linker Warning:
#   Section '.ignored' is unknown. Section ignored.
### mwldeppc.exe Linker Warning:
#   Section '.ignored' is unknown. Section ignored.
### mwldeppc.exe Linker Warning:
#   Section '.ignored' is unknown. Section ignored.
### mwldeppc.exe Linker Warning:
#   Section '.ignored' is unknown. Section ignored.
### mwldeppc.exe Linker Warning:
#   Section '.ignored' is unknown. Section ignored.
### mwldeppc.exe Linker Warning:
#   Section '.ignored' is unknown. Section ignored.
### mwldeppc.exe Linker Warning:
#   Section '.ignored' is unknown. Section ignored.
### mwldeppc.exe Linker Warning:
#   Section '.ignored' is unknown. Section ignored.
### mwldeppc.exe Linker Warning:
#   Section '.ignored' is unknown. Section ignored.
### mwldeppc.exe Linker Warning:
#   Section '.ignored' is unknown. Section ignored.
### mwldeppc.exe Linker Warning:
#   Section '.ignored' is unknown. Section ignored.
### mwldeppc.exe Linker Warning:
#   Section '.ignored' is unknown. Section ignored.
### mwldeppc.exe Linker Warning:
#   Section '.ignored' is unknown. Section ignored.
### mwldeppc.exe Linker Warning:
#   Section '.ignored' is unknown. Section ignored.
### mwldeppc.exe Linker Warning:
#   Section '.ignored' is unknown. Section ignored.
### mwldeppc.exe Linker Warning:
#   Section '.ignored' is unknown. Section ignored.
### mwldeppc.exe Linker Warning:
#   Section '.ignored' is unknown. Section ignored.
### mwldeppc.exe Linker Warning:
#   Section '.ignored' is unknown. Section ignored.
### mwldeppc.exe Linker Warning:
#   Section '.ignored' is unknown. Section ignored.
### mwldeppc.exe Linker Warning:
#   Section '.ignored' is unknown. Section ignored.
### mwldeppc.exe Linker Warning:
#   Section '.ignored' is unknown. Section ignored.
### mwldeppc.exe Linker Warning:
#   Section '.ignored' is unknown. Section ignored.
### mwldeppc.exe Linker Warning:
#   Section '.ignored' is unknown. Section ignored.
### mwldeppc.exe Linker Warning:
#   Section '.ignored' is unknown. Section ignored.
### mwldeppc.exe Linker Warning:
#   Section '.ignored' is unknown. Section ignored.
### mwldeppc.exe Linker Warning:
#   Section '.ignored' is unknown. Section ignored.
### mwldeppc.exe Linker Warning:
#   Section '.ignored' is unknown. Section ignored.
### mwldeppc.exe Linker Warning:
#   Section '.ignored' is unknown. Section ignored.
### mwldeppc.exe Linker Warning:
#   Section '.ignored' is unknown. Section ignored.
### mwldeppc.exe Linker Warning:
#   Section '.ignored' is unknown. Section ignored.
### mwldeppc.exe Linker Warning:
#   Section '.ignored' is unknown. Section ignored.
### mwldeppc.exe Linker Warning:
#   Section '.ignored' is unknown. Section ignored.
### mwldeppc.exe Linker Warning:
#   Section '.ignored' is unknown. Section ignored.
### mwldeppc.exe Linker Warning:
#   Section '.ignored' is unknown. Section ignored.
### mwldeppc.exe Linker Warning:
#   Section '.ignored' is unknown. Section ignored.
### mwldeppc.exe Linker Warning:
#   Section '.ignored' is unknown. Section ignored.
### mwldeppc.exe Linker Warning:
#   Section '.ignored' is unknown. Section ignored.
### mwldeppc.exe Linker Warning:
#   Section '.ignored' is unknown. Section ignored.
### mwldeppc.exe Linker Warning:
#   Section '.ignored' is unknown. Section ignored.
### mwldeppc.exe Linker Warning:
#   Section '.ignored' is unknown. Section ignored.
### mwldeppc.exe Linker Warning:
#   Section '.ignored' is unknown. Section ignored.
### mwldeppc.exe Linker Warning:
#   Section '.ignored' is unknown. Section ignored.
### mwldeppc.exe Linker Warning:
#   Section '.ignored' is unknown. Section ignored.
### mwldeppc.exe Linker Warning:
#   Section '.ignored' is unknown. Section ignored.
### mwldeppc.exe Linker Warning:
#   Section '.ignored' is unknown. Section ignored.
### mwldeppc.exe Linker Warning:
#   Section '.ignored' is unknown. Section ignored.
### mwldeppc.exe Linker Warning:
#   Section '.ignored' is unknown. Section ignored.
### mwldeppc.exe Linker Warning:
#   Section '.ignored' is unknown. Section ignored.
### mwldeppc.exe Linker Warning:
#   Section '.ignored' is unknown. Section ignored.
### mwldeppc.exe Linker Warning:
#   Section '.ignored' is unknown. Section ignored.
### mwldeppc.exe Linker Warning:
#   Section '.ignored' is unknown. Section ignored.
### mwldeppc.exe Linker Warning:
#   Section '.ignored' is unknown. Section ignored.
### mwldeppc.exe Linker Warning:
#   Section '.ignored' is unknown. Section ignored.
### mwldeppc.exe Linker Warning:
#   Section '.ignored' is unknown. Section ignored.
### mwldeppc.exe Linker Warning:
#   Section '.ignored' is unknown. Section ignored.
### mwldeppc.exe Linker Warning:
#   Section '.ignored' is unknown. Section ignored.
### mwldeppc.exe Linker Warning:
#   Section '.ignored' is unknown. Section ignored.
### mwldeppc.exe Linker Warning:
#   Section '.ignored' is unknown. Section ignored.
### mwldeppc.exe Linker Warning:
#   Section '.ignored' is unknown. Section ignored.
### mwldeppc.exe Linker Warning:
#   Section '.ignored' is unknown. Section ignored.
### mwldeppc.exe Linker Warning:
#   Section '.ignored' is unknown. Section ignored.
### mwldeppc.exe Linker Warning:
#   Section '.ignored' is unknown. Section ignored.
### mwldeppc.exe Linker Warning:
#   Section '.ignored' is unknown. Section ignored.
### mwldeppc.exe Linker Warning:
#   Section '.ignored' is unknown. Section ignored.
### mwldeppc.exe Linker Warning:
#   Section '.ignored' is unknown. Section ignored.
### mwldeppc.exe Linker Warning:
#   Section '.ignored' is unknown. Section ignored.
### mwldeppc.exe Linker Warning:
#   Section '.ignored' is unknown. Section ignored.
### mwldeppc.exe Linker Warning:
#   Section '.ignored' is unknown. Section ignored.
### mwldeppc.exe Linker Warning:
#   Section '.ignored' is unknown. Section ignored.
### mwldeppc.exe Linker Warning:
#   Section '.ignored' is unknown. Section ignored.
### mwldeppc.exe Linker Warning:
#   Section '.ignored' is unknown. Section ignored.
### mwldeppc.exe Linker Warning:
#   Section '.ignored' is unknown. Section ignored.
### mwldeppc.exe Linker Warning:
#   Section '.ignored' is unknown. Section ignored.
### mwldeppc.exe Linker Warning:
#   Section '.ignored' is unknown. Section ignored.
### mwldeppc.exe Linker Warning:
#   Section '.ignored' is unknown. Section ignored.
### mwldeppc.exe Linker Warning:
#   Section '.ignored' is unknown. Section ignored.
### mwldeppc.exe Linker Warning:
#   Section '.ignored' is unknown. Section ignored.
### mwldeppc.exe Linker Warning:
#   Section '.ignored' is unknown. Section ignored.
### mwldeppc.exe Linker Warning:
#   Section '.ignored' is unknown. Section ignored.
### mwldeppc.exe Linker Warning:
#   Section '.ignored' is unknown. Section ignored.
### mwldeppc.exe Linker Warning:
#   Section '.ignored' is unknown. Section ignored.
### mwldeppc.exe Linker Warning:
#   Section '.ignored' is unknown. Section ignored.
### mwldeppc.exe Linker Warning:
#   Section '.ignored' is unknown. Section ignored.
### mwldeppc.exe Linker Warning:
#   Section '.ignored' is unknown. Section ignored.
### mwldeppc.exe Linker Warning:
#   Section '.ignored' is unknown. Section ignored.
### mwldeppc.exe Linker Warning:
#   Section '.ignored' is unknown. Section ignored.
### mwldeppc.exe Linker Warning:
#   Section '.ignored' is unknown. Section ignored.
### mwldeppc.exe Linker Warning:
#   Section '.ignored' is unknown. Section ignored.
### mwldeppc.exe Linker Warning:
#   Section '.ignored' is unknown. Section ignored.
### mwldeppc.exe Linker Warning:
#   Section '.ignored' is unknown. Section ignored.
### mwldeppc.exe Linker Warning:
#   Section '.ignored' is unknown. Section ignored.
### mwldeppc.exe Linker Warning:
#   Section '.ignored' is unknown. Section ignored.
### mwldeppc.exe Linker Warning:
#   Section '.ignored' is unknown. Section ignored.
### mwldeppc.exe Linker Warning:
#   Section '.ignored' is unknown. Section ignored.
### mwldeppc.exe Linker Warning:
#   Section '.ignored' is unknown. Section ignored.
### mwldeppc.exe Linker Warning:
#   Section '.ignored' is unknown. Section ignored.
### mwldeppc.exe Linker Warning:
#   Section '.ignored' is unknown. Section ignored.
### mwldeppc.exe Linker Warning:
#   Section '.ignored' is unknown. Section ignored.
### mwldeppc.exe Linker Warning:
#   Section '.ignored' is unknown. Section ignored.
### mwldeppc.exe Linker Warning:
#   Section '.ignored' is unknown. Section ignored.
### mwldeppc.exe Linker Warning:
#   Section '.ignored' is unknown. Section ignored.
### mwldeppc.exe Linker Warning:
#   Section '.ignored' is unknown. Section ignored.
### mwldeppc.exe Linker Warning:
#   Section '.ignored' is unknown. Section ignored.
### mwldeppc.exe Linker Warning:
#   Section '.ignored' is unknown. Section ignored.
### mwldeppc.exe Linker Warning:
#   Section '.ignored' is unknown. Section ignored.
### mwldeppc.exe Linker Warning:
#   Section '.ignored' is unknown. Section ignored.
### mwldeppc.exe Linker Warning:
#   Section '.ignored' is unknown. Section ignored.
### mwldeppc.exe Linker Warning:
#   Section '.ignored' is unknown. Section ignored.
### mwldeppc.exe Linker Warning:
#   Section '.ignored' is unknown. Section ignored.
### mwldeppc.exe Linker Warning:
#   Section '.ignored' is unknown. Section ignored.
### mwldeppc.exe Linker Warning:
#   Section '.ignored' is unknown. Section ignored.
### mwldeppc.exe Linker Warning:
#   Section '.ignored' is unknown. Section ignored.
### mwldeppc.exe Linker Warning:
#   Section '.ignored' is unknown. Section ignored.
### mwldeppc.exe Linker Warning:
#   Section '.ignored' is unknown. Section ignored.
### mwldeppc.exe Linker Warning:
#   Section '.ignored' is unknown. Section ignored.
### mwldeppc.exe Linker Warning:
#   Section '.ignored' is unknown. Section ignored.
### mwldeppc.exe Linker Warning:
#   Section '.ignored' is unknown. Section ignored.
### mwldeppc.exe Linker Warning:
#   Section '.ignored' is unknown. Section ignored.
### mwldeppc.exe Linker Warning:
#   Section '.ignored' is unknown. Section ignored.
### mwldeppc.exe Linker Warning:
#   Section '.ignored' is unknown. Section ignored.
### mwldeppc.exe Linker Warning:
#   Section '.ignored' is unknown. Section ignored.
### mwldeppc.exe Linker Warning:
#   Section '.ignored' is unknown. Section ignored.
### mwldeppc.exe Linker Warning:
#   Section '.ignored' is unknown. Section ignored.
### mwldeppc.exe Linker Warning:
#   Section '.ignored' is unknown. Section ignored.
### mwldeppc.exe Linker Warning:
#   Section '.ignored' is unknown. Section ignored.
### mwldeppc.exe Linker Warning:
#   Section '.ignored' is unknown. Section ignored.
### mwldeppc.exe Linker Warning:
#   Section '.ignored' is unknown. Section ignored.
### mwldeppc.exe Linker Warning:
#   Section '.ignored' is unknown. Section ignored.
### mwldeppc.exe Linker Warning:
#   Section '.ignored' is unknown. Section ignored.
### mwldeppc.exe Linker Warning:
#   Section '.ignored' is unknown. Section ignored.
### mwldeppc.exe Linker Warning:
#   Section '.ignored' is unknown. Section ignored.
### mwldeppc.exe Linker Warning:
#   Section '.ignored' is unknown. Section ignored.
### mwldeppc.exe Linker Warning:
#   Section '.ignored' is unknown. Section ignored.
### mwldeppc.exe Linker Warning:
#   Section '.ignored' is unknown. Section ignored.
### mwldeppc.exe Linker Warning:
#   Section '.ignored' is unknown. Section ignored.
### mwldeppc.exe Linker Warning:
#   Section '.ignored' is unknown. Section ignored.
### mwldeppc.exe Linker Warning:
#   Section '.ignored' is unknown. Section ignored.
### mwldeppc.exe Linker Warning:
#   Section '.ignored' is unknown. Section ignored.
### mwldeppc.exe Linker Warning:
#   Section '.ignored' is unknown. Section ignored.
### mwldeppc.exe Linker Warning:
#   Section '.ignored' is unknown. Section ignored.
### mwldeppc.exe Linker Warning:
#   Section '.ignored' is unknown. Section ignored.
### mwldeppc.exe Linker Warning:
#   Section '.ignored' is unknown. Section ignored.
### mwldeppc.exe Linker Warning:
#   Section '.ignored' is unknown. Section ignored.
### mwldeppc.exe Linker Warning:
#   Section '.ignored' is unknown. Section ignored.
### mwldeppc.exe Linker Warning:
#   Section '.ignored' is unknown. Section ignored.
### mwldeppc.exe Linker Warning:
#   Section '.ignored' is unknown. Section ignored.
### mwldeppc.exe Linker Warning:
#   Section '.ignored' is unknown. Section ignored.
### mwldeppc.exe Linker Warning:
#   Section '.ignored' is unknown. Section ignored.
### mwldeppc.exe Linker Warning:
#   Section '.ignored' is unknown. Section ignored.
### mwldeppc.exe Linker Warning:
#   Section '.ignored' is unknown. Section ignored.
### mwldeppc.exe Linker Warning:
#   Section '.ignored' is unknown. Section ignored.
[983/987] DOL build/GEDE01/main.dol
[984/987] CHECK config/GEDE01/build.sha1
build/GEDE01/main.dol: OK
[985/987] PROGRESS
Progress:
  All: 61.11% fuzzy, 51.96% matched, 51.88% linked (6396 / 7089 files)
    Code: 1195448 / 2300692 bytes (6163 / 8214 functions)
    Data: 39886 / 4305642 bytes (0.93%)
  Game Code: 98.03% fuzzy, 83.32% matched, 83.20% linked (6378 / 6653 files)
    Code: 1192420 / 1431136 bytes (6101 / 6374 functions)
    Data: 39662 / 40542 bytes (97.83%)
  SDK/Runtime: 100.00% fuzzy, 100.00% matched, 100.00% linked (18 / 18 files)
    Code: 3028 / 3028 bytes (62 / 62 functions)
    Data: 224 / 224 bytes (100.00%)
