Script started on 2026-09-29 17:22:43-04:00 [COMMAND=".tools/bin/ninja -j2" <not executed on terminal>]
[1/1] RUN configure.py
[1/956] MWCC build/GEDE01/src/game/game_fn_80008014.o
[2/956] MWCC build/GEDE01/src/game/game_fn_800094C0.o
[3/956] MWCC build/GEDE01/src/game/game_fn_800098C0.o
[4/956] MWCC build/GEDE01/src/game/game_fn_800096E0.o
[5/956] MWCC build/GEDE01/src/game/game_fn_800099D8.o
[6/956] MWCC build/GEDE01/src/game/game_fn_80009AB4.o
[7/956] MWCC build/GEDE01/src/game/game_fn_8000A26C.o
[8/956] MWCC build/GEDE01/src/game/game_fn_8000AC88.o
[9/956] MWCC build/GEDE01/src/game/game_fn_8000AEB4.o
[10/956] MWCC build/GEDE01/src/game/game_fn_8000AFB4.o
[11/956] MWCC build/GEDE01/src/game/game_fn_8000B1B8.o
[12/956] MWCC build/GEDE01/src/game/game_fn_8000B36C.o
[13/956] MWCC build/GEDE01/src/game/game_fn_8000B7FC.o
[14/956] MWCC build/GEDE01/src/game/game_fn_8000B630.o
[15/956] MWCC build/GEDE01/src/game/game_fn_8000B900.o
[16/956] MWCC build/GEDE01/src/game/game_fn_8000BA0C.o
[17/956] MWCC build/GEDE01/src/game/game_fn_8000BAA0.o
[18/956] MWCC build/GEDE01/src/game/game_fn_8000BC40.o
[19/956] MWCC build/GEDE01/src/game/game_fn_8000C06C.o
[20/956] MWCC build/GEDE01/src/game/game_fn_8000C17C.o
[21/956] MWCC build/GEDE01/src/game/game_fn_8000C848.o
[22/956] MWCC build/GEDE01/src/game/game_fn_8000C400.o
[23/956] MWCC build/GEDE01/src/game/game_fn_8000D0BC.o
[24/956] MWCC build/GEDE01/src/game/game_fn_8000C91C.o
[25/956] MWCC build/GEDE01/src/game/game_fn_8000D3D4.o
[26/956] MWCC build/GEDE01/src/game/game_fn_8000D590.o
[27/956] MWCC build/GEDE01/src/game/game_fn_8000DA50.o
[28/956] MWCC build/GEDE01/src/game/game_fn_8000D8A4.o
[29/956] MWCC build/GEDE01/src/game/game_fn_8000DAF4.o
[30/956] MWCC build/GEDE01/src/game/game_fn_8000E054.o
[31/956] MWCC build/GEDE01/src/game/game_fn_8000E0AC.o
[32/956] MWCC build/GEDE01/src/game/game_fn_8000E138.o
[33/956] MWCC build/GEDE01/src/game/game_fn_8000E1C4.o
[34/956] MWCC build/GEDE01/src/game/game_fn_8000E96C.o
[35/956] MWCC build/GEDE01/src/game/game_fn_8000EBD4.o
[36/956] MWCC build/GEDE01/src/game/game_fn_8000EB14.o
[37/956] MWCC build/GEDE01/src/game/game_fn_8000ED44.o
[38/956] MWCC build/GEDE01/src/game/game_fn_8000EFC4.o
[39/956] MWCC build/GEDE01/src/game/game_fn_8000F4B0.o
[40/956] MWCC build/GEDE01/src/game/game_fn_8000F774.o
[41/956] MWCC build/GEDE01/src/game/game_fn_8000FDE8.o
[42/956] MWCC build/GEDE01/src/game/game_fn_8000FFD8.o
[43/956] MWCC build/GEDE01/src/game/game_fn_800119FC.o
[44/956] MWCC build/GEDE01/src/game/game_fn_80012DA8.o
[45/956] MWCC build/GEDE01/src/game/game_fn_80012F40.o
[46/956] MWCC build/GEDE01/src/game/game_fn_80012FD0.o
[47/956] MWCC build/GEDE01/src/game/game_fn_800131E8.o
[48/956] MWCC build/GEDE01/src/game/game_fn_80013340.o
[49/956] MWCC build/GEDE01/src/game/game_fn_80013870.o
[50/956] MWCC build/GEDE01/src/game/game_fn_80013CB0.o
[51/956] MWCC build/GEDE01/src/game/game_fn_80013D54.o
[52/956] MWCC build/GEDE01/src/game/game_fn_800142DC.o
[53/956] MWCC build/GEDE01/src/game/game_fn_800144CC.o
[54/956] MWCC build/GEDE01/src/game/game_fn_80014784.o
[55/956] MWCC build/GEDE01/src/game/game_fn_800149D4.o
[56/956] MWCC build/GEDE01/src/game/game_fn_80015058.o
[57/956] MWCC build/GEDE01/src/game/game_fn_80015320.o
[58/956] MWCC build/GEDE01/src/game/game_fn_80015568.o
[59/956] MWCC build/GEDE01/src/game/game_fn_800156FC.o
[60/956] MWCC build/GEDE01/src/game/game_fn_80015BE0.o
[61/956] MWCC build/GEDE01/src/game/game_fn_80015D40.o
[62/956] MWCC build/GEDE01/src/game/game_fn_80015F04.o
[63/956] MWCC build/GEDE01/src/game/game_fn_80016128.o
[64/956] MWCC build/GEDE01/src/game/game_fn_80016270.o
[65/956] MWCC build/GEDE01/src/game/game_fn_80016904.o
[66/956] MWCC build/GEDE01/src/game/game_fn_80016B24.o
[67/956] MWCC build/GEDE01/src/game/game_fn_800171C0.o
[68/956] MWCC build/GEDE01/src/game/game_fn_800173CC.o
[69/956] MWCC build/GEDE01/src/game/game_fn_800176F0.o
[70/956] MWCC build/GEDE01/src/game/game_fn_80017910.o
[71/956] MWCC build/GEDE01/src/game/game_fn_800179AC.o
[72/956] MWCC build/GEDE01/src/game/game_fn_80017A3C.o
[73/956] MWCC build/GEDE01/src/game/game_fn_80017AE4.o
[74/956] MWCC build/GEDE01/src/game/game_fn_80017C3C.o
[75/956] MWCC build/GEDE01/src/game/game_fn_80017CC8.o
[76/956] MWCC build/GEDE01/src/game/game_fn_80017DB0.o
[77/956] MWCC build/GEDE01/src/game/game_fn_80018EF4.o
[78/956] MWCC build/GEDE01/src/game/game_fn_80019054.o
[79/956] MWCC build/GEDE01/src/game/game_fn_80019244.o
[80/956] MWCC build/GEDE01/src/game/game_fn_800194D0.o
[81/956] MWCC build/GEDE01/src/game/game_fn_80019940.o
[82/956] MWCC build/GEDE01/src/game/game_fn_80019C10.o
[83/956] MWCC build/GEDE01/src/game/game_fn_80019D2C.o
[84/956] MWCC build/GEDE01/src/game/game_fn_80019F98.o
[85/956] MWCC build/GEDE01/src/game/game_fn_8001A6C4.o
[86/956] MWCC build/GEDE01/src/game/game_fn_8001AAB8.o
[87/956] MWCC build/GEDE01/src/game/game_fn_8001ADF8.o
[88/956] MWCC build/GEDE01/src/game/game_fn_8001AF68.o
[89/956] MWCC build/GEDE01/src/game/game_fn_8001B124.o
[90/956] MWCC build/GEDE01/src/game/game_fn_8001B294.o
[91/956] MWCC build/GEDE01/src/game/game_fn_8001B808.o
[92/956] MWCC build/GEDE01/src/game/game_fn_8001B874.o
[93/956] MWCC build/GEDE01/src/game/game_fn_8001C078.o
[94/956] MWCC build/GEDE01/src/game/game_fn_8001CA04.o
[95/956] MWCC build/GEDE01/src/game/game_fn_8001CD58.o
[96/956] MWCC build/GEDE01/src/game/game_fn_8001CE94.o
[97/956] MWCC build/GEDE01/src/game/game_fn_8001E644.o
[98/956] MWCC build/GEDE01/src/game/game_fn_8001FE1C.o
[99/956] MWCC build/GEDE01/src/game/game_fn_80020E94.o
[100/956] MWCC build/GEDE01/src/game/game_fn_80024F28.o
[101/956] MWCC build/GEDE01/src/game/game_fn_800272B4.o
[102/956] MWCC build/GEDE01/src/game/game_fn_8002B748.o
[103/956] MWCC build/GEDE01/src/game/game_fn_8002DAE0.o
[104/956] MWCC build/GEDE01/src/game/game_fn_8002E3F0.o
[105/956] MWCC build/GEDE01/src/game/game_fn_8002EA68.o
[106/956] MWCC build/GEDE01/src/game/game_fn_8002F428.o
[107/956] MWCC build/GEDE01/src/game/game_fn_80031544.o
[108/956] MWCC build/GEDE01/src/game/game_fn_8003232C.o
[109/956] MWCC build/GEDE01/src/game/game_fn_80032B84.o
[110/956] MWCC build/GEDE01/src/game/game_fn_80033038.o
[111/956] MWCC build/GEDE01/src/game/game_fn_80033180.o
[112/956] MWCC build/GEDE01/src/game/game_fn_800359A0.o
[113/956] MWCC build/GEDE01/src/game/game_fn_800361F8.o
[114/956] MWCC build/GEDE01/src/game/game_fn_80036C40.o
[115/956] MWCC build/GEDE01/src/game/game_fn_80038878.o
[116/956] MWCC build/GEDE01/src/game/game_fn_80048ADC.o
[117/956] MWCC build/GEDE01/src/game/game_fn_80048B24.o
[118/956] MWCC build/GEDE01/src/game/game_fn_8004998C.o
[119/956] MWCC build/GEDE01/src/game/game_fn_80050B08.o
[120/956] MWCC build/GEDE01/src/game/game_fn_80052310.o
[121/956] MWCC build/GEDE01/src/game/game_fn_8005EC6C.o
[122/956] MWCC build/GEDE01/src/game/game_fn_800542D0.o
[123/956] MWCC build/GEDE01/src/game/game_fn_8005EE9C.o
[124/956] MWCC build/GEDE01/src/game/game_fn_8005EF94.o
[125/956] MWCC build/GEDE01/src/game/game_data_80239E10.o
[126/956] MWCC build/GEDE01/src/game/game_data_80239E18.o
[127/956] MWCC build/GEDE01/src/game/game_fn_8005FD84.o
[128/956] MWCC build/GEDE01/src/game/game_fn_80066888.o
[129/956] MWCC build/GEDE01/src/game/game_fn_80066E78.o
[130/956] MWCC build/GEDE01/src/game/game_fn_8006B0F0.o
[131/956] MWCC build/GEDE01/src/game/game_fn_8006B620.o
[132/956] MWCC build/GEDE01/src/game/game_fn_8006E53C.o
[133/956] MWCC build/GEDE01/src/game/game_fn_80071A58.o
[134/956] MWCC build/GEDE01/src/game/game_fn_80074310.o
[135/956] MWCC build/GEDE01/src/game/game_fn_80078500.o
[136/956] MWCC build/GEDE01/src/game/game_fn_80079908.o
[137/956] MWCC build/GEDE01/src/game/game_fn_80079AA4.o
[138/956] MWCC build/GEDE01/src/game/game_fn_8007B2F4.o
[139/956] MWCC build/GEDE01/src/game/game_fn_8007B540.o
[140/956] MWCC build/GEDE01/src/game/game_fn_8007B640.o
[141/956] MWCC build/GEDE01/src/game/game_fn_8007B828.o
[142/956] MWCC build/GEDE01/src/game/game_fn_8007BA3C.o
[143/956] MWCC build/GEDE01/src/game/game_fn_8007D4D8.o
[144/956] MWCC build/GEDE01/src/game/game_fn_8007F770.o
[145/956] MWCC build/GEDE01/src/game/game_fn_80088060.o
[146/956] MWCC build/GEDE01/src/game/game_fn_800886D8.o
[147/956] MWCC build/GEDE01/src/game/game_fn_80088F4C.o
[148/956] MWCC build/GEDE01/src/game/game_fn_80089A34.o
[149/956] MWCC build/GEDE01/src/game/game_fn_8008A2E0.o
[150/956] MWCC build/GEDE01/src/game/game_fn_8008F224.o
[151/956] MWCC build/GEDE01/src/game/game_fn_8008F890.o
[152/956] MWCC build/GEDE01/src/game/game_fn_80090004.o
[153/956] MWCC build/GEDE01/src/game/game_fn_800934A0.o
[154/956] MWCC build/GEDE01/src/game/game_fn_80095D10.o
[155/956] MWCC build/GEDE01/src/game/game_fn_80095E64.o
[156/956] MWCC build/GEDE01/src/game/game_fn_80095FDC.o
[157/956] MWCC build/GEDE01/src/game/game_fn_80096830.o
[158/956] MWCC build/GEDE01/src/game/game_fn_8009C424.o
[159/956] MWCC build/GEDE01/src/game/game_fn_8009E808.o
[160/956] MWCC build/GEDE01/src/game/game_fn_800A2130.o
[161/956] MWCC build/GEDE01/src/game/game_fn_800A2B8C.o
[162/956] MWCC build/GEDE01/src/game/game_fn_800A2FCC.o
[163/956] MWCC build/GEDE01/src/game/game_fn_800A3180.o
[164/956] MWCC build/GEDE01/src/game/game_fn_800A3894.o
[165/956] MWCC build/GEDE01/src/game/game_fn_800A4428.o
[166/956] MWCC build/GEDE01/src/game/game_fn_800A4798.o
[167/956] MWCC build/GEDE01/src/game/game_fn_800A7E88.o
[168/956] MWCC build/GEDE01/src/game/game_fn_800AF230.o
[169/956] MWCC build/GEDE01/src/game/game_fn_800B2EC0.o
[170/956] MWCC build/GEDE01/src/game/game_fn_800BB5C4.o
[171/956] MWCC build/GEDE01/src/game/game_fn_800BB7A8.o
[172/956] MWCC build/GEDE01/src/game/game_fn_800BB9A4.o
[173/956] MWCC build/GEDE01/src/game/game_fn_800BBAF0.o
[174/956] MWCC build/GEDE01/src/game/game_fn_800C030C.o
[175/956] MWCC build/GEDE01/src/game/game_fn_800C17EC.o
[176/956] MWCC build/GEDE01/src/game/game_fn_800C59F0.o
[177/956] MWCC build/GEDE01/src/game/game_fn_800C644C.o
[178/956] MWCC build/GEDE01/src/game/game_fn_800C65FC.o
[179/956] MWCC build/GEDE01/src/game/game_fn_800C9C60.o
[180/956] MWCC build/GEDE01/src/game/game_fn_800CB760.o
[181/956] MWCC build/GEDE01/src/game/game_fn_800CB8F4.o
[182/956] MWCC build/GEDE01/src/game/game_fn_800CF598.o
[183/956] MWCC build/GEDE01/src/game/game_fn_800D9064.o
[184/956] MWCC build/GEDE01/src/game/game_fn_800D9E10.o
[185/956] MWCC build/GEDE01/src/game/game_fn_800DC4D4.o
[186/956] MWCC build/GEDE01/src/game/game_fn_800E4980.o
[187/956] MWCC build/GEDE01/src/game/game_TRKNubWelcome.o
[188/956] MWCC build/GEDE01/src/game/game_TRK_main.o
[189/956] MWCC build/GEDE01/src/game/game_InitMetroTRKCommTable.o
[190/956] MWCC build/GEDE01/src/game/game_fn_800FD0C8.o
[191/956] MWCC build/GEDE01/src/game/game_fn_8010242C.o
[192/956] MWCC build/GEDE01/src/game/game_fn_801098C0.o
[193/956] MWCC build/GEDE01/src/game/game_fn_8010F184.o
[194/956] MWCC build/GEDE01/src/game/game_fn_801126E0.o
[195/956] MWCC build/GEDE01/src/game/game_fn_801128E4.o
[196/956] MWCC build/GEDE01/src/game/game_fn_801141B8.o
[197/956] MWCC build/GEDE01/src/game/game_fn_80119C70.o
[198/956] MWCC build/GEDE01/src/game/game_fn_8011F140.o
[199/956] MWCC build/GEDE01/src/game/game_fn_801247F8.o
[200/956] MWCC build/GEDE01/src/game/game_fn_80126A00.o
[201/956] MWCC build/GEDE01/src/game/game_fn_8012976C.o
[202/956] MWCC build/GEDE01/src/game/game_fn_8012DB28.o
[203/956] MWCC build/GEDE01/src/game/game_fn_8013CBE4.o
[204/956] MWCC build/GEDE01/src/game/game_fn_8013D6A4.o
[205/956] MWCC build/GEDE01/src/game/game_fn_8013DB8C.o
[206/956] MWCC build/GEDE01/src/game/game_fn_8014549C.o
[207/956] MWCC build/GEDE01/src/game/game_fn_8014AF38.o
[208/956] MWCC build/GEDE01/src/game/game_fn_8014B494.o
[209/956] MWCC build/GEDE01/src/game/game_fn_8014BA14.o
[210/956] MWCC build/GEDE01/src/game/game_fn_8014CA98.o
[211/956] MWCC build/GEDE01/src/game/game_fn_80150400.o
[212/956] MWCC build/GEDE01/src/game/game_fn_80150A24.o
[213/956] MWCC build/GEDE01/src/game/game_fn_80150F20.o
[214/956] MWCC build/GEDE01/src/game/game_fn_80151600.o
[215/956] MWCC build/GEDE01/src/game/game_fn_80151D00.o
[216/956] MWCC build/GEDE01/src/game/game_fn_801535D8.o
[217/956] MWCC build/GEDE01/src/game/game_fn_80153898.o
[218/956] MWCC build/GEDE01/src/game/game_fn_80153A24.o
[219/956] MWCC build/GEDE01/src/game/game_fn_80154F74.o
[220/956] MWCC build/GEDE01/src/game/game_fn_80155814.o
[221/956] MWCC build/GEDE01/src/game/game_fn_80157C0C.o
[222/956] MWCC build/GEDE01/src/game/game_fn_80158B20.o
[223/956] MWCC build/GEDE01/src/game/game_fn_80158D38.o
[224/956] MWCC build/GEDE01/src/game/game_fn_8015DB84.o
[225/956] MWCC build/GEDE01/src/game/game_fn_8015DC54.o
[226/956] MWCC build/GEDE01/src/game/game_fn_8015EDC0.o
[227/956] MWCC build/GEDE01/src/game/game_fn_80167454.o
[228/956] MWCC build/GEDE01/src/game/game_fn_80167B5C.o
[229/956] MWCC build/GEDE01/src/game/game_fn_80169650.o
[230/956] MWCC build/GEDE01/src/game/game_fn_8016BD0C.o
[231/956] MWCC build/GEDE01/src/game/game_fn_8016BE1C.o
[232/956] MWCC build/GEDE01/src/game/game_fn_8016BF60.o
[233/956] MWCC build/GEDE01/src/game/game_fn_8016C0BC.o
[234/956] MWCC build/GEDE01/src/game/game_fn_8016C164.o
[235/956] MWCC build/GEDE01/src/game/game_fn_8016C238.o
[236/956] MWCC build/GEDE01/src/game/game_fn_8016C4BC.o
[237/956] MWCC build/GEDE01/src/game/game_fn_8016C774.o
[238/956] MWCC build/GEDE01/src/game/game_fn_8016D040.o
[239/956] MWCC build/GEDE01/src/game/game_fn_8016D1F8.o
[240/956] MWCC build/GEDE01/src/game/game_fn_8016D2B8.o
[241/956] MWCC build/GEDE01/src/game/game_fn_8016D9C0.o
[242/956] MWCC build/GEDE01/src/game/game_fn_8016DF4C.o
[243/956] MWCC build/GEDE01/src/game/game_fn_8016E8F8.o
[244/956] MWCC build/GEDE01/src/game/game_fn_8016FEF8.o
[245/956] MWCC build/GEDE01/src/game/game_fn_8017038C.o
[246/956] MWCC build/GEDE01/src/game/game_fn_801704F8.o
[247/956] MWCC build/GEDE01/src/game/game_fn_801706DC.o
[248/956] MWCC build/GEDE01/src/game/game_fn_80170A40.o
[249/956] MWCC build/GEDE01/src/game/game_fn_80170DF4.o
[250/956] MWCC build/GEDE01/src/game/game_fn_80170E9C.o
[251/956] MWCC build/GEDE01/src/game/game_fn_8017138C.o
[252/956] MWCC build/GEDE01/src/game/game_fn_80171664.o
[253/956] MWCC build/GEDE01/src/game/game_fn_801718F4.o
[254/956] MWCC build/GEDE01/src/game/game_fn_801719B4.o
[255/956] MWCC build/GEDE01/src/game/game_fn_80171F30.o
[256/956] MWCC build/GEDE01/src/game/game_fn_8017250C.o
[257/956] MWCC build/GEDE01/src/game/game_fn_801726EC.o
[258/956] MWCC build/GEDE01/src/game/game_fn_80172BB0.o
[259/956] MWCC build/GEDE01/src/game/game_fn_80172C78.o
[260/956] MWCC build/GEDE01/src/game/game_fn_80172DB8.o
[261/956] MWCC build/GEDE01/src/game/game_fn_80173270.o
[262/956] MWCC build/GEDE01/src/game/game_fn_801734B4.o
[263/956] MWCC build/GEDE01/src/game/game_fn_80173770.o
[264/956] MWCC build/GEDE01/src/game/game_fn_80173BDC.o
[265/956] MWCC build/GEDE01/src/game/game_fn_80173D44.o
[266/956] MWCC build/GEDE01/src/game/game_fn_80173F04.o
[267/956] MWCC build/GEDE01/src/game/game_fn_80174184.o
[268/956] MWCC build/GEDE01/src/game/game_fn_80174358.o
[269/956] MWCC build/GEDE01/src/game/game_fn_80174F2C.o
[270/956] MWCC build/GEDE01/src/game/game_fn_801752B0.o
[271/956] MWCC build/GEDE01/src/game/game_fn_8017553C.o
[272/956] MWCC build/GEDE01/src/game/game_fn_80175A08.o
[273/956] MWCC build/GEDE01/src/game/game_fn_80175E64.o
[274/956] MWCC build/GEDE01/src/game/game_fn_80175F0C.o
[275/956] MWCC build/GEDE01/src/game/game_fn_80175FD4.o
[276/956] MWCC build/GEDE01/src/game/game_fn_80176098.o
[277/956] MWCC build/GEDE01/src/game/game_fn_80176160.o
[278/956] MWCC build/GEDE01/src/game/game_fn_80176220.o
[279/956] MWCC build/GEDE01/src/game/game_fn_801762E8.o
[280/956] MWCC build/GEDE01/src/game/game_fn_8017652C.o
[281/956] MWCC build/GEDE01/src/game/game_fn_80176DF4.o
[282/956] MWCC build/GEDE01/src/game/game_fn_80176FA0.o
[283/956] MWCC build/GEDE01/src/game/game_fn_801770F8.o
[284/956] MWCC build/GEDE01/src/game/game_fn_8017718C.o
[285/956] MWCC build/GEDE01/src/game/game_fn_80178F88.o
[286/956] MWCC build/GEDE01/src/game/game_fn_80177434.o
[287/956] MWCC build/GEDE01/src/game/game_fn_80179398.o
[288/956] MWCC build/GEDE01/src/game/game_fn_8017960C.o
[289/956] MWCC build/GEDE01/src/game/game_fn_8017974C.o
[290/956] MWCC build/GEDE01/src/game/game_fn_80179904.o
[291/956] MWCC build/GEDE01/src/game/game_fn_80179A18.o
[292/956] MWCC build/GEDE01/src/game/game_fn_80179A74.o
[293/956] MWCC build/GEDE01/src/game/game_fn_80179EB8.o
[294/956] MWCC build/GEDE01/src/game/game_fn_80179F20.o
[295/956] MWCC build/GEDE01/src/game/game_fn_8017A010.o
[296/956] MWCC build/GEDE01/src/game/game_fn_8017A12C.o
[297/956] MWCC build/GEDE01/src/game/game_fn_8017A1C0.o
[298/956] MWCC build/GEDE01/src/game/game_fn_8017A9B8.o
[299/956] MWCC build/GEDE01/src/game/game_fn_8017AC20.o
[300/956] MWCC build/GEDE01/src/game/game_fn_8017E850.o
[301/956] MWCC build/GEDE01/src/game/game_fn_8017E958.o
[302/956] MWCC build/GEDE01/src/game/game_fn_80180DDC.o
[303/956] MWCC build/GEDE01/src/game/game_fn_801810A0.o
[304/956] MWCC build/GEDE01/src/game/game_fn_801816D4.o
[305/956] MWCC build/GEDE01/src/game/game_fn_801857B4.o
[306/956] MWCC build/GEDE01/src/game/game_fn_801859FC.o
[307/956] MWCC build/GEDE01/src/game/game_fn_80185AE8.o
[308/956] MWCC build/GEDE01/src/game/game_fn_80185F10.o
[309/956] MWCC build/GEDE01/src/game/game_fn_801861C4.o
[310/956] MWCC build/GEDE01/src/game/game_fn_801865EC.o
[311/956] MWCC build/GEDE01/src/game/game_fn_8018680C.o
[312/956] MWCC build/GEDE01/src/game/game_fn_80186E10.o
[313/956] MWCC build/GEDE01/src/game/game_fn_80186F70.o
[314/956] MWCC build/GEDE01/src/game/game_fn_80187120.o
[315/956] MWCC build/GEDE01/src/game/game_fn_80187320.o
[316/956] MWCC build/GEDE01/src/game/game_fn_801875FC.o
[317/956] MWCC build/GEDE01/src/game/game_fn_801878E0.o
[318/956] MWCC build/GEDE01/src/game/game_fn_80187BB4.o
[319/956] MWCC build/GEDE01/src/game/game_fn_80187E40.o
[320/956] MWCC build/GEDE01/src/game/game_fn_80188A7C.o
[321/956] MWCC build/GEDE01/src/game/game_fn_80188B44.o
[322/956] MWCC build/GEDE01/src/game/game_fn_80188C1C.o
[323/956] MWCC build/GEDE01/src/game/game_fn_80188E28.o
[324/956] MWCC build/GEDE01/src/game/game_fn_80189028.o
[325/956] MWCC build/GEDE01/src/game/game_fn_801891D8.o
[326/956] MWCC build/GEDE01/src/game/game_fn_80189390.o
[327/956] MWCC build/GEDE01/src/game/game_fn_801895E8.o
[328/956] MWCC build/GEDE01/src/game/game_fn_801896A0.o
[329/956] MWCC build/GEDE01/src/game/game_fn_80189760.o
[330/956] MWCC build/GEDE01/src/game/game_fn_80189968.o
[331/956] MWCC build/GEDE01/src/game/game_fn_80189C14.o
[332/956] MWCC build/GEDE01/src/game/game_fn_8018C2D0.o
[333/956] MWCC build/GEDE01/src/game/game_fn_8018D1F0.o
[334/956] MWCC build/GEDE01/src/game/game_fn_8018D2E0.o
[335/956] MWCC build/GEDE01/src/game/game_fn_8018D400.o
[336/956] MWCC build/GEDE01/src/game/game_fn_8018D688.o
[337/956] MWCC build/GEDE01/src/game/game_fn_8018DC24.o
[338/956] MWCC build/GEDE01/src/game/game_fn_8018E0D8.o
[339/956] MWCC build/GEDE01/src/game/game_fn_8018F1D0.o
[340/956] MWCC build/GEDE01/src/game/game_fn_8018F81C.o
[341/956] MWCC build/GEDE01/src/game/game_fn_8018FEDC.o
[342/956] MWCC build/GEDE01/src/game/game_fn_8019120C.o
[343/956] MWCC build/GEDE01/src/game/game_fn_80191360.o
[344/956] MWCC build/GEDE01/src/game/game_fn_801916D0.o
[345/956] MWCC build/GEDE01/src/game/game_fn_8019197C.o
[346/956] MWCC build/GEDE01/src/game/game_fn_80191F58.o
[347/956] MWCC build/GEDE01/src/game/game_fn_801926EC.o
[348/956] MWCC build/GEDE01/src/game/game_fn_801929A4.o
[349/956] MWCC build/GEDE01/src/game/game_fn_80192F54.o
[350/956] MWCC build/GEDE01/src/game/game_fn_801931C4.o
[351/956] MWCC build/GEDE01/src/game/game_fn_80193E1C.o
[352/956] MWCC build/GEDE01/src/game/game_fn_80193F3C.o
[353/956] MWCC build/GEDE01/src/game/game_fn_80194F80.o
[354/956] MWCC build/GEDE01/src/game/game_fn_801952E8.o
[355/956] MWCC build/GEDE01/src/game/game_fn_80197910.o
[356/956] MWCC build/GEDE01/src/game/game_fn_80198154.o
[357/956] MWCC build/GEDE01/src/game/game_fn_80198AAC.o
[358/956] MWCC build/GEDE01/src/game/game_fn_80198BF4.o
[359/956] MWCC build/GEDE01/src/game/game_fn_801991E0.o
[360/956] MWCC build/GEDE01/src/game/game_fn_8019B1BC.o
[361/956] MWCC build/GEDE01/src/game/game_fn_8019CC28.o
[362/956] MWCC build/GEDE01/src/game/game_fn_8019CFC4.o
[363/956] MWCC build/GEDE01/src/game/game_fn_8019E5E4.o
[364/956] MWCC build/GEDE01/src/game/game_fn_8019E8C8.o
[365/956] MWCC build/GEDE01/src/game/game_fn_801A1F18.o
[366/956] MWCC build/GEDE01/src/game/game_fn_801A1F8C.o
[367/956] MWCC build/GEDE01/src/game/game_fn_801A2A54.o
[368/956] MWCC build/GEDE01/src/game/game_fn_801A34BC.o
[369/956] MWCC build/GEDE01/src/game/game_fn_801A3A78.o
[370/956] MWCC build/GEDE01/src/game/game_fn_801A4430.o
[371/956] MWCC build/GEDE01/src/game/game_fn_801A4CE0.o
[372/956] MWCC build/GEDE01/src/game/game_fn_801A5FB0.o
[373/956] MWCC build/GEDE01/src/game/game_fn_801A6350.o
[374/956] MWCC build/GEDE01/src/game/game_fn_801A6410.o
[375/956] MWCC build/GEDE01/src/game/game_fn_801A657C.o
[376/956] MWCC build/GEDE01/src/game/game_fn_801A6ADC.o
[377/956] MWCC build/GEDE01/src/game/game_fn_801A6C58.o
[378/956] MWCC build/GEDE01/src/game/game_fn_801A6CB4.o
[379/956] MWCC build/GEDE01/src/game/game_fn_801A7E04.o
[380/956] MWCC build/GEDE01/src/game/game_fn_801A7EA8.o
[381/956] MWCC build/GEDE01/src/game/game_fn_801A93E8.o
[382/956] MWCC build/GEDE01/src/game/game_fn_801AB154.o
[383/956] MWCC build/GEDE01/src/game/game_fn_801ABD3C.o
[384/956] MWCC build/GEDE01/src/game/game_fn_801AC8AC.o
[385/956] MWCC build/GEDE01/src/game/game_fn_801ACFE8.o
[386/956] MWCC build/GEDE01/src/game/game_fn_801AD08C.o
[387/956] MWCC build/GEDE01/src/game/game_fn_801AFA74.o
[388/956] MWCC build/GEDE01/src/game/game_fn_801B02F0.o
[389/956] MWCC build/GEDE01/src/game/game_fn_801B1BA0.o
[390/956] MWCC build/GEDE01/src/game/game_fn_801B35BC.o
[391/956] MWCC build/GEDE01/src/game/game_fn_801B46C8.o
[392/956] MWCC build/GEDE01/src/game/game_fn_801B4FB4.o
[393/956] MWCC build/GEDE01/src/game/game_fn_801B5228.o
[394/956] MWCC build/GEDE01/src/game/game_fn_801B58F0.o
[395/956] MWCC build/GEDE01/src/game/game_fn_801B6F1C.o
[396/956] MWCC build/GEDE01/src/game/game_fn_801B86C0.o
[397/956] MWCC build/GEDE01/src/game/game_fn_801B941C.o
[398/956] MWCC build/GEDE01/src/game/game_fn_801B9E7C.o
[399/956] MWCC build/GEDE01/src/game/game_fn_801BA15C.o
[400/956] MWCC build/GEDE01/src/game/game_fn_801BA708.o
[401/956] MWCC build/GEDE01/src/game/game_fn_801BA94C.o
[402/956] MWCC build/GEDE01/src/game/game_fn_801BB1A0.o
[403/956] MWCC build/GEDE01/src/game/game_fn_801BC0D4.o
[404/956] MWCC build/GEDE01/src/game/game_fn_801BC240.o
[405/956] MWCC build/GEDE01/src/game/game_fn_801BC8F4.o
[406/956] MWCC build/GEDE01/src/game/game_fn_801BD990.o
[407/956] MWCC build/GEDE01/src/game/game_fn_801BCC04.o
[408/956] MWCC build/GEDE01/src/game/game_fn_801BE0D4.o
[409/956] MWCC build/GEDE01/src/game/game_fn_801BDE7C.o
[410/956] MWCC build/GEDE01/src/game/game_fn_801C1CB0.o
[411/956] MWCC build/GEDE01/src/game/game_fn_801BEF40.o
[412/956] MWCC build/GEDE01/src/game/game_fn_801C2980.o
[413/956] MWCC build/GEDE01/src/game/game_fn_801C29BC.o
[414/956] MWCC build/GEDE01/src/game/game_fn_801C2AAC.o
[415/956] MWCC build/GEDE01/src/game/game_fn_801C2D9C.o
[416/956] MWCC build/GEDE01/src/game/game_fn_801C8160.o
[417/956] MWCC build/GEDE01/src/game/game_fn_801C4B5C.o
[418/956] MWCC build/GEDE01/src/game/game_fn_801C8224.o
[419/956] MWCC build/GEDE01/src/game/game_fn_801C8600.o
[420/956] MWCC build/GEDE01/src/game/game_fn_801C87DC.o
[421/956] MWCC build/GEDE01/src/game/game_fn_801C8CC0.o
[422/956] MWCC build/GEDE01/src/game/game_fn_801C8F50.o
[423/956] MWCC build/GEDE01/src/game/game_fn_801C90A4.o
[424/956] MWCC build/GEDE01/src/game/game_fn_801C9510.o
[425/956] MWCC build/GEDE01/src/game/game_fn_801C970C.o
[426/956] MWCC build/GEDE01/src/game/game_fn_801C9A08.o
[427/956] MWCC build/GEDE01/src/game/game_fn_801C9B1C.o
[428/956] MWCC build/GEDE01/src/game/game_fn_801CB4F8.o
[429/956] MWCC build/GEDE01/src/game/game_fn_801CD228.o
[430/956] MWCC build/GEDE01/src/game/game_fn_801CE09C.o
[431/956] MWCC build/GEDE01/src/game/game_fn_801CE594.o
[432/956] MWCC build/GEDE01/src/game/game_fn_801D1B10.o
[433/956] MWCC build/GEDE01/src/game/game_fn_801D1F78.o
[434/956] MWCC build/GEDE01/src/game/game_fn_801D3988.o
[435/956] MWCC build/GEDE01/src/game/game_fn_801D73D0.o
[436/956] MWCC build/GEDE01/src/game/game_fn_801D76A8.o
[437/956] MWCC build/GEDE01/src/game/game_fn_801D7C24.o
[438/956] MWCC build/GEDE01/src/game/game_fn_801D8050.o
[439/956] MWCC build/GEDE01/src/game/game_fn_801D9FE4.o
[440/956] MWCC build/GEDE01/src/game/game_fn_801DDB84.o
[441/956] MWCC build/GEDE01/src/game/game_fn_801DE8B4.o
[442/956] MWCC build/GEDE01/src/game/game_fn_801E0088.o
[443/956] MWCC build/GEDE01/src/game/game_fn_801E2A48.o
[444/956] MWCC build/GEDE01/src/game/game_fn_801E41AC.o
[445/956] MWCC build/GEDE01/src/game/game_fn_801E504C.o
[446/956] MWCC build/GEDE01/src/game/game_fn_801E6814.o
[447/956] MWCC build/GEDE01/src/game/game_fn_801E7014.o
[448/956] MWCC build/GEDE01/src/game/game_fn_801EAA04.o
[449/956] MWCC build/GEDE01/src/game/game_fn_801E995C.o
[450/956] MWCC build/GEDE01/src/game/game_fn_801EB09C.o
[451/956] MWCC build/GEDE01/src/game/game_fn_801EB11C.o
[452/956] MWCC build/GEDE01/src/game/game_fn_801ECD74.o
[453/956] MWCC build/GEDE01/src/game/game_fn_801ECF50.o
[454/956] MWCC build/GEDE01/src/game/game_fn_801ED5F4.o
[455/956] MWCC build/GEDE01/src/game/game_fn_801EF580.o
[456/956] MWCC build/GEDE01/src/game/game_fn_801EF910.o
[457/956] MWCC build/GEDE01/src/game/game_fn_801F0CB0.o
[458/956] MWCC build/GEDE01/src/game/game_fn_801F10BC.o
[459/956] MWCC build/GEDE01/src/game/game_fn_801F1A38.o
[460/956] MWCC build/GEDE01/src/game/game_fn_801F35A8.o
[461/956] MWCC build/GEDE01/src/game/game_fn_801F55A0.o
[462/956] MWCC build/GEDE01/src/game/game_fn_801F69F0.o
[463/956] MWCC build/GEDE01/src/game/game_fn_801F6BD8.o
[464/956] MWCC build/GEDE01/src/game/game_fn_801F7510.o
[465/956] MWCC build/GEDE01/src/game/game_fn_801F76EC.o
[466/956] MWCC build/GEDE01/src/game/game_fn_801F8264.o
[467/956] MWCC build/GEDE01/src/game/game_fn_801F89B4.o
[468/956] MWCC build/GEDE01/src/game/game_fn_801F8FAC.o
[469/956] MWCC build/GEDE01/src/game/game_fn_801F9AF8.o
[470/956] MWCC build/GEDE01/src/game/game_fn_801F9CF4.o
[471/956] MWCC build/GEDE01/src/game/game_fn_801FA9C8.o
[472/956] MWCC build/GEDE01/src/game/game_fn_801FB6A4.o
[473/956] MWCC build/GEDE01/src/game/game_fn_801FC034.o
[474/956] MWCC build/GEDE01/src/game/game_fn_801FC204.o
[475/956] MWCC build/GEDE01/src/game/game_fn_801FFE78.o
[476/956] EXTERNALIZE build/GEDE01/src/game/game_fn_800A2B8C.o
[477/956] EXTERNALIZE build/GEDE01/src/game/game_fn_801857B4.o
[478/956] EXTERNALIZE build/GEDE01/src/game/game_fn_800DC4D4.o
[479/956] EXTERNALIZE build/GEDE01/src/game/game_fn_80119C70.o
[480/956] EXTERNALIZE STATIC POOL build/GEDE01/src/game/game_fn_80088060.o
build/GEDE01/src/game/game_fn_80088060.o: lbl_8031D3B8 now undefined; section 3 emptied
[481/956] EXTERNALIZE build/GEDE01/src/game/game_fn_80175A08.o
[482/956] EXTERNALIZE build/GEDE01/src/game/game_fn_80066E78.o
[483/956] EXTERNALIZE build/GEDE01/src/game/game_fn_801247F8.o
[484/956] EXTERNALIZE build/GEDE01/src/game/game_fn_801EF910.o
[485/956] EXTERNALIZE build/GEDE01/src/game/game_fn_801ECF50.o
[486/956] EXTERNALIZE build/GEDE01/src/game/game_fn_801FC204.o
[487/956] EXTERNALIZE JUMPTABLES build/GEDE01/src/game/game_fn_80050B08.o
[488/956] EXTERNALIZE build/GEDE01/src/game/game_fn_801EB09C.o
[489/956] EXTERNALIZE build/GEDE01/src/game/game_fn_801EB11C.o
[490/956] EXTERNALIZE build/GEDE01/src/game/game_fn_801D9FE4.o
[491/956] EXTERNALIZE build/GEDE01/src/game/game_fn_801E41AC.o
[492/956] EXTERNALIZE build/GEDE01/src/game/game_fn_801D73D0.o
[493/956] EXTERNALIZE build/GEDE01/src/game/game_fn_801D76A8.o
[494/956] EXTERNALIZE build/GEDE01/src/game/game_fn_801D8050.o
[495/956] EXTERNALIZE build/GEDE01/src/game/game_fn_801D7C24.o
[496/956] EXTERNALIZE build/GEDE01/src/game/game_fn_8019B1BC.o
[497/956] EXTERNALIZE build/GEDE01/src/game/game_fn_80178F88.o
[498/956] EXTERNALIZE build/GEDE01/src/game/game_fn_801CD228.o
[499/956] EXTERNALIZE build/GEDE01/src/game/game_fn_801BA15C.o
[500/956] EXTERNALIZE build/GEDE01/src/game/game_fn_801C970C.o
[501/956] EXTERNALIZE build/GEDE01/src/game/game_fn_801C9510.o
[502/956] EXTERNALIZE build/GEDE01/src/game/game_fn_80126A00.o
[503/956] EXTERNALIZE build/GEDE01/src/game/game_fn_800C9C60.o
[504/956] EXTERNALIZE build/GEDE01/src/game/game_fn_8013D6A4.o
[505/956] EXTERNALIZE build/GEDE01/src/game/game_fn_801B4FB4.o
[506/956] EXTERNALIZE build/GEDE01/src/game/game_fn_801B5228.o
[507/956] EXTERNALIZE build/GEDE01/src/game/game_fn_801C87DC.o
[508/956] EXTERNALIZE build/GEDE01/src/game/game_fn_801C8CC0.o
[509/956] EXTERNALIZE build/GEDE01/src/game/game_fn_801B6F1C.o
[510/956] EXTERNALIZE build/GEDE01/src/game/game_fn_800FD0C8.o
[511/956] EXTERNALIZE build/GEDE01/src/game/game_fn_801BE0D4.o
[512/956] EXTERNALIZE build/GEDE01/src/game/game_fn_801BDE7C.o
[513/956] EXTERNALIZE STATIC POOL build/GEDE01/src/game/game_fn_801C9A08.o
build/GEDE01/src/game/game_fn_801C9A08.o: lbl_80629390 now undefined; section 3 emptied
[514/956] EXTERNALIZE STATIC POOL build/GEDE01/src/game/game_fn_801C9B1C.o
build/GEDE01/src/game/game_fn_801C9B1C.o: lbl_80629390 now undefined; section 3 emptied
[515/956] EXTERNALIZE build/GEDE01/src/game/game_fn_801B941C.o
[516/956] EXTERNALIZE STATIC POOL build/GEDE01/src/game/game_fn_801BD990.o
build/GEDE01/src/game/game_fn_801BD990.o: lbl_80626D80 now undefined; section 6 emptied
[517/956] EXTERNALIZE STATIC POOL build/GEDE01/src/game/game_fn_801B58F0.o
build/GEDE01/src/game/game_fn_801B58F0.o: lbl_8060C020 now undefined; section 3 emptied
[518/956] EXTERNALIZE STATIC POOL build/GEDE01/src/game/game_fn_801B9E7C.o
build/GEDE01/src/game/game_fn_801B9E7C.o: 0 relocation(s) moved from streamInfo to ...bss.0
build/GEDE01/src/game/game_fn_801B9E7C.o: lbl_8061AE48 now undefined; section 6 emptied
[519/956] EXTERNALIZE STATIC POOL build/GEDE01/src/game/game_fn_801BB1A0.o
build/GEDE01/src/game/game_fn_801BB1A0.o: 0 relocation(s) moved from streamInfo to ...bss.0
build/GEDE01/src/game/game_fn_801BB1A0.o: lbl_8061AE48 now undefined; section 6 emptied
[520/956] EXTERNALIZE STATIC POOL build/GEDE01/src/game/game_fn_801BA708.o
build/GEDE01/src/game/game_fn_801BA708.o: 0 relocation(s) moved from streamInfo to ...bss.0
build/GEDE01/src/game/game_fn_801BA708.o: lbl_8061AE48 now undefined; section 6 emptied
[521/956] EXTERNALIZE STATIC build/GEDE01/src/game/game_fn_801B35BC.o
build/GEDE01/src/game/game_fn_801B35BC.o: lbl_8060D420 now undefined; section 6 emptied
[522/956] EXTERNALIZE build/GEDE01/src/game/game_fn_801BA94C.o
build/GEDE01/src/game/game_fn_801BA94C.o: 0 relocation(s) moved from streamInfo to ...bss.0
build/GEDE01/src/game/game_fn_801BA94C.o: lbl_8061AE48 now undefined; section 6 emptied
[523/956] EXTERNALIZE STATIC POOL build/GEDE01/src/game/game_fn_801BC8F4.o
build/GEDE01/src/game/game_fn_801BC8F4.o: lbl_8061C748 now undefined; section 6 emptied
[524/956] EXTERNALIZE STATIC build/GEDE01/src/game/game_fn_801BC240.o
build/GEDE01/src/game/game_fn_801BC240.o: lbl_8061C748 now undefined; section 6 emptied
[525/956] EXTERNALIZE STATIC POOL build/GEDE01/src/game/game_fn_801BCC04.o
build/GEDE01/src/game/game_fn_801BCC04.o: lbl_8061C748 now undefined; section 6 emptied
[526/956] EXTERNALIZE STATIC POOL build/GEDE01/src/game/game_fn_801BC0D4.o
build/GEDE01/src/game/game_fn_801BC0D4.o: lbl_8061C748 now undefined; section 6 emptied
[527/956] EXTERNALIZE STATIC POOL build/GEDE01/src/game/game_fn_801C1CB0.o
build/GEDE01/src/game/game_fn_801C1CB0.o: lbl_80626DA0 now undefined; section 3 emptied
[528/956] RENAME build/GEDE01/src/game/game_InitMetroTRKCommTable.o
[529/956] EXTERNALIZE STATIC POOL build/GEDE01/src/game/game_fn_801CE09C.o
build/GEDE01/src/game/game_fn_801CE09C.o: lbl_80631340 now undefined; section 6 emptied
[530/956] RENAME RUNTIME INTRINSICS build/GEDE01/src/game/game_fn_801CB4F8.o
[531/956] EXTERNALIZE STATIC POOL build/GEDE01/src/game/game_fn_8010242C.o
build/GEDE01/src/game/game_fn_8010242C.o: lbl_8032CC08 now undefined; section 3 emptied
[532/956] EXTERNALIZE build/GEDE01/src/game/game_fn_801D3988.o
[533/956] EXTERNALIZE build/GEDE01/src/game/game_fn_801D1B10.o
[534/956] ALIGN DATA build/GEDE01/src/game/game_fn_8005EF94.o
[535/956] ALIGN DATA build/GEDE01/src/game/game_fn_801A6350.o
[536/956] EXTERNALIZE build/GEDE01/src/game/game_fn_801CE594.o
[537/956] ALIGN DATA build/GEDE01/src/game/game_fn_80008014.o
[538/956] EXTERNALIZE build/GEDE01/src/game/game_fn_8014549C.o
[539/956] EXTERNALIZE build/GEDE01/src/game/game_fn_801098C0.o
[540/956] EXTERNALIZE build/GEDE01/src/game/game_fn_801C8224.o
[541/956] EXTERNALIZE build/GEDE01/src/game/game_fn_8000FDE8.o
[542/956] EXTERNALIZE build/GEDE01/src/game/game_fn_80185F10.o
[543/956] EXTERNALIZE build/GEDE01/src/game/game_fn_801C29BC.o
[544/956] EXTERNALIZE build/GEDE01/src/game/game_fn_801C8F50.o
[545/956] EXTERNALIZE build/GEDE01/src/game/game_fn_8007B828.o
[546/956] EXTERNALIZE build/GEDE01/src/game/game_fn_801C90A4.o
[547/956] EXTERNALIZE build/GEDE01/src/game/game_fn_801C8160.o
[548/956] EXTERNALIZE build/GEDE01/src/game/game_fn_801C2AAC.o
[549/956] EXTERNALIZE build/GEDE01/src/game/game_fn_801C2D9C.o
[550/956] EXTERNALIZE build/GEDE01/src/game/game_fn_801C2980.o
[551/956] EXTERNALIZE build/GEDE01/src/game/game_fn_801AFA74.o
[552/956] EXTERNALIZE build/GEDE01/src/game/game_fn_801B02F0.o
[553/956] EXTERNALIZE build/GEDE01/src/game/game_fn_801AC8AC.o
[554/956] EXTERNALIZE build/GEDE01/src/game/game_fn_801ABD3C.o
[555/956] EXTERNALIZE build/GEDE01/src/game/game_fn_801816D4.o
[556/956] EXTERNALIZE build/GEDE01/src/game/game_fn_8011F140.o
[557/956] EXTERNALIZE build/GEDE01/src/game/game_fn_801AD08C.o
[558/956] EXTERNALIZE build/GEDE01/src/game/game_fn_8004998C.o
[559/956] EXTERNALIZE build/GEDE01/src/game/game_fn_80079AA4.o
[560/956] EXTERNALIZE build/GEDE01/src/game/game_fn_80158D38.o
[561/956] EXTERNALIZE build/GEDE01/src/game/game_fn_801A3A78.o
[562/956] EXTERNALIZE build/GEDE01/src/game/game_fn_8008F224.o
[563/956] EXTERNALIZE build/GEDE01/src/game/game_fn_80167454.o
[564/956] EXTERNALIZE build/GEDE01/src/game/game_fn_800AF230.o
[565/956] EXTERNALIZE build/GEDE01/src/game/game_fn_801A93E8.o
[566/956] EXTERNALIZE build/GEDE01/src/game/game_fn_801AB154.o
[567/956] EXTERNALIZE build/GEDE01/src/game/game_fn_801A7E04.o
[568/956] EXTERNALIZE build/GEDE01/src/game/game_fn_801A7EA8.o
[569/956] EXTERNALIZE build/GEDE01/src/game/game_fn_801A6CB4.o
[570/956] EXTERNALIZE build/GEDE01/src/game/game_fn_801A4CE0.o
[571/956] EXTERNALIZE build/GEDE01/src/game/game_fn_801A6C58.o
[572/956] NAME JUMPTABLE build/GEDE01/src/game/game_fn_801A6ADC.o
[573/956] EXTERNALIZE build/GEDE01/src/game/game_fn_801A6410.o
[574/956] EXTERNALIZE build/GEDE01/src/game/game_fn_801A5FB0.o
[575/956] EXTERNALIZE build/GEDE01/src/game/game_fn_801A1F18.o
[576/956] EXTERNALIZE build/GEDE01/src/game/game_fn_8019E8C8.o
[577/956] EXTERNALIZE build/GEDE01/src/game/game_fn_8019E5E4.o
[578/956] EXTERNALIZE build/GEDE01/src/game/game_fn_8019CFC4.o
[579/956] EXTERNALIZE build/GEDE01/src/game/game_fn_8019CC28.o
[580/956] EXTERNALIZE build/GEDE01/src/game/game_fn_801991E0.o
[581/956] EXTERNALIZE build/GEDE01/src/game/game_fn_80198BF4.o
[582/956] EXTERNALIZE build/GEDE01/src/game/game_fn_80198AAC.o
[583/956] EXTERNALIZE build/GEDE01/src/game/game_fn_80198154.o
[584/956] EXTERNALIZE build/GEDE01/src/game/game_fn_80194F80.o
[585/956] EXTERNALIZE build/GEDE01/src/game/game_fn_80197910.o
[586/956] EXTERNALIZE build/GEDE01/src/game/game_fn_80177434.o
repointed 2 relocations to lbl_80250588
[587/956] EXTERNALIZE build/GEDE01/src/game/game_fn_80193E1C.o
[588/956] EXTERNALIZE build/GEDE01/src/game/game_fn_801931C4.o
[589/956] EXTERNALIZE build/GEDE01/src/game/game_fn_80193F3C.o
[590/956] EXTERNALIZE build/GEDE01/src/game/game_fn_80192F54.o
[591/956] EXTERNALIZE build/GEDE01/src/game/game_fn_80191F58.o
[592/956] EXTERNALIZE build/GEDE01/src/game/game_fn_8019197C.o
[593/956] EXTERNALIZE build/GEDE01/src/game/game_fn_80191360.o
[594/956] GLOBALIZE build/GEDE01/src/game/game_fn_8018F1D0.o
[595/956] EXTERNALIZE build/GEDE01/src/game/game_fn_8018D688.o
[596/956] EXTERNALIZE build/GEDE01/src/game/game_fn_8018F81C.o
[597/956] EXTERNALIZE build/GEDE01/src/game/game_fn_8018D2E0.o
[598/956] EXTERNALIZE build/GEDE01/src/game/game_fn_80189968.o
[599/956] EXTERNALIZE build/GEDE01/src/game/game_fn_80189760.o
[600/956] EXTERNALIZE build/GEDE01/src/game/game_fn_8018D1F0.o
[601/956] EXTERNALIZE build/GEDE01/src/game/game_fn_801896A0.o
[602/956] EXTERNALIZE build/GEDE01/src/game/game_fn_801895E8.o
[603/956] EXTERNALIZE build/GEDE01/src/game/game_fn_801891D8.o
[604/956] EXTERNALIZE build/GEDE01/src/game/game_fn_80189390.o
[605/956] EXTERNALIZE build/GEDE01/src/game/game_fn_80188E28.o
[606/956] EXTERNALIZE build/GEDE01/src/game/game_fn_80189028.o
[607/956] EXTERNALIZE build/GEDE01/src/game/game_fn_80188B44.o
[608/956] EXTERNALIZE build/GEDE01/src/game/game_fn_80188C1C.o
[609/956] EXTERNALIZE build/GEDE01/src/game/game_fn_80188A7C.o
[610/956] EXTERNALIZE build/GEDE01/src/game/game_fn_801878E0.o
[611/956] EXTERNALIZE build/GEDE01/src/game/game_fn_80187120.o
[612/956] EXTERNALIZE build/GEDE01/src/game/game_fn_80186E10.o
[613/956] EXTERNALIZE build/GEDE01/src/game/game_fn_8018FEDC.o
[614/956] EXTERNALIZE build/GEDE01/src/game/game_fn_801865EC.o
[615/956] EXTERNALIZE build/GEDE01/src/game/game_fn_80185AE8.o
[616/956] EXTERNALIZE build/GEDE01/src/game/game_fn_801859FC.o
[617/956] EXTERNALIZE build/GEDE01/src/game/game_fn_80180DDC.o
[618/956] EXTERNALIZE build/GEDE01/src/game/game_fn_8017E958.o
[619/956] EXTERNALIZE build/GEDE01/src/game/game_fn_8017E850.o
[620/956] EXTERNALIZE build/GEDE01/src/game/game_fn_8017718C.o
[621/956] EXTERNALIZE build/GEDE01/src/game/game_fn_801770F8.o
[622/956] EXTERNALIZE build/GEDE01/src/game/game_fn_80176FA0.o
[623/956] EXTERNALIZE build/GEDE01/src/game/game_fn_80176DF4.o
[624/956] EXTERNALIZE build/GEDE01/src/game/game_fn_80174358.o
[625/956] EXTERNALIZE build/GEDE01/src/game/game_fn_80173F04.o
[626/956] EXTERNALIZE build/GEDE01/src/game/game_fn_80174184.o
[627/956] EXTERNALIZE build/GEDE01/src/game/game_fn_8017553C.o
[628/956] EXTERNALIZE build/GEDE01/src/game/game_fn_80173D44.o
[629/956] EXTERNALIZE build/GEDE01/src/game/game_fn_80173770.o
[630/956] EXTERNALIZE build/GEDE01/src/game/game_fn_801734B4.o
[631/956] EXTERNALIZE build/GEDE01/src/game/game_fn_80173270.o
[632/956] EXTERNALIZE build/GEDE01/src/game/game_fn_80172C78.o
[633/956] EXTERNALIZE build/GEDE01/src/game/game_fn_80172DB8.o
[634/956] EXTERNALIZE build/GEDE01/src/game/game_fn_80172BB0.o
[635/956] EXTERNALIZE build/GEDE01/src/game/game_fn_801726EC.o
[636/956] EXTERNALIZE build/GEDE01/src/game/game_fn_8017250C.o
[637/956] EXTERNALIZE build/GEDE01/src/game/game_fn_80171F30.o
[638/956] EXTERNALIZE build/GEDE01/src/game/game_fn_801719B4.o
[639/956] EXTERNALIZE build/GEDE01/src/game/game_fn_801718F4.o
[640/956] EXTERNALIZE build/GEDE01/src/game/game_fn_80171664.o
[641/956] EXTERNALIZE build/GEDE01/src/game/game_fn_8017138C.o
[642/956] EXTERNALIZE build/GEDE01/src/game/game_fn_80170A40.o
[643/956] EXTERNALIZE build/GEDE01/src/game/game_fn_801706DC.o
[644/956] NORMALIZE build/GEDE01/src/game/game_TRKNubWelcome.o
[645/956] NORMALIZE build/GEDE01/src/game/game_TRK_main.o
[646/956] NORMALIZE build/GEDE01/src/game/game_data_80239E10.o
[647/956] NORMALIZE build/GEDE01/src/game/game_data_80239E18.o
[648/956] EXTERNALIZE build/GEDE01/src/game/game_fn_8017652C.o
[649/956] EXTERNALIZE build/GEDE01/src/game/game_fn_80170E9C.o
[650/956] EXTERNALIZE build/GEDE01/src/game/game_fn_80175F0C.o
[651/956] EXTERNALIZE build/GEDE01/src/game/game_fn_80175E64.o
[652/956] EXTERNALIZE build/GEDE01/src/game/game_fn_80176098.o
[653/956] EXTERNALIZE build/GEDE01/src/game/game_fn_80175FD4.o
[654/956] EXTERNALIZE build/GEDE01/src/game/game_fn_80176160.o
[655/956] EXTERNALIZE build/GEDE01/src/game/game_fn_80176220.o
[656/956] EXTERNALIZE build/GEDE01/src/game/game_fn_80170DF4.o
[657/956] EXTERNALIZE build/GEDE01/src/game/game_fn_801762E8.o
[658/956] EXTERNALIZE build/GEDE01/src/game/game_fn_8016E8F8.o
[659/956] EXTERNALIZE build/GEDE01/src/game/game_fn_8016FEF8.o
[660/956] EXTERNALIZE build/GEDE01/src/game/game_fn_801704F8.o
[661/956] NORMALIZE build/GEDE01/src/game/game_fn_8016DF4C.o
[662/956] EXTERNALIZE build/GEDE01/src/game/game_fn_8016D2B8.o
[663/956] EXTERNALIZE build/GEDE01/src/game/game_fn_8016D040.o
[664/956] EXTERNALIZE build/GEDE01/src/game/game_fn_8016D1F8.o
[665/956] EXTERNALIZE build/GEDE01/src/game/game_fn_8016C774.o
[666/956] EXTERNALIZE build/GEDE01/src/game/game_fn_8016C4BC.o
[667/956] EXTERNALIZE build/GEDE01/src/game/game_fn_8016C238.o
[668/956] EXTERNALIZE build/GEDE01/src/game/game_fn_8016C164.o
[669/956] EXTERNALIZE build/GEDE01/src/game/game_fn_8016C0BC.o
[670/956] EXTERNALIZE build/GEDE01/src/game/game_fn_8017038C.o
[671/956] EXTERNALIZE build/GEDE01/src/game/game_fn_8016BE1C.o
[672/956] EXTERNALIZE build/GEDE01/src/game/game_fn_8016BF60.o
[673/956] EXTERNALIZE build/GEDE01/src/game/game_fn_8016BD0C.o
[674/956] EXTERNALIZE build/GEDE01/src/game/game_fn_80169650.o
[675/956] EXTERNALIZE build/GEDE01/src/game/game_fn_8015EDC0.o
[676/956] EXTERNALIZE build/GEDE01/src/game/game_fn_80167B5C.o
[677/956] EXTERNALIZE build/GEDE01/src/game/game_fn_8015DB84.o
[678/956] EXTERNALIZE build/GEDE01/src/game/game_fn_8015DC54.o
[679/956] EXTERNALIZE build/GEDE01/src/game/game_fn_80158B20.o
[680/956] EXTERNALIZE build/GEDE01/src/game/game_fn_80179398.o
[681/956] EXTERNALIZE build/GEDE01/src/game/game_fn_8017960C.o
[682/956] EXTERNALIZE build/GEDE01/src/game/game_fn_8017974C.o
[683/956] EXTERNALIZE build/GEDE01/src/game/game_fn_8017A9B8.o
[684/956] EXTERNALIZE build/GEDE01/src/game/game_fn_80179904.o
[685/956] EXTERNALIZE build/GEDE01/src/game/game_fn_80179A18.o
[686/956] EXTERNALIZE build/GEDE01/src/game/game_fn_80179A74.o
[687/956] EXTERNALIZE build/GEDE01/src/game/game_fn_80179EB8.o
[688/956] EXTERNALIZE build/GEDE01/src/game/game_fn_80179F20.o
[689/956] EXTERNALIZE build/GEDE01/src/game/game_fn_8017A010.o
[690/956] EXTERNALIZE build/GEDE01/src/game/game_fn_8017A12C.o
[691/956] EXTERNALIZE build/GEDE01/src/game/game_fn_80157C0C.o
[692/956] EXTERNALIZE build/GEDE01/src/game/game_fn_8017A1C0.o
[693/956] EXTERNALIZE build/GEDE01/src/game/game_fn_80155814.o
[694/956] EXTERNALIZE build/GEDE01/src/game/game_fn_80153898.o
[695/956] EXTERNALIZE build/GEDE01/src/game/game_fn_8014B494.o
[696/956] EXTERNALIZE build/GEDE01/src/game/game_fn_8014AF38.o
[697/956] EXTERNALIZE build/GEDE01/src/game/game_fn_8012DB28.o
[698/956] EXTERNALIZE build/GEDE01/src/game/game_fn_801141B8.o
[699/956] EXTERNALIZE build/GEDE01/src/game/game_fn_801128E4.o
[700/956] EXTERNALIZE build/GEDE01/src/game/game_fn_801126E0.o
[701/956] EXTERNALIZE build/GEDE01/src/game/game_fn_8010F184.o
[702/956] EXTERNALIZE build/GEDE01/src/game/game_fn_800E4980.o
[703/956] EXTERNALIZE build/GEDE01/src/game/game_fn_800C17EC.o
[704/956] EXTERNALIZE build/GEDE01/src/game/game_fn_800C59F0.o
[705/956] EXTERNALIZE build/GEDE01/src/game/game_fn_800C030C.o
[706/956] EXTERNALIZE build/GEDE01/src/game/game_fn_800C644C.o
[707/956] EXTERNALIZE build/GEDE01/src/game/game_fn_800C65FC.o
[708/956] EXTERNALIZE build/GEDE01/src/game/game_fn_800CB8F4.o
[709/956] EXTERNALIZE build/GEDE01/src/game/game_fn_800CB760.o
[710/956] EXTERNALIZE build/GEDE01/src/game/game_fn_80079908.o
[711/956] EXTERNALIZE build/GEDE01/src/game/game_fn_80078500.o
[712/956] EXTERNALIZE build/GEDE01/src/game/game_fn_8007B2F4.o
[713/956] EXTERNALIZE build/GEDE01/src/game/game_fn_8007B540.o
[714/956] EXTERNALIZE build/GEDE01/src/game/game_fn_8007B640.o
[715/956] EXTERNALIZE build/GEDE01/src/game/game_fn_8007BA3C.o
[716/956] EXTERNALIZE build/GEDE01/src/game/game_fn_800886D8.o
[717/956] EXTERNALIZE build/GEDE01/src/game/game_fn_800934A0.o
[718/956] EXTERNALIZE build/GEDE01/src/game/game_fn_800A3894.o
[719/956] EXTERNALIZE build/GEDE01/src/game/game_fn_800A7E88.o
[720/956] EXTERNALIZE build/GEDE01/src/game/game_fn_800A4798.o
[721/956] GLOBALIZE build/GEDE01/src/game/game_fn_800A2130.o
[722/956] EXTERNALIZE build/GEDE01/src/game/game_fn_800A2FCC.o
[723/956] EXTERNALIZE build/GEDE01/src/game/game_fn_8009C424.o
[724/956] EXTERNALIZE build/GEDE01/src/game/game_fn_80096830.o
[725/956] GLOBALIZE build/GEDE01/src/game/game_fn_8008F890.o
[726/956] EXTERNALIZE SWITCHES build/GEDE01/src/game/game_fn_80095FDC.o
[727/956] EXTERNALIZE build/GEDE01/src/game/game_fn_800A4428.o
[728/956] EXTERNALIZE build/GEDE01/src/game/game_fn_80074310.o
[729/956] GLOBALIZE build/GEDE01/src/game/game_fn_8005FD84.o
[730/956] EXTERNALIZE build/GEDE01/src/game/game_fn_80066888.o
[731/956] EXTERNALIZE build/GEDE01/src/game/game_fn_8005EC6C.o
[732/956] EXTERNALIZE build/GEDE01/src/game/game_fn_80052310.o
[733/956] EXTERNALIZE build/GEDE01/src/game/game_fn_80048B24.o
[734/956] NAME SWITCH build/GEDE01/src/game/game_fn_80020E94.o
[735/956] NAME SWITCH build/GEDE01/src/game/game_fn_8005EE9C.o
[736/956] NAME SWITCH build/GEDE01/src/game/game_fn_8016D9C0.o
[737/956] NAME SWITCH build/GEDE01/src/game/game_fn_80071A58.o
[738/956] EXTERNALIZE build/GEDE01/src/game/game_fn_80048ADC.o
[739/956] NAME SWITCH build/GEDE01/src/game/game_fn_8006B620.o
[740/956] NAME SWITCH build/GEDE01/src/game/game_fn_8001FE1C.o
[741/956] NAME SWITCH build/GEDE01/src/game/game_fn_8001E644.o
[742/956] EXTERNALIZE build/GEDE01/src/game/game_fn_80038878.o
[743/956] EXTERNALIZE build/GEDE01/src/game/game_fn_801B46C8.o
build/GEDE01/src/game/game_fn_801B46C8.o: lbl_8060C020 now undefined; section 6 emptied
[744/956] EXTERNALIZE build/GEDE01/src/game/game_fn_80036C40.o
[745/956] EXTERNALIZE build/GEDE01/src/game/game_fn_800359A0.o
[746/956] EXTERNALIZE build/GEDE01/src/game/game_fn_80033180.o
[747/956] EXTERNALIZE build/GEDE01/src/game/game_fn_80033038.o
[748/956] EXTERNALIZE build/GEDE01/src/game/game_fn_80032B84.o
[749/956] EXTERNALIZE build/GEDE01/src/game/game_fn_8003232C.o
[750/956] EXTERNALIZE build/GEDE01/src/game/game_fn_8002E3F0.o
[751/956] EXTERNALIZE build/GEDE01/src/game/game_fn_8002DAE0.o
[752/956] EXTERNALIZE build/GEDE01/src/game/game_fn_8002EA68.o
[753/956] GLOBALIZE build/GEDE01/src/game/game_fn_8002B748.o
[754/956] EXTERNALIZE build/GEDE01/src/game/game_fn_8002F428.o
[755/956] NAME SWITCHES build/GEDE01/src/game/game_fn_80024F28.o
[756/956] EXTERNALIZE build/GEDE01/src/game/game_fn_800272B4.o
[757/956] EXTERNALIZE build/GEDE01/src/game/game_fn_8001CE94.o
[758/956] EXTERNALIZE build/GEDE01/src/game/game_fn_8001CD58.o
[759/956] EXTERNALIZE build/GEDE01/src/game/game_fn_8001C078.o
[760/956] EXTERNALIZE build/GEDE01/src/game/game_fn_8001B874.o
[761/956] EXTERNALIZE build/GEDE01/src/game/game_fn_8001B808.o
[762/956] EXTERNALIZE build/GEDE01/src/game/game_fn_8001B294.o
[763/956] EXTERNALIZE build/GEDE01/src/game/game_fn_8001B124.o
[764/956] EXTERNALIZE build/GEDE01/src/game/game_fn_8001ADF8.o
[765/956] EXTERNALIZE build/GEDE01/src/game/game_fn_8001AF68.o
[766/956] EXTERNALIZE build/GEDE01/src/game/game_fn_8001AAB8.o
[767/956] EXTERNALIZE build/GEDE01/src/game/game_fn_8001A6C4.o
[768/956] EXTERNALIZE build/GEDE01/src/game/game_fn_80019F98.o
[769/956] EXTERNALIZE build/GEDE01/src/game/game_fn_80019D2C.o
[770/956] EXTERNALIZE build/GEDE01/src/game/game_fn_80019C10.o
[771/956] EXTERNALIZE build/GEDE01/src/game/game_fn_80019940.o
[772/956] EXTERNALIZE build/GEDE01/src/game/game_fn_800194D0.o
[773/956] EXTERNALIZE build/GEDE01/src/game/game_fn_80019244.o
[774/956] EXTERNALIZE build/GEDE01/src/game/game_fn_80019054.o
[775/956] EXTERNALIZE build/GEDE01/src/game/game_fn_80018EF4.o
[776/956] EXTERNALIZE build/GEDE01/src/game/game_fn_80017DB0.o
[777/956] EXTERNALIZE build/GEDE01/src/game/game_fn_80017CC8.o
[778/956] EXTERNALIZE build/GEDE01/src/game/game_fn_80017C3C.o
[779/956] EXTERNALIZE build/GEDE01/src/game/game_fn_80017AE4.o
[780/956] EXTERNALIZE build/GEDE01/src/game/game_fn_80017A3C.o
[781/956] EXTERNALIZE build/GEDE01/src/game/game_fn_800179AC.o
[782/956] EXTERNALIZE build/GEDE01/src/game/game_fn_80017910.o
[783/956] EXTERNALIZE FLAGS build/GEDE01/src/game/game_fn_800119FC.o
[784/956] EXTERNALIZE build/GEDE01/src/game/game_fn_8000FFD8.o
[785/956] EXTERNALIZE build/GEDE01/src/game/game_fn_8000F4B0.o
[786/956] GLOBALIZE build/GEDE01/src/game/game_fn_800094C0.o
[787/956] EXTERNALIZE build/GEDE01/src/game/game_fn_8000EFC4.o
[788/956] EXTERNALIZE build/GEDE01/src/game/game_fn_800096E0.o
[789/956] EXTERNALIZE build/GEDE01/src/game/game_fn_800098C0.o
[790/956] EXTERNALIZE build/GEDE01/src/game/game_fn_800099D8.o
[791/956] EXTERNALIZE build/GEDE01/src/game/game_fn_80009AB4.o
[792/956] EXTERNALIZE build/GEDE01/src/game/game_fn_8000A26C.o
[793/956] EXTERNALIZE build/GEDE01/src/game/game_fn_800171C0.o
[794/956] EXTERNALIZE build/GEDE01/src/game/game_fn_800176F0.o
[795/956] EXTERNALIZE build/GEDE01/src/game/game_fn_8000AEB4.o
[796/956] EXTERNALIZE build/GEDE01/src/game/game_fn_8000AC88.o
[797/956] EXTERNALIZE build/GEDE01/src/game/game_fn_8000AFB4.o
[798/956] EXTERNALIZE build/GEDE01/src/game/game_fn_8000B1B8.o
[799/956] EXTERNALIZE build/GEDE01/src/game/game_fn_8000B630.o
[800/956] EXTERNALIZE build/GEDE01/src/game/game_fn_8000B36C.o
[801/956] EXTERNALIZE build/GEDE01/src/game/game_fn_8000B7FC.o
[802/956] EXTERNALIZE build/GEDE01/src/game/game_fn_8000B900.o
[803/956] EXTERNALIZE build/GEDE01/src/game/game_fn_8000BAA0.o
[804/956] EXTERNALIZE build/GEDE01/src/game/game_fn_8000BA0C.o
[805/956] EXTERNALIZE build/GEDE01/src/game/game_fn_8000BC40.o
[806/956] EXTERNALIZE build/GEDE01/src/game/game_fn_8000C06C.o
[807/956] EXTERNALIZE build/GEDE01/src/game/game_fn_8000C17C.o
[808/956] EXTERNALIZE build/GEDE01/src/game/game_fn_8000C400.o
[809/956] EXTERNALIZE build/GEDE01/src/game/game_fn_8000C848.o
[810/956] EXTERNALIZE build/GEDE01/src/game/game_fn_8000C91C.o
[811/956] EXTERNALIZE build/GEDE01/src/game/game_fn_8000D0BC.o
[812/956] NAME SWITCH build/GEDE01/src/game/game_fn_8000D8A4.o
[813/956] EXTERNALIZE build/GEDE01/src/game/game_fn_8000D3D4.o
[814/956] EXTERNALIZE build/GEDE01/src/game/game_fn_8000E054.o
[815/956] EXTERNALIZE build/GEDE01/src/game/game_fn_8000E0AC.o
[816/956] EXTERNALIZE build/GEDE01/src/game/game_fn_8000E96C.o
[817/956] EXTERNALIZE build/GEDE01/src/game/game_fn_8000F774.o
[818/956] EXTERNALIZE build/GEDE01/src/game/game_fn_8000EB14.o
[819/956] EXTERNALIZE build/GEDE01/src/game/game_fn_8000EBD4.o
[820/956] EXTERNALIZE build/GEDE01/src/game/game_fn_8000ED44.o
[821/956] EXTERNALIZE build/GEDE01/src/game/game_fn_8000E138.o
[822/956] EXTERNALIZE build/GEDE01/src/game/game_fn_8000E1C4.o
[823/956] EXTERNALIZE build/GEDE01/src/game/game_fn_8000D590.o
[824/956] EXTERNALIZE build/GEDE01/src/game/game_fn_8000DAF4.o
[825/956] EXTERNALIZE build/GEDE01/src/game/game_fn_8000DA50.o
[826/956] EXTERNALIZE build/GEDE01/src/game/game_fn_80012DA8.o
[827/956] EXTERNALIZE build/GEDE01/src/game/game_fn_80012F40.o
[828/956] EXTERNALIZE build/GEDE01/src/game/game_fn_80012FD0.o
[829/956] EXTERNALIZE build/GEDE01/src/game/game_fn_800131E8.o
[830/956] EXTERNALIZE build/GEDE01/src/game/game_fn_80013340.o
[831/956] EXTERNALIZE build/GEDE01/src/game/game_fn_80013870.o
[832/956] EXTERNALIZE build/GEDE01/src/game/game_fn_80013CB0.o
[833/956] EXTERNALIZE build/GEDE01/src/game/game_fn_80013D54.o
[834/956] EXTERNALIZE build/GEDE01/src/game/game_fn_800142DC.o
[835/956] EXTERNALIZE build/GEDE01/src/game/game_fn_800144CC.o
[836/956] EXTERNALIZE build/GEDE01/src/game/game_fn_80014784.o
[837/956] EXTERNALIZE build/GEDE01/src/game/game_fn_800149D4.o
[838/956] EXTERNALIZE build/GEDE01/src/game/game_fn_80015320.o
[839/956] EXTERNALIZE build/GEDE01/src/game/game_fn_80015058.o
[840/956] EXTERNALIZE build/GEDE01/src/game/game_fn_800156FC.o
[841/956] EXTERNALIZE build/GEDE01/src/game/game_fn_80015568.o
[842/956] EXTERNALIZE build/GEDE01/src/game/game_fn_80015BE0.o
[843/956] EXTERNALIZE build/GEDE01/src/game/game_fn_80015D40.o
[844/956] EXTERNALIZE build/GEDE01/src/game/game_fn_80015F04.o
[845/956] EXTERNALIZE build/GEDE01/src/game/game_fn_80016128.o
[846/956] EXTERNALIZE build/GEDE01/src/game/game_fn_80016270.o
[847/956] EXTERNALIZE build/GEDE01/src/game/game_fn_80016904.o
[848/956] EXTERNALIZE build/GEDE01/src/game/game_fn_80016B24.o
[849/956] EXTERNALIZE build/GEDE01/src/game/game_fn_800173CC.o
[850/956] EXTERNALIZE build/GEDE01/src/game/game_fn_801BEF40.o
[851/956] EXTERNALIZE build/GEDE01/src/game/game_fn_801B86C0.o
[852/956] EXTERNALIZE STATIC POOL build/GEDE01/src/game/game_fn_801C4B5C.o
build/GEDE01/src/game/game_fn_801C4B5C.o: lbl_80628CB0 now undefined; section 6 emptied
[853/956] EXTERNALIZE build/GEDE01/src/game/game_fn_801C8600.o
[854/956] EXTERNALIZE build/GEDE01/src/game/game_fn_801EAA04.o
[855/956] EXTERNALIZE build/GEDE01/src/game/game_fn_80150400.o
[856/956] EXTERNALIZE build/GEDE01/src/game/game_fn_80150F20.o
[857/956] EXTERNALIZE build/GEDE01/src/game/game_fn_80151D00.o
[858/956] EXTERNALIZE build/GEDE01/src/game/game_fn_80151600.o
[859/956] EXTERNALIZE build/GEDE01/src/game/game_fn_801DE8B4.o
[860/956] EXTERNALIZE build/GEDE01/src/game/game_fn_80173BDC.o
[861/956] EXTERNALIZE build/GEDE01/src/game/game_fn_801E7014.o
[862/956] EXTERNALIZE build/GEDE01/src/game/game_fn_801A4430.o
[863/956] EXTERNALIZE build/GEDE01/src/game/game_fn_8014BA14.o
[864/956] EXTERNALIZE build/GEDE01/src/game/game_fn_800B2EC0.o
[865/956] EXTERNALIZE build/GEDE01/src/game/game_fn_8001CA04.o
[866/956] EXTERNALIZE build/GEDE01/src/game/game_fn_80031544.o
[867/956] EXTERNALIZE build/GEDE01/src/game/game_fn_8006B0F0.o
[868/956] EXTERNALIZE build/GEDE01/src/game/game_fn_8007D4D8.o
[869/956] EXTERNALIZE build/GEDE01/src/game/game_fn_801DDB84.o
[870/956] EXTERNALIZE build/GEDE01/src/game/game_fn_8007F770.o
[871/956] EXTERNALIZE build/GEDE01/src/game/game_fn_80088F4C.o
[872/956] EXTERNALIZE build/GEDE01/src/game/game_fn_8008A2E0.o
[873/956] EXTERNALIZE build/GEDE01/src/game/game_fn_80089A34.o
[874/956] EXTERNALIZE build/GEDE01/src/game/game_fn_80090004.o
[875/956] EXTERNALIZE build/GEDE01/src/game/game_fn_80095D10.o
[876/956] EXTERNALIZE build/GEDE01/src/game/game_fn_800A3180.o
[877/956] EXTERNALIZE build/GEDE01/src/game/game_fn_800BB7A8.o
[878/956] EXTERNALIZE build/GEDE01/src/game/game_fn_800BB5C4.o
[879/956] EXTERNALIZE build/GEDE01/src/game/game_fn_800BB9A4.o
[880/956] EXTERNALIZE build/GEDE01/src/game/game_fn_800BBAF0.o
[881/956] EXTERNALIZE build/GEDE01/src/game/game_fn_800D9064.o
[882/956] EXTERNALIZE build/GEDE01/src/game/game_fn_800D9E10.o
[883/956] EXTERNALIZE build/GEDE01/src/game/game_fn_8012976C.o
[884/956] EXTERNALIZE build/GEDE01/src/game/game_fn_8013DB8C.o
[885/956] EXTERNALIZE build/GEDE01/src/game/game_fn_8013CBE4.o
[886/956] EXTERNALIZE build/GEDE01/src/game/game_fn_8014CA98.o
[887/956] EXTERNALIZE build/GEDE01/src/game/game_fn_80153A24.o
[888/956] EXTERNALIZE build/GEDE01/src/game/game_fn_801535D8.o
[889/956] EXTERNALIZE build/GEDE01/src/game/game_fn_80174F2C.o
[890/956] EXTERNALIZE build/GEDE01/src/game/game_fn_801752B0.o
[891/956] EXTERNALIZE build/GEDE01/src/game/game_fn_8017AC20.o
[892/956] EXTERNALIZE build/GEDE01/src/game/game_fn_801861C4.o
[893/956] EXTERNALIZE build/GEDE01/src/game/game_fn_8018680C.o
[894/956] EXTERNALIZE build/GEDE01/src/game/game_fn_80186F70.o
[895/956] EXTERNALIZE build/GEDE01/src/game/game_fn_80187320.o
[896/956] EXTERNALIZE build/GEDE01/src/game/game_fn_801810A0.o
[897/956] EXTERNALIZE build/GEDE01/src/game/game_fn_801875FC.o
[898/956] EXTERNALIZE build/GEDE01/src/game/game_fn_800542D0.o
[899/956] EXTERNALIZE build/GEDE01/src/game/game_fn_80187E40.o
[900/956] EXTERNALIZE build/GEDE01/src/game/game_fn_80187BB4.o
[901/956] EXTERNALIZE build/GEDE01/src/game/game_fn_80189C14.o
[902/956] EXTERNALIZE build/GEDE01/src/game/game_fn_8018C2D0.o
[903/956] EXTERNALIZE build/GEDE01/src/game/game_fn_8018D400.o
[904/956] EXTERNALIZE build/GEDE01/src/game/game_fn_8018E0D8.o
[905/956] EXTERNALIZE build/GEDE01/src/game/game_fn_8019120C.o
[906/956] EXTERNALIZE build/GEDE01/src/game/game_fn_8018DC24.o
[907/956] EXTERNALIZE build/GEDE01/src/game/game_fn_801916D0.o
[908/956] EXTERNALIZE build/GEDE01/src/game/game_fn_801926EC.o
[909/956] EXTERNALIZE build/GEDE01/src/game/game_fn_801929A4.o
[910/956] EXTERNALIZE build/GEDE01/src/game/game_fn_801952E8.o
[911/956] EXTERNALIZE build/GEDE01/src/game/game_fn_801A2A54.o
[912/956] EXTERNALIZE build/GEDE01/src/game/game_fn_801A34BC.o
[913/956] EXTERNALIZE build/GEDE01/src/game/game_fn_801A657C.o
[914/956] EXTERNALIZE build/GEDE01/src/game/game_fn_801A1F8C.o
[915/956] EXTERNALIZE build/GEDE01/src/game/game_fn_801D1F78.o
[916/956] EXTERNALIZE build/GEDE01/src/game/game_fn_801E2A48.o
[917/956] EXTERNALIZE build/GEDE01/src/game/game_fn_801E6814.o
[918/956] EXTERNALIZE build/GEDE01/src/game/game_fn_801E995C.o
[919/956] EXTERNALIZE build/GEDE01/src/game/game_fn_801EF580.o
[920/956] EXTERNALIZE build/GEDE01/src/game/game_fn_801F0CB0.o
[921/956] EXTERNALIZE build/GEDE01/src/game/game_fn_801F10BC.o
[922/956] EXTERNALIZE build/GEDE01/src/game/game_fn_801F35A8.o
[923/956] EXTERNALIZE build/GEDE01/src/game/game_fn_801ECD74.o
[924/956] EXTERNALIZE build/GEDE01/src/game/game_fn_801ED5F4.o
[925/956] EXTERNALIZE build/GEDE01/src/game/game_fn_801F69F0.o
[926/956] EXTERNALIZE build/GEDE01/src/game/game_fn_801F76EC.o
[927/956] EXTERNALIZE build/GEDE01/src/game/game_fn_801F8264.o
[928/956] EXTERNALIZE build/GEDE01/src/game/game_fn_801F89B4.o
[929/956] EXTERNALIZE build/GEDE01/src/game/game_fn_801F9AF8.o
[930/956] EXTERNALIZE build/GEDE01/src/game/game_fn_801F6BD8.o
[931/956] EXTERNALIZE build/GEDE01/src/game/game_fn_80095E64.o
[932/956] EXTERNALIZE build/GEDE01/src/game/game_fn_801FB6A4.o
[933/956] EXTERNALIZE JUMPTABLES build/GEDE01/src/game/game_fn_800361F8.o
[934/956] EXTERNALIZE JUMPTABLES build/GEDE01/src/game/game_fn_8006E53C.o
[935/956] EXTERNALIZE JUMPTABLES build/GEDE01/src/game/game_fn_800CF598.o
[936/956] EXTERNALIZE JUMPTABLES build/GEDE01/src/game/game_fn_801ACFE8.o
[937/956] EXTERNALIZE JUMPTABLES build/GEDE01/src/game/game_fn_801B1BA0.o
[938/956] EXTERNALIZE build/GEDE01/src/game/game_fn_801E0088.o
[939/956] EXTERNALIZE build/GEDE01/src/game/game_fn_80150A24.o
[940/956] EXTERNALIZE build/GEDE01/src/game/game_fn_80154F74.o
[941/956] EXTERNALIZE build/GEDE01/src/game/game_fn_801E504C.o
[942/956] EXTERNALIZE build/GEDE01/src/game/game_fn_8009E808.o
[943/956] EXTERNALIZE build/GEDE01/src/game/game_fn_801F1A38.o
[944/956] EXTERNALIZE build/GEDE01/src/game/game_fn_801FFE78.o
[945/956] EXTERNALIZE build/GEDE01/src/game/game_fn_801F55A0.o
[946/956] EXTERNALIZE build/GEDE01/src/game/game_fn_801F7510.o
[947/956] EXTERNALIZE build/GEDE01/src/game/game_fn_801F8FAC.o
[948/956] EXTERNALIZE build/GEDE01/src/game/game_fn_801F9CF4.o
[949/956] EXTERNALIZE build/GEDE01/src/game/game_fn_801FC034.o
[950/956] EXTERNALIZE build/GEDE01/src/game/game_fn_801FA9C8.o
[951/956] REPORT
 INFO Loading project .
 INFO Generating report for 7079 units (using 8 threads)
 INFO Report generated in 0.190s
 INFO Writing to build/GEDE01/report.json
[952/956] LINK build/GEDE01/main.elf
FAILED: [code=1] build/GEDE01/main.elf 
tools/mwcc_wrapper.py compilers/GC/1.3/mwldeppc.exe -fp hardware -nodefaults -lcf build/GEDE01/ldscript.lcf -o build/GEDE01/main.elf @build/GEDE01/main.elf.rsp
### mwldeppc.exe Linker Warning:
#   Section '.ignored' is unknown. Section ignored.
### mwldeppc.exe Linker Warning:
#   Section '.ignored' is unknown. Section ignored.
### mwldeppc.exe Linker Warning:
#   Section '.ignored' is unknown. Section ignored.
### mwldeppc.exe Linker Warning:
#   Section '.ignored' is unknown. Section ignored.
### mwldeppc.exe Linker Warning:
#   Section '.ignored' is unknown. Section ignored.
### mwldeppc.exe Linker Warning:
#   Section '.ignored' is unknown. Section ignored.
### mwldeppc.exe Linker Warning:
#   Section '.ignored' is unknown. Section ignored.
### mwldeppc.exe Linker Warning:
#   Section '.ignored' is unknown. Section ignored.
### mwldeppc.exe Linker Warning:
#   Section '.ignored' is unknown. Section ignored.
### mwldeppc.exe Linker Warning:
#   Section '.ignored' is unknown. Section ignored.
### mwldeppc.exe Linker Warning:
#   Section '.ignored' is unknown. Section ignored.
### mwldeppc.exe Linker Warning:
#   Section '.ignored' is unknown. Section ignored.
### mwldeppc.exe Linker Warning:
#   Section '.ignored' is unknown. Section ignored.
### mwldeppc.exe Linker Warning:
#   Section '.ignored' is unknown. Section ignored.
### mwldeppc.exe Linker Warning:
#   Section '.ignored' is unknown. Section ignored.
### mwldeppc.exe Linker Warning:
#   Section '.ignored' is unknown. Section ignored.
### mwldeppc.exe Linker Warning:
#   Section '.ignored' is unknown. Section ignored.
### mwldeppc.exe Linker Warning:
#   Section '.ignored' is unknown. Section ignored.
### mwldeppc.exe Linker Warning:
#   Section '.ignored' is unknown. Section ignored.
### mwldeppc.exe Linker Warning:
#   Section '.ignored' is unknown. Section ignored.
### mwldeppc.exe Linker Warning:
#   Section '.ignored' is unknown. Section ignored.
### mwldeppc.exe Linker Warning:
#   Section '.ignored' is unknown. Section ignored.
### mwldeppc.exe Linker Warning:
#   Section '.ignored' is unknown. Section ignored.
### mwldeppc.exe Linker Warning:
#   Section '.ignored' is unknown. Section ignored.
### mwldeppc.exe Linker Warning:
#   Section '.ignored' is unknown. Section ignored.
### mwldeppc.exe Linker Warning:
#   Section '.ignored' is unknown. Section ignored.
### mwldeppc.exe Linker Warning:
#   Section '.ignored' is unknown. Section ignored.
### mwldeppc.exe Linker Warning:
#   Section '.ignored' is unknown. Section ignored.
### mwldeppc.exe Linker Warning:
#   Section '.ignored' is unknown. Section ignored.
### mwldeppc.exe Linker Warning:
#   Section '.ignored' is unknown. Section ignored.
### mwldeppc.exe Linker Warning:
#   Section '.ignored' is unknown. Section ignored.
### mwldeppc.exe Linker Warning:
#   Section '.ignored' is unknown. Section ignored.
### mwldeppc.exe Linker Warning:
#   Section '.ignored' is unknown. Section ignored.
### mwldeppc.exe Linker Warning:
#   Section '.ignored' is unknown. Section ignored.
### mwldeppc.exe Linker Warning:
#   Section '.ignored' is unknown. Section ignored.
### mwldeppc.exe Linker Warning:
#   Section '.ignored' is unknown. Section ignored.
### mwldeppc.exe Linker Warning:
#   Section '.ignored' is unknown. Section ignored.
### mwldeppc.exe Linker Warning:
#   Section '.ignored' is unknown. Section ignored.
### mwldeppc.exe Linker Warning:
#   Section '.ignored' is unknown. Section ignored.
### mwldeppc.exe Linker Warning:
#   Section '.ignored' is unknown. Section ignored.
### mwldeppc.exe Linker Warning:
#   Section '.ignored' is unknown. Section ignored.
### mwldeppc.exe Linker Warning:
#   Section '.ignored' is unknown. Section ignored.
### mwldeppc.exe Linker Warning:
#   Section '.ignored' is unknown. Section ignored.
### mwldeppc.exe Linker Warning:
#   Section '.ignored' is unknown. Section ignored.
### mwldeppc.exe Linker Warning:
#   Section '.ignored' is unknown. Section ignored.
### mwldeppc.exe Linker Warning:
#   Section '.ignored' is unknown. Section ignored.
### mwldeppc.exe Linker Warning:
#   Section '.ignored' is unknown. Section ignored.
### mwldeppc.exe Linker Warning:
#   Section '.ignored' is unknown. Section ignored.
### mwldeppc.exe Linker Warning:
#   Section '.ignored' is unknown. Section ignored.
### mwldeppc.exe Linker Warning:
#   Section '.ignored' is unknown. Section ignored.
### mwldeppc.exe Linker Warning:
#   Section '.ignored' is unknown. Section ignored.
### mwldeppc.exe Linker Warning:
#   Section '.ignored' is unknown. Section ignored.
### mwldeppc.exe Linker Warning:
#   Section '.ignored' is unknown. Section ignored.
### mwldeppc.exe Linker Warning:
#   Section '.ignored' is unknown. Section ignored.
### mwldeppc.exe Linker Warning:
#   Section '.ignored' is unknown. Section ignored.
### mwldeppc.exe Linker Warning:
#   Section '.ignored' is unknown. Section ignored.
### mwldeppc.exe Linker Warning:
#   Section '.ignored' is unknown. Section ignored.
### mwldeppc.exe Linker Warning:
#   Section '.ignored' is unknown. Section ignored.
### mwldeppc.exe Linker Warning:
#   Section '.ignored' is unknown. Section ignored.
### mwldeppc.exe Linker Warning:
#   Section '.ignored' is unknown. Section ignored.
### mwldeppc.exe Linker Warning:
#   Section '.ignored' is unknown. Section ignored.
### mwldeppc.exe Linker Warning:
#   Section '.ignored' is unknown. Section ignored.
### mwldeppc.exe Linker Warning:
#   Section '.ignored' is unknown. Section ignored.
### mwldeppc.exe Linker Warning:
#   Section '.ignored' is unknown. Section ignored.
### mwldeppc.exe Linker Warning:
#   Section '.ignored' is unknown. Section ignored.
### mwldeppc.exe Linker Warning:
#   Section '.ignored' is unknown. Section ignored.
### mwldeppc.exe Linker Warning:
#   Section '.ignored' is unknown. Section ignored.
### mwldeppc.exe Linker Warning:
#   Section '.ignored' is unknown. Section ignored.
### mwldeppc.exe Linker Warning:
#   Section '.ignored' is unknown. Section ignored.
### mwldeppc.exe Linker Warning:
#   Section '.ignored' is unknown. Section ignored.
### mwldeppc.exe Linker Warning:
#   Section '.ignored' is unknown. Section ignored.
### mwldeppc.exe Linker Warning:
#   Section '.ignored' is unknown. Section ignored.
### mwldeppc.exe Linker Warning:
#   Section '.ignored' is unknown. Section ignored.
### mwldeppc.exe Linker Warning:
#   Section '.ignored' is unknown. Section ignored.
### mwldeppc.exe Linker Warning:
#   Section '.ignored' is unknown. Section ignored.
### mwldeppc.exe Linker Warning:
#   Section '.ignored' is unknown. Section ignored.
### mwldeppc.exe Linker Warning:
#   Section '.ignored' is unknown. Section ignored.
### mwldeppc.exe Linker Warning:
#   Section '.ignored' is unknown. Section ignored.
### mwldeppc.exe Linker Warning:
#   Section '.ignored' is unknown. Section ignored.
### mwldeppc.exe Linker Warning:
#   Section '.ignored' is unknown. Section ignored.
### mwldeppc.exe Linker Warning:
#   Section '.ignored' is unknown. Section ignored.
### mwldeppc.exe Linker Warning:
#   Section '.ignored' is unknown. Section ignored.
### mwldeppc.exe Linker Warning:
#   Section '.ignored' is unknown. Section ignored.
### mwldeppc.exe Linker Warning:
#   Section '.ignored' is unknown. Section ignored.
### mwldeppc.exe Linker Warning:
#   Section '.ignored' is unknown. Section ignored.
### mwldeppc.exe Linker Warning:
#   Section '.ignored' is unknown. Section ignored.
### mwldeppc.exe Linker Warning:
#   Section '.ignored' is unknown. Section ignored.
### mwldeppc.exe Linker Warning:
#   Section '.ignored' is unknown. Section ignored.
### mwldeppc.exe Linker Warning:
#   Section '.ignored' is unknown. Section ignored.
### mwldeppc.exe Linker Warning:
#   Section '.ignored' is unknown. Section ignored.
### mwldeppc.exe Linker Warning:
#   Section '.ignored' is unknown. Section ignored.
### mwldeppc.exe Linker Warning:
#   Section '.ignored' is unknown. Section ignored.
### mwldeppc.exe Linker Warning:
#   Section '.ignored' is unknown. Section ignored.
### mwldeppc.exe Linker Warning:
#   Section '.ignored' is unknown. Section ignored.
### mwldeppc.exe Linker Warning:
#   Section '.ignored' is unknown. Section ignored.
### mwldeppc.exe Linker Warning:
#   Section '.ignored' is unknown. Section ignored.
### mwldeppc.exe Linker Warning:
#   Section '.ignored' is unknown. Section ignored.
### mwldeppc.exe Linker Warning:
#   Section '.ignored' is unknown. Section ignored.
### mwldeppc.exe Linker Warning:
#   Section '.ignored' is unknown. Section ignored.
### mwldeppc.exe Linker Warning:
#   Section '.ignored' is unknown. Section ignored.
### mwldeppc.exe Linker Warning:
#   Section '.ignored' is unknown. Section ignored.
### mwldeppc.exe Linker Warning:
#   Section '.ignored' is unknown. Section ignored.
### mwldeppc.exe Linker Warning:
#   Section '.ignored' is unknown. Section ignored.
### mwldeppc.exe Linker Warning:
#   Section '.ignored' is unknown. Section ignored.
### mwldeppc.exe Linker Warning:
#   Section '.ignored' is unknown. Section ignored.
### mwldeppc.exe Linker Warning:
#   Section '.ignored' is unknown. Section ignored.
### mwldeppc.exe Linker Warning:
#   Section '.ignored' is unknown. Section ignored.
### mwldeppc.exe Linker Warning:
#   Section '.ignored' is unknown. Section ignored.
### mwldeppc.exe Linker Warning:
#   Section '.ignored' is unknown. Section ignored.
### mwldeppc.exe Linker Warning:
#   Section '.ignored' is unknown. Section ignored.
### mwldeppc.exe Linker Warning:
#   Section '.ignored' is unknown. Section ignored.
### mwldeppc.exe Linker Warning:
#   Section '.ignored' is unknown. Section ignored.
### mwldeppc.exe Linker Warning:
#   Section '.ignored' is unknown. Section ignored.
### mwldeppc.exe Linker Warning:
#   Section '.ignored' is unknown. Section ignored.
### mwldeppc.exe Linker Warning:
#   Section '.ignored' is unknown. Section ignored.
### mwldeppc.exe Linker Warning:
#   Section '.ignored' is unknown. Section ignored.
### mwldeppc.exe Linker Warning:
#   Section '.ignored' is unknown. Section ignored.
### mwldeppc.exe Linker Warning:
#   Section '.ignored' is unknown. Section ignored.
### mwldeppc.exe Linker Warning:
#   Section '.ignored' is unknown. Section ignored.
### mwldeppc.exe Linker Warning:
#   Section '.ignored' is unknown. Section ignored.
### mwldeppc.exe Linker Warning:
#   Section '.ignored' is unknown. Section ignored.
### mwldeppc.exe Linker Warning:
#   Section '.ignored' is unknown. Section ignored.
### mwldeppc.exe Linker Warning:
#   Section '.ignored' is unknown. Section ignored.
### mwldeppc.exe Linker Warning:
#   Section '.ignored' is unknown. Section ignored.
### mwldeppc.exe Linker Warning:
#   Section '.ignored' is unknown. Section ignored.
### mwldeppc.exe Linker Warning:
#   Section '.ignored' is unknown. Section ignored.
### mwldeppc.exe Linker Warning:
#   Section '.ignored' is unknown. Section ignored.
### mwldeppc.exe Linker Warning:
#   Section '.ignored' is unknown. Section ignored.
### mwldeppc.exe Linker Warning:
#   Section '.ignored' is unknown. Section ignored.
### mwldeppc.exe Linker Warning:
#   Section '.ignored' is unknown. Section ignored.
### mwldeppc.exe Linker Warning:
#   Section '.ignored' is unknown. Section ignored.
### mwldeppc.exe Linker Warning:
#   Section '.ignored' is unknown. Section ignored.
### mwldeppc.exe Linker Warning:
#   Section '.ignored' is unknown. Section ignored.
### mwldeppc.exe Linker Warning:
#   Section '.ignored' is unknown. Section ignored.
### mwldeppc.exe Linker Warning:
#   Section '.ignored' is unknown. Section ignored.
### mwldeppc.exe Linker Warning:
#   Section '.ignored' is unknown. Section ignored.
### mwldeppc.exe Linker Warning:
#   Section '.ignored' is unknown. Section ignored.
### mwldeppc.exe Linker Warning:
#   Section '.ignored' is unknown. Section ignored.
### mwldeppc.exe Linker Warning:
#   Section '.ignored' is unknown. Section ignored.
### mwldeppc.exe Linker Warning:
#   Section '.ignored' is unknown. Section ignored.
### mwldeppc.exe Linker Warning:
#   Section '.ignored' is unknown. Section ignored.
### mwldeppc.exe Linker Warning:
#   Section '.ignored' is unknown. Section ignored.
### mwldeppc.exe Linker Warning:
#   Section '.ignored' is unknown. Section ignored.
### mwldeppc.exe Linker Warning:
#   Section '.ignored' is unknown. Section ignored.
### mwldeppc.exe Linker Warning:
#   Section '.ignored' is unknown. Section ignored.
### mwldeppc.exe Linker Warning:
#   Section '.ignored' is unknown. Section ignored.
### mwldeppc.exe Linker Warning:
#   Section '.ignored' is unknown. Section ignored.
### mwldeppc.exe Linker Warning:
#   Section '.ignored' is unknown. Section ignored.
### mwldeppc.exe Linker Warning:
#   Section '.ignored' is unknown. Section ignored.
### mwldeppc.exe Linker Warning:
#   Section '.ignored' is unknown. Section ignored.
### mwldeppc.exe Linker Warning:
#   Section '.ignored' is unknown. Section ignored.
### mwldeppc.exe Linker Warning:
#   Section '.ignored' is unknown. Section ignored.
### mwldeppc.exe Linker Warning:
#   Section '.ignored' is unknown. Section ignored.
### mwldeppc.exe Linker Warning:
#   Section '.ignored' is unknown. Section ignored.
### mwldeppc.exe Linker Warning:
#   Section '.ignored' is unknown. Section ignored.
### mwldeppc.exe Linker Warning:
#   Section '.ignored' is unknown. Section ignored.
### mwldeppc.exe Linker Warning:
#   Section '.ignored' is unknown. Section ignored.
### mwldeppc.exe Linker Warning:
#   Section '.ignored' is unknown. Section ignored.
### mwldeppc.exe Linker Warning:
#   Section '.ignored' is unknown. Section ignored.
### mwldeppc.exe Linker Warning:
#   Section '.ignored' is unknown. Section ignored.
### mwldeppc.exe Linker Warning:
#   Section '.ignored' is unknown. Section ignored.
### mwldeppc.exe Linker Warning:
#   Section '.ignored' is unknown. Section ignored.
### mwldeppc.exe Linker Warning:
#   Section '.ignored' is unknown. Section ignored.
### mwldeppc.exe Linker Warning:
#   Section '.ignored' is unknown. Section ignored.
### mwldeppc.exe Linker Warning:
#   Section '.ignored' is unknown. Section ignored.
### mwldeppc.exe Linker Warning:
#   Section '.ignored' is unknown. Section ignored.
### mwldeppc.exe Linker Warning:
#   Section '.ignored' is unknown. Section ignored.
### mwldeppc.exe Linker Warning:
#   Section '.ignored' is unknown. Section ignored.
### mwldeppc.exe Linker Warning:
#   Section '.ignored' is unknown. Section ignored.
### mwldeppc.exe Linker Warning:
#   Section '.ignored' is unknown. Section ignored.
### mwldeppc.exe Linker Warning:
#   Section '.ignored' is unknown. Section ignored.
### mwldeppc.exe Linker Warning:
#   Section '.ignored' is unknown. Section ignored.
### mwldeppc.exe Linker Warning:
#   Section '.ignored' is unknown. Section ignored.
### mwldeppc.exe Linker Warning:
#   Section '.ignored' is unknown. Section ignored.
### mwldeppc.exe Linker Warning:
#   Section '.ignored' is unknown. Section ignored.
### mwldeppc.exe Linker Warning:
#   Section '.ignored' is unknown. Section ignored.
### mwldeppc.exe Linker Warning:
#   Section '.ignored' is unknown. Section ignored.
### mwldeppc.exe Linker Warning:
#   Section '.ignored' is unknown. Section ignored.
### mwldeppc.exe Linker Warning:
#   Section '.ignored' is unknown. Section ignored.
### mwldeppc.exe Linker Warning:
#   Section '.ignored' is unknown. Section ignored.
### mwldeppc.exe Linker Warning:
#   Section '.ignored' is unknown. Section ignored.
### mwldeppc.exe Linker Warning:
#   Section '.ignored' is unknown. Section ignored.
### mwldeppc.exe Linker Warning:
#   Section '.ignored' is unknown. Section ignored.
### mwldeppc.exe Linker Warning:
#   Section '.ignored' is unknown. Section ignored.
### mwldeppc.exe Linker Warning:
#   Section '.ignored' is unknown. Section ignored.
### mwldeppc.exe Linker Warning:
#   Section '.ignored' is unknown. Section ignored.
### mwldeppc.exe Linker Warning:
#   Section '.ignored' is unknown. Section ignored.
### mwldeppc.exe Linker Warning:
#   Section '.ignored' is unknown. Section ignored.
### mwldeppc.exe Linker Warning:
#   Section '.ignored' is unknown. Section ignored.
### mwldeppc.exe Linker Warning:
#   Section '.ignored' is unknown. Section ignored.
### mwldeppc.exe Linker Warning:
#   Section '.ignored' is unknown. Section ignored.
### mwldeppc.exe Linker Warning:
#   Section '.ignored' is unknown. Section ignored.
### mwldeppc.exe Linker Warning:
#   Section '.ignored' is unknown. Section ignored.
### mwldeppc.exe Linker Warning:
#   Section '.ignored' is unknown. Section ignored.
### mwldeppc.exe Linker Warning:
#   Section '.ignored' is unknown. Section ignored.
### mwldeppc.exe Linker Warning:
#   Section '.ignored' is unknown. Section ignored.
### mwldeppc.exe Linker Warning:
#   Section '.ignored' is unknown. Section ignored.
### mwldeppc.exe Linker Warning:
#   Section '.ignored' is unknown. Section ignored.
### mwldeppc.exe Linker Warning:
#   Section '.ignored' is unknown. Section ignored.
### mwldeppc.exe Linker Warning:
#   Section '.ignored' is unknown. Section ignored.
### mwldeppc.exe Linker Warning:
#   Section '.ignored' is unknown. Section ignored.
### mwldeppc.exe Linker Warning:
#   Section '.ignored' is unknown. Section ignored.
### mwldeppc.exe Linker Warning:
#   Section '.ignored' is unknown. Section ignored.
### mwldeppc.exe Linker Warning:
#   Section '.ignored' is unknown. Section ignored.
### mwldeppc.exe Linker Warning:
#   Section '.ignored' is unknown. Section ignored.
### mwldeppc.exe Linker Warning:
#   Section '.ignored' is unknown. Section ignored.
### mwldeppc.exe Linker Warning:
#   Section '.ignored' is unknown. Section ignored.
### mwldeppc.exe Linker Warning:
#   Section '.ignored' is unknown. Section ignored.
### mwldeppc.exe Linker Warning:
#   Section '.ignored' is unknown. Section ignored.
### mwldeppc.exe Linker Warning:
#   Section '.ignored' is unknown. Section ignored.
### mwldeppc.exe Linker Warning:
#   Section '.ignored' is unknown. Section ignored.
### mwldeppc.exe Linker Warning:
#   Section '.ignored' is unknown. Section ignored.
### mwldeppc.exe Linker Warning:
#   Section '.ignored' is unknown. Section ignored.
### mwldeppc.exe Linker Warning:
#   Section '.ignored' is unknown. Section ignored.
### mwldeppc.exe Linker Warning:
#   Section '.ignored' is unknown. Section ignored.
### mwldeppc.exe Linker Warning:
#   Section '.ignored' is unknown. Section ignored.
### mwldeppc.exe Linker Warning:
#   Section '.ignored' is unknown. Section ignored.
### mwldeppc.exe Linker Warning:
#   Section '.ignored' is unknown. Section ignored.
### mwldeppc.exe Linker Warning:
#   Section '.ignored' is unknown. Section ignored.
### mwldeppc.exe Linker Warning:
#   Section '.ignored' is unknown. Section ignored.
### mwldeppc.exe Linker Warning:
#   Section '.ignored' is unknown. Section ignored.
### mwldeppc.exe Linker Warning:
#   Section '.ignored' is unknown. Section ignored.
### mwldeppc.exe Linker Warning:
#   Section '.ignored' is unknown. Section ignored.
### mwldeppc.exe Linker Warning:
#   Section '.ignored' is unknown. Section ignored.
### mwldeppc.exe Linker Warning:
#   Section '.ignored' is unknown. Section ignored.
### mwldeppc.exe Linker Warning:
#   Section '.ignored' is unknown. Section ignored.
### mwldeppc.exe Linker Warning:
#   Section '.ignored' is unknown. Section ignored.
### mwldeppc.exe Linker Warning:
#   Section '.ignored' is unknown. Section ignored.
### mwldeppc.exe Linker Warning:
#   Section '.ignored' is unknown. Section ignored.
### mwldeppc.exe Linker Warning:
#   Section '.ignored' is unknown. Section ignored.
### mwldeppc.exe Linker Warning:
#   Section '.ignored' is unknown. Section ignored.
### mwldeppc.exe Linker Warning:
#   Section '.ignored' is unknown. Section ignored.
### mwldeppc.exe Linker Warning:
#   Section '.ignored' is unknown. Section ignored.
### mwldeppc.exe Linker Warning:
#   Section '.ignored' is unknown. Section ignored.
### mwldeppc.exe Linker Warning:
#   Section '.ignored' is unknown. Section ignored.
### mwldeppc.exe Linker Warning:
#   Section '.ignored' is unknown. Section ignored.
### mwldeppc.exe Linker Warning:
#   Section '.ignored' is unknown. Section ignored.
### mwldeppc.exe Linker Warning:
#   Section '.ignored' is unknown. Section ignored.
### mwldeppc.exe Linker Warning:
#   Section '.ignored' is unknown. Section ignored.
### mwldeppc.exe Linker Warning:
#   Section '.ignored' is unknown. Section ignored.
### mwldeppc.exe Linker Warning:
#   Section '.ignored' is unknown. Section ignored.
### mwldeppc.exe Linker Warning:
#   Section '.ignored' is unknown. Section ignored.
### mwldeppc.exe Linker Warning:
#   Section '.ignored' is unknown. Section ignored.
### mwldeppc.exe Linker Warning:
#   Section '.ignored' is unknown. Section ignored.
### mwldeppc.exe Linker Warning:
#   Section '.ignored' is unknown. Section ignored.
### mwldeppc.exe Linker Warning:
#   Section '.ignored' is unknown. Section ignored.
### mwldeppc.exe Linker Warning:
#   Section '.ignored' is unknown. Section ignored.
### mwldeppc.exe Linker Warning:
#   Section '.ignored' is unknown. Section ignored.
### mwldeppc.exe Linker Warning:
#   Section '.ignored' is unknown. Section ignored.
### mwldeppc.exe Linker Warning:
#   Section '.ignored' is unknown. Section ignored.
### mwldeppc.exe Linker Warning:
#   Section '.ignored' is unknown. Section ignored.
### mwldeppc.exe Linker Warning:
#   Section '.ignored' is unknown. Section ignored.
### mwldeppc.exe Linker Warning:
#   Section '.ignored' is unknown. Section ignored.
### mwldeppc.exe Linker Warning:
#   Section '.ignored' is unknown. Section ignored.
### mwldeppc.exe Linker Warning:
#   Section '.ignored' is unknown. Section ignored.
### mwldeppc.exe Linker Warning:
#   Section '.ignored' is unknown. Section ignored.
### mwldeppc.exe Linker Warning:
#   Section '.ignored' is unknown. Section ignored.
### mwldeppc.exe Linker Warning:
#   Section '.ignored' is unknown. Section ignored.
### mwldeppc.exe Linker Warning:
#   Section '.ignored' is unknown. Section ignored.
### mwldeppc.exe Linker Warning:
#   Section '.ignored' is unknown. Section ignored.
### mwldeppc.exe Linker Warning:
#   Section '.ignored' is unknown. Section ignored.
### mwldeppc.exe Linker Warning:
#   Section '.ignored' is unknown. Section ignored.
### mwldeppc.exe Linker Warning:
#   Section '.ignored' is unknown. Section ignored.
### mwldeppc.exe Linker Warning:
#   Section '.ignored' is unknown. Section ignored.
### mwldeppc.exe Linker Warning:
#   Section '.ignored' is unknown. Section ignored.
### mwldeppc.exe Linker Warning:
#   Section '.ignored' is unknown. Section ignored.
### mwldeppc.exe Linker Warning:
#   Section '.ignored' is unknown. Section ignored.
### mwldeppc.exe Linker Warning:
#   Section '.ignored' is unknown. Section ignored.
### mwldeppc.exe Linker Warning:
#   Section '.ignored' is unknown. Section ignored.
### mwldeppc.exe Linker Warning:
#   Section '.ignored' is unknown. Section ignored.
### mwldeppc.exe Linker Warning:
#   Section '.ignored' is unknown. Section ignored.
### mwldeppc.exe Linker Warning:
#   Section '.ignored' is unknown. Section ignored.
### mwldeppc.exe Linker Warning:
#   Section '.ignored' is unknown. Section ignored.
### mwldeppc.exe Linker Warning:
#   Section '.ignored' is unknown. Section ignored.
### mwldeppc.exe Linker Warning:
#   Section '.ignored' is unknown. Section ignored.
### mwldeppc.exe Linker Warning:
#   Section '.ignored' is unknown. Section ignored.
### mwldeppc.exe Linker Warning:
#   Section '.ignored' is unknown. Section ignored.
### mwldeppc.exe Linker Warning:
#   Section '.ignored' is unknown. Section ignored.
### mwldeppc.exe Linker Warning:
#   Section '.ignored' is unknown. Section ignored.
### mwldeppc.exe Linker Warning:
#   Section '.ignored' is unknown. Section ignored.
### mwldeppc.exe Linker Warning:
#   Section '.ignored' is unknown. Section ignored.
### mwldeppc.exe Linker Warning:
#   Section '.ignored' is unknown. Section ignored.
### mwldeppc.exe Linker Warning:
#   Section '.ignored' is unknown. Section ignored.
### mwldeppc.exe Linker Warning:
#   Section '.ignored' is unknown. Section ignored.
### mwldeppc.exe Linker Warning:
#   Section '.ignored' is unknown. Section ignored.
### mwldeppc.exe Linker Warning:
#   Section '.ignored' is unknown. Section ignored.
### mwldeppc.exe Linker Warning:
#   Section '.ignored' is unknown. Section ignored.
### mwldeppc.exe Linker Warning:
#   Section '.ignored' is unknown. Section ignored.
### mwldeppc.exe Linker Warning:
#   Section '.ignored' is unknown. Section ignored.
### mwldeppc.exe Linker Warning:
#   Section '.ignored' is unknown. Section ignored.
### mwldeppc.exe Linker Warning:
#   Section '.ignored' is unknown. Section ignored.
### mwldeppc.exe Linker Warning:
#   Section '.ignored' is unknown. Section ignored.
### mwldeppc.exe Linker Warning:
#   Section '.ignored' is unknown. Section ignored.
### mwldeppc.exe Linker Warning:
#   Section '.ignored' is unknown. Section ignored.
### mwldeppc.exe Linker Warning:
#   Section '.ignored' is unknown. Section ignored.
### mwldeppc.exe Linker Warning:
#   Section '.ignored' is unknown. Section ignored.
### mwldeppc.exe Linker Warning:
#   Section '.ignored' is unknown. Section ignored.
### mwldeppc.exe Linker Warning:
#   Section '.ignored' is unknown. Section ignored.
### mwldeppc.exe Linker Warning:
#   Section '.ignored' is unknown. Section ignored.
### mwldeppc.exe Linker Warning:
#   Section '.ignored' is unknown. Section ignored.
### mwldeppc.exe Linker Warning:
#   Section '.ignored' is unknown. Section ignored.
### mwldeppc.exe Linker Warning:
#   Section '.ignored' is unknown. Section ignored.
### mwldeppc.exe Linker Warning:
#   Section '.ignored' is unknown. Section ignored.
### mwldeppc.exe Linker Warning:
#   Section '.ignored' is unknown. Section ignored.
### mwldeppc.exe Linker Warning:
#   Section '.ignored' is unknown. Section ignored.
### mwldeppc.exe Linker Warning:
#   Section '.ignored' is unknown. Section ignored.
### mwldeppc.exe Linker Warning:
#   Section '.ignored' is unknown. Section ignored.
### mwldeppc.exe Linker Warning:
#   Section '.ignored' is unknown. Section ignored.
### mwldeppc.exe Linker Warning:
#   Section '.ignored' is unknown. Section ignored.
### mwldeppc.exe Linker Warning:
#   Section '.ignored' is unknown. Section ignored.
### mwldeppc.exe Linker Warning:
#   Section '.ignored' is unknown. Section ignored.
### mwldeppc.exe Linker Warning:
#   Section '.ignored' is unknown. Section ignored.
### mwldeppc.exe Linker Warning:
#   Section '.ignored' is unknown. Section ignored.
### mwldeppc.exe Linker Warning:
#   Section '.ignored' is unknown. Section ignored.
### mwldeppc.exe Linker Warning:
#   Section '.ignored' is unknown. Section ignored.
### mwldeppc.exe Linker Warning:
#   Section '.ignored' is unknown. Section ignored.
### mwldeppc.exe Linker Warning:
#   Section '.ignored' is unknown. Section ignored.
### mwldeppc.exe Linker Warning:
#   Section '.ignored' is unknown. Section ignored.
### mwldeppc.exe Linker Warning:
#   Section '.ignored' is unknown. Section ignored.
### mwldeppc.exe Linker Warning:
#   Section '.ignored' is unknown. Section ignored.
### mwldeppc.exe Linker Warning:
#   Section '.ignored' is unknown. Section ignored.
### mwldeppc.exe Linker Warning:
#   Section '.ignored' is unknown. Section ignored.
### mwldeppc.exe Linker Warning:
#   Section '.ignored' is unknown. Section ignored.
### mwldeppc.exe Linker Warning:
#   Section '.ignored' is unknown. Section ignored.
### mwldeppc.exe Linker Warning:
#   Section '.ignored' is unknown. Section ignored.
### mwldeppc.exe Linker Warning:
#   Section '.ignored' is unknown. Section ignored.
### mwldeppc.exe Linker Warning:
#   Section '.ignored' is unknown. Section ignored.
### mwldeppc.exe Linker Warning:
#   Section '.ignored' is unknown. Section ignored.
### mwldeppc.exe Linker Warning:
#   Section '.ignored' is unknown. Section ignored.
### mwldeppc.exe Linker Warning:
#   Section '.ignored' is unknown. Section ignored.
### mwldeppc.exe Linker Warning:
#   Section '.ignored' is unknown. Section ignored.
### mwldeppc.exe Linker Warning:
#   Section '.ignored' is unknown. Section ignored.
### mwldeppc.exe Linker Warning:
#   Section '.ignored' is unknown. Section ignored.
### mwldeppc.exe Linker Warning:
#   Section '.ignored' is unknown. Section ignored.
### mwldeppc.exe Linker Warning:
#   Section '.ignored' is unknown. Section ignored.
### mwldeppc.exe Linker Warning:
#   Section '.ignored' is unknown. Section ignored.
### mwldeppc.exe Linker Warning:
#   Section '.ignored' is unknown. Section ignored.
### mwldeppc.exe Linker Warning:
#   Section '.ignored' is unknown. Section ignored.
### mwldeppc.exe Linker Warning:
#   Section '.ignored' is unknown. Section ignored.
### mwldeppc.exe Linker Warning:
#   Section '.ignored' is unknown. Section ignored.
### mwldeppc.exe Linker Warning:
#   Section '.ignored' is unknown. Section ignored.
### mwldeppc.exe Linker Warning:
#   Section '.ignored' is unknown. Section ignored.
### mwldeppc.exe Linker Warning:
#   Section '.ignored' is unknown. Section ignored.
### mwldeppc.exe Linker Warning:
#   Section '.ignored' is unknown. Section ignored.
### mwldeppc.exe Linker Warning:
#   Section '.ignored' is unknown. Section ignored.
### mwldeppc.exe Linker Warning:
#   Section '.ignored' is unknown. Section ignored.
### mwldeppc.exe Linker Warning:
#   Section '.ignored' is unknown. Section ignored.
### mwldeppc.exe Linker Warning:
#   Section '.ignored' is unknown. Section ignored.
### mwldeppc.exe Linker Warning:
#   Section '.ignored' is unknown. Section ignored.
### mwldeppc.exe Linker Warning:
#   Section '.ignored' is unknown. Section ignored.
### mwldeppc.exe Linker Warning:
#   Section '.ignored' is unknown. Section ignored.
### mwldeppc.exe Linker Warning:
#   Section '.ignored' is unknown. Section ignored.
### mwldeppc.exe Linker Warning:
#   Section '.ignored' is unknown. Section ignored.
### mwldeppc.exe Linker Warning:
#   Section '.ignored' is unknown. Section ignored.
### mwldeppc.exe Linker Warning:
#   Section '.ignored' is unknown. Section ignored.
### mwldeppc.exe Linker Warning:
#   Section '.ignored' is unknown. Section ignored.
### mwldeppc.exe Linker Warning:
#   Section '.ignored' is unknown. Section ignored.
### mwldeppc.exe Linker Warning:
#   Section '.ignored' is unknown. Section ignored.
### mwldeppc.exe Linker Warning:
#   Section '.ignored' is unknown. Section ignored.
### mwldeppc.exe Linker Warning:
#   Section '.ignored' is unknown. Section ignored.
### mwldeppc.exe Linker Warning:
#   Section '.ignored' is unknown. Section ignored.
### mwldeppc.exe Linker Warning:
#   Section '.ignored' is unknown. Section ignored.
### mwldeppc.exe Linker Warning:
#   Section '.ignored' is unknown. Section ignored.
### mwldeppc.exe Linker Warning:
#   Section '.ignored' is unknown. Section ignored.
### mwldeppc.exe Linker Warning:
#   Section '.ignored' is unknown. Section ignored.
### mwldeppc.exe Linker Warning:
#   Section '.ignored' is unknown. Section ignored.
### mwldeppc.exe Linker Warning:
#   Section '.ignored' is unknown. Section ignored.
### mwldeppc.exe Linker Warning:
#   Section '.ignored' is unknown. Section ignored.
### mwldeppc.exe Linker Warning:
#   Section '.ignored' is unknown. Section ignored.
### mwldeppc.exe Linker Warning:
#   Section '.ignored' is unknown. Section ignored.
### mwldeppc.exe Linker Warning:
#   Section '.ignored' is unknown. Section ignored.
### mwldeppc.exe Linker Warning:
#   Section '.ignored' is unknown. Section ignored.
### mwldeppc.exe Linker Warning:
#   Section '.ignored' is unknown. Section ignored.
### mwldeppc.exe Linker Warning:
#   Section '.ignored' is unknown. Section ignored.
### mwldeppc.exe Linker Warning:
#   Section '.ignored' is unknown. Section ignored.
### mwldeppc.exe Linker Warning:
#   Section '.ignored' is unknown. Section ignored.
### mwldeppc.exe Linker Warning:
#   Section '.ignored' is unknown. Section ignored.
### mwldeppc.exe Linker Warning:
#   Section '.ignored' is unknown. Section ignored.
### mwldeppc.exe Linker Warning:
#   Section '.ignored' is unknown. Section ignored.
### mwldeppc.exe Linker Warning:
#   Section '.ignored' is unknown. Section ignored.
### mwldeppc.exe Linker Warning:
#   Section '.ignored' is unknown. Section ignored.
### mwldeppc.exe Linker Warning:
#   Section '.ignored' is unknown. Section ignored.
### mwldeppc.exe Linker Warning:
#   Section '.ignored' is unknown. Section ignored.
### mwldeppc.exe Linker Warning:
#   Section '.ignored' is unknown. Section ignored.
### mwldeppc.exe Linker Warning:
#   Section '.ignored' is unknown. Section ignored.
### mwldeppc.exe Linker Warning:
#   Section '.ignored' is unknown. Section ignored.
### mwldeppc.exe Linker Warning:
#   Section '.ignored' is unknown. Section ignored.
### mwldeppc.exe Linker Warning:
#   Section '.ignored' is unknown. Section ignored.
### mwldeppc.exe Linker Warning:
#   Section '.ignored' is unknown. Section ignored.
### mwldeppc.exe Linker Warning:
#   Section '.ignored' is unknown. Section ignored.
### mwldeppc.exe Linker Warning:
#   Section '.ignored' is unknown. Section ignored.
### mwldeppc.exe Linker Warning:
#   Section '.ignored' is unknown. Section ignored.
### mwldeppc.exe Linker Warning:
#   Section '.ignored' is unknown. Section ignored.
### mwldeppc.exe Linker Warning:
#   Section '.ignored' is unknown. Section ignored.
### mwldeppc.exe Linker Warning:
#   Section '.ignored' is unknown. Section ignored.
### mwldeppc.exe Linker Warning:
#   Section '.ignored' is unknown. Section ignored.
### mwldeppc.exe Linker Warning:
#   Section '.ignored' is unknown. Section ignored.
### mwldeppc.exe Linker Warning:
#   Section '.ignored' is unknown. Section ignored.
### mwldeppc.exe Linker Warning:
#   Section '.ignored' is unknown. Section ignored.
### mwldeppc.exe Linker Warning:
#   Section '.ignored' is unknown. Section ignored.
### mwldeppc.exe Linker Warning:
#   Section '.ignored' is unknown. Section ignored.
### mwldeppc.exe Linker Warning:
#   Section '.ignored' is unknown. Section ignored.
### mwldeppc.exe Linker Warning:
#   Section '.ignored' is unknown. Section ignored.
### mwldeppc.exe Linker Warning:
#   Section '.ignored' is unknown. Section ignored.
### mwldeppc.exe Linker Warning:
#   Section '.ignored' is unknown. Section ignored.
### mwldeppc.exe Linker Warning:
#   Section '.ignored' is unknown. Section ignored.
### mwldeppc.exe Linker Warning:
#   Section '.ignored' is unknown. Section ignored.
### mwldeppc.exe Linker Warning:
#   Section '.ignored' is unknown. Section ignored.
### mwldeppc.exe Linker Warning:
#   Section '.ignored' is unknown. Section ignored.
### mwldeppc.exe Linker Warning:
#   Section '.ignored' is unknown. Section ignored.
### mwldeppc.exe Linker Warning:
#   Section '.ignored' is unknown. Section ignored.
### mwldeppc.exe Linker Warning:
#   Section '.ignored' is unknown. Section ignored.
### mwldeppc.exe Linker Warning:
#   Section '.ignored' is unknown. Section ignored.
### mwldeppc.exe Linker Warning:
#   Section '.ignored' is unknown. Section ignored.
### mwldeppc.exe Linker Warning:
#   Section '.ignored' is unknown. Section ignored.
### mwldeppc.exe Linker Warning:
#   Section '.ignored' is unknown. Section ignored.
### mwldeppc.exe Linker Warning:
#   Section '.ignored' is unknown. Section ignored.
### mwldeppc.exe Linker Warning:
#   Section '.ignored' is unknown. Section ignored.
### mwldeppc.exe Linker Warning:
#   Section '.ignored' is unknown. Section ignored.
### mwldeppc.exe Linker Warning:
#   Section '.ignored' is unknown. Section ignored.
### mwldeppc.exe Linker Warning:
#   Section '.ignored' is unknown. Section ignored.
### mwldeppc.exe Linker Warning:
#   Section '.ignored' is unknown. Section ignored.
### mwldeppc.exe Linker Warning:
#   Section '.ignored' is unknown. Section ignored.
### mwldeppc.exe Linker Warning:
#   Section '.ignored' is unknown. Section ignored.
### mwldeppc.exe Linker Warning:
#   Section '.ignored' is unknown. Section ignored.
### mwldeppc.exe Linker Warning:
#   Section '.ignored' is unknown. Section ignored.
### mwldeppc.exe Linker Warning:
#   Section '.ignored' is unknown. Section ignored.
### mwldeppc.exe Linker Warning:
#   Section '.ignored' is unknown. Section ignored.
### mwldeppc.exe Linker Warning:
#   Section '.ignored' is unknown. Section ignored.
### mwldeppc.exe Linker Warning:
#   Section '.ignored' is unknown. Section ignored.
### mwldeppc.exe Linker Warning:
#   Section '.ignored' is unknown. Section ignored.
### mwldeppc.exe Linker Warning:
#   Section '.ignored' is unknown. Section ignored.
### mwldeppc.exe Linker Warning:
#   Section '.ignored' is unknown. Section ignored.
### mwldeppc.exe Linker Warning:
#   Section '.ignored' is unknown. Section ignored.
### mwldeppc.exe Linker Warning:
#   Section '.ignored' is unknown. Section ignored.
### mwldeppc.exe Linker Warning:
#   Section '.ignored' is unknown. Section ignored.
### mwldeppc.exe Linker Warning:
#   Section '.ignored' is unknown. Section ignored.
### mwldeppc.exe Linker Warning:
#   Section '.ignored' is unknown. Section ignored.
### mwldeppc.exe Linker Warning:
#   Section '.ignored' is unknown. Section ignored.
### mwldeppc.exe Linker Warning:
#   Section '.ignored' is unknown. Section ignored.
### mwldeppc.exe Linker Warning:
#   Section '.ignored' is unknown. Section ignored.
### mwldeppc.exe Linker Warning:
#   Section '.ignored' is unknown. Section ignored.
### mwldeppc.exe Linker Warning:
#   Section '.ignored' is unknown. Section ignored.
### mwldeppc.exe Linker Warning:
#   Section '.ignored' is unknown. Section ignored.
### mwldeppc.exe Linker Warning:
#   Section '.ignored' is unknown. Section ignored.
### mwldeppc.exe Linker Warning:
#   Section '.ignored' is unknown. Section ignored.
### mwldeppc.exe Linker Warning:
#   Section '.ignored' is unknown. Section ignored.
### mwldeppc.exe Linker Warning:
#   Section '.ignored' is unknown. Section ignored.
### mwldeppc.exe Linker Warning:
#   Section '.ignored' is unknown. Section ignored.
### mwldeppc.exe Linker Warning:
#   Section '.ignored' is unknown. Section ignored.
### mwldeppc.exe Linker Warning:
#   Section '.ignored' is unknown. Section ignored.
### mwldeppc.exe Linker Warning:
#   Section '.ignored' is unknown. Section ignored.
### mwldeppc.exe Linker Warning:
#   Section '.ignored' is unknown. Section ignored.
### mwldeppc.exe Linker Warning:
#   Section '.ignored' is unknown. Section ignored.
### mwldeppc.exe Linker Warning:
#   Section '.ignored' is unknown. Section ignored.
### mwldeppc.exe Linker Warning:
#   Section '.ignored' is unknown. Section ignored.
### mwldeppc.exe Linker Warning:
#   Section '.ignored' is unknown. Section ignored.
### mwldeppc.exe Linker Warning:
#   Section '.ignored' is unknown. Section ignored.
### mwldeppc.exe Linker Warning:
#   Section '.ignored' is unknown. Section ignored.
### mwldeppc.exe Linker Warning:
#   Section '.ignored' is unknown. Section ignored.
### mwldeppc.exe Linker Warning:
#   Section '.ignored' is unknown. Section ignored.
### mwldeppc.exe Linker Warning:
#   Section '.ignored' is unknown. Section ignored.
### mwldeppc.exe Linker Warning:
#   Section '.ignored' is unknown. Section ignored.
### mwldeppc.exe Linker Warning:
#   Section '.ignored' is unknown. Section ignored.
### mwldeppc.exe Linker Warning:
#   Section '.ignored' is unknown. Section ignored.
### mwldeppc.exe Linker Warning:
#   Section '.ignored' is unknown. Section ignored.
### mwldeppc.exe Linker Warning:
#   Section '.ignored' is unknown. Section ignored.
### mwldeppc.exe Linker Warning:
#   Section '.ignored' is unknown. Section ignored.
### mwldeppc.exe Linker Warning:
#   Section '.ignored' is unknown. Section ignored.
### mwldeppc.exe Linker Warning:
#   Section '.ignored' is unknown. Section ignored.
### mwldeppc.exe Linker Warning:
#   Section '.ignored' is unknown. Section ignored.
### mwldeppc.exe Linker Warning:
#   Section '.ignored' is unknown. Section ignored.
### mwldeppc.exe Linker Warning:
#   Section '.ignored' is unknown. Section ignored.
### mwldeppc.exe Linker Warning:
#   Section '.ignored' is unknown. Section ignored.
### mwldeppc.exe Linker Warning:
#   Section '.ignored' is unknown. Section ignored.
### mwldeppc.exe Linker Warning:
#   Section '.ignored' is unknown. Section ignored.
### mwldeppc.exe Linker Warning:
#   Section '.ignored' is unknown. Section ignored.
### mwldeppc.exe Linker Warning:
#   Section '.ignored' is unknown. Section ignored.
### mwldeppc.exe Linker Warning:
#   Section '.ignored' is unknown. Section ignored.
### mwldeppc.exe Linker Warning:
#   Section '.ignored' is unknown. Section ignored.
### mwldeppc.exe Linker Warning:
#   Section '.ignored' is unknown. Section ignored.
### mwldeppc.exe Linker Warning:
#   Section '.ignored' is unknown. Section ignored.
### mwldeppc.exe Linker Warning:
#   Section '.ignored' is unknown. Section ignored.
### mwldeppc.exe Linker Warning:
#   Section '.ignored' is unknown. Section ignored.
### mwldeppc.exe Linker Warning:
#   Section '.ignored' is unknown. Section ignored.
### mwldeppc.exe Linker Warning:
#   Section '.ignored' is unknown. Section ignored.
### mwldeppc.exe Linker Warning:
#   Section '.ignored' is unknown. Section ignored.
### mwldeppc.exe Linker Warning:
#   Section '.ignored' is unknown. Section ignored.
### mwldeppc.exe Linker Warning:
#   Section '.ignored' is unknown. Section ignored.
### mwldeppc.exe Linker Warning:
#   Section '.ignored' is unknown. Section ignored.
### mwldeppc.exe Linker Warning:
#   Section '.ignored' is unknown. Section ignored.
### mwldeppc.exe Linker Warning:
#   Section '.ignored' is unknown. Section ignored.
### mwldeppc.exe Linker Warning:
#   Section '.ignored' is unknown. Section ignored.
### mwldeppc.exe Linker Warning:
#   Section '.ignored' is unknown. Section ignored.
### mwldeppc.exe Linker Warning:
#   Section '.ignored' is unknown. Section ignored.
### mwldeppc.exe Linker Warning:
#   Section '.ignored' is unknown. Section ignored.
### mwldeppc.exe Linker Warning:
#   Section '.ignored' is unknown. Section ignored.
### mwldeppc.exe Linker Warning:
#   Section '.ignored' is unknown. Section ignored.
### mwldeppc.exe Linker Warning:
#   Section '.ignored' is unknown. Section ignored.
### mwldeppc.exe Linker Warning:
#   Section '.ignored' is unknown. Section ignored.
### mwldeppc.exe Linker Warning:
#   Section '.ignored' is unknown. Section ignored.
### mwldeppc.exe Linker Warning:
#   Section '.ignored' is unknown. Section ignored.
### mwldeppc.exe Linker Warning:
#   Section '.ignored' is unknown. Section ignored.
### mwldeppc.exe Linker Warning:
#   Section '.ignored' is unknown. Section ignored.
### mwldeppc.exe Linker Warning:
#   Section '.ignored' is unknown. Section ignored.
### mwldeppc.exe Linker Warning:
#   Section '.ignored' is unknown. Section ignored.
### mwldeppc.exe Linker Warning:
#   Section '.ignored' is unknown. Section ignored.
### mwldeppc.exe Linker Warning:
#   Section '.ignored' is unknown. Section ignored.
### mwldeppc.exe Linker Warning:
#   Section '.ignored' is unknown. Section ignored.
### mwldeppc.exe Linker Warning:
#   Section '.ignored' is unknown. Section ignored.
### mwldeppc.exe Linker Warning:
#   Section '.ignored' is unknown. Section ignored.
### mwldeppc.exe Linker Warning:
#   Section '.ignored' is unknown. Section ignored.
### mwldeppc.exe Linker Warning:
#   Section '.ignored' is unknown. Section ignored.
### mwldeppc.exe Linker Warning:
#   Section '.ignored' is unknown. Section ignored.
### mwldeppc.exe Linker Warning:
#   Section '.ignored' is unknown. Section ignored.
### mwldeppc.exe Linker Warning:
#   Section '.ignored' is unknown. Section ignored.
### mwldeppc.exe Linker Warning:
#   Section '.ignored' is unknown. Section ignored.
### mwldeppc.exe Linker Warning:
#   Section '.ignored' is unknown. Section ignored.
### mwldeppc.exe Linker Warning:
#   Section '.ignored' is unknown. Section ignored.
### mwldeppc.exe Linker Warning:
#   Section '.ignored' is unknown. Section ignored.
### mwldeppc.exe Linker Warning:
#   Section '.ignored' is unknown. Section ignored.
### mwldeppc.exe Linker Warning:
#   Section '.ignored' is unknown. Section ignored.
### mwldeppc.exe Linker Warning:
#   Section '.ignored' is unknown. Section ignored.
### mwldeppc.exe Linker Warning:
#   Section '.ignored' is unknown. Section ignored.
### mwldeppc.exe Linker Warning:
#   Section '.ignored' is unknown. Section ignored.
### mwldeppc.exe Linker Warning:
#   Section '.ignored' is unknown. Section ignored.
### mwldeppc.exe Linker Warning:
#   Section '.ignored' is unknown. Section ignored.
### mwldeppc.exe Linker Warning:
#   Section '.ignored' is unknown. Section ignored.
### mwldeppc.exe Linker Warning:
#   Section '.ignored' is unknown. Section ignored.
### mwldeppc.exe Linker Warning:
#   Section '.ignored' is unknown. Section ignored.
### mwldeppc.exe Linker Warning:
#   Section '.ignored' is unknown. Section ignored.
### mwldeppc.exe Linker Warning:
#   Section '.ignored' is unknown. Section ignored.
### mwldeppc.exe Linker Warning:
#   Section '.ignored' is unknown. Section ignored.
### mwldeppc.exe Linker Warning:
#   Section '.ignored' is unknown. Section ignored.
### mwldeppc.exe Linker Warning:
#   Section '.ignored' is unknown. Section ignored.
### mwldeppc.exe Linker Warning:
#   Section '.ignored' is unknown. Section ignored.
### mwldeppc.exe Linker Warning:
#   Section '.ignored' is unknown. Section ignored.
### mwldeppc.exe Linker Warning:
#   Section '.ignored' is unknown. Section ignored.
### mwldeppc.exe Linker Warning:
#   Section '.ignored' is unknown. Section ignored.
### mwldeppc.exe Linker Warning:
#   Section '.ignored' is unknown. Section ignored.
### mwldeppc.exe Linker Warning:
#   Section '.ignored' is unknown. Section ignored.
### mwldeppc.exe Linker Warning:
#   Section '.ignored' is unknown. Section ignored.
### mwldeppc.exe Linker Warning:
#   Section '.ignored' is unknown. Section ignored.
### mwldeppc.exe Linker Warning:
#   Section '.ignored' is unknown. Section ignored.
### mwldeppc.exe Linker Warning:
#   Section '.ignored' is unknown. Section ignored.
### mwldeppc.exe Linker Warning:
#   Section '.ignored' is unknown. Section ignored.
### mwldeppc.exe Linker Warning:
#   Section '.ignored' is unknown. Section ignored.
### mwldeppc.exe Linker Warning:
#   Section '.ignored' is unknown. Section ignored.
### mwldeppc.exe Linker Error:
#   undefined: 'EXTIntrruptHandler_802078DC'
#   Referenced from 'EXIInit' in auto_03_802079A4_text.o
### mwldeppc.exe Linker Error:
#   undefined: 'EXTIntrruptHandler_802078DC'
#   Referenced from 'EXIInit' in auto_03_802079A4_text.o
### mwldeppc.exe Linker Alert:
#   Link failed.

Errors caused tool to abort.
ninja: build stopped: subcommand failed.

Script done on 2026-09-29 17:23:52-04:00 [COMMAND_EXIT_CODE="1"]
