[1/1] RUN configure.py
[1/953] MWCC build/GEDE01/src/game/game_fn_80008014.o
[2/953] MWCC build/GEDE01/src/game/game_fn_800094C0.o
[3/953] MWCC build/GEDE01/src/game/game_fn_800096E0.o
[4/953] MWCC build/GEDE01/src/game/game_fn_800098C0.o
[5/953] MWCC build/GEDE01/src/game/game_fn_800099D8.o
[6/953] MWCC build/GEDE01/src/game/game_fn_80009AB4.o
[7/953] MWCC build/GEDE01/src/game/game_fn_8000A26C.o
[8/953] MWCC build/GEDE01/src/game/game_fn_8000AC88.o
[9/953] MWCC build/GEDE01/src/game/game_fn_8000AFB4.o
[10/953] MWCC build/GEDE01/src/game/game_fn_8000AEB4.o
[11/953] MWCC build/GEDE01/src/game/game_fn_8000B36C.o
[12/953] MWCC build/GEDE01/src/game/game_fn_8000B1B8.o
[13/953] MWCC build/GEDE01/src/game/game_fn_8000B630.o
[14/953] MWCC build/GEDE01/src/game/game_fn_8000B7FC.o
[15/953] MWCC build/GEDE01/src/game/game_fn_8000B900.o
[16/953] MWCC build/GEDE01/src/game/game_fn_8000BA0C.o
[17/953] MWCC build/GEDE01/src/game/game_fn_8000BC40.o
[18/953] MWCC build/GEDE01/src/game/game_fn_8000BAA0.o
[19/953] MWCC build/GEDE01/src/game/game_fn_8000C06C.o
[20/953] MWCC build/GEDE01/src/game/game_fn_8000C17C.o
[21/953] MWCC build/GEDE01/src/game/game_fn_8000C400.o
[22/953] MWCC build/GEDE01/src/game/game_fn_8000C848.o
[23/953] MWCC build/GEDE01/src/game/game_fn_8000C91C.o
[24/953] MWCC build/GEDE01/src/game/game_fn_8000D0BC.o
[25/953] MWCC build/GEDE01/src/game/game_fn_8000D3D4.o
[26/953] MWCC build/GEDE01/src/game/game_fn_8000D590.o
[27/953] MWCC build/GEDE01/src/game/game_fn_8000D8A4.o
[28/953] MWCC build/GEDE01/src/game/game_fn_8000DA50.o
[29/953] MWCC build/GEDE01/src/game/game_fn_8000DAF4.o
[30/953] MWCC build/GEDE01/src/game/game_fn_8000E054.o
[31/953] MWCC build/GEDE01/src/game/game_fn_8000E0AC.o
[32/953] MWCC build/GEDE01/src/game/game_fn_8000E138.o
[33/953] MWCC build/GEDE01/src/game/game_fn_8000E96C.o
[34/953] MWCC build/GEDE01/src/game/game_fn_8000E1C4.o
[35/953] MWCC build/GEDE01/src/game/game_fn_8000EB14.o
[36/953] MWCC build/GEDE01/src/game/game_fn_8000EBD4.o
[37/953] MWCC build/GEDE01/src/game/game_fn_8000ED44.o
[38/953] MWCC build/GEDE01/src/game/game_fn_8000EFC4.o
[39/953] MWCC build/GEDE01/src/game/game_fn_8000F4B0.o
[40/953] MWCC build/GEDE01/src/game/game_fn_8000F774.o
[41/953] MWCC build/GEDE01/src/game/game_fn_8000FDE8.o
[42/953] MWCC build/GEDE01/src/game/game_fn_8000FFD8.o
[43/953] MWCC build/GEDE01/src/game/game_fn_800119FC.o
[44/953] MWCC build/GEDE01/src/game/game_fn_80012DA8.o
[45/953] MWCC build/GEDE01/src/game/game_fn_80012F40.o
[46/953] MWCC build/GEDE01/src/game/game_fn_80012FD0.o
[47/953] MWCC build/GEDE01/src/game/game_fn_800131E8.o
[48/953] MWCC build/GEDE01/src/game/game_fn_80013340.o
[49/953] MWCC build/GEDE01/src/game/game_fn_80013870.o
[50/953] MWCC build/GEDE01/src/game/game_fn_80013CB0.o
[51/953] MWCC build/GEDE01/src/game/game_fn_80013D54.o
[52/953] MWCC build/GEDE01/src/game/game_fn_800142DC.o
[53/953] MWCC build/GEDE01/src/game/game_fn_800144CC.o
[54/953] MWCC build/GEDE01/src/game/game_fn_80014784.o
[55/953] MWCC build/GEDE01/src/game/game_fn_800149D4.o
[56/953] MWCC build/GEDE01/src/game/game_fn_80015058.o
[57/953] MWCC build/GEDE01/src/game/game_fn_80015320.o
[58/953] MWCC build/GEDE01/src/game/game_fn_80015568.o
[59/953] MWCC build/GEDE01/src/game/game_fn_800156FC.o
[60/953] MWCC build/GEDE01/src/game/game_fn_80015BE0.o
[61/953] MWCC build/GEDE01/src/game/game_fn_80015D40.o
[62/953] MWCC build/GEDE01/src/game/game_fn_80015F04.o
[63/953] MWCC build/GEDE01/src/game/game_fn_80016128.o
[64/953] MWCC build/GEDE01/src/game/game_fn_80016270.o
[65/953] MWCC build/GEDE01/src/game/game_fn_80016904.o
[66/953] MWCC build/GEDE01/src/game/game_fn_80016B24.o
[67/953] MWCC build/GEDE01/src/game/game_fn_800171C0.o
[68/953] MWCC build/GEDE01/src/game/game_fn_800173CC.o
[69/953] MWCC build/GEDE01/src/game/game_fn_800176F0.o
[70/953] MWCC build/GEDE01/src/game/game_fn_80017910.o
[71/953] MWCC build/GEDE01/src/game/game_fn_800179AC.o
[72/953] MWCC build/GEDE01/src/game/game_fn_80017A3C.o
[73/953] MWCC build/GEDE01/src/game/game_fn_80017AE4.o
[74/953] MWCC build/GEDE01/src/game/game_fn_80017C3C.o
[75/953] MWCC build/GEDE01/src/game/game_fn_80017CC8.o
[76/953] MWCC build/GEDE01/src/game/game_fn_80017DB0.o
[77/953] MWCC build/GEDE01/src/game/game_fn_80018EF4.o
[78/953] MWCC build/GEDE01/src/game/game_fn_80019054.o
[79/953] MWCC build/GEDE01/src/game/game_fn_80019244.o
[80/953] MWCC build/GEDE01/src/game/game_fn_800194D0.o
[81/953] MWCC build/GEDE01/src/game/game_fn_80019940.o
[82/953] MWCC build/GEDE01/src/game/game_fn_80019C10.o
[83/953] MWCC build/GEDE01/src/game/game_fn_80019D2C.o
[84/953] MWCC build/GEDE01/src/game/game_fn_80019F98.o
[85/953] MWCC build/GEDE01/src/game/game_fn_8001A6C4.o
[86/953] MWCC build/GEDE01/src/game/game_fn_8001AAB8.o
[87/953] MWCC build/GEDE01/src/game/game_fn_8001ADF8.o
[88/953] MWCC build/GEDE01/src/game/game_fn_8001AF68.o
[89/953] MWCC build/GEDE01/src/game/game_fn_8001B124.o
[90/953] MWCC build/GEDE01/src/game/game_fn_8001B294.o
[91/953] MWCC build/GEDE01/src/game/game_fn_8001B808.o
[92/953] MWCC build/GEDE01/src/game/game_fn_8001B874.o
[93/953] MWCC build/GEDE01/src/game/game_fn_8001C078.o
[94/953] MWCC build/GEDE01/src/game/game_fn_8001CA04.o
[95/953] MWCC build/GEDE01/src/game/game_fn_8001CD58.o
[96/953] MWCC build/GEDE01/src/game/game_fn_8001CE94.o
[97/953] MWCC build/GEDE01/src/game/game_fn_8001E644.o
[98/953] MWCC build/GEDE01/src/game/game_fn_8001FE1C.o
[99/953] MWCC build/GEDE01/src/game/game_fn_80020E94.o
[100/953] MWCC build/GEDE01/src/game/game_fn_80024F28.o
[101/953] MWCC build/GEDE01/src/game/game_fn_800272B4.o
[102/953] MWCC build/GEDE01/src/game/game_fn_8002B748.o
[103/953] MWCC build/GEDE01/src/game/game_fn_8002DAE0.o
[104/953] MWCC build/GEDE01/src/game/game_fn_8002E3F0.o
[105/953] MWCC build/GEDE01/src/game/game_fn_8002EA68.o
[106/953] MWCC build/GEDE01/src/game/game_fn_8002F428.o
[107/953] MWCC build/GEDE01/src/game/game_fn_80031544.o
[108/953] MWCC build/GEDE01/src/game/game_fn_8003232C.o
[109/953] MWCC build/GEDE01/src/game/game_fn_80032B84.o
[110/953] MWCC build/GEDE01/src/game/game_fn_80033038.o
[111/953] MWCC build/GEDE01/src/game/game_fn_80033180.o
[112/953] MWCC build/GEDE01/src/game/game_fn_800359A0.o
[113/953] MWCC build/GEDE01/src/game/game_fn_800361F8.o
[114/953] MWCC build/GEDE01/src/game/game_fn_80036C40.o
[115/953] MWCC build/GEDE01/src/game/game_fn_80038878.o
[116/953] MWCC build/GEDE01/src/game/game_fn_80048ADC.o
[117/953] MWCC build/GEDE01/src/game/game_fn_80048B24.o
[118/953] MWCC build/GEDE01/src/game/game_fn_8004998C.o
[119/953] MWCC build/GEDE01/src/game/game_fn_80052310.o
[120/953] MWCC build/GEDE01/src/game/game_fn_80050B08.o
[121/953] MWCC build/GEDE01/src/game/game_fn_8005EC6C.o
[122/953] MWCC build/GEDE01/src/game/game_fn_800542D0.o
[123/953] MWCC build/GEDE01/src/game/game_fn_8005EE9C.o
[124/953] MWCC build/GEDE01/src/game/game_fn_8005EF94.o
[125/953] MWCC build/GEDE01/src/game/game_data_80239E10.o
[126/953] MWCC build/GEDE01/src/game/game_data_80239E18.o
[127/953] MWCC build/GEDE01/src/game/game_fn_8005FD84.o
[128/953] MWCC build/GEDE01/src/game/game_fn_80066888.o
[129/953] MWCC build/GEDE01/src/game/game_fn_80066E78.o
[130/953] MWCC build/GEDE01/src/game/game_fn_8006B0F0.o
[131/953] MWCC build/GEDE01/src/game/game_fn_8006B620.o
[132/953] MWCC build/GEDE01/src/game/game_fn_8006E53C.o
[133/953] MWCC build/GEDE01/src/game/game_fn_80071A58.o
[134/953] MWCC build/GEDE01/src/game/game_fn_80074310.o
[135/953] MWCC build/GEDE01/src/game/game_fn_80078500.o
[136/953] MWCC build/GEDE01/src/game/game_fn_80079908.o
[137/953] MWCC build/GEDE01/src/game/game_fn_80079AA4.o
[138/953] MWCC build/GEDE01/src/game/game_fn_8007B2F4.o
[139/953] MWCC build/GEDE01/src/game/game_fn_8007B540.o
[140/953] MWCC build/GEDE01/src/game/game_fn_8007B640.o
[141/953] MWCC build/GEDE01/src/game/game_fn_8007B828.o
[142/953] MWCC build/GEDE01/src/game/game_fn_8007BA3C.o
[143/953] MWCC build/GEDE01/src/game/game_fn_8007D4D8.o
[144/953] MWCC build/GEDE01/src/game/game_fn_8007F770.o
[145/953] MWCC build/GEDE01/src/game/game_fn_80088060.o
[146/953] MWCC build/GEDE01/src/game/game_fn_800886D8.o
[147/953] MWCC build/GEDE01/src/game/game_fn_80088F4C.o
[148/953] MWCC build/GEDE01/src/game/game_fn_80089A34.o
[149/953] MWCC build/GEDE01/src/game/game_fn_8008A2E0.o
[150/953] MWCC build/GEDE01/src/game/game_fn_8008F224.o
[151/953] MWCC build/GEDE01/src/game/game_fn_8008F890.o
[152/953] MWCC build/GEDE01/src/game/game_fn_80090004.o
[153/953] MWCC build/GEDE01/src/game/game_fn_800934A0.o
[154/953] MWCC build/GEDE01/src/game/game_fn_80095D10.o
[155/953] MWCC build/GEDE01/src/game/game_fn_80095E64.o
[156/953] MWCC build/GEDE01/src/game/game_fn_80095FDC.o
[157/953] MWCC build/GEDE01/src/game/game_fn_80096830.o
[158/953] MWCC build/GEDE01/src/game/game_fn_8009C424.o
[159/953] MWCC build/GEDE01/src/game/game_fn_8009E808.o
[160/953] MWCC build/GEDE01/src/game/game_fn_800A2130.o
[161/953] MWCC build/GEDE01/src/game/game_fn_800A2B8C.o
[162/953] MWCC build/GEDE01/src/game/game_fn_800A2FCC.o
[163/953] MWCC build/GEDE01/src/game/game_fn_800A3180.o
[164/953] MWCC build/GEDE01/src/game/game_fn_800A3894.o
[165/953] MWCC build/GEDE01/src/game/game_fn_800A4428.o
[166/953] MWCC build/GEDE01/src/game/game_fn_800A4798.o
[167/953] MWCC build/GEDE01/src/game/game_fn_800A7E88.o
[168/953] MWCC build/GEDE01/src/game/game_fn_800AF230.o
[169/953] MWCC build/GEDE01/src/game/game_fn_800B2EC0.o
[170/953] MWCC build/GEDE01/src/game/game_fn_800BB5C4.o
[171/953] MWCC build/GEDE01/src/game/game_fn_800BB7A8.o
[172/953] MWCC build/GEDE01/src/game/game_fn_800BB9A4.o
[173/953] MWCC build/GEDE01/src/game/game_fn_800BBAF0.o
[174/953] MWCC build/GEDE01/src/game/game_fn_800C030C.o
[175/953] MWCC build/GEDE01/src/game/game_fn_800C17EC.o
[176/953] MWCC build/GEDE01/src/game/game_fn_800C59F0.o
[177/953] MWCC build/GEDE01/src/game/game_fn_800C644C.o
[178/953] MWCC build/GEDE01/src/game/game_fn_800C65FC.o
[179/953] MWCC build/GEDE01/src/game/game_fn_800C9C60.o
[180/953] MWCC build/GEDE01/src/game/game_fn_800CB760.o
[181/953] MWCC build/GEDE01/src/game/game_fn_800CB8F4.o
[182/953] MWCC build/GEDE01/src/game/game_fn_800CF598.o
[183/953] MWCC build/GEDE01/src/game/game_fn_800D9064.o
[184/953] MWCC build/GEDE01/src/game/game_fn_800D9E10.o
[185/953] MWCC build/GEDE01/src/game/game_fn_800DC4D4.o
[186/953] MWCC build/GEDE01/src/game/game_fn_800E4980.o
[187/953] MWCC build/GEDE01/src/game/game_TRKNubWelcome.o
[188/953] MWCC build/GEDE01/src/game/game_TRK_main.o
[189/953] MWCC build/GEDE01/src/game/game_InitMetroTRKCommTable.o
[190/953] MWCC build/GEDE01/src/game/game_fn_800FD0C8.o
[191/953] MWCC build/GEDE01/src/game/game_fn_8010242C.o
[192/953] MWCC build/GEDE01/src/game/game_fn_801098C0.o
[193/953] MWCC build/GEDE01/src/game/game_fn_8010F184.o
[194/953] MWCC build/GEDE01/src/game/game_fn_801126E0.o
[195/953] MWCC build/GEDE01/src/game/game_fn_801128E4.o
[196/953] MWCC build/GEDE01/src/game/game_fn_801141B8.o
[197/953] MWCC build/GEDE01/src/game/game_fn_80119C70.o
[198/953] MWCC build/GEDE01/src/game/game_fn_8011F140.o
[199/953] MWCC build/GEDE01/src/game/game_fn_801247F8.o
[200/953] MWCC build/GEDE01/src/game/game_fn_80126A00.o
[201/953] MWCC build/GEDE01/src/game/game_fn_8012976C.o
[202/953] MWCC build/GEDE01/src/game/game_fn_8012DB28.o
[203/953] MWCC build/GEDE01/src/game/game_fn_8013CBE4.o
[204/953] MWCC build/GEDE01/src/game/game_fn_8013D6A4.o
[205/953] MWCC build/GEDE01/src/game/game_fn_8013DB8C.o
[206/953] MWCC build/GEDE01/src/game/game_fn_8014549C.o
[207/953] MWCC build/GEDE01/src/game/game_fn_8014AF38.o
[208/953] MWCC build/GEDE01/src/game/game_fn_8014B494.o
[209/953] MWCC build/GEDE01/src/game/game_fn_8014BA14.o
[210/953] MWCC build/GEDE01/src/game/game_fn_8014CA98.o
[211/953] MWCC build/GEDE01/src/game/game_fn_80150400.o
[212/953] MWCC build/GEDE01/src/game/game_fn_80150A24.o
[213/953] MWCC build/GEDE01/src/game/game_fn_80150F20.o
[214/953] MWCC build/GEDE01/src/game/game_fn_80151600.o
[215/953] MWCC build/GEDE01/src/game/game_fn_80151D00.o
[216/953] MWCC build/GEDE01/src/game/game_fn_801535D8.o
[217/953] MWCC build/GEDE01/src/game/game_fn_80153898.o
[218/953] MWCC build/GEDE01/src/game/game_fn_80153A24.o
[219/953] MWCC build/GEDE01/src/game/game_fn_80154F74.o
[220/953] MWCC build/GEDE01/src/game/game_fn_80155814.o
[221/953] MWCC build/GEDE01/src/game/game_fn_80157C0C.o
[222/953] MWCC build/GEDE01/src/game/game_fn_80158B20.o
[223/953] MWCC build/GEDE01/src/game/game_fn_80158D38.o
[224/953] MWCC build/GEDE01/src/game/game_fn_8015DB84.o
[225/953] MWCC build/GEDE01/src/game/game_fn_8015DC54.o
[226/953] MWCC build/GEDE01/src/game/game_fn_8015EDC0.o
[227/953] MWCC build/GEDE01/src/game/game_fn_80167454.o
[228/953] MWCC build/GEDE01/src/game/game_fn_80167B5C.o
[229/953] MWCC build/GEDE01/src/game/game_fn_80169650.o
[230/953] MWCC build/GEDE01/src/game/game_fn_8016BD0C.o
[231/953] MWCC build/GEDE01/src/game/game_fn_8016BE1C.o
[232/953] MWCC build/GEDE01/src/game/game_fn_8016BF60.o
[233/953] MWCC build/GEDE01/src/game/game_fn_8016C0BC.o
[234/953] MWCC build/GEDE01/src/game/game_fn_8016C164.o
[235/953] MWCC build/GEDE01/src/game/game_fn_8016C238.o
[236/953] MWCC build/GEDE01/src/game/game_fn_8016C4BC.o
[237/953] MWCC build/GEDE01/src/game/game_fn_8016C774.o
[238/953] MWCC build/GEDE01/src/game/game_fn_8016D040.o
[239/953] MWCC build/GEDE01/src/game/game_fn_8016D1F8.o
[240/953] MWCC build/GEDE01/src/game/game_fn_8016D2B8.o
[241/953] MWCC build/GEDE01/src/game/game_fn_8016D9C0.o
[242/953] MWCC build/GEDE01/src/game/game_fn_8016DF4C.o
[243/953] MWCC build/GEDE01/src/game/game_fn_8016E8F8.o
[244/953] MWCC build/GEDE01/src/game/game_fn_8016FEF8.o
[245/953] MWCC build/GEDE01/src/game/game_fn_8017038C.o
[246/953] MWCC build/GEDE01/src/game/game_fn_801704F8.o
[247/953] MWCC build/GEDE01/src/game/game_fn_801706DC.o
[248/953] MWCC build/GEDE01/src/game/game_fn_80170A40.o
[249/953] MWCC build/GEDE01/src/game/game_fn_80170DF4.o
[250/953] MWCC build/GEDE01/src/game/game_fn_80170E9C.o
[251/953] MWCC build/GEDE01/src/game/game_fn_8017138C.o
[252/953] MWCC build/GEDE01/src/game/game_fn_80171664.o
[253/953] MWCC build/GEDE01/src/game/game_fn_801718F4.o
[254/953] MWCC build/GEDE01/src/game/game_fn_801719B4.o
[255/953] MWCC build/GEDE01/src/game/game_fn_80171F30.o
[256/953] MWCC build/GEDE01/src/game/game_fn_8017250C.o
[257/953] MWCC build/GEDE01/src/game/game_fn_801726EC.o
[258/953] MWCC build/GEDE01/src/game/game_fn_80172BB0.o
[259/953] MWCC build/GEDE01/src/game/game_fn_80172C78.o
[260/953] MWCC build/GEDE01/src/game/game_fn_80172DB8.o
[261/953] MWCC build/GEDE01/src/game/game_fn_80173270.o
[262/953] MWCC build/GEDE01/src/game/game_fn_801734B4.o
[263/953] MWCC build/GEDE01/src/game/game_fn_80173770.o
[264/953] MWCC build/GEDE01/src/game/game_fn_80173BDC.o
[265/953] MWCC build/GEDE01/src/game/game_fn_80173D44.o
[266/953] MWCC build/GEDE01/src/game/game_fn_80173F04.o
[267/953] MWCC build/GEDE01/src/game/game_fn_80174184.o
[268/953] MWCC build/GEDE01/src/game/game_fn_80174358.o
[269/953] MWCC build/GEDE01/src/game/game_fn_80174F2C.o
[270/953] MWCC build/GEDE01/src/game/game_fn_801752B0.o
[271/953] MWCC build/GEDE01/src/game/game_fn_8017553C.o
[272/953] MWCC build/GEDE01/src/game/game_fn_80175A08.o
[273/953] MWCC build/GEDE01/src/game/game_fn_80175E64.o
[274/953] MWCC build/GEDE01/src/game/game_fn_80175F0C.o
[275/953] MWCC build/GEDE01/src/game/game_fn_80175FD4.o
[276/953] MWCC build/GEDE01/src/game/game_fn_80176098.o
[277/953] MWCC build/GEDE01/src/game/game_fn_80176160.o
[278/953] MWCC build/GEDE01/src/game/game_fn_80176220.o
[279/953] MWCC build/GEDE01/src/game/game_fn_801762E8.o
[280/953] MWCC build/GEDE01/src/game/game_fn_8017652C.o
[281/953] MWCC build/GEDE01/src/game/game_fn_80176DF4.o
[282/953] MWCC build/GEDE01/src/game/game_fn_80176FA0.o
[283/953] MWCC build/GEDE01/src/game/game_fn_801770F8.o
[284/953] MWCC build/GEDE01/src/game/game_fn_8017718C.o
[285/953] MWCC build/GEDE01/src/game/game_fn_80178F88.o
[286/953] MWCC build/GEDE01/src/game/game_fn_80177434.o
[287/953] MWCC build/GEDE01/src/game/game_fn_80179398.o
[288/953] MWCC build/GEDE01/src/game/game_fn_8017960C.o
[289/953] MWCC build/GEDE01/src/game/game_fn_8017974C.o
[290/953] MWCC build/GEDE01/src/game/game_fn_80179904.o
[291/953] MWCC build/GEDE01/src/game/game_fn_80179A18.o
[292/953] MWCC build/GEDE01/src/game/game_fn_80179A74.o
[293/953] MWCC build/GEDE01/src/game/game_fn_80179EB8.o
[294/953] MWCC build/GEDE01/src/game/game_fn_80179F20.o
[295/953] MWCC build/GEDE01/src/game/game_fn_8017A010.o
[296/953] MWCC build/GEDE01/src/game/game_fn_8017A12C.o
[297/953] MWCC build/GEDE01/src/game/game_fn_8017A1C0.o
[298/953] MWCC build/GEDE01/src/game/game_fn_8017A9B8.o
[299/953] MWCC build/GEDE01/src/game/game_fn_8017AC20.o
[300/953] MWCC build/GEDE01/src/game/game_fn_8017E850.o
[301/953] MWCC build/GEDE01/src/game/game_fn_8017E958.o
[302/953] MWCC build/GEDE01/src/game/game_fn_80180DDC.o
[303/953] MWCC build/GEDE01/src/game/game_fn_801810A0.o
[304/953] MWCC build/GEDE01/src/game/game_fn_801816D4.o
[305/953] MWCC build/GEDE01/src/game/game_fn_801857B4.o
[306/953] MWCC build/GEDE01/src/game/game_fn_801859FC.o
[307/953] MWCC build/GEDE01/src/game/game_fn_80185AE8.o
[308/953] MWCC build/GEDE01/src/game/game_fn_80185F10.o
[309/953] MWCC build/GEDE01/src/game/game_fn_801861C4.o
[310/953] MWCC build/GEDE01/src/game/game_fn_801865EC.o
[311/953] MWCC build/GEDE01/src/game/game_fn_8018680C.o
[312/953] MWCC build/GEDE01/src/game/game_fn_80186E10.o
[313/953] MWCC build/GEDE01/src/game/game_fn_80186F70.o
[314/953] MWCC build/GEDE01/src/game/game_fn_80187120.o
[315/953] MWCC build/GEDE01/src/game/game_fn_80187320.o
[316/953] MWCC build/GEDE01/src/game/game_fn_801875FC.o
[317/953] MWCC build/GEDE01/src/game/game_fn_801878E0.o
[318/953] MWCC build/GEDE01/src/game/game_fn_80187BB4.o
[319/953] MWCC build/GEDE01/src/game/game_fn_80187E40.o
[320/953] MWCC build/GEDE01/src/game/game_fn_80188A7C.o
[321/953] MWCC build/GEDE01/src/game/game_fn_80188B44.o
[322/953] MWCC build/GEDE01/src/game/game_fn_80188C1C.o
[323/953] MWCC build/GEDE01/src/game/game_fn_80188E28.o
[324/953] MWCC build/GEDE01/src/game/game_fn_80189028.o
[325/953] MWCC build/GEDE01/src/game/game_fn_801891D8.o
[326/953] MWCC build/GEDE01/src/game/game_fn_80189390.o
[327/953] MWCC build/GEDE01/src/game/game_fn_801895E8.o
[328/953] MWCC build/GEDE01/src/game/game_fn_801896A0.o
[329/953] MWCC build/GEDE01/src/game/game_fn_80189760.o
[330/953] MWCC build/GEDE01/src/game/game_fn_80189968.o
[331/953] MWCC build/GEDE01/src/game/game_fn_80189C14.o
[332/953] MWCC build/GEDE01/src/game/game_fn_8018C2D0.o
[333/953] MWCC build/GEDE01/src/game/game_fn_8018D1F0.o
[334/953] MWCC build/GEDE01/src/game/game_fn_8018D2E0.o
[335/953] MWCC build/GEDE01/src/game/game_fn_8018D400.o
[336/953] MWCC build/GEDE01/src/game/game_fn_8018D688.o
[337/953] MWCC build/GEDE01/src/game/game_fn_8018DC24.o
[338/953] MWCC build/GEDE01/src/game/game_fn_8018E0D8.o
[339/953] MWCC build/GEDE01/src/game/game_fn_8018F1D0.o
[340/953] MWCC build/GEDE01/src/game/game_fn_8018F81C.o
[341/953] MWCC build/GEDE01/src/game/game_fn_8018FEDC.o
[342/953] MWCC build/GEDE01/src/game/game_fn_8019120C.o
[343/953] MWCC build/GEDE01/src/game/game_fn_80191360.o
[344/953] MWCC build/GEDE01/src/game/game_fn_801916D0.o
[345/953] MWCC build/GEDE01/src/game/game_fn_8019197C.o
[346/953] MWCC build/GEDE01/src/game/game_fn_80191F58.o
[347/953] MWCC build/GEDE01/src/game/game_fn_801926EC.o
[348/953] MWCC build/GEDE01/src/game/game_fn_801929A4.o
[349/953] MWCC build/GEDE01/src/game/game_fn_80192F54.o
[350/953] MWCC build/GEDE01/src/game/game_fn_801931C4.o
[351/953] MWCC build/GEDE01/src/game/game_fn_80193E1C.o
[352/953] MWCC build/GEDE01/src/game/game_fn_80193F3C.o
[353/953] MWCC build/GEDE01/src/game/game_fn_80194F80.o
[354/953] MWCC build/GEDE01/src/game/game_fn_801952E8.o
[355/953] MWCC build/GEDE01/src/game/game_fn_80197910.o
[356/953] MWCC build/GEDE01/src/game/game_fn_80198154.o
[357/953] MWCC build/GEDE01/src/game/game_fn_80198AAC.o
[358/953] MWCC build/GEDE01/src/game/game_fn_80198BF4.o
[359/953] MWCC build/GEDE01/src/game/game_fn_801991E0.o
[360/953] MWCC build/GEDE01/src/game/game_fn_8019B1BC.o
[361/953] MWCC build/GEDE01/src/game/game_fn_8019CC28.o
[362/953] MWCC build/GEDE01/src/game/game_fn_8019CFC4.o
[363/953] MWCC build/GEDE01/src/game/game_fn_8019E5E4.o
[364/953] MWCC build/GEDE01/src/game/game_fn_8019E8C8.o
[365/953] MWCC build/GEDE01/src/game/game_fn_801A1F18.o
[366/953] MWCC build/GEDE01/src/game/game_fn_801A1F8C.o
[367/953] MWCC build/GEDE01/src/game/game_fn_801A2A54.o
[368/953] MWCC build/GEDE01/src/game/game_fn_801A34BC.o
[369/953] MWCC build/GEDE01/src/game/game_fn_801A3A78.o
[370/953] MWCC build/GEDE01/src/game/game_fn_801A4430.o
[371/953] MWCC build/GEDE01/src/game/game_fn_801A4CE0.o
[372/953] MWCC build/GEDE01/src/game/game_fn_801A5FB0.o
[373/953] MWCC build/GEDE01/src/game/game_fn_801A6350.o
[374/953] MWCC build/GEDE01/src/game/game_fn_801A6410.o
[375/953] MWCC build/GEDE01/src/game/game_fn_801A657C.o
[376/953] MWCC build/GEDE01/src/game/game_fn_801A6ADC.o
[377/953] MWCC build/GEDE01/src/game/game_fn_801A6C58.o
[378/953] MWCC build/GEDE01/src/game/game_fn_801A6CB4.o
[379/953] MWCC build/GEDE01/src/game/game_fn_801A7E04.o
[380/953] MWCC build/GEDE01/src/game/game_fn_801A7EA8.o
[381/953] MWCC build/GEDE01/src/game/game_fn_801A93E8.o
[382/953] MWCC build/GEDE01/src/game/game_fn_801AB154.o
[383/953] MWCC build/GEDE01/src/game/game_fn_801ABD3C.o
[384/953] MWCC build/GEDE01/src/game/game_fn_801AC8AC.o
[385/953] MWCC build/GEDE01/src/game/game_fn_801ACFE8.o
[386/953] MWCC build/GEDE01/src/game/game_fn_801AD08C.o
[387/953] MWCC build/GEDE01/src/game/game_fn_801AFA74.o
[388/953] MWCC build/GEDE01/src/game/game_fn_801B02F0.o
[389/953] MWCC build/GEDE01/src/game/game_fn_801B1BA0.o
[390/953] MWCC build/GEDE01/src/game/game_fn_801B35BC.o
[391/953] MWCC build/GEDE01/src/game/game_fn_801B46C8.o
[392/953] MWCC build/GEDE01/src/game/game_fn_801B4FB4.o
[393/953] MWCC build/GEDE01/src/game/game_fn_801B5228.o
[394/953] MWCC build/GEDE01/src/game/game_fn_801B58F0.o
[395/953] MWCC build/GEDE01/src/game/game_fn_801B6F1C.o
[396/953] MWCC build/GEDE01/src/game/game_fn_801B86C0.o
[397/953] MWCC build/GEDE01/src/game/game_fn_801B9E7C.o
[398/953] MWCC build/GEDE01/src/game/game_fn_801B941C.o
[399/953] MWCC build/GEDE01/src/game/game_fn_801BA708.o
[400/953] MWCC build/GEDE01/src/game/game_fn_801BA15C.o
[401/953] MWCC build/GEDE01/src/game/game_fn_801BA94C.o
[402/953] MWCC build/GEDE01/src/game/game_fn_801BB1A0.o
[403/953] MWCC build/GEDE01/src/game/game_fn_801BC240.o
[404/953] MWCC build/GEDE01/src/game/game_fn_801BC0D4.o
[405/953] MWCC build/GEDE01/src/game/game_fn_801BC8F4.o
[406/953] MWCC build/GEDE01/src/game/game_fn_801BCC04.o
[407/953] MWCC build/GEDE01/src/game/game_fn_801BD990.o
[408/953] MWCC build/GEDE01/src/game/game_fn_801BDE7C.o
[409/953] MWCC build/GEDE01/src/game/game_fn_801BE0D4.o
[410/953] MWCC build/GEDE01/src/game/game_fn_801BEF40.o
[411/953] MWCC build/GEDE01/src/game/game_fn_801C1CB0.o
[412/953] MWCC build/GEDE01/src/game/game_fn_801C2980.o
[413/953] MWCC build/GEDE01/src/game/game_fn_801C29BC.o
[414/953] MWCC build/GEDE01/src/game/game_fn_801C2AAC.o
[415/953] MWCC build/GEDE01/src/game/game_fn_801C2D9C.o
[416/953] MWCC build/GEDE01/src/game/game_fn_801C8160.o
[417/953] MWCC build/GEDE01/src/game/game_fn_801C8224.o
[418/953] MWCC build/GEDE01/src/game/game_fn_801C4B5C.o
[419/953] MWCC build/GEDE01/src/game/game_fn_801C8600.o
[420/953] MWCC build/GEDE01/src/game/game_fn_801C87DC.o
[421/953] MWCC build/GEDE01/src/game/game_fn_801C8CC0.o
[422/953] MWCC build/GEDE01/src/game/game_fn_801C8F50.o
[423/953] MWCC build/GEDE01/src/game/game_fn_801C90A4.o
[424/953] MWCC build/GEDE01/src/game/game_fn_801C9510.o
[425/953] MWCC build/GEDE01/src/game/game_fn_801C970C.o
[426/953] MWCC build/GEDE01/src/game/game_fn_801C9A08.o
[427/953] MWCC build/GEDE01/src/game/game_fn_801C9B1C.o
[428/953] MWCC build/GEDE01/src/game/game_fn_801CB4F8.o
[429/953] MWCC build/GEDE01/src/game/game_fn_801CD228.o
[430/953] MWCC build/GEDE01/src/game/game_fn_801CE09C.o
[431/953] MWCC build/GEDE01/src/game/game_fn_801CE594.o
[432/953] MWCC build/GEDE01/src/game/game_fn_801D1B10.o
[433/953] MWCC build/GEDE01/src/game/game_fn_801D1F78.o
[434/953] MWCC build/GEDE01/src/game/game_fn_801D3988.o
[435/953] MWCC build/GEDE01/src/game/game_fn_801D73D0.o
[436/953] MWCC build/GEDE01/src/game/game_fn_801D76A8.o
[437/953] MWCC build/GEDE01/src/game/game_fn_801D7C24.o
[438/953] MWCC build/GEDE01/src/game/game_fn_801D8050.o
[439/953] MWCC build/GEDE01/src/game/game_fn_801D9FE4.o
[440/953] MWCC build/GEDE01/src/game/game_fn_801DDB84.o
[441/953] MWCC build/GEDE01/src/game/game_fn_801DE8B4.o
[442/953] MWCC build/GEDE01/src/game/game_fn_801E2A48.o
[443/953] MWCC build/GEDE01/src/game/game_fn_801E0088.o
[444/953] MWCC build/GEDE01/src/game/game_fn_801E41AC.o
[445/953] MWCC build/GEDE01/src/game/game_fn_801E504C.o
[446/953] MWCC build/GEDE01/src/game/game_fn_801E6814.o
[447/953] MWCC build/GEDE01/src/game/game_fn_801E7014.o
[448/953] MWCC build/GEDE01/src/game/game_fn_801E995C.o
[449/953] MWCC build/GEDE01/src/game/game_fn_801EAA04.o
[450/953] MWCC build/GEDE01/src/game/game_fn_801EB09C.o
[451/953] MWCC build/GEDE01/src/game/game_fn_801EB11C.o
[452/953] MWCC build/GEDE01/src/game/game_fn_801ECD74.o
[453/953] MWCC build/GEDE01/src/game/game_fn_801ECF50.o
[454/953] MWCC build/GEDE01/src/game/game_fn_801ED5F4.o
[455/953] MWCC build/GEDE01/src/game/game_fn_801EF580.o
[456/953] MWCC build/GEDE01/src/game/game_fn_801EF910.o
[457/953] MWCC build/GEDE01/src/game/game_fn_801F0CB0.o
[458/953] MWCC build/GEDE01/src/game/game_fn_801F10BC.o
[459/953] MWCC build/GEDE01/src/game/game_fn_801F1A38.o
[460/953] MWCC build/GEDE01/src/game/game_fn_801F35A8.o
[461/953] MWCC build/GEDE01/src/game/game_fn_801F55A0.o
[462/953] MWCC build/GEDE01/src/game/game_fn_801F69F0.o
[463/953] MWCC build/GEDE01/src/game/game_fn_801F6BD8.o
[464/953] MWCC build/GEDE01/src/game/game_fn_801F7510.o
[465/953] MWCC build/GEDE01/src/game/game_fn_801F76EC.o
[466/953] MWCC build/GEDE01/src/game/game_fn_801F8264.o
[467/953] MWCC build/GEDE01/src/game/game_fn_801F89B4.o
[468/953] MWCC build/GEDE01/src/game/game_fn_801F8FAC.o
[469/953] MWCC build/GEDE01/src/game/game_fn_801F9AF8.o
[470/953] MWCC build/GEDE01/src/game/game_fn_801F9CF4.o
[471/953] MWCC build/GEDE01/src/game/game_fn_801FA9C8.o
[472/953] MWCC build/GEDE01/src/game/game_fn_801FB6A4.o
[473/953] MWCC build/GEDE01/src/game/game_fn_801FC034.o
[474/953] MWCC build/GEDE01/src/game/game_fn_801FC204.o
[475/953] MWCC build/GEDE01/src/game/game_fn_801FFE78.o
[476/953] EXTERNALIZE build/GEDE01/src/game/game_fn_800A2B8C.o
[477/953] EXTERNALIZE build/GEDE01/src/game/game_fn_801857B4.o
[478/953] EXTERNALIZE build/GEDE01/src/game/game_fn_800DC4D4.o
[479/953] EXTERNALIZE build/GEDE01/src/game/game_fn_80119C70.o
[480/953] EXTERNALIZE STATIC POOL build/GEDE01/src/game/game_fn_80088060.o
build/GEDE01/src/game/game_fn_80088060.o: lbl_8031D3B8 now undefined; section 3 emptied
[481/953] EXTERNALIZE build/GEDE01/src/game/game_fn_80175A08.o
[482/953] EXTERNALIZE build/GEDE01/src/game/game_fn_80066E78.o
[483/953] EXTERNALIZE build/GEDE01/src/game/game_fn_801247F8.o
[484/953] EXTERNALIZE build/GEDE01/src/game/game_fn_801EF910.o
[485/953] EXTERNALIZE build/GEDE01/src/game/game_fn_801ECF50.o
[486/953] EXTERNALIZE build/GEDE01/src/game/game_fn_801FC204.o
[487/953] EXTERNALIZE JUMPTABLES build/GEDE01/src/game/game_fn_80050B08.o
[488/953] EXTERNALIZE build/GEDE01/src/game/game_fn_801EB09C.o
[489/953] EXTERNALIZE build/GEDE01/src/game/game_fn_801EB11C.o
[490/953] EXTERNALIZE build/GEDE01/src/game/game_fn_801D9FE4.o
[491/953] EXTERNALIZE build/GEDE01/src/game/game_fn_801E41AC.o
[492/953] EXTERNALIZE build/GEDE01/src/game/game_fn_801D73D0.o
[493/953] EXTERNALIZE build/GEDE01/src/game/game_fn_801D76A8.o
[494/953] EXTERNALIZE build/GEDE01/src/game/game_fn_801D8050.o
[495/953] EXTERNALIZE build/GEDE01/src/game/game_fn_801D7C24.o
[496/953] EXTERNALIZE build/GEDE01/src/game/game_fn_8019B1BC.o
[497/953] EXTERNALIZE build/GEDE01/src/game/game_fn_80178F88.o
[498/953] EXTERNALIZE build/GEDE01/src/game/game_fn_801CD228.o
[499/953] EXTERNALIZE build/GEDE01/src/game/game_fn_801C970C.o
[500/953] EXTERNALIZE build/GEDE01/src/game/game_fn_801BA15C.o
[501/953] EXTERNALIZE build/GEDE01/src/game/game_fn_801C9510.o
[502/953] EXTERNALIZE build/GEDE01/src/game/game_fn_80126A00.o
[503/953] EXTERNALIZE build/GEDE01/src/game/game_fn_8013D6A4.o
[504/953] EXTERNALIZE build/GEDE01/src/game/game_fn_800C9C60.o
[505/953] EXTERNALIZE build/GEDE01/src/game/game_fn_801B5228.o
[506/953] EXTERNALIZE build/GEDE01/src/game/game_fn_801B4FB4.o
[507/953] EXTERNALIZE build/GEDE01/src/game/game_fn_801C87DC.o
[508/953] EXTERNALIZE build/GEDE01/src/game/game_fn_801B6F1C.o
[509/953] EXTERNALIZE build/GEDE01/src/game/game_fn_801C8CC0.o
[510/953] EXTERNALIZE build/GEDE01/src/game/game_fn_800FD0C8.o
[511/953] EXTERNALIZE build/GEDE01/src/game/game_fn_801BDE7C.o
[512/953] EXTERNALIZE build/GEDE01/src/game/game_fn_801BE0D4.o
[513/953] EXTERNALIZE STATIC POOL build/GEDE01/src/game/game_fn_801C9A08.o
build/GEDE01/src/game/game_fn_801C9A08.o: lbl_80629390 now undefined; section 3 emptied
[514/953] EXTERNALIZE build/GEDE01/src/game/game_fn_801B941C.o
[515/953] EXTERNALIZE STATIC POOL build/GEDE01/src/game/game_fn_801C9B1C.o
build/GEDE01/src/game/game_fn_801C9B1C.o: lbl_80629390 now undefined; section 3 emptied
[516/953] EXTERNALIZE STATIC POOL build/GEDE01/src/game/game_fn_801BD990.o
build/GEDE01/src/game/game_fn_801BD990.o: lbl_80626D80 now undefined; section 6 emptied
[517/953] EXTERNALIZE STATIC POOL build/GEDE01/src/game/game_fn_801B58F0.o
build/GEDE01/src/game/game_fn_801B58F0.o: lbl_8060C020 now undefined; section 3 emptied
[518/953] EXTERNALIZE STATIC POOL build/GEDE01/src/game/game_fn_801B9E7C.o
build/GEDE01/src/game/game_fn_801B9E7C.o: 0 relocation(s) moved from streamInfo to ...bss.0
build/GEDE01/src/game/game_fn_801B9E7C.o: lbl_8061AE48 now undefined; section 6 emptied
[519/953] EXTERNALIZE STATIC POOL build/GEDE01/src/game/game_fn_801BB1A0.o
build/GEDE01/src/game/game_fn_801BB1A0.o: 0 relocation(s) moved from streamInfo to ...bss.0
build/GEDE01/src/game/game_fn_801BB1A0.o: lbl_8061AE48 now undefined; section 6 emptied
[520/953] EXTERNALIZE STATIC POOL build/GEDE01/src/game/game_fn_801BA708.o
build/GEDE01/src/game/game_fn_801BA708.o: 0 relocation(s) moved from streamInfo to ...bss.0
build/GEDE01/src/game/game_fn_801BA708.o: lbl_8061AE48 now undefined; section 6 emptied
[521/953] EXTERNALIZE STATIC build/GEDE01/src/game/game_fn_801B35BC.o
build/GEDE01/src/game/game_fn_801B35BC.o: lbl_8060D420 now undefined; section 6 emptied
[522/953] EXTERNALIZE build/GEDE01/src/game/game_fn_801BA94C.o
build/GEDE01/src/game/game_fn_801BA94C.o: 0 relocation(s) moved from streamInfo to ...bss.0
build/GEDE01/src/game/game_fn_801BA94C.o: lbl_8061AE48 now undefined; section 6 emptied
[523/953] EXTERNALIZE STATIC POOL build/GEDE01/src/game/game_fn_801BC8F4.o
build/GEDE01/src/game/game_fn_801BC8F4.o: lbl_8061C748 now undefined; section 6 emptied
[524/953] EXTERNALIZE STATIC build/GEDE01/src/game/game_fn_801BC240.o
build/GEDE01/src/game/game_fn_801BC240.o: lbl_8061C748 now undefined; section 6 emptied
[525/953] EXTERNALIZE STATIC POOL build/GEDE01/src/game/game_fn_801BCC04.o
build/GEDE01/src/game/game_fn_801BCC04.o: lbl_8061C748 now undefined; section 6 emptied
[526/953] EXTERNALIZE STATIC POOL build/GEDE01/src/game/game_fn_801BC0D4.o
build/GEDE01/src/game/game_fn_801BC0D4.o: lbl_8061C748 now undefined; section 6 emptied
[527/953] EXTERNALIZE STATIC POOL build/GEDE01/src/game/game_fn_801C1CB0.o
build/GEDE01/src/game/game_fn_801C1CB0.o: lbl_80626DA0 now undefined; section 3 emptied
[528/953] RENAME build/GEDE01/src/game/game_InitMetroTRKCommTable.o
[529/953] EXTERNALIZE STATIC POOL build/GEDE01/src/game/game_fn_801CE09C.o
build/GEDE01/src/game/game_fn_801CE09C.o: lbl_80631340 now undefined; section 6 emptied
[530/953] RENAME RUNTIME INTRINSICS build/GEDE01/src/game/game_fn_801CB4F8.o
[531/953] EXTERNALIZE STATIC POOL build/GEDE01/src/game/game_fn_8010242C.o
build/GEDE01/src/game/game_fn_8010242C.o: lbl_8032CC08 now undefined; section 3 emptied
[532/953] EXTERNALIZE build/GEDE01/src/game/game_fn_801D3988.o
[533/953] EXTERNALIZE build/GEDE01/src/game/game_fn_801D1B10.o
[534/953] ALIGN DATA build/GEDE01/src/game/game_fn_8005EF94.o
[535/953] ALIGN DATA build/GEDE01/src/game/game_fn_801A6350.o
[536/953] ALIGN DATA build/GEDE01/src/game/game_fn_80008014.o
[537/953] EXTERNALIZE build/GEDE01/src/game/game_fn_801CE594.o
[538/953] EXTERNALIZE build/GEDE01/src/game/game_fn_8014549C.o
[539/953] EXTERNALIZE build/GEDE01/src/game/game_fn_801C8224.o
[540/953] EXTERNALIZE build/GEDE01/src/game/game_fn_801098C0.o
[541/953] EXTERNALIZE build/GEDE01/src/game/game_fn_8000FDE8.o
[542/953] EXTERNALIZE build/GEDE01/src/game/game_fn_80185F10.o
[543/953] EXTERNALIZE build/GEDE01/src/game/game_fn_801C29BC.o
[544/953] EXTERNALIZE build/GEDE01/src/game/game_fn_801C8F50.o
[545/953] EXTERNALIZE build/GEDE01/src/game/game_fn_8007B828.o
[546/953] EXTERNALIZE build/GEDE01/src/game/game_fn_801C90A4.o
[547/953] EXTERNALIZE build/GEDE01/src/game/game_fn_801C8160.o
[548/953] EXTERNALIZE build/GEDE01/src/game/game_fn_801C2AAC.o
[549/953] EXTERNALIZE build/GEDE01/src/game/game_fn_801C2D9C.o
[550/953] EXTERNALIZE build/GEDE01/src/game/game_fn_801C2980.o
[551/953] EXTERNALIZE build/GEDE01/src/game/game_fn_801B02F0.o
[552/953] EXTERNALIZE build/GEDE01/src/game/game_fn_801AFA74.o
[553/953] EXTERNALIZE build/GEDE01/src/game/game_fn_801AC8AC.o
[554/953] EXTERNALIZE build/GEDE01/src/game/game_fn_801ABD3C.o
[555/953] EXTERNALIZE build/GEDE01/src/game/game_fn_801816D4.o
[556/953] EXTERNALIZE build/GEDE01/src/game/game_fn_8011F140.o
[557/953] EXTERNALIZE build/GEDE01/src/game/game_fn_801AD08C.o
[558/953] EXTERNALIZE build/GEDE01/src/game/game_fn_8004998C.o
[559/953] EXTERNALIZE build/GEDE01/src/game/game_fn_80079AA4.o
[560/953] EXTERNALIZE build/GEDE01/src/game/game_fn_80158D38.o
[561/953] EXTERNALIZE build/GEDE01/src/game/game_fn_801A3A78.o
[562/953] EXTERNALIZE build/GEDE01/src/game/game_fn_8008F224.o
[563/953] EXTERNALIZE build/GEDE01/src/game/game_fn_80167454.o
[564/953] EXTERNALIZE build/GEDE01/src/game/game_fn_800AF230.o
[565/953] EXTERNALIZE build/GEDE01/src/game/game_fn_801A93E8.o
[566/953] EXTERNALIZE build/GEDE01/src/game/game_fn_801AB154.o
[567/953] EXTERNALIZE build/GEDE01/src/game/game_fn_801A7E04.o
[568/953] EXTERNALIZE build/GEDE01/src/game/game_fn_801A7EA8.o
[569/953] EXTERNALIZE build/GEDE01/src/game/game_fn_801A6CB4.o
[570/953] EXTERNALIZE build/GEDE01/src/game/game_fn_801A4CE0.o
[571/953] EXTERNALIZE build/GEDE01/src/game/game_fn_801A6C58.o
[572/953] NAME JUMPTABLE build/GEDE01/src/game/game_fn_801A6ADC.o
[573/953] EXTERNALIZE build/GEDE01/src/game/game_fn_801A6410.o
[574/953] EXTERNALIZE build/GEDE01/src/game/game_fn_801A5FB0.o
[575/953] EXTERNALIZE build/GEDE01/src/game/game_fn_801A1F18.o
[576/953] EXTERNALIZE build/GEDE01/src/game/game_fn_8019E8C8.o
[577/953] EXTERNALIZE build/GEDE01/src/game/game_fn_8019E5E4.o
[578/953] EXTERNALIZE build/GEDE01/src/game/game_fn_8019CFC4.o
[579/953] EXTERNALIZE build/GEDE01/src/game/game_fn_8019CC28.o
[580/953] EXTERNALIZE build/GEDE01/src/game/game_fn_801991E0.o
[581/953] EXTERNALIZE build/GEDE01/src/game/game_fn_80198BF4.o
[582/953] EXTERNALIZE build/GEDE01/src/game/game_fn_80198AAC.o
[583/953] EXTERNALIZE build/GEDE01/src/game/game_fn_80198154.o
[584/953] EXTERNALIZE build/GEDE01/src/game/game_fn_80194F80.o
[585/953] EXTERNALIZE build/GEDE01/src/game/game_fn_80197910.o
[586/953] EXTERNALIZE build/GEDE01/src/game/game_fn_80177434.o
repointed 2 relocations to lbl_80250588
[587/953] EXTERNALIZE build/GEDE01/src/game/game_fn_80193E1C.o
[588/953] EXTERNALIZE build/GEDE01/src/game/game_fn_801931C4.o
[589/953] EXTERNALIZE build/GEDE01/src/game/game_fn_80193F3C.o
[590/953] EXTERNALIZE build/GEDE01/src/game/game_fn_80192F54.o
[591/953] EXTERNALIZE build/GEDE01/src/game/game_fn_80191F58.o
[592/953] EXTERNALIZE build/GEDE01/src/game/game_fn_8019197C.o
[593/953] EXTERNALIZE build/GEDE01/src/game/game_fn_80191360.o
[594/953] GLOBALIZE build/GEDE01/src/game/game_fn_8018F1D0.o
[595/953] EXTERNALIZE build/GEDE01/src/game/game_fn_8018D688.o
[596/953] EXTERNALIZE build/GEDE01/src/game/game_fn_8018F81C.o
[597/953] EXTERNALIZE build/GEDE01/src/game/game_fn_8018D2E0.o
[598/953] EXTERNALIZE build/GEDE01/src/game/game_fn_80189968.o
[599/953] EXTERNALIZE build/GEDE01/src/game/game_fn_80189760.o
[600/953] EXTERNALIZE build/GEDE01/src/game/game_fn_8018D1F0.o
[601/953] EXTERNALIZE build/GEDE01/src/game/game_fn_801896A0.o
[602/953] EXTERNALIZE build/GEDE01/src/game/game_fn_801895E8.o
[603/953] EXTERNALIZE build/GEDE01/src/game/game_fn_801891D8.o
[604/953] EXTERNALIZE build/GEDE01/src/game/game_fn_80189390.o
[605/953] EXTERNALIZE build/GEDE01/src/game/game_fn_80188E28.o
[606/953] EXTERNALIZE build/GEDE01/src/game/game_fn_80189028.o
[607/953] EXTERNALIZE build/GEDE01/src/game/game_fn_80188C1C.o
[608/953] EXTERNALIZE build/GEDE01/src/game/game_fn_80188B44.o
[609/953] EXTERNALIZE build/GEDE01/src/game/game_fn_80188A7C.o
[610/953] EXTERNALIZE build/GEDE01/src/game/game_fn_801878E0.o
[611/953] EXTERNALIZE build/GEDE01/src/game/game_fn_80187120.o
[612/953] EXTERNALIZE build/GEDE01/src/game/game_fn_80186E10.o
[613/953] EXTERNALIZE build/GEDE01/src/game/game_fn_8018FEDC.o
[614/953] EXTERNALIZE build/GEDE01/src/game/game_fn_80185AE8.o
[615/953] EXTERNALIZE build/GEDE01/src/game/game_fn_801865EC.o
[616/953] EXTERNALIZE build/GEDE01/src/game/game_fn_801859FC.o
[617/953] EXTERNALIZE build/GEDE01/src/game/game_fn_80180DDC.o
[618/953] EXTERNALIZE build/GEDE01/src/game/game_fn_8017E850.o
[619/953] EXTERNALIZE build/GEDE01/src/game/game_fn_8017E958.o
[620/953] EXTERNALIZE build/GEDE01/src/game/game_fn_8017718C.o
[621/953] EXTERNALIZE build/GEDE01/src/game/game_fn_801770F8.o
[622/953] EXTERNALIZE build/GEDE01/src/game/game_fn_80176DF4.o
[623/953] EXTERNALIZE build/GEDE01/src/game/game_fn_80176FA0.o
[624/953] EXTERNALIZE build/GEDE01/src/game/game_fn_80174358.o
[625/953] EXTERNALIZE build/GEDE01/src/game/game_fn_80173F04.o
[626/953] EXTERNALIZE build/GEDE01/src/game/game_fn_8017553C.o
[627/953] EXTERNALIZE build/GEDE01/src/game/game_fn_80174184.o
[628/953] EXTERNALIZE build/GEDE01/src/game/game_fn_80173D44.o
[629/953] EXTERNALIZE build/GEDE01/src/game/game_fn_80173770.o
[630/953] EXTERNALIZE build/GEDE01/src/game/game_fn_80173270.o
[631/953] EXTERNALIZE build/GEDE01/src/game/game_fn_801734B4.o
[632/953] EXTERNALIZE build/GEDE01/src/game/game_fn_80172DB8.o
[633/953] EXTERNALIZE build/GEDE01/src/game/game_fn_80172C78.o
[634/953] EXTERNALIZE build/GEDE01/src/game/game_fn_80172BB0.o
[635/953] EXTERNALIZE build/GEDE01/src/game/game_fn_801726EC.o
[636/953] EXTERNALIZE build/GEDE01/src/game/game_fn_8017250C.o
[637/953] EXTERNALIZE build/GEDE01/src/game/game_fn_80171F30.o
[638/953] EXTERNALIZE build/GEDE01/src/game/game_fn_801719B4.o
[639/953] EXTERNALIZE build/GEDE01/src/game/game_fn_801718F4.o
[640/953] EXTERNALIZE build/GEDE01/src/game/game_fn_80171664.o
[641/953] EXTERNALIZE build/GEDE01/src/game/game_fn_8017138C.o
[642/953] EXTERNALIZE build/GEDE01/src/game/game_fn_80170A40.o
[643/953] NORMALIZE build/GEDE01/src/game/game_TRKNubWelcome.o
[644/953] NORMALIZE build/GEDE01/src/game/game_TRK_main.o
[645/953] NORMALIZE build/GEDE01/src/game/game_data_80239E10.o
[646/953] NORMALIZE build/GEDE01/src/game/game_data_80239E18.o
[647/953] EXTERNALIZE build/GEDE01/src/game/game_fn_801706DC.o
[648/953] EXTERNALIZE build/GEDE01/src/game/game_fn_8017652C.o
[649/953] EXTERNALIZE build/GEDE01/src/game/game_fn_80170E9C.o
[650/953] EXTERNALIZE build/GEDE01/src/game/game_fn_80175E64.o
[651/953] EXTERNALIZE build/GEDE01/src/game/game_fn_80175F0C.o
[652/953] EXTERNALIZE build/GEDE01/src/game/game_fn_80175FD4.o
[653/953] EXTERNALIZE build/GEDE01/src/game/game_fn_80176098.o
[654/953] EXTERNALIZE build/GEDE01/src/game/game_fn_80176160.o
[655/953] EXTERNALIZE build/GEDE01/src/game/game_fn_80176220.o
[656/953] EXTERNALIZE build/GEDE01/src/game/game_fn_80170DF4.o
[657/953] EXTERNALIZE build/GEDE01/src/game/game_fn_801762E8.o
[658/953] EXTERNALIZE build/GEDE01/src/game/game_fn_8016E8F8.o
[659/953] EXTERNALIZE build/GEDE01/src/game/game_fn_8016FEF8.o
[660/953] EXTERNALIZE build/GEDE01/src/game/game_fn_801704F8.o
[661/953] NORMALIZE build/GEDE01/src/game/game_fn_8016DF4C.o
[662/953] EXTERNALIZE build/GEDE01/src/game/game_fn_8016D2B8.o
[663/953] EXTERNALIZE build/GEDE01/src/game/game_fn_8016D040.o
[664/953] EXTERNALIZE build/GEDE01/src/game/game_fn_8016D1F8.o
[665/953] EXTERNALIZE build/GEDE01/src/game/game_fn_8016C774.o
[666/953] EXTERNALIZE build/GEDE01/src/game/game_fn_8016C4BC.o
[667/953] EXTERNALIZE build/GEDE01/src/game/game_fn_8016C238.o
[668/953] EXTERNALIZE build/GEDE01/src/game/game_fn_8016C164.o
[669/953] EXTERNALIZE build/GEDE01/src/game/game_fn_8016C0BC.o
[670/953] EXTERNALIZE build/GEDE01/src/game/game_fn_8017038C.o
[671/953] EXTERNALIZE build/GEDE01/src/game/game_fn_8016BE1C.o
[672/953] EXTERNALIZE build/GEDE01/src/game/game_fn_8016BF60.o
[673/953] EXTERNALIZE build/GEDE01/src/game/game_fn_8016BD0C.o
[674/953] EXTERNALIZE build/GEDE01/src/game/game_fn_80169650.o
[675/953] EXTERNALIZE build/GEDE01/src/game/game_fn_80167B5C.o
[676/953] EXTERNALIZE build/GEDE01/src/game/game_fn_8015EDC0.o
[677/953] EXTERNALIZE build/GEDE01/src/game/game_fn_8015DB84.o
[678/953] EXTERNALIZE build/GEDE01/src/game/game_fn_8015DC54.o
[679/953] EXTERNALIZE build/GEDE01/src/game/game_fn_80158B20.o
[680/953] EXTERNALIZE build/GEDE01/src/game/game_fn_80179398.o
[681/953] EXTERNALIZE build/GEDE01/src/game/game_fn_8017960C.o
[682/953] EXTERNALIZE build/GEDE01/src/game/game_fn_8017974C.o
[683/953] EXTERNALIZE build/GEDE01/src/game/game_fn_80179904.o
[684/953] EXTERNALIZE build/GEDE01/src/game/game_fn_8017A9B8.o
[685/953] EXTERNALIZE build/GEDE01/src/game/game_fn_80179A18.o
[686/953] EXTERNALIZE build/GEDE01/src/game/game_fn_80179A74.o
[687/953] EXTERNALIZE build/GEDE01/src/game/game_fn_80179EB8.o
[688/953] EXTERNALIZE build/GEDE01/src/game/game_fn_80179F20.o
[689/953] EXTERNALIZE build/GEDE01/src/game/game_fn_8017A010.o
[690/953] EXTERNALIZE build/GEDE01/src/game/game_fn_8017A12C.o
[691/953] EXTERNALIZE build/GEDE01/src/game/game_fn_80157C0C.o
[692/953] EXTERNALIZE build/GEDE01/src/game/game_fn_8017A1C0.o
[693/953] EXTERNALIZE build/GEDE01/src/game/game_fn_80155814.o
[694/953] EXTERNALIZE build/GEDE01/src/game/game_fn_80153898.o
[695/953] EXTERNALIZE build/GEDE01/src/game/game_fn_8014B494.o
[696/953] EXTERNALIZE build/GEDE01/src/game/game_fn_8014AF38.o
[697/953] EXTERNALIZE build/GEDE01/src/game/game_fn_8012DB28.o
[698/953] EXTERNALIZE build/GEDE01/src/game/game_fn_801141B8.o
[699/953] EXTERNALIZE build/GEDE01/src/game/game_fn_801128E4.o
[700/953] EXTERNALIZE build/GEDE01/src/game/game_fn_801126E0.o
[701/953] EXTERNALIZE build/GEDE01/src/game/game_fn_8010F184.o
[702/953] EXTERNALIZE build/GEDE01/src/game/game_fn_800E4980.o
[703/953] EXTERNALIZE build/GEDE01/src/game/game_fn_800C17EC.o
[704/953] EXTERNALIZE build/GEDE01/src/game/game_fn_800C030C.o
[705/953] EXTERNALIZE build/GEDE01/src/game/game_fn_800C59F0.o
[706/953] EXTERNALIZE build/GEDE01/src/game/game_fn_800C644C.o
[707/953] EXTERNALIZE build/GEDE01/src/game/game_fn_800C65FC.o
[708/953] EXTERNALIZE build/GEDE01/src/game/game_fn_800CB760.o
[709/953] EXTERNALIZE build/GEDE01/src/game/game_fn_800CB8F4.o
[710/953] EXTERNALIZE build/GEDE01/src/game/game_fn_80078500.o
[711/953] EXTERNALIZE build/GEDE01/src/game/game_fn_80079908.o
[712/953] EXTERNALIZE build/GEDE01/src/game/game_fn_8007B2F4.o
[713/953] EXTERNALIZE build/GEDE01/src/game/game_fn_8007B540.o
[714/953] EXTERNALIZE build/GEDE01/src/game/game_fn_8007B640.o
[715/953] EXTERNALIZE build/GEDE01/src/game/game_fn_800886D8.o
[716/953] EXTERNALIZE build/GEDE01/src/game/game_fn_8007BA3C.o
[717/953] EXTERNALIZE build/GEDE01/src/game/game_fn_800934A0.o
[718/953] EXTERNALIZE build/GEDE01/src/game/game_fn_800A3894.o
[719/953] EXTERNALIZE build/GEDE01/src/game/game_fn_800A7E88.o
[720/953] EXTERNALIZE build/GEDE01/src/game/game_fn_800A4798.o
[721/953] GLOBALIZE build/GEDE01/src/game/game_fn_800A2130.o
[722/953] EXTERNALIZE build/GEDE01/src/game/game_fn_800A2FCC.o
[723/953] EXTERNALIZE build/GEDE01/src/game/game_fn_8009C424.o
[724/953] EXTERNALIZE build/GEDE01/src/game/game_fn_80096830.o
[725/953] GLOBALIZE build/GEDE01/src/game/game_fn_8008F890.o
[726/953] EXTERNALIZE SWITCHES build/GEDE01/src/game/game_fn_80095FDC.o
[727/953] EXTERNALIZE build/GEDE01/src/game/game_fn_800A4428.o
[728/953] EXTERNALIZE build/GEDE01/src/game/game_fn_80074310.o
[729/953] GLOBALIZE build/GEDE01/src/game/game_fn_8005FD84.o
[730/953] EXTERNALIZE build/GEDE01/src/game/game_fn_80066888.o
[731/953] EXTERNALIZE build/GEDE01/src/game/game_fn_8005EC6C.o
[732/953] EXTERNALIZE build/GEDE01/src/game/game_fn_80052310.o
[733/953] EXTERNALIZE build/GEDE01/src/game/game_fn_80048B24.o
[734/953] NAME SWITCH build/GEDE01/src/game/game_fn_80020E94.o
[735/953] NAME SWITCH build/GEDE01/src/game/game_fn_8005EE9C.o
[736/953] NAME SWITCH build/GEDE01/src/game/game_fn_8016D9C0.o
[737/953] NAME SWITCH build/GEDE01/src/game/game_fn_80071A58.o
[738/953] EXTERNALIZE build/GEDE01/src/game/game_fn_80048ADC.o
[739/953] NAME SWITCH build/GEDE01/src/game/game_fn_8006B620.o
[740/953] NAME SWITCH build/GEDE01/src/game/game_fn_8001FE1C.o
[741/953] NAME SWITCH build/GEDE01/src/game/game_fn_8001E644.o
[742/953] EXTERNALIZE build/GEDE01/src/game/game_fn_80038878.o
[743/953] EXTERNALIZE build/GEDE01/src/game/game_fn_801B46C8.o
build/GEDE01/src/game/game_fn_801B46C8.o: lbl_8060C020 now undefined; section 6 emptied
[744/953] EXTERNALIZE build/GEDE01/src/game/game_fn_80036C40.o
[745/953] EXTERNALIZE build/GEDE01/src/game/game_fn_800359A0.o
[746/953] EXTERNALIZE build/GEDE01/src/game/game_fn_80033180.o
[747/953] EXTERNALIZE build/GEDE01/src/game/game_fn_80033038.o
[748/953] EXTERNALIZE build/GEDE01/src/game/game_fn_80032B84.o
[749/953] EXTERNALIZE build/GEDE01/src/game/game_fn_8003232C.o
[750/953] EXTERNALIZE build/GEDE01/src/game/game_fn_8002E3F0.o
[751/953] EXTERNALIZE build/GEDE01/src/game/game_fn_8002DAE0.o
[752/953] EXTERNALIZE build/GEDE01/src/game/game_fn_8002EA68.o
[753/953] GLOBALIZE build/GEDE01/src/game/game_fn_8002B748.o
[754/953] EXTERNALIZE build/GEDE01/src/game/game_fn_8002F428.o
[755/953] NAME SWITCHES build/GEDE01/src/game/game_fn_80024F28.o
[756/953] EXTERNALIZE build/GEDE01/src/game/game_fn_800272B4.o
[757/953] EXTERNALIZE build/GEDE01/src/game/game_fn_8001CE94.o
[758/953] EXTERNALIZE build/GEDE01/src/game/game_fn_8001CD58.o
[759/953] EXTERNALIZE build/GEDE01/src/game/game_fn_8001C078.o
[760/953] EXTERNALIZE build/GEDE01/src/game/game_fn_8001B874.o
[761/953] EXTERNALIZE build/GEDE01/src/game/game_fn_8001B808.o
[762/953] EXTERNALIZE build/GEDE01/src/game/game_fn_8001B294.o
[763/953] EXTERNALIZE build/GEDE01/src/game/game_fn_8001B124.o
[764/953] EXTERNALIZE build/GEDE01/src/game/game_fn_8001AF68.o
[765/953] EXTERNALIZE build/GEDE01/src/game/game_fn_8001ADF8.o
[766/953] EXTERNALIZE build/GEDE01/src/game/game_fn_8001A6C4.o
[767/953] EXTERNALIZE build/GEDE01/src/game/game_fn_8001AAB8.o
[768/953] EXTERNALIZE build/GEDE01/src/game/game_fn_80019F98.o
[769/953] EXTERNALIZE build/GEDE01/src/game/game_fn_80019D2C.o
[770/953] EXTERNALIZE build/GEDE01/src/game/game_fn_80019C10.o
[771/953] EXTERNALIZE build/GEDE01/src/game/game_fn_80019940.o
[772/953] EXTERNALIZE build/GEDE01/src/game/game_fn_80019244.o
[773/953] EXTERNALIZE build/GEDE01/src/game/game_fn_800194D0.o
[774/953] EXTERNALIZE build/GEDE01/src/game/game_fn_80019054.o
[775/953] EXTERNALIZE build/GEDE01/src/game/game_fn_80018EF4.o
[776/953] EXTERNALIZE build/GEDE01/src/game/game_fn_80017DB0.o
[777/953] EXTERNALIZE build/GEDE01/src/game/game_fn_80017CC8.o
[778/953] EXTERNALIZE build/GEDE01/src/game/game_fn_80017C3C.o
[779/953] EXTERNALIZE build/GEDE01/src/game/game_fn_80017AE4.o
[780/953] EXTERNALIZE build/GEDE01/src/game/game_fn_80017A3C.o
[781/953] EXTERNALIZE build/GEDE01/src/game/game_fn_800179AC.o
[782/953] EXTERNALIZE build/GEDE01/src/game/game_fn_80017910.o
[783/953] EXTERNALIZE FLAGS build/GEDE01/src/game/game_fn_800119FC.o
[784/953] EXTERNALIZE build/GEDE01/src/game/game_fn_8000FFD8.o
[785/953] EXTERNALIZE build/GEDE01/src/game/game_fn_8000F4B0.o
[786/953] GLOBALIZE build/GEDE01/src/game/game_fn_800094C0.o
[787/953] EXTERNALIZE build/GEDE01/src/game/game_fn_8000EFC4.o
[788/953] EXTERNALIZE build/GEDE01/src/game/game_fn_800096E0.o
[789/953] EXTERNALIZE build/GEDE01/src/game/game_fn_800098C0.o
[790/953] EXTERNALIZE build/GEDE01/src/game/game_fn_800099D8.o
[791/953] EXTERNALIZE build/GEDE01/src/game/game_fn_80009AB4.o
[792/953] EXTERNALIZE build/GEDE01/src/game/game_fn_8000A26C.o
[793/953] EXTERNALIZE build/GEDE01/src/game/game_fn_800171C0.o
[794/953] EXTERNALIZE build/GEDE01/src/game/game_fn_800176F0.o
[795/953] EXTERNALIZE build/GEDE01/src/game/game_fn_8000AC88.o
[796/953] EXTERNALIZE build/GEDE01/src/game/game_fn_8000AEB4.o
[797/953] EXTERNALIZE build/GEDE01/src/game/game_fn_8000AFB4.o
[798/953] EXTERNALIZE build/GEDE01/src/game/game_fn_8000B1B8.o
[799/953] EXTERNALIZE build/GEDE01/src/game/game_fn_8000B36C.o
[800/953] EXTERNALIZE build/GEDE01/src/game/game_fn_8000B630.o
[801/953] EXTERNALIZE build/GEDE01/src/game/game_fn_8000B7FC.o
[802/953] EXTERNALIZE build/GEDE01/src/game/game_fn_8000B900.o
[803/953] EXTERNALIZE build/GEDE01/src/game/game_fn_8000BA0C.o
[804/953] EXTERNALIZE build/GEDE01/src/game/game_fn_8000BAA0.o
[805/953] EXTERNALIZE build/GEDE01/src/game/game_fn_8000BC40.o
[806/953] EXTERNALIZE build/GEDE01/src/game/game_fn_8000C06C.o
[807/953] EXTERNALIZE build/GEDE01/src/game/game_fn_8000C17C.o
[808/953] EXTERNALIZE build/GEDE01/src/game/game_fn_8000C400.o
[809/953] EXTERNALIZE build/GEDE01/src/game/game_fn_8000C848.o
[810/953] EXTERNALIZE build/GEDE01/src/game/game_fn_8000C91C.o
[811/953] EXTERNALIZE build/GEDE01/src/game/game_fn_8000D3D4.o
[812/953] EXTERNALIZE build/GEDE01/src/game/game_fn_8000D0BC.o
[813/953] NAME SWITCH build/GEDE01/src/game/game_fn_8000D8A4.o
[814/953] EXTERNALIZE build/GEDE01/src/game/game_fn_8000E054.o
[815/953] EXTERNALIZE build/GEDE01/src/game/game_fn_8000E0AC.o
[816/953] EXTERNALIZE build/GEDE01/src/game/game_fn_8000E96C.o
[817/953] EXTERNALIZE build/GEDE01/src/game/game_fn_8000F774.o
[818/953] EXTERNALIZE build/GEDE01/src/game/game_fn_8000EB14.o
[819/953] EXTERNALIZE build/GEDE01/src/game/game_fn_8000EBD4.o
[820/953] EXTERNALIZE build/GEDE01/src/game/game_fn_8000ED44.o
[821/953] EXTERNALIZE build/GEDE01/src/game/game_fn_8000E138.o
[822/953] EXTERNALIZE build/GEDE01/src/game/game_fn_8000E1C4.o
[823/953] EXTERNALIZE build/GEDE01/src/game/game_fn_8000D590.o
[824/953] EXTERNALIZE build/GEDE01/src/game/game_fn_8000DA50.o
[825/953] EXTERNALIZE build/GEDE01/src/game/game_fn_8000DAF4.o
[826/953] EXTERNALIZE build/GEDE01/src/game/game_fn_80012DA8.o
[827/953] EXTERNALIZE build/GEDE01/src/game/game_fn_80012F40.o
[828/953] EXTERNALIZE build/GEDE01/src/game/game_fn_80012FD0.o
[829/953] EXTERNALIZE build/GEDE01/src/game/game_fn_800131E8.o
[830/953] EXTERNALIZE build/GEDE01/src/game/game_fn_80013340.o
[831/953] EXTERNALIZE build/GEDE01/src/game/game_fn_80013870.o
[832/953] EXTERNALIZE build/GEDE01/src/game/game_fn_80013CB0.o
[833/953] EXTERNALIZE build/GEDE01/src/game/game_fn_80013D54.o
[834/953] EXTERNALIZE build/GEDE01/src/game/game_fn_800144CC.o
[835/953] EXTERNALIZE build/GEDE01/src/game/game_fn_800142DC.o
[836/953] EXTERNALIZE build/GEDE01/src/game/game_fn_800149D4.o
[837/953] EXTERNALIZE build/GEDE01/src/game/game_fn_80014784.o
[838/953] EXTERNALIZE build/GEDE01/src/game/game_fn_80015320.o
[839/953] EXTERNALIZE build/GEDE01/src/game/game_fn_80015058.o
[840/953] EXTERNALIZE build/GEDE01/src/game/game_fn_800156FC.o
[841/953] EXTERNALIZE build/GEDE01/src/game/game_fn_80015568.o
[842/953] EXTERNALIZE build/GEDE01/src/game/game_fn_80015BE0.o
[843/953] EXTERNALIZE build/GEDE01/src/game/game_fn_80015D40.o
[844/953] EXTERNALIZE build/GEDE01/src/game/game_fn_80015F04.o
[845/953] EXTERNALIZE build/GEDE01/src/game/game_fn_80016128.o
[846/953] EXTERNALIZE build/GEDE01/src/game/game_fn_80016270.o
[847/953] EXTERNALIZE build/GEDE01/src/game/game_fn_80016904.o
[848/953] EXTERNALIZE build/GEDE01/src/game/game_fn_80016B24.o
[849/953] EXTERNALIZE build/GEDE01/src/game/game_fn_800173CC.o
[850/953] EXTERNALIZE build/GEDE01/src/game/game_fn_801BEF40.o
[851/953] EXTERNALIZE build/GEDE01/src/game/game_fn_801B86C0.o
[852/953] EXTERNALIZE STATIC POOL build/GEDE01/src/game/game_fn_801C4B5C.o
build/GEDE01/src/game/game_fn_801C4B5C.o: lbl_80628CB0 now undefined; section 6 emptied
[853/953] EXTERNALIZE build/GEDE01/src/game/game_fn_801C8600.o
[854/953] EXTERNALIZE build/GEDE01/src/game/game_fn_801EAA04.o
[855/953] EXTERNALIZE build/GEDE01/src/game/game_fn_80150400.o
[856/953] EXTERNALIZE build/GEDE01/src/game/game_fn_80150F20.o
[857/953] EXTERNALIZE build/GEDE01/src/game/game_fn_80151600.o
[858/953] EXTERNALIZE build/GEDE01/src/game/game_fn_80151D00.o
[859/953] EXTERNALIZE build/GEDE01/src/game/game_fn_801DE8B4.o
[860/953] EXTERNALIZE build/GEDE01/src/game/game_fn_80173BDC.o
[861/953] EXTERNALIZE build/GEDE01/src/game/game_fn_801E7014.o
[862/953] EXTERNALIZE build/GEDE01/src/game/game_fn_801A4430.o
[863/953] EXTERNALIZE build/GEDE01/src/game/game_fn_8014BA14.o
[864/953] EXTERNALIZE build/GEDE01/src/game/game_fn_800B2EC0.o
[865/953] EXTERNALIZE build/GEDE01/src/game/game_fn_8001CA04.o
[866/953] EXTERNALIZE build/GEDE01/src/game/game_fn_80031544.o
[867/953] EXTERNALIZE build/GEDE01/src/game/game_fn_8006B0F0.o
[868/953] EXTERNALIZE build/GEDE01/src/game/game_fn_801DDB84.o
[869/953] EXTERNALIZE build/GEDE01/src/game/game_fn_8007D4D8.o
[870/953] EXTERNALIZE build/GEDE01/src/game/game_fn_8007F770.o
[871/953] EXTERNALIZE build/GEDE01/src/game/game_fn_80088F4C.o
[872/953] EXTERNALIZE build/GEDE01/src/game/game_fn_8008A2E0.o
[873/953] EXTERNALIZE build/GEDE01/src/game/game_fn_80089A34.o
[874/953] EXTERNALIZE build/GEDE01/src/game/game_fn_80090004.o
[875/953] EXTERNALIZE build/GEDE01/src/game/game_fn_80095D10.o
[876/953] EXTERNALIZE build/GEDE01/src/game/game_fn_800A3180.o
[877/953] EXTERNALIZE build/GEDE01/src/game/game_fn_800BB7A8.o
[878/953] EXTERNALIZE build/GEDE01/src/game/game_fn_800BB5C4.o
[879/953] EXTERNALIZE build/GEDE01/src/game/game_fn_800BB9A4.o
[880/953] EXTERNALIZE build/GEDE01/src/game/game_fn_800BBAF0.o
[881/953] EXTERNALIZE build/GEDE01/src/game/game_fn_800D9064.o
[882/953] EXTERNALIZE build/GEDE01/src/game/game_fn_800D9E10.o
[883/953] EXTERNALIZE build/GEDE01/src/game/game_fn_8012976C.o
[884/953] EXTERNALIZE build/GEDE01/src/game/game_fn_8013DB8C.o
[885/953] EXTERNALIZE build/GEDE01/src/game/game_fn_8014CA98.o
[886/953] EXTERNALIZE build/GEDE01/src/game/game_fn_8013CBE4.o
[887/953] EXTERNALIZE build/GEDE01/src/game/game_fn_80153A24.o
[888/953] EXTERNALIZE build/GEDE01/src/game/game_fn_801535D8.o
[889/953] EXTERNALIZE build/GEDE01/src/game/game_fn_80174F2C.o
[890/953] EXTERNALIZE build/GEDE01/src/game/game_fn_801752B0.o
[891/953] EXTERNALIZE build/GEDE01/src/game/game_fn_8017AC20.o
[892/953] EXTERNALIZE build/GEDE01/src/game/game_fn_801861C4.o
[893/953] EXTERNALIZE build/GEDE01/src/game/game_fn_8018680C.o
[894/953] EXTERNALIZE build/GEDE01/src/game/game_fn_80186F70.o
[895/953] EXTERNALIZE build/GEDE01/src/game/game_fn_80187320.o
[896/953] EXTERNALIZE build/GEDE01/src/game/game_fn_801875FC.o
[897/953] EXTERNALIZE build/GEDE01/src/game/game_fn_801810A0.o
[898/953] EXTERNALIZE build/GEDE01/src/game/game_fn_800542D0.o
[899/953] EXTERNALIZE build/GEDE01/src/game/game_fn_80187E40.o
[900/953] EXTERNALIZE build/GEDE01/src/game/game_fn_80187BB4.o
[901/953] EXTERNALIZE build/GEDE01/src/game/game_fn_80189C14.o
[902/953] EXTERNALIZE build/GEDE01/src/game/game_fn_8018C2D0.o
[903/953] EXTERNALIZE build/GEDE01/src/game/game_fn_8018D400.o
[904/953] EXTERNALIZE build/GEDE01/src/game/game_fn_8018E0D8.o
[905/953] EXTERNALIZE build/GEDE01/src/game/game_fn_8019120C.o
[906/953] EXTERNALIZE build/GEDE01/src/game/game_fn_8018DC24.o
[907/953] EXTERNALIZE build/GEDE01/src/game/game_fn_801926EC.o
[908/953] EXTERNALIZE build/GEDE01/src/game/game_fn_801916D0.o
[909/953] EXTERNALIZE build/GEDE01/src/game/game_fn_801929A4.o
[910/953] EXTERNALIZE build/GEDE01/src/game/game_fn_801952E8.o
[911/953] EXTERNALIZE build/GEDE01/src/game/game_fn_801A2A54.o
[912/953] EXTERNALIZE build/GEDE01/src/game/game_fn_801A34BC.o
[913/953] EXTERNALIZE build/GEDE01/src/game/game_fn_801A657C.o
[914/953] EXTERNALIZE build/GEDE01/src/game/game_fn_801A1F8C.o
[915/953] EXTERNALIZE build/GEDE01/src/game/game_fn_801D1F78.o
[916/953] EXTERNALIZE build/GEDE01/src/game/game_fn_801E2A48.o
[917/953] EXTERNALIZE build/GEDE01/src/game/game_fn_801E6814.o
[918/953] EXTERNALIZE build/GEDE01/src/game/game_fn_801E995C.o
[919/953] EXTERNALIZE build/GEDE01/src/game/game_fn_801EF580.o
[920/953] EXTERNALIZE build/GEDE01/src/game/game_fn_801F0CB0.o
[921/953] EXTERNALIZE build/GEDE01/src/game/game_fn_801F10BC.o
[922/953] EXTERNALIZE build/GEDE01/src/game/game_fn_801F35A8.o
[923/953] EXTERNALIZE build/GEDE01/src/game/game_fn_801ECD74.o
[924/953] EXTERNALIZE build/GEDE01/src/game/game_fn_801ED5F4.o
[925/953] EXTERNALIZE build/GEDE01/src/game/game_fn_801F69F0.o
[926/953] EXTERNALIZE build/GEDE01/src/game/game_fn_801F76EC.o
[927/953] EXTERNALIZE build/GEDE01/src/game/game_fn_801F8264.o
[928/953] EXTERNALIZE build/GEDE01/src/game/game_fn_801F89B4.o
[929/953] EXTERNALIZE build/GEDE01/src/game/game_fn_801F9AF8.o
[930/953] EXTERNALIZE build/GEDE01/src/game/game_fn_801F6BD8.o
[931/953] EXTERNALIZE build/GEDE01/src/game/game_fn_80095E64.o
[932/953] EXTERNALIZE build/GEDE01/src/game/game_fn_801FB6A4.o
[933/953] EXTERNALIZE JUMPTABLES build/GEDE01/src/game/game_fn_800361F8.o
[934/953] EXTERNALIZE JUMPTABLES build/GEDE01/src/game/game_fn_8006E53C.o
[935/953] EXTERNALIZE JUMPTABLES build/GEDE01/src/game/game_fn_800CF598.o
[936/953] EXTERNALIZE JUMPTABLES build/GEDE01/src/game/game_fn_801ACFE8.o
[937/953] EXTERNALIZE build/GEDE01/src/game/game_fn_801E0088.o
[938/953] EXTERNALIZE JUMPTABLES build/GEDE01/src/game/game_fn_801B1BA0.o
[939/953] EXTERNALIZE build/GEDE01/src/game/game_fn_80150A24.o
[940/953] EXTERNALIZE build/GEDE01/src/game/game_fn_80154F74.o
[941/953] EXTERNALIZE build/GEDE01/src/game/game_fn_801E504C.o
[942/953] EXTERNALIZE build/GEDE01/src/game/game_fn_8009E808.o
[943/953] EXTERNALIZE build/GEDE01/src/game/game_fn_801F1A38.o
[944/953] EXTERNALIZE build/GEDE01/src/game/game_fn_801FFE78.o
[945/953] EXTERNALIZE build/GEDE01/src/game/game_fn_801F55A0.o
[946/953] EXTERNALIZE build/GEDE01/src/game/game_fn_801F7510.o
[947/953] EXTERNALIZE build/GEDE01/src/game/game_fn_801F8FAC.o
[948/953] EXTERNALIZE build/GEDE01/src/game/game_fn_801F9CF4.o
[949/953] EXTERNALIZE build/GEDE01/src/game/game_fn_801FC034.o
[950/953] EXTERNALIZE build/GEDE01/src/game/game_fn_801FA9C8.o
[951/953] LINK build/GEDE01/main.elf
### mwldeppc.exe Linker Warning:
#   Section '.ignored' is unknown. Section ignored.
### mwldeppc.exe Linker Warning:
#   Section '.ignored' is unknown. Section ignored.
### mwldeppc.exe Linker Warning:
#   Section '.ignored' is unknown. Section ignored.
### mwldeppc.exe Linker Warning:
#   Section '.ignored' is unknown. Section ignored.
### mwldeppc.exe Linker Warning:
#   Section '.ignored' is unknown. Section ignored.
### mwldeppc.exe Linker Warning:
#   Section '.ignored' is unknown. Section ignored.
### mwldeppc.exe Linker Warning:
#   Section '.ignored' is unknown. Section ignored.
### mwldeppc.exe Linker Warning:
#   Section '.ignored' is unknown. Section ignored.
### mwldeppc.exe Linker Warning:
#   Section '.ignored' is unknown. Section ignored.
### mwldeppc.exe Linker Warning:
#   Section '.ignored' is unknown. Section ignored.
### mwldeppc.exe Linker Warning:
#   Section '.ignored' is unknown. Section ignored.
### mwldeppc.exe Linker Warning:
#   Section '.ignored' is unknown. Section ignored.
### mwldeppc.exe Linker Warning:
#   Section '.ignored' is unknown. Section ignored.
### mwldeppc.exe Linker Warning:
#   Section '.ignored' is unknown. Section ignored.
### mwldeppc.exe Linker Warning:
#   Section '.ignored' is unknown. Section ignored.
### mwldeppc.exe Linker Warning:
#   Section '.ignored' is unknown. Section ignored.
### mwldeppc.exe Linker Warning:
#   Section '.ignored' is unknown. Section ignored.
### mwldeppc.exe Linker Warning:
#   Section '.ignored' is unknown. Section ignored.
### mwldeppc.exe Linker Warning:
#   Section '.ignored' is unknown. Section ignored.
### mwldeppc.exe Linker Warning:
#   Section '.ignored' is unknown. Section ignored.
### mwldeppc.exe Linker Warning:
#   Section '.ignored' is unknown. Section ignored.
### mwldeppc.exe Linker Warning:
#   Section '.ignored' is unknown. Section ignored.
### mwldeppc.exe Linker Warning:
#   Section '.ignored' is unknown. Section ignored.
### mwldeppc.exe Linker Warning:
#   Section '.ignored' is unknown. Section ignored.
### mwldeppc.exe Linker Warning:
#   Section '.ignored' is unknown. Section ignored.
### mwldeppc.exe Linker Warning:
#   Section '.ignored' is unknown. Section ignored.
### mwldeppc.exe Linker Warning:
#   Section '.ignored' is unknown. Section ignored.
### mwldeppc.exe Linker Warning:
#   Section '.ignored' is unknown. Section ignored.
### mwldeppc.exe Linker Warning:
#   Section '.ignored' is unknown. Section ignored.
### mwldeppc.exe Linker Warning:
#   Section '.ignored' is unknown. Section ignored.
### mwldeppc.exe Linker Warning:
#   Section '.ignored' is unknown. Section ignored.
### mwldeppc.exe Linker Warning:
#   Section '.ignored' is unknown. Section ignored.
### mwldeppc.exe Linker Warning:
#   Section '.ignored' is unknown. Section ignored.
### mwldeppc.exe Linker Warning:
#   Section '.ignored' is unknown. Section ignored.
### mwldeppc.exe Linker Warning:
#   Section '.ignored' is unknown. Section ignored.
### mwldeppc.exe Linker Warning:
#   Section '.ignored' is unknown. Section ignored.
### mwldeppc.exe Linker Warning:
#   Section '.ignored' is unknown. Section ignored.
### mwldeppc.exe Linker Warning:
#   Section '.ignored' is unknown. Section ignored.
### mwldeppc.exe Linker Warning:
#   Section '.ignored' is unknown. Section ignored.
### mwldeppc.exe Linker Warning:
#   Section '.ignored' is unknown. Section ignored.
### mwldeppc.exe Linker Warning:
#   Section '.ignored' is unknown. Section ignored.
### mwldeppc.exe Linker Warning:
#   Section '.ignored' is unknown. Section ignored.
### mwldeppc.exe Linker Warning:
#   Section '.ignored' is unknown. Section ignored.
### mwldeppc.exe Linker Warning:
#   Section '.ignored' is unknown. Section ignored.
### mwldeppc.exe Linker Warning:
#   Section '.ignored' is unknown. Section ignored.
### mwldeppc.exe Linker Warning:
#   Section '.ignored' is unknown. Section ignored.
### mwldeppc.exe Linker Warning:
#   Section '.ignored' is unknown. Section ignored.
### mwldeppc.exe Linker Warning:
#   Section '.ignored' is unknown. Section ignored.
### mwldeppc.exe Linker Warning:
#   Section '.ignored' is unknown. Section ignored.
### mwldeppc.exe Linker Warning:
#   Section '.ignored' is unknown. Section ignored.
### mwldeppc.exe Linker Warning:
#   Section '.ignored' is unknown. Section ignored.
### mwldeppc.exe Linker Warning:
#   Section '.ignored' is unknown. Section ignored.
### mwldeppc.exe Linker Warning:
#   Section '.ignored' is unknown. Section ignored.
### mwldeppc.exe Linker Warning:
#   Section '.ignored' is unknown. Section ignored.
### mwldeppc.exe Linker Warning:
#   Section '.ignored' is unknown. Section ignored.
### mwldeppc.exe Linker Warning:
#   Section '.ignored' is unknown. Section ignored.
### mwldeppc.exe Linker Warning:
#   Section '.ignored' is unknown. Section ignored.
### mwldeppc.exe Linker Warning:
#   Section '.ignored' is unknown. Section ignored.
### mwldeppc.exe Linker Warning:
#   Section '.ignored' is unknown. Section ignored.
### mwldeppc.exe Linker Warning:
#   Section '.ignored' is unknown. Section ignored.
### mwldeppc.exe Linker Warning:
#   Section '.ignored' is unknown. Section ignored.
### mwldeppc.exe Linker Warning:
#   Section '.ignored' is unknown. Section ignored.
### mwldeppc.exe Linker Warning:
#   Section '.ignored' is unknown. Section ignored.
### mwldeppc.exe Linker Warning:
#   Section '.ignored' is unknown. Section ignored.
### mwldeppc.exe Linker Warning:
#   Section '.ignored' is unknown. Section ignored.
### mwldeppc.exe Linker Warning:
#   Section '.ignored' is unknown. Section ignored.
### mwldeppc.exe Linker Warning:
#   Section '.ignored' is unknown. Section ignored.
### mwldeppc.exe Linker Warning:
#   Section '.ignored' is unknown. Section ignored.
### mwldeppc.exe Linker Warning:
#   Section '.ignored' is unknown. Section ignored.
### mwldeppc.exe Linker Warning:
#   Section '.ignored' is unknown. Section ignored.
### mwldeppc.exe Linker Warning:
#   Section '.ignored' is unknown. Section ignored.
### mwldeppc.exe Linker Warning:
#   Section '.ignored' is unknown. Section ignored.
### mwldeppc.exe Linker Warning:
#   Section '.ignored' is unknown. Section ignored.
### mwldeppc.exe Linker Warning:
#   Section '.ignored' is unknown. Section ignored.
### mwldeppc.exe Linker Warning:
#   Section '.ignored' is unknown. Section ignored.
### mwldeppc.exe Linker Warning:
#   Section '.ignored' is unknown. Section ignored.
### mwldeppc.exe Linker Warning:
#   Section '.ignored' is unknown. Section ignored.
### mwldeppc.exe Linker Warning:
#   Section '.ignored' is unknown. Section ignored.
### mwldeppc.exe Linker Warning:
#   Section '.ignored' is unknown. Section ignored.
### mwldeppc.exe Linker Warning:
#   Section '.ignored' is unknown. Section ignored.
### mwldeppc.exe Linker Warning:
#   Section '.ignored' is unknown. Section ignored.
### mwldeppc.exe Linker Warning:
#   Section '.ignored' is unknown. Section ignored.
### mwldeppc.exe Linker Warning:
#   Section '.ignored' is unknown. Section ignored.
### mwldeppc.exe Linker Warning:
#   Section '.ignored' is unknown. Section ignored.
### mwldeppc.exe Linker Warning:
#   Section '.ignored' is unknown. Section ignored.
### mwldeppc.exe Linker Warning:
#   Section '.ignored' is unknown. Section ignored.
### mwldeppc.exe Linker Warning:
#   Section '.ignored' is unknown. Section ignored.
### mwldeppc.exe Linker Warning:
#   Section '.ignored' is unknown. Section ignored.
### mwldeppc.exe Linker Warning:
#   Section '.ignored' is unknown. Section ignored.
### mwldeppc.exe Linker Warning:
#   Section '.ignored' is unknown. Section ignored.
### mwldeppc.exe Linker Warning:
#   Section '.ignored' is unknown. Section ignored.
### mwldeppc.exe Linker Warning:
#   Section '.ignored' is unknown. Section ignored.
### mwldeppc.exe Linker Warning:
#   Section '.ignored' is unknown. Section ignored.
### mwldeppc.exe Linker Warning:
#   Section '.ignored' is unknown. Section ignored.
### mwldeppc.exe Linker Warning:
#   Section '.ignored' is unknown. Section ignored.
### mwldeppc.exe Linker Warning:
#   Section '.ignored' is unknown. Section ignored.
### mwldeppc.exe Linker Warning:
#   Section '.ignored' is unknown. Section ignored.
### mwldeppc.exe Linker Warning:
#   Section '.ignored' is unknown. Section ignored.
### mwldeppc.exe Linker Warning:
#   Section '.ignored' is unknown. Section ignored.
### mwldeppc.exe Linker Warning:
#   Section '.ignored' is unknown. Section ignored.
### mwldeppc.exe Linker Warning:
#   Section '.ignored' is unknown. Section ignored.
### mwldeppc.exe Linker Warning:
#   Section '.ignored' is unknown. Section ignored.
### mwldeppc.exe Linker Warning:
#   Section '.ignored' is unknown. Section ignored.
### mwldeppc.exe Linker Warning:
#   Section '.ignored' is unknown. Section ignored.
### mwldeppc.exe Linker Warning:
#   Section '.ignored' is unknown. Section ignored.
### mwldeppc.exe Linker Warning:
#   Section '.ignored' is unknown. Section ignored.
### mwldeppc.exe Linker Warning:
#   Section '.ignored' is unknown. Section ignored.
### mwldeppc.exe Linker Warning:
#   Section '.ignored' is unknown. Section ignored.
### mwldeppc.exe Linker Warning:
#   Section '.ignored' is unknown. Section ignored.
### mwldeppc.exe Linker Warning:
#   Section '.ignored' is unknown. Section ignored.
### mwldeppc.exe Linker Warning:
#   Section '.ignored' is unknown. Section ignored.
### mwldeppc.exe Linker Warning:
#   Section '.ignored' is unknown. Section ignored.
### mwldeppc.exe Linker Warning:
#   Section '.ignored' is unknown. Section ignored.
### mwldeppc.exe Linker Warning:
#   Section '.ignored' is unknown. Section ignored.
### mwldeppc.exe Linker Warning:
#   Section '.ignored' is unknown. Section ignored.
### mwldeppc.exe Linker Warning:
#   Section '.ignored' is unknown. Section ignored.
### mwldeppc.exe Linker Warning:
#   Section '.ignored' is unknown. Section ignored.
### mwldeppc.exe Linker Warning:
#   Section '.ignored' is unknown. Section ignored.
### mwldeppc.exe Linker Warning:
#   Section '.ignored' is unknown. Section ignored.
### mwldeppc.exe Linker Warning:
#   Section '.ignored' is unknown. Section ignored.
### mwldeppc.exe Linker Warning:
#   Section '.ignored' is unknown. Section ignored.
### mwldeppc.exe Linker Warning:
#   Section '.ignored' is unknown. Section ignored.
### mwldeppc.exe Linker Warning:
#   Section '.ignored' is unknown. Section ignored.
### mwldeppc.exe Linker Warning:
#   Section '.ignored' is unknown. Section ignored.
### mwldeppc.exe Linker Warning:
#   Section '.ignored' is unknown. Section ignored.
### mwldeppc.exe Linker Warning:
#   Section '.ignored' is unknown. Section ignored.
### mwldeppc.exe Linker Warning:
#   Section '.ignored' is unknown. Section ignored.
### mwldeppc.exe Linker Warning:
#   Section '.ignored' is unknown. Section ignored.
### mwldeppc.exe Linker Warning:
#   Section '.ignored' is unknown. Section ignored.
### mwldeppc.exe Linker Warning:
#   Section '.ignored' is unknown. Section ignored.
### mwldeppc.exe Linker Warning:
#   Section '.ignored' is unknown. Section ignored.
### mwldeppc.exe Linker Warning:
#   Section '.ignored' is unknown. Section ignored.
### mwldeppc.exe Linker Warning:
#   Section '.ignored' is unknown. Section ignored.
### mwldeppc.exe Linker Warning:
#   Section '.ignored' is unknown. Section ignored.
### mwldeppc.exe Linker Warning:
#   Section '.ignored' is unknown. Section ignored.
### mwldeppc.exe Linker Warning:
#   Section '.ignored' is unknown. Section ignored.
### mwldeppc.exe Linker Warning:
#   Section '.ignored' is unknown. Section ignored.
### mwldeppc.exe Linker Warning:
#   Section '.ignored' is unknown. Section ignored.
### mwldeppc.exe Linker Warning:
#   Section '.ignored' is unknown. Section ignored.
### mwldeppc.exe Linker Warning:
#   Section '.ignored' is unknown. Section ignored.
### mwldeppc.exe Linker Warning:
#   Section '.ignored' is unknown. Section ignored.
### mwldeppc.exe Linker Warning:
#   Section '.ignored' is unknown. Section ignored.
### mwldeppc.exe Linker Warning:
#   Section '.ignored' is unknown. Section ignored.
### mwldeppc.exe Linker Warning:
#   Section '.ignored' is unknown. Section ignored.
### mwldeppc.exe Linker Warning:
#   Section '.ignored' is unknown. Section ignored.
### mwldeppc.exe Linker Warning:
#   Section '.ignored' is unknown. Section ignored.
### mwldeppc.exe Linker Warning:
#   Section '.ignored' is unknown. Section ignored.
### mwldeppc.exe Linker Warning:
#   Section '.ignored' is unknown. Section ignored.
### mwldeppc.exe Linker Warning:
#   Section '.ignored' is unknown. Section ignored.
### mwldeppc.exe Linker Warning:
#   Section '.ignored' is unknown. Section ignored.
### mwldeppc.exe Linker Warning:
#   Section '.ignored' is unknown. Section ignored.
### mwldeppc.exe Linker Warning:
#   Section '.ignored' is unknown. Section ignored.
### mwldeppc.exe Linker Warning:
#   Section '.ignored' is unknown. Section ignored.
### mwldeppc.exe Linker Warning:
#   Section '.ignored' is unknown. Section ignored.
### mwldeppc.exe Linker Warning:
#   Section '.ignored' is unknown. Section ignored.
### mwldeppc.exe Linker Warning:
#   Section '.ignored' is unknown. Section ignored.
### mwldeppc.exe Linker Warning:
#   Section '.ignored' is unknown. Section ignored.
### mwldeppc.exe Linker Warning:
#   Section '.ignored' is unknown. Section ignored.
### mwldeppc.exe Linker Warning:
#   Section '.ignored' is unknown. Section ignored.
### mwldeppc.exe Linker Warning:
#   Section '.ignored' is unknown. Section ignored.
### mwldeppc.exe Linker Warning:
#   Section '.ignored' is unknown. Section ignored.
### mwldeppc.exe Linker Warning:
#   Section '.ignored' is unknown. Section ignored.
### mwldeppc.exe Linker Warning:
#   Section '.ignored' is unknown. Section ignored.
### mwldeppc.exe Linker Warning:
#   Section '.ignored' is unknown. Section ignored.
### mwldeppc.exe Linker Warning:
#   Section '.ignored' is unknown. Section ignored.
### mwldeppc.exe Linker Warning:
#   Section '.ignored' is unknown. Section ignored.
### mwldeppc.exe Linker Warning:
#   Section '.ignored' is unknown. Section ignored.
### mwldeppc.exe Linker Warning:
#   Section '.ignored' is unknown. Section ignored.
### mwldeppc.exe Linker Warning:
#   Section '.ignored' is unknown. Section ignored.
### mwldeppc.exe Linker Warning:
#   Section '.ignored' is unknown. Section ignored.
### mwldeppc.exe Linker Warning:
#   Section '.ignored' is unknown. Section ignored.
### mwldeppc.exe Linker Warning:
#   Section '.ignored' is unknown. Section ignored.
### mwldeppc.exe Linker Warning:
#   Section '.ignored' is unknown. Section ignored.
### mwldeppc.exe Linker Warning:
#   Section '.ignored' is unknown. Section ignored.
### mwldeppc.exe Linker Warning:
#   Section '.ignored' is unknown. Section ignored.
### mwldeppc.exe Linker Warning:
#   Section '.ignored' is unknown. Section ignored.
### mwldeppc.exe Linker Warning:
#   Section '.ignored' is unknown. Section ignored.
### mwldeppc.exe Linker Warning:
#   Section '.ignored' is unknown. Section ignored.
### mwldeppc.exe Linker Warning:
#   Section '.ignored' is unknown. Section ignored.
### mwldeppc.exe Linker Warning:
#   Section '.ignored' is unknown. Section ignored.
### mwldeppc.exe Linker Warning:
#   Section '.ignored' is unknown. Section ignored.
### mwldeppc.exe Linker Warning:
#   Section '.ignored' is unknown. Section ignored.
### mwldeppc.exe Linker Warning:
#   Section '.ignored' is unknown. Section ignored.
### mwldeppc.exe Linker Warning:
#   Section '.ignored' is unknown. Section ignored.
### mwldeppc.exe Linker Warning:
#   Section '.ignored' is unknown. Section ignored.
### mwldeppc.exe Linker Warning:
#   Section '.ignored' is unknown. Section ignored.
### mwldeppc.exe Linker Warning:
#   Section '.ignored' is unknown. Section ignored.
### mwldeppc.exe Linker Warning:
#   Section '.ignored' is unknown. Section ignored.
### mwldeppc.exe Linker Warning:
#   Section '.ignored' is unknown. Section ignored.
### mwldeppc.exe Linker Warning:
#   Section '.ignored' is unknown. Section ignored.
### mwldeppc.exe Linker Warning:
#   Section '.ignored' is unknown. Section ignored.
### mwldeppc.exe Linker Warning:
#   Section '.ignored' is unknown. Section ignored.
### mwldeppc.exe Linker Warning:
#   Section '.ignored' is unknown. Section ignored.
### mwldeppc.exe Linker Warning:
#   Section '.ignored' is unknown. Section ignored.
### mwldeppc.exe Linker Warning:
#   Section '.ignored' is unknown. Section ignored.
### mwldeppc.exe Linker Warning:
#   Section '.ignored' is unknown. Section ignored.
### mwldeppc.exe Linker Warning:
#   Section '.ignored' is unknown. Section ignored.
### mwldeppc.exe Linker Warning:
#   Section '.ignored' is unknown. Section ignored.
### mwldeppc.exe Linker Warning:
#   Section '.ignored' is unknown. Section ignored.
### mwldeppc.exe Linker Warning:
#   Section '.ignored' is unknown. Section ignored.
### mwldeppc.exe Linker Warning:
#   Section '.ignored' is unknown. Section ignored.
### mwldeppc.exe Linker Warning:
#   Section '.ignored' is unknown. Section ignored.
### mwldeppc.exe Linker Warning:
#   Section '.ignored' is unknown. Section ignored.
### mwldeppc.exe Linker Warning:
#   Section '.ignored' is unknown. Section ignored.
### mwldeppc.exe Linker Warning:
#   Section '.ignored' is unknown. Section ignored.
### mwldeppc.exe Linker Warning:
#   Section '.ignored' is unknown. Section ignored.
### mwldeppc.exe Linker Warning:
#   Section '.ignored' is unknown. Section ignored.
### mwldeppc.exe Linker Warning:
#   Section '.ignored' is unknown. Section ignored.
### mwldeppc.exe Linker Warning:
#   Section '.ignored' is unknown. Section ignored.
### mwldeppc.exe Linker Warning:
#   Section '.ignored' is unknown. Section ignored.
### mwldeppc.exe Linker Warning:
#   Section '.ignored' is unknown. Section ignored.
### mwldeppc.exe Linker Warning:
#   Section '.ignored' is unknown. Section ignored.
### mwldeppc.exe Linker Warning:
#   Section '.ignored' is unknown. Section ignored.
### mwldeppc.exe Linker Warning:
#   Section '.ignored' is unknown. Section ignored.
### mwldeppc.exe Linker Warning:
#   Section '.ignored' is unknown. Section ignored.
### mwldeppc.exe Linker Warning:
#   Section '.ignored' is unknown. Section ignored.
### mwldeppc.exe Linker Warning:
#   Section '.ignored' is unknown. Section ignored.
### mwldeppc.exe Linker Warning:
#   Section '.ignored' is unknown. Section ignored.
### mwldeppc.exe Linker Warning:
#   Section '.ignored' is unknown. Section ignored.
### mwldeppc.exe Linker Warning:
#   Section '.ignored' is unknown. Section ignored.
### mwldeppc.exe Linker Warning:
#   Section '.ignored' is unknown. Section ignored.
### mwldeppc.exe Linker Warning:
#   Section '.ignored' is unknown. Section ignored.
### mwldeppc.exe Linker Warning:
#   Section '.ignored' is unknown. Section ignored.
### mwldeppc.exe Linker Warning:
#   Section '.ignored' is unknown. Section ignored.
### mwldeppc.exe Linker Warning:
#   Section '.ignored' is unknown. Section ignored.
### mwldeppc.exe Linker Warning:
#   Section '.ignored' is unknown. Section ignored.
### mwldeppc.exe Linker Warning:
#   Section '.ignored' is unknown. Section ignored.
### mwldeppc.exe Linker Warning:
#   Section '.ignored' is unknown. Section ignored.
### mwldeppc.exe Linker Warning:
#   Section '.ignored' is unknown. Section ignored.
### mwldeppc.exe Linker Warning:
#   Section '.ignored' is unknown. Section ignored.
### mwldeppc.exe Linker Warning:
#   Section '.ignored' is unknown. Section ignored.
### mwldeppc.exe Linker Warning:
#   Section '.ignored' is unknown. Section ignored.
### mwldeppc.exe Linker Warning:
#   Section '.ignored' is unknown. Section ignored.
### mwldeppc.exe Linker Warning:
#   Section '.ignored' is unknown. Section ignored.
### mwldeppc.exe Linker Warning:
#   Section '.ignored' is unknown. Section ignored.
### mwldeppc.exe Linker Warning:
#   Section '.ignored' is unknown. Section ignored.
### mwldeppc.exe Linker Warning:
#   Section '.ignored' is unknown. Section ignored.
### mwldeppc.exe Linker Warning:
#   Section '.ignored' is unknown. Section ignored.
### mwldeppc.exe Linker Warning:
#   Section '.ignored' is unknown. Section ignored.
### mwldeppc.exe Linker Warning:
#   Section '.ignored' is unknown. Section ignored.
### mwldeppc.exe Linker Warning:
#   Section '.ignored' is unknown. Section ignored.
### mwldeppc.exe Linker Warning:
#   Section '.ignored' is unknown. Section ignored.
### mwldeppc.exe Linker Warning:
#   Section '.ignored' is unknown. Section ignored.
### mwldeppc.exe Linker Warning:
#   Section '.ignored' is unknown. Section ignored.
### mwldeppc.exe Linker Warning:
#   Section '.ignored' is unknown. Section ignored.
### mwldeppc.exe Linker Warning:
#   Section '.ignored' is unknown. Section ignored.
### mwldeppc.exe Linker Warning:
#   Section '.ignored' is unknown. Section ignored.
### mwldeppc.exe Linker Warning:
#   Section '.ignored' is unknown. Section ignored.
### mwldeppc.exe Linker Warning:
#   Section '.ignored' is unknown. Section ignored.
### mwldeppc.exe Linker Warning:
#   Section '.ignored' is unknown. Section ignored.
### mwldeppc.exe Linker Warning:
#   Section '.ignored' is unknown. Section ignored.
### mwldeppc.exe Linker Warning:
#   Section '.ignored' is unknown. Section ignored.
### mwldeppc.exe Linker Warning:
#   Section '.ignored' is unknown. Section ignored.
### mwldeppc.exe Linker Warning:
#   Section '.ignored' is unknown. Section ignored.
### mwldeppc.exe Linker Warning:
#   Section '.ignored' is unknown. Section ignored.
### mwldeppc.exe Linker Warning:
#   Section '.ignored' is unknown. Section ignored.
### mwldeppc.exe Linker Warning:
#   Section '.ignored' is unknown. Section ignored.
### mwldeppc.exe Linker Warning:
#   Section '.ignored' is unknown. Section ignored.
### mwldeppc.exe Linker Warning:
#   Section '.ignored' is unknown. Section ignored.
### mwldeppc.exe Linker Warning:
#   Section '.ignored' is unknown. Section ignored.
### mwldeppc.exe Linker Warning:
#   Section '.ignored' is unknown. Section ignored.
### mwldeppc.exe Linker Warning:
#   Section '.ignored' is unknown. Section ignored.
### mwldeppc.exe Linker Warning:
#   Section '.ignored' is unknown. Section ignored.
### mwldeppc.exe Linker Warning:
#   Section '.ignored' is unknown. Section ignored.
### mwldeppc.exe Linker Warning:
#   Section '.ignored' is unknown. Section ignored.
### mwldeppc.exe Linker Warning:
#   Section '.ignored' is unknown. Section ignored.
### mwldeppc.exe Linker Warning:
#   Section '.ignored' is unknown. Section ignored.
### mwldeppc.exe Linker Warning:
#   Section '.ignored' is unknown. Section ignored.
### mwldeppc.exe Linker Warning:
#   Section '.ignored' is unknown. Section ignored.
### mwldeppc.exe Linker Warning:
#   Section '.ignored' is unknown. Section ignored.
### mwldeppc.exe Linker Warning:
#   Section '.ignored' is unknown. Section ignored.
### mwldeppc.exe Linker Warning:
#   Section '.ignored' is unknown. Section ignored.
### mwldeppc.exe Linker Warning:
#   Section '.ignored' is unknown. Section ignored.
### mwldeppc.exe Linker Warning:
#   Section '.ignored' is unknown. Section ignored.
### mwldeppc.exe Linker Warning:
#   Section '.ignored' is unknown. Section ignored.
### mwldeppc.exe Linker Warning:
#   Section '.ignored' is unknown. Section ignored.
### mwldeppc.exe Linker Warning:
#   Section '.ignored' is unknown. Section ignored.
### mwldeppc.exe Linker Warning:
#   Section '.ignored' is unknown. Section ignored.
### mwldeppc.exe Linker Warning:
#   Section '.ignored' is unknown. Section ignored.
### mwldeppc.exe Linker Warning:
#   Section '.ignored' is unknown. Section ignored.
### mwldeppc.exe Linker Warning:
#   Section '.ignored' is unknown. Section ignored.
### mwldeppc.exe Linker Warning:
#   Section '.ignored' is unknown. Section ignored.
### mwldeppc.exe Linker Warning:
#   Section '.ignored' is unknown. Section ignored.
### mwldeppc.exe Linker Warning:
#   Section '.ignored' is unknown. Section ignored.
### mwldeppc.exe Linker Warning:
#   Section '.ignored' is unknown. Section ignored.
### mwldeppc.exe Linker Warning:
#   Section '.ignored' is unknown. Section ignored.
### mwldeppc.exe Linker Warning:
#   Section '.ignored' is unknown. Section ignored.
### mwldeppc.exe Linker Warning:
#   Section '.ignored' is unknown. Section ignored.
### mwldeppc.exe Linker Warning:
#   Section '.ignored' is unknown. Section ignored.
### mwldeppc.exe Linker Warning:
#   Section '.ignored' is unknown. Section ignored.
### mwldeppc.exe Linker Warning:
#   Section '.ignored' is unknown. Section ignored.
### mwldeppc.exe Linker Warning:
#   Section '.ignored' is unknown. Section ignored.
### mwldeppc.exe Linker Warning:
#   Section '.ignored' is unknown. Section ignored.
### mwldeppc.exe Linker Warning:
#   Section '.ignored' is unknown. Section ignored.
### mwldeppc.exe Linker Warning:
#   Section '.ignored' is unknown. Section ignored.
### mwldeppc.exe Linker Warning:
#   Section '.ignored' is unknown. Section ignored.
### mwldeppc.exe Linker Warning:
#   Section '.ignored' is unknown. Section ignored.
### mwldeppc.exe Linker Warning:
#   Section '.ignored' is unknown. Section ignored.
### mwldeppc.exe Linker Warning:
#   Section '.ignored' is unknown. Section ignored.
### mwldeppc.exe Linker Warning:
#   Section '.ignored' is unknown. Section ignored.
### mwldeppc.exe Linker Warning:
#   Section '.ignored' is unknown. Section ignored.
### mwldeppc.exe Linker Warning:
#   Section '.ignored' is unknown. Section ignored.
### mwldeppc.exe Linker Warning:
#   Section '.ignored' is unknown. Section ignored.
### mwldeppc.exe Linker Warning:
#   Section '.ignored' is unknown. Section ignored.
### mwldeppc.exe Linker Warning:
#   Section '.ignored' is unknown. Section ignored.
### mwldeppc.exe Linker Warning:
#   Section '.ignored' is unknown. Section ignored.
### mwldeppc.exe Linker Warning:
#   Section '.ignored' is unknown. Section ignored.
### mwldeppc.exe Linker Warning:
#   Section '.ignored' is unknown. Section ignored.
### mwldeppc.exe Linker Warning:
#   Section '.ignored' is unknown. Section ignored.
### mwldeppc.exe Linker Warning:
#   Section '.ignored' is unknown. Section ignored.
### mwldeppc.exe Linker Warning:
#   Section '.ignored' is unknown. Section ignored.
### mwldeppc.exe Linker Warning:
#   Section '.ignored' is unknown. Section ignored.
### mwldeppc.exe Linker Warning:
#   Section '.ignored' is unknown. Section ignored.
### mwldeppc.exe Linker Warning:
#   Section '.ignored' is unknown. Section ignored.
### mwldeppc.exe Linker Warning:
#   Section '.ignored' is unknown. Section ignored.
### mwldeppc.exe Linker Warning:
#   Section '.ignored' is unknown. Section ignored.
### mwldeppc.exe Linker Warning:
#   Section '.ignored' is unknown. Section ignored.
### mwldeppc.exe Linker Warning:
#   Section '.ignored' is unknown. Section ignored.
### mwldeppc.exe Linker Warning:
#   Section '.ignored' is unknown. Section ignored.
### mwldeppc.exe Linker Warning:
#   Section '.ignored' is unknown. Section ignored.
### mwldeppc.exe Linker Warning:
#   Section '.ignored' is unknown. Section ignored.
### mwldeppc.exe Linker Warning:
#   Section '.ignored' is unknown. Section ignored.
### mwldeppc.exe Linker Warning:
#   Section '.ignored' is unknown. Section ignored.
### mwldeppc.exe Linker Warning:
#   Section '.ignored' is unknown. Section ignored.
### mwldeppc.exe Linker Warning:
#   Section '.ignored' is unknown. Section ignored.
### mwldeppc.exe Linker Warning:
#   Section '.ignored' is unknown. Section ignored.
### mwldeppc.exe Linker Warning:
#   Section '.ignored' is unknown. Section ignored.
### mwldeppc.exe Linker Warning:
#   Section '.ignored' is unknown. Section ignored.
### mwldeppc.exe Linker Warning:
#   Section '.ignored' is unknown. Section ignored.
### mwldeppc.exe Linker Warning:
#   Section '.ignored' is unknown. Section ignored.
### mwldeppc.exe Linker Warning:
#   Section '.ignored' is unknown. Section ignored.
### mwldeppc.exe Linker Warning:
#   Section '.ignored' is unknown. Section ignored.
### mwldeppc.exe Linker Warning:
#   Section '.ignored' is unknown. Section ignored.
### mwldeppc.exe Linker Warning:
#   Section '.ignored' is unknown. Section ignored.
### mwldeppc.exe Linker Warning:
#   Section '.ignored' is unknown. Section ignored.
### mwldeppc.exe Linker Warning:
#   Section '.ignored' is unknown. Section ignored.
### mwldeppc.exe Linker Warning:
#   Section '.ignored' is unknown. Section ignored.
### mwldeppc.exe Linker Warning:
#   Section '.ignored' is unknown. Section ignored.
### mwldeppc.exe Linker Warning:
#   Section '.ignored' is unknown. Section ignored.
### mwldeppc.exe Linker Warning:
#   Section '.ignored' is unknown. Section ignored.
### mwldeppc.exe Linker Warning:
#   Section '.ignored' is unknown. Section ignored.
### mwldeppc.exe Linker Warning:
#   Section '.ignored' is unknown. Section ignored.
### mwldeppc.exe Linker Warning:
#   Section '.ignored' is unknown. Section ignored.
### mwldeppc.exe Linker Warning:
#   Section '.ignored' is unknown. Section ignored.
### mwldeppc.exe Linker Warning:
#   Section '.ignored' is unknown. Section ignored.
### mwldeppc.exe Linker Warning:
#   Section '.ignored' is unknown. Section ignored.
### mwldeppc.exe Linker Warning:
#   Section '.ignored' is unknown. Section ignored.
### mwldeppc.exe Linker Warning:
#   Section '.ignored' is unknown. Section ignored.
### mwldeppc.exe Linker Warning:
#   Section '.ignored' is unknown. Section ignored.
### mwldeppc.exe Linker Warning:
#   Section '.ignored' is unknown. Section ignored.
### mwldeppc.exe Linker Warning:
#   Section '.ignored' is unknown. Section ignored.
### mwldeppc.exe Linker Warning:
#   Section '.ignored' is unknown. Section ignored.
### mwldeppc.exe Linker Warning:
#   Section '.ignored' is unknown. Section ignored.
### mwldeppc.exe Linker Warning:
#   Section '.ignored' is unknown. Section ignored.
### mwldeppc.exe Linker Warning:
#   Section '.ignored' is unknown. Section ignored.
### mwldeppc.exe Linker Warning:
#   Section '.ignored' is unknown. Section ignored.
### mwldeppc.exe Linker Warning:
#   Section '.ignored' is unknown. Section ignored.
### mwldeppc.exe Linker Warning:
#   Section '.ignored' is unknown. Section ignored.
### mwldeppc.exe Linker Warning:
#   Section '.ignored' is unknown. Section ignored.
### mwldeppc.exe Linker Warning:
#   Section '.ignored' is unknown. Section ignored.
### mwldeppc.exe Linker Warning:
#   Section '.ignored' is unknown. Section ignored.
### mwldeppc.exe Linker Warning:
#   Section '.ignored' is unknown. Section ignored.
### mwldeppc.exe Linker Warning:
#   Section '.ignored' is unknown. Section ignored.
### mwldeppc.exe Linker Warning:
#   Section '.ignored' is unknown. Section ignored.
### mwldeppc.exe Linker Warning:
#   Section '.ignored' is unknown. Section ignored.
### mwldeppc.exe Linker Warning:
#   Section '.ignored' is unknown. Section ignored.
### mwldeppc.exe Linker Warning:
#   Section '.ignored' is unknown. Section ignored.
### mwldeppc.exe Linker Warning:
#   Section '.ignored' is unknown. Section ignored.
### mwldeppc.exe Linker Warning:
#   Section '.ignored' is unknown. Section ignored.
### mwldeppc.exe Linker Warning:
#   Section '.ignored' is unknown. Section ignored.
### mwldeppc.exe Linker Warning:
#   Section '.ignored' is unknown. Section ignored.
### mwldeppc.exe Linker Warning:
#   Section '.ignored' is unknown. Section ignored.
### mwldeppc.exe Linker Warning:
#   Section '.ignored' is unknown. Section ignored.
### mwldeppc.exe Linker Warning:
#   Section '.ignored' is unknown. Section ignored.
### mwldeppc.exe Linker Warning:
#   Section '.ignored' is unknown. Section ignored.
### mwldeppc.exe Linker Warning:
#   Section '.ignored' is unknown. Section ignored.
### mwldeppc.exe Linker Warning:
#   Section '.ignored' is unknown. Section ignored.
### mwldeppc.exe Linker Warning:
#   Section '.ignored' is unknown. Section ignored.
### mwldeppc.exe Linker Warning:
#   Section '.ignored' is unknown. Section ignored.
### mwldeppc.exe Linker Warning:
#   Section '.ignored' is unknown. Section ignored.
### mwldeppc.exe Linker Warning:
#   Section '.ignored' is unknown. Section ignored.
### mwldeppc.exe Linker Warning:
#   Section '.ignored' is unknown. Section ignored.
### mwldeppc.exe Linker Warning:
#   Section '.ignored' is unknown. Section ignored.
### mwldeppc.exe Linker Warning:
#   Section '.ignored' is unknown. Section ignored.
### mwldeppc.exe Linker Warning:
#   Section '.ignored' is unknown. Section ignored.
### mwldeppc.exe Linker Warning:
#   Section '.ignored' is unknown. Section ignored.
### mwldeppc.exe Linker Warning:
#   Section '.ignored' is unknown. Section ignored.
### mwldeppc.exe Linker Warning:
#   Section '.ignored' is unknown. Section ignored.
### mwldeppc.exe Linker Warning:
#   Section '.ignored' is unknown. Section ignored.
### mwldeppc.exe Linker Warning:
#   Section '.ignored' is unknown. Section ignored.
### mwldeppc.exe Linker Warning:
#   Section '.ignored' is unknown. Section ignored.
### mwldeppc.exe Linker Warning:
#   Section '.ignored' is unknown. Section ignored.
### mwldeppc.exe Linker Warning:
#   Section '.ignored' is unknown. Section ignored.
### mwldeppc.exe Linker Warning:
#   Section '.ignored' is unknown. Section ignored.
### mwldeppc.exe Linker Warning:
#   Section '.ignored' is unknown. Section ignored.
### mwldeppc.exe Linker Warning:
#   Section '.ignored' is unknown. Section ignored.
### mwldeppc.exe Linker Warning:
#   Section '.ignored' is unknown. Section ignored.
### mwldeppc.exe Linker Warning:
#   Section '.ignored' is unknown. Section ignored.
### mwldeppc.exe Linker Warning:
#   Section '.ignored' is unknown. Section ignored.
### mwldeppc.exe Linker Warning:
#   Section '.ignored' is unknown. Section ignored.
### mwldeppc.exe Linker Warning:
#   Section '.ignored' is unknown. Section ignored.
### mwldeppc.exe Linker Warning:
#   Section '.ignored' is unknown. Section ignored.
### mwldeppc.exe Linker Warning:
#   Section '.ignored' is unknown. Section ignored.
### mwldeppc.exe Linker Warning:
#   Section '.ignored' is unknown. Section ignored.
### mwldeppc.exe Linker Warning:
#   Section '.ignored' is unknown. Section ignored.
### mwldeppc.exe Linker Warning:
#   Section '.ignored' is unknown. Section ignored.
### mwldeppc.exe Linker Warning:
#   Section '.ignored' is unknown. Section ignored.
### mwldeppc.exe Linker Warning:
#   Section '.ignored' is unknown. Section ignored.
### mwldeppc.exe Linker Warning:
#   Section '.ignored' is unknown. Section ignored.
### mwldeppc.exe Linker Warning:
#   Section '.ignored' is unknown. Section ignored.
### mwldeppc.exe Linker Warning:
#   Section '.ignored' is unknown. Section ignored.
### mwldeppc.exe Linker Warning:
#   Section '.ignored' is unknown. Section ignored.
### mwldeppc.exe Linker Warning:
#   Section '.ignored' is unknown. Section ignored.
### mwldeppc.exe Linker Warning:
#   Section '.ignored' is unknown. Section ignored.
### mwldeppc.exe Linker Warning:
#   Section '.ignored' is unknown. Section ignored.
### mwldeppc.exe Linker Warning:
#   Section '.ignored' is unknown. Section ignored.
### mwldeppc.exe Linker Warning:
#   Section '.ignored' is unknown. Section ignored.
### mwldeppc.exe Linker Warning:
#   Section '.ignored' is unknown. Section ignored.
### mwldeppc.exe Linker Warning:
#   Section '.ignored' is unknown. Section ignored.
### mwldeppc.exe Linker Warning:
#   Section '.ignored' is unknown. Section ignored.
### mwldeppc.exe Linker Warning:
#   Section '.ignored' is unknown. Section ignored.
### mwldeppc.exe Linker Warning:
#   Section '.ignored' is unknown. Section ignored.
### mwldeppc.exe Linker Warning:
#   Section '.ignored' is unknown. Section ignored.
### mwldeppc.exe Linker Warning:
#   Section '.ignored' is unknown. Section ignored.
### mwldeppc.exe Linker Warning:
#   Section '.ignored' is unknown. Section ignored.
### mwldeppc.exe Linker Warning:
#   Section '.ignored' is unknown. Section ignored.
### mwldeppc.exe Linker Warning:
#   Section '.ignored' is unknown. Section ignored.
### mwldeppc.exe Linker Warning:
#   Section '.ignored' is unknown. Section ignored.
### mwldeppc.exe Linker Warning:
#   Section '.ignored' is unknown. Section ignored.
### mwldeppc.exe Linker Warning:
#   Section '.ignored' is unknown. Section ignored.
### mwldeppc.exe Linker Warning:
#   Section '.ignored' is unknown. Section ignored.
### mwldeppc.exe Linker Warning:
#   Section '.ignored' is unknown. Section ignored.
### mwldeppc.exe Linker Warning:
#   Section '.ignored' is unknown. Section ignored.
### mwldeppc.exe Linker Warning:
#   Section '.ignored' is unknown. Section ignored.
### mwldeppc.exe Linker Warning:
#   Section '.ignored' is unknown. Section ignored.
### mwldeppc.exe Linker Warning:
#   Section '.ignored' is unknown. Section ignored.
### mwldeppc.exe Linker Warning:
#   Section '.ignored' is unknown. Section ignored.
### mwldeppc.exe Linker Warning:
#   Section '.ignored' is unknown. Section ignored.
### mwldeppc.exe Linker Warning:
#   Section '.ignored' is unknown. Section ignored.
### mwldeppc.exe Linker Warning:
#   Section '.ignored' is unknown. Section ignored.
### mwldeppc.exe Linker Warning:
#   Section '.ignored' is unknown. Section ignored.
### mwldeppc.exe Linker Warning:
#   Section '.ignored' is unknown. Section ignored.
### mwldeppc.exe Linker Warning:
#   Section '.ignored' is unknown. Section ignored.
### mwldeppc.exe Linker Warning:
#   Section '.ignored' is unknown. Section ignored.
### mwldeppc.exe Linker Warning:
#   Section '.ignored' is unknown. Section ignored.
### mwldeppc.exe Linker Warning:
#   Section '.ignored' is unknown. Section ignored.
### mwldeppc.exe Linker Warning:
#   Section '.ignored' is unknown. Section ignored.
### mwldeppc.exe Linker Warning:
#   Section '.ignored' is unknown. Section ignored.
### mwldeppc.exe Linker Warning:
#   Section '.ignored' is unknown. Section ignored.
### mwldeppc.exe Linker Warning:
#   Section '.ignored' is unknown. Section ignored.
### mwldeppc.exe Linker Warning:
#   Section '.ignored' is unknown. Section ignored.
### mwldeppc.exe Linker Warning:
#   Section '.ignored' is unknown. Section ignored.
### mwldeppc.exe Linker Warning:
#   Section '.ignored' is unknown. Section ignored.
### mwldeppc.exe Linker Warning:
#   Section '.ignored' is unknown. Section ignored.
### mwldeppc.exe Linker Warning:
#   Section '.ignored' is unknown. Section ignored.
### mwldeppc.exe Linker Warning:
#   Section '.ignored' is unknown. Section ignored.
### mwldeppc.exe Linker Warning:
#   Section '.ignored' is unknown. Section ignored.
### mwldeppc.exe Linker Warning:
#   Section '.ignored' is unknown. Section ignored.
### mwldeppc.exe Linker Warning:
#   Section '.ignored' is unknown. Section ignored.
### mwldeppc.exe Linker Warning:
#   Section '.ignored' is unknown. Section ignored.
### mwldeppc.exe Linker Warning:
#   Section '.ignored' is unknown. Section ignored.
### mwldeppc.exe Linker Warning:
#   Section '.ignored' is unknown. Section ignored.
### mwldeppc.exe Linker Warning:
#   Section '.ignored' is unknown. Section ignored.
### mwldeppc.exe Linker Warning:
#   Section '.ignored' is unknown. Section ignored.
### mwldeppc.exe Linker Warning:
#   Section '.ignored' is unknown. Section ignored.
### mwldeppc.exe Linker Warning:
#   Section '.ignored' is unknown. Section ignored.
### mwldeppc.exe Linker Warning:
#   Section '.ignored' is unknown. Section ignored.
### mwldeppc.exe Linker Warning:
#   Section '.ignored' is unknown. Section ignored.
### mwldeppc.exe Linker Warning:
#   Section '.ignored' is unknown. Section ignored.
### mwldeppc.exe Linker Warning:
#   Section '.ignored' is unknown. Section ignored.
### mwldeppc.exe Linker Warning:
#   Section '.ignored' is unknown. Section ignored.
### mwldeppc.exe Linker Warning:
#   Section '.ignored' is unknown. Section ignored.
### mwldeppc.exe Linker Warning:
#   Section '.ignored' is unknown. Section ignored.
### mwldeppc.exe Linker Warning:
#   Section '.ignored' is unknown. Section ignored.
### mwldeppc.exe Linker Warning:
#   Section '.ignored' is unknown. Section ignored.
### mwldeppc.exe Linker Warning:
#   Section '.ignored' is unknown. Section ignored.
### mwldeppc.exe Linker Warning:
#   Section '.ignored' is unknown. Section ignored.
### mwldeppc.exe Linker Warning:
#   Section '.ignored' is unknown. Section ignored.
### mwldeppc.exe Linker Warning:
#   Section '.ignored' is unknown. Section ignored.
### mwldeppc.exe Linker Warning:
#   Section '.ignored' is unknown. Section ignored.
### mwldeppc.exe Linker Warning:
#   Section '.ignored' is unknown. Section ignored.
### mwldeppc.exe Linker Warning:
#   Section '.ignored' is unknown. Section ignored.
### mwldeppc.exe Linker Warning:
#   Section '.ignored' is unknown. Section ignored.
### mwldeppc.exe Linker Warning:
#   Section '.ignored' is unknown. Section ignored.
### mwldeppc.exe Linker Warning:
#   Section '.ignored' is unknown. Section ignored.
### mwldeppc.exe Linker Warning:
#   Section '.ignored' is unknown. Section ignored.
### mwldeppc.exe Linker Warning:
#   Section '.ignored' is unknown. Section ignored.
### mwldeppc.exe Linker Warning:
#   Section '.ignored' is unknown. Section ignored.
### mwldeppc.exe Linker Warning:
#   Section '.ignored' is unknown. Section ignored.
### mwldeppc.exe Linker Warning:
#   Section '.ignored' is unknown. Section ignored.
### mwldeppc.exe Linker Warning:
#   Section '.ignored' is unknown. Section ignored.
### mwldeppc.exe Linker Warning:
#   Section '.ignored' is unknown. Section ignored.
### mwldeppc.exe Linker Warning:
#   Section '.ignored' is unknown. Section ignored.
### mwldeppc.exe Linker Warning:
#   Section '.ignored' is unknown. Section ignored.
### mwldeppc.exe Linker Warning:
#   Section '.ignored' is unknown. Section ignored.
### mwldeppc.exe Linker Warning:
#   Section '.ignored' is unknown. Section ignored.
### mwldeppc.exe Linker Warning:
#   Section '.ignored' is unknown. Section ignored.
### mwldeppc.exe Linker Warning:
#   Section '.ignored' is unknown. Section ignored.
### mwldeppc.exe Linker Warning:
#   Section '.ignored' is unknown. Section ignored.
### mwldeppc.exe Linker Warning:
#   Section '.ignored' is unknown. Section ignored.
### mwldeppc.exe Linker Warning:
#   Section '.ignored' is unknown. Section ignored.
### mwldeppc.exe Linker Warning:
#   Section '.ignored' is unknown. Section ignored.
### mwldeppc.exe Linker Warning:
#   Section '.ignored' is unknown. Section ignored.
### mwldeppc.exe Linker Warning:
#   Section '.ignored' is unknown. Section ignored.
### mwldeppc.exe Linker Warning:
#   Section '.ignored' is unknown. Section ignored.
### mwldeppc.exe Linker Warning:
#   Section '.ignored' is unknown. Section ignored.
### mwldeppc.exe Linker Warning:
#   Section '.ignored' is unknown. Section ignored.
### mwldeppc.exe Linker Warning:
#   Section '.ignored' is unknown. Section ignored.
### mwldeppc.exe Linker Warning:
#   Section '.ignored' is unknown. Section ignored.
### mwldeppc.exe Linker Warning:
#   Section '.ignored' is unknown. Section ignored.
### mwldeppc.exe Linker Warning:
#   Section '.ignored' is unknown. Section ignored.
### mwldeppc.exe Linker Warning:
#   Section '.ignored' is unknown. Section ignored.
### mwldeppc.exe Linker Warning:
#   Section '.ignored' is unknown. Section ignored.
### mwldeppc.exe Linker Warning:
#   Section '.ignored' is unknown. Section ignored.
### mwldeppc.exe Linker Warning:
#   Section '.ignored' is unknown. Section ignored.
### mwldeppc.exe Linker Warning:
#   Section '.ignored' is unknown. Section ignored.
### mwldeppc.exe Linker Warning:
#   Section '.ignored' is unknown. Section ignored.
### mwldeppc.exe Linker Warning:
#   Section '.ignored' is unknown. Section ignored.
### mwldeppc.exe Linker Warning:
#   Section '.ignored' is unknown. Section ignored.
### mwldeppc.exe Linker Warning:
#   Section '.ignored' is unknown. Section ignored.
### mwldeppc.exe Linker Warning:
#   Section '.ignored' is unknown. Section ignored.
### mwldeppc.exe Linker Warning:
#   Section '.ignored' is unknown. Section ignored.
### mwldeppc.exe Linker Warning:
#   Section '.ignored' is unknown. Section ignored.
### mwldeppc.exe Linker Warning:
#   Section '.ignored' is unknown. Section ignored.
### mwldeppc.exe Linker Warning:
#   Section '.ignored' is unknown. Section ignored.
### mwldeppc.exe Linker Warning:
#   Section '.ignored' is unknown. Section ignored.
### mwldeppc.exe Linker Warning:
#   Section '.ignored' is unknown. Section ignored.
### mwldeppc.exe Linker Warning:
#   Section '.ignored' is unknown. Section ignored.
### mwldeppc.exe Linker Warning:
#   Section '.ignored' is unknown. Section ignored.
### mwldeppc.exe Linker Warning:
#   Section '.ignored' is unknown. Section ignored.
### mwldeppc.exe Linker Warning:
#   Section '.ignored' is unknown. Section ignored.
### mwldeppc.exe Linker Warning:
#   Section '.ignored' is unknown. Section ignored.
### mwldeppc.exe Linker Warning:
#   Section '.ignored' is unknown. Section ignored.
### mwldeppc.exe Linker Warning:
#   Section '.ignored' is unknown. Section ignored.
### mwldeppc.exe Linker Warning:
#   Section '.ignored' is unknown. Section ignored.
### mwldeppc.exe Linker Warning:
#   Section '.ignored' is unknown. Section ignored.
### mwldeppc.exe Linker Warning:
#   Section '.ignored' is unknown. Section ignored.
### mwldeppc.exe Linker Warning:
#   Section '.ignored' is unknown. Section ignored.
### mwldeppc.exe Linker Warning:
#   Section '.ignored' is unknown. Section ignored.
### mwldeppc.exe Linker Warning:
#   Section '.ignored' is unknown. Section ignored.
### mwldeppc.exe Linker Warning:
#   Section '.ignored' is unknown. Section ignored.
### mwldeppc.exe Linker Warning:
#   Section '.ignored' is unknown. Section ignored.
### mwldeppc.exe Linker Warning:
#   Section '.ignored' is unknown. Section ignored.
### mwldeppc.exe Linker Warning:
#   Section '.ignored' is unknown. Section ignored.
### mwldeppc.exe Linker Warning:
#   Section '.ignored' is unknown. Section ignored.
### mwldeppc.exe Linker Warning:
#   Section '.ignored' is unknown. Section ignored.
### mwldeppc.exe Linker Warning:
#   Section '.ignored' is unknown. Section ignored.
### mwldeppc.exe Linker Warning:
#   Section '.ignored' is unknown. Section ignored.
[952/953] DOL build/GEDE01/main.dol
