[1/1] RUN configure.py
[1/944] MWCC build/GEDE01/src/game/game_fn_800094C0.o
[2/944] MWCC build/GEDE01/src/game/game_fn_80008014.o
[3/944] MWCC build/GEDE01/src/game/game_fn_800098C0.o
[4/944] MWCC build/GEDE01/src/game/game_fn_800096E0.o
[5/944] MWCC build/GEDE01/src/game/game_fn_800099D8.o
[6/944] MWCC build/GEDE01/src/game/game_fn_80009AB4.o
[7/944] MWCC build/GEDE01/src/game/game_fn_8000AC88.o
[8/944] MWCC build/GEDE01/src/game/game_fn_8000A26C.o
[9/944] MWCC build/GEDE01/src/game/game_fn_8000AEB4.o
[10/944] MWCC build/GEDE01/src/game/game_fn_8000AFB4.o
[11/944] MWCC build/GEDE01/src/game/game_fn_8000B1B8.o
[12/944] MWCC build/GEDE01/src/game/game_fn_8000B36C.o
[13/944] MWCC build/GEDE01/src/game/game_fn_8000B7FC.o
[14/944] MWCC build/GEDE01/src/game/game_fn_8000B630.o
[15/944] MWCC build/GEDE01/src/game/game_fn_8000BA0C.o
[16/944] MWCC build/GEDE01/src/game/game_fn_8000B900.o
[17/944] MWCC build/GEDE01/src/game/game_fn_8000BAA0.o
[18/944] MWCC build/GEDE01/src/game/game_fn_8000BC40.o
[19/944] MWCC build/GEDE01/src/game/game_fn_8000C06C.o
[20/944] MWCC build/GEDE01/src/game/game_fn_8000C17C.o
[21/944] MWCC build/GEDE01/src/game/game_fn_8000C400.o
[22/944] MWCC build/GEDE01/src/game/game_fn_8000C848.o
[23/944] MWCC build/GEDE01/src/game/game_fn_8000C91C.o
[24/944] MWCC build/GEDE01/src/game/game_fn_8000D0BC.o
[25/944] MWCC build/GEDE01/src/game/game_fn_8000D3D4.o
[26/944] MWCC build/GEDE01/src/game/game_fn_8000D590.o
[27/944] MWCC build/GEDE01/src/game/game_fn_8000D8A4.o
[28/944] MWCC build/GEDE01/src/game/game_fn_8000DA50.o
[29/944] MWCC build/GEDE01/src/game/game_fn_8000E054.o
[30/944] MWCC build/GEDE01/src/game/game_fn_8000DAF4.o
[31/944] MWCC build/GEDE01/src/game/game_fn_8000E138.o
[32/944] MWCC build/GEDE01/src/game/game_fn_8000E0AC.o
[33/944] MWCC build/GEDE01/src/game/game_fn_8000E96C.o
[34/944] MWCC build/GEDE01/src/game/game_fn_8000E1C4.o
[35/944] MWCC build/GEDE01/src/game/game_fn_8000EB14.o
[36/944] MWCC build/GEDE01/src/game/game_fn_8000EBD4.o
[37/944] MWCC build/GEDE01/src/game/game_fn_8000ED44.o
[38/944] MWCC build/GEDE01/src/game/game_fn_8000EFC4.o
[39/944] MWCC build/GEDE01/src/game/game_fn_8000F4B0.o
[40/944] MWCC build/GEDE01/src/game/game_fn_8000F774.o
[41/944] MWCC build/GEDE01/src/game/game_fn_8000FDE8.o
[42/944] MWCC build/GEDE01/src/game/game_fn_8000FFD8.o
[43/944] MWCC build/GEDE01/src/game/game_fn_800119FC.o
[44/944] MWCC build/GEDE01/src/game/game_fn_80012DA8.o
[45/944] MWCC build/GEDE01/src/game/game_fn_80012F40.o
[46/944] MWCC build/GEDE01/src/game/game_fn_80012FD0.o
[47/944] MWCC build/GEDE01/src/game/game_fn_800131E8.o
[48/944] MWCC build/GEDE01/src/game/game_fn_80013340.o
[49/944] MWCC build/GEDE01/src/game/game_fn_80013870.o
[50/944] MWCC build/GEDE01/src/game/game_fn_80013CB0.o
[51/944] MWCC build/GEDE01/src/game/game_fn_80013D54.o
[52/944] MWCC build/GEDE01/src/game/game_fn_800142DC.o
[53/944] MWCC build/GEDE01/src/game/game_fn_800144CC.o
[54/944] MWCC build/GEDE01/src/game/game_fn_80014784.o
[55/944] MWCC build/GEDE01/src/game/game_fn_800149D4.o
[56/944] MWCC build/GEDE01/src/game/game_fn_80015058.o
[57/944] MWCC build/GEDE01/src/game/game_fn_80015320.o
[58/944] MWCC build/GEDE01/src/game/game_fn_80015568.o
[59/944] MWCC build/GEDE01/src/game/game_fn_800156FC.o
[60/944] MWCC build/GEDE01/src/game/game_fn_80015BE0.o
[61/944] MWCC build/GEDE01/src/game/game_fn_80015D40.o
[62/944] MWCC build/GEDE01/src/game/game_fn_80015F04.o
[63/944] MWCC build/GEDE01/src/game/game_fn_80016128.o
[64/944] MWCC build/GEDE01/src/game/game_fn_80016270.o
[65/944] MWCC build/GEDE01/src/game/game_fn_80016904.o
[66/944] MWCC build/GEDE01/src/game/game_fn_80016B24.o
[67/944] MWCC build/GEDE01/src/game/game_fn_800171C0.o
[68/944] MWCC build/GEDE01/src/game/game_fn_800173CC.o
[69/944] MWCC build/GEDE01/src/game/game_fn_800176F0.o
[70/944] MWCC build/GEDE01/src/game/game_fn_80017910.o
[71/944] MWCC build/GEDE01/src/game/game_fn_800179AC.o
[72/944] MWCC build/GEDE01/src/game/game_fn_80017A3C.o
[73/944] MWCC build/GEDE01/src/game/game_fn_80017AE4.o
[74/944] MWCC build/GEDE01/src/game/game_fn_80017C3C.o
[75/944] MWCC build/GEDE01/src/game/game_fn_80017CC8.o
[76/944] MWCC build/GEDE01/src/game/game_fn_80017DB0.o
[77/944] MWCC build/GEDE01/src/game/game_fn_80019054.o
[78/944] MWCC build/GEDE01/src/game/game_fn_80018EF4.o
[79/944] MWCC build/GEDE01/src/game/game_fn_80019244.o
[80/944] MWCC build/GEDE01/src/game/game_fn_800194D0.o
[81/944] MWCC build/GEDE01/src/game/game_fn_80019C10.o
[82/944] MWCC build/GEDE01/src/game/game_fn_80019940.o
[83/944] MWCC build/GEDE01/src/game/game_fn_80019D2C.o
[84/944] MWCC build/GEDE01/src/game/game_fn_80019F98.o
[85/944] MWCC build/GEDE01/src/game/game_fn_8001AAB8.o
[86/944] MWCC build/GEDE01/src/game/game_fn_8001A6C4.o
[87/944] MWCC build/GEDE01/src/game/game_fn_8001AF68.o
[88/944] MWCC build/GEDE01/src/game/game_fn_8001ADF8.o
[89/944] MWCC build/GEDE01/src/game/game_fn_8001B124.o
[90/944] MWCC build/GEDE01/src/game/game_fn_8001B294.o
[91/944] MWCC build/GEDE01/src/game/game_fn_8001B808.o
[92/944] MWCC build/GEDE01/src/game/game_fn_8001B874.o
[93/944] MWCC build/GEDE01/src/game/game_fn_8001C078.o
[94/944] MWCC build/GEDE01/src/game/game_fn_8001CA04.o
[95/944] MWCC build/GEDE01/src/game/game_fn_8001CD58.o
[96/944] MWCC build/GEDE01/src/game/game_fn_8001CE94.o
[97/944] MWCC build/GEDE01/src/game/game_fn_8001E644.o
[98/944] MWCC build/GEDE01/src/game/game_fn_8001FE1C.o
[99/944] MWCC build/GEDE01/src/game/game_fn_80020E94.o
[100/944] MWCC build/GEDE01/src/game/game_fn_80024F28.o
[101/944] MWCC build/GEDE01/src/game/game_fn_800272B4.o
[102/944] MWCC build/GEDE01/src/game/game_fn_8002B748.o
[103/944] MWCC build/GEDE01/src/game/game_fn_8002DAE0.o
[104/944] MWCC build/GEDE01/src/game/game_fn_8002E3F0.o
[105/944] MWCC build/GEDE01/src/game/game_fn_8002EA68.o
[106/944] MWCC build/GEDE01/src/game/game_fn_8002F428.o
[107/944] MWCC build/GEDE01/src/game/game_fn_80031544.o
[108/944] MWCC build/GEDE01/src/game/game_fn_8003232C.o
[109/944] MWCC build/GEDE01/src/game/game_fn_80032B84.o
[110/944] MWCC build/GEDE01/src/game/game_fn_80033038.o
[111/944] MWCC build/GEDE01/src/game/game_fn_80033180.o
[112/944] MWCC build/GEDE01/src/game/game_fn_800359A0.o
[113/944] MWCC build/GEDE01/src/game/game_fn_800361F8.o
[114/944] MWCC build/GEDE01/src/game/game_fn_80036C40.o
[115/944] MWCC build/GEDE01/src/game/game_fn_80038878.o
[116/944] MWCC build/GEDE01/src/game/game_fn_80048ADC.o
[117/944] MWCC build/GEDE01/src/game/game_fn_80048B24.o
[118/944] MWCC build/GEDE01/src/game/game_fn_8004998C.o
[119/944] MWCC build/GEDE01/src/game/game_fn_80052310.o
[120/944] MWCC build/GEDE01/src/game/game_fn_80050B08.o
[121/944] MWCC build/GEDE01/src/game/game_fn_800542D0.o
[122/944] MWCC build/GEDE01/src/game/game_fn_8005EC6C.o
[123/944] MWCC build/GEDE01/src/game/game_fn_8005EE9C.o
[124/944] MWCC build/GEDE01/src/game/game_fn_8005EF94.o
[125/944] MWCC build/GEDE01/src/game/game_data_80239E10.o
[126/944] MWCC build/GEDE01/src/game/game_data_80239E18.o
[127/944] MWCC build/GEDE01/src/game/game_fn_8005FD84.o
[128/944] MWCC build/GEDE01/src/game/game_fn_80066888.o
[129/944] MWCC build/GEDE01/src/game/game_fn_80066E78.o
[130/944] MWCC build/GEDE01/src/game/game_fn_8006B0F0.o
[131/944] MWCC build/GEDE01/src/game/game_fn_8006B620.o
[132/944] MWCC build/GEDE01/src/game/game_fn_8006E53C.o
[133/944] MWCC build/GEDE01/src/game/game_fn_80071A58.o
[134/944] MWCC build/GEDE01/src/game/game_fn_80074310.o
[135/944] MWCC build/GEDE01/src/game/game_fn_80078500.o
[136/944] MWCC build/GEDE01/src/game/game_fn_80079908.o
[137/944] MWCC build/GEDE01/src/game/game_fn_80079AA4.o
[138/944] MWCC build/GEDE01/src/game/game_fn_8007B2F4.o
[139/944] MWCC build/GEDE01/src/game/game_fn_8007B540.o
[140/944] MWCC build/GEDE01/src/game/game_fn_8007B640.o
[141/944] MWCC build/GEDE01/src/game/game_fn_8007B828.o
[142/944] MWCC build/GEDE01/src/game/game_fn_8007BA3C.o
[143/944] MWCC build/GEDE01/src/game/game_fn_8007D4D8.o
[144/944] MWCC build/GEDE01/src/game/game_fn_8007F770.o
[145/944] MWCC build/GEDE01/src/game/game_fn_800886D8.o
[146/944] MWCC build/GEDE01/src/game/game_fn_80088F4C.o
[147/944] MWCC build/GEDE01/src/game/game_fn_80089A34.o
[148/944] MWCC build/GEDE01/src/game/game_fn_8008A2E0.o
[149/944] MWCC build/GEDE01/src/game/game_fn_8008F224.o
[150/944] MWCC build/GEDE01/src/game/game_fn_8008F890.o
[151/944] MWCC build/GEDE01/src/game/game_fn_80090004.o
[152/944] MWCC build/GEDE01/src/game/game_fn_800934A0.o
[153/944] MWCC build/GEDE01/src/game/game_fn_80095D10.o
[154/944] MWCC build/GEDE01/src/game/game_fn_80095E64.o
[155/944] MWCC build/GEDE01/src/game/game_fn_80095FDC.o
[156/944] MWCC build/GEDE01/src/game/game_fn_80096830.o
[157/944] MWCC build/GEDE01/src/game/game_fn_8009C424.o
[158/944] MWCC build/GEDE01/src/game/game_fn_8009E808.o
[159/944] MWCC build/GEDE01/src/game/game_fn_800A2B8C.o
[160/944] MWCC build/GEDE01/src/game/game_fn_800A2130.o
[161/944] MWCC build/GEDE01/src/game/game_fn_800A2FCC.o
[162/944] MWCC build/GEDE01/src/game/game_fn_800A3180.o
[163/944] MWCC build/GEDE01/src/game/game_fn_800A4428.o
[164/944] MWCC build/GEDE01/src/game/game_fn_800A3894.o
[165/944] MWCC build/GEDE01/src/game/game_fn_800A7E88.o
[166/944] MWCC build/GEDE01/src/game/game_fn_800A4798.o
[167/944] MWCC build/GEDE01/src/game/game_fn_800B2EC0.o
[168/944] MWCC build/GEDE01/src/game/game_fn_800AF230.o
[169/944] MWCC build/GEDE01/src/game/game_fn_800BB5C4.o
[170/944] MWCC build/GEDE01/src/game/game_fn_800BB7A8.o
[171/944] MWCC build/GEDE01/src/game/game_fn_800BB9A4.o
[172/944] MWCC build/GEDE01/src/game/game_fn_800BBAF0.o
[173/944] MWCC build/GEDE01/src/game/game_fn_800C030C.o
[174/944] MWCC build/GEDE01/src/game/game_fn_800C17EC.o
[175/944] MWCC build/GEDE01/src/game/game_fn_800C59F0.o
[176/944] MWCC build/GEDE01/src/game/game_fn_800C644C.o
[177/944] MWCC build/GEDE01/src/game/game_fn_800C65FC.o
[178/944] MWCC build/GEDE01/src/game/game_fn_800C9C60.o
[179/944] MWCC build/GEDE01/src/game/game_fn_800CB760.o
[180/944] MWCC build/GEDE01/src/game/game_fn_800CB8F4.o
[181/944] MWCC build/GEDE01/src/game/game_fn_800D9064.o
[182/944] MWCC build/GEDE01/src/game/game_fn_800CF598.o
[183/944] MWCC build/GEDE01/src/game/game_fn_800D9E10.o
[184/944] MWCC build/GEDE01/src/game/game_fn_800DC4D4.o
[185/944] MWCC build/GEDE01/src/game/game_fn_800E4980.o
[186/944] MWCC build/GEDE01/src/game/game_TRKNubWelcome.o
[187/944] MWCC build/GEDE01/src/game/game_TRK_main.o
[188/944] MWCC build/GEDE01/src/game/game_InitMetroTRKCommTable.o
[189/944] MWCC build/GEDE01/src/game/game_fn_800FD0C8.o
[190/944] MWCC build/GEDE01/src/game/game_fn_8010242C.o
[191/944] MWCC build/GEDE01/src/game/game_fn_801098C0.o
[192/944] MWCC build/GEDE01/src/game/game_fn_8010F184.o
[193/944] MWCC build/GEDE01/src/game/game_fn_801128E4.o
[194/944] MWCC build/GEDE01/src/game/game_fn_801126E0.o
[195/944] MWCC build/GEDE01/src/game/game_fn_80119C70.o
[196/944] MWCC build/GEDE01/src/game/game_fn_801141B8.o
[197/944] MWCC build/GEDE01/src/game/game_fn_8011F140.o
[198/944] MWCC build/GEDE01/src/game/game_fn_801247F8.o
[199/944] MWCC build/GEDE01/src/game/game_fn_80126A00.o
[200/944] MWCC build/GEDE01/src/game/game_fn_8012976C.o
[201/944] MWCC build/GEDE01/src/game/game_fn_8012DB28.o
[202/944] MWCC build/GEDE01/src/game/game_fn_8013CBE4.o
[203/944] MWCC build/GEDE01/src/game/game_fn_8013D6A4.o
[204/944] MWCC build/GEDE01/src/game/game_fn_8013DB8C.o
[205/944] MWCC build/GEDE01/src/game/game_fn_8014549C.o
[206/944] MWCC build/GEDE01/src/game/game_fn_8014AF38.o
[207/944] MWCC build/GEDE01/src/game/game_fn_8014B494.o
[208/944] MWCC build/GEDE01/src/game/game_fn_8014BA14.o
[209/944] MWCC build/GEDE01/src/game/game_fn_8014CA98.o
[210/944] MWCC build/GEDE01/src/game/game_fn_80150A24.o
[211/944] MWCC build/GEDE01/src/game/game_fn_801535D8.o
[212/944] MWCC build/GEDE01/src/game/game_fn_80153898.o
[213/944] MWCC build/GEDE01/src/game/game_fn_80153A24.o
[214/944] MWCC build/GEDE01/src/game/game_fn_80154F74.o
[215/944] MWCC build/GEDE01/src/game/game_fn_80155814.o
[216/944] MWCC build/GEDE01/src/game/game_fn_80157C0C.o
[217/944] MWCC build/GEDE01/src/game/game_fn_80158B20.o
[218/944] MWCC build/GEDE01/src/game/game_fn_80158D38.o
[219/944] MWCC build/GEDE01/src/game/game_fn_8015DB84.o
[220/944] MWCC build/GEDE01/src/game/game_fn_8015DC54.o
[221/944] MWCC build/GEDE01/src/game/game_fn_8015EDC0.o
[222/944] MWCC build/GEDE01/src/game/game_fn_80167454.o
[223/944] MWCC build/GEDE01/src/game/game_fn_80167B5C.o
[224/944] MWCC build/GEDE01/src/game/game_fn_80169650.o
[225/944] MWCC build/GEDE01/src/game/game_fn_8016BD0C.o
[226/944] MWCC build/GEDE01/src/game/game_fn_8016BE1C.o
[227/944] MWCC build/GEDE01/src/game/game_fn_8016BF60.o
[228/944] MWCC build/GEDE01/src/game/game_fn_8016C0BC.o
[229/944] MWCC build/GEDE01/src/game/game_fn_8016C164.o
[230/944] MWCC build/GEDE01/src/game/game_fn_8016C238.o
[231/944] MWCC build/GEDE01/src/game/game_fn_8016C4BC.o
[232/944] MWCC build/GEDE01/src/game/game_fn_8016C774.o
[233/944] MWCC build/GEDE01/src/game/game_fn_8016D040.o
[234/944] MWCC build/GEDE01/src/game/game_fn_8016D1F8.o
[235/944] MWCC build/GEDE01/src/game/game_fn_8016D9C0.o
[236/944] MWCC build/GEDE01/src/game/game_fn_8016D2B8.o
[237/944] MWCC build/GEDE01/src/game/game_fn_8016DF4C.o
[238/944] MWCC build/GEDE01/src/game/game_fn_8016E8F8.o
[239/944] MWCC build/GEDE01/src/game/game_fn_8016FEF8.o
[240/944] MWCC build/GEDE01/src/game/game_fn_8017038C.o
[241/944] MWCC build/GEDE01/src/game/game_fn_801704F8.o
[242/944] MWCC build/GEDE01/src/game/game_fn_801706DC.o
[243/944] MWCC build/GEDE01/src/game/game_fn_80170A40.o
[244/944] MWCC build/GEDE01/src/game/game_fn_80170DF4.o
[245/944] MWCC build/GEDE01/src/game/game_fn_80170E9C.o
[246/944] MWCC build/GEDE01/src/game/game_fn_8017138C.o
[247/944] MWCC build/GEDE01/src/game/game_fn_80171664.o
[248/944] MWCC build/GEDE01/src/game/game_fn_801718F4.o
[249/944] MWCC build/GEDE01/src/game/game_fn_80171F30.o
[250/944] MWCC build/GEDE01/src/game/game_fn_801719B4.o
[251/944] MWCC build/GEDE01/src/game/game_fn_801726EC.o
[252/944] MWCC build/GEDE01/src/game/game_fn_8017250C.o
[253/944] MWCC build/GEDE01/src/game/game_fn_80172BB0.o
[254/944] MWCC build/GEDE01/src/game/game_fn_80172C78.o
[255/944] MWCC build/GEDE01/src/game/game_fn_80172DB8.o
[256/944] MWCC build/GEDE01/src/game/game_fn_80173270.o
[257/944] MWCC build/GEDE01/src/game/game_fn_801734B4.o
[258/944] MWCC build/GEDE01/src/game/game_fn_80173770.o
[259/944] MWCC build/GEDE01/src/game/game_fn_80173BDC.o
[260/944] MWCC build/GEDE01/src/game/game_fn_80173D44.o
[261/944] MWCC build/GEDE01/src/game/game_fn_80173F04.o
[262/944] MWCC build/GEDE01/src/game/game_fn_80174184.o
[263/944] MWCC build/GEDE01/src/game/game_fn_80174F2C.o
[264/944] MWCC build/GEDE01/src/game/game_fn_80174358.o
[265/944] MWCC build/GEDE01/src/game/game_fn_8017553C.o
[266/944] MWCC build/GEDE01/src/game/game_fn_801752B0.o
[267/944] MWCC build/GEDE01/src/game/game_fn_80175A08.o
[268/944] MWCC build/GEDE01/src/game/game_fn_80175E64.o
[269/944] MWCC build/GEDE01/src/game/game_fn_80175F0C.o
[270/944] MWCC build/GEDE01/src/game/game_fn_80175FD4.o
[271/944] MWCC build/GEDE01/src/game/game_fn_80176098.o
[272/944] MWCC build/GEDE01/src/game/game_fn_80176160.o
[273/944] MWCC build/GEDE01/src/game/game_fn_80176220.o
[274/944] MWCC build/GEDE01/src/game/game_fn_801762E8.o
[275/944] MWCC build/GEDE01/src/game/game_fn_8017652C.o
[276/944] MWCC build/GEDE01/src/game/game_fn_80176DF4.o
[277/944] MWCC build/GEDE01/src/game/game_fn_80176FA0.o
[278/944] MWCC build/GEDE01/src/game/game_fn_801770F8.o
[279/944] MWCC build/GEDE01/src/game/game_fn_8017718C.o
[280/944] MWCC build/GEDE01/src/game/game_fn_80177434.o
[281/944] MWCC build/GEDE01/src/game/game_fn_80178F88.o
[282/944] MWCC build/GEDE01/src/game/game_fn_80179398.o
[283/944] MWCC build/GEDE01/src/game/game_fn_8017960C.o
[284/944] MWCC build/GEDE01/src/game/game_fn_8017974C.o
[285/944] MWCC build/GEDE01/src/game/game_fn_80179904.o
[286/944] MWCC build/GEDE01/src/game/game_fn_80179A18.o
[287/944] MWCC build/GEDE01/src/game/game_fn_80179A74.o
[288/944] MWCC build/GEDE01/src/game/game_fn_80179EB8.o
[289/944] MWCC build/GEDE01/src/game/game_fn_80179F20.o
[290/944] MWCC build/GEDE01/src/game/game_fn_8017A010.o
[291/944] MWCC build/GEDE01/src/game/game_fn_8017A12C.o
[292/944] MWCC build/GEDE01/src/game/game_fn_8017A1C0.o
[293/944] MWCC build/GEDE01/src/game/game_fn_8017A9B8.o
[294/944] MWCC build/GEDE01/src/game/game_fn_8017AC20.o
[295/944] MWCC build/GEDE01/src/game/game_fn_8017E850.o
[296/944] MWCC build/GEDE01/src/game/game_fn_8017E958.o
[297/944] MWCC build/GEDE01/src/game/game_fn_80180DDC.o
[298/944] MWCC build/GEDE01/src/game/game_fn_801810A0.o
[299/944] MWCC build/GEDE01/src/game/game_fn_801816D4.o
[300/944] MWCC build/GEDE01/src/game/game_fn_801857B4.o
[301/944] MWCC build/GEDE01/src/game/game_fn_801859FC.o
[302/944] MWCC build/GEDE01/src/game/game_fn_80185AE8.o
[303/944] MWCC build/GEDE01/src/game/game_fn_80185F10.o
[304/944] MWCC build/GEDE01/src/game/game_fn_801865EC.o
[305/944] MWCC build/GEDE01/src/game/game_fn_801861C4.o
[306/944] MWCC build/GEDE01/src/game/game_fn_8018680C.o
[307/944] MWCC build/GEDE01/src/game/game_fn_80186E10.o
[308/944] MWCC build/GEDE01/src/game/game_fn_80186F70.o
[309/944] MWCC build/GEDE01/src/game/game_fn_80187120.o
[310/944] MWCC build/GEDE01/src/game/game_fn_80187320.o
[311/944] MWCC build/GEDE01/src/game/game_fn_801875FC.o
[312/944] MWCC build/GEDE01/src/game/game_fn_801878E0.o
[313/944] MWCC build/GEDE01/src/game/game_fn_80187BB4.o
[314/944] MWCC build/GEDE01/src/game/game_fn_80187E40.o
[315/944] MWCC build/GEDE01/src/game/game_fn_80188A7C.o
[316/944] MWCC build/GEDE01/src/game/game_fn_80188B44.o
[317/944] MWCC build/GEDE01/src/game/game_fn_80188C1C.o
[318/944] MWCC build/GEDE01/src/game/game_fn_80188E28.o
[319/944] MWCC build/GEDE01/src/game/game_fn_80189028.o
[320/944] MWCC build/GEDE01/src/game/game_fn_801891D8.o
[321/944] MWCC build/GEDE01/src/game/game_fn_80189390.o
[322/944] MWCC build/GEDE01/src/game/game_fn_801895E8.o
[323/944] MWCC build/GEDE01/src/game/game_fn_801896A0.o
[324/944] MWCC build/GEDE01/src/game/game_fn_80189760.o
[325/944] MWCC build/GEDE01/src/game/game_fn_80189968.o
[326/944] MWCC build/GEDE01/src/game/game_fn_8018C2D0.o
[327/944] MWCC build/GEDE01/src/game/game_fn_80189C14.o
[328/944] MWCC build/GEDE01/src/game/game_fn_8018D1F0.o
[329/944] MWCC build/GEDE01/src/game/game_fn_8018D2E0.o
[330/944] MWCC build/GEDE01/src/game/game_fn_8018D400.o
[331/944] MWCC build/GEDE01/src/game/game_fn_8018D688.o
[332/944] MWCC build/GEDE01/src/game/game_fn_8018E0D8.o
[333/944] MWCC build/GEDE01/src/game/game_fn_8018DC24.o
[334/944] MWCC build/GEDE01/src/game/game_fn_8018F1D0.o
[335/944] MWCC build/GEDE01/src/game/game_fn_8018F81C.o
[336/944] MWCC build/GEDE01/src/game/game_fn_8018FEDC.o
[337/944] MWCC build/GEDE01/src/game/game_fn_8019120C.o
[338/944] MWCC build/GEDE01/src/game/game_fn_80191360.o
[339/944] MWCC build/GEDE01/src/game/game_fn_801916D0.o
[340/944] MWCC build/GEDE01/src/game/game_fn_8019197C.o
[341/944] MWCC build/GEDE01/src/game/game_fn_80191F58.o
[342/944] MWCC build/GEDE01/src/game/game_fn_801926EC.o
[343/944] MWCC build/GEDE01/src/game/game_fn_801929A4.o
[344/944] MWCC build/GEDE01/src/game/game_fn_80192F54.o
[345/944] MWCC build/GEDE01/src/game/game_fn_801931C4.o
[346/944] MWCC build/GEDE01/src/game/game_fn_80193E1C.o
[347/944] MWCC build/GEDE01/src/game/game_fn_80193F3C.o
[348/944] MWCC build/GEDE01/src/game/game_fn_80194F80.o
[349/944] MWCC build/GEDE01/src/game/game_fn_801952E8.o
[350/944] MWCC build/GEDE01/src/game/game_fn_80197910.o
[351/944] MWCC build/GEDE01/src/game/game_fn_80198154.o
[352/944] MWCC build/GEDE01/src/game/game_fn_80198AAC.o
[353/944] MWCC build/GEDE01/src/game/game_fn_80198BF4.o
[354/944] MWCC build/GEDE01/src/game/game_fn_801991E0.o
[355/944] MWCC build/GEDE01/src/game/game_fn_8019B1BC.o
[356/944] MWCC build/GEDE01/src/game/game_fn_8019CC28.o
[357/944] MWCC build/GEDE01/src/game/game_fn_8019CFC4.o
[358/944] MWCC build/GEDE01/src/game/game_fn_8019E5E4.o
[359/944] MWCC build/GEDE01/src/game/game_fn_8019E8C8.o
[360/944] MWCC build/GEDE01/src/game/game_fn_801A1F18.o
[361/944] MWCC build/GEDE01/src/game/game_fn_801A1F8C.o
[362/944] MWCC build/GEDE01/src/game/game_fn_801A2A54.o
[363/944] MWCC build/GEDE01/src/game/game_fn_801A34BC.o
[364/944] MWCC build/GEDE01/src/game/game_fn_801A3A78.o
[365/944] MWCC build/GEDE01/src/game/game_fn_801A4430.o
[366/944] MWCC build/GEDE01/src/game/game_fn_801A4CE0.o
[367/944] MWCC build/GEDE01/src/game/game_fn_801A5FB0.o
[368/944] MWCC build/GEDE01/src/game/game_fn_801A6350.o
[369/944] MWCC build/GEDE01/src/game/game_fn_801A6410.o
[370/944] MWCC build/GEDE01/src/game/game_fn_801A657C.o
[371/944] MWCC build/GEDE01/src/game/game_fn_801A6ADC.o
[372/944] MWCC build/GEDE01/src/game/game_fn_801A6C58.o
[373/944] MWCC build/GEDE01/src/game/game_fn_801A6CB4.o
[374/944] MWCC build/GEDE01/src/game/game_fn_801A7E04.o
[375/944] MWCC build/GEDE01/src/game/game_fn_801A7EA8.o
[376/944] MWCC build/GEDE01/src/game/game_fn_801A93E8.o
[377/944] MWCC build/GEDE01/src/game/game_fn_801AB154.o
[378/944] MWCC build/GEDE01/src/game/game_fn_801ABD3C.o
[379/944] MWCC build/GEDE01/src/game/game_fn_801AC8AC.o
[380/944] MWCC build/GEDE01/src/game/game_fn_801ACFE8.o
[381/944] MWCC build/GEDE01/src/game/game_fn_801AD08C.o
[382/944] MWCC build/GEDE01/src/game/game_fn_801AFA74.o
[383/944] MWCC build/GEDE01/src/game/game_fn_801B02F0.o
[384/944] MWCC build/GEDE01/src/game/game_fn_801B1BA0.o
[385/944] MWCC build/GEDE01/src/game/game_fn_801B35BC.o
[386/944] MWCC build/GEDE01/src/game/game_fn_801B46C8.o
[387/944] MWCC build/GEDE01/src/game/game_fn_801B4FB4.o
[388/944] MWCC build/GEDE01/src/game/game_fn_801B5228.o
[389/944] MWCC build/GEDE01/src/game/game_fn_801B58F0.o
[390/944] MWCC build/GEDE01/src/game/game_fn_801B6F1C.o
[391/944] MWCC build/GEDE01/src/game/game_fn_801B86C0.o
[392/944] MWCC build/GEDE01/src/game/game_fn_801B941C.o
[393/944] MWCC build/GEDE01/src/game/game_fn_801B9E7C.o
[394/944] MWCC build/GEDE01/src/game/game_fn_801BA15C.o
[395/944] MWCC build/GEDE01/src/game/game_fn_801BA708.o
[396/944] MWCC build/GEDE01/src/game/game_fn_801BA94C.o
[397/944] MWCC build/GEDE01/src/game/game_fn_801BB1A0.o
[398/944] MWCC build/GEDE01/src/game/game_fn_801BC0D4.o
[399/944] MWCC build/GEDE01/src/game/game_fn_801BC240.o
[400/944] MWCC build/GEDE01/src/game/game_fn_801BC8F4.o
[401/944] MWCC build/GEDE01/src/game/game_fn_801BCC04.o
[402/944] MWCC build/GEDE01/src/game/game_fn_801BD990.o
[403/944] MWCC build/GEDE01/src/game/game_fn_801BDE7C.o
[404/944] MWCC build/GEDE01/src/game/game_fn_801BE0D4.o
[405/944] MWCC build/GEDE01/src/game/game_fn_801BEF40.o
[406/944] MWCC build/GEDE01/src/game/game_fn_801C1CB0.o
[407/944] MWCC build/GEDE01/src/game/game_fn_801C2980.o
[408/944] MWCC build/GEDE01/src/game/game_fn_801C29BC.o
[409/944] MWCC build/GEDE01/src/game/game_fn_801C2AAC.o
[410/944] MWCC build/GEDE01/src/game/game_fn_801C2D9C.o
[411/944] MWCC build/GEDE01/src/game/game_fn_801C8160.o
[412/944] MWCC build/GEDE01/src/game/game_fn_801C8224.o
[413/944] MWCC build/GEDE01/src/game/game_fn_801C8600.o
[414/944] MWCC build/GEDE01/src/game/game_fn_801C4B5C.o
[415/944] MWCC build/GEDE01/src/game/game_fn_801C8CC0.o
[416/944] MWCC build/GEDE01/src/game/game_fn_801C87DC.o
[417/944] MWCC build/GEDE01/src/game/game_fn_801C90A4.o
[418/944] MWCC build/GEDE01/src/game/game_fn_801C8F50.o
[419/944] MWCC build/GEDE01/src/game/game_fn_801C9510.o
[420/944] MWCC build/GEDE01/src/game/game_fn_801C970C.o
[421/944] MWCC build/GEDE01/src/game/game_fn_801C9A08.o
[422/944] MWCC build/GEDE01/src/game/game_fn_801C9B1C.o
[423/944] MWCC build/GEDE01/src/game/game_fn_801CB4F8.o
[424/944] MWCC build/GEDE01/src/game/game_fn_801CD228.o
[425/944] MWCC build/GEDE01/src/game/game_fn_801CE09C.o
[426/944] MWCC build/GEDE01/src/game/game_fn_801CE594.o
[427/944] MWCC build/GEDE01/src/game/game_fn_801D1B10.o
[428/944] MWCC build/GEDE01/src/game/game_fn_801D1F78.o
[429/944] MWCC build/GEDE01/src/game/game_fn_801D3988.o
[430/944] MWCC build/GEDE01/src/game/game_fn_801D73D0.o
[431/944] MWCC build/GEDE01/src/game/game_fn_801D76A8.o
[432/944] MWCC build/GEDE01/src/game/game_fn_801D7C24.o
[433/944] MWCC build/GEDE01/src/game/game_fn_801D8050.o
[434/944] MWCC build/GEDE01/src/game/game_fn_801D9FE4.o
[435/944] MWCC build/GEDE01/src/game/game_fn_801DDB84.o
[436/944] MWCC build/GEDE01/src/game/game_fn_801DE8B4.o
[437/944] MWCC build/GEDE01/src/game/game_fn_801E2A48.o
[438/944] MWCC build/GEDE01/src/game/game_fn_801E41AC.o
[439/944] MWCC build/GEDE01/src/game/game_fn_801E504C.o
[440/944] MWCC build/GEDE01/src/game/game_fn_801E6814.o
[441/944] MWCC build/GEDE01/src/game/game_fn_801E7014.o
[442/944] MWCC build/GEDE01/src/game/game_fn_801E995C.o
[443/944] MWCC build/GEDE01/src/game/game_fn_801EAA04.o
[444/944] MWCC build/GEDE01/src/game/game_fn_801EB09C.o
[445/944] MWCC build/GEDE01/src/game/game_fn_801EB11C.o
[446/944] MWCC build/GEDE01/src/game/game_fn_801ECD74.o
[447/944] MWCC build/GEDE01/src/game/game_fn_801ECF50.o
[448/944] MWCC build/GEDE01/src/game/game_fn_801ED5F4.o
[449/944] MWCC build/GEDE01/src/game/game_fn_801EF580.o
[450/944] MWCC build/GEDE01/src/game/game_fn_801EF910.o
[451/944] MWCC build/GEDE01/src/game/game_fn_801F0CB0.o
[452/944] MWCC build/GEDE01/src/game/game_fn_801F10BC.o
[453/944] MWCC build/GEDE01/src/game/game_fn_801F1A38.o
[454/944] MWCC build/GEDE01/src/game/game_fn_801F35A8.o
[455/944] MWCC build/GEDE01/src/game/game_fn_801F55A0.o
[456/944] MWCC build/GEDE01/src/game/game_fn_801F69F0.o
[457/944] MWCC build/GEDE01/src/game/game_fn_801F6BD8.o
[458/944] MWCC build/GEDE01/src/game/game_fn_801F7510.o
[459/944] MWCC build/GEDE01/src/game/game_fn_801F76EC.o
[460/944] MWCC build/GEDE01/src/game/game_fn_801F8264.o
[461/944] MWCC build/GEDE01/src/game/game_fn_801F89B4.o
[462/944] MWCC build/GEDE01/src/game/game_fn_801F8FAC.o
[463/944] MWCC build/GEDE01/src/game/game_fn_801F9AF8.o
[464/944] MWCC build/GEDE01/src/game/game_fn_801F9CF4.o
[465/944] MWCC build/GEDE01/src/game/game_fn_801FA9C8.o
[466/944] MWCC build/GEDE01/src/game/game_fn_801FB6A4.o
[467/944] MWCC build/GEDE01/src/game/game_fn_801FC034.o
[468/944] MWCC build/GEDE01/src/game/game_fn_801FC204.o
[469/944] MWCC build/GEDE01/src/game/game_fn_801FFE78.o
[470/944] EXTERNALIZE build/GEDE01/src/game/game_fn_800A2B8C.o
[471/944] EXTERNALIZE build/GEDE01/src/game/game_fn_801857B4.o
[472/944] EXTERNALIZE build/GEDE01/src/game/game_fn_800DC4D4.o
[473/944] EXTERNALIZE build/GEDE01/src/game/game_fn_80119C70.o
[474/944] EXTERNALIZE build/GEDE01/src/game/game_fn_80175A08.o
[475/944] EXTERNALIZE build/GEDE01/src/game/game_fn_80066E78.o
[476/944] EXTERNALIZE build/GEDE01/src/game/game_fn_801247F8.o
[477/944] EXTERNALIZE build/GEDE01/src/game/game_fn_801EF910.o
[478/944] EXTERNALIZE build/GEDE01/src/game/game_fn_801ECF50.o
[479/944] EXTERNALIZE build/GEDE01/src/game/game_fn_801FC204.o
[480/944] EXTERNALIZE build/GEDE01/src/game/game_fn_801EB09C.o
[481/944] EXTERNALIZE JUMPTABLES build/GEDE01/src/game/game_fn_80050B08.o
[482/944] EXTERNALIZE build/GEDE01/src/game/game_fn_801EB11C.o
[483/944] EXTERNALIZE build/GEDE01/src/game/game_fn_801D9FE4.o
[484/944] EXTERNALIZE build/GEDE01/src/game/game_fn_801E41AC.o
[485/944] EXTERNALIZE build/GEDE01/src/game/game_fn_801D73D0.o
[486/944] EXTERNALIZE build/GEDE01/src/game/game_fn_801D76A8.o
[487/944] EXTERNALIZE build/GEDE01/src/game/game_fn_801D8050.o
[488/944] EXTERNALIZE build/GEDE01/src/game/game_fn_801D7C24.o
[489/944] EXTERNALIZE build/GEDE01/src/game/game_fn_8019B1BC.o
[490/944] EXTERNALIZE build/GEDE01/src/game/game_fn_80178F88.o
[491/944] EXTERNALIZE build/GEDE01/src/game/game_fn_801CD228.o
[492/944] EXTERNALIZE build/GEDE01/src/game/game_fn_801C970C.o
[493/944] EXTERNALIZE build/GEDE01/src/game/game_fn_801BA15C.o
[494/944] EXTERNALIZE build/GEDE01/src/game/game_fn_801C9510.o
[495/944] EXTERNALIZE build/GEDE01/src/game/game_fn_80126A00.o
[496/944] EXTERNALIZE build/GEDE01/src/game/game_fn_8013D6A4.o
[497/944] EXTERNALIZE build/GEDE01/src/game/game_fn_800C9C60.o
[498/944] EXTERNALIZE build/GEDE01/src/game/game_fn_801B5228.o
[499/944] EXTERNALIZE build/GEDE01/src/game/game_fn_801B4FB4.o
[500/944] EXTERNALIZE build/GEDE01/src/game/game_fn_801C87DC.o
[501/944] EXTERNALIZE build/GEDE01/src/game/game_fn_801B6F1C.o
[502/944] EXTERNALIZE build/GEDE01/src/game/game_fn_801C8CC0.o
[503/944] EXTERNALIZE build/GEDE01/src/game/game_fn_800FD0C8.o
[504/944] EXTERNALIZE build/GEDE01/src/game/game_fn_801BDE7C.o
[505/944] EXTERNALIZE build/GEDE01/src/game/game_fn_801BE0D4.o
[506/944] EXTERNALIZE STATIC POOL build/GEDE01/src/game/game_fn_801C9A08.o
build/GEDE01/src/game/game_fn_801C9A08.o: lbl_80629390 now undefined; section 3 emptied
[507/944] EXTERNALIZE STATIC POOL build/GEDE01/src/game/game_fn_801C9B1C.o
build/GEDE01/src/game/game_fn_801C9B1C.o: lbl_80629390 now undefined; section 3 emptied
[508/944] EXTERNALIZE build/GEDE01/src/game/game_fn_801B941C.o
[509/944] EXTERNALIZE STATIC POOL build/GEDE01/src/game/game_fn_801BD990.o
build/GEDE01/src/game/game_fn_801BD990.o: lbl_80626D80 now undefined; section 6 emptied
[510/944] EXTERNALIZE STATIC POOL build/GEDE01/src/game/game_fn_801B58F0.o
build/GEDE01/src/game/game_fn_801B58F0.o: lbl_8060C020 now undefined; section 3 emptied
[511/944] EXTERNALIZE STATIC POOL build/GEDE01/src/game/game_fn_801B9E7C.o
build/GEDE01/src/game/game_fn_801B9E7C.o: 0 relocation(s) moved from streamInfo to ...bss.0
build/GEDE01/src/game/game_fn_801B9E7C.o: lbl_8061AE48 now undefined; section 6 emptied
[512/944] EXTERNALIZE STATIC POOL build/GEDE01/src/game/game_fn_801BB1A0.o
build/GEDE01/src/game/game_fn_801BB1A0.o: 0 relocation(s) moved from streamInfo to ...bss.0
build/GEDE01/src/game/game_fn_801BB1A0.o: lbl_8061AE48 now undefined; section 6 emptied
[513/944] EXTERNALIZE STATIC POOL build/GEDE01/src/game/game_fn_801BA708.o
build/GEDE01/src/game/game_fn_801BA708.o: 0 relocation(s) moved from streamInfo to ...bss.0
build/GEDE01/src/game/game_fn_801BA708.o: lbl_8061AE48 now undefined; section 6 emptied
[514/944] EXTERNALIZE STATIC build/GEDE01/src/game/game_fn_801B35BC.o
build/GEDE01/src/game/game_fn_801B35BC.o: lbl_8060D420 now undefined; section 6 emptied
[515/944] EXTERNALIZE build/GEDE01/src/game/game_fn_801BA94C.o
build/GEDE01/src/game/game_fn_801BA94C.o: 0 relocation(s) moved from streamInfo to ...bss.0
build/GEDE01/src/game/game_fn_801BA94C.o: lbl_8061AE48 now undefined; section 6 emptied
[516/944] EXTERNALIZE STATIC POOL build/GEDE01/src/game/game_fn_801BC8F4.o
build/GEDE01/src/game/game_fn_801BC8F4.o: lbl_8061C748 now undefined; section 6 emptied
[517/944] EXTERNALIZE STATIC build/GEDE01/src/game/game_fn_801BC240.o
build/GEDE01/src/game/game_fn_801BC240.o: lbl_8061C748 now undefined; section 6 emptied
[518/944] EXTERNALIZE STATIC POOL build/GEDE01/src/game/game_fn_801BCC04.o
build/GEDE01/src/game/game_fn_801BCC04.o: lbl_8061C748 now undefined; section 6 emptied
[519/944] EXTERNALIZE STATIC POOL build/GEDE01/src/game/game_fn_801BC0D4.o
build/GEDE01/src/game/game_fn_801BC0D4.o: lbl_8061C748 now undefined; section 6 emptied
[520/944] EXTERNALIZE STATIC POOL build/GEDE01/src/game/game_fn_801C1CB0.o
build/GEDE01/src/game/game_fn_801C1CB0.o: lbl_80626DA0 now undefined; section 3 emptied
[521/944] RENAME build/GEDE01/src/game/game_InitMetroTRKCommTable.o
[522/944] EXTERNALIZE STATIC POOL build/GEDE01/src/game/game_fn_801CE09C.o
build/GEDE01/src/game/game_fn_801CE09C.o: lbl_80631340 now undefined; section 6 emptied
[523/944] RENAME RUNTIME INTRINSICS build/GEDE01/src/game/game_fn_801CB4F8.o
[524/944] EXTERNALIZE build/GEDE01/src/game/game_fn_801D3988.o
[525/944] EXTERNALIZE STATIC POOL build/GEDE01/src/game/game_fn_8010242C.o
build/GEDE01/src/game/game_fn_8010242C.o: lbl_8032CC08 now undefined; section 3 emptied
[526/944] EXTERNALIZE build/GEDE01/src/game/game_fn_801D1B10.o
[527/944] ALIGN DATA build/GEDE01/src/game/game_fn_8005EF94.o
[528/944] EXTERNALIZE build/GEDE01/src/game/game_fn_801CE594.o
[529/944] ALIGN DATA build/GEDE01/src/game/game_fn_801A6350.o
[530/944] ALIGN DATA build/GEDE01/src/game/game_fn_80008014.o
[531/944] EXTERNALIZE build/GEDE01/src/game/game_fn_8014549C.o
[532/944] EXTERNALIZE build/GEDE01/src/game/game_fn_801C8224.o
[533/944] EXTERNALIZE build/GEDE01/src/game/game_fn_801098C0.o
[534/944] EXTERNALIZE build/GEDE01/src/game/game_fn_8000FDE8.o
[535/944] EXTERNALIZE build/GEDE01/src/game/game_fn_80185F10.o
[536/944] EXTERNALIZE build/GEDE01/src/game/game_fn_801C29BC.o
[537/944] EXTERNALIZE build/GEDE01/src/game/game_fn_8007B828.o
[538/944] EXTERNALIZE build/GEDE01/src/game/game_fn_801C8F50.o
[539/944] EXTERNALIZE build/GEDE01/src/game/game_fn_801C90A4.o
[540/944] EXTERNALIZE build/GEDE01/src/game/game_fn_801C8160.o
[541/944] EXTERNALIZE build/GEDE01/src/game/game_fn_801C2AAC.o
[542/944] EXTERNALIZE build/GEDE01/src/game/game_fn_801C2D9C.o
[543/944] EXTERNALIZE build/GEDE01/src/game/game_fn_801C2980.o
[544/944] EXTERNALIZE build/GEDE01/src/game/game_fn_801B02F0.o
[545/944] EXTERNALIZE build/GEDE01/src/game/game_fn_801AFA74.o
[546/944] EXTERNALIZE build/GEDE01/src/game/game_fn_801AC8AC.o
[547/944] EXTERNALIZE build/GEDE01/src/game/game_fn_801ABD3C.o
[548/944] EXTERNALIZE build/GEDE01/src/game/game_fn_801816D4.o
[549/944] EXTERNALIZE build/GEDE01/src/game/game_fn_8011F140.o
[550/944] EXTERNALIZE build/GEDE01/src/game/game_fn_801AD08C.o
[551/944] EXTERNALIZE build/GEDE01/src/game/game_fn_8004998C.o
[552/944] EXTERNALIZE build/GEDE01/src/game/game_fn_80079AA4.o
[553/944] EXTERNALIZE build/GEDE01/src/game/game_fn_80158D38.o
[554/944] EXTERNALIZE build/GEDE01/src/game/game_fn_801A3A78.o
[555/944] EXTERNALIZE build/GEDE01/src/game/game_fn_8008F224.o
[556/944] EXTERNALIZE build/GEDE01/src/game/game_fn_80167454.o
[557/944] EXTERNALIZE build/GEDE01/src/game/game_fn_800AF230.o
[558/944] EXTERNALIZE build/GEDE01/src/game/game_fn_801A93E8.o
[559/944] EXTERNALIZE build/GEDE01/src/game/game_fn_801AB154.o
[560/944] EXTERNALIZE build/GEDE01/src/game/game_fn_801A7E04.o
[561/944] EXTERNALIZE build/GEDE01/src/game/game_fn_801A7EA8.o
[562/944] EXTERNALIZE build/GEDE01/src/game/game_fn_801A6CB4.o
[563/944] EXTERNALIZE build/GEDE01/src/game/game_fn_801A4CE0.o
[564/944] EXTERNALIZE build/GEDE01/src/game/game_fn_801A6C58.o
[565/944] NAME JUMPTABLE build/GEDE01/src/game/game_fn_801A6ADC.o
[566/944] EXTERNALIZE build/GEDE01/src/game/game_fn_801A6410.o
[567/944] EXTERNALIZE build/GEDE01/src/game/game_fn_801A5FB0.o
[568/944] EXTERNALIZE build/GEDE01/src/game/game_fn_801A1F18.o
[569/944] EXTERNALIZE build/GEDE01/src/game/game_fn_8019E8C8.o
[570/944] EXTERNALIZE build/GEDE01/src/game/game_fn_8019E5E4.o
[571/944] EXTERNALIZE build/GEDE01/src/game/game_fn_8019CFC4.o
[572/944] EXTERNALIZE build/GEDE01/src/game/game_fn_8019CC28.o
[573/944] EXTERNALIZE build/GEDE01/src/game/game_fn_801991E0.o
[574/944] EXTERNALIZE build/GEDE01/src/game/game_fn_80198BF4.o
[575/944] EXTERNALIZE build/GEDE01/src/game/game_fn_80198AAC.o
[576/944] EXTERNALIZE build/GEDE01/src/game/game_fn_80198154.o
[577/944] EXTERNALIZE build/GEDE01/src/game/game_fn_80194F80.o
[578/944] EXTERNALIZE build/GEDE01/src/game/game_fn_80177434.o
repointed 2 relocations to lbl_80250588
[579/944] EXTERNALIZE build/GEDE01/src/game/game_fn_80197910.o
[580/944] EXTERNALIZE build/GEDE01/src/game/game_fn_80193E1C.o
[581/944] EXTERNALIZE build/GEDE01/src/game/game_fn_801931C4.o
[582/944] EXTERNALIZE build/GEDE01/src/game/game_fn_80193F3C.o
[583/944] EXTERNALIZE build/GEDE01/src/game/game_fn_80192F54.o
[584/944] EXTERNALIZE build/GEDE01/src/game/game_fn_8019197C.o
[585/944] EXTERNALIZE build/GEDE01/src/game/game_fn_80191F58.o
[586/944] EXTERNALIZE build/GEDE01/src/game/game_fn_80191360.o
[587/944] GLOBALIZE build/GEDE01/src/game/game_fn_8018F1D0.o
[588/944] EXTERNALIZE build/GEDE01/src/game/game_fn_8018D688.o
[589/944] EXTERNALIZE build/GEDE01/src/game/game_fn_8018F81C.o
[590/944] EXTERNALIZE build/GEDE01/src/game/game_fn_8018D2E0.o
[591/944] EXTERNALIZE build/GEDE01/src/game/game_fn_80189968.o
[592/944] EXTERNALIZE build/GEDE01/src/game/game_fn_8018D1F0.o
[593/944] EXTERNALIZE build/GEDE01/src/game/game_fn_80189760.o
[594/944] EXTERNALIZE build/GEDE01/src/game/game_fn_801896A0.o
[595/944] EXTERNALIZE build/GEDE01/src/game/game_fn_801895E8.o
[596/944] EXTERNALIZE build/GEDE01/src/game/game_fn_80189390.o
[597/944] EXTERNALIZE build/GEDE01/src/game/game_fn_801891D8.o
[598/944] EXTERNALIZE build/GEDE01/src/game/game_fn_80188E28.o
[599/944] EXTERNALIZE build/GEDE01/src/game/game_fn_80189028.o
[600/944] EXTERNALIZE build/GEDE01/src/game/game_fn_80188B44.o
[601/944] EXTERNALIZE build/GEDE01/src/game/game_fn_80188C1C.o
[602/944] EXTERNALIZE build/GEDE01/src/game/game_fn_80188A7C.o
[603/944] EXTERNALIZE build/GEDE01/src/game/game_fn_801878E0.o
[604/944] EXTERNALIZE build/GEDE01/src/game/game_fn_80187120.o
[605/944] EXTERNALIZE build/GEDE01/src/game/game_fn_80186E10.o
[606/944] EXTERNALIZE build/GEDE01/src/game/game_fn_8018FEDC.o
[607/944] EXTERNALIZE build/GEDE01/src/game/game_fn_801865EC.o
[608/944] EXTERNALIZE build/GEDE01/src/game/game_fn_80185AE8.o
[609/944] EXTERNALIZE build/GEDE01/src/game/game_fn_80180DDC.o
[610/944] EXTERNALIZE build/GEDE01/src/game/game_fn_801859FC.o
[611/944] EXTERNALIZE build/GEDE01/src/game/game_fn_8017E850.o
[612/944] EXTERNALIZE build/GEDE01/src/game/game_fn_8017E958.o
[613/944] EXTERNALIZE build/GEDE01/src/game/game_fn_8017718C.o
[614/944] EXTERNALIZE build/GEDE01/src/game/game_fn_801770F8.o
[615/944] EXTERNALIZE build/GEDE01/src/game/game_fn_80176DF4.o
[616/944] EXTERNALIZE build/GEDE01/src/game/game_fn_80176FA0.o
[617/944] EXTERNALIZE build/GEDE01/src/game/game_fn_80174358.o
[618/944] EXTERNALIZE build/GEDE01/src/game/game_fn_80173F04.o
[619/944] EXTERNALIZE build/GEDE01/src/game/game_fn_80174184.o
[620/944] EXTERNALIZE build/GEDE01/src/game/game_fn_8017553C.o
[621/944] EXTERNALIZE build/GEDE01/src/game/game_fn_80173D44.o
[622/944] EXTERNALIZE build/GEDE01/src/game/game_fn_80173770.o
[623/944] EXTERNALIZE build/GEDE01/src/game/game_fn_801734B4.o
[624/944] EXTERNALIZE build/GEDE01/src/game/game_fn_80173270.o
[625/944] EXTERNALIZE build/GEDE01/src/game/game_fn_80172DB8.o
[626/944] EXTERNALIZE build/GEDE01/src/game/game_fn_80172C78.o
[627/944] EXTERNALIZE build/GEDE01/src/game/game_fn_80172BB0.o
[628/944] EXTERNALIZE build/GEDE01/src/game/game_fn_801726EC.o
[629/944] EXTERNALIZE build/GEDE01/src/game/game_fn_8017250C.o
[630/944] EXTERNALIZE build/GEDE01/src/game/game_fn_80171F30.o
[631/944] EXTERNALIZE build/GEDE01/src/game/game_fn_801719B4.o
[632/944] EXTERNALIZE build/GEDE01/src/game/game_fn_801718F4.o
[633/944] EXTERNALIZE build/GEDE01/src/game/game_fn_80171664.o
[634/944] EXTERNALIZE build/GEDE01/src/game/game_fn_8017138C.o
[635/944] EXTERNALIZE build/GEDE01/src/game/game_fn_80170A40.o
[636/944] NORMALIZE build/GEDE01/src/game/game_TRKNubWelcome.o
[637/944] NORMALIZE build/GEDE01/src/game/game_TRK_main.o
[638/944] EXTERNALIZE build/GEDE01/src/game/game_fn_801706DC.o
[639/944] NORMALIZE build/GEDE01/src/game/game_data_80239E10.o
[640/944] NORMALIZE build/GEDE01/src/game/game_data_80239E18.o
[641/944] EXTERNALIZE build/GEDE01/src/game/game_fn_8017652C.o
[642/944] EXTERNALIZE build/GEDE01/src/game/game_fn_80170E9C.o
[643/944] EXTERNALIZE build/GEDE01/src/game/game_fn_80175E64.o
[644/944] EXTERNALIZE build/GEDE01/src/game/game_fn_80175F0C.o
[645/944] EXTERNALIZE build/GEDE01/src/game/game_fn_80175FD4.o
[646/944] EXTERNALIZE build/GEDE01/src/game/game_fn_80176098.o
[647/944] EXTERNALIZE build/GEDE01/src/game/game_fn_80176160.o
[648/944] EXTERNALIZE build/GEDE01/src/game/game_fn_80176220.o
[649/944] EXTERNALIZE build/GEDE01/src/game/game_fn_80170DF4.o
[650/944] EXTERNALIZE build/GEDE01/src/game/game_fn_801762E8.o
[651/944] EXTERNALIZE build/GEDE01/src/game/game_fn_8016E8F8.o
[652/944] EXTERNALIZE build/GEDE01/src/game/game_fn_8016FEF8.o
[653/944] EXTERNALIZE build/GEDE01/src/game/game_fn_801704F8.o
[654/944] NORMALIZE build/GEDE01/src/game/game_fn_8016DF4C.o
[655/944] EXTERNALIZE build/GEDE01/src/game/game_fn_8016D2B8.o
[656/944] EXTERNALIZE build/GEDE01/src/game/game_fn_8016D040.o
[657/944] EXTERNALIZE build/GEDE01/src/game/game_fn_8016D1F8.o
[658/944] EXTERNALIZE build/GEDE01/src/game/game_fn_8016C4BC.o
[659/944] EXTERNALIZE build/GEDE01/src/game/game_fn_8016C774.o
[660/944] EXTERNALIZE build/GEDE01/src/game/game_fn_8016C238.o
[661/944] EXTERNALIZE build/GEDE01/src/game/game_fn_8016C164.o
[662/944] EXTERNALIZE build/GEDE01/src/game/game_fn_8016C0BC.o
[663/944] EXTERNALIZE build/GEDE01/src/game/game_fn_8017038C.o
[664/944] EXTERNALIZE build/GEDE01/src/game/game_fn_8016BE1C.o
[665/944] EXTERNALIZE build/GEDE01/src/game/game_fn_8016BF60.o
[666/944] EXTERNALIZE build/GEDE01/src/game/game_fn_8016BD0C.o
[667/944] EXTERNALIZE build/GEDE01/src/game/game_fn_80169650.o
[668/944] EXTERNALIZE build/GEDE01/src/game/game_fn_80167B5C.o
[669/944] EXTERNALIZE build/GEDE01/src/game/game_fn_8015EDC0.o
[670/944] EXTERNALIZE build/GEDE01/src/game/game_fn_8015DB84.o
[671/944] EXTERNALIZE build/GEDE01/src/game/game_fn_8015DC54.o
[672/944] EXTERNALIZE build/GEDE01/src/game/game_fn_80158B20.o
[673/944] EXTERNALIZE build/GEDE01/src/game/game_fn_80179398.o
[674/944] EXTERNALIZE build/GEDE01/src/game/game_fn_8017974C.o
[675/944] EXTERNALIZE build/GEDE01/src/game/game_fn_8017960C.o
[676/944] EXTERNALIZE build/GEDE01/src/game/game_fn_8017A9B8.o
[677/944] EXTERNALIZE build/GEDE01/src/game/game_fn_80179904.o
[678/944] EXTERNALIZE build/GEDE01/src/game/game_fn_80179A18.o
[679/944] EXTERNALIZE build/GEDE01/src/game/game_fn_80179A74.o
[680/944] EXTERNALIZE build/GEDE01/src/game/game_fn_80179EB8.o
[681/944] EXTERNALIZE build/GEDE01/src/game/game_fn_80179F20.o
[682/944] EXTERNALIZE build/GEDE01/src/game/game_fn_8017A010.o
[683/944] EXTERNALIZE build/GEDE01/src/game/game_fn_8017A12C.o
[684/944] EXTERNALIZE build/GEDE01/src/game/game_fn_80157C0C.o
[685/944] EXTERNALIZE build/GEDE01/src/game/game_fn_8017A1C0.o
[686/944] EXTERNALIZE build/GEDE01/src/game/game_fn_80155814.o
[687/944] EXTERNALIZE build/GEDE01/src/game/game_fn_8014B494.o
[688/944] EXTERNALIZE build/GEDE01/src/game/game_fn_80153898.o
[689/944] EXTERNALIZE build/GEDE01/src/game/game_fn_8012DB28.o
[690/944] EXTERNALIZE build/GEDE01/src/game/game_fn_8014AF38.o
[691/944] EXTERNALIZE build/GEDE01/src/game/game_fn_801141B8.o
[692/944] EXTERNALIZE build/GEDE01/src/game/game_fn_801128E4.o
[693/944] EXTERNALIZE build/GEDE01/src/game/game_fn_801126E0.o
[694/944] EXTERNALIZE build/GEDE01/src/game/game_fn_8010F184.o
[695/944] EXTERNALIZE build/GEDE01/src/game/game_fn_800E4980.o
[696/944] EXTERNALIZE build/GEDE01/src/game/game_fn_800C17EC.o
[697/944] EXTERNALIZE build/GEDE01/src/game/game_fn_800C030C.o
[698/944] EXTERNALIZE build/GEDE01/src/game/game_fn_800C59F0.o
[699/944] EXTERNALIZE build/GEDE01/src/game/game_fn_800C644C.o
[700/944] EXTERNALIZE build/GEDE01/src/game/game_fn_800C65FC.o
[701/944] EXTERNALIZE build/GEDE01/src/game/game_fn_800CB760.o
[702/944] EXTERNALIZE build/GEDE01/src/game/game_fn_800CB8F4.o
[703/944] EXTERNALIZE build/GEDE01/src/game/game_fn_80078500.o
[704/944] EXTERNALIZE build/GEDE01/src/game/game_fn_80079908.o
[705/944] EXTERNALIZE build/GEDE01/src/game/game_fn_8007B2F4.o
[706/944] EXTERNALIZE build/GEDE01/src/game/game_fn_8007B540.o
[707/944] EXTERNALIZE build/GEDE01/src/game/game_fn_8007B640.o
[708/944] EXTERNALIZE build/GEDE01/src/game/game_fn_800886D8.o
[709/944] EXTERNALIZE build/GEDE01/src/game/game_fn_8007BA3C.o
[710/944] EXTERNALIZE build/GEDE01/src/game/game_fn_800934A0.o
[711/944] EXTERNALIZE build/GEDE01/src/game/game_fn_800A3894.o
[712/944] EXTERNALIZE build/GEDE01/src/game/game_fn_800A7E88.o
[713/944] EXTERNALIZE build/GEDE01/src/game/game_fn_800A4798.o
[714/944] GLOBALIZE build/GEDE01/src/game/game_fn_800A2130.o
[715/944] EXTERNALIZE build/GEDE01/src/game/game_fn_800A2FCC.o
[716/944] EXTERNALIZE build/GEDE01/src/game/game_fn_8009C424.o
[717/944] EXTERNALIZE SWITCHES build/GEDE01/src/game/game_fn_80095FDC.o
[718/944] EXTERNALIZE build/GEDE01/src/game/game_fn_80096830.o
[719/944] GLOBALIZE build/GEDE01/src/game/game_fn_8008F890.o
[720/944] EXTERNALIZE build/GEDE01/src/game/game_fn_800A4428.o
[721/944] EXTERNALIZE build/GEDE01/src/game/game_fn_80074310.o
[722/944] GLOBALIZE build/GEDE01/src/game/game_fn_8005FD84.o
[723/944] EXTERNALIZE build/GEDE01/src/game/game_fn_80066888.o
[724/944] EXTERNALIZE build/GEDE01/src/game/game_fn_8005EC6C.o
[725/944] EXTERNALIZE build/GEDE01/src/game/game_fn_80052310.o
[726/944] EXTERNALIZE build/GEDE01/src/game/game_fn_80048B24.o
[727/944] NAME SWITCH build/GEDE01/src/game/game_fn_80020E94.o
[728/944] NAME SWITCH build/GEDE01/src/game/game_fn_8005EE9C.o
[729/944] NAME SWITCH build/GEDE01/src/game/game_fn_8016D9C0.o
[730/944] NAME SWITCH build/GEDE01/src/game/game_fn_80071A58.o
[731/944] EXTERNALIZE build/GEDE01/src/game/game_fn_80048ADC.o
[732/944] NAME SWITCH build/GEDE01/src/game/game_fn_8006B620.o
[733/944] NAME SWITCH build/GEDE01/src/game/game_fn_8001FE1C.o
[734/944] NAME SWITCH build/GEDE01/src/game/game_fn_8001E644.o
[735/944] EXTERNALIZE build/GEDE01/src/game/game_fn_80038878.o
[736/944] EXTERNALIZE build/GEDE01/src/game/game_fn_801B46C8.o
build/GEDE01/src/game/game_fn_801B46C8.o: lbl_8060C020 now undefined; section 6 emptied
[737/944] EXTERNALIZE build/GEDE01/src/game/game_fn_80036C40.o
[738/944] EXTERNALIZE build/GEDE01/src/game/game_fn_800359A0.o
[739/944] EXTERNALIZE build/GEDE01/src/game/game_fn_80033180.o
[740/944] EXTERNALIZE build/GEDE01/src/game/game_fn_80033038.o
[741/944] EXTERNALIZE build/GEDE01/src/game/game_fn_80032B84.o
[742/944] EXTERNALIZE build/GEDE01/src/game/game_fn_8003232C.o
[743/944] EXTERNALIZE build/GEDE01/src/game/game_fn_8002DAE0.o
[744/944] EXTERNALIZE build/GEDE01/src/game/game_fn_8002E3F0.o
[745/944] EXTERNALIZE build/GEDE01/src/game/game_fn_8002EA68.o
[746/944] EXTERNALIZE build/GEDE01/src/game/game_fn_8002F428.o
[747/944] GLOBALIZE build/GEDE01/src/game/game_fn_8002B748.o
[748/944] NAME SWITCHES build/GEDE01/src/game/game_fn_80024F28.o
[749/944] EXTERNALIZE build/GEDE01/src/game/game_fn_800272B4.o
[750/944] EXTERNALIZE build/GEDE01/src/game/game_fn_8001CE94.o
[751/944] EXTERNALIZE build/GEDE01/src/game/game_fn_8001CD58.o
[752/944] EXTERNALIZE build/GEDE01/src/game/game_fn_8001C078.o
[753/944] EXTERNALIZE build/GEDE01/src/game/game_fn_8001B874.o
[754/944] EXTERNALIZE build/GEDE01/src/game/game_fn_8001B808.o
[755/944] EXTERNALIZE build/GEDE01/src/game/game_fn_8001B294.o
[756/944] EXTERNALIZE build/GEDE01/src/game/game_fn_8001B124.o
[757/944] EXTERNALIZE build/GEDE01/src/game/game_fn_8001ADF8.o
[758/944] EXTERNALIZE build/GEDE01/src/game/game_fn_8001AF68.o
[759/944] EXTERNALIZE build/GEDE01/src/game/game_fn_8001AAB8.o
[760/944] EXTERNALIZE build/GEDE01/src/game/game_fn_8001A6C4.o
[761/944] EXTERNALIZE build/GEDE01/src/game/game_fn_80019F98.o
[762/944] EXTERNALIZE build/GEDE01/src/game/game_fn_80019D2C.o
[763/944] EXTERNALIZE build/GEDE01/src/game/game_fn_80019C10.o
[764/944] EXTERNALIZE build/GEDE01/src/game/game_fn_80019940.o
[765/944] EXTERNALIZE build/GEDE01/src/game/game_fn_800194D0.o
[766/944] EXTERNALIZE build/GEDE01/src/game/game_fn_80019244.o
[767/944] EXTERNALIZE build/GEDE01/src/game/game_fn_80019054.o
[768/944] EXTERNALIZE build/GEDE01/src/game/game_fn_80018EF4.o
[769/944] EXTERNALIZE build/GEDE01/src/game/game_fn_80017DB0.o
[770/944] EXTERNALIZE build/GEDE01/src/game/game_fn_80017CC8.o
[771/944] EXTERNALIZE build/GEDE01/src/game/game_fn_80017C3C.o
[772/944] EXTERNALIZE build/GEDE01/src/game/game_fn_80017AE4.o
[773/944] EXTERNALIZE build/GEDE01/src/game/game_fn_80017A3C.o
[774/944] EXTERNALIZE build/GEDE01/src/game/game_fn_800179AC.o
[775/944] EXTERNALIZE build/GEDE01/src/game/game_fn_80017910.o
[776/944] EXTERNALIZE build/GEDE01/src/game/game_fn_8000FFD8.o
[777/944] EXTERNALIZE FLAGS build/GEDE01/src/game/game_fn_800119FC.o
[778/944] EXTERNALIZE build/GEDE01/src/game/game_fn_8000EFC4.o
[779/944] EXTERNALIZE build/GEDE01/src/game/game_fn_8000F4B0.o
[780/944] GLOBALIZE build/GEDE01/src/game/game_fn_800094C0.o
[781/944] EXTERNALIZE build/GEDE01/src/game/game_fn_800096E0.o
[782/944] EXTERNALIZE build/GEDE01/src/game/game_fn_800098C0.o
[783/944] EXTERNALIZE build/GEDE01/src/game/game_fn_800099D8.o
[784/944] EXTERNALIZE build/GEDE01/src/game/game_fn_80009AB4.o
[785/944] EXTERNALIZE build/GEDE01/src/game/game_fn_800171C0.o
[786/944] EXTERNALIZE build/GEDE01/src/game/game_fn_8000A26C.o
[787/944] EXTERNALIZE build/GEDE01/src/game/game_fn_800176F0.o
[788/944] EXTERNALIZE build/GEDE01/src/game/game_fn_8000AC88.o
[789/944] EXTERNALIZE build/GEDE01/src/game/game_fn_8000AEB4.o
[790/944] EXTERNALIZE build/GEDE01/src/game/game_fn_8000AFB4.o
[791/944] EXTERNALIZE build/GEDE01/src/game/game_fn_8000B36C.o
[792/944] EXTERNALIZE build/GEDE01/src/game/game_fn_8000B1B8.o
[793/944] EXTERNALIZE build/GEDE01/src/game/game_fn_8000B630.o
[794/944] EXTERNALIZE build/GEDE01/src/game/game_fn_8000B7FC.o
[795/944] EXTERNALIZE build/GEDE01/src/game/game_fn_8000B900.o
[796/944] EXTERNALIZE build/GEDE01/src/game/game_fn_8000BA0C.o
[797/944] EXTERNALIZE build/GEDE01/src/game/game_fn_8000BAA0.o
[798/944] EXTERNALIZE build/GEDE01/src/game/game_fn_8000BC40.o
[799/944] EXTERNALIZE build/GEDE01/src/game/game_fn_8000C06C.o
[800/944] EXTERNALIZE build/GEDE01/src/game/game_fn_8000C17C.o
[801/944] EXTERNALIZE build/GEDE01/src/game/game_fn_8000C848.o
[802/944] EXTERNALIZE build/GEDE01/src/game/game_fn_8000C400.o
[803/944] EXTERNALIZE build/GEDE01/src/game/game_fn_8000D0BC.o
[804/944] EXTERNALIZE build/GEDE01/src/game/game_fn_8000C91C.o
[805/944] NAME SWITCH build/GEDE01/src/game/game_fn_8000D8A4.o
[806/944] EXTERNALIZE build/GEDE01/src/game/game_fn_8000D3D4.o
[807/944] EXTERNALIZE build/GEDE01/src/game/game_fn_8000E054.o
[808/944] EXTERNALIZE build/GEDE01/src/game/game_fn_8000E0AC.o
[809/944] EXTERNALIZE build/GEDE01/src/game/game_fn_8000E96C.o
[810/944] EXTERNALIZE build/GEDE01/src/game/game_fn_8000EB14.o
[811/944] EXTERNALIZE build/GEDE01/src/game/game_fn_8000F774.o
[812/944] EXTERNALIZE build/GEDE01/src/game/game_fn_8000EBD4.o
[813/944] EXTERNALIZE build/GEDE01/src/game/game_fn_8000ED44.o
[814/944] EXTERNALIZE build/GEDE01/src/game/game_fn_8000E1C4.o
[815/944] EXTERNALIZE build/GEDE01/src/game/game_fn_8000E138.o
[816/944] EXTERNALIZE build/GEDE01/src/game/game_fn_8000D590.o
[817/944] EXTERNALIZE build/GEDE01/src/game/game_fn_8000DA50.o
[818/944] EXTERNALIZE build/GEDE01/src/game/game_fn_8000DAF4.o
[819/944] EXTERNALIZE build/GEDE01/src/game/game_fn_80012DA8.o
[820/944] EXTERNALIZE build/GEDE01/src/game/game_fn_80012FD0.o
[821/944] EXTERNALIZE build/GEDE01/src/game/game_fn_80012F40.o
[822/944] EXTERNALIZE build/GEDE01/src/game/game_fn_800131E8.o
[823/944] EXTERNALIZE build/GEDE01/src/game/game_fn_80013340.o
[824/944] EXTERNALIZE build/GEDE01/src/game/game_fn_80013870.o
[825/944] EXTERNALIZE build/GEDE01/src/game/game_fn_80013CB0.o
[826/944] EXTERNALIZE build/GEDE01/src/game/game_fn_80013D54.o
[827/944] EXTERNALIZE build/GEDE01/src/game/game_fn_800142DC.o
[828/944] EXTERNALIZE build/GEDE01/src/game/game_fn_800144CC.o
[829/944] EXTERNALIZE build/GEDE01/src/game/game_fn_80014784.o
[830/944] EXTERNALIZE build/GEDE01/src/game/game_fn_800149D4.o
[831/944] EXTERNALIZE build/GEDE01/src/game/game_fn_80015058.o
[832/944] EXTERNALIZE build/GEDE01/src/game/game_fn_80015320.o
[833/944] EXTERNALIZE build/GEDE01/src/game/game_fn_80015568.o
[834/944] EXTERNALIZE build/GEDE01/src/game/game_fn_800156FC.o
[835/944] EXTERNALIZE build/GEDE01/src/game/game_fn_80015BE0.o
[836/944] EXTERNALIZE build/GEDE01/src/game/game_fn_80015F04.o
[837/944] EXTERNALIZE build/GEDE01/src/game/game_fn_80015D40.o
[838/944] EXTERNALIZE build/GEDE01/src/game/game_fn_80016270.o
[839/944] EXTERNALIZE build/GEDE01/src/game/game_fn_80016128.o
[840/944] EXTERNALIZE build/GEDE01/src/game/game_fn_800173CC.o
[841/944] EXTERNALIZE build/GEDE01/src/game/game_fn_80016904.o
[842/944] EXTERNALIZE build/GEDE01/src/game/game_fn_80016B24.o
[843/944] EXTERNALIZE build/GEDE01/src/game/game_fn_801B86C0.o
[844/944] EXTERNALIZE build/GEDE01/src/game/game_fn_801BEF40.o
[845/944] EXTERNALIZE STATIC POOL build/GEDE01/src/game/game_fn_801C4B5C.o
build/GEDE01/src/game/game_fn_801C4B5C.o: lbl_80628CB0 now undefined; section 6 emptied
[846/944] EXTERNALIZE build/GEDE01/src/game/game_fn_801C8600.o
[847/944] EXTERNALIZE build/GEDE01/src/game/game_fn_801EAA04.o
[848/944] EXTERNALIZE build/GEDE01/src/game/game_fn_801DE8B4.o
[849/944] EXTERNALIZE build/GEDE01/src/game/game_fn_80173BDC.o
[850/944] EXTERNALIZE build/GEDE01/src/game/game_fn_801E7014.o
[851/944] EXTERNALIZE build/GEDE01/src/game/game_fn_801A4430.o
[852/944] EXTERNALIZE build/GEDE01/src/game/game_fn_8014BA14.o
[853/944] EXTERNALIZE build/GEDE01/src/game/game_fn_800B2EC0.o
[854/944] EXTERNALIZE build/GEDE01/src/game/game_fn_8001CA04.o
[855/944] EXTERNALIZE build/GEDE01/src/game/game_fn_80031544.o
[856/944] EXTERNALIZE build/GEDE01/src/game/game_fn_8006B0F0.o
[857/944] EXTERNALIZE build/GEDE01/src/game/game_fn_801DDB84.o
[858/944] EXTERNALIZE build/GEDE01/src/game/game_fn_8007D4D8.o
[859/944] EXTERNALIZE build/GEDE01/src/game/game_fn_8007F770.o
[860/944] EXTERNALIZE build/GEDE01/src/game/game_fn_80088F4C.o
[861/944] EXTERNALIZE build/GEDE01/src/game/game_fn_8008A2E0.o
[862/944] EXTERNALIZE build/GEDE01/src/game/game_fn_80089A34.o
[863/944] EXTERNALIZE build/GEDE01/src/game/game_fn_80090004.o
[864/944] EXTERNALIZE build/GEDE01/src/game/game_fn_80095D10.o
[865/944] EXTERNALIZE build/GEDE01/src/game/game_fn_800A3180.o
[866/944] EXTERNALIZE build/GEDE01/src/game/game_fn_800BB7A8.o
[867/944] EXTERNALIZE build/GEDE01/src/game/game_fn_800BB5C4.o
[868/944] EXTERNALIZE build/GEDE01/src/game/game_fn_800BB9A4.o
[869/944] EXTERNALIZE build/GEDE01/src/game/game_fn_800BBAF0.o
[870/944] EXTERNALIZE build/GEDE01/src/game/game_fn_800D9064.o
[871/944] EXTERNALIZE build/GEDE01/src/game/game_fn_800D9E10.o
[872/944] EXTERNALIZE build/GEDE01/src/game/game_fn_8012976C.o
[873/944] EXTERNALIZE build/GEDE01/src/game/game_fn_8013DB8C.o
[874/944] EXTERNALIZE build/GEDE01/src/game/game_fn_8013CBE4.o
[875/944] EXTERNALIZE build/GEDE01/src/game/game_fn_8014CA98.o
[876/944] EXTERNALIZE build/GEDE01/src/game/game_fn_80153A24.o
[877/944] EXTERNALIZE build/GEDE01/src/game/game_fn_801535D8.o
[878/944] EXTERNALIZE build/GEDE01/src/game/game_fn_80174F2C.o
[879/944] EXTERNALIZE build/GEDE01/src/game/game_fn_801752B0.o
[880/944] EXTERNALIZE build/GEDE01/src/game/game_fn_8017AC20.o
[881/944] EXTERNALIZE build/GEDE01/src/game/game_fn_801861C4.o
[882/944] EXTERNALIZE build/GEDE01/src/game/game_fn_8018680C.o
[883/944] EXTERNALIZE build/GEDE01/src/game/game_fn_80186F70.o
[884/944] EXTERNALIZE build/GEDE01/src/game/game_fn_80187320.o
[885/944] EXTERNALIZE build/GEDE01/src/game/game_fn_801810A0.o
[886/944] EXTERNALIZE build/GEDE01/src/game/game_fn_801875FC.o
[887/944] EXTERNALIZE build/GEDE01/src/game/game_fn_800542D0.o
[888/944] EXTERNALIZE build/GEDE01/src/game/game_fn_80187BB4.o
[889/944] EXTERNALIZE build/GEDE01/src/game/game_fn_80187E40.o
[890/944] EXTERNALIZE build/GEDE01/src/game/game_fn_80189C14.o
[891/944] EXTERNALIZE build/GEDE01/src/game/game_fn_8018C2D0.o
[892/944] EXTERNALIZE build/GEDE01/src/game/game_fn_8018D400.o
[893/944] EXTERNALIZE build/GEDE01/src/game/game_fn_8018E0D8.o
[894/944] EXTERNALIZE build/GEDE01/src/game/game_fn_8019120C.o
[895/944] EXTERNALIZE build/GEDE01/src/game/game_fn_8018DC24.o
[896/944] EXTERNALIZE build/GEDE01/src/game/game_fn_801926EC.o
[897/944] EXTERNALIZE build/GEDE01/src/game/game_fn_801916D0.o
[898/944] EXTERNALIZE build/GEDE01/src/game/game_fn_801929A4.o
[899/944] EXTERNALIZE build/GEDE01/src/game/game_fn_801952E8.o
[900/944] EXTERNALIZE build/GEDE01/src/game/game_fn_801A2A54.o
[901/944] EXTERNALIZE build/GEDE01/src/game/game_fn_801A34BC.o
[902/944] EXTERNALIZE build/GEDE01/src/game/game_fn_801A657C.o
[903/944] EXTERNALIZE build/GEDE01/src/game/game_fn_801A1F8C.o
[904/944] EXTERNALIZE build/GEDE01/src/game/game_fn_801D1F78.o
[905/944] EXTERNALIZE build/GEDE01/src/game/game_fn_801E2A48.o
[906/944] EXTERNALIZE build/GEDE01/src/game/game_fn_801E6814.o
[907/944] EXTERNALIZE build/GEDE01/src/game/game_fn_801E995C.o
[908/944] EXTERNALIZE build/GEDE01/src/game/game_fn_801F0CB0.o
[909/944] EXTERNALIZE build/GEDE01/src/game/game_fn_801EF580.o
[910/944] EXTERNALIZE build/GEDE01/src/game/game_fn_801F10BC.o
[911/944] EXTERNALIZE build/GEDE01/src/game/game_fn_801F35A8.o
[912/944] EXTERNALIZE build/GEDE01/src/game/game_fn_801ECD74.o
[913/944] EXTERNALIZE build/GEDE01/src/game/game_fn_801ED5F4.o
[914/944] EXTERNALIZE build/GEDE01/src/game/game_fn_801F69F0.o
[915/944] EXTERNALIZE build/GEDE01/src/game/game_fn_801F76EC.o
[916/944] EXTERNALIZE build/GEDE01/src/game/game_fn_801F8264.o
[917/944] EXTERNALIZE build/GEDE01/src/game/game_fn_801F89B4.o
[918/944] EXTERNALIZE build/GEDE01/src/game/game_fn_801F9AF8.o
[919/944] EXTERNALIZE build/GEDE01/src/game/game_fn_801F6BD8.o
[920/944] EXTERNALIZE build/GEDE01/src/game/game_fn_80095E64.o
[921/944] EXTERNALIZE build/GEDE01/src/game/game_fn_801FB6A4.o
[922/944] EXTERNALIZE JUMPTABLES build/GEDE01/src/game/game_fn_800361F8.o
[923/944] EXTERNALIZE JUMPTABLES build/GEDE01/src/game/game_fn_8006E53C.o
[924/944] EXTERNALIZE JUMPTABLES build/GEDE01/src/game/game_fn_800CF598.o
[925/944] EXTERNALIZE JUMPTABLES build/GEDE01/src/game/game_fn_801ACFE8.o
[926/944] EXTERNALIZE build/GEDE01/src/game/game_fn_80150A24.o
[927/944] EXTERNALIZE JUMPTABLES build/GEDE01/src/game/game_fn_801B1BA0.o
[928/944] EXTERNALIZE build/GEDE01/src/game/game_fn_80154F74.o
[929/944] EXTERNALIZE build/GEDE01/src/game/game_fn_801E504C.o
[930/944] EXTERNALIZE build/GEDE01/src/game/game_fn_8009E808.o
[931/944] EXTERNALIZE build/GEDE01/src/game/game_fn_801F1A38.o
[932/944] EXTERNALIZE build/GEDE01/src/game/game_fn_801FFE78.o
[933/944] EXTERNALIZE build/GEDE01/src/game/game_fn_801F55A0.o
[934/944] EXTERNALIZE build/GEDE01/src/game/game_fn_801F7510.o
[935/944] EXTERNALIZE build/GEDE01/src/game/game_fn_801F8FAC.o
[936/944] EXTERNALIZE build/GEDE01/src/game/game_fn_801F9CF4.o
[937/944] EXTERNALIZE build/GEDE01/src/game/game_fn_801FC034.o
[938/944] EXTERNALIZE build/GEDE01/src/game/game_fn_801FA9C8.o
[939/944] REPORT
 INFO Loading project .
 INFO Generating report for 7069 units (using 8 threads)
 INFO Report generated in 0.196s
 INFO Writing to build/GEDE01/report.json
[940/944] LINK build/GEDE01/main.elf
### mwldeppc.exe Linker Warning:
#   Section '.ignored' is unknown. Section ignored.
### mwldeppc.exe Linker Warning:
#   Section '.ignored' is unknown. Section ignored.
### mwldeppc.exe Linker Warning:
#   Section '.ignored' is unknown. Section ignored.
### mwldeppc.exe Linker Warning:
#   Section '.ignored' is unknown. Section ignored.
### mwldeppc.exe Linker Warning:
#   Section '.ignored' is unknown. Section ignored.
### mwldeppc.exe Linker Warning:
#   Section '.ignored' is unknown. Section ignored.
### mwldeppc.exe Linker Warning:
#   Section '.ignored' is unknown. Section ignored.
### mwldeppc.exe Linker Warning:
#   Section '.ignored' is unknown. Section ignored.
### mwldeppc.exe Linker Warning:
#   Section '.ignored' is unknown. Section ignored.
### mwldeppc.exe Linker Warning:
#   Section '.ignored' is unknown. Section ignored.
### mwldeppc.exe Linker Warning:
#   Section '.ignored' is unknown. Section ignored.
### mwldeppc.exe Linker Warning:
#   Section '.ignored' is unknown. Section ignored.
### mwldeppc.exe Linker Warning:
#   Section '.ignored' is unknown. Section ignored.
### mwldeppc.exe Linker Warning:
#   Section '.ignored' is unknown. Section ignored.
### mwldeppc.exe Linker Warning:
#   Section '.ignored' is unknown. Section ignored.
### mwldeppc.exe Linker Warning:
#   Section '.ignored' is unknown. Section ignored.
### mwldeppc.exe Linker Warning:
#   Section '.ignored' is unknown. Section ignored.
### mwldeppc.exe Linker Warning:
#   Section '.ignored' is unknown. Section ignored.
### mwldeppc.exe Linker Warning:
#   Section '.ignored' is unknown. Section ignored.
### mwldeppc.exe Linker Warning:
#   Section '.ignored' is unknown. Section ignored.
### mwldeppc.exe Linker Warning:
#   Section '.ignored' is unknown. Section ignored.
### mwldeppc.exe Linker Warning:
#   Section '.ignored' is unknown. Section ignored.
### mwldeppc.exe Linker Warning:
#   Section '.ignored' is unknown. Section ignored.
### mwldeppc.exe Linker Warning:
#   Section '.ignored' is unknown. Section ignored.
### mwldeppc.exe Linker Warning:
#   Section '.ignored' is unknown. Section ignored.
### mwldeppc.exe Linker Warning:
#   Section '.ignored' is unknown. Section ignored.
### mwldeppc.exe Linker Warning:
#   Section '.ignored' is unknown. Section ignored.
### mwldeppc.exe Linker Warning:
#   Section '.ignored' is unknown. Section ignored.
### mwldeppc.exe Linker Warning:
#   Section '.ignored' is unknown. Section ignored.
### mwldeppc.exe Linker Warning:
#   Section '.ignored' is unknown. Section ignored.
### mwldeppc.exe Linker Warning:
#   Section '.ignored' is unknown. Section ignored.
### mwldeppc.exe Linker Warning:
#   Section '.ignored' is unknown. Section ignored.
### mwldeppc.exe Linker Warning:
#   Section '.ignored' is unknown. Section ignored.
### mwldeppc.exe Linker Warning:
#   Section '.ignored' is unknown. Section ignored.
### mwldeppc.exe Linker Warning:
#   Section '.ignored' is unknown. Section ignored.
### mwldeppc.exe Linker Warning:
#   Section '.ignored' is unknown. Section ignored.
### mwldeppc.exe Linker Warning:
#   Section '.ignored' is unknown. Section ignored.
### mwldeppc.exe Linker Warning:
#   Section '.ignored' is unknown. Section ignored.
### mwldeppc.exe Linker Warning:
#   Section '.ignored' is unknown. Section ignored.
### mwldeppc.exe Linker Warning:
#   Section '.ignored' is unknown. Section ignored.
### mwldeppc.exe Linker Warning:
#   Section '.ignored' is unknown. Section ignored.
### mwldeppc.exe Linker Warning:
#   Section '.ignored' is unknown. Section ignored.
### mwldeppc.exe Linker Warning:
#   Section '.ignored' is unknown. Section ignored.
### mwldeppc.exe Linker Warning:
#   Section '.ignored' is unknown. Section ignored.
### mwldeppc.exe Linker Warning:
#   Section '.ignored' is unknown. Section ignored.
### mwldeppc.exe Linker Warning:
#   Section '.ignored' is unknown. Section ignored.
### mwldeppc.exe Linker Warning:
#   Section '.ignored' is unknown. Section ignored.
### mwldeppc.exe Linker Warning:
#   Section '.ignored' is unknown. Section ignored.
### mwldeppc.exe Linker Warning:
#   Section '.ignored' is unknown. Section ignored.
### mwldeppc.exe Linker Warning:
#   Section '.ignored' is unknown. Section ignored.
### mwldeppc.exe Linker Warning:
#   Section '.ignored' is unknown. Section ignored.
### mwldeppc.exe Linker Warning:
#   Section '.ignored' is unknown. Section ignored.
### mwldeppc.exe Linker Warning:
#   Section '.ignored' is unknown. Section ignored.
### mwldeppc.exe Linker Warning:
#   Section '.ignored' is unknown. Section ignored.
### mwldeppc.exe Linker Warning:
#   Section '.ignored' is unknown. Section ignored.
### mwldeppc.exe Linker Warning:
#   Section '.ignored' is unknown. Section ignored.
### mwldeppc.exe Linker Warning:
#   Section '.ignored' is unknown. Section ignored.
### mwldeppc.exe Linker Warning:
#   Section '.ignored' is unknown. Section ignored.
### mwldeppc.exe Linker Warning:
#   Section '.ignored' is unknown. Section ignored.
### mwldeppc.exe Linker Warning:
#   Section '.ignored' is unknown. Section ignored.
### mwldeppc.exe Linker Warning:
#   Section '.ignored' is unknown. Section ignored.
### mwldeppc.exe Linker Warning:
#   Section '.ignored' is unknown. Section ignored.
### mwldeppc.exe Linker Warning:
#   Section '.ignored' is unknown. Section ignored.
### mwldeppc.exe Linker Warning:
#   Section '.ignored' is unknown. Section ignored.
### mwldeppc.exe Linker Warning:
#   Section '.ignored' is unknown. Section ignored.
### mwldeppc.exe Linker Warning:
#   Section '.ignored' is unknown. Section ignored.
### mwldeppc.exe Linker Warning:
#   Section '.ignored' is unknown. Section ignored.
### mwldeppc.exe Linker Warning:
#   Section '.ignored' is unknown. Section ignored.
### mwldeppc.exe Linker Warning:
#   Section '.ignored' is unknown. Section ignored.
### mwldeppc.exe Linker Warning:
#   Section '.ignored' is unknown. Section ignored.
### mwldeppc.exe Linker Warning:
#   Section '.ignored' is unknown. Section ignored.
### mwldeppc.exe Linker Warning:
#   Section '.ignored' is unknown. Section ignored.
### mwldeppc.exe Linker Warning:
#   Section '.ignored' is unknown. Section ignored.
### mwldeppc.exe Linker Warning:
#   Section '.ignored' is unknown. Section ignored.
### mwldeppc.exe Linker Warning:
#   Section '.ignored' is unknown. Section ignored.
### mwldeppc.exe Linker Warning:
#   Section '.ignored' is unknown. Section ignored.
### mwldeppc.exe Linker Warning:
#   Section '.ignored' is unknown. Section ignored.
### mwldeppc.exe Linker Warning:
#   Section '.ignored' is unknown. Section ignored.
### mwldeppc.exe Linker Warning:
#   Section '.ignored' is unknown. Section ignored.
### mwldeppc.exe Linker Warning:
#   Section '.ignored' is unknown. Section ignored.
### mwldeppc.exe Linker Warning:
#   Section '.ignored' is unknown. Section ignored.
### mwldeppc.exe Linker Warning:
#   Section '.ignored' is unknown. Section ignored.
### mwldeppc.exe Linker Warning:
#   Section '.ignored' is unknown. Section ignored.
### mwldeppc.exe Linker Warning:
#   Section '.ignored' is unknown. Section ignored.
### mwldeppc.exe Linker Warning:
#   Section '.ignored' is unknown. Section ignored.
### mwldeppc.exe Linker Warning:
#   Section '.ignored' is unknown. Section ignored.
### mwldeppc.exe Linker Warning:
#   Section '.ignored' is unknown. Section ignored.
### mwldeppc.exe Linker Warning:
#   Section '.ignored' is unknown. Section ignored.
### mwldeppc.exe Linker Warning:
#   Section '.ignored' is unknown. Section ignored.
### mwldeppc.exe Linker Warning:
#   Section '.ignored' is unknown. Section ignored.
### mwldeppc.exe Linker Warning:
#   Section '.ignored' is unknown. Section ignored.
### mwldeppc.exe Linker Warning:
#   Section '.ignored' is unknown. Section ignored.
### mwldeppc.exe Linker Warning:
#   Section '.ignored' is unknown. Section ignored.
### mwldeppc.exe Linker Warning:
#   Section '.ignored' is unknown. Section ignored.
### mwldeppc.exe Linker Warning:
#   Section '.ignored' is unknown. Section ignored.
### mwldeppc.exe Linker Warning:
#   Section '.ignored' is unknown. Section ignored.
### mwldeppc.exe Linker Warning:
#   Section '.ignored' is unknown. Section ignored.
### mwldeppc.exe Linker Warning:
#   Section '.ignored' is unknown. Section ignored.
### mwldeppc.exe Linker Warning:
#   Section '.ignored' is unknown. Section ignored.
### mwldeppc.exe Linker Warning:
#   Section '.ignored' is unknown. Section ignored.
### mwldeppc.exe Linker Warning:
#   Section '.ignored' is unknown. Section ignored.
### mwldeppc.exe Linker Warning:
#   Section '.ignored' is unknown. Section ignored.
### mwldeppc.exe Linker Warning:
#   Section '.ignored' is unknown. Section ignored.
### mwldeppc.exe Linker Warning:
#   Section '.ignored' is unknown. Section ignored.
### mwldeppc.exe Linker Warning:
#   Section '.ignored' is unknown. Section ignored.
### mwldeppc.exe Linker Warning:
#   Section '.ignored' is unknown. Section ignored.
### mwldeppc.exe Linker Warning:
#   Section '.ignored' is unknown. Section ignored.
### mwldeppc.exe Linker Warning:
#   Section '.ignored' is unknown. Section ignored.
### mwldeppc.exe Linker Warning:
#   Section '.ignored' is unknown. Section ignored.
### mwldeppc.exe Linker Warning:
#   Section '.ignored' is unknown. Section ignored.
### mwldeppc.exe Linker Warning:
#   Section '.ignored' is unknown. Section ignored.
### mwldeppc.exe Linker Warning:
#   Section '.ignored' is unknown. Section ignored.
### mwldeppc.exe Linker Warning:
#   Section '.ignored' is unknown. Section ignored.
### mwldeppc.exe Linker Warning:
#   Section '.ignored' is unknown. Section ignored.
### mwldeppc.exe Linker Warning:
#   Section '.ignored' is unknown. Section ignored.
### mwldeppc.exe Linker Warning:
#   Section '.ignored' is unknown. Section ignored.
### mwldeppc.exe Linker Warning:
#   Section '.ignored' is unknown. Section ignored.
### mwldeppc.exe Linker Warning:
#   Section '.ignored' is unknown. Section ignored.
### mwldeppc.exe Linker Warning:
#   Section '.ignored' is unknown. Section ignored.
### mwldeppc.exe Linker Warning:
#   Section '.ignored' is unknown. Section ignored.
### mwldeppc.exe Linker Warning:
#   Section '.ignored' is unknown. Section ignored.
### mwldeppc.exe Linker Warning:
#   Section '.ignored' is unknown. Section ignored.
### mwldeppc.exe Linker Warning:
#   Section '.ignored' is unknown. Section ignored.
### mwldeppc.exe Linker Warning:
#   Section '.ignored' is unknown. Section ignored.
### mwldeppc.exe Linker Warning:
#   Section '.ignored' is unknown. Section ignored.
### mwldeppc.exe Linker Warning:
#   Section '.ignored' is unknown. Section ignored.
### mwldeppc.exe Linker Warning:
#   Section '.ignored' is unknown. Section ignored.
### mwldeppc.exe Linker Warning:
#   Section '.ignored' is unknown. Section ignored.
### mwldeppc.exe Linker Warning:
#   Section '.ignored' is unknown. Section ignored.
### mwldeppc.exe Linker Warning:
#   Section '.ignored' is unknown. Section ignored.
### mwldeppc.exe Linker Warning:
#   Section '.ignored' is unknown. Section ignored.
### mwldeppc.exe Linker Warning:
#   Section '.ignored' is unknown. Section ignored.
### mwldeppc.exe Linker Warning:
#   Section '.ignored' is unknown. Section ignored.
### mwldeppc.exe Linker Warning:
#   Section '.ignored' is unknown. Section ignored.
### mwldeppc.exe Linker Warning:
#   Section '.ignored' is unknown. Section ignored.
### mwldeppc.exe Linker Warning:
#   Section '.ignored' is unknown. Section ignored.
### mwldeppc.exe Linker Warning:
#   Section '.ignored' is unknown. Section ignored.
### mwldeppc.exe Linker Warning:
#   Section '.ignored' is unknown. Section ignored.
### mwldeppc.exe Linker Warning:
#   Section '.ignored' is unknown. Section ignored.
### mwldeppc.exe Linker Warning:
#   Section '.ignored' is unknown. Section ignored.
### mwldeppc.exe Linker Warning:
#   Section '.ignored' is unknown. Section ignored.
### mwldeppc.exe Linker Warning:
#   Section '.ignored' is unknown. Section ignored.
### mwldeppc.exe Linker Warning:
#   Section '.ignored' is unknown. Section ignored.
### mwldeppc.exe Linker Warning:
#   Section '.ignored' is unknown. Section ignored.
### mwldeppc.exe Linker Warning:
#   Section '.ignored' is unknown. Section ignored.
### mwldeppc.exe Linker Warning:
#   Section '.ignored' is unknown. Section ignored.
### mwldeppc.exe Linker Warning:
#   Section '.ignored' is unknown. Section ignored.
### mwldeppc.exe Linker Warning:
#   Section '.ignored' is unknown. Section ignored.
### mwldeppc.exe Linker Warning:
#   Section '.ignored' is unknown. Section ignored.
### mwldeppc.exe Linker Warning:
#   Section '.ignored' is unknown. Section ignored.
### mwldeppc.exe Linker Warning:
#   Section '.ignored' is unknown. Section ignored.
### mwldeppc.exe Linker Warning:
#   Section '.ignored' is unknown. Section ignored.
### mwldeppc.exe Linker Warning:
#   Section '.ignored' is unknown. Section ignored.
### mwldeppc.exe Linker Warning:
#   Section '.ignored' is unknown. Section ignored.
### mwldeppc.exe Linker Warning:
#   Section '.ignored' is unknown. Section ignored.
### mwldeppc.exe Linker Warning:
#   Section '.ignored' is unknown. Section ignored.
### mwldeppc.exe Linker Warning:
#   Section '.ignored' is unknown. Section ignored.
### mwldeppc.exe Linker Warning:
#   Section '.ignored' is unknown. Section ignored.
### mwldeppc.exe Linker Warning:
#   Section '.ignored' is unknown. Section ignored.
### mwldeppc.exe Linker Warning:
#   Section '.ignored' is unknown. Section ignored.
### mwldeppc.exe Linker Warning:
#   Section '.ignored' is unknown. Section ignored.
### mwldeppc.exe Linker Warning:
#   Section '.ignored' is unknown. Section ignored.
### mwldeppc.exe Linker Warning:
#   Section '.ignored' is unknown. Section ignored.
### mwldeppc.exe Linker Warning:
#   Section '.ignored' is unknown. Section ignored.
### mwldeppc.exe Linker Warning:
#   Section '.ignored' is unknown. Section ignored.
### mwldeppc.exe Linker Warning:
#   Section '.ignored' is unknown. Section ignored.
### mwldeppc.exe Linker Warning:
#   Section '.ignored' is unknown. Section ignored.
### mwldeppc.exe Linker Warning:
#   Section '.ignored' is unknown. Section ignored.
### mwldeppc.exe Linker Warning:
#   Section '.ignored' is unknown. Section ignored.
### mwldeppc.exe Linker Warning:
#   Section '.ignored' is unknown. Section ignored.
### mwldeppc.exe Linker Warning:
#   Section '.ignored' is unknown. Section ignored.
### mwldeppc.exe Linker Warning:
#   Section '.ignored' is unknown. Section ignored.
### mwldeppc.exe Linker Warning:
#   Section '.ignored' is unknown. Section ignored.
### mwldeppc.exe Linker Warning:
#   Section '.ignored' is unknown. Section ignored.
### mwldeppc.exe Linker Warning:
#   Section '.ignored' is unknown. Section ignored.
### mwldeppc.exe Linker Warning:
#   Section '.ignored' is unknown. Section ignored.
### mwldeppc.exe Linker Warning:
#   Section '.ignored' is unknown. Section ignored.
### mwldeppc.exe Linker Warning:
#   Section '.ignored' is unknown. Section ignored.
### mwldeppc.exe Linker Warning:
#   Section '.ignored' is unknown. Section ignored.
### mwldeppc.exe Linker Warning:
#   Section '.ignored' is unknown. Section ignored.
### mwldeppc.exe Linker Warning:
#   Section '.ignored' is unknown. Section ignored.
### mwldeppc.exe Linker Warning:
#   Section '.ignored' is unknown. Section ignored.
### mwldeppc.exe Linker Warning:
#   Section '.ignored' is unknown. Section ignored.
### mwldeppc.exe Linker Warning:
#   Section '.ignored' is unknown. Section ignored.
### mwldeppc.exe Linker Warning:
#   Section '.ignored' is unknown. Section ignored.
### mwldeppc.exe Linker Warning:
#   Section '.ignored' is unknown. Section ignored.
### mwldeppc.exe Linker Warning:
#   Section '.ignored' is unknown. Section ignored.
### mwldeppc.exe Linker Warning:
#   Section '.ignored' is unknown. Section ignored.
### mwldeppc.exe Linker Warning:
#   Section '.ignored' is unknown. Section ignored.
### mwldeppc.exe Linker Warning:
#   Section '.ignored' is unknown. Section ignored.
### mwldeppc.exe Linker Warning:
#   Section '.ignored' is unknown. Section ignored.
### mwldeppc.exe Linker Warning:
#   Section '.ignored' is unknown. Section ignored.
### mwldeppc.exe Linker Warning:
#   Section '.ignored' is unknown. Section ignored.
### mwldeppc.exe Linker Warning:
#   Section '.ignored' is unknown. Section ignored.
### mwldeppc.exe Linker Warning:
#   Section '.ignored' is unknown. Section ignored.
### mwldeppc.exe Linker Warning:
#   Section '.ignored' is unknown. Section ignored.
### mwldeppc.exe Linker Warning:
#   Section '.ignored' is unknown. Section ignored.
### mwldeppc.exe Linker Warning:
#   Section '.ignored' is unknown. Section ignored.
### mwldeppc.exe Linker Warning:
#   Section '.ignored' is unknown. Section ignored.
### mwldeppc.exe Linker Warning:
#   Section '.ignored' is unknown. Section ignored.
### mwldeppc.exe Linker Warning:
#   Section '.ignored' is unknown. Section ignored.
### mwldeppc.exe Linker Warning:
#   Section '.ignored' is unknown. Section ignored.
### mwldeppc.exe Linker Warning:
#   Section '.ignored' is unknown. Section ignored.
### mwldeppc.exe Linker Warning:
#   Section '.ignored' is unknown. Section ignored.
### mwldeppc.exe Linker Warning:
#   Section '.ignored' is unknown. Section ignored.
### mwldeppc.exe Linker Warning:
#   Section '.ignored' is unknown. Section ignored.
### mwldeppc.exe Linker Warning:
#   Section '.ignored' is unknown. Section ignored.
### mwldeppc.exe Linker Warning:
#   Section '.ignored' is unknown. Section ignored.
### mwldeppc.exe Linker Warning:
#   Section '.ignored' is unknown. Section ignored.
### mwldeppc.exe Linker Warning:
#   Section '.ignored' is unknown. Section ignored.
### mwldeppc.exe Linker Warning:
#   Section '.ignored' is unknown. Section ignored.
### mwldeppc.exe Linker Warning:
#   Section '.ignored' is unknown. Section ignored.
### mwldeppc.exe Linker Warning:
#   Section '.ignored' is unknown. Section ignored.
### mwldeppc.exe Linker Warning:
#   Section '.ignored' is unknown. Section ignored.
### mwldeppc.exe Linker Warning:
#   Section '.ignored' is unknown. Section ignored.
### mwldeppc.exe Linker Warning:
#   Section '.ignored' is unknown. Section ignored.
### mwldeppc.exe Linker Warning:
#   Section '.ignored' is unknown. Section ignored.
### mwldeppc.exe Linker Warning:
#   Section '.ignored' is unknown. Section ignored.
### mwldeppc.exe Linker Warning:
#   Section '.ignored' is unknown. Section ignored.
### mwldeppc.exe Linker Warning:
#   Section '.ignored' is unknown. Section ignored.
### mwldeppc.exe Linker Warning:
#   Section '.ignored' is unknown. Section ignored.
### mwldeppc.exe Linker Warning:
#   Section '.ignored' is unknown. Section ignored.
### mwldeppc.exe Linker Warning:
#   Section '.ignored' is unknown. Section ignored.
### mwldeppc.exe Linker Warning:
#   Section '.ignored' is unknown. Section ignored.
### mwldeppc.exe Linker Warning:
#   Section '.ignored' is unknown. Section ignored.
### mwldeppc.exe Linker Warning:
#   Section '.ignored' is unknown. Section ignored.
### mwldeppc.exe Linker Warning:
#   Section '.ignored' is unknown. Section ignored.
### mwldeppc.exe Linker Warning:
#   Section '.ignored' is unknown. Section ignored.
### mwldeppc.exe Linker Warning:
#   Section '.ignored' is unknown. Section ignored.
### mwldeppc.exe Linker Warning:
#   Section '.ignored' is unknown. Section ignored.
### mwldeppc.exe Linker Warning:
#   Section '.ignored' is unknown. Section ignored.
### mwldeppc.exe Linker Warning:
#   Section '.ignored' is unknown. Section ignored.
### mwldeppc.exe Linker Warning:
#   Section '.ignored' is unknown. Section ignored.
### mwldeppc.exe Linker Warning:
#   Section '.ignored' is unknown. Section ignored.
### mwldeppc.exe Linker Warning:
#   Section '.ignored' is unknown. Section ignored.
### mwldeppc.exe Linker Warning:
#   Section '.ignored' is unknown. Section ignored.
### mwldeppc.exe Linker Warning:
#   Section '.ignored' is unknown. Section ignored.
### mwldeppc.exe Linker Warning:
#   Section '.ignored' is unknown. Section ignored.
### mwldeppc.exe Linker Warning:
#   Section '.ignored' is unknown. Section ignored.
### mwldeppc.exe Linker Warning:
#   Section '.ignored' is unknown. Section ignored.
### mwldeppc.exe Linker Warning:
#   Section '.ignored' is unknown. Section ignored.
### mwldeppc.exe Linker Warning:
#   Section '.ignored' is unknown. Section ignored.
### mwldeppc.exe Linker Warning:
#   Section '.ignored' is unknown. Section ignored.
### mwldeppc.exe Linker Warning:
#   Section '.ignored' is unknown. Section ignored.
### mwldeppc.exe Linker Warning:
#   Section '.ignored' is unknown. Section ignored.
### mwldeppc.exe Linker Warning:
#   Section '.ignored' is unknown. Section ignored.
### mwldeppc.exe Linker Warning:
#   Section '.ignored' is unknown. Section ignored.
### mwldeppc.exe Linker Warning:
#   Section '.ignored' is unknown. Section ignored.
### mwldeppc.exe Linker Warning:
#   Section '.ignored' is unknown. Section ignored.
### mwldeppc.exe Linker Warning:
#   Section '.ignored' is unknown. Section ignored.
### mwldeppc.exe Linker Warning:
#   Section '.ignored' is unknown. Section ignored.
### mwldeppc.exe Linker Warning:
#   Section '.ignored' is unknown. Section ignored.
### mwldeppc.exe Linker Warning:
#   Section '.ignored' is unknown. Section ignored.
### mwldeppc.exe Linker Warning:
#   Section '.ignored' is unknown. Section ignored.
### mwldeppc.exe Linker Warning:
#   Section '.ignored' is unknown. Section ignored.
### mwldeppc.exe Linker Warning:
#   Section '.ignored' is unknown. Section ignored.
### mwldeppc.exe Linker Warning:
#   Section '.ignored' is unknown. Section ignored.
### mwldeppc.exe Linker Warning:
#   Section '.ignored' is unknown. Section ignored.
### mwldeppc.exe Linker Warning:
#   Section '.ignored' is unknown. Section ignored.
### mwldeppc.exe Linker Warning:
#   Section '.ignored' is unknown. Section ignored.
### mwldeppc.exe Linker Warning:
#   Section '.ignored' is unknown. Section ignored.
### mwldeppc.exe Linker Warning:
#   Section '.ignored' is unknown. Section ignored.
### mwldeppc.exe Linker Warning:
#   Section '.ignored' is unknown. Section ignored.
### mwldeppc.exe Linker Warning:
#   Section '.ignored' is unknown. Section ignored.
### mwldeppc.exe Linker Warning:
#   Section '.ignored' is unknown. Section ignored.
### mwldeppc.exe Linker Warning:
#   Section '.ignored' is unknown. Section ignored.
### mwldeppc.exe Linker Warning:
#   Section '.ignored' is unknown. Section ignored.
### mwldeppc.exe Linker Warning:
#   Section '.ignored' is unknown. Section ignored.
### mwldeppc.exe Linker Warning:
#   Section '.ignored' is unknown. Section ignored.
### mwldeppc.exe Linker Warning:
#   Section '.ignored' is unknown. Section ignored.
### mwldeppc.exe Linker Warning:
#   Section '.ignored' is unknown. Section ignored.
### mwldeppc.exe Linker Warning:
#   Section '.ignored' is unknown. Section ignored.
### mwldeppc.exe Linker Warning:
#   Section '.ignored' is unknown. Section ignored.
### mwldeppc.exe Linker Warning:
#   Section '.ignored' is unknown. Section ignored.
### mwldeppc.exe Linker Warning:
#   Section '.ignored' is unknown. Section ignored.
### mwldeppc.exe Linker Warning:
#   Section '.ignored' is unknown. Section ignored.
### mwldeppc.exe Linker Warning:
#   Section '.ignored' is unknown. Section ignored.
### mwldeppc.exe Linker Warning:
#   Section '.ignored' is unknown. Section ignored.
### mwldeppc.exe Linker Warning:
#   Section '.ignored' is unknown. Section ignored.
### mwldeppc.exe Linker Warning:
#   Section '.ignored' is unknown. Section ignored.
### mwldeppc.exe Linker Warning:
#   Section '.ignored' is unknown. Section ignored.
### mwldeppc.exe Linker Warning:
#   Section '.ignored' is unknown. Section ignored.
### mwldeppc.exe Linker Warning:
#   Section '.ignored' is unknown. Section ignored.
### mwldeppc.exe Linker Warning:
#   Section '.ignored' is unknown. Section ignored.
### mwldeppc.exe Linker Warning:
#   Section '.ignored' is unknown. Section ignored.
### mwldeppc.exe Linker Warning:
#   Section '.ignored' is unknown. Section ignored.
### mwldeppc.exe Linker Warning:
#   Section '.ignored' is unknown. Section ignored.
### mwldeppc.exe Linker Warning:
#   Section '.ignored' is unknown. Section ignored.
### mwldeppc.exe Linker Warning:
#   Section '.ignored' is unknown. Section ignored.
### mwldeppc.exe Linker Warning:
#   Section '.ignored' is unknown. Section ignored.
### mwldeppc.exe Linker Warning:
#   Section '.ignored' is unknown. Section ignored.
### mwldeppc.exe Linker Warning:
#   Section '.ignored' is unknown. Section ignored.
### mwldeppc.exe Linker Warning:
#   Section '.ignored' is unknown. Section ignored.
### mwldeppc.exe Linker Warning:
#   Section '.ignored' is unknown. Section ignored.
### mwldeppc.exe Linker Warning:
#   Section '.ignored' is unknown. Section ignored.
### mwldeppc.exe Linker Warning:
#   Section '.ignored' is unknown. Section ignored.
### mwldeppc.exe Linker Warning:
#   Section '.ignored' is unknown. Section ignored.
### mwldeppc.exe Linker Warning:
#   Section '.ignored' is unknown. Section ignored.
### mwldeppc.exe Linker Warning:
#   Section '.ignored' is unknown. Section ignored.
### mwldeppc.exe Linker Warning:
#   Section '.ignored' is unknown. Section ignored.
### mwldeppc.exe Linker Warning:
#   Section '.ignored' is unknown. Section ignored.
### mwldeppc.exe Linker Warning:
#   Section '.ignored' is unknown. Section ignored.
### mwldeppc.exe Linker Warning:
#   Section '.ignored' is unknown. Section ignored.
### mwldeppc.exe Linker Warning:
#   Section '.ignored' is unknown. Section ignored.
### mwldeppc.exe Linker Warning:
#   Section '.ignored' is unknown. Section ignored.
### mwldeppc.exe Linker Warning:
#   Section '.ignored' is unknown. Section ignored.
### mwldeppc.exe Linker Warning:
#   Section '.ignored' is unknown. Section ignored.
### mwldeppc.exe Linker Warning:
#   Section '.ignored' is unknown. Section ignored.
### mwldeppc.exe Linker Warning:
#   Section '.ignored' is unknown. Section ignored.
### mwldeppc.exe Linker Warning:
#   Section '.ignored' is unknown. Section ignored.
### mwldeppc.exe Linker Warning:
#   Section '.ignored' is unknown. Section ignored.
### mwldeppc.exe Linker Warning:
#   Section '.ignored' is unknown. Section ignored.
### mwldeppc.exe Linker Warning:
#   Section '.ignored' is unknown. Section ignored.
### mwldeppc.exe Linker Warning:
#   Section '.ignored' is unknown. Section ignored.
### mwldeppc.exe Linker Warning:
#   Section '.ignored' is unknown. Section ignored.
### mwldeppc.exe Linker Warning:
#   Section '.ignored' is unknown. Section ignored.
### mwldeppc.exe Linker Warning:
#   Section '.ignored' is unknown. Section ignored.
### mwldeppc.exe Linker Warning:
#   Section '.ignored' is unknown. Section ignored.
### mwldeppc.exe Linker Warning:
#   Section '.ignored' is unknown. Section ignored.
### mwldeppc.exe Linker Warning:
#   Section '.ignored' is unknown. Section ignored.
### mwldeppc.exe Linker Warning:
#   Section '.ignored' is unknown. Section ignored.
### mwldeppc.exe Linker Warning:
#   Section '.ignored' is unknown. Section ignored.
### mwldeppc.exe Linker Warning:
#   Section '.ignored' is unknown. Section ignored.
### mwldeppc.exe Linker Warning:
#   Section '.ignored' is unknown. Section ignored.
### mwldeppc.exe Linker Warning:
#   Section '.ignored' is unknown. Section ignored.
### mwldeppc.exe Linker Warning:
#   Section '.ignored' is unknown. Section ignored.
### mwldeppc.exe Linker Warning:
#   Section '.ignored' is unknown. Section ignored.
### mwldeppc.exe Linker Warning:
#   Section '.ignored' is unknown. Section ignored.
### mwldeppc.exe Linker Warning:
#   Section '.ignored' is unknown. Section ignored.
### mwldeppc.exe Linker Warning:
#   Section '.ignored' is unknown. Section ignored.
### mwldeppc.exe Linker Warning:
#   Section '.ignored' is unknown. Section ignored.
### mwldeppc.exe Linker Warning:
#   Section '.ignored' is unknown. Section ignored.
### mwldeppc.exe Linker Warning:
#   Section '.ignored' is unknown. Section ignored.
### mwldeppc.exe Linker Warning:
#   Section '.ignored' is unknown. Section ignored.
### mwldeppc.exe Linker Warning:
#   Section '.ignored' is unknown. Section ignored.
### mwldeppc.exe Linker Warning:
#   Section '.ignored' is unknown. Section ignored.
### mwldeppc.exe Linker Warning:
#   Section '.ignored' is unknown. Section ignored.
### mwldeppc.exe Linker Warning:
#   Section '.ignored' is unknown. Section ignored.
### mwldeppc.exe Linker Warning:
#   Section '.ignored' is unknown. Section ignored.
### mwldeppc.exe Linker Warning:
#   Section '.ignored' is unknown. Section ignored.
### mwldeppc.exe Linker Warning:
#   Section '.ignored' is unknown. Section ignored.
### mwldeppc.exe Linker Warning:
#   Section '.ignored' is unknown. Section ignored.
### mwldeppc.exe Linker Warning:
#   Section '.ignored' is unknown. Section ignored.
### mwldeppc.exe Linker Warning:
#   Section '.ignored' is unknown. Section ignored.
### mwldeppc.exe Linker Warning:
#   Section '.ignored' is unknown. Section ignored.
### mwldeppc.exe Linker Warning:
#   Section '.ignored' is unknown. Section ignored.
### mwldeppc.exe Linker Warning:
#   Section '.ignored' is unknown. Section ignored.
### mwldeppc.exe Linker Warning:
#   Section '.ignored' is unknown. Section ignored.
### mwldeppc.exe Linker Warning:
#   Section '.ignored' is unknown. Section ignored.
### mwldeppc.exe Linker Warning:
#   Section '.ignored' is unknown. Section ignored.
### mwldeppc.exe Linker Warning:
#   Section '.ignored' is unknown. Section ignored.
### mwldeppc.exe Linker Warning:
#   Section '.ignored' is unknown. Section ignored.
### mwldeppc.exe Linker Warning:
#   Section '.ignored' is unknown. Section ignored.
### mwldeppc.exe Linker Warning:
#   Section '.ignored' is unknown. Section ignored.
### mwldeppc.exe Linker Warning:
#   Section '.ignored' is unknown. Section ignored.
### mwldeppc.exe Linker Warning:
#   Section '.ignored' is unknown. Section ignored.
### mwldeppc.exe Linker Warning:
#   Section '.ignored' is unknown. Section ignored.
### mwldeppc.exe Linker Warning:
#   Section '.ignored' is unknown. Section ignored.
### mwldeppc.exe Linker Warning:
#   Section '.ignored' is unknown. Section ignored.
### mwldeppc.exe Linker Warning:
#   Section '.ignored' is unknown. Section ignored.
### mwldeppc.exe Linker Warning:
#   Section '.ignored' is unknown. Section ignored.
### mwldeppc.exe Linker Warning:
#   Section '.ignored' is unknown. Section ignored.
### mwldeppc.exe Linker Warning:
#   Section '.ignored' is unknown. Section ignored.
### mwldeppc.exe Linker Warning:
#   Section '.ignored' is unknown. Section ignored.
### mwldeppc.exe Linker Warning:
#   Section '.ignored' is unknown. Section ignored.
### mwldeppc.exe Linker Warning:
#   Section '.ignored' is unknown. Section ignored.
### mwldeppc.exe Linker Warning:
#   Section '.ignored' is unknown. Section ignored.
### mwldeppc.exe Linker Warning:
#   Section '.ignored' is unknown. Section ignored.
### mwldeppc.exe Linker Warning:
#   Section '.ignored' is unknown. Section ignored.
### mwldeppc.exe Linker Warning:
#   Section '.ignored' is unknown. Section ignored.
### mwldeppc.exe Linker Warning:
#   Section '.ignored' is unknown. Section ignored.
### mwldeppc.exe Linker Warning:
#   Section '.ignored' is unknown. Section ignored.
### mwldeppc.exe Linker Warning:
#   Section '.ignored' is unknown. Section ignored.
### mwldeppc.exe Linker Warning:
#   Section '.ignored' is unknown. Section ignored.
### mwldeppc.exe Linker Warning:
#   Section '.ignored' is unknown. Section ignored.
### mwldeppc.exe Linker Warning:
#   Section '.ignored' is unknown. Section ignored.
### mwldeppc.exe Linker Warning:
#   Section '.ignored' is unknown. Section ignored.
### mwldeppc.exe Linker Warning:
#   Section '.ignored' is unknown. Section ignored.
### mwldeppc.exe Linker Warning:
#   Section '.ignored' is unknown. Section ignored.
### mwldeppc.exe Linker Warning:
#   Section '.ignored' is unknown. Section ignored.
### mwldeppc.exe Linker Warning:
#   Section '.ignored' is unknown. Section ignored.
### mwldeppc.exe Linker Warning:
#   Section '.ignored' is unknown. Section ignored.
### mwldeppc.exe Linker Warning:
#   Section '.ignored' is unknown. Section ignored.
### mwldeppc.exe Linker Warning:
#   Section '.ignored' is unknown. Section ignored.
### mwldeppc.exe Linker Warning:
#   Section '.ignored' is unknown. Section ignored.
### mwldeppc.exe Linker Warning:
#   Section '.ignored' is unknown. Section ignored.
### mwldeppc.exe Linker Warning:
#   Section '.ignored' is unknown. Section ignored.
### mwldeppc.exe Linker Warning:
#   Section '.ignored' is unknown. Section ignored.
### mwldeppc.exe Linker Warning:
#   Section '.ignored' is unknown. Section ignored.
### mwldeppc.exe Linker Warning:
#   Section '.ignored' is unknown. Section ignored.
### mwldeppc.exe Linker Warning:
#   Section '.ignored' is unknown. Section ignored.
### mwldeppc.exe Linker Warning:
#   Section '.ignored' is unknown. Section ignored.
### mwldeppc.exe Linker Warning:
#   Section '.ignored' is unknown. Section ignored.
### mwldeppc.exe Linker Warning:
#   Section '.ignored' is unknown. Section ignored.
### mwldeppc.exe Linker Warning:
#   Section '.ignored' is unknown. Section ignored.
### mwldeppc.exe Linker Warning:
#   Section '.ignored' is unknown. Section ignored.
### mwldeppc.exe Linker Warning:
#   Section '.ignored' is unknown. Section ignored.
### mwldeppc.exe Linker Warning:
#   Section '.ignored' is unknown. Section ignored.
### mwldeppc.exe Linker Warning:
#   Section '.ignored' is unknown. Section ignored.
### mwldeppc.exe Linker Warning:
#   Section '.ignored' is unknown. Section ignored.
### mwldeppc.exe Linker Warning:
#   Section '.ignored' is unknown. Section ignored.
### mwldeppc.exe Linker Warning:
#   Section '.ignored' is unknown. Section ignored.
### mwldeppc.exe Linker Warning:
#   Section '.ignored' is unknown. Section ignored.
### mwldeppc.exe Linker Warning:
#   Section '.ignored' is unknown. Section ignored.
### mwldeppc.exe Linker Warning:
#   Section '.ignored' is unknown. Section ignored.
### mwldeppc.exe Linker Warning:
#   Section '.ignored' is unknown. Section ignored.
### mwldeppc.exe Linker Warning:
#   Section '.ignored' is unknown. Section ignored.
### mwldeppc.exe Linker Warning:
#   Section '.ignored' is unknown. Section ignored.
### mwldeppc.exe Linker Warning:
#   Section '.ignored' is unknown. Section ignored.
### mwldeppc.exe Linker Warning:
#   Section '.ignored' is unknown. Section ignored.
### mwldeppc.exe Linker Warning:
#   Section '.ignored' is unknown. Section ignored.
### mwldeppc.exe Linker Warning:
#   Section '.ignored' is unknown. Section ignored.
### mwldeppc.exe Linker Warning:
#   Section '.ignored' is unknown. Section ignored.
### mwldeppc.exe Linker Warning:
#   Section '.ignored' is unknown. Section ignored.
### mwldeppc.exe Linker Warning:
#   Section '.ignored' is unknown. Section ignored.
### mwldeppc.exe Linker Warning:
#   Section '.ignored' is unknown. Section ignored.
### mwldeppc.exe Linker Warning:
#   Section '.ignored' is unknown. Section ignored.
### mwldeppc.exe Linker Warning:
#   Section '.ignored' is unknown. Section ignored.
### mwldeppc.exe Linker Warning:
#   Section '.ignored' is unknown. Section ignored.
### mwldeppc.exe Linker Warning:
#   Section '.ignored' is unknown. Section ignored.
### mwldeppc.exe Linker Warning:
#   Section '.ignored' is unknown. Section ignored.
### mwldeppc.exe Linker Warning:
#   Section '.ignored' is unknown. Section ignored.
### mwldeppc.exe Linker Warning:
#   Section '.ignored' is unknown. Section ignored.
### mwldeppc.exe Linker Warning:
#   Section '.ignored' is unknown. Section ignored.
### mwldeppc.exe Linker Warning:
#   Section '.ignored' is unknown. Section ignored.
### mwldeppc.exe Linker Warning:
#   Section '.ignored' is unknown. Section ignored.
### mwldeppc.exe Linker Warning:
#   Section '.ignored' is unknown. Section ignored.
### mwldeppc.exe Linker Warning:
#   Section '.ignored' is unknown. Section ignored.
### mwldeppc.exe Linker Warning:
#   Section '.ignored' is unknown. Section ignored.
### mwldeppc.exe Linker Warning:
#   Section '.ignored' is unknown. Section ignored.
### mwldeppc.exe Linker Warning:
#   Section '.ignored' is unknown. Section ignored.
### mwldeppc.exe Linker Warning:
#   Section '.ignored' is unknown. Section ignored.
### mwldeppc.exe Linker Warning:
#   Section '.ignored' is unknown. Section ignored.
### mwldeppc.exe Linker Warning:
#   Section '.ignored' is unknown. Section ignored.
### mwldeppc.exe Linker Warning:
#   Section '.ignored' is unknown. Section ignored.
### mwldeppc.exe Linker Warning:
#   Section '.ignored' is unknown. Section ignored.
### mwldeppc.exe Linker Warning:
#   Section '.ignored' is unknown. Section ignored.
### mwldeppc.exe Linker Warning:
#   Section '.ignored' is unknown. Section ignored.
### mwldeppc.exe Linker Warning:
#   Section '.ignored' is unknown. Section ignored.
### mwldeppc.exe Linker Warning:
#   Section '.ignored' is unknown. Section ignored.
### mwldeppc.exe Linker Warning:
#   Section '.ignored' is unknown. Section ignored.
### mwldeppc.exe Linker Warning:
#   Section '.ignored' is unknown. Section ignored.
### mwldeppc.exe Linker Warning:
#   Section '.ignored' is unknown. Section ignored.
### mwldeppc.exe Linker Warning:
#   Section '.ignored' is unknown. Section ignored.
### mwldeppc.exe Linker Warning:
#   Section '.ignored' is unknown. Section ignored.
### mwldeppc.exe Linker Warning:
#   Section '.ignored' is unknown. Section ignored.
### mwldeppc.exe Linker Warning:
#   Section '.ignored' is unknown. Section ignored.
### mwldeppc.exe Linker Warning:
#   Section '.ignored' is unknown. Section ignored.
### mwldeppc.exe Linker Warning:
#   Section '.ignored' is unknown. Section ignored.
### mwldeppc.exe Linker Warning:
#   Section '.ignored' is unknown. Section ignored.
### mwldeppc.exe Linker Warning:
#   Section '.ignored' is unknown. Section ignored.
### mwldeppc.exe Linker Warning:
#   Section '.ignored' is unknown. Section ignored.
### mwldeppc.exe Linker Warning:
#   Section '.ignored' is unknown. Section ignored.
### mwldeppc.exe Linker Warning:
#   Section '.ignored' is unknown. Section ignored.
### mwldeppc.exe Linker Warning:
#   Section '.ignored' is unknown. Section ignored.
### mwldeppc.exe Linker Warning:
#   Section '.ignored' is unknown. Section ignored.
### mwldeppc.exe Linker Warning:
#   Section '.ignored' is unknown. Section ignored.
### mwldeppc.exe Linker Warning:
#   Section '.ignored' is unknown. Section ignored.
### mwldeppc.exe Linker Warning:
#   Section '.ignored' is unknown. Section ignored.
### mwldeppc.exe Linker Warning:
#   Section '.ignored' is unknown. Section ignored.
### mwldeppc.exe Linker Warning:
#   Section '.ignored' is unknown. Section ignored.
### mwldeppc.exe Linker Warning:
#   Section '.ignored' is unknown. Section ignored.
### mwldeppc.exe Linker Warning:
#   Section '.ignored' is unknown. Section ignored.
### mwldeppc.exe Linker Warning:
#   Section '.ignored' is unknown. Section ignored.
### mwldeppc.exe Linker Warning:
#   Section '.ignored' is unknown. Section ignored.
### mwldeppc.exe Linker Warning:
#   Section '.ignored' is unknown. Section ignored.
### mwldeppc.exe Linker Warning:
#   Section '.ignored' is unknown. Section ignored.
### mwldeppc.exe Linker Warning:
#   Section '.ignored' is unknown. Section ignored.
### mwldeppc.exe Linker Warning:
#   Section '.ignored' is unknown. Section ignored.
### mwldeppc.exe Linker Warning:
#   Section '.ignored' is unknown. Section ignored.
### mwldeppc.exe Linker Warning:
#   Section '.ignored' is unknown. Section ignored.
### mwldeppc.exe Linker Warning:
#   Section '.ignored' is unknown. Section ignored.
### mwldeppc.exe Linker Warning:
#   Section '.ignored' is unknown. Section ignored.
### mwldeppc.exe Linker Warning:
#   Section '.ignored' is unknown. Section ignored.
### mwldeppc.exe Linker Warning:
#   Section '.ignored' is unknown. Section ignored.
### mwldeppc.exe Linker Warning:
#   Section '.ignored' is unknown. Section ignored.
### mwldeppc.exe Linker Warning:
#   Section '.ignored' is unknown. Section ignored.
### mwldeppc.exe Linker Warning:
#   Section '.ignored' is unknown. Section ignored.
### mwldeppc.exe Linker Warning:
#   Section '.ignored' is unknown. Section ignored.
### mwldeppc.exe Linker Warning:
#   Section '.ignored' is unknown. Section ignored.
### mwldeppc.exe Linker Warning:
#   Section '.ignored' is unknown. Section ignored.
### mwldeppc.exe Linker Warning:
#   Section '.ignored' is unknown. Section ignored.
### mwldeppc.exe Linker Warning:
#   Section '.ignored' is unknown. Section ignored.
### mwldeppc.exe Linker Warning:
#   Section '.ignored' is unknown. Section ignored.
### mwldeppc.exe Linker Warning:
#   Section '.ignored' is unknown. Section ignored.
### mwldeppc.exe Linker Warning:
#   Section '.ignored' is unknown. Section ignored.
### mwldeppc.exe Linker Warning:
#   Section '.ignored' is unknown. Section ignored.
### mwldeppc.exe Linker Warning:
#   Section '.ignored' is unknown. Section ignored.
### mwldeppc.exe Linker Warning:
#   Section '.ignored' is unknown. Section ignored.
### mwldeppc.exe Linker Warning:
#   Section '.ignored' is unknown. Section ignored.
### mwldeppc.exe Linker Warning:
#   Section '.ignored' is unknown. Section ignored.
### mwldeppc.exe Linker Warning:
#   Section '.ignored' is unknown. Section ignored.
### mwldeppc.exe Linker Warning:
#   Section '.ignored' is unknown. Section ignored.
### mwldeppc.exe Linker Warning:
#   Section '.ignored' is unknown. Section ignored.
### mwldeppc.exe Linker Warning:
#   Section '.ignored' is unknown. Section ignored.
### mwldeppc.exe Linker Warning:
#   Section '.ignored' is unknown. Section ignored.
### mwldeppc.exe Linker Warning:
#   Section '.ignored' is unknown. Section ignored.
### mwldeppc.exe Linker Warning:
#   Section '.ignored' is unknown. Section ignored.
### mwldeppc.exe Linker Warning:
#   Section '.ignored' is unknown. Section ignored.
### mwldeppc.exe Linker Warning:
#   Section '.ignored' is unknown. Section ignored.
### mwldeppc.exe Linker Warning:
#   Section '.ignored' is unknown. Section ignored.
### mwldeppc.exe Linker Warning:
#   Section '.ignored' is unknown. Section ignored.
### mwldeppc.exe Linker Warning:
#   Section '.ignored' is unknown. Section ignored.
### mwldeppc.exe Linker Warning:
#   Section '.ignored' is unknown. Section ignored.
### mwldeppc.exe Linker Warning:
#   Section '.ignored' is unknown. Section ignored.
### mwldeppc.exe Linker Warning:
#   Section '.ignored' is unknown. Section ignored.
### mwldeppc.exe Linker Warning:
#   Section '.ignored' is unknown. Section ignored.
### mwldeppc.exe Linker Warning:
#   Section '.ignored' is unknown. Section ignored.
### mwldeppc.exe Linker Warning:
#   Section '.ignored' is unknown. Section ignored.
### mwldeppc.exe Linker Warning:
#   Section '.ignored' is unknown. Section ignored.
### mwldeppc.exe Linker Warning:
#   Section '.ignored' is unknown. Section ignored.
### mwldeppc.exe Linker Warning:
#   Section '.ignored' is unknown. Section ignored.
### mwldeppc.exe Linker Warning:
#   Section '.ignored' is unknown. Section ignored.
### mwldeppc.exe Linker Warning:
#   Section '.ignored' is unknown. Section ignored.
### mwldeppc.exe Linker Warning:
#   Section '.ignored' is unknown. Section ignored.
### mwldeppc.exe Linker Warning:
#   Section '.ignored' is unknown. Section ignored.
### mwldeppc.exe Linker Warning:
#   Section '.ignored' is unknown. Section ignored.
### mwldeppc.exe Linker Warning:
#   Section '.ignored' is unknown. Section ignored.
### mwldeppc.exe Linker Warning:
#   Section '.ignored' is unknown. Section ignored.
### mwldeppc.exe Linker Warning:
#   Section '.ignored' is unknown. Section ignored.
### mwldeppc.exe Linker Warning:
#   Section '.ignored' is unknown. Section ignored.
### mwldeppc.exe Linker Warning:
#   Section '.ignored' is unknown. Section ignored.
### mwldeppc.exe Linker Warning:
#   Section '.ignored' is unknown. Section ignored.
### mwldeppc.exe Linker Warning:
#   Section '.ignored' is unknown. Section ignored.
### mwldeppc.exe Linker Warning:
#   Section '.ignored' is unknown. Section ignored.
### mwldeppc.exe Linker Warning:
#   Section '.ignored' is unknown. Section ignored.
### mwldeppc.exe Linker Warning:
#   Section '.ignored' is unknown. Section ignored.
### mwldeppc.exe Linker Warning:
#   Section '.ignored' is unknown. Section ignored.
### mwldeppc.exe Linker Warning:
#   Section '.ignored' is unknown. Section ignored.
### mwldeppc.exe Linker Warning:
#   Section '.ignored' is unknown. Section ignored.
### mwldeppc.exe Linker Warning:
#   Section '.ignored' is unknown. Section ignored.
### mwldeppc.exe Linker Warning:
#   Section '.ignored' is unknown. Section ignored.
### mwldeppc.exe Linker Warning:
#   Section '.ignored' is unknown. Section ignored.
### mwldeppc.exe Linker Warning:
#   Section '.ignored' is unknown. Section ignored.
### mwldeppc.exe Linker Warning:
#   Section '.ignored' is unknown. Section ignored.
### mwldeppc.exe Linker Warning:
#   Section '.ignored' is unknown. Section ignored.
### mwldeppc.exe Linker Warning:
#   Section '.ignored' is unknown. Section ignored.
### mwldeppc.exe Linker Warning:
#   Section '.ignored' is unknown. Section ignored.
### mwldeppc.exe Linker Warning:
#   Section '.ignored' is unknown. Section ignored.
### mwldeppc.exe Linker Warning:
#   Section '.ignored' is unknown. Section ignored.
### mwldeppc.exe Linker Warning:
#   Section '.ignored' is unknown. Section ignored.
### mwldeppc.exe Linker Warning:
#   Section '.ignored' is unknown. Section ignored.
[941/944] DOL build/GEDE01/main.dol
[942/944] CHECK config/GEDE01/build.sha1
build/GEDE01/main.dol: OK
[943/944] PROGRESS
Progress:
  All: 59.37% fuzzy, 50.27% matched, 50.08% linked (6337 / 7069 files)
    Code: 1156584 / 2300692 bytes (6106 / 8214 functions)
    Data: 39866 / 4305642 bytes (0.93%)
  Game Code: 95.64% fuzzy, 80.95% matched, 80.64% linked (6319 / 6633 files)
    Code: 1153556 / 1425104 bytes (6044 / 6354 functions)
    Data: 39642 / 40522 bytes (97.83%)
  SDK/Runtime: 100.00% fuzzy, 100.00% matched, 100.00% linked (18 / 18 files)
    Code: 3028 / 3028 bytes (62 / 62 functions)
    Data: 224 / 224 bytes (100.00%)
