$ .tools/bin/ninja -v build/GEDE01/src/game/game_fn_800365C8.o
ninja: no work to do.

exit=0
$ build/tools/objdiff-cli diff -1 build/GEDE01/obj/game/game_fn_800365C8.o -2 build/GEDE01/src/game/game_fn_800365C8.o fn_800365C8 --format json-pretty -o reports/GEDE01/experiment-b8a20e12-d4ea-4a72-a12f-cb56fd8cd295-baseline.canonical.json
 INFO Writing to reports/GEDE01/experiment-b8a20e12-d4ea-4a72-a12f-cb56fd8cd295-baseline.canonical.json

exit=0
$ build/tools/objdiff-cli diff -1 build/GEDE01/obj/game/game_fn_800365C8.o -2 build/GEDE01/src/game/game_fn_800365C8.o fn_800365C8 --format json-pretty -o reports/GEDE01/experiment-b8a20e12-d4ea-4a72-a12f-cb56fd8cd295-baseline.strict.json -c functionRelocDiffs=all
 INFO Writing to reports/GEDE01/experiment-b8a20e12-d4ea-4a72-a12f-cb56fd8cd295-baseline.strict.json

exit=0
$ build/binutils/powerpc-eabi-readelf -rW build/GEDE01/obj/game/game_fn_800365C8.o

Relocation section '.rela.text' at offset 0x494 contains 46 entries:
 Offset     Info    Type                Sym. Value  Symbol's Name + Addend
00000020  0000040a R_PPC_REL24            00000000   fn_80201B9C + 0
00000026  00000506 R_PPC_ADDR16_HA        00000000   lbl_80238DA0 + 0
0000002e  00000504 R_PPC_ADDR16_LO        00000000   lbl_80238DA0 + 0
00000030  0000066d R_PPC_EMB_SDA21        00000000   lbl_8064E228 + 0
00000054  0000070a R_PPC_REL24            00000000   fn_80201B8C + 0
00000060  0000080a R_PPC_REL24            00000000   fn_80201BC8 + 0
00000074  0000090a R_PPC_REL24            00000000   fn_8011F114 + 0
000000a0  00000a0a R_PPC_REL24            00000000   fn_801A7570 + 0
000000b0  00000b0a R_PPC_REL24            00000000   fn_80205288 + 0
000000bc  0000070a R_PPC_REL24            00000000   fn_80201B8C + 0
000000e0  00000c0a R_PPC_REL24            00000000   fn_80201B54 + 0
000000f4  0000080a R_PPC_REL24            00000000   fn_80201BC8 + 0
00000108  00000d0a R_PPC_REL24            00000000   fn_8011EB04 + 0
00000148  00000e0a R_PPC_REL24            00000000   fn_80201C24 + 0
00000150  00000f0a R_PPC_REL24            00000000   fn_80157C80 + 0
00000160  00000f0a R_PPC_REL24            00000000   fn_80157C80 + 0
00000174  0000106d R_PPC_EMB_SDA21        00000000   lbl_8064E22C + 0
0000017a  00001106 R_PPC_ADDR16_HA        00000000   lbl_803003C8 + 0
0000017e  00001206 R_PPC_ADDR16_HA        00000000   lbl_80238DAC + 0
00000186  00001104 R_PPC_ADDR16_LO        00000000   lbl_803003C8 + 0
0000018a  00001204 R_PPC_ADDR16_LO        00000000   lbl_80238DAC + 0
00000194  0000070a R_PPC_REL24            00000000   fn_80201B8C + 0
000001b8  00000c0a R_PPC_REL24            00000000   fn_80201B54 + 0
000001c8  0000080a R_PPC_REL24            00000000   fn_80201BC8 + 0
000001dc  0000090a R_PPC_REL24            00000000   fn_8011F114 + 0
00000208  0000130a R_PPC_REL24            00000000   fn_80201EB8 + 0
0000020c  0000146d R_PPC_EMB_SDA21        00000000   lbl_8064D18C + 0
0000021c  0000150a R_PPC_REL24            00000000   fn_80201B4C + 0
0000022c  0000150a R_PPC_REL24            00000000   fn_80201B4C + 0
00000244  0000160a R_PPC_REL24            00000000   fn_80201B64 + 0
00000254  0000160a R_PPC_REL24            00000000   fn_80201B64 + 0
00000264  00000c0a R_PPC_REL24            00000000   fn_80201B54 + 0
0000027c  0000170a R_PPC_REL24            00000000   fn_8020123C + 0
00000294  0000180a R_PPC_REL24            00000000   fn_80178E94 + 0
000002a0  0000196d R_PPC_EMB_SDA21        00000000   lbl_8064E220 + 0
000002a8  00001a6d R_PPC_EMB_SDA21        00000000   lbl_8064E230 + 0
000002cc  00001b0a R_PPC_REL24            00000000   fn_80036A1C + 0
000002dc  0000180a R_PPC_REL24            00000000   fn_80178E94 + 0
000002f4  0000196d R_PPC_EMB_SDA21        00000000   lbl_8064E220 + 0
0000030c  00001c6d R_PPC_EMB_SDA21        00000000   lbl_8064E234 + 0
0000031c  00001d0a R_PPC_REL24            00000000   fn_80204434 + 0
00000368  00001e6d R_PPC_EMB_SDA21        00000000   lbl_8064E238 + 0
00000380  0000196d R_PPC_EMB_SDA21        00000000   lbl_8064E220 + 0
000003bc  00001f0a R_PPC_REL24            00000000   fn_800361F8 + 0
000003d8  0000170a R_PPC_REL24            00000000   fn_8020123C + 0
0000041c  0000200a R_PPC_REL24            00000000   fn_80201BC0 + 0

exit=0
$ build/binutils/powerpc-eabi-readelf -rW build/GEDE01/src/game/game_fn_800365C8.o

Relocation section '.rela.text' at offset 0x488 contains 46 entries:
 Offset     Info    Type                Sym. Value  Symbol's Name + Addend
00000020  00000e0a R_PPC_REL24            00000000   fn_80201B9C + 0
00000026  00000506 R_PPC_ADDR16_HA        00000000   lbl_80238DA0 + 0
0000002e  00000504 R_PPC_ADDR16_LO        00000000   lbl_80238DA0 + 0
00000030  0000066d R_PPC_EMB_SDA21        00000000   lbl_8064E228 + 0
00000054  00000f0a R_PPC_REL24            00000000   fn_80201B8C + 0
00000060  0000100a R_PPC_REL24            00000000   fn_80201BC8 + 0
00000074  0000110a R_PPC_REL24            00000000   fn_8011F114 + 0
000000a0  0000120a R_PPC_REL24            00000000   fn_801A7570 + 0
000000b0  0000130a R_PPC_REL24            00000000   fn_80205288 + 0
000000bc  00000f0a R_PPC_REL24            00000000   fn_80201B8C + 0
000000e0  0000140a R_PPC_REL24            00000000   fn_80201B54 + 0
000000f4  0000100a R_PPC_REL24            00000000   fn_80201BC8 + 0
00000108  0000150a R_PPC_REL24            00000000   fn_8011EB04 + 0
00000148  0000160a R_PPC_REL24            00000000   fn_80201C24 + 0
00000150  0000170a R_PPC_REL24            00000000   fn_80157C80 + 0
00000160  0000170a R_PPC_REL24            00000000   fn_80157C80 + 0
00000174  0000076d R_PPC_EMB_SDA21        00000000   lbl_8064E22C + 0
0000017a  00000806 R_PPC_ADDR16_HA        00000000   lbl_803003C8 + 0
0000017e  00000906 R_PPC_ADDR16_HA        00000000   lbl_80238DAC + 0
00000182  00000804 R_PPC_ADDR16_LO        00000000   lbl_803003C8 + 0
00000186  00000904 R_PPC_ADDR16_LO        00000000   lbl_80238DAC + 0
00000190  00000f0a R_PPC_REL24            00000000   fn_80201B8C + 0
000001b4  0000140a R_PPC_REL24            00000000   fn_80201B54 + 0
000001c4  0000100a R_PPC_REL24            00000000   fn_80201BC8 + 0
000001d8  0000110a R_PPC_REL24            00000000   fn_8011F114 + 0
00000204  0000180a R_PPC_REL24            00000000   fn_80201EB8 + 0
00000208  00000a6d R_PPC_EMB_SDA21        00000000   lbl_8064D18C + 0
00000218  0000190a R_PPC_REL24            00000000   fn_80201B4C + 0
00000228  0000190a R_PPC_REL24            00000000   fn_80201B4C + 0
00000240  00001a0a R_PPC_REL24            00000000   fn_80201B64 + 0
00000250  00001a0a R_PPC_REL24            00000000   fn_80201B64 + 0
00000260  0000140a R_PPC_REL24            00000000   fn_80201B54 + 0
00000278  00001b0a R_PPC_REL24            00000000   fn_8020123C + 0
0000028c  00001c0a R_PPC_REL24            00000000   fn_80178E94 + 0
00000298  0000046d R_PPC_EMB_SDA21        00000000   @71 + 0
000002a0  00000b6d R_PPC_EMB_SDA21        00000000   lbl_8064E230 + 0
000002c4  00001d0a R_PPC_REL24            00000000   fn_80036A1C + 0
000002d4  00001c0a R_PPC_REL24            00000000   fn_80178E94 + 0
000002ec  0000046d R_PPC_EMB_SDA21        00000000   @71 + 0
00000304  00000c6d R_PPC_EMB_SDA21        00000000   lbl_8064E234 + 0
00000314  00001e0a R_PPC_REL24            00000000   fn_80204434 + 0
00000360  00000d6d R_PPC_EMB_SDA21        00000000   lbl_8064E238 + 0
00000378  0000046d R_PPC_EMB_SDA21        00000000   @71 + 0
000003b4  00001f0a R_PPC_REL24            00000000   fn_800361F8 + 0
000003d0  00001b0a R_PPC_REL24            00000000   fn_8020123C + 0
00000410  0000200a R_PPC_REL24            00000000   fn_80201BC0 + 0

exit=0
$ .tools/bin/ninja -v build/GEDE01/src/game/game_fn_800365C8.o
[1/1] tools/mwcc_wrapper.py build/tools/sjiswrap.exe compilers/GC/1.3/mwcceppc.exe -nodefaults -proc gekko -align powerpc -enum int -fp hardware -Cpp_exceptions off -O4,p -inline auto -pragma "cats off" -pragma "warn_notinlined off" -maxerrors 1 -nosyspath -RTTI off -fp_contract on -str reuse -multibyte -i include -i build/GEDE01/include -DVERSION_GEDE01 -DNDEBUG=1 -lang=c -use_lmw_stmw on -MMD -c src/game/game_fn_800365C8.c -o build/GEDE01/src/game && "/usr/bin/python3" tools/transform_dep.py build/GEDE01/src/game/game_fn_800365C8.d build/GEDE01/src/game/game_fn_800365C8.d

exit=0
$ build/tools/objdiff-cli diff -1 build/GEDE01/obj/game/game_fn_800365C8.o -2 build/GEDE01/src/game/game_fn_800365C8.o fn_800365C8 --format json-pretty -o reports/GEDE01/experiment-b8a20e12-d4ea-4a72-a12f-cb56fd8cd295-ull-mask.canonical.json
 INFO Writing to reports/GEDE01/experiment-b8a20e12-d4ea-4a72-a12f-cb56fd8cd295-ull-mask.canonical.json

exit=0
$ build/tools/objdiff-cli diff -1 build/GEDE01/obj/game/game_fn_800365C8.o -2 build/GEDE01/src/game/game_fn_800365C8.o fn_800365C8 --format json-pretty -o reports/GEDE01/experiment-b8a20e12-d4ea-4a72-a12f-cb56fd8cd295-ull-mask.strict.json -c functionRelocDiffs=all
 INFO Writing to reports/GEDE01/experiment-b8a20e12-d4ea-4a72-a12f-cb56fd8cd295-ull-mask.strict.json

exit=0
$ build/binutils/powerpc-eabi-readelf -rW build/GEDE01/obj/game/game_fn_800365C8.o

Relocation section '.rela.text' at offset 0x494 contains 46 entries:
 Offset     Info    Type                Sym. Value  Symbol's Name + Addend
00000020  0000040a R_PPC_REL24            00000000   fn_80201B9C + 0
00000026  00000506 R_PPC_ADDR16_HA        00000000   lbl_80238DA0 + 0
0000002e  00000504 R_PPC_ADDR16_LO        00000000   lbl_80238DA0 + 0
00000030  0000066d R_PPC_EMB_SDA21        00000000   lbl_8064E228 + 0
00000054  0000070a R_PPC_REL24            00000000   fn_80201B8C + 0
00000060  0000080a R_PPC_REL24            00000000   fn_80201BC8 + 0
00000074  0000090a R_PPC_REL24            00000000   fn_8011F114 + 0
000000a0  00000a0a R_PPC_REL24            00000000   fn_801A7570 + 0
000000b0  00000b0a R_PPC_REL24            00000000   fn_80205288 + 0
000000bc  0000070a R_PPC_REL24            00000000   fn_80201B8C + 0
000000e0  00000c0a R_PPC_REL24            00000000   fn_80201B54 + 0
000000f4  0000080a R_PPC_REL24            00000000   fn_80201BC8 + 0
00000108  00000d0a R_PPC_REL24            00000000   fn_8011EB04 + 0
00000148  00000e0a R_PPC_REL24            00000000   fn_80201C24 + 0
00000150  00000f0a R_PPC_REL24            00000000   fn_80157C80 + 0
00000160  00000f0a R_PPC_REL24            00000000   fn_80157C80 + 0
00000174  0000106d R_PPC_EMB_SDA21        00000000   lbl_8064E22C + 0
0000017a  00001106 R_PPC_ADDR16_HA        00000000   lbl_803003C8 + 0
0000017e  00001206 R_PPC_ADDR16_HA        00000000   lbl_80238DAC + 0
00000186  00001104 R_PPC_ADDR16_LO        00000000   lbl_803003C8 + 0
0000018a  00001204 R_PPC_ADDR16_LO        00000000   lbl_80238DAC + 0
00000194  0000070a R_PPC_REL24            00000000   fn_80201B8C + 0
000001b8  00000c0a R_PPC_REL24            00000000   fn_80201B54 + 0
000001c8  0000080a R_PPC_REL24            00000000   fn_80201BC8 + 0
000001dc  0000090a R_PPC_REL24            00000000   fn_8011F114 + 0
00000208  0000130a R_PPC_REL24            00000000   fn_80201EB8 + 0
0000020c  0000146d R_PPC_EMB_SDA21        00000000   lbl_8064D18C + 0
0000021c  0000150a R_PPC_REL24            00000000   fn_80201B4C + 0
0000022c  0000150a R_PPC_REL24            00000000   fn_80201B4C + 0
00000244  0000160a R_PPC_REL24            00000000   fn_80201B64 + 0
00000254  0000160a R_PPC_REL24            00000000   fn_80201B64 + 0
00000264  00000c0a R_PPC_REL24            00000000   fn_80201B54 + 0
0000027c  0000170a R_PPC_REL24            00000000   fn_8020123C + 0
00000294  0000180a R_PPC_REL24            00000000   fn_80178E94 + 0
000002a0  0000196d R_PPC_EMB_SDA21        00000000   lbl_8064E220 + 0
000002a8  00001a6d R_PPC_EMB_SDA21        00000000   lbl_8064E230 + 0
000002cc  00001b0a R_PPC_REL24            00000000   fn_80036A1C + 0
000002dc  0000180a R_PPC_REL24            00000000   fn_80178E94 + 0
000002f4  0000196d R_PPC_EMB_SDA21        00000000   lbl_8064E220 + 0
0000030c  00001c6d R_PPC_EMB_SDA21        00000000   lbl_8064E234 + 0
0000031c  00001d0a R_PPC_REL24            00000000   fn_80204434 + 0
00000368  00001e6d R_PPC_EMB_SDA21        00000000   lbl_8064E238 + 0
00000380  0000196d R_PPC_EMB_SDA21        00000000   lbl_8064E220 + 0
000003bc  00001f0a R_PPC_REL24            00000000   fn_800361F8 + 0
000003d8  0000170a R_PPC_REL24            00000000   fn_8020123C + 0
0000041c  0000200a R_PPC_REL24            00000000   fn_80201BC0 + 0

exit=0
$ build/binutils/powerpc-eabi-readelf -rW build/GEDE01/src/game/game_fn_800365C8.o

Relocation section '.rela.text' at offset 0x4b8 contains 46 entries:
 Offset     Info    Type                Sym. Value  Symbol's Name + Addend
00000020  00000e0a R_PPC_REL24            00000000   fn_80201B9C + 0
00000026  00000506 R_PPC_ADDR16_HA        00000000   lbl_80238DA0 + 0
0000002e  00000504 R_PPC_ADDR16_LO        00000000   lbl_80238DA0 + 0
00000030  0000066d R_PPC_EMB_SDA21        00000000   lbl_8064E228 + 0
00000054  00000f0a R_PPC_REL24            00000000   fn_80201B8C + 0
00000060  0000100a R_PPC_REL24            00000000   fn_80201BC8 + 0
00000074  0000110a R_PPC_REL24            00000000   fn_8011F114 + 0
000000a0  0000120a R_PPC_REL24            00000000   fn_801A7570 + 0
000000b0  0000130a R_PPC_REL24            00000000   fn_80205288 + 0
000000bc  00000f0a R_PPC_REL24            00000000   fn_80201B8C + 0
000000e0  0000140a R_PPC_REL24            00000000   fn_80201B54 + 0
000000f4  0000100a R_PPC_REL24            00000000   fn_80201BC8 + 0
00000108  0000150a R_PPC_REL24            00000000   fn_8011EB04 + 0
00000148  0000160a R_PPC_REL24            00000000   fn_80201C24 + 0
00000150  0000170a R_PPC_REL24            00000000   fn_80157C80 + 0
00000160  0000170a R_PPC_REL24            00000000   fn_80157C80 + 0
00000174  0000076d R_PPC_EMB_SDA21        00000000   lbl_8064E22C + 0
0000017a  00000806 R_PPC_ADDR16_HA        00000000   lbl_803003C8 + 0
0000017e  00000906 R_PPC_ADDR16_HA        00000000   lbl_80238DAC + 0
00000182  00000804 R_PPC_ADDR16_LO        00000000   lbl_803003C8 + 0
00000186  00000904 R_PPC_ADDR16_LO        00000000   lbl_80238DAC + 0
00000190  00000f0a R_PPC_REL24            00000000   fn_80201B8C + 0
000001b4  0000140a R_PPC_REL24            00000000   fn_80201B54 + 0
000001c4  0000100a R_PPC_REL24            00000000   fn_80201BC8 + 0
000001d8  0000110a R_PPC_REL24            00000000   fn_8011F114 + 0
00000204  0000180a R_PPC_REL24            00000000   fn_80201EB8 + 0
00000208  00000a6d R_PPC_EMB_SDA21        00000000   lbl_8064D18C + 0
00000218  0000190a R_PPC_REL24            00000000   fn_80201B4C + 0
00000228  0000190a R_PPC_REL24            00000000   fn_80201B4C + 0
00000240  00001a0a R_PPC_REL24            00000000   fn_80201B64 + 0
00000250  00001a0a R_PPC_REL24            00000000   fn_80201B64 + 0
00000260  0000140a R_PPC_REL24            00000000   fn_80201B54 + 0
00000278  00001b0a R_PPC_REL24            00000000   fn_8020123C + 0
000002a4  00001c0a R_PPC_REL24            00000000   fn_80178E94 + 0
000002b0  0000046d R_PPC_EMB_SDA21        00000000   @71 + 0
000002b8  00000b6d R_PPC_EMB_SDA21        00000000   lbl_8064E230 + 0
000002dc  00001d0a R_PPC_REL24            00000000   fn_80036A1C + 0
000002ec  00001c0a R_PPC_REL24            00000000   fn_80178E94 + 0
00000304  0000046d R_PPC_EMB_SDA21        00000000   @71 + 0
0000031c  00000c6d R_PPC_EMB_SDA21        00000000   lbl_8064E234 + 0
0000032c  00001e0a R_PPC_REL24            00000000   fn_80204434 + 0
00000378  00000d6d R_PPC_EMB_SDA21        00000000   lbl_8064E238 + 0
00000390  0000046d R_PPC_EMB_SDA21        00000000   @71 + 0
000003cc  00001f0a R_PPC_REL24            00000000   fn_800361F8 + 0
000003e8  00001b0a R_PPC_REL24            00000000   fn_8020123C + 0
00000440  0000200a R_PPC_REL24            00000000   fn_80201BC0 + 0

exit=0
$ .tools/bin/ninja -v build/GEDE01/src/game/game_fn_800365C8.o
[1/1] tools/mwcc_wrapper.py build/tools/sjiswrap.exe compilers/GC/1.3/mwcceppc.exe -nodefaults -proc gekko -align powerpc -enum int -fp hardware -Cpp_exceptions off -O4,p -inline auto -pragma "cats off" -pragma "warn_notinlined off" -maxerrors 1 -nosyspath -RTTI off -fp_contract on -str reuse -multibyte -i include -i build/GEDE01/include -DVERSION_GEDE01 -DNDEBUG=1 -lang=c -use_lmw_stmw on -MMD -c src/game/game_fn_800365C8.c -o build/GEDE01/src/game && "/usr/bin/python3" tools/transform_dep.py build/GEDE01/src/game/game_fn_800365C8.d build/GEDE01/src/game/game_fn_800365C8.d

exit=0
$ build/tools/objdiff-cli diff -1 build/GEDE01/obj/game/game_fn_800365C8.o -2 build/GEDE01/src/game/game_fn_800365C8.o fn_800365C8 --format json-pretty -o reports/GEDE01/experiment-b8a20e12-d4ea-4a72-a12f-cb56fd8cd295-assigned-mask.canonical.json
 INFO Writing to reports/GEDE01/experiment-b8a20e12-d4ea-4a72-a12f-cb56fd8cd295-assigned-mask.canonical.json

exit=0
$ build/tools/objdiff-cli diff -1 build/GEDE01/obj/game/game_fn_800365C8.o -2 build/GEDE01/src/game/game_fn_800365C8.o fn_800365C8 --format json-pretty -o reports/GEDE01/experiment-b8a20e12-d4ea-4a72-a12f-cb56fd8cd295-assigned-mask.strict.json -c functionRelocDiffs=all
 INFO Writing to reports/GEDE01/experiment-b8a20e12-d4ea-4a72-a12f-cb56fd8cd295-assigned-mask.strict.json

exit=0
$ build/binutils/powerpc-eabi-readelf -rW build/GEDE01/obj/game/game_fn_800365C8.o

Relocation section '.rela.text' at offset 0x494 contains 46 entries:
 Offset     Info    Type                Sym. Value  Symbol's Name + Addend
00000020  0000040a R_PPC_REL24            00000000   fn_80201B9C + 0
00000026  00000506 R_PPC_ADDR16_HA        00000000   lbl_80238DA0 + 0
0000002e  00000504 R_PPC_ADDR16_LO        00000000   lbl_80238DA0 + 0
00000030  0000066d R_PPC_EMB_SDA21        00000000   lbl_8064E228 + 0
00000054  0000070a R_PPC_REL24            00000000   fn_80201B8C + 0
00000060  0000080a R_PPC_REL24            00000000   fn_80201BC8 + 0
00000074  0000090a R_PPC_REL24            00000000   fn_8011F114 + 0
000000a0  00000a0a R_PPC_REL24            00000000   fn_801A7570 + 0
000000b0  00000b0a R_PPC_REL24            00000000   fn_80205288 + 0
000000bc  0000070a R_PPC_REL24            00000000   fn_80201B8C + 0
000000e0  00000c0a R_PPC_REL24            00000000   fn_80201B54 + 0
000000f4  0000080a R_PPC_REL24            00000000   fn_80201BC8 + 0
00000108  00000d0a R_PPC_REL24            00000000   fn_8011EB04 + 0
00000148  00000e0a R_PPC_REL24            00000000   fn_80201C24 + 0
00000150  00000f0a R_PPC_REL24            00000000   fn_80157C80 + 0
00000160  00000f0a R_PPC_REL24            00000000   fn_80157C80 + 0
00000174  0000106d R_PPC_EMB_SDA21        00000000   lbl_8064E22C + 0
0000017a  00001106 R_PPC_ADDR16_HA        00000000   lbl_803003C8 + 0
0000017e  00001206 R_PPC_ADDR16_HA        00000000   lbl_80238DAC + 0
00000186  00001104 R_PPC_ADDR16_LO        00000000   lbl_803003C8 + 0
0000018a  00001204 R_PPC_ADDR16_LO        00000000   lbl_80238DAC + 0
00000194  0000070a R_PPC_REL24            00000000   fn_80201B8C + 0
000001b8  00000c0a R_PPC_REL24            00000000   fn_80201B54 + 0
000001c8  0000080a R_PPC_REL24            00000000   fn_80201BC8 + 0
000001dc  0000090a R_PPC_REL24            00000000   fn_8011F114 + 0
00000208  0000130a R_PPC_REL24            00000000   fn_80201EB8 + 0
0000020c  0000146d R_PPC_EMB_SDA21        00000000   lbl_8064D18C + 0
0000021c  0000150a R_PPC_REL24            00000000   fn_80201B4C + 0
0000022c  0000150a R_PPC_REL24            00000000   fn_80201B4C + 0
00000244  0000160a R_PPC_REL24            00000000   fn_80201B64 + 0
00000254  0000160a R_PPC_REL24            00000000   fn_80201B64 + 0
00000264  00000c0a R_PPC_REL24            00000000   fn_80201B54 + 0
0000027c  0000170a R_PPC_REL24            00000000   fn_8020123C + 0
00000294  0000180a R_PPC_REL24            00000000   fn_80178E94 + 0
000002a0  0000196d R_PPC_EMB_SDA21        00000000   lbl_8064E220 + 0
000002a8  00001a6d R_PPC_EMB_SDA21        00000000   lbl_8064E230 + 0
000002cc  00001b0a R_PPC_REL24            00000000   fn_80036A1C + 0
000002dc  0000180a R_PPC_REL24            00000000   fn_80178E94 + 0
000002f4  0000196d R_PPC_EMB_SDA21        00000000   lbl_8064E220 + 0
0000030c  00001c6d R_PPC_EMB_SDA21        00000000   lbl_8064E234 + 0
0000031c  00001d0a R_PPC_REL24            00000000   fn_80204434 + 0
00000368  00001e6d R_PPC_EMB_SDA21        00000000   lbl_8064E238 + 0
00000380  0000196d R_PPC_EMB_SDA21        00000000   lbl_8064E220 + 0
000003bc  00001f0a R_PPC_REL24            00000000   fn_800361F8 + 0
000003d8  0000170a R_PPC_REL24            00000000   fn_8020123C + 0
0000041c  0000200a R_PPC_REL24            00000000   fn_80201BC0 + 0

exit=0
$ build/binutils/powerpc-eabi-readelf -rW build/GEDE01/src/game/game_fn_800365C8.o

Relocation section '.rela.text' at offset 0x490 contains 46 entries:
 Offset     Info    Type                Sym. Value  Symbol's Name + Addend
00000020  00000e0a R_PPC_REL24            00000000   fn_80201B9C + 0
00000026  00000506 R_PPC_ADDR16_HA        00000000   lbl_80238DA0 + 0
0000002e  00000504 R_PPC_ADDR16_LO        00000000   lbl_80238DA0 + 0
00000030  0000066d R_PPC_EMB_SDA21        00000000   lbl_8064E228 + 0
00000054  00000f0a R_PPC_REL24            00000000   fn_80201B8C + 0
00000060  0000100a R_PPC_REL24            00000000   fn_80201BC8 + 0
00000074  0000110a R_PPC_REL24            00000000   fn_8011F114 + 0
000000a0  0000120a R_PPC_REL24            00000000   fn_801A7570 + 0
000000b0  0000130a R_PPC_REL24            00000000   fn_80205288 + 0
000000bc  00000f0a R_PPC_REL24            00000000   fn_80201B8C + 0
000000e0  0000140a R_PPC_REL24            00000000   fn_80201B54 + 0
000000f4  0000100a R_PPC_REL24            00000000   fn_80201BC8 + 0
00000108  0000150a R_PPC_REL24            00000000   fn_8011EB04 + 0
00000148  0000160a R_PPC_REL24            00000000   fn_80201C24 + 0
00000150  0000170a R_PPC_REL24            00000000   fn_80157C80 + 0
00000160  0000170a R_PPC_REL24            00000000   fn_80157C80 + 0
00000174  0000076d R_PPC_EMB_SDA21        00000000   lbl_8064E22C + 0
0000017a  00000806 R_PPC_ADDR16_HA        00000000   lbl_803003C8 + 0
0000017e  00000906 R_PPC_ADDR16_HA        00000000   lbl_80238DAC + 0
00000182  00000804 R_PPC_ADDR16_LO        00000000   lbl_803003C8 + 0
00000186  00000904 R_PPC_ADDR16_LO        00000000   lbl_80238DAC + 0
00000190  00000f0a R_PPC_REL24            00000000   fn_80201B8C + 0
000001b4  0000140a R_PPC_REL24            00000000   fn_80201B54 + 0
000001c4  0000100a R_PPC_REL24            00000000   fn_80201BC8 + 0
000001d8  0000110a R_PPC_REL24            00000000   fn_8011F114 + 0
00000204  0000180a R_PPC_REL24            00000000   fn_80201EB8 + 0
00000208  00000a6d R_PPC_EMB_SDA21        00000000   lbl_8064D18C + 0
00000218  0000190a R_PPC_REL24            00000000   fn_80201B4C + 0
00000228  0000190a R_PPC_REL24            00000000   fn_80201B4C + 0
00000240  00001a0a R_PPC_REL24            00000000   fn_80201B64 + 0
00000250  00001a0a R_PPC_REL24            00000000   fn_80201B64 + 0
00000260  0000140a R_PPC_REL24            00000000   fn_80201B54 + 0
00000278  00001b0a R_PPC_REL24            00000000   fn_8020123C + 0
00000290  00001c0a R_PPC_REL24            00000000   fn_80178E94 + 0
0000029c  0000046d R_PPC_EMB_SDA21        00000000   @72 + 0
000002a4  00000b6d R_PPC_EMB_SDA21        00000000   lbl_8064E230 + 0
000002c8  00001d0a R_PPC_REL24            00000000   fn_80036A1C + 0
000002d8  00001c0a R_PPC_REL24            00000000   fn_80178E94 + 0
000002f0  0000046d R_PPC_EMB_SDA21        00000000   @72 + 0
00000308  00000c6d R_PPC_EMB_SDA21        00000000   lbl_8064E234 + 0
00000318  00001e0a R_PPC_REL24            00000000   fn_80204434 + 0
00000364  00000d6d R_PPC_EMB_SDA21        00000000   lbl_8064E238 + 0
0000037c  0000046d R_PPC_EMB_SDA21        00000000   @72 + 0
000003b8  00001f0a R_PPC_REL24            00000000   fn_800361F8 + 0
000003d4  00001b0a R_PPC_REL24            00000000   fn_8020123C + 0
00000418  0000200a R_PPC_REL24            00000000   fn_80201BC0 + 0

exit=0
$ .tools/bin/ninja -v build/GEDE01/src/game/game_fn_800365C8.o
[1/1] tools/mwcc_wrapper.py build/tools/sjiswrap.exe compilers/GC/1.3/mwcceppc.exe -nodefaults -proc gekko -align powerpc -enum int -fp hardware -Cpp_exceptions off -O4,p -inline auto -pragma "cats off" -pragma "warn_notinlined off" -maxerrors 1 -nosyspath -RTTI off -fp_contract on -str reuse -multibyte -i include -i build/GEDE01/include -DVERSION_GEDE01 -DNDEBUG=1 -lang=c -use_lmw_stmw on -MMD -c src/game/game_fn_800365C8.c -o build/GEDE01/src/game && "/usr/bin/python3" tools/transform_dep.py build/GEDE01/src/game/game_fn_800365C8.d build/GEDE01/src/game/game_fn_800365C8.d

exit=0
$ build/tools/objdiff-cli diff -1 build/GEDE01/obj/game/game_fn_800365C8.o -2 build/GEDE01/src/game/game_fn_800365C8.o fn_800365C8 --format json-pretty -o reports/GEDE01/experiment-b8a20e12-d4ea-4a72-a12f-cb56fd8cd295-wide-query.canonical.json
 INFO Writing to reports/GEDE01/experiment-b8a20e12-d4ea-4a72-a12f-cb56fd8cd295-wide-query.canonical.json

exit=0
$ build/tools/objdiff-cli diff -1 build/GEDE01/obj/game/game_fn_800365C8.o -2 build/GEDE01/src/game/game_fn_800365C8.o fn_800365C8 --format json-pretty -o reports/GEDE01/experiment-b8a20e12-d4ea-4a72-a12f-cb56fd8cd295-wide-query.strict.json -c functionRelocDiffs=all
 INFO Writing to reports/GEDE01/experiment-b8a20e12-d4ea-4a72-a12f-cb56fd8cd295-wide-query.strict.json

exit=0
$ build/binutils/powerpc-eabi-readelf -rW build/GEDE01/obj/game/game_fn_800365C8.o

Relocation section '.rela.text' at offset 0x494 contains 46 entries:
 Offset     Info    Type                Sym. Value  Symbol's Name + Addend
00000020  0000040a R_PPC_REL24            00000000   fn_80201B9C + 0
00000026  00000506 R_PPC_ADDR16_HA        00000000   lbl_80238DA0 + 0
0000002e  00000504 R_PPC_ADDR16_LO        00000000   lbl_80238DA0 + 0
00000030  0000066d R_PPC_EMB_SDA21        00000000   lbl_8064E228 + 0
00000054  0000070a R_PPC_REL24            00000000   fn_80201B8C + 0
00000060  0000080a R_PPC_REL24            00000000   fn_80201BC8 + 0
00000074  0000090a R_PPC_REL24            00000000   fn_8011F114 + 0
000000a0  00000a0a R_PPC_REL24            00000000   fn_801A7570 + 0
000000b0  00000b0a R_PPC_REL24            00000000   fn_80205288 + 0
000000bc  0000070a R_PPC_REL24            00000000   fn_80201B8C + 0
000000e0  00000c0a R_PPC_REL24            00000000   fn_80201B54 + 0
000000f4  0000080a R_PPC_REL24            00000000   fn_80201BC8 + 0
00000108  00000d0a R_PPC_REL24            00000000   fn_8011EB04 + 0
00000148  00000e0a R_PPC_REL24            00000000   fn_80201C24 + 0
00000150  00000f0a R_PPC_REL24            00000000   fn_80157C80 + 0
00000160  00000f0a R_PPC_REL24            00000000   fn_80157C80 + 0
00000174  0000106d R_PPC_EMB_SDA21        00000000   lbl_8064E22C + 0
0000017a  00001106 R_PPC_ADDR16_HA        00000000   lbl_803003C8 + 0
0000017e  00001206 R_PPC_ADDR16_HA        00000000   lbl_80238DAC + 0
00000186  00001104 R_PPC_ADDR16_LO        00000000   lbl_803003C8 + 0
0000018a  00001204 R_PPC_ADDR16_LO        00000000   lbl_80238DAC + 0
00000194  0000070a R_PPC_REL24            00000000   fn_80201B8C + 0
000001b8  00000c0a R_PPC_REL24            00000000   fn_80201B54 + 0
000001c8  0000080a R_PPC_REL24            00000000   fn_80201BC8 + 0
000001dc  0000090a R_PPC_REL24            00000000   fn_8011F114 + 0
00000208  0000130a R_PPC_REL24            00000000   fn_80201EB8 + 0
0000020c  0000146d R_PPC_EMB_SDA21        00000000   lbl_8064D18C + 0
0000021c  0000150a R_PPC_REL24            00000000   fn_80201B4C + 0
0000022c  0000150a R_PPC_REL24            00000000   fn_80201B4C + 0
00000244  0000160a R_PPC_REL24            00000000   fn_80201B64 + 0
00000254  0000160a R_PPC_REL24            00000000   fn_80201B64 + 0
00000264  00000c0a R_PPC_REL24            00000000   fn_80201B54 + 0
0000027c  0000170a R_PPC_REL24            00000000   fn_8020123C + 0
00000294  0000180a R_PPC_REL24            00000000   fn_80178E94 + 0
000002a0  0000196d R_PPC_EMB_SDA21        00000000   lbl_8064E220 + 0
000002a8  00001a6d R_PPC_EMB_SDA21        00000000   lbl_8064E230 + 0
000002cc  00001b0a R_PPC_REL24            00000000   fn_80036A1C + 0
000002dc  0000180a R_PPC_REL24            00000000   fn_80178E94 + 0
000002f4  0000196d R_PPC_EMB_SDA21        00000000   lbl_8064E220 + 0
0000030c  00001c6d R_PPC_EMB_SDA21        00000000   lbl_8064E234 + 0
0000031c  00001d0a R_PPC_REL24            00000000   fn_80204434 + 0
00000368  00001e6d R_PPC_EMB_SDA21        00000000   lbl_8064E238 + 0
00000380  0000196d R_PPC_EMB_SDA21        00000000   lbl_8064E220 + 0
000003bc  00001f0a R_PPC_REL24            00000000   fn_800361F8 + 0
000003d8  0000170a R_PPC_REL24            00000000   fn_8020123C + 0
0000041c  0000200a R_PPC_REL24            00000000   fn_80201BC0 + 0

exit=0
$ build/binutils/powerpc-eabi-readelf -rW build/GEDE01/src/game/game_fn_800365C8.o

Relocation section '.rela.text' at offset 0x490 contains 46 entries:
 Offset     Info    Type                Sym. Value  Symbol's Name + Addend
00000020  00000e0a R_PPC_REL24            00000000   fn_80201B9C + 0
00000026  00000506 R_PPC_ADDR16_HA        00000000   lbl_80238DA0 + 0
0000002e  00000504 R_PPC_ADDR16_LO        00000000   lbl_80238DA0 + 0
00000030  0000066d R_PPC_EMB_SDA21        00000000   lbl_8064E228 + 0
00000054  00000f0a R_PPC_REL24            00000000   fn_80201B8C + 0
00000060  0000100a R_PPC_REL24            00000000   fn_80201BC8 + 0
00000074  0000110a R_PPC_REL24            00000000   fn_8011F114 + 0
000000a0  0000120a R_PPC_REL24            00000000   fn_801A7570 + 0
000000b0  0000130a R_PPC_REL24            00000000   fn_80205288 + 0
000000bc  00000f0a R_PPC_REL24            00000000   fn_80201B8C + 0
000000e0  0000140a R_PPC_REL24            00000000   fn_80201B54 + 0
000000f4  0000100a R_PPC_REL24            00000000   fn_80201BC8 + 0
00000108  0000150a R_PPC_REL24            00000000   fn_8011EB04 + 0
00000148  0000160a R_PPC_REL24            00000000   fn_80201C24 + 0
00000150  0000170a R_PPC_REL24            00000000   fn_80157C80 + 0
00000160  0000170a R_PPC_REL24            00000000   fn_80157C80 + 0
00000174  0000076d R_PPC_EMB_SDA21        00000000   lbl_8064E22C + 0
0000017a  00000806 R_PPC_ADDR16_HA        00000000   lbl_803003C8 + 0
0000017e  00000906 R_PPC_ADDR16_HA        00000000   lbl_80238DAC + 0
00000182  00000804 R_PPC_ADDR16_LO        00000000   lbl_803003C8 + 0
00000186  00000904 R_PPC_ADDR16_LO        00000000   lbl_80238DAC + 0
00000190  00000f0a R_PPC_REL24            00000000   fn_80201B8C + 0
000001b4  0000140a R_PPC_REL24            00000000   fn_80201B54 + 0
000001c4  0000100a R_PPC_REL24            00000000   fn_80201BC8 + 0
000001d8  0000110a R_PPC_REL24            00000000   fn_8011F114 + 0
00000204  0000180a R_PPC_REL24            00000000   fn_80201EB8 + 0
00000208  00000a6d R_PPC_EMB_SDA21        00000000   lbl_8064D18C + 0
00000218  0000190a R_PPC_REL24            00000000   fn_80201B4C + 0
00000228  0000190a R_PPC_REL24            00000000   fn_80201B4C + 0
00000240  00001a0a R_PPC_REL24            00000000   fn_80201B64 + 0
00000250  00001a0a R_PPC_REL24            00000000   fn_80201B64 + 0
00000260  0000140a R_PPC_REL24            00000000   fn_80201B54 + 0
00000278  00001b0a R_PPC_REL24            00000000   fn_8020123C + 0
00000290  00001c0a R_PPC_REL24            00000000   fn_80178E94 + 0
0000029c  0000046d R_PPC_EMB_SDA21        00000000   @72 + 0
000002a4  00000b6d R_PPC_EMB_SDA21        00000000   lbl_8064E230 + 0
000002c8  00001d0a R_PPC_REL24            00000000   fn_80036A1C + 0
000002d8  00001c0a R_PPC_REL24            00000000   fn_80178E94 + 0
000002f0  0000046d R_PPC_EMB_SDA21        00000000   @72 + 0
00000308  00000c6d R_PPC_EMB_SDA21        00000000   lbl_8064E234 + 0
00000318  00001e0a R_PPC_REL24            00000000   fn_80204434 + 0
00000364  00000d6d R_PPC_EMB_SDA21        00000000   lbl_8064E238 + 0
0000037c  0000046d R_PPC_EMB_SDA21        00000000   @72 + 0
000003b8  00001f0a R_PPC_REL24            00000000   fn_800361F8 + 0
000003d4  00001b0a R_PPC_REL24            00000000   fn_8020123C + 0
00000418  0000200a R_PPC_REL24            00000000   fn_80201BC0 + 0

exit=0
$ .tools/bin/ninja -v build/GEDE01/src/game/game_fn_800365C8.o
[1/1] tools/mwcc_wrapper.py build/tools/sjiswrap.exe compilers/GC/1.3/mwcceppc.exe -nodefaults -proc gekko -align powerpc -enum int -fp hardware -Cpp_exceptions off -O4,p -inline auto -pragma "cats off" -pragma "warn_notinlined off" -maxerrors 1 -nosyspath -RTTI off -fp_contract on -str reuse -multibyte -i include -i build/GEDE01/include -DVERSION_GEDE01 -DNDEBUG=1 -lang=c -use_lmw_stmw on -MMD -c src/game/game_fn_800365C8.c -o build/GEDE01/src/game && "/usr/bin/python3" tools/transform_dep.py build/GEDE01/src/game/game_fn_800365C8.d build/GEDE01/src/game/game_fn_800365C8.d

exit=0
$ build/tools/objdiff-cli diff -1 build/GEDE01/obj/game/game_fn_800365C8.o -2 build/GEDE01/src/game/game_fn_800365C8.o fn_800365C8 --format json-pretty -o reports/GEDE01/experiment-b8a20e12-d4ea-4a72-a12f-cb56fd8cd295-reused-query-id.canonical.json
 INFO Writing to reports/GEDE01/experiment-b8a20e12-d4ea-4a72-a12f-cb56fd8cd295-reused-query-id.canonical.json

exit=0
$ build/tools/objdiff-cli diff -1 build/GEDE01/obj/game/game_fn_800365C8.o -2 build/GEDE01/src/game/game_fn_800365C8.o fn_800365C8 --format json-pretty -o reports/GEDE01/experiment-b8a20e12-d4ea-4a72-a12f-cb56fd8cd295-reused-query-id.strict.json -c functionRelocDiffs=all
 INFO Writing to reports/GEDE01/experiment-b8a20e12-d4ea-4a72-a12f-cb56fd8cd295-reused-query-id.strict.json

exit=0
$ build/binutils/powerpc-eabi-readelf -rW build/GEDE01/obj/game/game_fn_800365C8.o

Relocation section '.rela.text' at offset 0x494 contains 46 entries:
 Offset     Info    Type                Sym. Value  Symbol's Name + Addend
00000020  0000040a R_PPC_REL24            00000000   fn_80201B9C + 0
00000026  00000506 R_PPC_ADDR16_HA        00000000   lbl_80238DA0 + 0
0000002e  00000504 R_PPC_ADDR16_LO        00000000   lbl_80238DA0 + 0
00000030  0000066d R_PPC_EMB_SDA21        00000000   lbl_8064E228 + 0
00000054  0000070a R_PPC_REL24            00000000   fn_80201B8C + 0
00000060  0000080a R_PPC_REL24            00000000   fn_80201BC8 + 0
00000074  0000090a R_PPC_REL24            00000000   fn_8011F114 + 0
000000a0  00000a0a R_PPC_REL24            00000000   fn_801A7570 + 0
000000b0  00000b0a R_PPC_REL24            00000000   fn_80205288 + 0
000000bc  0000070a R_PPC_REL24            00000000   fn_80201B8C + 0
000000e0  00000c0a R_PPC_REL24            00000000   fn_80201B54 + 0
000000f4  0000080a R_PPC_REL24            00000000   fn_80201BC8 + 0
00000108  00000d0a R_PPC_REL24            00000000   fn_8011EB04 + 0
00000148  00000e0a R_PPC_REL24            00000000   fn_80201C24 + 0
00000150  00000f0a R_PPC_REL24            00000000   fn_80157C80 + 0
00000160  00000f0a R_PPC_REL24            00000000   fn_80157C80 + 0
00000174  0000106d R_PPC_EMB_SDA21        00000000   lbl_8064E22C + 0
0000017a  00001106 R_PPC_ADDR16_HA        00000000   lbl_803003C8 + 0
0000017e  00001206 R_PPC_ADDR16_HA        00000000   lbl_80238DAC + 0
00000186  00001104 R_PPC_ADDR16_LO        00000000   lbl_803003C8 + 0
0000018a  00001204 R_PPC_ADDR16_LO        00000000   lbl_80238DAC + 0
00000194  0000070a R_PPC_REL24            00000000   fn_80201B8C + 0
000001b8  00000c0a R_PPC_REL24            00000000   fn_80201B54 + 0
000001c8  0000080a R_PPC_REL24            00000000   fn_80201BC8 + 0
000001dc  0000090a R_PPC_REL24            00000000   fn_8011F114 + 0
00000208  0000130a R_PPC_REL24            00000000   fn_80201EB8 + 0
0000020c  0000146d R_PPC_EMB_SDA21        00000000   lbl_8064D18C + 0
0000021c  0000150a R_PPC_REL24            00000000   fn_80201B4C + 0
0000022c  0000150a R_PPC_REL24            00000000   fn_80201B4C + 0
00000244  0000160a R_PPC_REL24            00000000   fn_80201B64 + 0
00000254  0000160a R_PPC_REL24            00000000   fn_80201B64 + 0
00000264  00000c0a R_PPC_REL24            00000000   fn_80201B54 + 0
0000027c  0000170a R_PPC_REL24            00000000   fn_8020123C + 0
00000294  0000180a R_PPC_REL24            00000000   fn_80178E94 + 0
000002a0  0000196d R_PPC_EMB_SDA21        00000000   lbl_8064E220 + 0
000002a8  00001a6d R_PPC_EMB_SDA21        00000000   lbl_8064E230 + 0
000002cc  00001b0a R_PPC_REL24            00000000   fn_80036A1C + 0
000002dc  0000180a R_PPC_REL24            00000000   fn_80178E94 + 0
000002f4  0000196d R_PPC_EMB_SDA21        00000000   lbl_8064E220 + 0
0000030c  00001c6d R_PPC_EMB_SDA21        00000000   lbl_8064E234 + 0
0000031c  00001d0a R_PPC_REL24            00000000   fn_80204434 + 0
00000368  00001e6d R_PPC_EMB_SDA21        00000000   lbl_8064E238 + 0
00000380  0000196d R_PPC_EMB_SDA21        00000000   lbl_8064E220 + 0
000003bc  00001f0a R_PPC_REL24            00000000   fn_800361F8 + 0
000003d8  0000170a R_PPC_REL24            00000000   fn_8020123C + 0
0000041c  0000200a R_PPC_REL24            00000000   fn_80201BC0 + 0

exit=0
$ build/binutils/powerpc-eabi-readelf -rW build/GEDE01/src/game/game_fn_800365C8.o

Relocation section '.rela.text' at offset 0x490 contains 46 entries:
 Offset     Info    Type                Sym. Value  Symbol's Name + Addend
00000020  00000e0a R_PPC_REL24            00000000   fn_80201B9C + 0
00000026  00000506 R_PPC_ADDR16_HA        00000000   lbl_80238DA0 + 0
0000002e  00000504 R_PPC_ADDR16_LO        00000000   lbl_80238DA0 + 0
00000030  0000066d R_PPC_EMB_SDA21        00000000   lbl_8064E228 + 0
00000054  00000f0a R_PPC_REL24            00000000   fn_80201B8C + 0
00000060  0000100a R_PPC_REL24            00000000   fn_80201BC8 + 0
00000074  0000110a R_PPC_REL24            00000000   fn_8011F114 + 0
000000a0  0000120a R_PPC_REL24            00000000   fn_801A7570 + 0
000000b0  0000130a R_PPC_REL24            00000000   fn_80205288 + 0
000000bc  00000f0a R_PPC_REL24            00000000   fn_80201B8C + 0
000000e0  0000140a R_PPC_REL24            00000000   fn_80201B54 + 0
000000f4  0000100a R_PPC_REL24            00000000   fn_80201BC8 + 0
00000108  0000150a R_PPC_REL24            00000000   fn_8011EB04 + 0
00000148  0000160a R_PPC_REL24            00000000   fn_80201C24 + 0
00000150  0000170a R_PPC_REL24            00000000   fn_80157C80 + 0
00000160  0000170a R_PPC_REL24            00000000   fn_80157C80 + 0
00000174  0000076d R_PPC_EMB_SDA21        00000000   lbl_8064E22C + 0
0000017a  00000806 R_PPC_ADDR16_HA        00000000   lbl_803003C8 + 0
0000017e  00000906 R_PPC_ADDR16_HA        00000000   lbl_80238DAC + 0
00000182  00000804 R_PPC_ADDR16_LO        00000000   lbl_803003C8 + 0
00000186  00000904 R_PPC_ADDR16_LO        00000000   lbl_80238DAC + 0
00000190  00000f0a R_PPC_REL24            00000000   fn_80201B8C + 0
000001b4  0000140a R_PPC_REL24            00000000   fn_80201B54 + 0
000001c4  0000100a R_PPC_REL24            00000000   fn_80201BC8 + 0
000001d8  0000110a R_PPC_REL24            00000000   fn_8011F114 + 0
00000204  0000180a R_PPC_REL24            00000000   fn_80201EB8 + 0
00000208  00000a6d R_PPC_EMB_SDA21        00000000   lbl_8064D18C + 0
00000218  0000190a R_PPC_REL24            00000000   fn_80201B4C + 0
00000228  0000190a R_PPC_REL24            00000000   fn_80201B4C + 0
00000240  00001a0a R_PPC_REL24            00000000   fn_80201B64 + 0
00000250  00001a0a R_PPC_REL24            00000000   fn_80201B64 + 0
00000260  0000140a R_PPC_REL24            00000000   fn_80201B54 + 0
00000278  00001b0a R_PPC_REL24            00000000   fn_8020123C + 0
00000290  00001c0a R_PPC_REL24            00000000   fn_80178E94 + 0
0000029c  0000046d R_PPC_EMB_SDA21        00000000   @73 + 0
000002a4  00000b6d R_PPC_EMB_SDA21        00000000   lbl_8064E230 + 0
000002c8  00001d0a R_PPC_REL24            00000000   fn_80036A1C + 0
000002d8  00001c0a R_PPC_REL24            00000000   fn_80178E94 + 0
000002f0  0000046d R_PPC_EMB_SDA21        00000000   @73 + 0
00000308  00000c6d R_PPC_EMB_SDA21        00000000   lbl_8064E234 + 0
00000318  00001e0a R_PPC_REL24            00000000   fn_80204434 + 0
00000364  00000d6d R_PPC_EMB_SDA21        00000000   lbl_8064E238 + 0
0000037c  0000046d R_PPC_EMB_SDA21        00000000   @73 + 0
000003b8  00001f0a R_PPC_REL24            00000000   fn_800361F8 + 0
000003d4  00001b0a R_PPC_REL24            00000000   fn_8020123C + 0
00000418  0000200a R_PPC_REL24            00000000   fn_80201BC0 + 0

exit=0
$ .tools/bin/ninja -v build/GEDE01/src/game/game_fn_800365C8.o
[1/1] tools/mwcc_wrapper.py build/tools/sjiswrap.exe compilers/GC/1.3/mwcceppc.exe -nodefaults -proc gekko -align powerpc -enum int -fp hardware -Cpp_exceptions off -O4,p -inline auto -pragma "cats off" -pragma "warn_notinlined off" -maxerrors 1 -nosyspath -RTTI off -fp_contract on -str reuse -multibyte -i include -i build/GEDE01/include -DVERSION_GEDE01 -DNDEBUG=1 -lang=c -use_lmw_stmw on -MMD -c src/game/game_fn_800365C8.c -o build/GEDE01/src/game && "/usr/bin/python3" tools/transform_dep.py build/GEDE01/src/game/game_fn_800365C8.d build/GEDE01/src/game/game_fn_800365C8.d

exit=0
$ build/tools/objdiff-cli diff -1 build/GEDE01/obj/game/game_fn_800365C8.o -2 build/GEDE01/src/game/game_fn_800365C8.o fn_800365C8 --format json-pretty -o reports/GEDE01/experiment-b8a20e12-d4ea-4a72-a12f-cb56fd8cd295-long-query-signed-test.canonical.json
 INFO Writing to reports/GEDE01/experiment-b8a20e12-d4ea-4a72-a12f-cb56fd8cd295-long-query-signed-test.canonical.json

exit=0
$ build/tools/objdiff-cli diff -1 build/GEDE01/obj/game/game_fn_800365C8.o -2 build/GEDE01/src/game/game_fn_800365C8.o fn_800365C8 --format json-pretty -o reports/GEDE01/experiment-b8a20e12-d4ea-4a72-a12f-cb56fd8cd295-long-query-signed-test.strict.json -c functionRelocDiffs=all
 INFO Writing to reports/GEDE01/experiment-b8a20e12-d4ea-4a72-a12f-cb56fd8cd295-long-query-signed-test.strict.json

exit=0
$ build/binutils/powerpc-eabi-readelf -rW build/GEDE01/obj/game/game_fn_800365C8.o

Relocation section '.rela.text' at offset 0x494 contains 46 entries:
 Offset     Info    Type                Sym. Value  Symbol's Name + Addend
00000020  0000040a R_PPC_REL24            00000000   fn_80201B9C + 0
00000026  00000506 R_PPC_ADDR16_HA        00000000   lbl_80238DA0 + 0
0000002e  00000504 R_PPC_ADDR16_LO        00000000   lbl_80238DA0 + 0
00000030  0000066d R_PPC_EMB_SDA21        00000000   lbl_8064E228 + 0
00000054  0000070a R_PPC_REL24            00000000   fn_80201B8C + 0
00000060  0000080a R_PPC_REL24            00000000   fn_80201BC8 + 0
00000074  0000090a R_PPC_REL24            00000000   fn_8011F114 + 0
000000a0  00000a0a R_PPC_REL24            00000000   fn_801A7570 + 0
000000b0  00000b0a R_PPC_REL24            00000000   fn_80205288 + 0
000000bc  0000070a R_PPC_REL24            00000000   fn_80201B8C + 0
000000e0  00000c0a R_PPC_REL24            00000000   fn_80201B54 + 0
000000f4  0000080a R_PPC_REL24            00000000   fn_80201BC8 + 0
00000108  00000d0a R_PPC_REL24            00000000   fn_8011EB04 + 0
00000148  00000e0a R_PPC_REL24            00000000   fn_80201C24 + 0
00000150  00000f0a R_PPC_REL24            00000000   fn_80157C80 + 0
00000160  00000f0a R_PPC_REL24            00000000   fn_80157C80 + 0
00000174  0000106d R_PPC_EMB_SDA21        00000000   lbl_8064E22C + 0
0000017a  00001106 R_PPC_ADDR16_HA        00000000   lbl_803003C8 + 0
0000017e  00001206 R_PPC_ADDR16_HA        00000000   lbl_80238DAC + 0
00000186  00001104 R_PPC_ADDR16_LO        00000000   lbl_803003C8 + 0
0000018a  00001204 R_PPC_ADDR16_LO        00000000   lbl_80238DAC + 0
00000194  0000070a R_PPC_REL24            00000000   fn_80201B8C + 0
000001b8  00000c0a R_PPC_REL24            00000000   fn_80201B54 + 0
000001c8  0000080a R_PPC_REL24            00000000   fn_80201BC8 + 0
000001dc  0000090a R_PPC_REL24            00000000   fn_8011F114 + 0
00000208  0000130a R_PPC_REL24            00000000   fn_80201EB8 + 0
0000020c  0000146d R_PPC_EMB_SDA21        00000000   lbl_8064D18C + 0
0000021c  0000150a R_PPC_REL24            00000000   fn_80201B4C + 0
0000022c  0000150a R_PPC_REL24            00000000   fn_80201B4C + 0
00000244  0000160a R_PPC_REL24            00000000   fn_80201B64 + 0
00000254  0000160a R_PPC_REL24            00000000   fn_80201B64 + 0
00000264  00000c0a R_PPC_REL24            00000000   fn_80201B54 + 0
0000027c  0000170a R_PPC_REL24            00000000   fn_8020123C + 0
00000294  0000180a R_PPC_REL24            00000000   fn_80178E94 + 0
000002a0  0000196d R_PPC_EMB_SDA21        00000000   lbl_8064E220 + 0
000002a8  00001a6d R_PPC_EMB_SDA21        00000000   lbl_8064E230 + 0
000002cc  00001b0a R_PPC_REL24            00000000   fn_80036A1C + 0
000002dc  0000180a R_PPC_REL24            00000000   fn_80178E94 + 0
000002f4  0000196d R_PPC_EMB_SDA21        00000000   lbl_8064E220 + 0
0000030c  00001c6d R_PPC_EMB_SDA21        00000000   lbl_8064E234 + 0
0000031c  00001d0a R_PPC_REL24            00000000   fn_80204434 + 0
00000368  00001e6d R_PPC_EMB_SDA21        00000000   lbl_8064E238 + 0
00000380  0000196d R_PPC_EMB_SDA21        00000000   lbl_8064E220 + 0
000003bc  00001f0a R_PPC_REL24            00000000   fn_800361F8 + 0
000003d8  0000170a R_PPC_REL24            00000000   fn_8020123C + 0
0000041c  0000200a R_PPC_REL24            00000000   fn_80201BC0 + 0

exit=0
$ build/binutils/powerpc-eabi-readelf -rW build/GEDE01/src/game/game_fn_800365C8.o

Relocation section '.rela.text' at offset 0x490 contains 46 entries:
 Offset     Info    Type                Sym. Value  Symbol's Name + Addend
00000020  00000e0a R_PPC_REL24            00000000   fn_80201B9C + 0
00000026  00000506 R_PPC_ADDR16_HA        00000000   lbl_80238DA0 + 0
0000002e  00000504 R_PPC_ADDR16_LO        00000000   lbl_80238DA0 + 0
00000030  0000066d R_PPC_EMB_SDA21        00000000   lbl_8064E228 + 0
00000054  00000f0a R_PPC_REL24            00000000   fn_80201B8C + 0
00000060  0000100a R_PPC_REL24            00000000   fn_80201BC8 + 0
00000074  0000110a R_PPC_REL24            00000000   fn_8011F114 + 0
000000a0  0000120a R_PPC_REL24            00000000   fn_801A7570 + 0
000000b0  0000130a R_PPC_REL24            00000000   fn_80205288 + 0
000000bc  00000f0a R_PPC_REL24            00000000   fn_80201B8C + 0
000000e0  0000140a R_PPC_REL24            00000000   fn_80201B54 + 0
000000f4  0000100a R_PPC_REL24            00000000   fn_80201BC8 + 0
00000108  0000150a R_PPC_REL24            00000000   fn_8011EB04 + 0
00000148  0000160a R_PPC_REL24            00000000   fn_80201C24 + 0
00000150  0000170a R_PPC_REL24            00000000   fn_80157C80 + 0
00000160  0000170a R_PPC_REL24            00000000   fn_80157C80 + 0
00000174  0000076d R_PPC_EMB_SDA21        00000000   lbl_8064E22C + 0
0000017a  00000806 R_PPC_ADDR16_HA        00000000   lbl_803003C8 + 0
0000017e  00000906 R_PPC_ADDR16_HA        00000000   lbl_80238DAC + 0
00000186  00000804 R_PPC_ADDR16_LO        00000000   lbl_803003C8 + 0
0000018a  00000904 R_PPC_ADDR16_LO        00000000   lbl_80238DAC + 0
00000194  00000f0a R_PPC_REL24            00000000   fn_80201B8C + 0
000001b8  0000140a R_PPC_REL24            00000000   fn_80201B54 + 0
000001c8  0000100a R_PPC_REL24            00000000   fn_80201BC8 + 0
000001dc  0000110a R_PPC_REL24            00000000   fn_8011F114 + 0
00000208  0000180a R_PPC_REL24            00000000   fn_80201EB8 + 0
0000020c  00000a6d R_PPC_EMB_SDA21        00000000   lbl_8064D18C + 0
0000021c  0000190a R_PPC_REL24            00000000   fn_80201B4C + 0
0000022c  0000190a R_PPC_REL24            00000000   fn_80201B4C + 0
00000244  00001a0a R_PPC_REL24            00000000   fn_80201B64 + 0
00000254  00001a0a R_PPC_REL24            00000000   fn_80201B64 + 0
00000264  0000140a R_PPC_REL24            00000000   fn_80201B54 + 0
0000027c  00001b0a R_PPC_REL24            00000000   fn_8020123C + 0
00000294  00001c0a R_PPC_REL24            00000000   fn_80178E94 + 0
000002a0  0000046d R_PPC_EMB_SDA21        00000000   @74 + 0
000002a8  00000b6d R_PPC_EMB_SDA21        00000000   lbl_8064E230 + 0
000002cc  00001d0a R_PPC_REL24            00000000   fn_80036A1C + 0
000002dc  00001c0a R_PPC_REL24            00000000   fn_80178E94 + 0
000002f4  0000046d R_PPC_EMB_SDA21        00000000   @74 + 0
0000030c  00000c6d R_PPC_EMB_SDA21        00000000   lbl_8064E234 + 0
0000031c  00001e0a R_PPC_REL24            00000000   fn_80204434 + 0
00000368  00000d6d R_PPC_EMB_SDA21        00000000   lbl_8064E238 + 0
00000380  0000046d R_PPC_EMB_SDA21        00000000   @74 + 0
000003bc  00001f0a R_PPC_REL24            00000000   fn_800361F8 + 0
000003d8  00001b0a R_PPC_REL24            00000000   fn_8020123C + 0
0000041c  0000200a R_PPC_REL24            00000000   fn_80201BC0 + 0

exit=0
$ .tools/bin/ninja -v build/GEDE01/src/game/game_fn_800365C8.o
[1/1] tools/mwcc_wrapper.py build/tools/sjiswrap.exe compilers/GC/1.3/mwcceppc.exe -nodefaults -proc gekko -align powerpc -enum int -fp hardware -Cpp_exceptions off -O4,p -inline auto -pragma "cats off" -pragma "warn_notinlined off" -maxerrors 1 -nosyspath -RTTI off -fp_contract on -str reuse -multibyte -i include -i build/GEDE01/include -DVERSION_GEDE01 -DNDEBUG=1 -lang=c -use_lmw_stmw on -MMD -c src/game/game_fn_800365C8.c -o build/GEDE01/src/game && "/usr/bin/python3" tools/transform_dep.py build/GEDE01/src/game/game_fn_800365C8.d build/GEDE01/src/game/game_fn_800365C8.d

exit=0
$ build/tools/objdiff-cli diff -1 build/GEDE01/obj/game/game_fn_800365C8.o -2 build/GEDE01/src/game/game_fn_800365C8.o fn_800365C8 --format json-pretty -o reports/GEDE01/experiment-b8a20e12-d4ea-4a72-a12f-cb56fd8cd295-long-parameter.canonical.json
 INFO Writing to reports/GEDE01/experiment-b8a20e12-d4ea-4a72-a12f-cb56fd8cd295-long-parameter.canonical.json

exit=0
$ build/tools/objdiff-cli diff -1 build/GEDE01/obj/game/game_fn_800365C8.o -2 build/GEDE01/src/game/game_fn_800365C8.o fn_800365C8 --format json-pretty -o reports/GEDE01/experiment-b8a20e12-d4ea-4a72-a12f-cb56fd8cd295-long-parameter.strict.json -c functionRelocDiffs=all
 INFO Writing to reports/GEDE01/experiment-b8a20e12-d4ea-4a72-a12f-cb56fd8cd295-long-parameter.strict.json

exit=0
$ build/binutils/powerpc-eabi-readelf -rW build/GEDE01/obj/game/game_fn_800365C8.o

Relocation section '.rela.text' at offset 0x494 contains 46 entries:
 Offset     Info    Type                Sym. Value  Symbol's Name + Addend
00000020  0000040a R_PPC_REL24            00000000   fn_80201B9C + 0
00000026  00000506 R_PPC_ADDR16_HA        00000000   lbl_80238DA0 + 0
0000002e  00000504 R_PPC_ADDR16_LO        00000000   lbl_80238DA0 + 0
00000030  0000066d R_PPC_EMB_SDA21        00000000   lbl_8064E228 + 0
00000054  0000070a R_PPC_REL24            00000000   fn_80201B8C + 0
00000060  0000080a R_PPC_REL24            00000000   fn_80201BC8 + 0
00000074  0000090a R_PPC_REL24            00000000   fn_8011F114 + 0
000000a0  00000a0a R_PPC_REL24            00000000   fn_801A7570 + 0
000000b0  00000b0a R_PPC_REL24            00000000   fn_80205288 + 0
000000bc  0000070a R_PPC_REL24            00000000   fn_80201B8C + 0
000000e0  00000c0a R_PPC_REL24            00000000   fn_80201B54 + 0
000000f4  0000080a R_PPC_REL24            00000000   fn_80201BC8 + 0
00000108  00000d0a R_PPC_REL24            00000000   fn_8011EB04 + 0
00000148  00000e0a R_PPC_REL24            00000000   fn_80201C24 + 0
00000150  00000f0a R_PPC_REL24            00000000   fn_80157C80 + 0
00000160  00000f0a R_PPC_REL24            00000000   fn_80157C80 + 0
00000174  0000106d R_PPC_EMB_SDA21        00000000   lbl_8064E22C + 0
0000017a  00001106 R_PPC_ADDR16_HA        00000000   lbl_803003C8 + 0
0000017e  00001206 R_PPC_ADDR16_HA        00000000   lbl_80238DAC + 0
00000186  00001104 R_PPC_ADDR16_LO        00000000   lbl_803003C8 + 0
0000018a  00001204 R_PPC_ADDR16_LO        00000000   lbl_80238DAC + 0
00000194  0000070a R_PPC_REL24            00000000   fn_80201B8C + 0
000001b8  00000c0a R_PPC_REL24            00000000   fn_80201B54 + 0
000001c8  0000080a R_PPC_REL24            00000000   fn_80201BC8 + 0
000001dc  0000090a R_PPC_REL24            00000000   fn_8011F114 + 0
00000208  0000130a R_PPC_REL24            00000000   fn_80201EB8 + 0
0000020c  0000146d R_PPC_EMB_SDA21        00000000   lbl_8064D18C + 0
0000021c  0000150a R_PPC_REL24            00000000   fn_80201B4C + 0
0000022c  0000150a R_PPC_REL24            00000000   fn_80201B4C + 0
00000244  0000160a R_PPC_REL24            00000000   fn_80201B64 + 0
00000254  0000160a R_PPC_REL24            00000000   fn_80201B64 + 0
00000264  00000c0a R_PPC_REL24            00000000   fn_80201B54 + 0
0000027c  0000170a R_PPC_REL24            00000000   fn_8020123C + 0
00000294  0000180a R_PPC_REL24            00000000   fn_80178E94 + 0
000002a0  0000196d R_PPC_EMB_SDA21        00000000   lbl_8064E220 + 0
000002a8  00001a6d R_PPC_EMB_SDA21        00000000   lbl_8064E230 + 0
000002cc  00001b0a R_PPC_REL24            00000000   fn_80036A1C + 0
000002dc  0000180a R_PPC_REL24            00000000   fn_80178E94 + 0
000002f4  0000196d R_PPC_EMB_SDA21        00000000   lbl_8064E220 + 0
0000030c  00001c6d R_PPC_EMB_SDA21        00000000   lbl_8064E234 + 0
0000031c  00001d0a R_PPC_REL24            00000000   fn_80204434 + 0
00000368  00001e6d R_PPC_EMB_SDA21        00000000   lbl_8064E238 + 0
00000380  0000196d R_PPC_EMB_SDA21        00000000   lbl_8064E220 + 0
000003bc  00001f0a R_PPC_REL24            00000000   fn_800361F8 + 0
000003d8  0000170a R_PPC_REL24            00000000   fn_8020123C + 0
0000041c  0000200a R_PPC_REL24            00000000   fn_80201BC0 + 0

exit=0
$ build/binutils/powerpc-eabi-readelf -rW build/GEDE01/src/game/game_fn_800365C8.o

Relocation section '.rela.text' at offset 0x490 contains 46 entries:
 Offset     Info    Type                Sym. Value  Symbol's Name + Addend
00000020  00000e0a R_PPC_REL24            00000000   fn_80201B9C + 0
00000026  00000506 R_PPC_ADDR16_HA        00000000   lbl_80238DA0 + 0
0000002e  00000504 R_PPC_ADDR16_LO        00000000   lbl_80238DA0 + 0
00000030  0000066d R_PPC_EMB_SDA21        00000000   lbl_8064E228 + 0
00000054  00000f0a R_PPC_REL24            00000000   fn_80201B8C + 0
00000060  0000100a R_PPC_REL24            00000000   fn_80201BC8 + 0
00000074  0000110a R_PPC_REL24            00000000   fn_8011F114 + 0
000000a0  0000120a R_PPC_REL24            00000000   fn_801A7570 + 0
000000b0  0000130a R_PPC_REL24            00000000   fn_80205288 + 0
000000bc  00000f0a R_PPC_REL24            00000000   fn_80201B8C + 0
000000e0  0000140a R_PPC_REL24            00000000   fn_80201B54 + 0
000000f4  0000100a R_PPC_REL24            00000000   fn_80201BC8 + 0
00000108  0000150a R_PPC_REL24            00000000   fn_8011EB04 + 0
00000148  0000160a R_PPC_REL24            00000000   fn_80201C24 + 0
00000150  0000170a R_PPC_REL24            00000000   fn_80157C80 + 0
00000160  0000170a R_PPC_REL24            00000000   fn_80157C80 + 0
00000174  0000076d R_PPC_EMB_SDA21        00000000   lbl_8064E22C + 0
0000017a  00000806 R_PPC_ADDR16_HA        00000000   lbl_803003C8 + 0
0000017e  00000906 R_PPC_ADDR16_HA        00000000   lbl_80238DAC + 0
00000186  00000804 R_PPC_ADDR16_LO        00000000   lbl_803003C8 + 0
0000018a  00000904 R_PPC_ADDR16_LO        00000000   lbl_80238DAC + 0
00000194  00000f0a R_PPC_REL24            00000000   fn_80201B8C + 0
000001b8  0000140a R_PPC_REL24            00000000   fn_80201B54 + 0
000001c8  0000100a R_PPC_REL24            00000000   fn_80201BC8 + 0
000001dc  0000110a R_PPC_REL24            00000000   fn_8011F114 + 0
00000208  0000180a R_PPC_REL24            00000000   fn_80201EB8 + 0
0000020c  00000a6d R_PPC_EMB_SDA21        00000000   lbl_8064D18C + 0
0000021c  0000190a R_PPC_REL24            00000000   fn_80201B4C + 0
0000022c  0000190a R_PPC_REL24            00000000   fn_80201B4C + 0
00000244  00001a0a R_PPC_REL24            00000000   fn_80201B64 + 0
00000254  00001a0a R_PPC_REL24            00000000   fn_80201B64 + 0
00000264  0000140a R_PPC_REL24            00000000   fn_80201B54 + 0
0000027c  00001b0a R_PPC_REL24            00000000   fn_8020123C + 0
00000294  00001c0a R_PPC_REL24            00000000   fn_80178E94 + 0
000002a0  0000046d R_PPC_EMB_SDA21        00000000   @73 + 0
000002a8  00000b6d R_PPC_EMB_SDA21        00000000   lbl_8064E230 + 0
000002cc  00001d0a R_PPC_REL24            00000000   fn_80036A1C + 0
000002dc  00001c0a R_PPC_REL24            00000000   fn_80178E94 + 0
000002f4  0000046d R_PPC_EMB_SDA21        00000000   @73 + 0
0000030c  00000c6d R_PPC_EMB_SDA21        00000000   lbl_8064E234 + 0
0000031c  00001e0a R_PPC_REL24            00000000   fn_80204434 + 0
00000368  00000d6d R_PPC_EMB_SDA21        00000000   lbl_8064E238 + 0
00000380  0000046d R_PPC_EMB_SDA21        00000000   @73 + 0
000003bc  00001f0a R_PPC_REL24            00000000   fn_800361F8 + 0
000003d8  00001b0a R_PPC_REL24            00000000   fn_8020123C + 0
0000041c  0000200a R_PPC_REL24            00000000   fn_80201BC0 + 0

exit=0
$ .tools/bin/ninja -v build/GEDE01/src/game/game_fn_800365C8.o
[1/1] tools/mwcc_wrapper.py build/tools/sjiswrap.exe compilers/GC/1.3/mwcceppc.exe -nodefaults -proc gekko -align powerpc -enum int -fp hardware -Cpp_exceptions off -O4,p -inline auto -pragma "cats off" -pragma "warn_notinlined off" -maxerrors 1 -nosyspath -RTTI off -fp_contract on -str reuse -multibyte -i include -i build/GEDE01/include -DVERSION_GEDE01 -DNDEBUG=1 -lang=c -use_lmw_stmw on -MMD -c src/game/game_fn_800365C8.c -o build/GEDE01/src/game && "/usr/bin/python3" tools/transform_dep.py build/GEDE01/src/game/game_fn_800365C8.d build/GEDE01/src/game/game_fn_800365C8.d

exit=0
$ build/tools/objdiff-cli diff -1 build/GEDE01/obj/game/game_fn_800365C8.o -2 build/GEDE01/src/game/game_fn_800365C8.o fn_800365C8 --format json-pretty -o reports/GEDE01/experiment-b8a20e12-d4ea-4a72-a12f-cb56fd8cd295-long-local-register-id.canonical.json
 INFO Writing to reports/GEDE01/experiment-b8a20e12-d4ea-4a72-a12f-cb56fd8cd295-long-local-register-id.canonical.json

exit=0
$ build/tools/objdiff-cli diff -1 build/GEDE01/obj/game/game_fn_800365C8.o -2 build/GEDE01/src/game/game_fn_800365C8.o fn_800365C8 --format json-pretty -o reports/GEDE01/experiment-b8a20e12-d4ea-4a72-a12f-cb56fd8cd295-long-local-register-id.strict.json -c functionRelocDiffs=all
 INFO Writing to reports/GEDE01/experiment-b8a20e12-d4ea-4a72-a12f-cb56fd8cd295-long-local-register-id.strict.json

exit=0
$ build/binutils/powerpc-eabi-readelf -rW build/GEDE01/obj/game/game_fn_800365C8.o

Relocation section '.rela.text' at offset 0x494 contains 46 entries:
 Offset     Info    Type                Sym. Value  Symbol's Name + Addend
00000020  0000040a R_PPC_REL24            00000000   fn_80201B9C + 0
00000026  00000506 R_PPC_ADDR16_HA        00000000   lbl_80238DA0 + 0
0000002e  00000504 R_PPC_ADDR16_LO        00000000   lbl_80238DA0 + 0
00000030  0000066d R_PPC_EMB_SDA21        00000000   lbl_8064E228 + 0
00000054  0000070a R_PPC_REL24            00000000   fn_80201B8C + 0
00000060  0000080a R_PPC_REL24            00000000   fn_80201BC8 + 0
00000074  0000090a R_PPC_REL24            00000000   fn_8011F114 + 0
000000a0  00000a0a R_PPC_REL24            00000000   fn_801A7570 + 0
000000b0  00000b0a R_PPC_REL24            00000000   fn_80205288 + 0
000000bc  0000070a R_PPC_REL24            00000000   fn_80201B8C + 0
000000e0  00000c0a R_PPC_REL24            00000000   fn_80201B54 + 0
000000f4  0000080a R_PPC_REL24            00000000   fn_80201BC8 + 0
00000108  00000d0a R_PPC_REL24            00000000   fn_8011EB04 + 0
00000148  00000e0a R_PPC_REL24            00000000   fn_80201C24 + 0
00000150  00000f0a R_PPC_REL24            00000000   fn_80157C80 + 0
00000160  00000f0a R_PPC_REL24            00000000   fn_80157C80 + 0
00000174  0000106d R_PPC_EMB_SDA21        00000000   lbl_8064E22C + 0
0000017a  00001106 R_PPC_ADDR16_HA        00000000   lbl_803003C8 + 0
0000017e  00001206 R_PPC_ADDR16_HA        00000000   lbl_80238DAC + 0
00000186  00001104 R_PPC_ADDR16_LO        00000000   lbl_803003C8 + 0
0000018a  00001204 R_PPC_ADDR16_LO        00000000   lbl_80238DAC + 0
00000194  0000070a R_PPC_REL24            00000000   fn_80201B8C + 0
000001b8  00000c0a R_PPC_REL24            00000000   fn_80201B54 + 0
000001c8  0000080a R_PPC_REL24            00000000   fn_80201BC8 + 0
000001dc  0000090a R_PPC_REL24            00000000   fn_8011F114 + 0
00000208  0000130a R_PPC_REL24            00000000   fn_80201EB8 + 0
0000020c  0000146d R_PPC_EMB_SDA21        00000000   lbl_8064D18C + 0
0000021c  0000150a R_PPC_REL24            00000000   fn_80201B4C + 0
0000022c  0000150a R_PPC_REL24            00000000   fn_80201B4C + 0
00000244  0000160a R_PPC_REL24            00000000   fn_80201B64 + 0
00000254  0000160a R_PPC_REL24            00000000   fn_80201B64 + 0
00000264  00000c0a R_PPC_REL24            00000000   fn_80201B54 + 0
0000027c  0000170a R_PPC_REL24            00000000   fn_8020123C + 0
00000294  0000180a R_PPC_REL24            00000000   fn_80178E94 + 0
000002a0  0000196d R_PPC_EMB_SDA21        00000000   lbl_8064E220 + 0
000002a8  00001a6d R_PPC_EMB_SDA21        00000000   lbl_8064E230 + 0
000002cc  00001b0a R_PPC_REL24            00000000   fn_80036A1C + 0
000002dc  0000180a R_PPC_REL24            00000000   fn_80178E94 + 0
000002f4  0000196d R_PPC_EMB_SDA21        00000000   lbl_8064E220 + 0
0000030c  00001c6d R_PPC_EMB_SDA21        00000000   lbl_8064E234 + 0
0000031c  00001d0a R_PPC_REL24            00000000   fn_80204434 + 0
00000368  00001e6d R_PPC_EMB_SDA21        00000000   lbl_8064E238 + 0
00000380  0000196d R_PPC_EMB_SDA21        00000000   lbl_8064E220 + 0
000003bc  00001f0a R_PPC_REL24            00000000   fn_800361F8 + 0
000003d8  0000170a R_PPC_REL24            00000000   fn_8020123C + 0
0000041c  0000200a R_PPC_REL24            00000000   fn_80201BC0 + 0

exit=0
$ build/binutils/powerpc-eabi-readelf -rW build/GEDE01/src/game/game_fn_800365C8.o

Relocation section '.rela.text' at offset 0x490 contains 46 entries:
 Offset     Info    Type                Sym. Value  Symbol's Name + Addend
00000020  00000e0a R_PPC_REL24            00000000   fn_80201B9C + 0
00000026  00000506 R_PPC_ADDR16_HA        00000000   lbl_80238DA0 + 0
0000002e  00000504 R_PPC_ADDR16_LO        00000000   lbl_80238DA0 + 0
00000030  0000066d R_PPC_EMB_SDA21        00000000   lbl_8064E228 + 0
00000054  00000f0a R_PPC_REL24            00000000   fn_80201B8C + 0
00000060  0000100a R_PPC_REL24            00000000   fn_80201BC8 + 0
00000074  0000110a R_PPC_REL24            00000000   fn_8011F114 + 0
000000a0  0000120a R_PPC_REL24            00000000   fn_801A7570 + 0
000000b0  0000130a R_PPC_REL24            00000000   fn_80205288 + 0
000000bc  00000f0a R_PPC_REL24            00000000   fn_80201B8C + 0
000000e0  0000140a R_PPC_REL24            00000000   fn_80201B54 + 0
000000f4  0000100a R_PPC_REL24            00000000   fn_80201BC8 + 0
00000108  0000150a R_PPC_REL24            00000000   fn_8011EB04 + 0
00000148  0000160a R_PPC_REL24            00000000   fn_80201C24 + 0
00000150  0000170a R_PPC_REL24            00000000   fn_80157C80 + 0
00000160  0000170a R_PPC_REL24            00000000   fn_80157C80 + 0
00000174  0000076d R_PPC_EMB_SDA21        00000000   lbl_8064E22C + 0
0000017a  00000806 R_PPC_ADDR16_HA        00000000   lbl_803003C8 + 0
0000017e  00000906 R_PPC_ADDR16_HA        00000000   lbl_80238DAC + 0
00000186  00000804 R_PPC_ADDR16_LO        00000000   lbl_803003C8 + 0
0000018a  00000904 R_PPC_ADDR16_LO        00000000   lbl_80238DAC + 0
00000194  00000f0a R_PPC_REL24            00000000   fn_80201B8C + 0
000001b8  0000140a R_PPC_REL24            00000000   fn_80201B54 + 0
000001c8  0000100a R_PPC_REL24            00000000   fn_80201BC8 + 0
000001dc  0000110a R_PPC_REL24            00000000   fn_8011F114 + 0
00000208  0000180a R_PPC_REL24            00000000   fn_80201EB8 + 0
0000020c  00000a6d R_PPC_EMB_SDA21        00000000   lbl_8064D18C + 0
0000021c  0000190a R_PPC_REL24            00000000   fn_80201B4C + 0
0000022c  0000190a R_PPC_REL24            00000000   fn_80201B4C + 0
00000244  00001a0a R_PPC_REL24            00000000   fn_80201B64 + 0
00000254  00001a0a R_PPC_REL24            00000000   fn_80201B64 + 0
00000264  0000140a R_PPC_REL24            00000000   fn_80201B54 + 0
0000027c  00001b0a R_PPC_REL24            00000000   fn_8020123C + 0
00000294  00001c0a R_PPC_REL24            00000000   fn_80178E94 + 0
000002a0  0000046d R_PPC_EMB_SDA21        00000000   @73 + 0
000002a8  00000b6d R_PPC_EMB_SDA21        00000000   lbl_8064E230 + 0
000002cc  00001d0a R_PPC_REL24            00000000   fn_80036A1C + 0
000002dc  00001c0a R_PPC_REL24            00000000   fn_80178E94 + 0
000002f4  0000046d R_PPC_EMB_SDA21        00000000   @73 + 0
0000030c  00000c6d R_PPC_EMB_SDA21        00000000   lbl_8064E234 + 0
0000031c  00001e0a R_PPC_REL24            00000000   fn_80204434 + 0
00000368  00000d6d R_PPC_EMB_SDA21        00000000   lbl_8064E238 + 0
00000380  0000046d R_PPC_EMB_SDA21        00000000   @73 + 0
000003bc  00001f0a R_PPC_REL24            00000000   fn_800361F8 + 0
000003d8  00001b0a R_PPC_REL24            00000000   fn_8020123C + 0
0000041c  0000200a R_PPC_REL24            00000000   fn_80201BC0 + 0

exit=0
$ .tools/bin/ninja -v build/GEDE01/src/game/game_fn_800365C8.o
[1/1] tools/mwcc_wrapper.py build/tools/sjiswrap.exe compilers/GC/1.3/mwcceppc.exe -nodefaults -proc gekko -align powerpc -enum int -fp hardware -Cpp_exceptions off -O4,p -inline auto -pragma "cats off" -pragma "warn_notinlined off" -maxerrors 1 -nosyspath -RTTI off -fp_contract on -str reuse -multibyte -i include -i build/GEDE01/include -DVERSION_GEDE01 -DNDEBUG=1 -lang=c -use_lmw_stmw on -MMD -c src/game/game_fn_800365C8.c -o build/GEDE01/src/game && "/usr/bin/python3" tools/transform_dep.py build/GEDE01/src/game/game_fn_800365C8.d build/GEDE01/src/game/game_fn_800365C8.d

exit=0
$ build/tools/objdiff-cli diff -1 build/GEDE01/obj/game/game_fn_800365C8.o -2 build/GEDE01/src/game/game_fn_800365C8.o fn_800365C8 --format json-pretty -o reports/GEDE01/experiment-b8a20e12-d4ea-4a72-a12f-cb56fd8cd295-message-register-order.canonical.json
 INFO Writing to reports/GEDE01/experiment-b8a20e12-d4ea-4a72-a12f-cb56fd8cd295-message-register-order.canonical.json

exit=0
$ build/tools/objdiff-cli diff -1 build/GEDE01/obj/game/game_fn_800365C8.o -2 build/GEDE01/src/game/game_fn_800365C8.o fn_800365C8 --format json-pretty -o reports/GEDE01/experiment-b8a20e12-d4ea-4a72-a12f-cb56fd8cd295-message-register-order.strict.json -c functionRelocDiffs=all
 INFO Writing to reports/GEDE01/experiment-b8a20e12-d4ea-4a72-a12f-cb56fd8cd295-message-register-order.strict.json

exit=0
$ build/binutils/powerpc-eabi-readelf -rW build/GEDE01/obj/game/game_fn_800365C8.o

Relocation section '.rela.text' at offset 0x494 contains 46 entries:
 Offset     Info    Type                Sym. Value  Symbol's Name + Addend
00000020  0000040a R_PPC_REL24            00000000   fn_80201B9C + 0
00000026  00000506 R_PPC_ADDR16_HA        00000000   lbl_80238DA0 + 0
0000002e  00000504 R_PPC_ADDR16_LO        00000000   lbl_80238DA0 + 0
00000030  0000066d R_PPC_EMB_SDA21        00000000   lbl_8064E228 + 0
00000054  0000070a R_PPC_REL24            00000000   fn_80201B8C + 0
00000060  0000080a R_PPC_REL24            00000000   fn_80201BC8 + 0
00000074  0000090a R_PPC_REL24            00000000   fn_8011F114 + 0
000000a0  00000a0a R_PPC_REL24            00000000   fn_801A7570 + 0
000000b0  00000b0a R_PPC_REL24            00000000   fn_80205288 + 0
000000bc  0000070a R_PPC_REL24            00000000   fn_80201B8C + 0
000000e0  00000c0a R_PPC_REL24            00000000   fn_80201B54 + 0
000000f4  0000080a R_PPC_REL24            00000000   fn_80201BC8 + 0
00000108  00000d0a R_PPC_REL24            00000000   fn_8011EB04 + 0
00000148  00000e0a R_PPC_REL24            00000000   fn_80201C24 + 0
00000150  00000f0a R_PPC_REL24            00000000   fn_80157C80 + 0
00000160  00000f0a R_PPC_REL24            00000000   fn_80157C80 + 0
00000174  0000106d R_PPC_EMB_SDA21        00000000   lbl_8064E22C + 0
0000017a  00001106 R_PPC_ADDR16_HA        00000000   lbl_803003C8 + 0
0000017e  00001206 R_PPC_ADDR16_HA        00000000   lbl_80238DAC + 0
00000186  00001104 R_PPC_ADDR16_LO        00000000   lbl_803003C8 + 0
0000018a  00001204 R_PPC_ADDR16_LO        00000000   lbl_80238DAC + 0
00000194  0000070a R_PPC_REL24            00000000   fn_80201B8C + 0
000001b8  00000c0a R_PPC_REL24            00000000   fn_80201B54 + 0
000001c8  0000080a R_PPC_REL24            00000000   fn_80201BC8 + 0
000001dc  0000090a R_PPC_REL24            00000000   fn_8011F114 + 0
00000208  0000130a R_PPC_REL24            00000000   fn_80201EB8 + 0
0000020c  0000146d R_PPC_EMB_SDA21        00000000   lbl_8064D18C + 0
0000021c  0000150a R_PPC_REL24            00000000   fn_80201B4C + 0
0000022c  0000150a R_PPC_REL24            00000000   fn_80201B4C + 0
00000244  0000160a R_PPC_REL24            00000000   fn_80201B64 + 0
00000254  0000160a R_PPC_REL24            00000000   fn_80201B64 + 0
00000264  00000c0a R_PPC_REL24            00000000   fn_80201B54 + 0
0000027c  0000170a R_PPC_REL24            00000000   fn_8020123C + 0
00000294  0000180a R_PPC_REL24            00000000   fn_80178E94 + 0
000002a0  0000196d R_PPC_EMB_SDA21        00000000   lbl_8064E220 + 0
000002a8  00001a6d R_PPC_EMB_SDA21        00000000   lbl_8064E230 + 0
000002cc  00001b0a R_PPC_REL24            00000000   fn_80036A1C + 0
000002dc  0000180a R_PPC_REL24            00000000   fn_80178E94 + 0
000002f4  0000196d R_PPC_EMB_SDA21        00000000   lbl_8064E220 + 0
0000030c  00001c6d R_PPC_EMB_SDA21        00000000   lbl_8064E234 + 0
0000031c  00001d0a R_PPC_REL24            00000000   fn_80204434 + 0
00000368  00001e6d R_PPC_EMB_SDA21        00000000   lbl_8064E238 + 0
00000380  0000196d R_PPC_EMB_SDA21        00000000   lbl_8064E220 + 0
000003bc  00001f0a R_PPC_REL24            00000000   fn_800361F8 + 0
000003d8  0000170a R_PPC_REL24            00000000   fn_8020123C + 0
0000041c  0000200a R_PPC_REL24            00000000   fn_80201BC0 + 0

exit=0
$ build/binutils/powerpc-eabi-readelf -rW build/GEDE01/src/game/game_fn_800365C8.o

Relocation section '.rela.text' at offset 0x490 contains 46 entries:
 Offset     Info    Type                Sym. Value  Symbol's Name + Addend
00000020  00000e0a R_PPC_REL24            00000000   fn_80201B9C + 0
00000026  00000506 R_PPC_ADDR16_HA        00000000   lbl_80238DA0 + 0
0000002e  00000504 R_PPC_ADDR16_LO        00000000   lbl_80238DA0 + 0
00000030  0000066d R_PPC_EMB_SDA21        00000000   lbl_8064E228 + 0
00000054  00000f0a R_PPC_REL24            00000000   fn_80201B8C + 0
00000060  0000100a R_PPC_REL24            00000000   fn_80201BC8 + 0
00000074  0000110a R_PPC_REL24            00000000   fn_8011F114 + 0
000000a0  0000120a R_PPC_REL24            00000000   fn_801A7570 + 0
000000b0  0000130a R_PPC_REL24            00000000   fn_80205288 + 0
000000bc  00000f0a R_PPC_REL24            00000000   fn_80201B8C + 0
000000e0  0000140a R_PPC_REL24            00000000   fn_80201B54 + 0
000000f4  0000100a R_PPC_REL24            00000000   fn_80201BC8 + 0
00000108  0000150a R_PPC_REL24            00000000   fn_8011EB04 + 0
00000148  0000160a R_PPC_REL24            00000000   fn_80201C24 + 0
00000150  0000170a R_PPC_REL24            00000000   fn_80157C80 + 0
00000160  0000170a R_PPC_REL24            00000000   fn_80157C80 + 0
00000174  0000076d R_PPC_EMB_SDA21        00000000   lbl_8064E22C + 0
0000017a  00000806 R_PPC_ADDR16_HA        00000000   lbl_803003C8 + 0
0000017e  00000906 R_PPC_ADDR16_HA        00000000   lbl_80238DAC + 0
00000186  00000804 R_PPC_ADDR16_LO        00000000   lbl_803003C8 + 0
0000018a  00000904 R_PPC_ADDR16_LO        00000000   lbl_80238DAC + 0
00000194  00000f0a R_PPC_REL24            00000000   fn_80201B8C + 0
000001b8  0000140a R_PPC_REL24            00000000   fn_80201B54 + 0
000001c8  0000100a R_PPC_REL24            00000000   fn_80201BC8 + 0
000001dc  0000110a R_PPC_REL24            00000000   fn_8011F114 + 0
00000208  0000180a R_PPC_REL24            00000000   fn_80201EB8 + 0
0000020c  00000a6d R_PPC_EMB_SDA21        00000000   lbl_8064D18C + 0
0000021c  0000190a R_PPC_REL24            00000000   fn_80201B4C + 0
0000022c  0000190a R_PPC_REL24            00000000   fn_80201B4C + 0
00000244  00001a0a R_PPC_REL24            00000000   fn_80201B64 + 0
00000254  00001a0a R_PPC_REL24            00000000   fn_80201B64 + 0
00000264  0000140a R_PPC_REL24            00000000   fn_80201B54 + 0
0000027c  00001b0a R_PPC_REL24            00000000   fn_8020123C + 0
00000294  00001c0a R_PPC_REL24            00000000   fn_80178E94 + 0
000002a0  0000046d R_PPC_EMB_SDA21        00000000   @73 + 0
000002a8  00000b6d R_PPC_EMB_SDA21        00000000   lbl_8064E230 + 0
000002cc  00001d0a R_PPC_REL24            00000000   fn_80036A1C + 0
000002dc  00001c0a R_PPC_REL24            00000000   fn_80178E94 + 0
000002f4  0000046d R_PPC_EMB_SDA21        00000000   @73 + 0
0000030c  00000c6d R_PPC_EMB_SDA21        00000000   lbl_8064E234 + 0
0000031c  00001e0a R_PPC_REL24            00000000   fn_80204434 + 0
00000368  00000d6d R_PPC_EMB_SDA21        00000000   lbl_8064E238 + 0
00000380  0000046d R_PPC_EMB_SDA21        00000000   @73 + 0
000003bc  00001f0a R_PPC_REL24            00000000   fn_800361F8 + 0
000003d8  00001b0a R_PPC_REL24            00000000   fn_8020123C + 0
0000041c  0000200a R_PPC_REL24            00000000   fn_80201BC0 + 0

exit=0
$ .tools/bin/ninja -v build/GEDE01/src/game/game_fn_800365C8.o
[1/1] tools/mwcc_wrapper.py build/tools/sjiswrap.exe compilers/GC/1.3/mwcceppc.exe -nodefaults -proc gekko -align powerpc -enum int -fp hardware -Cpp_exceptions off -O4,p -inline auto -pragma "cats off" -pragma "warn_notinlined off" -maxerrors 1 -nosyspath -RTTI off -fp_contract on -str reuse -multibyte -i include -i build/GEDE01/include -DVERSION_GEDE01 -DNDEBUG=1 -lang=c -use_lmw_stmw on -MMD -c src/game/game_fn_800365C8.c -o build/GEDE01/src/game && "/usr/bin/python3" tools/transform_dep.py build/GEDE01/src/game/game_fn_800365C8.d build/GEDE01/src/game/game_fn_800365C8.d

exit=0
$ build/tools/objdiff-cli diff -1 build/GEDE01/obj/game/game_fn_800365C8.o -2 build/GEDE01/src/game/game_fn_800365C8.o fn_800365C8 --format json-pretty -o reports/GEDE01/experiment-b8a20e12-d4ea-4a72-a12f-cb56fd8cd295-unsigned-query-return.canonical.json
 INFO Writing to reports/GEDE01/experiment-b8a20e12-d4ea-4a72-a12f-cb56fd8cd295-unsigned-query-return.canonical.json

exit=0
$ build/tools/objdiff-cli diff -1 build/GEDE01/obj/game/game_fn_800365C8.o -2 build/GEDE01/src/game/game_fn_800365C8.o fn_800365C8 --format json-pretty -o reports/GEDE01/experiment-b8a20e12-d4ea-4a72-a12f-cb56fd8cd295-unsigned-query-return.strict.json -c functionRelocDiffs=all
 INFO Writing to reports/GEDE01/experiment-b8a20e12-d4ea-4a72-a12f-cb56fd8cd295-unsigned-query-return.strict.json

exit=0
$ build/binutils/powerpc-eabi-readelf -rW build/GEDE01/obj/game/game_fn_800365C8.o

Relocation section '.rela.text' at offset 0x494 contains 46 entries:
 Offset     Info    Type                Sym. Value  Symbol's Name + Addend
00000020  0000040a R_PPC_REL24            00000000   fn_80201B9C + 0
00000026  00000506 R_PPC_ADDR16_HA        00000000   lbl_80238DA0 + 0
0000002e  00000504 R_PPC_ADDR16_LO        00000000   lbl_80238DA0 + 0
00000030  0000066d R_PPC_EMB_SDA21        00000000   lbl_8064E228 + 0
00000054  0000070a R_PPC_REL24            00000000   fn_80201B8C + 0
00000060  0000080a R_PPC_REL24            00000000   fn_80201BC8 + 0
00000074  0000090a R_PPC_REL24            00000000   fn_8011F114 + 0
000000a0  00000a0a R_PPC_REL24            00000000   fn_801A7570 + 0
000000b0  00000b0a R_PPC_REL24            00000000   fn_80205288 + 0
000000bc  0000070a R_PPC_REL24            00000000   fn_80201B8C + 0
000000e0  00000c0a R_PPC_REL24            00000000   fn_80201B54 + 0
000000f4  0000080a R_PPC_REL24            00000000   fn_80201BC8 + 0
00000108  00000d0a R_PPC_REL24            00000000   fn_8011EB04 + 0
00000148  00000e0a R_PPC_REL24            00000000   fn_80201C24 + 0
00000150  00000f0a R_PPC_REL24            00000000   fn_80157C80 + 0
00000160  00000f0a R_PPC_REL24            00000000   fn_80157C80 + 0
00000174  0000106d R_PPC_EMB_SDA21        00000000   lbl_8064E22C + 0
0000017a  00001106 R_PPC_ADDR16_HA        00000000   lbl_803003C8 + 0
0000017e  00001206 R_PPC_ADDR16_HA        00000000   lbl_80238DAC + 0
00000186  00001104 R_PPC_ADDR16_LO        00000000   lbl_803003C8 + 0
0000018a  00001204 R_PPC_ADDR16_LO        00000000   lbl_80238DAC + 0
00000194  0000070a R_PPC_REL24            00000000   fn_80201B8C + 0
000001b8  00000c0a R_PPC_REL24            00000000   fn_80201B54 + 0
000001c8  0000080a R_PPC_REL24            00000000   fn_80201BC8 + 0
000001dc  0000090a R_PPC_REL24            00000000   fn_8011F114 + 0
00000208  0000130a R_PPC_REL24            00000000   fn_80201EB8 + 0
0000020c  0000146d R_PPC_EMB_SDA21        00000000   lbl_8064D18C + 0
0000021c  0000150a R_PPC_REL24            00000000   fn_80201B4C + 0
0000022c  0000150a R_PPC_REL24            00000000   fn_80201B4C + 0
00000244  0000160a R_PPC_REL24            00000000   fn_80201B64 + 0
00000254  0000160a R_PPC_REL24            00000000   fn_80201B64 + 0
00000264  00000c0a R_PPC_REL24            00000000   fn_80201B54 + 0
0000027c  0000170a R_PPC_REL24            00000000   fn_8020123C + 0
00000294  0000180a R_PPC_REL24            00000000   fn_80178E94 + 0
000002a0  0000196d R_PPC_EMB_SDA21        00000000   lbl_8064E220 + 0
000002a8  00001a6d R_PPC_EMB_SDA21        00000000   lbl_8064E230 + 0
000002cc  00001b0a R_PPC_REL24            00000000   fn_80036A1C + 0
000002dc  0000180a R_PPC_REL24            00000000   fn_80178E94 + 0
000002f4  0000196d R_PPC_EMB_SDA21        00000000   lbl_8064E220 + 0
0000030c  00001c6d R_PPC_EMB_SDA21        00000000   lbl_8064E234 + 0
0000031c  00001d0a R_PPC_REL24            00000000   fn_80204434 + 0
00000368  00001e6d R_PPC_EMB_SDA21        00000000   lbl_8064E238 + 0
00000380  0000196d R_PPC_EMB_SDA21        00000000   lbl_8064E220 + 0
000003bc  00001f0a R_PPC_REL24            00000000   fn_800361F8 + 0
000003d8  0000170a R_PPC_REL24            00000000   fn_8020123C + 0
0000041c  0000200a R_PPC_REL24            00000000   fn_80201BC0 + 0

exit=0
$ build/binutils/powerpc-eabi-readelf -rW build/GEDE01/src/game/game_fn_800365C8.o

Relocation section '.rela.text' at offset 0x490 contains 46 entries:
 Offset     Info    Type                Sym. Value  Symbol's Name + Addend
00000020  00000e0a R_PPC_REL24            00000000   fn_80201B9C + 0
00000026  00000506 R_PPC_ADDR16_HA        00000000   lbl_80238DA0 + 0
0000002e  00000504 R_PPC_ADDR16_LO        00000000   lbl_80238DA0 + 0
00000030  0000066d R_PPC_EMB_SDA21        00000000   lbl_8064E228 + 0
00000054  00000f0a R_PPC_REL24            00000000   fn_80201B8C + 0
00000060  0000100a R_PPC_REL24            00000000   fn_80201BC8 + 0
00000074  0000110a R_PPC_REL24            00000000   fn_8011F114 + 0
000000a0  0000120a R_PPC_REL24            00000000   fn_801A7570 + 0
000000b0  0000130a R_PPC_REL24            00000000   fn_80205288 + 0
000000bc  00000f0a R_PPC_REL24            00000000   fn_80201B8C + 0
000000e0  0000140a R_PPC_REL24            00000000   fn_80201B54 + 0
000000f4  0000100a R_PPC_REL24            00000000   fn_80201BC8 + 0
00000108  0000150a R_PPC_REL24            00000000   fn_8011EB04 + 0
00000148  0000160a R_PPC_REL24            00000000   fn_80201C24 + 0
00000150  0000170a R_PPC_REL24            00000000   fn_80157C80 + 0
00000160  0000170a R_PPC_REL24            00000000   fn_80157C80 + 0
00000174  0000076d R_PPC_EMB_SDA21        00000000   lbl_8064E22C + 0
0000017a  00000806 R_PPC_ADDR16_HA        00000000   lbl_803003C8 + 0
0000017e  00000906 R_PPC_ADDR16_HA        00000000   lbl_80238DAC + 0
00000186  00000804 R_PPC_ADDR16_LO        00000000   lbl_803003C8 + 0
0000018a  00000904 R_PPC_ADDR16_LO        00000000   lbl_80238DAC + 0
00000194  00000f0a R_PPC_REL24            00000000   fn_80201B8C + 0
000001b8  0000140a R_PPC_REL24            00000000   fn_80201B54 + 0
000001c8  0000100a R_PPC_REL24            00000000   fn_80201BC8 + 0
000001dc  0000110a R_PPC_REL24            00000000   fn_8011F114 + 0
00000208  0000180a R_PPC_REL24            00000000   fn_80201EB8 + 0
0000020c  00000a6d R_PPC_EMB_SDA21        00000000   lbl_8064D18C + 0
0000021c  0000190a R_PPC_REL24            00000000   fn_80201B4C + 0
0000022c  0000190a R_PPC_REL24            00000000   fn_80201B4C + 0
00000244  00001a0a R_PPC_REL24            00000000   fn_80201B64 + 0
00000254  00001a0a R_PPC_REL24            00000000   fn_80201B64 + 0
00000264  0000140a R_PPC_REL24            00000000   fn_80201B54 + 0
0000027c  00001b0a R_PPC_REL24            00000000   fn_8020123C + 0
00000294  00001c0a R_PPC_REL24            00000000   fn_80178E94 + 0
000002a0  0000046d R_PPC_EMB_SDA21        00000000   @74 + 0
000002a8  00000b6d R_PPC_EMB_SDA21        00000000   lbl_8064E230 + 0
000002cc  00001d0a R_PPC_REL24            00000000   fn_80036A1C + 0
000002dc  00001c0a R_PPC_REL24            00000000   fn_80178E94 + 0
000002f4  0000046d R_PPC_EMB_SDA21        00000000   @74 + 0
0000030c  00000c6d R_PPC_EMB_SDA21        00000000   lbl_8064E234 + 0
0000031c  00001e0a R_PPC_REL24            00000000   fn_80204434 + 0
00000368  00000d6d R_PPC_EMB_SDA21        00000000   lbl_8064E238 + 0
00000380  0000046d R_PPC_EMB_SDA21        00000000   @74 + 0
000003bc  00001f0a R_PPC_REL24            00000000   fn_800361F8 + 0
000003d8  00001b0a R_PPC_REL24            00000000   fn_8020123C + 0
0000041c  0000200a R_PPC_REL24            00000000   fn_80201BC0 + 0

exit=0
$ .tools/bin/ninja -v build/GEDE01/src/game/game_fn_800365C8.o
[1/1] tools/mwcc_wrapper.py build/tools/sjiswrap.exe compilers/GC/1.3/mwcceppc.exe -nodefaults -proc gekko -align powerpc -enum int -fp hardware -Cpp_exceptions off -O4,p -inline auto -pragma "cats off" -pragma "warn_notinlined off" -maxerrors 1 -nosyspath -RTTI off -fp_contract on -str reuse -multibyte -i include -i build/GEDE01/include -DVERSION_GEDE01 -DNDEBUG=1 -lang=c -use_lmw_stmw on -MMD -c src/game/game_fn_800365C8.c -o build/GEDE01/src/game && "/usr/bin/python3" tools/transform_dep.py build/GEDE01/src/game/game_fn_800365C8.d build/GEDE01/src/game/game_fn_800365C8.d

exit=0
$ build/tools/objdiff-cli diff -1 build/GEDE01/obj/game/game_fn_800365C8.o -2 build/GEDE01/src/game/game_fn_800365C8.o fn_800365C8 --format json-pretty -o reports/GEDE01/experiment-b8a20e12-d4ea-4a72-a12f-cb56fd8cd295-long-message-id.canonical.json
 INFO Writing to reports/GEDE01/experiment-b8a20e12-d4ea-4a72-a12f-cb56fd8cd295-long-message-id.canonical.json

exit=0
$ build/tools/objdiff-cli diff -1 build/GEDE01/obj/game/game_fn_800365C8.o -2 build/GEDE01/src/game/game_fn_800365C8.o fn_800365C8 --format json-pretty -o reports/GEDE01/experiment-b8a20e12-d4ea-4a72-a12f-cb56fd8cd295-long-message-id.strict.json -c functionRelocDiffs=all
 INFO Writing to reports/GEDE01/experiment-b8a20e12-d4ea-4a72-a12f-cb56fd8cd295-long-message-id.strict.json

exit=0
$ build/binutils/powerpc-eabi-readelf -rW build/GEDE01/obj/game/game_fn_800365C8.o

Relocation section '.rela.text' at offset 0x494 contains 46 entries:
 Offset     Info    Type                Sym. Value  Symbol's Name + Addend
00000020  0000040a R_PPC_REL24            00000000   fn_80201B9C + 0
00000026  00000506 R_PPC_ADDR16_HA        00000000   lbl_80238DA0 + 0
0000002e  00000504 R_PPC_ADDR16_LO        00000000   lbl_80238DA0 + 0
00000030  0000066d R_PPC_EMB_SDA21        00000000   lbl_8064E228 + 0
00000054  0000070a R_PPC_REL24            00000000   fn_80201B8C + 0
00000060  0000080a R_PPC_REL24            00000000   fn_80201BC8 + 0
00000074  0000090a R_PPC_REL24            00000000   fn_8011F114 + 0
000000a0  00000a0a R_PPC_REL24            00000000   fn_801A7570 + 0
000000b0  00000b0a R_PPC_REL24            00000000   fn_80205288 + 0
000000bc  0000070a R_PPC_REL24            00000000   fn_80201B8C + 0
000000e0  00000c0a R_PPC_REL24            00000000   fn_80201B54 + 0
000000f4  0000080a R_PPC_REL24            00000000   fn_80201BC8 + 0
00000108  00000d0a R_PPC_REL24            00000000   fn_8011EB04 + 0
00000148  00000e0a R_PPC_REL24            00000000   fn_80201C24 + 0
00000150  00000f0a R_PPC_REL24            00000000   fn_80157C80 + 0
00000160  00000f0a R_PPC_REL24            00000000   fn_80157C80 + 0
00000174  0000106d R_PPC_EMB_SDA21        00000000   lbl_8064E22C + 0
0000017a  00001106 R_PPC_ADDR16_HA        00000000   lbl_803003C8 + 0
0000017e  00001206 R_PPC_ADDR16_HA        00000000   lbl_80238DAC + 0
00000186  00001104 R_PPC_ADDR16_LO        00000000   lbl_803003C8 + 0
0000018a  00001204 R_PPC_ADDR16_LO        00000000   lbl_80238DAC + 0
00000194  0000070a R_PPC_REL24            00000000   fn_80201B8C + 0
000001b8  00000c0a R_PPC_REL24            00000000   fn_80201B54 + 0
000001c8  0000080a R_PPC_REL24            00000000   fn_80201BC8 + 0
000001dc  0000090a R_PPC_REL24            00000000   fn_8011F114 + 0
00000208  0000130a R_PPC_REL24            00000000   fn_80201EB8 + 0
0000020c  0000146d R_PPC_EMB_SDA21        00000000   lbl_8064D18C + 0
0000021c  0000150a R_PPC_REL24            00000000   fn_80201B4C + 0
0000022c  0000150a R_PPC_REL24            00000000   fn_80201B4C + 0
00000244  0000160a R_PPC_REL24            00000000   fn_80201B64 + 0
00000254  0000160a R_PPC_REL24            00000000   fn_80201B64 + 0
00000264  00000c0a R_PPC_REL24            00000000   fn_80201B54 + 0
0000027c  0000170a R_PPC_REL24            00000000   fn_8020123C + 0
00000294  0000180a R_PPC_REL24            00000000   fn_80178E94 + 0
000002a0  0000196d R_PPC_EMB_SDA21        00000000   lbl_8064E220 + 0
000002a8  00001a6d R_PPC_EMB_SDA21        00000000   lbl_8064E230 + 0
000002cc  00001b0a R_PPC_REL24            00000000   fn_80036A1C + 0
000002dc  0000180a R_PPC_REL24            00000000   fn_80178E94 + 0
000002f4  0000196d R_PPC_EMB_SDA21        00000000   lbl_8064E220 + 0
0000030c  00001c6d R_PPC_EMB_SDA21        00000000   lbl_8064E234 + 0
0000031c  00001d0a R_PPC_REL24            00000000   fn_80204434 + 0
00000368  00001e6d R_PPC_EMB_SDA21        00000000   lbl_8064E238 + 0
00000380  0000196d R_PPC_EMB_SDA21        00000000   lbl_8064E220 + 0
000003bc  00001f0a R_PPC_REL24            00000000   fn_800361F8 + 0
000003d8  0000170a R_PPC_REL24            00000000   fn_8020123C + 0
0000041c  0000200a R_PPC_REL24            00000000   fn_80201BC0 + 0

exit=0
$ build/binutils/powerpc-eabi-readelf -rW build/GEDE01/src/game/game_fn_800365C8.o

Relocation section '.rela.text' at offset 0x490 contains 46 entries:
 Offset     Info    Type                Sym. Value  Symbol's Name + Addend
00000020  00000e0a R_PPC_REL24            00000000   fn_80201B9C + 0
00000026  00000506 R_PPC_ADDR16_HA        00000000   lbl_80238DA0 + 0
0000002e  00000504 R_PPC_ADDR16_LO        00000000   lbl_80238DA0 + 0
00000030  0000066d R_PPC_EMB_SDA21        00000000   lbl_8064E228 + 0
00000054  00000f0a R_PPC_REL24            00000000   fn_80201B8C + 0
00000060  0000100a R_PPC_REL24            00000000   fn_80201BC8 + 0
00000074  0000110a R_PPC_REL24            00000000   fn_8011F114 + 0
000000a0  0000120a R_PPC_REL24            00000000   fn_801A7570 + 0
000000b0  0000130a R_PPC_REL24            00000000   fn_80205288 + 0
000000bc  00000f0a R_PPC_REL24            00000000   fn_80201B8C + 0
000000e0  0000140a R_PPC_REL24            00000000   fn_80201B54 + 0
000000f4  0000100a R_PPC_REL24            00000000   fn_80201BC8 + 0
00000108  0000150a R_PPC_REL24            00000000   fn_8011EB04 + 0
00000148  0000160a R_PPC_REL24            00000000   fn_80201C24 + 0
00000150  0000170a R_PPC_REL24            00000000   fn_80157C80 + 0
00000160  0000170a R_PPC_REL24            00000000   fn_80157C80 + 0
00000174  0000076d R_PPC_EMB_SDA21        00000000   lbl_8064E22C + 0
0000017a  00000806 R_PPC_ADDR16_HA        00000000   lbl_803003C8 + 0
0000017e  00000906 R_PPC_ADDR16_HA        00000000   lbl_80238DAC + 0
00000182  00000804 R_PPC_ADDR16_LO        00000000   lbl_803003C8 + 0
00000186  00000904 R_PPC_ADDR16_LO        00000000   lbl_80238DAC + 0
00000190  00000f0a R_PPC_REL24            00000000   fn_80201B8C + 0
000001b4  0000140a R_PPC_REL24            00000000   fn_80201B54 + 0
000001c4  0000100a R_PPC_REL24            00000000   fn_80201BC8 + 0
000001d8  0000110a R_PPC_REL24            00000000   fn_8011F114 + 0
00000204  0000180a R_PPC_REL24            00000000   fn_80201EB8 + 0
00000208  00000a6d R_PPC_EMB_SDA21        00000000   lbl_8064D18C + 0
00000218  0000190a R_PPC_REL24            00000000   fn_80201B4C + 0
00000228  0000190a R_PPC_REL24            00000000   fn_80201B4C + 0
00000240  00001a0a R_PPC_REL24            00000000   fn_80201B64 + 0
00000250  00001a0a R_PPC_REL24            00000000   fn_80201B64 + 0
00000260  0000140a R_PPC_REL24            00000000   fn_80201B54 + 0
00000278  00001b0a R_PPC_REL24            00000000   fn_8020123C + 0
00000290  00001c0a R_PPC_REL24            00000000   fn_80178E94 + 0
0000029c  0000046d R_PPC_EMB_SDA21        00000000   @73 + 0
000002a4  00000b6d R_PPC_EMB_SDA21        00000000   lbl_8064E230 + 0
000002c8  00001d0a R_PPC_REL24            00000000   fn_80036A1C + 0
000002d8  00001c0a R_PPC_REL24            00000000   fn_80178E94 + 0
000002f0  0000046d R_PPC_EMB_SDA21        00000000   @73 + 0
00000308  00000c6d R_PPC_EMB_SDA21        00000000   lbl_8064E234 + 0
00000318  00001e0a R_PPC_REL24            00000000   fn_80204434 + 0
00000364  00000d6d R_PPC_EMB_SDA21        00000000   lbl_8064E238 + 0
0000037c  0000046d R_PPC_EMB_SDA21        00000000   @73 + 0
000003b8  00001f0a R_PPC_REL24            00000000   fn_800361F8 + 0
000003d4  00001b0a R_PPC_REL24            00000000   fn_8020123C + 0
00000418  0000200a R_PPC_REL24            00000000   fn_80201BC0 + 0

exit=0
$ .tools/bin/ninja -v build/GEDE01/src/game/game_fn_800365C8.o
[1/1] tools/mwcc_wrapper.py build/tools/sjiswrap.exe compilers/GC/1.3/mwcceppc.exe -nodefaults -proc gekko -align powerpc -enum int -fp hardware -Cpp_exceptions off -O4,p -inline auto -pragma "cats off" -pragma "warn_notinlined off" -maxerrors 1 -nosyspath -RTTI off -fp_contract on -str reuse -multibyte -i include -i build/GEDE01/include -DVERSION_GEDE01 -DNDEBUG=1 -lang=c -use_lmw_stmw on -MMD -c src/game/game_fn_800365C8.c -o build/GEDE01/src/game && "/usr/bin/python3" tools/transform_dep.py build/GEDE01/src/game/game_fn_800365C8.d build/GEDE01/src/game/game_fn_800365C8.d

exit=0
$ build/tools/objdiff-cli diff -1 build/GEDE01/obj/game/game_fn_800365C8.o -2 build/GEDE01/src/game/game_fn_800365C8.o fn_800365C8 --format json-pretty -o reports/GEDE01/experiment-b8a20e12-d4ea-4a72-a12f-cb56fd8cd295-plain-info.canonical.json
 INFO Writing to reports/GEDE01/experiment-b8a20e12-d4ea-4a72-a12f-cb56fd8cd295-plain-info.canonical.json

exit=0
$ build/tools/objdiff-cli diff -1 build/GEDE01/obj/game/game_fn_800365C8.o -2 build/GEDE01/src/game/game_fn_800365C8.o fn_800365C8 --format json-pretty -o reports/GEDE01/experiment-b8a20e12-d4ea-4a72-a12f-cb56fd8cd295-plain-info.strict.json -c functionRelocDiffs=all
 INFO Writing to reports/GEDE01/experiment-b8a20e12-d4ea-4a72-a12f-cb56fd8cd295-plain-info.strict.json

exit=0
$ build/binutils/powerpc-eabi-readelf -rW build/GEDE01/obj/game/game_fn_800365C8.o

Relocation section '.rela.text' at offset 0x494 contains 46 entries:
 Offset     Info    Type                Sym. Value  Symbol's Name + Addend
00000020  0000040a R_PPC_REL24            00000000   fn_80201B9C + 0
00000026  00000506 R_PPC_ADDR16_HA        00000000   lbl_80238DA0 + 0
0000002e  00000504 R_PPC_ADDR16_LO        00000000   lbl_80238DA0 + 0
00000030  0000066d R_PPC_EMB_SDA21        00000000   lbl_8064E228 + 0
00000054  0000070a R_PPC_REL24            00000000   fn_80201B8C + 0
00000060  0000080a R_PPC_REL24            00000000   fn_80201BC8 + 0
00000074  0000090a R_PPC_REL24            00000000   fn_8011F114 + 0
000000a0  00000a0a R_PPC_REL24            00000000   fn_801A7570 + 0
000000b0  00000b0a R_PPC_REL24            00000000   fn_80205288 + 0
000000bc  0000070a R_PPC_REL24            00000000   fn_80201B8C + 0
000000e0  00000c0a R_PPC_REL24            00000000   fn_80201B54 + 0
000000f4  0000080a R_PPC_REL24            00000000   fn_80201BC8 + 0
00000108  00000d0a R_PPC_REL24            00000000   fn_8011EB04 + 0
00000148  00000e0a R_PPC_REL24            00000000   fn_80201C24 + 0
00000150  00000f0a R_PPC_REL24            00000000   fn_80157C80 + 0
00000160  00000f0a R_PPC_REL24            00000000   fn_80157C80 + 0
00000174  0000106d R_PPC_EMB_SDA21        00000000   lbl_8064E22C + 0
0000017a  00001106 R_PPC_ADDR16_HA        00000000   lbl_803003C8 + 0
0000017e  00001206 R_PPC_ADDR16_HA        00000000   lbl_80238DAC + 0
00000186  00001104 R_PPC_ADDR16_LO        00000000   lbl_803003C8 + 0
0000018a  00001204 R_PPC_ADDR16_LO        00000000   lbl_80238DAC + 0
00000194  0000070a R_PPC_REL24            00000000   fn_80201B8C + 0
000001b8  00000c0a R_PPC_REL24            00000000   fn_80201B54 + 0
000001c8  0000080a R_PPC_REL24            00000000   fn_80201BC8 + 0
000001dc  0000090a R_PPC_REL24            00000000   fn_8011F114 + 0
00000208  0000130a R_PPC_REL24            00000000   fn_80201EB8 + 0
0000020c  0000146d R_PPC_EMB_SDA21        00000000   lbl_8064D18C + 0
0000021c  0000150a R_PPC_REL24            00000000   fn_80201B4C + 0
0000022c  0000150a R_PPC_REL24            00000000   fn_80201B4C + 0
00000244  0000160a R_PPC_REL24            00000000   fn_80201B64 + 0
00000254  0000160a R_PPC_REL24            00000000   fn_80201B64 + 0
00000264  00000c0a R_PPC_REL24            00000000   fn_80201B54 + 0
0000027c  0000170a R_PPC_REL24            00000000   fn_8020123C + 0
00000294  0000180a R_PPC_REL24            00000000   fn_80178E94 + 0
000002a0  0000196d R_PPC_EMB_SDA21        00000000   lbl_8064E220 + 0
000002a8  00001a6d R_PPC_EMB_SDA21        00000000   lbl_8064E230 + 0
000002cc  00001b0a R_PPC_REL24            00000000   fn_80036A1C + 0
000002dc  0000180a R_PPC_REL24            00000000   fn_80178E94 + 0
000002f4  0000196d R_PPC_EMB_SDA21        00000000   lbl_8064E220 + 0
0000030c  00001c6d R_PPC_EMB_SDA21        00000000   lbl_8064E234 + 0
0000031c  00001d0a R_PPC_REL24            00000000   fn_80204434 + 0
00000368  00001e6d R_PPC_EMB_SDA21        00000000   lbl_8064E238 + 0
00000380  0000196d R_PPC_EMB_SDA21        00000000   lbl_8064E220 + 0
000003bc  00001f0a R_PPC_REL24            00000000   fn_800361F8 + 0
000003d8  0000170a R_PPC_REL24            00000000   fn_8020123C + 0
0000041c  0000200a R_PPC_REL24            00000000   fn_80201BC0 + 0

exit=0
$ build/binutils/powerpc-eabi-readelf -rW build/GEDE01/src/game/game_fn_800365C8.o

Relocation section '.rela.text' at offset 0x490 contains 46 entries:
 Offset     Info    Type                Sym. Value  Symbol's Name + Addend
00000020  00000e0a R_PPC_REL24            00000000   fn_80201B9C + 0
00000026  00000506 R_PPC_ADDR16_HA        00000000   lbl_80238DA0 + 0
0000002e  00000504 R_PPC_ADDR16_LO        00000000   lbl_80238DA0 + 0
00000030  0000066d R_PPC_EMB_SDA21        00000000   lbl_8064E228 + 0
00000054  00000f0a R_PPC_REL24            00000000   fn_80201B8C + 0
00000060  0000100a R_PPC_REL24            00000000   fn_80201BC8 + 0
00000074  0000110a R_PPC_REL24            00000000   fn_8011F114 + 0
000000a0  0000120a R_PPC_REL24            00000000   fn_801A7570 + 0
000000b0  0000130a R_PPC_REL24            00000000   fn_80205288 + 0
000000bc  00000f0a R_PPC_REL24            00000000   fn_80201B8C + 0
000000e0  0000140a R_PPC_REL24            00000000   fn_80201B54 + 0
000000f4  0000100a R_PPC_REL24            00000000   fn_80201BC8 + 0
00000108  0000150a R_PPC_REL24            00000000   fn_8011EB04 + 0
00000148  0000160a R_PPC_REL24            00000000   fn_80201C24 + 0
00000150  0000170a R_PPC_REL24            00000000   fn_80157C80 + 0
00000160  0000170a R_PPC_REL24            00000000   fn_80157C80 + 0
00000174  0000076d R_PPC_EMB_SDA21        00000000   lbl_8064E22C + 0
0000017a  00000806 R_PPC_ADDR16_HA        00000000   lbl_803003C8 + 0
0000017e  00000906 R_PPC_ADDR16_HA        00000000   lbl_80238DAC + 0
00000186  00000804 R_PPC_ADDR16_LO        00000000   lbl_803003C8 + 0
0000018a  00000904 R_PPC_ADDR16_LO        00000000   lbl_80238DAC + 0
00000194  00000f0a R_PPC_REL24            00000000   fn_80201B8C + 0
000001b8  0000140a R_PPC_REL24            00000000   fn_80201B54 + 0
000001c8  0000100a R_PPC_REL24            00000000   fn_80201BC8 + 0
000001dc  0000110a R_PPC_REL24            00000000   fn_8011F114 + 0
00000208  0000180a R_PPC_REL24            00000000   fn_80201EB8 + 0
0000020c  00000a6d R_PPC_EMB_SDA21        00000000   lbl_8064D18C + 0
0000021c  0000190a R_PPC_REL24            00000000   fn_80201B4C + 0
0000022c  0000190a R_PPC_REL24            00000000   fn_80201B4C + 0
00000244  00001a0a R_PPC_REL24            00000000   fn_80201B64 + 0
00000254  00001a0a R_PPC_REL24            00000000   fn_80201B64 + 0
00000264  0000140a R_PPC_REL24            00000000   fn_80201B54 + 0
0000027c  00001b0a R_PPC_REL24            00000000   fn_8020123C + 0
00000294  00001c0a R_PPC_REL24            00000000   fn_80178E94 + 0
000002a0  0000046d R_PPC_EMB_SDA21        00000000   @74 + 0
000002a8  00000b6d R_PPC_EMB_SDA21        00000000   lbl_8064E230 + 0
000002cc  00001d0a R_PPC_REL24            00000000   fn_80036A1C + 0
000002dc  00001c0a R_PPC_REL24            00000000   fn_80178E94 + 0
000002f4  0000046d R_PPC_EMB_SDA21        00000000   @74 + 0
0000030c  00000c6d R_PPC_EMB_SDA21        00000000   lbl_8064E234 + 0
0000031c  00001e0a R_PPC_REL24            00000000   fn_80204434 + 0
00000368  00000d6d R_PPC_EMB_SDA21        00000000   lbl_8064E238 + 0
00000380  0000046d R_PPC_EMB_SDA21        00000000   @74 + 0
000003bc  00001f0a R_PPC_REL24            00000000   fn_800361F8 + 0
000003d8  00001b0a R_PPC_REL24            00000000   fn_8020123C + 0
0000041c  0000200a R_PPC_REL24            00000000   fn_80201BC0 + 0

exit=0
$ .tools/bin/ninja -v build/GEDE01/src/game/game_fn_800365C8.o
[1/1] tools/mwcc_wrapper.py build/tools/sjiswrap.exe compilers/GC/1.3/mwcceppc.exe -nodefaults -proc gekko -align powerpc -enum int -fp hardware -Cpp_exceptions off -O4,p -inline auto -pragma "cats off" -pragma "warn_notinlined off" -maxerrors 1 -nosyspath -RTTI off -fp_contract on -str reuse -multibyte -i include -i build/GEDE01/include -DVERSION_GEDE01 -DNDEBUG=1 -lang=c -use_lmw_stmw on -MMD -c src/game/game_fn_800365C8.c -o build/GEDE01/src/game && "/usr/bin/python3" tools/transform_dep.py build/GEDE01/src/game/game_fn_800365C8.d build/GEDE01/src/game/game_fn_800365C8.d

exit=0
$ build/tools/objdiff-cli diff -1 build/GEDE01/obj/game/game_fn_800365C8.o -2 build/GEDE01/src/game/game_fn_800365C8.o fn_800365C8 --format json-pretty -o reports/GEDE01/experiment-b8a20e12-d4ea-4a72-a12f-cb56fd8cd295-plain-candidate-id.canonical.json
 INFO Writing to reports/GEDE01/experiment-b8a20e12-d4ea-4a72-a12f-cb56fd8cd295-plain-candidate-id.canonical.json

exit=0
$ build/tools/objdiff-cli diff -1 build/GEDE01/obj/game/game_fn_800365C8.o -2 build/GEDE01/src/game/game_fn_800365C8.o fn_800365C8 --format json-pretty -o reports/GEDE01/experiment-b8a20e12-d4ea-4a72-a12f-cb56fd8cd295-plain-candidate-id.strict.json -c functionRelocDiffs=all
 INFO Writing to reports/GEDE01/experiment-b8a20e12-d4ea-4a72-a12f-cb56fd8cd295-plain-candidate-id.strict.json

exit=0
$ build/binutils/powerpc-eabi-readelf -rW build/GEDE01/obj/game/game_fn_800365C8.o

Relocation section '.rela.text' at offset 0x494 contains 46 entries:
 Offset     Info    Type                Sym. Value  Symbol's Name + Addend
00000020  0000040a R_PPC_REL24            00000000   fn_80201B9C + 0
00000026  00000506 R_PPC_ADDR16_HA        00000000   lbl_80238DA0 + 0
0000002e  00000504 R_PPC_ADDR16_LO        00000000   lbl_80238DA0 + 0
00000030  0000066d R_PPC_EMB_SDA21        00000000   lbl_8064E228 + 0
00000054  0000070a R_PPC_REL24            00000000   fn_80201B8C + 0
00000060  0000080a R_PPC_REL24            00000000   fn_80201BC8 + 0
00000074  0000090a R_PPC_REL24            00000000   fn_8011F114 + 0
000000a0  00000a0a R_PPC_REL24            00000000   fn_801A7570 + 0
000000b0  00000b0a R_PPC_REL24            00000000   fn_80205288 + 0
000000bc  0000070a R_PPC_REL24            00000000   fn_80201B8C + 0
000000e0  00000c0a R_PPC_REL24            00000000   fn_80201B54 + 0
000000f4  0000080a R_PPC_REL24            00000000   fn_80201BC8 + 0
00000108  00000d0a R_PPC_REL24            00000000   fn_8011EB04 + 0
00000148  00000e0a R_PPC_REL24            00000000   fn_80201C24 + 0
00000150  00000f0a R_PPC_REL24            00000000   fn_80157C80 + 0
00000160  00000f0a R_PPC_REL24            00000000   fn_80157C80 + 0
00000174  0000106d R_PPC_EMB_SDA21        00000000   lbl_8064E22C + 0
0000017a  00001106 R_PPC_ADDR16_HA        00000000   lbl_803003C8 + 0
0000017e  00001206 R_PPC_ADDR16_HA        00000000   lbl_80238DAC + 0
00000186  00001104 R_PPC_ADDR16_LO        00000000   lbl_803003C8 + 0
0000018a  00001204 R_PPC_ADDR16_LO        00000000   lbl_80238DAC + 0
00000194  0000070a R_PPC_REL24            00000000   fn_80201B8C + 0
000001b8  00000c0a R_PPC_REL24            00000000   fn_80201B54 + 0
000001c8  0000080a R_PPC_REL24            00000000   fn_80201BC8 + 0
000001dc  0000090a R_PPC_REL24            00000000   fn_8011F114 + 0
00000208  0000130a R_PPC_REL24            00000000   fn_80201EB8 + 0
0000020c  0000146d R_PPC_EMB_SDA21        00000000   lbl_8064D18C + 0
0000021c  0000150a R_PPC_REL24            00000000   fn_80201B4C + 0
0000022c  0000150a R_PPC_REL24            00000000   fn_80201B4C + 0
00000244  0000160a R_PPC_REL24            00000000   fn_80201B64 + 0
00000254  0000160a R_PPC_REL24            00000000   fn_80201B64 + 0
00000264  00000c0a R_PPC_REL24            00000000   fn_80201B54 + 0
0000027c  0000170a R_PPC_REL24            00000000   fn_8020123C + 0
00000294  0000180a R_PPC_REL24            00000000   fn_80178E94 + 0
000002a0  0000196d R_PPC_EMB_SDA21        00000000   lbl_8064E220 + 0
000002a8  00001a6d R_PPC_EMB_SDA21        00000000   lbl_8064E230 + 0
000002cc  00001b0a R_PPC_REL24            00000000   fn_80036A1C + 0
000002dc  0000180a R_PPC_REL24            00000000   fn_80178E94 + 0
000002f4  0000196d R_PPC_EMB_SDA21        00000000   lbl_8064E220 + 0
0000030c  00001c6d R_PPC_EMB_SDA21        00000000   lbl_8064E234 + 0
0000031c  00001d0a R_PPC_REL24            00000000   fn_80204434 + 0
00000368  00001e6d R_PPC_EMB_SDA21        00000000   lbl_8064E238 + 0
00000380  0000196d R_PPC_EMB_SDA21        00000000   lbl_8064E220 + 0
000003bc  00001f0a R_PPC_REL24            00000000   fn_800361F8 + 0
000003d8  0000170a R_PPC_REL24            00000000   fn_8020123C + 0
0000041c  0000200a R_PPC_REL24            00000000   fn_80201BC0 + 0

exit=0
$ build/binutils/powerpc-eabi-readelf -rW build/GEDE01/src/game/game_fn_800365C8.o

Relocation section '.rela.text' at offset 0x490 contains 46 entries:
 Offset     Info    Type                Sym. Value  Symbol's Name + Addend
00000020  00000e0a R_PPC_REL24            00000000   fn_80201B9C + 0
00000026  00000506 R_PPC_ADDR16_HA        00000000   lbl_80238DA0 + 0
0000002e  00000504 R_PPC_ADDR16_LO        00000000   lbl_80238DA0 + 0
00000030  0000066d R_PPC_EMB_SDA21        00000000   lbl_8064E228 + 0
00000054  00000f0a R_PPC_REL24            00000000   fn_80201B8C + 0
00000060  0000100a R_PPC_REL24            00000000   fn_80201BC8 + 0
00000074  0000110a R_PPC_REL24            00000000   fn_8011F114 + 0
000000a0  0000120a R_PPC_REL24            00000000   fn_801A7570 + 0
000000b0  0000130a R_PPC_REL24            00000000   fn_80205288 + 0
000000bc  00000f0a R_PPC_REL24            00000000   fn_80201B8C + 0
000000e0  0000140a R_PPC_REL24            00000000   fn_80201B54 + 0
000000f4  0000100a R_PPC_REL24            00000000   fn_80201BC8 + 0
00000108  0000150a R_PPC_REL24            00000000   fn_8011EB04 + 0
00000148  0000160a R_PPC_REL24            00000000   fn_80201C24 + 0
00000150  0000170a R_PPC_REL24            00000000   fn_80157C80 + 0
00000160  0000170a R_PPC_REL24            00000000   fn_80157C80 + 0
00000174  0000076d R_PPC_EMB_SDA21        00000000   lbl_8064E22C + 0
0000017a  00000806 R_PPC_ADDR16_HA        00000000   lbl_803003C8 + 0
0000017e  00000906 R_PPC_ADDR16_HA        00000000   lbl_80238DAC + 0
00000186  00000804 R_PPC_ADDR16_LO        00000000   lbl_803003C8 + 0
0000018a  00000904 R_PPC_ADDR16_LO        00000000   lbl_80238DAC + 0
00000194  00000f0a R_PPC_REL24            00000000   fn_80201B8C + 0
000001b8  0000140a R_PPC_REL24            00000000   fn_80201B54 + 0
000001c8  0000100a R_PPC_REL24            00000000   fn_80201BC8 + 0
000001dc  0000110a R_PPC_REL24            00000000   fn_8011F114 + 0
00000208  0000180a R_PPC_REL24            00000000   fn_80201EB8 + 0
0000020c  00000a6d R_PPC_EMB_SDA21        00000000   lbl_8064D18C + 0
0000021c  0000190a R_PPC_REL24            00000000   fn_80201B4C + 0
0000022c  0000190a R_PPC_REL24            00000000   fn_80201B4C + 0
00000244  00001a0a R_PPC_REL24            00000000   fn_80201B64 + 0
00000254  00001a0a R_PPC_REL24            00000000   fn_80201B64 + 0
00000264  0000140a R_PPC_REL24            00000000   fn_80201B54 + 0
0000027c  00001b0a R_PPC_REL24            00000000   fn_8020123C + 0
00000294  00001c0a R_PPC_REL24            00000000   fn_80178E94 + 0
000002a0  0000046d R_PPC_EMB_SDA21        00000000   @74 + 0
000002a8  00000b6d R_PPC_EMB_SDA21        00000000   lbl_8064E230 + 0
000002cc  00001d0a R_PPC_REL24            00000000   fn_80036A1C + 0
000002dc  00001c0a R_PPC_REL24            00000000   fn_80178E94 + 0
000002f4  0000046d R_PPC_EMB_SDA21        00000000   @74 + 0
0000030c  00000c6d R_PPC_EMB_SDA21        00000000   lbl_8064E234 + 0
0000031c  00001e0a R_PPC_REL24            00000000   fn_80204434 + 0
00000368  00000d6d R_PPC_EMB_SDA21        00000000   lbl_8064E238 + 0
00000380  0000046d R_PPC_EMB_SDA21        00000000   @74 + 0
000003bc  00001f0a R_PPC_REL24            00000000   fn_800361F8 + 0
000003d8  00001b0a R_PPC_REL24            00000000   fn_8020123C + 0
0000041c  0000200a R_PPC_REL24            00000000   fn_80201BC0 + 0

exit=0
$ .tools/bin/ninja -v build/GEDE01/src/game/game_fn_800365C8.o
[1/1] tools/mwcc_wrapper.py build/tools/sjiswrap.exe compilers/GC/1.3/mwcceppc.exe -nodefaults -proc gekko -align powerpc -enum int -fp hardware -Cpp_exceptions off -O4,p -inline auto -pragma "cats off" -pragma "warn_notinlined off" -maxerrors 1 -nosyspath -RTTI off -fp_contract on -str reuse -multibyte -i include -i build/GEDE01/include -DVERSION_GEDE01 -DNDEBUG=1 -lang=c -use_lmw_stmw on -MMD -c src/game/game_fn_800365C8.c -o build/GEDE01/src/game && "/usr/bin/python3" tools/transform_dep.py build/GEDE01/src/game/game_fn_800365C8.d build/GEDE01/src/game/game_fn_800365C8.d

exit=0
$ build/tools/objdiff-cli diff -1 build/GEDE01/obj/game/game_fn_800365C8.o -2 build/GEDE01/src/game/game_fn_800365C8.o fn_800365C8 --format json-pretty -o reports/GEDE01/experiment-b8a20e12-d4ea-4a72-a12f-cb56fd8cd295-plain-message-id.canonical.json
 INFO Writing to reports/GEDE01/experiment-b8a20e12-d4ea-4a72-a12f-cb56fd8cd295-plain-message-id.canonical.json

exit=0
$ build/tools/objdiff-cli diff -1 build/GEDE01/obj/game/game_fn_800365C8.o -2 build/GEDE01/src/game/game_fn_800365C8.o fn_800365C8 --format json-pretty -o reports/GEDE01/experiment-b8a20e12-d4ea-4a72-a12f-cb56fd8cd295-plain-message-id.strict.json -c functionRelocDiffs=all
 INFO Writing to reports/GEDE01/experiment-b8a20e12-d4ea-4a72-a12f-cb56fd8cd295-plain-message-id.strict.json

exit=0
$ build/binutils/powerpc-eabi-readelf -rW build/GEDE01/obj/game/game_fn_800365C8.o

Relocation section '.rela.text' at offset 0x494 contains 46 entries:
 Offset     Info    Type                Sym. Value  Symbol's Name + Addend
00000020  0000040a R_PPC_REL24            00000000   fn_80201B9C + 0
00000026  00000506 R_PPC_ADDR16_HA        00000000   lbl_80238DA0 + 0
0000002e  00000504 R_PPC_ADDR16_LO        00000000   lbl_80238DA0 + 0
00000030  0000066d R_PPC_EMB_SDA21        00000000   lbl_8064E228 + 0
00000054  0000070a R_PPC_REL24            00000000   fn_80201B8C + 0
00000060  0000080a R_PPC_REL24            00000000   fn_80201BC8 + 0
00000074  0000090a R_PPC_REL24            00000000   fn_8011F114 + 0
000000a0  00000a0a R_PPC_REL24            00000000   fn_801A7570 + 0
000000b0  00000b0a R_PPC_REL24            00000000   fn_80205288 + 0
000000bc  0000070a R_PPC_REL24            00000000   fn_80201B8C + 0
000000e0  00000c0a R_PPC_REL24            00000000   fn_80201B54 + 0
000000f4  0000080a R_PPC_REL24            00000000   fn_80201BC8 + 0
00000108  00000d0a R_PPC_REL24            00000000   fn_8011EB04 + 0
00000148  00000e0a R_PPC_REL24            00000000   fn_80201C24 + 0
00000150  00000f0a R_PPC_REL24            00000000   fn_80157C80 + 0
00000160  00000f0a R_PPC_REL24            00000000   fn_80157C80 + 0
00000174  0000106d R_PPC_EMB_SDA21        00000000   lbl_8064E22C + 0
0000017a  00001106 R_PPC_ADDR16_HA        00000000   lbl_803003C8 + 0
0000017e  00001206 R_PPC_ADDR16_HA        00000000   lbl_80238DAC + 0
00000186  00001104 R_PPC_ADDR16_LO        00000000   lbl_803003C8 + 0
0000018a  00001204 R_PPC_ADDR16_LO        00000000   lbl_80238DAC + 0
00000194  0000070a R_PPC_REL24            00000000   fn_80201B8C + 0
000001b8  00000c0a R_PPC_REL24            00000000   fn_80201B54 + 0
000001c8  0000080a R_PPC_REL24            00000000   fn_80201BC8 + 0
000001dc  0000090a R_PPC_REL24            00000000   fn_8011F114 + 0
00000208  0000130a R_PPC_REL24            00000000   fn_80201EB8 + 0
0000020c  0000146d R_PPC_EMB_SDA21        00000000   lbl_8064D18C + 0
0000021c  0000150a R_PPC_REL24            00000000   fn_80201B4C + 0
0000022c  0000150a R_PPC_REL24            00000000   fn_80201B4C + 0
00000244  0000160a R_PPC_REL24            00000000   fn_80201B64 + 0
00000254  0000160a R_PPC_REL24            00000000   fn_80201B64 + 0
00000264  00000c0a R_PPC_REL24            00000000   fn_80201B54 + 0
0000027c  0000170a R_PPC_REL24            00000000   fn_8020123C + 0
00000294  0000180a R_PPC_REL24            00000000   fn_80178E94 + 0
000002a0  0000196d R_PPC_EMB_SDA21        00000000   lbl_8064E220 + 0
000002a8  00001a6d R_PPC_EMB_SDA21        00000000   lbl_8064E230 + 0
000002cc  00001b0a R_PPC_REL24            00000000   fn_80036A1C + 0
000002dc  0000180a R_PPC_REL24            00000000   fn_80178E94 + 0
000002f4  0000196d R_PPC_EMB_SDA21        00000000   lbl_8064E220 + 0
0000030c  00001c6d R_PPC_EMB_SDA21        00000000   lbl_8064E234 + 0
0000031c  00001d0a R_PPC_REL24            00000000   fn_80204434 + 0
00000368  00001e6d R_PPC_EMB_SDA21        00000000   lbl_8064E238 + 0
00000380  0000196d R_PPC_EMB_SDA21        00000000   lbl_8064E220 + 0
000003bc  00001f0a R_PPC_REL24            00000000   fn_800361F8 + 0
000003d8  0000170a R_PPC_REL24            00000000   fn_8020123C + 0
0000041c  0000200a R_PPC_REL24            00000000   fn_80201BC0 + 0

exit=0
$ build/binutils/powerpc-eabi-readelf -rW build/GEDE01/src/game/game_fn_800365C8.o

Relocation section '.rela.text' at offset 0x490 contains 46 entries:
 Offset     Info    Type                Sym. Value  Symbol's Name + Addend
00000020  00000e0a R_PPC_REL24            00000000   fn_80201B9C + 0
00000026  00000506 R_PPC_ADDR16_HA        00000000   lbl_80238DA0 + 0
0000002e  00000504 R_PPC_ADDR16_LO        00000000   lbl_80238DA0 + 0
00000030  0000066d R_PPC_EMB_SDA21        00000000   lbl_8064E228 + 0
00000054  00000f0a R_PPC_REL24            00000000   fn_80201B8C + 0
00000060  0000100a R_PPC_REL24            00000000   fn_80201BC8 + 0
00000074  0000110a R_PPC_REL24            00000000   fn_8011F114 + 0
000000a0  0000120a R_PPC_REL24            00000000   fn_801A7570 + 0
000000b0  0000130a R_PPC_REL24            00000000   fn_80205288 + 0
000000bc  00000f0a R_PPC_REL24            00000000   fn_80201B8C + 0
000000e0  0000140a R_PPC_REL24            00000000   fn_80201B54 + 0
000000f4  0000100a R_PPC_REL24            00000000   fn_80201BC8 + 0
00000108  0000150a R_PPC_REL24            00000000   fn_8011EB04 + 0
00000148  0000160a R_PPC_REL24            00000000   fn_80201C24 + 0
00000150  0000170a R_PPC_REL24            00000000   fn_80157C80 + 0
00000160  0000170a R_PPC_REL24            00000000   fn_80157C80 + 0
00000174  0000076d R_PPC_EMB_SDA21        00000000   lbl_8064E22C + 0
0000017a  00000806 R_PPC_ADDR16_HA        00000000   lbl_803003C8 + 0
0000017e  00000906 R_PPC_ADDR16_HA        00000000   lbl_80238DAC + 0
00000186  00000804 R_PPC_ADDR16_LO        00000000   lbl_803003C8 + 0
0000018a  00000904 R_PPC_ADDR16_LO        00000000   lbl_80238DAC + 0
00000194  00000f0a R_PPC_REL24            00000000   fn_80201B8C + 0
000001b8  0000140a R_PPC_REL24            00000000   fn_80201B54 + 0
000001c8  0000100a R_PPC_REL24            00000000   fn_80201BC8 + 0
000001dc  0000110a R_PPC_REL24            00000000   fn_8011F114 + 0
00000208  0000180a R_PPC_REL24            00000000   fn_80201EB8 + 0
0000020c  00000a6d R_PPC_EMB_SDA21        00000000   lbl_8064D18C + 0
0000021c  0000190a R_PPC_REL24            00000000   fn_80201B4C + 0
0000022c  0000190a R_PPC_REL24            00000000   fn_80201B4C + 0
00000244  00001a0a R_PPC_REL24            00000000   fn_80201B64 + 0
00000254  00001a0a R_PPC_REL24            00000000   fn_80201B64 + 0
00000264  0000140a R_PPC_REL24            00000000   fn_80201B54 + 0
0000027c  00001b0a R_PPC_REL24            00000000   fn_8020123C + 0
00000294  00001c0a R_PPC_REL24            00000000   fn_80178E94 + 0
000002a0  0000046d R_PPC_EMB_SDA21        00000000   @74 + 0
000002a8  00000b6d R_PPC_EMB_SDA21        00000000   lbl_8064E230 + 0
000002cc  00001d0a R_PPC_REL24            00000000   fn_80036A1C + 0
000002dc  00001c0a R_PPC_REL24            00000000   fn_80178E94 + 0
000002f4  0000046d R_PPC_EMB_SDA21        00000000   @74 + 0
0000030c  00000c6d R_PPC_EMB_SDA21        00000000   lbl_8064E234 + 0
0000031c  00001e0a R_PPC_REL24            00000000   fn_80204434 + 0
00000368  00000d6d R_PPC_EMB_SDA21        00000000   lbl_8064E238 + 0
00000380  0000046d R_PPC_EMB_SDA21        00000000   @74 + 0
000003bc  00001f0a R_PPC_REL24            00000000   fn_800361F8 + 0
000003d8  00001b0a R_PPC_REL24            00000000   fn_8020123C + 0
0000041c  0000200a R_PPC_REL24            00000000   fn_80201BC0 + 0

exit=0
$ .tools/bin/ninja -v build/GEDE01/src/game/game_fn_800365C8.o
[1/1] tools/mwcc_wrapper.py build/tools/sjiswrap.exe compilers/GC/1.3/mwcceppc.exe -nodefaults -proc gekko -align powerpc -enum int -fp hardware -Cpp_exceptions off -O4,p -inline auto -pragma "cats off" -pragma "warn_notinlined off" -maxerrors 1 -nosyspath -RTTI off -fp_contract on -str reuse -multibyte -i include -i build/GEDE01/include -DVERSION_GEDE01 -DNDEBUG=1 -lang=c -use_lmw_stmw on -MMD -c src/game/game_fn_800365C8.c -o build/GEDE01/src/game && "/usr/bin/python3" tools/transform_dep.py build/GEDE01/src/game/game_fn_800365C8.d build/GEDE01/src/game/game_fn_800365C8.d

exit=0
$ build/tools/objdiff-cli diff -1 build/GEDE01/obj/game/game_fn_800365C8.o -2 build/GEDE01/src/game/game_fn_800365C8.o fn_800365C8 --format json-pretty -o reports/GEDE01/experiment-b8a20e12-d4ea-4a72-a12f-cb56fd8cd295-plain-query.canonical.json
 INFO Writing to reports/GEDE01/experiment-b8a20e12-d4ea-4a72-a12f-cb56fd8cd295-plain-query.canonical.json

exit=0
$ build/tools/objdiff-cli diff -1 build/GEDE01/obj/game/game_fn_800365C8.o -2 build/GEDE01/src/game/game_fn_800365C8.o fn_800365C8 --format json-pretty -o reports/GEDE01/experiment-b8a20e12-d4ea-4a72-a12f-cb56fd8cd295-plain-query.strict.json -c functionRelocDiffs=all
 INFO Writing to reports/GEDE01/experiment-b8a20e12-d4ea-4a72-a12f-cb56fd8cd295-plain-query.strict.json

exit=0
$ build/binutils/powerpc-eabi-readelf -rW build/GEDE01/obj/game/game_fn_800365C8.o

Relocation section '.rela.text' at offset 0x494 contains 46 entries:
 Offset     Info    Type                Sym. Value  Symbol's Name + Addend
00000020  0000040a R_PPC_REL24            00000000   fn_80201B9C + 0
00000026  00000506 R_PPC_ADDR16_HA        00000000   lbl_80238DA0 + 0
0000002e  00000504 R_PPC_ADDR16_LO        00000000   lbl_80238DA0 + 0
00000030  0000066d R_PPC_EMB_SDA21        00000000   lbl_8064E228 + 0
00000054  0000070a R_PPC_REL24            00000000   fn_80201B8C + 0
00000060  0000080a R_PPC_REL24            00000000   fn_80201BC8 + 0
00000074  0000090a R_PPC_REL24            00000000   fn_8011F114 + 0
000000a0  00000a0a R_PPC_REL24            00000000   fn_801A7570 + 0
000000b0  00000b0a R_PPC_REL24            00000000   fn_80205288 + 0
000000bc  0000070a R_PPC_REL24            00000000   fn_80201B8C + 0
000000e0  00000c0a R_PPC_REL24            00000000   fn_80201B54 + 0
000000f4  0000080a R_PPC_REL24            00000000   fn_80201BC8 + 0
00000108  00000d0a R_PPC_REL24            00000000   fn_8011EB04 + 0
00000148  00000e0a R_PPC_REL24            00000000   fn_80201C24 + 0
00000150  00000f0a R_PPC_REL24            00000000   fn_80157C80 + 0
00000160  00000f0a R_PPC_REL24            00000000   fn_80157C80 + 0
00000174  0000106d R_PPC_EMB_SDA21        00000000   lbl_8064E22C + 0
0000017a  00001106 R_PPC_ADDR16_HA        00000000   lbl_803003C8 + 0
0000017e  00001206 R_PPC_ADDR16_HA        00000000   lbl_80238DAC + 0
00000186  00001104 R_PPC_ADDR16_LO        00000000   lbl_803003C8 + 0
0000018a  00001204 R_PPC_ADDR16_LO        00000000   lbl_80238DAC + 0
00000194  0000070a R_PPC_REL24            00000000   fn_80201B8C + 0
000001b8  00000c0a R_PPC_REL24            00000000   fn_80201B54 + 0
000001c8  0000080a R_PPC_REL24            00000000   fn_80201BC8 + 0
000001dc  0000090a R_PPC_REL24            00000000   fn_8011F114 + 0
00000208  0000130a R_PPC_REL24            00000000   fn_80201EB8 + 0
0000020c  0000146d R_PPC_EMB_SDA21        00000000   lbl_8064D18C + 0
0000021c  0000150a R_PPC_REL24            00000000   fn_80201B4C + 0
0000022c  0000150a R_PPC_REL24            00000000   fn_80201B4C + 0
00000244  0000160a R_PPC_REL24            00000000   fn_80201B64 + 0
00000254  0000160a R_PPC_REL24            00000000   fn_80201B64 + 0
00000264  00000c0a R_PPC_REL24            00000000   fn_80201B54 + 0
0000027c  0000170a R_PPC_REL24            00000000   fn_8020123C + 0
00000294  0000180a R_PPC_REL24            00000000   fn_80178E94 + 0
000002a0  0000196d R_PPC_EMB_SDA21        00000000   lbl_8064E220 + 0
000002a8  00001a6d R_PPC_EMB_SDA21        00000000   lbl_8064E230 + 0
000002cc  00001b0a R_PPC_REL24            00000000   fn_80036A1C + 0
000002dc  0000180a R_PPC_REL24            00000000   fn_80178E94 + 0
000002f4  0000196d R_PPC_EMB_SDA21        00000000   lbl_8064E220 + 0
0000030c  00001c6d R_PPC_EMB_SDA21        00000000   lbl_8064E234 + 0
0000031c  00001d0a R_PPC_REL24            00000000   fn_80204434 + 0
00000368  00001e6d R_PPC_EMB_SDA21        00000000   lbl_8064E238 + 0
00000380  0000196d R_PPC_EMB_SDA21        00000000   lbl_8064E220 + 0
000003bc  00001f0a R_PPC_REL24            00000000   fn_800361F8 + 0
000003d8  0000170a R_PPC_REL24            00000000   fn_8020123C + 0
0000041c  0000200a R_PPC_REL24            00000000   fn_80201BC0 + 0

exit=0
$ build/binutils/powerpc-eabi-readelf -rW build/GEDE01/src/game/game_fn_800365C8.o

Relocation section '.rela.text' at offset 0x490 contains 46 entries:
 Offset     Info    Type                Sym. Value  Symbol's Name + Addend
00000020  00000e0a R_PPC_REL24            00000000   fn_80201B9C + 0
00000026  00000506 R_PPC_ADDR16_HA        00000000   lbl_80238DA0 + 0
0000002e  00000504 R_PPC_ADDR16_LO        00000000   lbl_80238DA0 + 0
00000030  0000066d R_PPC_EMB_SDA21        00000000   lbl_8064E228 + 0
00000054  00000f0a R_PPC_REL24            00000000   fn_80201B8C + 0
00000060  0000100a R_PPC_REL24            00000000   fn_80201BC8 + 0
00000074  0000110a R_PPC_REL24            00000000   fn_8011F114 + 0
000000a0  0000120a R_PPC_REL24            00000000   fn_801A7570 + 0
000000b0  0000130a R_PPC_REL24            00000000   fn_80205288 + 0
000000bc  00000f0a R_PPC_REL24            00000000   fn_80201B8C + 0
000000e0  0000140a R_PPC_REL24            00000000   fn_80201B54 + 0
000000f4  0000100a R_PPC_REL24            00000000   fn_80201BC8 + 0
00000108  0000150a R_PPC_REL24            00000000   fn_8011EB04 + 0
00000148  0000160a R_PPC_REL24            00000000   fn_80201C24 + 0
00000150  0000170a R_PPC_REL24            00000000   fn_80157C80 + 0
00000160  0000170a R_PPC_REL24            00000000   fn_80157C80 + 0
00000174  0000076d R_PPC_EMB_SDA21        00000000   lbl_8064E22C + 0
0000017a  00000806 R_PPC_ADDR16_HA        00000000   lbl_803003C8 + 0
0000017e  00000906 R_PPC_ADDR16_HA        00000000   lbl_80238DAC + 0
00000186  00000804 R_PPC_ADDR16_LO        00000000   lbl_803003C8 + 0
0000018a  00000904 R_PPC_ADDR16_LO        00000000   lbl_80238DAC + 0
00000194  00000f0a R_PPC_REL24            00000000   fn_80201B8C + 0
000001b8  0000140a R_PPC_REL24            00000000   fn_80201B54 + 0
000001c8  0000100a R_PPC_REL24            00000000   fn_80201BC8 + 0
000001dc  0000110a R_PPC_REL24            00000000   fn_8011F114 + 0
00000208  0000180a R_PPC_REL24            00000000   fn_80201EB8 + 0
0000020c  00000a6d R_PPC_EMB_SDA21        00000000   lbl_8064D18C + 0
0000021c  0000190a R_PPC_REL24            00000000   fn_80201B4C + 0
0000022c  0000190a R_PPC_REL24            00000000   fn_80201B4C + 0
00000244  00001a0a R_PPC_REL24            00000000   fn_80201B64 + 0
00000254  00001a0a R_PPC_REL24            00000000   fn_80201B64 + 0
00000264  0000140a R_PPC_REL24            00000000   fn_80201B54 + 0
0000027c  00001b0a R_PPC_REL24            00000000   fn_8020123C + 0
00000294  00001c0a R_PPC_REL24            00000000   fn_80178E94 + 0
000002a0  0000046d R_PPC_EMB_SDA21        00000000   @74 + 0
000002a8  00000b6d R_PPC_EMB_SDA21        00000000   lbl_8064E230 + 0
000002cc  00001d0a R_PPC_REL24            00000000   fn_80036A1C + 0
000002dc  00001c0a R_PPC_REL24            00000000   fn_80178E94 + 0
000002f4  0000046d R_PPC_EMB_SDA21        00000000   @74 + 0
0000030c  00000c6d R_PPC_EMB_SDA21        00000000   lbl_8064E234 + 0
0000031c  00001e0a R_PPC_REL24            00000000   fn_80204434 + 0
00000368  00000d6d R_PPC_EMB_SDA21        00000000   lbl_8064E238 + 0
00000380  0000046d R_PPC_EMB_SDA21        00000000   @74 + 0
000003bc  00001f0a R_PPC_REL24            00000000   fn_800361F8 + 0
000003d8  00001b0a R_PPC_REL24            00000000   fn_8020123C + 0
0000041c  0000200a R_PPC_REL24            00000000   fn_80201BC0 + 0

exit=0
$ .tools/bin/ninja -v build/GEDE01/src/game/game_fn_800365C8.o
[1/1] tools/mwcc_wrapper.py build/tools/sjiswrap.exe compilers/GC/1.3/mwcceppc.exe -nodefaults -proc gekko -align powerpc -enum int -fp hardware -Cpp_exceptions off -O4,p -inline auto -pragma "cats off" -pragma "warn_notinlined off" -maxerrors 1 -nosyspath -RTTI off -fp_contract on -str reuse -multibyte -i include -i build/GEDE01/include -DVERSION_GEDE01 -DNDEBUG=1 -lang=c -use_lmw_stmw on -MMD -c src/game/game_fn_800365C8.c -o build/GEDE01/src/game && "/usr/bin/python3" tools/transform_dep.py build/GEDE01/src/game/game_fn_800365C8.d build/GEDE01/src/game/game_fn_800365C8.d

exit=0
$ build/tools/objdiff-cli diff -1 build/GEDE01/obj/game/game_fn_800365C8.o -2 build/GEDE01/src/game/game_fn_800365C8.o fn_800365C8 --format json-pretty -o reports/GEDE01/experiment-b8a20e12-d4ea-4a72-a12f-cb56fd8cd295-reuse-candidate_id.canonical.json
 INFO Writing to reports/GEDE01/experiment-b8a20e12-d4ea-4a72-a12f-cb56fd8cd295-reuse-candidate_id.canonical.json

exit=0
$ build/tools/objdiff-cli diff -1 build/GEDE01/obj/game/game_fn_800365C8.o -2 build/GEDE01/src/game/game_fn_800365C8.o fn_800365C8 --format json-pretty -o reports/GEDE01/experiment-b8a20e12-d4ea-4a72-a12f-cb56fd8cd295-reuse-candidate_id.strict.json -c functionRelocDiffs=all
 INFO Writing to reports/GEDE01/experiment-b8a20e12-d4ea-4a72-a12f-cb56fd8cd295-reuse-candidate_id.strict.json

exit=0
$ build/binutils/powerpc-eabi-readelf -rW build/GEDE01/obj/game/game_fn_800365C8.o

Relocation section '.rela.text' at offset 0x494 contains 46 entries:
 Offset     Info    Type                Sym. Value  Symbol's Name + Addend
00000020  0000040a R_PPC_REL24            00000000   fn_80201B9C + 0
00000026  00000506 R_PPC_ADDR16_HA        00000000   lbl_80238DA0 + 0
0000002e  00000504 R_PPC_ADDR16_LO        00000000   lbl_80238DA0 + 0
00000030  0000066d R_PPC_EMB_SDA21        00000000   lbl_8064E228 + 0
00000054  0000070a R_PPC_REL24            00000000   fn_80201B8C + 0
00000060  0000080a R_PPC_REL24            00000000   fn_80201BC8 + 0
00000074  0000090a R_PPC_REL24            00000000   fn_8011F114 + 0
000000a0  00000a0a R_PPC_REL24            00000000   fn_801A7570 + 0
000000b0  00000b0a R_PPC_REL24            00000000   fn_80205288 + 0
000000bc  0000070a R_PPC_REL24            00000000   fn_80201B8C + 0
000000e0  00000c0a R_PPC_REL24            00000000   fn_80201B54 + 0
000000f4  0000080a R_PPC_REL24            00000000   fn_80201BC8 + 0
00000108  00000d0a R_PPC_REL24            00000000   fn_8011EB04 + 0
00000148  00000e0a R_PPC_REL24            00000000   fn_80201C24 + 0
00000150  00000f0a R_PPC_REL24            00000000   fn_80157C80 + 0
00000160  00000f0a R_PPC_REL24            00000000   fn_80157C80 + 0
00000174  0000106d R_PPC_EMB_SDA21        00000000   lbl_8064E22C + 0
0000017a  00001106 R_PPC_ADDR16_HA        00000000   lbl_803003C8 + 0
0000017e  00001206 R_PPC_ADDR16_HA        00000000   lbl_80238DAC + 0
00000186  00001104 R_PPC_ADDR16_LO        00000000   lbl_803003C8 + 0
0000018a  00001204 R_PPC_ADDR16_LO        00000000   lbl_80238DAC + 0
00000194  0000070a R_PPC_REL24            00000000   fn_80201B8C + 0
000001b8  00000c0a R_PPC_REL24            00000000   fn_80201B54 + 0
000001c8  0000080a R_PPC_REL24            00000000   fn_80201BC8 + 0
000001dc  0000090a R_PPC_REL24            00000000   fn_8011F114 + 0
00000208  0000130a R_PPC_REL24            00000000   fn_80201EB8 + 0
0000020c  0000146d R_PPC_EMB_SDA21        00000000   lbl_8064D18C + 0
0000021c  0000150a R_PPC_REL24            00000000   fn_80201B4C + 0
0000022c  0000150a R_PPC_REL24            00000000   fn_80201B4C + 0
00000244  0000160a R_PPC_REL24            00000000   fn_80201B64 + 0
00000254  0000160a R_PPC_REL24            00000000   fn_80201B64 + 0
00000264  00000c0a R_PPC_REL24            00000000   fn_80201B54 + 0
0000027c  0000170a R_PPC_REL24            00000000   fn_8020123C + 0
00000294  0000180a R_PPC_REL24            00000000   fn_80178E94 + 0
000002a0  0000196d R_PPC_EMB_SDA21        00000000   lbl_8064E220 + 0
000002a8  00001a6d R_PPC_EMB_SDA21        00000000   lbl_8064E230 + 0
000002cc  00001b0a R_PPC_REL24            00000000   fn_80036A1C + 0
000002dc  0000180a R_PPC_REL24            00000000   fn_80178E94 + 0
000002f4  0000196d R_PPC_EMB_SDA21        00000000   lbl_8064E220 + 0
0000030c  00001c6d R_PPC_EMB_SDA21        00000000   lbl_8064E234 + 0
0000031c  00001d0a R_PPC_REL24            00000000   fn_80204434 + 0
00000368  00001e6d R_PPC_EMB_SDA21        00000000   lbl_8064E238 + 0
00000380  0000196d R_PPC_EMB_SDA21        00000000   lbl_8064E220 + 0
000003bc  00001f0a R_PPC_REL24            00000000   fn_800361F8 + 0
000003d8  0000170a R_PPC_REL24            00000000   fn_8020123C + 0
0000041c  0000200a R_PPC_REL24            00000000   fn_80201BC0 + 0

exit=0
$ build/binutils/powerpc-eabi-readelf -rW build/GEDE01/src/game/game_fn_800365C8.o

Relocation section '.rela.text' at offset 0x490 contains 46 entries:
 Offset     Info    Type                Sym. Value  Symbol's Name + Addend
00000020  00000e0a R_PPC_REL24            00000000   fn_80201B9C + 0
00000026  00000506 R_PPC_ADDR16_HA        00000000   lbl_80238DA0 + 0
0000002e  00000504 R_PPC_ADDR16_LO        00000000   lbl_80238DA0 + 0
00000030  0000066d R_PPC_EMB_SDA21        00000000   lbl_8064E228 + 0
00000054  00000f0a R_PPC_REL24            00000000   fn_80201B8C + 0
00000060  0000100a R_PPC_REL24            00000000   fn_80201BC8 + 0
00000074  0000110a R_PPC_REL24            00000000   fn_8011F114 + 0
000000a0  0000120a R_PPC_REL24            00000000   fn_801A7570 + 0
000000b0  0000130a R_PPC_REL24            00000000   fn_80205288 + 0
000000bc  00000f0a R_PPC_REL24            00000000   fn_80201B8C + 0
000000e0  0000140a R_PPC_REL24            00000000   fn_80201B54 + 0
000000f4  0000100a R_PPC_REL24            00000000   fn_80201BC8 + 0
00000108  0000150a R_PPC_REL24            00000000   fn_8011EB04 + 0
00000148  0000160a R_PPC_REL24            00000000   fn_80201C24 + 0
00000150  0000170a R_PPC_REL24            00000000   fn_80157C80 + 0
00000160  0000170a R_PPC_REL24            00000000   fn_80157C80 + 0
00000174  0000076d R_PPC_EMB_SDA21        00000000   lbl_8064E22C + 0
0000017a  00000806 R_PPC_ADDR16_HA        00000000   lbl_803003C8 + 0
0000017e  00000906 R_PPC_ADDR16_HA        00000000   lbl_80238DAC + 0
00000186  00000804 R_PPC_ADDR16_LO        00000000   lbl_803003C8 + 0
0000018a  00000904 R_PPC_ADDR16_LO        00000000   lbl_80238DAC + 0
00000194  00000f0a R_PPC_REL24            00000000   fn_80201B8C + 0
000001b8  0000140a R_PPC_REL24            00000000   fn_80201B54 + 0
000001c4  0000100a R_PPC_REL24            00000000   fn_80201BC8 + 0
000001d8  0000110a R_PPC_REL24            00000000   fn_8011F114 + 0
00000204  0000180a R_PPC_REL24            00000000   fn_80201EB8 + 0
00000208  00000a6d R_PPC_EMB_SDA21        00000000   lbl_8064D18C + 0
00000218  0000190a R_PPC_REL24            00000000   fn_80201B4C + 0
00000228  0000190a R_PPC_REL24            00000000   fn_80201B4C + 0
00000240  00001a0a R_PPC_REL24            00000000   fn_80201B64 + 0
00000250  00001a0a R_PPC_REL24            00000000   fn_80201B64 + 0
00000260  0000140a R_PPC_REL24            00000000   fn_80201B54 + 0
00000278  00001b0a R_PPC_REL24            00000000   fn_8020123C + 0
00000290  00001c0a R_PPC_REL24            00000000   fn_80178E94 + 0
0000029c  0000046d R_PPC_EMB_SDA21        00000000   @74 + 0
000002a4  00000b6d R_PPC_EMB_SDA21        00000000   lbl_8064E230 + 0
000002c8  00001d0a R_PPC_REL24            00000000   fn_80036A1C + 0
000002d8  00001c0a R_PPC_REL24            00000000   fn_80178E94 + 0
000002f0  0000046d R_PPC_EMB_SDA21        00000000   @74 + 0
00000308  00000c6d R_PPC_EMB_SDA21        00000000   lbl_8064E234 + 0
00000318  00001e0a R_PPC_REL24            00000000   fn_80204434 + 0
00000364  00000d6d R_PPC_EMB_SDA21        00000000   lbl_8064E238 + 0
0000037c  0000046d R_PPC_EMB_SDA21        00000000   @74 + 0
000003b8  00001f0a R_PPC_REL24            00000000   fn_800361F8 + 0
000003d4  00001b0a R_PPC_REL24            00000000   fn_8020123C + 0
00000418  0000200a R_PPC_REL24            00000000   fn_80201BC0 + 0

exit=0
$ .tools/bin/ninja -v build/GEDE01/src/game/game_fn_800365C8.o
[1/1] tools/mwcc_wrapper.py build/tools/sjiswrap.exe compilers/GC/1.3/mwcceppc.exe -nodefaults -proc gekko -align powerpc -enum int -fp hardware -Cpp_exceptions off -O4,p -inline auto -pragma "cats off" -pragma "warn_notinlined off" -maxerrors 1 -nosyspath -RTTI off -fp_contract on -str reuse -multibyte -i include -i build/GEDE01/include -DVERSION_GEDE01 -DNDEBUG=1 -lang=c -use_lmw_stmw on -MMD -c src/game/game_fn_800365C8.c -o build/GEDE01/src/game && "/usr/bin/python3" tools/transform_dep.py build/GEDE01/src/game/game_fn_800365C8.d build/GEDE01/src/game/game_fn_800365C8.d

exit=0
$ build/tools/objdiff-cli diff -1 build/GEDE01/obj/game/game_fn_800365C8.o -2 build/GEDE01/src/game/game_fn_800365C8.o fn_800365C8 --format json-pretty -o reports/GEDE01/experiment-b8a20e12-d4ea-4a72-a12f-cb56fd8cd295-reuse-path_ok.canonical.json
 INFO Writing to reports/GEDE01/experiment-b8a20e12-d4ea-4a72-a12f-cb56fd8cd295-reuse-path_ok.canonical.json

exit=0
$ build/tools/objdiff-cli diff -1 build/GEDE01/obj/game/game_fn_800365C8.o -2 build/GEDE01/src/game/game_fn_800365C8.o fn_800365C8 --format json-pretty -o reports/GEDE01/experiment-b8a20e12-d4ea-4a72-a12f-cb56fd8cd295-reuse-path_ok.strict.json -c functionRelocDiffs=all
 INFO Writing to reports/GEDE01/experiment-b8a20e12-d4ea-4a72-a12f-cb56fd8cd295-reuse-path_ok.strict.json

exit=0
$ build/binutils/powerpc-eabi-readelf -rW build/GEDE01/obj/game/game_fn_800365C8.o

Relocation section '.rela.text' at offset 0x494 contains 46 entries:
 Offset     Info    Type                Sym. Value  Symbol's Name + Addend
00000020  0000040a R_PPC_REL24            00000000   fn_80201B9C + 0
00000026  00000506 R_PPC_ADDR16_HA        00000000   lbl_80238DA0 + 0
0000002e  00000504 R_PPC_ADDR16_LO        00000000   lbl_80238DA0 + 0
00000030  0000066d R_PPC_EMB_SDA21        00000000   lbl_8064E228 + 0
00000054  0000070a R_PPC_REL24            00000000   fn_80201B8C + 0
00000060  0000080a R_PPC_REL24            00000000   fn_80201BC8 + 0
00000074  0000090a R_PPC_REL24            00000000   fn_8011F114 + 0
000000a0  00000a0a R_PPC_REL24            00000000   fn_801A7570 + 0
000000b0  00000b0a R_PPC_REL24            00000000   fn_80205288 + 0
000000bc  0000070a R_PPC_REL24            00000000   fn_80201B8C + 0
000000e0  00000c0a R_PPC_REL24            00000000   fn_80201B54 + 0
000000f4  0000080a R_PPC_REL24            00000000   fn_80201BC8 + 0
00000108  00000d0a R_PPC_REL24            00000000   fn_8011EB04 + 0
00000148  00000e0a R_PPC_REL24            00000000   fn_80201C24 + 0
00000150  00000f0a R_PPC_REL24            00000000   fn_80157C80 + 0
00000160  00000f0a R_PPC_REL24            00000000   fn_80157C80 + 0
00000174  0000106d R_PPC_EMB_SDA21        00000000   lbl_8064E22C + 0
0000017a  00001106 R_PPC_ADDR16_HA        00000000   lbl_803003C8 + 0
0000017e  00001206 R_PPC_ADDR16_HA        00000000   lbl_80238DAC + 0
00000186  00001104 R_PPC_ADDR16_LO        00000000   lbl_803003C8 + 0
0000018a  00001204 R_PPC_ADDR16_LO        00000000   lbl_80238DAC + 0
00000194  0000070a R_PPC_REL24            00000000   fn_80201B8C + 0
000001b8  00000c0a R_PPC_REL24            00000000   fn_80201B54 + 0
000001c8  0000080a R_PPC_REL24            00000000   fn_80201BC8 + 0
000001dc  0000090a R_PPC_REL24            00000000   fn_8011F114 + 0
00000208  0000130a R_PPC_REL24            00000000   fn_80201EB8 + 0
0000020c  0000146d R_PPC_EMB_SDA21        00000000   lbl_8064D18C + 0
0000021c  0000150a R_PPC_REL24            00000000   fn_80201B4C + 0
0000022c  0000150a R_PPC_REL24            00000000   fn_80201B4C + 0
00000244  0000160a R_PPC_REL24            00000000   fn_80201B64 + 0
00000254  0000160a R_PPC_REL24            00000000   fn_80201B64 + 0
00000264  00000c0a R_PPC_REL24            00000000   fn_80201B54 + 0
0000027c  0000170a R_PPC_REL24            00000000   fn_8020123C + 0
00000294  0000180a R_PPC_REL24            00000000   fn_80178E94 + 0
000002a0  0000196d R_PPC_EMB_SDA21        00000000   lbl_8064E220 + 0
000002a8  00001a6d R_PPC_EMB_SDA21        00000000   lbl_8064E230 + 0
000002cc  00001b0a R_PPC_REL24            00000000   fn_80036A1C + 0
000002dc  0000180a R_PPC_REL24            00000000   fn_80178E94 + 0
000002f4  0000196d R_PPC_EMB_SDA21        00000000   lbl_8064E220 + 0
0000030c  00001c6d R_PPC_EMB_SDA21        00000000   lbl_8064E234 + 0
0000031c  00001d0a R_PPC_REL24            00000000   fn_80204434 + 0
00000368  00001e6d R_PPC_EMB_SDA21        00000000   lbl_8064E238 + 0
00000380  0000196d R_PPC_EMB_SDA21        00000000   lbl_8064E220 + 0
000003bc  00001f0a R_PPC_REL24            00000000   fn_800361F8 + 0
000003d8  0000170a R_PPC_REL24            00000000   fn_8020123C + 0
0000041c  0000200a R_PPC_REL24            00000000   fn_80201BC0 + 0

exit=0
$ build/binutils/powerpc-eabi-readelf -rW build/GEDE01/src/game/game_fn_800365C8.o

Relocation section '.rela.text' at offset 0x490 contains 46 entries:
 Offset     Info    Type                Sym. Value  Symbol's Name + Addend
00000020  00000e0a R_PPC_REL24            00000000   fn_80201B9C + 0
00000026  00000506 R_PPC_ADDR16_HA        00000000   lbl_80238DA0 + 0
0000002e  00000504 R_PPC_ADDR16_LO        00000000   lbl_80238DA0 + 0
00000030  0000066d R_PPC_EMB_SDA21        00000000   lbl_8064E228 + 0
00000054  00000f0a R_PPC_REL24            00000000   fn_80201B8C + 0
00000060  0000100a R_PPC_REL24            00000000   fn_80201BC8 + 0
00000074  0000110a R_PPC_REL24            00000000   fn_8011F114 + 0
000000a0  0000120a R_PPC_REL24            00000000   fn_801A7570 + 0
000000b0  0000130a R_PPC_REL24            00000000   fn_80205288 + 0
000000bc  00000f0a R_PPC_REL24            00000000   fn_80201B8C + 0
000000e0  0000140a R_PPC_REL24            00000000   fn_80201B54 + 0
000000f4  0000100a R_PPC_REL24            00000000   fn_80201BC8 + 0
00000108  0000150a R_PPC_REL24            00000000   fn_8011EB04 + 0
00000148  0000160a R_PPC_REL24            00000000   fn_80201C24 + 0
00000150  0000170a R_PPC_REL24            00000000   fn_80157C80 + 0
00000160  0000170a R_PPC_REL24            00000000   fn_80157C80 + 0
00000174  0000076d R_PPC_EMB_SDA21        00000000   lbl_8064E22C + 0
0000017a  00000806 R_PPC_ADDR16_HA        00000000   lbl_803003C8 + 0
0000017e  00000906 R_PPC_ADDR16_HA        00000000   lbl_80238DAC + 0
00000186  00000804 R_PPC_ADDR16_LO        00000000   lbl_803003C8 + 0
0000018a  00000904 R_PPC_ADDR16_LO        00000000   lbl_80238DAC + 0
00000194  00000f0a R_PPC_REL24            00000000   fn_80201B8C + 0
000001b8  0000140a R_PPC_REL24            00000000   fn_80201B54 + 0
000001c8  0000100a R_PPC_REL24            00000000   fn_80201BC8 + 0
000001dc  0000110a R_PPC_REL24            00000000   fn_8011F114 + 0
00000208  0000180a R_PPC_REL24            00000000   fn_80201EB8 + 0
0000020c  00000a6d R_PPC_EMB_SDA21        00000000   lbl_8064D18C + 0
0000021c  0000190a R_PPC_REL24            00000000   fn_80201B4C + 0
0000022c  0000190a R_PPC_REL24            00000000   fn_80201B4C + 0
00000244  00001a0a R_PPC_REL24            00000000   fn_80201B64 + 0
00000254  00001a0a R_PPC_REL24            00000000   fn_80201B64 + 0
00000264  0000140a R_PPC_REL24            00000000   fn_80201B54 + 0
0000027c  00001b0a R_PPC_REL24            00000000   fn_8020123C + 0
00000294  00001c0a R_PPC_REL24            00000000   fn_80178E94 + 0
000002a0  0000046d R_PPC_EMB_SDA21        00000000   @74 + 0
000002a8  00000b6d R_PPC_EMB_SDA21        00000000   lbl_8064E230 + 0
000002cc  00001d0a R_PPC_REL24            00000000   fn_80036A1C + 0
000002dc  00001c0a R_PPC_REL24            00000000   fn_80178E94 + 0
000002f4  0000046d R_PPC_EMB_SDA21        00000000   @74 + 0
0000030c  00000c6d R_PPC_EMB_SDA21        00000000   lbl_8064E234 + 0
0000031c  00001e0a R_PPC_REL24            00000000   fn_80204434 + 0
00000368  00000d6d R_PPC_EMB_SDA21        00000000   lbl_8064E238 + 0
00000380  0000046d R_PPC_EMB_SDA21        00000000   @74 + 0
000003bc  00001f0a R_PPC_REL24            00000000   fn_800361F8 + 0
000003d8  00001b0a R_PPC_REL24            00000000   fn_8020123C + 0
0000041c  0000200a R_PPC_REL24            00000000   fn_80201BC0 + 0

exit=0
$ .tools/bin/ninja -v build/GEDE01/src/game/game_fn_800365C8.o
[1/1] tools/mwcc_wrapper.py build/tools/sjiswrap.exe compilers/GC/1.3/mwcceppc.exe -nodefaults -proc gekko -align powerpc -enum int -fp hardware -Cpp_exceptions off -O4,p -inline auto -pragma "cats off" -pragma "warn_notinlined off" -maxerrors 1 -nosyspath -RTTI off -fp_contract on -str reuse -multibyte -i include -i build/GEDE01/include -DVERSION_GEDE01 -DNDEBUG=1 -lang=c -use_lmw_stmw on -MMD -c src/game/game_fn_800365C8.c -o build/GEDE01/src/game && "/usr/bin/python3" tools/transform_dep.py build/GEDE01/src/game/game_fn_800365C8.d build/GEDE01/src/game/game_fn_800365C8.d

exit=0
$ build/tools/objdiff-cli diff -1 build/GEDE01/obj/game/game_fn_800365C8.o -2 build/GEDE01/src/game/game_fn_800365C8.o fn_800365C8 --format json-pretty -o reports/GEDE01/experiment-b8a20e12-d4ea-4a72-a12f-cb56fd8cd295-reuse-distance.canonical.json
 INFO Writing to reports/GEDE01/experiment-b8a20e12-d4ea-4a72-a12f-cb56fd8cd295-reuse-distance.canonical.json

exit=0
$ build/tools/objdiff-cli diff -1 build/GEDE01/obj/game/game_fn_800365C8.o -2 build/GEDE01/src/game/game_fn_800365C8.o fn_800365C8 --format json-pretty -o reports/GEDE01/experiment-b8a20e12-d4ea-4a72-a12f-cb56fd8cd295-reuse-distance.strict.json -c functionRelocDiffs=all
 INFO Writing to reports/GEDE01/experiment-b8a20e12-d4ea-4a72-a12f-cb56fd8cd295-reuse-distance.strict.json

exit=0
$ build/binutils/powerpc-eabi-readelf -rW build/GEDE01/obj/game/game_fn_800365C8.o

Relocation section '.rela.text' at offset 0x494 contains 46 entries:
 Offset     Info    Type                Sym. Value  Symbol's Name + Addend
00000020  0000040a R_PPC_REL24            00000000   fn_80201B9C + 0
00000026  00000506 R_PPC_ADDR16_HA        00000000   lbl_80238DA0 + 0
0000002e  00000504 R_PPC_ADDR16_LO        00000000   lbl_80238DA0 + 0
00000030  0000066d R_PPC_EMB_SDA21        00000000   lbl_8064E228 + 0
00000054  0000070a R_PPC_REL24            00000000   fn_80201B8C + 0
00000060  0000080a R_PPC_REL24            00000000   fn_80201BC8 + 0
00000074  0000090a R_PPC_REL24            00000000   fn_8011F114 + 0
000000a0  00000a0a R_PPC_REL24            00000000   fn_801A7570 + 0
000000b0  00000b0a R_PPC_REL24            00000000   fn_80205288 + 0
000000bc  0000070a R_PPC_REL24            00000000   fn_80201B8C + 0
000000e0  00000c0a R_PPC_REL24            00000000   fn_80201B54 + 0
000000f4  0000080a R_PPC_REL24            00000000   fn_80201BC8 + 0
00000108  00000d0a R_PPC_REL24            00000000   fn_8011EB04 + 0
00000148  00000e0a R_PPC_REL24            00000000   fn_80201C24 + 0
00000150  00000f0a R_PPC_REL24            00000000   fn_80157C80 + 0
00000160  00000f0a R_PPC_REL24            00000000   fn_80157C80 + 0
00000174  0000106d R_PPC_EMB_SDA21        00000000   lbl_8064E22C + 0
0000017a  00001106 R_PPC_ADDR16_HA        00000000   lbl_803003C8 + 0
0000017e  00001206 R_PPC_ADDR16_HA        00000000   lbl_80238DAC + 0
00000186  00001104 R_PPC_ADDR16_LO        00000000   lbl_803003C8 + 0
0000018a  00001204 R_PPC_ADDR16_LO        00000000   lbl_80238DAC + 0
00000194  0000070a R_PPC_REL24            00000000   fn_80201B8C + 0
000001b8  00000c0a R_PPC_REL24            00000000   fn_80201B54 + 0
000001c8  0000080a R_PPC_REL24            00000000   fn_80201BC8 + 0
000001dc  0000090a R_PPC_REL24            00000000   fn_8011F114 + 0
00000208  0000130a R_PPC_REL24            00000000   fn_80201EB8 + 0
0000020c  0000146d R_PPC_EMB_SDA21        00000000   lbl_8064D18C + 0
0000021c  0000150a R_PPC_REL24            00000000   fn_80201B4C + 0
0000022c  0000150a R_PPC_REL24            00000000   fn_80201B4C + 0
00000244  0000160a R_PPC_REL24            00000000   fn_80201B64 + 0
00000254  0000160a R_PPC_REL24            00000000   fn_80201B64 + 0
00000264  00000c0a R_PPC_REL24            00000000   fn_80201B54 + 0
0000027c  0000170a R_PPC_REL24            00000000   fn_8020123C + 0
00000294  0000180a R_PPC_REL24            00000000   fn_80178E94 + 0
000002a0  0000196d R_PPC_EMB_SDA21        00000000   lbl_8064E220 + 0
000002a8  00001a6d R_PPC_EMB_SDA21        00000000   lbl_8064E230 + 0
000002cc  00001b0a R_PPC_REL24            00000000   fn_80036A1C + 0
000002dc  0000180a R_PPC_REL24            00000000   fn_80178E94 + 0
000002f4  0000196d R_PPC_EMB_SDA21        00000000   lbl_8064E220 + 0
0000030c  00001c6d R_PPC_EMB_SDA21        00000000   lbl_8064E234 + 0
0000031c  00001d0a R_PPC_REL24            00000000   fn_80204434 + 0
00000368  00001e6d R_PPC_EMB_SDA21        00000000   lbl_8064E238 + 0
00000380  0000196d R_PPC_EMB_SDA21        00000000   lbl_8064E220 + 0
000003bc  00001f0a R_PPC_REL24            00000000   fn_800361F8 + 0
000003d8  0000170a R_PPC_REL24            00000000   fn_8020123C + 0
0000041c  0000200a R_PPC_REL24            00000000   fn_80201BC0 + 0

exit=0
$ build/binutils/powerpc-eabi-readelf -rW build/GEDE01/src/game/game_fn_800365C8.o

Relocation section '.rela.text' at offset 0x490 contains 46 entries:
 Offset     Info    Type                Sym. Value  Symbol's Name + Addend
00000020  00000e0a R_PPC_REL24            00000000   fn_80201B9C + 0
00000026  00000506 R_PPC_ADDR16_HA        00000000   lbl_80238DA0 + 0
0000002e  00000504 R_PPC_ADDR16_LO        00000000   lbl_80238DA0 + 0
00000030  0000066d R_PPC_EMB_SDA21        00000000   lbl_8064E228 + 0
00000054  00000f0a R_PPC_REL24            00000000   fn_80201B8C + 0
00000060  0000100a R_PPC_REL24            00000000   fn_80201BC8 + 0
00000074  0000110a R_PPC_REL24            00000000   fn_8011F114 + 0
000000a0  0000120a R_PPC_REL24            00000000   fn_801A7570 + 0
000000b0  0000130a R_PPC_REL24            00000000   fn_80205288 + 0
000000bc  00000f0a R_PPC_REL24            00000000   fn_80201B8C + 0
000000e0  0000140a R_PPC_REL24            00000000   fn_80201B54 + 0
000000f4  0000100a R_PPC_REL24            00000000   fn_80201BC8 + 0
00000108  0000150a R_PPC_REL24            00000000   fn_8011EB04 + 0
00000148  0000160a R_PPC_REL24            00000000   fn_80201C24 + 0
00000150  0000170a R_PPC_REL24            00000000   fn_80157C80 + 0
00000160  0000170a R_PPC_REL24            00000000   fn_80157C80 + 0
00000174  0000076d R_PPC_EMB_SDA21        00000000   lbl_8064E22C + 0
0000017a  00000806 R_PPC_ADDR16_HA        00000000   lbl_803003C8 + 0
0000017e  00000906 R_PPC_ADDR16_HA        00000000   lbl_80238DAC + 0
00000186  00000804 R_PPC_ADDR16_LO        00000000   lbl_803003C8 + 0
0000018a  00000904 R_PPC_ADDR16_LO        00000000   lbl_80238DAC + 0
00000194  00000f0a R_PPC_REL24            00000000   fn_80201B8C + 0
000001b8  0000140a R_PPC_REL24            00000000   fn_80201B54 + 0
000001c8  0000100a R_PPC_REL24            00000000   fn_80201BC8 + 0
000001dc  0000110a R_PPC_REL24            00000000   fn_8011F114 + 0
00000208  0000180a R_PPC_REL24            00000000   fn_80201EB8 + 0
0000020c  00000a6d R_PPC_EMB_SDA21        00000000   lbl_8064D18C + 0
0000021c  0000190a R_PPC_REL24            00000000   fn_80201B4C + 0
0000022c  0000190a R_PPC_REL24            00000000   fn_80201B4C + 0
00000244  00001a0a R_PPC_REL24            00000000   fn_80201B64 + 0
00000254  00001a0a R_PPC_REL24            00000000   fn_80201B64 + 0
00000264  0000140a R_PPC_REL24            00000000   fn_80201B54 + 0
0000027c  00001b0a R_PPC_REL24            00000000   fn_8020123C + 0
00000294  00001c0a R_PPC_REL24            00000000   fn_80178E94 + 0
000002a0  0000046d R_PPC_EMB_SDA21        00000000   @74 + 0
000002a8  00000b6d R_PPC_EMB_SDA21        00000000   lbl_8064E230 + 0
000002cc  00001d0a R_PPC_REL24            00000000   fn_80036A1C + 0
000002dc  00001c0a R_PPC_REL24            00000000   fn_80178E94 + 0
000002f4  0000046d R_PPC_EMB_SDA21        00000000   @74 + 0
0000030c  00000c6d R_PPC_EMB_SDA21        00000000   lbl_8064E234 + 0
0000031c  00001e0a R_PPC_REL24            00000000   fn_80204434 + 0
00000368  00000d6d R_PPC_EMB_SDA21        00000000   lbl_8064E238 + 0
00000380  0000046d R_PPC_EMB_SDA21        00000000   @74 + 0
000003bc  00001f0a R_PPC_REL24            00000000   fn_800361F8 + 0
000003d8  00001b0a R_PPC_REL24            00000000   fn_8020123C + 0
0000041c  0000200a R_PPC_REL24            00000000   fn_80201BC0 + 0

exit=0
$ .tools/bin/ninja -v build/GEDE01/src/game/game_fn_800365C8.o
[1/1] tools/mwcc_wrapper.py build/tools/sjiswrap.exe compilers/GC/1.3/mwcceppc.exe -nodefaults -proc gekko -align powerpc -enum int -fp hardware -Cpp_exceptions off -O4,p -inline auto -pragma "cats off" -pragma "warn_notinlined off" -maxerrors 1 -nosyspath -RTTI off -fp_contract on -str reuse -multibyte -i include -i build/GEDE01/include -DVERSION_GEDE01 -DNDEBUG=1 -lang=c -use_lmw_stmw on -MMD -c src/game/game_fn_800365C8.c -o build/GEDE01/src/game && "/usr/bin/python3" tools/transform_dep.py build/GEDE01/src/game/game_fn_800365C8.d build/GEDE01/src/game/game_fn_800365C8.d

exit=0
$ build/tools/objdiff-cli diff -1 build/GEDE01/obj/game/game_fn_800365C8.o -2 build/GEDE01/src/game/game_fn_800365C8.o fn_800365C8 --format json-pretty -o reports/GEDE01/experiment-b8a20e12-d4ea-4a72-a12f-cb56fd8cd295-declare-before-info.canonical.json
 INFO Writing to reports/GEDE01/experiment-b8a20e12-d4ea-4a72-a12f-cb56fd8cd295-declare-before-info.canonical.json

exit=0
$ build/tools/objdiff-cli diff -1 build/GEDE01/obj/game/game_fn_800365C8.o -2 build/GEDE01/src/game/game_fn_800365C8.o fn_800365C8 --format json-pretty -o reports/GEDE01/experiment-b8a20e12-d4ea-4a72-a12f-cb56fd8cd295-declare-before-info.strict.json -c functionRelocDiffs=all
 INFO Writing to reports/GEDE01/experiment-b8a20e12-d4ea-4a72-a12f-cb56fd8cd295-declare-before-info.strict.json

exit=0
$ build/binutils/powerpc-eabi-readelf -rW build/GEDE01/obj/game/game_fn_800365C8.o

Relocation section '.rela.text' at offset 0x494 contains 46 entries:
 Offset     Info    Type                Sym. Value  Symbol's Name + Addend
00000020  0000040a R_PPC_REL24            00000000   fn_80201B9C + 0
00000026  00000506 R_PPC_ADDR16_HA        00000000   lbl_80238DA0 + 0
0000002e  00000504 R_PPC_ADDR16_LO        00000000   lbl_80238DA0 + 0
00000030  0000066d R_PPC_EMB_SDA21        00000000   lbl_8064E228 + 0
00000054  0000070a R_PPC_REL24            00000000   fn_80201B8C + 0
00000060  0000080a R_PPC_REL24            00000000   fn_80201BC8 + 0
00000074  0000090a R_PPC_REL24            00000000   fn_8011F114 + 0
000000a0  00000a0a R_PPC_REL24            00000000   fn_801A7570 + 0
000000b0  00000b0a R_PPC_REL24            00000000   fn_80205288 + 0
000000bc  0000070a R_PPC_REL24            00000000   fn_80201B8C + 0
000000e0  00000c0a R_PPC_REL24            00000000   fn_80201B54 + 0
000000f4  0000080a R_PPC_REL24            00000000   fn_80201BC8 + 0
00000108  00000d0a R_PPC_REL24            00000000   fn_8011EB04 + 0
00000148  00000e0a R_PPC_REL24            00000000   fn_80201C24 + 0
00000150  00000f0a R_PPC_REL24            00000000   fn_80157C80 + 0
00000160  00000f0a R_PPC_REL24            00000000   fn_80157C80 + 0
00000174  0000106d R_PPC_EMB_SDA21        00000000   lbl_8064E22C + 0
0000017a  00001106 R_PPC_ADDR16_HA        00000000   lbl_803003C8 + 0
0000017e  00001206 R_PPC_ADDR16_HA        00000000   lbl_80238DAC + 0
00000186  00001104 R_PPC_ADDR16_LO        00000000   lbl_803003C8 + 0
0000018a  00001204 R_PPC_ADDR16_LO        00000000   lbl_80238DAC + 0
00000194  0000070a R_PPC_REL24            00000000   fn_80201B8C + 0
000001b8  00000c0a R_PPC_REL24            00000000   fn_80201B54 + 0
000001c8  0000080a R_PPC_REL24            00000000   fn_80201BC8 + 0
000001dc  0000090a R_PPC_REL24            00000000   fn_8011F114 + 0
00000208  0000130a R_PPC_REL24            00000000   fn_80201EB8 + 0
0000020c  0000146d R_PPC_EMB_SDA21        00000000   lbl_8064D18C + 0
0000021c  0000150a R_PPC_REL24            00000000   fn_80201B4C + 0
0000022c  0000150a R_PPC_REL24            00000000   fn_80201B4C + 0
00000244  0000160a R_PPC_REL24            00000000   fn_80201B64 + 0
00000254  0000160a R_PPC_REL24            00000000   fn_80201B64 + 0
00000264  00000c0a R_PPC_REL24            00000000   fn_80201B54 + 0
0000027c  0000170a R_PPC_REL24            00000000   fn_8020123C + 0
00000294  0000180a R_PPC_REL24            00000000   fn_80178E94 + 0
000002a0  0000196d R_PPC_EMB_SDA21        00000000   lbl_8064E220 + 0
000002a8  00001a6d R_PPC_EMB_SDA21        00000000   lbl_8064E230 + 0
000002cc  00001b0a R_PPC_REL24            00000000   fn_80036A1C + 0
000002dc  0000180a R_PPC_REL24            00000000   fn_80178E94 + 0
000002f4  0000196d R_PPC_EMB_SDA21        00000000   lbl_8064E220 + 0
0000030c  00001c6d R_PPC_EMB_SDA21        00000000   lbl_8064E234 + 0
0000031c  00001d0a R_PPC_REL24            00000000   fn_80204434 + 0
00000368  00001e6d R_PPC_EMB_SDA21        00000000   lbl_8064E238 + 0
00000380  0000196d R_PPC_EMB_SDA21        00000000   lbl_8064E220 + 0
000003bc  00001f0a R_PPC_REL24            00000000   fn_800361F8 + 0
000003d8  0000170a R_PPC_REL24            00000000   fn_8020123C + 0
0000041c  0000200a R_PPC_REL24            00000000   fn_80201BC0 + 0

exit=0
$ build/binutils/powerpc-eabi-readelf -rW build/GEDE01/src/game/game_fn_800365C8.o

Relocation section '.rela.text' at offset 0x490 contains 46 entries:
 Offset     Info    Type                Sym. Value  Symbol's Name + Addend
00000020  00000e0a R_PPC_REL24            00000000   fn_80201B9C + 0
00000026  00000506 R_PPC_ADDR16_HA        00000000   lbl_80238DA0 + 0
0000002e  00000504 R_PPC_ADDR16_LO        00000000   lbl_80238DA0 + 0
00000030  0000066d R_PPC_EMB_SDA21        00000000   lbl_8064E228 + 0
00000054  00000f0a R_PPC_REL24            00000000   fn_80201B8C + 0
00000060  0000100a R_PPC_REL24            00000000   fn_80201BC8 + 0
00000074  0000110a R_PPC_REL24            00000000   fn_8011F114 + 0
000000a0  0000120a R_PPC_REL24            00000000   fn_801A7570 + 0
000000b0  0000130a R_PPC_REL24            00000000   fn_80205288 + 0
000000bc  00000f0a R_PPC_REL24            00000000   fn_80201B8C + 0
000000e0  0000140a R_PPC_REL24            00000000   fn_80201B54 + 0
000000f4  0000100a R_PPC_REL24            00000000   fn_80201BC8 + 0
00000108  0000150a R_PPC_REL24            00000000   fn_8011EB04 + 0
00000148  0000160a R_PPC_REL24            00000000   fn_80201C24 + 0
00000150  0000170a R_PPC_REL24            00000000   fn_80157C80 + 0
00000160  0000170a R_PPC_REL24            00000000   fn_80157C80 + 0
00000174  0000076d R_PPC_EMB_SDA21        00000000   lbl_8064E22C + 0
0000017a  00000806 R_PPC_ADDR16_HA        00000000   lbl_803003C8 + 0
0000017e  00000906 R_PPC_ADDR16_HA        00000000   lbl_80238DAC + 0
00000186  00000804 R_PPC_ADDR16_LO        00000000   lbl_803003C8 + 0
0000018a  00000904 R_PPC_ADDR16_LO        00000000   lbl_80238DAC + 0
00000194  00000f0a R_PPC_REL24            00000000   fn_80201B8C + 0
000001b8  0000140a R_PPC_REL24            00000000   fn_80201B54 + 0
000001c8  0000100a R_PPC_REL24            00000000   fn_80201BC8 + 0
000001dc  0000110a R_PPC_REL24            00000000   fn_8011F114 + 0
00000208  0000180a R_PPC_REL24            00000000   fn_80201EB8 + 0
0000020c  00000a6d R_PPC_EMB_SDA21        00000000   lbl_8064D18C + 0
0000021c  0000190a R_PPC_REL24            00000000   fn_80201B4C + 0
0000022c  0000190a R_PPC_REL24            00000000   fn_80201B4C + 0
00000244  00001a0a R_PPC_REL24            00000000   fn_80201B64 + 0
00000254  00001a0a R_PPC_REL24            00000000   fn_80201B64 + 0
00000264  0000140a R_PPC_REL24            00000000   fn_80201B54 + 0
0000027c  00001b0a R_PPC_REL24            00000000   fn_8020123C + 0
00000294  00001c0a R_PPC_REL24            00000000   fn_80178E94 + 0
000002a0  0000046d R_PPC_EMB_SDA21        00000000   @74 + 0
000002a8  00000b6d R_PPC_EMB_SDA21        00000000   lbl_8064E230 + 0
000002cc  00001d0a R_PPC_REL24            00000000   fn_80036A1C + 0
000002dc  00001c0a R_PPC_REL24            00000000   fn_80178E94 + 0
000002f4  0000046d R_PPC_EMB_SDA21        00000000   @74 + 0
0000030c  00000c6d R_PPC_EMB_SDA21        00000000   lbl_8064E234 + 0
0000031c  00001e0a R_PPC_REL24            00000000   fn_80204434 + 0
00000368  00000d6d R_PPC_EMB_SDA21        00000000   lbl_8064E238 + 0
00000380  0000046d R_PPC_EMB_SDA21        00000000   @74 + 0
000003bc  00001f0a R_PPC_REL24            00000000   fn_800361F8 + 0
000003d8  00001b0a R_PPC_REL24            00000000   fn_8020123C + 0
0000041c  0000200a R_PPC_REL24            00000000   fn_80201BC0 + 0

exit=0
$ .tools/bin/ninja -v build/GEDE01/src/game/game_fn_800365C8.o
[1/1] tools/mwcc_wrapper.py build/tools/sjiswrap.exe compilers/GC/1.3/mwcceppc.exe -nodefaults -proc gekko -align powerpc -enum int -fp hardware -Cpp_exceptions off -O4,p -inline auto -pragma "cats off" -pragma "warn_notinlined off" -maxerrors 1 -nosyspath -RTTI off -fp_contract on -str reuse -multibyte -i include -i build/GEDE01/include -DVERSION_GEDE01 -DNDEBUG=1 -lang=c -use_lmw_stmw on -MMD -c src/game/game_fn_800365C8.c -o build/GEDE01/src/game && "/usr/bin/python3" tools/transform_dep.py build/GEDE01/src/game/game_fn_800365C8.d build/GEDE01/src/game/game_fn_800365C8.d

exit=0
$ build/tools/objdiff-cli diff -1 build/GEDE01/obj/game/game_fn_800365C8.o -2 build/GEDE01/src/game/game_fn_800365C8.o fn_800365C8 --format json-pretty -o reports/GEDE01/experiment-b8a20e12-d4ea-4a72-a12f-cb56fd8cd295-declare-before-candidate_id.canonical.json
 INFO Writing to reports/GEDE01/experiment-b8a20e12-d4ea-4a72-a12f-cb56fd8cd295-declare-before-candidate_id.canonical.json

exit=0
$ build/tools/objdiff-cli diff -1 build/GEDE01/obj/game/game_fn_800365C8.o -2 build/GEDE01/src/game/game_fn_800365C8.o fn_800365C8 --format json-pretty -o reports/GEDE01/experiment-b8a20e12-d4ea-4a72-a12f-cb56fd8cd295-declare-before-candidate_id.strict.json -c functionRelocDiffs=all
 INFO Writing to reports/GEDE01/experiment-b8a20e12-d4ea-4a72-a12f-cb56fd8cd295-declare-before-candidate_id.strict.json

exit=0
$ build/binutils/powerpc-eabi-readelf -rW build/GEDE01/obj/game/game_fn_800365C8.o

Relocation section '.rela.text' at offset 0x494 contains 46 entries:
 Offset     Info    Type                Sym. Value  Symbol's Name + Addend
00000020  0000040a R_PPC_REL24            00000000   fn_80201B9C + 0
00000026  00000506 R_PPC_ADDR16_HA        00000000   lbl_80238DA0 + 0
0000002e  00000504 R_PPC_ADDR16_LO        00000000   lbl_80238DA0 + 0
00000030  0000066d R_PPC_EMB_SDA21        00000000   lbl_8064E228 + 0
00000054  0000070a R_PPC_REL24            00000000   fn_80201B8C + 0
00000060  0000080a R_PPC_REL24            00000000   fn_80201BC8 + 0
00000074  0000090a R_PPC_REL24            00000000   fn_8011F114 + 0
000000a0  00000a0a R_PPC_REL24            00000000   fn_801A7570 + 0
000000b0  00000b0a R_PPC_REL24            00000000   fn_80205288 + 0
000000bc  0000070a R_PPC_REL24            00000000   fn_80201B8C + 0
000000e0  00000c0a R_PPC_REL24            00000000   fn_80201B54 + 0
000000f4  0000080a R_PPC_REL24            00000000   fn_80201BC8 + 0
00000108  00000d0a R_PPC_REL24            00000000   fn_8011EB04 + 0
00000148  00000e0a R_PPC_REL24            00000000   fn_80201C24 + 0
00000150  00000f0a R_PPC_REL24            00000000   fn_80157C80 + 0
00000160  00000f0a R_PPC_REL24            00000000   fn_80157C80 + 0
00000174  0000106d R_PPC_EMB_SDA21        00000000   lbl_8064E22C + 0
0000017a  00001106 R_PPC_ADDR16_HA        00000000   lbl_803003C8 + 0
0000017e  00001206 R_PPC_ADDR16_HA        00000000   lbl_80238DAC + 0
00000186  00001104 R_PPC_ADDR16_LO        00000000   lbl_803003C8 + 0
0000018a  00001204 R_PPC_ADDR16_LO        00000000   lbl_80238DAC + 0
00000194  0000070a R_PPC_REL24            00000000   fn_80201B8C + 0
000001b8  00000c0a R_PPC_REL24            00000000   fn_80201B54 + 0
000001c8  0000080a R_PPC_REL24            00000000   fn_80201BC8 + 0
000001dc  0000090a R_PPC_REL24            00000000   fn_8011F114 + 0
00000208  0000130a R_PPC_REL24            00000000   fn_80201EB8 + 0
0000020c  0000146d R_PPC_EMB_SDA21        00000000   lbl_8064D18C + 0
0000021c  0000150a R_PPC_REL24            00000000   fn_80201B4C + 0
0000022c  0000150a R_PPC_REL24            00000000   fn_80201B4C + 0
00000244  0000160a R_PPC_REL24            00000000   fn_80201B64 + 0
00000254  0000160a R_PPC_REL24            00000000   fn_80201B64 + 0
00000264  00000c0a R_PPC_REL24            00000000   fn_80201B54 + 0
0000027c  0000170a R_PPC_REL24            00000000   fn_8020123C + 0
00000294  0000180a R_PPC_REL24            00000000   fn_80178E94 + 0
000002a0  0000196d R_PPC_EMB_SDA21        00000000   lbl_8064E220 + 0
000002a8  00001a6d R_PPC_EMB_SDA21        00000000   lbl_8064E230 + 0
000002cc  00001b0a R_PPC_REL24            00000000   fn_80036A1C + 0
000002dc  0000180a R_PPC_REL24            00000000   fn_80178E94 + 0
000002f4  0000196d R_PPC_EMB_SDA21        00000000   lbl_8064E220 + 0
0000030c  00001c6d R_PPC_EMB_SDA21        00000000   lbl_8064E234 + 0
0000031c  00001d0a R_PPC_REL24            00000000   fn_80204434 + 0
00000368  00001e6d R_PPC_EMB_SDA21        00000000   lbl_8064E238 + 0
00000380  0000196d R_PPC_EMB_SDA21        00000000   lbl_8064E220 + 0
000003bc  00001f0a R_PPC_REL24            00000000   fn_800361F8 + 0
000003d8  0000170a R_PPC_REL24            00000000   fn_8020123C + 0
0000041c  0000200a R_PPC_REL24            00000000   fn_80201BC0 + 0

exit=0
$ build/binutils/powerpc-eabi-readelf -rW build/GEDE01/src/game/game_fn_800365C8.o

Relocation section '.rela.text' at offset 0x490 contains 46 entries:
 Offset     Info    Type                Sym. Value  Symbol's Name + Addend
00000020  00000e0a R_PPC_REL24            00000000   fn_80201B9C + 0
00000026  00000506 R_PPC_ADDR16_HA        00000000   lbl_80238DA0 + 0
0000002e  00000504 R_PPC_ADDR16_LO        00000000   lbl_80238DA0 + 0
00000030  0000066d R_PPC_EMB_SDA21        00000000   lbl_8064E228 + 0
00000054  00000f0a R_PPC_REL24            00000000   fn_80201B8C + 0
00000060  0000100a R_PPC_REL24            00000000   fn_80201BC8 + 0
00000074  0000110a R_PPC_REL24            00000000   fn_8011F114 + 0
000000a0  0000120a R_PPC_REL24            00000000   fn_801A7570 + 0
000000b0  0000130a R_PPC_REL24            00000000   fn_80205288 + 0
000000bc  00000f0a R_PPC_REL24            00000000   fn_80201B8C + 0
000000e0  0000140a R_PPC_REL24            00000000   fn_80201B54 + 0
000000f4  0000100a R_PPC_REL24            00000000   fn_80201BC8 + 0
00000108  0000150a R_PPC_REL24            00000000   fn_8011EB04 + 0
00000148  0000160a R_PPC_REL24            00000000   fn_80201C24 + 0
00000150  0000170a R_PPC_REL24            00000000   fn_80157C80 + 0
00000160  0000170a R_PPC_REL24            00000000   fn_80157C80 + 0
00000174  0000076d R_PPC_EMB_SDA21        00000000   lbl_8064E22C + 0
0000017a  00000806 R_PPC_ADDR16_HA        00000000   lbl_803003C8 + 0
0000017e  00000906 R_PPC_ADDR16_HA        00000000   lbl_80238DAC + 0
00000186  00000804 R_PPC_ADDR16_LO        00000000   lbl_803003C8 + 0
0000018a  00000904 R_PPC_ADDR16_LO        00000000   lbl_80238DAC + 0
00000194  00000f0a R_PPC_REL24            00000000   fn_80201B8C + 0
000001b8  0000140a R_PPC_REL24            00000000   fn_80201B54 + 0
000001c8  0000100a R_PPC_REL24            00000000   fn_80201BC8 + 0
000001dc  0000110a R_PPC_REL24            00000000   fn_8011F114 + 0
00000208  0000180a R_PPC_REL24            00000000   fn_80201EB8 + 0
0000020c  00000a6d R_PPC_EMB_SDA21        00000000   lbl_8064D18C + 0
0000021c  0000190a R_PPC_REL24            00000000   fn_80201B4C + 0
0000022c  0000190a R_PPC_REL24            00000000   fn_80201B4C + 0
00000244  00001a0a R_PPC_REL24            00000000   fn_80201B64 + 0
00000254  00001a0a R_PPC_REL24            00000000   fn_80201B64 + 0
00000264  0000140a R_PPC_REL24            00000000   fn_80201B54 + 0
0000027c  00001b0a R_PPC_REL24            00000000   fn_8020123C + 0
00000294  00001c0a R_PPC_REL24            00000000   fn_80178E94 + 0
000002a0  0000046d R_PPC_EMB_SDA21        00000000   @74 + 0
000002a8  00000b6d R_PPC_EMB_SDA21        00000000   lbl_8064E230 + 0
000002cc  00001d0a R_PPC_REL24            00000000   fn_80036A1C + 0
000002dc  00001c0a R_PPC_REL24            00000000   fn_80178E94 + 0
000002f4  0000046d R_PPC_EMB_SDA21        00000000   @74 + 0
0000030c  00000c6d R_PPC_EMB_SDA21        00000000   lbl_8064E234 + 0
0000031c  00001e0a R_PPC_REL24            00000000   fn_80204434 + 0
00000368  00000d6d R_PPC_EMB_SDA21        00000000   lbl_8064E238 + 0
00000380  0000046d R_PPC_EMB_SDA21        00000000   @74 + 0
000003bc  00001f0a R_PPC_REL24            00000000   fn_800361F8 + 0
000003d8  00001b0a R_PPC_REL24            00000000   fn_8020123C + 0
0000041c  0000200a R_PPC_REL24            00000000   fn_80201BC0 + 0

exit=0
$ .tools/bin/ninja -v build/GEDE01/src/game/game_fn_800365C8.o
[1/1] tools/mwcc_wrapper.py build/tools/sjiswrap.exe compilers/GC/1.3/mwcceppc.exe -nodefaults -proc gekko -align powerpc -enum int -fp hardware -Cpp_exceptions off -O4,p -inline auto -pragma "cats off" -pragma "warn_notinlined off" -maxerrors 1 -nosyspath -RTTI off -fp_contract on -str reuse -multibyte -i include -i build/GEDE01/include -DVERSION_GEDE01 -DNDEBUG=1 -lang=c -use_lmw_stmw on -MMD -c src/game/game_fn_800365C8.c -o build/GEDE01/src/game && "/usr/bin/python3" tools/transform_dep.py build/GEDE01/src/game/game_fn_800365C8.d build/GEDE01/src/game/game_fn_800365C8.d

exit=0
$ build/tools/objdiff-cli diff -1 build/GEDE01/obj/game/game_fn_800365C8.o -2 build/GEDE01/src/game/game_fn_800365C8.o fn_800365C8 --format json-pretty -o reports/GEDE01/experiment-b8a20e12-d4ea-4a72-a12f-cb56fd8cd295-declare-before-source_id.canonical.json
 INFO Writing to reports/GEDE01/experiment-b8a20e12-d4ea-4a72-a12f-cb56fd8cd295-declare-before-source_id.canonical.json

exit=0
$ build/tools/objdiff-cli diff -1 build/GEDE01/obj/game/game_fn_800365C8.o -2 build/GEDE01/src/game/game_fn_800365C8.o fn_800365C8 --format json-pretty -o reports/GEDE01/experiment-b8a20e12-d4ea-4a72-a12f-cb56fd8cd295-declare-before-source_id.strict.json -c functionRelocDiffs=all
 INFO Writing to reports/GEDE01/experiment-b8a20e12-d4ea-4a72-a12f-cb56fd8cd295-declare-before-source_id.strict.json

exit=0
$ build/binutils/powerpc-eabi-readelf -rW build/GEDE01/obj/game/game_fn_800365C8.o

Relocation section '.rela.text' at offset 0x494 contains 46 entries:
 Offset     Info    Type                Sym. Value  Symbol's Name + Addend
00000020  0000040a R_PPC_REL24            00000000   fn_80201B9C + 0
00000026  00000506 R_PPC_ADDR16_HA        00000000   lbl_80238DA0 + 0
0000002e  00000504 R_PPC_ADDR16_LO        00000000   lbl_80238DA0 + 0
00000030  0000066d R_PPC_EMB_SDA21        00000000   lbl_8064E228 + 0
00000054  0000070a R_PPC_REL24            00000000   fn_80201B8C + 0
00000060  0000080a R_PPC_REL24            00000000   fn_80201BC8 + 0
00000074  0000090a R_PPC_REL24            00000000   fn_8011F114 + 0
000000a0  00000a0a R_PPC_REL24            00000000   fn_801A7570 + 0
000000b0  00000b0a R_PPC_REL24            00000000   fn_80205288 + 0
000000bc  0000070a R_PPC_REL24            00000000   fn_80201B8C + 0
000000e0  00000c0a R_PPC_REL24            00000000   fn_80201B54 + 0
000000f4  0000080a R_PPC_REL24            00000000   fn_80201BC8 + 0
00000108  00000d0a R_PPC_REL24            00000000   fn_8011EB04 + 0
00000148  00000e0a R_PPC_REL24            00000000   fn_80201C24 + 0
00000150  00000f0a R_PPC_REL24            00000000   fn_80157C80 + 0
00000160  00000f0a R_PPC_REL24            00000000   fn_80157C80 + 0
00000174  0000106d R_PPC_EMB_SDA21        00000000   lbl_8064E22C + 0
0000017a  00001106 R_PPC_ADDR16_HA        00000000   lbl_803003C8 + 0
0000017e  00001206 R_PPC_ADDR16_HA        00000000   lbl_80238DAC + 0
00000186  00001104 R_PPC_ADDR16_LO        00000000   lbl_803003C8 + 0
0000018a  00001204 R_PPC_ADDR16_LO        00000000   lbl_80238DAC + 0
00000194  0000070a R_PPC_REL24            00000000   fn_80201B8C + 0
000001b8  00000c0a R_PPC_REL24            00000000   fn_80201B54 + 0
000001c8  0000080a R_PPC_REL24            00000000   fn_80201BC8 + 0
000001dc  0000090a R_PPC_REL24            00000000   fn_8011F114 + 0
00000208  0000130a R_PPC_REL24            00000000   fn_80201EB8 + 0
0000020c  0000146d R_PPC_EMB_SDA21        00000000   lbl_8064D18C + 0
0000021c  0000150a R_PPC_REL24            00000000   fn_80201B4C + 0
0000022c  0000150a R_PPC_REL24            00000000   fn_80201B4C + 0
00000244  0000160a R_PPC_REL24            00000000   fn_80201B64 + 0
00000254  0000160a R_PPC_REL24            00000000   fn_80201B64 + 0
00000264  00000c0a R_PPC_REL24            00000000   fn_80201B54 + 0
0000027c  0000170a R_PPC_REL24            00000000   fn_8020123C + 0
00000294  0000180a R_PPC_REL24            00000000   fn_80178E94 + 0
000002a0  0000196d R_PPC_EMB_SDA21        00000000   lbl_8064E220 + 0
000002a8  00001a6d R_PPC_EMB_SDA21        00000000   lbl_8064E230 + 0
000002cc  00001b0a R_PPC_REL24            00000000   fn_80036A1C + 0
000002dc  0000180a R_PPC_REL24            00000000   fn_80178E94 + 0
000002f4  0000196d R_PPC_EMB_SDA21        00000000   lbl_8064E220 + 0
0000030c  00001c6d R_PPC_EMB_SDA21        00000000   lbl_8064E234 + 0
0000031c  00001d0a R_PPC_REL24            00000000   fn_80204434 + 0
00000368  00001e6d R_PPC_EMB_SDA21        00000000   lbl_8064E238 + 0
00000380  0000196d R_PPC_EMB_SDA21        00000000   lbl_8064E220 + 0
000003bc  00001f0a R_PPC_REL24            00000000   fn_800361F8 + 0
000003d8  0000170a R_PPC_REL24            00000000   fn_8020123C + 0
0000041c  0000200a R_PPC_REL24            00000000   fn_80201BC0 + 0

exit=0
$ build/binutils/powerpc-eabi-readelf -rW build/GEDE01/src/game/game_fn_800365C8.o

Relocation section '.rela.text' at offset 0x490 contains 46 entries:
 Offset     Info    Type                Sym. Value  Symbol's Name + Addend
00000020  00000e0a R_PPC_REL24            00000000   fn_80201B9C + 0
00000026  00000506 R_PPC_ADDR16_HA        00000000   lbl_80238DA0 + 0
0000002e  00000504 R_PPC_ADDR16_LO        00000000   lbl_80238DA0 + 0
00000030  0000066d R_PPC_EMB_SDA21        00000000   lbl_8064E228 + 0
00000054  00000f0a R_PPC_REL24            00000000   fn_80201B8C + 0
00000060  0000100a R_PPC_REL24            00000000   fn_80201BC8 + 0
00000074  0000110a R_PPC_REL24            00000000   fn_8011F114 + 0
000000a0  0000120a R_PPC_REL24            00000000   fn_801A7570 + 0
000000b0  0000130a R_PPC_REL24            00000000   fn_80205288 + 0
000000bc  00000f0a R_PPC_REL24            00000000   fn_80201B8C + 0
000000e0  0000140a R_PPC_REL24            00000000   fn_80201B54 + 0
000000f4  0000100a R_PPC_REL24            00000000   fn_80201BC8 + 0
00000108  0000150a R_PPC_REL24            00000000   fn_8011EB04 + 0
00000148  0000160a R_PPC_REL24            00000000   fn_80201C24 + 0
00000150  0000170a R_PPC_REL24            00000000   fn_80157C80 + 0
00000160  0000170a R_PPC_REL24            00000000   fn_80157C80 + 0
00000174  0000076d R_PPC_EMB_SDA21        00000000   lbl_8064E22C + 0
0000017a  00000806 R_PPC_ADDR16_HA        00000000   lbl_803003C8 + 0
0000017e  00000906 R_PPC_ADDR16_HA        00000000   lbl_80238DAC + 0
00000186  00000804 R_PPC_ADDR16_LO        00000000   lbl_803003C8 + 0
0000018a  00000904 R_PPC_ADDR16_LO        00000000   lbl_80238DAC + 0
00000194  00000f0a R_PPC_REL24            00000000   fn_80201B8C + 0
000001b8  0000140a R_PPC_REL24            00000000   fn_80201B54 + 0
000001c8  0000100a R_PPC_REL24            00000000   fn_80201BC8 + 0
000001dc  0000110a R_PPC_REL24            00000000   fn_8011F114 + 0
00000208  0000180a R_PPC_REL24            00000000   fn_80201EB8 + 0
0000020c  00000a6d R_PPC_EMB_SDA21        00000000   lbl_8064D18C + 0
0000021c  0000190a R_PPC_REL24            00000000   fn_80201B4C + 0
0000022c  0000190a R_PPC_REL24            00000000   fn_80201B4C + 0
00000244  00001a0a R_PPC_REL24            00000000   fn_80201B64 + 0
00000254  00001a0a R_PPC_REL24            00000000   fn_80201B64 + 0
00000264  0000140a R_PPC_REL24            00000000   fn_80201B54 + 0
0000027c  00001b0a R_PPC_REL24            00000000   fn_8020123C + 0
00000294  00001c0a R_PPC_REL24            00000000   fn_80178E94 + 0
000002a0  0000046d R_PPC_EMB_SDA21        00000000   @74 + 0
000002a8  00000b6d R_PPC_EMB_SDA21        00000000   lbl_8064E230 + 0
000002cc  00001d0a R_PPC_REL24            00000000   fn_80036A1C + 0
000002dc  00001c0a R_PPC_REL24            00000000   fn_80178E94 + 0
000002f4  0000046d R_PPC_EMB_SDA21        00000000   @74 + 0
0000030c  00000c6d R_PPC_EMB_SDA21        00000000   lbl_8064E234 + 0
0000031c  00001e0a R_PPC_REL24            00000000   fn_80204434 + 0
00000368  00000d6d R_PPC_EMB_SDA21        00000000   lbl_8064E238 + 0
00000380  0000046d R_PPC_EMB_SDA21        00000000   @74 + 0
000003bc  00001f0a R_PPC_REL24            00000000   fn_800361F8 + 0
000003d8  00001b0a R_PPC_REL24            00000000   fn_8020123C + 0
0000041c  0000200a R_PPC_REL24            00000000   fn_80201BC0 + 0

exit=0
$ .tools/bin/ninja -v build/GEDE01/src/game/game_fn_800365C8.o
[1/1] tools/mwcc_wrapper.py build/tools/sjiswrap.exe compilers/GC/1.3/mwcceppc.exe -nodefaults -proc gekko -align powerpc -enum int -fp hardware -Cpp_exceptions off -O4,p -inline auto -pragma "cats off" -pragma "warn_notinlined off" -maxerrors 1 -nosyspath -RTTI off -fp_contract on -str reuse -multibyte -i include -i build/GEDE01/include -DVERSION_GEDE01 -DNDEBUG=1 -lang=c -use_lmw_stmw on -MMD -c src/game/game_fn_800365C8.c -o build/GEDE01/src/game && "/usr/bin/python3" tools/transform_dep.py build/GEDE01/src/game/game_fn_800365C8.d build/GEDE01/src/game/game_fn_800365C8.d

exit=0
$ build/tools/objdiff-cli diff -1 build/GEDE01/obj/game/game_fn_800365C8.o -2 build/GEDE01/src/game/game_fn_800365C8.o fn_800365C8 --format json-pretty -o reports/GEDE01/experiment-b8a20e12-d4ea-4a72-a12f-cb56fd8cd295-declare-before-query.canonical.json
 INFO Writing to reports/GEDE01/experiment-b8a20e12-d4ea-4a72-a12f-cb56fd8cd295-declare-before-query.canonical.json

exit=0
$ build/tools/objdiff-cli diff -1 build/GEDE01/obj/game/game_fn_800365C8.o -2 build/GEDE01/src/game/game_fn_800365C8.o fn_800365C8 --format json-pretty -o reports/GEDE01/experiment-b8a20e12-d4ea-4a72-a12f-cb56fd8cd295-declare-before-query.strict.json -c functionRelocDiffs=all
 INFO Writing to reports/GEDE01/experiment-b8a20e12-d4ea-4a72-a12f-cb56fd8cd295-declare-before-query.strict.json

exit=0
$ build/binutils/powerpc-eabi-readelf -rW build/GEDE01/obj/game/game_fn_800365C8.o

Relocation section '.rela.text' at offset 0x494 contains 46 entries:
 Offset     Info    Type                Sym. Value  Symbol's Name + Addend
00000020  0000040a R_PPC_REL24            00000000   fn_80201B9C + 0
00000026  00000506 R_PPC_ADDR16_HA        00000000   lbl_80238DA0 + 0
0000002e  00000504 R_PPC_ADDR16_LO        00000000   lbl_80238DA0 + 0
00000030  0000066d R_PPC_EMB_SDA21        00000000   lbl_8064E228 + 0
00000054  0000070a R_PPC_REL24            00000000   fn_80201B8C + 0
00000060  0000080a R_PPC_REL24            00000000   fn_80201BC8 + 0
00000074  0000090a R_PPC_REL24            00000000   fn_8011F114 + 0
000000a0  00000a0a R_PPC_REL24            00000000   fn_801A7570 + 0
000000b0  00000b0a R_PPC_REL24            00000000   fn_80205288 + 0
000000bc  0000070a R_PPC_REL24            00000000   fn_80201B8C + 0
000000e0  00000c0a R_PPC_REL24            00000000   fn_80201B54 + 0
000000f4  0000080a R_PPC_REL24            00000000   fn_80201BC8 + 0
00000108  00000d0a R_PPC_REL24            00000000   fn_8011EB04 + 0
00000148  00000e0a R_PPC_REL24            00000000   fn_80201C24 + 0
00000150  00000f0a R_PPC_REL24            00000000   fn_80157C80 + 0
00000160  00000f0a R_PPC_REL24            00000000   fn_80157C80 + 0
00000174  0000106d R_PPC_EMB_SDA21        00000000   lbl_8064E22C + 0
0000017a  00001106 R_PPC_ADDR16_HA        00000000   lbl_803003C8 + 0
0000017e  00001206 R_PPC_ADDR16_HA        00000000   lbl_80238DAC + 0
00000186  00001104 R_PPC_ADDR16_LO        00000000   lbl_803003C8 + 0
0000018a  00001204 R_PPC_ADDR16_LO        00000000   lbl_80238DAC + 0
00000194  0000070a R_PPC_REL24            00000000   fn_80201B8C + 0
000001b8  00000c0a R_PPC_REL24            00000000   fn_80201B54 + 0
000001c8  0000080a R_PPC_REL24            00000000   fn_80201BC8 + 0
000001dc  0000090a R_PPC_REL24            00000000   fn_8011F114 + 0
00000208  0000130a R_PPC_REL24            00000000   fn_80201EB8 + 0
0000020c  0000146d R_PPC_EMB_SDA21        00000000   lbl_8064D18C + 0
0000021c  0000150a R_PPC_REL24            00000000   fn_80201B4C + 0
0000022c  0000150a R_PPC_REL24            00000000   fn_80201B4C + 0
00000244  0000160a R_PPC_REL24            00000000   fn_80201B64 + 0
00000254  0000160a R_PPC_REL24            00000000   fn_80201B64 + 0
00000264  00000c0a R_PPC_REL24            00000000   fn_80201B54 + 0
0000027c  0000170a R_PPC_REL24            00000000   fn_8020123C + 0
00000294  0000180a R_PPC_REL24            00000000   fn_80178E94 + 0
000002a0  0000196d R_PPC_EMB_SDA21        00000000   lbl_8064E220 + 0
000002a8  00001a6d R_PPC_EMB_SDA21        00000000   lbl_8064E230 + 0
000002cc  00001b0a R_PPC_REL24            00000000   fn_80036A1C + 0
000002dc  0000180a R_PPC_REL24            00000000   fn_80178E94 + 0
000002f4  0000196d R_PPC_EMB_SDA21        00000000   lbl_8064E220 + 0
0000030c  00001c6d R_PPC_EMB_SDA21        00000000   lbl_8064E234 + 0
0000031c  00001d0a R_PPC_REL24            00000000   fn_80204434 + 0
00000368  00001e6d R_PPC_EMB_SDA21        00000000   lbl_8064E238 + 0
00000380  0000196d R_PPC_EMB_SDA21        00000000   lbl_8064E220 + 0
000003bc  00001f0a R_PPC_REL24            00000000   fn_800361F8 + 0
000003d8  0000170a R_PPC_REL24            00000000   fn_8020123C + 0
0000041c  0000200a R_PPC_REL24            00000000   fn_80201BC0 + 0

exit=0
$ build/binutils/powerpc-eabi-readelf -rW build/GEDE01/src/game/game_fn_800365C8.o

Relocation section '.rela.text' at offset 0x490 contains 46 entries:
 Offset     Info    Type                Sym. Value  Symbol's Name + Addend
00000020  00000e0a R_PPC_REL24            00000000   fn_80201B9C + 0
00000026  00000506 R_PPC_ADDR16_HA        00000000   lbl_80238DA0 + 0
0000002e  00000504 R_PPC_ADDR16_LO        00000000   lbl_80238DA0 + 0
00000030  0000066d R_PPC_EMB_SDA21        00000000   lbl_8064E228 + 0
00000054  00000f0a R_PPC_REL24            00000000   fn_80201B8C + 0
00000060  0000100a R_PPC_REL24            00000000   fn_80201BC8 + 0
00000074  0000110a R_PPC_REL24            00000000   fn_8011F114 + 0
000000a0  0000120a R_PPC_REL24            00000000   fn_801A7570 + 0
000000b0  0000130a R_PPC_REL24            00000000   fn_80205288 + 0
000000bc  00000f0a R_PPC_REL24            00000000   fn_80201B8C + 0
000000e0  0000140a R_PPC_REL24            00000000   fn_80201B54 + 0
000000f4  0000100a R_PPC_REL24            00000000   fn_80201BC8 + 0
00000108  0000150a R_PPC_REL24            00000000   fn_8011EB04 + 0
00000148  0000160a R_PPC_REL24            00000000   fn_80201C24 + 0
00000150  0000170a R_PPC_REL24            00000000   fn_80157C80 + 0
00000160  0000170a R_PPC_REL24            00000000   fn_80157C80 + 0
00000174  0000076d R_PPC_EMB_SDA21        00000000   lbl_8064E22C + 0
0000017a  00000806 R_PPC_ADDR16_HA        00000000   lbl_803003C8 + 0
0000017e  00000906 R_PPC_ADDR16_HA        00000000   lbl_80238DAC + 0
00000186  00000804 R_PPC_ADDR16_LO        00000000   lbl_803003C8 + 0
0000018a  00000904 R_PPC_ADDR16_LO        00000000   lbl_80238DAC + 0
00000194  00000f0a R_PPC_REL24            00000000   fn_80201B8C + 0
000001b8  0000140a R_PPC_REL24            00000000   fn_80201B54 + 0
000001c8  0000100a R_PPC_REL24            00000000   fn_80201BC8 + 0
000001dc  0000110a R_PPC_REL24            00000000   fn_8011F114 + 0
00000208  0000180a R_PPC_REL24            00000000   fn_80201EB8 + 0
0000020c  00000a6d R_PPC_EMB_SDA21        00000000   lbl_8064D18C + 0
0000021c  0000190a R_PPC_REL24            00000000   fn_80201B4C + 0
0000022c  0000190a R_PPC_REL24            00000000   fn_80201B4C + 0
00000244  00001a0a R_PPC_REL24            00000000   fn_80201B64 + 0
00000254  00001a0a R_PPC_REL24            00000000   fn_80201B64 + 0
00000264  0000140a R_PPC_REL24            00000000   fn_80201B54 + 0
0000027c  00001b0a R_PPC_REL24            00000000   fn_8020123C + 0
00000294  00001c0a R_PPC_REL24            00000000   fn_80178E94 + 0
000002a0  0000046d R_PPC_EMB_SDA21        00000000   @74 + 0
000002a8  00000b6d R_PPC_EMB_SDA21        00000000   lbl_8064E230 + 0
000002cc  00001d0a R_PPC_REL24            00000000   fn_80036A1C + 0
000002dc  00001c0a R_PPC_REL24            00000000   fn_80178E94 + 0
000002f4  0000046d R_PPC_EMB_SDA21        00000000   @74 + 0
0000030c  00000c6d R_PPC_EMB_SDA21        00000000   lbl_8064E234 + 0
0000031c  00001e0a R_PPC_REL24            00000000   fn_80204434 + 0
00000368  00000d6d R_PPC_EMB_SDA21        00000000   lbl_8064E238 + 0
00000380  0000046d R_PPC_EMB_SDA21        00000000   @74 + 0
000003bc  00001f0a R_PPC_REL24            00000000   fn_800361F8 + 0
000003d8  00001b0a R_PPC_REL24            00000000   fn_8020123C + 0
0000041c  0000200a R_PPC_REL24            00000000   fn_80201BC0 + 0

exit=0
$ .tools/bin/ninja -v build/GEDE01/src/game/game_fn_800365C8.o
[1/1] tools/mwcc_wrapper.py build/tools/sjiswrap.exe compilers/GC/1.3/mwcceppc.exe -nodefaults -proc gekko -align powerpc -enum int -fp hardware -Cpp_exceptions off -O4,p -inline auto -pragma "cats off" -pragma "warn_notinlined off" -maxerrors 1 -nosyspath -RTTI off -fp_contract on -str reuse -multibyte -i include -i build/GEDE01/include -DVERSION_GEDE01 -DNDEBUG=1 -lang=c -use_lmw_stmw on -MMD -c src/game/game_fn_800365C8.c -o build/GEDE01/src/game && "/usr/bin/python3" tools/transform_dep.py build/GEDE01/src/game/game_fn_800365C8.d build/GEDE01/src/game/game_fn_800365C8.d

exit=0
$ build/tools/objdiff-cli diff -1 build/GEDE01/obj/game/game_fn_800365C8.o -2 build/GEDE01/src/game/game_fn_800365C8.o fn_800365C8 --format json-pretty -o reports/GEDE01/experiment-b8a20e12-d4ea-4a72-a12f-cb56fd8cd295-declare-before-transform.canonical.json
 INFO Writing to reports/GEDE01/experiment-b8a20e12-d4ea-4a72-a12f-cb56fd8cd295-declare-before-transform.canonical.json

exit=0
$ build/tools/objdiff-cli diff -1 build/GEDE01/obj/game/game_fn_800365C8.o -2 build/GEDE01/src/game/game_fn_800365C8.o fn_800365C8 --format json-pretty -o reports/GEDE01/experiment-b8a20e12-d4ea-4a72-a12f-cb56fd8cd295-declare-before-transform.strict.json -c functionRelocDiffs=all
 INFO Writing to reports/GEDE01/experiment-b8a20e12-d4ea-4a72-a12f-cb56fd8cd295-declare-before-transform.strict.json

exit=0
$ build/binutils/powerpc-eabi-readelf -rW build/GEDE01/obj/game/game_fn_800365C8.o

Relocation section '.rela.text' at offset 0x494 contains 46 entries:
 Offset     Info    Type                Sym. Value  Symbol's Name + Addend
00000020  0000040a R_PPC_REL24            00000000   fn_80201B9C + 0
00000026  00000506 R_PPC_ADDR16_HA        00000000   lbl_80238DA0 + 0
0000002e  00000504 R_PPC_ADDR16_LO        00000000   lbl_80238DA0 + 0
00000030  0000066d R_PPC_EMB_SDA21        00000000   lbl_8064E228 + 0
00000054  0000070a R_PPC_REL24            00000000   fn_80201B8C + 0
00000060  0000080a R_PPC_REL24            00000000   fn_80201BC8 + 0
00000074  0000090a R_PPC_REL24            00000000   fn_8011F114 + 0
000000a0  00000a0a R_PPC_REL24            00000000   fn_801A7570 + 0
000000b0  00000b0a R_PPC_REL24            00000000   fn_80205288 + 0
000000bc  0000070a R_PPC_REL24            00000000   fn_80201B8C + 0
000000e0  00000c0a R_PPC_REL24            00000000   fn_80201B54 + 0
000000f4  0000080a R_PPC_REL24            00000000   fn_80201BC8 + 0
00000108  00000d0a R_PPC_REL24            00000000   fn_8011EB04 + 0
00000148  00000e0a R_PPC_REL24            00000000   fn_80201C24 + 0
00000150  00000f0a R_PPC_REL24            00000000   fn_80157C80 + 0
00000160  00000f0a R_PPC_REL24            00000000   fn_80157C80 + 0
00000174  0000106d R_PPC_EMB_SDA21        00000000   lbl_8064E22C + 0
0000017a  00001106 R_PPC_ADDR16_HA        00000000   lbl_803003C8 + 0
0000017e  00001206 R_PPC_ADDR16_HA        00000000   lbl_80238DAC + 0
00000186  00001104 R_PPC_ADDR16_LO        00000000   lbl_803003C8 + 0
0000018a  00001204 R_PPC_ADDR16_LO        00000000   lbl_80238DAC + 0
00000194  0000070a R_PPC_REL24            00000000   fn_80201B8C + 0
000001b8  00000c0a R_PPC_REL24            00000000   fn_80201B54 + 0
000001c8  0000080a R_PPC_REL24            00000000   fn_80201BC8 + 0
000001dc  0000090a R_PPC_REL24            00000000   fn_8011F114 + 0
00000208  0000130a R_PPC_REL24            00000000   fn_80201EB8 + 0
0000020c  0000146d R_PPC_EMB_SDA21        00000000   lbl_8064D18C + 0
0000021c  0000150a R_PPC_REL24            00000000   fn_80201B4C + 0
0000022c  0000150a R_PPC_REL24            00000000   fn_80201B4C + 0
00000244  0000160a R_PPC_REL24            00000000   fn_80201B64 + 0
00000254  0000160a R_PPC_REL24            00000000   fn_80201B64 + 0
00000264  00000c0a R_PPC_REL24            00000000   fn_80201B54 + 0
0000027c  0000170a R_PPC_REL24            00000000   fn_8020123C + 0
00000294  0000180a R_PPC_REL24            00000000   fn_80178E94 + 0
000002a0  0000196d R_PPC_EMB_SDA21        00000000   lbl_8064E220 + 0
000002a8  00001a6d R_PPC_EMB_SDA21        00000000   lbl_8064E230 + 0
000002cc  00001b0a R_PPC_REL24            00000000   fn_80036A1C + 0
000002dc  0000180a R_PPC_REL24            00000000   fn_80178E94 + 0
000002f4  0000196d R_PPC_EMB_SDA21        00000000   lbl_8064E220 + 0
0000030c  00001c6d R_PPC_EMB_SDA21        00000000   lbl_8064E234 + 0
0000031c  00001d0a R_PPC_REL24            00000000   fn_80204434 + 0
00000368  00001e6d R_PPC_EMB_SDA21        00000000   lbl_8064E238 + 0
00000380  0000196d R_PPC_EMB_SDA21        00000000   lbl_8064E220 + 0
000003bc  00001f0a R_PPC_REL24            00000000   fn_800361F8 + 0
000003d8  0000170a R_PPC_REL24            00000000   fn_8020123C + 0
0000041c  0000200a R_PPC_REL24            00000000   fn_80201BC0 + 0

exit=0
$ build/binutils/powerpc-eabi-readelf -rW build/GEDE01/src/game/game_fn_800365C8.o

Relocation section '.rela.text' at offset 0x490 contains 46 entries:
 Offset     Info    Type                Sym. Value  Symbol's Name + Addend
00000020  00000e0a R_PPC_REL24            00000000   fn_80201B9C + 0
00000026  00000506 R_PPC_ADDR16_HA        00000000   lbl_80238DA0 + 0
0000002e  00000504 R_PPC_ADDR16_LO        00000000   lbl_80238DA0 + 0
00000030  0000066d R_PPC_EMB_SDA21        00000000   lbl_8064E228 + 0
00000054  00000f0a R_PPC_REL24            00000000   fn_80201B8C + 0
00000060  0000100a R_PPC_REL24            00000000   fn_80201BC8 + 0
00000074  0000110a R_PPC_REL24            00000000   fn_8011F114 + 0
000000a0  0000120a R_PPC_REL24            00000000   fn_801A7570 + 0
000000b0  0000130a R_PPC_REL24            00000000   fn_80205288 + 0
000000bc  00000f0a R_PPC_REL24            00000000   fn_80201B8C + 0
000000e0  0000140a R_PPC_REL24            00000000   fn_80201B54 + 0
000000f4  0000100a R_PPC_REL24            00000000   fn_80201BC8 + 0
00000108  0000150a R_PPC_REL24            00000000   fn_8011EB04 + 0
00000148  0000160a R_PPC_REL24            00000000   fn_80201C24 + 0
00000150  0000170a R_PPC_REL24            00000000   fn_80157C80 + 0
00000160  0000170a R_PPC_REL24            00000000   fn_80157C80 + 0
00000174  0000076d R_PPC_EMB_SDA21        00000000   lbl_8064E22C + 0
0000017a  00000806 R_PPC_ADDR16_HA        00000000   lbl_803003C8 + 0
0000017e  00000906 R_PPC_ADDR16_HA        00000000   lbl_80238DAC + 0
00000186  00000804 R_PPC_ADDR16_LO        00000000   lbl_803003C8 + 0
0000018a  00000904 R_PPC_ADDR16_LO        00000000   lbl_80238DAC + 0
00000194  00000f0a R_PPC_REL24            00000000   fn_80201B8C + 0
000001b8  0000140a R_PPC_REL24            00000000   fn_80201B54 + 0
000001c8  0000100a R_PPC_REL24            00000000   fn_80201BC8 + 0
000001dc  0000110a R_PPC_REL24            00000000   fn_8011F114 + 0
00000208  0000180a R_PPC_REL24            00000000   fn_80201EB8 + 0
0000020c  00000a6d R_PPC_EMB_SDA21        00000000   lbl_8064D18C + 0
0000021c  0000190a R_PPC_REL24            00000000   fn_80201B4C + 0
0000022c  0000190a R_PPC_REL24            00000000   fn_80201B4C + 0
00000244  00001a0a R_PPC_REL24            00000000   fn_80201B64 + 0
00000254  00001a0a R_PPC_REL24            00000000   fn_80201B64 + 0
00000264  0000140a R_PPC_REL24            00000000   fn_80201B54 + 0
0000027c  00001b0a R_PPC_REL24            00000000   fn_8020123C + 0
00000294  00001c0a R_PPC_REL24            00000000   fn_80178E94 + 0
000002a0  0000046d R_PPC_EMB_SDA21        00000000   @74 + 0
000002a8  00000b6d R_PPC_EMB_SDA21        00000000   lbl_8064E230 + 0
000002cc  00001d0a R_PPC_REL24            00000000   fn_80036A1C + 0
000002dc  00001c0a R_PPC_REL24            00000000   fn_80178E94 + 0
000002f4  0000046d R_PPC_EMB_SDA21        00000000   @74 + 0
0000030c  00000c6d R_PPC_EMB_SDA21        00000000   lbl_8064E234 + 0
0000031c  00001e0a R_PPC_REL24            00000000   fn_80204434 + 0
00000368  00000d6d R_PPC_EMB_SDA21        00000000   lbl_8064E238 + 0
00000380  0000046d R_PPC_EMB_SDA21        00000000   @74 + 0
000003bc  00001f0a R_PPC_REL24            00000000   fn_800361F8 + 0
000003d8  00001b0a R_PPC_REL24            00000000   fn_8020123C + 0
0000041c  0000200a R_PPC_REL24            00000000   fn_80201BC0 + 0

exit=0
$ .tools/bin/ninja -v build/GEDE01/src/game/game_fn_800365C8.o
[1/1] tools/mwcc_wrapper.py build/tools/sjiswrap.exe compilers/GC/1.3/mwcceppc.exe -nodefaults -proc gekko -align powerpc -enum int -fp hardware -Cpp_exceptions off -O4,p -inline auto -pragma "cats off" -pragma "warn_notinlined off" -maxerrors 1 -nosyspath -RTTI off -fp_contract on -str reuse -multibyte -i include -i build/GEDE01/include -DVERSION_GEDE01 -DNDEBUG=1 -lang=c -use_lmw_stmw on -MMD -c src/game/game_fn_800365C8.c -o build/GEDE01/src/game && "/usr/bin/python3" tools/transform_dep.py build/GEDE01/src/game/game_fn_800365C8.d build/GEDE01/src/game/game_fn_800365C8.d

exit=0
$ build/tools/objdiff-cli diff -1 build/GEDE01/obj/game/game_fn_800365C8.o -2 build/GEDE01/src/game/game_fn_800365C8.o fn_800365C8 --format json-pretty -o reports/GEDE01/experiment-b8a20e12-d4ea-4a72-a12f-cb56fd8cd295-unsigned-message-id.canonical.json
 INFO Writing to reports/GEDE01/experiment-b8a20e12-d4ea-4a72-a12f-cb56fd8cd295-unsigned-message-id.canonical.json

exit=0
$ build/tools/objdiff-cli diff -1 build/GEDE01/obj/game/game_fn_800365C8.o -2 build/GEDE01/src/game/game_fn_800365C8.o fn_800365C8 --format json-pretty -o reports/GEDE01/experiment-b8a20e12-d4ea-4a72-a12f-cb56fd8cd295-unsigned-message-id.strict.json -c functionRelocDiffs=all
 INFO Writing to reports/GEDE01/experiment-b8a20e12-d4ea-4a72-a12f-cb56fd8cd295-unsigned-message-id.strict.json

exit=0
$ build/binutils/powerpc-eabi-readelf -rW build/GEDE01/obj/game/game_fn_800365C8.o

Relocation section '.rela.text' at offset 0x494 contains 46 entries:
 Offset     Info    Type                Sym. Value  Symbol's Name + Addend
00000020  0000040a R_PPC_REL24            00000000   fn_80201B9C + 0
00000026  00000506 R_PPC_ADDR16_HA        00000000   lbl_80238DA0 + 0
0000002e  00000504 R_PPC_ADDR16_LO        00000000   lbl_80238DA0 + 0
00000030  0000066d R_PPC_EMB_SDA21        00000000   lbl_8064E228 + 0
00000054  0000070a R_PPC_REL24            00000000   fn_80201B8C + 0
00000060  0000080a R_PPC_REL24            00000000   fn_80201BC8 + 0
00000074  0000090a R_PPC_REL24            00000000   fn_8011F114 + 0
000000a0  00000a0a R_PPC_REL24            00000000   fn_801A7570 + 0
000000b0  00000b0a R_PPC_REL24            00000000   fn_80205288 + 0
000000bc  0000070a R_PPC_REL24            00000000   fn_80201B8C + 0
000000e0  00000c0a R_PPC_REL24            00000000   fn_80201B54 + 0
000000f4  0000080a R_PPC_REL24            00000000   fn_80201BC8 + 0
00000108  00000d0a R_PPC_REL24            00000000   fn_8011EB04 + 0
00000148  00000e0a R_PPC_REL24            00000000   fn_80201C24 + 0
00000150  00000f0a R_PPC_REL24            00000000   fn_80157C80 + 0
00000160  00000f0a R_PPC_REL24            00000000   fn_80157C80 + 0
00000174  0000106d R_PPC_EMB_SDA21        00000000   lbl_8064E22C + 0
0000017a  00001106 R_PPC_ADDR16_HA        00000000   lbl_803003C8 + 0
0000017e  00001206 R_PPC_ADDR16_HA        00000000   lbl_80238DAC + 0
00000186  00001104 R_PPC_ADDR16_LO        00000000   lbl_803003C8 + 0
0000018a  00001204 R_PPC_ADDR16_LO        00000000   lbl_80238DAC + 0
00000194  0000070a R_PPC_REL24            00000000   fn_80201B8C + 0
000001b8  00000c0a R_PPC_REL24            00000000   fn_80201B54 + 0
000001c8  0000080a R_PPC_REL24            00000000   fn_80201BC8 + 0
000001dc  0000090a R_PPC_REL24            00000000   fn_8011F114 + 0
00000208  0000130a R_PPC_REL24            00000000   fn_80201EB8 + 0
0000020c  0000146d R_PPC_EMB_SDA21        00000000   lbl_8064D18C + 0
0000021c  0000150a R_PPC_REL24            00000000   fn_80201B4C + 0
0000022c  0000150a R_PPC_REL24            00000000   fn_80201B4C + 0
00000244  0000160a R_PPC_REL24            00000000   fn_80201B64 + 0
00000254  0000160a R_PPC_REL24            00000000   fn_80201B64 + 0
00000264  00000c0a R_PPC_REL24            00000000   fn_80201B54 + 0
0000027c  0000170a R_PPC_REL24            00000000   fn_8020123C + 0
00000294  0000180a R_PPC_REL24            00000000   fn_80178E94 + 0
000002a0  0000196d R_PPC_EMB_SDA21        00000000   lbl_8064E220 + 0
000002a8  00001a6d R_PPC_EMB_SDA21        00000000   lbl_8064E230 + 0
000002cc  00001b0a R_PPC_REL24            00000000   fn_80036A1C + 0
000002dc  0000180a R_PPC_REL24            00000000   fn_80178E94 + 0
000002f4  0000196d R_PPC_EMB_SDA21        00000000   lbl_8064E220 + 0
0000030c  00001c6d R_PPC_EMB_SDA21        00000000   lbl_8064E234 + 0
0000031c  00001d0a R_PPC_REL24            00000000   fn_80204434 + 0
00000368  00001e6d R_PPC_EMB_SDA21        00000000   lbl_8064E238 + 0
00000380  0000196d R_PPC_EMB_SDA21        00000000   lbl_8064E220 + 0
000003bc  00001f0a R_PPC_REL24            00000000   fn_800361F8 + 0
000003d8  0000170a R_PPC_REL24            00000000   fn_8020123C + 0
0000041c  0000200a R_PPC_REL24            00000000   fn_80201BC0 + 0

exit=0
$ build/binutils/powerpc-eabi-readelf -rW build/GEDE01/src/game/game_fn_800365C8.o

Relocation section '.rela.text' at offset 0x490 contains 46 entries:
 Offset     Info    Type                Sym. Value  Symbol's Name + Addend
00000020  00000e0a R_PPC_REL24            00000000   fn_80201B9C + 0
00000026  00000506 R_PPC_ADDR16_HA        00000000   lbl_80238DA0 + 0
0000002e  00000504 R_PPC_ADDR16_LO        00000000   lbl_80238DA0 + 0
00000030  0000066d R_PPC_EMB_SDA21        00000000   lbl_8064E228 + 0
00000054  00000f0a R_PPC_REL24            00000000   fn_80201B8C + 0
00000060  0000100a R_PPC_REL24            00000000   fn_80201BC8 + 0
00000074  0000110a R_PPC_REL24            00000000   fn_8011F114 + 0
000000a0  0000120a R_PPC_REL24            00000000   fn_801A7570 + 0
000000b0  0000130a R_PPC_REL24            00000000   fn_80205288 + 0
000000bc  00000f0a R_PPC_REL24            00000000   fn_80201B8C + 0
000000e0  0000140a R_PPC_REL24            00000000   fn_80201B54 + 0
000000f4  0000100a R_PPC_REL24            00000000   fn_80201BC8 + 0
00000108  0000150a R_PPC_REL24            00000000   fn_8011EB04 + 0
00000148  0000160a R_PPC_REL24            00000000   fn_80201C24 + 0
00000150  0000170a R_PPC_REL24            00000000   fn_80157C80 + 0
00000160  0000170a R_PPC_REL24            00000000   fn_80157C80 + 0
00000174  0000076d R_PPC_EMB_SDA21        00000000   lbl_8064E22C + 0
0000017a  00000806 R_PPC_ADDR16_HA        00000000   lbl_803003C8 + 0
0000017e  00000906 R_PPC_ADDR16_HA        00000000   lbl_80238DAC + 0
00000186  00000804 R_PPC_ADDR16_LO        00000000   lbl_803003C8 + 0
0000018a  00000904 R_PPC_ADDR16_LO        00000000   lbl_80238DAC + 0
00000194  00000f0a R_PPC_REL24            00000000   fn_80201B8C + 0
000001b8  0000140a R_PPC_REL24            00000000   fn_80201B54 + 0
000001c8  0000100a R_PPC_REL24            00000000   fn_80201BC8 + 0
000001dc  0000110a R_PPC_REL24            00000000   fn_8011F114 + 0
00000208  0000180a R_PPC_REL24            00000000   fn_80201EB8 + 0
0000020c  00000a6d R_PPC_EMB_SDA21        00000000   lbl_8064D18C + 0
0000021c  0000190a R_PPC_REL24            00000000   fn_80201B4C + 0
0000022c  0000190a R_PPC_REL24            00000000   fn_80201B4C + 0
00000244  00001a0a R_PPC_REL24            00000000   fn_80201B64 + 0
00000254  00001a0a R_PPC_REL24            00000000   fn_80201B64 + 0
00000264  0000140a R_PPC_REL24            00000000   fn_80201B54 + 0
0000027c  00001b0a R_PPC_REL24            00000000   fn_8020123C + 0
00000294  00001c0a R_PPC_REL24            00000000   fn_80178E94 + 0
000002a0  0000046d R_PPC_EMB_SDA21        00000000   @74 + 0
000002a8  00000b6d R_PPC_EMB_SDA21        00000000   lbl_8064E230 + 0
000002cc  00001d0a R_PPC_REL24            00000000   fn_80036A1C + 0
000002dc  00001c0a R_PPC_REL24            00000000   fn_80178E94 + 0
000002f4  0000046d R_PPC_EMB_SDA21        00000000   @74 + 0
0000030c  00000c6d R_PPC_EMB_SDA21        00000000   lbl_8064E234 + 0
0000031c  00001e0a R_PPC_REL24            00000000   fn_80204434 + 0
00000368  00000d6d R_PPC_EMB_SDA21        00000000   lbl_8064E238 + 0
00000380  0000046d R_PPC_EMB_SDA21        00000000   @74 + 0
000003bc  00001f0a R_PPC_REL24            00000000   fn_800361F8 + 0
000003d8  00001b0a R_PPC_REL24            00000000   fn_8020123C + 0
0000041c  0000200a R_PPC_REL24            00000000   fn_80201BC0 + 0

exit=0
$ .tools/bin/ninja -v build/GEDE01/src/game/game_fn_800365C8.o
[1/1] tools/mwcc_wrapper.py build/tools/sjiswrap.exe compilers/GC/1.3/mwcceppc.exe -nodefaults -proc gekko -align powerpc -enum int -fp hardware -Cpp_exceptions off -O4,p -inline auto -pragma "cats off" -pragma "warn_notinlined off" -maxerrors 1 -nosyspath -RTTI off -fp_contract on -str reuse -multibyte -i include -i build/GEDE01/include -DVERSION_GEDE01 -DNDEBUG=1 -lang=c -use_lmw_stmw on -MMD -c src/game/game_fn_800365C8.c -o build/GEDE01/src/game && "/usr/bin/python3" tools/transform_dep.py build/GEDE01/src/game/game_fn_800365C8.d build/GEDE01/src/game/game_fn_800365C8.d

exit=0
$ build/tools/objdiff-cli diff -1 build/GEDE01/obj/game/game_fn_800365C8.o -2 build/GEDE01/src/game/game_fn_800365C8.o fn_800365C8 --format json-pretty -o reports/GEDE01/experiment-b8a20e12-d4ea-4a72-a12f-cb56fd8cd295-retained.canonical.json
 INFO Writing to reports/GEDE01/experiment-b8a20e12-d4ea-4a72-a12f-cb56fd8cd295-retained.canonical.json

exit=0
$ build/tools/objdiff-cli diff -1 build/GEDE01/obj/game/game_fn_800365C8.o -2 build/GEDE01/src/game/game_fn_800365C8.o fn_800365C8 --format json-pretty -o reports/GEDE01/experiment-b8a20e12-d4ea-4a72-a12f-cb56fd8cd295-retained.strict.json -c functionRelocDiffs=all
 INFO Writing to reports/GEDE01/experiment-b8a20e12-d4ea-4a72-a12f-cb56fd8cd295-retained.strict.json

exit=0
$ build/binutils/powerpc-eabi-readelf -rW build/GEDE01/obj/game/game_fn_800365C8.o

Relocation section '.rela.text' at offset 0x494 contains 46 entries:
 Offset     Info    Type                Sym. Value  Symbol's Name + Addend
00000020  0000040a R_PPC_REL24            00000000   fn_80201B9C + 0
00000026  00000506 R_PPC_ADDR16_HA        00000000   lbl_80238DA0 + 0
0000002e  00000504 R_PPC_ADDR16_LO        00000000   lbl_80238DA0 + 0
00000030  0000066d R_PPC_EMB_SDA21        00000000   lbl_8064E228 + 0
00000054  0000070a R_PPC_REL24            00000000   fn_80201B8C + 0
00000060  0000080a R_PPC_REL24            00000000   fn_80201BC8 + 0
00000074  0000090a R_PPC_REL24            00000000   fn_8011F114 + 0
000000a0  00000a0a R_PPC_REL24            00000000   fn_801A7570 + 0
000000b0  00000b0a R_PPC_REL24            00000000   fn_80205288 + 0
000000bc  0000070a R_PPC_REL24            00000000   fn_80201B8C + 0
000000e0  00000c0a R_PPC_REL24            00000000   fn_80201B54 + 0
000000f4  0000080a R_PPC_REL24            00000000   fn_80201BC8 + 0
00000108  00000d0a R_PPC_REL24            00000000   fn_8011EB04 + 0
00000148  00000e0a R_PPC_REL24            00000000   fn_80201C24 + 0
00000150  00000f0a R_PPC_REL24            00000000   fn_80157C80 + 0
00000160  00000f0a R_PPC_REL24            00000000   fn_80157C80 + 0
00000174  0000106d R_PPC_EMB_SDA21        00000000   lbl_8064E22C + 0
0000017a  00001106 R_PPC_ADDR16_HA        00000000   lbl_803003C8 + 0
0000017e  00001206 R_PPC_ADDR16_HA        00000000   lbl_80238DAC + 0
00000186  00001104 R_PPC_ADDR16_LO        00000000   lbl_803003C8 + 0
0000018a  00001204 R_PPC_ADDR16_LO        00000000   lbl_80238DAC + 0
00000194  0000070a R_PPC_REL24            00000000   fn_80201B8C + 0
000001b8  00000c0a R_PPC_REL24            00000000   fn_80201B54 + 0
000001c8  0000080a R_PPC_REL24            00000000   fn_80201BC8 + 0
000001dc  0000090a R_PPC_REL24            00000000   fn_8011F114 + 0
00000208  0000130a R_PPC_REL24            00000000   fn_80201EB8 + 0
0000020c  0000146d R_PPC_EMB_SDA21        00000000   lbl_8064D18C + 0
0000021c  0000150a R_PPC_REL24            00000000   fn_80201B4C + 0
0000022c  0000150a R_PPC_REL24            00000000   fn_80201B4C + 0
00000244  0000160a R_PPC_REL24            00000000   fn_80201B64 + 0
00000254  0000160a R_PPC_REL24            00000000   fn_80201B64 + 0
00000264  00000c0a R_PPC_REL24            00000000   fn_80201B54 + 0
0000027c  0000170a R_PPC_REL24            00000000   fn_8020123C + 0
00000294  0000180a R_PPC_REL24            00000000   fn_80178E94 + 0
000002a0  0000196d R_PPC_EMB_SDA21        00000000   lbl_8064E220 + 0
000002a8  00001a6d R_PPC_EMB_SDA21        00000000   lbl_8064E230 + 0
000002cc  00001b0a R_PPC_REL24            00000000   fn_80036A1C + 0
000002dc  0000180a R_PPC_REL24            00000000   fn_80178E94 + 0
000002f4  0000196d R_PPC_EMB_SDA21        00000000   lbl_8064E220 + 0
0000030c  00001c6d R_PPC_EMB_SDA21        00000000   lbl_8064E234 + 0
0000031c  00001d0a R_PPC_REL24            00000000   fn_80204434 + 0
00000368  00001e6d R_PPC_EMB_SDA21        00000000   lbl_8064E238 + 0
00000380  0000196d R_PPC_EMB_SDA21        00000000   lbl_8064E220 + 0
000003bc  00001f0a R_PPC_REL24            00000000   fn_800361F8 + 0
000003d8  0000170a R_PPC_REL24            00000000   fn_8020123C + 0
0000041c  0000200a R_PPC_REL24            00000000   fn_80201BC0 + 0

exit=0
$ build/binutils/powerpc-eabi-readelf -rW build/GEDE01/src/game/game_fn_800365C8.o

Relocation section '.rela.text' at offset 0x490 contains 46 entries:
 Offset     Info    Type                Sym. Value  Symbol's Name + Addend
00000020  00000e0a R_PPC_REL24            00000000   fn_80201B9C + 0
00000026  00000506 R_PPC_ADDR16_HA        00000000   lbl_80238DA0 + 0
0000002e  00000504 R_PPC_ADDR16_LO        00000000   lbl_80238DA0 + 0
00000030  0000066d R_PPC_EMB_SDA21        00000000   lbl_8064E228 + 0
00000054  00000f0a R_PPC_REL24            00000000   fn_80201B8C + 0
00000060  0000100a R_PPC_REL24            00000000   fn_80201BC8 + 0
00000074  0000110a R_PPC_REL24            00000000   fn_8011F114 + 0
000000a0  0000120a R_PPC_REL24            00000000   fn_801A7570 + 0
000000b0  0000130a R_PPC_REL24            00000000   fn_80205288 + 0
000000bc  00000f0a R_PPC_REL24            00000000   fn_80201B8C + 0
000000e0  0000140a R_PPC_REL24            00000000   fn_80201B54 + 0
000000f4  0000100a R_PPC_REL24            00000000   fn_80201BC8 + 0
00000108  0000150a R_PPC_REL24            00000000   fn_8011EB04 + 0
00000148  0000160a R_PPC_REL24            00000000   fn_80201C24 + 0
00000150  0000170a R_PPC_REL24            00000000   fn_80157C80 + 0
00000160  0000170a R_PPC_REL24            00000000   fn_80157C80 + 0
00000174  0000076d R_PPC_EMB_SDA21        00000000   lbl_8064E22C + 0
0000017a  00000806 R_PPC_ADDR16_HA        00000000   lbl_803003C8 + 0
0000017e  00000906 R_PPC_ADDR16_HA        00000000   lbl_80238DAC + 0
00000186  00000804 R_PPC_ADDR16_LO        00000000   lbl_803003C8 + 0
0000018a  00000904 R_PPC_ADDR16_LO        00000000   lbl_80238DAC + 0
00000194  00000f0a R_PPC_REL24            00000000   fn_80201B8C + 0
000001b8  0000140a R_PPC_REL24            00000000   fn_80201B54 + 0
000001c8  0000100a R_PPC_REL24            00000000   fn_80201BC8 + 0
000001dc  0000110a R_PPC_REL24            00000000   fn_8011F114 + 0
00000208  0000180a R_PPC_REL24            00000000   fn_80201EB8 + 0
0000020c  00000a6d R_PPC_EMB_SDA21        00000000   lbl_8064D18C + 0
0000021c  0000190a R_PPC_REL24            00000000   fn_80201B4C + 0
0000022c  0000190a R_PPC_REL24            00000000   fn_80201B4C + 0
00000244  00001a0a R_PPC_REL24            00000000   fn_80201B64 + 0
00000254  00001a0a R_PPC_REL24            00000000   fn_80201B64 + 0
00000264  0000140a R_PPC_REL24            00000000   fn_80201B54 + 0
0000027c  00001b0a R_PPC_REL24            00000000   fn_8020123C + 0
00000294  00001c0a R_PPC_REL24            00000000   fn_80178E94 + 0
000002a0  0000046d R_PPC_EMB_SDA21        00000000   @74 + 0
000002a8  00000b6d R_PPC_EMB_SDA21        00000000   lbl_8064E230 + 0
000002cc  00001d0a R_PPC_REL24            00000000   fn_80036A1C + 0
000002dc  00001c0a R_PPC_REL24            00000000   fn_80178E94 + 0
000002f4  0000046d R_PPC_EMB_SDA21        00000000   @74 + 0
0000030c  00000c6d R_PPC_EMB_SDA21        00000000   lbl_8064E234 + 0
0000031c  00001e0a R_PPC_REL24            00000000   fn_80204434 + 0
00000368  00000d6d R_PPC_EMB_SDA21        00000000   lbl_8064E238 + 0
00000380  0000046d R_PPC_EMB_SDA21        00000000   @74 + 0
000003bc  00001f0a R_PPC_REL24            00000000   fn_800361F8 + 0
000003d8  00001b0a R_PPC_REL24            00000000   fn_8020123C + 0
0000041c  0000200a R_PPC_REL24            00000000   fn_80201BC0 + 0

exit=0
$ .tools/bin/ninja -v build/GEDE01/src/game/game_fn_800365C8.o
ninja: no work to do.

exit=0
$ build/tools/objdiff-cli diff -1 build/GEDE01/obj/game/game_fn_800365C8.o -2 build/GEDE01/src/game/game_fn_800365C8.o fn_800365C8 --format json-pretty -o reports/GEDE01/experiment-b8a20e12-d4ea-4a72-a12f-cb56fd8cd295-retained.canonical.json
 INFO Writing to reports/GEDE01/experiment-b8a20e12-d4ea-4a72-a12f-cb56fd8cd295-retained.canonical.json

exit=0
$ build/tools/objdiff-cli diff -1 build/GEDE01/obj/game/game_fn_800365C8.o -2 build/GEDE01/src/game/game_fn_800365C8.o fn_800365C8 --format json-pretty -o reports/GEDE01/experiment-b8a20e12-d4ea-4a72-a12f-cb56fd8cd295-retained.strict.json -c functionRelocDiffs=all
 INFO Writing to reports/GEDE01/experiment-b8a20e12-d4ea-4a72-a12f-cb56fd8cd295-retained.strict.json

exit=0
$ build/binutils/powerpc-eabi-readelf -rW build/GEDE01/obj/game/game_fn_800365C8.o

Relocation section '.rela.text' at offset 0x494 contains 46 entries:
 Offset     Info    Type                Sym. Value  Symbol's Name + Addend
00000020  0000040a R_PPC_REL24            00000000   fn_80201B9C + 0
00000026  00000506 R_PPC_ADDR16_HA        00000000   lbl_80238DA0 + 0
0000002e  00000504 R_PPC_ADDR16_LO        00000000   lbl_80238DA0 + 0
00000030  0000066d R_PPC_EMB_SDA21        00000000   lbl_8064E228 + 0
00000054  0000070a R_PPC_REL24            00000000   fn_80201B8C + 0
00000060  0000080a R_PPC_REL24            00000000   fn_80201BC8 + 0
00000074  0000090a R_PPC_REL24            00000000   fn_8011F114 + 0
000000a0  00000a0a R_PPC_REL24            00000000   fn_801A7570 + 0
000000b0  00000b0a R_PPC_REL24            00000000   fn_80205288 + 0
000000bc  0000070a R_PPC_REL24            00000000   fn_80201B8C + 0
000000e0  00000c0a R_PPC_REL24            00000000   fn_80201B54 + 0
000000f4  0000080a R_PPC_REL24            00000000   fn_80201BC8 + 0
00000108  00000d0a R_PPC_REL24            00000000   fn_8011EB04 + 0
00000148  00000e0a R_PPC_REL24            00000000   fn_80201C24 + 0
00000150  00000f0a R_PPC_REL24            00000000   fn_80157C80 + 0
00000160  00000f0a R_PPC_REL24            00000000   fn_80157C80 + 0
00000174  0000106d R_PPC_EMB_SDA21        00000000   lbl_8064E22C + 0
0000017a  00001106 R_PPC_ADDR16_HA        00000000   lbl_803003C8 + 0
0000017e  00001206 R_PPC_ADDR16_HA        00000000   lbl_80238DAC + 0
00000186  00001104 R_PPC_ADDR16_LO        00000000   lbl_803003C8 + 0
0000018a  00001204 R_PPC_ADDR16_LO        00000000   lbl_80238DAC + 0
00000194  0000070a R_PPC_REL24            00000000   fn_80201B8C + 0
000001b8  00000c0a R_PPC_REL24            00000000   fn_80201B54 + 0
000001c8  0000080a R_PPC_REL24            00000000   fn_80201BC8 + 0
000001dc  0000090a R_PPC_REL24            00000000   fn_8011F114 + 0
00000208  0000130a R_PPC_REL24            00000000   fn_80201EB8 + 0
0000020c  0000146d R_PPC_EMB_SDA21        00000000   lbl_8064D18C + 0
0000021c  0000150a R_PPC_REL24            00000000   fn_80201B4C + 0
0000022c  0000150a R_PPC_REL24            00000000   fn_80201B4C + 0
00000244  0000160a R_PPC_REL24            00000000   fn_80201B64 + 0
00000254  0000160a R_PPC_REL24            00000000   fn_80201B64 + 0
00000264  00000c0a R_PPC_REL24            00000000   fn_80201B54 + 0
0000027c  0000170a R_PPC_REL24            00000000   fn_8020123C + 0
00000294  0000180a R_PPC_REL24            00000000   fn_80178E94 + 0
000002a0  0000196d R_PPC_EMB_SDA21        00000000   lbl_8064E220 + 0
000002a8  00001a6d R_PPC_EMB_SDA21        00000000   lbl_8064E230 + 0
000002cc  00001b0a R_PPC_REL24            00000000   fn_80036A1C + 0
000002dc  0000180a R_PPC_REL24            00000000   fn_80178E94 + 0
000002f4  0000196d R_PPC_EMB_SDA21        00000000   lbl_8064E220 + 0
0000030c  00001c6d R_PPC_EMB_SDA21        00000000   lbl_8064E234 + 0
0000031c  00001d0a R_PPC_REL24            00000000   fn_80204434 + 0
00000368  00001e6d R_PPC_EMB_SDA21        00000000   lbl_8064E238 + 0
00000380  0000196d R_PPC_EMB_SDA21        00000000   lbl_8064E220 + 0
000003bc  00001f0a R_PPC_REL24            00000000   fn_800361F8 + 0
000003d8  0000170a R_PPC_REL24            00000000   fn_8020123C + 0
0000041c  0000200a R_PPC_REL24            00000000   fn_80201BC0 + 0

exit=0
$ build/binutils/powerpc-eabi-readelf -rW build/GEDE01/src/game/game_fn_800365C8.o

Relocation section '.rela.text' at offset 0x490 contains 46 entries:
 Offset     Info    Type                Sym. Value  Symbol's Name + Addend
00000020  00000e0a R_PPC_REL24            00000000   fn_80201B9C + 0
00000026  00000506 R_PPC_ADDR16_HA        00000000   lbl_80238DA0 + 0
0000002e  00000504 R_PPC_ADDR16_LO        00000000   lbl_80238DA0 + 0
00000030  0000066d R_PPC_EMB_SDA21        00000000   lbl_8064E228 + 0
00000054  00000f0a R_PPC_REL24            00000000   fn_80201B8C + 0
00000060  0000100a R_PPC_REL24            00000000   fn_80201BC8 + 0
00000074  0000110a R_PPC_REL24            00000000   fn_8011F114 + 0
000000a0  0000120a R_PPC_REL24            00000000   fn_801A7570 + 0
000000b0  0000130a R_PPC_REL24            00000000   fn_80205288 + 0
000000bc  00000f0a R_PPC_REL24            00000000   fn_80201B8C + 0
000000e0  0000140a R_PPC_REL24            00000000   fn_80201B54 + 0
000000f4  0000100a R_PPC_REL24            00000000   fn_80201BC8 + 0
00000108  0000150a R_PPC_REL24            00000000   fn_8011EB04 + 0
00000148  0000160a R_PPC_REL24            00000000   fn_80201C24 + 0
00000150  0000170a R_PPC_REL24            00000000   fn_80157C80 + 0
00000160  0000170a R_PPC_REL24            00000000   fn_80157C80 + 0
00000174  0000076d R_PPC_EMB_SDA21        00000000   lbl_8064E22C + 0
0000017a  00000806 R_PPC_ADDR16_HA        00000000   lbl_803003C8 + 0
0000017e  00000906 R_PPC_ADDR16_HA        00000000   lbl_80238DAC + 0
00000186  00000804 R_PPC_ADDR16_LO        00000000   lbl_803003C8 + 0
0000018a  00000904 R_PPC_ADDR16_LO        00000000   lbl_80238DAC + 0
00000194  00000f0a R_PPC_REL24            00000000   fn_80201B8C + 0
000001b8  0000140a R_PPC_REL24            00000000   fn_80201B54 + 0
000001c8  0000100a R_PPC_REL24            00000000   fn_80201BC8 + 0
000001dc  0000110a R_PPC_REL24            00000000   fn_8011F114 + 0
00000208  0000180a R_PPC_REL24            00000000   fn_80201EB8 + 0
0000020c  00000a6d R_PPC_EMB_SDA21        00000000   lbl_8064D18C + 0
0000021c  0000190a R_PPC_REL24            00000000   fn_80201B4C + 0
0000022c  0000190a R_PPC_REL24            00000000   fn_80201B4C + 0
00000244  00001a0a R_PPC_REL24            00000000   fn_80201B64 + 0
00000254  00001a0a R_PPC_REL24            00000000   fn_80201B64 + 0
00000264  0000140a R_PPC_REL24            00000000   fn_80201B54 + 0
0000027c  00001b0a R_PPC_REL24            00000000   fn_8020123C + 0
00000294  00001c0a R_PPC_REL24            00000000   fn_80178E94 + 0
000002a0  0000046d R_PPC_EMB_SDA21        00000000   @74 + 0
000002a8  00000b6d R_PPC_EMB_SDA21        00000000   lbl_8064E230 + 0
000002cc  00001d0a R_PPC_REL24            00000000   fn_80036A1C + 0
000002dc  00001c0a R_PPC_REL24            00000000   fn_80178E94 + 0
000002f4  0000046d R_PPC_EMB_SDA21        00000000   @74 + 0
0000030c  00000c6d R_PPC_EMB_SDA21        00000000   lbl_8064E234 + 0
0000031c  00001e0a R_PPC_REL24            00000000   fn_80204434 + 0
00000368  00000d6d R_PPC_EMB_SDA21        00000000   lbl_8064E238 + 0
00000380  0000046d R_PPC_EMB_SDA21        00000000   @74 + 0
000003bc  00001f0a R_PPC_REL24            00000000   fn_800361F8 + 0
000003d8  00001b0a R_PPC_REL24            00000000   fn_8020123C + 0
0000041c  0000200a R_PPC_REL24            00000000   fn_80201BC0 + 0

exit=0
