
=== inline_command ===
--- preserved
+++ inline_command
@@ -41,6 +41,16 @@
     }
 }
 
+void GetTypeCallback_802093FC(s32 chan, u32 error, OSContext *context);
+static inline void FixDevice(SIWork *work, s32 chan, u32 command)
+{
+    u32 *output = &work->cmdFixDevice[chan];
+    *output = command;
+    Type_802FCA34[chan] = 0x80;
+    SITransfer(chan, output, 3, &Type_802FCA34[chan], 3,
+               GetTypeCallback_802093FC, 0);
+}
+
 void GetTypeCallback_802093FC(s32 chan, u32 error, OSContext *context)
 {
     SIWork *work = &Packet_80640B68;
@@ -66,11 +76,7 @@
         id = fn_8020EE24(chan) << 8;
 
         if (fix != 0 && (id & 0x100000) != 0) {
-            work->cmdFixDevice[chan] =
-                0x4E000000 | (id & 0xCFFF00) | 0x100000;
-            Type_802FCA34[chan] = 0x80;
-            SITransfer(chan, &work->cmdFixDevice[chan], 3,
-                       &Type_802FCA34[chan], 3, GetTypeCallback_802093FC, 0);
+            FixDevice(work, chan, 0x4E000000 | (id & 0xCFFF00) | 0x100000);
             return;
         }
 
@@ -82,11 +88,7 @@
                     fn_8020EEA8(chan, id >> 8);
                 }
 
-                work->cmdFixDevice[chan] = 0x4E000000 | id;
-                Type_802FCA34[chan] = 0x80;
-                SITransfer(chan, &work->cmdFixDevice[chan], 3,
-                           &Type_802FCA34[chan], 3,
-                           GetTypeCallback_802093FC, 0);
+                FixDevice(work, chan, 0x4E000000 | id);
                 return;
             }
         } else {
@@ -95,11 +97,7 @@
                 id |= 0x100000;
                 fn_8020EEA8(chan, id >> 8);
 
-                work->cmdFixDevice[chan] = 0x4E000000 | id;
-                Type_802FCA34[chan] = 0x80;
-                SITransfer(chan, &work->cmdFixDevice[chan], 3,
-                           &Type_802FCA34[chan], 3,
-                           GetTypeCallback_802093FC, 0);
+                FixDevice(work, chan, 0x4E000000 | id);
                 return;
             }
 
[1/2] SPLIT config/GEDE01/config.yml
 INFO Loading config/GEDE01/config.yml
 INFO Loading and analyzing 1 module (using 1 thread)
 INFO Initial analysis completed in 0.933s (found 8214 functions)
 INFO Rebuilding relocations and splitting
 WARN module{name=main id=0}: Alignment for game/game_fn_80050A7C.c .rodata expected 8, but starts at 6:0x80238F04
 WARN module{name=main id=0}: Alignment for game/game_fn_80057E3C.c .rodata expected 8, but starts at 6:0x80238FBC
 WARN module{name=main id=0}: Alignment for game/game_data_80239044.c .rodata expected 8, but starts at 6:0x80239044
 WARN module{name=main id=0}: Alignment for game/game_data_80239054.c .rodata expected 8, but starts at 6:0x80239054
 WARN module{name=main id=0}: Alignment for game/game_data_8023906C.c .rodata expected 8, but starts at 6:0x8023906C
 WARN module{name=main id=0}: Alignment for game/game_data_80239084.c .rodata expected 8, but starts at 6:0x80239084
 WARN module{name=main id=0}: Alignment for game/game_data_802390B4.c .rodata expected 8, but starts at 6:0x802390B4
 WARN module{name=main id=0}: Alignment for game/game_data_802390D4.c .rodata expected 8, but starts at 6:0x802390D4
 WARN module{name=main id=0}: Alignment for game/game_data_802390EC.c .rodata expected 8, but starts at 6:0x802390EC
 WARN module{name=main id=0}: Alignment for game/game_data_80239194.c .rodata expected 8, but starts at 6:0x80239194
 WARN module{name=main id=0}: Alignment for game/game_data_802391C4.c .rodata expected 8, but starts at 6:0x802391C4
 WARN module{name=main id=0}: Alignment for game/game_data_802393CC.c .rodata expected 8, but starts at 6:0x802393CC
 WARN module{name=main id=0}: Alignment for game/game_data_802393E4.c .rodata expected 8, but starts at 6:0x802393E4
 WARN module{name=main id=0}: Alignment for game/game_data_802393FC.c .rodata expected 8, but starts at 6:0x802393FC
 WARN module{name=main id=0}: Alignment for game/game_data_80239414.c .rodata expected 8, but starts at 6:0x80239414
 WARN module{name=main id=0}: Alignment for game/game_data_8023945C.c .rodata expected 8, but starts at 6:0x8023945C
 WARN module{name=main id=0}: Alignment for game/game_data_8023953C.c .rodata expected 8, but starts at 6:0x8023953C
 WARN module{name=main id=0}: Alignment for game/game_data_80239554.c .rodata expected 8, but starts at 6:0x80239554
 WARN module{name=main id=0}: Alignment for game/game_data_8023963C.c .rodata expected 8, but starts at 6:0x8023963C
 WARN module{name=main id=0}: Alignment for game/game_data_80239654.c .rodata expected 8, but starts at 6:0x80239654
 WARN module{name=main id=0}: Alignment for game/game_data_8023966C.c .rodata expected 8, but starts at 6:0x8023966C
 WARN module{name=main id=0}: Alignment for game/game_data_80239694.c .rodata expected 8, but starts at 6:0x80239694
 WARN module{name=main id=0}: Alignment for game/game_data_802396BC.c .rodata expected 8, but starts at 6:0x802396BC
 WARN module{name=main id=0}: Alignment for game/game_data_802396D4.c .rodata expected 8, but starts at 6:0x802396D4
 WARN module{name=main id=0}: Alignment for game/game_data_8023972C.c .rodata expected 8, but starts at 6:0x8023972C
 WARN module{name=main id=0}: Alignment for game/game_data_8023975C.c .rodata expected 8, but starts at 6:0x8023975C
 WARN module{name=main id=0}: Alignment for game/game_data_8023979C.c .rodata expected 8, but starts at 6:0x8023979C
 WARN module{name=main id=0}: Alignment for game/game_data_802397BC.c .rodata expected 8, but starts at 6:0x802397BC
 WARN module{name=main id=0}: Alignment for game/game_data_8023980C.c .rodata expected 8, but starts at 6:0x8023980C
 WARN module{name=main id=0}: Alignment for game/game_data_80239824.c .rodata expected 8, but starts at 6:0x80239824
 WARN module{name=main id=0}: Alignment for game/game_data_8023983C.c .rodata expected 8, but starts at 6:0x8023983C
 WARN module{name=main id=0}: Alignment for game/game_data_80239854.c .rodata expected 8, but starts at 6:0x80239854
 WARN module{name=main id=0}: Alignment for game/game_data_8023986C.c .rodata expected 8, but starts at 6:0x8023986C
 WARN module{name=main id=0}: Alignment for game/game_data_80239884.c .rodata expected 8, but starts at 6:0x80239884
 WARN module{name=main id=0}: Alignment for game/game_data_8023989C.c .rodata expected 8, but starts at 6:0x8023989C
 WARN module{name=main id=0}: Alignment for game/game_data_802398EC.c .rodata expected 8, but starts at 6:0x802398EC
 WARN module{name=main id=0}: Alignment for game/game_data_80239934.c .rodata expected 8, but starts at 6:0x80239934
 WARN module{name=main id=0}: Alignment for game/game_data_8023994C.c .rodata expected 8, but starts at 6:0x8023994C
 WARN module{name=main id=0}: Alignment for game/game_data_80239B24.c .rodata expected 8, but starts at 6:0x80239B24
 WARN module{name=main id=0}: Alignment for game/game_data_80239B74.c .rodata expected 8, but starts at 6:0x80239B74
 WARN module{name=main id=0}: Alignment for game/game_data_80239B8C.c .rodata expected 8, but starts at 6:0x80239B8C
 WARN module{name=main id=0}: Alignment for game/game_data_80239CAC.c .rodata expected 8, but starts at 6:0x80239CAC
 WARN module{name=main id=0}: Alignment for game/game_data_8023A2A4.c .rodata expected 8, but starts at 6:0x8023A2A4
 WARN module{name=main id=0}: Alignment for game/game_data_8023A414.c .rodata expected 8, but starts at 6:0x8023A414
 WARN module{name=main id=0}: Alignment for game/game_data_8023A444.c .rodata expected 8, but starts at 6:0x8023A444
 WARN module{name=main id=0}: Alignment for game/game_data_8023A63C.c .rodata expected 8, but starts at 6:0x8023A63C
 WARN module{name=main id=0}: Alignment for game/game_data_8023A69C.c .rodata expected 8, but starts at 6:0x8023A69C
 WARN module{name=main id=0}: Alignment for game/game_data_8023A6F4.c .rodata expected 8, but starts at 6:0x8023A6F4
 WARN module{name=main id=0}: Alignment for game/game_data_8023A70C.c .rodata expected 8, but starts at 6:0x8023A70C
 WARN module{name=main id=0}: Alignment for game/game_data_8023A744.c .rodata expected 8, but starts at 6:0x8023A744
 WARN module{name=main id=0}: Alignment for game/game_data_8023A76C.c .rodata expected 8, but starts at 6:0x8023A76C
 WARN module{name=main id=0}: Alignment for game/game_data_8023A994.c .rodata expected 8, but starts at 6:0x8023A994
 WARN module{name=main id=0}: Alignment for game/game_data_8023B044.c .rodata expected 8, but starts at 6:0x8023B044
 WARN module{name=main id=0}: Alignment for game/game_data_8023B05C.c .rodata expected 8, but starts at 6:0x8023B05C
 WARN module{name=main id=0}: Alignment for game/game_data_8023B094.c .rodata expected 8, but starts at 6:0x8023B094
 WARN module{name=main id=0}: Alignment for game/game_data_8023B564.c .rodata expected 8, but starts at 6:0x8023B564
 WARN module{name=main id=0}: Alignment for game/game_data_8023B5B4.c .rodata expected 8, but starts at 6:0x8023B5B4
 WARN module{name=main id=0}: Alignment for game/game_data_8023B78C.c .rodata expected 8, but starts at 6:0x8023B78C
 WARN module{name=main id=0}: Alignment for game/game_data_8023B7B4.c .rodata expected 8, but starts at 6:0x8023B7B4
 WARN module{name=main id=0}: Alignment for game/game_data_8023B7CC.c .rodata expected 8, but starts at 6:0x8023B7CC
 WARN module{name=main id=0}: Alignment for game/game_data_8023B7E4.c .rodata expected 8, but starts at 6:0x8023B7E4
 WARN module{name=main id=0}: Alignment for game/game_data_8023B7FC.c .rodata expected 8, but starts at 6:0x8023B7FC
 WARN module{name=main id=0}: Alignment for game/game_data_8023B814.c .rodata expected 8, but starts at 6:0x8023B814
 WARN module{name=main id=0}: Alignment for game/game_fn_80008014.c .data expected 8, but starts at 7:0x8023BEBC
 WARN module{name=main id=0}: Alignment for game/game_fn_8000EE9C.c .data expected 8, but starts at 7:0x8023C264
 WARN module{name=main id=0}: Alignment for game/game_fn_8000EFC4.c .data expected 8, but starts at 7:0x8023C344
 WARN module{name=main id=0}: Alignment for game/game_fn_800122F8.c .data expected 8, but starts at 7:0x8023CA4C
 WARN module{name=main id=0}: Alignment for game/game_fn_80015568.c .data expected 8, but starts at 7:0x8023CAEC
 WARN module{name=main id=0}: Alignment for game/game_fn_80015BE0.c .data expected 8, but starts at 7:0x8023CB0C
 WARN module{name=main id=0}: Alignment for game/game_fn_80015D40.c .data expected 8, but starts at 7:0x8023CB2C
 WARN module{name=main id=0}: Alignment for game/game_fn_8001C078.c .data expected 8, but starts at 7:0x8023CD54
 WARN module{name=main id=0}: Alignment for game/game_fn_8001CC00.c .data expected 8, but starts at 7:0x8023CDFC
 WARN module{name=main id=0}: Alignment for game/game_fn_8001CE14.c .data expected 8, but starts at 7:0x8023CE54
 WARN module{name=main id=0}: Alignment for game/game_fn_8001D3F8.c .data expected 8, but starts at 7:0x8023CF6C
 WARN module{name=main id=0}: Alignment for game/game_fn_8001D4C4.c .data expected 8, but starts at 7:0x8023CF7C
 WARN module{name=main id=0}: Alignment for game/game_data_8023D77C.c .data expected 8, but starts at 7:0x8023D77C
 WARN module{name=main id=0}: Alignment for game/game_data_8023D884.c .data expected 8, but starts at 7:0x8023D884
 WARN module{name=main id=0}: Alignment for game/game_fn_8001E644.c .data expected 8, but starts at 7:0x8023D8D4
 WARN module{name=main id=0}: Alignment for game/game_data_8023DA2C.c .data expected 8, but starts at 7:0x8023DA2C
 WARN module{name=main id=0}: Alignment for game/game_data_8023DAB4.c .data expected 8, but starts at 7:0x8023DAB4
 WARN module{name=main id=0}: Alignment for game/game_data_8023DD84.c .data expected 8, but starts at 7:0x8023DD84
 WARN module{name=main id=0}: Alignment for game/game_data_8023DFAC.c .data expected 8, but starts at 7:0x8023DFAC
 WARN module{name=main id=0}: Alignment for game/game_data_8023E154.c .data expected 8, but starts at 7:0x8023E154
 WARN module{name=main id=0}: Alignment for game/game_fn_80028E88.c .data expected 8, but starts at 7:0x8023E31C
 WARN module{name=main id=0}: Alignment for game/game_data_8023E388.c .data expected 8, but starts at 7:0x8023E384
 WARN module{name=main id=0}: Alignment for game/game_data_8023E410.c .data expected 8, but starts at 7:0x8023E40C
 WARN module{name=main id=0}: Alignment for game/game_fn_80037AF4.c .data expected 8, but starts at 7:0x8023E674
 WARN module{name=main id=0}: Alignment for game/game_data_8023ECBC.c .data expected 8, but starts at 7:0x8023ECBC
 WARN module{name=main id=0}: Alignment for game/game_data_8023EE94.c .data expected 8, but starts at 7:0x8023EE94
 WARN module{name=main id=0}: Alignment for game/game_data_8023EEE4.c .data expected 8, but starts at 7:0x8023EEE4
 WARN module{name=main id=0}: Alignment for game/game_data_8023EF34.c .data expected 8, but starts at 7:0x8023EF34
 WARN module{name=main id=0}: Alignment for game/game_data_8023EF84.c .data expected 8, but starts at 7:0x8023EF84
 WARN module{name=main id=0}: Alignment for game/game_data_8023F204.c .data expected 8, but starts at 7:0x8023F204
 WARN module{name=main id=0}: Alignment for game/game_data_8023F49C.c .data expected 8, but starts at 7:0x8023F49C
 WARN module{name=main id=0}: Alignment for game/game_data_8023F6AC.c .data expected 8, but starts at 7:0x8023F6AC
 WARN module{name=main id=0}: Alignment for game/game_data_8023F7C4.c .data expected 8, but starts at 7:0x8023F7C4
 WARN module{name=main id=0}: Alignment for game/game_data_8023F904.c .data expected 8, but starts at 7:0x8023F904
 WARN module{name=main id=0}: Alignment for game/game_data_8023FA44.c .data expected 8, but starts at 7:0x8023FA44
 WARN module{name=main id=0}: Alignment for game/game_data_8023FE1C.c .data expected 8, but starts at 7:0x8023FE1C
 WARN module{name=main id=0}: Alignment for game/game_data_8023FF7C.c .data expected 8, but starts at 7:0x8023FF7C
 WARN module{name=main id=0}: Alignment for game/game_data_802400DC.c .data expected 8, but starts at 7:0x802400DC
 WARN module{name=main id=0}: Alignment for game/game_data_8024023C.c .data expected 8, but starts at 7:0x8024023C
 WARN module{name=main id=0}: Alignment for game/game_data_8024039C.c .data expected 8, but starts at 7:0x8024039C
 WARN module{name=main id=0}: Alignment for game/game_data_802404FC.c .data expected 8, but starts at 7:0x802404FC
 WARN module{name=main id=0}: Alignment for game/game_fn_80050730.c .data expected 8, but starts at 7:0x80240F94
 WARN module{name=main id=0}: Alignment for game/game_fn_8005EE9C.c .data expected 8, but starts at 7:0x80243D64
 WARN module{name=main id=0}: Alignment for game/game_fn_8005EF94.c .data expected 8, but starts at 7:0x80243D84
 WARN module{name=main id=0}: Alignment for game/game_fn_8006B620.c .data expected 8, but starts at 7:0x8024406C
 WARN module{name=main id=0}: Alignment for game/game_fn_8006F6A4.c .data expected 8, but starts at 7:0x80244394
 WARN module{name=main id=0}: Alignment for game/game_fn_800A1060.c .data expected 8, but starts at 7:0x80245634
 WARN module{name=main id=0}: Alignment for game/game_fn_800A1580.c .data expected 8, but starts at 7:0x802456D4
 WARN module{name=main id=0}: Alignment for game/game_fn_800B5F78.c .data expected 8, but starts at 7:0x8024759C
 WARN module{name=main id=0}: Alignment for game/game_fn_800B611C.c .data expected 8, but starts at 7:0x8024760C
 WARN module{name=main id=0}: Alignment for game/game_fn_800B6234.c .data expected 8, but starts at 7:0x80247674
 WARN module{name=main id=0}: Alignment for game/game_fn_800B64AC.c .data expected 8, but starts at 7:0x802476DC
 WARN module{name=main id=0}: Alignment for game/game_fn_800B6C00.c .data expected 8, but starts at 7:0x80247754
 WARN module{name=main id=0}: Alignment for game/game_fn_800B6C88.c .data expected 8, but starts at 7:0x80247784
 WARN module{name=main id=0}: Alignment for game/game_fn_800B6D10.c .data expected 8, but starts at 7:0x802477B4
 WARN module{name=main id=0}: Alignment for game/game_fn_801697AC.c .data expected 8, but starts at 7:0x8024FD9C
 WARN module{name=main id=0}: Alignment for game/game_fn_8017B4F4.c .data expected 8, but starts at 7:0x80250F44
 WARN module{name=main id=0}: Alignment for game/game_data_80060C28.c .sdata2 expected 8, but starts at 11:0x8064E5F4
 INFO Splitting completed in 4.232s (wrote 7106 objects)
 INFO Total time: 5.176s
[2/2] RUN configure.py
[1/3] MWCC build/GEDE01/src/game/game_fn_802093FC.o
build exit status: 0
 INFO Writing to /home/rabbit/src/darkfoundry-new/.darkfoundry/worktrees/50c29326-0acb-40d9-995f-1837de479183/eternal-darkness-decomp/build/GEDE01/f1f83eb2-experiment.json
left size=664 score=87.018074
mflr r0
stw r0, 0x4(r1)
stwu r1, -0x30(r1)
stmw r26, 0x18(r1)
addi r27, r3, 0x0
lis r3, Type_802FCA34@ha
addi r0, r3, Type_802FCA34@l
slwi r29, r27, 2
add r30, r0, r29
lis r3, Packet_80640B68@ha
addi r26, r4, 0x0
addi r31, r3, Packet_80640B68@l
lwz r0, 0x0(r30)
rlwinm r0, r0, 0, 25, 23
stw r0, 0x0(r30)
lwz r0, 0x0(r30)
or r0, r0, r26
stw r0, 0x0(r30)
bl __OSGetSystemTime
slwi r0, r27, 3
add r5, r31, r0
stw r4, 0x124(r5)
lis r4, 0x8000
clrlwi. r0, r26, 28
stw r3, 0x120(r5)
srw r4, r4, r27
lwz r3, lbl_8064D8D8@sda21
lwz r28, 0x0(r30)
andc r0, r3, r4
stw r0, lbl_8064D8D8@sda21
and r26, r3, r4
bne 0xa0
rlwinm r3, r28, 0, 3, 4
subis r0, r3, 0x800
cmplwi r0, 0x0
bne 0xa0
clrrwi. r0, r28, 31
beq 0xa0
rlwinm. r0, r28, 0, 5, 5
beq 0xf8
addi r3, r27, 0x0
li r4, 0x0
bl fn_8020EEA8
slwi r0, r27, 4
lwz r30, 0x0(r30)
add r31, r31, r0
li r29, 0x0
addi r28, r29, 0x0
addi r31, r31, 0x160

lwz r12, 0x0(r31)
cmplwi r12, 0x0
beq 0xe4
stw r28, 0x0(r31)
mtlr r12
addi r3, r27, 0x0
addi r4, r30, 0x0
blrl 
addi r29, r29, 0x1
cmpwi r29, 0x4
addi r31, r31, 0x4
blt 0xc4
b 0x284
mr r3, r27
bl fn_8020EE24
cmpwi r26, 0x0
clrlslwi r26, r3, 16, 8
beq 0x15c
rlwinm. r0, r26, 0, 11, 11
beq 0x15c
lis r3, 0xd0
subi r0, r3, 0x100

and r0, r26, r0

oris r0, r0, 0x4e10
add r4, r31, r29
stwu r0, 0x1f0(r4)
li r0, 0x80
lis r3, GetTypeCallback_802093FC@ha

stw r0, 0x0(r30)
addi r8, r3, GetTypeCallback_802093FC@l
addi r3, r27, 0x0
addi r6, r30, 0x0
li r5, 0x3
li r7, 0x3
li r10, 0x0
li r9, 0x0
bl SITransfer
b 0x284
rlwinm. r0, r28, 0, 11, 11
beq 0x1d0
lis r3, 0xd0
subi r3, r3, 0x100
and r0, r26, r3
and r3, r28, r3
cmplw r0, r3
beq 0x23c
rlwinm. r0, r26, 0, 11, 11
bne 0x194
oris r26, r3, 0x10
addi r3, r27, 0x0
extrwi r4, r26, 16, 8
bl fn_8020EEA8
oris r0, r26, 0x4e00
add r4, r31, r29
stwu r0, 0x1f0(r4)

li r0, 0x80
lis r3, GetTypeCallback_802093FC@ha

stw r0, 0x0(r30)
addi r8, r3, GetTypeCallback_802093FC@l
addi r3, r27, 0x0
addi r6, r30, 0x0
li r5, 0x3
li r7, 0x3
li r10, 0x0
li r9, 0x0
bl SITransfer
b 0x284
rlwinm. r0, r28, 0, 1, 1
beq 0x230
lis r3, 0xd0
subi r0, r3, 0x100
and r28, r28, r0
oris r28, r28, 0x10
addi r3, r27, 0x0
extrwi r4, r28, 16, 8
bl fn_8020EEA8
oris r0, r28, 0x4e00
add r4, r31, r29
stwu r0, 0x1f0(r4)

li r0, 0x80
lis r3, GetTypeCallback_802093FC@ha

stw r0, 0x0(r30)
addi r8, r3, GetTypeCallback_802093FC@l
addi r3, r27, 0x0
addi r6, r30, 0x0
li r5, 0x3
li r7, 0x3
li r10, 0x0
li r9, 0x0
bl SITransfer
b 0x284
addi r3, r27, 0x0
li r4, 0x0
bl fn_8020EEA8
slwi r0, r27, 4
lwz r30, 0x0(r30)
add r31, r31, r0
li r29, 0x0
addi r28, r29, 0x0
addi r31, r31, 0x160
lwz r12, 0x0(r31)
cmplwi r12, 0x0
beq 0x274
stw r28, 0x0(r31)
mtlr r12
addi r3, r27, 0x0
addi r4, r30, 0x0
blrl 
addi r29, r29, 0x1
cmpwi r29, 0x4
addi r31, r31, 0x4
blt 0x254
lmw r26, 0x18(r1)
lwz r0, 0x34(r1)
addi r1, r1, 0x30
mtlr r0
blr 
right size=668 score=87.018074
mflr r0
stw r0, 0x4(r1)
stwu r1, -0x30(r1)
stmw r26, 0x18(r1)
addi r27, r3, 0x0
lis r3, Type_802FCA34@ha
addi r0, r3, Type_802FCA34@l
slwi r29, r27, 2
add r30, r0, r29
lis r3, Packet_80640B68@ha
addi r26, r4, 0x0
addi r31, r3, Packet_80640B68@l
lwz r0, 0x0(r30)
rlwinm r0, r0, 0, 25, 23
stw r0, 0x0(r30)
lwz r0, 0x0(r30)
or r0, r0, r26
stw r0, 0x0(r30)
bl __OSGetSystemTime
slwi r0, r27, 3
add r5, r31, r0
stw r4, 0x124(r5)
lis r4, 0x8000
clrlwi. r0, r26, 28
stw r3, 0x120(r5)
srw r4, r4, r27
lwz r3, lbl_8064D8D8@sda21
lwz r28, 0x0(r30)
andc r0, r3, r4
stw r0, lbl_8064D8D8@sda21
and r26, r3, r4
bne 0xa0
rlwinm r3, r28, 0, 3, 4
subis r0, r3, 0x800
cmplwi r0, 0x0
bne 0xa0
clrrwi. r0, r28, 31
beq 0xa0
rlwinm. r0, r28, 0, 5, 5
beq 0xf4
addi r3, r27, 0x0
li r4, 0x0
bl fn_8020EEA8
slwi r0, r27, 4
lwz r30, 0x0(r30)


li r29, 0x0
addi r28, r29, 0x0
add r31, r31, r0
lwz r12, 0x160(r31)
cmplwi r12, 0x0
beq 0xe0
stw r28, 0x160(r31)
mtlr r12
addi r3, r27, 0x0
addi r4, r30, 0x0
blrl 
addi r29, r29, 0x1
cmpwi r29, 0x4
addi r31, r31, 0x4
blt 0xc0
b 0x288
mr r3, r27
bl fn_8020EE24
cmpwi r26, 0x0
clrlslwi r26, r3, 16, 8
beq 0x15c
rlwinm. r0, r26, 0, 11, 11
beq 0x15c
lis r3, 0xd0
subi r0, r3, 0x100
addi r4, r29, 0x1f0
and r0, r26, r0
add r4, r31, r4
oris r0, r0, 0x4e10
stw r0, 0x0(r4)

li r0, 0x80
lis r3, GetTypeCallback_802093FC@ha
addi r8, r3, GetTypeCallback_802093FC@l
stw r0, 0x0(r30)

addi r3, r27, 0x0
addi r6, r30, 0x0
li r5, 0x3
li r7, 0x3
li r10, 0x0
li r9, 0x0
bl SITransfer
b 0x288
rlwinm. r0, r28, 0, 11, 11
beq 0x1d4
lis r3, 0xd0
subi r3, r3, 0x100
and r0, r26, r3
and r3, r28, r3
cmplw r0, r3
beq 0x244
rlwinm. r0, r26, 0, 11, 11
bne 0x194
oris r26, r3, 0x10
addi r3, r27, 0x0
extrwi r4, r26, 16, 8
bl fn_8020EEA8
addi r4, r29, 0x1f0
add r4, r31, r4
oris r0, r26, 0x4e00
stw r0, 0x0(r4)
li r0, 0x80
lis r3, GetTypeCallback_802093FC@ha
addi r8, r3, GetTypeCallback_802093FC@l
stw r0, 0x0(r30)

addi r3, r27, 0x0
addi r6, r30, 0x0
li r5, 0x3
li r7, 0x3
li r10, 0x0
li r9, 0x0
bl SITransfer
b 0x288
rlwinm. r0, r28, 0, 1, 1
beq 0x238
lis r3, 0xd0
subi r0, r3, 0x100
and r28, r28, r0
oris r28, r28, 0x10
addi r3, r27, 0x0
extrwi r4, r28, 16, 8
bl fn_8020EEA8
addi r4, r29, 0x1f0
add r4, r31, r4
oris r0, r28, 0x4e00
stw r0, 0x0(r4)
li r0, 0x80
lis r3, GetTypeCallback_802093FC@ha
addi r8, r3, GetTypeCallback_802093FC@l
stw r0, 0x0(r30)
addi r3, r27, 0x0
addi r6, r30, 0x0
li r5, 0x3
li r7, 0x3
li r10, 0x0
li r9, 0x0

bl SITransfer
b 0x288
addi r3, r27, 0x0
li r4, 0x0
bl fn_8020EEA8
slwi r0, r27, 4
lwz r30, 0x0(r30)

li r29, 0x0
addi r28, r29, 0x0
add r31, r31, r0
lwz r12, 0x160(r31)
cmplwi r12, 0x0
beq 0x278
stw r28, 0x160(r31)
mtlr r12
addi r3, r27, 0x0
addi r4, r30, 0x0
blrl 
addi r29, r29, 0x1
cmpwi r29, 0x4
addi r31, r31, 0x4
blt 0x258
lmw r26, 0x18(r1)
lwz r0, 0x34(r1)
addi r1, r1, 0x30
mtlr r0
blr 

=== inline_channel_view ===
--- preserved
+++ inline_channel_view
@@ -41,6 +41,16 @@
     }
 }
 
+void GetTypeCallback_802093FC(s32 chan, u32 error, OSContext *context);
+static inline void FixDevice(SIWork *work, s32 chan, u32 command)
+{
+    u32 *output = (u32 *)((u8 *)work + chan * sizeof(u32));
+    *(output += 0x1F0 / sizeof(u32)) = command;
+    Type_802FCA34[chan] = 0x80;
+    SITransfer(chan, output, 3, &Type_802FCA34[chan], 3,
+               GetTypeCallback_802093FC, 0);
+}
+
 void GetTypeCallback_802093FC(s32 chan, u32 error, OSContext *context)
 {
     SIWork *work = &Packet_80640B68;
@@ -66,11 +76,7 @@
         id = fn_8020EE24(chan) << 8;
 
         if (fix != 0 && (id & 0x100000) != 0) {
-            work->cmdFixDevice[chan] =
-                0x4E000000 | (id & 0xCFFF00) | 0x100000;
-            Type_802FCA34[chan] = 0x80;
-            SITransfer(chan, &work->cmdFixDevice[chan], 3,
-                       &Type_802FCA34[chan], 3, GetTypeCallback_802093FC, 0);
+            FixDevice(work, chan, 0x4E000000 | (id & 0xCFFF00) | 0x100000);
             return;
         }
 
@@ -82,11 +88,7 @@
                     fn_8020EEA8(chan, id >> 8);
                 }
 
-                work->cmdFixDevice[chan] = 0x4E000000 | id;
-                Type_802FCA34[chan] = 0x80;
-                SITransfer(chan, &work->cmdFixDevice[chan], 3,
-                           &Type_802FCA34[chan], 3,
-                           GetTypeCallback_802093FC, 0);
+                FixDevice(work, chan, 0x4E000000 | id);
                 return;
             }
         } else {
@@ -95,11 +97,7 @@
                 id |= 0x100000;
                 fn_8020EEA8(chan, id >> 8);
 
-                work->cmdFixDevice[chan] = 0x4E000000 | id;
-                Type_802FCA34[chan] = 0x80;
-                SITransfer(chan, &work->cmdFixDevice[chan], 3,
-                           &Type_802FCA34[chan], 3,
-                           GetTypeCallback_802093FC, 0);
+                FixDevice(work, chan, 0x4E000000 | id);
                 return;
             }
 
[1/1] MWCC build/GEDE01/src/game/game_fn_802093FC.o
build exit status: 0
 INFO Writing to /home/rabbit/src/darkfoundry-new/.darkfoundry/worktrees/50c29326-0acb-40d9-995f-1837de479183/eternal-darkness-decomp/build/GEDE01/f1f83eb2-experiment.json
left size=664 score=88.710846
mflr r0
stw r0, 0x4(r1)
stwu r1, -0x30(r1)
stmw r26, 0x18(r1)
addi r27, r3, 0x0
lis r3, Type_802FCA34@ha
addi r0, r3, Type_802FCA34@l
slwi r29, r27, 2
add r30, r0, r29
lis r3, Packet_80640B68@ha
addi r26, r4, 0x0
addi r31, r3, Packet_80640B68@l
lwz r0, 0x0(r30)
rlwinm r0, r0, 0, 25, 23
stw r0, 0x0(r30)
lwz r0, 0x0(r30)
or r0, r0, r26
stw r0, 0x0(r30)
bl __OSGetSystemTime
slwi r0, r27, 3
add r5, r31, r0
stw r4, 0x124(r5)
lis r4, 0x8000
clrlwi. r0, r26, 28
stw r3, 0x120(r5)
srw r4, r4, r27
lwz r3, lbl_8064D8D8@sda21
lwz r28, 0x0(r30)
andc r0, r3, r4
stw r0, lbl_8064D8D8@sda21
and r26, r3, r4
bne 0xa0
rlwinm r3, r28, 0, 3, 4
subis r0, r3, 0x800
cmplwi r0, 0x0
bne 0xa0
clrrwi. r0, r28, 31
beq 0xa0
rlwinm. r0, r28, 0, 5, 5
beq 0xf8
addi r3, r27, 0x0
li r4, 0x0
bl fn_8020EEA8
slwi r0, r27, 4
lwz r30, 0x0(r30)
add r31, r31, r0
li r29, 0x0
addi r28, r29, 0x0
addi r31, r31, 0x160

lwz r12, 0x0(r31)
cmplwi r12, 0x0
beq 0xe4
stw r28, 0x0(r31)
mtlr r12
addi r3, r27, 0x0
addi r4, r30, 0x0
blrl 
addi r29, r29, 0x1
cmpwi r29, 0x4
addi r31, r31, 0x4
blt 0xc4
b 0x284
mr r3, r27
bl fn_8020EE24
cmpwi r26, 0x0
clrlslwi r26, r3, 16, 8
beq 0x15c
rlwinm. r0, r26, 0, 11, 11
beq 0x15c
lis r3, 0xd0
subi r0, r3, 0x100
and r0, r26, r0
oris r0, r0, 0x4e10
add r4, r31, r29
stwu r0, 0x1f0(r4)
li r0, 0x80
lis r3, GetTypeCallback_802093FC@ha
stw r0, 0x0(r30)
addi r8, r3, GetTypeCallback_802093FC@l
addi r3, r27, 0x0
addi r6, r30, 0x0
li r5, 0x3
li r7, 0x3
li r10, 0x0
li r9, 0x0
bl SITransfer
b 0x284
rlwinm. r0, r28, 0, 11, 11
beq 0x1d0
lis r3, 0xd0
subi r3, r3, 0x100
and r0, r26, r3
and r3, r28, r3
cmplw r0, r3
beq 0x23c
rlwinm. r0, r26, 0, 11, 11
bne 0x194
oris r26, r3, 0x10
addi r3, r27, 0x0
extrwi r4, r26, 16, 8
bl fn_8020EEA8


oris r0, r26, 0x4e00
add r4, r31, r29
stwu r0, 0x1f0(r4)
li r0, 0x80
lis r3, GetTypeCallback_802093FC@ha
stw r0, 0x0(r30)
addi r8, r3, GetTypeCallback_802093FC@l

addi r3, r27, 0x0
addi r6, r30, 0x0
li r5, 0x3
li r7, 0x3
li r10, 0x0
li r9, 0x0
bl SITransfer
b 0x284
rlwinm. r0, r28, 0, 1, 1
beq 0x230
lis r3, 0xd0
subi r0, r3, 0x100
and r28, r28, r0
oris r28, r28, 0x10
addi r3, r27, 0x0
extrwi r4, r28, 16, 8
bl fn_8020EEA8
oris r0, r28, 0x4e00
add r4, r31, r29

stwu r0, 0x1f0(r4)
li r0, 0x80
lis r3, GetTypeCallback_802093FC@ha
stw r0, 0x0(r30)
addi r8, r3, GetTypeCallback_802093FC@l

addi r3, r27, 0x0
addi r6, r30, 0x0
li r5, 0x3
li r7, 0x3
li r10, 0x0
li r9, 0x0
bl SITransfer
b 0x284
addi r3, r27, 0x0
li r4, 0x0
bl fn_8020EEA8
slwi r0, r27, 4
lwz r30, 0x0(r30)
add r31, r31, r0
li r29, 0x0
addi r28, r29, 0x0
addi r31, r31, 0x160

lwz r12, 0x0(r31)
cmplwi r12, 0x0
beq 0x274
stw r28, 0x0(r31)
mtlr r12
addi r3, r27, 0x0
addi r4, r30, 0x0
blrl 
addi r29, r29, 0x1
cmpwi r29, 0x4
addi r31, r31, 0x4
blt 0x254
lmw r26, 0x18(r1)
lwz r0, 0x34(r1)
addi r1, r1, 0x30
mtlr r0
blr 
right size=664 score=88.710846
mflr r0
stw r0, 0x4(r1)
stwu r1, -0x30(r1)
stmw r26, 0x18(r1)
addi r27, r3, 0x0
lis r3, Type_802FCA34@ha
addi r0, r3, Type_802FCA34@l
slwi r31, r27, 2
add r29, r0, r31
lis r3, Packet_80640B68@ha
addi r26, r4, 0x0
addi r30, r3, Packet_80640B68@l
lwz r0, 0x0(r29)
rlwinm r0, r0, 0, 25, 23
stw r0, 0x0(r29)
lwz r0, 0x0(r29)
or r0, r0, r26
stw r0, 0x0(r29)
bl __OSGetSystemTime
slwi r0, r27, 3
add r5, r30, r0
stw r4, 0x124(r5)
lis r4, 0x8000
clrlwi. r0, r26, 28
stw r3, 0x120(r5)
srw r4, r4, r27
lwz r3, lbl_8064D8D8@sda21
lwz r28, 0x0(r29)
andc r0, r3, r4
stw r0, lbl_8064D8D8@sda21
and r26, r3, r4
bne 0xa0
rlwinm r3, r28, 0, 3, 4
subis r0, r3, 0x800
cmplwi r0, 0x0
bne 0xa0
clrrwi. r0, r28, 31
beq 0xa0
rlwinm. r0, r28, 0, 5, 5
beq 0xf4
addi r3, r27, 0x0
li r4, 0x0
bl fn_8020EEA8
slwi r0, r27, 4
lwz r31, 0x0(r29)


li r29, 0x0
addi r28, r29, 0x0
add r30, r30, r0
lwz r12, 0x160(r30)
cmplwi r12, 0x0
beq 0xe0
stw r28, 0x160(r30)
mtlr r12
addi r3, r27, 0x0
addi r4, r31, 0x0
blrl 
addi r29, r29, 0x1
cmpwi r29, 0x4
addi r30, r30, 0x4
blt 0xc0
b 0x284
mr r3, r27
bl fn_8020EE24
cmpwi r26, 0x0
clrlslwi r26, r3, 16, 8
beq 0x158
rlwinm. r0, r26, 0, 11, 11
beq 0x158
lis r3, 0xd0
subi r0, r3, 0x100
and r0, r26, r0
oris r0, r0, 0x4e10
add r4, r30, r31
stwu r0, 0x1f0(r4)
li r0, 0x80
lis r3, GetTypeCallback_802093FC@ha
stw r0, 0x0(r29)
addi r8, r3, GetTypeCallback_802093FC@l
addi r3, r27, 0x0
addi r6, r29, 0x0
li r5, 0x3
li r7, 0x3
li r10, 0x0
li r9, 0x0
bl SITransfer
b 0x284
rlwinm. r0, r28, 0, 11, 11
beq 0x1d0
lis r3, 0xd0
subi r3, r3, 0x100
and r0, r26, r3
and r3, r28, r3
cmplw r0, r3
beq 0x240
rlwinm. r0, r26, 0, 11, 11
bne 0x190
oris r26, r3, 0x10
addi r3, r27, 0x0
extrwi r4, r26, 16, 8
bl fn_8020EEA8
slwi r0, r27, 2
add r4, r30, r0
oris r0, r26, 0x4e00

stwu r0, 0x1f0(r4)
li r0, 0x80
lis r3, GetTypeCallback_802093FC@ha

addi r8, r3, GetTypeCallback_802093FC@l
stw r0, 0x0(r29)
addi r3, r27, 0x0
addi r6, r29, 0x0
li r5, 0x3
li r7, 0x3
li r10, 0x0
li r9, 0x0
bl SITransfer
b 0x284
rlwinm. r0, r28, 0, 1, 1
beq 0x234
lis r3, 0xd0
subi r0, r3, 0x100
and r28, r28, r0
oris r28, r28, 0x10
addi r3, r27, 0x0
extrwi r4, r28, 16, 8
bl fn_8020EEA8
slwi r0, r27, 2
add r4, r30, r0
oris r0, r28, 0x4e00
stwu r0, 0x1f0(r4)
li r0, 0x80
lis r3, GetTypeCallback_802093FC@ha

addi r8, r3, GetTypeCallback_802093FC@l
stw r0, 0x0(r29)
addi r3, r27, 0x0
addi r6, r29, 0x0
li r5, 0x3
li r7, 0x3
li r10, 0x0
li r9, 0x0
bl SITransfer
b 0x284
addi r3, r27, 0x0
li r4, 0x0
bl fn_8020EEA8
slwi r0, r27, 4
lwz r31, 0x0(r29)


li r29, 0x0
addi r28, r29, 0x0
add r30, r30, r0
lwz r12, 0x160(r30)
cmplwi r12, 0x0
beq 0x274
stw r28, 0x160(r30)
mtlr r12
addi r3, r27, 0x0
addi r4, r31, 0x0
blrl 
addi r29, r29, 0x1
cmpwi r29, 0x4
addi r30, r30, 0x4
blt 0x254
lmw r26, 0x18(r1)
lwz r0, 0x34(r1)
addi r1, r1, 0x30
mtlr r0
blr 

=== inline_command ===
--- preserved
+++ inline_command
@@ -41,6 +41,16 @@
     }
 }
 
+void GetTypeCallback_802093FC(s32 chan, u32 error, OSContext *context);
+static inline void FixDevice(SIWork *work, s32 chan, u32 command)
+{
+    u32 *output = &work->cmdFixDevice[chan];
+    *output = command;
+    Type_802FCA34[chan] = 0x80;
+    SITransfer(chan, output, 3, &Type_802FCA34[chan], 3,
+               GetTypeCallback_802093FC, 0);
+}
+
 void GetTypeCallback_802093FC(s32 chan, u32 error, OSContext *context)
 {
     SIWork *work = &Packet_80640B68;
@@ -66,11 +76,7 @@
         id = fn_8020EE24(chan) << 8;
 
         if (fix != 0 && (id & 0x100000) != 0) {
-            work->cmdFixDevice[chan] =
-                0x4E000000 | (id & 0xCFFF00) | 0x100000;
-            Type_802FCA34[chan] = 0x80;
-            SITransfer(chan, &work->cmdFixDevice[chan], 3,
-                       &Type_802FCA34[chan], 3, GetTypeCallback_802093FC, 0);
+            FixDevice(work, chan, 0x4E000000 | (id & 0xCFFF00) | 0x100000);
             return;
         }
 
@@ -82,11 +88,7 @@
                     fn_8020EEA8(chan, id >> 8);
                 }
 
-                work->cmdFixDevice[chan] = 0x4E000000 | id;
-                Type_802FCA34[chan] = 0x80;
-                SITransfer(chan, &work->cmdFixDevice[chan], 3,
-                           &Type_802FCA34[chan], 3,
-                           GetTypeCallback_802093FC, 0);
+                FixDevice(work, chan, 0x4E000000 | id);
                 return;
             }
         } else {
@@ -95,11 +97,7 @@
                 id |= 0x100000;
                 fn_8020EEA8(chan, id >> 8);
 
-                work->cmdFixDevice[chan] = 0x4E000000 | id;
-                Type_802FCA34[chan] = 0x80;
-                SITransfer(chan, &work->cmdFixDevice[chan], 3,
-                           &Type_802FCA34[chan], 3,
-                           GetTypeCallback_802093FC, 0);
+                FixDevice(work, chan, 0x4E000000 | id);
                 return;
             }
 
[1/1] MWCC build/GEDE01/src/game/game_fn_802093FC.o
build exit status: 0
 INFO Writing to build/GEDE01/f1f83eb2-experiment.json
left size=664 score=87.018074
mflr r0
stw r0, 0x4(r1)
stwu r1, -0x30(r1)
stmw r26, 0x18(r1)
addi r27, r3, 0x0
lis r3, Type_802FCA34@ha
addi r0, r3, Type_802FCA34@l
slwi r29, r27, 2
add r30, r0, r29
lis r3, Packet_80640B68@ha
addi r26, r4, 0x0
addi r31, r3, Packet_80640B68@l
lwz r0, 0x0(r30)
rlwinm r0, r0, 0, 25, 23
stw r0, 0x0(r30)
lwz r0, 0x0(r30)
or r0, r0, r26
stw r0, 0x0(r30)
bl __OSGetSystemTime
slwi r0, r27, 3
add r5, r31, r0
stw r4, 0x124(r5)
lis r4, 0x8000
clrlwi. r0, r26, 28
stw r3, 0x120(r5)
srw r4, r4, r27
lwz r3, lbl_8064D8D8@sda21
lwz r28, 0x0(r30)
andc r0, r3, r4
stw r0, lbl_8064D8D8@sda21
and r26, r3, r4
bne 0xa0
rlwinm r3, r28, 0, 3, 4
subis r0, r3, 0x800
cmplwi r0, 0x0
bne 0xa0
clrrwi. r0, r28, 31
beq 0xa0
rlwinm. r0, r28, 0, 5, 5
beq 0xf8
addi r3, r27, 0x0
li r4, 0x0
bl fn_8020EEA8
slwi r0, r27, 4
lwz r30, 0x0(r30)
add r31, r31, r0
li r29, 0x0
addi r28, r29, 0x0
addi r31, r31, 0x160

lwz r12, 0x0(r31)
cmplwi r12, 0x0
beq 0xe4
stw r28, 0x0(r31)
mtlr r12
addi r3, r27, 0x0
addi r4, r30, 0x0
blrl 
addi r29, r29, 0x1
cmpwi r29, 0x4
addi r31, r31, 0x4
blt 0xc4
b 0x284
mr r3, r27
bl fn_8020EE24
cmpwi r26, 0x0
clrlslwi r26, r3, 16, 8
beq 0x15c
rlwinm. r0, r26, 0, 11, 11
beq 0x15c
lis r3, 0xd0
subi r0, r3, 0x100

and r0, r26, r0

oris r0, r0, 0x4e10
add r4, r31, r29
stwu r0, 0x1f0(r4)
li r0, 0x80
lis r3, GetTypeCallback_802093FC@ha

stw r0, 0x0(r30)
addi r8, r3, GetTypeCallback_802093FC@l
addi r3, r27, 0x0
addi r6, r30, 0x0
li r5, 0x3
li r7, 0x3
li r10, 0x0
li r9, 0x0
bl SITransfer
b 0x284
rlwinm. r0, r28, 0, 11, 11
beq 0x1d0
lis r3, 0xd0
subi r3, r3, 0x100
and r0, r26, r3
and r3, r28, r3
cmplw r0, r3
beq 0x23c
rlwinm. r0, r26, 0, 11, 11
bne 0x194
oris r26, r3, 0x10
addi r3, r27, 0x0
extrwi r4, r26, 16, 8
bl fn_8020EEA8
oris r0, r26, 0x4e00
add r4, r31, r29
stwu r0, 0x1f0(r4)

li r0, 0x80
lis r3, GetTypeCallback_802093FC@ha

stw r0, 0x0(r30)
addi r8, r3, GetTypeCallback_802093FC@l
addi r3, r27, 0x0
addi r6, r30, 0x0
li r5, 0x3
li r7, 0x3
li r10, 0x0
li r9, 0x0
bl SITransfer
b 0x284
rlwinm. r0, r28, 0, 1, 1
beq 0x230
lis r3, 0xd0
subi r0, r3, 0x100
and r28, r28, r0
oris r28, r28, 0x10
addi r3, r27, 0x0
extrwi r4, r28, 16, 8
bl fn_8020EEA8
oris r0, r28, 0x4e00
add r4, r31, r29
stwu r0, 0x1f0(r4)

li r0, 0x80
lis r3, GetTypeCallback_802093FC@ha

stw r0, 0x0(r30)
addi r8, r3, GetTypeCallback_802093FC@l
addi r3, r27, 0x0
addi r6, r30, 0x0
li r5, 0x3
li r7, 0x3
li r10, 0x0
li r9, 0x0
bl SITransfer
b 0x284
addi r3, r27, 0x0
li r4, 0x0
bl fn_8020EEA8
slwi r0, r27, 4
lwz r30, 0x0(r30)
add r31, r31, r0
li r29, 0x0
addi r28, r29, 0x0
addi r31, r31, 0x160
lwz r12, 0x0(r31)
cmplwi r12, 0x0
beq 0x274
stw r28, 0x0(r31)
mtlr r12
addi r3, r27, 0x0
addi r4, r30, 0x0
blrl 
addi r29, r29, 0x1
cmpwi r29, 0x4
addi r31, r31, 0x4
blt 0x254
lmw r26, 0x18(r1)
lwz r0, 0x34(r1)
addi r1, r1, 0x30
mtlr r0
blr 
right size=668 score=87.018074
mflr r0
stw r0, 0x4(r1)
stwu r1, -0x30(r1)
stmw r26, 0x18(r1)
addi r27, r3, 0x0
lis r3, Type_802FCA34@ha
addi r0, r3, Type_802FCA34@l
slwi r29, r27, 2
add r30, r0, r29
lis r3, Packet_80640B68@ha
addi r26, r4, 0x0
addi r31, r3, Packet_80640B68@l
lwz r0, 0x0(r30)
rlwinm r0, r0, 0, 25, 23
stw r0, 0x0(r30)
lwz r0, 0x0(r30)
or r0, r0, r26
stw r0, 0x0(r30)
bl __OSGetSystemTime
slwi r0, r27, 3
add r5, r31, r0
stw r4, 0x124(r5)
lis r4, 0x8000
clrlwi. r0, r26, 28
stw r3, 0x120(r5)
srw r4, r4, r27
lwz r3, lbl_8064D8D8@sda21
lwz r28, 0x0(r30)
andc r0, r3, r4
stw r0, lbl_8064D8D8@sda21
and r26, r3, r4
bne 0xa0
rlwinm r3, r28, 0, 3, 4
subis r0, r3, 0x800
cmplwi r0, 0x0
bne 0xa0
clrrwi. r0, r28, 31
beq 0xa0
rlwinm. r0, r28, 0, 5, 5
beq 0xf4
addi r3, r27, 0x0
li r4, 0x0
bl fn_8020EEA8
slwi r0, r27, 4
lwz r30, 0x0(r30)


li r29, 0x0
addi r28, r29, 0x0
add r31, r31, r0
lwz r12, 0x160(r31)
cmplwi r12, 0x0
beq 0xe0
stw r28, 0x160(r31)
mtlr r12
addi r3, r27, 0x0
addi r4, r30, 0x0
blrl 
addi r29, r29, 0x1
cmpwi r29, 0x4
addi r31, r31, 0x4
blt 0xc0
b 0x288
mr r3, r27
bl fn_8020EE24
cmpwi r26, 0x0
clrlslwi r26, r3, 16, 8
beq 0x15c
rlwinm. r0, r26, 0, 11, 11
beq 0x15c
lis r3, 0xd0
subi r0, r3, 0x100
addi r4, r29, 0x1f0
and r0, r26, r0
add r4, r31, r4
oris r0, r0, 0x4e10
stw r0, 0x0(r4)

li r0, 0x80
lis r3, GetTypeCallback_802093FC@ha
addi r8, r3, GetTypeCallback_802093FC@l
stw r0, 0x0(r30)

addi r3, r27, 0x0
addi r6, r30, 0x0
li r5, 0x3
li r7, 0x3
li r10, 0x0
li r9, 0x0
bl SITransfer
b 0x288
rlwinm. r0, r28, 0, 11, 11
beq 0x1d4
lis r3, 0xd0
subi r3, r3, 0x100
and r0, r26, r3
and r3, r28, r3
cmplw r0, r3
beq 0x244
rlwinm. r0, r26, 0, 11, 11
bne 0x194
oris r26, r3, 0x10
addi r3, r27, 0x0
extrwi r4, r26, 16, 8
bl fn_8020EEA8
addi r4, r29, 0x1f0
add r4, r31, r4
oris r0, r26, 0x4e00
stw r0, 0x0(r4)
li r0, 0x80
lis r3, GetTypeCallback_802093FC@ha
addi r8, r3, GetTypeCallback_802093FC@l
stw r0, 0x0(r30)

addi r3, r27, 0x0
addi r6, r30, 0x0
li r5, 0x3
li r7, 0x3
li r10, 0x0
li r9, 0x0
bl SITransfer
b 0x288
rlwinm. r0, r28, 0, 1, 1
beq 0x238
lis r3, 0xd0
subi r0, r3, 0x100
and r28, r28, r0
oris r28, r28, 0x10
addi r3, r27, 0x0
extrwi r4, r28, 16, 8
bl fn_8020EEA8
addi r4, r29, 0x1f0
add r4, r31, r4
oris r0, r28, 0x4e00
stw r0, 0x0(r4)
li r0, 0x80
lis r3, GetTypeCallback_802093FC@ha
addi r8, r3, GetTypeCallback_802093FC@l
stw r0, 0x0(r30)
addi r3, r27, 0x0
addi r6, r30, 0x0
li r5, 0x3
li r7, 0x3
li r10, 0x0
li r9, 0x0

bl SITransfer
b 0x288
addi r3, r27, 0x0
li r4, 0x0
bl fn_8020EEA8
slwi r0, r27, 4
lwz r30, 0x0(r30)

li r29, 0x0
addi r28, r29, 0x0
add r31, r31, r0
lwz r12, 0x160(r31)
cmplwi r12, 0x0
beq 0x278
stw r28, 0x160(r31)
mtlr r12
addi r3, r27, 0x0
addi r4, r30, 0x0
blrl 
addi r29, r29, 0x1
cmpwi r29, 0x4
addi r31, r31, 0x4
blt 0x258
lmw r26, 0x18(r1)
lwz r0, 0x34(r1)
addi r1, r1, 0x30
mtlr r0
blr 

=== inline_channel_view ===
--- preserved
+++ inline_channel_view
@@ -41,6 +41,16 @@
     }
 }
 
+void GetTypeCallback_802093FC(s32 chan, u32 error, OSContext *context);
+static inline void FixDevice(SIWork *work, s32 chan, u32 command)
+{
+    u32 *output = (u32 *)((u8 *)work + chan * sizeof(u32));
+    *(output += 0x1F0 / sizeof(u32)) = command;
+    Type_802FCA34[chan] = 0x80;
+    SITransfer(chan, output, 3, &Type_802FCA34[chan], 3,
+               GetTypeCallback_802093FC, 0);
+}
+
 void GetTypeCallback_802093FC(s32 chan, u32 error, OSContext *context)
 {
     SIWork *work = &Packet_80640B68;
@@ -66,11 +76,7 @@
         id = fn_8020EE24(chan) << 8;
 
         if (fix != 0 && (id & 0x100000) != 0) {
-            work->cmdFixDevice[chan] =
-                0x4E000000 | (id & 0xCFFF00) | 0x100000;
-            Type_802FCA34[chan] = 0x80;
-            SITransfer(chan, &work->cmdFixDevice[chan], 3,
-                       &Type_802FCA34[chan], 3, GetTypeCallback_802093FC, 0);
+            FixDevice(work, chan, 0x4E000000 | (id & 0xCFFF00) | 0x100000);
             return;
         }
 
@@ -82,11 +88,7 @@
                     fn_8020EEA8(chan, id >> 8);
                 }
 
-                work->cmdFixDevice[chan] = 0x4E000000 | id;
-                Type_802FCA34[chan] = 0x80;
-                SITransfer(chan, &work->cmdFixDevice[chan], 3,
-                           &Type_802FCA34[chan], 3,
-                           GetTypeCallback_802093FC, 0);
+                FixDevice(work, chan, 0x4E000000 | id);
                 return;
             }
         } else {
@@ -95,11 +97,7 @@
                 id |= 0x100000;
                 fn_8020EEA8(chan, id >> 8);
 
-                work->cmdFixDevice[chan] = 0x4E000000 | id;
-                Type_802FCA34[chan] = 0x80;
-                SITransfer(chan, &work->cmdFixDevice[chan], 3,
-                           &Type_802FCA34[chan], 3,
-                           GetTypeCallback_802093FC, 0);
+                FixDevice(work, chan, 0x4E000000 | id);
                 return;
             }
 
[1/1] MWCC build/GEDE01/src/game/game_fn_802093FC.o
build exit status: 0
 INFO Writing to build/GEDE01/f1f83eb2-experiment.json
left size=664 score=88.710846
mflr r0
stw r0, 0x4(r1)
stwu r1, -0x30(r1)
stmw r26, 0x18(r1)
addi r27, r3, 0x0
lis r3, Type_802FCA34@ha
addi r0, r3, Type_802FCA34@l
slwi r29, r27, 2
add r30, r0, r29
lis r3, Packet_80640B68@ha
addi r26, r4, 0x0
addi r31, r3, Packet_80640B68@l
lwz r0, 0x0(r30)
rlwinm r0, r0, 0, 25, 23
stw r0, 0x0(r30)
lwz r0, 0x0(r30)
or r0, r0, r26
stw r0, 0x0(r30)
bl __OSGetSystemTime
slwi r0, r27, 3
add r5, r31, r0
stw r4, 0x124(r5)
lis r4, 0x8000
clrlwi. r0, r26, 28
stw r3, 0x120(r5)
srw r4, r4, r27
lwz r3, lbl_8064D8D8@sda21
lwz r28, 0x0(r30)
andc r0, r3, r4
stw r0, lbl_8064D8D8@sda21
and r26, r3, r4
bne 0xa0
rlwinm r3, r28, 0, 3, 4
subis r0, r3, 0x800
cmplwi r0, 0x0
bne 0xa0
clrrwi. r0, r28, 31
beq 0xa0
rlwinm. r0, r28, 0, 5, 5
beq 0xf8
addi r3, r27, 0x0
li r4, 0x0
bl fn_8020EEA8
slwi r0, r27, 4
lwz r30, 0x0(r30)
add r31, r31, r0
li r29, 0x0
addi r28, r29, 0x0
addi r31, r31, 0x160

lwz r12, 0x0(r31)
cmplwi r12, 0x0
beq 0xe4
stw r28, 0x0(r31)
mtlr r12
addi r3, r27, 0x0
addi r4, r30, 0x0
blrl 
addi r29, r29, 0x1
cmpwi r29, 0x4
addi r31, r31, 0x4
blt 0xc4
b 0x284
mr r3, r27
bl fn_8020EE24
cmpwi r26, 0x0
clrlslwi r26, r3, 16, 8
beq 0x15c
rlwinm. r0, r26, 0, 11, 11
beq 0x15c
lis r3, 0xd0
subi r0, r3, 0x100
and r0, r26, r0
oris r0, r0, 0x4e10
add r4, r31, r29
stwu r0, 0x1f0(r4)
li r0, 0x80
lis r3, GetTypeCallback_802093FC@ha
stw r0, 0x0(r30)
addi r8, r3, GetTypeCallback_802093FC@l
addi r3, r27, 0x0
addi r6, r30, 0x0
li r5, 0x3
li r7, 0x3
li r10, 0x0
li r9, 0x0
bl SITransfer
b 0x284
rlwinm. r0, r28, 0, 11, 11
beq 0x1d0
lis r3, 0xd0
subi r3, r3, 0x100
and r0, r26, r3
and r3, r28, r3
cmplw r0, r3
beq 0x23c
rlwinm. r0, r26, 0, 11, 11
bne 0x194
oris r26, r3, 0x10
addi r3, r27, 0x0
extrwi r4, r26, 16, 8
bl fn_8020EEA8


oris r0, r26, 0x4e00
add r4, r31, r29
stwu r0, 0x1f0(r4)
li r0, 0x80
lis r3, GetTypeCallback_802093FC@ha
stw r0, 0x0(r30)
addi r8, r3, GetTypeCallback_802093FC@l

addi r3, r27, 0x0
addi r6, r30, 0x0
li r5, 0x3
li r7, 0x3
li r10, 0x0
li r9, 0x0
bl SITransfer
b 0x284
rlwinm. r0, r28, 0, 1, 1
beq 0x230
lis r3, 0xd0
subi r0, r3, 0x100
and r28, r28, r0
oris r28, r28, 0x10
addi r3, r27, 0x0
extrwi r4, r28, 16, 8
bl fn_8020EEA8
oris r0, r28, 0x4e00
add r4, r31, r29

stwu r0, 0x1f0(r4)
li r0, 0x80
lis r3, GetTypeCallback_802093FC@ha
stw r0, 0x0(r30)
addi r8, r3, GetTypeCallback_802093FC@l

addi r3, r27, 0x0
addi r6, r30, 0x0
li r5, 0x3
li r7, 0x3
li r10, 0x0
li r9, 0x0
bl SITransfer
b 0x284
addi r3, r27, 0x0
li r4, 0x0
bl fn_8020EEA8
slwi r0, r27, 4
lwz r30, 0x0(r30)
add r31, r31, r0
li r29, 0x0
addi r28, r29, 0x0
addi r31, r31, 0x160

lwz r12, 0x0(r31)
cmplwi r12, 0x0
beq 0x274
stw r28, 0x0(r31)
mtlr r12
addi r3, r27, 0x0
addi r4, r30, 0x0
blrl 
addi r29, r29, 0x1
cmpwi r29, 0x4
addi r31, r31, 0x4
blt 0x254
lmw r26, 0x18(r1)
lwz r0, 0x34(r1)
addi r1, r1, 0x30
mtlr r0
blr 
right size=664 score=88.710846
mflr r0
stw r0, 0x4(r1)
stwu r1, -0x30(r1)
stmw r26, 0x18(r1)
addi r27, r3, 0x0
lis r3, Type_802FCA34@ha
addi r0, r3, Type_802FCA34@l
slwi r31, r27, 2
add r29, r0, r31
lis r3, Packet_80640B68@ha
addi r26, r4, 0x0
addi r30, r3, Packet_80640B68@l
lwz r0, 0x0(r29)
rlwinm r0, r0, 0, 25, 23
stw r0, 0x0(r29)
lwz r0, 0x0(r29)
or r0, r0, r26
stw r0, 0x0(r29)
bl __OSGetSystemTime
slwi r0, r27, 3
add r5, r30, r0
stw r4, 0x124(r5)
lis r4, 0x8000
clrlwi. r0, r26, 28
stw r3, 0x120(r5)
srw r4, r4, r27
lwz r3, lbl_8064D8D8@sda21
lwz r28, 0x0(r29)
andc r0, r3, r4
stw r0, lbl_8064D8D8@sda21
and r26, r3, r4
bne 0xa0
rlwinm r3, r28, 0, 3, 4
subis r0, r3, 0x800
cmplwi r0, 0x0
bne 0xa0
clrrwi. r0, r28, 31
beq 0xa0
rlwinm. r0, r28, 0, 5, 5
beq 0xf4
addi r3, r27, 0x0
li r4, 0x0
bl fn_8020EEA8
slwi r0, r27, 4
lwz r31, 0x0(r29)


li r29, 0x0
addi r28, r29, 0x0
add r30, r30, r0
lwz r12, 0x160(r30)
cmplwi r12, 0x0
beq 0xe0
stw r28, 0x160(r30)
mtlr r12
addi r3, r27, 0x0
addi r4, r31, 0x0
blrl 
addi r29, r29, 0x1
cmpwi r29, 0x4
addi r30, r30, 0x4
blt 0xc0
b 0x284
mr r3, r27
bl fn_8020EE24
cmpwi r26, 0x0
clrlslwi r26, r3, 16, 8
beq 0x158
rlwinm. r0, r26, 0, 11, 11
beq 0x158
lis r3, 0xd0
subi r0, r3, 0x100
and r0, r26, r0
oris r0, r0, 0x4e10
add r4, r30, r31
stwu r0, 0x1f0(r4)
li r0, 0x80
lis r3, GetTypeCallback_802093FC@ha
stw r0, 0x0(r29)
addi r8, r3, GetTypeCallback_802093FC@l
addi r3, r27, 0x0
addi r6, r29, 0x0
li r5, 0x3
li r7, 0x3
li r10, 0x0
li r9, 0x0
bl SITransfer
b 0x284
rlwinm. r0, r28, 0, 11, 11
beq 0x1d0
lis r3, 0xd0
subi r3, r3, 0x100
and r0, r26, r3
and r3, r28, r3
cmplw r0, r3
beq 0x240
rlwinm. r0, r26, 0, 11, 11
bne 0x190
oris r26, r3, 0x10
addi r3, r27, 0x0
extrwi r4, r26, 16, 8
bl fn_8020EEA8
slwi r0, r27, 2
add r4, r30, r0
oris r0, r26, 0x4e00

stwu r0, 0x1f0(r4)
li r0, 0x80
lis r3, GetTypeCallback_802093FC@ha

addi r8, r3, GetTypeCallback_802093FC@l
stw r0, 0x0(r29)
addi r3, r27, 0x0
addi r6, r29, 0x0
li r5, 0x3
li r7, 0x3
li r10, 0x0
li r9, 0x0
bl SITransfer
b 0x284
rlwinm. r0, r28, 0, 1, 1
beq 0x234
lis r3, 0xd0
subi r0, r3, 0x100
and r28, r28, r0
oris r28, r28, 0x10
addi r3, r27, 0x0
extrwi r4, r28, 16, 8
bl fn_8020EEA8
slwi r0, r27, 2
add r4, r30, r0
oris r0, r28, 0x4e00
stwu r0, 0x1f0(r4)
li r0, 0x80
lis r3, GetTypeCallback_802093FC@ha

addi r8, r3, GetTypeCallback_802093FC@l
stw r0, 0x0(r29)
addi r3, r27, 0x0
addi r6, r29, 0x0
li r5, 0x3
li r7, 0x3
li r10, 0x0
li r9, 0x0
bl SITransfer
b 0x284
addi r3, r27, 0x0
li r4, 0x0
bl fn_8020EEA8
slwi r0, r27, 4
lwz r31, 0x0(r29)


li r29, 0x0
addi r28, r29, 0x0
add r30, r30, r0
lwz r12, 0x160(r30)
cmplwi r12, 0x0
beq 0x274
stw r28, 0x160(r30)
mtlr r12
addi r3, r27, 0x0
addi r4, r31, 0x0
blrl 
addi r29, r29, 0x1
cmpwi r29, 0x4
addi r30, r30, 0x4
blt 0x254
lmw r26, 0x18(r1)
lwz r0, 0x34(r1)
addi r1, r1, 0x30
mtlr r0
blr 

=== helper_parameter_order_work_command_chan ===
--- preserved
+++ helper_parameter_order_work_command_chan
@@ -41,6 +41,16 @@
     }
 }
 
+void GetTypeCallback_802093FC(s32 chan, u32 error, OSContext *context);
+static inline void FixDevice(SIWork *work, u32 command, s32 chan)
+{
+    u32 *output = (u32 *)((u8 *)work + chan * sizeof(u32));
+    *(output += 0x1F0 / sizeof(u32)) = command;
+    Type_802FCA34[chan] = 0x80;
+    SITransfer(chan, output, 3, &Type_802FCA34[chan], 3,
+               GetTypeCallback_802093FC, 0);
+}
+
 void GetTypeCallback_802093FC(s32 chan, u32 error, OSContext *context)
 {
     SIWork *work = &Packet_80640B68;
@@ -66,11 +76,7 @@
         id = fn_8020EE24(chan) << 8;
 
         if (fix != 0 && (id & 0x100000) != 0) {
-            work->cmdFixDevice[chan] =
-                0x4E000000 | (id & 0xCFFF00) | 0x100000;
-            Type_802FCA34[chan] = 0x80;
-            SITransfer(chan, &work->cmdFixDevice[chan], 3,
-                       &Type_802FCA34[chan], 3, GetTypeCallback_802093FC, 0);
+            FixDevice(work, 0x4E000000 | (id & 0xCFFF00) | 0x100000, chan);
             return;
         }
 
@@ -82,11 +88,7 @@
                     fn_8020EEA8(chan, id >> 8);
                 }
 
-                work->cmdFixDevice[chan] = 0x4E000000 | id;
-                Type_802FCA34[chan] = 0x80;
-                SITransfer(chan, &work->cmdFixDevice[chan], 3,
-                           &Type_802FCA34[chan], 3,
-                           GetTypeCallback_802093FC, 0);
+                FixDevice(work, 0x4E000000 | id, chan);
                 return;
             }
         } else {
@@ -95,11 +97,7 @@
                 id |= 0x100000;
                 fn_8020EEA8(chan, id >> 8);
 
-                work->cmdFixDevice[chan] = 0x4E000000 | id;
-                Type_802FCA34[chan] = 0x80;
-                SITransfer(chan, &work->cmdFixDevice[chan], 3,
-                           &Type_802FCA34[chan], 3,
-                           GetTypeCallback_802093FC, 0);
+                FixDevice(work, 0x4E000000 | id, chan);
                 return;
             }
 
[1/1] MWCC build/GEDE01/src/game/game_fn_802093FC.o
build exit status: 0
 INFO Writing to build/GEDE01/f1f83eb2-experiment.json
left size=664 score=88.710846
mflr r0
stw r0, 0x4(r1)
stwu r1, -0x30(r1)
stmw r26, 0x18(r1)
addi r27, r3, 0x0
lis r3, Type_802FCA34@ha
addi r0, r3, Type_802FCA34@l
slwi r29, r27, 2
add r30, r0, r29
lis r3, Packet_80640B68@ha
addi r26, r4, 0x0
addi r31, r3, Packet_80640B68@l
lwz r0, 0x0(r30)
rlwinm r0, r0, 0, 25, 23
stw r0, 0x0(r30)
lwz r0, 0x0(r30)
or r0, r0, r26
stw r0, 0x0(r30)
bl __OSGetSystemTime
slwi r0, r27, 3
add r5, r31, r0
stw r4, 0x124(r5)
lis r4, 0x8000
clrlwi. r0, r26, 28
stw r3, 0x120(r5)
srw r4, r4, r27
lwz r3, lbl_8064D8D8@sda21
lwz r28, 0x0(r30)
andc r0, r3, r4
stw r0, lbl_8064D8D8@sda21
and r26, r3, r4
bne 0xa0
rlwinm r3, r28, 0, 3, 4
subis r0, r3, 0x800
cmplwi r0, 0x0
bne 0xa0
clrrwi. r0, r28, 31
beq 0xa0
rlwinm. r0, r28, 0, 5, 5
beq 0xf8
addi r3, r27, 0x0
li r4, 0x0
bl fn_8020EEA8
slwi r0, r27, 4
lwz r30, 0x0(r30)
add r31, r31, r0
li r29, 0x0
addi r28, r29, 0x0
addi r31, r31, 0x160

lwz r12, 0x0(r31)
cmplwi r12, 0x0
beq 0xe4
stw r28, 0x0(r31)
mtlr r12
addi r3, r27, 0x0
addi r4, r30, 0x0
blrl 
addi r29, r29, 0x1
cmpwi r29, 0x4
addi r31, r31, 0x4
blt 0xc4
b 0x284
mr r3, r27
bl fn_8020EE24
cmpwi r26, 0x0
clrlslwi r26, r3, 16, 8
beq 0x15c
rlwinm. r0, r26, 0, 11, 11
beq 0x15c
lis r3, 0xd0
subi r0, r3, 0x100
and r0, r26, r0
oris r0, r0, 0x4e10
add r4, r31, r29
stwu r0, 0x1f0(r4)
li r0, 0x80
lis r3, GetTypeCallback_802093FC@ha
stw r0, 0x0(r30)
addi r8, r3, GetTypeCallback_802093FC@l
addi r3, r27, 0x0
addi r6, r30, 0x0
li r5, 0x3
li r7, 0x3
li r10, 0x0
li r9, 0x0
bl SITransfer
b 0x284
rlwinm. r0, r28, 0, 11, 11
beq 0x1d0
lis r3, 0xd0
subi r3, r3, 0x100
and r0, r26, r3
and r3, r28, r3
cmplw r0, r3
beq 0x23c
rlwinm. r0, r26, 0, 11, 11
bne 0x194
oris r26, r3, 0x10
addi r3, r27, 0x0
extrwi r4, r26, 16, 8
bl fn_8020EEA8


oris r0, r26, 0x4e00
add r4, r31, r29
stwu r0, 0x1f0(r4)
li r0, 0x80
lis r3, GetTypeCallback_802093FC@ha
stw r0, 0x0(r30)
addi r8, r3, GetTypeCallback_802093FC@l

addi r3, r27, 0x0
addi r6, r30, 0x0
li r5, 0x3
li r7, 0x3
li r10, 0x0
li r9, 0x0
bl SITransfer
b 0x284
rlwinm. r0, r28, 0, 1, 1
beq 0x230
lis r3, 0xd0
subi r0, r3, 0x100
and r28, r28, r0
oris r28, r28, 0x10
addi r3, r27, 0x0
extrwi r4, r28, 16, 8
bl fn_8020EEA8
oris r0, r28, 0x4e00
add r4, r31, r29

stwu r0, 0x1f0(r4)
li r0, 0x80
lis r3, GetTypeCallback_802093FC@ha
stw r0, 0x0(r30)
addi r8, r3, GetTypeCallback_802093FC@l

addi r3, r27, 0x0
addi r6, r30, 0x0
li r5, 0x3
li r7, 0x3
li r10, 0x0
li r9, 0x0
bl SITransfer
b 0x284
addi r3, r27, 0x0
li r4, 0x0
bl fn_8020EEA8
slwi r0, r27, 4
lwz r30, 0x0(r30)
add r31, r31, r0
li r29, 0x0
addi r28, r29, 0x0
addi r31, r31, 0x160

lwz r12, 0x0(r31)
cmplwi r12, 0x0
beq 0x274
stw r28, 0x0(r31)
mtlr r12
addi r3, r27, 0x0
addi r4, r30, 0x0
blrl 
addi r29, r29, 0x1
cmpwi r29, 0x4
addi r31, r31, 0x4
blt 0x254
lmw r26, 0x18(r1)
lwz r0, 0x34(r1)
addi r1, r1, 0x30
mtlr r0
blr 
right size=664 score=88.710846
mflr r0
stw r0, 0x4(r1)
stwu r1, -0x30(r1)
stmw r26, 0x18(r1)
addi r27, r3, 0x0
lis r3, Type_802FCA34@ha
addi r0, r3, Type_802FCA34@l
slwi r31, r27, 2
add r29, r0, r31
lis r3, Packet_80640B68@ha
addi r26, r4, 0x0
addi r30, r3, Packet_80640B68@l
lwz r0, 0x0(r29)
rlwinm r0, r0, 0, 25, 23
stw r0, 0x0(r29)
lwz r0, 0x0(r29)
or r0, r0, r26
stw r0, 0x0(r29)
bl __OSGetSystemTime
slwi r0, r27, 3
add r5, r30, r0
stw r4, 0x124(r5)
lis r4, 0x8000
clrlwi. r0, r26, 28
stw r3, 0x120(r5)
srw r4, r4, r27
lwz r3, lbl_8064D8D8@sda21
lwz r28, 0x0(r29)
andc r0, r3, r4
stw r0, lbl_8064D8D8@sda21
and r26, r3, r4
bne 0xa0
rlwinm r3, r28, 0, 3, 4
subis r0, r3, 0x800
cmplwi r0, 0x0
bne 0xa0
clrrwi. r0, r28, 31
beq 0xa0
rlwinm. r0, r28, 0, 5, 5
beq 0xf4
addi r3, r27, 0x0
li r4, 0x0
bl fn_8020EEA8
slwi r0, r27, 4
lwz r31, 0x0(r29)


li r29, 0x0
addi r28, r29, 0x0
add r30, r30, r0
lwz r12, 0x160(r30)
cmplwi r12, 0x0
beq 0xe0
stw r28, 0x160(r30)
mtlr r12
addi r3, r27, 0x0
addi r4, r31, 0x0
blrl 
addi r29, r29, 0x1
cmpwi r29, 0x4
addi r30, r30, 0x4
blt 0xc0
b 0x284
mr r3, r27
bl fn_8020EE24
cmpwi r26, 0x0
clrlslwi r26, r3, 16, 8
beq 0x158
rlwinm. r0, r26, 0, 11, 11
beq 0x158
lis r3, 0xd0
subi r0, r3, 0x100
and r0, r26, r0
oris r0, r0, 0x4e10
add r4, r30, r31
stwu r0, 0x1f0(r4)
li r0, 0x80
lis r3, GetTypeCallback_802093FC@ha
stw r0, 0x0(r29)
addi r8, r3, GetTypeCallback_802093FC@l
addi r3, r27, 0x0
addi r6, r29, 0x0
li r5, 0x3
li r7, 0x3
li r10, 0x0
li r9, 0x0
bl SITransfer
b 0x284
rlwinm. r0, r28, 0, 11, 11
beq 0x1d0
lis r3, 0xd0
subi r3, r3, 0x100
and r0, r26, r3
and r3, r28, r3
cmplw r0, r3
beq 0x240
rlwinm. r0, r26, 0, 11, 11
bne 0x190
oris r26, r3, 0x10
addi r3, r27, 0x0
extrwi r4, r26, 16, 8
bl fn_8020EEA8
slwi r0, r27, 2
add r4, r30, r0
oris r0, r26, 0x4e00

stwu r0, 0x1f0(r4)
li r0, 0x80
lis r3, GetTypeCallback_802093FC@ha

addi r8, r3, GetTypeCallback_802093FC@l
stw r0, 0x0(r29)
addi r3, r27, 0x0
addi r6, r29, 0x0
li r5, 0x3
li r7, 0x3
li r10, 0x0
li r9, 0x0
bl SITransfer
b 0x284
rlwinm. r0, r28, 0, 1, 1
beq 0x234
lis r3, 0xd0
subi r0, r3, 0x100
and r28, r28, r0
oris r28, r28, 0x10
addi r3, r27, 0x0
extrwi r4, r28, 16, 8
bl fn_8020EEA8
slwi r0, r27, 2
add r4, r30, r0
oris r0, r28, 0x4e00
stwu r0, 0x1f0(r4)
li r0, 0x80
lis r3, GetTypeCallback_802093FC@ha

addi r8, r3, GetTypeCallback_802093FC@l
stw r0, 0x0(r29)
addi r3, r27, 0x0
addi r6, r29, 0x0
li r5, 0x3
li r7, 0x3
li r10, 0x0
li r9, 0x0
bl SITransfer
b 0x284
addi r3, r27, 0x0
li r4, 0x0
bl fn_8020EEA8
slwi r0, r27, 4
lwz r31, 0x0(r29)


li r29, 0x0
addi r28, r29, 0x0
add r30, r30, r0
lwz r12, 0x160(r30)
cmplwi r12, 0x0
beq 0x274
stw r28, 0x160(r30)
mtlr r12
addi r3, r27, 0x0
addi r4, r31, 0x0
blrl 
addi r29, r29, 0x1
cmpwi r29, 0x4
addi r30, r30, 0x4
blt 0x254
lmw r26, 0x18(r1)
lwz r0, 0x34(r1)
addi r1, r1, 0x30
mtlr r0
blr 

=== helper_parameter_order_chan_work_command ===
--- preserved
+++ helper_parameter_order_chan_work_command
@@ -41,6 +41,16 @@
     }
 }
 
+void GetTypeCallback_802093FC(s32 chan, u32 error, OSContext *context);
+static inline void FixDevice(s32 chan, SIWork *work, u32 command)
+{
+    u32 *output = (u32 *)((u8 *)work + chan * sizeof(u32));
+    *(output += 0x1F0 / sizeof(u32)) = command;
+    Type_802FCA34[chan] = 0x80;
+    SITransfer(chan, output, 3, &Type_802FCA34[chan], 3,
+               GetTypeCallback_802093FC, 0);
+}
+
 void GetTypeCallback_802093FC(s32 chan, u32 error, OSContext *context)
 {
     SIWork *work = &Packet_80640B68;
@@ -66,11 +76,7 @@
         id = fn_8020EE24(chan) << 8;
 
         if (fix != 0 && (id & 0x100000) != 0) {
-            work->cmdFixDevice[chan] =
-                0x4E000000 | (id & 0xCFFF00) | 0x100000;
-            Type_802FCA34[chan] = 0x80;
-            SITransfer(chan, &work->cmdFixDevice[chan], 3,
-                       &Type_802FCA34[chan], 3, GetTypeCallback_802093FC, 0);
+            FixDevice(chan, work, 0x4E000000 | (id & 0xCFFF00) | 0x100000);
             return;
         }
 
@@ -82,11 +88,7 @@
                     fn_8020EEA8(chan, id >> 8);
                 }
 
-                work->cmdFixDevice[chan] = 0x4E000000 | id;
-                Type_802FCA34[chan] = 0x80;
-                SITransfer(chan, &work->cmdFixDevice[chan], 3,
-                           &Type_802FCA34[chan], 3,
-                           GetTypeCallback_802093FC, 0);
+                FixDevice(chan, work, 0x4E000000 | id);
                 return;
             }
         } else {
@@ -95,11 +97,7 @@
                 id |= 0x100000;
                 fn_8020EEA8(chan, id >> 8);
 
-                work->cmdFixDevice[chan] = 0x4E000000 | id;
-                Type_802FCA34[chan] = 0x80;
-                SITransfer(chan, &work->cmdFixDevice[chan], 3,
-                           &Type_802FCA34[chan], 3,
-                           GetTypeCallback_802093FC, 0);
+                FixDevice(chan, work, 0x4E000000 | id);
                 return;
             }
 
[1/1] MWCC build/GEDE01/src/game/game_fn_802093FC.o
build exit status: 0
 INFO Writing to build/GEDE01/f1f83eb2-experiment.json
left size=664 score=88.710846
mflr r0
stw r0, 0x4(r1)
stwu r1, -0x30(r1)
stmw r26, 0x18(r1)
addi r27, r3, 0x0
lis r3, Type_802FCA34@ha
addi r0, r3, Type_802FCA34@l
slwi r29, r27, 2
add r30, r0, r29
lis r3, Packet_80640B68@ha
addi r26, r4, 0x0
addi r31, r3, Packet_80640B68@l
lwz r0, 0x0(r30)
rlwinm r0, r0, 0, 25, 23
stw r0, 0x0(r30)
lwz r0, 0x0(r30)
or r0, r0, r26
stw r0, 0x0(r30)
bl __OSGetSystemTime
slwi r0, r27, 3
add r5, r31, r0
stw r4, 0x124(r5)
lis r4, 0x8000
clrlwi. r0, r26, 28
stw r3, 0x120(r5)
srw r4, r4, r27
lwz r3, lbl_8064D8D8@sda21
lwz r28, 0x0(r30)
andc r0, r3, r4
stw r0, lbl_8064D8D8@sda21
and r26, r3, r4
bne 0xa0
rlwinm r3, r28, 0, 3, 4
subis r0, r3, 0x800
cmplwi r0, 0x0
bne 0xa0
clrrwi. r0, r28, 31
beq 0xa0
rlwinm. r0, r28, 0, 5, 5
beq 0xf8
addi r3, r27, 0x0
li r4, 0x0
bl fn_8020EEA8
slwi r0, r27, 4
lwz r30, 0x0(r30)
add r31, r31, r0
li r29, 0x0
addi r28, r29, 0x0
addi r31, r31, 0x160

lwz r12, 0x0(r31)
cmplwi r12, 0x0
beq 0xe4
stw r28, 0x0(r31)
mtlr r12
addi r3, r27, 0x0
addi r4, r30, 0x0
blrl 
addi r29, r29, 0x1
cmpwi r29, 0x4
addi r31, r31, 0x4
blt 0xc4
b 0x284
mr r3, r27
bl fn_8020EE24
cmpwi r26, 0x0
clrlslwi r26, r3, 16, 8
beq 0x15c
rlwinm. r0, r26, 0, 11, 11
beq 0x15c
lis r3, 0xd0
subi r0, r3, 0x100
and r0, r26, r0
oris r0, r0, 0x4e10
add r4, r31, r29
stwu r0, 0x1f0(r4)
li r0, 0x80
lis r3, GetTypeCallback_802093FC@ha
stw r0, 0x0(r30)
addi r8, r3, GetTypeCallback_802093FC@l
addi r3, r27, 0x0
addi r6, r30, 0x0
li r5, 0x3
li r7, 0x3
li r10, 0x0
li r9, 0x0
bl SITransfer
b 0x284
rlwinm. r0, r28, 0, 11, 11
beq 0x1d0
lis r3, 0xd0
subi r3, r3, 0x100
and r0, r26, r3
and r3, r28, r3
cmplw r0, r3
beq 0x23c
rlwinm. r0, r26, 0, 11, 11
bne 0x194
oris r26, r3, 0x10
addi r3, r27, 0x0
extrwi r4, r26, 16, 8
bl fn_8020EEA8


oris r0, r26, 0x4e00
add r4, r31, r29
stwu r0, 0x1f0(r4)
li r0, 0x80
lis r3, GetTypeCallback_802093FC@ha
stw r0, 0x0(r30)
addi r8, r3, GetTypeCallback_802093FC@l

addi r3, r27, 0x0
addi r6, r30, 0x0
li r5, 0x3
li r7, 0x3
li r10, 0x0
li r9, 0x0
bl SITransfer
b 0x284
rlwinm. r0, r28, 0, 1, 1
beq 0x230
lis r3, 0xd0
subi r0, r3, 0x100
and r28, r28, r0
oris r28, r28, 0x10
addi r3, r27, 0x0
extrwi r4, r28, 16, 8
bl fn_8020EEA8
oris r0, r28, 0x4e00
add r4, r31, r29

stwu r0, 0x1f0(r4)
li r0, 0x80
lis r3, GetTypeCallback_802093FC@ha
stw r0, 0x0(r30)
addi r8, r3, GetTypeCallback_802093FC@l

addi r3, r27, 0x0
addi r6, r30, 0x0
li r5, 0x3
li r7, 0x3
li r10, 0x0
li r9, 0x0
bl SITransfer
b 0x284
addi r3, r27, 0x0
li r4, 0x0
bl fn_8020EEA8
slwi r0, r27, 4
lwz r30, 0x0(r30)
add r31, r31, r0
li r29, 0x0
addi r28, r29, 0x0
addi r31, r31, 0x160

lwz r12, 0x0(r31)
cmplwi r12, 0x0
beq 0x274
stw r28, 0x0(r31)
mtlr r12
addi r3, r27, 0x0
addi r4, r30, 0x0
blrl 
addi r29, r29, 0x1
cmpwi r29, 0x4
addi r31, r31, 0x4
blt 0x254
lmw r26, 0x18(r1)
lwz r0, 0x34(r1)
addi r1, r1, 0x30
mtlr r0
blr 
right size=664 score=88.710846
mflr r0
stw r0, 0x4(r1)
stwu r1, -0x30(r1)
stmw r26, 0x18(r1)
addi r27, r3, 0x0
lis r3, Type_802FCA34@ha
addi r0, r3, Type_802FCA34@l
slwi r31, r27, 2
add r29, r0, r31
lis r3, Packet_80640B68@ha
addi r26, r4, 0x0
addi r30, r3, Packet_80640B68@l
lwz r0, 0x0(r29)
rlwinm r0, r0, 0, 25, 23
stw r0, 0x0(r29)
lwz r0, 0x0(r29)
or r0, r0, r26
stw r0, 0x0(r29)
bl __OSGetSystemTime
slwi r0, r27, 3
add r5, r30, r0
stw r4, 0x124(r5)
lis r4, 0x8000
clrlwi. r0, r26, 28
stw r3, 0x120(r5)
srw r4, r4, r27
lwz r3, lbl_8064D8D8@sda21
lwz r28, 0x0(r29)
andc r0, r3, r4
stw r0, lbl_8064D8D8@sda21
and r26, r3, r4
bne 0xa0
rlwinm r3, r28, 0, 3, 4
subis r0, r3, 0x800
cmplwi r0, 0x0
bne 0xa0
clrrwi. r0, r28, 31
beq 0xa0
rlwinm. r0, r28, 0, 5, 5
beq 0xf4
addi r3, r27, 0x0
li r4, 0x0
bl fn_8020EEA8
slwi r0, r27, 4
lwz r31, 0x0(r29)


li r29, 0x0
addi r28, r29, 0x0
add r30, r30, r0
lwz r12, 0x160(r30)
cmplwi r12, 0x0
beq 0xe0
stw r28, 0x160(r30)
mtlr r12
addi r3, r27, 0x0
addi r4, r31, 0x0
blrl 
addi r29, r29, 0x1
cmpwi r29, 0x4
addi r30, r30, 0x4
blt 0xc0
b 0x284
mr r3, r27
bl fn_8020EE24
cmpwi r26, 0x0
clrlslwi r26, r3, 16, 8
beq 0x158
rlwinm. r0, r26, 0, 11, 11
beq 0x158
lis r3, 0xd0
subi r0, r3, 0x100
and r0, r26, r0
oris r0, r0, 0x4e10
add r4, r30, r31
stwu r0, 0x1f0(r4)
li r0, 0x80
lis r3, GetTypeCallback_802093FC@ha
stw r0, 0x0(r29)
addi r8, r3, GetTypeCallback_802093FC@l
addi r3, r27, 0x0
addi r6, r29, 0x0
li r5, 0x3
li r7, 0x3
li r10, 0x0
li r9, 0x0
bl SITransfer
b 0x284
rlwinm. r0, r28, 0, 11, 11
beq 0x1d0
lis r3, 0xd0
subi r3, r3, 0x100
and r0, r26, r3
and r3, r28, r3
cmplw r0, r3
beq 0x240
rlwinm. r0, r26, 0, 11, 11
bne 0x190
oris r26, r3, 0x10
addi r3, r27, 0x0
extrwi r4, r26, 16, 8
bl fn_8020EEA8
slwi r0, r27, 2
add r4, r30, r0
oris r0, r26, 0x4e00

stwu r0, 0x1f0(r4)
li r0, 0x80
lis r3, GetTypeCallback_802093FC@ha

addi r8, r3, GetTypeCallback_802093FC@l
stw r0, 0x0(r29)
addi r3, r27, 0x0
addi r6, r29, 0x0
li r5, 0x3
li r7, 0x3
li r10, 0x0
li r9, 0x0
bl SITransfer
b 0x284
rlwinm. r0, r28, 0, 1, 1
beq 0x234
lis r3, 0xd0
subi r0, r3, 0x100
and r28, r28, r0
oris r28, r28, 0x10
addi r3, r27, 0x0
extrwi r4, r28, 16, 8
bl fn_8020EEA8
slwi r0, r27, 2
add r4, r30, r0
oris r0, r28, 0x4e00
stwu r0, 0x1f0(r4)
li r0, 0x80
lis r3, GetTypeCallback_802093FC@ha

addi r8, r3, GetTypeCallback_802093FC@l
stw r0, 0x0(r29)
addi r3, r27, 0x0
addi r6, r29, 0x0
li r5, 0x3
li r7, 0x3
li r10, 0x0
li r9, 0x0
bl SITransfer
b 0x284
addi r3, r27, 0x0
li r4, 0x0
bl fn_8020EEA8
slwi r0, r27, 4
lwz r31, 0x0(r29)


li r29, 0x0
addi r28, r29, 0x0
add r30, r30, r0
lwz r12, 0x160(r30)
cmplwi r12, 0x0
beq 0x274
stw r28, 0x160(r30)
mtlr r12
addi r3, r27, 0x0
addi r4, r31, 0x0
blrl 
addi r29, r29, 0x1
cmpwi r29, 0x4
addi r30, r30, 0x4
blt 0x254
lmw r26, 0x18(r1)
lwz r0, 0x34(r1)
addi r1, r1, 0x30
mtlr r0
blr 

=== helper_parameter_order_chan_command_work ===
--- preserved
+++ helper_parameter_order_chan_command_work
@@ -41,6 +41,16 @@
     }
 }
 
+void GetTypeCallback_802093FC(s32 chan, u32 error, OSContext *context);
+static inline void FixDevice(s32 chan, u32 command, SIWork *work)
+{
+    u32 *output = (u32 *)((u8 *)work + chan * sizeof(u32));
+    *(output += 0x1F0 / sizeof(u32)) = command;
+    Type_802FCA34[chan] = 0x80;
+    SITransfer(chan, output, 3, &Type_802FCA34[chan], 3,
+               GetTypeCallback_802093FC, 0);
+}
+
 void GetTypeCallback_802093FC(s32 chan, u32 error, OSContext *context)
 {
     SIWork *work = &Packet_80640B68;
@@ -66,11 +76,7 @@
         id = fn_8020EE24(chan) << 8;
 
         if (fix != 0 && (id & 0x100000) != 0) {
-            work->cmdFixDevice[chan] =
-                0x4E000000 | (id & 0xCFFF00) | 0x100000;
-            Type_802FCA34[chan] = 0x80;
-            SITransfer(chan, &work->cmdFixDevice[chan], 3,
-                       &Type_802FCA34[chan], 3, GetTypeCallback_802093FC, 0);
+            FixDevice(chan, 0x4E000000 | (id & 0xCFFF00) | 0x100000, work);
             return;
         }
 
@@ -82,11 +88,7 @@
                     fn_8020EEA8(chan, id >> 8);
                 }
 
-                work->cmdFixDevice[chan] = 0x4E000000 | id;
-                Type_802FCA34[chan] = 0x80;
-                SITransfer(chan, &work->cmdFixDevice[chan], 3,
-                           &Type_802FCA34[chan], 3,
-                           GetTypeCallback_802093FC, 0);
+                FixDevice(chan, 0x4E000000 | id, work);
                 return;
             }
         } else {
@@ -95,11 +97,7 @@
                 id |= 0x100000;
                 fn_8020EEA8(chan, id >> 8);
 
-                work->cmdFixDevice[chan] = 0x4E000000 | id;
-                Type_802FCA34[chan] = 0x80;
-                SITransfer(chan, &work->cmdFixDevice[chan], 3,
-                           &Type_802FCA34[chan], 3,
-                           GetTypeCallback_802093FC, 0);
+                FixDevice(chan, 0x4E000000 | id, work);
                 return;
             }
 
[1/1] MWCC build/GEDE01/src/game/game_fn_802093FC.o
build exit status: 0
 INFO Writing to build/GEDE01/f1f83eb2-experiment.json
left size=664 score=88.710846
mflr r0
stw r0, 0x4(r1)
stwu r1, -0x30(r1)
stmw r26, 0x18(r1)
addi r27, r3, 0x0
lis r3, Type_802FCA34@ha
addi r0, r3, Type_802FCA34@l
slwi r29, r27, 2
add r30, r0, r29
lis r3, Packet_80640B68@ha
addi r26, r4, 0x0
addi r31, r3, Packet_80640B68@l
lwz r0, 0x0(r30)
rlwinm r0, r0, 0, 25, 23
stw r0, 0x0(r30)
lwz r0, 0x0(r30)
or r0, r0, r26
stw r0, 0x0(r30)
bl __OSGetSystemTime
slwi r0, r27, 3
add r5, r31, r0
stw r4, 0x124(r5)
lis r4, 0x8000
clrlwi. r0, r26, 28
stw r3, 0x120(r5)
srw r4, r4, r27
lwz r3, lbl_8064D8D8@sda21
lwz r28, 0x0(r30)
andc r0, r3, r4
stw r0, lbl_8064D8D8@sda21
and r26, r3, r4
bne 0xa0
rlwinm r3, r28, 0, 3, 4
subis r0, r3, 0x800
cmplwi r0, 0x0
bne 0xa0
clrrwi. r0, r28, 31
beq 0xa0
rlwinm. r0, r28, 0, 5, 5
beq 0xf8
addi r3, r27, 0x0
li r4, 0x0
bl fn_8020EEA8
slwi r0, r27, 4
lwz r30, 0x0(r30)
add r31, r31, r0
li r29, 0x0
addi r28, r29, 0x0
addi r31, r31, 0x160

lwz r12, 0x0(r31)
cmplwi r12, 0x0
beq 0xe4
stw r28, 0x0(r31)
mtlr r12
addi r3, r27, 0x0
addi r4, r30, 0x0
blrl 
addi r29, r29, 0x1
cmpwi r29, 0x4
addi r31, r31, 0x4
blt 0xc4
b 0x284
mr r3, r27
bl fn_8020EE24
cmpwi r26, 0x0
clrlslwi r26, r3, 16, 8
beq 0x15c
rlwinm. r0, r26, 0, 11, 11
beq 0x15c
lis r3, 0xd0
subi r0, r3, 0x100
and r0, r26, r0
oris r0, r0, 0x4e10
add r4, r31, r29
stwu r0, 0x1f0(r4)
li r0, 0x80
lis r3, GetTypeCallback_802093FC@ha
stw r0, 0x0(r30)
addi r8, r3, GetTypeCallback_802093FC@l
addi r3, r27, 0x0
addi r6, r30, 0x0
li r5, 0x3
li r7, 0x3
li r10, 0x0
li r9, 0x0
bl SITransfer
b 0x284
rlwinm. r0, r28, 0, 11, 11
beq 0x1d0
lis r3, 0xd0
subi r3, r3, 0x100
and r0, r26, r3
and r3, r28, r3
cmplw r0, r3
beq 0x23c
rlwinm. r0, r26, 0, 11, 11
bne 0x194
oris r26, r3, 0x10
addi r3, r27, 0x0
extrwi r4, r26, 16, 8
bl fn_8020EEA8


oris r0, r26, 0x4e00
add r4, r31, r29
stwu r0, 0x1f0(r4)
li r0, 0x80
lis r3, GetTypeCallback_802093FC@ha
stw r0, 0x0(r30)
addi r8, r3, GetTypeCallback_802093FC@l

addi r3, r27, 0x0
addi r6, r30, 0x0
li r5, 0x3
li r7, 0x3
li r10, 0x0
li r9, 0x0
bl SITransfer
b 0x284
rlwinm. r0, r28, 0, 1, 1
beq 0x230
lis r3, 0xd0
subi r0, r3, 0x100
and r28, r28, r0
oris r28, r28, 0x10
addi r3, r27, 0x0
extrwi r4, r28, 16, 8
bl fn_8020EEA8
oris r0, r28, 0x4e00
add r4, r31, r29

stwu r0, 0x1f0(r4)
li r0, 0x80
lis r3, GetTypeCallback_802093FC@ha
stw r0, 0x0(r30)
addi r8, r3, GetTypeCallback_802093FC@l

addi r3, r27, 0x0
addi r6, r30, 0x0
li r5, 0x3
li r7, 0x3
li r10, 0x0
li r9, 0x0
bl SITransfer
b 0x284
addi r3, r27, 0x0
li r4, 0x0
bl fn_8020EEA8
slwi r0, r27, 4
lwz r30, 0x0(r30)
add r31, r31, r0
li r29, 0x0
addi r28, r29, 0x0
addi r31, r31, 0x160

lwz r12, 0x0(r31)
cmplwi r12, 0x0
beq 0x274
stw r28, 0x0(r31)
mtlr r12
addi r3, r27, 0x0
addi r4, r30, 0x0
blrl 
addi r29, r29, 0x1
cmpwi r29, 0x4
addi r31, r31, 0x4
blt 0x254
lmw r26, 0x18(r1)
lwz r0, 0x34(r1)
addi r1, r1, 0x30
mtlr r0
blr 
right size=664 score=88.710846
mflr r0
stw r0, 0x4(r1)
stwu r1, -0x30(r1)
stmw r26, 0x18(r1)
addi r27, r3, 0x0
lis r3, Type_802FCA34@ha
addi r0, r3, Type_802FCA34@l
slwi r31, r27, 2
add r29, r0, r31
lis r3, Packet_80640B68@ha
addi r26, r4, 0x0
addi r30, r3, Packet_80640B68@l
lwz r0, 0x0(r29)
rlwinm r0, r0, 0, 25, 23
stw r0, 0x0(r29)
lwz r0, 0x0(r29)
or r0, r0, r26
stw r0, 0x0(r29)
bl __OSGetSystemTime
slwi r0, r27, 3
add r5, r30, r0
stw r4, 0x124(r5)
lis r4, 0x8000
clrlwi. r0, r26, 28
stw r3, 0x120(r5)
srw r4, r4, r27
lwz r3, lbl_8064D8D8@sda21
lwz r28, 0x0(r29)
andc r0, r3, r4
stw r0, lbl_8064D8D8@sda21
and r26, r3, r4
bne 0xa0
rlwinm r3, r28, 0, 3, 4
subis r0, r3, 0x800
cmplwi r0, 0x0
bne 0xa0
clrrwi. r0, r28, 31
beq 0xa0
rlwinm. r0, r28, 0, 5, 5
beq 0xf4
addi r3, r27, 0x0
li r4, 0x0
bl fn_8020EEA8
slwi r0, r27, 4
lwz r31, 0x0(r29)


li r29, 0x0
addi r28, r29, 0x0
add r30, r30, r0
lwz r12, 0x160(r30)
cmplwi r12, 0x0
beq 0xe0
stw r28, 0x160(r30)
mtlr r12
addi r3, r27, 0x0
addi r4, r31, 0x0
blrl 
addi r29, r29, 0x1
cmpwi r29, 0x4
addi r30, r30, 0x4
blt 0xc0
b 0x284
mr r3, r27
bl fn_8020EE24
cmpwi r26, 0x0
clrlslwi r26, r3, 16, 8
beq 0x158
rlwinm. r0, r26, 0, 11, 11
beq 0x158
lis r3, 0xd0
subi r0, r3, 0x100
and r0, r26, r0
oris r0, r0, 0x4e10
add r4, r30, r31
stwu r0, 0x1f0(r4)
li r0, 0x80
lis r3, GetTypeCallback_802093FC@ha
stw r0, 0x0(r29)
addi r8, r3, GetTypeCallback_802093FC@l
addi r3, r27, 0x0
addi r6, r29, 0x0
li r5, 0x3
li r7, 0x3
li r10, 0x0
li r9, 0x0
bl SITransfer
b 0x284
rlwinm. r0, r28, 0, 11, 11
beq 0x1d0
lis r3, 0xd0
subi r3, r3, 0x100
and r0, r26, r3
and r3, r28, r3
cmplw r0, r3
beq 0x240
rlwinm. r0, r26, 0, 11, 11
bne 0x190
oris r26, r3, 0x10
addi r3, r27, 0x0
extrwi r4, r26, 16, 8
bl fn_8020EEA8
slwi r0, r27, 2
add r4, r30, r0
oris r0, r26, 0x4e00

stwu r0, 0x1f0(r4)
li r0, 0x80
lis r3, GetTypeCallback_802093FC@ha

addi r8, r3, GetTypeCallback_802093FC@l
stw r0, 0x0(r29)
addi r3, r27, 0x0
addi r6, r29, 0x0
li r5, 0x3
li r7, 0x3
li r10, 0x0
li r9, 0x0
bl SITransfer
b 0x284
rlwinm. r0, r28, 0, 1, 1
beq 0x234
lis r3, 0xd0
subi r0, r3, 0x100
and r28, r28, r0
oris r28, r28, 0x10
addi r3, r27, 0x0
extrwi r4, r28, 16, 8
bl fn_8020EEA8
slwi r0, r27, 2
add r4, r30, r0
oris r0, r28, 0x4e00
stwu r0, 0x1f0(r4)
li r0, 0x80
lis r3, GetTypeCallback_802093FC@ha

addi r8, r3, GetTypeCallback_802093FC@l
stw r0, 0x0(r29)
addi r3, r27, 0x0
addi r6, r29, 0x0
li r5, 0x3
li r7, 0x3
li r10, 0x0
li r9, 0x0
bl SITransfer
b 0x284
addi r3, r27, 0x0
li r4, 0x0
bl fn_8020EEA8
slwi r0, r27, 4
lwz r31, 0x0(r29)


li r29, 0x0
addi r28, r29, 0x0
add r30, r30, r0
lwz r12, 0x160(r30)
cmplwi r12, 0x0
beq 0x274
stw r28, 0x160(r30)
mtlr r12
addi r3, r27, 0x0
addi r4, r31, 0x0
blrl 
addi r29, r29, 0x1
cmpwi r29, 0x4
addi r30, r30, 0x4
blt 0x254
lmw r26, 0x18(r1)
lwz r0, 0x34(r1)
addi r1, r1, 0x30
mtlr r0
blr 

=== helper_parameter_order_command_work_chan ===
--- preserved
+++ helper_parameter_order_command_work_chan
@@ -41,6 +41,16 @@
     }
 }
 
+void GetTypeCallback_802093FC(s32 chan, u32 error, OSContext *context);
+static inline void FixDevice(u32 command, SIWork *work, s32 chan)
+{
+    u32 *output = (u32 *)((u8 *)work + chan * sizeof(u32));
+    *(output += 0x1F0 / sizeof(u32)) = command;
+    Type_802FCA34[chan] = 0x80;
+    SITransfer(chan, output, 3, &Type_802FCA34[chan], 3,
+               GetTypeCallback_802093FC, 0);
+}
+
 void GetTypeCallback_802093FC(s32 chan, u32 error, OSContext *context)
 {
     SIWork *work = &Packet_80640B68;
@@ -66,11 +76,7 @@
         id = fn_8020EE24(chan) << 8;
 
         if (fix != 0 && (id & 0x100000) != 0) {
-            work->cmdFixDevice[chan] =
-                0x4E000000 | (id & 0xCFFF00) | 0x100000;
-            Type_802FCA34[chan] = 0x80;
-            SITransfer(chan, &work->cmdFixDevice[chan], 3,
-                       &Type_802FCA34[chan], 3, GetTypeCallback_802093FC, 0);
+            FixDevice(0x4E000000 | (id & 0xCFFF00) | 0x100000, work, chan);
             return;
         }
 
@@ -82,11 +88,7 @@
                     fn_8020EEA8(chan, id >> 8);
                 }
 
-                work->cmdFixDevice[chan] = 0x4E000000 | id;
-                Type_802FCA34[chan] = 0x80;
-                SITransfer(chan, &work->cmdFixDevice[chan], 3,
-                           &Type_802FCA34[chan], 3,
-                           GetTypeCallback_802093FC, 0);
+                FixDevice(0x4E000000 | id, work, chan);
                 return;
             }
         } else {
@@ -95,11 +97,7 @@
                 id |= 0x100000;
                 fn_8020EEA8(chan, id >> 8);
 
-                work->cmdFixDevice[chan] = 0x4E000000 | id;
-                Type_802FCA34[chan] = 0x80;
-                SITransfer(chan, &work->cmdFixDevice[chan], 3,
-                           &Type_802FCA34[chan], 3,
-                           GetTypeCallback_802093FC, 0);
+                FixDevice(0x4E000000 | id, work, chan);
                 return;
             }
 
[1/1] MWCC build/GEDE01/src/game/game_fn_802093FC.o
build exit status: 0
 INFO Writing to build/GEDE01/f1f83eb2-experiment.json
left size=664 score=88.710846
mflr r0
stw r0, 0x4(r1)
stwu r1, -0x30(r1)
stmw r26, 0x18(r1)
addi r27, r3, 0x0
lis r3, Type_802FCA34@ha
addi r0, r3, Type_802FCA34@l
slwi r29, r27, 2
add r30, r0, r29
lis r3, Packet_80640B68@ha
addi r26, r4, 0x0
addi r31, r3, Packet_80640B68@l
lwz r0, 0x0(r30)
rlwinm r0, r0, 0, 25, 23
stw r0, 0x0(r30)
lwz r0, 0x0(r30)
or r0, r0, r26
stw r0, 0x0(r30)
bl __OSGetSystemTime
slwi r0, r27, 3
add r5, r31, r0
stw r4, 0x124(r5)
lis r4, 0x8000
clrlwi. r0, r26, 28
stw r3, 0x120(r5)
srw r4, r4, r27
lwz r3, lbl_8064D8D8@sda21
lwz r28, 0x0(r30)
andc r0, r3, r4
stw r0, lbl_8064D8D8@sda21
and r26, r3, r4
bne 0xa0
rlwinm r3, r28, 0, 3, 4
subis r0, r3, 0x800
cmplwi r0, 0x0
bne 0xa0
clrrwi. r0, r28, 31
beq 0xa0
rlwinm. r0, r28, 0, 5, 5
beq 0xf8
addi r3, r27, 0x0
li r4, 0x0
bl fn_8020EEA8
slwi r0, r27, 4
lwz r30, 0x0(r30)
add r31, r31, r0
li r29, 0x0
addi r28, r29, 0x0
addi r31, r31, 0x160

lwz r12, 0x0(r31)
cmplwi r12, 0x0
beq 0xe4
stw r28, 0x0(r31)
mtlr r12
addi r3, r27, 0x0
addi r4, r30, 0x0
blrl 
addi r29, r29, 0x1
cmpwi r29, 0x4
addi r31, r31, 0x4
blt 0xc4
b 0x284
mr r3, r27
bl fn_8020EE24
cmpwi r26, 0x0
clrlslwi r26, r3, 16, 8
beq 0x15c
rlwinm. r0, r26, 0, 11, 11
beq 0x15c
lis r3, 0xd0
subi r0, r3, 0x100
and r0, r26, r0
oris r0, r0, 0x4e10
add r4, r31, r29
stwu r0, 0x1f0(r4)
li r0, 0x80
lis r3, GetTypeCallback_802093FC@ha
stw r0, 0x0(r30)
addi r8, r3, GetTypeCallback_802093FC@l
addi r3, r27, 0x0
addi r6, r30, 0x0
li r5, 0x3
li r7, 0x3
li r10, 0x0
li r9, 0x0
bl SITransfer
b 0x284
rlwinm. r0, r28, 0, 11, 11
beq 0x1d0
lis r3, 0xd0
subi r3, r3, 0x100
and r0, r26, r3
and r3, r28, r3
cmplw r0, r3
beq 0x23c
rlwinm. r0, r26, 0, 11, 11
bne 0x194
oris r26, r3, 0x10
addi r3, r27, 0x0
extrwi r4, r26, 16, 8
bl fn_8020EEA8


oris r0, r26, 0x4e00
add r4, r31, r29
stwu r0, 0x1f0(r4)
li r0, 0x80
lis r3, GetTypeCallback_802093FC@ha
stw r0, 0x0(r30)
addi r8, r3, GetTypeCallback_802093FC@l

addi r3, r27, 0x0
addi r6, r30, 0x0
li r5, 0x3
li r7, 0x3
li r10, 0x0
li r9, 0x0
bl SITransfer
b 0x284
rlwinm. r0, r28, 0, 1, 1
beq 0x230
lis r3, 0xd0
subi r0, r3, 0x100
and r28, r28, r0
oris r28, r28, 0x10
addi r3, r27, 0x0
extrwi r4, r28, 16, 8
bl fn_8020EEA8
oris r0, r28, 0x4e00
add r4, r31, r29

stwu r0, 0x1f0(r4)
li r0, 0x80
lis r3, GetTypeCallback_802093FC@ha
stw r0, 0x0(r30)
addi r8, r3, GetTypeCallback_802093FC@l

addi r3, r27, 0x0
addi r6, r30, 0x0
li r5, 0x3
li r7, 0x3
li r10, 0x0
li r9, 0x0
bl SITransfer
b 0x284
addi r3, r27, 0x0
li r4, 0x0
bl fn_8020EEA8
slwi r0, r27, 4
lwz r30, 0x0(r30)
add r31, r31, r0
li r29, 0x0
addi r28, r29, 0x0
addi r31, r31, 0x160

lwz r12, 0x0(r31)
cmplwi r12, 0x0
beq 0x274
stw r28, 0x0(r31)
mtlr r12
addi r3, r27, 0x0
addi r4, r30, 0x0
blrl 
addi r29, r29, 0x1
cmpwi r29, 0x4
addi r31, r31, 0x4
blt 0x254
lmw r26, 0x18(r1)
lwz r0, 0x34(r1)
addi r1, r1, 0x30
mtlr r0
blr 
right size=664 score=88.710846
mflr r0
stw r0, 0x4(r1)
stwu r1, -0x30(r1)
stmw r26, 0x18(r1)
addi r27, r3, 0x0
lis r3, Type_802FCA34@ha
addi r0, r3, Type_802FCA34@l
slwi r31, r27, 2
add r29, r0, r31
lis r3, Packet_80640B68@ha
addi r26, r4, 0x0
addi r30, r3, Packet_80640B68@l
lwz r0, 0x0(r29)
rlwinm r0, r0, 0, 25, 23
stw r0, 0x0(r29)
lwz r0, 0x0(r29)
or r0, r0, r26
stw r0, 0x0(r29)
bl __OSGetSystemTime
slwi r0, r27, 3
add r5, r30, r0
stw r4, 0x124(r5)
lis r4, 0x8000
clrlwi. r0, r26, 28
stw r3, 0x120(r5)
srw r4, r4, r27
lwz r3, lbl_8064D8D8@sda21
lwz r28, 0x0(r29)
andc r0, r3, r4
stw r0, lbl_8064D8D8@sda21
and r26, r3, r4
bne 0xa0
rlwinm r3, r28, 0, 3, 4
subis r0, r3, 0x800
cmplwi r0, 0x0
bne 0xa0
clrrwi. r0, r28, 31
beq 0xa0
rlwinm. r0, r28, 0, 5, 5
beq 0xf4
addi r3, r27, 0x0
li r4, 0x0
bl fn_8020EEA8
slwi r0, r27, 4
lwz r31, 0x0(r29)


li r29, 0x0
addi r28, r29, 0x0
add r30, r30, r0
lwz r12, 0x160(r30)
cmplwi r12, 0x0
beq 0xe0
stw r28, 0x160(r30)
mtlr r12
addi r3, r27, 0x0
addi r4, r31, 0x0
blrl 
addi r29, r29, 0x1
cmpwi r29, 0x4
addi r30, r30, 0x4
blt 0xc0
b 0x284
mr r3, r27
bl fn_8020EE24
cmpwi r26, 0x0
clrlslwi r26, r3, 16, 8
beq 0x158
rlwinm. r0, r26, 0, 11, 11
beq 0x158
lis r3, 0xd0
subi r0, r3, 0x100
and r0, r26, r0
oris r0, r0, 0x4e10
add r4, r30, r31
stwu r0, 0x1f0(r4)
li r0, 0x80
lis r3, GetTypeCallback_802093FC@ha
stw r0, 0x0(r29)
addi r8, r3, GetTypeCallback_802093FC@l
addi r3, r27, 0x0
addi r6, r29, 0x0
li r5, 0x3
li r7, 0x3
li r10, 0x0
li r9, 0x0
bl SITransfer
b 0x284
rlwinm. r0, r28, 0, 11, 11
beq 0x1d0
lis r3, 0xd0
subi r3, r3, 0x100
and r0, r26, r3
and r3, r28, r3
cmplw r0, r3
beq 0x240
rlwinm. r0, r26, 0, 11, 11
bne 0x190
oris r26, r3, 0x10
addi r3, r27, 0x0
extrwi r4, r26, 16, 8
bl fn_8020EEA8
slwi r0, r27, 2
add r4, r30, r0
oris r0, r26, 0x4e00

stwu r0, 0x1f0(r4)
li r0, 0x80
lis r3, GetTypeCallback_802093FC@ha

addi r8, r3, GetTypeCallback_802093FC@l
stw r0, 0x0(r29)
addi r3, r27, 0x0
addi r6, r29, 0x0
li r5, 0x3
li r7, 0x3
li r10, 0x0
li r9, 0x0
bl SITransfer
b 0x284
rlwinm. r0, r28, 0, 1, 1
beq 0x234
lis r3, 0xd0
subi r0, r3, 0x100
and r28, r28, r0
oris r28, r28, 0x10
addi r3, r27, 0x0
extrwi r4, r28, 16, 8
bl fn_8020EEA8
slwi r0, r27, 2
add r4, r30, r0
oris r0, r28, 0x4e00
stwu r0, 0x1f0(r4)
li r0, 0x80
lis r3, GetTypeCallback_802093FC@ha

addi r8, r3, GetTypeCallback_802093FC@l
stw r0, 0x0(r29)
addi r3, r27, 0x0
addi r6, r29, 0x0
li r5, 0x3
li r7, 0x3
li r10, 0x0
li r9, 0x0
bl SITransfer
b 0x284
addi r3, r27, 0x0
li r4, 0x0
bl fn_8020EEA8
slwi r0, r27, 4
lwz r31, 0x0(r29)


li r29, 0x0
addi r28, r29, 0x0
add r30, r30, r0
lwz r12, 0x160(r30)
cmplwi r12, 0x0
beq 0x274
stw r28, 0x160(r30)
mtlr r12
addi r3, r27, 0x0
addi r4, r31, 0x0
blrl 
addi r29, r29, 0x1
cmpwi r29, 0x4
addi r30, r30, 0x4
blt 0x254
lmw r26, 0x18(r1)
lwz r0, 0x34(r1)
addi r1, r1, 0x30
mtlr r0
blr 

=== helper_parameter_order_command_chan_work ===
--- preserved
+++ helper_parameter_order_command_chan_work
@@ -41,6 +41,16 @@
     }
 }
 
+void GetTypeCallback_802093FC(s32 chan, u32 error, OSContext *context);
+static inline void FixDevice(u32 command, s32 chan, SIWork *work)
+{
+    u32 *output = (u32 *)((u8 *)work + chan * sizeof(u32));
+    *(output += 0x1F0 / sizeof(u32)) = command;
+    Type_802FCA34[chan] = 0x80;
+    SITransfer(chan, output, 3, &Type_802FCA34[chan], 3,
+               GetTypeCallback_802093FC, 0);
+}
+
 void GetTypeCallback_802093FC(s32 chan, u32 error, OSContext *context)
 {
     SIWork *work = &Packet_80640B68;
@@ -66,11 +76,7 @@
         id = fn_8020EE24(chan) << 8;
 
         if (fix != 0 && (id & 0x100000) != 0) {
-            work->cmdFixDevice[chan] =
-                0x4E000000 | (id & 0xCFFF00) | 0x100000;
-            Type_802FCA34[chan] = 0x80;
-            SITransfer(chan, &work->cmdFixDevice[chan], 3,
-                       &Type_802FCA34[chan], 3, GetTypeCallback_802093FC, 0);
+            FixDevice(0x4E000000 | (id & 0xCFFF00) | 0x100000, chan, work);
             return;
         }
 
@@ -82,11 +88,7 @@
                     fn_8020EEA8(chan, id >> 8);
                 }
 
-                work->cmdFixDevice[chan] = 0x4E000000 | id;
-                Type_802FCA34[chan] = 0x80;
-                SITransfer(chan, &work->cmdFixDevice[chan], 3,
-                           &Type_802FCA34[chan], 3,
-                           GetTypeCallback_802093FC, 0);
+                FixDevice(0x4E000000 | id, chan, work);
                 return;
             }
         } else {
@@ -95,11 +97,7 @@
                 id |= 0x100000;
                 fn_8020EEA8(chan, id >> 8);
 
-                work->cmdFixDevice[chan] = 0x4E000000 | id;
-                Type_802FCA34[chan] = 0x80;
-                SITransfer(chan, &work->cmdFixDevice[chan], 3,
-                           &Type_802FCA34[chan], 3,
-                           GetTypeCallback_802093FC, 0);
+                FixDevice(0x4E000000 | id, chan, work);
                 return;
             }
 
[1/1] MWCC build/GEDE01/src/game/game_fn_802093FC.o
build exit status: 0
 INFO Writing to build/GEDE01/f1f83eb2-experiment.json
left size=664 score=88.710846
mflr r0
stw r0, 0x4(r1)
stwu r1, -0x30(r1)
stmw r26, 0x18(r1)
addi r27, r3, 0x0
lis r3, Type_802FCA34@ha
addi r0, r3, Type_802FCA34@l
slwi r29, r27, 2
add r30, r0, r29
lis r3, Packet_80640B68@ha
addi r26, r4, 0x0
addi r31, r3, Packet_80640B68@l
lwz r0, 0x0(r30)
rlwinm r0, r0, 0, 25, 23
stw r0, 0x0(r30)
lwz r0, 0x0(r30)
or r0, r0, r26
stw r0, 0x0(r30)
bl __OSGetSystemTime
slwi r0, r27, 3
add r5, r31, r0
stw r4, 0x124(r5)
lis r4, 0x8000
clrlwi. r0, r26, 28
stw r3, 0x120(r5)
srw r4, r4, r27
lwz r3, lbl_8064D8D8@sda21
lwz r28, 0x0(r30)
andc r0, r3, r4
stw r0, lbl_8064D8D8@sda21
and r26, r3, r4
bne 0xa0
rlwinm r3, r28, 0, 3, 4
subis r0, r3, 0x800
cmplwi r0, 0x0
bne 0xa0
clrrwi. r0, r28, 31
beq 0xa0
rlwinm. r0, r28, 0, 5, 5
beq 0xf8
addi r3, r27, 0x0
li r4, 0x0
bl fn_8020EEA8
slwi r0, r27, 4
lwz r30, 0x0(r30)
add r31, r31, r0
li r29, 0x0
addi r28, r29, 0x0
addi r31, r31, 0x160

lwz r12, 0x0(r31)
cmplwi r12, 0x0
beq 0xe4
stw r28, 0x0(r31)
mtlr r12
addi r3, r27, 0x0
addi r4, r30, 0x0
blrl 
addi r29, r29, 0x1
cmpwi r29, 0x4
addi r31, r31, 0x4
blt 0xc4
b 0x284
mr r3, r27
bl fn_8020EE24
cmpwi r26, 0x0
clrlslwi r26, r3, 16, 8
beq 0x15c
rlwinm. r0, r26, 0, 11, 11
beq 0x15c
lis r3, 0xd0
subi r0, r3, 0x100
and r0, r26, r0
oris r0, r0, 0x4e10
add r4, r31, r29
stwu r0, 0x1f0(r4)
li r0, 0x80
lis r3, GetTypeCallback_802093FC@ha
stw r0, 0x0(r30)
addi r8, r3, GetTypeCallback_802093FC@l
addi r3, r27, 0x0
addi r6, r30, 0x0
li r5, 0x3
li r7, 0x3
li r10, 0x0
li r9, 0x0
bl SITransfer
b 0x284
rlwinm. r0, r28, 0, 11, 11
beq 0x1d0
lis r3, 0xd0
subi r3, r3, 0x100
and r0, r26, r3
and r3, r28, r3
cmplw r0, r3
beq 0x23c
rlwinm. r0, r26, 0, 11, 11
bne 0x194
oris r26, r3, 0x10
addi r3, r27, 0x0
extrwi r4, r26, 16, 8
bl fn_8020EEA8


oris r0, r26, 0x4e00
add r4, r31, r29
stwu r0, 0x1f0(r4)
li r0, 0x80
lis r3, GetTypeCallback_802093FC@ha
stw r0, 0x0(r30)
addi r8, r3, GetTypeCallback_802093FC@l

addi r3, r27, 0x0
addi r6, r30, 0x0
li r5, 0x3
li r7, 0x3
li r10, 0x0
li r9, 0x0
bl SITransfer
b 0x284
rlwinm. r0, r28, 0, 1, 1
beq 0x230
lis r3, 0xd0
subi r0, r3, 0x100
and r28, r28, r0
oris r28, r28, 0x10
addi r3, r27, 0x0
extrwi r4, r28, 16, 8
bl fn_8020EEA8
oris r0, r28, 0x4e00
add r4, r31, r29

stwu r0, 0x1f0(r4)
li r0, 0x80
lis r3, GetTypeCallback_802093FC@ha
stw r0, 0x0(r30)
addi r8, r3, GetTypeCallback_802093FC@l

addi r3, r27, 0x0
addi r6, r30, 0x0
li r5, 0x3
li r7, 0x3
li r10, 0x0
li r9, 0x0
bl SITransfer
b 0x284
addi r3, r27, 0x0
li r4, 0x0
bl fn_8020EEA8
slwi r0, r27, 4
lwz r30, 0x0(r30)
add r31, r31, r0
li r29, 0x0
addi r28, r29, 0x0
addi r31, r31, 0x160

lwz r12, 0x0(r31)
cmplwi r12, 0x0
beq 0x274
stw r28, 0x0(r31)
mtlr r12
addi r3, r27, 0x0
addi r4, r30, 0x0
blrl 
addi r29, r29, 0x1
cmpwi r29, 0x4
addi r31, r31, 0x4
blt 0x254
lmw r26, 0x18(r1)
lwz r0, 0x34(r1)
addi r1, r1, 0x30
mtlr r0
blr 
right size=664 score=88.710846
mflr r0
stw r0, 0x4(r1)
stwu r1, -0x30(r1)
stmw r26, 0x18(r1)
addi r27, r3, 0x0
lis r3, Type_802FCA34@ha
addi r0, r3, Type_802FCA34@l
slwi r31, r27, 2
add r29, r0, r31
lis r3, Packet_80640B68@ha
addi r26, r4, 0x0
addi r30, r3, Packet_80640B68@l
lwz r0, 0x0(r29)
rlwinm r0, r0, 0, 25, 23
stw r0, 0x0(r29)
lwz r0, 0x0(r29)
or r0, r0, r26
stw r0, 0x0(r29)
bl __OSGetSystemTime
slwi r0, r27, 3
add r5, r30, r0
stw r4, 0x124(r5)
lis r4, 0x8000
clrlwi. r0, r26, 28
stw r3, 0x120(r5)
srw r4, r4, r27
lwz r3, lbl_8064D8D8@sda21
lwz r28, 0x0(r29)
andc r0, r3, r4
stw r0, lbl_8064D8D8@sda21
and r26, r3, r4
bne 0xa0
rlwinm r3, r28, 0, 3, 4
subis r0, r3, 0x800
cmplwi r0, 0x0
bne 0xa0
clrrwi. r0, r28, 31
beq 0xa0
rlwinm. r0, r28, 0, 5, 5
beq 0xf4
addi r3, r27, 0x0
li r4, 0x0
bl fn_8020EEA8
slwi r0, r27, 4
lwz r31, 0x0(r29)


li r29, 0x0
addi r28, r29, 0x0
add r30, r30, r0
lwz r12, 0x160(r30)
cmplwi r12, 0x0
beq 0xe0
stw r28, 0x160(r30)
mtlr r12
addi r3, r27, 0x0
addi r4, r31, 0x0
blrl 
addi r29, r29, 0x1
cmpwi r29, 0x4
addi r30, r30, 0x4
blt 0xc0
b 0x284
mr r3, r27
bl fn_8020EE24
cmpwi r26, 0x0
clrlslwi r26, r3, 16, 8
beq 0x158
rlwinm. r0, r26, 0, 11, 11
beq 0x158
lis r3, 0xd0
subi r0, r3, 0x100
and r0, r26, r0
oris r0, r0, 0x4e10
add r4, r30, r31
stwu r0, 0x1f0(r4)
li r0, 0x80
lis r3, GetTypeCallback_802093FC@ha
stw r0, 0x0(r29)
addi r8, r3, GetTypeCallback_802093FC@l
addi r3, r27, 0x0
addi r6, r29, 0x0
li r5, 0x3
li r7, 0x3
li r10, 0x0
li r9, 0x0
bl SITransfer
b 0x284
rlwinm. r0, r28, 0, 11, 11
beq 0x1d0
lis r3, 0xd0
subi r3, r3, 0x100
and r0, r26, r3
and r3, r28, r3
cmplw r0, r3
beq 0x240
rlwinm. r0, r26, 0, 11, 11
bne 0x190
oris r26, r3, 0x10
addi r3, r27, 0x0
extrwi r4, r26, 16, 8
bl fn_8020EEA8
slwi r0, r27, 2
add r4, r30, r0
oris r0, r26, 0x4e00

stwu r0, 0x1f0(r4)
li r0, 0x80
lis r3, GetTypeCallback_802093FC@ha

addi r8, r3, GetTypeCallback_802093FC@l
stw r0, 0x0(r29)
addi r3, r27, 0x0
addi r6, r29, 0x0
li r5, 0x3
li r7, 0x3
li r10, 0x0
li r9, 0x0
bl SITransfer
b 0x284
rlwinm. r0, r28, 0, 1, 1
beq 0x234
lis r3, 0xd0
subi r0, r3, 0x100
and r28, r28, r0
oris r28, r28, 0x10
addi r3, r27, 0x0
extrwi r4, r28, 16, 8
bl fn_8020EEA8
slwi r0, r27, 2
add r4, r30, r0
oris r0, r28, 0x4e00
stwu r0, 0x1f0(r4)
li r0, 0x80
lis r3, GetTypeCallback_802093FC@ha

addi r8, r3, GetTypeCallback_802093FC@l
stw r0, 0x0(r29)
addi r3, r27, 0x0
addi r6, r29, 0x0
li r5, 0x3
li r7, 0x3
li r10, 0x0
li r9, 0x0
bl SITransfer
b 0x284
addi r3, r27, 0x0
li r4, 0x0
bl fn_8020EEA8
slwi r0, r27, 4
lwz r31, 0x0(r29)


li r29, 0x0
addi r28, r29, 0x0
add r30, r30, r0
lwz r12, 0x160(r30)
cmplwi r12, 0x0
beq 0x274
stw r28, 0x160(r30)
mtlr r12
addi r3, r27, 0x0
addi r4, r31, 0x0
blrl 
addi r29, r29, 0x1
cmpwi r29, 0x4
addi r30, r30, 0x4
blt 0x254
lmw r26, 0x18(r1)
lwz r0, 0x34(r1)
addi r1, r1, 0x30
mtlr r0
blr 

=== work_last ===
--- preserved
+++ work_last
@@ -41,13 +41,23 @@
     }
 }
 
+void GetTypeCallback_802093FC(s32 chan, u32 error, OSContext *context);
+static inline void FixDevice(SIWork *work, s32 chan, u32 command)
+{
+    u32 *output = (u32 *)((u8 *)work + chan * sizeof(u32));
+    *(output += 0x1F0 / sizeof(u32)) = command;
+    Type_802FCA34[chan] = 0x80;
+    SITransfer(chan, output, 3, &Type_802FCA34[chan], 3,
+               GetTypeCallback_802093FC, 0);
+}
+
 void GetTypeCallback_802093FC(s32 chan, u32 error, OSContext *context)
 {
-    SIWork *work = &Packet_80640B68;
     u32 type;
     u32 chanBit;
     s32 fix;
     u32 id;
+    SIWork *work = &Packet_80640B68;
 
     Type_802FCA34[chan] &= ~0x80;
     Type_802FCA34[chan] |= error;
@@ -66,11 +76,7 @@
         id = fn_8020EE24(chan) << 8;
 
         if (fix != 0 && (id & 0x100000) != 0) {
-            work->cmdFixDevice[chan] =
-                0x4E000000 | (id & 0xCFFF00) | 0x100000;
-            Type_802FCA34[chan] = 0x80;
-            SITransfer(chan, &work->cmdFixDevice[chan], 3,
-                       &Type_802FCA34[chan], 3, GetTypeCallback_802093FC, 0);
+            FixDevice(work, chan, 0x4E000000 | (id & 0xCFFF00) | 0x100000);
             return;
         }
 
@@ -82,11 +88,7 @@
                     fn_8020EEA8(chan, id >> 8);
                 }
 
-                work->cmdFixDevice[chan] = 0x4E000000 | id;
-                Type_802FCA34[chan] = 0x80;
-                SITransfer(chan, &work->cmdFixDevice[chan], 3,
-                           &Type_802FCA34[chan], 3,
-                           GetTypeCallback_802093FC, 0);
+                FixDevice(work, chan, 0x4E000000 | id);
                 return;
             }
         } else {
@@ -95,11 +97,7 @@
                 id |= 0x100000;
                 fn_8020EEA8(chan, id >> 8);
 
-                work->cmdFixDevice[chan] = 0x4E000000 | id;
-                Type_802FCA34[chan] = 0x80;
-                SITransfer(chan, &work->cmdFixDevice[chan], 3,
-                           &Type_802FCA34[chan], 3,
-                           GetTypeCallback_802093FC, 0);
+                FixDevice(work, chan, 0x4E000000 | id);
                 return;
             }
 
[1/1] MWCC build/GEDE01/src/game/game_fn_802093FC.o
build exit status: 0
 INFO Writing to build/GEDE01/f1f83eb2-experiment.json
left size=664 score=88.710846
mflr r0
stw r0, 0x4(r1)
stwu r1, -0x30(r1)
stmw r26, 0x18(r1)
addi r27, r3, 0x0
lis r3, Type_802FCA34@ha
addi r0, r3, Type_802FCA34@l
slwi r29, r27, 2
add r30, r0, r29
lis r3, Packet_80640B68@ha
addi r26, r4, 0x0
addi r31, r3, Packet_80640B68@l
lwz r0, 0x0(r30)
rlwinm r0, r0, 0, 25, 23
stw r0, 0x0(r30)
lwz r0, 0x0(r30)
or r0, r0, r26
stw r0, 0x0(r30)
bl __OSGetSystemTime
slwi r0, r27, 3
add r5, r31, r0
stw r4, 0x124(r5)
lis r4, 0x8000
clrlwi. r0, r26, 28
stw r3, 0x120(r5)
srw r4, r4, r27
lwz r3, lbl_8064D8D8@sda21
lwz r28, 0x0(r30)
andc r0, r3, r4
stw r0, lbl_8064D8D8@sda21
and r26, r3, r4
bne 0xa0
rlwinm r3, r28, 0, 3, 4
subis r0, r3, 0x800
cmplwi r0, 0x0
bne 0xa0
clrrwi. r0, r28, 31
beq 0xa0
rlwinm. r0, r28, 0, 5, 5
beq 0xf8
addi r3, r27, 0x0
li r4, 0x0
bl fn_8020EEA8
slwi r0, r27, 4
lwz r30, 0x0(r30)
add r31, r31, r0
li r29, 0x0
addi r28, r29, 0x0
addi r31, r31, 0x160

lwz r12, 0x0(r31)
cmplwi r12, 0x0
beq 0xe4
stw r28, 0x0(r31)
mtlr r12
addi r3, r27, 0x0
addi r4, r30, 0x0
blrl 
addi r29, r29, 0x1
cmpwi r29, 0x4
addi r31, r31, 0x4
blt 0xc4
b 0x284
mr r3, r27
bl fn_8020EE24
cmpwi r26, 0x0
clrlslwi r26, r3, 16, 8
beq 0x15c
rlwinm. r0, r26, 0, 11, 11
beq 0x15c
lis r3, 0xd0
subi r0, r3, 0x100
and r0, r26, r0
oris r0, r0, 0x4e10
add r4, r31, r29
stwu r0, 0x1f0(r4)
li r0, 0x80
lis r3, GetTypeCallback_802093FC@ha
stw r0, 0x0(r30)
addi r8, r3, GetTypeCallback_802093FC@l
addi r3, r27, 0x0
addi r6, r30, 0x0
li r5, 0x3
li r7, 0x3
li r10, 0x0
li r9, 0x0
bl SITransfer
b 0x284
rlwinm. r0, r28, 0, 11, 11
beq 0x1d0
lis r3, 0xd0
subi r3, r3, 0x100
and r0, r26, r3
and r3, r28, r3
cmplw r0, r3
beq 0x23c
rlwinm. r0, r26, 0, 11, 11
bne 0x194
oris r26, r3, 0x10
addi r3, r27, 0x0
extrwi r4, r26, 16, 8
bl fn_8020EEA8


oris r0, r26, 0x4e00
add r4, r31, r29
stwu r0, 0x1f0(r4)
li r0, 0x80
lis r3, GetTypeCallback_802093FC@ha
stw r0, 0x0(r30)
addi r8, r3, GetTypeCallback_802093FC@l

addi r3, r27, 0x0
addi r6, r30, 0x0
li r5, 0x3
li r7, 0x3
li r10, 0x0
li r9, 0x0
bl SITransfer
b 0x284
rlwinm. r0, r28, 0, 1, 1
beq 0x230
lis r3, 0xd0
subi r0, r3, 0x100
and r28, r28, r0
oris r28, r28, 0x10
addi r3, r27, 0x0
extrwi r4, r28, 16, 8
bl fn_8020EEA8
oris r0, r28, 0x4e00
add r4, r31, r29

stwu r0, 0x1f0(r4)
li r0, 0x80
lis r3, GetTypeCallback_802093FC@ha
stw r0, 0x0(r30)
addi r8, r3, GetTypeCallback_802093FC@l

addi r3, r27, 0x0
addi r6, r30, 0x0
li r5, 0x3
li r7, 0x3
li r10, 0x0
li r9, 0x0
bl SITransfer
b 0x284
addi r3, r27, 0x0
li r4, 0x0
bl fn_8020EEA8
slwi r0, r27, 4
lwz r30, 0x0(r30)
add r31, r31, r0
li r29, 0x0
addi r28, r29, 0x0
addi r31, r31, 0x160

lwz r12, 0x0(r31)
cmplwi r12, 0x0
beq 0x274
stw r28, 0x0(r31)
mtlr r12
addi r3, r27, 0x0
addi r4, r30, 0x0
blrl 
addi r29, r29, 0x1
cmpwi r29, 0x4
addi r31, r31, 0x4
blt 0x254
lmw r26, 0x18(r1)
lwz r0, 0x34(r1)
addi r1, r1, 0x30
mtlr r0
blr 
right size=664 score=88.710846
mflr r0
stw r0, 0x4(r1)
stwu r1, -0x30(r1)
stmw r26, 0x18(r1)
addi r27, r3, 0x0
lis r3, Type_802FCA34@ha
addi r0, r3, Type_802FCA34@l
slwi r31, r27, 2
add r29, r0, r31
lis r3, Packet_80640B68@ha
addi r26, r4, 0x0
addi r30, r3, Packet_80640B68@l
lwz r0, 0x0(r29)
rlwinm r0, r0, 0, 25, 23
stw r0, 0x0(r29)
lwz r0, 0x0(r29)
or r0, r0, r26
stw r0, 0x0(r29)
bl __OSGetSystemTime
slwi r0, r27, 3
add r5, r30, r0
stw r4, 0x124(r5)
lis r4, 0x8000
clrlwi. r0, r26, 28
stw r3, 0x120(r5)
srw r4, r4, r27
lwz r3, lbl_8064D8D8@sda21
lwz r28, 0x0(r29)
andc r0, r3, r4
stw r0, lbl_8064D8D8@sda21
and r26, r3, r4
bne 0xa0
rlwinm r3, r28, 0, 3, 4
subis r0, r3, 0x800
cmplwi r0, 0x0
bne 0xa0
clrrwi. r0, r28, 31
beq 0xa0
rlwinm. r0, r28, 0, 5, 5
beq 0xf4
addi r3, r27, 0x0
li r4, 0x0
bl fn_8020EEA8
slwi r0, r27, 4
lwz r31, 0x0(r29)


li r29, 0x0
addi r28, r29, 0x0
add r30, r30, r0
lwz r12, 0x160(r30)
cmplwi r12, 0x0
beq 0xe0
stw r28, 0x160(r30)
mtlr r12
addi r3, r27, 0x0
addi r4, r31, 0x0
blrl 
addi r29, r29, 0x1
cmpwi r29, 0x4
addi r30, r30, 0x4
blt 0xc0
b 0x284
mr r3, r27
bl fn_8020EE24
cmpwi r26, 0x0
clrlslwi r26, r3, 16, 8
beq 0x158
rlwinm. r0, r26, 0, 11, 11
beq 0x158
lis r3, 0xd0
subi r0, r3, 0x100
and r0, r26, r0
oris r0, r0, 0x4e10
add r4, r30, r31
stwu r0, 0x1f0(r4)
li r0, 0x80
lis r3, GetTypeCallback_802093FC@ha
stw r0, 0x0(r29)
addi r8, r3, GetTypeCallback_802093FC@l
addi r3, r27, 0x0
addi r6, r29, 0x0
li r5, 0x3
li r7, 0x3
li r10, 0x0
li r9, 0x0
bl SITransfer
b 0x284
rlwinm. r0, r28, 0, 11, 11
beq 0x1d0
lis r3, 0xd0
subi r3, r3, 0x100
and r0, r26, r3
and r3, r28, r3
cmplw r0, r3
beq 0x240
rlwinm. r0, r26, 0, 11, 11
bne 0x190
oris r26, r3, 0x10
addi r3, r27, 0x0
extrwi r4, r26, 16, 8
bl fn_8020EEA8
slwi r0, r27, 2
add r4, r30, r0
oris r0, r26, 0x4e00

stwu r0, 0x1f0(r4)
li r0, 0x80
lis r3, GetTypeCallback_802093FC@ha

addi r8, r3, GetTypeCallback_802093FC@l
stw r0, 0x0(r29)
addi r3, r27, 0x0
addi r6, r29, 0x0
li r5, 0x3
li r7, 0x3
li r10, 0x0
li r9, 0x0
bl SITransfer
b 0x284
rlwinm. r0, r28, 0, 1, 1
beq 0x234
lis r3, 0xd0
subi r0, r3, 0x100
and r28, r28, r0
oris r28, r28, 0x10
addi r3, r27, 0x0
extrwi r4, r28, 16, 8
bl fn_8020EEA8
slwi r0, r27, 2
add r4, r30, r0
oris r0, r28, 0x4e00
stwu r0, 0x1f0(r4)
li r0, 0x80
lis r3, GetTypeCallback_802093FC@ha

addi r8, r3, GetTypeCallback_802093FC@l
stw r0, 0x0(r29)
addi r3, r27, 0x0
addi r6, r29, 0x0
li r5, 0x3
li r7, 0x3
li r10, 0x0
li r9, 0x0
bl SITransfer
b 0x284
addi r3, r27, 0x0
li r4, 0x0
bl fn_8020EEA8
slwi r0, r27, 4
lwz r31, 0x0(r29)


li r29, 0x0
addi r28, r29, 0x0
add r30, r30, r0
lwz r12, 0x160(r30)
cmplwi r12, 0x0
beq 0x274
stw r28, 0x160(r30)
mtlr r12
addi r3, r27, 0x0
addi r4, r31, 0x0
blrl 
addi r29, r29, 0x1
cmpwi r29, 0x4
addi r30, r30, 0x4
blt 0x254
lmw r26, 0x18(r1)
lwz r0, 0x34(r1)
addi r1, r1, 0x30
mtlr r0
blr 

=== register_work ===
--- preserved
+++ register_work
@@ -41,9 +41,19 @@
     }
 }
 
+void GetTypeCallback_802093FC(s32 chan, u32 error, OSContext *context);
+static inline void FixDevice(SIWork *work, s32 chan, u32 command)
+{
+    u32 *output = (u32 *)((u8 *)work + chan * sizeof(u32));
+    *(output += 0x1F0 / sizeof(u32)) = command;
+    Type_802FCA34[chan] = 0x80;
+    SITransfer(chan, output, 3, &Type_802FCA34[chan], 3,
+               GetTypeCallback_802093FC, 0);
+}
+
 void GetTypeCallback_802093FC(s32 chan, u32 error, OSContext *context)
 {
-    SIWork *work = &Packet_80640B68;
+    register SIWork *work = &Packet_80640B68;
     u32 type;
     u32 chanBit;
     s32 fix;
@@ -66,11 +76,7 @@
         id = fn_8020EE24(chan) << 8;
 
         if (fix != 0 && (id & 0x100000) != 0) {
-            work->cmdFixDevice[chan] =
-                0x4E000000 | (id & 0xCFFF00) | 0x100000;
-            Type_802FCA34[chan] = 0x80;
-            SITransfer(chan, &work->cmdFixDevice[chan], 3,
-                       &Type_802FCA34[chan], 3, GetTypeCallback_802093FC, 0);
+            FixDevice(work, chan, 0x4E000000 | (id & 0xCFFF00) | 0x100000);
             return;
         }
 
@@ -82,11 +88,7 @@
                     fn_8020EEA8(chan, id >> 8);
                 }
 
-                work->cmdFixDevice[chan] = 0x4E000000 | id;
-                Type_802FCA34[chan] = 0x80;
-                SITransfer(chan, &work->cmdFixDevice[chan], 3,
-                           &Type_802FCA34[chan], 3,
-                           GetTypeCallback_802093FC, 0);
+                FixDevice(work, chan, 0x4E000000 | id);
                 return;
             }
         } else {
@@ -95,11 +97,7 @@
                 id |= 0x100000;
                 fn_8020EEA8(chan, id >> 8);
 
-                work->cmdFixDevice[chan] = 0x4E000000 | id;
-                Type_802FCA34[chan] = 0x80;
-                SITransfer(chan, &work->cmdFixDevice[chan], 3,
-                           &Type_802FCA34[chan], 3,
-                           GetTypeCallback_802093FC, 0);
+                FixDevice(work, chan, 0x4E000000 | id);
                 return;
             }
 
[1/1] MWCC build/GEDE01/src/game/game_fn_802093FC.o
build exit status: 0
 INFO Writing to build/GEDE01/f1f83eb2-experiment.json
left size=664 score=88.710846
mflr r0
stw r0, 0x4(r1)
stwu r1, -0x30(r1)
stmw r26, 0x18(r1)
addi r27, r3, 0x0
lis r3, Type_802FCA34@ha
addi r0, r3, Type_802FCA34@l
slwi r29, r27, 2
add r30, r0, r29
lis r3, Packet_80640B68@ha
addi r26, r4, 0x0
addi r31, r3, Packet_80640B68@l
lwz r0, 0x0(r30)
rlwinm r0, r0, 0, 25, 23
stw r0, 0x0(r30)
lwz r0, 0x0(r30)
or r0, r0, r26
stw r0, 0x0(r30)
bl __OSGetSystemTime
slwi r0, r27, 3
add r5, r31, r0
stw r4, 0x124(r5)
lis r4, 0x8000
clrlwi. r0, r26, 28
stw r3, 0x120(r5)
srw r4, r4, r27
lwz r3, lbl_8064D8D8@sda21
lwz r28, 0x0(r30)
andc r0, r3, r4
stw r0, lbl_8064D8D8@sda21
and r26, r3, r4
bne 0xa0
rlwinm r3, r28, 0, 3, 4
subis r0, r3, 0x800
cmplwi r0, 0x0
bne 0xa0
clrrwi. r0, r28, 31
beq 0xa0
rlwinm. r0, r28, 0, 5, 5
beq 0xf8
addi r3, r27, 0x0
li r4, 0x0
bl fn_8020EEA8
slwi r0, r27, 4
lwz r30, 0x0(r30)
add r31, r31, r0
li r29, 0x0
addi r28, r29, 0x0
addi r31, r31, 0x160

lwz r12, 0x0(r31)
cmplwi r12, 0x0
beq 0xe4
stw r28, 0x0(r31)
mtlr r12
addi r3, r27, 0x0
addi r4, r30, 0x0
blrl 
addi r29, r29, 0x1
cmpwi r29, 0x4
addi r31, r31, 0x4
blt 0xc4
b 0x284
mr r3, r27
bl fn_8020EE24
cmpwi r26, 0x0
clrlslwi r26, r3, 16, 8
beq 0x15c
rlwinm. r0, r26, 0, 11, 11
beq 0x15c
lis r3, 0xd0
subi r0, r3, 0x100
and r0, r26, r0
oris r0, r0, 0x4e10
add r4, r31, r29
stwu r0, 0x1f0(r4)
li r0, 0x80
lis r3, GetTypeCallback_802093FC@ha
stw r0, 0x0(r30)
addi r8, r3, GetTypeCallback_802093FC@l
addi r3, r27, 0x0
addi r6, r30, 0x0
li r5, 0x3
li r7, 0x3
li r10, 0x0
li r9, 0x0
bl SITransfer
b 0x284
rlwinm. r0, r28, 0, 11, 11
beq 0x1d0
lis r3, 0xd0
subi r3, r3, 0x100
and r0, r26, r3
and r3, r28, r3
cmplw r0, r3
beq 0x23c
rlwinm. r0, r26, 0, 11, 11
bne 0x194
oris r26, r3, 0x10
addi r3, r27, 0x0
extrwi r4, r26, 16, 8
bl fn_8020EEA8


oris r0, r26, 0x4e00
add r4, r31, r29
stwu r0, 0x1f0(r4)
li r0, 0x80
lis r3, GetTypeCallback_802093FC@ha
stw r0, 0x0(r30)
addi r8, r3, GetTypeCallback_802093FC@l

addi r3, r27, 0x0
addi r6, r30, 0x0
li r5, 0x3
li r7, 0x3
li r10, 0x0
li r9, 0x0
bl SITransfer
b 0x284
rlwinm. r0, r28, 0, 1, 1
beq 0x230
lis r3, 0xd0
subi r0, r3, 0x100
and r28, r28, r0
oris r28, r28, 0x10
addi r3, r27, 0x0
extrwi r4, r28, 16, 8
bl fn_8020EEA8
oris r0, r28, 0x4e00
add r4, r31, r29

stwu r0, 0x1f0(r4)
li r0, 0x80
lis r3, GetTypeCallback_802093FC@ha
stw r0, 0x0(r30)
addi r8, r3, GetTypeCallback_802093FC@l

addi r3, r27, 0x0
addi r6, r30, 0x0
li r5, 0x3
li r7, 0x3
li r10, 0x0
li r9, 0x0
bl SITransfer
b 0x284
addi r3, r27, 0x0
li r4, 0x0
bl fn_8020EEA8
slwi r0, r27, 4
lwz r30, 0x0(r30)
add r31, r31, r0
li r29, 0x0
addi r28, r29, 0x0
addi r31, r31, 0x160

lwz r12, 0x0(r31)
cmplwi r12, 0x0
beq 0x274
stw r28, 0x0(r31)
mtlr r12
addi r3, r27, 0x0
addi r4, r30, 0x0
blrl 
addi r29, r29, 0x1
cmpwi r29, 0x4
addi r31, r31, 0x4
blt 0x254
lmw r26, 0x18(r1)
lwz r0, 0x34(r1)
addi r1, r1, 0x30
mtlr r0
blr 
right size=664 score=88.710846
mflr r0
stw r0, 0x4(r1)
stwu r1, -0x30(r1)
stmw r26, 0x18(r1)
addi r27, r3, 0x0
lis r3, Type_802FCA34@ha
addi r0, r3, Type_802FCA34@l
slwi r31, r27, 2
add r29, r0, r31
lis r3, Packet_80640B68@ha
addi r26, r4, 0x0
addi r30, r3, Packet_80640B68@l
lwz r0, 0x0(r29)
rlwinm r0, r0, 0, 25, 23
stw r0, 0x0(r29)
lwz r0, 0x0(r29)
or r0, r0, r26
stw r0, 0x0(r29)
bl __OSGetSystemTime
slwi r0, r27, 3
add r5, r30, r0
stw r4, 0x124(r5)
lis r4, 0x8000
clrlwi. r0, r26, 28
stw r3, 0x120(r5)
srw r4, r4, r27
lwz r3, lbl_8064D8D8@sda21
lwz r28, 0x0(r29)
andc r0, r3, r4
stw r0, lbl_8064D8D8@sda21
and r26, r3, r4
bne 0xa0
rlwinm r3, r28, 0, 3, 4
subis r0, r3, 0x800
cmplwi r0, 0x0
bne 0xa0
clrrwi. r0, r28, 31
beq 0xa0
rlwinm. r0, r28, 0, 5, 5
beq 0xf4
addi r3, r27, 0x0
li r4, 0x0
bl fn_8020EEA8
slwi r0, r27, 4
lwz r31, 0x0(r29)


li r29, 0x0
addi r28, r29, 0x0
add r30, r30, r0
lwz r12, 0x160(r30)
cmplwi r12, 0x0
beq 0xe0
stw r28, 0x160(r30)
mtlr r12
addi r3, r27, 0x0
addi r4, r31, 0x0
blrl 
addi r29, r29, 0x1
cmpwi r29, 0x4
addi r30, r30, 0x4
blt 0xc0
b 0x284
mr r3, r27
bl fn_8020EE24
cmpwi r26, 0x0
clrlslwi r26, r3, 16, 8
beq 0x158
rlwinm. r0, r26, 0, 11, 11
beq 0x158
lis r3, 0xd0
subi r0, r3, 0x100
and r0, r26, r0
oris r0, r0, 0x4e10
add r4, r30, r31
stwu r0, 0x1f0(r4)
li r0, 0x80
lis r3, GetTypeCallback_802093FC@ha
stw r0, 0x0(r29)
addi r8, r3, GetTypeCallback_802093FC@l
addi r3, r27, 0x0
addi r6, r29, 0x0
li r5, 0x3
li r7, 0x3
li r10, 0x0
li r9, 0x0
bl SITransfer
b 0x284
rlwinm. r0, r28, 0, 11, 11
beq 0x1d0
lis r3, 0xd0
subi r3, r3, 0x100
and r0, r26, r3
and r3, r28, r3
cmplw r0, r3
beq 0x240
rlwinm. r0, r26, 0, 11, 11
bne 0x190
oris r26, r3, 0x10
addi r3, r27, 0x0
extrwi r4, r26, 16, 8
bl fn_8020EEA8
slwi r0, r27, 2
add r4, r30, r0
oris r0, r26, 0x4e00

stwu r0, 0x1f0(r4)
li r0, 0x80
lis r3, GetTypeCallback_802093FC@ha

addi r8, r3, GetTypeCallback_802093FC@l
stw r0, 0x0(r29)
addi r3, r27, 0x0
addi r6, r29, 0x0
li r5, 0x3
li r7, 0x3
li r10, 0x0
li r9, 0x0
bl SITransfer
b 0x284
rlwinm. r0, r28, 0, 1, 1
beq 0x234
lis r3, 0xd0
subi r0, r3, 0x100
and r28, r28, r0
oris r28, r28, 0x10
addi r3, r27, 0x0
extrwi r4, r28, 16, 8
bl fn_8020EEA8
slwi r0, r27, 2
add r4, r30, r0
oris r0, r28, 0x4e00
stwu r0, 0x1f0(r4)
li r0, 0x80
lis r3, GetTypeCallback_802093FC@ha

addi r8, r3, GetTypeCallback_802093FC@l
stw r0, 0x0(r29)
addi r3, r27, 0x0
addi r6, r29, 0x0
li r5, 0x3
li r7, 0x3
li r10, 0x0
li r9, 0x0
bl SITransfer
b 0x284
addi r3, r27, 0x0
li r4, 0x0
bl fn_8020EEA8
slwi r0, r27, 4
lwz r31, 0x0(r29)


li r29, 0x0
addi r28, r29, 0x0
add r30, r30, r0
lwz r12, 0x160(r30)
cmplwi r12, 0x0
beq 0x274
stw r28, 0x160(r30)
mtlr r12
addi r3, r27, 0x0
addi r4, r31, 0x0
blrl 
addi r29, r29, 0x1
cmpwi r29, 0x4
addi r30, r30, 0x4
blt 0x254
lmw r26, 0x18(r1)
lwz r0, 0x34(r1)
addi r1, r1, 0x30
mtlr r0
blr 

=== id_first ===
--- preserved
+++ id_first
@@ -41,13 +41,23 @@
     }
 }
 
+void GetTypeCallback_802093FC(s32 chan, u32 error, OSContext *context);
+static inline void FixDevice(SIWork *work, s32 chan, u32 command)
+{
+    u32 *output = (u32 *)((u8 *)work + chan * sizeof(u32));
+    *(output += 0x1F0 / sizeof(u32)) = command;
+    Type_802FCA34[chan] = 0x80;
+    SITransfer(chan, output, 3, &Type_802FCA34[chan], 3,
+               GetTypeCallback_802093FC, 0);
+}
+
 void GetTypeCallback_802093FC(s32 chan, u32 error, OSContext *context)
 {
     SIWork *work = &Packet_80640B68;
+    u32 id;
+    s32 fix;
+    u32 chanBit;
     u32 type;
-    u32 chanBit;
-    s32 fix;
-    u32 id;
 
     Type_802FCA34[chan] &= ~0x80;
     Type_802FCA34[chan] |= error;
@@ -66,11 +76,7 @@
         id = fn_8020EE24(chan) << 8;
 
         if (fix != 0 && (id & 0x100000) != 0) {
-            work->cmdFixDevice[chan] =
-                0x4E000000 | (id & 0xCFFF00) | 0x100000;
-            Type_802FCA34[chan] = 0x80;
-            SITransfer(chan, &work->cmdFixDevice[chan], 3,
-                       &Type_802FCA34[chan], 3, GetTypeCallback_802093FC, 0);
+            FixDevice(work, chan, 0x4E000000 | (id & 0xCFFF00) | 0x100000);
             return;
         }
 
@@ -82,11 +88,7 @@
                     fn_8020EEA8(chan, id >> 8);
                 }
 
-                work->cmdFixDevice[chan] = 0x4E000000 | id;
-                Type_802FCA34[chan] = 0x80;
-                SITransfer(chan, &work->cmdFixDevice[chan], 3,
-                           &Type_802FCA34[chan], 3,
-                           GetTypeCallback_802093FC, 0);
+                FixDevice(work, chan, 0x4E000000 | id);
                 return;
             }
         } else {
@@ -95,11 +97,7 @@
                 id |= 0x100000;
                 fn_8020EEA8(chan, id >> 8);
 
-                work->cmdFixDevice[chan] = 0x4E000000 | id;
-                Type_802FCA34[chan] = 0x80;
-                SITransfer(chan, &work->cmdFixDevice[chan], 3,
-                           &Type_802FCA34[chan], 3,
-                           GetTypeCallback_802093FC, 0);
+                FixDevice(work, chan, 0x4E000000 | id);
                 return;
             }
 
[1/1] MWCC build/GEDE01/src/game/game_fn_802093FC.o
build exit status: 0
 INFO Writing to build/GEDE01/f1f83eb2-experiment.json
left size=664 score=88.710846
mflr r0
stw r0, 0x4(r1)
stwu r1, -0x30(r1)
stmw r26, 0x18(r1)
addi r27, r3, 0x0
lis r3, Type_802FCA34@ha
addi r0, r3, Type_802FCA34@l
slwi r29, r27, 2
add r30, r0, r29
lis r3, Packet_80640B68@ha
addi r26, r4, 0x0
addi r31, r3, Packet_80640B68@l
lwz r0, 0x0(r30)
rlwinm r0, r0, 0, 25, 23
stw r0, 0x0(r30)
lwz r0, 0x0(r30)
or r0, r0, r26
stw r0, 0x0(r30)
bl __OSGetSystemTime
slwi r0, r27, 3
add r5, r31, r0
stw r4, 0x124(r5)
lis r4, 0x8000
clrlwi. r0, r26, 28
stw r3, 0x120(r5)
srw r4, r4, r27
lwz r3, lbl_8064D8D8@sda21
lwz r28, 0x0(r30)
andc r0, r3, r4
stw r0, lbl_8064D8D8@sda21
and r26, r3, r4
bne 0xa0
rlwinm r3, r28, 0, 3, 4
subis r0, r3, 0x800
cmplwi r0, 0x0
bne 0xa0
clrrwi. r0, r28, 31
beq 0xa0
rlwinm. r0, r28, 0, 5, 5
beq 0xf8
addi r3, r27, 0x0
li r4, 0x0
bl fn_8020EEA8
slwi r0, r27, 4
lwz r30, 0x0(r30)
add r31, r31, r0
li r29, 0x0
addi r28, r29, 0x0
addi r31, r31, 0x160

lwz r12, 0x0(r31)
cmplwi r12, 0x0
beq 0xe4
stw r28, 0x0(r31)
mtlr r12
addi r3, r27, 0x0
addi r4, r30, 0x0
blrl 
addi r29, r29, 0x1
cmpwi r29, 0x4
addi r31, r31, 0x4
blt 0xc4
b 0x284
mr r3, r27
bl fn_8020EE24
cmpwi r26, 0x0
clrlslwi r26, r3, 16, 8
beq 0x15c
rlwinm. r0, r26, 0, 11, 11
beq 0x15c
lis r3, 0xd0
subi r0, r3, 0x100
and r0, r26, r0
oris r0, r0, 0x4e10
add r4, r31, r29
stwu r0, 0x1f0(r4)
li r0, 0x80
lis r3, GetTypeCallback_802093FC@ha
stw r0, 0x0(r30)
addi r8, r3, GetTypeCallback_802093FC@l
addi r3, r27, 0x0
addi r6, r30, 0x0
li r5, 0x3
li r7, 0x3
li r10, 0x0
li r9, 0x0
bl SITransfer
b 0x284
rlwinm. r0, r28, 0, 11, 11
beq 0x1d0
lis r3, 0xd0
subi r3, r3, 0x100
and r0, r26, r3
and r3, r28, r3
cmplw r0, r3
beq 0x23c
rlwinm. r0, r26, 0, 11, 11
bne 0x194
oris r26, r3, 0x10
addi r3, r27, 0x0
extrwi r4, r26, 16, 8
bl fn_8020EEA8


oris r0, r26, 0x4e00
add r4, r31, r29
stwu r0, 0x1f0(r4)
li r0, 0x80
lis r3, GetTypeCallback_802093FC@ha
stw r0, 0x0(r30)
addi r8, r3, GetTypeCallback_802093FC@l

addi r3, r27, 0x0
addi r6, r30, 0x0
li r5, 0x3
li r7, 0x3
li r10, 0x0
li r9, 0x0
bl SITransfer
b 0x284
rlwinm. r0, r28, 0, 1, 1
beq 0x230
lis r3, 0xd0
subi r0, r3, 0x100
and r28, r28, r0
oris r28, r28, 0x10
addi r3, r27, 0x0
extrwi r4, r28, 16, 8
bl fn_8020EEA8
oris r0, r28, 0x4e00
add r4, r31, r29

stwu r0, 0x1f0(r4)
li r0, 0x80
lis r3, GetTypeCallback_802093FC@ha
stw r0, 0x0(r30)
addi r8, r3, GetTypeCallback_802093FC@l

addi r3, r27, 0x0
addi r6, r30, 0x0
li r5, 0x3
li r7, 0x3
li r10, 0x0
li r9, 0x0
bl SITransfer
b 0x284
addi r3, r27, 0x0
li r4, 0x0
bl fn_8020EEA8
slwi r0, r27, 4
lwz r30, 0x0(r30)
add r31, r31, r0
li r29, 0x0
addi r28, r29, 0x0
addi r31, r31, 0x160

lwz r12, 0x0(r31)
cmplwi r12, 0x0
beq 0x274
stw r28, 0x0(r31)
mtlr r12
addi r3, r27, 0x0
addi r4, r30, 0x0
blrl 
addi r29, r29, 0x1
cmpwi r29, 0x4
addi r31, r31, 0x4
blt 0x254
lmw r26, 0x18(r1)
lwz r0, 0x34(r1)
addi r1, r1, 0x30
mtlr r0
blr 
right size=664 score=88.710846
mflr r0
stw r0, 0x4(r1)
stwu r1, -0x30(r1)
stmw r26, 0x18(r1)
addi r27, r3, 0x0
lis r3, Type_802FCA34@ha
addi r0, r3, Type_802FCA34@l
slwi r31, r27, 2
add r29, r0, r31
lis r3, Packet_80640B68@ha
addi r26, r4, 0x0
addi r30, r3, Packet_80640B68@l
lwz r0, 0x0(r29)
rlwinm r0, r0, 0, 25, 23
stw r0, 0x0(r29)
lwz r0, 0x0(r29)
or r0, r0, r26
stw r0, 0x0(r29)
bl __OSGetSystemTime
slwi r0, r27, 3
add r5, r30, r0
stw r4, 0x124(r5)
lis r4, 0x8000
clrlwi. r0, r26, 28
stw r3, 0x120(r5)
srw r4, r4, r27
lwz r3, lbl_8064D8D8@sda21
lwz r28, 0x0(r29)
andc r0, r3, r4
stw r0, lbl_8064D8D8@sda21
and r26, r3, r4
bne 0xa0
rlwinm r3, r28, 0, 3, 4
subis r0, r3, 0x800
cmplwi r0, 0x0
bne 0xa0
clrrwi. r0, r28, 31
beq 0xa0
rlwinm. r0, r28, 0, 5, 5
beq 0xf4
addi r3, r27, 0x0
li r4, 0x0
bl fn_8020EEA8
slwi r0, r27, 4
lwz r31, 0x0(r29)


li r29, 0x0
addi r28, r29, 0x0
add r30, r30, r0
lwz r12, 0x160(r30)
cmplwi r12, 0x0
beq 0xe0
stw r28, 0x160(r30)
mtlr r12
addi r3, r27, 0x0
addi r4, r31, 0x0
blrl 
addi r29, r29, 0x1
cmpwi r29, 0x4
addi r30, r30, 0x4
blt 0xc0
b 0x284
mr r3, r27
bl fn_8020EE24
cmpwi r26, 0x0
clrlslwi r26, r3, 16, 8
beq 0x158
rlwinm. r0, r26, 0, 11, 11
beq 0x158
lis r3, 0xd0
subi r0, r3, 0x100
and r0, r26, r0
oris r0, r0, 0x4e10
add r4, r30, r31
stwu r0, 0x1f0(r4)
li r0, 0x80
lis r3, GetTypeCallback_802093FC@ha
stw r0, 0x0(r29)
addi r8, r3, GetTypeCallback_802093FC@l
addi r3, r27, 0x0
addi r6, r29, 0x0
li r5, 0x3
li r7, 0x3
li r10, 0x0
li r9, 0x0
bl SITransfer
b 0x284
rlwinm. r0, r28, 0, 11, 11
beq 0x1d0
lis r3, 0xd0
subi r3, r3, 0x100
and r0, r26, r3
and r3, r28, r3
cmplw r0, r3
beq 0x240
rlwinm. r0, r26, 0, 11, 11
bne 0x190
oris r26, r3, 0x10
addi r3, r27, 0x0
extrwi r4, r26, 16, 8
bl fn_8020EEA8
slwi r0, r27, 2
add r4, r30, r0
oris r0, r26, 0x4e00

stwu r0, 0x1f0(r4)
li r0, 0x80
lis r3, GetTypeCallback_802093FC@ha

addi r8, r3, GetTypeCallback_802093FC@l
stw r0, 0x0(r29)
addi r3, r27, 0x0
addi r6, r29, 0x0
li r5, 0x3
li r7, 0x3
li r10, 0x0
li r9, 0x0
bl SITransfer
b 0x284
rlwinm. r0, r28, 0, 1, 1
beq 0x234
lis r3, 0xd0
subi r0, r3, 0x100
and r28, r28, r0
oris r28, r28, 0x10
addi r3, r27, 0x0
extrwi r4, r28, 16, 8
bl fn_8020EEA8
slwi r0, r27, 2
add r4, r30, r0
oris r0, r28, 0x4e00
stwu r0, 0x1f0(r4)
li r0, 0x80
lis r3, GetTypeCallback_802093FC@ha

addi r8, r3, GetTypeCallback_802093FC@l
stw r0, 0x0(r29)
addi r3, r27, 0x0
addi r6, r29, 0x0
li r5, 0x3
li r7, 0x3
li r10, 0x0
li r9, 0x0
bl SITransfer
b 0x284
addi r3, r27, 0x0
li r4, 0x0
bl fn_8020EEA8
slwi r0, r27, 4
lwz r31, 0x0(r29)


li r29, 0x0
addi r28, r29, 0x0
add r30, r30, r0
lwz r12, 0x160(r30)
cmplwi r12, 0x0
beq 0x274
stw r28, 0x160(r30)
mtlr r12
addi r3, r27, 0x0
addi r4, r31, 0x0
blrl 
addi r29, r29, 0x1
cmpwi r29, 0x4
addi r30, r30, 0x4
blt 0x254
lmw r26, 0x18(r1)
lwz r0, 0x34(r1)
addi r1, r1, 0x30
mtlr r0
blr 
