[1/1] RUN configure.py
[1/935] MWCC build/GEDE01/src/game/game_fn_800094C0.o
[2/935] MWCC build/GEDE01/src/game/game_fn_80008014.o
[3/935] MWCC build/GEDE01/src/game/game_fn_800096E0.o
[4/935] MWCC build/GEDE01/src/game/game_fn_800098C0.o
[5/935] MWCC build/GEDE01/src/game/game_fn_800099D8.o
[6/935] MWCC build/GEDE01/src/game/game_fn_80009AB4.o
[7/935] MWCC build/GEDE01/src/game/game_fn_8000A26C.o
[8/935] MWCC build/GEDE01/src/game/game_fn_8000AC88.o
[9/935] MWCC build/GEDE01/src/game/game_fn_8000AEB4.o
[10/935] MWCC build/GEDE01/src/game/game_fn_8000AFB4.o
[11/935] MWCC build/GEDE01/src/game/game_fn_8000B1B8.o
[12/935] MWCC build/GEDE01/src/game/game_fn_8000B36C.o
[13/935] MWCC build/GEDE01/src/game/game_fn_8000B630.o
[14/935] MWCC build/GEDE01/src/game/game_fn_8000B7FC.o
[15/935] MWCC build/GEDE01/src/game/game_fn_8000B900.o
[16/935] MWCC build/GEDE01/src/game/game_fn_8000BA0C.o
[17/935] MWCC build/GEDE01/src/game/game_fn_8000BAA0.o
[18/935] MWCC build/GEDE01/src/game/game_fn_8000BC40.o
[19/935] MWCC build/GEDE01/src/game/game_fn_8000C06C.o
[20/935] MWCC build/GEDE01/src/game/game_fn_8000C17C.o
[21/935] MWCC build/GEDE01/src/game/game_fn_8000C400.o
[22/935] MWCC build/GEDE01/src/game/game_fn_8000C848.o
[23/935] MWCC build/GEDE01/src/game/game_fn_8000C91C.o
[24/935] MWCC build/GEDE01/src/game/game_fn_8000D0BC.o
[25/935] MWCC build/GEDE01/src/game/game_fn_8000D3D4.o
[26/935] MWCC build/GEDE01/src/game/game_fn_8000D590.o
[27/935] MWCC build/GEDE01/src/game/game_fn_8000DA50.o
[28/935] MWCC build/GEDE01/src/game/game_fn_8000D8A4.o
[29/935] MWCC build/GEDE01/src/game/game_fn_8000E054.o
[30/935] MWCC build/GEDE01/src/game/game_fn_8000DAF4.o
[31/935] MWCC build/GEDE01/src/game/game_fn_8000E138.o
[32/935] MWCC build/GEDE01/src/game/game_fn_8000E0AC.o
[33/935] MWCC build/GEDE01/src/game/game_fn_8000E96C.o
[34/935] MWCC build/GEDE01/src/game/game_fn_8000E1C4.o
[35/935] MWCC build/GEDE01/src/game/game_fn_8000EBD4.o
[36/935] MWCC build/GEDE01/src/game/game_fn_8000EB14.o
[37/935] MWCC build/GEDE01/src/game/game_fn_8000ED44.o
[38/935] MWCC build/GEDE01/src/game/game_fn_8000EFC4.o
[39/935] MWCC build/GEDE01/src/game/game_fn_8000F4B0.o
[40/935] MWCC build/GEDE01/src/game/game_fn_8000F774.o
[41/935] MWCC build/GEDE01/src/game/game_fn_8000FDE8.o
[42/935] MWCC build/GEDE01/src/game/game_fn_8000FFD8.o
[43/935] MWCC build/GEDE01/src/game/game_fn_800119FC.o
[44/935] MWCC build/GEDE01/src/game/game_fn_80012DA8.o
[45/935] MWCC build/GEDE01/src/game/game_fn_80012F40.o
[46/935] MWCC build/GEDE01/src/game/game_fn_80012FD0.o
[47/935] MWCC build/GEDE01/src/game/game_fn_800131E8.o
[48/935] MWCC build/GEDE01/src/game/game_fn_80013340.o
[49/935] MWCC build/GEDE01/src/game/game_fn_80013870.o
[50/935] MWCC build/GEDE01/src/game/game_fn_80013CB0.o
[51/935] MWCC build/GEDE01/src/game/game_fn_80013D54.o
[52/935] MWCC build/GEDE01/src/game/game_fn_800142DC.o
[53/935] MWCC build/GEDE01/src/game/game_fn_800144CC.o
[54/935] MWCC build/GEDE01/src/game/game_fn_80014784.o
[55/935] MWCC build/GEDE01/src/game/game_fn_800149D4.o
[56/935] MWCC build/GEDE01/src/game/game_fn_80015058.o
[57/935] MWCC build/GEDE01/src/game/game_fn_80015568.o
[58/935] MWCC build/GEDE01/src/game/game_fn_80015320.o
[59/935] MWCC build/GEDE01/src/game/game_fn_800156FC.o
[60/935] MWCC build/GEDE01/src/game/game_fn_80015BE0.o
[61/935] MWCC build/GEDE01/src/game/game_fn_80015D40.o
[62/935] MWCC build/GEDE01/src/game/game_fn_80015F04.o
[63/935] MWCC build/GEDE01/src/game/game_fn_80016128.o
[64/935] MWCC build/GEDE01/src/game/game_fn_80016270.o
[65/935] MWCC build/GEDE01/src/game/game_fn_80016904.o
[66/935] MWCC build/GEDE01/src/game/game_fn_80016B24.o
[67/935] MWCC build/GEDE01/src/game/game_fn_800171C0.o
[68/935] MWCC build/GEDE01/src/game/game_fn_800173CC.o
[69/935] MWCC build/GEDE01/src/game/game_fn_800176F0.o
[70/935] MWCC build/GEDE01/src/game/game_fn_80017910.o
[71/935] MWCC build/GEDE01/src/game/game_fn_800179AC.o
[72/935] MWCC build/GEDE01/src/game/game_fn_80017A3C.o
[73/935] MWCC build/GEDE01/src/game/game_fn_80017AE4.o
[74/935] MWCC build/GEDE01/src/game/game_fn_80017C3C.o
[75/935] MWCC build/GEDE01/src/game/game_fn_80017CC8.o
[76/935] MWCC build/GEDE01/src/game/game_fn_80017DB0.o
[77/935] MWCC build/GEDE01/src/game/game_fn_80018EF4.o
[78/935] MWCC build/GEDE01/src/game/game_fn_80019054.o
[79/935] MWCC build/GEDE01/src/game/game_fn_80019244.o
[80/935] MWCC build/GEDE01/src/game/game_fn_800194D0.o
[81/935] MWCC build/GEDE01/src/game/game_fn_80019C10.o
[82/935] MWCC build/GEDE01/src/game/game_fn_80019940.o
[83/935] MWCC build/GEDE01/src/game/game_fn_80019D2C.o
[84/935] MWCC build/GEDE01/src/game/game_fn_80019F98.o
[85/935] MWCC build/GEDE01/src/game/game_fn_8001AAB8.o
[86/935] MWCC build/GEDE01/src/game/game_fn_8001A6C4.o
[87/935] MWCC build/GEDE01/src/game/game_fn_8001ADF8.o
[88/935] MWCC build/GEDE01/src/game/game_fn_8001AF68.o
[89/935] MWCC build/GEDE01/src/game/game_fn_8001B294.o
[90/935] MWCC build/GEDE01/src/game/game_fn_8001B124.o
[91/935] MWCC build/GEDE01/src/game/game_fn_8001B808.o
[92/935] MWCC build/GEDE01/src/game/game_fn_8001B874.o
[93/935] MWCC build/GEDE01/src/game/game_fn_8001C078.o
[94/935] MWCC build/GEDE01/src/game/game_fn_8001CA04.o
[95/935] MWCC build/GEDE01/src/game/game_fn_8001CD58.o
[96/935] MWCC build/GEDE01/src/game/game_fn_8001CE94.o
[97/935] MWCC build/GEDE01/src/game/game_fn_8001E644.o
[98/935] MWCC build/GEDE01/src/game/game_fn_8001FE1C.o
[99/935] MWCC build/GEDE01/src/game/game_fn_80020E94.o
[100/935] MWCC build/GEDE01/src/game/game_fn_80024F28.o
[101/935] MWCC build/GEDE01/src/game/game_fn_800272B4.o
[102/935] MWCC build/GEDE01/src/game/game_fn_8002B748.o
[103/935] MWCC build/GEDE01/src/game/game_fn_8002DAE0.o
[104/935] MWCC build/GEDE01/src/game/game_fn_8002E3F0.o
[105/935] MWCC build/GEDE01/src/game/game_fn_8002EA68.o
[106/935] MWCC build/GEDE01/src/game/game_fn_8002F428.o
[107/935] MWCC build/GEDE01/src/game/game_fn_80031544.o
[108/935] MWCC build/GEDE01/src/game/game_fn_8003232C.o
[109/935] MWCC build/GEDE01/src/game/game_fn_80032B84.o
[110/935] MWCC build/GEDE01/src/game/game_fn_80033038.o
[111/935] MWCC build/GEDE01/src/game/game_fn_80033180.o
[112/935] MWCC build/GEDE01/src/game/game_fn_800359A0.o
[113/935] MWCC build/GEDE01/src/game/game_fn_800361F8.o
[114/935] MWCC build/GEDE01/src/game/game_fn_80036C40.o
[115/935] MWCC build/GEDE01/src/game/game_fn_80038878.o
[116/935] MWCC build/GEDE01/src/game/game_fn_80048ADC.o
[117/935] MWCC build/GEDE01/src/game/game_fn_80048B24.o
[118/935] MWCC build/GEDE01/src/game/game_fn_8004998C.o
[119/935] MWCC build/GEDE01/src/game/game_fn_80052310.o
[120/935] MWCC build/GEDE01/src/game/game_fn_80050B08.o
[121/935] MWCC build/GEDE01/src/game/game_fn_800542D0.o
[122/935] MWCC build/GEDE01/src/game/game_fn_8005EC6C.o
[123/935] MWCC build/GEDE01/src/game/game_fn_8005EE9C.o
[124/935] MWCC build/GEDE01/src/game/game_data_80239E10.o
[125/935] MWCC build/GEDE01/src/game/game_data_80239E18.o
[126/935] MWCC build/GEDE01/src/game/game_fn_8005FD84.o
[127/935] MWCC build/GEDE01/src/game/game_fn_80066888.o
[128/935] MWCC build/GEDE01/src/game/game_fn_80066E78.o
[129/935] MWCC build/GEDE01/src/game/game_fn_8006B0F0.o
[130/935] MWCC build/GEDE01/src/game/game_fn_8006B620.o
[131/935] MWCC build/GEDE01/src/game/game_fn_8006E53C.o
[132/935] MWCC build/GEDE01/src/game/game_fn_80071A58.o
[133/935] MWCC build/GEDE01/src/game/game_fn_80074310.o
[134/935] MWCC build/GEDE01/src/game/game_fn_80078500.o
[135/935] MWCC build/GEDE01/src/game/game_fn_80079908.o
[136/935] MWCC build/GEDE01/src/game/game_fn_80079AA4.o
[137/935] MWCC build/GEDE01/src/game/game_fn_8007B2F4.o
[138/935] MWCC build/GEDE01/src/game/game_fn_8007B540.o
[139/935] MWCC build/GEDE01/src/game/game_fn_8007B640.o
[140/935] MWCC build/GEDE01/src/game/game_fn_8007B828.o
[141/935] MWCC build/GEDE01/src/game/game_fn_8007BA3C.o
[142/935] MWCC build/GEDE01/src/game/game_fn_8007D4D8.o
[143/935] MWCC build/GEDE01/src/game/game_fn_8007F770.o
[144/935] MWCC build/GEDE01/src/game/game_fn_800886D8.o
[145/935] MWCC build/GEDE01/src/game/game_fn_80088F4C.o
[146/935] MWCC build/GEDE01/src/game/game_fn_80089A34.o
[147/935] MWCC build/GEDE01/src/game/game_fn_8008A2E0.o
[148/935] MWCC build/GEDE01/src/game/game_fn_8008F224.o
[149/935] MWCC build/GEDE01/src/game/game_fn_8008F890.o
[150/935] MWCC build/GEDE01/src/game/game_fn_80090004.o
[151/935] MWCC build/GEDE01/src/game/game_fn_800934A0.o
[152/935] MWCC build/GEDE01/src/game/game_fn_80095D10.o
[153/935] MWCC build/GEDE01/src/game/game_fn_80095E64.o
[154/935] MWCC build/GEDE01/src/game/game_fn_80095FDC.o
[155/935] MWCC build/GEDE01/src/game/game_fn_80096830.o
[156/935] MWCC build/GEDE01/src/game/game_fn_8009C424.o
[157/935] MWCC build/GEDE01/src/game/game_fn_8009E808.o
[158/935] MWCC build/GEDE01/src/game/game_fn_800A2130.o
[159/935] MWCC build/GEDE01/src/game/game_fn_800A2B8C.o
[160/935] MWCC build/GEDE01/src/game/game_fn_800A2FCC.o
[161/935] MWCC build/GEDE01/src/game/game_fn_800A3180.o
[162/935] MWCC build/GEDE01/src/game/game_fn_800A3894.o
[163/935] MWCC build/GEDE01/src/game/game_fn_800A4428.o
[164/935] MWCC build/GEDE01/src/game/game_fn_800A4798.o
[165/935] MWCC build/GEDE01/src/game/game_fn_800A7E88.o
[166/935] MWCC build/GEDE01/src/game/game_fn_800AF230.o
[167/935] MWCC build/GEDE01/src/game/game_fn_800B2EC0.o
[168/935] MWCC build/GEDE01/src/game/game_fn_800BB5C4.o
[169/935] MWCC build/GEDE01/src/game/game_fn_800BB7A8.o
[170/935] MWCC build/GEDE01/src/game/game_fn_800BB9A4.o
[171/935] MWCC build/GEDE01/src/game/game_fn_800BBAF0.o
[172/935] MWCC build/GEDE01/src/game/game_fn_800C030C.o
[173/935] MWCC build/GEDE01/src/game/game_fn_800C17EC.o
[174/935] MWCC build/GEDE01/src/game/game_fn_800C59F0.o
[175/935] MWCC build/GEDE01/src/game/game_fn_800C644C.o
[176/935] MWCC build/GEDE01/src/game/game_fn_800C65FC.o
[177/935] MWCC build/GEDE01/src/game/game_fn_800C9C60.o
[178/935] MWCC build/GEDE01/src/game/game_fn_800CB760.o
[179/935] MWCC build/GEDE01/src/game/game_fn_800CB8F4.o
[180/935] MWCC build/GEDE01/src/game/game_fn_800CF598.o
[181/935] MWCC build/GEDE01/src/game/game_fn_800D9064.o
[182/935] MWCC build/GEDE01/src/game/game_fn_800D9E10.o
[183/935] MWCC build/GEDE01/src/game/game_fn_800DC4D4.o
[184/935] MWCC build/GEDE01/src/game/game_fn_800E4980.o
[185/935] MWCC build/GEDE01/src/game/game_TRKNubWelcome.o
[186/935] MWCC build/GEDE01/src/game/game_TRK_main.o
[187/935] MWCC build/GEDE01/src/game/game_InitMetroTRKCommTable.o
[188/935] MWCC build/GEDE01/src/game/game_fn_800FD0C8.o
[189/935] MWCC build/GEDE01/src/game/game_fn_8010242C.o
[190/935] MWCC build/GEDE01/src/game/game_fn_801098C0.o
[191/935] MWCC build/GEDE01/src/game/game_fn_8010F184.o
[192/935] MWCC build/GEDE01/src/game/game_fn_801126E0.o
[193/935] MWCC build/GEDE01/src/game/game_fn_801128E4.o
[194/935] MWCC build/GEDE01/src/game/game_fn_801141B8.o
[195/935] MWCC build/GEDE01/src/game/game_fn_80119C70.o
[196/935] MWCC build/GEDE01/src/game/game_fn_8011F140.o
[197/935] MWCC build/GEDE01/src/game/game_fn_801247F8.o
[198/935] MWCC build/GEDE01/src/game/game_fn_80126A00.o
[199/935] MWCC build/GEDE01/src/game/game_fn_8012976C.o
[200/935] MWCC build/GEDE01/src/game/game_fn_8012DB28.o
[201/935] MWCC build/GEDE01/src/game/game_fn_8013CBE4.o
[202/935] MWCC build/GEDE01/src/game/game_fn_8013D6A4.o
[203/935] MWCC build/GEDE01/src/game/game_fn_8013DB8C.o
[204/935] MWCC build/GEDE01/src/game/game_fn_8014549C.o
[205/935] MWCC build/GEDE01/src/game/game_fn_8014AF38.o
[206/935] MWCC build/GEDE01/src/game/game_fn_8014B494.o
[207/935] MWCC build/GEDE01/src/game/game_fn_8014BA14.o
[208/935] MWCC build/GEDE01/src/game/game_fn_8014CA98.o
[209/935] MWCC build/GEDE01/src/game/game_fn_80150A24.o
[210/935] MWCC build/GEDE01/src/game/game_fn_801535D8.o
[211/935] MWCC build/GEDE01/src/game/game_fn_80153898.o
[212/935] MWCC build/GEDE01/src/game/game_fn_80153A24.o
[213/935] MWCC build/GEDE01/src/game/game_fn_80154F74.o
[214/935] MWCC build/GEDE01/src/game/game_fn_80155814.o
[215/935] MWCC build/GEDE01/src/game/game_fn_80157C0C.o
[216/935] MWCC build/GEDE01/src/game/game_fn_80158B20.o
[217/935] MWCC build/GEDE01/src/game/game_fn_80158D38.o
[218/935] MWCC build/GEDE01/src/game/game_fn_8015DB84.o
[219/935] MWCC build/GEDE01/src/game/game_fn_8015DC54.o
[220/935] MWCC build/GEDE01/src/game/game_fn_8015EDC0.o
[221/935] MWCC build/GEDE01/src/game/game_fn_80167B5C.o
[222/935] MWCC build/GEDE01/src/game/game_fn_80167454.o
[223/935] MWCC build/GEDE01/src/game/game_fn_80169650.o
[224/935] MWCC build/GEDE01/src/game/game_fn_8016BD0C.o
[225/935] MWCC build/GEDE01/src/game/game_fn_8016BE1C.o
[226/935] MWCC build/GEDE01/src/game/game_fn_8016BF60.o
[227/935] MWCC build/GEDE01/src/game/game_fn_8016C0BC.o
[228/935] MWCC build/GEDE01/src/game/game_fn_8016C164.o
[229/935] MWCC build/GEDE01/src/game/game_fn_8016C4BC.o
[230/935] MWCC build/GEDE01/src/game/game_fn_8016C238.o
[231/935] MWCC build/GEDE01/src/game/game_fn_8016C774.o
[232/935] MWCC build/GEDE01/src/game/game_fn_8016D040.o
[233/935] MWCC build/GEDE01/src/game/game_fn_8016D1F8.o
[234/935] MWCC build/GEDE01/src/game/game_fn_8016D2B8.o
[235/935] MWCC build/GEDE01/src/game/game_fn_8016DF4C.o
[236/935] MWCC build/GEDE01/src/game/game_fn_8016D9C0.o
[237/935] MWCC build/GEDE01/src/game/game_fn_8016E8F8.o
[238/935] MWCC build/GEDE01/src/game/game_fn_8016FEF8.o
[239/935] MWCC build/GEDE01/src/game/game_fn_801704F8.o
[240/935] MWCC build/GEDE01/src/game/game_fn_8017038C.o
[241/935] MWCC build/GEDE01/src/game/game_fn_80170A40.o
[242/935] MWCC build/GEDE01/src/game/game_fn_801706DC.o
[243/935] MWCC build/GEDE01/src/game/game_fn_80170DF4.o
[244/935] MWCC build/GEDE01/src/game/game_fn_80170E9C.o
[245/935] MWCC build/GEDE01/src/game/game_fn_8017138C.o
[246/935] MWCC build/GEDE01/src/game/game_fn_80171664.o
[247/935] MWCC build/GEDE01/src/game/game_fn_801718F4.o
[248/935] MWCC build/GEDE01/src/game/game_fn_801719B4.o
[249/935] MWCC build/GEDE01/src/game/game_fn_8017250C.o
[250/935] MWCC build/GEDE01/src/game/game_fn_80171F30.o
[251/935] MWCC build/GEDE01/src/game/game_fn_801726EC.o
[252/935] MWCC build/GEDE01/src/game/game_fn_80172BB0.o
[253/935] MWCC build/GEDE01/src/game/game_fn_80172C78.o
[254/935] MWCC build/GEDE01/src/game/game_fn_80172DB8.o
[255/935] MWCC build/GEDE01/src/game/game_fn_80173270.o
[256/935] MWCC build/GEDE01/src/game/game_fn_801734B4.o
[257/935] MWCC build/GEDE01/src/game/game_fn_80173770.o
[258/935] MWCC build/GEDE01/src/game/game_fn_80173BDC.o
[259/935] MWCC build/GEDE01/src/game/game_fn_80173D44.o
[260/935] MWCC build/GEDE01/src/game/game_fn_80173F04.o
[261/935] MWCC build/GEDE01/src/game/game_fn_80174184.o
[262/935] MWCC build/GEDE01/src/game/game_fn_80174358.o
[263/935] MWCC build/GEDE01/src/game/game_fn_80174F2C.o
[264/935] MWCC build/GEDE01/src/game/game_fn_801752B0.o
[265/935] MWCC build/GEDE01/src/game/game_fn_8017553C.o
[266/935] MWCC build/GEDE01/src/game/game_fn_80175A08.o
[267/935] MWCC build/GEDE01/src/game/game_fn_80175F0C.o
[268/935] MWCC build/GEDE01/src/game/game_fn_80175E64.o
[269/935] MWCC build/GEDE01/src/game/game_fn_80175FD4.o
[270/935] MWCC build/GEDE01/src/game/game_fn_80176098.o
[271/935] MWCC build/GEDE01/src/game/game_fn_80176160.o
[272/935] MWCC build/GEDE01/src/game/game_fn_80176220.o
[273/935] MWCC build/GEDE01/src/game/game_fn_8017652C.o
[274/935] MWCC build/GEDE01/src/game/game_fn_801762E8.o
[275/935] MWCC build/GEDE01/src/game/game_fn_80176FA0.o
[276/935] MWCC build/GEDE01/src/game/game_fn_80176DF4.o
[277/935] MWCC build/GEDE01/src/game/game_fn_8017718C.o
[278/935] MWCC build/GEDE01/src/game/game_fn_801770F8.o
[279/935] MWCC build/GEDE01/src/game/game_fn_80178F88.o
[280/935] MWCC build/GEDE01/src/game/game_fn_80177434.o
[281/935] MWCC build/GEDE01/src/game/game_fn_80179398.o
[282/935] MWCC build/GEDE01/src/game/game_fn_8017960C.o
[283/935] MWCC build/GEDE01/src/game/game_fn_8017974C.o
[284/935] MWCC build/GEDE01/src/game/game_fn_80179904.o
[285/935] MWCC build/GEDE01/src/game/game_fn_80179A18.o
[286/935] MWCC build/GEDE01/src/game/game_fn_80179A74.o
[287/935] MWCC build/GEDE01/src/game/game_fn_80179EB8.o
[288/935] MWCC build/GEDE01/src/game/game_fn_80179F20.o
[289/935] MWCC build/GEDE01/src/game/game_fn_8017A010.o
[290/935] MWCC build/GEDE01/src/game/game_fn_8017A12C.o
[291/935] MWCC build/GEDE01/src/game/game_fn_8017A1C0.o
[292/935] MWCC build/GEDE01/src/game/game_fn_8017A9B8.o
[293/935] MWCC build/GEDE01/src/game/game_fn_8017AC20.o
[294/935] MWCC build/GEDE01/src/game/game_fn_8017E850.o
[295/935] MWCC build/GEDE01/src/game/game_fn_8017E958.o
[296/935] MWCC build/GEDE01/src/game/game_fn_80180DDC.o
[297/935] MWCC build/GEDE01/src/game/game_fn_801810A0.o
[298/935] MWCC build/GEDE01/src/game/game_fn_801816D4.o
[299/935] MWCC build/GEDE01/src/game/game_fn_801859FC.o
[300/935] MWCC build/GEDE01/src/game/game_fn_80185AE8.o
[301/935] MWCC build/GEDE01/src/game/game_fn_80185F10.o
[302/935] MWCC build/GEDE01/src/game/game_fn_801861C4.o
[303/935] MWCC build/GEDE01/src/game/game_fn_801865EC.o
[304/935] MWCC build/GEDE01/src/game/game_fn_8018680C.o
[305/935] MWCC build/GEDE01/src/game/game_fn_80186E10.o
[306/935] MWCC build/GEDE01/src/game/game_fn_80186F70.o
[307/935] MWCC build/GEDE01/src/game/game_fn_80187120.o
[308/935] MWCC build/GEDE01/src/game/game_fn_80187320.o
[309/935] MWCC build/GEDE01/src/game/game_fn_801875FC.o
[310/935] MWCC build/GEDE01/src/game/game_fn_801878E0.o
[311/935] MWCC build/GEDE01/src/game/game_fn_80187BB4.o
[312/935] MWCC build/GEDE01/src/game/game_fn_80187E40.o
[313/935] MWCC build/GEDE01/src/game/game_fn_80188A7C.o
[314/935] MWCC build/GEDE01/src/game/game_fn_80188C1C.o
[315/935] MWCC build/GEDE01/src/game/game_fn_80188B44.o
[316/935] MWCC build/GEDE01/src/game/game_fn_80188E28.o
[317/935] MWCC build/GEDE01/src/game/game_fn_80189028.o
[318/935] MWCC build/GEDE01/src/game/game_fn_80189390.o
[319/935] MWCC build/GEDE01/src/game/game_fn_801891D8.o
[320/935] MWCC build/GEDE01/src/game/game_fn_801895E8.o
[321/935] MWCC build/GEDE01/src/game/game_fn_801896A0.o
[322/935] MWCC build/GEDE01/src/game/game_fn_80189760.o
[323/935] MWCC build/GEDE01/src/game/game_fn_80189968.o
[324/935] MWCC build/GEDE01/src/game/game_fn_80189C14.o
[325/935] MWCC build/GEDE01/src/game/game_fn_8018C2D0.o
[326/935] MWCC build/GEDE01/src/game/game_fn_8018D1F0.o
[327/935] MWCC build/GEDE01/src/game/game_fn_8018D2E0.o
[328/935] MWCC build/GEDE01/src/game/game_fn_8018D688.o
[329/935] MWCC build/GEDE01/src/game/game_fn_8018D400.o
[330/935] MWCC build/GEDE01/src/game/game_fn_8018E0D8.o
[331/935] MWCC build/GEDE01/src/game/game_fn_8018DC24.o
[332/935] MWCC build/GEDE01/src/game/game_fn_8018F81C.o
[333/935] MWCC build/GEDE01/src/game/game_fn_8018F1D0.o
[334/935] MWCC build/GEDE01/src/game/game_fn_8018FEDC.o
[335/935] MWCC build/GEDE01/src/game/game_fn_8019120C.o
[336/935] MWCC build/GEDE01/src/game/game_fn_80191360.o
[337/935] MWCC build/GEDE01/src/game/game_fn_801916D0.o
[338/935] MWCC build/GEDE01/src/game/game_fn_8019197C.o
[339/935] MWCC build/GEDE01/src/game/game_fn_80191F58.o
[340/935] MWCC build/GEDE01/src/game/game_fn_801926EC.o
[341/935] MWCC build/GEDE01/src/game/game_fn_801929A4.o
[342/935] MWCC build/GEDE01/src/game/game_fn_80192F54.o
[343/935] MWCC build/GEDE01/src/game/game_fn_801931C4.o
[344/935] MWCC build/GEDE01/src/game/game_fn_80193E1C.o
[345/935] MWCC build/GEDE01/src/game/game_fn_80193F3C.o
[346/935] MWCC build/GEDE01/src/game/game_fn_80194F80.o
[347/935] MWCC build/GEDE01/src/game/game_fn_801952E8.o
[348/935] MWCC build/GEDE01/src/game/game_fn_80197910.o
[349/935] MWCC build/GEDE01/src/game/game_fn_80198154.o
[350/935] MWCC build/GEDE01/src/game/game_fn_80198AAC.o
[351/935] MWCC build/GEDE01/src/game/game_fn_80198BF4.o
[352/935] MWCC build/GEDE01/src/game/game_fn_801991E0.o
[353/935] MWCC build/GEDE01/src/game/game_fn_8019B1BC.o
[354/935] MWCC build/GEDE01/src/game/game_fn_8019CC28.o
[355/935] MWCC build/GEDE01/src/game/game_fn_8019CFC4.o
[356/935] MWCC build/GEDE01/src/game/game_fn_8019E5E4.o
[357/935] MWCC build/GEDE01/src/game/game_fn_8019E8C8.o
[358/935] MWCC build/GEDE01/src/game/game_fn_801A1F18.o
[359/935] MWCC build/GEDE01/src/game/game_fn_801A1F8C.o
[360/935] MWCC build/GEDE01/src/game/game_fn_801A2A54.o
[361/935] MWCC build/GEDE01/src/game/game_fn_801A34BC.o
[362/935] MWCC build/GEDE01/src/game/game_fn_801A3A78.o
[363/935] MWCC build/GEDE01/src/game/game_fn_801A4430.o
[364/935] MWCC build/GEDE01/src/game/game_fn_801A4CE0.o
[365/935] MWCC build/GEDE01/src/game/game_fn_801A5FB0.o
[366/935] MWCC build/GEDE01/src/game/game_fn_801A6410.o
[367/935] MWCC build/GEDE01/src/game/game_fn_801A657C.o
[368/935] MWCC build/GEDE01/src/game/game_fn_801A6ADC.o
[369/935] MWCC build/GEDE01/src/game/game_fn_801A6C58.o
[370/935] MWCC build/GEDE01/src/game/game_fn_801A6CB4.o
[371/935] MWCC build/GEDE01/src/game/game_fn_801A7E04.o
[372/935] MWCC build/GEDE01/src/game/game_fn_801A7EA8.o
[373/935] MWCC build/GEDE01/src/game/game_fn_801A93E8.o
[374/935] MWCC build/GEDE01/src/game/game_fn_801AB154.o
[375/935] MWCC build/GEDE01/src/game/game_fn_801ABD3C.o
[376/935] MWCC build/GEDE01/src/game/game_fn_801AC8AC.o
[377/935] MWCC build/GEDE01/src/game/game_fn_801ACFE8.o
[378/935] MWCC build/GEDE01/src/game/game_fn_801AD08C.o
[379/935] MWCC build/GEDE01/src/game/game_fn_801AFA74.o
[380/935] MWCC build/GEDE01/src/game/game_fn_801B02F0.o
[381/935] MWCC build/GEDE01/src/game/game_fn_801B1BA0.o
[382/935] MWCC build/GEDE01/src/game/game_fn_801B35BC.o
[383/935] MWCC build/GEDE01/src/game/game_fn_801B46C8.o
[384/935] MWCC build/GEDE01/src/game/game_fn_801B4FB4.o
[385/935] MWCC build/GEDE01/src/game/game_fn_801B5228.o
[386/935] MWCC build/GEDE01/src/game/game_fn_801B58F0.o
[387/935] MWCC build/GEDE01/src/game/game_fn_801B6F1C.o
[388/935] MWCC build/GEDE01/src/game/game_fn_801B86C0.o
[389/935] MWCC build/GEDE01/src/game/game_fn_801B941C.o
[390/935] MWCC build/GEDE01/src/game/game_fn_801B9E7C.o
[391/935] MWCC build/GEDE01/src/game/game_fn_801BA15C.o
[392/935] MWCC build/GEDE01/src/game/game_fn_801BA708.o
[393/935] MWCC build/GEDE01/src/game/game_fn_801BA94C.o
[394/935] MWCC build/GEDE01/src/game/game_fn_801BB1A0.o
[395/935] MWCC build/GEDE01/src/game/game_fn_801BC0D4.o
[396/935] MWCC build/GEDE01/src/game/game_fn_801BC240.o
[397/935] MWCC build/GEDE01/src/game/game_fn_801BC8F4.o
[398/935] MWCC build/GEDE01/src/game/game_fn_801BCC04.o
[399/935] MWCC build/GEDE01/src/game/game_fn_801BD990.o
[400/935] MWCC build/GEDE01/src/game/game_fn_801BDE7C.o
[401/935] MWCC build/GEDE01/src/game/game_fn_801BE0D4.o
[402/935] MWCC build/GEDE01/src/game/game_fn_801C1CB0.o
[403/935] MWCC build/GEDE01/src/game/game_fn_801BEF40.o
[404/935] MWCC build/GEDE01/src/game/game_fn_801C2980.o
[405/935] MWCC build/GEDE01/src/game/game_fn_801C29BC.o
[406/935] MWCC build/GEDE01/src/game/game_fn_801C2AAC.o
[407/935] MWCC build/GEDE01/src/game/game_fn_801C2D9C.o
[408/935] MWCC build/GEDE01/src/game/game_fn_801C8160.o
[409/935] MWCC build/GEDE01/src/game/game_fn_801C8224.o
[410/935] MWCC build/GEDE01/src/game/game_fn_801C8600.o
[411/935] MWCC build/GEDE01/src/game/game_fn_801C4B5C.o
[412/935] MWCC build/GEDE01/src/game/game_fn_801C87DC.o
[413/935] MWCC build/GEDE01/src/game/game_fn_801C8CC0.o
[414/935] MWCC build/GEDE01/src/game/game_fn_801C8F50.o
[415/935] MWCC build/GEDE01/src/game/game_fn_801C90A4.o
[416/935] MWCC build/GEDE01/src/game/game_fn_801C9510.o
[417/935] MWCC build/GEDE01/src/game/game_fn_801C970C.o
[418/935] MWCC build/GEDE01/src/game/game_fn_801C9A08.o
[419/935] MWCC build/GEDE01/src/game/game_fn_801C9B1C.o
[420/935] MWCC build/GEDE01/src/game/game_fn_801CD228.o
[421/935] MWCC build/GEDE01/src/game/game_fn_801CB4F8.o
[422/935] MWCC build/GEDE01/src/game/game_fn_801CE09C.o
[423/935] MWCC build/GEDE01/src/game/game_fn_801CE594.o
[424/935] MWCC build/GEDE01/src/game/game_fn_801D1B10.o
[425/935] MWCC build/GEDE01/src/game/game_fn_801D1F78.o
[426/935] MWCC build/GEDE01/src/game/game_fn_801D3988.o
[427/935] MWCC build/GEDE01/src/game/game_fn_801D73D0.o
[428/935] MWCC build/GEDE01/src/game/game_fn_801D76A8.o
[429/935] MWCC build/GEDE01/src/game/game_fn_801D7C24.o
[430/935] MWCC build/GEDE01/src/game/game_fn_801D8050.o
[431/935] MWCC build/GEDE01/src/game/game_fn_801D9FE4.o
[432/935] MWCC build/GEDE01/src/game/game_fn_801E2A48.o
[433/935] MWCC build/GEDE01/src/game/game_fn_801E41AC.o
[434/935] MWCC build/GEDE01/src/game/game_fn_801E504C.o
[435/935] MWCC build/GEDE01/src/game/game_fn_801E6814.o
[436/935] MWCC build/GEDE01/src/game/game_fn_801E7014.o
[437/935] MWCC build/GEDE01/src/game/game_fn_801E995C.o
[438/935] MWCC build/GEDE01/src/game/game_fn_801EAA04.o
[439/935] MWCC build/GEDE01/src/game/game_fn_801EB09C.o
[440/935] MWCC build/GEDE01/src/game/game_fn_801EB11C.o
[441/935] MWCC build/GEDE01/src/game/game_fn_801ECD74.o
[442/935] MWCC build/GEDE01/src/game/game_fn_801ECF50.o
[443/935] MWCC build/GEDE01/src/game/game_fn_801ED5F4.o
[444/935] MWCC build/GEDE01/src/game/game_fn_801EF580.o
[445/935] MWCC build/GEDE01/src/game/game_fn_801EF910.o
[446/935] MWCC build/GEDE01/src/game/game_fn_801F0CB0.o
[447/935] MWCC build/GEDE01/src/game/game_fn_801F10BC.o
[448/935] MWCC build/GEDE01/src/game/game_fn_801F1A38.o
[449/935] MWCC build/GEDE01/src/game/game_fn_801F35A8.o
[450/935] MWCC build/GEDE01/src/game/game_fn_801F55A0.o
[451/935] MWCC build/GEDE01/src/game/game_fn_801F69F0.o
[452/935] MWCC build/GEDE01/src/game/game_fn_801F6BD8.o
[453/935] MWCC build/GEDE01/src/game/game_fn_801F7510.o
[454/935] MWCC build/GEDE01/src/game/game_fn_801F76EC.o
[455/935] MWCC build/GEDE01/src/game/game_fn_801F8264.o
[456/935] MWCC build/GEDE01/src/game/game_fn_801F89B4.o
[457/935] MWCC build/GEDE01/src/game/game_fn_801F8FAC.o
[458/935] MWCC build/GEDE01/src/game/game_fn_801F9AF8.o
[459/935] MWCC build/GEDE01/src/game/game_fn_801F9CF4.o
[460/935] MWCC build/GEDE01/src/game/game_fn_801FA9C8.o
[461/935] MWCC build/GEDE01/src/game/game_fn_801FB6A4.o
[462/935] MWCC build/GEDE01/src/game/game_fn_801FC034.o
[463/935] MWCC build/GEDE01/src/game/game_fn_801FC204.o
[464/935] MWCC build/GEDE01/src/game/game_fn_801FFE78.o
[465/935] EXTERNALIZE build/GEDE01/src/game/game_fn_800A2B8C.o
[466/935] MWCC build/GEDE01/src/game/game_fn_8005EF94.o
[467/935] EXTERNALIZE build/GEDE01/src/game/game_fn_800DC4D4.o
[468/935] EXTERNALIZE build/GEDE01/src/game/game_fn_80119C70.o
[469/935] EXTERNALIZE build/GEDE01/src/game/game_fn_80175A08.o
[470/935] EXTERNALIZE build/GEDE01/src/game/game_fn_80066E78.o
[471/935] EXTERNALIZE build/GEDE01/src/game/game_fn_801247F8.o
[472/935] EXTERNALIZE build/GEDE01/src/game/game_fn_801EF910.o
[473/935] EXTERNALIZE build/GEDE01/src/game/game_fn_801ECF50.o
[474/935] EXTERNALIZE build/GEDE01/src/game/game_fn_801FC204.o
[475/935] EXTERNALIZE build/GEDE01/src/game/game_fn_801EB09C.o
[476/935] EXTERNALIZE build/GEDE01/src/game/game_fn_801EB11C.o
[477/935] EXTERNALIZE JUMPTABLES build/GEDE01/src/game/game_fn_80050B08.o
[478/935] EXTERNALIZE build/GEDE01/src/game/game_fn_801D9FE4.o
[479/935] EXTERNALIZE build/GEDE01/src/game/game_fn_801D73D0.o
[480/935] EXTERNALIZE build/GEDE01/src/game/game_fn_801E41AC.o
[481/935] EXTERNALIZE build/GEDE01/src/game/game_fn_801D76A8.o
[482/935] EXTERNALIZE build/GEDE01/src/game/game_fn_801D8050.o
[483/935] EXTERNALIZE build/GEDE01/src/game/game_fn_801D7C24.o
[484/935] EXTERNALIZE build/GEDE01/src/game/game_fn_8019B1BC.o
[485/935] EXTERNALIZE build/GEDE01/src/game/game_fn_80178F88.o
[486/935] EXTERNALIZE build/GEDE01/src/game/game_fn_801CD228.o
[487/935] EXTERNALIZE build/GEDE01/src/game/game_fn_801C970C.o
[488/935] EXTERNALIZE build/GEDE01/src/game/game_fn_801BA15C.o
[489/935] EXTERNALIZE build/GEDE01/src/game/game_fn_801C9510.o
[490/935] EXTERNALIZE build/GEDE01/src/game/game_fn_80126A00.o
[491/935] EXTERNALIZE build/GEDE01/src/game/game_fn_8013D6A4.o
[492/935] EXTERNALIZE build/GEDE01/src/game/game_fn_800C9C60.o
[493/935] EXTERNALIZE build/GEDE01/src/game/game_fn_801B5228.o
[494/935] EXTERNALIZE build/GEDE01/src/game/game_fn_801B4FB4.o
[495/935] EXTERNALIZE build/GEDE01/src/game/game_fn_801C87DC.o
[496/935] EXTERNALIZE build/GEDE01/src/game/game_fn_801B6F1C.o
[497/935] EXTERNALIZE build/GEDE01/src/game/game_fn_801C8CC0.o
[498/935] EXTERNALIZE build/GEDE01/src/game/game_fn_800FD0C8.o
[499/935] EXTERNALIZE build/GEDE01/src/game/game_fn_801BDE7C.o
[500/935] EXTERNALIZE build/GEDE01/src/game/game_fn_801BE0D4.o
[501/935] EXTERNALIZE STATIC POOL build/GEDE01/src/game/game_fn_801C9A08.o
build/GEDE01/src/game/game_fn_801C9A08.o: lbl_80629390 now undefined; section 3 emptied
[502/935] EXTERNALIZE build/GEDE01/src/game/game_fn_801B941C.o
[503/935] EXTERNALIZE STATIC POOL build/GEDE01/src/game/game_fn_801C9B1C.o
build/GEDE01/src/game/game_fn_801C9B1C.o: lbl_80629390 now undefined; section 3 emptied
[504/935] EXTERNALIZE STATIC POOL build/GEDE01/src/game/game_fn_801BD990.o
build/GEDE01/src/game/game_fn_801BD990.o: lbl_80626D80 now undefined; section 6 emptied
[505/935] EXTERNALIZE STATIC POOL build/GEDE01/src/game/game_fn_801B58F0.o
build/GEDE01/src/game/game_fn_801B58F0.o: lbl_8060C020 now undefined; section 3 emptied
[506/935] EXTERNALIZE STATIC POOL build/GEDE01/src/game/game_fn_801B9E7C.o
build/GEDE01/src/game/game_fn_801B9E7C.o: 0 relocation(s) moved from streamInfo to ...bss.0
build/GEDE01/src/game/game_fn_801B9E7C.o: lbl_8061AE48 now undefined; section 6 emptied
[507/935] EXTERNALIZE STATIC POOL build/GEDE01/src/game/game_fn_801BB1A0.o
build/GEDE01/src/game/game_fn_801BB1A0.o: 0 relocation(s) moved from streamInfo to ...bss.0
build/GEDE01/src/game/game_fn_801BB1A0.o: lbl_8061AE48 now undefined; section 6 emptied
[508/935] EXTERNALIZE STATIC POOL build/GEDE01/src/game/game_fn_801BA708.o
build/GEDE01/src/game/game_fn_801BA708.o: 0 relocation(s) moved from streamInfo to ...bss.0
build/GEDE01/src/game/game_fn_801BA708.o: lbl_8061AE48 now undefined; section 6 emptied
[509/935] EXTERNALIZE STATIC build/GEDE01/src/game/game_fn_801B35BC.o
build/GEDE01/src/game/game_fn_801B35BC.o: lbl_8060D420 now undefined; section 6 emptied
[510/935] EXTERNALIZE build/GEDE01/src/game/game_fn_801BA94C.o
build/GEDE01/src/game/game_fn_801BA94C.o: 0 relocation(s) moved from streamInfo to ...bss.0
build/GEDE01/src/game/game_fn_801BA94C.o: lbl_8061AE48 now undefined; section 6 emptied
[511/935] EXTERNALIZE STATIC POOL build/GEDE01/src/game/game_fn_801BC8F4.o
build/GEDE01/src/game/game_fn_801BC8F4.o: lbl_8061C748 now undefined; section 6 emptied
[512/935] EXTERNALIZE STATIC build/GEDE01/src/game/game_fn_801BC240.o
build/GEDE01/src/game/game_fn_801BC240.o: lbl_8061C748 now undefined; section 6 emptied
[513/935] EXTERNALIZE STATIC POOL build/GEDE01/src/game/game_fn_801BCC04.o
build/GEDE01/src/game/game_fn_801BCC04.o: lbl_8061C748 now undefined; section 6 emptied
[514/935] EXTERNALIZE STATIC POOL build/GEDE01/src/game/game_fn_801BC0D4.o
build/GEDE01/src/game/game_fn_801BC0D4.o: lbl_8061C748 now undefined; section 6 emptied
[515/935] EXTERNALIZE STATIC POOL build/GEDE01/src/game/game_fn_801C1CB0.o
build/GEDE01/src/game/game_fn_801C1CB0.o: lbl_80626DA0 now undefined; section 3 emptied
[516/935] EXTERNALIZE STATIC POOL build/GEDE01/src/game/game_fn_801CE09C.o
build/GEDE01/src/game/game_fn_801CE09C.o: lbl_80631340 now undefined; section 6 emptied
[517/935] RENAME build/GEDE01/src/game/game_InitMetroTRKCommTable.o
[518/935] RENAME RUNTIME INTRINSICS build/GEDE01/src/game/game_fn_801CB4F8.o
[519/935] EXTERNALIZE build/GEDE01/src/game/game_fn_801D3988.o
[520/935] EXTERNALIZE STATIC POOL build/GEDE01/src/game/game_fn_8010242C.o
build/GEDE01/src/game/game_fn_8010242C.o: lbl_8032CC08 now undefined; section 3 emptied
[521/935] EXTERNALIZE build/GEDE01/src/game/game_fn_801D1B10.o
[522/935] ALIGN DATA build/GEDE01/src/game/game_fn_80008014.o
[523/935] EXTERNALIZE build/GEDE01/src/game/game_fn_801CE594.o
[524/935] EXTERNALIZE build/GEDE01/src/game/game_fn_8014549C.o
[525/935] EXTERNALIZE build/GEDE01/src/game/game_fn_801C8224.o
[526/935] EXTERNALIZE build/GEDE01/src/game/game_fn_801098C0.o
[527/935] EXTERNALIZE build/GEDE01/src/game/game_fn_8000FDE8.o
[528/935] EXTERNALIZE build/GEDE01/src/game/game_fn_80185F10.o
[529/935] EXTERNALIZE build/GEDE01/src/game/game_fn_801C29BC.o
[530/935] EXTERNALIZE build/GEDE01/src/game/game_fn_801C8F50.o
[531/935] EXTERNALIZE build/GEDE01/src/game/game_fn_8007B828.o
[532/935] EXTERNALIZE build/GEDE01/src/game/game_fn_801C90A4.o
[533/935] EXTERNALIZE build/GEDE01/src/game/game_fn_801C8160.o
[534/935] EXTERNALIZE build/GEDE01/src/game/game_fn_801C2AAC.o
[535/935] EXTERNALIZE build/GEDE01/src/game/game_fn_801C2D9C.o
[536/935] EXTERNALIZE build/GEDE01/src/game/game_fn_801C2980.o
[537/935] EXTERNALIZE build/GEDE01/src/game/game_fn_801B02F0.o
[538/935] EXTERNALIZE build/GEDE01/src/game/game_fn_801AFA74.o
[539/935] EXTERNALIZE build/GEDE01/src/game/game_fn_801AC8AC.o
[540/935] EXTERNALIZE build/GEDE01/src/game/game_fn_801ABD3C.o
[541/935] EXTERNALIZE build/GEDE01/src/game/game_fn_801816D4.o
[542/935] EXTERNALIZE build/GEDE01/src/game/game_fn_8011F140.o
[543/935] EXTERNALIZE build/GEDE01/src/game/game_fn_801AD08C.o
[544/935] EXTERNALIZE build/GEDE01/src/game/game_fn_8004998C.o
[545/935] EXTERNALIZE build/GEDE01/src/game/game_fn_80079AA4.o
[546/935] EXTERNALIZE build/GEDE01/src/game/game_fn_80158D38.o
[547/935] EXTERNALIZE build/GEDE01/src/game/game_fn_801A3A78.o
[548/935] EXTERNALIZE build/GEDE01/src/game/game_fn_8008F224.o
[549/935] EXTERNALIZE build/GEDE01/src/game/game_fn_80167454.o
[550/935] EXTERNALIZE build/GEDE01/src/game/game_fn_800AF230.o
[551/935] EXTERNALIZE build/GEDE01/src/game/game_fn_801A93E8.o
[552/935] EXTERNALIZE build/GEDE01/src/game/game_fn_801AB154.o
[553/935] EXTERNALIZE build/GEDE01/src/game/game_fn_801A7E04.o
[554/935] EXTERNALIZE build/GEDE01/src/game/game_fn_801A7EA8.o
[555/935] EXTERNALIZE build/GEDE01/src/game/game_fn_801A6CB4.o
[556/935] EXTERNALIZE build/GEDE01/src/game/game_fn_801A4CE0.o
[557/935] EXTERNALIZE build/GEDE01/src/game/game_fn_801A6C58.o
[558/935] NAME JUMPTABLE build/GEDE01/src/game/game_fn_801A6ADC.o
[559/935] EXTERNALIZE build/GEDE01/src/game/game_fn_801A6410.o
[560/935] EXTERNALIZE build/GEDE01/src/game/game_fn_801A5FB0.o
[561/935] EXTERNALIZE build/GEDE01/src/game/game_fn_801A1F18.o
[562/935] EXTERNALIZE build/GEDE01/src/game/game_fn_8019E8C8.o
[563/935] EXTERNALIZE build/GEDE01/src/game/game_fn_8019E5E4.o
[564/935] EXTERNALIZE build/GEDE01/src/game/game_fn_8019CFC4.o
[565/935] EXTERNALIZE build/GEDE01/src/game/game_fn_8019CC28.o
[566/935] EXTERNALIZE build/GEDE01/src/game/game_fn_801991E0.o
[567/935] EXTERNALIZE build/GEDE01/src/game/game_fn_80198BF4.o
[568/935] EXTERNALIZE build/GEDE01/src/game/game_fn_80198AAC.o
[569/935] EXTERNALIZE build/GEDE01/src/game/game_fn_80198154.o
[570/935] EXTERNALIZE build/GEDE01/src/game/game_fn_80194F80.o
[571/935] EXTERNALIZE build/GEDE01/src/game/game_fn_80197910.o
[572/935] EXTERNALIZE build/GEDE01/src/game/game_fn_80177434.o
repointed 2 relocations to lbl_80250588
[573/935] EXTERNALIZE build/GEDE01/src/game/game_fn_80193E1C.o
[574/935] EXTERNALIZE build/GEDE01/src/game/game_fn_801931C4.o
[575/935] EXTERNALIZE build/GEDE01/src/game/game_fn_80193F3C.o
[576/935] EXTERNALIZE build/GEDE01/src/game/game_fn_80192F54.o
[577/935] EXTERNALIZE build/GEDE01/src/game/game_fn_80191F58.o
[578/935] EXTERNALIZE build/GEDE01/src/game/game_fn_8019197C.o
[579/935] EXTERNALIZE build/GEDE01/src/game/game_fn_80191360.o
[580/935] GLOBALIZE build/GEDE01/src/game/game_fn_8018F1D0.o
[581/935] EXTERNALIZE build/GEDE01/src/game/game_fn_8018D688.o
[582/935] EXTERNALIZE build/GEDE01/src/game/game_fn_8018F81C.o
[583/935] EXTERNALIZE build/GEDE01/src/game/game_fn_8018D2E0.o
[584/935] EXTERNALIZE build/GEDE01/src/game/game_fn_80189968.o
[585/935] EXTERNALIZE build/GEDE01/src/game/game_fn_8018D1F0.o
[586/935] EXTERNALIZE build/GEDE01/src/game/game_fn_80189760.o
[587/935] EXTERNALIZE build/GEDE01/src/game/game_fn_801896A0.o
[588/935] EXTERNALIZE build/GEDE01/src/game/game_fn_801895E8.o
[589/935] EXTERNALIZE build/GEDE01/src/game/game_fn_80189390.o
[590/935] EXTERNALIZE build/GEDE01/src/game/game_fn_801891D8.o
[591/935] EXTERNALIZE build/GEDE01/src/game/game_fn_80188E28.o
[592/935] EXTERNALIZE build/GEDE01/src/game/game_fn_80189028.o
[593/935] EXTERNALIZE build/GEDE01/src/game/game_fn_80188C1C.o
[594/935] EXTERNALIZE build/GEDE01/src/game/game_fn_80188B44.o
[595/935] EXTERNALIZE build/GEDE01/src/game/game_fn_80188A7C.o
[596/935] EXTERNALIZE build/GEDE01/src/game/game_fn_801878E0.o
[597/935] EXTERNALIZE build/GEDE01/src/game/game_fn_80187120.o
[598/935] EXTERNALIZE build/GEDE01/src/game/game_fn_8018FEDC.o
[599/935] EXTERNALIZE build/GEDE01/src/game/game_fn_80186E10.o
[600/935] EXTERNALIZE build/GEDE01/src/game/game_fn_801865EC.o
[601/935] EXTERNALIZE build/GEDE01/src/game/game_fn_80185AE8.o
[602/935] EXTERNALIZE build/GEDE01/src/game/game_fn_801859FC.o
[603/935] EXTERNALIZE build/GEDE01/src/game/game_fn_80180DDC.o
[604/935] EXTERNALIZE build/GEDE01/src/game/game_fn_8017E958.o
[605/935] EXTERNALIZE build/GEDE01/src/game/game_fn_8017E850.o
[606/935] EXTERNALIZE build/GEDE01/src/game/game_fn_8017718C.o
[607/935] EXTERNALIZE build/GEDE01/src/game/game_fn_801770F8.o
[608/935] EXTERNALIZE build/GEDE01/src/game/game_fn_80176FA0.o
[609/935] EXTERNALIZE build/GEDE01/src/game/game_fn_80176DF4.o
[610/935] EXTERNALIZE build/GEDE01/src/game/game_fn_80174358.o
[611/935] EXTERNALIZE build/GEDE01/src/game/game_fn_80173F04.o
[612/935] EXTERNALIZE build/GEDE01/src/game/game_fn_80174184.o
[613/935] EXTERNALIZE build/GEDE01/src/game/game_fn_8017553C.o
[614/935] EXTERNALIZE build/GEDE01/src/game/game_fn_80173D44.o
[615/935] EXTERNALIZE build/GEDE01/src/game/game_fn_80173770.o
[616/935] EXTERNALIZE build/GEDE01/src/game/game_fn_80173270.o
[617/935] EXTERNALIZE build/GEDE01/src/game/game_fn_801734B4.o
[618/935] EXTERNALIZE build/GEDE01/src/game/game_fn_80172C78.o
[619/935] EXTERNALIZE build/GEDE01/src/game/game_fn_80172DB8.o
[620/935] EXTERNALIZE build/GEDE01/src/game/game_fn_80172BB0.o
[621/935] EXTERNALIZE build/GEDE01/src/game/game_fn_801726EC.o
[622/935] EXTERNALIZE build/GEDE01/src/game/game_fn_8017250C.o
[623/935] EXTERNALIZE build/GEDE01/src/game/game_fn_80171F30.o
[624/935] EXTERNALIZE build/GEDE01/src/game/game_fn_801718F4.o
[625/935] EXTERNALIZE build/GEDE01/src/game/game_fn_801719B4.o
[626/935] EXTERNALIZE build/GEDE01/src/game/game_fn_80171664.o
[627/935] EXTERNALIZE build/GEDE01/src/game/game_fn_8017138C.o
[628/935] EXTERNALIZE build/GEDE01/src/game/game_fn_80170A40.o
[629/935] EXTERNALIZE build/GEDE01/src/game/game_fn_801706DC.o
[630/935] NORMALIZE build/GEDE01/src/game/game_TRKNubWelcome.o
[631/935] NORMALIZE build/GEDE01/src/game/game_TRK_main.o
[632/935] NORMALIZE build/GEDE01/src/game/game_data_80239E10.o
[633/935] NORMALIZE build/GEDE01/src/game/game_data_80239E18.o
[634/935] EXTERNALIZE build/GEDE01/src/game/game_fn_8017652C.o
[635/935] EXTERNALIZE build/GEDE01/src/game/game_fn_80170E9C.o
[636/935] EXTERNALIZE build/GEDE01/src/game/game_fn_80175E64.o
[637/935] EXTERNALIZE build/GEDE01/src/game/game_fn_80175F0C.o
[638/935] EXTERNALIZE build/GEDE01/src/game/game_fn_80175FD4.o
[639/935] EXTERNALIZE build/GEDE01/src/game/game_fn_80176098.o
[640/935] EXTERNALIZE build/GEDE01/src/game/game_fn_80176160.o
[641/935] EXTERNALIZE build/GEDE01/src/game/game_fn_80176220.o
[642/935] EXTERNALIZE build/GEDE01/src/game/game_fn_80170DF4.o
[643/935] EXTERNALIZE build/GEDE01/src/game/game_fn_801762E8.o
[644/935] EXTERNALIZE build/GEDE01/src/game/game_fn_8016E8F8.o
[645/935] EXTERNALIZE build/GEDE01/src/game/game_fn_8016FEF8.o
[646/935] EXTERNALIZE build/GEDE01/src/game/game_fn_801704F8.o
[647/935] NORMALIZE build/GEDE01/src/game/game_fn_8016DF4C.o
[648/935] EXTERNALIZE build/GEDE01/src/game/game_fn_8016D2B8.o
[649/935] EXTERNALIZE build/GEDE01/src/game/game_fn_8016D040.o
[650/935] EXTERNALIZE build/GEDE01/src/game/game_fn_8016D1F8.o
[651/935] EXTERNALIZE build/GEDE01/src/game/game_fn_8016C774.o
[652/935] EXTERNALIZE build/GEDE01/src/game/game_fn_8016C4BC.o
[653/935] EXTERNALIZE build/GEDE01/src/game/game_fn_8016C164.o
[654/935] EXTERNALIZE build/GEDE01/src/game/game_fn_8016C238.o
[655/935] EXTERNALIZE build/GEDE01/src/game/game_fn_8016C0BC.o
[656/935] EXTERNALIZE build/GEDE01/src/game/game_fn_8017038C.o
[657/935] EXTERNALIZE build/GEDE01/src/game/game_fn_8016BE1C.o
[658/935] EXTERNALIZE build/GEDE01/src/game/game_fn_8016BF60.o
[659/935] EXTERNALIZE build/GEDE01/src/game/game_fn_80169650.o
[660/935] EXTERNALIZE build/GEDE01/src/game/game_fn_8016BD0C.o
[661/935] EXTERNALIZE build/GEDE01/src/game/game_fn_80167B5C.o
[662/935] EXTERNALIZE build/GEDE01/src/game/game_fn_8015EDC0.o
[663/935] EXTERNALIZE build/GEDE01/src/game/game_fn_8015DB84.o
[664/935] EXTERNALIZE build/GEDE01/src/game/game_fn_8015DC54.o
[665/935] EXTERNALIZE build/GEDE01/src/game/game_fn_80179398.o
[666/935] EXTERNALIZE build/GEDE01/src/game/game_fn_80158B20.o
[667/935] EXTERNALIZE build/GEDE01/src/game/game_fn_8017960C.o
[668/935] EXTERNALIZE build/GEDE01/src/game/game_fn_8017974C.o
[669/935] EXTERNALIZE build/GEDE01/src/game/game_fn_8017A9B8.o
[670/935] EXTERNALIZE build/GEDE01/src/game/game_fn_80179904.o
[671/935] EXTERNALIZE build/GEDE01/src/game/game_fn_80179A74.o
[672/935] EXTERNALIZE build/GEDE01/src/game/game_fn_80179A18.o
[673/935] EXTERNALIZE build/GEDE01/src/game/game_fn_80179EB8.o
[674/935] EXTERNALIZE build/GEDE01/src/game/game_fn_80179F20.o
[675/935] EXTERNALIZE build/GEDE01/src/game/game_fn_8017A010.o
[676/935] EXTERNALIZE build/GEDE01/src/game/game_fn_8017A12C.o
[677/935] EXTERNALIZE build/GEDE01/src/game/game_fn_80157C0C.o
[678/935] EXTERNALIZE build/GEDE01/src/game/game_fn_8017A1C0.o
[679/935] EXTERNALIZE build/GEDE01/src/game/game_fn_80155814.o
[680/935] EXTERNALIZE build/GEDE01/src/game/game_fn_80153898.o
[681/935] EXTERNALIZE build/GEDE01/src/game/game_fn_8014B494.o
[682/935] EXTERNALIZE build/GEDE01/src/game/game_fn_8014AF38.o
[683/935] EXTERNALIZE build/GEDE01/src/game/game_fn_8012DB28.o
[684/935] EXTERNALIZE build/GEDE01/src/game/game_fn_801141B8.o
[685/935] EXTERNALIZE build/GEDE01/src/game/game_fn_801128E4.o
[686/935] EXTERNALIZE build/GEDE01/src/game/game_fn_8010F184.o
[687/935] EXTERNALIZE build/GEDE01/src/game/game_fn_801126E0.o
[688/935] EXTERNALIZE build/GEDE01/src/game/game_fn_800E4980.o
[689/935] EXTERNALIZE build/GEDE01/src/game/game_fn_800C17EC.o
[690/935] EXTERNALIZE build/GEDE01/src/game/game_fn_800C59F0.o
[691/935] EXTERNALIZE build/GEDE01/src/game/game_fn_800C030C.o
[692/935] EXTERNALIZE build/GEDE01/src/game/game_fn_800C644C.o
[693/935] EXTERNALIZE build/GEDE01/src/game/game_fn_800C65FC.o
[694/935] EXTERNALIZE build/GEDE01/src/game/game_fn_800CB760.o
[695/935] EXTERNALIZE build/GEDE01/src/game/game_fn_800CB8F4.o
[696/935] EXTERNALIZE build/GEDE01/src/game/game_fn_80078500.o
[697/935] EXTERNALIZE build/GEDE01/src/game/game_fn_80079908.o
[698/935] EXTERNALIZE build/GEDE01/src/game/game_fn_8007B2F4.o
[699/935] EXTERNALIZE build/GEDE01/src/game/game_fn_8007B540.o
[700/935] EXTERNALIZE build/GEDE01/src/game/game_fn_8007B640.o
[701/935] EXTERNALIZE build/GEDE01/src/game/game_fn_8007BA3C.o
[702/935] EXTERNALIZE build/GEDE01/src/game/game_fn_800886D8.o
[703/935] EXTERNALIZE build/GEDE01/src/game/game_fn_800934A0.o
[704/935] EXTERNALIZE build/GEDE01/src/game/game_fn_800A3894.o
[705/935] EXTERNALIZE build/GEDE01/src/game/game_fn_800A7E88.o
[706/935] EXTERNALIZE build/GEDE01/src/game/game_fn_800A4798.o
[707/935] GLOBALIZE build/GEDE01/src/game/game_fn_800A2130.o
[708/935] EXTERNALIZE build/GEDE01/src/game/game_fn_800A2FCC.o
[709/935] EXTERNALIZE build/GEDE01/src/game/game_fn_8009C424.o
[710/935] EXTERNALIZE build/GEDE01/src/game/game_fn_80096830.o
[711/935] EXTERNALIZE SWITCHES build/GEDE01/src/game/game_fn_80095FDC.o
[712/935] GLOBALIZE build/GEDE01/src/game/game_fn_8008F890.o
[713/935] EXTERNALIZE build/GEDE01/src/game/game_fn_800A4428.o
[714/935] EXTERNALIZE build/GEDE01/src/game/game_fn_80074310.o
[715/935] GLOBALIZE build/GEDE01/src/game/game_fn_8005FD84.o
[716/935] EXTERNALIZE build/GEDE01/src/game/game_fn_80066888.o
[717/935] EXTERNALIZE build/GEDE01/src/game/game_fn_8005EC6C.o
[718/935] EXTERNALIZE build/GEDE01/src/game/game_fn_80052310.o
[719/935] EXTERNALIZE build/GEDE01/src/game/game_fn_80048B24.o
[720/935] NAME SWITCH build/GEDE01/src/game/game_fn_80020E94.o
[721/935] NAME SWITCH build/GEDE01/src/game/game_fn_8005EE9C.o
[722/935] NAME SWITCH build/GEDE01/src/game/game_fn_8016D9C0.o
[723/935] NAME SWITCH build/GEDE01/src/game/game_fn_80071A58.o
[724/935] EXTERNALIZE build/GEDE01/src/game/game_fn_80048ADC.o
[725/935] NAME SWITCH build/GEDE01/src/game/game_fn_8006B620.o
[726/935] NAME SWITCH build/GEDE01/src/game/game_fn_8001FE1C.o
[727/935] NAME SWITCH build/GEDE01/src/game/game_fn_8001E644.o
[728/935] EXTERNALIZE build/GEDE01/src/game/game_fn_80038878.o
[729/935] EXTERNALIZE build/GEDE01/src/game/game_fn_801B46C8.o
build/GEDE01/src/game/game_fn_801B46C8.o: lbl_8060C020 now undefined; section 6 emptied
[730/935] EXTERNALIZE build/GEDE01/src/game/game_fn_80036C40.o
[731/935] EXTERNALIZE build/GEDE01/src/game/game_fn_800359A0.o
[732/935] EXTERNALIZE build/GEDE01/src/game/game_fn_80033180.o
[733/935] EXTERNALIZE build/GEDE01/src/game/game_fn_80033038.o
[734/935] EXTERNALIZE build/GEDE01/src/game/game_fn_80032B84.o
[735/935] EXTERNALIZE build/GEDE01/src/game/game_fn_8003232C.o
[736/935] EXTERNALIZE build/GEDE01/src/game/game_fn_8002E3F0.o
[737/935] EXTERNALIZE build/GEDE01/src/game/game_fn_8002DAE0.o
[738/935] EXTERNALIZE build/GEDE01/src/game/game_fn_8002EA68.o
[739/935] GLOBALIZE build/GEDE01/src/game/game_fn_8002B748.o
[740/935] EXTERNALIZE build/GEDE01/src/game/game_fn_8002F428.o
[741/935] NAME SWITCHES build/GEDE01/src/game/game_fn_80024F28.o
[742/935] EXTERNALIZE build/GEDE01/src/game/game_fn_800272B4.o
[743/935] EXTERNALIZE build/GEDE01/src/game/game_fn_8001CE94.o
[744/935] EXTERNALIZE build/GEDE01/src/game/game_fn_8001CD58.o
[745/935] EXTERNALIZE build/GEDE01/src/game/game_fn_8001C078.o
[746/935] EXTERNALIZE build/GEDE01/src/game/game_fn_8001B874.o
[747/935] EXTERNALIZE build/GEDE01/src/game/game_fn_8001B808.o
[748/935] EXTERNALIZE build/GEDE01/src/game/game_fn_8001B294.o
[749/935] EXTERNALIZE build/GEDE01/src/game/game_fn_8001B124.o
[750/935] EXTERNALIZE build/GEDE01/src/game/game_fn_8001ADF8.o
[751/935] EXTERNALIZE build/GEDE01/src/game/game_fn_8001AF68.o
[752/935] EXTERNALIZE build/GEDE01/src/game/game_fn_8001AAB8.o
[753/935] EXTERNALIZE build/GEDE01/src/game/game_fn_8001A6C4.o
[754/935] EXTERNALIZE build/GEDE01/src/game/game_fn_80019F98.o
[755/935] EXTERNALIZE build/GEDE01/src/game/game_fn_80019D2C.o
[756/935] EXTERNALIZE build/GEDE01/src/game/game_fn_80019C10.o
[757/935] EXTERNALIZE build/GEDE01/src/game/game_fn_80019940.o
[758/935] EXTERNALIZE build/GEDE01/src/game/game_fn_800194D0.o
[759/935] EXTERNALIZE build/GEDE01/src/game/game_fn_80019244.o
[760/935] EXTERNALIZE build/GEDE01/src/game/game_fn_80019054.o
[761/935] EXTERNALIZE build/GEDE01/src/game/game_fn_80018EF4.o
[762/935] EXTERNALIZE build/GEDE01/src/game/game_fn_80017DB0.o
[763/935] EXTERNALIZE build/GEDE01/src/game/game_fn_80017CC8.o
[764/935] EXTERNALIZE build/GEDE01/src/game/game_fn_80017C3C.o
[765/935] EXTERNALIZE build/GEDE01/src/game/game_fn_80017AE4.o
[766/935] EXTERNALIZE build/GEDE01/src/game/game_fn_80017A3C.o
[767/935] EXTERNALIZE build/GEDE01/src/game/game_fn_800179AC.o
[768/935] EXTERNALIZE build/GEDE01/src/game/game_fn_80017910.o
[769/935] EXTERNALIZE FLAGS build/GEDE01/src/game/game_fn_800119FC.o
[770/935] EXTERNALIZE build/GEDE01/src/game/game_fn_8000FFD8.o
[771/935] EXTERNALIZE build/GEDE01/src/game/game_fn_8000F4B0.o
[772/935] GLOBALIZE build/GEDE01/src/game/game_fn_800094C0.o
[773/935] EXTERNALIZE build/GEDE01/src/game/game_fn_8000EFC4.o
[774/935] EXTERNALIZE build/GEDE01/src/game/game_fn_800096E0.o
[775/935] EXTERNALIZE build/GEDE01/src/game/game_fn_800098C0.o
[776/935] EXTERNALIZE build/GEDE01/src/game/game_fn_800099D8.o
[777/935] EXTERNALIZE build/GEDE01/src/game/game_fn_80009AB4.o
[778/935] EXTERNALIZE build/GEDE01/src/game/game_fn_8000A26C.o
[779/935] EXTERNALIZE build/GEDE01/src/game/game_fn_800171C0.o
[780/935] EXTERNALIZE build/GEDE01/src/game/game_fn_800176F0.o
[781/935] EXTERNALIZE build/GEDE01/src/game/game_fn_8000AC88.o
[782/935] EXTERNALIZE build/GEDE01/src/game/game_fn_8000AEB4.o
[783/935] EXTERNALIZE build/GEDE01/src/game/game_fn_8000AFB4.o
[784/935] EXTERNALIZE build/GEDE01/src/game/game_fn_8000B1B8.o
[785/935] EXTERNALIZE build/GEDE01/src/game/game_fn_8000B36C.o
[786/935] EXTERNALIZE build/GEDE01/src/game/game_fn_8000B630.o
[787/935] EXTERNALIZE build/GEDE01/src/game/game_fn_8000B7FC.o
[788/935] EXTERNALIZE build/GEDE01/src/game/game_fn_8000B900.o
[789/935] EXTERNALIZE build/GEDE01/src/game/game_fn_8000BA0C.o
[790/935] EXTERNALIZE build/GEDE01/src/game/game_fn_8000BAA0.o
[791/935] EXTERNALIZE build/GEDE01/src/game/game_fn_8000BC40.o
[792/935] EXTERNALIZE build/GEDE01/src/game/game_fn_8000C06C.o
[793/935] EXTERNALIZE build/GEDE01/src/game/game_fn_8000C17C.o
[794/935] EXTERNALIZE build/GEDE01/src/game/game_fn_8000C400.o
[795/935] EXTERNALIZE build/GEDE01/src/game/game_fn_8000C848.o
[796/935] EXTERNALIZE build/GEDE01/src/game/game_fn_8000C91C.o
[797/935] EXTERNALIZE build/GEDE01/src/game/game_fn_8000D0BC.o
[798/935] NAME SWITCH build/GEDE01/src/game/game_fn_8000D8A4.o
[799/935] EXTERNALIZE build/GEDE01/src/game/game_fn_8000D3D4.o
[800/935] EXTERNALIZE build/GEDE01/src/game/game_fn_8000E054.o
[801/935] EXTERNALIZE build/GEDE01/src/game/game_fn_8000E0AC.o
[802/935] EXTERNALIZE build/GEDE01/src/game/game_fn_8000E96C.o
[803/935] EXTERNALIZE build/GEDE01/src/game/game_fn_8000F774.o
[804/935] EXTERNALIZE build/GEDE01/src/game/game_fn_8000EB14.o
[805/935] EXTERNALIZE build/GEDE01/src/game/game_fn_8000EBD4.o
[806/935] EXTERNALIZE build/GEDE01/src/game/game_fn_8000ED44.o
[807/935] EXTERNALIZE build/GEDE01/src/game/game_fn_8000E138.o
[808/935] EXTERNALIZE build/GEDE01/src/game/game_fn_8000E1C4.o
[809/935] EXTERNALIZE build/GEDE01/src/game/game_fn_8000D590.o
[810/935] EXTERNALIZE build/GEDE01/src/game/game_fn_8000DA50.o
[811/935] EXTERNALIZE build/GEDE01/src/game/game_fn_8000DAF4.o
[812/935] EXTERNALIZE build/GEDE01/src/game/game_fn_80012DA8.o
[813/935] EXTERNALIZE build/GEDE01/src/game/game_fn_80012F40.o
[814/935] EXTERNALIZE build/GEDE01/src/game/game_fn_80012FD0.o
[815/935] EXTERNALIZE build/GEDE01/src/game/game_fn_800131E8.o
[816/935] EXTERNALIZE build/GEDE01/src/game/game_fn_80013340.o
[817/935] EXTERNALIZE build/GEDE01/src/game/game_fn_80013870.o
[818/935] EXTERNALIZE build/GEDE01/src/game/game_fn_80013CB0.o
[819/935] EXTERNALIZE build/GEDE01/src/game/game_fn_80013D54.o
[820/935] EXTERNALIZE build/GEDE01/src/game/game_fn_800142DC.o
[821/935] EXTERNALIZE build/GEDE01/src/game/game_fn_800144CC.o
[822/935] EXTERNALIZE build/GEDE01/src/game/game_fn_80014784.o
[823/935] EXTERNALIZE build/GEDE01/src/game/game_fn_800149D4.o
[824/935] EXTERNALIZE build/GEDE01/src/game/game_fn_80015058.o
[825/935] EXTERNALIZE build/GEDE01/src/game/game_fn_80015320.o
[826/935] EXTERNALIZE build/GEDE01/src/game/game_fn_80015568.o
[827/935] EXTERNALIZE build/GEDE01/src/game/game_fn_800156FC.o
[828/935] EXTERNALIZE build/GEDE01/src/game/game_fn_80015BE0.o
[829/935] EXTERNALIZE build/GEDE01/src/game/game_fn_80015D40.o
[830/935] EXTERNALIZE build/GEDE01/src/game/game_fn_80015F04.o
[831/935] EXTERNALIZE build/GEDE01/src/game/game_fn_80016128.o
[832/935] EXTERNALIZE build/GEDE01/src/game/game_fn_80016270.o
[833/935] EXTERNALIZE build/GEDE01/src/game/game_fn_80016904.o
[834/935] EXTERNALIZE build/GEDE01/src/game/game_fn_800173CC.o
[835/935] EXTERNALIZE build/GEDE01/src/game/game_fn_80016B24.o
[836/935] EXTERNALIZE build/GEDE01/src/game/game_fn_801BEF40.o
[837/935] EXTERNALIZE build/GEDE01/src/game/game_fn_801B86C0.o
[838/935] EXTERNALIZE STATIC POOL build/GEDE01/src/game/game_fn_801C4B5C.o
build/GEDE01/src/game/game_fn_801C4B5C.o: lbl_80628CB0 now undefined; section 6 emptied
[839/935] EXTERNALIZE build/GEDE01/src/game/game_fn_801C8600.o
[840/935] EXTERNALIZE build/GEDE01/src/game/game_fn_801EAA04.o
[841/935] EXTERNALIZE build/GEDE01/src/game/game_fn_80173BDC.o
[842/935] EXTERNALIZE build/GEDE01/src/game/game_fn_801E7014.o
[843/935] EXTERNALIZE build/GEDE01/src/game/game_fn_801A4430.o
[844/935] EXTERNALIZE build/GEDE01/src/game/game_fn_8014BA14.o
[845/935] EXTERNALIZE build/GEDE01/src/game/game_fn_800B2EC0.o
[846/935] EXTERNALIZE build/GEDE01/src/game/game_fn_8001CA04.o
[847/935] EXTERNALIZE build/GEDE01/src/game/game_fn_8006B0F0.o
[848/935] EXTERNALIZE build/GEDE01/src/game/game_fn_80031544.o
[849/935] EXTERNALIZE build/GEDE01/src/game/game_fn_8007F770.o
[850/935] EXTERNALIZE build/GEDE01/src/game/game_fn_8007D4D8.o
[851/935] EXTERNALIZE build/GEDE01/src/game/game_fn_80088F4C.o
[852/935] EXTERNALIZE build/GEDE01/src/game/game_fn_80089A34.o
[853/935] EXTERNALIZE build/GEDE01/src/game/game_fn_8008A2E0.o
[854/935] EXTERNALIZE build/GEDE01/src/game/game_fn_80090004.o
[855/935] EXTERNALIZE build/GEDE01/src/game/game_fn_80095D10.o
[856/935] EXTERNALIZE build/GEDE01/src/game/game_fn_800A3180.o
[857/935] EXTERNALIZE build/GEDE01/src/game/game_fn_800BB5C4.o
[858/935] EXTERNALIZE build/GEDE01/src/game/game_fn_800BB7A8.o
[859/935] EXTERNALIZE build/GEDE01/src/game/game_fn_800BB9A4.o
[860/935] EXTERNALIZE build/GEDE01/src/game/game_fn_800BBAF0.o
[861/935] EXTERNALIZE build/GEDE01/src/game/game_fn_800D9064.o
[862/935] EXTERNALIZE build/GEDE01/src/game/game_fn_800D9E10.o
[863/935] EXTERNALIZE build/GEDE01/src/game/game_fn_8012976C.o
[864/935] EXTERNALIZE build/GEDE01/src/game/game_fn_8013DB8C.o
[865/935] EXTERNALIZE build/GEDE01/src/game/game_fn_8013CBE4.o
[866/935] EXTERNALIZE build/GEDE01/src/game/game_fn_8014CA98.o
[867/935] EXTERNALIZE build/GEDE01/src/game/game_fn_80153A24.o
[868/935] EXTERNALIZE build/GEDE01/src/game/game_fn_801535D8.o
[869/935] EXTERNALIZE build/GEDE01/src/game/game_fn_80174F2C.o
[870/935] EXTERNALIZE build/GEDE01/src/game/game_fn_801752B0.o
[871/935] EXTERNALIZE build/GEDE01/src/game/game_fn_8017AC20.o
[872/935] EXTERNALIZE build/GEDE01/src/game/game_fn_801861C4.o
[873/935] EXTERNALIZE build/GEDE01/src/game/game_fn_8018680C.o
[874/935] EXTERNALIZE build/GEDE01/src/game/game_fn_80186F70.o
[875/935] EXTERNALIZE build/GEDE01/src/game/game_fn_80187320.o
[876/935] EXTERNALIZE build/GEDE01/src/game/game_fn_801810A0.o
[877/935] EXTERNALIZE build/GEDE01/src/game/game_fn_801875FC.o
[878/935] EXTERNALIZE build/GEDE01/src/game/game_fn_800542D0.o
[879/935] EXTERNALIZE build/GEDE01/src/game/game_fn_80187E40.o
[880/935] EXTERNALIZE build/GEDE01/src/game/game_fn_80187BB4.o
[881/935] EXTERNALIZE build/GEDE01/src/game/game_fn_80189C14.o
[882/935] EXTERNALIZE build/GEDE01/src/game/game_fn_8018C2D0.o
[883/935] EXTERNALIZE build/GEDE01/src/game/game_fn_8018D400.o
[884/935] EXTERNALIZE build/GEDE01/src/game/game_fn_8018E0D8.o
[885/935] EXTERNALIZE build/GEDE01/src/game/game_fn_8019120C.o
[886/935] EXTERNALIZE build/GEDE01/src/game/game_fn_8018DC24.o
[887/935] EXTERNALIZE build/GEDE01/src/game/game_fn_801916D0.o
[888/935] EXTERNALIZE build/GEDE01/src/game/game_fn_801926EC.o
[889/935] EXTERNALIZE build/GEDE01/src/game/game_fn_801929A4.o
[890/935] EXTERNALIZE build/GEDE01/src/game/game_fn_801952E8.o
[891/935] EXTERNALIZE build/GEDE01/src/game/game_fn_801A2A54.o
[892/935] EXTERNALIZE build/GEDE01/src/game/game_fn_801A34BC.o
[893/935] EXTERNALIZE build/GEDE01/src/game/game_fn_801A657C.o
[894/935] EXTERNALIZE build/GEDE01/src/game/game_fn_801A1F8C.o
[895/935] EXTERNALIZE build/GEDE01/src/game/game_fn_801D1F78.o
[896/935] EXTERNALIZE build/GEDE01/src/game/game_fn_801E2A48.o
[897/935] EXTERNALIZE build/GEDE01/src/game/game_fn_801E6814.o
[898/935] EXTERNALIZE build/GEDE01/src/game/game_fn_801E995C.o
[899/935] EXTERNALIZE build/GEDE01/src/game/game_fn_801F0CB0.o
[900/935] EXTERNALIZE build/GEDE01/src/game/game_fn_801EF580.o
[901/935] EXTERNALIZE build/GEDE01/src/game/game_fn_801F10BC.o
[902/935] EXTERNALIZE build/GEDE01/src/game/game_fn_801F35A8.o
[903/935] EXTERNALIZE build/GEDE01/src/game/game_fn_801ECD74.o
[904/935] EXTERNALIZE build/GEDE01/src/game/game_fn_801ED5F4.o
[905/935] EXTERNALIZE build/GEDE01/src/game/game_fn_801F69F0.o
[906/935] EXTERNALIZE build/GEDE01/src/game/game_fn_801F76EC.o
[907/935] EXTERNALIZE build/GEDE01/src/game/game_fn_801F8264.o
[908/935] EXTERNALIZE build/GEDE01/src/game/game_fn_801F89B4.o
[909/935] EXTERNALIZE build/GEDE01/src/game/game_fn_801F9AF8.o
[910/935] EXTERNALIZE build/GEDE01/src/game/game_fn_801F6BD8.o
[911/935] EXTERNALIZE build/GEDE01/src/game/game_fn_80095E64.o
[912/935] EXTERNALIZE build/GEDE01/src/game/game_fn_801FB6A4.o
[913/935] EXTERNALIZE JUMPTABLES build/GEDE01/src/game/game_fn_800361F8.o
[914/935] EXTERNALIZE JUMPTABLES build/GEDE01/src/game/game_fn_800CF598.o
[915/935] EXTERNALIZE JUMPTABLES build/GEDE01/src/game/game_fn_8006E53C.o
[916/935] EXTERNALIZE JUMPTABLES build/GEDE01/src/game/game_fn_801ACFE8.o
[917/935] EXTERNALIZE JUMPTABLES build/GEDE01/src/game/game_fn_801B1BA0.o
[918/935] EXTERNALIZE build/GEDE01/src/game/game_fn_80150A24.o
[919/935] EXTERNALIZE build/GEDE01/src/game/game_fn_80154F74.o
[920/935] EXTERNALIZE build/GEDE01/src/game/game_fn_801E504C.o
[921/935] EXTERNALIZE build/GEDE01/src/game/game_fn_8009E808.o
[922/935] EXTERNALIZE build/GEDE01/src/game/game_fn_801F1A38.o
[923/935] EXTERNALIZE build/GEDE01/src/game/game_fn_801FFE78.o
[924/935] EXTERNALIZE build/GEDE01/src/game/game_fn_801F55A0.o
[925/935] EXTERNALIZE build/GEDE01/src/game/game_fn_801F7510.o
[926/935] EXTERNALIZE build/GEDE01/src/game/game_fn_801F9CF4.o
[927/935] EXTERNALIZE build/GEDE01/src/game/game_fn_801F8FAC.o
[928/935] EXTERNALIZE build/GEDE01/src/game/game_fn_801FC034.o
[929/935] EXTERNALIZE build/GEDE01/src/game/game_fn_801FA9C8.o
[930/935] REPORT
 INFO Loading project .
 INFO Generating report for 7068 units (using 8 threads)
 INFO Report generated in 0.170s
 INFO Writing to build/GEDE01/report.json
[931/935] LINK build/GEDE01/main.elf
### mwldeppc.exe Linker Warning:
#   Section '.ignored' is unknown. Section ignored.
### mwldeppc.exe Linker Warning:
#   Section '.ignored' is unknown. Section ignored.
### mwldeppc.exe Linker Warning:
#   Section '.ignored' is unknown. Section ignored.
### mwldeppc.exe Linker Warning:
#   Section '.ignored' is unknown. Section ignored.
### mwldeppc.exe Linker Warning:
#   Section '.ignored' is unknown. Section ignored.
### mwldeppc.exe Linker Warning:
#   Section '.ignored' is unknown. Section ignored.
### mwldeppc.exe Linker Warning:
#   Section '.ignored' is unknown. Section ignored.
### mwldeppc.exe Linker Warning:
#   Section '.ignored' is unknown. Section ignored.
### mwldeppc.exe Linker Warning:
#   Section '.ignored' is unknown. Section ignored.
### mwldeppc.exe Linker Warning:
#   Section '.ignored' is unknown. Section ignored.
### mwldeppc.exe Linker Warning:
#   Section '.ignored' is unknown. Section ignored.
### mwldeppc.exe Linker Warning:
#   Section '.ignored' is unknown. Section ignored.
### mwldeppc.exe Linker Warning:
#   Section '.ignored' is unknown. Section ignored.
### mwldeppc.exe Linker Warning:
#   Section '.ignored' is unknown. Section ignored.
### mwldeppc.exe Linker Warning:
#   Section '.ignored' is unknown. Section ignored.
### mwldeppc.exe Linker Warning:
#   Section '.ignored' is unknown. Section ignored.
### mwldeppc.exe Linker Warning:
#   Section '.ignored' is unknown. Section ignored.
### mwldeppc.exe Linker Warning:
#   Section '.ignored' is unknown. Section ignored.
### mwldeppc.exe Linker Warning:
#   Section '.ignored' is unknown. Section ignored.
### mwldeppc.exe Linker Warning:
#   Section '.ignored' is unknown. Section ignored.
### mwldeppc.exe Linker Warning:
#   Section '.ignored' is unknown. Section ignored.
### mwldeppc.exe Linker Warning:
#   Section '.ignored' is unknown. Section ignored.
### mwldeppc.exe Linker Warning:
#   Section '.ignored' is unknown. Section ignored.
### mwldeppc.exe Linker Warning:
#   Section '.ignored' is unknown. Section ignored.
### mwldeppc.exe Linker Warning:
#   Section '.ignored' is unknown. Section ignored.
### mwldeppc.exe Linker Warning:
#   Section '.ignored' is unknown. Section ignored.
### mwldeppc.exe Linker Warning:
#   Section '.ignored' is unknown. Section ignored.
### mwldeppc.exe Linker Warning:
#   Section '.ignored' is unknown. Section ignored.
### mwldeppc.exe Linker Warning:
#   Section '.ignored' is unknown. Section ignored.
### mwldeppc.exe Linker Warning:
#   Section '.ignored' is unknown. Section ignored.
### mwldeppc.exe Linker Warning:
#   Section '.ignored' is unknown. Section ignored.
### mwldeppc.exe Linker Warning:
#   Section '.ignored' is unknown. Section ignored.
### mwldeppc.exe Linker Warning:
#   Section '.ignored' is unknown. Section ignored.
### mwldeppc.exe Linker Warning:
#   Section '.ignored' is unknown. Section ignored.
### mwldeppc.exe Linker Warning:
#   Section '.ignored' is unknown. Section ignored.
### mwldeppc.exe Linker Warning:
#   Section '.ignored' is unknown. Section ignored.
### mwldeppc.exe Linker Warning:
#   Section '.ignored' is unknown. Section ignored.
### mwldeppc.exe Linker Warning:
#   Section '.ignored' is unknown. Section ignored.
### mwldeppc.exe Linker Warning:
#   Section '.ignored' is unknown. Section ignored.
### mwldeppc.exe Linker Warning:
#   Section '.ignored' is unknown. Section ignored.
### mwldeppc.exe Linker Warning:
#   Section '.ignored' is unknown. Section ignored.
### mwldeppc.exe Linker Warning:
#   Section '.ignored' is unknown. Section ignored.
### mwldeppc.exe Linker Warning:
#   Section '.ignored' is unknown. Section ignored.
### mwldeppc.exe Linker Warning:
#   Section '.ignored' is unknown. Section ignored.
### mwldeppc.exe Linker Warning:
#   Section '.ignored' is unknown. Section ignored.
### mwldeppc.exe Linker Warning:
#   Section '.ignored' is unknown. Section ignored.
### mwldeppc.exe Linker Warning:
#   Section '.ignored' is unknown. Section ignored.
### mwldeppc.exe Linker Warning:
#   Section '.ignored' is unknown. Section ignored.
### mwldeppc.exe Linker Warning:
#   Section '.ignored' is unknown. Section ignored.
### mwldeppc.exe Linker Warning:
#   Section '.ignored' is unknown. Section ignored.
### mwldeppc.exe Linker Warning:
#   Section '.ignored' is unknown. Section ignored.
### mwldeppc.exe Linker Warning:
#   Section '.ignored' is unknown. Section ignored.
### mwldeppc.exe Linker Warning:
#   Section '.ignored' is unknown. Section ignored.
### mwldeppc.exe Linker Warning:
#   Section '.ignored' is unknown. Section ignored.
### mwldeppc.exe Linker Warning:
#   Section '.ignored' is unknown. Section ignored.
### mwldeppc.exe Linker Warning:
#   Section '.ignored' is unknown. Section ignored.
### mwldeppc.exe Linker Warning:
#   Section '.ignored' is unknown. Section ignored.
### mwldeppc.exe Linker Warning:
#   Section '.ignored' is unknown. Section ignored.
### mwldeppc.exe Linker Warning:
#   Section '.ignored' is unknown. Section ignored.
### mwldeppc.exe Linker Warning:
#   Section '.ignored' is unknown. Section ignored.
### mwldeppc.exe Linker Warning:
#   Section '.ignored' is unknown. Section ignored.
### mwldeppc.exe Linker Warning:
#   Section '.ignored' is unknown. Section ignored.
### mwldeppc.exe Linker Warning:
#   Section '.ignored' is unknown. Section ignored.
### mwldeppc.exe Linker Warning:
#   Section '.ignored' is unknown. Section ignored.
### mwldeppc.exe Linker Warning:
#   Section '.ignored' is unknown. Section ignored.
### mwldeppc.exe Linker Warning:
#   Section '.ignored' is unknown. Section ignored.
### mwldeppc.exe Linker Warning:
#   Section '.ignored' is unknown. Section ignored.
### mwldeppc.exe Linker Warning:
#   Section '.ignored' is unknown. Section ignored.
### mwldeppc.exe Linker Warning:
#   Section '.ignored' is unknown. Section ignored.
### mwldeppc.exe Linker Warning:
#   Section '.ignored' is unknown. Section ignored.
### mwldeppc.exe Linker Warning:
#   Section '.ignored' is unknown. Section ignored.
### mwldeppc.exe Linker Warning:
#   Section '.ignored' is unknown. Section ignored.
### mwldeppc.exe Linker Warning:
#   Section '.ignored' is unknown. Section ignored.
### mwldeppc.exe Linker Warning:
#   Section '.ignored' is unknown. Section ignored.
### mwldeppc.exe Linker Warning:
#   Section '.ignored' is unknown. Section ignored.
### mwldeppc.exe Linker Warning:
#   Section '.ignored' is unknown. Section ignored.
### mwldeppc.exe Linker Warning:
#   Section '.ignored' is unknown. Section ignored.
### mwldeppc.exe Linker Warning:
#   Section '.ignored' is unknown. Section ignored.
### mwldeppc.exe Linker Warning:
#   Section '.ignored' is unknown. Section ignored.
### mwldeppc.exe Linker Warning:
#   Section '.ignored' is unknown. Section ignored.
### mwldeppc.exe Linker Warning:
#   Section '.ignored' is unknown. Section ignored.
### mwldeppc.exe Linker Warning:
#   Section '.ignored' is unknown. Section ignored.
### mwldeppc.exe Linker Warning:
#   Section '.ignored' is unknown. Section ignored.
### mwldeppc.exe Linker Warning:
#   Section '.ignored' is unknown. Section ignored.
### mwldeppc.exe Linker Warning:
#   Section '.ignored' is unknown. Section ignored.
### mwldeppc.exe Linker Warning:
#   Section '.ignored' is unknown. Section ignored.
### mwldeppc.exe Linker Warning:
#   Section '.ignored' is unknown. Section ignored.
### mwldeppc.exe Linker Warning:
#   Section '.ignored' is unknown. Section ignored.
### mwldeppc.exe Linker Warning:
#   Section '.ignored' is unknown. Section ignored.
### mwldeppc.exe Linker Warning:
#   Section '.ignored' is unknown. Section ignored.
### mwldeppc.exe Linker Warning:
#   Section '.ignored' is unknown. Section ignored.
### mwldeppc.exe Linker Warning:
#   Section '.ignored' is unknown. Section ignored.
### mwldeppc.exe Linker Warning:
#   Section '.ignored' is unknown. Section ignored.
### mwldeppc.exe Linker Warning:
#   Section '.ignored' is unknown. Section ignored.
### mwldeppc.exe Linker Warning:
#   Section '.ignored' is unknown. Section ignored.
### mwldeppc.exe Linker Warning:
#   Section '.ignored' is unknown. Section ignored.
### mwldeppc.exe Linker Warning:
#   Section '.ignored' is unknown. Section ignored.
### mwldeppc.exe Linker Warning:
#   Section '.ignored' is unknown. Section ignored.
### mwldeppc.exe Linker Warning:
#   Section '.ignored' is unknown. Section ignored.
### mwldeppc.exe Linker Warning:
#   Section '.ignored' is unknown. Section ignored.
### mwldeppc.exe Linker Warning:
#   Section '.ignored' is unknown. Section ignored.
### mwldeppc.exe Linker Warning:
#   Section '.ignored' is unknown. Section ignored.
### mwldeppc.exe Linker Warning:
#   Section '.ignored' is unknown. Section ignored.
### mwldeppc.exe Linker Warning:
#   Section '.ignored' is unknown. Section ignored.
### mwldeppc.exe Linker Warning:
#   Section '.ignored' is unknown. Section ignored.
### mwldeppc.exe Linker Warning:
#   Section '.ignored' is unknown. Section ignored.
### mwldeppc.exe Linker Warning:
#   Section '.ignored' is unknown. Section ignored.
### mwldeppc.exe Linker Warning:
#   Section '.ignored' is unknown. Section ignored.
### mwldeppc.exe Linker Warning:
#   Section '.ignored' is unknown. Section ignored.
### mwldeppc.exe Linker Warning:
#   Section '.ignored' is unknown. Section ignored.
### mwldeppc.exe Linker Warning:
#   Section '.ignored' is unknown. Section ignored.
### mwldeppc.exe Linker Warning:
#   Section '.ignored' is unknown. Section ignored.
### mwldeppc.exe Linker Warning:
#   Section '.ignored' is unknown. Section ignored.
### mwldeppc.exe Linker Warning:
#   Section '.ignored' is unknown. Section ignored.
### mwldeppc.exe Linker Warning:
#   Section '.ignored' is unknown. Section ignored.
### mwldeppc.exe Linker Warning:
#   Section '.ignored' is unknown. Section ignored.
### mwldeppc.exe Linker Warning:
#   Section '.ignored' is unknown. Section ignored.
### mwldeppc.exe Linker Warning:
#   Section '.ignored' is unknown. Section ignored.
### mwldeppc.exe Linker Warning:
#   Section '.ignored' is unknown. Section ignored.
### mwldeppc.exe Linker Warning:
#   Section '.ignored' is unknown. Section ignored.
### mwldeppc.exe Linker Warning:
#   Section '.ignored' is unknown. Section ignored.
### mwldeppc.exe Linker Warning:
#   Section '.ignored' is unknown. Section ignored.
### mwldeppc.exe Linker Warning:
#   Section '.ignored' is unknown. Section ignored.
### mwldeppc.exe Linker Warning:
#   Section '.ignored' is unknown. Section ignored.
### mwldeppc.exe Linker Warning:
#   Section '.ignored' is unknown. Section ignored.
### mwldeppc.exe Linker Warning:
#   Section '.ignored' is unknown. Section ignored.
### mwldeppc.exe Linker Warning:
#   Section '.ignored' is unknown. Section ignored.
### mwldeppc.exe Linker Warning:
#   Section '.ignored' is unknown. Section ignored.
### mwldeppc.exe Linker Warning:
#   Section '.ignored' is unknown. Section ignored.
### mwldeppc.exe Linker Warning:
#   Section '.ignored' is unknown. Section ignored.
### mwldeppc.exe Linker Warning:
#   Section '.ignored' is unknown. Section ignored.
### mwldeppc.exe Linker Warning:
#   Section '.ignored' is unknown. Section ignored.
### mwldeppc.exe Linker Warning:
#   Section '.ignored' is unknown. Section ignored.
### mwldeppc.exe Linker Warning:
#   Section '.ignored' is unknown. Section ignored.
### mwldeppc.exe Linker Warning:
#   Section '.ignored' is unknown. Section ignored.
### mwldeppc.exe Linker Warning:
#   Section '.ignored' is unknown. Section ignored.
### mwldeppc.exe Linker Warning:
#   Section '.ignored' is unknown. Section ignored.
### mwldeppc.exe Linker Warning:
#   Section '.ignored' is unknown. Section ignored.
### mwldeppc.exe Linker Warning:
#   Section '.ignored' is unknown. Section ignored.
### mwldeppc.exe Linker Warning:
#   Section '.ignored' is unknown. Section ignored.
### mwldeppc.exe Linker Warning:
#   Section '.ignored' is unknown. Section ignored.
### mwldeppc.exe Linker Warning:
#   Section '.ignored' is unknown. Section ignored.
### mwldeppc.exe Linker Warning:
#   Section '.ignored' is unknown. Section ignored.
### mwldeppc.exe Linker Warning:
#   Section '.ignored' is unknown. Section ignored.
### mwldeppc.exe Linker Warning:
#   Section '.ignored' is unknown. Section ignored.
### mwldeppc.exe Linker Warning:
#   Section '.ignored' is unknown. Section ignored.
### mwldeppc.exe Linker Warning:
#   Section '.ignored' is unknown. Section ignored.
### mwldeppc.exe Linker Warning:
#   Section '.ignored' is unknown. Section ignored.
### mwldeppc.exe Linker Warning:
#   Section '.ignored' is unknown. Section ignored.
### mwldeppc.exe Linker Warning:
#   Section '.ignored' is unknown. Section ignored.
### mwldeppc.exe Linker Warning:
#   Section '.ignored' is unknown. Section ignored.
### mwldeppc.exe Linker Warning:
#   Section '.ignored' is unknown. Section ignored.
### mwldeppc.exe Linker Warning:
#   Section '.ignored' is unknown. Section ignored.
### mwldeppc.exe Linker Warning:
#   Section '.ignored' is unknown. Section ignored.
### mwldeppc.exe Linker Warning:
#   Section '.ignored' is unknown. Section ignored.
### mwldeppc.exe Linker Warning:
#   Section '.ignored' is unknown. Section ignored.
### mwldeppc.exe Linker Warning:
#   Section '.ignored' is unknown. Section ignored.
### mwldeppc.exe Linker Warning:
#   Section '.ignored' is unknown. Section ignored.
### mwldeppc.exe Linker Warning:
#   Section '.ignored' is unknown. Section ignored.
### mwldeppc.exe Linker Warning:
#   Section '.ignored' is unknown. Section ignored.
### mwldeppc.exe Linker Warning:
#   Section '.ignored' is unknown. Section ignored.
### mwldeppc.exe Linker Warning:
#   Section '.ignored' is unknown. Section ignored.
### mwldeppc.exe Linker Warning:
#   Section '.ignored' is unknown. Section ignored.
### mwldeppc.exe Linker Warning:
#   Section '.ignored' is unknown. Section ignored.
### mwldeppc.exe Linker Warning:
#   Section '.ignored' is unknown. Section ignored.
### mwldeppc.exe Linker Warning:
#   Section '.ignored' is unknown. Section ignored.
### mwldeppc.exe Linker Warning:
#   Section '.ignored' is unknown. Section ignored.
### mwldeppc.exe Linker Warning:
#   Section '.ignored' is unknown. Section ignored.
### mwldeppc.exe Linker Warning:
#   Section '.ignored' is unknown. Section ignored.
### mwldeppc.exe Linker Warning:
#   Section '.ignored' is unknown. Section ignored.
### mwldeppc.exe Linker Warning:
#   Section '.ignored' is unknown. Section ignored.
### mwldeppc.exe Linker Warning:
#   Section '.ignored' is unknown. Section ignored.
### mwldeppc.exe Linker Warning:
#   Section '.ignored' is unknown. Section ignored.
### mwldeppc.exe Linker Warning:
#   Section '.ignored' is unknown. Section ignored.
### mwldeppc.exe Linker Warning:
#   Section '.ignored' is unknown. Section ignored.
### mwldeppc.exe Linker Warning:
#   Section '.ignored' is unknown. Section ignored.
### mwldeppc.exe Linker Warning:
#   Section '.ignored' is unknown. Section ignored.
### mwldeppc.exe Linker Warning:
#   Section '.ignored' is unknown. Section ignored.
### mwldeppc.exe Linker Warning:
#   Section '.ignored' is unknown. Section ignored.
### mwldeppc.exe Linker Warning:
#   Section '.ignored' is unknown. Section ignored.
### mwldeppc.exe Linker Warning:
#   Section '.ignored' is unknown. Section ignored.
### mwldeppc.exe Linker Warning:
#   Section '.ignored' is unknown. Section ignored.
### mwldeppc.exe Linker Warning:
#   Section '.ignored' is unknown. Section ignored.
### mwldeppc.exe Linker Warning:
#   Section '.ignored' is unknown. Section ignored.
### mwldeppc.exe Linker Warning:
#   Section '.ignored' is unknown. Section ignored.
### mwldeppc.exe Linker Warning:
#   Section '.ignored' is unknown. Section ignored.
### mwldeppc.exe Linker Warning:
#   Section '.ignored' is unknown. Section ignored.
### mwldeppc.exe Linker Warning:
#   Section '.ignored' is unknown. Section ignored.
### mwldeppc.exe Linker Warning:
#   Section '.ignored' is unknown. Section ignored.
### mwldeppc.exe Linker Warning:
#   Section '.ignored' is unknown. Section ignored.
### mwldeppc.exe Linker Warning:
#   Section '.ignored' is unknown. Section ignored.
### mwldeppc.exe Linker Warning:
#   Section '.ignored' is unknown. Section ignored.
### mwldeppc.exe Linker Warning:
#   Section '.ignored' is unknown. Section ignored.
### mwldeppc.exe Linker Warning:
#   Section '.ignored' is unknown. Section ignored.
### mwldeppc.exe Linker Warning:
#   Section '.ignored' is unknown. Section ignored.
### mwldeppc.exe Linker Warning:
#   Section '.ignored' is unknown. Section ignored.
### mwldeppc.exe Linker Warning:
#   Section '.ignored' is unknown. Section ignored.
### mwldeppc.exe Linker Warning:
#   Section '.ignored' is unknown. Section ignored.
### mwldeppc.exe Linker Warning:
#   Section '.ignored' is unknown. Section ignored.
### mwldeppc.exe Linker Warning:
#   Section '.ignored' is unknown. Section ignored.
### mwldeppc.exe Linker Warning:
#   Section '.ignored' is unknown. Section ignored.
### mwldeppc.exe Linker Warning:
#   Section '.ignored' is unknown. Section ignored.
### mwldeppc.exe Linker Warning:
#   Section '.ignored' is unknown. Section ignored.
### mwldeppc.exe Linker Warning:
#   Section '.ignored' is unknown. Section ignored.
### mwldeppc.exe Linker Warning:
#   Section '.ignored' is unknown. Section ignored.
### mwldeppc.exe Linker Warning:
#   Section '.ignored' is unknown. Section ignored.
### mwldeppc.exe Linker Warning:
#   Section '.ignored' is unknown. Section ignored.
### mwldeppc.exe Linker Warning:
#   Section '.ignored' is unknown. Section ignored.
### mwldeppc.exe Linker Warning:
#   Section '.ignored' is unknown. Section ignored.
### mwldeppc.exe Linker Warning:
#   Section '.ignored' is unknown. Section ignored.
### mwldeppc.exe Linker Warning:
#   Section '.ignored' is unknown. Section ignored.
### mwldeppc.exe Linker Warning:
#   Section '.ignored' is unknown. Section ignored.
### mwldeppc.exe Linker Warning:
#   Section '.ignored' is unknown. Section ignored.
### mwldeppc.exe Linker Warning:
#   Section '.ignored' is unknown. Section ignored.
### mwldeppc.exe Linker Warning:
#   Section '.ignored' is unknown. Section ignored.
### mwldeppc.exe Linker Warning:
#   Section '.ignored' is unknown. Section ignored.
### mwldeppc.exe Linker Warning:
#   Section '.ignored' is unknown. Section ignored.
### mwldeppc.exe Linker Warning:
#   Section '.ignored' is unknown. Section ignored.
### mwldeppc.exe Linker Warning:
#   Section '.ignored' is unknown. Section ignored.
### mwldeppc.exe Linker Warning:
#   Section '.ignored' is unknown. Section ignored.
### mwldeppc.exe Linker Warning:
#   Section '.ignored' is unknown. Section ignored.
### mwldeppc.exe Linker Warning:
#   Section '.ignored' is unknown. Section ignored.
### mwldeppc.exe Linker Warning:
#   Section '.ignored' is unknown. Section ignored.
### mwldeppc.exe Linker Warning:
#   Section '.ignored' is unknown. Section ignored.
### mwldeppc.exe Linker Warning:
#   Section '.ignored' is unknown. Section ignored.
### mwldeppc.exe Linker Warning:
#   Section '.ignored' is unknown. Section ignored.
### mwldeppc.exe Linker Warning:
#   Section '.ignored' is unknown. Section ignored.
### mwldeppc.exe Linker Warning:
#   Section '.ignored' is unknown. Section ignored.
### mwldeppc.exe Linker Warning:
#   Section '.ignored' is unknown. Section ignored.
### mwldeppc.exe Linker Warning:
#   Section '.ignored' is unknown. Section ignored.
### mwldeppc.exe Linker Warning:
#   Section '.ignored' is unknown. Section ignored.
### mwldeppc.exe Linker Warning:
#   Section '.ignored' is unknown. Section ignored.
### mwldeppc.exe Linker Warning:
#   Section '.ignored' is unknown. Section ignored.
### mwldeppc.exe Linker Warning:
#   Section '.ignored' is unknown. Section ignored.
### mwldeppc.exe Linker Warning:
#   Section '.ignored' is unknown. Section ignored.
### mwldeppc.exe Linker Warning:
#   Section '.ignored' is unknown. Section ignored.
### mwldeppc.exe Linker Warning:
#   Section '.ignored' is unknown. Section ignored.
### mwldeppc.exe Linker Warning:
#   Section '.ignored' is unknown. Section ignored.
### mwldeppc.exe Linker Warning:
#   Section '.ignored' is unknown. Section ignored.
### mwldeppc.exe Linker Warning:
#   Section '.ignored' is unknown. Section ignored.
### mwldeppc.exe Linker Warning:
#   Section '.ignored' is unknown. Section ignored.
### mwldeppc.exe Linker Warning:
#   Section '.ignored' is unknown. Section ignored.
### mwldeppc.exe Linker Warning:
#   Section '.ignored' is unknown. Section ignored.
### mwldeppc.exe Linker Warning:
#   Section '.ignored' is unknown. Section ignored.
### mwldeppc.exe Linker Warning:
#   Section '.ignored' is unknown. Section ignored.
### mwldeppc.exe Linker Warning:
#   Section '.ignored' is unknown. Section ignored.
### mwldeppc.exe Linker Warning:
#   Section '.ignored' is unknown. Section ignored.
### mwldeppc.exe Linker Warning:
#   Section '.ignored' is unknown. Section ignored.
### mwldeppc.exe Linker Warning:
#   Section '.ignored' is unknown. Section ignored.
### mwldeppc.exe Linker Warning:
#   Section '.ignored' is unknown. Section ignored.
### mwldeppc.exe Linker Warning:
#   Section '.ignored' is unknown. Section ignored.
### mwldeppc.exe Linker Warning:
#   Section '.ignored' is unknown. Section ignored.
### mwldeppc.exe Linker Warning:
#   Section '.ignored' is unknown. Section ignored.
### mwldeppc.exe Linker Warning:
#   Section '.ignored' is unknown. Section ignored.
### mwldeppc.exe Linker Warning:
#   Section '.ignored' is unknown. Section ignored.
### mwldeppc.exe Linker Warning:
#   Section '.ignored' is unknown. Section ignored.
### mwldeppc.exe Linker Warning:
#   Section '.ignored' is unknown. Section ignored.
### mwldeppc.exe Linker Warning:
#   Section '.ignored' is unknown. Section ignored.
### mwldeppc.exe Linker Warning:
#   Section '.ignored' is unknown. Section ignored.
### mwldeppc.exe Linker Warning:
#   Section '.ignored' is unknown. Section ignored.
### mwldeppc.exe Linker Warning:
#   Section '.ignored' is unknown. Section ignored.
### mwldeppc.exe Linker Warning:
#   Section '.ignored' is unknown. Section ignored.
### mwldeppc.exe Linker Warning:
#   Section '.ignored' is unknown. Section ignored.
### mwldeppc.exe Linker Warning:
#   Section '.ignored' is unknown. Section ignored.
### mwldeppc.exe Linker Warning:
#   Section '.ignored' is unknown. Section ignored.
### mwldeppc.exe Linker Warning:
#   Section '.ignored' is unknown. Section ignored.
### mwldeppc.exe Linker Warning:
#   Section '.ignored' is unknown. Section ignored.
### mwldeppc.exe Linker Warning:
#   Section '.ignored' is unknown. Section ignored.
### mwldeppc.exe Linker Warning:
#   Section '.ignored' is unknown. Section ignored.
### mwldeppc.exe Linker Warning:
#   Section '.ignored' is unknown. Section ignored.
### mwldeppc.exe Linker Warning:
#   Section '.ignored' is unknown. Section ignored.
### mwldeppc.exe Linker Warning:
#   Section '.ignored' is unknown. Section ignored.
### mwldeppc.exe Linker Warning:
#   Section '.ignored' is unknown. Section ignored.
### mwldeppc.exe Linker Warning:
#   Section '.ignored' is unknown. Section ignored.
### mwldeppc.exe Linker Warning:
#   Section '.ignored' is unknown. Section ignored.
### mwldeppc.exe Linker Warning:
#   Section '.ignored' is unknown. Section ignored.
### mwldeppc.exe Linker Warning:
#   Section '.ignored' is unknown. Section ignored.
### mwldeppc.exe Linker Warning:
#   Section '.ignored' is unknown. Section ignored.
### mwldeppc.exe Linker Warning:
#   Section '.ignored' is unknown. Section ignored.
### mwldeppc.exe Linker Warning:
#   Section '.ignored' is unknown. Section ignored.
### mwldeppc.exe Linker Warning:
#   Section '.ignored' is unknown. Section ignored.
### mwldeppc.exe Linker Warning:
#   Section '.ignored' is unknown. Section ignored.
### mwldeppc.exe Linker Warning:
#   Section '.ignored' is unknown. Section ignored.
### mwldeppc.exe Linker Warning:
#   Section '.ignored' is unknown. Section ignored.
### mwldeppc.exe Linker Warning:
#   Section '.ignored' is unknown. Section ignored.
### mwldeppc.exe Linker Warning:
#   Section '.ignored' is unknown. Section ignored.
### mwldeppc.exe Linker Warning:
#   Section '.ignored' is unknown. Section ignored.
### mwldeppc.exe Linker Warning:
#   Section '.ignored' is unknown. Section ignored.
### mwldeppc.exe Linker Warning:
#   Section '.ignored' is unknown. Section ignored.
### mwldeppc.exe Linker Warning:
#   Section '.ignored' is unknown. Section ignored.
### mwldeppc.exe Linker Warning:
#   Section '.ignored' is unknown. Section ignored.
### mwldeppc.exe Linker Warning:
#   Section '.ignored' is unknown. Section ignored.
### mwldeppc.exe Linker Warning:
#   Section '.ignored' is unknown. Section ignored.
### mwldeppc.exe Linker Warning:
#   Section '.ignored' is unknown. Section ignored.
### mwldeppc.exe Linker Warning:
#   Section '.ignored' is unknown. Section ignored.
### mwldeppc.exe Linker Warning:
#   Section '.ignored' is unknown. Section ignored.
### mwldeppc.exe Linker Warning:
#   Section '.ignored' is unknown. Section ignored.
### mwldeppc.exe Linker Warning:
#   Section '.ignored' is unknown. Section ignored.
### mwldeppc.exe Linker Warning:
#   Section '.ignored' is unknown. Section ignored.
### mwldeppc.exe Linker Warning:
#   Section '.ignored' is unknown. Section ignored.
### mwldeppc.exe Linker Warning:
#   Section '.ignored' is unknown. Section ignored.
### mwldeppc.exe Linker Warning:
#   Section '.ignored' is unknown. Section ignored.
### mwldeppc.exe Linker Warning:
#   Section '.ignored' is unknown. Section ignored.
### mwldeppc.exe Linker Warning:
#   Section '.ignored' is unknown. Section ignored.
### mwldeppc.exe Linker Warning:
#   Section '.ignored' is unknown. Section ignored.
### mwldeppc.exe Linker Warning:
#   Section '.ignored' is unknown. Section ignored.
### mwldeppc.exe Linker Warning:
#   Section '.ignored' is unknown. Section ignored.
### mwldeppc.exe Linker Warning:
#   Section '.ignored' is unknown. Section ignored.
### mwldeppc.exe Linker Warning:
#   Section '.ignored' is unknown. Section ignored.
### mwldeppc.exe Linker Warning:
#   Section '.ignored' is unknown. Section ignored.
### mwldeppc.exe Linker Warning:
#   Section '.ignored' is unknown. Section ignored.
### mwldeppc.exe Linker Warning:
#   Section '.ignored' is unknown. Section ignored.
### mwldeppc.exe Linker Warning:
#   Section '.ignored' is unknown. Section ignored.
### mwldeppc.exe Linker Warning:
#   Section '.ignored' is unknown. Section ignored.
### mwldeppc.exe Linker Warning:
#   Section '.ignored' is unknown. Section ignored.
### mwldeppc.exe Linker Warning:
#   Section '.ignored' is unknown. Section ignored.
### mwldeppc.exe Linker Warning:
#   Section '.ignored' is unknown. Section ignored.
### mwldeppc.exe Linker Warning:
#   Section '.ignored' is unknown. Section ignored.
### mwldeppc.exe Linker Warning:
#   Section '.ignored' is unknown. Section ignored.
### mwldeppc.exe Linker Warning:
#   Section '.ignored' is unknown. Section ignored.
### mwldeppc.exe Linker Warning:
#   Section '.ignored' is unknown. Section ignored.
### mwldeppc.exe Linker Warning:
#   Section '.ignored' is unknown. Section ignored.
### mwldeppc.exe Linker Warning:
#   Section '.ignored' is unknown. Section ignored.
### mwldeppc.exe Linker Warning:
#   Section '.ignored' is unknown. Section ignored.
### mwldeppc.exe Linker Warning:
#   Section '.ignored' is unknown. Section ignored.
### mwldeppc.exe Linker Warning:
#   Section '.ignored' is unknown. Section ignored.
### mwldeppc.exe Linker Warning:
#   Section '.ignored' is unknown. Section ignored.
### mwldeppc.exe Linker Warning:
#   Section '.ignored' is unknown. Section ignored.
### mwldeppc.exe Linker Warning:
#   Section '.ignored' is unknown. Section ignored.
### mwldeppc.exe Linker Warning:
#   Section '.ignored' is unknown. Section ignored.
### mwldeppc.exe Linker Warning:
#   Section '.ignored' is unknown. Section ignored.
### mwldeppc.exe Linker Warning:
#   Section '.ignored' is unknown. Section ignored.
### mwldeppc.exe Linker Warning:
#   Section '.ignored' is unknown. Section ignored.
### mwldeppc.exe Linker Warning:
#   Section '.ignored' is unknown. Section ignored.
### mwldeppc.exe Linker Warning:
#   Section '.ignored' is unknown. Section ignored.
### mwldeppc.exe Linker Warning:
#   Section '.ignored' is unknown. Section ignored.
### mwldeppc.exe Linker Warning:
#   Section '.ignored' is unknown. Section ignored.
### mwldeppc.exe Linker Warning:
#   Section '.ignored' is unknown. Section ignored.
### mwldeppc.exe Linker Warning:
#   Section '.ignored' is unknown. Section ignored.
### mwldeppc.exe Linker Warning:
#   Section '.ignored' is unknown. Section ignored.
### mwldeppc.exe Linker Warning:
#   Section '.ignored' is unknown. Section ignored.
### mwldeppc.exe Linker Warning:
#   Section '.ignored' is unknown. Section ignored.
### mwldeppc.exe Linker Warning:
#   Section '.ignored' is unknown. Section ignored.
### mwldeppc.exe Linker Warning:
#   Section '.ignored' is unknown. Section ignored.
### mwldeppc.exe Linker Warning:
#   Section '.ignored' is unknown. Section ignored.
### mwldeppc.exe Linker Warning:
#   Section '.ignored' is unknown. Section ignored.
### mwldeppc.exe Linker Warning:
#   Section '.ignored' is unknown. Section ignored.
### mwldeppc.exe Linker Warning:
#   Section '.ignored' is unknown. Section ignored.
### mwldeppc.exe Linker Warning:
#   Section '.ignored' is unknown. Section ignored.
### mwldeppc.exe Linker Warning:
#   Section '.ignored' is unknown. Section ignored.
### mwldeppc.exe Linker Warning:
#   Section '.ignored' is unknown. Section ignored.
### mwldeppc.exe Linker Warning:
#   Section '.ignored' is unknown. Section ignored.
### mwldeppc.exe Linker Warning:
#   Section '.ignored' is unknown. Section ignored.
### mwldeppc.exe Linker Warning:
#   Section '.ignored' is unknown. Section ignored.
### mwldeppc.exe Linker Warning:
#   Section '.ignored' is unknown. Section ignored.
### mwldeppc.exe Linker Warning:
#   Section '.ignored' is unknown. Section ignored.
### mwldeppc.exe Linker Warning:
#   Section '.ignored' is unknown. Section ignored.
### mwldeppc.exe Linker Warning:
#   Section '.ignored' is unknown. Section ignored.
### mwldeppc.exe Linker Warning:
#   Section '.ignored' is unknown. Section ignored.
### mwldeppc.exe Linker Warning:
#   Section '.ignored' is unknown. Section ignored.
### mwldeppc.exe Linker Warning:
#   Section '.ignored' is unknown. Section ignored.
### mwldeppc.exe Linker Warning:
#   Section '.ignored' is unknown. Section ignored.
### mwldeppc.exe Linker Warning:
#   Section '.ignored' is unknown. Section ignored.
### mwldeppc.exe Linker Warning:
#   Section '.ignored' is unknown. Section ignored.
### mwldeppc.exe Linker Warning:
#   Section '.ignored' is unknown. Section ignored.
### mwldeppc.exe Linker Warning:
#   Section '.ignored' is unknown. Section ignored.
### mwldeppc.exe Linker Warning:
#   Section '.ignored' is unknown. Section ignored.
### mwldeppc.exe Linker Warning:
#   Section '.ignored' is unknown. Section ignored.
### mwldeppc.exe Linker Warning:
#   Section '.ignored' is unknown. Section ignored.
### mwldeppc.exe Linker Warning:
#   Section '.ignored' is unknown. Section ignored.
### mwldeppc.exe Linker Warning:
#   Section '.ignored' is unknown. Section ignored.
### mwldeppc.exe Linker Warning:
#   Section '.ignored' is unknown. Section ignored.
### mwldeppc.exe Linker Warning:
#   Section '.ignored' is unknown. Section ignored.
### mwldeppc.exe Linker Warning:
#   Section '.ignored' is unknown. Section ignored.
### mwldeppc.exe Linker Warning:
#   Section '.ignored' is unknown. Section ignored.
### mwldeppc.exe Linker Warning:
#   Section '.ignored' is unknown. Section ignored.
### mwldeppc.exe Linker Warning:
#   Section '.ignored' is unknown. Section ignored.
### mwldeppc.exe Linker Warning:
#   Section '.ignored' is unknown. Section ignored.
### mwldeppc.exe Linker Warning:
#   Section '.ignored' is unknown. Section ignored.
### mwldeppc.exe Linker Warning:
#   Section '.ignored' is unknown. Section ignored.
### mwldeppc.exe Linker Warning:
#   Section '.ignored' is unknown. Section ignored.
### mwldeppc.exe Linker Warning:
#   Section '.ignored' is unknown. Section ignored.
### mwldeppc.exe Linker Warning:
#   Section '.ignored' is unknown. Section ignored.
### mwldeppc.exe Linker Warning:
#   Section '.ignored' is unknown. Section ignored.
### mwldeppc.exe Linker Warning:
#   Section '.ignored' is unknown. Section ignored.
### mwldeppc.exe Linker Warning:
#   Section '.ignored' is unknown. Section ignored.
### mwldeppc.exe Linker Warning:
#   Section '.ignored' is unknown. Section ignored.
### mwldeppc.exe Linker Warning:
#   Section '.ignored' is unknown. Section ignored.
### mwldeppc.exe Linker Warning:
#   Section '.ignored' is unknown. Section ignored.
### mwldeppc.exe Linker Warning:
#   Section '.ignored' is unknown. Section ignored.
### mwldeppc.exe Linker Warning:
#   Section '.ignored' is unknown. Section ignored.
### mwldeppc.exe Linker Warning:
#   Section '.ignored' is unknown. Section ignored.
### mwldeppc.exe Linker Warning:
#   Section '.ignored' is unknown. Section ignored.
### mwldeppc.exe Linker Warning:
#   Section '.ignored' is unknown. Section ignored.
### mwldeppc.exe Linker Warning:
#   Section '.ignored' is unknown. Section ignored.
### mwldeppc.exe Linker Warning:
#   Section '.ignored' is unknown. Section ignored.
### mwldeppc.exe Linker Warning:
#   Section '.ignored' is unknown. Section ignored.
### mwldeppc.exe Linker Warning:
#   Section '.ignored' is unknown. Section ignored.
### mwldeppc.exe Linker Warning:
#   Section '.ignored' is unknown. Section ignored.
### mwldeppc.exe Linker Warning:
#   Section '.ignored' is unknown. Section ignored.
### mwldeppc.exe Linker Warning:
#   Section '.ignored' is unknown. Section ignored.
### mwldeppc.exe Linker Warning:
#   Section '.ignored' is unknown. Section ignored.
### mwldeppc.exe Linker Warning:
#   Section '.ignored' is unknown. Section ignored.
### mwldeppc.exe Linker Warning:
#   Section '.ignored' is unknown. Section ignored.
### mwldeppc.exe Linker Warning:
#   Section '.ignored' is unknown. Section ignored.
### mwldeppc.exe Linker Warning:
#   Section '.ignored' is unknown. Section ignored.
### mwldeppc.exe Linker Warning:
#   Section '.ignored' is unknown. Section ignored.
### mwldeppc.exe Linker Warning:
#   Section '.ignored' is unknown. Section ignored.
### mwldeppc.exe Linker Warning:
#   Section '.ignored' is unknown. Section ignored.
### mwldeppc.exe Linker Warning:
#   Section '.ignored' is unknown. Section ignored.
### mwldeppc.exe Linker Warning:
#   Section '.ignored' is unknown. Section ignored.
### mwldeppc.exe Linker Warning:
#   Section '.ignored' is unknown. Section ignored.
### mwldeppc.exe Linker Warning:
#   Section '.ignored' is unknown. Section ignored.
### mwldeppc.exe Linker Warning:
#   Section '.ignored' is unknown. Section ignored.
### mwldeppc.exe Linker Warning:
#   Section '.ignored' is unknown. Section ignored.
### mwldeppc.exe Linker Warning:
#   Section '.ignored' is unknown. Section ignored.
### mwldeppc.exe Linker Warning:
#   Section '.ignored' is unknown. Section ignored.
### mwldeppc.exe Linker Warning:
#   Section '.ignored' is unknown. Section ignored.
### mwldeppc.exe Linker Warning:
#   Section '.ignored' is unknown. Section ignored.
### mwldeppc.exe Linker Warning:
#   Section '.ignored' is unknown. Section ignored.
### mwldeppc.exe Linker Warning:
#   Section '.ignored' is unknown. Section ignored.
### mwldeppc.exe Linker Warning:
#   Section '.ignored' is unknown. Section ignored.
### mwldeppc.exe Linker Warning:
#   Section '.ignored' is unknown. Section ignored.
### mwldeppc.exe Linker Warning:
#   Section '.ignored' is unknown. Section ignored.
### mwldeppc.exe Linker Warning:
#   Section '.ignored' is unknown. Section ignored.
### mwldeppc.exe Linker Warning:
#   Section '.ignored' is unknown. Section ignored.
### mwldeppc.exe Linker Warning:
#   Section '.ignored' is unknown. Section ignored.
### mwldeppc.exe Linker Warning:
#   Section '.ignored' is unknown. Section ignored.
### mwldeppc.exe Linker Warning:
#   Section '.ignored' is unknown. Section ignored.
### mwldeppc.exe Linker Warning:
#   Section '.ignored' is unknown. Section ignored.
### mwldeppc.exe Linker Warning:
#   Section '.ignored' is unknown. Section ignored.
### mwldeppc.exe Linker Warning:
#   Section '.ignored' is unknown. Section ignored.
### mwldeppc.exe Linker Warning:
#   Section '.ignored' is unknown. Section ignored.
### mwldeppc.exe Linker Warning:
#   Section '.ignored' is unknown. Section ignored.
### mwldeppc.exe Linker Warning:
#   Section '.ignored' is unknown. Section ignored.
### mwldeppc.exe Linker Warning:
#   Section '.ignored' is unknown. Section ignored.
### mwldeppc.exe Linker Warning:
#   Section '.ignored' is unknown. Section ignored.
### mwldeppc.exe Linker Warning:
#   Section '.ignored' is unknown. Section ignored.
### mwldeppc.exe Linker Warning:
#   Section '.ignored' is unknown. Section ignored.
### mwldeppc.exe Linker Warning:
#   Section '.ignored' is unknown. Section ignored.
### mwldeppc.exe Linker Warning:
#   Section '.ignored' is unknown. Section ignored.
### mwldeppc.exe Linker Warning:
#   Section '.ignored' is unknown. Section ignored.
### mwldeppc.exe Linker Warning:
#   Section '.ignored' is unknown. Section ignored.
### mwldeppc.exe Linker Warning:
#   Section '.ignored' is unknown. Section ignored.
### mwldeppc.exe Linker Warning:
#   Section '.ignored' is unknown. Section ignored.
### mwldeppc.exe Linker Warning:
#   Section '.ignored' is unknown. Section ignored.
### mwldeppc.exe Linker Warning:
#   Section '.ignored' is unknown. Section ignored.
### mwldeppc.exe Linker Warning:
#   Section '.ignored' is unknown. Section ignored.
### mwldeppc.exe Linker Warning:
#   Section '.ignored' is unknown. Section ignored.
### mwldeppc.exe Linker Warning:
#   Section '.ignored' is unknown. Section ignored.
### mwldeppc.exe Linker Warning:
#   Section '.ignored' is unknown. Section ignored.
### mwldeppc.exe Linker Warning:
#   Section '.ignored' is unknown. Section ignored.
### mwldeppc.exe Linker Warning:
#   Section '.ignored' is unknown. Section ignored.
### mwldeppc.exe Linker Warning:
#   Section '.ignored' is unknown. Section ignored.
### mwldeppc.exe Linker Warning:
#   Section '.ignored' is unknown. Section ignored.
### mwldeppc.exe Linker Warning:
#   Section '.ignored' is unknown. Section ignored.
### mwldeppc.exe Linker Warning:
#   Section '.ignored' is unknown. Section ignored.
### mwldeppc.exe Linker Warning:
#   Section '.ignored' is unknown. Section ignored.
### mwldeppc.exe Linker Warning:
#   Section '.ignored' is unknown. Section ignored.
### mwldeppc.exe Linker Warning:
#   Section '.ignored' is unknown. Section ignored.
### mwldeppc.exe Linker Warning:
#   Section '.ignored' is unknown. Section ignored.
### mwldeppc.exe Linker Warning:
#   Section '.ignored' is unknown. Section ignored.
### mwldeppc.exe Linker Warning:
#   Section '.ignored' is unknown. Section ignored.
### mwldeppc.exe Linker Warning:
#   Section '.ignored' is unknown. Section ignored.
### mwldeppc.exe Linker Warning:
#   Section '.ignored' is unknown. Section ignored.
### mwldeppc.exe Linker Warning:
#   Section '.ignored' is unknown. Section ignored.
### mwldeppc.exe Linker Warning:
#   Section '.ignored' is unknown. Section ignored.
### mwldeppc.exe Linker Warning:
#   Section '.ignored' is unknown. Section ignored.
### mwldeppc.exe Linker Warning:
#   Section '.ignored' is unknown. Section ignored.
### mwldeppc.exe Linker Warning:
#   Section '.ignored' is unknown. Section ignored.
### mwldeppc.exe Linker Warning:
#   Section '.ignored' is unknown. Section ignored.
### mwldeppc.exe Linker Warning:
#   Section '.ignored' is unknown. Section ignored.
### mwldeppc.exe Linker Warning:
#   Section '.ignored' is unknown. Section ignored.
### mwldeppc.exe Linker Warning:
#   Section '.ignored' is unknown. Section ignored.
### mwldeppc.exe Linker Warning:
#   Section '.ignored' is unknown. Section ignored.
### mwldeppc.exe Linker Warning:
#   Section '.ignored' is unknown. Section ignored.
### mwldeppc.exe Linker Warning:
#   Section '.ignored' is unknown. Section ignored.
### mwldeppc.exe Linker Warning:
#   Section '.ignored' is unknown. Section ignored.
### mwldeppc.exe Linker Warning:
#   Section '.ignored' is unknown. Section ignored.
### mwldeppc.exe Linker Warning:
#   Section '.ignored' is unknown. Section ignored.
### mwldeppc.exe Linker Warning:
#   Section '.ignored' is unknown. Section ignored.
### mwldeppc.exe Linker Warning:
#   Section '.ignored' is unknown. Section ignored.
### mwldeppc.exe Linker Warning:
#   Section '.ignored' is unknown. Section ignored.
### mwldeppc.exe Linker Warning:
#   Section '.ignored' is unknown. Section ignored.
### mwldeppc.exe Linker Warning:
#   Section '.ignored' is unknown. Section ignored.
### mwldeppc.exe Linker Warning:
#   Section '.ignored' is unknown. Section ignored.
### mwldeppc.exe Linker Warning:
#   Section '.ignored' is unknown. Section ignored.
### mwldeppc.exe Linker Warning:
#   Section '.ignored' is unknown. Section ignored.
### mwldeppc.exe Linker Warning:
#   Section '.ignored' is unknown. Section ignored.
### mwldeppc.exe Linker Warning:
#   Section '.ignored' is unknown. Section ignored.
### mwldeppc.exe Linker Warning:
#   Section '.ignored' is unknown. Section ignored.
### mwldeppc.exe Linker Warning:
#   Section '.ignored' is unknown. Section ignored.
### mwldeppc.exe Linker Warning:
#   Section '.ignored' is unknown. Section ignored.
### mwldeppc.exe Linker Warning:
#   Section '.ignored' is unknown. Section ignored.
### mwldeppc.exe Linker Warning:
#   Section '.ignored' is unknown. Section ignored.
### mwldeppc.exe Linker Warning:
#   Section '.ignored' is unknown. Section ignored.
### mwldeppc.exe Linker Warning:
#   Section '.ignored' is unknown. Section ignored.
### mwldeppc.exe Linker Warning:
#   Section '.ignored' is unknown. Section ignored.
### mwldeppc.exe Linker Warning:
#   Section '.ignored' is unknown. Section ignored.
### mwldeppc.exe Linker Warning:
#   Section '.ignored' is unknown. Section ignored.
### mwldeppc.exe Linker Warning:
#   Section '.ignored' is unknown. Section ignored.
### mwldeppc.exe Linker Warning:
#   Section '.ignored' is unknown. Section ignored.
### mwldeppc.exe Linker Warning:
#   Section '.ignored' is unknown. Section ignored.
### mwldeppc.exe Linker Warning:
#   Section '.ignored' is unknown. Section ignored.
### mwldeppc.exe Linker Warning:
#   Section '.ignored' is unknown. Section ignored.
### mwldeppc.exe Linker Warning:
#   Section '.ignored' is unknown. Section ignored.
### mwldeppc.exe Linker Warning:
#   Section '.ignored' is unknown. Section ignored.
### mwldeppc.exe Linker Warning:
#   Section '.ignored' is unknown. Section ignored.
### mwldeppc.exe Linker Warning:
#   Section '.ignored' is unknown. Section ignored.
### mwldeppc.exe Linker Warning:
#   Section '.ignored' is unknown. Section ignored.
### mwldeppc.exe Linker Warning:
#   Section '.ignored' is unknown. Section ignored.
### mwldeppc.exe Linker Warning:
#   Section '.ignored' is unknown. Section ignored.
### mwldeppc.exe Linker Warning:
#   Section '.ignored' is unknown. Section ignored.
### mwldeppc.exe Linker Warning:
#   Section '.ignored' is unknown. Section ignored.
### mwldeppc.exe Linker Warning:
#   Section '.ignored' is unknown. Section ignored.
### mwldeppc.exe Linker Warning:
#   Section '.ignored' is unknown. Section ignored.
### mwldeppc.exe Linker Warning:
#   Section '.ignored' is unknown. Section ignored.
### mwldeppc.exe Linker Warning:
#   Section '.ignored' is unknown. Section ignored.
### mwldeppc.exe Linker Warning:
#   Section '.ignored' is unknown. Section ignored.
### mwldeppc.exe Linker Warning:
#   Section '.ignored' is unknown. Section ignored.
### mwldeppc.exe Linker Warning:
#   Section '.ignored' is unknown. Section ignored.
### mwldeppc.exe Linker Warning:
#   Section '.ignored' is unknown. Section ignored.
### mwldeppc.exe Linker Warning:
#   Section '.ignored' is unknown. Section ignored.
### mwldeppc.exe Linker Warning:
#   Section '.ignored' is unknown. Section ignored.
### mwldeppc.exe Linker Warning:
#   Section '.ignored' is unknown. Section ignored.
### mwldeppc.exe Linker Warning:
#   Section '.ignored' is unknown. Section ignored.
### mwldeppc.exe Linker Warning:
#   Section '.ignored' is unknown. Section ignored.
### mwldeppc.exe Linker Warning:
#   Section '.ignored' is unknown. Section ignored.
### mwldeppc.exe Linker Warning:
#   Section '.ignored' is unknown. Section ignored.
### mwldeppc.exe Linker Warning:
#   Section '.ignored' is unknown. Section ignored.
### mwldeppc.exe Linker Warning:
#   Section '.ignored' is unknown. Section ignored.
### mwldeppc.exe Linker Warning:
#   Section '.ignored' is unknown. Section ignored.
### mwldeppc.exe Linker Warning:
#   Section '.ignored' is unknown. Section ignored.
### mwldeppc.exe Linker Warning:
#   Section '.ignored' is unknown. Section ignored.
### mwldeppc.exe Linker Warning:
#   Section '.ignored' is unknown. Section ignored.
### mwldeppc.exe Linker Warning:
#   Section '.ignored' is unknown. Section ignored.
[932/935] DOL build/GEDE01/main.dol
[933/935] CHECK config/GEDE01/build.sha1
FAILED: [code=1] build/GEDE01/ok
.tools/bin/dtk shasum  -c config/GEDE01/build.sha1 -o build/GEDE01/ok
build/GEDE01/main.dol: FAILED
WARNING: 1 computed checksum(s) did NOT match
ninja: build stopped: subcommand failed.
