$ python3 configure.py
exit_code=0
$ .tools/bin/ninja -j2
[1/1] RUN configure.py
[1/945] MWCC build/GEDE01/src/game/game_fn_80008014.o
[2/945] MWCC build/GEDE01/src/game/game_fn_800094C0.o
[3/945] MWCC build/GEDE01/src/game/game_fn_800098C0.o
[4/945] MWCC build/GEDE01/src/game/game_fn_800096E0.o
[5/945] MWCC build/GEDE01/src/game/game_fn_800099D8.o
[6/945] MWCC build/GEDE01/src/game/game_fn_80009AB4.o
[7/945] MWCC build/GEDE01/src/game/game_fn_8000A26C.o
[8/945] MWCC build/GEDE01/src/game/game_fn_8000AC88.o
[9/945] MWCC build/GEDE01/src/game/game_fn_8000AEB4.o
[10/945] MWCC build/GEDE01/src/game/game_fn_8000AFB4.o
[11/945] MWCC build/GEDE01/src/game/game_fn_8000B1B8.o
[12/945] MWCC build/GEDE01/src/game/game_fn_8000B36C.o
[13/945] MWCC build/GEDE01/src/game/game_fn_8000B630.o
[14/945] MWCC build/GEDE01/src/game/game_fn_8000B7FC.o
[15/945] MWCC build/GEDE01/src/game/game_fn_8000B900.o
[16/945] MWCC build/GEDE01/src/game/game_fn_8000BA0C.o
[17/945] MWCC build/GEDE01/src/game/game_fn_8000BAA0.o
[18/945] MWCC build/GEDE01/src/game/game_fn_8000BC40.o
[19/945] MWCC build/GEDE01/src/game/game_fn_8000C06C.o
[20/945] MWCC build/GEDE01/src/game/game_fn_8000C17C.o
[21/945] MWCC build/GEDE01/src/game/game_fn_8000C400.o
[22/945] MWCC build/GEDE01/src/game/game_fn_8000C848.o
[23/945] MWCC build/GEDE01/src/game/game_fn_8000C91C.o
[24/945] MWCC build/GEDE01/src/game/game_fn_8000D0BC.o
[25/945] MWCC build/GEDE01/src/game/game_fn_8000D3D4.o
[26/945] MWCC build/GEDE01/src/game/game_fn_8000D590.o
[27/945] MWCC build/GEDE01/src/game/game_fn_8000D8A4.o
[28/945] MWCC build/GEDE01/src/game/game_fn_8000DA50.o
[29/945] MWCC build/GEDE01/src/game/game_fn_8000DAF4.o
[30/945] MWCC build/GEDE01/src/game/game_fn_8000E054.o
[31/945] MWCC build/GEDE01/src/game/game_fn_8000E0AC.o
[32/945] MWCC build/GEDE01/src/game/game_fn_8000E138.o
[33/945] MWCC build/GEDE01/src/game/game_fn_8000E1C4.o
[34/945] MWCC build/GEDE01/src/game/game_fn_8000E96C.o
[35/945] MWCC build/GEDE01/src/game/game_fn_8000EB14.o
[36/945] MWCC build/GEDE01/src/game/game_fn_8000EBD4.o
[37/945] MWCC build/GEDE01/src/game/game_fn_8000ED44.o
[38/945] MWCC build/GEDE01/src/game/game_fn_8000EFC4.o
[39/945] MWCC build/GEDE01/src/game/game_fn_8000F4B0.o
[40/945] MWCC build/GEDE01/src/game/game_fn_8000F774.o
[41/945] MWCC build/GEDE01/src/game/game_fn_8000FDE8.o
[42/945] MWCC build/GEDE01/src/game/game_fn_8000FFD8.o
[43/945] MWCC build/GEDE01/src/game/game_fn_800119FC.o
[44/945] MWCC build/GEDE01/src/game/game_fn_80012DA8.o
[45/945] MWCC build/GEDE01/src/game/game_fn_80012F40.o
[46/945] MWCC build/GEDE01/src/game/game_fn_80012FD0.o
[47/945] MWCC build/GEDE01/src/game/game_fn_800131E8.o
[48/945] MWCC build/GEDE01/src/game/game_fn_80013340.o
[49/945] MWCC build/GEDE01/src/game/game_fn_80013870.o
[50/945] MWCC build/GEDE01/src/game/game_fn_80013CB0.o
[51/945] MWCC build/GEDE01/src/game/game_fn_80013D54.o
[52/945] MWCC build/GEDE01/src/game/game_fn_800142DC.o
[53/945] MWCC build/GEDE01/src/game/game_fn_800144CC.o
[54/945] MWCC build/GEDE01/src/game/game_fn_80014784.o
[55/945] MWCC build/GEDE01/src/game/game_fn_800149D4.o
[56/945] MWCC build/GEDE01/src/game/game_fn_80015058.o
[57/945] MWCC build/GEDE01/src/game/game_fn_80015320.o
[58/945] MWCC build/GEDE01/src/game/game_fn_80015568.o
[59/945] MWCC build/GEDE01/src/game/game_fn_800156FC.o
[60/945] MWCC build/GEDE01/src/game/game_fn_80015BE0.o
[61/945] MWCC build/GEDE01/src/game/game_fn_80015D40.o
[62/945] MWCC build/GEDE01/src/game/game_fn_80015F04.o
[63/945] MWCC build/GEDE01/src/game/game_fn_80016128.o
[64/945] MWCC build/GEDE01/src/game/game_fn_80016270.o
[65/945] MWCC build/GEDE01/src/game/game_fn_80016904.o
[66/945] MWCC build/GEDE01/src/game/game_fn_80016B24.o
[67/945] MWCC build/GEDE01/src/game/game_fn_800171C0.o
[68/945] MWCC build/GEDE01/src/game/game_fn_800173CC.o
[69/945] MWCC build/GEDE01/src/game/game_fn_800176F0.o
[70/945] MWCC build/GEDE01/src/game/game_fn_80017910.o
[71/945] MWCC build/GEDE01/src/game/game_fn_800179AC.o
[72/945] MWCC build/GEDE01/src/game/game_fn_80017A3C.o
[73/945] MWCC build/GEDE01/src/game/game_fn_80017AE4.o
[74/945] MWCC build/GEDE01/src/game/game_fn_80017C3C.o
[75/945] MWCC build/GEDE01/src/game/game_fn_80017CC8.o
[76/945] MWCC build/GEDE01/src/game/game_fn_80017DB0.o
[77/945] MWCC build/GEDE01/src/game/game_fn_80018EF4.o
[78/945] MWCC build/GEDE01/src/game/game_fn_80019054.o
[79/945] MWCC build/GEDE01/src/game/game_fn_80019244.o
[80/945] MWCC build/GEDE01/src/game/game_fn_800194D0.o
[81/945] MWCC build/GEDE01/src/game/game_fn_80019940.o
[82/945] MWCC build/GEDE01/src/game/game_fn_80019C10.o
[83/945] MWCC build/GEDE01/src/game/game_fn_80019D2C.o
[84/945] MWCC build/GEDE01/src/game/game_fn_80019F98.o
[85/945] MWCC build/GEDE01/src/game/game_fn_8001A6C4.o
[86/945] MWCC build/GEDE01/src/game/game_fn_8001AAB8.o
[87/945] MWCC build/GEDE01/src/game/game_fn_8001ADF8.o
[88/945] MWCC build/GEDE01/src/game/game_fn_8001AF68.o
[89/945] MWCC build/GEDE01/src/game/game_fn_8001B124.o
[90/945] MWCC build/GEDE01/src/game/game_fn_8001B294.o
[91/945] MWCC build/GEDE01/src/game/game_fn_8001B808.o
[92/945] MWCC build/GEDE01/src/game/game_fn_8001B874.o
[93/945] MWCC build/GEDE01/src/game/game_fn_8001C078.o
[94/945] MWCC build/GEDE01/src/game/game_fn_8001CA04.o
[95/945] MWCC build/GEDE01/src/game/game_fn_8001CD58.o
[96/945] MWCC build/GEDE01/src/game/game_fn_8001CE94.o
[97/945] MWCC build/GEDE01/src/game/game_fn_8001E644.o
[98/945] MWCC build/GEDE01/src/game/game_fn_8001FE1C.o
[99/945] MWCC build/GEDE01/src/game/game_fn_80020E94.o
[100/945] MWCC build/GEDE01/src/game/game_fn_80024F28.o
[101/945] MWCC build/GEDE01/src/game/game_fn_800272B4.o
[102/945] MWCC build/GEDE01/src/game/game_fn_8002B748.o
[103/945] MWCC build/GEDE01/src/game/game_fn_8002DAE0.o
[104/945] MWCC build/GEDE01/src/game/game_fn_8002E3F0.o
[105/945] MWCC build/GEDE01/src/game/game_fn_8002EA68.o
[106/945] MWCC build/GEDE01/src/game/game_fn_8002F428.o
[107/945] MWCC build/GEDE01/src/game/game_fn_80031544.o
[108/945] MWCC build/GEDE01/src/game/game_fn_8003232C.o
[109/945] MWCC build/GEDE01/src/game/game_fn_80032B84.o
[110/945] MWCC build/GEDE01/src/game/game_fn_80033038.o
[111/945] MWCC build/GEDE01/src/game/game_fn_80033180.o
[112/945] MWCC build/GEDE01/src/game/game_fn_800359A0.o
[113/945] MWCC build/GEDE01/src/game/game_fn_800361F8.o
[114/945] MWCC build/GEDE01/src/game/game_fn_80036C40.o
[115/945] MWCC build/GEDE01/src/game/game_fn_80038878.o
[116/945] MWCC build/GEDE01/src/game/game_fn_80048ADC.o
[117/945] MWCC build/GEDE01/src/game/game_fn_80048B24.o
[118/945] MWCC build/GEDE01/src/game/game_fn_8004998C.o
[119/945] MWCC build/GEDE01/src/game/game_fn_80050B08.o
[120/945] MWCC build/GEDE01/src/game/game_fn_80052310.o
[121/945] MWCC build/GEDE01/src/game/game_fn_800542D0.o
[122/945] MWCC build/GEDE01/src/game/game_fn_8005EC6C.o
[123/945] MWCC build/GEDE01/src/game/game_fn_8005EE9C.o
[124/945] MWCC build/GEDE01/src/game/game_fn_8005EF94.o
[125/945] MWCC build/GEDE01/src/game/game_data_80239E10.o
[126/945] MWCC build/GEDE01/src/game/game_data_80239E18.o
[127/945] MWCC build/GEDE01/src/game/game_fn_8005FD84.o
[128/945] MWCC build/GEDE01/src/game/game_fn_80066888.o
[129/945] MWCC build/GEDE01/src/game/game_fn_80066E78.o
[130/945] MWCC build/GEDE01/src/game/game_fn_8006B0F0.o
[131/945] MWCC build/GEDE01/src/game/game_fn_8006B620.o
[132/945] MWCC build/GEDE01/src/game/game_fn_8006E53C.o
[133/945] MWCC build/GEDE01/src/game/game_fn_80071A58.o
[134/945] MWCC build/GEDE01/src/game/game_fn_80074310.o
[135/945] MWCC build/GEDE01/src/game/game_fn_80078500.o
[136/945] MWCC build/GEDE01/src/game/game_fn_80079908.o
[137/945] MWCC build/GEDE01/src/game/game_fn_80079AA4.o
[138/945] MWCC build/GEDE01/src/game/game_fn_8007B2F4.o
[139/945] MWCC build/GEDE01/src/game/game_fn_8007B540.o
[140/945] MWCC build/GEDE01/src/game/game_fn_8007B640.o
[141/945] MWCC build/GEDE01/src/game/game_fn_8007B828.o
[142/945] MWCC build/GEDE01/src/game/game_fn_8007BA3C.o
[143/945] MWCC build/GEDE01/src/game/game_fn_8007D4D8.o
[144/945] MWCC build/GEDE01/src/game/game_fn_8007F770.o
[145/945] MWCC build/GEDE01/src/game/game_fn_800886D8.o
[146/945] MWCC build/GEDE01/src/game/game_fn_80088F4C.o
[147/945] MWCC build/GEDE01/src/game/game_fn_80089A34.o
[148/945] MWCC build/GEDE01/src/game/game_fn_8008A2E0.o
[149/945] MWCC build/GEDE01/src/game/game_fn_8008F224.o
[150/945] MWCC build/GEDE01/src/game/game_fn_8008F890.o
[151/945] MWCC build/GEDE01/src/game/game_fn_80090004.o
[152/945] MWCC build/GEDE01/src/game/game_fn_800934A0.o
[153/945] MWCC build/GEDE01/src/game/game_fn_80095D10.o
[154/945] MWCC build/GEDE01/src/game/game_fn_80095E64.o
[155/945] MWCC build/GEDE01/src/game/game_fn_80095FDC.o
[156/945] MWCC build/GEDE01/src/game/game_fn_80096830.o
[157/945] MWCC build/GEDE01/src/game/game_fn_8009C424.o
[158/945] MWCC build/GEDE01/src/game/game_fn_8009E808.o
[159/945] MWCC build/GEDE01/src/game/game_fn_800A2130.o
[160/945] MWCC build/GEDE01/src/game/game_fn_800A2B8C.o
[161/945] MWCC build/GEDE01/src/game/game_fn_800A2FCC.o
[162/945] MWCC build/GEDE01/src/game/game_fn_800A3180.o
[163/945] MWCC build/GEDE01/src/game/game_fn_800A3894.o
[164/945] MWCC build/GEDE01/src/game/game_fn_800A4428.o
[165/945] MWCC build/GEDE01/src/game/game_fn_800A4798.o
[166/945] MWCC build/GEDE01/src/game/game_fn_800A7E88.o
[167/945] MWCC build/GEDE01/src/game/game_fn_800AF230.o
[168/945] MWCC build/GEDE01/src/game/game_fn_800B2EC0.o
[169/945] MWCC build/GEDE01/src/game/game_fn_800BB5C4.o
[170/945] MWCC build/GEDE01/src/game/game_fn_800BB7A8.o
[171/945] MWCC build/GEDE01/src/game/game_fn_800BB9A4.o
[172/945] MWCC build/GEDE01/src/game/game_fn_800BBAF0.o
[173/945] MWCC build/GEDE01/src/game/game_fn_800C030C.o
[174/945] MWCC build/GEDE01/src/game/game_fn_800C17EC.o
[175/945] MWCC build/GEDE01/src/game/game_fn_800C59F0.o
[176/945] MWCC build/GEDE01/src/game/game_fn_800C644C.o
[177/945] MWCC build/GEDE01/src/game/game_fn_800C65FC.o
[178/945] MWCC build/GEDE01/src/game/game_fn_800C9C60.o
[179/945] MWCC build/GEDE01/src/game/game_fn_800CB760.o
[180/945] MWCC build/GEDE01/src/game/game_fn_800CB8F4.o
[181/945] MWCC build/GEDE01/src/game/game_fn_800CF598.o
[182/945] MWCC build/GEDE01/src/game/game_fn_800D9064.o
[183/945] MWCC build/GEDE01/src/game/game_fn_800D9E10.o
[184/945] MWCC build/GEDE01/src/game/game_fn_800DC4D4.o
[185/945] MWCC build/GEDE01/src/game/game_fn_800E4980.o
[186/945] MWCC build/GEDE01/src/game/game_TRKNubWelcome.o
[187/945] MWCC build/GEDE01/src/game/game_TRK_main.o
[188/945] MWCC build/GEDE01/src/game/game_InitMetroTRKCommTable.o
[189/945] MWCC build/GEDE01/src/game/game_fn_800FD0C8.o
[190/945] MWCC build/GEDE01/src/game/game_fn_8010242C.o
[191/945] MWCC build/GEDE01/src/game/game_fn_801098C0.o
[192/945] MWCC build/GEDE01/src/game/game_fn_8010F184.o
[193/945] MWCC build/GEDE01/src/game/game_fn_801126E0.o
[194/945] MWCC build/GEDE01/src/game/game_fn_801128E4.o
[195/945] MWCC build/GEDE01/src/game/game_fn_801141B8.o
[196/945] MWCC build/GEDE01/src/game/game_fn_80119C70.o
[197/945] MWCC build/GEDE01/src/game/game_fn_8011F140.o
[198/945] MWCC build/GEDE01/src/game/game_fn_801247F8.o
[199/945] MWCC build/GEDE01/src/game/game_fn_80126A00.o
[200/945] MWCC build/GEDE01/src/game/game_fn_8012976C.o
[201/945] MWCC build/GEDE01/src/game/game_fn_8012DB28.o
[202/945] MWCC build/GEDE01/src/game/game_fn_8013CBE4.o
[203/945] MWCC build/GEDE01/src/game/game_fn_8013D6A4.o
[204/945] MWCC build/GEDE01/src/game/game_fn_8013DB8C.o
[205/945] MWCC build/GEDE01/src/game/game_fn_8014549C.o
[206/945] MWCC build/GEDE01/src/game/game_fn_8014AF38.o
[207/945] MWCC build/GEDE01/src/game/game_fn_8014B494.o
[208/945] MWCC build/GEDE01/src/game/game_fn_8014BA14.o
[209/945] MWCC build/GEDE01/src/game/game_fn_8014CA98.o
[210/945] MWCC build/GEDE01/src/game/game_fn_80150A24.o
[211/945] MWCC build/GEDE01/src/game/game_fn_801535D8.o
[212/945] MWCC build/GEDE01/src/game/game_fn_80153898.o
[213/945] MWCC build/GEDE01/src/game/game_fn_80153A24.o
[214/945] MWCC build/GEDE01/src/game/game_fn_80154F74.o
[215/945] MWCC build/GEDE01/src/game/game_fn_80155814.o
[216/945] MWCC build/GEDE01/src/game/game_fn_80157C0C.o
[217/945] MWCC build/GEDE01/src/game/game_fn_80158B20.o
[218/945] MWCC build/GEDE01/src/game/game_fn_80158D38.o
[219/945] MWCC build/GEDE01/src/game/game_fn_8015DB84.o
[220/945] MWCC build/GEDE01/src/game/game_fn_8015DC54.o
[221/945] MWCC build/GEDE01/src/game/game_fn_8015EDC0.o
[222/945] MWCC build/GEDE01/src/game/game_fn_80167454.o
[223/945] MWCC build/GEDE01/src/game/game_fn_80167B5C.o
[224/945] MWCC build/GEDE01/src/game/game_fn_80169650.o
[225/945] MWCC build/GEDE01/src/game/game_fn_8016BD0C.o
[226/945] MWCC build/GEDE01/src/game/game_fn_8016BE1C.o
[227/945] MWCC build/GEDE01/src/game/game_fn_8016BF60.o
[228/945] MWCC build/GEDE01/src/game/game_fn_8016C0BC.o
[229/945] MWCC build/GEDE01/src/game/game_fn_8016C164.o
[230/945] MWCC build/GEDE01/src/game/game_fn_8016C238.o
[231/945] MWCC build/GEDE01/src/game/game_fn_8016C4BC.o
[232/945] MWCC build/GEDE01/src/game/game_fn_8016C774.o
[233/945] MWCC build/GEDE01/src/game/game_fn_8016D040.o
[234/945] MWCC build/GEDE01/src/game/game_fn_8016D1F8.o
[235/945] MWCC build/GEDE01/src/game/game_fn_8016D2B8.o
[236/945] MWCC build/GEDE01/src/game/game_fn_8016D9C0.o
[237/945] MWCC build/GEDE01/src/game/game_fn_8016DF4C.o
[238/945] MWCC build/GEDE01/src/game/game_fn_8016E8F8.o
[239/945] MWCC build/GEDE01/src/game/game_fn_8016FEF8.o
[240/945] MWCC build/GEDE01/src/game/game_fn_8017038C.o
[241/945] MWCC build/GEDE01/src/game/game_fn_801704F8.o
[242/945] MWCC build/GEDE01/src/game/game_fn_801706DC.o
[243/945] MWCC build/GEDE01/src/game/game_fn_80170A40.o
[244/945] MWCC build/GEDE01/src/game/game_fn_80170DF4.o
[245/945] MWCC build/GEDE01/src/game/game_fn_80170E9C.o
[246/945] MWCC build/GEDE01/src/game/game_fn_8017138C.o
[247/945] MWCC build/GEDE01/src/game/game_fn_80171664.o
[248/945] MWCC build/GEDE01/src/game/game_fn_801718F4.o
[249/945] MWCC build/GEDE01/src/game/game_fn_801719B4.o
[250/945] MWCC build/GEDE01/src/game/game_fn_80171F30.o
[251/945] MWCC build/GEDE01/src/game/game_fn_8017250C.o
[252/945] MWCC build/GEDE01/src/game/game_fn_801726EC.o
[253/945] MWCC build/GEDE01/src/game/game_fn_80172BB0.o
[254/945] MWCC build/GEDE01/src/game/game_fn_80172C78.o
[255/945] MWCC build/GEDE01/src/game/game_fn_80172DB8.o
[256/945] MWCC build/GEDE01/src/game/game_fn_80173270.o
[257/945] MWCC build/GEDE01/src/game/game_fn_801734B4.o
[258/945] MWCC build/GEDE01/src/game/game_fn_80173770.o
[259/945] MWCC build/GEDE01/src/game/game_fn_80173BDC.o
[260/945] MWCC build/GEDE01/src/game/game_fn_80173D44.o
[261/945] MWCC build/GEDE01/src/game/game_fn_80173F04.o
[262/945] MWCC build/GEDE01/src/game/game_fn_80174184.o
[263/945] MWCC build/GEDE01/src/game/game_fn_80174358.o
[264/945] MWCC build/GEDE01/src/game/game_fn_80174F2C.o
[265/945] MWCC build/GEDE01/src/game/game_fn_801752B0.o
[266/945] MWCC build/GEDE01/src/game/game_fn_8017553C.o
[267/945] MWCC build/GEDE01/src/game/game_fn_80175A08.o
[268/945] MWCC build/GEDE01/src/game/game_fn_80175E64.o
[269/945] MWCC build/GEDE01/src/game/game_fn_80175F0C.o
[270/945] MWCC build/GEDE01/src/game/game_fn_80175FD4.o
[271/945] MWCC build/GEDE01/src/game/game_fn_80176098.o
[272/945] MWCC build/GEDE01/src/game/game_fn_80176160.o
[273/945] MWCC build/GEDE01/src/game/game_fn_80176220.o
[274/945] MWCC build/GEDE01/src/game/game_fn_801762E8.o
[275/945] MWCC build/GEDE01/src/game/game_fn_8017652C.o
[276/945] MWCC build/GEDE01/src/game/game_fn_80176DF4.o
[277/945] MWCC build/GEDE01/src/game/game_fn_80176FA0.o
[278/945] MWCC build/GEDE01/src/game/game_fn_801770F8.o
[279/945] MWCC build/GEDE01/src/game/game_fn_8017718C.o
[280/945] MWCC build/GEDE01/src/game/game_fn_80178F88.o
[281/945] MWCC build/GEDE01/src/game/game_fn_80177434.o
[282/945] MWCC build/GEDE01/src/game/game_fn_80179398.o
[283/945] MWCC build/GEDE01/src/game/game_fn_8017960C.o
[284/945] MWCC build/GEDE01/src/game/game_fn_8017974C.o
[285/945] MWCC build/GEDE01/src/game/game_fn_80179904.o
[286/945] MWCC build/GEDE01/src/game/game_fn_80179A18.o
[287/945] MWCC build/GEDE01/src/game/game_fn_80179A74.o
[288/945] MWCC build/GEDE01/src/game/game_fn_80179EB8.o
[289/945] MWCC build/GEDE01/src/game/game_fn_80179F20.o
[290/945] MWCC build/GEDE01/src/game/game_fn_8017A010.o
[291/945] MWCC build/GEDE01/src/game/game_fn_8017A12C.o
[292/945] MWCC build/GEDE01/src/game/game_fn_8017A1C0.o
[293/945] MWCC build/GEDE01/src/game/game_fn_8017A9B8.o
[294/945] MWCC build/GEDE01/src/game/game_fn_8017AC20.o
[295/945] MWCC build/GEDE01/src/game/game_fn_8017E850.o
[296/945] MWCC build/GEDE01/src/game/game_fn_8017E958.o
[297/945] MWCC build/GEDE01/src/game/game_fn_80180DDC.o
[298/945] MWCC build/GEDE01/src/game/game_fn_801810A0.o
[299/945] MWCC build/GEDE01/src/game/game_fn_801816D4.o
[300/945] MWCC build/GEDE01/src/game/game_fn_801857B4.o
[301/945] MWCC build/GEDE01/src/game/game_fn_801859FC.o
[302/945] MWCC build/GEDE01/src/game/game_fn_80185AE8.o
[303/945] MWCC build/GEDE01/src/game/game_fn_80185F10.o
[304/945] MWCC build/GEDE01/src/game/game_fn_801861C4.o
[305/945] MWCC build/GEDE01/src/game/game_fn_801865EC.o
[306/945] MWCC build/GEDE01/src/game/game_fn_8018680C.o
[307/945] MWCC build/GEDE01/src/game/game_fn_80186E10.o
[308/945] MWCC build/GEDE01/src/game/game_fn_80186F70.o
[309/945] MWCC build/GEDE01/src/game/game_fn_80187120.o
[310/945] MWCC build/GEDE01/src/game/game_fn_80187320.o
[311/945] MWCC build/GEDE01/src/game/game_fn_801875FC.o
[312/945] MWCC build/GEDE01/src/game/game_fn_801878E0.o
[313/945] MWCC build/GEDE01/src/game/game_fn_80187BB4.o
[314/945] MWCC build/GEDE01/src/game/game_fn_80187E40.o
[315/945] MWCC build/GEDE01/src/game/game_fn_80188A7C.o
[316/945] MWCC build/GEDE01/src/game/game_fn_80188B44.o
[317/945] MWCC build/GEDE01/src/game/game_fn_80188C1C.o
[318/945] MWCC build/GEDE01/src/game/game_fn_80188E28.o
[319/945] MWCC build/GEDE01/src/game/game_fn_80189028.o
[320/945] MWCC build/GEDE01/src/game/game_fn_801891D8.o
[321/945] MWCC build/GEDE01/src/game/game_fn_80189390.o
[322/945] MWCC build/GEDE01/src/game/game_fn_801895E8.o
[323/945] MWCC build/GEDE01/src/game/game_fn_801896A0.o
[324/945] MWCC build/GEDE01/src/game/game_fn_80189760.o
[325/945] MWCC build/GEDE01/src/game/game_fn_80189968.o
[326/945] MWCC build/GEDE01/src/game/game_fn_80189C14.o
[327/945] MWCC build/GEDE01/src/game/game_fn_8018C2D0.o
[328/945] MWCC build/GEDE01/src/game/game_fn_8018D1F0.o
[329/945] MWCC build/GEDE01/src/game/game_fn_8018D2E0.o
[330/945] MWCC build/GEDE01/src/game/game_fn_8018D400.o
[331/945] MWCC build/GEDE01/src/game/game_fn_8018D688.o
[332/945] MWCC build/GEDE01/src/game/game_fn_8018DC24.o
[333/945] MWCC build/GEDE01/src/game/game_fn_8018E0D8.o
[334/945] MWCC build/GEDE01/src/game/game_fn_8018F1D0.o
[335/945] MWCC build/GEDE01/src/game/game_fn_8018F81C.o
[336/945] MWCC build/GEDE01/src/game/game_fn_8018FEDC.o
[337/945] MWCC build/GEDE01/src/game/game_fn_8019120C.o
[338/945] MWCC build/GEDE01/src/game/game_fn_80191360.o
[339/945] MWCC build/GEDE01/src/game/game_fn_801916D0.o
[340/945] MWCC build/GEDE01/src/game/game_fn_8019197C.o
[341/945] MWCC build/GEDE01/src/game/game_fn_80191F58.o
[342/945] MWCC build/GEDE01/src/game/game_fn_801926EC.o
[343/945] MWCC build/GEDE01/src/game/game_fn_801929A4.o
[344/945] MWCC build/GEDE01/src/game/game_fn_80192F54.o
[345/945] MWCC build/GEDE01/src/game/game_fn_801931C4.o
[346/945] MWCC build/GEDE01/src/game/game_fn_80193E1C.o
[347/945] MWCC build/GEDE01/src/game/game_fn_80193F3C.o
[348/945] MWCC build/GEDE01/src/game/game_fn_80194F80.o
[349/945] MWCC build/GEDE01/src/game/game_fn_801952E8.o
[350/945] MWCC build/GEDE01/src/game/game_fn_80197910.o
[351/945] MWCC build/GEDE01/src/game/game_fn_80198154.o
[352/945] MWCC build/GEDE01/src/game/game_fn_80198AAC.o
[353/945] MWCC build/GEDE01/src/game/game_fn_80198BF4.o
[354/945] MWCC build/GEDE01/src/game/game_fn_801991E0.o
[355/945] MWCC build/GEDE01/src/game/game_fn_8019B1BC.o
[356/945] MWCC build/GEDE01/src/game/game_fn_8019CC28.o
[357/945] MWCC build/GEDE01/src/game/game_fn_8019CFC4.o
[358/945] MWCC build/GEDE01/src/game/game_fn_8019E5E4.o
[359/945] MWCC build/GEDE01/src/game/game_fn_8019E8C8.o
[360/945] MWCC build/GEDE01/src/game/game_fn_801A1F18.o
[361/945] MWCC build/GEDE01/src/game/game_fn_801A1F8C.o
[362/945] MWCC build/GEDE01/src/game/game_fn_801A2A54.o
[363/945] MWCC build/GEDE01/src/game/game_fn_801A34BC.o
[364/945] MWCC build/GEDE01/src/game/game_fn_801A3A78.o
[365/945] MWCC build/GEDE01/src/game/game_fn_801A4430.o
[366/945] MWCC build/GEDE01/src/game/game_fn_801A4CE0.o
[367/945] MWCC build/GEDE01/src/game/game_fn_801A5FB0.o
[368/945] MWCC build/GEDE01/src/game/game_fn_801A6350.o
[369/945] MWCC build/GEDE01/src/game/game_fn_801A6410.o
[370/945] MWCC build/GEDE01/src/game/game_fn_801A657C.o
[371/945] MWCC build/GEDE01/src/game/game_fn_801A6ADC.o
[372/945] MWCC build/GEDE01/src/game/game_fn_801A6C58.o
[373/945] MWCC build/GEDE01/src/game/game_fn_801A6CB4.o
[374/945] MWCC build/GEDE01/src/game/game_fn_801A7E04.o
[375/945] MWCC build/GEDE01/src/game/game_fn_801A7EA8.o
[376/945] MWCC build/GEDE01/src/game/game_fn_801A93E8.o
[377/945] MWCC build/GEDE01/src/game/game_fn_801AB154.o
[378/945] MWCC build/GEDE01/src/game/game_fn_801ABD3C.o
[379/945] MWCC build/GEDE01/src/game/game_fn_801AC8AC.o
[380/945] MWCC build/GEDE01/src/game/game_fn_801ACFE8.o
[381/945] MWCC build/GEDE01/src/game/game_fn_801AD08C.o
[382/945] MWCC build/GEDE01/src/game/game_fn_801AFA74.o
[383/945] MWCC build/GEDE01/src/game/game_fn_801B02F0.o
[384/945] MWCC build/GEDE01/src/game/game_fn_801B1BA0.o
[385/945] MWCC build/GEDE01/src/game/game_fn_801B35BC.o
[386/945] MWCC build/GEDE01/src/game/game_fn_801B46C8.o
[387/945] MWCC build/GEDE01/src/game/game_fn_801B4FB4.o
[388/945] MWCC build/GEDE01/src/game/game_fn_801B5228.o
[389/945] MWCC build/GEDE01/src/game/game_fn_801B58F0.o
[390/945] MWCC build/GEDE01/src/game/game_fn_801B6F1C.o
[391/945] MWCC build/GEDE01/src/game/game_fn_801B86C0.o
[392/945] MWCC build/GEDE01/src/game/game_fn_801B941C.o
[393/945] MWCC build/GEDE01/src/game/game_fn_801B9E7C.o
[394/945] MWCC build/GEDE01/src/game/game_fn_801BA15C.o
[395/945] MWCC build/GEDE01/src/game/game_fn_801BA708.o
[396/945] MWCC build/GEDE01/src/game/game_fn_801BA94C.o
[397/945] MWCC build/GEDE01/src/game/game_fn_801BB1A0.o
[398/945] MWCC build/GEDE01/src/game/game_fn_801BC0D4.o
[399/945] MWCC build/GEDE01/src/game/game_fn_801BC240.o
[400/945] MWCC build/GEDE01/src/game/game_fn_801BC8F4.o
[401/945] MWCC build/GEDE01/src/game/game_fn_801BCC04.o
[402/945] MWCC build/GEDE01/src/game/game_fn_801BD990.o
[403/945] MWCC build/GEDE01/src/game/game_fn_801BDE7C.o
[404/945] MWCC build/GEDE01/src/game/game_fn_801BE0D4.o
[405/945] MWCC build/GEDE01/src/game/game_fn_801C1CB0.o
[406/945] MWCC build/GEDE01/src/game/game_fn_801BEF40.o
[407/945] MWCC build/GEDE01/src/game/game_fn_801C2980.o
[408/945] MWCC build/GEDE01/src/game/game_fn_801C29BC.o
[409/945] MWCC build/GEDE01/src/game/game_fn_801C2AAC.o
[410/945] MWCC build/GEDE01/src/game/game_fn_801C2D9C.o
[411/945] MWCC build/GEDE01/src/game/game_fn_801C8160.o
[412/945] MWCC build/GEDE01/src/game/game_fn_801C8224.o
[413/945] MWCC build/GEDE01/src/game/game_fn_801C4B5C.o
[414/945] MWCC build/GEDE01/src/game/game_fn_801C8600.o
[415/945] MWCC build/GEDE01/src/game/game_fn_801C87DC.o
[416/945] MWCC build/GEDE01/src/game/game_fn_801C8CC0.o
[417/945] MWCC build/GEDE01/src/game/game_fn_801C8F50.o
[418/945] MWCC build/GEDE01/src/game/game_fn_801C90A4.o
[419/945] MWCC build/GEDE01/src/game/game_fn_801C9510.o
[420/945] MWCC build/GEDE01/src/game/game_fn_801C970C.o
[421/945] MWCC build/GEDE01/src/game/game_fn_801C9A08.o
[422/945] MWCC build/GEDE01/src/game/game_fn_801C9B1C.o
[423/945] MWCC build/GEDE01/src/game/game_fn_801CB4F8.o
[424/945] MWCC build/GEDE01/src/game/game_fn_801CD228.o
[425/945] MWCC build/GEDE01/src/game/game_fn_801CE09C.o
[426/945] MWCC build/GEDE01/src/game/game_fn_801CE594.o
[427/945] MWCC build/GEDE01/src/game/game_fn_801D1B10.o
[428/945] MWCC build/GEDE01/src/game/game_fn_801D1F78.o
[429/945] MWCC build/GEDE01/src/game/game_fn_801D3988.o
[430/945] MWCC build/GEDE01/src/game/game_fn_801D73D0.o
[431/945] MWCC build/GEDE01/src/game/game_fn_801D76A8.o
[432/945] MWCC build/GEDE01/src/game/game_fn_801D7C24.o
[433/945] MWCC build/GEDE01/src/game/game_fn_801D8050.o
[434/945] MWCC build/GEDE01/src/game/game_fn_801D9FE4.o
[435/945] MWCC build/GEDE01/src/game/game_fn_801DDB84.o
[436/945] MWCC build/GEDE01/src/game/game_fn_801DE8B4.o
[437/945] MWCC build/GEDE01/src/game/game_fn_801E2A48.o
[438/945] MWCC build/GEDE01/src/game/game_fn_801E41AC.o
[439/945] MWCC build/GEDE01/src/game/game_fn_801E504C.o
[440/945] MWCC build/GEDE01/src/game/game_fn_801E6814.o
[441/945] MWCC build/GEDE01/src/game/game_fn_801E7014.o
[442/945] MWCC build/GEDE01/src/game/game_fn_801E995C.o
[443/945] MWCC build/GEDE01/src/game/game_fn_801EAA04.o
[444/945] MWCC build/GEDE01/src/game/game_fn_801EB09C.o
[445/945] MWCC build/GEDE01/src/game/game_fn_801EB11C.o
[446/945] MWCC build/GEDE01/src/game/game_fn_801ECD74.o
[447/945] MWCC build/GEDE01/src/game/game_fn_801ECF50.o
[448/945] MWCC build/GEDE01/src/game/game_fn_801ED5F4.o
[449/945] MWCC build/GEDE01/src/game/game_fn_801EF580.o
[450/945] MWCC build/GEDE01/src/game/game_fn_801EF910.o
[451/945] MWCC build/GEDE01/src/game/game_fn_801F0CB0.o
[452/945] MWCC build/GEDE01/src/game/game_fn_801F10BC.o
[453/945] MWCC build/GEDE01/src/game/game_fn_801F1A38.o
[454/945] MWCC build/GEDE01/src/game/game_fn_801F35A8.o
[455/945] MWCC build/GEDE01/src/game/game_fn_801F55A0.o
[456/945] MWCC build/GEDE01/src/game/game_fn_801F69F0.o
[457/945] MWCC build/GEDE01/src/game/game_fn_801F6BD8.o
[458/945] MWCC build/GEDE01/src/game/game_fn_801F7510.o
[459/945] MWCC build/GEDE01/src/game/game_fn_801F76EC.o
[460/945] MWCC build/GEDE01/src/game/game_fn_801F8264.o
[461/945] MWCC build/GEDE01/src/game/game_fn_801F89B4.o
[462/945] MWCC build/GEDE01/src/game/game_fn_801F8FAC.o
[463/945] MWCC build/GEDE01/src/game/game_fn_801F9AF8.o
[464/945] MWCC build/GEDE01/src/game/game_fn_801F9CF4.o
[465/945] MWCC build/GEDE01/src/game/game_fn_801FA9C8.o
[466/945] MWCC build/GEDE01/src/game/game_fn_801FB6A4.o
[467/945] MWCC build/GEDE01/src/game/game_fn_801FC034.o
[468/945] MWCC build/GEDE01/src/game/game_fn_801FC204.o
[469/945] MWCC build/GEDE01/src/game/game_fn_801FFE78.o
[470/945] EXTERNALIZE build/GEDE01/src/game/game_fn_801857B4.o
[471/945] MWCC build/GEDE01/src/game/game_fn_801DB9E0.o
[472/945] EXTERNALIZE build/GEDE01/src/game/game_fn_800A2B8C.o
[473/945] EXTERNALIZE build/GEDE01/src/game/game_fn_800DC4D4.o
[474/945] EXTERNALIZE build/GEDE01/src/game/game_fn_80119C70.o
[475/945] EXTERNALIZE build/GEDE01/src/game/game_fn_80175A08.o
[476/945] EXTERNALIZE build/GEDE01/src/game/game_fn_80066E78.o
[477/945] EXTERNALIZE build/GEDE01/src/game/game_fn_801247F8.o
[478/945] EXTERNALIZE build/GEDE01/src/game/game_fn_801EF910.o
[479/945] EXTERNALIZE build/GEDE01/src/game/game_fn_801ECF50.o
[480/945] EXTERNALIZE build/GEDE01/src/game/game_fn_801FC204.o
[481/945] EXTERNALIZE JUMPTABLES build/GEDE01/src/game/game_fn_80050B08.o
[482/945] EXTERNALIZE build/GEDE01/src/game/game_fn_801EB09C.o
[483/945] EXTERNALIZE build/GEDE01/src/game/game_fn_801EB11C.o
[484/945] EXTERNALIZE build/GEDE01/src/game/game_fn_801D9FE4.o
[485/945] EXTERNALIZE build/GEDE01/src/game/game_fn_801E41AC.o
[486/945] EXTERNALIZE build/GEDE01/src/game/game_fn_801D73D0.o
[487/945] EXTERNALIZE build/GEDE01/src/game/game_fn_801D76A8.o
[488/945] EXTERNALIZE build/GEDE01/src/game/game_fn_801D8050.o
[489/945] EXTERNALIZE build/GEDE01/src/game/game_fn_801D7C24.o
[490/945] EXTERNALIZE build/GEDE01/src/game/game_fn_8019B1BC.o
[491/945] EXTERNALIZE build/GEDE01/src/game/game_fn_80178F88.o
[492/945] EXTERNALIZE build/GEDE01/src/game/game_fn_801CD228.o
[493/945] EXTERNALIZE build/GEDE01/src/game/game_fn_801C970C.o
[494/945] EXTERNALIZE build/GEDE01/src/game/game_fn_801BA15C.o
[495/945] EXTERNALIZE build/GEDE01/src/game/game_fn_801C9510.o
[496/945] EXTERNALIZE build/GEDE01/src/game/game_fn_80126A00.o
[497/945] EXTERNALIZE build/GEDE01/src/game/game_fn_8013D6A4.o
[498/945] EXTERNALIZE build/GEDE01/src/game/game_fn_800C9C60.o
[499/945] EXTERNALIZE build/GEDE01/src/game/game_fn_801B5228.o
[500/945] EXTERNALIZE build/GEDE01/src/game/game_fn_801B4FB4.o
[501/945] EXTERNALIZE build/GEDE01/src/game/game_fn_801C87DC.o
[502/945] EXTERNALIZE build/GEDE01/src/game/game_fn_801B6F1C.o
[503/945] EXTERNALIZE build/GEDE01/src/game/game_fn_801C8CC0.o
[504/945] EXTERNALIZE build/GEDE01/src/game/game_fn_800FD0C8.o
[505/945] EXTERNALIZE build/GEDE01/src/game/game_fn_801BDE7C.o
[506/945] EXTERNALIZE build/GEDE01/src/game/game_fn_801BE0D4.o
[507/945] EXTERNALIZE STATIC POOL build/GEDE01/src/game/game_fn_801C9A08.o
build/GEDE01/src/game/game_fn_801C9A08.o: lbl_80629390 now undefined; section 3 emptied
[508/945] EXTERNALIZE build/GEDE01/src/game/game_fn_801B941C.o
[509/945] EXTERNALIZE STATIC POOL build/GEDE01/src/game/game_fn_801C9B1C.o
build/GEDE01/src/game/game_fn_801C9B1C.o: lbl_80629390 now undefined; section 3 emptied
[510/945] EXTERNALIZE STATIC POOL build/GEDE01/src/game/game_fn_801BD990.o
build/GEDE01/src/game/game_fn_801BD990.o: lbl_80626D80 now undefined; section 6 emptied
[511/945] EXTERNALIZE STATIC POOL build/GEDE01/src/game/game_fn_801B58F0.o
build/GEDE01/src/game/game_fn_801B58F0.o: lbl_8060C020 now undefined; section 3 emptied
[512/945] EXTERNALIZE STATIC POOL build/GEDE01/src/game/game_fn_801B9E7C.o
build/GEDE01/src/game/game_fn_801B9E7C.o: 0 relocation(s) moved from streamInfo to ...bss.0
build/GEDE01/src/game/game_fn_801B9E7C.o: lbl_8061AE48 now undefined; section 6 emptied
[513/945] EXTERNALIZE STATIC POOL build/GEDE01/src/game/game_fn_801BB1A0.o
build/GEDE01/src/game/game_fn_801BB1A0.o: 0 relocation(s) moved from streamInfo to ...bss.0
build/GEDE01/src/game/game_fn_801BB1A0.o: lbl_8061AE48 now undefined; section 6 emptied
[514/945] EXTERNALIZE STATIC POOL build/GEDE01/src/game/game_fn_801BA708.o
build/GEDE01/src/game/game_fn_801BA708.o: 0 relocation(s) moved from streamInfo to ...bss.0
build/GEDE01/src/game/game_fn_801BA708.o: lbl_8061AE48 now undefined; section 6 emptied
[515/945] EXTERNALIZE STATIC build/GEDE01/src/game/game_fn_801B35BC.o
build/GEDE01/src/game/game_fn_801B35BC.o: lbl_8060D420 now undefined; section 6 emptied
[516/945] EXTERNALIZE build/GEDE01/src/game/game_fn_801BA94C.o
build/GEDE01/src/game/game_fn_801BA94C.o: 0 relocation(s) moved from streamInfo to ...bss.0
build/GEDE01/src/game/game_fn_801BA94C.o: lbl_8061AE48 now undefined; section 6 emptied
[517/945] EXTERNALIZE STATIC POOL build/GEDE01/src/game/game_fn_801BC8F4.o
build/GEDE01/src/game/game_fn_801BC8F4.o: lbl_8061C748 now undefined; section 6 emptied
[518/945] EXTERNALIZE STATIC build/GEDE01/src/game/game_fn_801BC240.o
build/GEDE01/src/game/game_fn_801BC240.o: lbl_8061C748 now undefined; section 6 emptied
[519/945] EXTERNALIZE STATIC POOL build/GEDE01/src/game/game_fn_801BCC04.o
build/GEDE01/src/game/game_fn_801BCC04.o: lbl_8061C748 now undefined; section 6 emptied
[520/945] EXTERNALIZE STATIC POOL build/GEDE01/src/game/game_fn_801BC0D4.o
build/GEDE01/src/game/game_fn_801BC0D4.o: lbl_8061C748 now undefined; section 6 emptied
[521/945] EXTERNALIZE STATIC POOL build/GEDE01/src/game/game_fn_801C1CB0.o
build/GEDE01/src/game/game_fn_801C1CB0.o: lbl_80626DA0 now undefined; section 3 emptied
[522/945] RENAME build/GEDE01/src/game/game_InitMetroTRKCommTable.o
[523/945] EXTERNALIZE STATIC POOL build/GEDE01/src/game/game_fn_801CE09C.o
build/GEDE01/src/game/game_fn_801CE09C.o: lbl_80631340 now undefined; section 6 emptied
[524/945] RENAME RUNTIME INTRINSICS build/GEDE01/src/game/game_fn_801CB4F8.o
[525/945] EXTERNALIZE STATIC POOL build/GEDE01/src/game/game_fn_8010242C.o
build/GEDE01/src/game/game_fn_8010242C.o: lbl_8032CC08 now undefined; section 3 emptied
[526/945] EXTERNALIZE build/GEDE01/src/game/game_fn_801D3988.o
[527/945] EXTERNALIZE build/GEDE01/src/game/game_fn_801D1B10.o
[528/945] ALIGN DATA build/GEDE01/src/game/game_fn_8005EF94.o
[529/945] ALIGN DATA build/GEDE01/src/game/game_fn_801A6350.o
[530/945] ALIGN DATA build/GEDE01/src/game/game_fn_80008014.o
[531/945] EXTERNALIZE build/GEDE01/src/game/game_fn_801CE594.o
[532/945] EXTERNALIZE build/GEDE01/src/game/game_fn_8014549C.o
[533/945] EXTERNALIZE build/GEDE01/src/game/game_fn_801C8224.o
[534/945] EXTERNALIZE build/GEDE01/src/game/game_fn_801098C0.o
[535/945] EXTERNALIZE build/GEDE01/src/game/game_fn_8000FDE8.o
[536/945] EXTERNALIZE build/GEDE01/src/game/game_fn_80185F10.o
[537/945] EXTERNALIZE build/GEDE01/src/game/game_fn_801C29BC.o
[538/945] EXTERNALIZE build/GEDE01/src/game/game_fn_801C8F50.o
[539/945] EXTERNALIZE build/GEDE01/src/game/game_fn_8007B828.o
[540/945] EXTERNALIZE build/GEDE01/src/game/game_fn_801C90A4.o
[541/945] EXTERNALIZE build/GEDE01/src/game/game_fn_801C8160.o
[542/945] EXTERNALIZE build/GEDE01/src/game/game_fn_801C2AAC.o
[543/945] EXTERNALIZE build/GEDE01/src/game/game_fn_801C2D9C.o
[544/945] EXTERNALIZE build/GEDE01/src/game/game_fn_801C2980.o
[545/945] EXTERNALIZE build/GEDE01/src/game/game_fn_801B02F0.o
[546/945] EXTERNALIZE build/GEDE01/src/game/game_fn_801AFA74.o
[547/945] EXTERNALIZE build/GEDE01/src/game/game_fn_801AC8AC.o
[548/945] EXTERNALIZE build/GEDE01/src/game/game_fn_801ABD3C.o
[549/945] EXTERNALIZE build/GEDE01/src/game/game_fn_801816D4.o
[550/945] EXTERNALIZE build/GEDE01/src/game/game_fn_8011F140.o
[551/945] EXTERNALIZE build/GEDE01/src/game/game_fn_801AD08C.o
[552/945] EXTERNALIZE build/GEDE01/src/game/game_fn_8004998C.o
[553/945] EXTERNALIZE build/GEDE01/src/game/game_fn_80079AA4.o
[554/945] EXTERNALIZE build/GEDE01/src/game/game_fn_80158D38.o
[555/945] EXTERNALIZE build/GEDE01/src/game/game_fn_801A3A78.o
[556/945] EXTERNALIZE build/GEDE01/src/game/game_fn_8008F224.o
[557/945] EXTERNALIZE build/GEDE01/src/game/game_fn_80167454.o
[558/945] EXTERNALIZE build/GEDE01/src/game/game_fn_800AF230.o
[559/945] EXTERNALIZE build/GEDE01/src/game/game_fn_801A93E8.o
[560/945] EXTERNALIZE build/GEDE01/src/game/game_fn_801AB154.o
[561/945] EXTERNALIZE build/GEDE01/src/game/game_fn_801A7E04.o
[562/945] EXTERNALIZE build/GEDE01/src/game/game_fn_801A7EA8.o
[563/945] EXTERNALIZE build/GEDE01/src/game/game_fn_801A6CB4.o
[564/945] EXTERNALIZE build/GEDE01/src/game/game_fn_801A6C58.o
[565/945] EXTERNALIZE build/GEDE01/src/game/game_fn_801A4CE0.o
[566/945] NAME JUMPTABLE build/GEDE01/src/game/game_fn_801A6ADC.o
[567/945] EXTERNALIZE build/GEDE01/src/game/game_fn_801A6410.o
[568/945] EXTERNALIZE build/GEDE01/src/game/game_fn_801A5FB0.o
[569/945] EXTERNALIZE build/GEDE01/src/game/game_fn_801A1F18.o
[570/945] EXTERNALIZE build/GEDE01/src/game/game_fn_8019E8C8.o
[571/945] EXTERNALIZE build/GEDE01/src/game/game_fn_8019E5E4.o
[572/945] EXTERNALIZE build/GEDE01/src/game/game_fn_8019CC28.o
[573/945] EXTERNALIZE build/GEDE01/src/game/game_fn_8019CFC4.o
[574/945] EXTERNALIZE build/GEDE01/src/game/game_fn_801991E0.o
[575/945] EXTERNALIZE build/GEDE01/src/game/game_fn_80198BF4.o
[576/945] EXTERNALIZE build/GEDE01/src/game/game_fn_80198154.o
[577/945] EXTERNALIZE build/GEDE01/src/game/game_fn_80198AAC.o
[578/945] EXTERNALIZE build/GEDE01/src/game/game_fn_80194F80.o
[579/945] EXTERNALIZE build/GEDE01/src/game/game_fn_80197910.o
[580/945] EXTERNALIZE build/GEDE01/src/game/game_fn_80177434.o
repointed 2 relocations to lbl_80250588
[581/945] EXTERNALIZE build/GEDE01/src/game/game_fn_80193E1C.o
[582/945] EXTERNALIZE build/GEDE01/src/game/game_fn_801931C4.o
[583/945] EXTERNALIZE build/GEDE01/src/game/game_fn_80193F3C.o
[584/945] EXTERNALIZE build/GEDE01/src/game/game_fn_80192F54.o
[585/945] EXTERNALIZE build/GEDE01/src/game/game_fn_80191F58.o
[586/945] EXTERNALIZE build/GEDE01/src/game/game_fn_8019197C.o
[587/945] EXTERNALIZE build/GEDE01/src/game/game_fn_80191360.o
[588/945] GLOBALIZE build/GEDE01/src/game/game_fn_8018F1D0.o
[589/945] EXTERNALIZE build/GEDE01/src/game/game_fn_8018D688.o
[590/945] EXTERNALIZE build/GEDE01/src/game/game_fn_8018F81C.o
[591/945] EXTERNALIZE build/GEDE01/src/game/game_fn_8018D2E0.o
[592/945] EXTERNALIZE build/GEDE01/src/game/game_fn_80189968.o
[593/945] EXTERNALIZE build/GEDE01/src/game/game_fn_80189760.o
[594/945] EXTERNALIZE build/GEDE01/src/game/game_fn_8018D1F0.o
[595/945] EXTERNALIZE build/GEDE01/src/game/game_fn_801895E8.o
[596/945] EXTERNALIZE build/GEDE01/src/game/game_fn_801896A0.o
[597/945] EXTERNALIZE build/GEDE01/src/game/game_fn_801891D8.o
[598/945] EXTERNALIZE build/GEDE01/src/game/game_fn_80189390.o
[599/945] EXTERNALIZE build/GEDE01/src/game/game_fn_80188E28.o
[600/945] EXTERNALIZE build/GEDE01/src/game/game_fn_80189028.o
[601/945] EXTERNALIZE build/GEDE01/src/game/game_fn_80188B44.o
[602/945] EXTERNALIZE build/GEDE01/src/game/game_fn_80188C1C.o
[603/945] EXTERNALIZE build/GEDE01/src/game/game_fn_80188A7C.o
[604/945] EXTERNALIZE build/GEDE01/src/game/game_fn_801878E0.o
[605/945] EXTERNALIZE build/GEDE01/src/game/game_fn_80187120.o
[606/945] EXTERNALIZE build/GEDE01/src/game/game_fn_80186E10.o
[607/945] EXTERNALIZE build/GEDE01/src/game/game_fn_8018FEDC.o
[608/945] EXTERNALIZE build/GEDE01/src/game/game_fn_80185AE8.o
[609/945] EXTERNALIZE build/GEDE01/src/game/game_fn_801865EC.o
[610/945] EXTERNALIZE build/GEDE01/src/game/game_fn_801859FC.o
[611/945] EXTERNALIZE build/GEDE01/src/game/game_fn_80180DDC.o
[612/945] EXTERNALIZE build/GEDE01/src/game/game_fn_8017E850.o
[613/945] EXTERNALIZE build/GEDE01/src/game/game_fn_8017E958.o
[614/945] EXTERNALIZE build/GEDE01/src/game/game_fn_8017718C.o
[615/945] EXTERNALIZE build/GEDE01/src/game/game_fn_801770F8.o
[616/945] EXTERNALIZE build/GEDE01/src/game/game_fn_80176FA0.o
[617/945] EXTERNALIZE build/GEDE01/src/game/game_fn_80176DF4.o
[618/945] EXTERNALIZE build/GEDE01/src/game/game_fn_80173F04.o
[619/945] EXTERNALIZE build/GEDE01/src/game/game_fn_80174358.o
[620/945] EXTERNALIZE build/GEDE01/src/game/game_fn_8017553C.o
[621/945] EXTERNALIZE build/GEDE01/src/game/game_fn_80174184.o
[622/945] EXTERNALIZE build/GEDE01/src/game/game_fn_80173D44.o
[623/945] EXTERNALIZE build/GEDE01/src/game/game_fn_80173770.o
[624/945] EXTERNALIZE build/GEDE01/src/game/game_fn_801734B4.o
[625/945] EXTERNALIZE build/GEDE01/src/game/game_fn_80173270.o
[626/945] EXTERNALIZE build/GEDE01/src/game/game_fn_80172DB8.o
[627/945] EXTERNALIZE build/GEDE01/src/game/game_fn_80172C78.o
[628/945] EXTERNALIZE build/GEDE01/src/game/game_fn_801726EC.o
[629/945] EXTERNALIZE build/GEDE01/src/game/game_fn_80172BB0.o
[630/945] EXTERNALIZE build/GEDE01/src/game/game_fn_8017250C.o
[631/945] EXTERNALIZE build/GEDE01/src/game/game_fn_80171F30.o
[632/945] EXTERNALIZE build/GEDE01/src/game/game_fn_801719B4.o
[633/945] EXTERNALIZE build/GEDE01/src/game/game_fn_801718F4.o
[634/945] EXTERNALIZE build/GEDE01/src/game/game_fn_80171664.o
[635/945] EXTERNALIZE build/GEDE01/src/game/game_fn_8017138C.o
[636/945] EXTERNALIZE build/GEDE01/src/game/game_fn_801706DC.o
[637/945] EXTERNALIZE build/GEDE01/src/game/game_fn_80170A40.o
[638/945] NORMALIZE build/GEDE01/src/game/game_TRKNubWelcome.o
[639/945] NORMALIZE build/GEDE01/src/game/game_TRK_main.o
[640/945] NORMALIZE build/GEDE01/src/game/game_data_80239E10.o
[641/945] NORMALIZE build/GEDE01/src/game/game_data_80239E18.o
[642/945] EXTERNALIZE build/GEDE01/src/game/game_fn_8017652C.o
[643/945] EXTERNALIZE build/GEDE01/src/game/game_fn_80170E9C.o
[644/945] EXTERNALIZE build/GEDE01/src/game/game_fn_80175E64.o
[645/945] EXTERNALIZE build/GEDE01/src/game/game_fn_80175F0C.o
[646/945] EXTERNALIZE build/GEDE01/src/game/game_fn_80175FD4.o
[647/945] EXTERNALIZE build/GEDE01/src/game/game_fn_80176098.o
[648/945] EXTERNALIZE build/GEDE01/src/game/game_fn_80176160.o
[649/945] EXTERNALIZE build/GEDE01/src/game/game_fn_80176220.o
[650/945] EXTERNALIZE build/GEDE01/src/game/game_fn_80170DF4.o
[651/945] EXTERNALIZE build/GEDE01/src/game/game_fn_801762E8.o
[652/945] EXTERNALIZE build/GEDE01/src/game/game_fn_8016E8F8.o
[653/945] EXTERNALIZE build/GEDE01/src/game/game_fn_8016FEF8.o
[654/945] EXTERNALIZE build/GEDE01/src/game/game_fn_801704F8.o
[655/945] NORMALIZE build/GEDE01/src/game/game_fn_8016DF4C.o
[656/945] EXTERNALIZE build/GEDE01/src/game/game_fn_8016D2B8.o
[657/945] EXTERNALIZE build/GEDE01/src/game/game_fn_8016D040.o
[658/945] EXTERNALIZE build/GEDE01/src/game/game_fn_8016D1F8.o
[659/945] EXTERNALIZE build/GEDE01/src/game/game_fn_8016C4BC.o
[660/945] EXTERNALIZE build/GEDE01/src/game/game_fn_8016C774.o
[661/945] EXTERNALIZE build/GEDE01/src/game/game_fn_8016C238.o
[662/945] EXTERNALIZE build/GEDE01/src/game/game_fn_8016C164.o
[663/945] EXTERNALIZE build/GEDE01/src/game/game_fn_8016C0BC.o
[664/945] EXTERNALIZE build/GEDE01/src/game/game_fn_8017038C.o
[665/945] EXTERNALIZE build/GEDE01/src/game/game_fn_8016BF60.o
[666/945] EXTERNALIZE build/GEDE01/src/game/game_fn_8016BE1C.o
[667/945] EXTERNALIZE build/GEDE01/src/game/game_fn_8016BD0C.o
[668/945] EXTERNALIZE build/GEDE01/src/game/game_fn_80169650.o
[669/945] EXTERNALIZE build/GEDE01/src/game/game_fn_8015EDC0.o
[670/945] EXTERNALIZE build/GEDE01/src/game/game_fn_80167B5C.o
[671/945] EXTERNALIZE build/GEDE01/src/game/game_fn_8015DB84.o
[672/945] EXTERNALIZE build/GEDE01/src/game/game_fn_8015DC54.o
[673/945] EXTERNALIZE build/GEDE01/src/game/game_fn_80158B20.o
[674/945] EXTERNALIZE build/GEDE01/src/game/game_fn_80179398.o
[675/945] EXTERNALIZE build/GEDE01/src/game/game_fn_8017960C.o
[676/945] EXTERNALIZE build/GEDE01/src/game/game_fn_8017974C.o
[677/945] EXTERNALIZE build/GEDE01/src/game/game_fn_8017A9B8.o
[678/945] EXTERNALIZE build/GEDE01/src/game/game_fn_80179904.o
[679/945] EXTERNALIZE build/GEDE01/src/game/game_fn_80179A18.o
[680/945] EXTERNALIZE build/GEDE01/src/game/game_fn_80179A74.o
[681/945] EXTERNALIZE build/GEDE01/src/game/game_fn_80179EB8.o
[682/945] EXTERNALIZE build/GEDE01/src/game/game_fn_80179F20.o
[683/945] EXTERNALIZE build/GEDE01/src/game/game_fn_8017A010.o
[684/945] EXTERNALIZE build/GEDE01/src/game/game_fn_8017A12C.o
[685/945] EXTERNALIZE build/GEDE01/src/game/game_fn_80157C0C.o
[686/945] EXTERNALIZE build/GEDE01/src/game/game_fn_8017A1C0.o
[687/945] EXTERNALIZE build/GEDE01/src/game/game_fn_80155814.o
[688/945] EXTERNALIZE build/GEDE01/src/game/game_fn_8014B494.o
[689/945] EXTERNALIZE build/GEDE01/src/game/game_fn_80153898.o
[690/945] EXTERNALIZE build/GEDE01/src/game/game_fn_8014AF38.o
[691/945] EXTERNALIZE build/GEDE01/src/game/game_fn_8012DB28.o
[692/945] EXTERNALIZE build/GEDE01/src/game/game_fn_801141B8.o
[693/945] EXTERNALIZE build/GEDE01/src/game/game_fn_801128E4.o
[694/945] EXTERNALIZE build/GEDE01/src/game/game_fn_801126E0.o
[695/945] EXTERNALIZE build/GEDE01/src/game/game_fn_8010F184.o
[696/945] EXTERNALIZE build/GEDE01/src/game/game_fn_800E4980.o
[697/945] EXTERNALIZE build/GEDE01/src/game/game_fn_800C17EC.o
[698/945] EXTERNALIZE build/GEDE01/src/game/game_fn_800C030C.o
[699/945] EXTERNALIZE build/GEDE01/src/game/game_fn_800C59F0.o
[700/945] EXTERNALIZE build/GEDE01/src/game/game_fn_800C65FC.o
[701/945] EXTERNALIZE build/GEDE01/src/game/game_fn_800C644C.o
[702/945] EXTERNALIZE build/GEDE01/src/game/game_fn_800CB760.o
[703/945] EXTERNALIZE build/GEDE01/src/game/game_fn_800CB8F4.o
[704/945] EXTERNALIZE build/GEDE01/src/game/game_fn_80078500.o
[705/945] EXTERNALIZE build/GEDE01/src/game/game_fn_80079908.o
[706/945] EXTERNALIZE build/GEDE01/src/game/game_fn_8007B540.o
[707/945] EXTERNALIZE build/GEDE01/src/game/game_fn_8007B2F4.o
[708/945] EXTERNALIZE build/GEDE01/src/game/game_fn_8007B640.o
[709/945] EXTERNALIZE build/GEDE01/src/game/game_fn_8007BA3C.o
[710/945] EXTERNALIZE build/GEDE01/src/game/game_fn_800886D8.o
[711/945] EXTERNALIZE build/GEDE01/src/game/game_fn_800934A0.o
[712/945] EXTERNALIZE build/GEDE01/src/game/game_fn_800A3894.o
[713/945] EXTERNALIZE build/GEDE01/src/game/game_fn_800A7E88.o
[714/945] EXTERNALIZE build/GEDE01/src/game/game_fn_800A4798.o
[715/945] GLOBALIZE build/GEDE01/src/game/game_fn_800A2130.o
[716/945] EXTERNALIZE build/GEDE01/src/game/game_fn_800A2FCC.o
[717/945] EXTERNALIZE build/GEDE01/src/game/game_fn_8009C424.o
[718/945] EXTERNALIZE SWITCHES build/GEDE01/src/game/game_fn_80095FDC.o
[719/945] EXTERNALIZE build/GEDE01/src/game/game_fn_80096830.o
[720/945] GLOBALIZE build/GEDE01/src/game/game_fn_8008F890.o
[721/945] EXTERNALIZE build/GEDE01/src/game/game_fn_800A4428.o
[722/945] EXTERNALIZE build/GEDE01/src/game/game_fn_80074310.o
[723/945] GLOBALIZE build/GEDE01/src/game/game_fn_8005FD84.o
[724/945] EXTERNALIZE build/GEDE01/src/game/game_fn_80066888.o
[725/945] EXTERNALIZE build/GEDE01/src/game/game_fn_8005EC6C.o
[726/945] EXTERNALIZE build/GEDE01/src/game/game_fn_80052310.o
[727/945] EXTERNALIZE build/GEDE01/src/game/game_fn_80048B24.o
[728/945] NAME SWITCH build/GEDE01/src/game/game_fn_80020E94.o
[729/945] NAME SWITCH build/GEDE01/src/game/game_fn_8005EE9C.o
[730/945] NAME SWITCH build/GEDE01/src/game/game_fn_8016D9C0.o
[731/945] NAME SWITCH build/GEDE01/src/game/game_fn_80071A58.o
[732/945] EXTERNALIZE build/GEDE01/src/game/game_fn_80048ADC.o
[733/945] NAME SWITCH build/GEDE01/src/game/game_fn_8006B620.o
[734/945] NAME SWITCH build/GEDE01/src/game/game_fn_8001FE1C.o
[735/945] NAME SWITCH build/GEDE01/src/game/game_fn_8001E644.o
[736/945] EXTERNALIZE build/GEDE01/src/game/game_fn_80038878.o
[737/945] EXTERNALIZE build/GEDE01/src/game/game_fn_801B46C8.o
build/GEDE01/src/game/game_fn_801B46C8.o: lbl_8060C020 now undefined; section 6 emptied
[738/945] EXTERNALIZE build/GEDE01/src/game/game_fn_80036C40.o
[739/945] EXTERNALIZE build/GEDE01/src/game/game_fn_800359A0.o
[740/945] EXTERNALIZE build/GEDE01/src/game/game_fn_80033038.o
[741/945] EXTERNALIZE build/GEDE01/src/game/game_fn_80033180.o
[742/945] EXTERNALIZE build/GEDE01/src/game/game_fn_8003232C.o
[743/945] EXTERNALIZE build/GEDE01/src/game/game_fn_80032B84.o
[744/945] EXTERNALIZE build/GEDE01/src/game/game_fn_8002E3F0.o
[745/945] EXTERNALIZE build/GEDE01/src/game/game_fn_8002DAE0.o
[746/945] EXTERNALIZE build/GEDE01/src/game/game_fn_8002EA68.o
[747/945] EXTERNALIZE build/GEDE01/src/game/game_fn_8002F428.o
[748/945] GLOBALIZE build/GEDE01/src/game/game_fn_8002B748.o
[749/945] NAME SWITCHES build/GEDE01/src/game/game_fn_80024F28.o
[750/945] EXTERNALIZE build/GEDE01/src/game/game_fn_800272B4.o
[751/945] EXTERNALIZE build/GEDE01/src/game/game_fn_8001CE94.o
[752/945] EXTERNALIZE build/GEDE01/src/game/game_fn_8001CD58.o
[753/945] EXTERNALIZE build/GEDE01/src/game/game_fn_8001C078.o
[754/945] EXTERNALIZE build/GEDE01/src/game/game_fn_8001B874.o
[755/945] EXTERNALIZE build/GEDE01/src/game/game_fn_8001B808.o
[756/945] EXTERNALIZE build/GEDE01/src/game/game_fn_8001B294.o
[757/945] EXTERNALIZE build/GEDE01/src/game/game_fn_8001B124.o
[758/945] EXTERNALIZE build/GEDE01/src/game/game_fn_8001ADF8.o
[759/945] EXTERNALIZE build/GEDE01/src/game/game_fn_8001AF68.o
[760/945] EXTERNALIZE build/GEDE01/src/game/game_fn_8001AAB8.o
[761/945] EXTERNALIZE build/GEDE01/src/game/game_fn_8001A6C4.o
[762/945] EXTERNALIZE build/GEDE01/src/game/game_fn_80019F98.o
[763/945] EXTERNALIZE build/GEDE01/src/game/game_fn_80019D2C.o
[764/945] EXTERNALIZE build/GEDE01/src/game/game_fn_80019C10.o
[765/945] EXTERNALIZE build/GEDE01/src/game/game_fn_80019940.o
[766/945] EXTERNALIZE build/GEDE01/src/game/game_fn_800194D0.o
[767/945] EXTERNALIZE build/GEDE01/src/game/game_fn_80019244.o
[768/945] EXTERNALIZE build/GEDE01/src/game/game_fn_80019054.o
[769/945] EXTERNALIZE build/GEDE01/src/game/game_fn_80018EF4.o
[770/945] EXTERNALIZE build/GEDE01/src/game/game_fn_80017DB0.o
[771/945] EXTERNALIZE build/GEDE01/src/game/game_fn_80017CC8.o
[772/945] EXTERNALIZE build/GEDE01/src/game/game_fn_80017C3C.o
[773/945] EXTERNALIZE build/GEDE01/src/game/game_fn_80017AE4.o
[774/945] EXTERNALIZE build/GEDE01/src/game/game_fn_80017A3C.o
[775/945] EXTERNALIZE build/GEDE01/src/game/game_fn_800179AC.o
[776/945] EXTERNALIZE build/GEDE01/src/game/game_fn_80017910.o
[777/945] EXTERNALIZE FLAGS build/GEDE01/src/game/game_fn_800119FC.o
[778/945] EXTERNALIZE build/GEDE01/src/game/game_fn_8000FFD8.o
[779/945] EXTERNALIZE build/GEDE01/src/game/game_fn_8000F4B0.o
[780/945] GLOBALIZE build/GEDE01/src/game/game_fn_800094C0.o
[781/945] EXTERNALIZE build/GEDE01/src/game/game_fn_8000EFC4.o
[782/945] EXTERNALIZE build/GEDE01/src/game/game_fn_800096E0.o
[783/945] EXTERNALIZE build/GEDE01/src/game/game_fn_800098C0.o
[784/945] EXTERNALIZE build/GEDE01/src/game/game_fn_800099D8.o
[785/945] EXTERNALIZE build/GEDE01/src/game/game_fn_80009AB4.o
[786/945] EXTERNALIZE build/GEDE01/src/game/game_fn_8000A26C.o
[787/945] EXTERNALIZE build/GEDE01/src/game/game_fn_800171C0.o
[788/945] EXTERNALIZE build/GEDE01/src/game/game_fn_800176F0.o
[789/945] EXTERNALIZE build/GEDE01/src/game/game_fn_8000AC88.o
[790/945] EXTERNALIZE build/GEDE01/src/game/game_fn_8000AEB4.o
[791/945] EXTERNALIZE build/GEDE01/src/game/game_fn_8000AFB4.o
[792/945] EXTERNALIZE build/GEDE01/src/game/game_fn_8000B1B8.o
[793/945] EXTERNALIZE build/GEDE01/src/game/game_fn_8000B36C.o
[794/945] EXTERNALIZE build/GEDE01/src/game/game_fn_8000B7FC.o
[795/945] EXTERNALIZE build/GEDE01/src/game/game_fn_8000B630.o
[796/945] EXTERNALIZE build/GEDE01/src/game/game_fn_8000B900.o
[797/945] EXTERNALIZE build/GEDE01/src/game/game_fn_8000BA0C.o
[798/945] EXTERNALIZE build/GEDE01/src/game/game_fn_8000BAA0.o
[799/945] EXTERNALIZE build/GEDE01/src/game/game_fn_8000BC40.o
[800/945] EXTERNALIZE build/GEDE01/src/game/game_fn_8000C06C.o
[801/945] EXTERNALIZE build/GEDE01/src/game/game_fn_8000C17C.o
[802/945] EXTERNALIZE build/GEDE01/src/game/game_fn_8000C400.o
[803/945] EXTERNALIZE build/GEDE01/src/game/game_fn_8000C848.o
[804/945] EXTERNALIZE build/GEDE01/src/game/game_fn_8000C91C.o
[805/945] EXTERNALIZE build/GEDE01/src/game/game_fn_8000D0BC.o
[806/945] NAME SWITCH build/GEDE01/src/game/game_fn_8000D8A4.o
[807/945] EXTERNALIZE build/GEDE01/src/game/game_fn_8000D3D4.o
[808/945] EXTERNALIZE build/GEDE01/src/game/game_fn_8000E054.o
[809/945] EXTERNALIZE build/GEDE01/src/game/game_fn_8000E0AC.o
[810/945] EXTERNALIZE build/GEDE01/src/game/game_fn_8000E96C.o
[811/945] EXTERNALIZE build/GEDE01/src/game/game_fn_8000F774.o
[812/945] EXTERNALIZE build/GEDE01/src/game/game_fn_8000EB14.o
[813/945] EXTERNALIZE build/GEDE01/src/game/game_fn_8000EBD4.o
[814/945] EXTERNALIZE build/GEDE01/src/game/game_fn_8000ED44.o
[815/945] EXTERNALIZE build/GEDE01/src/game/game_fn_8000E138.o
[816/945] EXTERNALIZE build/GEDE01/src/game/game_fn_8000E1C4.o
[817/945] EXTERNALIZE build/GEDE01/src/game/game_fn_8000D590.o
[818/945] EXTERNALIZE build/GEDE01/src/game/game_fn_8000DA50.o
[819/945] EXTERNALIZE build/GEDE01/src/game/game_fn_8000DAF4.o
[820/945] EXTERNALIZE build/GEDE01/src/game/game_fn_80012DA8.o
[821/945] EXTERNALIZE build/GEDE01/src/game/game_fn_80012F40.o
[822/945] EXTERNALIZE build/GEDE01/src/game/game_fn_80012FD0.o
[823/945] EXTERNALIZE build/GEDE01/src/game/game_fn_800131E8.o
[824/945] EXTERNALIZE build/GEDE01/src/game/game_fn_80013340.o
[825/945] EXTERNALIZE build/GEDE01/src/game/game_fn_80013870.o
[826/945] EXTERNALIZE build/GEDE01/src/game/game_fn_80013CB0.o
[827/945] EXTERNALIZE build/GEDE01/src/game/game_fn_80013D54.o
[828/945] EXTERNALIZE build/GEDE01/src/game/game_fn_800142DC.o
[829/945] EXTERNALIZE build/GEDE01/src/game/game_fn_800144CC.o
[830/945] EXTERNALIZE build/GEDE01/src/game/game_fn_80014784.o
[831/945] EXTERNALIZE build/GEDE01/src/game/game_fn_800149D4.o
[832/945] EXTERNALIZE build/GEDE01/src/game/game_fn_80015058.o
[833/945] EXTERNALIZE build/GEDE01/src/game/game_fn_80015320.o
[834/945] EXTERNALIZE build/GEDE01/src/game/game_fn_80015568.o
[835/945] EXTERNALIZE build/GEDE01/src/game/game_fn_800156FC.o
[836/945] EXTERNALIZE build/GEDE01/src/game/game_fn_80015BE0.o
[837/945] EXTERNALIZE build/GEDE01/src/game/game_fn_80015D40.o
[838/945] EXTERNALIZE build/GEDE01/src/game/game_fn_80015F04.o
[839/945] EXTERNALIZE build/GEDE01/src/game/game_fn_80016128.o
[840/945] EXTERNALIZE build/GEDE01/src/game/game_fn_80016270.o
[841/945] EXTERNALIZE build/GEDE01/src/game/game_fn_80016904.o
[842/945] EXTERNALIZE build/GEDE01/src/game/game_fn_800173CC.o
[843/945] EXTERNALIZE build/GEDE01/src/game/game_fn_80016B24.o
[844/945] EXTERNALIZE build/GEDE01/src/game/game_fn_801BEF40.o
[845/945] EXTERNALIZE build/GEDE01/src/game/game_fn_801B86C0.o
[846/945] EXTERNALIZE STATIC POOL build/GEDE01/src/game/game_fn_801C4B5C.o
build/GEDE01/src/game/game_fn_801C4B5C.o: lbl_80628CB0 now undefined; section 6 emptied
[847/945] EXTERNALIZE build/GEDE01/src/game/game_fn_801C8600.o
[848/945] EXTERNALIZE build/GEDE01/src/game/game_fn_801EAA04.o
[849/945] EXTERNALIZE build/GEDE01/src/game/game_fn_801DE8B4.o
[850/945] EXTERNALIZE build/GEDE01/src/game/game_fn_80173BDC.o
[851/945] EXTERNALIZE build/GEDE01/src/game/game_fn_801E7014.o
[852/945] EXTERNALIZE build/GEDE01/src/game/game_fn_801A4430.o
[853/945] EXTERNALIZE build/GEDE01/src/game/game_fn_8014BA14.o
[854/945] EXTERNALIZE build/GEDE01/src/game/game_fn_800B2EC0.o
[855/945] EXTERNALIZE build/GEDE01/src/game/game_fn_8001CA04.o
[856/945] EXTERNALIZE build/GEDE01/src/game/game_fn_80031544.o
[857/945] EXTERNALIZE build/GEDE01/src/game/game_fn_8006B0F0.o
[858/945] EXTERNALIZE build/GEDE01/src/game/game_fn_8007D4D8.o
[859/945] EXTERNALIZE build/GEDE01/src/game/game_fn_801DDB84.o
[860/945] EXTERNALIZE build/GEDE01/src/game/game_fn_8007F770.o
[861/945] EXTERNALIZE build/GEDE01/src/game/game_fn_80088F4C.o
[862/945] EXTERNALIZE build/GEDE01/src/game/game_fn_8008A2E0.o
[863/945] EXTERNALIZE build/GEDE01/src/game/game_fn_80089A34.o
[864/945] EXTERNALIZE build/GEDE01/src/game/game_fn_80090004.o
[865/945] EXTERNALIZE build/GEDE01/src/game/game_fn_80095D10.o
[866/945] EXTERNALIZE build/GEDE01/src/game/game_fn_800A3180.o
[867/945] EXTERNALIZE build/GEDE01/src/game/game_fn_800BB7A8.o
[868/945] EXTERNALIZE build/GEDE01/src/game/game_fn_800BB5C4.o
[869/945] EXTERNALIZE build/GEDE01/src/game/game_fn_800BB9A4.o
[870/945] EXTERNALIZE build/GEDE01/src/game/game_fn_800BBAF0.o
[871/945] EXTERNALIZE build/GEDE01/src/game/game_fn_800D9064.o
[872/945] EXTERNALIZE build/GEDE01/src/game/game_fn_800D9E10.o
[873/945] EXTERNALIZE build/GEDE01/src/game/game_fn_8012976C.o
[874/945] EXTERNALIZE build/GEDE01/src/game/game_fn_8013DB8C.o
[875/945] EXTERNALIZE build/GEDE01/src/game/game_fn_8013CBE4.o
[876/945] EXTERNALIZE build/GEDE01/src/game/game_fn_8014CA98.o
[877/945] EXTERNALIZE build/GEDE01/src/game/game_fn_80153A24.o
[878/945] EXTERNALIZE build/GEDE01/src/game/game_fn_801535D8.o
[879/945] EXTERNALIZE build/GEDE01/src/game/game_fn_80174F2C.o
[880/945] EXTERNALIZE build/GEDE01/src/game/game_fn_801752B0.o
[881/945] EXTERNALIZE build/GEDE01/src/game/game_fn_8017AC20.o
[882/945] EXTERNALIZE build/GEDE01/src/game/game_fn_801861C4.o
[883/945] EXTERNALIZE build/GEDE01/src/game/game_fn_8018680C.o
[884/945] EXTERNALIZE build/GEDE01/src/game/game_fn_80186F70.o
[885/945] EXTERNALIZE build/GEDE01/src/game/game_fn_80187320.o
[886/945] EXTERNALIZE build/GEDE01/src/game/game_fn_801810A0.o
[887/945] EXTERNALIZE build/GEDE01/src/game/game_fn_801875FC.o
[888/945] EXTERNALIZE build/GEDE01/src/game/game_fn_800542D0.o
[889/945] EXTERNALIZE build/GEDE01/src/game/game_fn_80187E40.o
[890/945] EXTERNALIZE build/GEDE01/src/game/game_fn_80187BB4.o
[891/945] EXTERNALIZE build/GEDE01/src/game/game_fn_80189C14.o
[892/945] EXTERNALIZE build/GEDE01/src/game/game_fn_8018C2D0.o
[893/945] EXTERNALIZE build/GEDE01/src/game/game_fn_8018D400.o
[894/945] EXTERNALIZE build/GEDE01/src/game/game_fn_8018E0D8.o
[895/945] EXTERNALIZE build/GEDE01/src/game/game_fn_8019120C.o
[896/945] EXTERNALIZE build/GEDE01/src/game/game_fn_8018DC24.o
[897/945] EXTERNALIZE build/GEDE01/src/game/game_fn_801916D0.o
[898/945] EXTERNALIZE build/GEDE01/src/game/game_fn_801926EC.o
[899/945] EXTERNALIZE build/GEDE01/src/game/game_fn_801929A4.o
[900/945] EXTERNALIZE build/GEDE01/src/game/game_fn_801952E8.o
[901/945] EXTERNALIZE build/GEDE01/src/game/game_fn_801A2A54.o
[902/945] EXTERNALIZE build/GEDE01/src/game/game_fn_801A34BC.o
[903/945] EXTERNALIZE build/GEDE01/src/game/game_fn_801A657C.o
[904/945] EXTERNALIZE build/GEDE01/src/game/game_fn_801A1F8C.o
[905/945] EXTERNALIZE build/GEDE01/src/game/game_fn_801D1F78.o
[906/945] EXTERNALIZE build/GEDE01/src/game/game_fn_801E2A48.o
[907/945] EXTERNALIZE build/GEDE01/src/game/game_fn_801E6814.o
[908/945] EXTERNALIZE build/GEDE01/src/game/game_fn_801E995C.o
[909/945] EXTERNALIZE build/GEDE01/src/game/game_fn_801EF580.o
[910/945] EXTERNALIZE build/GEDE01/src/game/game_fn_801F0CB0.o
[911/945] EXTERNALIZE build/GEDE01/src/game/game_fn_801F10BC.o
[912/945] EXTERNALIZE build/GEDE01/src/game/game_fn_801F35A8.o
[913/945] EXTERNALIZE build/GEDE01/src/game/game_fn_801ECD74.o
[914/945] EXTERNALIZE build/GEDE01/src/game/game_fn_801ED5F4.o
[915/945] EXTERNALIZE build/GEDE01/src/game/game_fn_801F69F0.o
[916/945] EXTERNALIZE build/GEDE01/src/game/game_fn_801F76EC.o
[917/945] EXTERNALIZE build/GEDE01/src/game/game_fn_801F8264.o
[918/945] EXTERNALIZE build/GEDE01/src/game/game_fn_801F89B4.o
[919/945] EXTERNALIZE build/GEDE01/src/game/game_fn_801F9AF8.o
[920/945] EXTERNALIZE build/GEDE01/src/game/game_fn_801F6BD8.o
[921/945] EXTERNALIZE build/GEDE01/src/game/game_fn_80095E64.o
[922/945] EXTERNALIZE build/GEDE01/src/game/game_fn_801FB6A4.o
[923/945] EXTERNALIZE JUMPTABLES build/GEDE01/src/game/game_fn_800361F8.o
[924/945] EXTERNALIZE JUMPTABLES build/GEDE01/src/game/game_fn_8006E53C.o
[925/945] EXTERNALIZE JUMPTABLES build/GEDE01/src/game/game_fn_800CF598.o
[926/945] EXTERNALIZE JUMPTABLES build/GEDE01/src/game/game_fn_801ACFE8.o
[927/945] EXTERNALIZE build/GEDE01/src/game/game_fn_80150A24.o
[928/945] EXTERNALIZE JUMPTABLES build/GEDE01/src/game/game_fn_801B1BA0.o
[929/945] EXTERNALIZE build/GEDE01/src/game/game_fn_80154F74.o
[930/945] EXTERNALIZE build/GEDE01/src/game/game_fn_801E504C.o
[931/945] EXTERNALIZE build/GEDE01/src/game/game_fn_8009E808.o
[932/945] EXTERNALIZE build/GEDE01/src/game/game_fn_801F1A38.o
[933/945] EXTERNALIZE build/GEDE01/src/game/game_fn_801FFE78.o
[934/945] EXTERNALIZE build/GEDE01/src/game/game_fn_801F55A0.o
[935/945] EXTERNALIZE build/GEDE01/src/game/game_fn_801F7510.o
[936/945] EXTERNALIZE build/GEDE01/src/game/game_fn_801F8FAC.o
[937/945] EXTERNALIZE build/GEDE01/src/game/game_fn_801F9CF4.o
[938/945] EXTERNALIZE build/GEDE01/src/game/game_fn_801FC034.o
[939/945] EXTERNALIZE build/GEDE01/src/game/game_fn_801FA9C8.o
[940/945] REPORT
 INFO Loading project .
 INFO Generating report for 7069 units (using 8 threads)
 INFO Report generated in 0.166s
 INFO Writing to build/GEDE01/report.json
[941/945] LINK build/GEDE01/main.elf
### mwldeppc.exe Linker Warning:
#   Section '.ignored' is unknown. Section ignored.
### mwldeppc.exe Linker Warning:
#   Section '.ignored' is unknown. Section ignored.
### mwldeppc.exe Linker Warning:
#   Section '.ignored' is unknown. Section ignored.
### mwldeppc.exe Linker Warning:
#   Section '.ignored' is unknown. Section ignored.
### mwldeppc.exe Linker Warning:
#   Section '.ignored' is unknown. Section ignored.
### mwldeppc.exe Linker Warning:
#   Section '.ignored' is unknown. Section ignored.
### mwldeppc.exe Linker Warning:
#   Section '.ignored' is unknown. Section ignored.
### mwldeppc.exe Linker Warning:
#   Section '.ignored' is unknown. Section ignored.
### mwldeppc.exe Linker Warning:
#   Section '.ignored' is unknown. Section ignored.
### mwldeppc.exe Linker Warning:
#   Section '.ignored' is unknown. Section ignored.
### mwldeppc.exe Linker Warning:
#   Section '.ignored' is unknown. Section ignored.
### mwldeppc.exe Linker Warning:
#   Section '.ignored' is unknown. Section ignored.
### mwldeppc.exe Linker Warning:
#   Section '.ignored' is unknown. Section ignored.
### mwldeppc.exe Linker Warning:
#   Section '.ignored' is unknown. Section ignored.
### mwldeppc.exe Linker Warning:
#   Section '.ignored' is unknown. Section ignored.
### mwldeppc.exe Linker Warning:
#   Section '.ignored' is unknown. Section ignored.
### mwldeppc.exe Linker Warning:
#   Section '.ignored' is unknown. Section ignored.
### mwldeppc.exe Linker Warning:
#   Section '.ignored' is unknown. Section ignored.
### mwldeppc.exe Linker Warning:
#   Section '.ignored' is unknown. Section ignored.
### mwldeppc.exe Linker Warning:
#   Section '.ignored' is unknown. Section ignored.
### mwldeppc.exe Linker Warning:
#   Section '.ignored' is unknown. Section ignored.
### mwldeppc.exe Linker Warning:
#   Section '.ignored' is unknown. Section ignored.
### mwldeppc.exe Linker Warning:
#   Section '.ignored' is unknown. Section ignored.
### mwldeppc.exe Linker Warning:
#   Section '.ignored' is unknown. Section ignored.
### mwldeppc.exe Linker Warning:
#   Section '.ignored' is unknown. Section ignored.
### mwldeppc.exe Linker Warning:
#   Section '.ignored' is unknown. Section ignored.
### mwldeppc.exe Linker Warning:
#   Section '.ignored' is unknown. Section ignored.
### mwldeppc.exe Linker Warning:
#   Section '.ignored' is unknown. Section ignored.
### mwldeppc.exe Linker Warning:
#   Section '.ignored' is unknown. Section ignored.
### mwldeppc.exe Linker Warning:
#   Section '.ignored' is unknown. Section ignored.
### mwldeppc.exe Linker Warning:
#   Section '.ignored' is unknown. Section ignored.
### mwldeppc.exe Linker Warning:
#   Section '.ignored' is unknown. Section ignored.
### mwldeppc.exe Linker Warning:
#   Section '.ignored' is unknown. Section ignored.
### mwldeppc.exe Linker Warning:
#   Section '.ignored' is unknown. Section ignored.
### mwldeppc.exe Linker Warning:
#   Section '.ignored' is unknown. Section ignored.
### mwldeppc.exe Linker Warning:
#   Section '.ignored' is unknown. Section ignored.
### mwldeppc.exe Linker Warning:
#   Section '.ignored' is unknown. Section ignored.
### mwldeppc.exe Linker Warning:
#   Section '.ignored' is unknown. Section ignored.
### mwldeppc.exe Linker Warning:
#   Section '.ignored' is unknown. Section ignored.
### mwldeppc.exe Linker Warning:
#   Section '.ignored' is unknown. Section ignored.
### mwldeppc.exe Linker Warning:
#   Section '.ignored' is unknown. Section ignored.
### mwldeppc.exe Linker Warning:
#   Section '.ignored' is unknown. Section ignored.
### mwldeppc.exe Linker Warning:
#   Section '.ignored' is unknown. Section ignored.
### mwldeppc.exe Linker Warning:
#   Section '.ignored' is unknown. Section ignored.
### mwldeppc.exe Linker Warning:
#   Section '.ignored' is unknown. Section ignored.
### mwldeppc.exe Linker Warning:
#   Section '.ignored' is unknown. Section ignored.
### mwldeppc.exe Linker Warning:
#   Section '.ignored' is unknown. Section ignored.
### mwldeppc.exe Linker Warning:
#   Section '.ignored' is unknown. Section ignored.
### mwldeppc.exe Linker Warning:
#   Section '.ignored' is unknown. Section ignored.
### mwldeppc.exe Linker Warning:
#   Section '.ignored' is unknown. Section ignored.
### mwldeppc.exe Linker Warning:
#   Section '.ignored' is unknown. Section ignored.
### mwldeppc.exe Linker Warning:
#   Section '.ignored' is unknown. Section ignored.
### mwldeppc.exe Linker Warning:
#   Section '.ignored' is unknown. Section ignored.
### mwldeppc.exe Linker Warning:
#   Section '.ignored' is unknown. Section ignored.
### mwldeppc.exe Linker Warning:
#   Section '.ignored' is unknown. Section ignored.
### mwldeppc.exe Linker Warning:
#   Section '.ignored' is unknown. Section ignored.
### mwldeppc.exe Linker Warning:
#   Section '.ignored' is unknown. Section ignored.
### mwldeppc.exe Linker Warning:
#   Section '.ignored' is unknown. Section ignored.
### mwldeppc.exe Linker Warning:
#   Section '.ignored' is unknown. Section ignored.
### mwldeppc.exe Linker Warning:
#   Section '.ignored' is unknown. Section ignored.
### mwldeppc.exe Linker Warning:
#   Section '.ignored' is unknown. Section ignored.
### mwldeppc.exe Linker Warning:
#   Section '.ignored' is unknown. Section ignored.
### mwldeppc.exe Linker Warning:
#   Section '.ignored' is unknown. Section ignored.
### mwldeppc.exe Linker Warning:
#   Section '.ignored' is unknown. Section ignored.
### mwldeppc.exe Linker Warning:
#   Section '.ignored' is unknown. Section ignored.
### mwldeppc.exe Linker Warning:
#   Section '.ignored' is unknown. Section ignored.
### mwldeppc.exe Linker Warning:
#   Section '.ignored' is unknown. Section ignored.
### mwldeppc.exe Linker Warning:
#   Section '.ignored' is unknown. Section ignored.
### mwldeppc.exe Linker Warning:
#   Section '.ignored' is unknown. Section ignored.
### mwldeppc.exe Linker Warning:
#   Section '.ignored' is unknown. Section ignored.
### mwldeppc.exe Linker Warning:
#   Section '.ignored' is unknown. Section ignored.
### mwldeppc.exe Linker Warning:
#   Section '.ignored' is unknown. Section ignored.
### mwldeppc.exe Linker Warning:
#   Section '.ignored' is unknown. Section ignored.
### mwldeppc.exe Linker Warning:
#   Section '.ignored' is unknown. Section ignored.
### mwldeppc.exe Linker Warning:
#   Section '.ignored' is unknown. Section ignored.
### mwldeppc.exe Linker Warning:
#   Section '.ignored' is unknown. Section ignored.
### mwldeppc.exe Linker Warning:
#   Section '.ignored' is unknown. Section ignored.
### mwldeppc.exe Linker Warning:
#   Section '.ignored' is unknown. Section ignored.
### mwldeppc.exe Linker Warning:
#   Section '.ignored' is unknown. Section ignored.
### mwldeppc.exe Linker Warning:
#   Section '.ignored' is unknown. Section ignored.
### mwldeppc.exe Linker Warning:
#   Section '.ignored' is unknown. Section ignored.
### mwldeppc.exe Linker Warning:
#   Section '.ignored' is unknown. Section ignored.
### mwldeppc.exe Linker Warning:
#   Section '.ignored' is unknown. Section ignored.
### mwldeppc.exe Linker Warning:
#   Section '.ignored' is unknown. Section ignored.
### mwldeppc.exe Linker Warning:
#   Section '.ignored' is unknown. Section ignored.
### mwldeppc.exe Linker Warning:
#   Section '.ignored' is unknown. Section ignored.
### mwldeppc.exe Linker Warning:
#   Section '.ignored' is unknown. Section ignored.
### mwldeppc.exe Linker Warning:
#   Section '.ignored' is unknown. Section ignored.
### mwldeppc.exe Linker Warning:
#   Section '.ignored' is unknown. Section ignored.
### mwldeppc.exe Linker Warning:
#   Section '.ignored' is unknown. Section ignored.
### mwldeppc.exe Linker Warning:
#   Section '.ignored' is unknown. Section ignored.
### mwldeppc.exe Linker Warning:
#   Section '.ignored' is unknown. Section ignored.
### mwldeppc.exe Linker Warning:
#   Section '.ignored' is unknown. Section ignored.
### mwldeppc.exe Linker Warning:
#   Section '.ignored' is unknown. Section ignored.
### mwldeppc.exe Linker Warning:
#   Section '.ignored' is unknown. Section ignored.
### mwldeppc.exe Linker Warning:
#   Section '.ignored' is unknown. Section ignored.
### mwldeppc.exe Linker Warning:
#   Section '.ignored' is unknown. Section ignored.
### mwldeppc.exe Linker Warning:
#   Section '.ignored' is unknown. Section ignored.
### mwldeppc.exe Linker Warning:
#   Section '.ignored' is unknown. Section ignored.
### mwldeppc.exe Linker Warning:
#   Section '.ignored' is unknown. Section ignored.
### mwldeppc.exe Linker Warning:
#   Section '.ignored' is unknown. Section ignored.
### mwldeppc.exe Linker Warning:
#   Section '.ignored' is unknown. Section ignored.
### mwldeppc.exe Linker Warning:
#   Section '.ignored' is unknown. Section ignored.
### mwldeppc.exe Linker Warning:
#   Section '.ignored' is unknown. Section ignored.
### mwldeppc.exe Linker Warning:
#   Section '.ignored' is unknown. Section ignored.
### mwldeppc.exe Linker Warning:
#   Section '.ignored' is unknown. Section ignored.
### mwldeppc.exe Linker Warning:
#   Section '.ignored' is unknown. Section ignored.
### mwldeppc.exe Linker Warning:
#   Section '.ignored' is unknown. Section ignored.
### mwldeppc.exe Linker Warning:
#   Section '.ignored' is unknown. Section ignored.
### mwldeppc.exe Linker Warning:
#   Section '.ignored' is unknown. Section ignored.
### mwldeppc.exe Linker Warning:
#   Section '.ignored' is unknown. Section ignored.
### mwldeppc.exe Linker Warning:
#   Section '.ignored' is unknown. Section ignored.
### mwldeppc.exe Linker Warning:
#   Section '.ignored' is unknown. Section ignored.
### mwldeppc.exe Linker Warning:
#   Section '.ignored' is unknown. Section ignored.
### mwldeppc.exe Linker Warning:
#   Section '.ignored' is unknown. Section ignored.
### mwldeppc.exe Linker Warning:
#   Section '.ignored' is unknown. Section ignored.
### mwldeppc.exe Linker Warning:
#   Section '.ignored' is unknown. Section ignored.
### mwldeppc.exe Linker Warning:
#   Section '.ignored' is unknown. Section ignored.
### mwldeppc.exe Linker Warning:
#   Section '.ignored' is unknown. Section ignored.
### mwldeppc.exe Linker Warning:
#   Section '.ignored' is unknown. Section ignored.
### mwldeppc.exe Linker Warning:
#   Section '.ignored' is unknown. Section ignored.
### mwldeppc.exe Linker Warning:
#   Section '.ignored' is unknown. Section ignored.
### mwldeppc.exe Linker Warning:
#   Section '.ignored' is unknown. Section ignored.
### mwldeppc.exe Linker Warning:
#   Section '.ignored' is unknown. Section ignored.
### mwldeppc.exe Linker Warning:
#   Section '.ignored' is unknown. Section ignored.
### mwldeppc.exe Linker Warning:
#   Section '.ignored' is unknown. Section ignored.
### mwldeppc.exe Linker Warning:
#   Section '.ignored' is unknown. Section ignored.
### mwldeppc.exe Linker Warning:
#   Section '.ignored' is unknown. Section ignored.
### mwldeppc.exe Linker Warning:
#   Section '.ignored' is unknown. Section ignored.
### mwldeppc.exe Linker Warning:
#   Section '.ignored' is unknown. Section ignored.
### mwldeppc.exe Linker Warning:
#   Section '.ignored' is unknown. Section ignored.
### mwldeppc.exe Linker Warning:
#   Section '.ignored' is unknown. Section ignored.
### mwldeppc.exe Linker Warning:
#   Section '.ignored' is unknown. Section ignored.
### mwldeppc.exe Linker Warning:
#   Section '.ignored' is unknown. Section ignored.
### mwldeppc.exe Linker Warning:
#   Section '.ignored' is unknown. Section ignored.
### mwldeppc.exe Linker Warning:
#   Section '.ignored' is unknown. Section ignored.
### mwldeppc.exe Linker Warning:
#   Section '.ignored' is unknown. Section ignored.
### mwldeppc.exe Linker Warning:
#   Section '.ignored' is unknown. Section ignored.
### mwldeppc.exe Linker Warning:
#   Section '.ignored' is unknown. Section ignored.
### mwldeppc.exe Linker Warning:
#   Section '.ignored' is unknown. Section ignored.
### mwldeppc.exe Linker Warning:
#   Section '.ignored' is unknown. Section ignored.
### mwldeppc.exe Linker Warning:
#   Section '.ignored' is unknown. Section ignored.
### mwldeppc.exe Linker Warning:
#   Section '.ignored' is unknown. Section ignored.
### mwldeppc.exe Linker Warning:
#   Section '.ignored' is unknown. Section ignored.
### mwldeppc.exe Linker Warning:
#   Section '.ignored' is unknown. Section ignored.
### mwldeppc.exe Linker Warning:
#   Section '.ignored' is unknown. Section ignored.
### mwldeppc.exe Linker Warning:
#   Section '.ignored' is unknown. Section ignored.
### mwldeppc.exe Linker Warning:
#   Section '.ignored' is unknown. Section ignored.
### mwldeppc.exe Linker Warning:
#   Section '.ignored' is unknown. Section ignored.
### mwldeppc.exe Linker Warning:
#   Section '.ignored' is unknown. Section ignored.
### mwldeppc.exe Linker Warning:
#   Section '.ignored' is unknown. Section ignored.
### mwldeppc.exe Linker Warning:
#   Section '.ignored' is unknown. Section ignored.
### mwldeppc.exe Linker Warning:
#   Section '.ignored' is unknown. Section ignored.
### mwldeppc.exe Linker Warning:
#   Section '.ignored' is unknown. Section ignored.
### mwldeppc.exe Linker Warning:
#   Section '.ignored' is unknown. Section ignored.
### mwldeppc.exe Linker Warning:
#   Section '.ignored' is unknown. Section ignored.
### mwldeppc.exe Linker Warning:
#   Section '.ignored' is unknown. Section ignored.
### mwldeppc.exe Linker Warning:
#   Section '.ignored' is unknown. Section ignored.
### mwldeppc.exe Linker Warning:
#   Section '.ignored' is unknown. Section ignored.
### mwldeppc.exe Linker Warning:
#   Section '.ignored' is unknown. Section ignored.
### mwldeppc.exe Linker Warning:
#   Section '.ignored' is unknown. Section ignored.
### mwldeppc.exe Linker Warning:
#   Section '.ignored' is unknown. Section ignored.
### mwldeppc.exe Linker Warning:
#   Section '.ignored' is unknown. Section ignored.
### mwldeppc.exe Linker Warning:
#   Section '.ignored' is unknown. Section ignored.
### mwldeppc.exe Linker Warning:
#   Section '.ignored' is unknown. Section ignored.
### mwldeppc.exe Linker Warning:
#   Section '.ignored' is unknown. Section ignored.
### mwldeppc.exe Linker Warning:
#   Section '.ignored' is unknown. Section ignored.
### mwldeppc.exe Linker Warning:
#   Section '.ignored' is unknown. Section ignored.
### mwldeppc.exe Linker Warning:
#   Section '.ignored' is unknown. Section ignored.
### mwldeppc.exe Linker Warning:
#   Section '.ignored' is unknown. Section ignored.
### mwldeppc.exe Linker Warning:
#   Section '.ignored' is unknown. Section ignored.
### mwldeppc.exe Linker Warning:
#   Section '.ignored' is unknown. Section ignored.
### mwldeppc.exe Linker Warning:
#   Section '.ignored' is unknown. Section ignored.
### mwldeppc.exe Linker Warning:
#   Section '.ignored' is unknown. Section ignored.
### mwldeppc.exe Linker Warning:
#   Section '.ignored' is unknown. Section ignored.
### mwldeppc.exe Linker Warning:
#   Section '.ignored' is unknown. Section ignored.
### mwldeppc.exe Linker Warning:
#   Section '.ignored' is unknown. Section ignored.
### mwldeppc.exe Linker Warning:
#   Section '.ignored' is unknown. Section ignored.
### mwldeppc.exe Linker Warning:
#   Section '.ignored' is unknown. Section ignored.
### mwldeppc.exe Linker Warning:
#   Section '.ignored' is unknown. Section ignored.
### mwldeppc.exe Linker Warning:
#   Section '.ignored' is unknown. Section ignored.
### mwldeppc.exe Linker Warning:
#   Section '.ignored' is unknown. Section ignored.
### mwldeppc.exe Linker Warning:
#   Section '.ignored' is unknown. Section ignored.
### mwldeppc.exe Linker Warning:
#   Section '.ignored' is unknown. Section ignored.
### mwldeppc.exe Linker Warning:
#   Section '.ignored' is unknown. Section ignored.
### mwldeppc.exe Linker Warning:
#   Section '.ignored' is unknown. Section ignored.
### mwldeppc.exe Linker Warning:
#   Section '.ignored' is unknown. Section ignored.
### mwldeppc.exe Linker Warning:
#   Section '.ignored' is unknown. Section ignored.
### mwldeppc.exe Linker Warning:
#   Section '.ignored' is unknown. Section ignored.
### mwldeppc.exe Linker Warning:
#   Section '.ignored' is unknown. Section ignored.
### mwldeppc.exe Linker Warning:
#   Section '.ignored' is unknown. Section ignored.
### mwldeppc.exe Linker Warning:
#   Section '.ignored' is unknown. Section ignored.
### mwldeppc.exe Linker Warning:
#   Section '.ignored' is unknown. Section ignored.
### mwldeppc.exe Linker Warning:
#   Section '.ignored' is unknown. Section ignored.
### mwldeppc.exe Linker Warning:
#   Section '.ignored' is unknown. Section ignored.
### mwldeppc.exe Linker Warning:
#   Section '.ignored' is unknown. Section ignored.
### mwldeppc.exe Linker Warning:
#   Section '.ignored' is unknown. Section ignored.
### mwldeppc.exe Linker Warning:
#   Section '.ignored' is unknown. Section ignored.
### mwldeppc.exe Linker Warning:
#   Section '.ignored' is unknown. Section ignored.
### mwldeppc.exe Linker Warning:
#   Section '.ignored' is unknown. Section ignored.
### mwldeppc.exe Linker Warning:
#   Section '.ignored' is unknown. Section ignored.
### mwldeppc.exe Linker Warning:
#   Section '.ignored' is unknown. Section ignored.
### mwldeppc.exe Linker Warning:
#   Section '.ignored' is unknown. Section ignored.
### mwldeppc.exe Linker Warning:
#   Section '.ignored' is unknown. Section ignored.
### mwldeppc.exe Linker Warning:
#   Section '.ignored' is unknown. Section ignored.
### mwldeppc.exe Linker Warning:
#   Section '.ignored' is unknown. Section ignored.
### mwldeppc.exe Linker Warning:
#   Section '.ignored' is unknown. Section ignored.
### mwldeppc.exe Linker Warning:
#   Section '.ignored' is unknown. Section ignored.
### mwldeppc.exe Linker Warning:
#   Section '.ignored' is unknown. Section ignored.
### mwldeppc.exe Linker Warning:
#   Section '.ignored' is unknown. Section ignored.
### mwldeppc.exe Linker Warning:
#   Section '.ignored' is unknown. Section ignored.
### mwldeppc.exe Linker Warning:
#   Section '.ignored' is unknown. Section ignored.
### mwldeppc.exe Linker Warning:
#   Section '.ignored' is unknown. Section ignored.
### mwldeppc.exe Linker Warning:
#   Section '.ignored' is unknown. Section ignored.
### mwldeppc.exe Linker Warning:
#   Section '.ignored' is unknown. Section ignored.
### mwldeppc.exe Linker Warning:
#   Section '.ignored' is unknown. Section ignored.
### mwldeppc.exe Linker Warning:
#   Section '.ignored' is unknown. Section ignored.
### mwldeppc.exe Linker Warning:
#   Section '.ignored' is unknown. Section ignored.
### mwldeppc.exe Linker Warning:
#   Section '.ignored' is unknown. Section ignored.
### mwldeppc.exe Linker Warning:
#   Section '.ignored' is unknown. Section ignored.
### mwldeppc.exe Linker Warning:
#   Section '.ignored' is unknown. Section ignored.
### mwldeppc.exe Linker Warning:
#   Section '.ignored' is unknown. Section ignored.
### mwldeppc.exe Linker Warning:
#   Section '.ignored' is unknown. Section ignored.
### mwldeppc.exe Linker Warning:
#   Section '.ignored' is unknown. Section ignored.
### mwldeppc.exe Linker Warning:
#   Section '.ignored' is unknown. Section ignored.
### mwldeppc.exe Linker Warning:
#   Section '.ignored' is unknown. Section ignored.
### mwldeppc.exe Linker Warning:
#   Section '.ignored' is unknown. Section ignored.
### mwldeppc.exe Linker Warning:
#   Section '.ignored' is unknown. Section ignored.
### mwldeppc.exe Linker Warning:
#   Section '.ignored' is unknown. Section ignored.
### mwldeppc.exe Linker Warning:
#   Section '.ignored' is unknown. Section ignored.
### mwldeppc.exe Linker Warning:
#   Section '.ignored' is unknown. Section ignored.
### mwldeppc.exe Linker Warning:
#   Section '.ignored' is unknown. Section ignored.
### mwldeppc.exe Linker Warning:
#   Section '.ignored' is unknown. Section ignored.
### mwldeppc.exe Linker Warning:
#   Section '.ignored' is unknown. Section ignored.
### mwldeppc.exe Linker Warning:
#   Section '.ignored' is unknown. Section ignored.
### mwldeppc.exe Linker Warning:
#   Section '.ignored' is unknown. Section ignored.
### mwldeppc.exe Linker Warning:
#   Section '.ignored' is unknown. Section ignored.
### mwldeppc.exe Linker Warning:
#   Section '.ignored' is unknown. Section ignored.
### mwldeppc.exe Linker Warning:
#   Section '.ignored' is unknown. Section ignored.
### mwldeppc.exe Linker Warning:
#   Section '.ignored' is unknown. Section ignored.
### mwldeppc.exe Linker Warning:
#   Section '.ignored' is unknown. Section ignored.
### mwldeppc.exe Linker Warning:
#   Section '.ignored' is unknown. Section ignored.
### mwldeppc.exe Linker Warning:
#   Section '.ignored' is unknown. Section ignored.
### mwldeppc.exe Linker Warning:
#   Section '.ignored' is unknown. Section ignored.
### mwldeppc.exe Linker Warning:
#   Section '.ignored' is unknown. Section ignored.
### mwldeppc.exe Linker Warning:
#   Section '.ignored' is unknown. Section ignored.
### mwldeppc.exe Linker Warning:
#   Section '.ignored' is unknown. Section ignored.
### mwldeppc.exe Linker Warning:
#   Section '.ignored' is unknown. Section ignored.
### mwldeppc.exe Linker Warning:
#   Section '.ignored' is unknown. Section ignored.
### mwldeppc.exe Linker Warning:
#   Section '.ignored' is unknown. Section ignored.
### mwldeppc.exe Linker Warning:
#   Section '.ignored' is unknown. Section ignored.
### mwldeppc.exe Linker Warning:
#   Section '.ignored' is unknown. Section ignored.
### mwldeppc.exe Linker Warning:
#   Section '.ignored' is unknown. Section ignored.
### mwldeppc.exe Linker Warning:
#   Section '.ignored' is unknown. Section ignored.
### mwldeppc.exe Linker Warning:
#   Section '.ignored' is unknown. Section ignored.
### mwldeppc.exe Linker Warning:
#   Section '.ignored' is unknown. Section ignored.
### mwldeppc.exe Linker Warning:
#   Section '.ignored' is unknown. Section ignored.
### mwldeppc.exe Linker Warning:
#   Section '.ignored' is unknown. Section ignored.
### mwldeppc.exe Linker Warning:
#   Section '.ignored' is unknown. Section ignored.
### mwldeppc.exe Linker Warning:
#   Section '.ignored' is unknown. Section ignored.
### mwldeppc.exe Linker Warning:
#   Section '.ignored' is unknown. Section ignored.
### mwldeppc.exe Linker Warning:
#   Section '.ignored' is unknown. Section ignored.
### mwldeppc.exe Linker Warning:
#   Section '.ignored' is unknown. Section ignored.
### mwldeppc.exe Linker Warning:
#   Section '.ignored' is unknown. Section ignored.
### mwldeppc.exe Linker Warning:
#   Section '.ignored' is unknown. Section ignored.
### mwldeppc.exe Linker Warning:
#   Section '.ignored' is unknown. Section ignored.
### mwldeppc.exe Linker Warning:
#   Section '.ignored' is unknown. Section ignored.
### mwldeppc.exe Linker Warning:
#   Section '.ignored' is unknown. Section ignored.
### mwldeppc.exe Linker Warning:
#   Section '.ignored' is unknown. Section ignored.
### mwldeppc.exe Linker Warning:
#   Section '.ignored' is unknown. Section ignored.
### mwldeppc.exe Linker Warning:
#   Section '.ignored' is unknown. Section ignored.
### mwldeppc.exe Linker Warning:
#   Section '.ignored' is unknown. Section ignored.
### mwldeppc.exe Linker Warning:
#   Section '.ignored' is unknown. Section ignored.
### mwldeppc.exe Linker Warning:
#   Section '.ignored' is unknown. Section ignored.
### mwldeppc.exe Linker Warning:
#   Section '.ignored' is unknown. Section ignored.
### mwldeppc.exe Linker Warning:
#   Section '.ignored' is unknown. Section ignored.
### mwldeppc.exe Linker Warning:
#   Section '.ignored' is unknown. Section ignored.
### mwldeppc.exe Linker Warning:
#   Section '.ignored' is unknown. Section ignored.
### mwldeppc.exe Linker Warning:
#   Section '.ignored' is unknown. Section ignored.
### mwldeppc.exe Linker Warning:
#   Section '.ignored' is unknown. Section ignored.
### mwldeppc.exe Linker Warning:
#   Section '.ignored' is unknown. Section ignored.
### mwldeppc.exe Linker Warning:
#   Section '.ignored' is unknown. Section ignored.
### mwldeppc.exe Linker Warning:
#   Section '.ignored' is unknown. Section ignored.
### mwldeppc.exe Linker Warning:
#   Section '.ignored' is unknown. Section ignored.
### mwldeppc.exe Linker Warning:
#   Section '.ignored' is unknown. Section ignored.
### mwldeppc.exe Linker Warning:
#   Section '.ignored' is unknown. Section ignored.
### mwldeppc.exe Linker Warning:
#   Section '.ignored' is unknown. Section ignored.
### mwldeppc.exe Linker Warning:
#   Section '.ignored' is unknown. Section ignored.
### mwldeppc.exe Linker Warning:
#   Section '.ignored' is unknown. Section ignored.
### mwldeppc.exe Linker Warning:
#   Section '.ignored' is unknown. Section ignored.
### mwldeppc.exe Linker Warning:
#   Section '.ignored' is unknown. Section ignored.
### mwldeppc.exe Linker Warning:
#   Section '.ignored' is unknown. Section ignored.
### mwldeppc.exe Linker Warning:
#   Section '.ignored' is unknown. Section ignored.
### mwldeppc.exe Linker Warning:
#   Section '.ignored' is unknown. Section ignored.
### mwldeppc.exe Linker Warning:
#   Section '.ignored' is unknown. Section ignored.
### mwldeppc.exe Linker Warning:
#   Section '.ignored' is unknown. Section ignored.
### mwldeppc.exe Linker Warning:
#   Section '.ignored' is unknown. Section ignored.
### mwldeppc.exe Linker Warning:
#   Section '.ignored' is unknown. Section ignored.
### mwldeppc.exe Linker Warning:
#   Section '.ignored' is unknown. Section ignored.
### mwldeppc.exe Linker Warning:
#   Section '.ignored' is unknown. Section ignored.
### mwldeppc.exe Linker Warning:
#   Section '.ignored' is unknown. Section ignored.
### mwldeppc.exe Linker Warning:
#   Section '.ignored' is unknown. Section ignored.
### mwldeppc.exe Linker Warning:
#   Section '.ignored' is unknown. Section ignored.
### mwldeppc.exe Linker Warning:
#   Section '.ignored' is unknown. Section ignored.
### mwldeppc.exe Linker Warning:
#   Section '.ignored' is unknown. Section ignored.
### mwldeppc.exe Linker Warning:
#   Section '.ignored' is unknown. Section ignored.
### mwldeppc.exe Linker Warning:
#   Section '.ignored' is unknown. Section ignored.
### mwldeppc.exe Linker Warning:
#   Section '.ignored' is unknown. Section ignored.
### mwldeppc.exe Linker Warning:
#   Section '.ignored' is unknown. Section ignored.
### mwldeppc.exe Linker Warning:
#   Section '.ignored' is unknown. Section ignored.
### mwldeppc.exe Linker Warning:
#   Section '.ignored' is unknown. Section ignored.
### mwldeppc.exe Linker Warning:
#   Section '.ignored' is unknown. Section ignored.
### mwldeppc.exe Linker Warning:
#   Section '.ignored' is unknown. Section ignored.
### mwldeppc.exe Linker Warning:
#   Section '.ignored' is unknown. Section ignored.
### mwldeppc.exe Linker Warning:
#   Section '.ignored' is unknown. Section ignored.
### mwldeppc.exe Linker Warning:
#   Section '.ignored' is unknown. Section ignored.
### mwldeppc.exe Linker Warning:
#   Section '.ignored' is unknown. Section ignored.
### mwldeppc.exe Linker Warning:
#   Section '.ignored' is unknown. Section ignored.
### mwldeppc.exe Linker Warning:
#   Section '.ignored' is unknown. Section ignored.
### mwldeppc.exe Linker Warning:
#   Section '.ignored' is unknown. Section ignored.
### mwldeppc.exe Linker Warning:
#   Section '.ignored' is unknown. Section ignored.
### mwldeppc.exe Linker Warning:
#   Section '.ignored' is unknown. Section ignored.
### mwldeppc.exe Linker Warning:
#   Section '.ignored' is unknown. Section ignored.
### mwldeppc.exe Linker Warning:
#   Section '.ignored' is unknown. Section ignored.
### mwldeppc.exe Linker Warning:
#   Section '.ignored' is unknown. Section ignored.
### mwldeppc.exe Linker Warning:
#   Section '.ignored' is unknown. Section ignored.
### mwldeppc.exe Linker Warning:
#   Section '.ignored' is unknown. Section ignored.
### mwldeppc.exe Linker Warning:
#   Section '.ignored' is unknown. Section ignored.
### mwldeppc.exe Linker Warning:
#   Section '.ignored' is unknown. Section ignored.
### mwldeppc.exe Linker Warning:
#   Section '.ignored' is unknown. Section ignored.
### mwldeppc.exe Linker Warning:
#   Section '.ignored' is unknown. Section ignored.
### mwldeppc.exe Linker Warning:
#   Section '.ignored' is unknown. Section ignored.
### mwldeppc.exe Linker Warning:
#   Section '.ignored' is unknown. Section ignored.
### mwldeppc.exe Linker Warning:
#   Section '.ignored' is unknown. Section ignored.
### mwldeppc.exe Linker Warning:
#   Section '.ignored' is unknown. Section ignored.
### mwldeppc.exe Linker Warning:
#   Section '.ignored' is unknown. Section ignored.
### mwldeppc.exe Linker Warning:
#   Section '.ignored' is unknown. Section ignored.
### mwldeppc.exe Linker Warning:
#   Section '.ignored' is unknown. Section ignored.
### mwldeppc.exe Linker Warning:
#   Section '.ignored' is unknown. Section ignored.
### mwldeppc.exe Linker Warning:
#   Section '.ignored' is unknown. Section ignored.
### mwldeppc.exe Linker Warning:
#   Section '.ignored' is unknown. Section ignored.
### mwldeppc.exe Linker Warning:
#   Section '.ignored' is unknown. Section ignored.
### mwldeppc.exe Linker Warning:
#   Section '.ignored' is unknown. Section ignored.
### mwldeppc.exe Linker Warning:
#   Section '.ignored' is unknown. Section ignored.
### mwldeppc.exe Linker Warning:
#   Section '.ignored' is unknown. Section ignored.
### mwldeppc.exe Linker Warning:
#   Section '.ignored' is unknown. Section ignored.
### mwldeppc.exe Linker Warning:
#   Section '.ignored' is unknown. Section ignored.
### mwldeppc.exe Linker Warning:
#   Section '.ignored' is unknown. Section ignored.
### mwldeppc.exe Linker Warning:
#   Section '.ignored' is unknown. Section ignored.
### mwldeppc.exe Linker Warning:
#   Section '.ignored' is unknown. Section ignored.
### mwldeppc.exe Linker Warning:
#   Section '.ignored' is unknown. Section ignored.
### mwldeppc.exe Linker Warning:
#   Section '.ignored' is unknown. Section ignored.
### mwldeppc.exe Linker Warning:
#   Section '.ignored' is unknown. Section ignored.
### mwldeppc.exe Linker Warning:
#   Section '.ignored' is unknown. Section ignored.
### mwldeppc.exe Linker Warning:
#   Section '.ignored' is unknown. Section ignored.
### mwldeppc.exe Linker Warning:
#   Section '.ignored' is unknown. Section ignored.
### mwldeppc.exe Linker Warning:
#   Section '.ignored' is unknown. Section ignored.
### mwldeppc.exe Linker Warning:
#   Section '.ignored' is unknown. Section ignored.
### mwldeppc.exe Linker Warning:
#   Section '.ignored' is unknown. Section ignored.
### mwldeppc.exe Linker Warning:
#   Section '.ignored' is unknown. Section ignored.
### mwldeppc.exe Linker Warning:
#   Section '.ignored' is unknown. Section ignored.
### mwldeppc.exe Linker Warning:
#   Section '.ignored' is unknown. Section ignored.
### mwldeppc.exe Linker Warning:
#   Section '.ignored' is unknown. Section ignored.
### mwldeppc.exe Linker Warning:
#   Section '.ignored' is unknown. Section ignored.
### mwldeppc.exe Linker Warning:
#   Section '.ignored' is unknown. Section ignored.
### mwldeppc.exe Linker Warning:
#   Section '.ignored' is unknown. Section ignored.
### mwldeppc.exe Linker Warning:
#   Section '.ignored' is unknown. Section ignored.
### mwldeppc.exe Linker Warning:
#   Section '.ignored' is unknown. Section ignored.
### mwldeppc.exe Linker Warning:
#   Section '.ignored' is unknown. Section ignored.
### mwldeppc.exe Linker Warning:
#   Section '.ignored' is unknown. Section ignored.
### mwldeppc.exe Linker Warning:
#   Section '.ignored' is unknown. Section ignored.
### mwldeppc.exe Linker Warning:
#   Section '.ignored' is unknown. Section ignored.
### mwldeppc.exe Linker Warning:
#   Section '.ignored' is unknown. Section ignored.
### mwldeppc.exe Linker Warning:
#   Section '.ignored' is unknown. Section ignored.
### mwldeppc.exe Linker Warning:
#   Section '.ignored' is unknown. Section ignored.
### mwldeppc.exe Linker Warning:
#   Section '.ignored' is unknown. Section ignored.
### mwldeppc.exe Linker Warning:
#   Section '.ignored' is unknown. Section ignored.
### mwldeppc.exe Linker Warning:
#   Section '.ignored' is unknown. Section ignored.
### mwldeppc.exe Linker Warning:
#   Section '.ignored' is unknown. Section ignored.
### mwldeppc.exe Linker Warning:
#   Section '.ignored' is unknown. Section ignored.
### mwldeppc.exe Linker Warning:
#   Section '.ignored' is unknown. Section ignored.
### mwldeppc.exe Linker Warning:
#   Section '.ignored' is unknown. Section ignored.
### mwldeppc.exe Linker Warning:
#   Section '.ignored' is unknown. Section ignored.
### mwldeppc.exe Linker Warning:
#   Section '.ignored' is unknown. Section ignored.
### mwldeppc.exe Linker Warning:
#   Section '.ignored' is unknown. Section ignored.
### mwldeppc.exe Linker Warning:
#   Section '.ignored' is unknown. Section ignored.
### mwldeppc.exe Linker Warning:
#   Section '.ignored' is unknown. Section ignored.
### mwldeppc.exe Linker Warning:
#   Section '.ignored' is unknown. Section ignored.
### mwldeppc.exe Linker Warning:
#   Section '.ignored' is unknown. Section ignored.
### mwldeppc.exe Linker Warning:
#   Section '.ignored' is unknown. Section ignored.
### mwldeppc.exe Linker Warning:
#   Section '.ignored' is unknown. Section ignored.
### mwldeppc.exe Linker Warning:
#   Section '.ignored' is unknown. Section ignored.
### mwldeppc.exe Linker Warning:
#   Section '.ignored' is unknown. Section ignored.
### mwldeppc.exe Linker Warning:
#   Section '.ignored' is unknown. Section ignored.
### mwldeppc.exe Linker Warning:
#   Section '.ignored' is unknown. Section ignored.
### mwldeppc.exe Linker Warning:
#   Section '.ignored' is unknown. Section ignored.
### mwldeppc.exe Linker Warning:
#   Section '.ignored' is unknown. Section ignored.
### mwldeppc.exe Linker Warning:
#   Section '.ignored' is unknown. Section ignored.
### mwldeppc.exe Linker Warning:
#   Section '.ignored' is unknown. Section ignored.
### mwldeppc.exe Linker Warning:
#   Section '.ignored' is unknown. Section ignored.
### mwldeppc.exe Linker Warning:
#   Section '.ignored' is unknown. Section ignored.
### mwldeppc.exe Linker Warning:
#   Section '.ignored' is unknown. Section ignored.
### mwldeppc.exe Linker Warning:
#   Section '.ignored' is unknown. Section ignored.
### mwldeppc.exe Linker Warning:
#   Section '.ignored' is unknown. Section ignored.
### mwldeppc.exe Linker Warning:
#   Section '.ignored' is unknown. Section ignored.
### mwldeppc.exe Linker Warning:
#   Section '.ignored' is unknown. Section ignored.
### mwldeppc.exe Linker Warning:
#   Section '.ignored' is unknown. Section ignored.
### mwldeppc.exe Linker Warning:
#   Section '.ignored' is unknown. Section ignored.
### mwldeppc.exe Linker Warning:
#   Section '.ignored' is unknown. Section ignored.
### mwldeppc.exe Linker Warning:
#   Section '.ignored' is unknown. Section ignored.
### mwldeppc.exe Linker Warning:
#   Section '.ignored' is unknown. Section ignored.
### mwldeppc.exe Linker Warning:
#   Section '.ignored' is unknown. Section ignored.
### mwldeppc.exe Linker Warning:
#   Section '.ignored' is unknown. Section ignored.
### mwldeppc.exe Linker Warning:
#   Section '.ignored' is unknown. Section ignored.
### mwldeppc.exe Linker Warning:
#   Section '.ignored' is unknown. Section ignored.
### mwldeppc.exe Linker Warning:
#   Section '.ignored' is unknown. Section ignored.
### mwldeppc.exe Linker Warning:
#   Section '.ignored' is unknown. Section ignored.
### mwldeppc.exe Linker Warning:
#   Section '.ignored' is unknown. Section ignored.
### mwldeppc.exe Linker Warning:
#   Section '.ignored' is unknown. Section ignored.
### mwldeppc.exe Linker Warning:
#   Section '.ignored' is unknown. Section ignored.
### mwldeppc.exe Linker Warning:
#   Section '.ignored' is unknown. Section ignored.
### mwldeppc.exe Linker Warning:
#   Section '.ignored' is unknown. Section ignored.
### mwldeppc.exe Linker Warning:
#   Section '.ignored' is unknown. Section ignored.
### mwldeppc.exe Linker Warning:
#   Section '.ignored' is unknown. Section ignored.
### mwldeppc.exe Linker Warning:
#   Section '.ignored' is unknown. Section ignored.
### mwldeppc.exe Linker Warning:
#   Section '.ignored' is unknown. Section ignored.
### mwldeppc.exe Linker Warning:
#   Section '.ignored' is unknown. Section ignored.
### mwldeppc.exe Linker Warning:
#   Section '.ignored' is unknown. Section ignored.
### mwldeppc.exe Linker Warning:
#   Section '.ignored' is unknown. Section ignored.
### mwldeppc.exe Linker Warning:
#   Section '.ignored' is unknown. Section ignored.
### mwldeppc.exe Linker Warning:
#   Section '.ignored' is unknown. Section ignored.
### mwldeppc.exe Linker Warning:
#   Section '.ignored' is unknown. Section ignored.
### mwldeppc.exe Linker Warning:
#   Section '.ignored' is unknown. Section ignored.
### mwldeppc.exe Linker Warning:
#   Section '.ignored' is unknown. Section ignored.
### mwldeppc.exe Linker Warning:
#   Section '.ignored' is unknown. Section ignored.
### mwldeppc.exe Linker Warning:
#   Section '.ignored' is unknown. Section ignored.
### mwldeppc.exe Linker Warning:
#   Section '.ignored' is unknown. Section ignored.
### mwldeppc.exe Linker Warning:
#   Section '.ignored' is unknown. Section ignored.
### mwldeppc.exe Linker Warning:
#   Section '.ignored' is unknown. Section ignored.
### mwldeppc.exe Linker Warning:
#   Section '.ignored' is unknown. Section ignored.
### mwldeppc.exe Linker Warning:
#   Section '.ignored' is unknown. Section ignored.
### mwldeppc.exe Linker Warning:
#   Section '.ignored' is unknown. Section ignored.
### mwldeppc.exe Linker Warning:
#   Section '.ignored' is unknown. Section ignored.
### mwldeppc.exe Linker Warning:
#   Section '.ignored' is unknown. Section ignored.
### mwldeppc.exe Linker Warning:
#   Section '.ignored' is unknown. Section ignored.
### mwldeppc.exe Linker Warning:
#   Section '.ignored' is unknown. Section ignored.
### mwldeppc.exe Linker Warning:
#   Section '.ignored' is unknown. Section ignored.
### mwldeppc.exe Linker Warning:
#   Section '.ignored' is unknown. Section ignored.
### mwldeppc.exe Linker Warning:
#   Section '.ignored' is unknown. Section ignored.
### mwldeppc.exe Linker Warning:
#   Section '.ignored' is unknown. Section ignored.
### mwldeppc.exe Linker Warning:
#   Section '.ignored' is unknown. Section ignored.
### mwldeppc.exe Linker Warning:
#   Section '.ignored' is unknown. Section ignored.
### mwldeppc.exe Linker Warning:
#   Section '.ignored' is unknown. Section ignored.
### mwldeppc.exe Linker Warning:
#   Section '.ignored' is unknown. Section ignored.
### mwldeppc.exe Linker Warning:
#   Section '.ignored' is unknown. Section ignored.
### mwldeppc.exe Linker Warning:
#   Section '.ignored' is unknown. Section ignored.
### mwldeppc.exe Linker Warning:
#   Section '.ignored' is unknown. Section ignored.
### mwldeppc.exe Linker Warning:
#   Section '.ignored' is unknown. Section ignored.
### mwldeppc.exe Linker Warning:
#   Section '.ignored' is unknown. Section ignored.
### mwldeppc.exe Linker Warning:
#   Section '.ignored' is unknown. Section ignored.
### mwldeppc.exe Linker Warning:
#   Section '.ignored' is unknown. Section ignored.
### mwldeppc.exe Linker Warning:
#   Section '.ignored' is unknown. Section ignored.
### mwldeppc.exe Linker Warning:
#   Section '.ignored' is unknown. Section ignored.
### mwldeppc.exe Linker Warning:
#   Section '.ignored' is unknown. Section ignored.
### mwldeppc.exe Linker Warning:
#   Section '.ignored' is unknown. Section ignored.
### mwldeppc.exe Linker Warning:
#   Section '.ignored' is unknown. Section ignored.
### mwldeppc.exe Linker Warning:
#   Section '.ignored' is unknown. Section ignored.
### mwldeppc.exe Linker Warning:
#   Section '.ignored' is unknown. Section ignored.
### mwldeppc.exe Linker Warning:
#   Section '.ignored' is unknown. Section ignored.
### mwldeppc.exe Linker Warning:
#   Section '.ignored' is unknown. Section ignored.
### mwldeppc.exe Linker Warning:
#   Section '.ignored' is unknown. Section ignored.
### mwldeppc.exe Linker Warning:
#   Section '.ignored' is unknown. Section ignored.
### mwldeppc.exe Linker Warning:
#   Section '.ignored' is unknown. Section ignored.
### mwldeppc.exe Linker Warning:
#   Section '.ignored' is unknown. Section ignored.
### mwldeppc.exe Linker Warning:
#   Section '.ignored' is unknown. Section ignored.
### mwldeppc.exe Linker Warning:
#   Section '.ignored' is unknown. Section ignored.
### mwldeppc.exe Linker Warning:
#   Section '.ignored' is unknown. Section ignored.
### mwldeppc.exe Linker Warning:
#   Section '.ignored' is unknown. Section ignored.
### mwldeppc.exe Linker Warning:
#   Section '.ignored' is unknown. Section ignored.
### mwldeppc.exe Linker Warning:
#   Section '.ignored' is unknown. Section ignored.
### mwldeppc.exe Linker Warning:
#   Section '.ignored' is unknown. Section ignored.
### mwldeppc.exe Linker Warning:
#   Section '.ignored' is unknown. Section ignored.
### mwldeppc.exe Linker Warning:
#   Section '.ignored' is unknown. Section ignored.
### mwldeppc.exe Linker Warning:
#   Section '.ignored' is unknown. Section ignored.
### mwldeppc.exe Linker Warning:
#   Section '.ignored' is unknown. Section ignored.
### mwldeppc.exe Linker Warning:
#   Section '.ignored' is unknown. Section ignored.
### mwldeppc.exe Linker Warning:
#   Section '.ignored' is unknown. Section ignored.
### mwldeppc.exe Linker Warning:
#   Section '.ignored' is unknown. Section ignored.
### mwldeppc.exe Linker Warning:
#   Section '.ignored' is unknown. Section ignored.
### mwldeppc.exe Linker Warning:
#   Section '.ignored' is unknown. Section ignored.
### mwldeppc.exe Linker Warning:
#   Section '.ignored' is unknown. Section ignored.
### mwldeppc.exe Linker Warning:
#   Section '.ignored' is unknown. Section ignored.
### mwldeppc.exe Linker Warning:
#   Section '.ignored' is unknown. Section ignored.
### mwldeppc.exe Linker Warning:
#   Section '.ignored' is unknown. Section ignored.
### mwldeppc.exe Linker Warning:
#   Section '.ignored' is unknown. Section ignored.
### mwldeppc.exe Linker Warning:
#   Section '.ignored' is unknown. Section ignored.
### mwldeppc.exe Linker Warning:
#   Section '.ignored' is unknown. Section ignored.
### mwldeppc.exe Linker Warning:
#   Section '.ignored' is unknown. Section ignored.
### mwldeppc.exe Linker Warning:
#   Section '.ignored' is unknown. Section ignored.
### mwldeppc.exe Linker Warning:
#   Section '.ignored' is unknown. Section ignored.
### mwldeppc.exe Linker Warning:
#   Section '.ignored' is unknown. Section ignored.
### mwldeppc.exe Linker Warning:
#   Section '.ignored' is unknown. Section ignored.
### mwldeppc.exe Linker Warning:
#   Section '.ignored' is unknown. Section ignored.
### mwldeppc.exe Linker Warning:
#   Section '.ignored' is unknown. Section ignored.
### mwldeppc.exe Linker Warning:
#   Section '.ignored' is unknown. Section ignored.
### mwldeppc.exe Linker Warning:
#   Section '.ignored' is unknown. Section ignored.
### mwldeppc.exe Linker Warning:
#   Section '.ignored' is unknown. Section ignored.
### mwldeppc.exe Linker Warning:
#   Section '.ignored' is unknown. Section ignored.
### mwldeppc.exe Linker Warning:
#   Section '.ignored' is unknown. Section ignored.
### mwldeppc.exe Linker Warning:
#   Section '.ignored' is unknown. Section ignored.
### mwldeppc.exe Linker Warning:
#   Section '.ignored' is unknown. Section ignored.
### mwldeppc.exe Linker Warning:
#   Section '.ignored' is unknown. Section ignored.
### mwldeppc.exe Linker Warning:
#   Section '.ignored' is unknown. Section ignored.
### mwldeppc.exe Linker Warning:
#   Section '.ignored' is unknown. Section ignored.
### mwldeppc.exe Linker Warning:
#   Section '.ignored' is unknown. Section ignored.
### mwldeppc.exe Linker Warning:
#   Section '.ignored' is unknown. Section ignored.
### mwldeppc.exe Linker Warning:
#   Section '.ignored' is unknown. Section ignored.
### mwldeppc.exe Linker Warning:
#   Section '.ignored' is unknown. Section ignored.
### mwldeppc.exe Linker Warning:
#   Section '.ignored' is unknown. Section ignored.
### mwldeppc.exe Linker Warning:
#   Section '.ignored' is unknown. Section ignored.
### mwldeppc.exe Linker Warning:
#   Section '.ignored' is unknown. Section ignored.
### mwldeppc.exe Linker Warning:
#   Section '.ignored' is unknown. Section ignored.
### mwldeppc.exe Linker Warning:
#   Section '.ignored' is unknown. Section ignored.
### mwldeppc.exe Linker Warning:
#   Section '.ignored' is unknown. Section ignored.
### mwldeppc.exe Linker Warning:
#   Section '.ignored' is unknown. Section ignored.
### mwldeppc.exe Linker Warning:
#   Section '.ignored' is unknown. Section ignored.
### mwldeppc.exe Linker Warning:
#   Section '.ignored' is unknown. Section ignored.
### mwldeppc.exe Linker Warning:
#   Section '.ignored' is unknown. Section ignored.
### mwldeppc.exe Linker Warning:
#   Section '.ignored' is unknown. Section ignored.
### mwldeppc.exe Linker Warning:
#   Section '.ignored' is unknown. Section ignored.
### mwldeppc.exe Linker Warning:
#   Section '.ignored' is unknown. Section ignored.
### mwldeppc.exe Linker Warning:
#   Section '.ignored' is unknown. Section ignored.
### mwldeppc.exe Linker Warning:
#   Section '.ignored' is unknown. Section ignored.
### mwldeppc.exe Linker Warning:
#   Section '.ignored' is unknown. Section ignored.
### mwldeppc.exe Linker Warning:
#   Section '.ignored' is unknown. Section ignored.
### mwldeppc.exe Linker Warning:
#   Section '.ignored' is unknown. Section ignored.
### mwldeppc.exe Linker Warning:
#   Section '.ignored' is unknown. Section ignored.
### mwldeppc.exe Linker Warning:
#   Section '.ignored' is unknown. Section ignored.
### mwldeppc.exe Linker Warning:
#   Section '.ignored' is unknown. Section ignored.
### mwldeppc.exe Linker Warning:
#   Section '.ignored' is unknown. Section ignored.
### mwldeppc.exe Linker Warning:
#   Section '.ignored' is unknown. Section ignored.
### mwldeppc.exe Linker Warning:
#   Section '.ignored' is unknown. Section ignored.
[942/945] DOL build/GEDE01/main.dol
[943/945] CHECK config/GEDE01/build.sha1
build/GEDE01/main.dol: OK
[944/945] PROGRESS
Progress:
  All: 59.44% fuzzy, 50.36% matched, 50.17% linked (6338 / 7069 files)
    Code: 1158676 / 2300692 bytes (6107 / 8214 functions)
    Data: 39866 / 4305642 bytes (0.93%)
  Game Code: 95.75% fuzzy, 81.09% matched, 80.79% linked (6320 / 6633 files)
    Code: 1155648 / 1425104 bytes (6045 / 6354 functions)
    Data: 39642 / 40522 bytes (97.83%)
  SDK/Runtime: 100.00% fuzzy, 100.00% matched, 100.00% linked (18 / 18 files)
    Code: 3028 / 3028 bytes (62 / 62 functions)
    Data: 224 / 224 bytes (100.00%)
exit_code=0
$ build/tools/objdiff-cli --version
objdiff-cli 3.6.1
exit_code=0
$ .tools/bin/ninja -t commands build/GEDE01/src/game/game_fn_801DB9E0.o
"/usr/bin/python3" tools/download_tool.py sjiswrap build/tools/sjiswrap.exe --tag v1.2.2
tools/mwcc_wrapper.py build/tools/sjiswrap.exe compilers/GC/1.3/mwcceppc.exe -nodefaults -proc gekko -align powerpc -enum int -fp hardware -Cpp_exceptions off -O4,p -inline auto -pragma "cats off" -pragma "warn_notinlined off" -maxerrors 1 -nosyspath -RTTI off -fp_contract on -str reuse -multibyte -i include -i build/GEDE01/include -DVERSION_GEDE01 -DNDEBUG=1 -lang=c -use_lmw_stmw on -MMD -c src/game/game_fn_801DB9E0.c -o build/GEDE01/src/game && "/usr/bin/python3" tools/transform_dep.py build/GEDE01/src/game/game_fn_801DB9E0.d build/GEDE01/src/game/game_fn_801DB9E0.d
exit_code=0
$ python3 reports/GEDE01/verify-8ad1852f-4f7f-405d-b950-038b5543d13b.py
objdiff: 100.0%; 2092 bytes
objdiff-reloc-strict: 100.0%; 2092 bytes
ELF .text: 2092 bytes equal; 123 relocation records equal including targets/values/addends
DOL byte equality: passed; SHA-1 ea24b6af954876ce072562ff39cdb4c81d32be1f
exit_code=0
$ sha1sum build/GEDE01/main.dol orig/GEDE01/sys/main.dol
ea24b6af954876ce072562ff39cdb4c81d32be1f  build/GEDE01/main.dol
ea24b6af954876ce072562ff39cdb4c81d32be1f  orig/GEDE01/sys/main.dol
exit_code=0
$ python3 tools/legal_audit.py
legal audit passed (23290 tracked project files inspected)
exit_code=0
