$ python3 configure.py

exit=0
$ .tools/bin/ninja -j2
[1/941] MWCC build/GEDE01/src/game/game_fn_80008014.o
[2/941] MWCC build/GEDE01/src/game/game_fn_800094C0.o
[3/941] MWCC build/GEDE01/src/game/game_fn_800098C0.o
[4/941] MWCC build/GEDE01/src/game/game_fn_800096E0.o
[5/941] MWCC build/GEDE01/src/game/game_fn_800099D8.o
[6/941] MWCC build/GEDE01/src/game/game_fn_80009AB4.o
[7/941] MWCC build/GEDE01/src/game/game_fn_8000A26C.o
[8/941] MWCC build/GEDE01/src/game/game_fn_8000AC88.o
[9/941] MWCC build/GEDE01/src/game/game_fn_8000AEB4.o
[10/941] MWCC build/GEDE01/src/game/game_fn_8000AFB4.o
[11/941] MWCC build/GEDE01/src/game/game_fn_8000B1B8.o
[12/941] MWCC build/GEDE01/src/game/game_fn_8000B36C.o
[13/941] MWCC build/GEDE01/src/game/game_fn_8000B630.o
[14/941] MWCC build/GEDE01/src/game/game_fn_8000B7FC.o
[15/941] MWCC build/GEDE01/src/game/game_fn_8000B900.o
[16/941] MWCC build/GEDE01/src/game/game_fn_8000BA0C.o
[17/941] MWCC build/GEDE01/src/game/game_fn_8000BAA0.o
[18/941] MWCC build/GEDE01/src/game/game_fn_8000BC40.o
[19/941] MWCC build/GEDE01/src/game/game_fn_8000C06C.o
[20/941] MWCC build/GEDE01/src/game/game_fn_8000C17C.o
[21/941] MWCC build/GEDE01/src/game/game_fn_8000C400.o
[22/941] MWCC build/GEDE01/src/game/game_fn_8000C848.o
[23/941] MWCC build/GEDE01/src/game/game_fn_8000C91C.o
[24/941] MWCC build/GEDE01/src/game/game_fn_8000D0BC.o
[25/941] MWCC build/GEDE01/src/game/game_fn_8000D3D4.o
[26/941] MWCC build/GEDE01/src/game/game_fn_8000D590.o
[27/941] MWCC build/GEDE01/src/game/game_fn_8000D8A4.o
[28/941] MWCC build/GEDE01/src/game/game_fn_8000DA50.o
[29/941] MWCC build/GEDE01/src/game/game_fn_8000DAF4.o
[30/941] MWCC build/GEDE01/src/game/game_fn_8000E054.o
[31/941] MWCC build/GEDE01/src/game/game_fn_8000E0AC.o
[32/941] MWCC build/GEDE01/src/game/game_fn_8000E138.o
[33/941] MWCC build/GEDE01/src/game/game_fn_8000E1C4.o
[34/941] MWCC build/GEDE01/src/game/game_fn_8000E96C.o
[35/941] MWCC build/GEDE01/src/game/game_fn_8000EB14.o
[36/941] MWCC build/GEDE01/src/game/game_fn_8000EBD4.o
[37/941] MWCC build/GEDE01/src/game/game_fn_8000ED44.o
[38/941] MWCC build/GEDE01/src/game/game_fn_8000EFC4.o
[39/941] MWCC build/GEDE01/src/game/game_fn_8000F4B0.o
[40/941] MWCC build/GEDE01/src/game/game_fn_8000F774.o
[41/941] MWCC build/GEDE01/src/game/game_fn_8000FDE8.o
[42/941] MWCC build/GEDE01/src/game/game_fn_8000FFD8.o
[43/941] MWCC build/GEDE01/src/game/game_fn_800119FC.o
[44/941] MWCC build/GEDE01/src/game/game_fn_80012DA8.o
[45/941] MWCC build/GEDE01/src/game/game_fn_80012F40.o
[46/941] MWCC build/GEDE01/src/game/game_fn_80012FD0.o
[47/941] MWCC build/GEDE01/src/game/game_fn_800131E8.o
[48/941] MWCC build/GEDE01/src/game/game_fn_80013340.o
[49/941] MWCC build/GEDE01/src/game/game_fn_80013870.o
[50/941] MWCC build/GEDE01/src/game/game_fn_80013CB0.o
[51/941] MWCC build/GEDE01/src/game/game_fn_80013D54.o
[52/941] MWCC build/GEDE01/src/game/game_fn_800142DC.o
[53/941] MWCC build/GEDE01/src/game/game_fn_800144CC.o
[54/941] MWCC build/GEDE01/src/game/game_fn_80014784.o
[55/941] MWCC build/GEDE01/src/game/game_fn_800149D4.o
[56/941] MWCC build/GEDE01/src/game/game_fn_80015058.o
[57/941] MWCC build/GEDE01/src/game/game_fn_80015320.o
[58/941] MWCC build/GEDE01/src/game/game_fn_80015568.o
[59/941] MWCC build/GEDE01/src/game/game_fn_800156FC.o
[60/941] MWCC build/GEDE01/src/game/game_fn_80015BE0.o
[61/941] MWCC build/GEDE01/src/game/game_fn_80015D40.o
[62/941] MWCC build/GEDE01/src/game/game_fn_80015F04.o
[63/941] MWCC build/GEDE01/src/game/game_fn_80016128.o
[64/941] MWCC build/GEDE01/src/game/game_fn_80016270.o
[65/941] MWCC build/GEDE01/src/game/game_fn_80016904.o
[66/941] MWCC build/GEDE01/src/game/game_fn_80016B24.o
[67/941] MWCC build/GEDE01/src/game/game_fn_800171C0.o
[68/941] MWCC build/GEDE01/src/game/game_fn_800173CC.o
[69/941] MWCC build/GEDE01/src/game/game_fn_800176F0.o
[70/941] MWCC build/GEDE01/src/game/game_fn_80017910.o
[71/941] MWCC build/GEDE01/src/game/game_fn_800179AC.o
[72/941] MWCC build/GEDE01/src/game/game_fn_80017A3C.o
[73/941] MWCC build/GEDE01/src/game/game_fn_80017AE4.o
[74/941] MWCC build/GEDE01/src/game/game_fn_80017C3C.o
[75/941] MWCC build/GEDE01/src/game/game_fn_80017CC8.o
[76/941] MWCC build/GEDE01/src/game/game_fn_80017DB0.o
[77/941] MWCC build/GEDE01/src/game/game_fn_80018EF4.o
[78/941] MWCC build/GEDE01/src/game/game_fn_80019054.o
[79/941] MWCC build/GEDE01/src/game/game_fn_80019244.o
[80/941] MWCC build/GEDE01/src/game/game_fn_800194D0.o
[81/941] MWCC build/GEDE01/src/game/game_fn_80019940.o
[82/941] MWCC build/GEDE01/src/game/game_fn_80019C10.o
[83/941] MWCC build/GEDE01/src/game/game_fn_80019D2C.o
[84/941] MWCC build/GEDE01/src/game/game_fn_80019F98.o
[85/941] MWCC build/GEDE01/src/game/game_fn_8001A6C4.o
[86/941] MWCC build/GEDE01/src/game/game_fn_8001AAB8.o
[87/941] MWCC build/GEDE01/src/game/game_fn_8001ADF8.o
[88/941] MWCC build/GEDE01/src/game/game_fn_8001AF68.o
[89/941] MWCC build/GEDE01/src/game/game_fn_8001B124.o
[90/941] MWCC build/GEDE01/src/game/game_fn_8001B294.o
[91/941] MWCC build/GEDE01/src/game/game_fn_8001B808.o
[92/941] MWCC build/GEDE01/src/game/game_fn_8001B874.o
[93/941] MWCC build/GEDE01/src/game/game_fn_8001C078.o
[94/941] MWCC build/GEDE01/src/game/game_fn_8001CA04.o
[95/941] MWCC build/GEDE01/src/game/game_fn_8001CD58.o
[96/941] MWCC build/GEDE01/src/game/game_fn_8001CE94.o
[97/941] MWCC build/GEDE01/src/game/game_fn_8001E644.o
[98/941] MWCC build/GEDE01/src/game/game_fn_8001FE1C.o
[99/941] MWCC build/GEDE01/src/game/game_fn_80020E94.o
[100/941] MWCC build/GEDE01/src/game/game_fn_80024F28.o
[101/941] MWCC build/GEDE01/src/game/game_fn_800272B4.o
[102/941] MWCC build/GEDE01/src/game/game_fn_8002B748.o
[103/941] MWCC build/GEDE01/src/game/game_fn_8002DAE0.o
[104/941] MWCC build/GEDE01/src/game/game_fn_8002E3F0.o
[105/941] MWCC build/GEDE01/src/game/game_fn_8002EA68.o
[106/941] MWCC build/GEDE01/src/game/game_fn_8002F428.o
[107/941] MWCC build/GEDE01/src/game/game_fn_80031544.o
[108/941] MWCC build/GEDE01/src/game/game_fn_8003232C.o
[109/941] MWCC build/GEDE01/src/game/game_fn_80032B84.o
[110/941] MWCC build/GEDE01/src/game/game_fn_80033038.o
[111/941] MWCC build/GEDE01/src/game/game_fn_80033180.o
[112/941] MWCC build/GEDE01/src/game/game_fn_800359A0.o
[113/941] MWCC build/GEDE01/src/game/game_fn_800361F8.o
[114/941] MWCC build/GEDE01/src/game/game_fn_80036C40.o
[115/941] MWCC build/GEDE01/src/game/game_fn_80038878.o
[116/941] MWCC build/GEDE01/src/game/game_fn_80048ADC.o
[117/941] MWCC build/GEDE01/src/game/game_fn_80048B24.o
[118/941] MWCC build/GEDE01/src/game/game_fn_8004998C.o
[119/941] MWCC build/GEDE01/src/game/game_fn_80050B08.o
[120/941] MWCC build/GEDE01/src/game/game_fn_80052310.o
[121/941] MWCC build/GEDE01/src/game/game_fn_800542D0.o
[122/941] MWCC build/GEDE01/src/game/game_fn_8005EC6C.o
[123/941] MWCC build/GEDE01/src/game/game_fn_8005EE9C.o
[124/941] MWCC build/GEDE01/src/game/game_fn_8005EF94.o
[125/941] MWCC build/GEDE01/src/game/game_data_80239E10.o
[126/941] MWCC build/GEDE01/src/game/game_data_80239E18.o
[127/941] MWCC build/GEDE01/src/game/game_fn_8005FD84.o
[128/941] MWCC build/GEDE01/src/game/game_fn_80066888.o
[129/941] MWCC build/GEDE01/src/game/game_fn_80066E78.o
[130/941] MWCC build/GEDE01/src/game/game_fn_8006B0F0.o
[131/941] MWCC build/GEDE01/src/game/game_fn_8006B620.o
[132/941] MWCC build/GEDE01/src/game/game_fn_8006E53C.o
[133/941] MWCC build/GEDE01/src/game/game_fn_80071A58.o
[134/941] MWCC build/GEDE01/src/game/game_fn_80074310.o
[135/941] MWCC build/GEDE01/src/game/game_fn_80078500.o
[136/941] MWCC build/GEDE01/src/game/game_fn_80079908.o
[137/941] MWCC build/GEDE01/src/game/game_fn_80079AA4.o
[138/941] MWCC build/GEDE01/src/game/game_fn_8007B2F4.o
[139/941] MWCC build/GEDE01/src/game/game_fn_8007B540.o
[140/941] MWCC build/GEDE01/src/game/game_fn_8007B640.o
[141/941] MWCC build/GEDE01/src/game/game_fn_8007B828.o
[142/941] MWCC build/GEDE01/src/game/game_fn_8007BA3C.o
[143/941] MWCC build/GEDE01/src/game/game_fn_8007D4D8.o
[144/941] MWCC build/GEDE01/src/game/game_fn_8007F770.o
[145/941] MWCC build/GEDE01/src/game/game_fn_800886D8.o
[146/941] MWCC build/GEDE01/src/game/game_fn_80088F4C.o
[147/941] MWCC build/GEDE01/src/game/game_fn_80089A34.o
[148/941] MWCC build/GEDE01/src/game/game_fn_8008A2E0.o
[149/941] MWCC build/GEDE01/src/game/game_fn_8008F224.o
[150/941] MWCC build/GEDE01/src/game/game_fn_8008F890.o
[151/941] MWCC build/GEDE01/src/game/game_fn_80090004.o
[152/941] MWCC build/GEDE01/src/game/game_fn_800934A0.o
[153/941] MWCC build/GEDE01/src/game/game_fn_80095D10.o
[154/941] MWCC build/GEDE01/src/game/game_fn_80095E64.o
[155/941] MWCC build/GEDE01/src/game/game_fn_80095FDC.o
[156/941] MWCC build/GEDE01/src/game/game_fn_80096830.o
[157/941] MWCC build/GEDE01/src/game/game_fn_8009C424.o
[158/941] MWCC build/GEDE01/src/game/game_fn_8009E808.o
[159/941] MWCC build/GEDE01/src/game/game_fn_800A2130.o
[160/941] MWCC build/GEDE01/src/game/game_fn_800A2B8C.o
[161/941] MWCC build/GEDE01/src/game/game_fn_800A2FCC.o
[162/941] MWCC build/GEDE01/src/game/game_fn_800A3180.o
[163/941] MWCC build/GEDE01/src/game/game_fn_800A3894.o
[164/941] MWCC build/GEDE01/src/game/game_fn_800A4428.o
[165/941] MWCC build/GEDE01/src/game/game_fn_800A4798.o
[166/941] MWCC build/GEDE01/src/game/game_fn_800A7E88.o
[167/941] MWCC build/GEDE01/src/game/game_fn_800AF230.o
[168/941] MWCC build/GEDE01/src/game/game_fn_800B2EC0.o
[169/941] MWCC build/GEDE01/src/game/game_fn_800BB5C4.o
[170/941] MWCC build/GEDE01/src/game/game_fn_800BB7A8.o
[171/941] MWCC build/GEDE01/src/game/game_fn_800BB9A4.o
[172/941] MWCC build/GEDE01/src/game/game_fn_800BBAF0.o
[173/941] MWCC build/GEDE01/src/game/game_fn_800C030C.o
[174/941] MWCC build/GEDE01/src/game/game_fn_800C17EC.o
[175/941] MWCC build/GEDE01/src/game/game_fn_800C59F0.o
[176/941] MWCC build/GEDE01/src/game/game_fn_800C644C.o
[177/941] MWCC build/GEDE01/src/game/game_fn_800C9C60.o
[178/941] MWCC build/GEDE01/src/game/game_fn_800C65FC.o
[179/941] MWCC build/GEDE01/src/game/game_fn_800CB760.o
[180/941] MWCC build/GEDE01/src/game/game_fn_800CB8F4.o
[181/941] MWCC build/GEDE01/src/game/game_fn_800CF598.o
[182/941] MWCC build/GEDE01/src/game/game_fn_800D9064.o
[183/941] MWCC build/GEDE01/src/game/game_fn_800D9E10.o
[184/941] MWCC build/GEDE01/src/game/game_fn_800DC4D4.o
[185/941] MWCC build/GEDE01/src/game/game_fn_800E4980.o
[186/941] MWCC build/GEDE01/src/game/game_TRKNubWelcome.o
[187/941] MWCC build/GEDE01/src/game/game_InitMetroTRKCommTable.o
[188/941] MWCC build/GEDE01/src/game/game_TRK_main.o
[189/941] MWCC build/GEDE01/src/game/game_fn_800FD0C8.o
[190/941] MWCC build/GEDE01/src/game/game_fn_8010242C.o
[191/941] MWCC build/GEDE01/src/game/game_fn_8010F184.o
[192/941] MWCC build/GEDE01/src/game/game_fn_801098C0.o
[193/941] MWCC build/GEDE01/src/game/game_fn_801126E0.o
[194/941] MWCC build/GEDE01/src/game/game_fn_801128E4.o
[195/941] MWCC build/GEDE01/src/game/game_fn_801141B8.o
[196/941] MWCC build/GEDE01/src/game/game_fn_80119C70.o
[197/941] MWCC build/GEDE01/src/game/game_fn_8011F140.o
[198/941] MWCC build/GEDE01/src/game/game_fn_801247F8.o
[199/941] MWCC build/GEDE01/src/game/game_fn_80126A00.o
[200/941] MWCC build/GEDE01/src/game/game_fn_8012976C.o
[201/941] MWCC build/GEDE01/src/game/game_fn_8012DB28.o
[202/941] MWCC build/GEDE01/src/game/game_fn_8013CBE4.o
[203/941] MWCC build/GEDE01/src/game/game_fn_8013D6A4.o
[204/941] MWCC build/GEDE01/src/game/game_fn_8013DB8C.o
[205/941] MWCC build/GEDE01/src/game/game_fn_8014549C.o
[206/941] MWCC build/GEDE01/src/game/game_fn_8014AF38.o
[207/941] MWCC build/GEDE01/src/game/game_fn_8014B494.o
[208/941] MWCC build/GEDE01/src/game/game_fn_8014BA14.o
[209/941] MWCC build/GEDE01/src/game/game_fn_8014CA98.o
[210/941] MWCC build/GEDE01/src/game/game_fn_80150A24.o
[211/941] MWCC build/GEDE01/src/game/game_fn_801535D8.o
[212/941] MWCC build/GEDE01/src/game/game_fn_80153898.o
[213/941] MWCC build/GEDE01/src/game/game_fn_80153A24.o
[214/941] MWCC build/GEDE01/src/game/game_fn_80154F74.o
[215/941] MWCC build/GEDE01/src/game/game_fn_80155814.o
[216/941] MWCC build/GEDE01/src/game/game_fn_80157C0C.o
[217/941] MWCC build/GEDE01/src/game/game_fn_80158B20.o
[218/941] MWCC build/GEDE01/src/game/game_fn_80158D38.o
[219/941] MWCC build/GEDE01/src/game/game_fn_8015DB84.o
[220/941] MWCC build/GEDE01/src/game/game_fn_8015DC54.o
[221/941] MWCC build/GEDE01/src/game/game_fn_8015EDC0.o
[222/941] MWCC build/GEDE01/src/game/game_fn_80167454.o
[223/941] MWCC build/GEDE01/src/game/game_fn_80167B5C.o
[224/941] MWCC build/GEDE01/src/game/game_fn_80169650.o
[225/941] MWCC build/GEDE01/src/game/game_fn_8016BD0C.o
[226/941] MWCC build/GEDE01/src/game/game_fn_8016BE1C.o
[227/941] MWCC build/GEDE01/src/game/game_fn_8016BF60.o
[228/941] MWCC build/GEDE01/src/game/game_fn_8016C0BC.o
[229/941] MWCC build/GEDE01/src/game/game_fn_8016C164.o
[230/941] MWCC build/GEDE01/src/game/game_fn_8016C238.o
[231/941] MWCC build/GEDE01/src/game/game_fn_8016C4BC.o
[232/941] MWCC build/GEDE01/src/game/game_fn_8016C774.o
[233/941] MWCC build/GEDE01/src/game/game_fn_8016D040.o
[234/941] MWCC build/GEDE01/src/game/game_fn_8016D1F8.o
[235/941] MWCC build/GEDE01/src/game/game_fn_8016D2B8.o
[236/941] MWCC build/GEDE01/src/game/game_fn_8016D9C0.o
[237/941] MWCC build/GEDE01/src/game/game_fn_8016DF4C.o
[238/941] MWCC build/GEDE01/src/game/game_fn_8016E8F8.o
[239/941] MWCC build/GEDE01/src/game/game_fn_8016FEF8.o
[240/941] MWCC build/GEDE01/src/game/game_fn_8017038C.o
[241/941] MWCC build/GEDE01/src/game/game_fn_801704F8.o
[242/941] MWCC build/GEDE01/src/game/game_fn_801706DC.o
[243/941] MWCC build/GEDE01/src/game/game_fn_80170A40.o
[244/941] MWCC build/GEDE01/src/game/game_fn_80170DF4.o
[245/941] MWCC build/GEDE01/src/game/game_fn_80170E9C.o
[246/941] MWCC build/GEDE01/src/game/game_fn_8017138C.o
[247/941] MWCC build/GEDE01/src/game/game_fn_80171664.o
[248/941] MWCC build/GEDE01/src/game/game_fn_801718F4.o
[249/941] MWCC build/GEDE01/src/game/game_fn_801719B4.o
[250/941] MWCC build/GEDE01/src/game/game_fn_80171F30.o
[251/941] MWCC build/GEDE01/src/game/game_fn_8017250C.o
[252/941] MWCC build/GEDE01/src/game/game_fn_801726EC.o
[253/941] MWCC build/GEDE01/src/game/game_fn_80172BB0.o
[254/941] MWCC build/GEDE01/src/game/game_fn_80172C78.o
[255/941] MWCC build/GEDE01/src/game/game_fn_80172DB8.o
[256/941] MWCC build/GEDE01/src/game/game_fn_80173270.o
[257/941] MWCC build/GEDE01/src/game/game_fn_801734B4.o
[258/941] MWCC build/GEDE01/src/game/game_fn_80173770.o
[259/941] MWCC build/GEDE01/src/game/game_fn_80173BDC.o
[260/941] MWCC build/GEDE01/src/game/game_fn_80173D44.o
[261/941] MWCC build/GEDE01/src/game/game_fn_80173F04.o
[262/941] MWCC build/GEDE01/src/game/game_fn_80174184.o
[263/941] MWCC build/GEDE01/src/game/game_fn_80174358.o
[264/941] MWCC build/GEDE01/src/game/game_fn_80174F2C.o
[265/941] MWCC build/GEDE01/src/game/game_fn_801752B0.o
[266/941] MWCC build/GEDE01/src/game/game_fn_8017553C.o
[267/941] MWCC build/GEDE01/src/game/game_fn_80175A08.o
[268/941] MWCC build/GEDE01/src/game/game_fn_80175E64.o
[269/941] MWCC build/GEDE01/src/game/game_fn_80175F0C.o
[270/941] MWCC build/GEDE01/src/game/game_fn_80175FD4.o
[271/941] MWCC build/GEDE01/src/game/game_fn_80176098.o
[272/941] MWCC build/GEDE01/src/game/game_fn_80176160.o
[273/941] MWCC build/GEDE01/src/game/game_fn_80176220.o
[274/941] MWCC build/GEDE01/src/game/game_fn_801762E8.o
[275/941] MWCC build/GEDE01/src/game/game_fn_8017652C.o
[276/941] MWCC build/GEDE01/src/game/game_fn_80176DF4.o
[277/941] MWCC build/GEDE01/src/game/game_fn_80176FA0.o
[278/941] MWCC build/GEDE01/src/game/game_fn_801770F8.o
[279/941] MWCC build/GEDE01/src/game/game_fn_8017718C.o
[280/941] MWCC build/GEDE01/src/game/game_fn_80178F88.o
[281/941] MWCC build/GEDE01/src/game/game_fn_80177434.o
[282/941] MWCC build/GEDE01/src/game/game_fn_80179398.o
[283/941] MWCC build/GEDE01/src/game/game_fn_8017960C.o
[284/941] MWCC build/GEDE01/src/game/game_fn_8017974C.o
[285/941] MWCC build/GEDE01/src/game/game_fn_80179904.o
[286/941] MWCC build/GEDE01/src/game/game_fn_80179A18.o
[287/941] MWCC build/GEDE01/src/game/game_fn_80179A74.o
[288/941] MWCC build/GEDE01/src/game/game_fn_80179EB8.o
[289/941] MWCC build/GEDE01/src/game/game_fn_80179F20.o
[290/941] MWCC build/GEDE01/src/game/game_fn_8017A010.o
[291/941] MWCC build/GEDE01/src/game/game_fn_8017A12C.o
[292/941] MWCC build/GEDE01/src/game/game_fn_8017A1C0.o
[293/941] MWCC build/GEDE01/src/game/game_fn_8017A9B8.o
[294/941] MWCC build/GEDE01/src/game/game_fn_8017AC20.o
[295/941] MWCC build/GEDE01/src/game/game_fn_8017E850.o
[296/941] MWCC build/GEDE01/src/game/game_fn_8017E958.o
[297/941] MWCC build/GEDE01/src/game/game_fn_80180DDC.o
[298/941] MWCC build/GEDE01/src/game/game_fn_801810A0.o
[299/941] MWCC build/GEDE01/src/game/game_fn_801816D4.o
[300/941] MWCC build/GEDE01/src/game/game_fn_801859FC.o
[301/941] MWCC build/GEDE01/src/game/game_fn_80185AE8.o
[302/941] MWCC build/GEDE01/src/game/game_fn_80185F10.o
[303/941] MWCC build/GEDE01/src/game/game_fn_801861C4.o
[304/941] MWCC build/GEDE01/src/game/game_fn_801865EC.o
[305/941] MWCC build/GEDE01/src/game/game_fn_8018680C.o
[306/941] MWCC build/GEDE01/src/game/game_fn_80186E10.o
[307/941] MWCC build/GEDE01/src/game/game_fn_80186F70.o
[308/941] MWCC build/GEDE01/src/game/game_fn_80187120.o
[309/941] MWCC build/GEDE01/src/game/game_fn_80187320.o
[310/941] MWCC build/GEDE01/src/game/game_fn_801875FC.o
[311/941] MWCC build/GEDE01/src/game/game_fn_801878E0.o
[312/941] MWCC build/GEDE01/src/game/game_fn_80187BB4.o
[313/941] MWCC build/GEDE01/src/game/game_fn_80187E40.o
[314/941] MWCC build/GEDE01/src/game/game_fn_80188A7C.o
[315/941] MWCC build/GEDE01/src/game/game_fn_80188B44.o
[316/941] MWCC build/GEDE01/src/game/game_fn_80188C1C.o
[317/941] MWCC build/GEDE01/src/game/game_fn_80188E28.o
[318/941] MWCC build/GEDE01/src/game/game_fn_80189028.o
[319/941] MWCC build/GEDE01/src/game/game_fn_801891D8.o
[320/941] MWCC build/GEDE01/src/game/game_fn_80189390.o
[321/941] MWCC build/GEDE01/src/game/game_fn_801895E8.o
[322/941] MWCC build/GEDE01/src/game/game_fn_801896A0.o
[323/941] MWCC build/GEDE01/src/game/game_fn_80189760.o
[324/941] MWCC build/GEDE01/src/game/game_fn_80189968.o
[325/941] MWCC build/GEDE01/src/game/game_fn_80189C14.o
[326/941] MWCC build/GEDE01/src/game/game_fn_8018C2D0.o
[327/941] MWCC build/GEDE01/src/game/game_fn_8018D1F0.o
[328/941] MWCC build/GEDE01/src/game/game_fn_8018D2E0.o
[329/941] MWCC build/GEDE01/src/game/game_fn_8018D400.o
[330/941] MWCC build/GEDE01/src/game/game_fn_8018D688.o
[331/941] MWCC build/GEDE01/src/game/game_fn_8018DC24.o
[332/941] MWCC build/GEDE01/src/game/game_fn_8018E0D8.o
[333/941] MWCC build/GEDE01/src/game/game_fn_8018F1D0.o
[334/941] MWCC build/GEDE01/src/game/game_fn_8018F81C.o
[335/941] MWCC build/GEDE01/src/game/game_fn_8018FEDC.o
[336/941] MWCC build/GEDE01/src/game/game_fn_8019120C.o
[337/941] MWCC build/GEDE01/src/game/game_fn_80191360.o
[338/941] MWCC build/GEDE01/src/game/game_fn_801916D0.o
[339/941] MWCC build/GEDE01/src/game/game_fn_8019197C.o
[340/941] MWCC build/GEDE01/src/game/game_fn_80191F58.o
[341/941] MWCC build/GEDE01/src/game/game_fn_801926EC.o
[342/941] MWCC build/GEDE01/src/game/game_fn_801929A4.o
[343/941] MWCC build/GEDE01/src/game/game_fn_80192F54.o
[344/941] MWCC build/GEDE01/src/game/game_fn_801931C4.o
[345/941] MWCC build/GEDE01/src/game/game_fn_80193E1C.o
[346/941] MWCC build/GEDE01/src/game/game_fn_80193F3C.o
[347/941] MWCC build/GEDE01/src/game/game_fn_80194F80.o
[348/941] MWCC build/GEDE01/src/game/game_fn_801952E8.o
[349/941] MWCC build/GEDE01/src/game/game_fn_80197910.o
[350/941] MWCC build/GEDE01/src/game/game_fn_80198154.o
[351/941] MWCC build/GEDE01/src/game/game_fn_80198AAC.o
[352/941] MWCC build/GEDE01/src/game/game_fn_80198BF4.o
[353/941] MWCC build/GEDE01/src/game/game_fn_801991E0.o
[354/941] MWCC build/GEDE01/src/game/game_fn_8019B1BC.o
[355/941] MWCC build/GEDE01/src/game/game_fn_8019CC28.o
[356/941] MWCC build/GEDE01/src/game/game_fn_8019CFC4.o
[357/941] MWCC build/GEDE01/src/game/game_fn_8019E5E4.o
[358/941] MWCC build/GEDE01/src/game/game_fn_8019E8C8.o
[359/941] MWCC build/GEDE01/src/game/game_fn_801A1F18.o
[360/941] MWCC build/GEDE01/src/game/game_fn_801A1F8C.o
[361/941] MWCC build/GEDE01/src/game/game_fn_801A2A54.o
[362/941] MWCC build/GEDE01/src/game/game_fn_801A34BC.o
[363/941] MWCC build/GEDE01/src/game/game_fn_801A3A78.o
[364/941] MWCC build/GEDE01/src/game/game_fn_801A4430.o
[365/941] MWCC build/GEDE01/src/game/game_fn_801A4CE0.o
[366/941] MWCC build/GEDE01/src/game/game_fn_801A5FB0.o
[367/941] MWCC build/GEDE01/src/game/game_fn_801A6350.o
[368/941] MWCC build/GEDE01/src/game/game_fn_801A6410.o
[369/941] MWCC build/GEDE01/src/game/game_fn_801A657C.o
[370/941] MWCC build/GEDE01/src/game/game_fn_801A6ADC.o
[371/941] MWCC build/GEDE01/src/game/game_fn_801A6C58.o
[372/941] MWCC build/GEDE01/src/game/game_fn_801A6CB4.o
[373/941] MWCC build/GEDE01/src/game/game_fn_801A7E04.o
[374/941] MWCC build/GEDE01/src/game/game_fn_801A7EA8.o
[375/941] MWCC build/GEDE01/src/game/game_fn_801A93E8.o
[376/941] MWCC build/GEDE01/src/game/game_fn_801AB154.o
[377/941] MWCC build/GEDE01/src/game/game_fn_801ABD3C.o
[378/941] MWCC build/GEDE01/src/game/game_fn_801AC8AC.o
[379/941] MWCC build/GEDE01/src/game/game_fn_801ACFE8.o
[380/941] MWCC build/GEDE01/src/game/game_fn_801AD08C.o
[381/941] MWCC build/GEDE01/src/game/game_fn_801AFA74.o
[382/941] MWCC build/GEDE01/src/game/game_fn_801B02F0.o
[383/941] MWCC build/GEDE01/src/game/game_fn_801B1BA0.o
[384/941] MWCC build/GEDE01/src/game/game_fn_801B35BC.o
[385/941] MWCC build/GEDE01/src/game/game_fn_801B46C8.o
[386/941] MWCC build/GEDE01/src/game/game_fn_801B4FB4.o
[387/941] MWCC build/GEDE01/src/game/game_fn_801B5228.o
[388/941] MWCC build/GEDE01/src/game/game_fn_801B58F0.o
[389/941] MWCC build/GEDE01/src/game/game_fn_801B6F1C.o
[390/941] MWCC build/GEDE01/src/game/game_fn_801B86C0.o
[391/941] MWCC build/GEDE01/src/game/game_fn_801B941C.o
[392/941] MWCC build/GEDE01/src/game/game_fn_801B9E7C.o
[393/941] MWCC build/GEDE01/src/game/game_fn_801BA15C.o
[394/941] MWCC build/GEDE01/src/game/game_fn_801BA708.o
[395/941] MWCC build/GEDE01/src/game/game_fn_801BA94C.o
[396/941] MWCC build/GEDE01/src/game/game_fn_801BB1A0.o
[397/941] MWCC build/GEDE01/src/game/game_fn_801BC0D4.o
[398/941] MWCC build/GEDE01/src/game/game_fn_801BC240.o
[399/941] MWCC build/GEDE01/src/game/game_fn_801BC8F4.o
[400/941] MWCC build/GEDE01/src/game/game_fn_801BCC04.o
[401/941] MWCC build/GEDE01/src/game/game_fn_801BD990.o
[402/941] MWCC build/GEDE01/src/game/game_fn_801BDE7C.o
[403/941] MWCC build/GEDE01/src/game/game_fn_801BE0D4.o
[404/941] MWCC build/GEDE01/src/game/game_fn_801C1CB0.o
[405/941] MWCC build/GEDE01/src/game/game_fn_801BEF40.o
[406/941] MWCC build/GEDE01/src/game/game_fn_801C2980.o
[407/941] MWCC build/GEDE01/src/game/game_fn_801C29BC.o
[408/941] MWCC build/GEDE01/src/game/game_fn_801C2AAC.o
[409/941] MWCC build/GEDE01/src/game/game_fn_801C2D9C.o
[410/941] MWCC build/GEDE01/src/game/game_fn_801C8160.o
[411/941] MWCC build/GEDE01/src/game/game_fn_801C8224.o
[412/941] MWCC build/GEDE01/src/game/game_fn_801C8600.o
[413/941] MWCC build/GEDE01/src/game/game_fn_801C4B5C.o
[414/941] MWCC build/GEDE01/src/game/game_fn_801C87DC.o
[415/941] MWCC build/GEDE01/src/game/game_fn_801C8CC0.o
[416/941] MWCC build/GEDE01/src/game/game_fn_801C8F50.o
[417/941] MWCC build/GEDE01/src/game/game_fn_801C90A4.o
[418/941] MWCC build/GEDE01/src/game/game_fn_801C9510.o
[419/941] MWCC build/GEDE01/src/game/game_fn_801C970C.o
[420/941] MWCC build/GEDE01/src/game/game_fn_801C9A08.o
[421/941] MWCC build/GEDE01/src/game/game_fn_801C9B1C.o
[422/941] MWCC build/GEDE01/src/game/game_fn_801CB4F8.o
[423/941] MWCC build/GEDE01/src/game/game_fn_801CD228.o
[424/941] MWCC build/GEDE01/src/game/game_fn_801CE09C.o
[425/941] MWCC build/GEDE01/src/game/game_fn_801CE594.o
[426/941] MWCC build/GEDE01/src/game/game_fn_801D1B10.o
[427/941] MWCC build/GEDE01/src/game/game_fn_801D1F78.o
[428/941] MWCC build/GEDE01/src/game/game_fn_801D3988.o
[429/941] MWCC build/GEDE01/src/game/game_fn_801D73D0.o
[430/941] MWCC build/GEDE01/src/game/game_fn_801D76A8.o
[431/941] MWCC build/GEDE01/src/game/game_fn_801D7C24.o
[432/941] MWCC build/GEDE01/src/game/game_fn_801D8050.o
[433/941] MWCC build/GEDE01/src/game/game_fn_801D9FE4.o
[434/941] MWCC build/GEDE01/src/game/game_fn_801DDB84.o
[435/941] MWCC build/GEDE01/src/game/game_fn_801DE8B4.o
[436/941] MWCC build/GEDE01/src/game/game_fn_801E2A48.o
[437/941] MWCC build/GEDE01/src/game/game_fn_801E41AC.o
[438/941] MWCC build/GEDE01/src/game/game_fn_801E504C.o
[439/941] MWCC build/GEDE01/src/game/game_fn_801E6814.o
[440/941] MWCC build/GEDE01/src/game/game_fn_801E7014.o
[441/941] MWCC build/GEDE01/src/game/game_fn_801E995C.o
[442/941] MWCC build/GEDE01/src/game/game_fn_801EAA04.o
[443/941] MWCC build/GEDE01/src/game/game_fn_801EB09C.o
[444/941] MWCC build/GEDE01/src/game/game_fn_801EB11C.o
[445/941] MWCC build/GEDE01/src/game/game_fn_801ECD74.o
[446/941] MWCC build/GEDE01/src/game/game_fn_801ECF50.o
[447/941] MWCC build/GEDE01/src/game/game_fn_801ED5F4.o
[448/941] MWCC build/GEDE01/src/game/game_fn_801EF580.o
[449/941] MWCC build/GEDE01/src/game/game_fn_801EF910.o
[450/941] MWCC build/GEDE01/src/game/game_fn_801F0CB0.o
[451/941] MWCC build/GEDE01/src/game/game_fn_801F10BC.o
[452/941] MWCC build/GEDE01/src/game/game_fn_801F1A38.o
[453/941] MWCC build/GEDE01/src/game/game_fn_801F35A8.o
[454/941] MWCC build/GEDE01/src/game/game_fn_801F55A0.o
[455/941] MWCC build/GEDE01/src/game/game_fn_801F69F0.o
[456/941] MWCC build/GEDE01/src/game/game_fn_801F6BD8.o
[457/941] MWCC build/GEDE01/src/game/game_fn_801F7510.o
[458/941] MWCC build/GEDE01/src/game/game_fn_801F76EC.o
[459/941] MWCC build/GEDE01/src/game/game_fn_801F8264.o
[460/941] MWCC build/GEDE01/src/game/game_fn_801F89B4.o
[461/941] MWCC build/GEDE01/src/game/game_fn_801F8FAC.o
[462/941] MWCC build/GEDE01/src/game/game_fn_801F9AF8.o
[463/941] MWCC build/GEDE01/src/game/game_fn_801F9CF4.o
[464/941] MWCC build/GEDE01/src/game/game_fn_801FA9C8.o
[465/941] MWCC build/GEDE01/src/game/game_fn_801FB6A4.o
[466/941] MWCC build/GEDE01/src/game/game_fn_801FC034.o
[467/941] MWCC build/GEDE01/src/game/game_fn_801FC204.o
[468/941] EXTERNALIZE build/GEDE01/src/game/game_fn_800A2B8C.o
[469/941] MWCC build/GEDE01/src/game/game_fn_801FFE78.o
[470/941] EXTERNALIZE build/GEDE01/src/game/game_fn_800DC4D4.o
[471/941] EXTERNALIZE build/GEDE01/src/game/game_fn_80119C70.o
[472/941] EXTERNALIZE build/GEDE01/src/game/game_fn_80175A08.o
[473/941] EXTERNALIZE build/GEDE01/src/game/game_fn_80066E78.o
[474/941] EXTERNALIZE build/GEDE01/src/game/game_fn_801247F8.o
[475/941] EXTERNALIZE build/GEDE01/src/game/game_fn_801EF910.o
[476/941] EXTERNALIZE build/GEDE01/src/game/game_fn_801ECF50.o
[477/941] EXTERNALIZE build/GEDE01/src/game/game_fn_801FC204.o
[478/941] EXTERNALIZE build/GEDE01/src/game/game_fn_801EB09C.o
[479/941] EXTERNALIZE JUMPTABLES build/GEDE01/src/game/game_fn_80050B08.o
[480/941] EXTERNALIZE build/GEDE01/src/game/game_fn_801EB11C.o
[481/941] EXTERNALIZE build/GEDE01/src/game/game_fn_801D9FE4.o
[482/941] EXTERNALIZE build/GEDE01/src/game/game_fn_801E41AC.o
[483/941] EXTERNALIZE build/GEDE01/src/game/game_fn_801D73D0.o
[484/941] EXTERNALIZE build/GEDE01/src/game/game_fn_801D76A8.o
[485/941] EXTERNALIZE build/GEDE01/src/game/game_fn_801D8050.o
[486/941] EXTERNALIZE build/GEDE01/src/game/game_fn_801D7C24.o
[487/941] EXTERNALIZE build/GEDE01/src/game/game_fn_8019B1BC.o
[488/941] EXTERNALIZE build/GEDE01/src/game/game_fn_80178F88.o
[489/941] EXTERNALIZE build/GEDE01/src/game/game_fn_801CD228.o
[490/941] EXTERNALIZE build/GEDE01/src/game/game_fn_801C970C.o
[491/941] EXTERNALIZE build/GEDE01/src/game/game_fn_801BA15C.o
[492/941] EXTERNALIZE build/GEDE01/src/game/game_fn_801C9510.o
[493/941] EXTERNALIZE build/GEDE01/src/game/game_fn_80126A00.o
[494/941] EXTERNALIZE build/GEDE01/src/game/game_fn_8013D6A4.o
[495/941] EXTERNALIZE build/GEDE01/src/game/game_fn_800C9C60.o
[496/941] EXTERNALIZE build/GEDE01/src/game/game_fn_801B5228.o
[497/941] EXTERNALIZE build/GEDE01/src/game/game_fn_801B4FB4.o
[498/941] EXTERNALIZE build/GEDE01/src/game/game_fn_801C87DC.o
[499/941] EXTERNALIZE build/GEDE01/src/game/game_fn_801B6F1C.o
[500/941] EXTERNALIZE build/GEDE01/src/game/game_fn_801C8CC0.o
[501/941] EXTERNALIZE build/GEDE01/src/game/game_fn_800FD0C8.o
[502/941] EXTERNALIZE build/GEDE01/src/game/game_fn_801BDE7C.o
[503/941] EXTERNALIZE build/GEDE01/src/game/game_fn_801BE0D4.o
[504/941] EXTERNALIZE STATIC POOL build/GEDE01/src/game/game_fn_801C9A08.o
build/GEDE01/src/game/game_fn_801C9A08.o: lbl_80629390 now undefined; section 3 emptied
[505/941] EXTERNALIZE STATIC POOL build/GEDE01/src/game/game_fn_801C9B1C.o
build/GEDE01/src/game/game_fn_801C9B1C.o: lbl_80629390 now undefined; section 3 emptied
[506/941] EXTERNALIZE build/GEDE01/src/game/game_fn_801B941C.o
[507/941] EXTERNALIZE STATIC POOL build/GEDE01/src/game/game_fn_801BD990.o
build/GEDE01/src/game/game_fn_801BD990.o: lbl_80626D80 now undefined; section 6 emptied
[508/941] EXTERNALIZE STATIC POOL build/GEDE01/src/game/game_fn_801B58F0.o
build/GEDE01/src/game/game_fn_801B58F0.o: lbl_8060C020 now undefined; section 3 emptied
[509/941] EXTERNALIZE STATIC POOL build/GEDE01/src/game/game_fn_801B9E7C.o
build/GEDE01/src/game/game_fn_801B9E7C.o: 0 relocation(s) moved from streamInfo to ...bss.0
build/GEDE01/src/game/game_fn_801B9E7C.o: lbl_8061AE48 now undefined; section 6 emptied
[510/941] EXTERNALIZE STATIC POOL build/GEDE01/src/game/game_fn_801BB1A0.o
build/GEDE01/src/game/game_fn_801BB1A0.o: 0 relocation(s) moved from streamInfo to ...bss.0
build/GEDE01/src/game/game_fn_801BB1A0.o: lbl_8061AE48 now undefined; section 6 emptied
[511/941] EXTERNALIZE STATIC POOL build/GEDE01/src/game/game_fn_801BA708.o
build/GEDE01/src/game/game_fn_801BA708.o: 0 relocation(s) moved from streamInfo to ...bss.0
build/GEDE01/src/game/game_fn_801BA708.o: lbl_8061AE48 now undefined; section 6 emptied
[512/941] EXTERNALIZE STATIC build/GEDE01/src/game/game_fn_801B35BC.o
build/GEDE01/src/game/game_fn_801B35BC.o: lbl_8060D420 now undefined; section 6 emptied
[513/941] EXTERNALIZE build/GEDE01/src/game/game_fn_801BA94C.o
build/GEDE01/src/game/game_fn_801BA94C.o: 0 relocation(s) moved from streamInfo to ...bss.0
build/GEDE01/src/game/game_fn_801BA94C.o: lbl_8061AE48 now undefined; section 6 emptied
[514/941] EXTERNALIZE STATIC POOL build/GEDE01/src/game/game_fn_801BC8F4.o
build/GEDE01/src/game/game_fn_801BC8F4.o: lbl_8061C748 now undefined; section 6 emptied
[515/941] EXTERNALIZE STATIC build/GEDE01/src/game/game_fn_801BC240.o
build/GEDE01/src/game/game_fn_801BC240.o: lbl_8061C748 now undefined; section 6 emptied
[516/941] EXTERNALIZE STATIC POOL build/GEDE01/src/game/game_fn_801BCC04.o
build/GEDE01/src/game/game_fn_801BCC04.o: lbl_8061C748 now undefined; section 6 emptied
[517/941] EXTERNALIZE STATIC POOL build/GEDE01/src/game/game_fn_801BC0D4.o
build/GEDE01/src/game/game_fn_801BC0D4.o: lbl_8061C748 now undefined; section 6 emptied
[518/941] EXTERNALIZE STATIC POOL build/GEDE01/src/game/game_fn_801C1CB0.o
build/GEDE01/src/game/game_fn_801C1CB0.o: lbl_80626DA0 now undefined; section 3 emptied
[519/941] RENAME build/GEDE01/src/game/game_InitMetroTRKCommTable.o
[520/941] EXTERNALIZE STATIC POOL build/GEDE01/src/game/game_fn_801CE09C.o
build/GEDE01/src/game/game_fn_801CE09C.o: lbl_80631340 now undefined; section 6 emptied
[521/941] RENAME RUNTIME INTRINSICS build/GEDE01/src/game/game_fn_801CB4F8.o
[522/941] EXTERNALIZE STATIC POOL build/GEDE01/src/game/game_fn_8010242C.o
build/GEDE01/src/game/game_fn_8010242C.o: lbl_8032CC08 now undefined; section 3 emptied
[523/941] EXTERNALIZE build/GEDE01/src/game/game_fn_801D3988.o
[524/941] EXTERNALIZE build/GEDE01/src/game/game_fn_801D1B10.o
[525/941] ALIGN DATA build/GEDE01/src/game/game_fn_8005EF94.o
[526/941] ALIGN DATA build/GEDE01/src/game/game_fn_801A6350.o
[527/941] ALIGN DATA build/GEDE01/src/game/game_fn_80008014.o
[528/941] EXTERNALIZE build/GEDE01/src/game/game_fn_801CE594.o
[529/941] EXTERNALIZE build/GEDE01/src/game/game_fn_8014549C.o
[530/941] EXTERNALIZE build/GEDE01/src/game/game_fn_801C8224.o
[531/941] EXTERNALIZE build/GEDE01/src/game/game_fn_801098C0.o
[532/941] EXTERNALIZE build/GEDE01/src/game/game_fn_8000FDE8.o
[533/941] EXTERNALIZE build/GEDE01/src/game/game_fn_80185F10.o
[534/941] EXTERNALIZE build/GEDE01/src/game/game_fn_801C29BC.o
[535/941] EXTERNALIZE build/GEDE01/src/game/game_fn_801C8F50.o
[536/941] EXTERNALIZE build/GEDE01/src/game/game_fn_8007B828.o
[537/941] EXTERNALIZE build/GEDE01/src/game/game_fn_801C90A4.o
[538/941] EXTERNALIZE build/GEDE01/src/game/game_fn_801C8160.o
[539/941] EXTERNALIZE build/GEDE01/src/game/game_fn_801C2AAC.o
[540/941] EXTERNALIZE build/GEDE01/src/game/game_fn_801C2D9C.o
[541/941] EXTERNALIZE build/GEDE01/src/game/game_fn_801C2980.o
[542/941] EXTERNALIZE build/GEDE01/src/game/game_fn_801B02F0.o
[543/941] EXTERNALIZE build/GEDE01/src/game/game_fn_801AFA74.o
[544/941] EXTERNALIZE build/GEDE01/src/game/game_fn_801AC8AC.o
[545/941] EXTERNALIZE build/GEDE01/src/game/game_fn_801ABD3C.o
[546/941] EXTERNALIZE build/GEDE01/src/game/game_fn_801816D4.o
[547/941] EXTERNALIZE build/GEDE01/src/game/game_fn_8011F140.o
[548/941] EXTERNALIZE build/GEDE01/src/game/game_fn_801AD08C.o
[549/941] EXTERNALIZE build/GEDE01/src/game/game_fn_8004998C.o
[550/941] EXTERNALIZE build/GEDE01/src/game/game_fn_80079AA4.o
[551/941] EXTERNALIZE build/GEDE01/src/game/game_fn_80158D38.o
[552/941] EXTERNALIZE build/GEDE01/src/game/game_fn_801A3A78.o
[553/941] EXTERNALIZE build/GEDE01/src/game/game_fn_8008F224.o
[554/941] EXTERNALIZE build/GEDE01/src/game/game_fn_80167454.o
[555/941] EXTERNALIZE build/GEDE01/src/game/game_fn_800AF230.o
[556/941] EXTERNALIZE build/GEDE01/src/game/game_fn_801A93E8.o
[557/941] EXTERNALIZE build/GEDE01/src/game/game_fn_801AB154.o
[558/941] EXTERNALIZE build/GEDE01/src/game/game_fn_801A7E04.o
[559/941] EXTERNALIZE build/GEDE01/src/game/game_fn_801A7EA8.o
[560/941] EXTERNALIZE build/GEDE01/src/game/game_fn_801A6CB4.o
[561/941] EXTERNALIZE build/GEDE01/src/game/game_fn_801A4CE0.o
[562/941] EXTERNALIZE build/GEDE01/src/game/game_fn_801A6C58.o
[563/941] NAME JUMPTABLE build/GEDE01/src/game/game_fn_801A6ADC.o
[564/941] EXTERNALIZE build/GEDE01/src/game/game_fn_801A6410.o
[565/941] EXTERNALIZE build/GEDE01/src/game/game_fn_801A5FB0.o
[566/941] EXTERNALIZE build/GEDE01/src/game/game_fn_801A1F18.o
[567/941] EXTERNALIZE build/GEDE01/src/game/game_fn_8019E8C8.o
[568/941] EXTERNALIZE build/GEDE01/src/game/game_fn_8019E5E4.o
[569/941] EXTERNALIZE build/GEDE01/src/game/game_fn_8019CFC4.o
[570/941] EXTERNALIZE build/GEDE01/src/game/game_fn_8019CC28.o
[571/941] EXTERNALIZE build/GEDE01/src/game/game_fn_801991E0.o
[572/941] EXTERNALIZE build/GEDE01/src/game/game_fn_80198BF4.o
[573/941] EXTERNALIZE build/GEDE01/src/game/game_fn_80198AAC.o
[574/941] EXTERNALIZE build/GEDE01/src/game/game_fn_80198154.o
[575/941] EXTERNALIZE build/GEDE01/src/game/game_fn_80194F80.o
[576/941] EXTERNALIZE build/GEDE01/src/game/game_fn_80197910.o
[577/941] EXTERNALIZE build/GEDE01/src/game/game_fn_80177434.o
repointed 2 relocations to lbl_80250588
[578/941] EXTERNALIZE build/GEDE01/src/game/game_fn_80193E1C.o
[579/941] EXTERNALIZE build/GEDE01/src/game/game_fn_801931C4.o
[580/941] EXTERNALIZE build/GEDE01/src/game/game_fn_80193F3C.o
[581/941] EXTERNALIZE build/GEDE01/src/game/game_fn_80192F54.o
[582/941] EXTERNALIZE build/GEDE01/src/game/game_fn_80191F58.o
[583/941] EXTERNALIZE build/GEDE01/src/game/game_fn_8019197C.o
[584/941] EXTERNALIZE build/GEDE01/src/game/game_fn_80191360.o
[585/941] GLOBALIZE build/GEDE01/src/game/game_fn_8018F1D0.o
[586/941] EXTERNALIZE build/GEDE01/src/game/game_fn_8018D688.o
[587/941] EXTERNALIZE build/GEDE01/src/game/game_fn_8018F81C.o
[588/941] EXTERNALIZE build/GEDE01/src/game/game_fn_8018D2E0.o
[589/941] EXTERNALIZE build/GEDE01/src/game/game_fn_80189968.o
[590/941] EXTERNALIZE build/GEDE01/src/game/game_fn_80189760.o
[591/941] EXTERNALIZE build/GEDE01/src/game/game_fn_8018D1F0.o
[592/941] EXTERNALIZE build/GEDE01/src/game/game_fn_801896A0.o
[593/941] EXTERNALIZE build/GEDE01/src/game/game_fn_801895E8.o
[594/941] EXTERNALIZE build/GEDE01/src/game/game_fn_80189390.o
[595/941] EXTERNALIZE build/GEDE01/src/game/game_fn_801891D8.o
[596/941] EXTERNALIZE build/GEDE01/src/game/game_fn_80188E28.o
[597/941] EXTERNALIZE build/GEDE01/src/game/game_fn_80189028.o
[598/941] EXTERNALIZE build/GEDE01/src/game/game_fn_80188B44.o
[599/941] EXTERNALIZE build/GEDE01/src/game/game_fn_80188C1C.o
[600/941] EXTERNALIZE build/GEDE01/src/game/game_fn_80188A7C.o
[601/941] EXTERNALIZE build/GEDE01/src/game/game_fn_801878E0.o
[602/941] EXTERNALIZE build/GEDE01/src/game/game_fn_80187120.o
[603/941] EXTERNALIZE build/GEDE01/src/game/game_fn_8018FEDC.o
[604/941] EXTERNALIZE build/GEDE01/src/game/game_fn_80186E10.o
[605/941] EXTERNALIZE build/GEDE01/src/game/game_fn_801865EC.o
[606/941] EXTERNALIZE build/GEDE01/src/game/game_fn_80185AE8.o
[607/941] EXTERNALIZE build/GEDE01/src/game/game_fn_801859FC.o
[608/941] EXTERNALIZE build/GEDE01/src/game/game_fn_80180DDC.o
[609/941] EXTERNALIZE build/GEDE01/src/game/game_fn_8017E958.o
[610/941] EXTERNALIZE build/GEDE01/src/game/game_fn_8017E850.o
[611/941] EXTERNALIZE build/GEDE01/src/game/game_fn_8017718C.o
[612/941] EXTERNALIZE build/GEDE01/src/game/game_fn_801770F8.o
[613/941] EXTERNALIZE build/GEDE01/src/game/game_fn_80176FA0.o
[614/941] EXTERNALIZE build/GEDE01/src/game/game_fn_80176DF4.o
[615/941] EXTERNALIZE build/GEDE01/src/game/game_fn_80174358.o
[616/941] EXTERNALIZE build/GEDE01/src/game/game_fn_80173F04.o
[617/941] EXTERNALIZE build/GEDE01/src/game/game_fn_80174184.o
[618/941] EXTERNALIZE build/GEDE01/src/game/game_fn_8017553C.o
[619/941] EXTERNALIZE build/GEDE01/src/game/game_fn_80173D44.o
[620/941] EXTERNALIZE build/GEDE01/src/game/game_fn_80173770.o
[621/941] EXTERNALIZE build/GEDE01/src/game/game_fn_801734B4.o
[622/941] EXTERNALIZE build/GEDE01/src/game/game_fn_80173270.o
[623/941] EXTERNALIZE build/GEDE01/src/game/game_fn_80172DB8.o
[624/941] EXTERNALIZE build/GEDE01/src/game/game_fn_80172C78.o
[625/941] EXTERNALIZE build/GEDE01/src/game/game_fn_80172BB0.o
[626/941] EXTERNALIZE build/GEDE01/src/game/game_fn_801726EC.o
[627/941] EXTERNALIZE build/GEDE01/src/game/game_fn_8017250C.o
[628/941] EXTERNALIZE build/GEDE01/src/game/game_fn_80171F30.o
[629/941] EXTERNALIZE build/GEDE01/src/game/game_fn_801719B4.o
[630/941] EXTERNALIZE build/GEDE01/src/game/game_fn_80171664.o
[631/941] EXTERNALIZE build/GEDE01/src/game/game_fn_801718F4.o
[632/941] EXTERNALIZE build/GEDE01/src/game/game_fn_80170A40.o
[633/941] EXTERNALIZE build/GEDE01/src/game/game_fn_8017138C.o
[634/941] NORMALIZE build/GEDE01/src/game/game_TRKNubWelcome.o
[635/941] NORMALIZE build/GEDE01/src/game/game_TRK_main.o
[636/941] NORMALIZE build/GEDE01/src/game/game_data_80239E10.o
[637/941] NORMALIZE build/GEDE01/src/game/game_data_80239E18.o
[638/941] EXTERNALIZE build/GEDE01/src/game/game_fn_801706DC.o
[639/941] EXTERNALIZE build/GEDE01/src/game/game_fn_8017652C.o
[640/941] EXTERNALIZE build/GEDE01/src/game/game_fn_80170E9C.o
[641/941] EXTERNALIZE build/GEDE01/src/game/game_fn_80175E64.o
[642/941] EXTERNALIZE build/GEDE01/src/game/game_fn_80175F0C.o
[643/941] EXTERNALIZE build/GEDE01/src/game/game_fn_80175FD4.o
[644/941] EXTERNALIZE build/GEDE01/src/game/game_fn_80176098.o
[645/941] EXTERNALIZE build/GEDE01/src/game/game_fn_80176160.o
[646/941] EXTERNALIZE build/GEDE01/src/game/game_fn_80176220.o
[647/941] EXTERNALIZE build/GEDE01/src/game/game_fn_80170DF4.o
[648/941] EXTERNALIZE build/GEDE01/src/game/game_fn_801762E8.o
[649/941] EXTERNALIZE build/GEDE01/src/game/game_fn_8016E8F8.o
[650/941] EXTERNALIZE build/GEDE01/src/game/game_fn_8016FEF8.o
[651/941] EXTERNALIZE build/GEDE01/src/game/game_fn_801704F8.o
[652/941] NORMALIZE build/GEDE01/src/game/game_fn_8016DF4C.o
[653/941] EXTERNALIZE build/GEDE01/src/game/game_fn_8016D2B8.o
[654/941] EXTERNALIZE build/GEDE01/src/game/game_fn_8016D040.o
[655/941] EXTERNALIZE build/GEDE01/src/game/game_fn_8016D1F8.o
[656/941] EXTERNALIZE build/GEDE01/src/game/game_fn_8016C774.o
[657/941] EXTERNALIZE build/GEDE01/src/game/game_fn_8016C4BC.o
[658/941] EXTERNALIZE build/GEDE01/src/game/game_fn_8016C238.o
[659/941] EXTERNALIZE build/GEDE01/src/game/game_fn_8016C164.o
[660/941] EXTERNALIZE build/GEDE01/src/game/game_fn_8016C0BC.o
[661/941] EXTERNALIZE build/GEDE01/src/game/game_fn_8017038C.o
[662/941] EXTERNALIZE build/GEDE01/src/game/game_fn_8016BE1C.o
[663/941] EXTERNALIZE build/GEDE01/src/game/game_fn_8016BF60.o
[664/941] EXTERNALIZE build/GEDE01/src/game/game_fn_80169650.o
[665/941] EXTERNALIZE build/GEDE01/src/game/game_fn_8016BD0C.o
[666/941] EXTERNALIZE build/GEDE01/src/game/game_fn_8015EDC0.o
[667/941] EXTERNALIZE build/GEDE01/src/game/game_fn_80167B5C.o
[668/941] EXTERNALIZE build/GEDE01/src/game/game_fn_8015DB84.o
[669/941] EXTERNALIZE build/GEDE01/src/game/game_fn_8015DC54.o
[670/941] EXTERNALIZE build/GEDE01/src/game/game_fn_80158B20.o
[671/941] EXTERNALIZE build/GEDE01/src/game/game_fn_80179398.o
[672/941] EXTERNALIZE build/GEDE01/src/game/game_fn_8017960C.o
[673/941] EXTERNALIZE build/GEDE01/src/game/game_fn_8017974C.o
[674/941] EXTERNALIZE build/GEDE01/src/game/game_fn_80179904.o
[675/941] EXTERNALIZE build/GEDE01/src/game/game_fn_8017A9B8.o
[676/941] EXTERNALIZE build/GEDE01/src/game/game_fn_80179A18.o
[677/941] EXTERNALIZE build/GEDE01/src/game/game_fn_80179A74.o
[678/941] EXTERNALIZE build/GEDE01/src/game/game_fn_80179EB8.o
[679/941] EXTERNALIZE build/GEDE01/src/game/game_fn_80179F20.o
[680/941] EXTERNALIZE build/GEDE01/src/game/game_fn_8017A010.o
[681/941] EXTERNALIZE build/GEDE01/src/game/game_fn_8017A12C.o
[682/941] EXTERNALIZE build/GEDE01/src/game/game_fn_80157C0C.o
[683/941] EXTERNALIZE build/GEDE01/src/game/game_fn_8017A1C0.o
[684/941] EXTERNALIZE build/GEDE01/src/game/game_fn_80155814.o
[685/941] EXTERNALIZE build/GEDE01/src/game/game_fn_80153898.o
[686/941] EXTERNALIZE build/GEDE01/src/game/game_fn_8014B494.o
[687/941] EXTERNALIZE build/GEDE01/src/game/game_fn_8014AF38.o
[688/941] EXTERNALIZE build/GEDE01/src/game/game_fn_8012DB28.o
[689/941] EXTERNALIZE build/GEDE01/src/game/game_fn_801141B8.o
[690/941] EXTERNALIZE build/GEDE01/src/game/game_fn_801128E4.o
[691/941] EXTERNALIZE build/GEDE01/src/game/game_fn_801126E0.o
[692/941] EXTERNALIZE build/GEDE01/src/game/game_fn_8010F184.o
[693/941] EXTERNALIZE build/GEDE01/src/game/game_fn_800E4980.o
[694/941] EXTERNALIZE build/GEDE01/src/game/game_fn_800C17EC.o
[695/941] EXTERNALIZE build/GEDE01/src/game/game_fn_800C030C.o
[696/941] EXTERNALIZE build/GEDE01/src/game/game_fn_800C59F0.o
[697/941] EXTERNALIZE build/GEDE01/src/game/game_fn_800C644C.o
[698/941] EXTERNALIZE build/GEDE01/src/game/game_fn_800C65FC.o
[699/941] EXTERNALIZE build/GEDE01/src/game/game_fn_800CB760.o
[700/941] EXTERNALIZE build/GEDE01/src/game/game_fn_800CB8F4.o
[701/941] EXTERNALIZE build/GEDE01/src/game/game_fn_80078500.o
[702/941] EXTERNALIZE build/GEDE01/src/game/game_fn_80079908.o
[703/941] EXTERNALIZE build/GEDE01/src/game/game_fn_8007B2F4.o
[704/941] EXTERNALIZE build/GEDE01/src/game/game_fn_8007B540.o
[705/941] EXTERNALIZE build/GEDE01/src/game/game_fn_8007B640.o
[706/941] EXTERNALIZE build/GEDE01/src/game/game_fn_800886D8.o
[707/941] EXTERNALIZE build/GEDE01/src/game/game_fn_8007BA3C.o
[708/941] EXTERNALIZE build/GEDE01/src/game/game_fn_800934A0.o
[709/941] EXTERNALIZE build/GEDE01/src/game/game_fn_800A3894.o
[710/941] EXTERNALIZE build/GEDE01/src/game/game_fn_800A7E88.o
[711/941] EXTERNALIZE build/GEDE01/src/game/game_fn_800A4798.o
[712/941] GLOBALIZE build/GEDE01/src/game/game_fn_800A2130.o
[713/941] EXTERNALIZE build/GEDE01/src/game/game_fn_800A2FCC.o
[714/941] EXTERNALIZE build/GEDE01/src/game/game_fn_8009C424.o
[715/941] EXTERNALIZE build/GEDE01/src/game/game_fn_80096830.o
[716/941] GLOBALIZE build/GEDE01/src/game/game_fn_8008F890.o
[717/941] EXTERNALIZE SWITCHES build/GEDE01/src/game/game_fn_80095FDC.o
[718/941] EXTERNALIZE build/GEDE01/src/game/game_fn_800A4428.o
[719/941] EXTERNALIZE build/GEDE01/src/game/game_fn_80074310.o
[720/941] GLOBALIZE build/GEDE01/src/game/game_fn_8005FD84.o
[721/941] EXTERNALIZE build/GEDE01/src/game/game_fn_80066888.o
[722/941] EXTERNALIZE build/GEDE01/src/game/game_fn_8005EC6C.o
[723/941] EXTERNALIZE build/GEDE01/src/game/game_fn_80052310.o
[724/941] EXTERNALIZE build/GEDE01/src/game/game_fn_80048B24.o
[725/941] NAME SWITCH build/GEDE01/src/game/game_fn_80020E94.o
[726/941] NAME SWITCH build/GEDE01/src/game/game_fn_8005EE9C.o
[727/941] NAME SWITCH build/GEDE01/src/game/game_fn_8016D9C0.o
[728/941] EXTERNALIZE build/GEDE01/src/game/game_fn_80048ADC.o
[729/941] NAME SWITCH build/GEDE01/src/game/game_fn_80071A58.o
[730/941] NAME SWITCH build/GEDE01/src/game/game_fn_8006B620.o
[731/941] NAME SWITCH build/GEDE01/src/game/game_fn_8001FE1C.o
[732/941] NAME SWITCH build/GEDE01/src/game/game_fn_8001E644.o
[733/941] EXTERNALIZE build/GEDE01/src/game/game_fn_80038878.o
[734/941] EXTERNALIZE build/GEDE01/src/game/game_fn_801B46C8.o
build/GEDE01/src/game/game_fn_801B46C8.o: lbl_8060C020 now undefined; section 6 emptied
[735/941] EXTERNALIZE build/GEDE01/src/game/game_fn_80036C40.o
[736/941] EXTERNALIZE build/GEDE01/src/game/game_fn_800359A0.o
[737/941] EXTERNALIZE build/GEDE01/src/game/game_fn_80033180.o
[738/941] EXTERNALIZE build/GEDE01/src/game/game_fn_80033038.o
[739/941] EXTERNALIZE build/GEDE01/src/game/game_fn_80032B84.o
[740/941] EXTERNALIZE build/GEDE01/src/game/game_fn_8003232C.o
[741/941] EXTERNALIZE build/GEDE01/src/game/game_fn_8002E3F0.o
[742/941] EXTERNALIZE build/GEDE01/src/game/game_fn_8002DAE0.o
[743/941] EXTERNALIZE build/GEDE01/src/game/game_fn_8002EA68.o
[744/941] GLOBALIZE build/GEDE01/src/game/game_fn_8002B748.o
[745/941] EXTERNALIZE build/GEDE01/src/game/game_fn_8002F428.o
[746/941] NAME SWITCHES build/GEDE01/src/game/game_fn_80024F28.o
[747/941] EXTERNALIZE build/GEDE01/src/game/game_fn_800272B4.o
[748/941] EXTERNALIZE build/GEDE01/src/game/game_fn_8001CE94.o
[749/941] EXTERNALIZE build/GEDE01/src/game/game_fn_8001CD58.o
[750/941] EXTERNALIZE build/GEDE01/src/game/game_fn_8001C078.o
[751/941] EXTERNALIZE build/GEDE01/src/game/game_fn_8001B874.o
[752/941] EXTERNALIZE build/GEDE01/src/game/game_fn_8001B808.o
[753/941] EXTERNALIZE build/GEDE01/src/game/game_fn_8001B294.o
[754/941] EXTERNALIZE build/GEDE01/src/game/game_fn_8001B124.o
[755/941] EXTERNALIZE build/GEDE01/src/game/game_fn_8001ADF8.o
[756/941] EXTERNALIZE build/GEDE01/src/game/game_fn_8001AF68.o
[757/941] EXTERNALIZE build/GEDE01/src/game/game_fn_8001AAB8.o
[758/941] EXTERNALIZE build/GEDE01/src/game/game_fn_8001A6C4.o
[759/941] EXTERNALIZE build/GEDE01/src/game/game_fn_80019F98.o
[760/941] EXTERNALIZE build/GEDE01/src/game/game_fn_80019D2C.o
[761/941] EXTERNALIZE build/GEDE01/src/game/game_fn_80019C10.o
[762/941] EXTERNALIZE build/GEDE01/src/game/game_fn_80019940.o
[763/941] EXTERNALIZE build/GEDE01/src/game/game_fn_800194D0.o
[764/941] EXTERNALIZE build/GEDE01/src/game/game_fn_80019244.o
[765/941] EXTERNALIZE build/GEDE01/src/game/game_fn_80019054.o
[766/941] EXTERNALIZE build/GEDE01/src/game/game_fn_80018EF4.o
[767/941] EXTERNALIZE build/GEDE01/src/game/game_fn_80017DB0.o
[768/941] EXTERNALIZE build/GEDE01/src/game/game_fn_80017CC8.o
[769/941] EXTERNALIZE build/GEDE01/src/game/game_fn_80017C3C.o
[770/941] EXTERNALIZE build/GEDE01/src/game/game_fn_80017AE4.o
[771/941] EXTERNALIZE build/GEDE01/src/game/game_fn_80017A3C.o
[772/941] EXTERNALIZE build/GEDE01/src/game/game_fn_800179AC.o
[773/941] EXTERNALIZE FLAGS build/GEDE01/src/game/game_fn_800119FC.o
[774/941] EXTERNALIZE build/GEDE01/src/game/game_fn_80017910.o
[775/941] EXTERNALIZE build/GEDE01/src/game/game_fn_8000F4B0.o
[776/941] EXTERNALIZE build/GEDE01/src/game/game_fn_8000FFD8.o
[777/941] GLOBALIZE build/GEDE01/src/game/game_fn_800094C0.o
[778/941] EXTERNALIZE build/GEDE01/src/game/game_fn_8000EFC4.o
[779/941] EXTERNALIZE build/GEDE01/src/game/game_fn_800096E0.o
[780/941] EXTERNALIZE build/GEDE01/src/game/game_fn_800098C0.o
[781/941] EXTERNALIZE build/GEDE01/src/game/game_fn_800099D8.o
[782/941] EXTERNALIZE build/GEDE01/src/game/game_fn_80009AB4.o
[783/941] EXTERNALIZE build/GEDE01/src/game/game_fn_8000A26C.o
[784/941] EXTERNALIZE build/GEDE01/src/game/game_fn_800171C0.o
[785/941] EXTERNALIZE build/GEDE01/src/game/game_fn_800176F0.o
[786/941] EXTERNALIZE build/GEDE01/src/game/game_fn_8000AC88.o
[787/941] EXTERNALIZE build/GEDE01/src/game/game_fn_8000AEB4.o
[788/941] EXTERNALIZE build/GEDE01/src/game/game_fn_8000AFB4.o
[789/941] EXTERNALIZE build/GEDE01/src/game/game_fn_8000B1B8.o
[790/941] EXTERNALIZE build/GEDE01/src/game/game_fn_8000B36C.o
[791/941] EXTERNALIZE build/GEDE01/src/game/game_fn_8000B630.o
[792/941] EXTERNALIZE build/GEDE01/src/game/game_fn_8000B7FC.o
[793/941] EXTERNALIZE build/GEDE01/src/game/game_fn_8000B900.o
[794/941] EXTERNALIZE build/GEDE01/src/game/game_fn_8000BA0C.o
[795/941] EXTERNALIZE build/GEDE01/src/game/game_fn_8000BAA0.o
[796/941] EXTERNALIZE build/GEDE01/src/game/game_fn_8000BC40.o
[797/941] EXTERNALIZE build/GEDE01/src/game/game_fn_8000C06C.o
[798/941] EXTERNALIZE build/GEDE01/src/game/game_fn_8000C17C.o
[799/941] EXTERNALIZE build/GEDE01/src/game/game_fn_8000C400.o
[800/941] EXTERNALIZE build/GEDE01/src/game/game_fn_8000C848.o
[801/941] EXTERNALIZE build/GEDE01/src/game/game_fn_8000C91C.o
[802/941] EXTERNALIZE build/GEDE01/src/game/game_fn_8000D0BC.o
[803/941] NAME SWITCH build/GEDE01/src/game/game_fn_8000D8A4.o
[804/941] EXTERNALIZE build/GEDE01/src/game/game_fn_8000D3D4.o
[805/941] EXTERNALIZE build/GEDE01/src/game/game_fn_8000E054.o
[806/941] EXTERNALIZE build/GEDE01/src/game/game_fn_8000E0AC.o
[807/941] EXTERNALIZE build/GEDE01/src/game/game_fn_8000E96C.o
[808/941] EXTERNALIZE build/GEDE01/src/game/game_fn_8000F774.o
[809/941] EXTERNALIZE build/GEDE01/src/game/game_fn_8000EB14.o
[810/941] EXTERNALIZE build/GEDE01/src/game/game_fn_8000EBD4.o
[811/941] EXTERNALIZE build/GEDE01/src/game/game_fn_8000ED44.o
[812/941] EXTERNALIZE build/GEDE01/src/game/game_fn_8000E138.o
[813/941] EXTERNALIZE build/GEDE01/src/game/game_fn_8000E1C4.o
[814/941] EXTERNALIZE build/GEDE01/src/game/game_fn_8000D590.o
[815/941] EXTERNALIZE build/GEDE01/src/game/game_fn_8000DA50.o
[816/941] EXTERNALIZE build/GEDE01/src/game/game_fn_8000DAF4.o
[817/941] EXTERNALIZE build/GEDE01/src/game/game_fn_80012DA8.o
[818/941] EXTERNALIZE build/GEDE01/src/game/game_fn_80012F40.o
[819/941] EXTERNALIZE build/GEDE01/src/game/game_fn_80012FD0.o
[820/941] EXTERNALIZE build/GEDE01/src/game/game_fn_800131E8.o
[821/941] EXTERNALIZE build/GEDE01/src/game/game_fn_80013340.o
[822/941] EXTERNALIZE build/GEDE01/src/game/game_fn_80013870.o
[823/941] EXTERNALIZE build/GEDE01/src/game/game_fn_80013CB0.o
[824/941] EXTERNALIZE build/GEDE01/src/game/game_fn_80013D54.o
[825/941] EXTERNALIZE build/GEDE01/src/game/game_fn_800142DC.o
[826/941] EXTERNALIZE build/GEDE01/src/game/game_fn_800144CC.o
[827/941] EXTERNALIZE build/GEDE01/src/game/game_fn_80014784.o
[828/941] EXTERNALIZE build/GEDE01/src/game/game_fn_800149D4.o
[829/941] EXTERNALIZE build/GEDE01/src/game/game_fn_80015058.o
[830/941] EXTERNALIZE build/GEDE01/src/game/game_fn_80015320.o
[831/941] EXTERNALIZE build/GEDE01/src/game/game_fn_80015568.o
[832/941] EXTERNALIZE build/GEDE01/src/game/game_fn_800156FC.o
[833/941] EXTERNALIZE build/GEDE01/src/game/game_fn_80015BE0.o
[834/941] EXTERNALIZE build/GEDE01/src/game/game_fn_80015D40.o
[835/941] EXTERNALIZE build/GEDE01/src/game/game_fn_80015F04.o
[836/941] EXTERNALIZE build/GEDE01/src/game/game_fn_80016128.o
[837/941] EXTERNALIZE build/GEDE01/src/game/game_fn_80016270.o
[838/941] EXTERNALIZE build/GEDE01/src/game/game_fn_80016904.o
[839/941] EXTERNALIZE build/GEDE01/src/game/game_fn_800173CC.o
[840/941] EXTERNALIZE build/GEDE01/src/game/game_fn_80016B24.o
[841/941] EXTERNALIZE build/GEDE01/src/game/game_fn_801BEF40.o
[842/941] EXTERNALIZE build/GEDE01/src/game/game_fn_801B86C0.o
[843/941] EXTERNALIZE STATIC POOL build/GEDE01/src/game/game_fn_801C4B5C.o
build/GEDE01/src/game/game_fn_801C4B5C.o: lbl_80628CB0 now undefined; section 6 emptied
[844/941] EXTERNALIZE build/GEDE01/src/game/game_fn_801C8600.o
[845/941] EXTERNALIZE build/GEDE01/src/game/game_fn_801EAA04.o
[846/941] EXTERNALIZE build/GEDE01/src/game/game_fn_801DE8B4.o
[847/941] EXTERNALIZE build/GEDE01/src/game/game_fn_80173BDC.o
[848/941] EXTERNALIZE build/GEDE01/src/game/game_fn_801E7014.o
[849/941] EXTERNALIZE build/GEDE01/src/game/game_fn_801A4430.o
[850/941] EXTERNALIZE build/GEDE01/src/game/game_fn_8014BA14.o
[851/941] EXTERNALIZE build/GEDE01/src/game/game_fn_800B2EC0.o
[852/941] EXTERNALIZE build/GEDE01/src/game/game_fn_8001CA04.o
[853/941] EXTERNALIZE build/GEDE01/src/game/game_fn_80031544.o
[854/941] EXTERNALIZE build/GEDE01/src/game/game_fn_8006B0F0.o
[855/941] EXTERNALIZE build/GEDE01/src/game/game_fn_801DDB84.o
[856/941] EXTERNALIZE build/GEDE01/src/game/game_fn_8007D4D8.o
[857/941] EXTERNALIZE build/GEDE01/src/game/game_fn_8007F770.o
[858/941] EXTERNALIZE build/GEDE01/src/game/game_fn_80088F4C.o
[859/941] EXTERNALIZE build/GEDE01/src/game/game_fn_8008A2E0.o
[860/941] EXTERNALIZE build/GEDE01/src/game/game_fn_80089A34.o
[861/941] EXTERNALIZE build/GEDE01/src/game/game_fn_80090004.o
[862/941] EXTERNALIZE build/GEDE01/src/game/game_fn_80095D10.o
[863/941] EXTERNALIZE build/GEDE01/src/game/game_fn_800A3180.o
[864/941] EXTERNALIZE build/GEDE01/src/game/game_fn_800BB7A8.o
[865/941] EXTERNALIZE build/GEDE01/src/game/game_fn_800BB5C4.o
[866/941] EXTERNALIZE build/GEDE01/src/game/game_fn_800BB9A4.o
[867/941] EXTERNALIZE build/GEDE01/src/game/game_fn_800BBAF0.o
[868/941] EXTERNALIZE build/GEDE01/src/game/game_fn_800D9064.o
[869/941] EXTERNALIZE build/GEDE01/src/game/game_fn_800D9E10.o
[870/941] EXTERNALIZE build/GEDE01/src/game/game_fn_8012976C.o
[871/941] EXTERNALIZE build/GEDE01/src/game/game_fn_8013CBE4.o
[872/941] EXTERNALIZE build/GEDE01/src/game/game_fn_8013DB8C.o
[873/941] EXTERNALIZE build/GEDE01/src/game/game_fn_8014CA98.o
[874/941] EXTERNALIZE build/GEDE01/src/game/game_fn_80153A24.o
[875/941] EXTERNALIZE build/GEDE01/src/game/game_fn_801535D8.o
[876/941] EXTERNALIZE build/GEDE01/src/game/game_fn_801752B0.o
[877/941] EXTERNALIZE build/GEDE01/src/game/game_fn_80174F2C.o
[878/941] EXTERNALIZE build/GEDE01/src/game/game_fn_8017AC20.o
[879/941] EXTERNALIZE build/GEDE01/src/game/game_fn_801861C4.o
[880/941] EXTERNALIZE build/GEDE01/src/game/game_fn_8018680C.o
[881/941] EXTERNALIZE build/GEDE01/src/game/game_fn_80186F70.o
[882/941] EXTERNALIZE build/GEDE01/src/game/game_fn_80187320.o
[883/941] EXTERNALIZE build/GEDE01/src/game/game_fn_801810A0.o
[884/941] EXTERNALIZE build/GEDE01/src/game/game_fn_801875FC.o
[885/941] EXTERNALIZE build/GEDE01/src/game/game_fn_800542D0.o
[886/941] EXTERNALIZE build/GEDE01/src/game/game_fn_80187E40.o
[887/941] EXTERNALIZE build/GEDE01/src/game/game_fn_80187BB4.o
[888/941] EXTERNALIZE build/GEDE01/src/game/game_fn_80189C14.o
[889/941] EXTERNALIZE build/GEDE01/src/game/game_fn_8018C2D0.o
[890/941] EXTERNALIZE build/GEDE01/src/game/game_fn_8018D400.o
[891/941] EXTERNALIZE build/GEDE01/src/game/game_fn_8018E0D8.o
[892/941] EXTERNALIZE build/GEDE01/src/game/game_fn_8019120C.o
[893/941] EXTERNALIZE build/GEDE01/src/game/game_fn_8018DC24.o
[894/941] EXTERNALIZE build/GEDE01/src/game/game_fn_801916D0.o
[895/941] EXTERNALIZE build/GEDE01/src/game/game_fn_801926EC.o
[896/941] EXTERNALIZE build/GEDE01/src/game/game_fn_801929A4.o
[897/941] EXTERNALIZE build/GEDE01/src/game/game_fn_801952E8.o
[898/941] EXTERNALIZE build/GEDE01/src/game/game_fn_801A2A54.o
[899/941] EXTERNALIZE build/GEDE01/src/game/game_fn_801A34BC.o
[900/941] EXTERNALIZE build/GEDE01/src/game/game_fn_801A657C.o
[901/941] EXTERNALIZE build/GEDE01/src/game/game_fn_801A1F8C.o
[902/941] EXTERNALIZE build/GEDE01/src/game/game_fn_801D1F78.o
[903/941] EXTERNALIZE build/GEDE01/src/game/game_fn_801E2A48.o
[904/941] EXTERNALIZE build/GEDE01/src/game/game_fn_801E6814.o
[905/941] EXTERNALIZE build/GEDE01/src/game/game_fn_801E995C.o
[906/941] EXTERNALIZE build/GEDE01/src/game/game_fn_801EF580.o
[907/941] EXTERNALIZE build/GEDE01/src/game/game_fn_801F0CB0.o
[908/941] EXTERNALIZE build/GEDE01/src/game/game_fn_801F10BC.o
[909/941] EXTERNALIZE build/GEDE01/src/game/game_fn_801F35A8.o
[910/941] EXTERNALIZE build/GEDE01/src/game/game_fn_801ECD74.o
[911/941] EXTERNALIZE build/GEDE01/src/game/game_fn_801ED5F4.o
[912/941] EXTERNALIZE build/GEDE01/src/game/game_fn_801F69F0.o
[913/941] EXTERNALIZE build/GEDE01/src/game/game_fn_801F76EC.o
[914/941] EXTERNALIZE build/GEDE01/src/game/game_fn_801F8264.o
[915/941] EXTERNALIZE build/GEDE01/src/game/game_fn_801F89B4.o
[916/941] EXTERNALIZE build/GEDE01/src/game/game_fn_801F9AF8.o
[917/941] EXTERNALIZE build/GEDE01/src/game/game_fn_801F6BD8.o
[918/941] EXTERNALIZE build/GEDE01/src/game/game_fn_801FB6A4.o
[919/941] EXTERNALIZE build/GEDE01/src/game/game_fn_80095E64.o
[920/941] EXTERNALIZE JUMPTABLES build/GEDE01/src/game/game_fn_800361F8.o
[921/941] EXTERNALIZE JUMPTABLES build/GEDE01/src/game/game_fn_8006E53C.o
[922/941] EXTERNALIZE JUMPTABLES build/GEDE01/src/game/game_fn_800CF598.o
[923/941] EXTERNALIZE JUMPTABLES build/GEDE01/src/game/game_fn_801ACFE8.o
[924/941] EXTERNALIZE build/GEDE01/src/game/game_fn_80150A24.o
[925/941] EXTERNALIZE JUMPTABLES build/GEDE01/src/game/game_fn_801B1BA0.o
[926/941] EXTERNALIZE build/GEDE01/src/game/game_fn_80154F74.o
[927/941] EXTERNALIZE build/GEDE01/src/game/game_fn_801E504C.o
[928/941] EXTERNALIZE build/GEDE01/src/game/game_fn_8009E808.o
[929/941] EXTERNALIZE build/GEDE01/src/game/game_fn_801F1A38.o
[930/941] EXTERNALIZE build/GEDE01/src/game/game_fn_801FFE78.o
[931/941] EXTERNALIZE build/GEDE01/src/game/game_fn_801F55A0.o
[932/941] EXTERNALIZE build/GEDE01/src/game/game_fn_801F7510.o
[933/941] EXTERNALIZE build/GEDE01/src/game/game_fn_801F8FAC.o
[934/941] EXTERNALIZE build/GEDE01/src/game/game_fn_801F9CF4.o
[935/941] EXTERNALIZE build/GEDE01/src/game/game_fn_801FC034.o
[936/941] EXTERNALIZE build/GEDE01/src/game/game_fn_801FA9C8.o
[937/941] REPORT
 INFO Loading project .
 INFO Generating report for 7069 units (using 8 threads)
 INFO Report generated in 0.201s
 INFO Writing to build/GEDE01/report.json
[938/941] LINK build/GEDE01/main.elf
### mwldeppc.exe Linker Warning:
#   Section '.ignored' is unknown. Section ignored.
### mwldeppc.exe Linker Warning:
#   Section '.ignored' is unknown. Section ignored.
### mwldeppc.exe Linker Warning:
#   Section '.ignored' is unknown. Section ignored.
### mwldeppc.exe Linker Warning:
#   Section '.ignored' is unknown. Section ignored.
### mwldeppc.exe Linker Warning:
#   Section '.ignored' is unknown. Section ignored.
### mwldeppc.exe Linker Warning:
#   Section '.ignored' is unknown. Section ignored.
### mwldeppc.exe Linker Warning:
#   Section '.ignored' is unknown. Section ignored.
### mwldeppc.exe Linker Warning:
#   Section '.ignored' is unknown. Section ignored.
### mwldeppc.exe Linker Warning:
#   Section '.ignored' is unknown. Section ignored.
### mwldeppc.exe Linker Warning:
#   Section '.ignored' is unknown. Section ignored.
### mwldeppc.exe Linker Warning:
#   Section '.ignored' is unknown. Section ignored.
### mwldeppc.exe Linker Warning:
#   Section '.ignored' is unknown. Section ignored.
### mwldeppc.exe Linker Warning:
#   Section '.ignored' is unknown. Section ignored.
### mwldeppc.exe Linker Warning:
#   Section '.ignored' is unknown. Section ignored.
### mwldeppc.exe Linker Warning:
#   Section '.ignored' is unknown. Section ignored.
### mwldeppc.exe Linker Warning:
#   Section '.ignored' is unknown. Section ignored.
### mwldeppc.exe Linker Warning:
#   Section '.ignored' is unknown. Section ignored.
### mwldeppc.exe Linker Warning:
#   Section '.ignored' is unknown. Section ignored.
### mwldeppc.exe Linker Warning:
#   Section '.ignored' is unknown. Section ignored.
### mwldeppc.exe Linker Warning:
#   Section '.ignored' is unknown. Section ignored.
### mwldeppc.exe Linker Warning:
#   Section '.ignored' is unknown. Section ignored.
### mwldeppc.exe Linker Warning:
#   Section '.ignored' is unknown. Section ignored.
### mwldeppc.exe Linker Warning:
#   Section '.ignored' is unknown. Section ignored.
### mwldeppc.exe Linker Warning:
#   Section '.ignored' is unknown. Section ignored.
### mwldeppc.exe Linker Warning:
#   Section '.ignored' is unknown. Section ignored.
### mwldeppc.exe Linker Warning:
#   Section '.ignored' is unknown. Section ignored.
### mwldeppc.exe Linker Warning:
#   Section '.ignored' is unknown. Section ignored.
### mwldeppc.exe Linker Warning:
#   Section '.ignored' is unknown. Section ignored.
### mwldeppc.exe Linker Warning:
#   Section '.ignored' is unknown. Section ignored.
### mwldeppc.exe Linker Warning:
#   Section '.ignored' is unknown. Section ignored.
### mwldeppc.exe Linker Warning:
#   Section '.ignored' is unknown. Section ignored.
### mwldeppc.exe Linker Warning:
#   Section '.ignored' is unknown. Section ignored.
### mwldeppc.exe Linker Warning:
#   Section '.ignored' is unknown. Section ignored.
### mwldeppc.exe Linker Warning:
#   Section '.ignored' is unknown. Section ignored.
### mwldeppc.exe Linker Warning:
#   Section '.ignored' is unknown. Section ignored.
### mwldeppc.exe Linker Warning:
#   Section '.ignored' is unknown. Section ignored.
### mwldeppc.exe Linker Warning:
#   Section '.ignored' is unknown. Section ignored.
### mwldeppc.exe Linker Warning:
#   Section '.ignored' is unknown. Section ignored.
### mwldeppc.exe Linker Warning:
#   Section '.ignored' is unknown. Section ignored.
### mwldeppc.exe Linker Warning:
#   Section '.ignored' is unknown. Section ignored.
### mwldeppc.exe Linker Warning:
#   Section '.ignored' is unknown. Section ignored.
### mwldeppc.exe Linker Warning:
#   Section '.ignored' is unknown. Section ignored.
### mwldeppc.exe Linker Warning:
#   Section '.ignored' is unknown. Section ignored.
### mwldeppc.exe Linker Warning:
#   Section '.ignored' is unknown. Section ignored.
### mwldeppc.exe Linker Warning:
#   Section '.ignored' is unknown. Section ignored.
### mwldeppc.exe Linker Warning:
#   Section '.ignored' is unknown. Section ignored.
### mwldeppc.exe Linker Warning:
#   Section '.ignored' is unknown. Section ignored.
### mwldeppc.exe Linker Warning:
#   Section '.ignored' is unknown. Section ignored.
### mwldeppc.exe Linker Warning:
#   Section '.ignored' is unknown. Section ignored.
### mwldeppc.exe Linker Warning:
#   Section '.ignored' is unknown. Section ignored.
### mwldeppc.exe Linker Warning:
#   Section '.ignored' is unknown. Section ignored.
### mwldeppc.exe Linker Warning:
#   Section '.ignored' is unknown. Section ignored.
### mwldeppc.exe Linker Warning:
#   Section '.ignored' is unknown. Section ignored.
### mwldeppc.exe Linker Warning:
#   Section '.ignored' is unknown. Section ignored.
### mwldeppc.exe Linker Warning:
#   Section '.ignored' is unknown. Section ignored.
### mwldeppc.exe Linker Warning:
#   Section '.ignored' is unknown. Section ignored.
### mwldeppc.exe Linker Warning:
#   Section '.ignored' is unknown. Section ignored.
### mwldeppc.exe Linker Warning:
#   Section '.ignored' is unknown. Section ignored.
### mwldeppc.exe Linker Warning:
#   Section '.ignored' is unknown. Section ignored.
### mwldeppc.exe Linker Warning:
#   Section '.ignored' is unknown. Section ignored.
### mwldeppc.exe Linker Warning:
#   Section '.ignored' is unknown. Section ignored.
### mwldeppc.exe Linker Warning:
#   Section '.ignored' is unknown. Section ignored.
### mwldeppc.exe Linker Warning:
#   Section '.ignored' is unknown. Section ignored.
### mwldeppc.exe Linker Warning:
#   Section '.ignored' is unknown. Section ignored.
### mwldeppc.exe Linker Warning:
#   Section '.ignored' is unknown. Section ignored.
### mwldeppc.exe Linker Warning:
#   Section '.ignored' is unknown. Section ignored.
### mwldeppc.exe Linker Warning:
#   Section '.ignored' is unknown. Section ignored.
### mwldeppc.exe Linker Warning:
#   Section '.ignored' is unknown. Section ignored.
### mwldeppc.exe Linker Warning:
#   Section '.ignored' is unknown. Section ignored.
### mwldeppc.exe Linker Warning:
#   Section '.ignored' is unknown. Section ignored.
### mwldeppc.exe Linker Warning:
#   Section '.ignored' is unknown. Section ignored.
### mwldeppc.exe Linker Warning:
#   Section '.ignored' is unknown. Section ignored.
### mwldeppc.exe Linker Warning:
#   Section '.ignored' is unknown. Section ignored.
### mwldeppc.exe Linker Warning:
#   Section '.ignored' is unknown. Section ignored.
### mwldeppc.exe Linker Warning:
#   Section '.ignored' is unknown. Section ignored.
### mwldeppc.exe Linker Warning:
#   Section '.ignored' is unknown. Section ignored.
### mwldeppc.exe Linker Warning:
#   Section '.ignored' is unknown. Section ignored.
### mwldeppc.exe Linker Warning:
#   Section '.ignored' is unknown. Section ignored.
### mwldeppc.exe Linker Warning:
#   Section '.ignored' is unknown. Section ignored.
### mwldeppc.exe Linker Warning:
#   Section '.ignored' is unknown. Section ignored.
### mwldeppc.exe Linker Warning:
#   Section '.ignored' is unknown. Section ignored.
### mwldeppc.exe Linker Warning:
#   Section '.ignored' is unknown. Section ignored.
### mwldeppc.exe Linker Warning:
#   Section '.ignored' is unknown. Section ignored.
### mwldeppc.exe Linker Warning:
#   Section '.ignored' is unknown. Section ignored.
### mwldeppc.exe Linker Warning:
#   Section '.ignored' is unknown. Section ignored.
### mwldeppc.exe Linker Warning:
#   Section '.ignored' is unknown. Section ignored.
### mwldeppc.exe Linker Warning:
#   Section '.ignored' is unknown. Section ignored.
### mwldeppc.exe Linker Warning:
#   Section '.ignored' is unknown. Section ignored.
### mwldeppc.exe Linker Warning:
#   Section '.ignored' is unknown. Section ignored.
### mwldeppc.exe Linker Warning:
#   Section '.ignored' is unknown. Section ignored.
### mwldeppc.exe Linker Warning:
#   Section '.ignored' is unknown. Section ignored.
### mwldeppc.exe Linker Warning:
#   Section '.ignored' is unknown. Section ignored.
### mwldeppc.exe Linker Warning:
#   Section '.ignored' is unknown. Section ignored.
### mwldeppc.exe Linker Warning:
#   Section '.ignored' is unknown. Section ignored.
### mwldeppc.exe Linker Warning:
#   Section '.ignored' is unknown. Section ignored.
### mwldeppc.exe Linker Warning:
#   Section '.ignored' is unknown. Section ignored.
### mwldeppc.exe Linker Warning:
#   Section '.ignored' is unknown. Section ignored.
### mwldeppc.exe Linker Warning:
#   Section '.ignored' is unknown. Section ignored.
### mwldeppc.exe Linker Warning:
#   Section '.ignored' is unknown. Section ignored.
### mwldeppc.exe Linker Warning:
#   Section '.ignored' is unknown. Section ignored.
### mwldeppc.exe Linker Warning:
#   Section '.ignored' is unknown. Section ignored.
### mwldeppc.exe Linker Warning:
#   Section '.ignored' is unknown. Section ignored.
### mwldeppc.exe Linker Warning:
#   Section '.ignored' is unknown. Section ignored.
### mwldeppc.exe Linker Warning:
#   Section '.ignored' is unknown. Section ignored.
### mwldeppc.exe Linker Warning:
#   Section '.ignored' is unknown. Section ignored.
### mwldeppc.exe Linker Warning:
#   Section '.ignored' is unknown. Section ignored.
### mwldeppc.exe Linker Warning:
#   Section '.ignored' is unknown. Section ignored.
### mwldeppc.exe Linker Warning:
#   Section '.ignored' is unknown. Section ignored.
### mwldeppc.exe Linker Warning:
#   Section '.ignored' is unknown. Section ignored.
### mwldeppc.exe Linker Warning:
#   Section '.ignored' is unknown. Section ignored.
### mwldeppc.exe Linker Warning:
#   Section '.ignored' is unknown. Section ignored.
### mwldeppc.exe Linker Warning:
#   Section '.ignored' is unknown. Section ignored.
### mwldeppc.exe Linker Warning:
#   Section '.ignored' is unknown. Section ignored.
### mwldeppc.exe Linker Warning:
#   Section '.ignored' is unknown. Section ignored.
### mwldeppc.exe Linker Warning:
#   Section '.ignored' is unknown. Section ignored.
### mwldeppc.exe Linker Warning:
#   Section '.ignored' is unknown. Section ignored.
### mwldeppc.exe Linker Warning:
#   Section '.ignored' is unknown. Section ignored.
### mwldeppc.exe Linker Warning:
#   Section '.ignored' is unknown. Section ignored.
### mwldeppc.exe Linker Warning:
#   Section '.ignored' is unknown. Section ignored.
### mwldeppc.exe Linker Warning:
#   Section '.ignored' is unknown. Section ignored.
### mwldeppc.exe Linker Warning:
#   Section '.ignored' is unknown. Section ignored.
### mwldeppc.exe Linker Warning:
#   Section '.ignored' is unknown. Section ignored.
### mwldeppc.exe Linker Warning:
#   Section '.ignored' is unknown. Section ignored.
### mwldeppc.exe Linker Warning:
#   Section '.ignored' is unknown. Section ignored.
### mwldeppc.exe Linker Warning:
#   Section '.ignored' is unknown. Section ignored.
### mwldeppc.exe Linker Warning:
#   Section '.ignored' is unknown. Section ignored.
### mwldeppc.exe Linker Warning:
#   Section '.ignored' is unknown. Section ignored.
### mwldeppc.exe Linker Warning:
#   Section '.ignored' is unknown. Section ignored.
### mwldeppc.exe Linker Warning:
#   Section '.ignored' is unknown. Section ignored.
### mwldeppc.exe Linker Warning:
#   Section '.ignored' is unknown. Section ignored.
### mwldeppc.exe Linker Warning:
#   Section '.ignored' is unknown. Section ignored.
### mwldeppc.exe Linker Warning:
#   Section '.ignored' is unknown. Section ignored.
### mwldeppc.exe Linker Warning:
#   Section '.ignored' is unknown. Section ignored.
### mwldeppc.exe Linker Warning:
#   Section '.ignored' is unknown. Section ignored.
### mwldeppc.exe Linker Warning:
#   Section '.ignored' is unknown. Section ignored.
### mwldeppc.exe Linker Warning:
#   Section '.ignored' is unknown. Section ignored.
### mwldeppc.exe Linker Warning:
#   Section '.ignored' is unknown. Section ignored.
### mwldeppc.exe Linker Warning:
#   Section '.ignored' is unknown. Section ignored.
### mwldeppc.exe Linker Warning:
#   Section '.ignored' is unknown. Section ignored.
### mwldeppc.exe Linker Warning:
#   Section '.ignored' is unknown. Section ignored.
### mwldeppc.exe Linker Warning:
#   Section '.ignored' is unknown. Section ignored.
### mwldeppc.exe Linker Warning:
#   Section '.ignored' is unknown. Section ignored.
### mwldeppc.exe Linker Warning:
#   Section '.ignored' is unknown. Section ignored.
### mwldeppc.exe Linker Warning:
#   Section '.ignored' is unknown. Section ignored.
### mwldeppc.exe Linker Warning:
#   Section '.ignored' is unknown. Section ignored.
### mwldeppc.exe Linker Warning:
#   Section '.ignored' is unknown. Section ignored.
### mwldeppc.exe Linker Warning:
#   Section '.ignored' is unknown. Section ignored.
### mwldeppc.exe Linker Warning:
#   Section '.ignored' is unknown. Section ignored.
### mwldeppc.exe Linker Warning:
#   Section '.ignored' is unknown. Section ignored.
### mwldeppc.exe Linker Warning:
#   Section '.ignored' is unknown. Section ignored.
### mwldeppc.exe Linker Warning:
#   Section '.ignored' is unknown. Section ignored.
### mwldeppc.exe Linker Warning:
#   Section '.ignored' is unknown. Section ignored.
### mwldeppc.exe Linker Warning:
#   Section '.ignored' is unknown. Section ignored.
### mwldeppc.exe Linker Warning:
#   Section '.ignored' is unknown. Section ignored.
### mwldeppc.exe Linker Warning:
#   Section '.ignored' is unknown. Section ignored.
### mwldeppc.exe Linker Warning:
#   Section '.ignored' is unknown. Section ignored.
### mwldeppc.exe Linker Warning:
#   Section '.ignored' is unknown. Section ignored.
### mwldeppc.exe Linker Warning:
#   Section '.ignored' is unknown. Section ignored.
### mwldeppc.exe Linker Warning:
#   Section '.ignored' is unknown. Section ignored.
### mwldeppc.exe Linker Warning:
#   Section '.ignored' is unknown. Section ignored.
### mwldeppc.exe Linker Warning:
#   Section '.ignored' is unknown. Section ignored.
### mwldeppc.exe Linker Warning:
#   Section '.ignored' is unknown. Section ignored.
### mwldeppc.exe Linker Warning:
#   Section '.ignored' is unknown. Section ignored.
### mwldeppc.exe Linker Warning:
#   Section '.ignored' is unknown. Section ignored.
### mwldeppc.exe Linker Warning:
#   Section '.ignored' is unknown. Section ignored.
### mwldeppc.exe Linker Warning:
#   Section '.ignored' is unknown. Section ignored.
### mwldeppc.exe Linker Warning:
#   Section '.ignored' is unknown. Section ignored.
### mwldeppc.exe Linker Warning:
#   Section '.ignored' is unknown. Section ignored.
### mwldeppc.exe Linker Warning:
#   Section '.ignored' is unknown. Section ignored.
### mwldeppc.exe Linker Warning:
#   Section '.ignored' is unknown. Section ignored.
### mwldeppc.exe Linker Warning:
#   Section '.ignored' is unknown. Section ignored.
### mwldeppc.exe Linker Warning:
#   Section '.ignored' is unknown. Section ignored.
### mwldeppc.exe Linker Warning:
#   Section '.ignored' is unknown. Section ignored.
### mwldeppc.exe Linker Warning:
#   Section '.ignored' is unknown. Section ignored.
### mwldeppc.exe Linker Warning:
#   Section '.ignored' is unknown. Section ignored.
### mwldeppc.exe Linker Warning:
#   Section '.ignored' is unknown. Section ignored.
### mwldeppc.exe Linker Warning:
#   Section '.ignored' is unknown. Section ignored.
### mwldeppc.exe Linker Warning:
#   Section '.ignored' is unknown. Section ignored.
### mwldeppc.exe Linker Warning:
#   Section '.ignored' is unknown. Section ignored.
### mwldeppc.exe Linker Warning:
#   Section '.ignored' is unknown. Section ignored.
### mwldeppc.exe Linker Warning:
#   Section '.ignored' is unknown. Section ignored.
### mwldeppc.exe Linker Warning:
#   Section '.ignored' is unknown. Section ignored.
### mwldeppc.exe Linker Warning:
#   Section '.ignored' is unknown. Section ignored.
### mwldeppc.exe Linker Warning:
#   Section '.ignored' is unknown. Section ignored.
### mwldeppc.exe Linker Warning:
#   Section '.ignored' is unknown. Section ignored.
### mwldeppc.exe Linker Warning:
#   Section '.ignored' is unknown. Section ignored.
### mwldeppc.exe Linker Warning:
#   Section '.ignored' is unknown. Section ignored.
### mwldeppc.exe Linker Warning:
#   Section '.ignored' is unknown. Section ignored.
### mwldeppc.exe Linker Warning:
#   Section '.ignored' is unknown. Section ignored.
### mwldeppc.exe Linker Warning:
#   Section '.ignored' is unknown. Section ignored.
### mwldeppc.exe Linker Warning:
#   Section '.ignored' is unknown. Section ignored.
### mwldeppc.exe Linker Warning:
#   Section '.ignored' is unknown. Section ignored.
### mwldeppc.exe Linker Warning:
#   Section '.ignored' is unknown. Section ignored.
### mwldeppc.exe Linker Warning:
#   Section '.ignored' is unknown. Section ignored.
### mwldeppc.exe Linker Warning:
#   Section '.ignored' is unknown. Section ignored.
### mwldeppc.exe Linker Warning:
#   Section '.ignored' is unknown. Section ignored.
### mwldeppc.exe Linker Warning:
#   Section '.ignored' is unknown. Section ignored.
### mwldeppc.exe Linker Warning:
#   Section '.ignored' is unknown. Section ignored.
### mwldeppc.exe Linker Warning:
#   Section '.ignored' is unknown. Section ignored.
### mwldeppc.exe Linker Warning:
#   Section '.ignored' is unknown. Section ignored.
### mwldeppc.exe Linker Warning:
#   Section '.ignored' is unknown. Section ignored.
### mwldeppc.exe Linker Warning:
#   Section '.ignored' is unknown. Section ignored.
### mwldeppc.exe Linker Warning:
#   Section '.ignored' is unknown. Section ignored.
### mwldeppc.exe Linker Warning:
#   Section '.ignored' is unknown. Section ignored.
### mwldeppc.exe Linker Warning:
#   Section '.ignored' is unknown. Section ignored.
### mwldeppc.exe Linker Warning:
#   Section '.ignored' is unknown. Section ignored.
### mwldeppc.exe Linker Warning:
#   Section '.ignored' is unknown. Section ignored.
### mwldeppc.exe Linker Warning:
#   Section '.ignored' is unknown. Section ignored.
### mwldeppc.exe Linker Warning:
#   Section '.ignored' is unknown. Section ignored.
### mwldeppc.exe Linker Warning:
#   Section '.ignored' is unknown. Section ignored.
### mwldeppc.exe Linker Warning:
#   Section '.ignored' is unknown. Section ignored.
### mwldeppc.exe Linker Warning:
#   Section '.ignored' is unknown. Section ignored.
### mwldeppc.exe Linker Warning:
#   Section '.ignored' is unknown. Section ignored.
### mwldeppc.exe Linker Warning:
#   Section '.ignored' is unknown. Section ignored.
### mwldeppc.exe Linker Warning:
#   Section '.ignored' is unknown. Section ignored.
### mwldeppc.exe Linker Warning:
#   Section '.ignored' is unknown. Section ignored.
### mwldeppc.exe Linker Warning:
#   Section '.ignored' is unknown. Section ignored.
### mwldeppc.exe Linker Warning:
#   Section '.ignored' is unknown. Section ignored.
### mwldeppc.exe Linker Warning:
#   Section '.ignored' is unknown. Section ignored.
### mwldeppc.exe Linker Warning:
#   Section '.ignored' is unknown. Section ignored.
### mwldeppc.exe Linker Warning:
#   Section '.ignored' is unknown. Section ignored.
### mwldeppc.exe Linker Warning:
#   Section '.ignored' is unknown. Section ignored.
### mwldeppc.exe Linker Warning:
#   Section '.ignored' is unknown. Section ignored.
### mwldeppc.exe Linker Warning:
#   Section '.ignored' is unknown. Section ignored.
### mwldeppc.exe Linker Warning:
#   Section '.ignored' is unknown. Section ignored.
### mwldeppc.exe Linker Warning:
#   Section '.ignored' is unknown. Section ignored.
### mwldeppc.exe Linker Warning:
#   Section '.ignored' is unknown. Section ignored.
### mwldeppc.exe Linker Warning:
#   Section '.ignored' is unknown. Section ignored.
### mwldeppc.exe Linker Warning:
#   Section '.ignored' is unknown. Section ignored.
### mwldeppc.exe Linker Warning:
#   Section '.ignored' is unknown. Section ignored.
### mwldeppc.exe Linker Warning:
#   Section '.ignored' is unknown. Section ignored.
### mwldeppc.exe Linker Warning:
#   Section '.ignored' is unknown. Section ignored.
### mwldeppc.exe Linker Warning:
#   Section '.ignored' is unknown. Section ignored.
### mwldeppc.exe Linker Warning:
#   Section '.ignored' is unknown. Section ignored.
### mwldeppc.exe Linker Warning:
#   Section '.ignored' is unknown. Section ignored.
### mwldeppc.exe Linker Warning:
#   Section '.ignored' is unknown. Section ignored.
### mwldeppc.exe Linker Warning:
#   Section '.ignored' is unknown. Section ignored.
### mwldeppc.exe Linker Warning:
#   Section '.ignored' is unknown. Section ignored.
### mwldeppc.exe Linker Warning:
#   Section '.ignored' is unknown. Section ignored.
### mwldeppc.exe Linker Warning:
#   Section '.ignored' is unknown. Section ignored.
### mwldeppc.exe Linker Warning:
#   Section '.ignored' is unknown. Section ignored.
### mwldeppc.exe Linker Warning:
#   Section '.ignored' is unknown. Section ignored.
### mwldeppc.exe Linker Warning:
#   Section '.ignored' is unknown. Section ignored.
### mwldeppc.exe Linker Warning:
#   Section '.ignored' is unknown. Section ignored.
### mwldeppc.exe Linker Warning:
#   Section '.ignored' is unknown. Section ignored.
### mwldeppc.exe Linker Warning:
#   Section '.ignored' is unknown. Section ignored.
### mwldeppc.exe Linker Warning:
#   Section '.ignored' is unknown. Section ignored.
### mwldeppc.exe Linker Warning:
#   Section '.ignored' is unknown. Section ignored.
### mwldeppc.exe Linker Warning:
#   Section '.ignored' is unknown. Section ignored.
### mwldeppc.exe Linker Warning:
#   Section '.ignored' is unknown. Section ignored.
### mwldeppc.exe Linker Warning:
#   Section '.ignored' is unknown. Section ignored.
### mwldeppc.exe Linker Warning:
#   Section '.ignored' is unknown. Section ignored.
### mwldeppc.exe Linker Warning:
#   Section '.ignored' is unknown. Section ignored.
### mwldeppc.exe Linker Warning:
#   Section '.ignored' is unknown. Section ignored.
### mwldeppc.exe Linker Warning:
#   Section '.ignored' is unknown. Section ignored.
### mwldeppc.exe Linker Warning:
#   Section '.ignored' is unknown. Section ignored.
### mwldeppc.exe Linker Warning:
#   Section '.ignored' is unknown. Section ignored.
### mwldeppc.exe Linker Warning:
#   Section '.ignored' is unknown. Section ignored.
### mwldeppc.exe Linker Warning:
#   Section '.ignored' is unknown. Section ignored.
### mwldeppc.exe Linker Warning:
#   Section '.ignored' is unknown. Section ignored.
### mwldeppc.exe Linker Warning:
#   Section '.ignored' is unknown. Section ignored.
### mwldeppc.exe Linker Warning:
#   Section '.ignored' is unknown. Section ignored.
### mwldeppc.exe Linker Warning:
#   Section '.ignored' is unknown. Section ignored.
### mwldeppc.exe Linker Warning:
#   Section '.ignored' is unknown. Section ignored.
### mwldeppc.exe Linker Warning:
#   Section '.ignored' is unknown. Section ignored.
### mwldeppc.exe Linker Warning:
#   Section '.ignored' is unknown. Section ignored.
### mwldeppc.exe Linker Warning:
#   Section '.ignored' is unknown. Section ignored.
### mwldeppc.exe Linker Warning:
#   Section '.ignored' is unknown. Section ignored.
### mwldeppc.exe Linker Warning:
#   Section '.ignored' is unknown. Section ignored.
### mwldeppc.exe Linker Warning:
#   Section '.ignored' is unknown. Section ignored.
### mwldeppc.exe Linker Warning:
#   Section '.ignored' is unknown. Section ignored.
### mwldeppc.exe Linker Warning:
#   Section '.ignored' is unknown. Section ignored.
### mwldeppc.exe Linker Warning:
#   Section '.ignored' is unknown. Section ignored.
### mwldeppc.exe Linker Warning:
#   Section '.ignored' is unknown. Section ignored.
### mwldeppc.exe Linker Warning:
#   Section '.ignored' is unknown. Section ignored.
### mwldeppc.exe Linker Warning:
#   Section '.ignored' is unknown. Section ignored.
### mwldeppc.exe Linker Warning:
#   Section '.ignored' is unknown. Section ignored.
### mwldeppc.exe Linker Warning:
#   Section '.ignored' is unknown. Section ignored.
### mwldeppc.exe Linker Warning:
#   Section '.ignored' is unknown. Section ignored.
### mwldeppc.exe Linker Warning:
#   Section '.ignored' is unknown. Section ignored.
### mwldeppc.exe Linker Warning:
#   Section '.ignored' is unknown. Section ignored.
### mwldeppc.exe Linker Warning:
#   Section '.ignored' is unknown. Section ignored.
### mwldeppc.exe Linker Warning:
#   Section '.ignored' is unknown. Section ignored.
### mwldeppc.exe Linker Warning:
#   Section '.ignored' is unknown. Section ignored.
### mwldeppc.exe Linker Warning:
#   Section '.ignored' is unknown. Section ignored.
### mwldeppc.exe Linker Warning:
#   Section '.ignored' is unknown. Section ignored.
### mwldeppc.exe Linker Warning:
#   Section '.ignored' is unknown. Section ignored.
### mwldeppc.exe Linker Warning:
#   Section '.ignored' is unknown. Section ignored.
### mwldeppc.exe Linker Warning:
#   Section '.ignored' is unknown. Section ignored.
### mwldeppc.exe Linker Warning:
#   Section '.ignored' is unknown. Section ignored.
### mwldeppc.exe Linker Warning:
#   Section '.ignored' is unknown. Section ignored.
### mwldeppc.exe Linker Warning:
#   Section '.ignored' is unknown. Section ignored.
### mwldeppc.exe Linker Warning:
#   Section '.ignored' is unknown. Section ignored.
### mwldeppc.exe Linker Warning:
#   Section '.ignored' is unknown. Section ignored.
### mwldeppc.exe Linker Warning:
#   Section '.ignored' is unknown. Section ignored.
### mwldeppc.exe Linker Warning:
#   Section '.ignored' is unknown. Section ignored.
### mwldeppc.exe Linker Warning:
#   Section '.ignored' is unknown. Section ignored.
### mwldeppc.exe Linker Warning:
#   Section '.ignored' is unknown. Section ignored.
### mwldeppc.exe Linker Warning:
#   Section '.ignored' is unknown. Section ignored.
### mwldeppc.exe Linker Warning:
#   Section '.ignored' is unknown. Section ignored.
### mwldeppc.exe Linker Warning:
#   Section '.ignored' is unknown. Section ignored.
### mwldeppc.exe Linker Warning:
#   Section '.ignored' is unknown. Section ignored.
### mwldeppc.exe Linker Warning:
#   Section '.ignored' is unknown. Section ignored.
### mwldeppc.exe Linker Warning:
#   Section '.ignored' is unknown. Section ignored.
### mwldeppc.exe Linker Warning:
#   Section '.ignored' is unknown. Section ignored.
### mwldeppc.exe Linker Warning:
#   Section '.ignored' is unknown. Section ignored.
### mwldeppc.exe Linker Warning:
#   Section '.ignored' is unknown. Section ignored.
### mwldeppc.exe Linker Warning:
#   Section '.ignored' is unknown. Section ignored.
### mwldeppc.exe Linker Warning:
#   Section '.ignored' is unknown. Section ignored.
### mwldeppc.exe Linker Warning:
#   Section '.ignored' is unknown. Section ignored.
### mwldeppc.exe Linker Warning:
#   Section '.ignored' is unknown. Section ignored.
### mwldeppc.exe Linker Warning:
#   Section '.ignored' is unknown. Section ignored.
### mwldeppc.exe Linker Warning:
#   Section '.ignored' is unknown. Section ignored.
### mwldeppc.exe Linker Warning:
#   Section '.ignored' is unknown. Section ignored.
### mwldeppc.exe Linker Warning:
#   Section '.ignored' is unknown. Section ignored.
### mwldeppc.exe Linker Warning:
#   Section '.ignored' is unknown. Section ignored.
### mwldeppc.exe Linker Warning:
#   Section '.ignored' is unknown. Section ignored.
### mwldeppc.exe Linker Warning:
#   Section '.ignored' is unknown. Section ignored.
### mwldeppc.exe Linker Warning:
#   Section '.ignored' is unknown. Section ignored.
### mwldeppc.exe Linker Warning:
#   Section '.ignored' is unknown. Section ignored.
### mwldeppc.exe Linker Warning:
#   Section '.ignored' is unknown. Section ignored.
### mwldeppc.exe Linker Warning:
#   Section '.ignored' is unknown. Section ignored.
### mwldeppc.exe Linker Warning:
#   Section '.ignored' is unknown. Section ignored.
### mwldeppc.exe Linker Warning:
#   Section '.ignored' is unknown. Section ignored.
### mwldeppc.exe Linker Warning:
#   Section '.ignored' is unknown. Section ignored.
### mwldeppc.exe Linker Warning:
#   Section '.ignored' is unknown. Section ignored.
### mwldeppc.exe Linker Warning:
#   Section '.ignored' is unknown. Section ignored.
### mwldeppc.exe Linker Warning:
#   Section '.ignored' is unknown. Section ignored.
### mwldeppc.exe Linker Warning:
#   Section '.ignored' is unknown. Section ignored.
### mwldeppc.exe Linker Warning:
#   Section '.ignored' is unknown. Section ignored.
### mwldeppc.exe Linker Warning:
#   Section '.ignored' is unknown. Section ignored.
### mwldeppc.exe Linker Warning:
#   Section '.ignored' is unknown. Section ignored.
### mwldeppc.exe Linker Warning:
#   Section '.ignored' is unknown. Section ignored.
### mwldeppc.exe Linker Warning:
#   Section '.ignored' is unknown. Section ignored.
### mwldeppc.exe Linker Warning:
#   Section '.ignored' is unknown. Section ignored.
### mwldeppc.exe Linker Warning:
#   Section '.ignored' is unknown. Section ignored.
### mwldeppc.exe Linker Warning:
#   Section '.ignored' is unknown. Section ignored.
### mwldeppc.exe Linker Warning:
#   Section '.ignored' is unknown. Section ignored.
### mwldeppc.exe Linker Warning:
#   Section '.ignored' is unknown. Section ignored.
### mwldeppc.exe Linker Warning:
#   Section '.ignored' is unknown. Section ignored.
### mwldeppc.exe Linker Warning:
#   Section '.ignored' is unknown. Section ignored.
### mwldeppc.exe Linker Warning:
#   Section '.ignored' is unknown. Section ignored.
### mwldeppc.exe Linker Warning:
#   Section '.ignored' is unknown. Section ignored.
### mwldeppc.exe Linker Warning:
#   Section '.ignored' is unknown. Section ignored.
### mwldeppc.exe Linker Warning:
#   Section '.ignored' is unknown. Section ignored.
### mwldeppc.exe Linker Warning:
#   Section '.ignored' is unknown. Section ignored.
### mwldeppc.exe Linker Warning:
#   Section '.ignored' is unknown. Section ignored.
### mwldeppc.exe Linker Warning:
#   Section '.ignored' is unknown. Section ignored.
### mwldeppc.exe Linker Warning:
#   Section '.ignored' is unknown. Section ignored.
### mwldeppc.exe Linker Warning:
#   Section '.ignored' is unknown. Section ignored.
### mwldeppc.exe Linker Warning:
#   Section '.ignored' is unknown. Section ignored.
### mwldeppc.exe Linker Warning:
#   Section '.ignored' is unknown. Section ignored.
### mwldeppc.exe Linker Warning:
#   Section '.ignored' is unknown. Section ignored.
### mwldeppc.exe Linker Warning:
#   Section '.ignored' is unknown. Section ignored.
### mwldeppc.exe Linker Warning:
#   Section '.ignored' is unknown. Section ignored.
### mwldeppc.exe Linker Warning:
#   Section '.ignored' is unknown. Section ignored.
### mwldeppc.exe Linker Warning:
#   Section '.ignored' is unknown. Section ignored.
### mwldeppc.exe Linker Warning:
#   Section '.ignored' is unknown. Section ignored.
### mwldeppc.exe Linker Warning:
#   Section '.ignored' is unknown. Section ignored.
### mwldeppc.exe Linker Warning:
#   Section '.ignored' is unknown. Section ignored.
### mwldeppc.exe Linker Warning:
#   Section '.ignored' is unknown. Section ignored.
### mwldeppc.exe Linker Warning:
#   Section '.ignored' is unknown. Section ignored.
### mwldeppc.exe Linker Warning:
#   Section '.ignored' is unknown. Section ignored.
### mwldeppc.exe Linker Warning:
#   Section '.ignored' is unknown. Section ignored.
### mwldeppc.exe Linker Warning:
#   Section '.ignored' is unknown. Section ignored.
### mwldeppc.exe Linker Warning:
#   Section '.ignored' is unknown. Section ignored.
### mwldeppc.exe Linker Warning:
#   Section '.ignored' is unknown. Section ignored.
### mwldeppc.exe Linker Warning:
#   Section '.ignored' is unknown. Section ignored.
### mwldeppc.exe Linker Warning:
#   Section '.ignored' is unknown. Section ignored.
### mwldeppc.exe Linker Warning:
#   Section '.ignored' is unknown. Section ignored.
### mwldeppc.exe Linker Warning:
#   Section '.ignored' is unknown. Section ignored.
### mwldeppc.exe Linker Warning:
#   Section '.ignored' is unknown. Section ignored.
### mwldeppc.exe Linker Warning:
#   Section '.ignored' is unknown. Section ignored.
### mwldeppc.exe Linker Warning:
#   Section '.ignored' is unknown. Section ignored.
### mwldeppc.exe Linker Warning:
#   Section '.ignored' is unknown. Section ignored.
### mwldeppc.exe Linker Warning:
#   Section '.ignored' is unknown. Section ignored.
### mwldeppc.exe Linker Warning:
#   Section '.ignored' is unknown. Section ignored.
### mwldeppc.exe Linker Warning:
#   Section '.ignored' is unknown. Section ignored.
### mwldeppc.exe Linker Warning:
#   Section '.ignored' is unknown. Section ignored.
### mwldeppc.exe Linker Warning:
#   Section '.ignored' is unknown. Section ignored.
### mwldeppc.exe Linker Warning:
#   Section '.ignored' is unknown. Section ignored.
### mwldeppc.exe Linker Warning:
#   Section '.ignored' is unknown. Section ignored.
### mwldeppc.exe Linker Warning:
#   Section '.ignored' is unknown. Section ignored.
### mwldeppc.exe Linker Warning:
#   Section '.ignored' is unknown. Section ignored.
### mwldeppc.exe Linker Warning:
#   Section '.ignored' is unknown. Section ignored.
### mwldeppc.exe Linker Warning:
#   Section '.ignored' is unknown. Section ignored.
### mwldeppc.exe Linker Warning:
#   Section '.ignored' is unknown. Section ignored.
### mwldeppc.exe Linker Warning:
#   Section '.ignored' is unknown. Section ignored.
### mwldeppc.exe Linker Warning:
#   Section '.ignored' is unknown. Section ignored.
### mwldeppc.exe Linker Warning:
#   Section '.ignored' is unknown. Section ignored.
### mwldeppc.exe Linker Warning:
#   Section '.ignored' is unknown. Section ignored.
### mwldeppc.exe Linker Warning:
#   Section '.ignored' is unknown. Section ignored.
### mwldeppc.exe Linker Warning:
#   Section '.ignored' is unknown. Section ignored.
### mwldeppc.exe Linker Warning:
#   Section '.ignored' is unknown. Section ignored.
### mwldeppc.exe Linker Warning:
#   Section '.ignored' is unknown. Section ignored.
### mwldeppc.exe Linker Warning:
#   Section '.ignored' is unknown. Section ignored.
### mwldeppc.exe Linker Warning:
#   Section '.ignored' is unknown. Section ignored.
### mwldeppc.exe Linker Warning:
#   Section '.ignored' is unknown. Section ignored.
### mwldeppc.exe Linker Warning:
#   Section '.ignored' is unknown. Section ignored.
### mwldeppc.exe Linker Warning:
#   Section '.ignored' is unknown. Section ignored.
### mwldeppc.exe Linker Warning:
#   Section '.ignored' is unknown. Section ignored.
### mwldeppc.exe Linker Warning:
#   Section '.ignored' is unknown. Section ignored.
### mwldeppc.exe Linker Warning:
#   Section '.ignored' is unknown. Section ignored.
### mwldeppc.exe Linker Warning:
#   Section '.ignored' is unknown. Section ignored.
### mwldeppc.exe Linker Warning:
#   Section '.ignored' is unknown. Section ignored.
### mwldeppc.exe Linker Warning:
#   Section '.ignored' is unknown. Section ignored.
### mwldeppc.exe Linker Warning:
#   Section '.ignored' is unknown. Section ignored.
### mwldeppc.exe Linker Warning:
#   Section '.ignored' is unknown. Section ignored.
### mwldeppc.exe Linker Warning:
#   Section '.ignored' is unknown. Section ignored.
### mwldeppc.exe Linker Warning:
#   Section '.ignored' is unknown. Section ignored.
### mwldeppc.exe Linker Warning:
#   Section '.ignored' is unknown. Section ignored.
### mwldeppc.exe Linker Warning:
#   Section '.ignored' is unknown. Section ignored.
### mwldeppc.exe Linker Warning:
#   Section '.ignored' is unknown. Section ignored.
### mwldeppc.exe Linker Warning:
#   Section '.ignored' is unknown. Section ignored.
### mwldeppc.exe Linker Warning:
#   Section '.ignored' is unknown. Section ignored.
### mwldeppc.exe Linker Warning:
#   Section '.ignored' is unknown. Section ignored.
### mwldeppc.exe Linker Warning:
#   Section '.ignored' is unknown. Section ignored.
### mwldeppc.exe Linker Warning:
#   Section '.ignored' is unknown. Section ignored.
### mwldeppc.exe Linker Warning:
#   Section '.ignored' is unknown. Section ignored.
### mwldeppc.exe Linker Warning:
#   Section '.ignored' is unknown. Section ignored.
### mwldeppc.exe Linker Warning:
#   Section '.ignored' is unknown. Section ignored.
### mwldeppc.exe Linker Warning:
#   Section '.ignored' is unknown. Section ignored.
### mwldeppc.exe Linker Warning:
#   Section '.ignored' is unknown. Section ignored.
### mwldeppc.exe Linker Warning:
#   Section '.ignored' is unknown. Section ignored.
### mwldeppc.exe Linker Warning:
#   Section '.ignored' is unknown. Section ignored.
### mwldeppc.exe Linker Warning:
#   Section '.ignored' is unknown. Section ignored.
### mwldeppc.exe Linker Warning:
#   Section '.ignored' is unknown. Section ignored.
### mwldeppc.exe Linker Warning:
#   Section '.ignored' is unknown. Section ignored.
### mwldeppc.exe Linker Warning:
#   Section '.ignored' is unknown. Section ignored.
### mwldeppc.exe Linker Warning:
#   Section '.ignored' is unknown. Section ignored.
### mwldeppc.exe Linker Warning:
#   Section '.ignored' is unknown. Section ignored.
### mwldeppc.exe Linker Warning:
#   Section '.ignored' is unknown. Section ignored.
### mwldeppc.exe Linker Warning:
#   Section '.ignored' is unknown. Section ignored.
### mwldeppc.exe Linker Warning:
#   Section '.ignored' is unknown. Section ignored.
### mwldeppc.exe Linker Warning:
#   Section '.ignored' is unknown. Section ignored.
### mwldeppc.exe Linker Warning:
#   Section '.ignored' is unknown. Section ignored.
### mwldeppc.exe Linker Warning:
#   Section '.ignored' is unknown. Section ignored.
### mwldeppc.exe Linker Warning:
#   Section '.ignored' is unknown. Section ignored.
### mwldeppc.exe Linker Warning:
#   Section '.ignored' is unknown. Section ignored.
### mwldeppc.exe Linker Warning:
#   Section '.ignored' is unknown. Section ignored.
### mwldeppc.exe Linker Warning:
#   Section '.ignored' is unknown. Section ignored.
### mwldeppc.exe Linker Warning:
#   Section '.ignored' is unknown. Section ignored.
### mwldeppc.exe Linker Warning:
#   Section '.ignored' is unknown. Section ignored.
### mwldeppc.exe Linker Warning:
#   Section '.ignored' is unknown. Section ignored.
### mwldeppc.exe Linker Warning:
#   Section '.ignored' is unknown. Section ignored.
### mwldeppc.exe Linker Warning:
#   Section '.ignored' is unknown. Section ignored.
### mwldeppc.exe Linker Warning:
#   Section '.ignored' is unknown. Section ignored.
### mwldeppc.exe Linker Warning:
#   Section '.ignored' is unknown. Section ignored.
### mwldeppc.exe Linker Warning:
#   Section '.ignored' is unknown. Section ignored.
### mwldeppc.exe Linker Warning:
#   Section '.ignored' is unknown. Section ignored.
### mwldeppc.exe Linker Warning:
#   Section '.ignored' is unknown. Section ignored.
### mwldeppc.exe Linker Warning:
#   Section '.ignored' is unknown. Section ignored.
### mwldeppc.exe Linker Warning:
#   Section '.ignored' is unknown. Section ignored.
### mwldeppc.exe Linker Warning:
#   Section '.ignored' is unknown. Section ignored.
### mwldeppc.exe Linker Warning:
#   Section '.ignored' is unknown. Section ignored.
### mwldeppc.exe Linker Warning:
#   Section '.ignored' is unknown. Section ignored.
### mwldeppc.exe Linker Warning:
#   Section '.ignored' is unknown. Section ignored.
### mwldeppc.exe Linker Warning:
#   Section '.ignored' is unknown. Section ignored.
### mwldeppc.exe Linker Warning:
#   Section '.ignored' is unknown. Section ignored.
### mwldeppc.exe Linker Warning:
#   Section '.ignored' is unknown. Section ignored.
### mwldeppc.exe Linker Warning:
#   Section '.ignored' is unknown. Section ignored.
### mwldeppc.exe Linker Warning:
#   Section '.ignored' is unknown. Section ignored.
### mwldeppc.exe Linker Warning:
#   Section '.ignored' is unknown. Section ignored.
### mwldeppc.exe Linker Warning:
#   Section '.ignored' is unknown. Section ignored.
### mwldeppc.exe Linker Warning:
#   Section '.ignored' is unknown. Section ignored.
### mwldeppc.exe Linker Warning:
#   Section '.ignored' is unknown. Section ignored.
### mwldeppc.exe Linker Warning:
#   Section '.ignored' is unknown. Section ignored.
### mwldeppc.exe Linker Warning:
#   Section '.ignored' is unknown. Section ignored.
### mwldeppc.exe Linker Warning:
#   Section '.ignored' is unknown. Section ignored.
### mwldeppc.exe Linker Warning:
#   Section '.ignored' is unknown. Section ignored.
### mwldeppc.exe Linker Warning:
#   Section '.ignored' is unknown. Section ignored.
### mwldeppc.exe Linker Warning:
#   Section '.ignored' is unknown. Section ignored.
### mwldeppc.exe Linker Warning:
#   Section '.ignored' is unknown. Section ignored.
### mwldeppc.exe Linker Warning:
#   Section '.ignored' is unknown. Section ignored.
### mwldeppc.exe Linker Warning:
#   Section '.ignored' is unknown. Section ignored.
### mwldeppc.exe Linker Warning:
#   Section '.ignored' is unknown. Section ignored.
### mwldeppc.exe Linker Warning:
#   Section '.ignored' is unknown. Section ignored.
### mwldeppc.exe Linker Warning:
#   Section '.ignored' is unknown. Section ignored.
### mwldeppc.exe Linker Warning:
#   Section '.ignored' is unknown. Section ignored.
### mwldeppc.exe Linker Warning:
#   Section '.ignored' is unknown. Section ignored.
### mwldeppc.exe Linker Warning:
#   Section '.ignored' is unknown. Section ignored.
### mwldeppc.exe Linker Warning:
#   Section '.ignored' is unknown. Section ignored.
### mwldeppc.exe Linker Warning:
#   Section '.ignored' is unknown. Section ignored.
### mwldeppc.exe Linker Warning:
#   Section '.ignored' is unknown. Section ignored.
### mwldeppc.exe Linker Warning:
#   Section '.ignored' is unknown. Section ignored.
### mwldeppc.exe Linker Warning:
#   Section '.ignored' is unknown. Section ignored.
### mwldeppc.exe Linker Warning:
#   Section '.ignored' is unknown. Section ignored.
### mwldeppc.exe Linker Warning:
#   Section '.ignored' is unknown. Section ignored.
### mwldeppc.exe Linker Warning:
#   Section '.ignored' is unknown. Section ignored.
### mwldeppc.exe Linker Warning:
#   Section '.ignored' is unknown. Section ignored.
### mwldeppc.exe Linker Warning:
#   Section '.ignored' is unknown. Section ignored.
### mwldeppc.exe Linker Warning:
#   Section '.ignored' is unknown. Section ignored.
### mwldeppc.exe Linker Warning:
#   Section '.ignored' is unknown. Section ignored.
### mwldeppc.exe Linker Warning:
#   Section '.ignored' is unknown. Section ignored.
### mwldeppc.exe Linker Warning:
#   Section '.ignored' is unknown. Section ignored.
### mwldeppc.exe Linker Warning:
#   Section '.ignored' is unknown. Section ignored.
### mwldeppc.exe Linker Warning:
#   Section '.ignored' is unknown. Section ignored.
### mwldeppc.exe Linker Warning:
#   Section '.ignored' is unknown. Section ignored.
### mwldeppc.exe Linker Warning:
#   Section '.ignored' is unknown. Section ignored.
### mwldeppc.exe Linker Warning:
#   Section '.ignored' is unknown. Section ignored.
### mwldeppc.exe Linker Warning:
#   Section '.ignored' is unknown. Section ignored.
### mwldeppc.exe Linker Warning:
#   Section '.ignored' is unknown. Section ignored.
### mwldeppc.exe Linker Warning:
#   Section '.ignored' is unknown. Section ignored.
### mwldeppc.exe Linker Warning:
#   Section '.ignored' is unknown. Section ignored.
### mwldeppc.exe Linker Warning:
#   Section '.ignored' is unknown. Section ignored.
### mwldeppc.exe Linker Warning:
#   Section '.ignored' is unknown. Section ignored.
### mwldeppc.exe Linker Warning:
#   Section '.ignored' is unknown. Section ignored.
### mwldeppc.exe Linker Warning:
#   Section '.ignored' is unknown. Section ignored.
### mwldeppc.exe Linker Warning:
#   Section '.ignored' is unknown. Section ignored.
### mwldeppc.exe Linker Warning:
#   Section '.ignored' is unknown. Section ignored.
### mwldeppc.exe Linker Warning:
#   Section '.ignored' is unknown. Section ignored.
### mwldeppc.exe Linker Warning:
#   Section '.ignored' is unknown. Section ignored.
### mwldeppc.exe Linker Warning:
#   Section '.ignored' is unknown. Section ignored.
### mwldeppc.exe Linker Warning:
#   Section '.ignored' is unknown. Section ignored.
### mwldeppc.exe Linker Warning:
#   Section '.ignored' is unknown. Section ignored.
### mwldeppc.exe Linker Warning:
#   Section '.ignored' is unknown. Section ignored.
### mwldeppc.exe Linker Warning:
#   Section '.ignored' is unknown. Section ignored.
### mwldeppc.exe Linker Warning:
#   Section '.ignored' is unknown. Section ignored.
### mwldeppc.exe Linker Warning:
#   Section '.ignored' is unknown. Section ignored.
### mwldeppc.exe Linker Warning:
#   Section '.ignored' is unknown. Section ignored.
### mwldeppc.exe Linker Warning:
#   Section '.ignored' is unknown. Section ignored.
### mwldeppc.exe Linker Warning:
#   Section '.ignored' is unknown. Section ignored.
### mwldeppc.exe Linker Warning:
#   Section '.ignored' is unknown. Section ignored.
### mwldeppc.exe Linker Warning:
#   Section '.ignored' is unknown. Section ignored.
### mwldeppc.exe Linker Warning:
#   Section '.ignored' is unknown. Section ignored.
### mwldeppc.exe Linker Warning:
#   Section '.ignored' is unknown. Section ignored.
### mwldeppc.exe Linker Warning:
#   Section '.ignored' is unknown. Section ignored.
### mwldeppc.exe Linker Warning:
#   Section '.ignored' is unknown. Section ignored.
### mwldeppc.exe Linker Warning:
#   Section '.ignored' is unknown. Section ignored.
### mwldeppc.exe Linker Warning:
#   Section '.ignored' is unknown. Section ignored.
### mwldeppc.exe Linker Warning:
#   Section '.ignored' is unknown. Section ignored.
### mwldeppc.exe Linker Warning:
#   Section '.ignored' is unknown. Section ignored.
### mwldeppc.exe Linker Warning:
#   Section '.ignored' is unknown. Section ignored.
### mwldeppc.exe Linker Warning:
#   Section '.ignored' is unknown. Section ignored.
### mwldeppc.exe Linker Warning:
#   Section '.ignored' is unknown. Section ignored.
### mwldeppc.exe Linker Warning:
#   Section '.ignored' is unknown. Section ignored.
### mwldeppc.exe Linker Warning:
#   Section '.ignored' is unknown. Section ignored.
### mwldeppc.exe Linker Warning:
#   Section '.ignored' is unknown. Section ignored.
### mwldeppc.exe Linker Warning:
#   Section '.ignored' is unknown. Section ignored.
### mwldeppc.exe Linker Warning:
#   Section '.ignored' is unknown. Section ignored.
### mwldeppc.exe Linker Warning:
#   Section '.ignored' is unknown. Section ignored.
[939/941] DOL build/GEDE01/main.dol
[940/941] CHECK config/GEDE01/build.sha1
build/GEDE01/main.dol: OK
[941/941] PROGRESS
Progress:
  All: 59.05% fuzzy, 50.17% matched, 49.98% linked (6334 / 7069 files)
    Code: 1154244 / 2300692 bytes (6103 / 8214 functions)
    Data: 39858 / 4305642 bytes (0.93%)
  Game Code: 95.11% fuzzy, 80.78% matched, 80.48% linked (6316 / 6633 files)
    Code: 1151216 / 1425104 bytes (6041 / 6354 functions)
    Data: 39634 / 40522 bytes (97.81%)
  SDK/Runtime: 100.00% fuzzy, 100.00% matched, 100.00% linked (18 / 18 files)
    Code: 3028 / 3028 bytes (62 / 62 functions)
    Data: 224 / 224 bytes (100.00%)

exit=0
$ build/tools/objdiff-cli diff -p . -u main/game/game_fn_801858E0 fn_801858E0 -o reports/GEDE01/canonical-3cec4cb7-490c-4f17-8458-d1354bb92fc3.json --format json
 INFO Writing to reports/GEDE01/canonical-3cec4cb7-490c-4f17-8458-d1354bb92fc3.json

exit=0
$ build/tools/objdiff-cli diff -p . -u main/game/game_fn_801858E0 fn_801858E0 -o reports/GEDE01/objdiff-3cec4cb7-490c-4f17-8458-d1354bb92fc3.json --format json -c function_reloc_diffs=name_address
 INFO Writing to reports/GEDE01/objdiff-3cec4cb7-490c-4f17-8458-d1354bb92fc3.json

exit=0
$ sha1sum build/GEDE01/main.dol orig/GEDE01/sys/main.dol
ea24b6af954876ce072562ff39cdb4c81d32be1f  build/GEDE01/main.dol
ea24b6af954876ce072562ff39cdb4c81d32be1f  orig/GEDE01/sys/main.dol

exit=0
$ readelf -rW build/GEDE01/obj/game/game_fn_801858E0.o build/GEDE01/src/game/game_fn_801858E0.o

File: build/GEDE01/obj/game/game_fn_801858E0.o

Relocation section '.rela.text' at offset 0x15c contains 6 entries:
 Offset     Info    Type                Sym. Value  Symbol's Name + Addend
0000000a  00000406 R_PPC_ADDR16_HA        00000000   lbl_8023B050 + 0
0000000e  00000506 R_PPC_ADDR16_HA        00000000   lbl_8023B05C + 0
00000036  00000404 R_PPC_ADDR16_LO        00000000   lbl_8023B050 + 0
0000003a  00000504 R_PPC_ADDR16_LO        00000000   lbl_8023B05C + 0
0000003c  0000066d R_PPC_EMB_SDA21        00000000   lbl_806509F4 + 0
000000a4  0000070a R_PPC_REL24            00000000   fn_801859FC + 0

File: build/GEDE01/src/game/game_fn_801858E0.o

Relocation section '.rela.text' at offset 0x140 contains 6 entries:
 Offset     Info    Type                Sym. Value  Symbol's Name + Addend
0000000a  00000306 R_PPC_ADDR16_HA        00000000   lbl_8023B050 + 0
00000016  00000304 R_PPC_ADDR16_LO        00000000   lbl_8023B050 + 0
00000036  00000406 R_PPC_ADDR16_HA        00000000   lbl_8023B05C + 0
00000042  00000404 R_PPC_ADDR16_LO        00000000   lbl_8023B05C + 0
00000080  0000056d R_PPC_EMB_SDA21        00000000   lbl_806509F4 + 0
000000a8  0000060a R_PPC_REL24            00000000   fn_801859FC + 0

exit=0
$ .tools/bin/ninja -t commands build/GEDE01/src/game/game_fn_801858E0.o
"/usr/bin/python3" tools/download_tool.py sjiswrap build/tools/sjiswrap.exe --tag v1.2.2
tools/mwcc_wrapper.py build/tools/sjiswrap.exe compilers/GC/1.3/mwcceppc.exe -nodefaults -proc gekko -align powerpc -enum int -fp hardware -Cpp_exceptions off -O4,p -inline auto -pragma "cats off" -pragma "warn_notinlined off" -maxerrors 1 -nosyspath -RTTI off -fp_contract on -str reuse -multibyte -i include -i build/GEDE01/include -DVERSION_GEDE01 -DNDEBUG=1 -lang=c -use_lmw_stmw on -MMD -c src/game/game_fn_801858E0.c -o build/GEDE01/src/game && "/usr/bin/python3" tools/transform_dep.py build/GEDE01/src/game/game_fn_801858E0.d build/GEDE01/src/game/game_fn_801858E0.d

exit=0
$ python3 tools/legal_audit.py
legal audit passed (23096 tracked project files inspected)

exit=0
$ git diff --check

exit=0
$ python3 eternal-darkness-decomp/tools/legal_audit.py
legal audit passed (23126 tracked project files inspected)

exit=0
$ git diff --cached --check -- *.py *.md *.json

exit=0
