[1/936] MWCC build/GEDE01/src/game/game_fn_80008014.o
[2/936] MWCC build/GEDE01/src/game/game_fn_800094C0.o
[3/936] MWCC build/GEDE01/src/game/game_fn_800098C0.o
[4/936] MWCC build/GEDE01/src/game/game_fn_800096E0.o
[5/936] MWCC build/GEDE01/src/game/game_fn_800099D8.o
[6/936] MWCC build/GEDE01/src/game/game_fn_80009AB4.o
[7/936] MWCC build/GEDE01/src/game/game_fn_8000A26C.o
[8/936] MWCC build/GEDE01/src/game/game_fn_8000AC88.o
[9/936] MWCC build/GEDE01/src/game/game_fn_8000AEB4.o
[10/936] MWCC build/GEDE01/src/game/game_fn_8000AFB4.o
[11/936] MWCC build/GEDE01/src/game/game_fn_8000B36C.o
[12/936] MWCC build/GEDE01/src/game/game_fn_8000B1B8.o
[13/936] MWCC build/GEDE01/src/game/game_fn_8000B630.o
[14/936] MWCC build/GEDE01/src/game/game_fn_8000B7FC.o
[15/936] MWCC build/GEDE01/src/game/game_fn_8000B900.o
[16/936] MWCC build/GEDE01/src/game/game_fn_8000BA0C.o
[17/936] MWCC build/GEDE01/src/game/game_fn_8000BC40.o
[18/936] MWCC build/GEDE01/src/game/game_fn_8000BAA0.o
[19/936] MWCC build/GEDE01/src/game/game_fn_8000C06C.o
[20/936] MWCC build/GEDE01/src/game/game_fn_8000C17C.o
[21/936] MWCC build/GEDE01/src/game/game_fn_8000C848.o
[22/936] MWCC build/GEDE01/src/game/game_fn_8000C400.o
[23/936] MWCC build/GEDE01/src/game/game_fn_8000C91C.o
[24/936] MWCC build/GEDE01/src/game/game_fn_8000D0BC.o
[25/936] MWCC build/GEDE01/src/game/game_fn_8000D3D4.o
[26/936] MWCC build/GEDE01/src/game/game_fn_8000D590.o
[27/936] MWCC build/GEDE01/src/game/game_fn_8000D8A4.o
[28/936] MWCC build/GEDE01/src/game/game_fn_8000DA50.o
[29/936] MWCC build/GEDE01/src/game/game_fn_8000DAF4.o
[30/936] MWCC build/GEDE01/src/game/game_fn_8000E054.o
[31/936] MWCC build/GEDE01/src/game/game_fn_8000E0AC.o
[32/936] MWCC build/GEDE01/src/game/game_fn_8000E138.o
[33/936] MWCC build/GEDE01/src/game/game_fn_8000E1C4.o
[34/936] MWCC build/GEDE01/src/game/game_fn_8000E96C.o
[35/936] MWCC build/GEDE01/src/game/game_fn_8000EB14.o
[36/936] MWCC build/GEDE01/src/game/game_fn_8000EBD4.o
[37/936] MWCC build/GEDE01/src/game/game_fn_8000ED44.o
[38/936] MWCC build/GEDE01/src/game/game_fn_8000EFC4.o
[39/936] MWCC build/GEDE01/src/game/game_fn_8000F4B0.o
[40/936] MWCC build/GEDE01/src/game/game_fn_8000F774.o
[41/936] MWCC build/GEDE01/src/game/game_fn_8000FDE8.o
[42/936] MWCC build/GEDE01/src/game/game_fn_8000FFD8.o
[43/936] MWCC build/GEDE01/src/game/game_fn_800119FC.o
[44/936] MWCC build/GEDE01/src/game/game_fn_80012DA8.o
[45/936] MWCC build/GEDE01/src/game/game_fn_80012F40.o
[46/936] MWCC build/GEDE01/src/game/game_fn_80012FD0.o
[47/936] MWCC build/GEDE01/src/game/game_fn_800131E8.o
[48/936] MWCC build/GEDE01/src/game/game_fn_80013340.o
[49/936] MWCC build/GEDE01/src/game/game_fn_80013870.o
[50/936] MWCC build/GEDE01/src/game/game_fn_80013CB0.o
[51/936] MWCC build/GEDE01/src/game/game_fn_80013D54.o
[52/936] MWCC build/GEDE01/src/game/game_fn_800142DC.o
[53/936] MWCC build/GEDE01/src/game/game_fn_800144CC.o
[54/936] MWCC build/GEDE01/src/game/game_fn_80014784.o
[55/936] MWCC build/GEDE01/src/game/game_fn_800149D4.o
[56/936] MWCC build/GEDE01/src/game/game_fn_80015058.o
[57/936] MWCC build/GEDE01/src/game/game_fn_80015320.o
[58/936] MWCC build/GEDE01/src/game/game_fn_80015568.o
[59/936] MWCC build/GEDE01/src/game/game_fn_800156FC.o
[60/936] MWCC build/GEDE01/src/game/game_fn_80015BE0.o
[61/936] MWCC build/GEDE01/src/game/game_fn_80015D40.o
[62/936] MWCC build/GEDE01/src/game/game_fn_80015F04.o
[63/936] MWCC build/GEDE01/src/game/game_fn_80016128.o
[64/936] MWCC build/GEDE01/src/game/game_fn_80016270.o
[65/936] MWCC build/GEDE01/src/game/game_fn_80016904.o
[66/936] MWCC build/GEDE01/src/game/game_fn_80016B24.o
[67/936] MWCC build/GEDE01/src/game/game_fn_800171C0.o
[68/936] MWCC build/GEDE01/src/game/game_fn_800173CC.o
[69/936] MWCC build/GEDE01/src/game/game_fn_800176F0.o
[70/936] MWCC build/GEDE01/src/game/game_fn_80017910.o
[71/936] MWCC build/GEDE01/src/game/game_fn_80017A3C.o
[72/936] MWCC build/GEDE01/src/game/game_fn_800179AC.o
[73/936] MWCC build/GEDE01/src/game/game_fn_80017AE4.o
[74/936] MWCC build/GEDE01/src/game/game_fn_80017C3C.o
[75/936] MWCC build/GEDE01/src/game/game_fn_80017CC8.o
[76/936] MWCC build/GEDE01/src/game/game_fn_80017DB0.o
[77/936] MWCC build/GEDE01/src/game/game_fn_80019054.o
[78/936] MWCC build/GEDE01/src/game/game_fn_80018EF4.o
[79/936] MWCC build/GEDE01/src/game/game_fn_80019244.o
[80/936] MWCC build/GEDE01/src/game/game_fn_800194D0.o
[81/936] MWCC build/GEDE01/src/game/game_fn_80019C10.o
[82/936] MWCC build/GEDE01/src/game/game_fn_80019940.o
[83/936] MWCC build/GEDE01/src/game/game_fn_80019F98.o
[84/936] MWCC build/GEDE01/src/game/game_fn_80019D2C.o
[85/936] MWCC build/GEDE01/src/game/game_fn_8001AAB8.o
[86/936] MWCC build/GEDE01/src/game/game_fn_8001A6C4.o
[87/936] MWCC build/GEDE01/src/game/game_fn_8001AF68.o
[88/936] MWCC build/GEDE01/src/game/game_fn_8001ADF8.o
[89/936] MWCC build/GEDE01/src/game/game_fn_8001B124.o
[90/936] MWCC build/GEDE01/src/game/game_fn_8001B294.o
[91/936] MWCC build/GEDE01/src/game/game_fn_8001B874.o
[92/936] MWCC build/GEDE01/src/game/game_fn_8001B808.o
[93/936] MWCC build/GEDE01/src/game/game_fn_8001C078.o
[94/936] MWCC build/GEDE01/src/game/game_fn_8001CA04.o
[95/936] MWCC build/GEDE01/src/game/game_fn_8001CD58.o
[96/936] MWCC build/GEDE01/src/game/game_fn_8001CE94.o
[97/936] MWCC build/GEDE01/src/game/game_fn_8001E644.o
[98/936] MWCC build/GEDE01/src/game/game_fn_8001FE1C.o
[99/936] MWCC build/GEDE01/src/game/game_fn_80020E94.o
[100/936] MWCC build/GEDE01/src/game/game_fn_80024F28.o
[101/936] MWCC build/GEDE01/src/game/game_fn_800272B4.o
[102/936] MWCC build/GEDE01/src/game/game_fn_8002B748.o
[103/936] MWCC build/GEDE01/src/game/game_fn_8002DAE0.o
[104/936] MWCC build/GEDE01/src/game/game_fn_8002E3F0.o
[105/936] MWCC build/GEDE01/src/game/game_fn_8002EA68.o
[106/936] MWCC build/GEDE01/src/game/game_fn_8002F428.o
[107/936] MWCC build/GEDE01/src/game/game_fn_80031544.o
[108/936] MWCC build/GEDE01/src/game/game_fn_8003232C.o
[109/936] MWCC build/GEDE01/src/game/game_fn_80032B84.o
[110/936] MWCC build/GEDE01/src/game/game_fn_80033038.o
[111/936] MWCC build/GEDE01/src/game/game_fn_80033180.o
[112/936] MWCC build/GEDE01/src/game/game_fn_800359A0.o
[113/936] MWCC build/GEDE01/src/game/game_fn_800361F8.o
[114/936] MWCC build/GEDE01/src/game/game_fn_80036C40.o
[115/936] MWCC build/GEDE01/src/game/game_fn_80038878.o
[116/936] MWCC build/GEDE01/src/game/game_fn_80048ADC.o
[117/936] MWCC build/GEDE01/src/game/game_fn_80048B24.o
[118/936] MWCC build/GEDE01/src/game/game_fn_8004998C.o
[119/936] MWCC build/GEDE01/src/game/game_fn_80052310.o
[120/936] MWCC build/GEDE01/src/game/game_fn_80050B08.o
[121/936] MWCC build/GEDE01/src/game/game_fn_8005EC6C.o
[122/936] MWCC build/GEDE01/src/game/game_fn_800542D0.o
[123/936] MWCC build/GEDE01/src/game/game_fn_8005EE9C.o
[124/936] MWCC build/GEDE01/src/game/game_fn_8005EF94.o
[125/936] MWCC build/GEDE01/src/game/game_data_80239E10.o
[126/936] MWCC build/GEDE01/src/game/game_data_80239E18.o
[127/936] MWCC build/GEDE01/src/game/game_fn_8005FD84.o
[128/936] MWCC build/GEDE01/src/game/game_fn_80066888.o
[129/936] MWCC build/GEDE01/src/game/game_fn_80066E78.o
[130/936] MWCC build/GEDE01/src/game/game_fn_8006B0F0.o
[131/936] MWCC build/GEDE01/src/game/game_fn_8006B620.o
[132/936] MWCC build/GEDE01/src/game/game_fn_8006E53C.o
[133/936] MWCC build/GEDE01/src/game/game_fn_80071A58.o
[134/936] MWCC build/GEDE01/src/game/game_fn_80074310.o
[135/936] MWCC build/GEDE01/src/game/game_fn_80078500.o
[136/936] MWCC build/GEDE01/src/game/game_fn_80079908.o
[137/936] MWCC build/GEDE01/src/game/game_fn_80079AA4.o
[138/936] MWCC build/GEDE01/src/game/game_fn_8007B2F4.o
[139/936] MWCC build/GEDE01/src/game/game_fn_8007B540.o
[140/936] MWCC build/GEDE01/src/game/game_fn_8007B640.o
[141/936] MWCC build/GEDE01/src/game/game_fn_8007B828.o
[142/936] MWCC build/GEDE01/src/game/game_fn_8007BA3C.o
[143/936] MWCC build/GEDE01/src/game/game_fn_8007D4D8.o
[144/936] MWCC build/GEDE01/src/game/game_fn_8007F770.o
[145/936] MWCC build/GEDE01/src/game/game_fn_800886D8.o
[146/936] MWCC build/GEDE01/src/game/game_fn_80088F4C.o
[147/936] MWCC build/GEDE01/src/game/game_fn_80089A34.o
[148/936] MWCC build/GEDE01/src/game/game_fn_8008A2E0.o
[149/936] MWCC build/GEDE01/src/game/game_fn_8008F224.o
[150/936] MWCC build/GEDE01/src/game/game_fn_8008F890.o
[151/936] MWCC build/GEDE01/src/game/game_fn_80090004.o
[152/936] MWCC build/GEDE01/src/game/game_fn_800934A0.o
[153/936] MWCC build/GEDE01/src/game/game_fn_80095D10.o
[154/936] MWCC build/GEDE01/src/game/game_fn_80095E64.o
[155/936] MWCC build/GEDE01/src/game/game_fn_80095FDC.o
[156/936] MWCC build/GEDE01/src/game/game_fn_80096830.o
[157/936] MWCC build/GEDE01/src/game/game_fn_8009C424.o
[158/936] MWCC build/GEDE01/src/game/game_fn_8009E808.o
[159/936] MWCC build/GEDE01/src/game/game_fn_800A2130.o
[160/936] MWCC build/GEDE01/src/game/game_fn_800A2B8C.o
[161/936] MWCC build/GEDE01/src/game/game_fn_800A2FCC.o
[162/936] MWCC build/GEDE01/src/game/game_fn_800A3180.o
[163/936] MWCC build/GEDE01/src/game/game_fn_800A3894.o
[164/936] MWCC build/GEDE01/src/game/game_fn_800A4428.o
[165/936] MWCC build/GEDE01/src/game/game_fn_800A4798.o
[166/936] MWCC build/GEDE01/src/game/game_fn_800A7E88.o
[167/936] MWCC build/GEDE01/src/game/game_fn_800AF230.o
[168/936] MWCC build/GEDE01/src/game/game_fn_800B2EC0.o
[169/936] MWCC build/GEDE01/src/game/game_fn_800BB5C4.o
[170/936] MWCC build/GEDE01/src/game/game_fn_800BB7A8.o
[171/936] MWCC build/GEDE01/src/game/game_fn_800BB9A4.o
[172/936] MWCC build/GEDE01/src/game/game_fn_800BBAF0.o
[173/936] MWCC build/GEDE01/src/game/game_fn_800C030C.o
[174/936] MWCC build/GEDE01/src/game/game_fn_800C17EC.o
[175/936] MWCC build/GEDE01/src/game/game_fn_800C59F0.o
[176/936] MWCC build/GEDE01/src/game/game_fn_800C644C.o
[177/936] MWCC build/GEDE01/src/game/game_fn_800C65FC.o
[178/936] MWCC build/GEDE01/src/game/game_fn_800C9C60.o
[179/936] MWCC build/GEDE01/src/game/game_fn_800CB760.o
[180/936] MWCC build/GEDE01/src/game/game_fn_800CB8F4.o
[181/936] MWCC build/GEDE01/src/game/game_fn_800CF598.o
[182/936] MWCC build/GEDE01/src/game/game_fn_800D9064.o
[183/936] MWCC build/GEDE01/src/game/game_fn_800D9E10.o
[184/936] MWCC build/GEDE01/src/game/game_fn_800DC4D4.o
[185/936] MWCC build/GEDE01/src/game/game_fn_800E4980.o
[186/936] MWCC build/GEDE01/src/game/game_TRKNubWelcome.o
[187/936] MWCC build/GEDE01/src/game/game_TRK_main.o
[188/936] MWCC build/GEDE01/src/game/game_InitMetroTRKCommTable.o
[189/936] MWCC build/GEDE01/src/game/game_fn_800FD0C8.o
[190/936] MWCC build/GEDE01/src/game/game_fn_8010242C.o
[191/936] MWCC build/GEDE01/src/game/game_fn_801098C0.o
[192/936] MWCC build/GEDE01/src/game/game_fn_8010F184.o
[193/936] MWCC build/GEDE01/src/game/game_fn_801126E0.o
[194/936] MWCC build/GEDE01/src/game/game_fn_801128E4.o
[195/936] MWCC build/GEDE01/src/game/game_fn_801141B8.o
[196/936] MWCC build/GEDE01/src/game/game_fn_80119C70.o
[197/936] MWCC build/GEDE01/src/game/game_fn_8011F140.o
[198/936] MWCC build/GEDE01/src/game/game_fn_801247F8.o
[199/936] MWCC build/GEDE01/src/game/game_fn_80126A00.o
[200/936] MWCC build/GEDE01/src/game/game_fn_8012976C.o
[201/936] MWCC build/GEDE01/src/game/game_fn_8012DB28.o
[202/936] MWCC build/GEDE01/src/game/game_fn_8013CBE4.o
[203/936] MWCC build/GEDE01/src/game/game_fn_8013D6A4.o
[204/936] MWCC build/GEDE01/src/game/game_fn_8013DB8C.o
[205/936] MWCC build/GEDE01/src/game/game_fn_8014549C.o
[206/936] MWCC build/GEDE01/src/game/game_fn_8014AF38.o
[207/936] MWCC build/GEDE01/src/game/game_fn_8014B494.o
[208/936] MWCC build/GEDE01/src/game/game_fn_8014BA14.o
[209/936] MWCC build/GEDE01/src/game/game_fn_8014CA98.o
[210/936] MWCC build/GEDE01/src/game/game_fn_80150A24.o
[211/936] MWCC build/GEDE01/src/game/game_fn_801535D8.o
[212/936] MWCC build/GEDE01/src/game/game_fn_80153898.o
[213/936] MWCC build/GEDE01/src/game/game_fn_80153A24.o
[214/936] MWCC build/GEDE01/src/game/game_fn_80154F74.o
[215/936] MWCC build/GEDE01/src/game/game_fn_80155814.o
[216/936] MWCC build/GEDE01/src/game/game_fn_80157C0C.o
[217/936] MWCC build/GEDE01/src/game/game_fn_80158B20.o
[218/936] MWCC build/GEDE01/src/game/game_fn_80158D38.o
[219/936] MWCC build/GEDE01/src/game/game_fn_8015DB84.o
[220/936] MWCC build/GEDE01/src/game/game_fn_8015DC54.o
[221/936] MWCC build/GEDE01/src/game/game_fn_8015EDC0.o
[222/936] MWCC build/GEDE01/src/game/game_fn_80167454.o
[223/936] MWCC build/GEDE01/src/game/game_fn_80167B5C.o
[224/936] MWCC build/GEDE01/src/game/game_fn_80169650.o
[225/936] MWCC build/GEDE01/src/game/game_fn_8016BD0C.o
[226/936] MWCC build/GEDE01/src/game/game_fn_8016BE1C.o
[227/936] MWCC build/GEDE01/src/game/game_fn_8016BF60.o
[228/936] MWCC build/GEDE01/src/game/game_fn_8016C0BC.o
[229/936] MWCC build/GEDE01/src/game/game_fn_8016C164.o
[230/936] MWCC build/GEDE01/src/game/game_fn_8016C238.o
[231/936] MWCC build/GEDE01/src/game/game_fn_8016C4BC.o
[232/936] MWCC build/GEDE01/src/game/game_fn_8016C774.o
[233/936] MWCC build/GEDE01/src/game/game_fn_8016D040.o
[234/936] MWCC build/GEDE01/src/game/game_fn_8016D1F8.o
[235/936] MWCC build/GEDE01/src/game/game_fn_8016D2B8.o
[236/936] MWCC build/GEDE01/src/game/game_fn_8016D9C0.o
[237/936] MWCC build/GEDE01/src/game/game_fn_8016DF4C.o
[238/936] MWCC build/GEDE01/src/game/game_fn_8016E8F8.o
[239/936] MWCC build/GEDE01/src/game/game_fn_8016FEF8.o
[240/936] MWCC build/GEDE01/src/game/game_fn_8017038C.o
[241/936] MWCC build/GEDE01/src/game/game_fn_801704F8.o
[242/936] MWCC build/GEDE01/src/game/game_fn_801706DC.o
[243/936] MWCC build/GEDE01/src/game/game_fn_80170A40.o
[244/936] MWCC build/GEDE01/src/game/game_fn_80170DF4.o
[245/936] MWCC build/GEDE01/src/game/game_fn_80170E9C.o
[246/936] MWCC build/GEDE01/src/game/game_fn_8017138C.o
[247/936] MWCC build/GEDE01/src/game/game_fn_80171664.o
[248/936] MWCC build/GEDE01/src/game/game_fn_801718F4.o
[249/936] MWCC build/GEDE01/src/game/game_fn_801719B4.o
[250/936] MWCC build/GEDE01/src/game/game_fn_80171F30.o
[251/936] MWCC build/GEDE01/src/game/game_fn_8017250C.o
[252/936] MWCC build/GEDE01/src/game/game_fn_801726EC.o
[253/936] MWCC build/GEDE01/src/game/game_fn_80172BB0.o
[254/936] MWCC build/GEDE01/src/game/game_fn_80172C78.o
[255/936] MWCC build/GEDE01/src/game/game_fn_80172DB8.o
[256/936] MWCC build/GEDE01/src/game/game_fn_80173270.o
[257/936] MWCC build/GEDE01/src/game/game_fn_801734B4.o
[258/936] MWCC build/GEDE01/src/game/game_fn_80173770.o
[259/936] MWCC build/GEDE01/src/game/game_fn_80173BDC.o
[260/936] MWCC build/GEDE01/src/game/game_fn_80173D44.o
[261/936] MWCC build/GEDE01/src/game/game_fn_80173F04.o
[262/936] MWCC build/GEDE01/src/game/game_fn_80174184.o
[263/936] MWCC build/GEDE01/src/game/game_fn_80174358.o
[264/936] MWCC build/GEDE01/src/game/game_fn_80174F2C.o
[265/936] MWCC build/GEDE01/src/game/game_fn_801752B0.o
[266/936] MWCC build/GEDE01/src/game/game_fn_8017553C.o
[267/936] MWCC build/GEDE01/src/game/game_fn_80175A08.o
[268/936] MWCC build/GEDE01/src/game/game_fn_80175E64.o
[269/936] MWCC build/GEDE01/src/game/game_fn_80175F0C.o
[270/936] MWCC build/GEDE01/src/game/game_fn_80175FD4.o
[271/936] MWCC build/GEDE01/src/game/game_fn_80176098.o
[272/936] MWCC build/GEDE01/src/game/game_fn_80176160.o
[273/936] MWCC build/GEDE01/src/game/game_fn_80176220.o
[274/936] MWCC build/GEDE01/src/game/game_fn_801762E8.o
[275/936] MWCC build/GEDE01/src/game/game_fn_8017652C.o
[276/936] MWCC build/GEDE01/src/game/game_fn_80176DF4.o
[277/936] MWCC build/GEDE01/src/game/game_fn_80176FA0.o
[278/936] MWCC build/GEDE01/src/game/game_fn_801770F8.o
[279/936] MWCC build/GEDE01/src/game/game_fn_8017718C.o
[280/936] MWCC build/GEDE01/src/game/game_fn_80178F88.o
[281/936] MWCC build/GEDE01/src/game/game_fn_80177434.o
[282/936] MWCC build/GEDE01/src/game/game_fn_80179398.o
[283/936] MWCC build/GEDE01/src/game/game_fn_8017960C.o
[284/936] MWCC build/GEDE01/src/game/game_fn_8017974C.o
[285/936] MWCC build/GEDE01/src/game/game_fn_80179904.o
[286/936] MWCC build/GEDE01/src/game/game_fn_80179A18.o
[287/936] MWCC build/GEDE01/src/game/game_fn_80179A74.o
[288/936] MWCC build/GEDE01/src/game/game_fn_80179EB8.o
[289/936] MWCC build/GEDE01/src/game/game_fn_80179F20.o
[290/936] MWCC build/GEDE01/src/game/game_fn_8017A010.o
[291/936] MWCC build/GEDE01/src/game/game_fn_8017A12C.o
[292/936] MWCC build/GEDE01/src/game/game_fn_8017A1C0.o
[293/936] MWCC build/GEDE01/src/game/game_fn_8017A9B8.o
[294/936] MWCC build/GEDE01/src/game/game_fn_8017AC20.o
[295/936] MWCC build/GEDE01/src/game/game_fn_8017E850.o
[296/936] MWCC build/GEDE01/src/game/game_fn_8017E958.o
[297/936] MWCC build/GEDE01/src/game/game_fn_80180DDC.o
[298/936] MWCC build/GEDE01/src/game/game_fn_801810A0.o
[299/936] MWCC build/GEDE01/src/game/game_fn_801816D4.o
[300/936] MWCC build/GEDE01/src/game/game_fn_801859FC.o
[301/936] MWCC build/GEDE01/src/game/game_fn_80185AE8.o
[302/936] MWCC build/GEDE01/src/game/game_fn_80185F10.o
[303/936] MWCC build/GEDE01/src/game/game_fn_801861C4.o
[304/936] MWCC build/GEDE01/src/game/game_fn_801865EC.o
[305/936] MWCC build/GEDE01/src/game/game_fn_8018680C.o
[306/936] MWCC build/GEDE01/src/game/game_fn_80186E10.o
[307/936] MWCC build/GEDE01/src/game/game_fn_80186F70.o
[308/936] MWCC build/GEDE01/src/game/game_fn_80187120.o
[309/936] MWCC build/GEDE01/src/game/game_fn_80187320.o
[310/936] MWCC build/GEDE01/src/game/game_fn_801875FC.o
[311/936] MWCC build/GEDE01/src/game/game_fn_801878E0.o
[312/936] MWCC build/GEDE01/src/game/game_fn_80187BB4.o
[313/936] MWCC build/GEDE01/src/game/game_fn_80187E40.o
[314/936] MWCC build/GEDE01/src/game/game_fn_80188A7C.o
[315/936] MWCC build/GEDE01/src/game/game_fn_80188B44.o
[316/936] MWCC build/GEDE01/src/game/game_fn_80188C1C.o
[317/936] MWCC build/GEDE01/src/game/game_fn_80188E28.o
[318/936] MWCC build/GEDE01/src/game/game_fn_80189028.o
[319/936] MWCC build/GEDE01/src/game/game_fn_801891D8.o
[320/936] MWCC build/GEDE01/src/game/game_fn_80189390.o
[321/936] MWCC build/GEDE01/src/game/game_fn_801895E8.o
[322/936] MWCC build/GEDE01/src/game/game_fn_801896A0.o
[323/936] MWCC build/GEDE01/src/game/game_fn_80189760.o
[324/936] MWCC build/GEDE01/src/game/game_fn_80189968.o
[325/936] MWCC build/GEDE01/src/game/game_fn_80189C14.o
[326/936] MWCC build/GEDE01/src/game/game_fn_8018C2D0.o
[327/936] MWCC build/GEDE01/src/game/game_fn_8018D1F0.o
[328/936] MWCC build/GEDE01/src/game/game_fn_8018D2E0.o
[329/936] MWCC build/GEDE01/src/game/game_fn_8018D400.o
[330/936] MWCC build/GEDE01/src/game/game_fn_8018D688.o
[331/936] MWCC build/GEDE01/src/game/game_fn_8018DC24.o
[332/936] MWCC build/GEDE01/src/game/game_fn_8018E0D8.o
[333/936] MWCC build/GEDE01/src/game/game_fn_8018F1D0.o
[334/936] MWCC build/GEDE01/src/game/game_fn_8018F81C.o
[335/936] MWCC build/GEDE01/src/game/game_fn_8018FEDC.o
[336/936] MWCC build/GEDE01/src/game/game_fn_8019120C.o
[337/936] MWCC build/GEDE01/src/game/game_fn_80191360.o
[338/936] MWCC build/GEDE01/src/game/game_fn_801916D0.o
[339/936] MWCC build/GEDE01/src/game/game_fn_8019197C.o
[340/936] MWCC build/GEDE01/src/game/game_fn_80191F58.o
[341/936] MWCC build/GEDE01/src/game/game_fn_801926EC.o
[342/936] MWCC build/GEDE01/src/game/game_fn_801929A4.o
[343/936] MWCC build/GEDE01/src/game/game_fn_80192F54.o
[344/936] MWCC build/GEDE01/src/game/game_fn_801931C4.o
[345/936] MWCC build/GEDE01/src/game/game_fn_80193E1C.o
[346/936] MWCC build/GEDE01/src/game/game_fn_80193F3C.o
[347/936] MWCC build/GEDE01/src/game/game_fn_80194F80.o
[348/936] MWCC build/GEDE01/src/game/game_fn_801952E8.o
[349/936] MWCC build/GEDE01/src/game/game_fn_80197910.o
[350/936] MWCC build/GEDE01/src/game/game_fn_80198154.o
[351/936] MWCC build/GEDE01/src/game/game_fn_80198AAC.o
[352/936] MWCC build/GEDE01/src/game/game_fn_80198BF4.o
[353/936] MWCC build/GEDE01/src/game/game_fn_801991E0.o
[354/936] MWCC build/GEDE01/src/game/game_fn_8019B1BC.o
[355/936] MWCC build/GEDE01/src/game/game_fn_8019CC28.o
[356/936] MWCC build/GEDE01/src/game/game_fn_8019CFC4.o
[357/936] MWCC build/GEDE01/src/game/game_fn_8019E5E4.o
[358/936] MWCC build/GEDE01/src/game/game_fn_8019E8C8.o
[359/936] MWCC build/GEDE01/src/game/game_fn_801A1F18.o
[360/936] MWCC build/GEDE01/src/game/game_fn_801A1F8C.o
[361/936] MWCC build/GEDE01/src/game/game_fn_801A2A54.o
[362/936] MWCC build/GEDE01/src/game/game_fn_801A34BC.o
[363/936] MWCC build/GEDE01/src/game/game_fn_801A3A78.o
[364/936] MWCC build/GEDE01/src/game/game_fn_801A4430.o
[365/936] MWCC build/GEDE01/src/game/game_fn_801A4CE0.o
[366/936] MWCC build/GEDE01/src/game/game_fn_801A5FB0.o
[367/936] MWCC build/GEDE01/src/game/game_fn_801A6410.o
[368/936] MWCC build/GEDE01/src/game/game_fn_801A657C.o
[369/936] MWCC build/GEDE01/src/game/game_fn_801A6ADC.o
[370/936] MWCC build/GEDE01/src/game/game_fn_801A6C58.o
[371/936] MWCC build/GEDE01/src/game/game_fn_801A6CB4.o
[372/936] MWCC build/GEDE01/src/game/game_fn_801A7E04.o
[373/936] MWCC build/GEDE01/src/game/game_fn_801A7EA8.o
[374/936] MWCC build/GEDE01/src/game/game_fn_801A93E8.o
[375/936] MWCC build/GEDE01/src/game/game_fn_801AB154.o
[376/936] MWCC build/GEDE01/src/game/game_fn_801ABD3C.o
[377/936] MWCC build/GEDE01/src/game/game_fn_801AC8AC.o
[378/936] MWCC build/GEDE01/src/game/game_fn_801ACFE8.o
[379/936] MWCC build/GEDE01/src/game/game_fn_801AD08C.o
[380/936] MWCC build/GEDE01/src/game/game_fn_801AFA74.o
[381/936] MWCC build/GEDE01/src/game/game_fn_801B02F0.o
[382/936] MWCC build/GEDE01/src/game/game_fn_801B1BA0.o
[383/936] MWCC build/GEDE01/src/game/game_fn_801B35BC.o
[384/936] MWCC build/GEDE01/src/game/game_fn_801B46C8.o
[385/936] MWCC build/GEDE01/src/game/game_fn_801B4FB4.o
[386/936] MWCC build/GEDE01/src/game/game_fn_801B58F0.o
[387/936] MWCC build/GEDE01/src/game/game_fn_801B5228.o
[388/936] MWCC build/GEDE01/src/game/game_fn_801B6F1C.o
[389/936] MWCC build/GEDE01/src/game/game_fn_801B86C0.o
[390/936] MWCC build/GEDE01/src/game/game_fn_801B9E7C.o
[391/936] MWCC build/GEDE01/src/game/game_fn_801B941C.o
[392/936] MWCC build/GEDE01/src/game/game_fn_801BA15C.o
[393/936] MWCC build/GEDE01/src/game/game_fn_801BA708.o
[394/936] MWCC build/GEDE01/src/game/game_fn_801BA94C.o
[395/936] MWCC build/GEDE01/src/game/game_fn_801BB1A0.o
[396/936] MWCC build/GEDE01/src/game/game_fn_801BC0D4.o
[397/936] MWCC build/GEDE01/src/game/game_fn_801BC240.o
[398/936] MWCC build/GEDE01/src/game/game_fn_801BC8F4.o
[399/936] MWCC build/GEDE01/src/game/game_fn_801BCC04.o
[400/936] MWCC build/GEDE01/src/game/game_fn_801BD990.o
[401/936] MWCC build/GEDE01/src/game/game_fn_801BDE7C.o
[402/936] MWCC build/GEDE01/src/game/game_fn_801BE0D4.o
[403/936] MWCC build/GEDE01/src/game/game_fn_801BEF40.o
[404/936] MWCC build/GEDE01/src/game/game_fn_801C1CB0.o
[405/936] MWCC build/GEDE01/src/game/game_fn_801C2980.o
[406/936] MWCC build/GEDE01/src/game/game_fn_801C29BC.o
[407/936] MWCC build/GEDE01/src/game/game_fn_801C2AAC.o
[408/936] MWCC build/GEDE01/src/game/game_fn_801C2D9C.o
[409/936] MWCC build/GEDE01/src/game/game_fn_801C8160.o
[410/936] MWCC build/GEDE01/src/game/game_fn_801C8224.o
[411/936] MWCC build/GEDE01/src/game/game_fn_801C4B5C.o
[412/936] MWCC build/GEDE01/src/game/game_fn_801C8600.o
[413/936] MWCC build/GEDE01/src/game/game_fn_801C87DC.o
[414/936] MWCC build/GEDE01/src/game/game_fn_801C8CC0.o
[415/936] MWCC build/GEDE01/src/game/game_fn_801C8F50.o
[416/936] MWCC build/GEDE01/src/game/game_fn_801C90A4.o
[417/936] MWCC build/GEDE01/src/game/game_fn_801C9510.o
[418/936] MWCC build/GEDE01/src/game/game_fn_801C970C.o
[419/936] MWCC build/GEDE01/src/game/game_fn_801C9A08.o
[420/936] MWCC build/GEDE01/src/game/game_fn_801C9B1C.o
[421/936] MWCC build/GEDE01/src/game/game_fn_801CB4F8.o
[422/936] MWCC build/GEDE01/src/game/game_fn_801CD228.o
[423/936] MWCC build/GEDE01/src/game/game_fn_801CE09C.o
[424/936] MWCC build/GEDE01/src/game/game_fn_801CE594.o
[425/936] MWCC build/GEDE01/src/game/game_fn_801D1B10.o
[426/936] MWCC build/GEDE01/src/game/game_fn_801D1F78.o
[427/936] MWCC build/GEDE01/src/game/game_fn_801D3988.o
[428/936] MWCC build/GEDE01/src/game/game_fn_801D73D0.o
[429/936] MWCC build/GEDE01/src/game/game_fn_801D76A8.o
[430/936] MWCC build/GEDE01/src/game/game_fn_801D7C24.o
[431/936] MWCC build/GEDE01/src/game/game_fn_801D8050.o
[432/936] MWCC build/GEDE01/src/game/game_fn_801D9FE4.o
[433/936] MWCC build/GEDE01/src/game/game_fn_801E2A48.o
[434/936] MWCC build/GEDE01/src/game/game_fn_801E41AC.o
[435/936] MWCC build/GEDE01/src/game/game_fn_801E504C.o
[436/936] MWCC build/GEDE01/src/game/game_fn_801E6814.o
[437/936] MWCC build/GEDE01/src/game/game_fn_801E7014.o
[438/936] MWCC build/GEDE01/src/game/game_fn_801E995C.o
[439/936] MWCC build/GEDE01/src/game/game_fn_801EAA04.o
[440/936] MWCC build/GEDE01/src/game/game_fn_801EB09C.o
[441/936] MWCC build/GEDE01/src/game/game_fn_801EB11C.o
[442/936] MWCC build/GEDE01/src/game/game_fn_801ECD74.o
[443/936] MWCC build/GEDE01/src/game/game_fn_801ECF50.o
[444/936] MWCC build/GEDE01/src/game/game_fn_801ED5F4.o
[445/936] MWCC build/GEDE01/src/game/game_fn_801EF580.o
[446/936] MWCC build/GEDE01/src/game/game_fn_801EF910.o
[447/936] MWCC build/GEDE01/src/game/game_fn_801F0CB0.o
[448/936] MWCC build/GEDE01/src/game/game_fn_801F10BC.o
[449/936] MWCC build/GEDE01/src/game/game_fn_801F1A38.o
[450/936] MWCC build/GEDE01/src/game/game_fn_801F35A8.o
[451/936] MWCC build/GEDE01/src/game/game_fn_801F55A0.o
[452/936] MWCC build/GEDE01/src/game/game_fn_801F69F0.o
[453/936] MWCC build/GEDE01/src/game/game_fn_801F6BD8.o
[454/936] MWCC build/GEDE01/src/game/game_fn_801F7510.o
[455/936] MWCC build/GEDE01/src/game/game_fn_801F76EC.o
[456/936] MWCC build/GEDE01/src/game/game_fn_801F8264.o
[457/936] MWCC build/GEDE01/src/game/game_fn_801F89B4.o
[458/936] MWCC build/GEDE01/src/game/game_fn_801F8FAC.o
[459/936] MWCC build/GEDE01/src/game/game_fn_801F9AF8.o
[460/936] MWCC build/GEDE01/src/game/game_fn_801F9CF4.o
[461/936] MWCC build/GEDE01/src/game/game_fn_801FA9C8.o
[462/936] MWCC build/GEDE01/src/game/game_fn_801FB6A4.o
[463/936] MWCC build/GEDE01/src/game/game_fn_801FC034.o
[464/936] MWCC build/GEDE01/src/game/game_fn_801FC204.o
[465/936] EXTERNALIZE build/GEDE01/src/game/game_fn_800A2B8C.o
[466/936] MWCC build/GEDE01/src/game/game_fn_801FFE78.o
[467/936] EXTERNALIZE build/GEDE01/src/game/game_fn_800DC4D4.o
[468/936] EXTERNALIZE build/GEDE01/src/game/game_fn_80119C70.o
[469/936] EXTERNALIZE build/GEDE01/src/game/game_fn_80175A08.o
[470/936] EXTERNALIZE build/GEDE01/src/game/game_fn_80066E78.o
[471/936] EXTERNALIZE build/GEDE01/src/game/game_fn_801247F8.o
[472/936] EXTERNALIZE build/GEDE01/src/game/game_fn_801EF910.o
[473/936] EXTERNALIZE build/GEDE01/src/game/game_fn_801ECF50.o
[474/936] EXTERNALIZE build/GEDE01/src/game/game_fn_801FC204.o
[475/936] EXTERNALIZE build/GEDE01/src/game/game_fn_801EB09C.o
[476/936] EXTERNALIZE JUMPTABLES build/GEDE01/src/game/game_fn_80050B08.o
[477/936] EXTERNALIZE build/GEDE01/src/game/game_fn_801EB11C.o
[478/936] EXTERNALIZE build/GEDE01/src/game/game_fn_801D9FE4.o
[479/936] EXTERNALIZE build/GEDE01/src/game/game_fn_801E41AC.o
[480/936] EXTERNALIZE build/GEDE01/src/game/game_fn_801D73D0.o
[481/936] EXTERNALIZE build/GEDE01/src/game/game_fn_801D76A8.o
[482/936] EXTERNALIZE build/GEDE01/src/game/game_fn_801D8050.o
[483/936] EXTERNALIZE build/GEDE01/src/game/game_fn_801D7C24.o
[484/936] EXTERNALIZE build/GEDE01/src/game/game_fn_8019B1BC.o
[485/936] EXTERNALIZE build/GEDE01/src/game/game_fn_80178F88.o
[486/936] EXTERNALIZE build/GEDE01/src/game/game_fn_801CD228.o
[487/936] EXTERNALIZE build/GEDE01/src/game/game_fn_801C970C.o
[488/936] EXTERNALIZE build/GEDE01/src/game/game_fn_801BA15C.o
[489/936] EXTERNALIZE build/GEDE01/src/game/game_fn_801C9510.o
[490/936] EXTERNALIZE build/GEDE01/src/game/game_fn_8013D6A4.o
[491/936] EXTERNALIZE build/GEDE01/src/game/game_fn_80126A00.o
[492/936] EXTERNALIZE build/GEDE01/src/game/game_fn_800C9C60.o
[493/936] EXTERNALIZE build/GEDE01/src/game/game_fn_801B5228.o
[494/936] EXTERNALIZE build/GEDE01/src/game/game_fn_801B4FB4.o
[495/936] EXTERNALIZE build/GEDE01/src/game/game_fn_801C87DC.o
[496/936] EXTERNALIZE build/GEDE01/src/game/game_fn_801B6F1C.o
[497/936] EXTERNALIZE build/GEDE01/src/game/game_fn_801C8CC0.o
[498/936] EXTERNALIZE build/GEDE01/src/game/game_fn_800FD0C8.o
[499/936] EXTERNALIZE build/GEDE01/src/game/game_fn_801BDE7C.o
[500/936] EXTERNALIZE build/GEDE01/src/game/game_fn_801BE0D4.o
[501/936] EXTERNALIZE STATIC POOL build/GEDE01/src/game/game_fn_801C9A08.o
build/GEDE01/src/game/game_fn_801C9A08.o: lbl_80629390 now undefined; section 3 emptied
[502/936] EXTERNALIZE build/GEDE01/src/game/game_fn_801B941C.o
[503/936] EXTERNALIZE STATIC POOL build/GEDE01/src/game/game_fn_801C9B1C.o
build/GEDE01/src/game/game_fn_801C9B1C.o: lbl_80629390 now undefined; section 3 emptied
[504/936] EXTERNALIZE STATIC POOL build/GEDE01/src/game/game_fn_801BD990.o
build/GEDE01/src/game/game_fn_801BD990.o: lbl_80626D80 now undefined; section 6 emptied
[505/936] EXTERNALIZE STATIC POOL build/GEDE01/src/game/game_fn_801B58F0.o
build/GEDE01/src/game/game_fn_801B58F0.o: lbl_8060C020 now undefined; section 3 emptied
[506/936] EXTERNALIZE STATIC POOL build/GEDE01/src/game/game_fn_801B9E7C.o
build/GEDE01/src/game/game_fn_801B9E7C.o: 0 relocation(s) moved from streamInfo to ...bss.0
build/GEDE01/src/game/game_fn_801B9E7C.o: lbl_8061AE48 now undefined; section 6 emptied
[507/936] EXTERNALIZE STATIC POOL build/GEDE01/src/game/game_fn_801BB1A0.o
build/GEDE01/src/game/game_fn_801BB1A0.o: 0 relocation(s) moved from streamInfo to ...bss.0
build/GEDE01/src/game/game_fn_801BB1A0.o: lbl_8061AE48 now undefined; section 6 emptied
[508/936] EXTERNALIZE STATIC POOL build/GEDE01/src/game/game_fn_801BA708.o
build/GEDE01/src/game/game_fn_801BA708.o: 0 relocation(s) moved from streamInfo to ...bss.0
build/GEDE01/src/game/game_fn_801BA708.o: lbl_8061AE48 now undefined; section 6 emptied
[509/936] EXTERNALIZE build/GEDE01/src/game/game_fn_801BA94C.o
build/GEDE01/src/game/game_fn_801BA94C.o: 0 relocation(s) moved from streamInfo to ...bss.0
build/GEDE01/src/game/game_fn_801BA94C.o: lbl_8061AE48 now undefined; section 6 emptied
[510/936] EXTERNALIZE STATIC build/GEDE01/src/game/game_fn_801B35BC.o
build/GEDE01/src/game/game_fn_801B35BC.o: lbl_8060D420 now undefined; section 6 emptied
[511/936] EXTERNALIZE STATIC POOL build/GEDE01/src/game/game_fn_801BC8F4.o
build/GEDE01/src/game/game_fn_801BC8F4.o: lbl_8061C748 now undefined; section 6 emptied
[512/936] EXTERNALIZE STATIC build/GEDE01/src/game/game_fn_801BC240.o
build/GEDE01/src/game/game_fn_801BC240.o: lbl_8061C748 now undefined; section 6 emptied
[513/936] EXTERNALIZE STATIC POOL build/GEDE01/src/game/game_fn_801BCC04.o
build/GEDE01/src/game/game_fn_801BCC04.o: lbl_8061C748 now undefined; section 6 emptied
[514/936] EXTERNALIZE STATIC POOL build/GEDE01/src/game/game_fn_801BC0D4.o
build/GEDE01/src/game/game_fn_801BC0D4.o: lbl_8061C748 now undefined; section 6 emptied
[515/936] EXTERNALIZE STATIC POOL build/GEDE01/src/game/game_fn_801C1CB0.o
build/GEDE01/src/game/game_fn_801C1CB0.o: lbl_80626DA0 now undefined; section 3 emptied
[516/936] RENAME build/GEDE01/src/game/game_InitMetroTRKCommTable.o
[517/936] EXTERNALIZE STATIC POOL build/GEDE01/src/game/game_fn_801CE09C.o
build/GEDE01/src/game/game_fn_801CE09C.o: lbl_80631340 now undefined; section 6 emptied
[518/936] RENAME RUNTIME INTRINSICS build/GEDE01/src/game/game_fn_801CB4F8.o
[519/936] EXTERNALIZE STATIC POOL build/GEDE01/src/game/game_fn_8010242C.o
build/GEDE01/src/game/game_fn_8010242C.o: lbl_8032CC08 now undefined; section 3 emptied
[520/936] EXTERNALIZE build/GEDE01/src/game/game_fn_801D3988.o
[521/936] EXTERNALIZE build/GEDE01/src/game/game_fn_801D1B10.o
[522/936] ALIGN DATA build/GEDE01/src/game/game_fn_8005EF94.o
[523/936] ALIGN DATA build/GEDE01/src/game/game_fn_80008014.o
[524/936] EXTERNALIZE build/GEDE01/src/game/game_fn_801CE594.o
[525/936] EXTERNALIZE build/GEDE01/src/game/game_fn_8014549C.o
[526/936] EXTERNALIZE build/GEDE01/src/game/game_fn_801C8224.o
[527/936] EXTERNALIZE build/GEDE01/src/game/game_fn_801098C0.o
[528/936] EXTERNALIZE build/GEDE01/src/game/game_fn_8000FDE8.o
[529/936] EXTERNALIZE build/GEDE01/src/game/game_fn_80185F10.o
[530/936] EXTERNALIZE build/GEDE01/src/game/game_fn_801C29BC.o
[531/936] EXTERNALIZE build/GEDE01/src/game/game_fn_801C8F50.o
[532/936] EXTERNALIZE build/GEDE01/src/game/game_fn_8007B828.o
[533/936] EXTERNALIZE build/GEDE01/src/game/game_fn_801C90A4.o
[534/936] EXTERNALIZE build/GEDE01/src/game/game_fn_801C8160.o
[535/936] EXTERNALIZE build/GEDE01/src/game/game_fn_801C2AAC.o
[536/936] EXTERNALIZE build/GEDE01/src/game/game_fn_801C2D9C.o
[537/936] EXTERNALIZE build/GEDE01/src/game/game_fn_801C2980.o
[538/936] EXTERNALIZE build/GEDE01/src/game/game_fn_801B02F0.o
[539/936] EXTERNALIZE build/GEDE01/src/game/game_fn_801AFA74.o
[540/936] EXTERNALIZE build/GEDE01/src/game/game_fn_801AC8AC.o
[541/936] EXTERNALIZE build/GEDE01/src/game/game_fn_801ABD3C.o
[542/936] EXTERNALIZE build/GEDE01/src/game/game_fn_801816D4.o
[543/936] EXTERNALIZE build/GEDE01/src/game/game_fn_8011F140.o
[544/936] EXTERNALIZE build/GEDE01/src/game/game_fn_801AD08C.o
[545/936] EXTERNALIZE build/GEDE01/src/game/game_fn_8004998C.o
[546/936] EXTERNALIZE build/GEDE01/src/game/game_fn_80079AA4.o
[547/936] EXTERNALIZE build/GEDE01/src/game/game_fn_80158D38.o
[548/936] EXTERNALIZE build/GEDE01/src/game/game_fn_801A3A78.o
[549/936] EXTERNALIZE build/GEDE01/src/game/game_fn_8008F224.o
[550/936] EXTERNALIZE build/GEDE01/src/game/game_fn_80167454.o
[551/936] EXTERNALIZE build/GEDE01/src/game/game_fn_800AF230.o
[552/936] EXTERNALIZE build/GEDE01/src/game/game_fn_801A93E8.o
[553/936] EXTERNALIZE build/GEDE01/src/game/game_fn_801AB154.o
[554/936] EXTERNALIZE build/GEDE01/src/game/game_fn_801A7E04.o
[555/936] EXTERNALIZE build/GEDE01/src/game/game_fn_801A7EA8.o
[556/936] EXTERNALIZE build/GEDE01/src/game/game_fn_801A6CB4.o
[557/936] EXTERNALIZE build/GEDE01/src/game/game_fn_801A6C58.o
[558/936] EXTERNALIZE build/GEDE01/src/game/game_fn_801A4CE0.o
[559/936] NAME JUMPTABLE build/GEDE01/src/game/game_fn_801A6ADC.o
[560/936] EXTERNALIZE build/GEDE01/src/game/game_fn_801A6410.o
[561/936] EXTERNALIZE build/GEDE01/src/game/game_fn_801A5FB0.o
[562/936] EXTERNALIZE build/GEDE01/src/game/game_fn_801A1F18.o
[563/936] EXTERNALIZE build/GEDE01/src/game/game_fn_8019E8C8.o
[564/936] EXTERNALIZE build/GEDE01/src/game/game_fn_8019E5E4.o
[565/936] EXTERNALIZE build/GEDE01/src/game/game_fn_8019CFC4.o
[566/936] EXTERNALIZE build/GEDE01/src/game/game_fn_8019CC28.o
[567/936] EXTERNALIZE build/GEDE01/src/game/game_fn_801991E0.o
[568/936] EXTERNALIZE build/GEDE01/src/game/game_fn_80198BF4.o
[569/936] EXTERNALIZE build/GEDE01/src/game/game_fn_80198AAC.o
[570/936] EXTERNALIZE build/GEDE01/src/game/game_fn_80198154.o
[571/936] EXTERNALIZE build/GEDE01/src/game/game_fn_80194F80.o
[572/936] EXTERNALIZE build/GEDE01/src/game/game_fn_80197910.o
[573/936] EXTERNALIZE build/GEDE01/src/game/game_fn_80177434.o
repointed 2 relocations to lbl_80250588
[574/936] EXTERNALIZE build/GEDE01/src/game/game_fn_80193E1C.o
[575/936] EXTERNALIZE build/GEDE01/src/game/game_fn_801931C4.o
[576/936] EXTERNALIZE build/GEDE01/src/game/game_fn_80193F3C.o
[577/936] EXTERNALIZE build/GEDE01/src/game/game_fn_80192F54.o
[578/936] EXTERNALIZE build/GEDE01/src/game/game_fn_80191F58.o
[579/936] EXTERNALIZE build/GEDE01/src/game/game_fn_8019197C.o
[580/936] EXTERNALIZE build/GEDE01/src/game/game_fn_80191360.o
[581/936] GLOBALIZE build/GEDE01/src/game/game_fn_8018F1D0.o
[582/936] EXTERNALIZE build/GEDE01/src/game/game_fn_8018D688.o
[583/936] EXTERNALIZE build/GEDE01/src/game/game_fn_8018F81C.o
[584/936] EXTERNALIZE build/GEDE01/src/game/game_fn_8018D2E0.o
[585/936] EXTERNALIZE build/GEDE01/src/game/game_fn_80189968.o
[586/936] EXTERNALIZE build/GEDE01/src/game/game_fn_80189760.o
[587/936] EXTERNALIZE build/GEDE01/src/game/game_fn_8018D1F0.o
[588/936] EXTERNALIZE build/GEDE01/src/game/game_fn_801896A0.o
[589/936] EXTERNALIZE build/GEDE01/src/game/game_fn_801895E8.o
[590/936] EXTERNALIZE build/GEDE01/src/game/game_fn_80189390.o
[591/936] EXTERNALIZE build/GEDE01/src/game/game_fn_801891D8.o
[592/936] EXTERNALIZE build/GEDE01/src/game/game_fn_80189028.o
[593/936] EXTERNALIZE build/GEDE01/src/game/game_fn_80188E28.o
[594/936] EXTERNALIZE build/GEDE01/src/game/game_fn_80188B44.o
[595/936] EXTERNALIZE build/GEDE01/src/game/game_fn_80188C1C.o
[596/936] EXTERNALIZE build/GEDE01/src/game/game_fn_80188A7C.o
[597/936] EXTERNALIZE build/GEDE01/src/game/game_fn_801878E0.o
[598/936] EXTERNALIZE build/GEDE01/src/game/game_fn_80187120.o
[599/936] EXTERNALIZE build/GEDE01/src/game/game_fn_8018FEDC.o
[600/936] EXTERNALIZE build/GEDE01/src/game/game_fn_80186E10.o
[601/936] EXTERNALIZE build/GEDE01/src/game/game_fn_801865EC.o
[602/936] EXTERNALIZE build/GEDE01/src/game/game_fn_80185AE8.o
[603/936] EXTERNALIZE build/GEDE01/src/game/game_fn_801859FC.o
[604/936] EXTERNALIZE build/GEDE01/src/game/game_fn_80180DDC.o
[605/936] EXTERNALIZE build/GEDE01/src/game/game_fn_8017E958.o
[606/936] EXTERNALIZE build/GEDE01/src/game/game_fn_8017E850.o
[607/936] EXTERNALIZE build/GEDE01/src/game/game_fn_8017718C.o
[608/936] EXTERNALIZE build/GEDE01/src/game/game_fn_801770F8.o
[609/936] EXTERNALIZE build/GEDE01/src/game/game_fn_80176FA0.o
[610/936] EXTERNALIZE build/GEDE01/src/game/game_fn_80176DF4.o
[611/936] EXTERNALIZE build/GEDE01/src/game/game_fn_80174358.o
[612/936] EXTERNALIZE build/GEDE01/src/game/game_fn_80173F04.o
[613/936] EXTERNALIZE build/GEDE01/src/game/game_fn_80174184.o
[614/936] EXTERNALIZE build/GEDE01/src/game/game_fn_8017553C.o
[615/936] EXTERNALIZE build/GEDE01/src/game/game_fn_80173D44.o
[616/936] EXTERNALIZE build/GEDE01/src/game/game_fn_80173770.o
[617/936] EXTERNALIZE build/GEDE01/src/game/game_fn_801734B4.o
[618/936] EXTERNALIZE build/GEDE01/src/game/game_fn_80173270.o
[619/936] EXTERNALIZE build/GEDE01/src/game/game_fn_80172DB8.o
[620/936] EXTERNALIZE build/GEDE01/src/game/game_fn_80172C78.o
[621/936] EXTERNALIZE build/GEDE01/src/game/game_fn_80172BB0.o
[622/936] EXTERNALIZE build/GEDE01/src/game/game_fn_801726EC.o
[623/936] EXTERNALIZE build/GEDE01/src/game/game_fn_8017250C.o
[624/936] EXTERNALIZE build/GEDE01/src/game/game_fn_80171F30.o
[625/936] EXTERNALIZE build/GEDE01/src/game/game_fn_801719B4.o
[626/936] EXTERNALIZE build/GEDE01/src/game/game_fn_801718F4.o
[627/936] EXTERNALIZE build/GEDE01/src/game/game_fn_80171664.o
[628/936] EXTERNALIZE build/GEDE01/src/game/game_fn_8017138C.o
[629/936] EXTERNALIZE build/GEDE01/src/game/game_fn_80170A40.o
[630/936] NORMALIZE build/GEDE01/src/game/game_TRKNubWelcome.o
[631/936] NORMALIZE build/GEDE01/src/game/game_TRK_main.o
[632/936] NORMALIZE build/GEDE01/src/game/game_data_80239E10.o
[633/936] NORMALIZE build/GEDE01/src/game/game_data_80239E18.o
[634/936] EXTERNALIZE build/GEDE01/src/game/game_fn_801706DC.o
[635/936] EXTERNALIZE build/GEDE01/src/game/game_fn_8017652C.o
[636/936] EXTERNALIZE build/GEDE01/src/game/game_fn_80170E9C.o
[637/936] EXTERNALIZE build/GEDE01/src/game/game_fn_80175E64.o
[638/936] EXTERNALIZE build/GEDE01/src/game/game_fn_80175F0C.o
[639/936] EXTERNALIZE build/GEDE01/src/game/game_fn_80176098.o
[640/936] EXTERNALIZE build/GEDE01/src/game/game_fn_80175FD4.o
[641/936] EXTERNALIZE build/GEDE01/src/game/game_fn_80176220.o
[642/936] EXTERNALIZE build/GEDE01/src/game/game_fn_80176160.o
[643/936] EXTERNALIZE build/GEDE01/src/game/game_fn_80170DF4.o
[644/936] EXTERNALIZE build/GEDE01/src/game/game_fn_801762E8.o
[645/936] EXTERNALIZE build/GEDE01/src/game/game_fn_8016E8F8.o
[646/936] EXTERNALIZE build/GEDE01/src/game/game_fn_8016FEF8.o
[647/936] EXTERNALIZE build/GEDE01/src/game/game_fn_801704F8.o
[648/936] NORMALIZE build/GEDE01/src/game/game_fn_8016DF4C.o
[649/936] EXTERNALIZE build/GEDE01/src/game/game_fn_8016D2B8.o
[650/936] EXTERNALIZE build/GEDE01/src/game/game_fn_8016D040.o
[651/936] EXTERNALIZE build/GEDE01/src/game/game_fn_8016D1F8.o
[652/936] EXTERNALIZE build/GEDE01/src/game/game_fn_8016C774.o
[653/936] EXTERNALIZE build/GEDE01/src/game/game_fn_8016C4BC.o
[654/936] EXTERNALIZE build/GEDE01/src/game/game_fn_8016C238.o
[655/936] EXTERNALIZE build/GEDE01/src/game/game_fn_8016C164.o
[656/936] EXTERNALIZE build/GEDE01/src/game/game_fn_8016C0BC.o
[657/936] EXTERNALIZE build/GEDE01/src/game/game_fn_8017038C.o
[658/936] EXTERNALIZE build/GEDE01/src/game/game_fn_8016BF60.o
[659/936] EXTERNALIZE build/GEDE01/src/game/game_fn_8016BE1C.o
[660/936] EXTERNALIZE build/GEDE01/src/game/game_fn_80169650.o
[661/936] EXTERNALIZE build/GEDE01/src/game/game_fn_8016BD0C.o
[662/936] EXTERNALIZE build/GEDE01/src/game/game_fn_8015EDC0.o
[663/936] EXTERNALIZE build/GEDE01/src/game/game_fn_80167B5C.o
[664/936] EXTERNALIZE build/GEDE01/src/game/game_fn_8015DB84.o
[665/936] EXTERNALIZE build/GEDE01/src/game/game_fn_8015DC54.o
[666/936] EXTERNALIZE build/GEDE01/src/game/game_fn_80158B20.o
[667/936] EXTERNALIZE build/GEDE01/src/game/game_fn_80179398.o
[668/936] EXTERNALIZE build/GEDE01/src/game/game_fn_8017960C.o
[669/936] EXTERNALIZE build/GEDE01/src/game/game_fn_8017974C.o
[670/936] EXTERNALIZE build/GEDE01/src/game/game_fn_80179904.o
[671/936] EXTERNALIZE build/GEDE01/src/game/game_fn_8017A9B8.o
[672/936] EXTERNALIZE build/GEDE01/src/game/game_fn_80179A18.o
[673/936] EXTERNALIZE build/GEDE01/src/game/game_fn_80179A74.o
[674/936] EXTERNALIZE build/GEDE01/src/game/game_fn_80179EB8.o
[675/936] EXTERNALIZE build/GEDE01/src/game/game_fn_80179F20.o
[676/936] EXTERNALIZE build/GEDE01/src/game/game_fn_8017A010.o
[677/936] EXTERNALIZE build/GEDE01/src/game/game_fn_8017A12C.o
[678/936] EXTERNALIZE build/GEDE01/src/game/game_fn_80157C0C.o
[679/936] EXTERNALIZE build/GEDE01/src/game/game_fn_8017A1C0.o
[680/936] EXTERNALIZE build/GEDE01/src/game/game_fn_80155814.o
[681/936] EXTERNALIZE build/GEDE01/src/game/game_fn_80153898.o
[682/936] EXTERNALIZE build/GEDE01/src/game/game_fn_8014B494.o
[683/936] EXTERNALIZE build/GEDE01/src/game/game_fn_8014AF38.o
[684/936] EXTERNALIZE build/GEDE01/src/game/game_fn_8012DB28.o
[685/936] EXTERNALIZE build/GEDE01/src/game/game_fn_801141B8.o
[686/936] EXTERNALIZE build/GEDE01/src/game/game_fn_801128E4.o
[687/936] EXTERNALIZE build/GEDE01/src/game/game_fn_801126E0.o
[688/936] EXTERNALIZE build/GEDE01/src/game/game_fn_8010F184.o
[689/936] EXTERNALIZE build/GEDE01/src/game/game_fn_800E4980.o
[690/936] EXTERNALIZE build/GEDE01/src/game/game_fn_800C17EC.o
[691/936] EXTERNALIZE build/GEDE01/src/game/game_fn_800C030C.o
[692/936] EXTERNALIZE build/GEDE01/src/game/game_fn_800C59F0.o
[693/936] EXTERNALIZE build/GEDE01/src/game/game_fn_800C65FC.o
[694/936] EXTERNALIZE build/GEDE01/src/game/game_fn_800C644C.o
[695/936] EXTERNALIZE build/GEDE01/src/game/game_fn_800CB760.o
[696/936] EXTERNALIZE build/GEDE01/src/game/game_fn_800CB8F4.o
[697/936] EXTERNALIZE build/GEDE01/src/game/game_fn_80078500.o
[698/936] EXTERNALIZE build/GEDE01/src/game/game_fn_80079908.o
[699/936] EXTERNALIZE build/GEDE01/src/game/game_fn_8007B2F4.o
[700/936] EXTERNALIZE build/GEDE01/src/game/game_fn_8007B540.o
[701/936] EXTERNALIZE build/GEDE01/src/game/game_fn_8007B640.o
[702/936] EXTERNALIZE build/GEDE01/src/game/game_fn_800886D8.o
[703/936] EXTERNALIZE build/GEDE01/src/game/game_fn_8007BA3C.o
[704/936] EXTERNALIZE build/GEDE01/src/game/game_fn_800934A0.o
[705/936] EXTERNALIZE build/GEDE01/src/game/game_fn_800A3894.o
[706/936] EXTERNALIZE build/GEDE01/src/game/game_fn_800A7E88.o
[707/936] EXTERNALIZE build/GEDE01/src/game/game_fn_800A4798.o
[708/936] GLOBALIZE build/GEDE01/src/game/game_fn_800A2130.o
[709/936] EXTERNALIZE build/GEDE01/src/game/game_fn_800A2FCC.o
[710/936] EXTERNALIZE build/GEDE01/src/game/game_fn_8009C424.o
[711/936] EXTERNALIZE build/GEDE01/src/game/game_fn_80096830.o
[712/936] GLOBALIZE build/GEDE01/src/game/game_fn_8008F890.o
[713/936] EXTERNALIZE SWITCHES build/GEDE01/src/game/game_fn_80095FDC.o
[714/936] EXTERNALIZE build/GEDE01/src/game/game_fn_80074310.o
[715/936] EXTERNALIZE build/GEDE01/src/game/game_fn_800A4428.o
[716/936] GLOBALIZE build/GEDE01/src/game/game_fn_8005FD84.o
[717/936] EXTERNALIZE build/GEDE01/src/game/game_fn_80066888.o
[718/936] EXTERNALIZE build/GEDE01/src/game/game_fn_8005EC6C.o
[719/936] EXTERNALIZE build/GEDE01/src/game/game_fn_80052310.o
[720/936] EXTERNALIZE build/GEDE01/src/game/game_fn_80048B24.o
[721/936] NAME SWITCH build/GEDE01/src/game/game_fn_80020E94.o
[722/936] NAME SWITCH build/GEDE01/src/game/game_fn_8005EE9C.o
[723/936] NAME SWITCH build/GEDE01/src/game/game_fn_8016D9C0.o
[724/936] NAME SWITCH build/GEDE01/src/game/game_fn_80071A58.o
[725/936] EXTERNALIZE build/GEDE01/src/game/game_fn_80048ADC.o
[726/936] NAME SWITCH build/GEDE01/src/game/game_fn_8006B620.o
[727/936] NAME SWITCH build/GEDE01/src/game/game_fn_8001FE1C.o
[728/936] NAME SWITCH build/GEDE01/src/game/game_fn_8001E644.o
[729/936] EXTERNALIZE build/GEDE01/src/game/game_fn_801B46C8.o
build/GEDE01/src/game/game_fn_801B46C8.o: lbl_8060C020 now undefined; section 6 emptied
[730/936] EXTERNALIZE build/GEDE01/src/game/game_fn_80038878.o
[731/936] EXTERNALIZE build/GEDE01/src/game/game_fn_80036C40.o
[732/936] EXTERNALIZE build/GEDE01/src/game/game_fn_800359A0.o
[733/936] EXTERNALIZE build/GEDE01/src/game/game_fn_80033180.o
[734/936] EXTERNALIZE build/GEDE01/src/game/game_fn_80033038.o
[735/936] EXTERNALIZE build/GEDE01/src/game/game_fn_80032B84.o
[736/936] EXTERNALIZE build/GEDE01/src/game/game_fn_8003232C.o
[737/936] EXTERNALIZE build/GEDE01/src/game/game_fn_8002E3F0.o
[738/936] EXTERNALIZE build/GEDE01/src/game/game_fn_8002DAE0.o
[739/936] EXTERNALIZE build/GEDE01/src/game/game_fn_8002EA68.o
[740/936] GLOBALIZE build/GEDE01/src/game/game_fn_8002B748.o
[741/936] EXTERNALIZE build/GEDE01/src/game/game_fn_8002F428.o
[742/936] NAME SWITCHES build/GEDE01/src/game/game_fn_80024F28.o
[743/936] EXTERNALIZE build/GEDE01/src/game/game_fn_800272B4.o
[744/936] EXTERNALIZE build/GEDE01/src/game/game_fn_8001CE94.o
[745/936] EXTERNALIZE build/GEDE01/src/game/game_fn_8001CD58.o
[746/936] EXTERNALIZE build/GEDE01/src/game/game_fn_8001C078.o
[747/936] EXTERNALIZE build/GEDE01/src/game/game_fn_8001B874.o
[748/936] EXTERNALIZE build/GEDE01/src/game/game_fn_8001B808.o
[749/936] EXTERNALIZE build/GEDE01/src/game/game_fn_8001B294.o
[750/936] EXTERNALIZE build/GEDE01/src/game/game_fn_8001B124.o
[751/936] EXTERNALIZE build/GEDE01/src/game/game_fn_8001AF68.o
[752/936] EXTERNALIZE build/GEDE01/src/game/game_fn_8001ADF8.o
[753/936] EXTERNALIZE build/GEDE01/src/game/game_fn_8001AAB8.o
[754/936] EXTERNALIZE build/GEDE01/src/game/game_fn_8001A6C4.o
[755/936] EXTERNALIZE build/GEDE01/src/game/game_fn_80019F98.o
[756/936] EXTERNALIZE build/GEDE01/src/game/game_fn_80019D2C.o
[757/936] EXTERNALIZE build/GEDE01/src/game/game_fn_80019940.o
[758/936] EXTERNALIZE build/GEDE01/src/game/game_fn_80019C10.o
[759/936] EXTERNALIZE build/GEDE01/src/game/game_fn_80019244.o
[760/936] EXTERNALIZE build/GEDE01/src/game/game_fn_800194D0.o
[761/936] EXTERNALIZE build/GEDE01/src/game/game_fn_80019054.o
[762/936] EXTERNALIZE build/GEDE01/src/game/game_fn_80018EF4.o
[763/936] EXTERNALIZE build/GEDE01/src/game/game_fn_80017DB0.o
[764/936] EXTERNALIZE build/GEDE01/src/game/game_fn_80017CC8.o
[765/936] EXTERNALIZE build/GEDE01/src/game/game_fn_80017C3C.o
[766/936] EXTERNALIZE build/GEDE01/src/game/game_fn_80017AE4.o
[767/936] EXTERNALIZE build/GEDE01/src/game/game_fn_80017A3C.o
[768/936] EXTERNALIZE build/GEDE01/src/game/game_fn_800179AC.o
[769/936] EXTERNALIZE build/GEDE01/src/game/game_fn_80017910.o
[770/936] EXTERNALIZE FLAGS build/GEDE01/src/game/game_fn_800119FC.o
[771/936] EXTERNALIZE build/GEDE01/src/game/game_fn_8000FFD8.o
[772/936] EXTERNALIZE build/GEDE01/src/game/game_fn_8000F4B0.o
[773/936] GLOBALIZE build/GEDE01/src/game/game_fn_800094C0.o
[774/936] EXTERNALIZE build/GEDE01/src/game/game_fn_8000EFC4.o
[775/936] EXTERNALIZE build/GEDE01/src/game/game_fn_800096E0.o
[776/936] EXTERNALIZE build/GEDE01/src/game/game_fn_800098C0.o
[777/936] EXTERNALIZE build/GEDE01/src/game/game_fn_800099D8.o
[778/936] EXTERNALIZE build/GEDE01/src/game/game_fn_80009AB4.o
[779/936] EXTERNALIZE build/GEDE01/src/game/game_fn_8000A26C.o
[780/936] EXTERNALIZE build/GEDE01/src/game/game_fn_800171C0.o
[781/936] EXTERNALIZE build/GEDE01/src/game/game_fn_800176F0.o
[782/936] EXTERNALIZE build/GEDE01/src/game/game_fn_8000AC88.o
[783/936] EXTERNALIZE build/GEDE01/src/game/game_fn_8000AEB4.o
[784/936] EXTERNALIZE build/GEDE01/src/game/game_fn_8000AFB4.o
[785/936] EXTERNALIZE build/GEDE01/src/game/game_fn_8000B1B8.o
[786/936] EXTERNALIZE build/GEDE01/src/game/game_fn_8000B36C.o
[787/936] EXTERNALIZE build/GEDE01/src/game/game_fn_8000B630.o
[788/936] EXTERNALIZE build/GEDE01/src/game/game_fn_8000B7FC.o
[789/936] EXTERNALIZE build/GEDE01/src/game/game_fn_8000B900.o
[790/936] EXTERNALIZE build/GEDE01/src/game/game_fn_8000BA0C.o
[791/936] EXTERNALIZE build/GEDE01/src/game/game_fn_8000BAA0.o
[792/936] EXTERNALIZE build/GEDE01/src/game/game_fn_8000BC40.o
[793/936] EXTERNALIZE build/GEDE01/src/game/game_fn_8000C06C.o
[794/936] EXTERNALIZE build/GEDE01/src/game/game_fn_8000C17C.o
[795/936] EXTERNALIZE build/GEDE01/src/game/game_fn_8000C400.o
[796/936] EXTERNALIZE build/GEDE01/src/game/game_fn_8000C848.o
[797/936] EXTERNALIZE build/GEDE01/src/game/game_fn_8000C91C.o
[798/936] EXTERNALIZE build/GEDE01/src/game/game_fn_8000D0BC.o
[799/936] NAME SWITCH build/GEDE01/src/game/game_fn_8000D8A4.o
[800/936] EXTERNALIZE build/GEDE01/src/game/game_fn_8000D3D4.o
[801/936] EXTERNALIZE build/GEDE01/src/game/game_fn_8000E054.o
[802/936] EXTERNALIZE build/GEDE01/src/game/game_fn_8000E0AC.o
[803/936] EXTERNALIZE build/GEDE01/src/game/game_fn_8000E96C.o
[804/936] EXTERNALIZE build/GEDE01/src/game/game_fn_8000F774.o
[805/936] EXTERNALIZE build/GEDE01/src/game/game_fn_8000EBD4.o
[806/936] EXTERNALIZE build/GEDE01/src/game/game_fn_8000EB14.o
[807/936] EXTERNALIZE build/GEDE01/src/game/game_fn_8000ED44.o
[808/936] EXTERNALIZE build/GEDE01/src/game/game_fn_8000E138.o
[809/936] EXTERNALIZE build/GEDE01/src/game/game_fn_8000D590.o
[810/936] EXTERNALIZE build/GEDE01/src/game/game_fn_8000E1C4.o
[811/936] EXTERNALIZE build/GEDE01/src/game/game_fn_8000DA50.o
[812/936] EXTERNALIZE build/GEDE01/src/game/game_fn_8000DAF4.o
[813/936] EXTERNALIZE build/GEDE01/src/game/game_fn_80012DA8.o
[814/936] EXTERNALIZE build/GEDE01/src/game/game_fn_80012F40.o
[815/936] EXTERNALIZE build/GEDE01/src/game/game_fn_80012FD0.o
[816/936] EXTERNALIZE build/GEDE01/src/game/game_fn_800131E8.o
[817/936] EXTERNALIZE build/GEDE01/src/game/game_fn_80013340.o
[818/936] EXTERNALIZE build/GEDE01/src/game/game_fn_80013870.o
[819/936] EXTERNALIZE build/GEDE01/src/game/game_fn_80013CB0.o
[820/936] EXTERNALIZE build/GEDE01/src/game/game_fn_80013D54.o
[821/936] EXTERNALIZE build/GEDE01/src/game/game_fn_800142DC.o
[822/936] EXTERNALIZE build/GEDE01/src/game/game_fn_800144CC.o
[823/936] EXTERNALIZE build/GEDE01/src/game/game_fn_80014784.o
[824/936] EXTERNALIZE build/GEDE01/src/game/game_fn_800149D4.o
[825/936] EXTERNALIZE build/GEDE01/src/game/game_fn_80015058.o
[826/936] EXTERNALIZE build/GEDE01/src/game/game_fn_80015320.o
[827/936] EXTERNALIZE build/GEDE01/src/game/game_fn_80015568.o
[828/936] EXTERNALIZE build/GEDE01/src/game/game_fn_800156FC.o
[829/936] EXTERNALIZE build/GEDE01/src/game/game_fn_80015BE0.o
[830/936] EXTERNALIZE build/GEDE01/src/game/game_fn_80015D40.o
[831/936] EXTERNALIZE build/GEDE01/src/game/game_fn_80015F04.o
[832/936] EXTERNALIZE build/GEDE01/src/game/game_fn_80016128.o
[833/936] EXTERNALIZE build/GEDE01/src/game/game_fn_80016904.o
[834/936] EXTERNALIZE build/GEDE01/src/game/game_fn_80016270.o
[835/936] EXTERNALIZE build/GEDE01/src/game/game_fn_800173CC.o
[836/936] EXTERNALIZE build/GEDE01/src/game/game_fn_80016B24.o
[837/936] EXTERNALIZE build/GEDE01/src/game/game_fn_801BEF40.o
[838/936] EXTERNALIZE build/GEDE01/src/game/game_fn_801B86C0.o
[839/936] EXTERNALIZE STATIC POOL build/GEDE01/src/game/game_fn_801C4B5C.o
build/GEDE01/src/game/game_fn_801C4B5C.o: lbl_80628CB0 now undefined; section 6 emptied
[840/936] EXTERNALIZE build/GEDE01/src/game/game_fn_801C8600.o
[841/936] EXTERNALIZE build/GEDE01/src/game/game_fn_801EAA04.o
[842/936] EXTERNALIZE build/GEDE01/src/game/game_fn_80173BDC.o
[843/936] EXTERNALIZE build/GEDE01/src/game/game_fn_801E7014.o
[844/936] EXTERNALIZE build/GEDE01/src/game/game_fn_8014BA14.o
[845/936] EXTERNALIZE build/GEDE01/src/game/game_fn_801A4430.o
[846/936] EXTERNALIZE build/GEDE01/src/game/game_fn_800B2EC0.o
[847/936] EXTERNALIZE build/GEDE01/src/game/game_fn_8001CA04.o
[848/936] EXTERNALIZE build/GEDE01/src/game/game_fn_80031544.o
[849/936] EXTERNALIZE build/GEDE01/src/game/game_fn_8006B0F0.o
[850/936] EXTERNALIZE build/GEDE01/src/game/game_fn_8007D4D8.o
[851/936] EXTERNALIZE build/GEDE01/src/game/game_fn_8007F770.o
[852/936] EXTERNALIZE build/GEDE01/src/game/game_fn_80088F4C.o
[853/936] EXTERNALIZE build/GEDE01/src/game/game_fn_8008A2E0.o
[854/936] EXTERNALIZE build/GEDE01/src/game/game_fn_80089A34.o
[855/936] EXTERNALIZE build/GEDE01/src/game/game_fn_80090004.o
[856/936] EXTERNALIZE build/GEDE01/src/game/game_fn_80095D10.o
[857/936] EXTERNALIZE build/GEDE01/src/game/game_fn_800A3180.o
[858/936] EXTERNALIZE build/GEDE01/src/game/game_fn_800BB7A8.o
[859/936] EXTERNALIZE build/GEDE01/src/game/game_fn_800BB5C4.o
[860/936] EXTERNALIZE build/GEDE01/src/game/game_fn_800BB9A4.o
[861/936] EXTERNALIZE build/GEDE01/src/game/game_fn_800BBAF0.o
[862/936] EXTERNALIZE build/GEDE01/src/game/game_fn_800D9064.o
[863/936] EXTERNALIZE build/GEDE01/src/game/game_fn_800D9E10.o
[864/936] EXTERNALIZE build/GEDE01/src/game/game_fn_8012976C.o
[865/936] EXTERNALIZE build/GEDE01/src/game/game_fn_8013DB8C.o
[866/936] EXTERNALIZE build/GEDE01/src/game/game_fn_8013CBE4.o
[867/936] EXTERNALIZE build/GEDE01/src/game/game_fn_8014CA98.o
[868/936] EXTERNALIZE build/GEDE01/src/game/game_fn_80153A24.o
[869/936] EXTERNALIZE build/GEDE01/src/game/game_fn_80174F2C.o
[870/936] EXTERNALIZE build/GEDE01/src/game/game_fn_801535D8.o
[871/936] EXTERNALIZE build/GEDE01/src/game/game_fn_8017AC20.o
[872/936] EXTERNALIZE build/GEDE01/src/game/game_fn_801752B0.o
[873/936] EXTERNALIZE build/GEDE01/src/game/game_fn_801861C4.o
[874/936] EXTERNALIZE build/GEDE01/src/game/game_fn_8018680C.o
[875/936] EXTERNALIZE build/GEDE01/src/game/game_fn_80186F70.o
[876/936] EXTERNALIZE build/GEDE01/src/game/game_fn_80187320.o
[877/936] EXTERNALIZE build/GEDE01/src/game/game_fn_801810A0.o
[878/936] EXTERNALIZE build/GEDE01/src/game/game_fn_801875FC.o
[879/936] EXTERNALIZE build/GEDE01/src/game/game_fn_800542D0.o
[880/936] EXTERNALIZE build/GEDE01/src/game/game_fn_80187E40.o
[881/936] EXTERNALIZE build/GEDE01/src/game/game_fn_80187BB4.o
[882/936] EXTERNALIZE build/GEDE01/src/game/game_fn_80189C14.o
[883/936] EXTERNALIZE build/GEDE01/src/game/game_fn_8018D400.o
[884/936] EXTERNALIZE build/GEDE01/src/game/game_fn_8018C2D0.o
[885/936] EXTERNALIZE build/GEDE01/src/game/game_fn_8018E0D8.o
[886/936] EXTERNALIZE build/GEDE01/src/game/game_fn_8019120C.o
[887/936] EXTERNALIZE build/GEDE01/src/game/game_fn_801916D0.o
[888/936] EXTERNALIZE build/GEDE01/src/game/game_fn_8018DC24.o
[889/936] EXTERNALIZE build/GEDE01/src/game/game_fn_801926EC.o
[890/936] EXTERNALIZE build/GEDE01/src/game/game_fn_801929A4.o
[891/936] EXTERNALIZE build/GEDE01/src/game/game_fn_801952E8.o
[892/936] EXTERNALIZE build/GEDE01/src/game/game_fn_801A2A54.o
[893/936] EXTERNALIZE build/GEDE01/src/game/game_fn_801A34BC.o
[894/936] EXTERNALIZE build/GEDE01/src/game/game_fn_801A657C.o
[895/936] EXTERNALIZE build/GEDE01/src/game/game_fn_801A1F8C.o
[896/936] EXTERNALIZE build/GEDE01/src/game/game_fn_801D1F78.o
[897/936] EXTERNALIZE build/GEDE01/src/game/game_fn_801E2A48.o
[898/936] EXTERNALIZE build/GEDE01/src/game/game_fn_801E6814.o
[899/936] EXTERNALIZE build/GEDE01/src/game/game_fn_801E995C.o
[900/936] EXTERNALIZE build/GEDE01/src/game/game_fn_801F0CB0.o
[901/936] EXTERNALIZE build/GEDE01/src/game/game_fn_801EF580.o
[902/936] EXTERNALIZE build/GEDE01/src/game/game_fn_801F10BC.o
[903/936] EXTERNALIZE build/GEDE01/src/game/game_fn_801F35A8.o
[904/936] EXTERNALIZE build/GEDE01/src/game/game_fn_801ECD74.o
[905/936] EXTERNALIZE build/GEDE01/src/game/game_fn_801ED5F4.o
[906/936] EXTERNALIZE build/GEDE01/src/game/game_fn_801F69F0.o
[907/936] EXTERNALIZE build/GEDE01/src/game/game_fn_801F76EC.o
[908/936] EXTERNALIZE build/GEDE01/src/game/game_fn_801F8264.o
[909/936] EXTERNALIZE build/GEDE01/src/game/game_fn_801F89B4.o
[910/936] EXTERNALIZE build/GEDE01/src/game/game_fn_801F9AF8.o
[911/936] EXTERNALIZE build/GEDE01/src/game/game_fn_801F6BD8.o
[912/936] EXTERNALIZE build/GEDE01/src/game/game_fn_80095E64.o
[913/936] EXTERNALIZE build/GEDE01/src/game/game_fn_801FB6A4.o
[914/936] EXTERNALIZE JUMPTABLES build/GEDE01/src/game/game_fn_800361F8.o
[915/936] EXTERNALIZE JUMPTABLES build/GEDE01/src/game/game_fn_8006E53C.o
[916/936] EXTERNALIZE JUMPTABLES build/GEDE01/src/game/game_fn_800CF598.o
[917/936] EXTERNALIZE JUMPTABLES build/GEDE01/src/game/game_fn_801ACFE8.o
[918/936] EXTERNALIZE JUMPTABLES build/GEDE01/src/game/game_fn_801B1BA0.o
[919/936] EXTERNALIZE build/GEDE01/src/game/game_fn_80150A24.o
[920/936] EXTERNALIZE build/GEDE01/src/game/game_fn_80154F74.o
[921/936] EXTERNALIZE build/GEDE01/src/game/game_fn_801E504C.o
[922/936] EXTERNALIZE build/GEDE01/src/game/game_fn_8009E808.o
[923/936] EXTERNALIZE build/GEDE01/src/game/game_fn_801FFE78.o
[924/936] EXTERNALIZE build/GEDE01/src/game/game_fn_801F1A38.o
[925/936] EXTERNALIZE build/GEDE01/src/game/game_fn_801F55A0.o
[926/936] EXTERNALIZE build/GEDE01/src/game/game_fn_801F7510.o
[927/936] EXTERNALIZE build/GEDE01/src/game/game_fn_801F8FAC.o
[928/936] EXTERNALIZE build/GEDE01/src/game/game_fn_801F9CF4.o
[929/936] EXTERNALIZE build/GEDE01/src/game/game_fn_801FC034.o
[930/936] EXTERNALIZE build/GEDE01/src/game/game_fn_801FA9C8.o
[931/936] MWCC build/GEDE01/src/game/game_fn_80020150.o
[932/936] REPORT
 INFO Loading project .
 INFO Generating report for 7068 units (using 8 threads)
 INFO Report generated in 0.245s
 INFO Writing to build/GEDE01/report.json
[933/936] LINK build/GEDE01/main.elf
### mwldeppc.exe Linker Warning:
#   Section '.ignored' is unknown. Section ignored.
### mwldeppc.exe Linker Warning:
#   Section '.ignored' is unknown. Section ignored.
### mwldeppc.exe Linker Warning:
#   Section '.ignored' is unknown. Section ignored.
### mwldeppc.exe Linker Warning:
#   Section '.ignored' is unknown. Section ignored.
### mwldeppc.exe Linker Warning:
#   Section '.ignored' is unknown. Section ignored.
### mwldeppc.exe Linker Warning:
#   Section '.ignored' is unknown. Section ignored.
### mwldeppc.exe Linker Warning:
#   Section '.ignored' is unknown. Section ignored.
### mwldeppc.exe Linker Warning:
#   Section '.ignored' is unknown. Section ignored.
### mwldeppc.exe Linker Warning:
#   Section '.ignored' is unknown. Section ignored.
### mwldeppc.exe Linker Warning:
#   Section '.ignored' is unknown. Section ignored.
### mwldeppc.exe Linker Warning:
#   Section '.ignored' is unknown. Section ignored.
### mwldeppc.exe Linker Warning:
#   Section '.ignored' is unknown. Section ignored.
### mwldeppc.exe Linker Warning:
#   Section '.ignored' is unknown. Section ignored.
### mwldeppc.exe Linker Warning:
#   Section '.ignored' is unknown. Section ignored.
### mwldeppc.exe Linker Warning:
#   Section '.ignored' is unknown. Section ignored.
### mwldeppc.exe Linker Warning:
#   Section '.ignored' is unknown. Section ignored.
### mwldeppc.exe Linker Warning:
#   Section '.ignored' is unknown. Section ignored.
### mwldeppc.exe Linker Warning:
#   Section '.ignored' is unknown. Section ignored.
### mwldeppc.exe Linker Warning:
#   Section '.ignored' is unknown. Section ignored.
### mwldeppc.exe Linker Warning:
#   Section '.ignored' is unknown. Section ignored.
### mwldeppc.exe Linker Warning:
#   Section '.ignored' is unknown. Section ignored.
### mwldeppc.exe Linker Warning:
#   Section '.ignored' is unknown. Section ignored.
### mwldeppc.exe Linker Warning:
#   Section '.ignored' is unknown. Section ignored.
### mwldeppc.exe Linker Warning:
#   Section '.ignored' is unknown. Section ignored.
### mwldeppc.exe Linker Warning:
#   Section '.ignored' is unknown. Section ignored.
### mwldeppc.exe Linker Warning:
#   Section '.ignored' is unknown. Section ignored.
### mwldeppc.exe Linker Warning:
#   Section '.ignored' is unknown. Section ignored.
### mwldeppc.exe Linker Warning:
#   Section '.ignored' is unknown. Section ignored.
### mwldeppc.exe Linker Warning:
#   Section '.ignored' is unknown. Section ignored.
### mwldeppc.exe Linker Warning:
#   Section '.ignored' is unknown. Section ignored.
### mwldeppc.exe Linker Warning:
#   Section '.ignored' is unknown. Section ignored.
### mwldeppc.exe Linker Warning:
#   Section '.ignored' is unknown. Section ignored.
### mwldeppc.exe Linker Warning:
#   Section '.ignored' is unknown. Section ignored.
### mwldeppc.exe Linker Warning:
#   Section '.ignored' is unknown. Section ignored.
### mwldeppc.exe Linker Warning:
#   Section '.ignored' is unknown. Section ignored.
### mwldeppc.exe Linker Warning:
#   Section '.ignored' is unknown. Section ignored.
### mwldeppc.exe Linker Warning:
#   Section '.ignored' is unknown. Section ignored.
### mwldeppc.exe Linker Warning:
#   Section '.ignored' is unknown. Section ignored.
### mwldeppc.exe Linker Warning:
#   Section '.ignored' is unknown. Section ignored.
### mwldeppc.exe Linker Warning:
#   Section '.ignored' is unknown. Section ignored.
### mwldeppc.exe Linker Warning:
#   Section '.ignored' is unknown. Section ignored.
### mwldeppc.exe Linker Warning:
#   Section '.ignored' is unknown. Section ignored.
### mwldeppc.exe Linker Warning:
#   Section '.ignored' is unknown. Section ignored.
### mwldeppc.exe Linker Warning:
#   Section '.ignored' is unknown. Section ignored.
### mwldeppc.exe Linker Warning:
#   Section '.ignored' is unknown. Section ignored.
### mwldeppc.exe Linker Warning:
#   Section '.ignored' is unknown. Section ignored.
### mwldeppc.exe Linker Warning:
#   Section '.ignored' is unknown. Section ignored.
### mwldeppc.exe Linker Warning:
#   Section '.ignored' is unknown. Section ignored.
### mwldeppc.exe Linker Warning:
#   Section '.ignored' is unknown. Section ignored.
### mwldeppc.exe Linker Warning:
#   Section '.ignored' is unknown. Section ignored.
### mwldeppc.exe Linker Warning:
#   Section '.ignored' is unknown. Section ignored.
### mwldeppc.exe Linker Warning:
#   Section '.ignored' is unknown. Section ignored.
### mwldeppc.exe Linker Warning:
#   Section '.ignored' is unknown. Section ignored.
### mwldeppc.exe Linker Warning:
#   Section '.ignored' is unknown. Section ignored.
### mwldeppc.exe Linker Warning:
#   Section '.ignored' is unknown. Section ignored.
### mwldeppc.exe Linker Warning:
#   Section '.ignored' is unknown. Section ignored.
### mwldeppc.exe Linker Warning:
#   Section '.ignored' is unknown. Section ignored.
### mwldeppc.exe Linker Warning:
#   Section '.ignored' is unknown. Section ignored.
### mwldeppc.exe Linker Warning:
#   Section '.ignored' is unknown. Section ignored.
### mwldeppc.exe Linker Warning:
#   Section '.ignored' is unknown. Section ignored.
### mwldeppc.exe Linker Warning:
#   Section '.ignored' is unknown. Section ignored.
### mwldeppc.exe Linker Warning:
#   Section '.ignored' is unknown. Section ignored.
### mwldeppc.exe Linker Warning:
#   Section '.ignored' is unknown. Section ignored.
### mwldeppc.exe Linker Warning:
#   Section '.ignored' is unknown. Section ignored.
### mwldeppc.exe Linker Warning:
#   Section '.ignored' is unknown. Section ignored.
### mwldeppc.exe Linker Warning:
#   Section '.ignored' is unknown. Section ignored.
### mwldeppc.exe Linker Warning:
#   Section '.ignored' is unknown. Section ignored.
### mwldeppc.exe Linker Warning:
#   Section '.ignored' is unknown. Section ignored.
### mwldeppc.exe Linker Warning:
#   Section '.ignored' is unknown. Section ignored.
### mwldeppc.exe Linker Warning:
#   Section '.ignored' is unknown. Section ignored.
### mwldeppc.exe Linker Warning:
#   Section '.ignored' is unknown. Section ignored.
### mwldeppc.exe Linker Warning:
#   Section '.ignored' is unknown. Section ignored.
### mwldeppc.exe Linker Warning:
#   Section '.ignored' is unknown. Section ignored.
### mwldeppc.exe Linker Warning:
#   Section '.ignored' is unknown. Section ignored.
### mwldeppc.exe Linker Warning:
#   Section '.ignored' is unknown. Section ignored.
### mwldeppc.exe Linker Warning:
#   Section '.ignored' is unknown. Section ignored.
### mwldeppc.exe Linker Warning:
#   Section '.ignored' is unknown. Section ignored.
### mwldeppc.exe Linker Warning:
#   Section '.ignored' is unknown. Section ignored.
### mwldeppc.exe Linker Warning:
#   Section '.ignored' is unknown. Section ignored.
### mwldeppc.exe Linker Warning:
#   Section '.ignored' is unknown. Section ignored.
### mwldeppc.exe Linker Warning:
#   Section '.ignored' is unknown. Section ignored.
### mwldeppc.exe Linker Warning:
#   Section '.ignored' is unknown. Section ignored.
### mwldeppc.exe Linker Warning:
#   Section '.ignored' is unknown. Section ignored.
### mwldeppc.exe Linker Warning:
#   Section '.ignored' is unknown. Section ignored.
### mwldeppc.exe Linker Warning:
#   Section '.ignored' is unknown. Section ignored.
### mwldeppc.exe Linker Warning:
#   Section '.ignored' is unknown. Section ignored.
### mwldeppc.exe Linker Warning:
#   Section '.ignored' is unknown. Section ignored.
### mwldeppc.exe Linker Warning:
#   Section '.ignored' is unknown. Section ignored.
### mwldeppc.exe Linker Warning:
#   Section '.ignored' is unknown. Section ignored.
### mwldeppc.exe Linker Warning:
#   Section '.ignored' is unknown. Section ignored.
### mwldeppc.exe Linker Warning:
#   Section '.ignored' is unknown. Section ignored.
### mwldeppc.exe Linker Warning:
#   Section '.ignored' is unknown. Section ignored.
### mwldeppc.exe Linker Warning:
#   Section '.ignored' is unknown. Section ignored.
### mwldeppc.exe Linker Warning:
#   Section '.ignored' is unknown. Section ignored.
### mwldeppc.exe Linker Warning:
#   Section '.ignored' is unknown. Section ignored.
### mwldeppc.exe Linker Warning:
#   Section '.ignored' is unknown. Section ignored.
### mwldeppc.exe Linker Warning:
#   Section '.ignored' is unknown. Section ignored.
### mwldeppc.exe Linker Warning:
#   Section '.ignored' is unknown. Section ignored.
### mwldeppc.exe Linker Warning:
#   Section '.ignored' is unknown. Section ignored.
### mwldeppc.exe Linker Warning:
#   Section '.ignored' is unknown. Section ignored.
### mwldeppc.exe Linker Warning:
#   Section '.ignored' is unknown. Section ignored.
### mwldeppc.exe Linker Warning:
#   Section '.ignored' is unknown. Section ignored.
### mwldeppc.exe Linker Warning:
#   Section '.ignored' is unknown. Section ignored.
### mwldeppc.exe Linker Warning:
#   Section '.ignored' is unknown. Section ignored.
### mwldeppc.exe Linker Warning:
#   Section '.ignored' is unknown. Section ignored.
### mwldeppc.exe Linker Warning:
#   Section '.ignored' is unknown. Section ignored.
### mwldeppc.exe Linker Warning:
#   Section '.ignored' is unknown. Section ignored.
### mwldeppc.exe Linker Warning:
#   Section '.ignored' is unknown. Section ignored.
### mwldeppc.exe Linker Warning:
#   Section '.ignored' is unknown. Section ignored.
### mwldeppc.exe Linker Warning:
#   Section '.ignored' is unknown. Section ignored.
### mwldeppc.exe Linker Warning:
#   Section '.ignored' is unknown. Section ignored.
### mwldeppc.exe Linker Warning:
#   Section '.ignored' is unknown. Section ignored.
### mwldeppc.exe Linker Warning:
#   Section '.ignored' is unknown. Section ignored.
### mwldeppc.exe Linker Warning:
#   Section '.ignored' is unknown. Section ignored.
### mwldeppc.exe Linker Warning:
#   Section '.ignored' is unknown. Section ignored.
### mwldeppc.exe Linker Warning:
#   Section '.ignored' is unknown. Section ignored.
### mwldeppc.exe Linker Warning:
#   Section '.ignored' is unknown. Section ignored.
### mwldeppc.exe Linker Warning:
#   Section '.ignored' is unknown. Section ignored.
### mwldeppc.exe Linker Warning:
#   Section '.ignored' is unknown. Section ignored.
### mwldeppc.exe Linker Warning:
#   Section '.ignored' is unknown. Section ignored.
### mwldeppc.exe Linker Warning:
#   Section '.ignored' is unknown. Section ignored.
### mwldeppc.exe Linker Warning:
#   Section '.ignored' is unknown. Section ignored.
### mwldeppc.exe Linker Warning:
#   Section '.ignored' is unknown. Section ignored.
### mwldeppc.exe Linker Warning:
#   Section '.ignored' is unknown. Section ignored.
### mwldeppc.exe Linker Warning:
#   Section '.ignored' is unknown. Section ignored.
### mwldeppc.exe Linker Warning:
#   Section '.ignored' is unknown. Section ignored.
### mwldeppc.exe Linker Warning:
#   Section '.ignored' is unknown. Section ignored.
### mwldeppc.exe Linker Warning:
#   Section '.ignored' is unknown. Section ignored.
### mwldeppc.exe Linker Warning:
#   Section '.ignored' is unknown. Section ignored.
### mwldeppc.exe Linker Warning:
#   Section '.ignored' is unknown. Section ignored.
### mwldeppc.exe Linker Warning:
#   Section '.ignored' is unknown. Section ignored.
### mwldeppc.exe Linker Warning:
#   Section '.ignored' is unknown. Section ignored.
### mwldeppc.exe Linker Warning:
#   Section '.ignored' is unknown. Section ignored.
### mwldeppc.exe Linker Warning:
#   Section '.ignored' is unknown. Section ignored.
### mwldeppc.exe Linker Warning:
#   Section '.ignored' is unknown. Section ignored.
### mwldeppc.exe Linker Warning:
#   Section '.ignored' is unknown. Section ignored.
### mwldeppc.exe Linker Warning:
#   Section '.ignored' is unknown. Section ignored.
### mwldeppc.exe Linker Warning:
#   Section '.ignored' is unknown. Section ignored.
### mwldeppc.exe Linker Warning:
#   Section '.ignored' is unknown. Section ignored.
### mwldeppc.exe Linker Warning:
#   Section '.ignored' is unknown. Section ignored.
### mwldeppc.exe Linker Warning:
#   Section '.ignored' is unknown. Section ignored.
### mwldeppc.exe Linker Warning:
#   Section '.ignored' is unknown. Section ignored.
### mwldeppc.exe Linker Warning:
#   Section '.ignored' is unknown. Section ignored.
### mwldeppc.exe Linker Warning:
#   Section '.ignored' is unknown. Section ignored.
### mwldeppc.exe Linker Warning:
#   Section '.ignored' is unknown. Section ignored.
### mwldeppc.exe Linker Warning:
#   Section '.ignored' is unknown. Section ignored.
### mwldeppc.exe Linker Warning:
#   Section '.ignored' is unknown. Section ignored.
### mwldeppc.exe Linker Warning:
#   Section '.ignored' is unknown. Section ignored.
### mwldeppc.exe Linker Warning:
#   Section '.ignored' is unknown. Section ignored.
### mwldeppc.exe Linker Warning:
#   Section '.ignored' is unknown. Section ignored.
### mwldeppc.exe Linker Warning:
#   Section '.ignored' is unknown. Section ignored.
### mwldeppc.exe Linker Warning:
#   Section '.ignored' is unknown. Section ignored.
### mwldeppc.exe Linker Warning:
#   Section '.ignored' is unknown. Section ignored.
### mwldeppc.exe Linker Warning:
#   Section '.ignored' is unknown. Section ignored.
### mwldeppc.exe Linker Warning:
#   Section '.ignored' is unknown. Section ignored.
### mwldeppc.exe Linker Warning:
#   Section '.ignored' is unknown. Section ignored.
### mwldeppc.exe Linker Warning:
#   Section '.ignored' is unknown. Section ignored.
### mwldeppc.exe Linker Warning:
#   Section '.ignored' is unknown. Section ignored.
### mwldeppc.exe Linker Warning:
#   Section '.ignored' is unknown. Section ignored.
### mwldeppc.exe Linker Warning:
#   Section '.ignored' is unknown. Section ignored.
### mwldeppc.exe Linker Warning:
#   Section '.ignored' is unknown. Section ignored.
### mwldeppc.exe Linker Warning:
#   Section '.ignored' is unknown. Section ignored.
### mwldeppc.exe Linker Warning:
#   Section '.ignored' is unknown. Section ignored.
### mwldeppc.exe Linker Warning:
#   Section '.ignored' is unknown. Section ignored.
### mwldeppc.exe Linker Warning:
#   Section '.ignored' is unknown. Section ignored.
### mwldeppc.exe Linker Warning:
#   Section '.ignored' is unknown. Section ignored.
### mwldeppc.exe Linker Warning:
#   Section '.ignored' is unknown. Section ignored.
### mwldeppc.exe Linker Warning:
#   Section '.ignored' is unknown. Section ignored.
### mwldeppc.exe Linker Warning:
#   Section '.ignored' is unknown. Section ignored.
### mwldeppc.exe Linker Warning:
#   Section '.ignored' is unknown. Section ignored.
### mwldeppc.exe Linker Warning:
#   Section '.ignored' is unknown. Section ignored.
### mwldeppc.exe Linker Warning:
#   Section '.ignored' is unknown. Section ignored.
### mwldeppc.exe Linker Warning:
#   Section '.ignored' is unknown. Section ignored.
### mwldeppc.exe Linker Warning:
#   Section '.ignored' is unknown. Section ignored.
### mwldeppc.exe Linker Warning:
#   Section '.ignored' is unknown. Section ignored.
### mwldeppc.exe Linker Warning:
#   Section '.ignored' is unknown. Section ignored.
### mwldeppc.exe Linker Warning:
#   Section '.ignored' is unknown. Section ignored.
### mwldeppc.exe Linker Warning:
#   Section '.ignored' is unknown. Section ignored.
### mwldeppc.exe Linker Warning:
#   Section '.ignored' is unknown. Section ignored.
### mwldeppc.exe Linker Warning:
#   Section '.ignored' is unknown. Section ignored.
### mwldeppc.exe Linker Warning:
#   Section '.ignored' is unknown. Section ignored.
### mwldeppc.exe Linker Warning:
#   Section '.ignored' is unknown. Section ignored.
### mwldeppc.exe Linker Warning:
#   Section '.ignored' is unknown. Section ignored.
### mwldeppc.exe Linker Warning:
#   Section '.ignored' is unknown. Section ignored.
### mwldeppc.exe Linker Warning:
#   Section '.ignored' is unknown. Section ignored.
### mwldeppc.exe Linker Warning:
#   Section '.ignored' is unknown. Section ignored.
### mwldeppc.exe Linker Warning:
#   Section '.ignored' is unknown. Section ignored.
### mwldeppc.exe Linker Warning:
#   Section '.ignored' is unknown. Section ignored.
### mwldeppc.exe Linker Warning:
#   Section '.ignored' is unknown. Section ignored.
### mwldeppc.exe Linker Warning:
#   Section '.ignored' is unknown. Section ignored.
### mwldeppc.exe Linker Warning:
#   Section '.ignored' is unknown. Section ignored.
### mwldeppc.exe Linker Warning:
#   Section '.ignored' is unknown. Section ignored.
### mwldeppc.exe Linker Warning:
#   Section '.ignored' is unknown. Section ignored.
### mwldeppc.exe Linker Warning:
#   Section '.ignored' is unknown. Section ignored.
### mwldeppc.exe Linker Warning:
#   Section '.ignored' is unknown. Section ignored.
### mwldeppc.exe Linker Warning:
#   Section '.ignored' is unknown. Section ignored.
### mwldeppc.exe Linker Warning:
#   Section '.ignored' is unknown. Section ignored.
### mwldeppc.exe Linker Warning:
#   Section '.ignored' is unknown. Section ignored.
### mwldeppc.exe Linker Warning:
#   Section '.ignored' is unknown. Section ignored.
### mwldeppc.exe Linker Warning:
#   Section '.ignored' is unknown. Section ignored.
### mwldeppc.exe Linker Warning:
#   Section '.ignored' is unknown. Section ignored.
### mwldeppc.exe Linker Warning:
#   Section '.ignored' is unknown. Section ignored.
### mwldeppc.exe Linker Warning:
#   Section '.ignored' is unknown. Section ignored.
### mwldeppc.exe Linker Warning:
#   Section '.ignored' is unknown. Section ignored.
### mwldeppc.exe Linker Warning:
#   Section '.ignored' is unknown. Section ignored.
### mwldeppc.exe Linker Warning:
#   Section '.ignored' is unknown. Section ignored.
### mwldeppc.exe Linker Warning:
#   Section '.ignored' is unknown. Section ignored.
### mwldeppc.exe Linker Warning:
#   Section '.ignored' is unknown. Section ignored.
### mwldeppc.exe Linker Warning:
#   Section '.ignored' is unknown. Section ignored.
### mwldeppc.exe Linker Warning:
#   Section '.ignored' is unknown. Section ignored.
### mwldeppc.exe Linker Warning:
#   Section '.ignored' is unknown. Section ignored.
### mwldeppc.exe Linker Warning:
#   Section '.ignored' is unknown. Section ignored.
### mwldeppc.exe Linker Warning:
#   Section '.ignored' is unknown. Section ignored.
### mwldeppc.exe Linker Warning:
#   Section '.ignored' is unknown. Section ignored.
### mwldeppc.exe Linker Warning:
#   Section '.ignored' is unknown. Section ignored.
### mwldeppc.exe Linker Warning:
#   Section '.ignored' is unknown. Section ignored.
### mwldeppc.exe Linker Warning:
#   Section '.ignored' is unknown. Section ignored.
### mwldeppc.exe Linker Warning:
#   Section '.ignored' is unknown. Section ignored.
### mwldeppc.exe Linker Warning:
#   Section '.ignored' is unknown. Section ignored.
### mwldeppc.exe Linker Warning:
#   Section '.ignored' is unknown. Section ignored.
### mwldeppc.exe Linker Warning:
#   Section '.ignored' is unknown. Section ignored.
### mwldeppc.exe Linker Warning:
#   Section '.ignored' is unknown. Section ignored.
### mwldeppc.exe Linker Warning:
#   Section '.ignored' is unknown. Section ignored.
### mwldeppc.exe Linker Warning:
#   Section '.ignored' is unknown. Section ignored.
### mwldeppc.exe Linker Warning:
#   Section '.ignored' is unknown. Section ignored.
### mwldeppc.exe Linker Warning:
#   Section '.ignored' is unknown. Section ignored.
### mwldeppc.exe Linker Warning:
#   Section '.ignored' is unknown. Section ignored.
### mwldeppc.exe Linker Warning:
#   Section '.ignored' is unknown. Section ignored.
### mwldeppc.exe Linker Warning:
#   Section '.ignored' is unknown. Section ignored.
### mwldeppc.exe Linker Warning:
#   Section '.ignored' is unknown. Section ignored.
### mwldeppc.exe Linker Warning:
#   Section '.ignored' is unknown. Section ignored.
### mwldeppc.exe Linker Warning:
#   Section '.ignored' is unknown. Section ignored.
### mwldeppc.exe Linker Warning:
#   Section '.ignored' is unknown. Section ignored.
### mwldeppc.exe Linker Warning:
#   Section '.ignored' is unknown. Section ignored.
### mwldeppc.exe Linker Warning:
#   Section '.ignored' is unknown. Section ignored.
### mwldeppc.exe Linker Warning:
#   Section '.ignored' is unknown. Section ignored.
### mwldeppc.exe Linker Warning:
#   Section '.ignored' is unknown. Section ignored.
### mwldeppc.exe Linker Warning:
#   Section '.ignored' is unknown. Section ignored.
### mwldeppc.exe Linker Warning:
#   Section '.ignored' is unknown. Section ignored.
### mwldeppc.exe Linker Warning:
#   Section '.ignored' is unknown. Section ignored.
### mwldeppc.exe Linker Warning:
#   Section '.ignored' is unknown. Section ignored.
### mwldeppc.exe Linker Warning:
#   Section '.ignored' is unknown. Section ignored.
### mwldeppc.exe Linker Warning:
#   Section '.ignored' is unknown. Section ignored.
### mwldeppc.exe Linker Warning:
#   Section '.ignored' is unknown. Section ignored.
### mwldeppc.exe Linker Warning:
#   Section '.ignored' is unknown. Section ignored.
### mwldeppc.exe Linker Warning:
#   Section '.ignored' is unknown. Section ignored.
### mwldeppc.exe Linker Warning:
#   Section '.ignored' is unknown. Section ignored.
### mwldeppc.exe Linker Warning:
#   Section '.ignored' is unknown. Section ignored.
### mwldeppc.exe Linker Warning:
#   Section '.ignored' is unknown. Section ignored.
### mwldeppc.exe Linker Warning:
#   Section '.ignored' is unknown. Section ignored.
### mwldeppc.exe Linker Warning:
#   Section '.ignored' is unknown. Section ignored.
### mwldeppc.exe Linker Warning:
#   Section '.ignored' is unknown. Section ignored.
### mwldeppc.exe Linker Warning:
#   Section '.ignored' is unknown. Section ignored.
### mwldeppc.exe Linker Warning:
#   Section '.ignored' is unknown. Section ignored.
### mwldeppc.exe Linker Warning:
#   Section '.ignored' is unknown. Section ignored.
### mwldeppc.exe Linker Warning:
#   Section '.ignored' is unknown. Section ignored.
### mwldeppc.exe Linker Warning:
#   Section '.ignored' is unknown. Section ignored.
### mwldeppc.exe Linker Warning:
#   Section '.ignored' is unknown. Section ignored.
### mwldeppc.exe Linker Warning:
#   Section '.ignored' is unknown. Section ignored.
### mwldeppc.exe Linker Warning:
#   Section '.ignored' is unknown. Section ignored.
### mwldeppc.exe Linker Warning:
#   Section '.ignored' is unknown. Section ignored.
### mwldeppc.exe Linker Warning:
#   Section '.ignored' is unknown. Section ignored.
### mwldeppc.exe Linker Warning:
#   Section '.ignored' is unknown. Section ignored.
### mwldeppc.exe Linker Warning:
#   Section '.ignored' is unknown. Section ignored.
### mwldeppc.exe Linker Warning:
#   Section '.ignored' is unknown. Section ignored.
### mwldeppc.exe Linker Warning:
#   Section '.ignored' is unknown. Section ignored.
### mwldeppc.exe Linker Warning:
#   Section '.ignored' is unknown. Section ignored.
### mwldeppc.exe Linker Warning:
#   Section '.ignored' is unknown. Section ignored.
### mwldeppc.exe Linker Warning:
#   Section '.ignored' is unknown. Section ignored.
### mwldeppc.exe Linker Warning:
#   Section '.ignored' is unknown. Section ignored.
### mwldeppc.exe Linker Warning:
#   Section '.ignored' is unknown. Section ignored.
### mwldeppc.exe Linker Warning:
#   Section '.ignored' is unknown. Section ignored.
### mwldeppc.exe Linker Warning:
#   Section '.ignored' is unknown. Section ignored.
### mwldeppc.exe Linker Warning:
#   Section '.ignored' is unknown. Section ignored.
### mwldeppc.exe Linker Warning:
#   Section '.ignored' is unknown. Section ignored.
### mwldeppc.exe Linker Warning:
#   Section '.ignored' is unknown. Section ignored.
### mwldeppc.exe Linker Warning:
#   Section '.ignored' is unknown. Section ignored.
### mwldeppc.exe Linker Warning:
#   Section '.ignored' is unknown. Section ignored.
### mwldeppc.exe Linker Warning:
#   Section '.ignored' is unknown. Section ignored.
### mwldeppc.exe Linker Warning:
#   Section '.ignored' is unknown. Section ignored.
### mwldeppc.exe Linker Warning:
#   Section '.ignored' is unknown. Section ignored.
### mwldeppc.exe Linker Warning:
#   Section '.ignored' is unknown. Section ignored.
### mwldeppc.exe Linker Warning:
#   Section '.ignored' is unknown. Section ignored.
### mwldeppc.exe Linker Warning:
#   Section '.ignored' is unknown. Section ignored.
### mwldeppc.exe Linker Warning:
#   Section '.ignored' is unknown. Section ignored.
### mwldeppc.exe Linker Warning:
#   Section '.ignored' is unknown. Section ignored.
### mwldeppc.exe Linker Warning:
#   Section '.ignored' is unknown. Section ignored.
### mwldeppc.exe Linker Warning:
#   Section '.ignored' is unknown. Section ignored.
### mwldeppc.exe Linker Warning:
#   Section '.ignored' is unknown. Section ignored.
### mwldeppc.exe Linker Warning:
#   Section '.ignored' is unknown. Section ignored.
### mwldeppc.exe Linker Warning:
#   Section '.ignored' is unknown. Section ignored.
### mwldeppc.exe Linker Warning:
#   Section '.ignored' is unknown. Section ignored.
### mwldeppc.exe Linker Warning:
#   Section '.ignored' is unknown. Section ignored.
### mwldeppc.exe Linker Warning:
#   Section '.ignored' is unknown. Section ignored.
### mwldeppc.exe Linker Warning:
#   Section '.ignored' is unknown. Section ignored.
### mwldeppc.exe Linker Warning:
#   Section '.ignored' is unknown. Section ignored.
### mwldeppc.exe Linker Warning:
#   Section '.ignored' is unknown. Section ignored.
### mwldeppc.exe Linker Warning:
#   Section '.ignored' is unknown. Section ignored.
### mwldeppc.exe Linker Warning:
#   Section '.ignored' is unknown. Section ignored.
### mwldeppc.exe Linker Warning:
#   Section '.ignored' is unknown. Section ignored.
### mwldeppc.exe Linker Warning:
#   Section '.ignored' is unknown. Section ignored.
### mwldeppc.exe Linker Warning:
#   Section '.ignored' is unknown. Section ignored.
### mwldeppc.exe Linker Warning:
#   Section '.ignored' is unknown. Section ignored.
### mwldeppc.exe Linker Warning:
#   Section '.ignored' is unknown. Section ignored.
### mwldeppc.exe Linker Warning:
#   Section '.ignored' is unknown. Section ignored.
### mwldeppc.exe Linker Warning:
#   Section '.ignored' is unknown. Section ignored.
### mwldeppc.exe Linker Warning:
#   Section '.ignored' is unknown. Section ignored.
### mwldeppc.exe Linker Warning:
#   Section '.ignored' is unknown. Section ignored.
### mwldeppc.exe Linker Warning:
#   Section '.ignored' is unknown. Section ignored.
### mwldeppc.exe Linker Warning:
#   Section '.ignored' is unknown. Section ignored.
### mwldeppc.exe Linker Warning:
#   Section '.ignored' is unknown. Section ignored.
### mwldeppc.exe Linker Warning:
#   Section '.ignored' is unknown. Section ignored.
### mwldeppc.exe Linker Warning:
#   Section '.ignored' is unknown. Section ignored.
### mwldeppc.exe Linker Warning:
#   Section '.ignored' is unknown. Section ignored.
### mwldeppc.exe Linker Warning:
#   Section '.ignored' is unknown. Section ignored.
### mwldeppc.exe Linker Warning:
#   Section '.ignored' is unknown. Section ignored.
### mwldeppc.exe Linker Warning:
#   Section '.ignored' is unknown. Section ignored.
### mwldeppc.exe Linker Warning:
#   Section '.ignored' is unknown. Section ignored.
### mwldeppc.exe Linker Warning:
#   Section '.ignored' is unknown. Section ignored.
### mwldeppc.exe Linker Warning:
#   Section '.ignored' is unknown. Section ignored.
### mwldeppc.exe Linker Warning:
#   Section '.ignored' is unknown. Section ignored.
### mwldeppc.exe Linker Warning:
#   Section '.ignored' is unknown. Section ignored.
### mwldeppc.exe Linker Warning:
#   Section '.ignored' is unknown. Section ignored.
### mwldeppc.exe Linker Warning:
#   Section '.ignored' is unknown. Section ignored.
### mwldeppc.exe Linker Warning:
#   Section '.ignored' is unknown. Section ignored.
### mwldeppc.exe Linker Warning:
#   Section '.ignored' is unknown. Section ignored.
### mwldeppc.exe Linker Warning:
#   Section '.ignored' is unknown. Section ignored.
### mwldeppc.exe Linker Warning:
#   Section '.ignored' is unknown. Section ignored.
### mwldeppc.exe Linker Warning:
#   Section '.ignored' is unknown. Section ignored.
### mwldeppc.exe Linker Warning:
#   Section '.ignored' is unknown. Section ignored.
### mwldeppc.exe Linker Warning:
#   Section '.ignored' is unknown. Section ignored.
### mwldeppc.exe Linker Warning:
#   Section '.ignored' is unknown. Section ignored.
### mwldeppc.exe Linker Warning:
#   Section '.ignored' is unknown. Section ignored.
### mwldeppc.exe Linker Warning:
#   Section '.ignored' is unknown. Section ignored.
### mwldeppc.exe Linker Warning:
#   Section '.ignored' is unknown. Section ignored.
### mwldeppc.exe Linker Warning:
#   Section '.ignored' is unknown. Section ignored.
### mwldeppc.exe Linker Warning:
#   Section '.ignored' is unknown. Section ignored.
### mwldeppc.exe Linker Warning:
#   Section '.ignored' is unknown. Section ignored.
### mwldeppc.exe Linker Warning:
#   Section '.ignored' is unknown. Section ignored.
### mwldeppc.exe Linker Warning:
#   Section '.ignored' is unknown. Section ignored.
### mwldeppc.exe Linker Warning:
#   Section '.ignored' is unknown. Section ignored.
### mwldeppc.exe Linker Warning:
#   Section '.ignored' is unknown. Section ignored.
### mwldeppc.exe Linker Warning:
#   Section '.ignored' is unknown. Section ignored.
### mwldeppc.exe Linker Warning:
#   Section '.ignored' is unknown. Section ignored.
### mwldeppc.exe Linker Warning:
#   Section '.ignored' is unknown. Section ignored.
### mwldeppc.exe Linker Warning:
#   Section '.ignored' is unknown. Section ignored.
### mwldeppc.exe Linker Warning:
#   Section '.ignored' is unknown. Section ignored.
### mwldeppc.exe Linker Warning:
#   Section '.ignored' is unknown. Section ignored.
### mwldeppc.exe Linker Warning:
#   Section '.ignored' is unknown. Section ignored.
### mwldeppc.exe Linker Warning:
#   Section '.ignored' is unknown. Section ignored.
### mwldeppc.exe Linker Warning:
#   Section '.ignored' is unknown. Section ignored.
### mwldeppc.exe Linker Warning:
#   Section '.ignored' is unknown. Section ignored.
### mwldeppc.exe Linker Warning:
#   Section '.ignored' is unknown. Section ignored.
### mwldeppc.exe Linker Warning:
#   Section '.ignored' is unknown. Section ignored.
### mwldeppc.exe Linker Warning:
#   Section '.ignored' is unknown. Section ignored.
### mwldeppc.exe Linker Warning:
#   Section '.ignored' is unknown. Section ignored.
### mwldeppc.exe Linker Warning:
#   Section '.ignored' is unknown. Section ignored.
### mwldeppc.exe Linker Warning:
#   Section '.ignored' is unknown. Section ignored.
### mwldeppc.exe Linker Warning:
#   Section '.ignored' is unknown. Section ignored.
### mwldeppc.exe Linker Warning:
#   Section '.ignored' is unknown. Section ignored.
### mwldeppc.exe Linker Warning:
#   Section '.ignored' is unknown. Section ignored.
### mwldeppc.exe Linker Warning:
#   Section '.ignored' is unknown. Section ignored.
### mwldeppc.exe Linker Warning:
#   Section '.ignored' is unknown. Section ignored.
### mwldeppc.exe Linker Warning:
#   Section '.ignored' is unknown. Section ignored.
### mwldeppc.exe Linker Warning:
#   Section '.ignored' is unknown. Section ignored.
### mwldeppc.exe Linker Warning:
#   Section '.ignored' is unknown. Section ignored.
### mwldeppc.exe Linker Warning:
#   Section '.ignored' is unknown. Section ignored.
### mwldeppc.exe Linker Warning:
#   Section '.ignored' is unknown. Section ignored.
### mwldeppc.exe Linker Warning:
#   Section '.ignored' is unknown. Section ignored.
### mwldeppc.exe Linker Warning:
#   Section '.ignored' is unknown. Section ignored.
### mwldeppc.exe Linker Warning:
#   Section '.ignored' is unknown. Section ignored.
### mwldeppc.exe Linker Warning:
#   Section '.ignored' is unknown. Section ignored.
### mwldeppc.exe Linker Warning:
#   Section '.ignored' is unknown. Section ignored.
### mwldeppc.exe Linker Warning:
#   Section '.ignored' is unknown. Section ignored.
### mwldeppc.exe Linker Warning:
#   Section '.ignored' is unknown. Section ignored.
### mwldeppc.exe Linker Warning:
#   Section '.ignored' is unknown. Section ignored.
### mwldeppc.exe Linker Warning:
#   Section '.ignored' is unknown. Section ignored.
### mwldeppc.exe Linker Warning:
#   Section '.ignored' is unknown. Section ignored.
### mwldeppc.exe Linker Warning:
#   Section '.ignored' is unknown. Section ignored.
### mwldeppc.exe Linker Warning:
#   Section '.ignored' is unknown. Section ignored.
### mwldeppc.exe Linker Warning:
#   Section '.ignored' is unknown. Section ignored.
### mwldeppc.exe Linker Warning:
#   Section '.ignored' is unknown. Section ignored.
### mwldeppc.exe Linker Warning:
#   Section '.ignored' is unknown. Section ignored.
### mwldeppc.exe Linker Warning:
#   Section '.ignored' is unknown. Section ignored.
### mwldeppc.exe Linker Warning:
#   Section '.ignored' is unknown. Section ignored.
### mwldeppc.exe Linker Warning:
#   Section '.ignored' is unknown. Section ignored.
### mwldeppc.exe Linker Warning:
#   Section '.ignored' is unknown. Section ignored.
### mwldeppc.exe Linker Warning:
#   Section '.ignored' is unknown. Section ignored.
### mwldeppc.exe Linker Warning:
#   Section '.ignored' is unknown. Section ignored.
### mwldeppc.exe Linker Warning:
#   Section '.ignored' is unknown. Section ignored.
### mwldeppc.exe Linker Warning:
#   Section '.ignored' is unknown. Section ignored.
### mwldeppc.exe Linker Warning:
#   Section '.ignored' is unknown. Section ignored.
### mwldeppc.exe Linker Warning:
#   Section '.ignored' is unknown. Section ignored.
### mwldeppc.exe Linker Warning:
#   Section '.ignored' is unknown. Section ignored.
### mwldeppc.exe Linker Warning:
#   Section '.ignored' is unknown. Section ignored.
### mwldeppc.exe Linker Warning:
#   Section '.ignored' is unknown. Section ignored.
### mwldeppc.exe Linker Warning:
#   Section '.ignored' is unknown. Section ignored.
### mwldeppc.exe Linker Warning:
#   Section '.ignored' is unknown. Section ignored.
### mwldeppc.exe Linker Warning:
#   Section '.ignored' is unknown. Section ignored.
### mwldeppc.exe Linker Warning:
#   Section '.ignored' is unknown. Section ignored.
### mwldeppc.exe Linker Warning:
#   Section '.ignored' is unknown. Section ignored.
### mwldeppc.exe Linker Warning:
#   Section '.ignored' is unknown. Section ignored.
### mwldeppc.exe Linker Warning:
#   Section '.ignored' is unknown. Section ignored.
### mwldeppc.exe Linker Warning:
#   Section '.ignored' is unknown. Section ignored.
### mwldeppc.exe Linker Warning:
#   Section '.ignored' is unknown. Section ignored.
### mwldeppc.exe Linker Warning:
#   Section '.ignored' is unknown. Section ignored.
### mwldeppc.exe Linker Warning:
#   Section '.ignored' is unknown. Section ignored.
### mwldeppc.exe Linker Warning:
#   Section '.ignored' is unknown. Section ignored.
### mwldeppc.exe Linker Warning:
#   Section '.ignored' is unknown. Section ignored.
### mwldeppc.exe Linker Warning:
#   Section '.ignored' is unknown. Section ignored.
### mwldeppc.exe Linker Warning:
#   Section '.ignored' is unknown. Section ignored.
### mwldeppc.exe Linker Warning:
#   Section '.ignored' is unknown. Section ignored.
### mwldeppc.exe Linker Warning:
#   Section '.ignored' is unknown. Section ignored.
### mwldeppc.exe Linker Warning:
#   Section '.ignored' is unknown. Section ignored.
### mwldeppc.exe Linker Warning:
#   Section '.ignored' is unknown. Section ignored.
### mwldeppc.exe Linker Warning:
#   Section '.ignored' is unknown. Section ignored.
### mwldeppc.exe Linker Warning:
#   Section '.ignored' is unknown. Section ignored.
### mwldeppc.exe Linker Warning:
#   Section '.ignored' is unknown. Section ignored.
### mwldeppc.exe Linker Warning:
#   Section '.ignored' is unknown. Section ignored.
### mwldeppc.exe Linker Warning:
#   Section '.ignored' is unknown. Section ignored.
### mwldeppc.exe Linker Warning:
#   Section '.ignored' is unknown. Section ignored.
### mwldeppc.exe Linker Warning:
#   Section '.ignored' is unknown. Section ignored.
### mwldeppc.exe Linker Warning:
#   Section '.ignored' is unknown. Section ignored.
### mwldeppc.exe Linker Warning:
#   Section '.ignored' is unknown. Section ignored.
### mwldeppc.exe Linker Warning:
#   Section '.ignored' is unknown. Section ignored.
### mwldeppc.exe Linker Warning:
#   Section '.ignored' is unknown. Section ignored.
### mwldeppc.exe Linker Warning:
#   Section '.ignored' is unknown. Section ignored.
### mwldeppc.exe Linker Warning:
#   Section '.ignored' is unknown. Section ignored.
### mwldeppc.exe Linker Warning:
#   Section '.ignored' is unknown. Section ignored.
### mwldeppc.exe Linker Warning:
#   Section '.ignored' is unknown. Section ignored.
### mwldeppc.exe Linker Warning:
#   Section '.ignored' is unknown. Section ignored.
### mwldeppc.exe Linker Warning:
#   Section '.ignored' is unknown. Section ignored.
### mwldeppc.exe Linker Warning:
#   Section '.ignored' is unknown. Section ignored.
### mwldeppc.exe Linker Warning:
#   Section '.ignored' is unknown. Section ignored.
### mwldeppc.exe Linker Warning:
#   Section '.ignored' is unknown. Section ignored.
### mwldeppc.exe Linker Warning:
#   Section '.ignored' is unknown. Section ignored.
### mwldeppc.exe Linker Warning:
#   Section '.ignored' is unknown. Section ignored.
### mwldeppc.exe Linker Warning:
#   Section '.ignored' is unknown. Section ignored.
### mwldeppc.exe Linker Warning:
#   Section '.ignored' is unknown. Section ignored.
### mwldeppc.exe Linker Warning:
#   Section '.ignored' is unknown. Section ignored.
### mwldeppc.exe Linker Warning:
#   Section '.ignored' is unknown. Section ignored.
### mwldeppc.exe Linker Warning:
#   Section '.ignored' is unknown. Section ignored.
### mwldeppc.exe Linker Warning:
#   Section '.ignored' is unknown. Section ignored.
### mwldeppc.exe Linker Warning:
#   Section '.ignored' is unknown. Section ignored.
### mwldeppc.exe Linker Warning:
#   Section '.ignored' is unknown. Section ignored.
### mwldeppc.exe Linker Warning:
#   Section '.ignored' is unknown. Section ignored.
### mwldeppc.exe Linker Warning:
#   Section '.ignored' is unknown. Section ignored.
### mwldeppc.exe Linker Warning:
#   Section '.ignored' is unknown. Section ignored.
### mwldeppc.exe Linker Warning:
#   Section '.ignored' is unknown. Section ignored.
### mwldeppc.exe Linker Warning:
#   Section '.ignored' is unknown. Section ignored.
### mwldeppc.exe Linker Warning:
#   Section '.ignored' is unknown. Section ignored.
### mwldeppc.exe Linker Warning:
#   Section '.ignored' is unknown. Section ignored.
### mwldeppc.exe Linker Warning:
#   Section '.ignored' is unknown. Section ignored.
### mwldeppc.exe Linker Warning:
#   Section '.ignored' is unknown. Section ignored.
### mwldeppc.exe Linker Warning:
#   Section '.ignored' is unknown. Section ignored.
### mwldeppc.exe Linker Warning:
#   Section '.ignored' is unknown. Section ignored.
### mwldeppc.exe Linker Warning:
#   Section '.ignored' is unknown. Section ignored.
### mwldeppc.exe Linker Warning:
#   Section '.ignored' is unknown. Section ignored.
### mwldeppc.exe Linker Warning:
#   Section '.ignored' is unknown. Section ignored.
### mwldeppc.exe Linker Warning:
#   Section '.ignored' is unknown. Section ignored.
### mwldeppc.exe Linker Warning:
#   Section '.ignored' is unknown. Section ignored.
### mwldeppc.exe Linker Warning:
#   Section '.ignored' is unknown. Section ignored.
### mwldeppc.exe Linker Warning:
#   Section '.ignored' is unknown. Section ignored.
### mwldeppc.exe Linker Warning:
#   Section '.ignored' is unknown. Section ignored.
### mwldeppc.exe Linker Warning:
#   Section '.ignored' is unknown. Section ignored.
### mwldeppc.exe Linker Warning:
#   Section '.ignored' is unknown. Section ignored.
### mwldeppc.exe Linker Warning:
#   Section '.ignored' is unknown. Section ignored.
### mwldeppc.exe Linker Warning:
#   Section '.ignored' is unknown. Section ignored.
### mwldeppc.exe Linker Warning:
#   Section '.ignored' is unknown. Section ignored.
### mwldeppc.exe Linker Warning:
#   Section '.ignored' is unknown. Section ignored.
### mwldeppc.exe Linker Warning:
#   Section '.ignored' is unknown. Section ignored.
### mwldeppc.exe Linker Warning:
#   Section '.ignored' is unknown. Section ignored.
### mwldeppc.exe Linker Warning:
#   Section '.ignored' is unknown. Section ignored.
### mwldeppc.exe Linker Warning:
#   Section '.ignored' is unknown. Section ignored.
### mwldeppc.exe Linker Warning:
#   Section '.ignored' is unknown. Section ignored.
### mwldeppc.exe Linker Warning:
#   Section '.ignored' is unknown. Section ignored.
### mwldeppc.exe Linker Warning:
#   Section '.ignored' is unknown. Section ignored.
### mwldeppc.exe Linker Warning:
#   Section '.ignored' is unknown. Section ignored.
### mwldeppc.exe Linker Warning:
#   Section '.ignored' is unknown. Section ignored.
### mwldeppc.exe Linker Warning:
#   Section '.ignored' is unknown. Section ignored.
### mwldeppc.exe Linker Warning:
#   Section '.ignored' is unknown. Section ignored.
### mwldeppc.exe Linker Warning:
#   Section '.ignored' is unknown. Section ignored.
### mwldeppc.exe Linker Warning:
#   Section '.ignored' is unknown. Section ignored.
### mwldeppc.exe Linker Warning:
#   Section '.ignored' is unknown. Section ignored.
### mwldeppc.exe Linker Warning:
#   Section '.ignored' is unknown. Section ignored.
### mwldeppc.exe Linker Warning:
#   Section '.ignored' is unknown. Section ignored.
### mwldeppc.exe Linker Warning:
#   Section '.ignored' is unknown. Section ignored.
### mwldeppc.exe Linker Warning:
#   Section '.ignored' is unknown. Section ignored.
### mwldeppc.exe Linker Warning:
#   Section '.ignored' is unknown. Section ignored.
### mwldeppc.exe Linker Warning:
#   Section '.ignored' is unknown. Section ignored.
### mwldeppc.exe Linker Warning:
#   Section '.ignored' is unknown. Section ignored.
### mwldeppc.exe Linker Warning:
#   Section '.ignored' is unknown. Section ignored.
### mwldeppc.exe Linker Warning:
#   Section '.ignored' is unknown. Section ignored.
### mwldeppc.exe Linker Warning:
#   Section '.ignored' is unknown. Section ignored.
### mwldeppc.exe Linker Warning:
#   Section '.ignored' is unknown. Section ignored.
### mwldeppc.exe Linker Warning:
#   Section '.ignored' is unknown. Section ignored.
### mwldeppc.exe Linker Warning:
#   Section '.ignored' is unknown. Section ignored.
### mwldeppc.exe Linker Warning:
#   Section '.ignored' is unknown. Section ignored.
### mwldeppc.exe Linker Warning:
#   Section '.ignored' is unknown. Section ignored.
### mwldeppc.exe Linker Warning:
#   Section '.ignored' is unknown. Section ignored.
### mwldeppc.exe Linker Warning:
#   Section '.ignored' is unknown. Section ignored.
### mwldeppc.exe Linker Warning:
#   Section '.ignored' is unknown. Section ignored.
### mwldeppc.exe Linker Warning:
#   Section '.ignored' is unknown. Section ignored.
### mwldeppc.exe Linker Warning:
#   Section '.ignored' is unknown. Section ignored.
### mwldeppc.exe Linker Warning:
#   Section '.ignored' is unknown. Section ignored.
### mwldeppc.exe Linker Warning:
#   Section '.ignored' is unknown. Section ignored.
### mwldeppc.exe Linker Warning:
#   Section '.ignored' is unknown. Section ignored.
### mwldeppc.exe Linker Warning:
#   Section '.ignored' is unknown. Section ignored.
### mwldeppc.exe Linker Warning:
#   Section '.ignored' is unknown. Section ignored.
### mwldeppc.exe Linker Warning:
#   Section '.ignored' is unknown. Section ignored.
### mwldeppc.exe Linker Warning:
#   Section '.ignored' is unknown. Section ignored.
### mwldeppc.exe Linker Warning:
#   Section '.ignored' is unknown. Section ignored.
### mwldeppc.exe Linker Warning:
#   Section '.ignored' is unknown. Section ignored.
### mwldeppc.exe Linker Warning:
#   Section '.ignored' is unknown. Section ignored.
### mwldeppc.exe Linker Warning:
#   Section '.ignored' is unknown. Section ignored.
### mwldeppc.exe Linker Warning:
#   Section '.ignored' is unknown. Section ignored.
### mwldeppc.exe Linker Warning:
#   Section '.ignored' is unknown. Section ignored.
### mwldeppc.exe Linker Warning:
#   Section '.ignored' is unknown. Section ignored.
### mwldeppc.exe Linker Warning:
#   Section '.ignored' is unknown. Section ignored.
### mwldeppc.exe Linker Warning:
#   Section '.ignored' is unknown. Section ignored.
### mwldeppc.exe Linker Warning:
#   Section '.ignored' is unknown. Section ignored.
### mwldeppc.exe Linker Warning:
#   Section '.ignored' is unknown. Section ignored.
### mwldeppc.exe Linker Warning:
#   Section '.ignored' is unknown. Section ignored.
### mwldeppc.exe Linker Warning:
#   Section '.ignored' is unknown. Section ignored.
### mwldeppc.exe Linker Warning:
#   Section '.ignored' is unknown. Section ignored.
### mwldeppc.exe Linker Warning:
#   Section '.ignored' is unknown. Section ignored.
### mwldeppc.exe Linker Warning:
#   Section '.ignored' is unknown. Section ignored.
### mwldeppc.exe Linker Warning:
#   Section '.ignored' is unknown. Section ignored.
### mwldeppc.exe Linker Warning:
#   Section '.ignored' is unknown. Section ignored.
### mwldeppc.exe Linker Warning:
#   Section '.ignored' is unknown. Section ignored.
### mwldeppc.exe Linker Warning:
#   Section '.ignored' is unknown. Section ignored.
### mwldeppc.exe Linker Warning:
#   Section '.ignored' is unknown. Section ignored.
### mwldeppc.exe Linker Warning:
#   Section '.ignored' is unknown. Section ignored.
### mwldeppc.exe Linker Warning:
#   Section '.ignored' is unknown. Section ignored.
### mwldeppc.exe Linker Warning:
#   Section '.ignored' is unknown. Section ignored.
### mwldeppc.exe Linker Warning:
#   Section '.ignored' is unknown. Section ignored.
### mwldeppc.exe Linker Warning:
#   Section '.ignored' is unknown. Section ignored.
[934/936] DOL build/GEDE01/main.dol
[935/936] CHECK config/GEDE01/build.sha1
build/GEDE01/main.dol: OK
[936/936] PROGRESS
Progress:
  All: 58.73% fuzzy, 49.79% matched, 49.60% linked (6326 / 7068 files)
    Code: 1145576 / 2300692 bytes (6095 / 8214 functions)
    Data: 39742 / 4305642 bytes (0.92%)
  Game Code: 94.61% fuzzy, 80.17% matched, 79.87% linked (6308 / 6633 files)
    Code: 1142548 / 1425104 bytes (6033 / 6354 functions)
    Data: 39518 / 40426 bytes (97.75%)
  SDK/Runtime: 100.00% fuzzy, 100.00% matched, 100.00% linked (18 / 18 files)
    Code: 3028 / 3028 bytes (62 / 62 functions)
    Data: 224 / 224 bytes (100.00%)
