$ python3 eternal-darkness-decomp/tools/legal_audit.py
legal audit passed (22296 tracked project files inspected)

exit=0
$ git diff --cached --check
eternal-darkness-decomp/reports/GEDE01/attempt-78696cb5-6b03-40d5-954f-92ebcce83a64/aggregate-direct-mask.patch:8: trailing whitespace.
+ 
eternal-darkness-decomp/reports/GEDE01/attempt-78696cb5-6b03-40d5-954f-92ebcce83a64/aggregate-direct-mask.patch:33: trailing whitespace.
+ 
eternal-darkness-decomp/reports/GEDE01/attempt-78696cb5-6b03-40d5-954f-92ebcce83a64/aggregate-direct-mask.patch:43: trailing whitespace.
+ 
eternal-darkness-decomp/reports/GEDE01/attempt-78696cb5-6b03-40d5-954f-92ebcce83a64/aggregate-direct-mask.patch:57: trailing whitespace.
+ 
eternal-darkness-decomp/reports/GEDE01/attempt-78696cb5-6b03-40d5-954f-92ebcce83a64/aggregate-direct-mask.patch:64: trailing whitespace.
+ 
eternal-darkness-decomp/reports/GEDE01/attempt-78696cb5-6b03-40d5-954f-92ebcce83a64/aggregate-direct.patch:8: trailing whitespace.
+ 
eternal-darkness-decomp/reports/GEDE01/attempt-78696cb5-6b03-40d5-954f-92ebcce83a64/aggregate-direct.patch:33: trailing whitespace.
+ 
eternal-darkness-decomp/reports/GEDE01/attempt-78696cb5-6b03-40d5-954f-92ebcce83a64/aggregate-direct.patch:43: trailing whitespace.
+ 
eternal-darkness-decomp/reports/GEDE01/attempt-78696cb5-6b03-40d5-954f-92ebcce83a64/aggregate-direct.patch:57: trailing whitespace.
+ 
eternal-darkness-decomp/reports/GEDE01/attempt-78696cb5-6b03-40d5-954f-92ebcce83a64/aggregate-direct.patch:64: trailing whitespace.
+ 
eternal-darkness-decomp/reports/GEDE01/attempt-78696cb5-6b03-40d5-954f-92ebcce83a64/aggregate-mask.patch:8: trailing whitespace.
+ 
eternal-darkness-decomp/reports/GEDE01/attempt-78696cb5-6b03-40d5-954f-92ebcce83a64/aggregate-mask.patch:32: trailing whitespace.
+ 
eternal-darkness-decomp/reports/GEDE01/attempt-78696cb5-6b03-40d5-954f-92ebcce83a64/aggregate-mask.patch:42: trailing whitespace.
+ 
eternal-darkness-decomp/reports/GEDE01/attempt-78696cb5-6b03-40d5-954f-92ebcce83a64/aggregate-mask.patch:56: trailing whitespace.
+ 
eternal-darkness-decomp/reports/GEDE01/attempt-78696cb5-6b03-40d5-954f-92ebcce83a64/aggregate-mask.patch:64: trailing whitespace.
+ 
eternal-darkness-decomp/reports/GEDE01/attempt-78696cb5-6b03-40d5-954f-92ebcce83a64/aggregate-tables.patch:8: trailing whitespace.
+ 
eternal-darkness-decomp/reports/GEDE01/attempt-78696cb5-6b03-40d5-954f-92ebcce83a64/aggregate-tables.patch:32: trailing whitespace.
+ 
eternal-darkness-decomp/reports/GEDE01/attempt-78696cb5-6b03-40d5-954f-92ebcce83a64/aggregate-tables.patch:42: trailing whitespace.
+ 
eternal-darkness-decomp/reports/GEDE01/attempt-78696cb5-6b03-40d5-954f-92ebcce83a64/aggregate-tables.patch:56: trailing whitespace.
+ 
eternal-darkness-decomp/reports/GEDE01/attempt-78696cb5-6b03-40d5-954f-92ebcce83a64/aggregate-tables.patch:64: trailing whitespace.
+ 
eternal-darkness-decomp/reports/GEDE01/attempt-78696cb5-6b03-40d5-954f-92ebcce83a64/byte-force.patch:13: trailing whitespace.
+ 
eternal-darkness-decomp/reports/GEDE01/attempt-78696cb5-6b03-40d5-954f-92ebcce83a64/byte-force.patch:16: trailing whitespace.
+ 
eternal-darkness-decomp/reports/GEDE01/attempt-78696cb5-6b03-40d5-954f-92ebcce83a64/byte-force.patch:23: trailing whitespace.
+ 
eternal-darkness-decomp/reports/GEDE01/attempt-78696cb5-6b03-40d5-954f-92ebcce83a64/full-build.log:960: trailing whitespace.
+### mwldeppc.exe Linker Warning:
eternal-darkness-decomp/reports/GEDE01/attempt-78696cb5-6b03-40d5-954f-92ebcce83a64/full-build.log:961: trailing whitespace.
+#   Section '.ignored' is unknown. Section ignored.
eternal-darkness-decomp/reports/GEDE01/attempt-78696cb5-6b03-40d5-954f-92ebcce83a64/full-build.log:962: trailing whitespace.
+### mwldeppc.exe Linker Warning:
eternal-darkness-decomp/reports/GEDE01/attempt-78696cb5-6b03-40d5-954f-92ebcce83a64/full-build.log:963: trailing whitespace.
+#   Section '.ignored' is unknown. Section ignored.
eternal-darkness-decomp/reports/GEDE01/attempt-78696cb5-6b03-40d5-954f-92ebcce83a64/full-build.log:964: trailing whitespace.
+### mwldeppc.exe Linker Warning:
eternal-darkness-decomp/reports/GEDE01/attempt-78696cb5-6b03-40d5-954f-92ebcce83a64/full-build.log:965: trailing whitespace.
+#   Section '.ignored' is unknown. Section ignored.
eternal-darkness-decomp/reports/GEDE01/attempt-78696cb5-6b03-40d5-954f-92ebcce83a64/full-build.log:966: trailing whitespace.
+### mwldeppc.exe Linker Warning:
eternal-darkness-decomp/reports/GEDE01/attempt-78696cb5-6b03-40d5-954f-92ebcce83a64/full-build.log:967: trailing whitespace.
+#   Section '.ignored' is unknown. Section ignored.
eternal-darkness-decomp/reports/GEDE01/attempt-78696cb5-6b03-40d5-954f-92ebcce83a64/full-build.log:968: trailing whitespace.
+### mwldeppc.exe Linker Warning:
eternal-darkness-decomp/reports/GEDE01/attempt-78696cb5-6b03-40d5-954f-92ebcce83a64/full-build.log:969: trailing whitespace.
+#   Section '.ignored' is unknown. Section ignored.
eternal-darkness-decomp/reports/GEDE01/attempt-78696cb5-6b03-40d5-954f-92ebcce83a64/full-build.log:970: trailing whitespace.
+### mwldeppc.exe Linker Warning:
eternal-darkness-decomp/reports/GEDE01/attempt-78696cb5-6b03-40d5-954f-92ebcce83a64/full-build.log:971: trailing whitespace.
+#   Section '.ignored' is unknown. Section ignored.
eternal-darkness-decomp/reports/GEDE01/attempt-78696cb5-6b03-40d5-954f-92ebcce83a64/full-build.log:972: trailing whitespace.
+### mwldeppc.exe Linker Warning:
eternal-darkness-decomp/reports/GEDE01/attempt-78696cb5-6b03-40d5-954f-92ebcce83a64/full-build.log:973: trailing whitespace.
+#   Section '.ignored' is unknown. Section ignored.
eternal-darkness-decomp/reports/GEDE01/attempt-78696cb5-6b03-40d5-954f-92ebcce83a64/full-build.log:974: trailing whitespace.
+### mwldeppc.exe Linker Warning:
eternal-darkness-decomp/reports/GEDE01/attempt-78696cb5-6b03-40d5-954f-92ebcce83a64/full-build.log:975: trailing whitespace.
+#   Section '.ignored' is unknown. Section ignored.
eternal-darkness-decomp/reports/GEDE01/attempt-78696cb5-6b03-40d5-954f-92ebcce83a64/full-build.log:976: trailing whitespace.
+### mwldeppc.exe Linker Warning:
eternal-darkness-decomp/reports/GEDE01/attempt-78696cb5-6b03-40d5-954f-92ebcce83a64/full-build.log:977: trailing whitespace.
+#   Section '.ignored' is unknown. Section ignored.
eternal-darkness-decomp/reports/GEDE01/attempt-78696cb5-6b03-40d5-954f-92ebcce83a64/full-build.log:978: trailing whitespace.
+### mwldeppc.exe Linker Warning:
eternal-darkness-decomp/reports/GEDE01/attempt-78696cb5-6b03-40d5-954f-92ebcce83a64/full-build.log:979: trailing whitespace.
+#   Section '.ignored' is unknown. Section ignored.
eternal-darkness-decomp/reports/GEDE01/attempt-78696cb5-6b03-40d5-954f-92ebcce83a64/full-build.log:980: trailing whitespace.
+### mwldeppc.exe Linker Warning:
eternal-darkness-decomp/reports/GEDE01/attempt-78696cb5-6b03-40d5-954f-92ebcce83a64/full-build.log:981: trailing whitespace.
+#   Section '.ignored' is unknown. Section ignored.
eternal-darkness-decomp/reports/GEDE01/attempt-78696cb5-6b03-40d5-954f-92ebcce83a64/full-build.log:982: trailing whitespace.
+### mwldeppc.exe Linker Warning:
eternal-darkness-decomp/reports/GEDE01/attempt-78696cb5-6b03-40d5-954f-92ebcce83a64/full-build.log:983: trailing whitespace.
+#   Section '.ignored' is unknown. Section ignored.
eternal-darkness-decomp/reports/GEDE01/attempt-78696cb5-6b03-40d5-954f-92ebcce83a64/full-build.log:984: trailing whitespace.
+### mwldeppc.exe Linker Warning:
eternal-darkness-decomp/reports/GEDE01/attempt-78696cb5-6b03-40d5-954f-92ebcce83a64/full-build.log:985: trailing whitespace.
+#   Section '.ignored' is unknown. Section ignored.
eternal-darkness-decomp/reports/GEDE01/attempt-78696cb5-6b03-40d5-954f-92ebcce83a64/full-build.log:986: trailing whitespace.
+### mwldeppc.exe Linker Warning:
eternal-darkness-decomp/reports/GEDE01/attempt-78696cb5-6b03-40d5-954f-92ebcce83a64/full-build.log:987: trailing whitespace.
+#   Section '.ignored' is unknown. Section ignored.
eternal-darkness-decomp/reports/GEDE01/attempt-78696cb5-6b03-40d5-954f-92ebcce83a64/full-build.log:988: trailing whitespace.
+### mwldeppc.exe Linker Warning:
eternal-darkness-decomp/reports/GEDE01/attempt-78696cb5-6b03-40d5-954f-92ebcce83a64/full-build.log:989: trailing whitespace.
+#   Section '.ignored' is unknown. Section ignored.
eternal-darkness-decomp/reports/GEDE01/attempt-78696cb5-6b03-40d5-954f-92ebcce83a64/full-build.log:990: trailing whitespace.
+### mwldeppc.exe Linker Warning:
eternal-darkness-decomp/reports/GEDE01/attempt-78696cb5-6b03-40d5-954f-92ebcce83a64/full-build.log:991: trailing whitespace.
+#   Section '.ignored' is unknown. Section ignored.
eternal-darkness-decomp/reports/GEDE01/attempt-78696cb5-6b03-40d5-954f-92ebcce83a64/full-build.log:992: trailing whitespace.
+### mwldeppc.exe Linker Warning:
eternal-darkness-decomp/reports/GEDE01/attempt-78696cb5-6b03-40d5-954f-92ebcce83a64/full-build.log:993: trailing whitespace.
+#   Section '.ignored' is unknown. Section ignored.
eternal-darkness-decomp/reports/GEDE01/attempt-78696cb5-6b03-40d5-954f-92ebcce83a64/full-build.log:994: trailing whitespace.
+### mwldeppc.exe Linker Warning:
eternal-darkness-decomp/reports/GEDE01/attempt-78696cb5-6b03-40d5-954f-92ebcce83a64/full-build.log:995: trailing whitespace.
+#   Section '.ignored' is unknown. Section ignored.
eternal-darkness-decomp/reports/GEDE01/attempt-78696cb5-6b03-40d5-954f-92ebcce83a64/full-build.log:996: trailing whitespace.
+### mwldeppc.exe Linker Warning:
eternal-darkness-decomp/reports/GEDE01/attempt-78696cb5-6b03-40d5-954f-92ebcce83a64/full-build.log:997: trailing whitespace.
+#   Section '.ignored' is unknown. Section ignored.
eternal-darkness-decomp/reports/GEDE01/attempt-78696cb5-6b03-40d5-954f-92ebcce83a64/full-build.log:998: trailing whitespace.
+### mwldeppc.exe Linker Warning:
eternal-darkness-decomp/reports/GEDE01/attempt-78696cb5-6b03-40d5-954f-92ebcce83a64/full-build.log:999: trailing whitespace.
+#   Section '.ignored' is unknown. Section ignored.
eternal-darkness-decomp/reports/GEDE01/attempt-78696cb5-6b03-40d5-954f-92ebcce83a64/full-build.log:1000: trailing whitespace.
+### mwldeppc.exe Linker Warning:
eternal-darkness-decomp/reports/GEDE01/attempt-78696cb5-6b03-40d5-954f-92ebcce83a64/full-build.log:1001: trailing whitespace.
+#   Section '.ignored' is unknown. Section ignored.
eternal-darkness-decomp/reports/GEDE01/attempt-78696cb5-6b03-40d5-954f-92ebcce83a64/full-build.log:1002: trailing whitespace.
+### mwldeppc.exe Linker Warning:
eternal-darkness-decomp/reports/GEDE01/attempt-78696cb5-6b03-40d5-954f-92ebcce83a64/full-build.log:1003: trailing whitespace.
+#   Section '.ignored' is unknown. Section ignored.
eternal-darkness-decomp/reports/GEDE01/attempt-78696cb5-6b03-40d5-954f-92ebcce83a64/full-build.log:1004: trailing whitespace.
+### mwldeppc.exe Linker Warning:
eternal-darkness-decomp/reports/GEDE01/attempt-78696cb5-6b03-40d5-954f-92ebcce83a64/full-build.log:1005: trailing whitespace.
+#   Section '.ignored' is unknown. Section ignored.
eternal-darkness-decomp/reports/GEDE01/attempt-78696cb5-6b03-40d5-954f-92ebcce83a64/full-build.log:1006: trailing whitespace.
+### mwldeppc.exe Linker Warning:
eternal-darkness-decomp/reports/GEDE01/attempt-78696cb5-6b03-40d5-954f-92ebcce83a64/full-build.log:1007: trailing whitespace.
+#   Section '.ignored' is unknown. Section ignored.
eternal-darkness-decomp/reports/GEDE01/attempt-78696cb5-6b03-40d5-954f-92ebcce83a64/full-build.log:1008: trailing whitespace.
+### mwldeppc.exe Linker Warning:
eternal-darkness-decomp/reports/GEDE01/attempt-78696cb5-6b03-40d5-954f-92ebcce83a64/full-build.log:1009: trailing whitespace.
+#   Section '.ignored' is unknown. Section ignored.
eternal-darkness-decomp/reports/GEDE01/attempt-78696cb5-6b03-40d5-954f-92ebcce83a64/full-build.log:1010: trailing whitespace.
+### mwldeppc.exe Linker Warning:
eternal-darkness-decomp/reports/GEDE01/attempt-78696cb5-6b03-40d5-954f-92ebcce83a64/full-build.log:1011: trailing whitespace.
+#   Section '.ignored' is unknown. Section ignored.
eternal-darkness-decomp/reports/GEDE01/attempt-78696cb5-6b03-40d5-954f-92ebcce83a64/full-build.log:1012: trailing whitespace.
+### mwldeppc.exe Linker Warning:
eternal-darkness-decomp/reports/GEDE01/attempt-78696cb5-6b03-40d5-954f-92ebcce83a64/full-build.log:1013: trailing whitespace.
+#   Section '.ignored' is unknown. Section ignored.
eternal-darkness-decomp/reports/GEDE01/attempt-78696cb5-6b03-40d5-954f-92ebcce83a64/full-build.log:1014: trailing whitespace.
+### mwldeppc.exe Linker Warning:
eternal-darkness-decomp/reports/GEDE01/attempt-78696cb5-6b03-40d5-954f-92ebcce83a64/full-build.log:1015: trailing whitespace.
+#   Section '.ignored' is unknown. Section ignored.
eternal-darkness-decomp/reports/GEDE01/attempt-78696cb5-6b03-40d5-954f-92ebcce83a64/full-build.log:1016: trailing whitespace.
+### mwldeppc.exe Linker Warning:
eternal-darkness-decomp/reports/GEDE01/attempt-78696cb5-6b03-40d5-954f-92ebcce83a64/full-build.log:1017: trailing whitespace.
+#   Section '.ignored' is unknown. Section ignored.
eternal-darkness-decomp/reports/GEDE01/attempt-78696cb5-6b03-40d5-954f-92ebcce83a64/full-build.log:1018: trailing whitespace.
+### mwldeppc.exe Linker Warning:
eternal-darkness-decomp/reports/GEDE01/attempt-78696cb5-6b03-40d5-954f-92ebcce83a64/full-build.log:1019: trailing whitespace.
+#   Section '.ignored' is unknown. Section ignored.
eternal-darkness-decomp/reports/GEDE01/attempt-78696cb5-6b03-40d5-954f-92ebcce83a64/full-build.log:1020: trailing whitespace.
+### mwldeppc.exe Linker Warning:
eternal-darkness-decomp/reports/GEDE01/attempt-78696cb5-6b03-40d5-954f-92ebcce83a64/full-build.log:1021: trailing whitespace.
+#   Section '.ignored' is unknown. Section ignored.
eternal-darkness-decomp/reports/GEDE01/attempt-78696cb5-6b03-40d5-954f-92ebcce83a64/full-build.log:1022: trailing whitespace.
+### mwldeppc.exe Linker Warning:
eternal-darkness-decomp/reports/GEDE01/attempt-78696cb5-6b03-40d5-954f-92ebcce83a64/full-build.log:1023: trailing whitespace.
+#   Section '.ignored' is unknown. Section ignored.
eternal-darkness-decomp/reports/GEDE01/attempt-78696cb5-6b03-40d5-954f-92ebcce83a64/full-build.log:1024: trailing whitespace.
+### mwldeppc.exe Linker Warning:
eternal-darkness-decomp/reports/GEDE01/attempt-78696cb5-6b03-40d5-954f-92ebcce83a64/full-build.log:1025: trailing whitespace.
+#   Section '.ignored' is unknown. Section ignored.
eternal-darkness-decomp/reports/GEDE01/attempt-78696cb5-6b03-40d5-954f-92ebcce83a64/full-build.log:1026: trailing whitespace.
+### mwldeppc.exe Linker Warning:
eternal-darkness-decomp/reports/GEDE01/attempt-78696cb5-6b03-40d5-954f-92ebcce83a64/full-build.log:1027: trailing whitespace.
+#   Section '.ignored' is unknown. Section ignored.
eternal-darkness-decomp/reports/GEDE01/attempt-78696cb5-6b03-40d5-954f-92ebcce83a64/full-build.log:1028: trailing whitespace.
+### mwldeppc.exe Linker Warning:
eternal-darkness-decomp/reports/GEDE01/attempt-78696cb5-6b03-40d5-954f-92ebcce83a64/full-build.log:1029: trailing whitespace.
+#   Section '.ignored' is unknown. Section ignored.
eternal-darkness-decomp/reports/GEDE01/attempt-78696cb5-6b03-40d5-954f-92ebcce83a64/full-build.log:1030: trailing whitespace.
+### mwldeppc.exe Linker Warning:
eternal-darkness-decomp/reports/GEDE01/attempt-78696cb5-6b03-40d5-954f-92ebcce83a64/full-build.log:1031: trailing whitespace.
+#   Section '.ignored' is unknown. Section ignored.
eternal-darkness-decomp/reports/GEDE01/attempt-78696cb5-6b03-40d5-954f-92ebcce83a64/full-build.log:1032: trailing whitespace.
+### mwldeppc.exe Linker Warning:
eternal-darkness-decomp/reports/GEDE01/attempt-78696cb5-6b03-40d5-954f-92ebcce83a64/full-build.log:1033: trailing whitespace.
+#   Section '.ignored' is unknown. Section ignored.
eternal-darkness-decomp/reports/GEDE01/attempt-78696cb5-6b03-40d5-954f-92ebcce83a64/full-build.log:1034: trailing whitespace.
+### mwldeppc.exe Linker Warning:
eternal-darkness-decomp/reports/GEDE01/attempt-78696cb5-6b03-40d5-954f-92ebcce83a64/full-build.log:1035: trailing whitespace.
+#   Section '.ignored' is unknown. Section ignored.
eternal-darkness-decomp/reports/GEDE01/attempt-78696cb5-6b03-40d5-954f-92ebcce83a64/full-build.log:1036: trailing whitespace.
+### mwldeppc.exe Linker Warning:
eternal-darkness-decomp/reports/GEDE01/attempt-78696cb5-6b03-40d5-954f-92ebcce83a64/full-build.log:1037: trailing whitespace.
+#   Section '.ignored' is unknown. Section ignored.
eternal-darkness-decomp/reports/GEDE01/attempt-78696cb5-6b03-40d5-954f-92ebcce83a64/full-build.log:1038: trailing whitespace.
+### mwldeppc.exe Linker Warning:
eternal-darkness-decomp/reports/GEDE01/attempt-78696cb5-6b03-40d5-954f-92ebcce83a64/full-build.log:1039: trailing whitespace.
+#   Section '.ignored' is unknown. Section ignored.
eternal-darkness-decomp/reports/GEDE01/attempt-78696cb5-6b03-40d5-954f-92ebcce83a64/full-build.log:1040: trailing whitespace.
+### mwldeppc.exe Linker Warning:
eternal-darkness-decomp/reports/GEDE01/attempt-78696cb5-6b03-40d5-954f-92ebcce83a64/full-build.log:1041: trailing whitespace.
+#   Section '.ignored' is unknown. Section ignored.
eternal-darkness-decomp/reports/GEDE01/attempt-78696cb5-6b03-40d5-954f-92ebcce83a64/full-build.log:1042: trailing whitespace.
+### mwldeppc.exe Linker Warning:
eternal-darkness-decomp/reports/GEDE01/attempt-78696cb5-6b03-40d5-954f-92ebcce83a64/full-build.log:1043: trailing whitespace.
+#   Section '.ignored' is unknown. Section ignored.
eternal-darkness-decomp/reports/GEDE01/attempt-78696cb5-6b03-40d5-954f-92ebcce83a64/full-build.log:1044: trailing whitespace.
+### mwldeppc.exe Linker Warning:
eternal-darkness-decomp/reports/GEDE01/attempt-78696cb5-6b03-40d5-954f-92ebcce83a64/full-build.log:1045: trailing whitespace.
+#   Section '.ignored' is unknown. Section ignored.
eternal-darkness-decomp/reports/GEDE01/attempt-78696cb5-6b03-40d5-954f-92ebcce83a64/full-build.log:1046: trailing whitespace.
+### mwldeppc.exe Linker Warning:
eternal-darkness-decomp/reports/GEDE01/attempt-78696cb5-6b03-40d5-954f-92ebcce83a64/full-build.log:1047: trailing whitespace.
+#   Section '.ignored' is unknown. Section ignored.
eternal-darkness-decomp/reports/GEDE01/attempt-78696cb5-6b03-40d5-954f-92ebcce83a64/full-build.log:1048: trailing whitespace.
+### mwldeppc.exe Linker Warning:
eternal-darkness-decomp/reports/GEDE01/attempt-78696cb5-6b03-40d5-954f-92ebcce83a64/full-build.log:1049: trailing whitespace.
+#   Section '.ignored' is unknown. Section ignored.
eternal-darkness-decomp/reports/GEDE01/attempt-78696cb5-6b03-40d5-954f-92ebcce83a64/full-build.log:1050: trailing whitespace.
+### mwldeppc.exe Linker Warning:
eternal-darkness-decomp/reports/GEDE01/attempt-78696cb5-6b03-40d5-954f-92ebcce83a64/full-build.log:1051: trailing whitespace.
+#   Section '.ignored' is unknown. Section ignored.
eternal-darkness-decomp/reports/GEDE01/attempt-78696cb5-6b03-40d5-954f-92ebcce83a64/full-build.log:1052: trailing whitespace.
+### mwldeppc.exe Linker Warning:
eternal-darkness-decomp/reports/GEDE01/attempt-78696cb5-6b03-40d5-954f-92ebcce83a64/full-build.log:1053: trailing whitespace.
+#   Section '.ignored' is unknown. Section ignored.
eternal-darkness-decomp/reports/GEDE01/attempt-78696cb5-6b03-40d5-954f-92ebcce83a64/full-build.log:1054: trailing whitespace.
+### mwldeppc.exe Linker Warning:
eternal-darkness-decomp/reports/GEDE01/attempt-78696cb5-6b03-40d5-954f-92ebcce83a64/full-build.log:1055: trailing whitespace.
+#   Section '.ignored' is unknown. Section ignored.
eternal-darkness-decomp/reports/GEDE01/attempt-78696cb5-6b03-40d5-954f-92ebcce83a64/full-build.log:1056: trailing whitespace.
+### mwldeppc.exe Linker Warning:
eternal-darkness-decomp/reports/GEDE01/attempt-78696cb5-6b03-40d5-954f-92ebcce83a64/full-build.log:1057: trailing whitespace.
+#   Section '.ignored' is unknown. Section ignored.
eternal-darkness-decomp/reports/GEDE01/attempt-78696cb5-6b03-40d5-954f-92ebcce83a64/full-build.log:1058: trailing whitespace.
+### mwldeppc.exe Linker Warning:
eternal-darkness-decomp/reports/GEDE01/attempt-78696cb5-6b03-40d5-954f-92ebcce83a64/full-build.log:1059: trailing whitespace.
+#   Section '.ignored' is unknown. Section ignored.
eternal-darkness-decomp/reports/GEDE01/attempt-78696cb5-6b03-40d5-954f-92ebcce83a64/full-build.log:1060: trailing whitespace.
+### mwldeppc.exe Linker Warning:
eternal-darkness-decomp/reports/GEDE01/attempt-78696cb5-6b03-40d5-954f-92ebcce83a64/full-build.log:1061: trailing whitespace.
+#   Section '.ignored' is unknown. Section ignored.
eternal-darkness-decomp/reports/GEDE01/attempt-78696cb5-6b03-40d5-954f-92ebcce83a64/full-build.log:1062: trailing whitespace.
+### mwldeppc.exe Linker Warning:
eternal-darkness-decomp/reports/GEDE01/attempt-78696cb5-6b03-40d5-954f-92ebcce83a64/full-build.log:1063: trailing whitespace.
+#   Section '.ignored' is unknown. Section ignored.
eternal-darkness-decomp/reports/GEDE01/attempt-78696cb5-6b03-40d5-954f-92ebcce83a64/full-build.log:1064: trailing whitespace.
+### mwldeppc.exe Linker Warning:
eternal-darkness-decomp/reports/GEDE01/attempt-78696cb5-6b03-40d5-954f-92ebcce83a64/full-build.log:1065: trailing whitespace.
+#   Section '.ignored' is unknown. Section ignored.
eternal-darkness-decomp/reports/GEDE01/attempt-78696cb5-6b03-40d5-954f-92ebcce83a64/full-build.log:1066: trailing whitespace.
+### mwldeppc.exe Linker Warning:
eternal-darkness-decomp/reports/GEDE01/attempt-78696cb5-6b03-40d5-954f-92ebcce83a64/full-build.log:1067: trailing whitespace.
+#   Section '.ignored' is unknown. Section ignored.
eternal-darkness-decomp/reports/GEDE01/attempt-78696cb5-6b03-40d5-954f-92ebcce83a64/full-build.log:1068: trailing whitespace.
+### mwldeppc.exe Linker Warning:
eternal-darkness-decomp/reports/GEDE01/attempt-78696cb5-6b03-40d5-954f-92ebcce83a64/full-build.log:1069: trailing whitespace.
+#   Section '.ignored' is unknown. Section ignored.
eternal-darkness-decomp/reports/GEDE01/attempt-78696cb5-6b03-40d5-954f-92ebcce83a64/full-build.log:1070: trailing whitespace.
+### mwldeppc.exe Linker Warning:
eternal-darkness-decomp/reports/GEDE01/attempt-78696cb5-6b03-40d5-954f-92ebcce83a64/full-build.log:1071: trailing whitespace.
+#   Section '.ignored' is unknown. Section ignored.
eternal-darkness-decomp/reports/GEDE01/attempt-78696cb5-6b03-40d5-954f-92ebcce83a64/full-build.log:1072: trailing whitespace.
+### mwldeppc.exe Linker Warning:
eternal-darkness-decomp/reports/GEDE01/attempt-78696cb5-6b03-40d5-954f-92ebcce83a64/full-build.log:1073: trailing whitespace.
+#   Section '.ignored' is unknown. Section ignored.
eternal-darkness-decomp/reports/GEDE01/attempt-78696cb5-6b03-40d5-954f-92ebcce83a64/full-build.log:1074: trailing whitespace.
+### mwldeppc.exe Linker Warning:
eternal-darkness-decomp/reports/GEDE01/attempt-78696cb5-6b03-40d5-954f-92ebcce83a64/full-build.log:1075: trailing whitespace.
+#   Section '.ignored' is unknown. Section ignored.
eternal-darkness-decomp/reports/GEDE01/attempt-78696cb5-6b03-40d5-954f-92ebcce83a64/full-build.log:1076: trailing whitespace.
+### mwldeppc.exe Linker Warning:
eternal-darkness-decomp/reports/GEDE01/attempt-78696cb5-6b03-40d5-954f-92ebcce83a64/full-build.log:1077: trailing whitespace.
+#   Section '.ignored' is unknown. Section ignored.
eternal-darkness-decomp/reports/GEDE01/attempt-78696cb5-6b03-40d5-954f-92ebcce83a64/full-build.log:1078: trailing whitespace.
+### mwldeppc.exe Linker Warning:
eternal-darkness-decomp/reports/GEDE01/attempt-78696cb5-6b03-40d5-954f-92ebcce83a64/full-build.log:1079: trailing whitespace.
+#   Section '.ignored' is unknown. Section ignored.
eternal-darkness-decomp/reports/GEDE01/attempt-78696cb5-6b03-40d5-954f-92ebcce83a64/full-build.log:1080: trailing whitespace.
+### mwldeppc.exe Linker Warning:
eternal-darkness-decomp/reports/GEDE01/attempt-78696cb5-6b03-40d5-954f-92ebcce83a64/full-build.log:1081: trailing whitespace.
+#   Section '.ignored' is unknown. Section ignored.
eternal-darkness-decomp/reports/GEDE01/attempt-78696cb5-6b03-40d5-954f-92ebcce83a64/full-build.log:1082: trailing whitespace.
+### mwldeppc.exe Linker Warning:
eternal-darkness-decomp/reports/GEDE01/attempt-78696cb5-6b03-40d5-954f-92ebcce83a64/full-build.log:1083: trailing whitespace.
+#   Section '.ignored' is unknown. Section ignored.
eternal-darkness-decomp/reports/GEDE01/attempt-78696cb5-6b03-40d5-954f-92ebcce83a64/full-build.log:1084: trailing whitespace.
+### mwldeppc.exe Linker Warning:
eternal-darkness-decomp/reports/GEDE01/attempt-78696cb5-6b03-40d5-954f-92ebcce83a64/full-build.log:1085: trailing whitespace.
+#   Section '.ignored' is unknown. Section ignored.
eternal-darkness-decomp/reports/GEDE01/attempt-78696cb5-6b03-40d5-954f-92ebcce83a64/full-build.log:1086: trailing whitespace.
+### mwldeppc.exe Linker Warning:
eternal-darkness-decomp/reports/GEDE01/attempt-78696cb5-6b03-40d5-954f-92ebcce83a64/full-build.log:1087: trailing whitespace.
+#   Section '.ignored' is unknown. Section ignored.
eternal-darkness-decomp/reports/GEDE01/attempt-78696cb5-6b03-40d5-954f-92ebcce83a64/full-build.log:1088: trailing whitespace.
+### mwldeppc.exe Linker Warning:
eternal-darkness-decomp/reports/GEDE01/attempt-78696cb5-6b03-40d5-954f-92ebcce83a64/full-build.log:1089: trailing whitespace.
+#   Section '.ignored' is unknown. Section ignored.
eternal-darkness-decomp/reports/GEDE01/attempt-78696cb5-6b03-40d5-954f-92ebcce83a64/full-build.log:1090: trailing whitespace.
+### mwldeppc.exe Linker Warning:
eternal-darkness-decomp/reports/GEDE01/attempt-78696cb5-6b03-40d5-954f-92ebcce83a64/full-build.log:1091: trailing whitespace.
+#   Section '.ignored' is unknown. Section ignored.
eternal-darkness-decomp/reports/GEDE01/attempt-78696cb5-6b03-40d5-954f-92ebcce83a64/full-build.log:1092: trailing whitespace.
+### mwldeppc.exe Linker Warning:
eternal-darkness-decomp/reports/GEDE01/attempt-78696cb5-6b03-40d5-954f-92ebcce83a64/full-build.log:1093: trailing whitespace.
+#   Section '.ignored' is unknown. Section ignored.
eternal-darkness-decomp/reports/GEDE01/attempt-78696cb5-6b03-40d5-954f-92ebcce83a64/full-build.log:1094: trailing whitespace.
+### mwldeppc.exe Linker Warning:
eternal-darkness-decomp/reports/GEDE01/attempt-78696cb5-6b03-40d5-954f-92ebcce83a64/full-build.log:1095: trailing whitespace.
+#   Section '.ignored' is unknown. Section ignored.
eternal-darkness-decomp/reports/GEDE01/attempt-78696cb5-6b03-40d5-954f-92ebcce83a64/full-build.log:1096: trailing whitespace.
+### mwldeppc.exe Linker Warning:
eternal-darkness-decomp/reports/GEDE01/attempt-78696cb5-6b03-40d5-954f-92ebcce83a64/full-build.log:1097: trailing whitespace.
+#   Section '.ignored' is unknown. Section ignored.
eternal-darkness-decomp/reports/GEDE01/attempt-78696cb5-6b03-40d5-954f-92ebcce83a64/full-build.log:1098: trailing whitespace.
+### mwldeppc.exe Linker Warning:
eternal-darkness-decomp/reports/GEDE01/attempt-78696cb5-6b03-40d5-954f-92ebcce83a64/full-build.log:1099: trailing whitespace.
+#   Section '.ignored' is unknown. Section ignored.
eternal-darkness-decomp/reports/GEDE01/attempt-78696cb5-6b03-40d5-954f-92ebcce83a64/full-build.log:1100: trailing whitespace.
+### mwldeppc.exe Linker Warning:
eternal-darkness-decomp/reports/GEDE01/attempt-78696cb5-6b03-40d5-954f-92ebcce83a64/full-build.log:1101: trailing whitespace.
+#   Section '.ignored' is unknown. Section ignored.
eternal-darkness-decomp/reports/GEDE01/attempt-78696cb5-6b03-40d5-954f-92ebcce83a64/full-build.log:1102: trailing whitespace.
+### mwldeppc.exe Linker Warning:
eternal-darkness-decomp/reports/GEDE01/attempt-78696cb5-6b03-40d5-954f-92ebcce83a64/full-build.log:1103: trailing whitespace.
+#   Section '.ignored' is unknown. Section ignored.
eternal-darkness-decomp/reports/GEDE01/attempt-78696cb5-6b03-40d5-954f-92ebcce83a64/full-build.log:1104: trailing whitespace.
+### mwldeppc.exe Linker Warning:
eternal-darkness-decomp/reports/GEDE01/attempt-78696cb5-6b03-40d5-954f-92ebcce83a64/full-build.log:1105: trailing whitespace.
+#   Section '.ignored' is unknown. Section ignored.
eternal-darkness-decomp/reports/GEDE01/attempt-78696cb5-6b03-40d5-954f-92ebcce83a64/full-build.log:1106: trailing whitespace.
+### mwldeppc.exe Linker Warning:
eternal-darkness-decomp/reports/GEDE01/attempt-78696cb5-6b03-40d5-954f-92ebcce83a64/full-build.log:1107: trailing whitespace.
+#   Section '.ignored' is unknown. Section ignored.
eternal-darkness-decomp/reports/GEDE01/attempt-78696cb5-6b03-40d5-954f-92ebcce83a64/full-build.log:1108: trailing whitespace.
+### mwldeppc.exe Linker Warning:
eternal-darkness-decomp/reports/GEDE01/attempt-78696cb5-6b03-40d5-954f-92ebcce83a64/full-build.log:1109: trailing whitespace.
+#   Section '.ignored' is unknown. Section ignored.
eternal-darkness-decomp/reports/GEDE01/attempt-78696cb5-6b03-40d5-954f-92ebcce83a64/full-build.log:1110: trailing whitespace.
+### mwldeppc.exe Linker Warning:
eternal-darkness-decomp/reports/GEDE01/attempt-78696cb5-6b03-40d5-954f-92ebcce83a64/full-build.log:1111: trailing whitespace.
+#   Section '.ignored' is unknown. Section ignored.
eternal-darkness-decomp/reports/GEDE01/attempt-78696cb5-6b03-40d5-954f-92ebcce83a64/full-build.log:1112: trailing whitespace.
+### mwldeppc.exe Linker Warning:
eternal-darkness-decomp/reports/GEDE01/attempt-78696cb5-6b03-40d5-954f-92ebcce83a64/full-build.log:1113: trailing whitespace.
+#   Section '.ignored' is unknown. Section ignored.
eternal-darkness-decomp/reports/GEDE01/attempt-78696cb5-6b03-40d5-954f-92ebcce83a64/full-build.log:1114: trailing whitespace.
+### mwldeppc.exe Linker Warning:
eternal-darkness-decomp/reports/GEDE01/attempt-78696cb5-6b03-40d5-954f-92ebcce83a64/full-build.log:1115: trailing whitespace.
+#   Section '.ignored' is unknown. Section ignored.
eternal-darkness-decomp/reports/GEDE01/attempt-78696cb5-6b03-40d5-954f-92ebcce83a64/full-build.log:1116: trailing whitespace.
+### mwldeppc.exe Linker Warning:
eternal-darkness-decomp/reports/GEDE01/attempt-78696cb5-6b03-40d5-954f-92ebcce83a64/full-build.log:1117: trailing whitespace.
+#   Section '.ignored' is unknown. Section ignored.
eternal-darkness-decomp/reports/GEDE01/attempt-78696cb5-6b03-40d5-954f-92ebcce83a64/full-build.log:1118: trailing whitespace.
+### mwldeppc.exe Linker Warning:
eternal-darkness-decomp/reports/GEDE01/attempt-78696cb5-6b03-40d5-954f-92ebcce83a64/full-build.log:1119: trailing whitespace.
+#   Section '.ignored' is unknown. Section ignored.
eternal-darkness-decomp/reports/GEDE01/attempt-78696cb5-6b03-40d5-954f-92ebcce83a64/full-build.log:1120: trailing whitespace.
+### mwldeppc.exe Linker Warning:
eternal-darkness-decomp/reports/GEDE01/attempt-78696cb5-6b03-40d5-954f-92ebcce83a64/full-build.log:1121: trailing whitespace.
+#   Section '.ignored' is unknown. Section ignored.
eternal-darkness-decomp/reports/GEDE01/attempt-78696cb5-6b03-40d5-954f-92ebcce83a64/full-build.log:1122: trailing whitespace.
+### mwldeppc.exe Linker Warning:
eternal-darkness-decomp/reports/GEDE01/attempt-78696cb5-6b03-40d5-954f-92ebcce83a64/full-build.log:1123: trailing whitespace.
+#   Section '.ignored' is unknown. Section ignored.
eternal-darkness-decomp/reports/GEDE01/attempt-78696cb5-6b03-40d5-954f-92ebcce83a64/full-build.log:1124: trailing whitespace.
+### mwldeppc.exe Linker Warning:
eternal-darkness-decomp/reports/GEDE01/attempt-78696cb5-6b03-40d5-954f-92ebcce83a64/full-build.log:1125: trailing whitespace.
+#   Section '.ignored' is unknown. Section ignored.
eternal-darkness-decomp/reports/GEDE01/attempt-78696cb5-6b03-40d5-954f-92ebcce83a64/full-build.log:1126: trailing whitespace.
+### mwldeppc.exe Linker Warning:
eternal-darkness-decomp/reports/GEDE01/attempt-78696cb5-6b03-40d5-954f-92ebcce83a64/full-build.log:1127: trailing whitespace.
+#   Section '.ignored' is unknown. Section ignored.
eternal-darkness-decomp/reports/GEDE01/attempt-78696cb5-6b03-40d5-954f-92ebcce83a64/full-build.log:1128: trailing whitespace.
+### mwldeppc.exe Linker Warning:
eternal-darkness-decomp/reports/GEDE01/attempt-78696cb5-6b03-40d5-954f-92ebcce83a64/full-build.log:1129: trailing whitespace.
+#   Section '.ignored' is unknown. Section ignored.
eternal-darkness-decomp/reports/GEDE01/attempt-78696cb5-6b03-40d5-954f-92ebcce83a64/full-build.log:1130: trailing whitespace.
+### mwldeppc.exe Linker Warning:
eternal-darkness-decomp/reports/GEDE01/attempt-78696cb5-6b03-40d5-954f-92ebcce83a64/full-build.log:1131: trailing whitespace.
+#   Section '.ignored' is unknown. Section ignored.
eternal-darkness-decomp/reports/GEDE01/attempt-78696cb5-6b03-40d5-954f-92ebcce83a64/full-build.log:1132: trailing whitespace.
+### mwldeppc.exe Linker Warning:
eternal-darkness-decomp/reports/GEDE01/attempt-78696cb5-6b03-40d5-954f-92ebcce83a64/full-build.log:1133: trailing whitespace.
+#   Section '.ignored' is unknown. Section ignored.
eternal-darkness-decomp/reports/GEDE01/attempt-78696cb5-6b03-40d5-954f-92ebcce83a64/full-build.log:1134: trailing whitespace.
+### mwldeppc.exe Linker Warning:
eternal-darkness-decomp/reports/GEDE01/attempt-78696cb5-6b03-40d5-954f-92ebcce83a64/full-build.log:1135: trailing whitespace.
+#   Section '.ignored' is unknown. Section ignored.
eternal-darkness-decomp/reports/GEDE01/attempt-78696cb5-6b03-40d5-954f-92ebcce83a64/full-build.log:1136: trailing whitespace.
+### mwldeppc.exe Linker Warning:
eternal-darkness-decomp/reports/GEDE01/attempt-78696cb5-6b03-40d5-954f-92ebcce83a64/full-build.log:1137: trailing whitespace.
+#   Section '.ignored' is unknown. Section ignored.
eternal-darkness-decomp/reports/GEDE01/attempt-78696cb5-6b03-40d5-954f-92ebcce83a64/full-build.log:1138: trailing whitespace.
+### mwldeppc.exe Linker Warning:
eternal-darkness-decomp/reports/GEDE01/attempt-78696cb5-6b03-40d5-954f-92ebcce83a64/full-build.log:1139: trailing whitespace.
+#   Section '.ignored' is unknown. Section ignored.
eternal-darkness-decomp/reports/GEDE01/attempt-78696cb5-6b03-40d5-954f-92ebcce83a64/full-build.log:1140: trailing whitespace.
+### mwldeppc.exe Linker Warning:
eternal-darkness-decomp/reports/GEDE01/attempt-78696cb5-6b03-40d5-954f-92ebcce83a64/full-build.log:1141: trailing whitespace.
+#   Section '.ignored' is unknown. Section ignored.
eternal-darkness-decomp/reports/GEDE01/attempt-78696cb5-6b03-40d5-954f-92ebcce83a64/full-build.log:1142: trailing whitespace.
+### mwldeppc.exe Linker Warning:
eternal-darkness-decomp/reports/GEDE01/attempt-78696cb5-6b03-40d5-954f-92ebcce83a64/full-build.log:1143: trailing whitespace.
+#   Section '.ignored' is unknown. Section ignored.
eternal-darkness-decomp/reports/GEDE01/attempt-78696cb5-6b03-40d5-954f-92ebcce83a64/full-build.log:1144: trailing whitespace.
+### mwldeppc.exe Linker Warning:
eternal-darkness-decomp/reports/GEDE01/attempt-78696cb5-6b03-40d5-954f-92ebcce83a64/full-build.log:1145: trailing whitespace.
+#   Section '.ignored' is unknown. Section ignored.
eternal-darkness-decomp/reports/GEDE01/attempt-78696cb5-6b03-40d5-954f-92ebcce83a64/full-build.log:1146: trailing whitespace.
+### mwldeppc.exe Linker Warning:
eternal-darkness-decomp/reports/GEDE01/attempt-78696cb5-6b03-40d5-954f-92ebcce83a64/full-build.log:1147: trailing whitespace.
+#   Section '.ignored' is unknown. Section ignored.
eternal-darkness-decomp/reports/GEDE01/attempt-78696cb5-6b03-40d5-954f-92ebcce83a64/full-build.log:1148: trailing whitespace.
+### mwldeppc.exe Linker Warning:
eternal-darkness-decomp/reports/GEDE01/attempt-78696cb5-6b03-40d5-954f-92ebcce83a64/full-build.log:1149: trailing whitespace.
+#   Section '.ignored' is unknown. Section ignored.
eternal-darkness-decomp/reports/GEDE01/attempt-78696cb5-6b03-40d5-954f-92ebcce83a64/full-build.log:1150: trailing whitespace.
+### mwldeppc.exe Linker Warning:
eternal-darkness-decomp/reports/GEDE01/attempt-78696cb5-6b03-40d5-954f-92ebcce83a64/full-build.log:1151: trailing whitespace.
+#   Section '.ignored' is unknown. Section ignored.
eternal-darkness-decomp/reports/GEDE01/attempt-78696cb5-6b03-40d5-954f-92ebcce83a64/full-build.log:1152: trailing whitespace.
+### mwldeppc.exe Linker Warning:
eternal-darkness-decomp/reports/GEDE01/attempt-78696cb5-6b03-40d5-954f-92ebcce83a64/full-build.log:1153: trailing whitespace.
+#   Section '.ignored' is unknown. Section ignored.
eternal-darkness-decomp/reports/GEDE01/attempt-78696cb5-6b03-40d5-954f-92ebcce83a64/full-build.log:1154: trailing whitespace.
+### mwldeppc.exe Linker Warning:
eternal-darkness-decomp/reports/GEDE01/attempt-78696cb5-6b03-40d5-954f-92ebcce83a64/full-build.log:1155: trailing whitespace.
+#   Section '.ignored' is unknown. Section ignored.
eternal-darkness-decomp/reports/GEDE01/attempt-78696cb5-6b03-40d5-954f-92ebcce83a64/full-build.log:1156: trailing whitespace.
+### mwldeppc.exe Linker Warning:
eternal-darkness-decomp/reports/GEDE01/attempt-78696cb5-6b03-40d5-954f-92ebcce83a64/full-build.log:1157: trailing whitespace.
+#   Section '.ignored' is unknown. Section ignored.
eternal-darkness-decomp/reports/GEDE01/attempt-78696cb5-6b03-40d5-954f-92ebcce83a64/full-build.log:1158: trailing whitespace.
+### mwldeppc.exe Linker Warning:
eternal-darkness-decomp/reports/GEDE01/attempt-78696cb5-6b03-40d5-954f-92ebcce83a64/full-build.log:1159: trailing whitespace.
+#   Section '.ignored' is unknown. Section ignored.
eternal-darkness-decomp/reports/GEDE01/attempt-78696cb5-6b03-40d5-954f-92ebcce83a64/full-build.log:1160: trailing whitespace.
+### mwldeppc.exe Linker Warning:
eternal-darkness-decomp/reports/GEDE01/attempt-78696cb5-6b03-40d5-954f-92ebcce83a64/full-build.log:1161: trailing whitespace.
+#   Section '.ignored' is unknown. Section ignored.
eternal-darkness-decomp/reports/GEDE01/attempt-78696cb5-6b03-40d5-954f-92ebcce83a64/full-build.log:1162: trailing whitespace.
+### mwldeppc.exe Linker Warning:
eternal-darkness-decomp/reports/GEDE01/attempt-78696cb5-6b03-40d5-954f-92ebcce83a64/full-build.log:1163: trailing whitespace.
+#   Section '.ignored' is unknown. Section ignored.
eternal-darkness-decomp/reports/GEDE01/attempt-78696cb5-6b03-40d5-954f-92ebcce83a64/full-build.log:1164: trailing whitespace.
+### mwldeppc.exe Linker Warning:
eternal-darkness-decomp/reports/GEDE01/attempt-78696cb5-6b03-40d5-954f-92ebcce83a64/full-build.log:1165: trailing whitespace.
+#   Section '.ignored' is unknown. Section ignored.
eternal-darkness-decomp/reports/GEDE01/attempt-78696cb5-6b03-40d5-954f-92ebcce83a64/full-build.log:1166: trailing whitespace.
+### mwldeppc.exe Linker Warning:
eternal-darkness-decomp/reports/GEDE01/attempt-78696cb5-6b03-40d5-954f-92ebcce83a64/full-build.log:1167: trailing whitespace.
+#   Section '.ignored' is unknown. Section ignored.
eternal-darkness-decomp/reports/GEDE01/attempt-78696cb5-6b03-40d5-954f-92ebcce83a64/full-build.log:1168: trailing whitespace.
+### mwldeppc.exe Linker Warning:
eternal-darkness-decomp/reports/GEDE01/attempt-78696cb5-6b03-40d5-954f-92ebcce83a64/full-build.log:1169: trailing whitespace.
+#   Section '.ignored' is unknown. Section ignored.
eternal-darkness-decomp/reports/GEDE01/attempt-78696cb5-6b03-40d5-954f-92ebcce83a64/full-build.log:1170: trailing whitespace.
+### mwldeppc.exe Linker Warning:
eternal-darkness-decomp/reports/GEDE01/attempt-78696cb5-6b03-40d5-954f-92ebcce83a64/full-build.log:1171: trailing whitespace.
+#   Section '.ignored' is unknown. Section ignored.
eternal-darkness-decomp/reports/GEDE01/attempt-78696cb5-6b03-40d5-954f-92ebcce83a64/full-build.log:1172: trailing whitespace.
+### mwldeppc.exe Linker Warning:
eternal-darkness-decomp/reports/GEDE01/attempt-78696cb5-6b03-40d5-954f-92ebcce83a64/full-build.log:1173: trailing whitespace.
+#   Section '.ignored' is unknown. Section ignored.
eternal-darkness-decomp/reports/GEDE01/attempt-78696cb5-6b03-40d5-954f-92ebcce83a64/full-build.log:1174: trailing whitespace.
+### mwldeppc.exe Linker Warning:
eternal-darkness-decomp/reports/GEDE01/attempt-78696cb5-6b03-40d5-954f-92ebcce83a64/full-build.log:1175: trailing whitespace.
+#   Section '.ignored' is unknown. Section ignored.
eternal-darkness-decomp/reports/GEDE01/attempt-78696cb5-6b03-40d5-954f-92ebcce83a64/full-build.log:1176: trailing whitespace.
+### mwldeppc.exe Linker Warning:
eternal-darkness-decomp/reports/GEDE01/attempt-78696cb5-6b03-40d5-954f-92ebcce83a64/full-build.log:1177: trailing whitespace.
+#   Section '.ignored' is unknown. Section ignored.
eternal-darkness-decomp/reports/GEDE01/attempt-78696cb5-6b03-40d5-954f-92ebcce83a64/full-build.log:1178: trailing whitespace.
+### mwldeppc.exe Linker Warning:
eternal-darkness-decomp/reports/GEDE01/attempt-78696cb5-6b03-40d5-954f-92ebcce83a64/full-build.log:1179: trailing whitespace.
+#   Section '.ignored' is unknown. Section ignored.
eternal-darkness-decomp/reports/GEDE01/attempt-78696cb5-6b03-40d5-954f-92ebcce83a64/full-build.log:1180: trailing whitespace.
+### mwldeppc.exe Linker Warning:
eternal-darkness-decomp/reports/GEDE01/attempt-78696cb5-6b03-40d5-954f-92ebcce83a64/full-build.log:1181: trailing whitespace.
+#   Section '.ignored' is unknown. Section ignored.
eternal-darkness-decomp/reports/GEDE01/attempt-78696cb5-6b03-40d5-954f-92ebcce83a64/full-build.log:1182: trailing whitespace.
+### mwldeppc.exe Linker Warning:
eternal-darkness-decomp/reports/GEDE01/attempt-78696cb5-6b03-40d5-954f-92ebcce83a64/full-build.log:1183: trailing whitespace.
+#   Section '.ignored' is unknown. Section ignored.
eternal-darkness-decomp/reports/GEDE01/attempt-78696cb5-6b03-40d5-954f-92ebcce83a64/full-build.log:1184: trailing whitespace.
+### mwldeppc.exe Linker Warning:
eternal-darkness-decomp/reports/GEDE01/attempt-78696cb5-6b03-40d5-954f-92ebcce83a64/full-build.log:1185: trailing whitespace.
+#   Section '.ignored' is unknown. Section ignored.
eternal-darkness-decomp/reports/GEDE01/attempt-78696cb5-6b03-40d5-954f-92ebcce83a64/full-build.log:1186: trailing whitespace.
+### mwldeppc.exe Linker Warning:
eternal-darkness-decomp/reports/GEDE01/attempt-78696cb5-6b03-40d5-954f-92ebcce83a64/full-build.log:1187: trailing whitespace.
+#   Section '.ignored' is unknown. Section ignored.
eternal-darkness-decomp/reports/GEDE01/attempt-78696cb5-6b03-40d5-954f-92ebcce83a64/full-build.log:1188: trailing whitespace.
+### mwldeppc.exe Linker Warning:
eternal-darkness-decomp/reports/GEDE01/attempt-78696cb5-6b03-40d5-954f-92ebcce83a64/full-build.log:1189: trailing whitespace.
+#   Section '.ignored' is unknown. Section ignored.
eternal-darkness-decomp/reports/GEDE01/attempt-78696cb5-6b03-40d5-954f-92ebcce83a64/full-build.log:1190: trailing whitespace.
+### mwldeppc.exe Linker Warning:
eternal-darkness-decomp/reports/GEDE01/attempt-78696cb5-6b03-40d5-954f-92ebcce83a64/full-build.log:1191: trailing whitespace.
+#   Section '.ignored' is unknown. Section ignored.
eternal-darkness-decomp/reports/GEDE01/attempt-78696cb5-6b03-40d5-954f-92ebcce83a64/full-build.log:1192: trailing whitespace.
+### mwldeppc.exe Linker Warning:
eternal-darkness-decomp/reports/GEDE01/attempt-78696cb5-6b03-40d5-954f-92ebcce83a64/full-build.log:1193: trailing whitespace.
+#   Section '.ignored' is unknown. Section ignored.
eternal-darkness-decomp/reports/GEDE01/attempt-78696cb5-6b03-40d5-954f-92ebcce83a64/full-build.log:1194: trailing whitespace.
+### mwldeppc.exe Linker Warning:
eternal-darkness-decomp/reports/GEDE01/attempt-78696cb5-6b03-40d5-954f-92ebcce83a64/full-build.log:1195: trailing whitespace.
+#   Section '.ignored' is unknown. Section ignored.
eternal-darkness-decomp/reports/GEDE01/attempt-78696cb5-6b03-40d5-954f-92ebcce83a64/full-build.log:1196: trailing whitespace.
+### mwldeppc.exe Linker Warning:
eternal-darkness-decomp/reports/GEDE01/attempt-78696cb5-6b03-40d5-954f-92ebcce83a64/full-build.log:1197: trailing whitespace.
+#   Section '.ignored' is unknown. Section ignored.
eternal-darkness-decomp/reports/GEDE01/attempt-78696cb5-6b03-40d5-954f-92ebcce83a64/full-build.log:1198: trailing whitespace.
+### mwldeppc.exe Linker Warning:
eternal-darkness-decomp/reports/GEDE01/attempt-78696cb5-6b03-40d5-954f-92ebcce83a64/full-build.log:1199: trailing whitespace.
+#   Section '.ignored' is unknown. Section ignored.
eternal-darkness-decomp/reports/GEDE01/attempt-78696cb5-6b03-40d5-954f-92ebcce83a64/full-build.log:1200: trailing whitespace.
+### mwldeppc.exe Linker Warning:
eternal-darkness-decomp/reports/GEDE01/attempt-78696cb5-6b03-40d5-954f-92ebcce83a64/full-build.log:1201: trailing whitespace.
+#   Section '.ignored' is unknown. Section ignored.
eternal-darkness-decomp/reports/GEDE01/attempt-78696cb5-6b03-40d5-954f-92ebcce83a64/full-build.log:1202: trailing whitespace.
+### mwldeppc.exe Linker Warning:
eternal-darkness-decomp/reports/GEDE01/attempt-78696cb5-6b03-40d5-954f-92ebcce83a64/full-build.log:1203: trailing whitespace.
+#   Section '.ignored' is unknown. Section ignored.
eternal-darkness-decomp/reports/GEDE01/attempt-78696cb5-6b03-40d5-954f-92ebcce83a64/full-build.log:1204: trailing whitespace.
+### mwldeppc.exe Linker Warning:
eternal-darkness-decomp/reports/GEDE01/attempt-78696cb5-6b03-40d5-954f-92ebcce83a64/full-build.log:1205: trailing whitespace.
+#   Section '.ignored' is unknown. Section ignored.
eternal-darkness-decomp/reports/GEDE01/attempt-78696cb5-6b03-40d5-954f-92ebcce83a64/full-build.log:1206: trailing whitespace.
+### mwldeppc.exe Linker Warning:
eternal-darkness-decomp/reports/GEDE01/attempt-78696cb5-6b03-40d5-954f-92ebcce83a64/full-build.log:1207: trailing whitespace.
+#   Section '.ignored' is unknown. Section ignored.
eternal-darkness-decomp/reports/GEDE01/attempt-78696cb5-6b03-40d5-954f-92ebcce83a64/full-build.log:1208: trailing whitespace.
+### mwldeppc.exe Linker Warning:
eternal-darkness-decomp/reports/GEDE01/attempt-78696cb5-6b03-40d5-954f-92ebcce83a64/full-build.log:1209: trailing whitespace.
+#   Section '.ignored' is unknown. Section ignored.
eternal-darkness-decomp/reports/GEDE01/attempt-78696cb5-6b03-40d5-954f-92ebcce83a64/full-build.log:1210: trailing whitespace.
+### mwldeppc.exe Linker Warning:
eternal-darkness-decomp/reports/GEDE01/attempt-78696cb5-6b03-40d5-954f-92ebcce83a64/full-build.log:1211: trailing whitespace.
+#   Section '.ignored' is unknown. Section ignored.
eternal-darkness-decomp/reports/GEDE01/attempt-78696cb5-6b03-40d5-954f-92ebcce83a64/full-build.log:1212: trailing whitespace.
+### mwldeppc.exe Linker Warning:
eternal-darkness-decomp/reports/GEDE01/attempt-78696cb5-6b03-40d5-954f-92ebcce83a64/full-build.log:1213: trailing whitespace.
+#   Section '.ignored' is unknown. Section ignored.
eternal-darkness-decomp/reports/GEDE01/attempt-78696cb5-6b03-40d5-954f-92ebcce83a64/full-build.log:1214: trailing whitespace.
+### mwldeppc.exe Linker Warning:
eternal-darkness-decomp/reports/GEDE01/attempt-78696cb5-6b03-40d5-954f-92ebcce83a64/full-build.log:1215: trailing whitespace.
+#   Section '.ignored' is unknown. Section ignored.
eternal-darkness-decomp/reports/GEDE01/attempt-78696cb5-6b03-40d5-954f-92ebcce83a64/full-build.log:1216: trailing whitespace.
+### mwldeppc.exe Linker Warning:
eternal-darkness-decomp/reports/GEDE01/attempt-78696cb5-6b03-40d5-954f-92ebcce83a64/full-build.log:1217: trailing whitespace.
+#   Section '.ignored' is unknown. Section ignored.
eternal-darkness-decomp/reports/GEDE01/attempt-78696cb5-6b03-40d5-954f-92ebcce83a64/full-build.log:1218: trailing whitespace.
+### mwldeppc.exe Linker Warning:
eternal-darkness-decomp/reports/GEDE01/attempt-78696cb5-6b03-40d5-954f-92ebcce83a64/full-build.log:1219: trailing whitespace.
+#   Section '.ignored' is unknown. Section ignored.
eternal-darkness-decomp/reports/GEDE01/attempt-78696cb5-6b03-40d5-954f-92ebcce83a64/full-build.log:1220: trailing whitespace.
+### mwldeppc.exe Linker Warning:
eternal-darkness-decomp/reports/GEDE01/attempt-78696cb5-6b03-40d5-954f-92ebcce83a64/full-build.log:1221: trailing whitespace.
+#   Section '.ignored' is unknown. Section ignored.
eternal-darkness-decomp/reports/GEDE01/attempt-78696cb5-6b03-40d5-954f-92ebcce83a64/full-build.log:1222: trailing whitespace.
+### mwldeppc.exe Linker Warning:
eternal-darkness-decomp/reports/GEDE01/attempt-78696cb5-6b03-40d5-954f-92ebcce83a64/full-build.log:1223: trailing whitespace.
+#   Section '.ignored' is unknown. Section ignored.
eternal-darkness-decomp/reports/GEDE01/attempt-78696cb5-6b03-40d5-954f-92ebcce83a64/full-build.log:1224: trailing whitespace.
+### mwldeppc.exe Linker Warning:
eternal-darkness-decomp/reports/GEDE01/attempt-78696cb5-6b03-40d5-954f-92ebcce83a64/full-build.log:1225: trailing whitespace.
+#   Section '.ignored' is unknown. Section ignored.
eternal-darkness-decomp/reports/GEDE01/attempt-78696cb5-6b03-40d5-954f-92ebcce83a64/full-build.log:1226: trailing whitespace.
+### mwldeppc.exe Linker Warning:
eternal-darkness-decomp/reports/GEDE01/attempt-78696cb5-6b03-40d5-954f-92ebcce83a64/full-build.log:1227: trailing whitespace.
+#   Section '.ignored' is unknown. Section ignored.
eternal-darkness-decomp/reports/GEDE01/attempt-78696cb5-6b03-40d5-954f-92ebcce83a64/full-build.log:1228: trailing whitespace.
+### mwldeppc.exe Linker Warning:
eternal-darkness-decomp/reports/GEDE01/attempt-78696cb5-6b03-40d5-954f-92ebcce83a64/full-build.log:1229: trailing whitespace.
+#   Section '.ignored' is unknown. Section ignored.
eternal-darkness-decomp/reports/GEDE01/attempt-78696cb5-6b03-40d5-954f-92ebcce83a64/full-build.log:1230: trailing whitespace.
+### mwldeppc.exe Linker Warning:
eternal-darkness-decomp/reports/GEDE01/attempt-78696cb5-6b03-40d5-954f-92ebcce83a64/full-build.log:1231: trailing whitespace.
+#   Section '.ignored' is unknown. Section ignored.
eternal-darkness-decomp/reports/GEDE01/attempt-78696cb5-6b03-40d5-954f-92ebcce83a64/full-build.log:1232: trailing whitespace.
+### mwldeppc.exe Linker Warning:
eternal-darkness-decomp/reports/GEDE01/attempt-78696cb5-6b03-40d5-954f-92ebcce83a64/full-build.log:1233: trailing whitespace.
+#   Section '.ignored' is unknown. Section ignored.
eternal-darkness-decomp/reports/GEDE01/attempt-78696cb5-6b03-40d5-954f-92ebcce83a64/full-build.log:1234: trailing whitespace.
+### mwldeppc.exe Linker Warning:
eternal-darkness-decomp/reports/GEDE01/attempt-78696cb5-6b03-40d5-954f-92ebcce83a64/full-build.log:1235: trailing whitespace.
+#   Section '.ignored' is unknown. Section ignored.
eternal-darkness-decomp/reports/GEDE01/attempt-78696cb5-6b03-40d5-954f-92ebcce83a64/full-build.log:1236: trailing whitespace.
+### mwldeppc.exe Linker Warning:
eternal-darkness-decomp/reports/GEDE01/attempt-78696cb5-6b03-40d5-954f-92ebcce83a64/full-build.log:1237: trailing whitespace.
+#   Section '.ignored' is unknown. Section ignored.
eternal-darkness-decomp/reports/GEDE01/attempt-78696cb5-6b03-40d5-954f-92ebcce83a64/full-build.log:1238: trailing whitespace.
+### mwldeppc.exe Linker Warning:
eternal-darkness-decomp/reports/GEDE01/attempt-78696cb5-6b03-40d5-954f-92ebcce83a64/full-build.log:1239: trailing whitespace.
+#   Section '.ignored' is unknown. Section ignored.
eternal-darkness-decomp/reports/GEDE01/attempt-78696cb5-6b03-40d5-954f-92ebcce83a64/full-build.log:1240: trailing whitespace.
+### mwldeppc.exe Linker Warning:
eternal-darkness-decomp/reports/GEDE01/attempt-78696cb5-6b03-40d5-954f-92ebcce83a64/full-build.log:1241: trailing whitespace.
+#   Section '.ignored' is unknown. Section ignored.
eternal-darkness-decomp/reports/GEDE01/attempt-78696cb5-6b03-40d5-954f-92ebcce83a64/full-build.log:1242: trailing whitespace.
+### mwldeppc.exe Linker Warning:
eternal-darkness-decomp/reports/GEDE01/attempt-78696cb5-6b03-40d5-954f-92ebcce83a64/full-build.log:1243: trailing whitespace.
+#   Section '.ignored' is unknown. Section ignored.
eternal-darkness-decomp/reports/GEDE01/attempt-78696cb5-6b03-40d5-954f-92ebcce83a64/full-build.log:1244: trailing whitespace.
+### mwldeppc.exe Linker Warning:
eternal-darkness-decomp/reports/GEDE01/attempt-78696cb5-6b03-40d5-954f-92ebcce83a64/full-build.log:1245: trailing whitespace.
+#   Section '.ignored' is unknown. Section ignored.
eternal-darkness-decomp/reports/GEDE01/attempt-78696cb5-6b03-40d5-954f-92ebcce83a64/full-build.log:1246: trailing whitespace.
+### mwldeppc.exe Linker Warning:
eternal-darkness-decomp/reports/GEDE01/attempt-78696cb5-6b03-40d5-954f-92ebcce83a64/full-build.log:1247: trailing whitespace.
+#   Section '.ignored' is unknown. Section ignored.
eternal-darkness-decomp/reports/GEDE01/attempt-78696cb5-6b03-40d5-954f-92ebcce83a64/full-build.log:1248: trailing whitespace.
+### mwldeppc.exe Linker Warning:
eternal-darkness-decomp/reports/GEDE01/attempt-78696cb5-6b03-40d5-954f-92ebcce83a64/full-build.log:1249: trailing whitespace.
+#   Section '.ignored' is unknown. Section ignored.
eternal-darkness-decomp/reports/GEDE01/attempt-78696cb5-6b03-40d5-954f-92ebcce83a64/full-build.log:1250: trailing whitespace.
+### mwldeppc.exe Linker Warning:
eternal-darkness-decomp/reports/GEDE01/attempt-78696cb5-6b03-40d5-954f-92ebcce83a64/full-build.log:1251: trailing whitespace.
+#   Section '.ignored' is unknown. Section ignored.
eternal-darkness-decomp/reports/GEDE01/attempt-78696cb5-6b03-40d5-954f-92ebcce83a64/full-build.log:1252: trailing whitespace.
+### mwldeppc.exe Linker Warning:
eternal-darkness-decomp/reports/GEDE01/attempt-78696cb5-6b03-40d5-954f-92ebcce83a64/full-build.log:1253: trailing whitespace.
+#   Section '.ignored' is unknown. Section ignored.
eternal-darkness-decomp/reports/GEDE01/attempt-78696cb5-6b03-40d5-954f-92ebcce83a64/full-build.log:1254: trailing whitespace.
+### mwldeppc.exe Linker Warning:
eternal-darkness-decomp/reports/GEDE01/attempt-78696cb5-6b03-40d5-954f-92ebcce83a64/full-build.log:1255: trailing whitespace.
+#   Section '.ignored' is unknown. Section ignored.
eternal-darkness-decomp/reports/GEDE01/attempt-78696cb5-6b03-40d5-954f-92ebcce83a64/full-build.log:1256: trailing whitespace.
+### mwldeppc.exe Linker Warning:
eternal-darkness-decomp/reports/GEDE01/attempt-78696cb5-6b03-40d5-954f-92ebcce83a64/full-build.log:1257: trailing whitespace.
+#   Section '.ignored' is unknown. Section ignored.
eternal-darkness-decomp/reports/GEDE01/attempt-78696cb5-6b03-40d5-954f-92ebcce83a64/full-build.log:1258: trailing whitespace.
+### mwldeppc.exe Linker Warning:
eternal-darkness-decomp/reports/GEDE01/attempt-78696cb5-6b03-40d5-954f-92ebcce83a64/full-build.log:1259: trailing whitespace.
+#   Section '.ignored' is unknown. Section ignored.
eternal-darkness-decomp/reports/GEDE01/attempt-78696cb5-6b03-40d5-954f-92ebcce83a64/full-build.log:1260: trailing whitespace.
+### mwldeppc.exe Linker Warning:
eternal-darkness-decomp/reports/GEDE01/attempt-78696cb5-6b03-40d5-954f-92ebcce83a64/full-build.log:1261: trailing whitespace.
+#   Section '.ignored' is unknown. Section ignored.
eternal-darkness-decomp/reports/GEDE01/attempt-78696cb5-6b03-40d5-954f-92ebcce83a64/full-build.log:1262: trailing whitespace.
+### mwldeppc.exe Linker Warning:
eternal-darkness-decomp/reports/GEDE01/attempt-78696cb5-6b03-40d5-954f-92ebcce83a64/full-build.log:1263: trailing whitespace.
+#   Section '.ignored' is unknown. Section ignored.
eternal-darkness-decomp/reports/GEDE01/attempt-78696cb5-6b03-40d5-954f-92ebcce83a64/full-build.log:1264: trailing whitespace.
+### mwldeppc.exe Linker Warning:
eternal-darkness-decomp/reports/GEDE01/attempt-78696cb5-6b03-40d5-954f-92ebcce83a64/full-build.log:1265: trailing whitespace.
+#   Section '.ignored' is unknown. Section ignored.
eternal-darkness-decomp/reports/GEDE01/attempt-78696cb5-6b03-40d5-954f-92ebcce83a64/full-build.log:1266: trailing whitespace.
+### mwldeppc.exe Linker Warning:
eternal-darkness-decomp/reports/GEDE01/attempt-78696cb5-6b03-40d5-954f-92ebcce83a64/full-build.log:1267: trailing whitespace.
+#   Section '.ignored' is unknown. Section ignored.
eternal-darkness-decomp/reports/GEDE01/attempt-78696cb5-6b03-40d5-954f-92ebcce83a64/full-build.log:1268: trailing whitespace.
+### mwldeppc.exe Linker Warning:
eternal-darkness-decomp/reports/GEDE01/attempt-78696cb5-6b03-40d5-954f-92ebcce83a64/full-build.log:1269: trailing whitespace.
+#   Section '.ignored' is unknown. Section ignored.
eternal-darkness-decomp/reports/GEDE01/attempt-78696cb5-6b03-40d5-954f-92ebcce83a64/full-build.log:1270: trailing whitespace.
+### mwldeppc.exe Linker Warning:
eternal-darkness-decomp/reports/GEDE01/attempt-78696cb5-6b03-40d5-954f-92ebcce83a64/full-build.log:1271: trailing whitespace.
+#   Section '.ignored' is unknown. Section ignored.
eternal-darkness-decomp/reports/GEDE01/attempt-78696cb5-6b03-40d5-954f-92ebcce83a64/full-build.log:1272: trailing whitespace.
+### mwldeppc.exe Linker Warning:
eternal-darkness-decomp/reports/GEDE01/attempt-78696cb5-6b03-40d5-954f-92ebcce83a64/full-build.log:1273: trailing whitespace.
+#   Section '.ignored' is unknown. Section ignored.
eternal-darkness-decomp/reports/GEDE01/attempt-78696cb5-6b03-40d5-954f-92ebcce83a64/full-build.log:1274: trailing whitespace.
+### mwldeppc.exe Linker Warning:
eternal-darkness-decomp/reports/GEDE01/attempt-78696cb5-6b03-40d5-954f-92ebcce83a64/full-build.log:1275: trailing whitespace.
+#   Section '.ignored' is unknown. Section ignored.
eternal-darkness-decomp/reports/GEDE01/attempt-78696cb5-6b03-40d5-954f-92ebcce83a64/full-build.log:1276: trailing whitespace.
+### mwldeppc.exe Linker Warning:
eternal-darkness-decomp/reports/GEDE01/attempt-78696cb5-6b03-40d5-954f-92ebcce83a64/full-build.log:1277: trailing whitespace.
+#   Section '.ignored' is unknown. Section ignored.
eternal-darkness-decomp/reports/GEDE01/attempt-78696cb5-6b03-40d5-954f-92ebcce83a64/full-build.log:1278: trailing whitespace.
+### mwldeppc.exe Linker Warning:
eternal-darkness-decomp/reports/GEDE01/attempt-78696cb5-6b03-40d5-954f-92ebcce83a64/full-build.log:1279: trailing whitespace.
+#   Section '.ignored' is unknown. Section ignored.
eternal-darkness-decomp/reports/GEDE01/attempt-78696cb5-6b03-40d5-954f-92ebcce83a64/full-build.log:1280: trailing whitespace.
+### mwldeppc.exe Linker Warning:
eternal-darkness-decomp/reports/GEDE01/attempt-78696cb5-6b03-40d5-954f-92ebcce83a64/full-build.log:1281: trailing whitespace.
+#   Section '.ignored' is unknown. Section ignored.
eternal-darkness-decomp/reports/GEDE01/attempt-78696cb5-6b03-40d5-954f-92ebcce83a64/full-build.log:1282: trailing whitespace.
+### mwldeppc.exe Linker Warning:
eternal-darkness-decomp/reports/GEDE01/attempt-78696cb5-6b03-40d5-954f-92ebcce83a64/full-build.log:1283: trailing whitespace.
+#   Section '.ignored' is unknown. Section ignored.
eternal-darkness-decomp/reports/GEDE01/attempt-78696cb5-6b03-40d5-954f-92ebcce83a64/full-build.log:1284: trailing whitespace.
+### mwldeppc.exe Linker Warning:
eternal-darkness-decomp/reports/GEDE01/attempt-78696cb5-6b03-40d5-954f-92ebcce83a64/full-build.log:1285: trailing whitespace.
+#   Section '.ignored' is unknown. Section ignored.
eternal-darkness-decomp/reports/GEDE01/attempt-78696cb5-6b03-40d5-954f-92ebcce83a64/full-build.log:1286: trailing whitespace.
+### mwldeppc.exe Linker Warning:
eternal-darkness-decomp/reports/GEDE01/attempt-78696cb5-6b03-40d5-954f-92ebcce83a64/full-build.log:1287: trailing whitespace.
+#   Section '.ignored' is unknown. Section ignored.
eternal-darkness-decomp/reports/GEDE01/attempt-78696cb5-6b03-40d5-954f-92ebcce83a64/full-build.log:1288: trailing whitespace.
+### mwldeppc.exe Linker Warning:
eternal-darkness-decomp/reports/GEDE01/attempt-78696cb5-6b03-40d5-954f-92ebcce83a64/full-build.log:1289: trailing whitespace.
+#   Section '.ignored' is unknown. Section ignored.
eternal-darkness-decomp/reports/GEDE01/attempt-78696cb5-6b03-40d5-954f-92ebcce83a64/full-build.log:1290: trailing whitespace.
+### mwldeppc.exe Linker Warning:
eternal-darkness-decomp/reports/GEDE01/attempt-78696cb5-6b03-40d5-954f-92ebcce83a64/full-build.log:1291: trailing whitespace.
+#   Section '.ignored' is unknown. Section ignored.
eternal-darkness-decomp/reports/GEDE01/attempt-78696cb5-6b03-40d5-954f-92ebcce83a64/full-build.log:1292: trailing whitespace.
+### mwldeppc.exe Linker Warning:
eternal-darkness-decomp/reports/GEDE01/attempt-78696cb5-6b03-40d5-954f-92ebcce83a64/full-build.log:1293: trailing whitespace.
+#   Section '.ignored' is unknown. Section ignored.
eternal-darkness-decomp/reports/GEDE01/attempt-78696cb5-6b03-40d5-954f-92ebcce83a64/full-build.log:1294: trailing whitespace.
+### mwldeppc.exe Linker Warning:
eternal-darkness-decomp/reports/GEDE01/attempt-78696cb5-6b03-40d5-954f-92ebcce83a64/full-build.log:1295: trailing whitespace.
+#   Section '.ignored' is unknown. Section ignored.
eternal-darkness-decomp/reports/GEDE01/attempt-78696cb5-6b03-40d5-954f-92ebcce83a64/full-build.log:1296: trailing whitespace.
+### mwldeppc.exe Linker Warning:
eternal-darkness-decomp/reports/GEDE01/attempt-78696cb5-6b03-40d5-954f-92ebcce83a64/full-build.log:1297: trailing whitespace.
+#   Section '.ignored' is unknown. Section ignored.
eternal-darkness-decomp/reports/GEDE01/attempt-78696cb5-6b03-40d5-954f-92ebcce83a64/full-build.log:1298: trailing whitespace.
+### mwldeppc.exe Linker Warning:
eternal-darkness-decomp/reports/GEDE01/attempt-78696cb5-6b03-40d5-954f-92ebcce83a64/full-build.log:1299: trailing whitespace.
+#   Section '.ignored' is unknown. Section ignored.
eternal-darkness-decomp/reports/GEDE01/attempt-78696cb5-6b03-40d5-954f-92ebcce83a64/full-build.log:1300: trailing whitespace.
+### mwldeppc.exe Linker Warning:
eternal-darkness-decomp/reports/GEDE01/attempt-78696cb5-6b03-40d5-954f-92ebcce83a64/full-build.log:1301: trailing whitespace.
+#   Section '.ignored' is unknown. Section ignored.
eternal-darkness-decomp/reports/GEDE01/attempt-78696cb5-6b03-40d5-954f-92ebcce83a64/full-build.log:1302: trailing whitespace.
+### mwldeppc.exe Linker Warning:
eternal-darkness-decomp/reports/GEDE01/attempt-78696cb5-6b03-40d5-954f-92ebcce83a64/full-build.log:1303: trailing whitespace.
+#   Section '.ignored' is unknown. Section ignored.
eternal-darkness-decomp/reports/GEDE01/attempt-78696cb5-6b03-40d5-954f-92ebcce83a64/full-build.log:1304: trailing whitespace.
+### mwldeppc.exe Linker Warning:
eternal-darkness-decomp/reports/GEDE01/attempt-78696cb5-6b03-40d5-954f-92ebcce83a64/full-build.log:1305: trailing whitespace.
+#   Section '.ignored' is unknown. Section ignored.
eternal-darkness-decomp/reports/GEDE01/attempt-78696cb5-6b03-40d5-954f-92ebcce83a64/full-build.log:1306: trailing whitespace.
+### mwldeppc.exe Linker Warning:
eternal-darkness-decomp/reports/GEDE01/attempt-78696cb5-6b03-40d5-954f-92ebcce83a64/full-build.log:1307: trailing whitespace.
+#   Section '.ignored' is unknown. Section ignored.
eternal-darkness-decomp/reports/GEDE01/attempt-78696cb5-6b03-40d5-954f-92ebcce83a64/full-build.log:1308: trailing whitespace.
+### mwldeppc.exe Linker Warning:
eternal-darkness-decomp/reports/GEDE01/attempt-78696cb5-6b03-40d5-954f-92ebcce83a64/full-build.log:1309: trailing whitespace.
+#   Section '.ignored' is unknown. Section ignored.
eternal-darkness-decomp/reports/GEDE01/attempt-78696cb5-6b03-40d5-954f-92ebcce83a64/full-build.log:1310: trailing whitespace.
+### mwldeppc.exe Linker Warning:
eternal-darkness-decomp/reports/GEDE01/attempt-78696cb5-6b03-40d5-954f-92ebcce83a64/full-build.log:1311: trailing whitespace.
+#   Section '.ignored' is unknown. Section ignored.
eternal-darkness-decomp/reports/GEDE01/attempt-78696cb5-6b03-40d5-954f-92ebcce83a64/full-build.log:1312: trailing whitespace.
+### mwldeppc.exe Linker Warning:
eternal-darkness-decomp/reports/GEDE01/attempt-78696cb5-6b03-40d5-954f-92ebcce83a64/full-build.log:1313: trailing whitespace.
+#   Section '.ignored' is unknown. Section ignored.
eternal-darkness-decomp/reports/GEDE01/attempt-78696cb5-6b03-40d5-954f-92ebcce83a64/full-build.log:1314: trailing whitespace.
+### mwldeppc.exe Linker Warning:
eternal-darkness-decomp/reports/GEDE01/attempt-78696cb5-6b03-40d5-954f-92ebcce83a64/full-build.log:1315: trailing whitespace.
+#   Section '.ignored' is unknown. Section ignored.
eternal-darkness-decomp/reports/GEDE01/attempt-78696cb5-6b03-40d5-954f-92ebcce83a64/full-build.log:1316: trailing whitespace.
+### mwldeppc.exe Linker Warning:
eternal-darkness-decomp/reports/GEDE01/attempt-78696cb5-6b03-40d5-954f-92ebcce83a64/full-build.log:1317: trailing whitespace.
+#   Section '.ignored' is unknown. Section ignored.
eternal-darkness-decomp/reports/GEDE01/attempt-78696cb5-6b03-40d5-954f-92ebcce83a64/full-build.log:1318: trailing whitespace.
+### mwldeppc.exe Linker Warning:
eternal-darkness-decomp/reports/GEDE01/attempt-78696cb5-6b03-40d5-954f-92ebcce83a64/full-build.log:1319: trailing whitespace.
+#   Section '.ignored' is unknown. Section ignored.
eternal-darkness-decomp/reports/GEDE01/attempt-78696cb5-6b03-40d5-954f-92ebcce83a64/full-build.log:1320: trailing whitespace.
+### mwldeppc.exe Linker Warning:
eternal-darkness-decomp/reports/GEDE01/attempt-78696cb5-6b03-40d5-954f-92ebcce83a64/full-build.log:1321: trailing whitespace.
+#   Section '.ignored' is unknown. Section ignored.
eternal-darkness-decomp/reports/GEDE01/attempt-78696cb5-6b03-40d5-954f-92ebcce83a64/full-build.log:1322: trailing whitespace.
+### mwldeppc.exe Linker Warning:
eternal-darkness-decomp/reports/GEDE01/attempt-78696cb5-6b03-40d5-954f-92ebcce83a64/full-build.log:1323: trailing whitespace.
+#   Section '.ignored' is unknown. Section ignored.
eternal-darkness-decomp/reports/GEDE01/attempt-78696cb5-6b03-40d5-954f-92ebcce83a64/full-build.log:1324: trailing whitespace.
+### mwldeppc.exe Linker Warning:
eternal-darkness-decomp/reports/GEDE01/attempt-78696cb5-6b03-40d5-954f-92ebcce83a64/full-build.log:1325: trailing whitespace.
+#   Section '.ignored' is unknown. Section ignored.
eternal-darkness-decomp/reports/GEDE01/attempt-78696cb5-6b03-40d5-954f-92ebcce83a64/full-build.log:1326: trailing whitespace.
+### mwldeppc.exe Linker Warning:
eternal-darkness-decomp/reports/GEDE01/attempt-78696cb5-6b03-40d5-954f-92ebcce83a64/full-build.log:1327: trailing whitespace.
+#   Section '.ignored' is unknown. Section ignored.
eternal-darkness-decomp/reports/GEDE01/attempt-78696cb5-6b03-40d5-954f-92ebcce83a64/full-build.log:1328: trailing whitespace.
+### mwldeppc.exe Linker Warning:
eternal-darkness-decomp/reports/GEDE01/attempt-78696cb5-6b03-40d5-954f-92ebcce83a64/full-build.log:1329: trailing whitespace.
+#   Section '.ignored' is unknown. Section ignored.
eternal-darkness-decomp/reports/GEDE01/attempt-78696cb5-6b03-40d5-954f-92ebcce83a64/full-build.log:1330: trailing whitespace.
+### mwldeppc.exe Linker Warning:
eternal-darkness-decomp/reports/GEDE01/attempt-78696cb5-6b03-40d5-954f-92ebcce83a64/full-build.log:1331: trailing whitespace.
+#   Section '.ignored' is unknown. Section ignored.
eternal-darkness-decomp/reports/GEDE01/attempt-78696cb5-6b03-40d5-954f-92ebcce83a64/full-build.log:1332: trailing whitespace.
+### mwldeppc.exe Linker Warning:
eternal-darkness-decomp/reports/GEDE01/attempt-78696cb5-6b03-40d5-954f-92ebcce83a64/full-build.log:1333: trailing whitespace.
+#   Section '.ignored' is unknown. Section ignored.
eternal-darkness-decomp/reports/GEDE01/attempt-78696cb5-6b03-40d5-954f-92ebcce83a64/full-build.log:1334: trailing whitespace.
+### mwldeppc.exe Linker Warning:
eternal-darkness-decomp/reports/GEDE01/attempt-78696cb5-6b03-40d5-954f-92ebcce83a64/full-build.log:1335: trailing whitespace.
+#   Section '.ignored' is unknown. Section ignored.
eternal-darkness-decomp/reports/GEDE01/attempt-78696cb5-6b03-40d5-954f-92ebcce83a64/full-build.log:1336: trailing whitespace.
+### mwldeppc.exe Linker Warning:
eternal-darkness-decomp/reports/GEDE01/attempt-78696cb5-6b03-40d5-954f-92ebcce83a64/full-build.log:1337: trailing whitespace.
+#   Section '.ignored' is unknown. Section ignored.
eternal-darkness-decomp/reports/GEDE01/attempt-78696cb5-6b03-40d5-954f-92ebcce83a64/full-build.log:1338: trailing whitespace.
+### mwldeppc.exe Linker Warning:
eternal-darkness-decomp/reports/GEDE01/attempt-78696cb5-6b03-40d5-954f-92ebcce83a64/full-build.log:1339: trailing whitespace.
+#   Section '.ignored' is unknown. Section ignored.
eternal-darkness-decomp/reports/GEDE01/attempt-78696cb5-6b03-40d5-954f-92ebcce83a64/full-build.log:1340: trailing whitespace.
+### mwldeppc.exe Linker Warning:
eternal-darkness-decomp/reports/GEDE01/attempt-78696cb5-6b03-40d5-954f-92ebcce83a64/full-build.log:1341: trailing whitespace.
+#   Section '.ignored' is unknown. Section ignored.
eternal-darkness-decomp/reports/GEDE01/attempt-78696cb5-6b03-40d5-954f-92ebcce83a64/full-build.log:1342: trailing whitespace.
+### mwldeppc.exe Linker Warning:
eternal-darkness-decomp/reports/GEDE01/attempt-78696cb5-6b03-40d5-954f-92ebcce83a64/full-build.log:1343: trailing whitespace.
+#   Section '.ignored' is unknown. Section ignored.
eternal-darkness-decomp/reports/GEDE01/attempt-78696cb5-6b03-40d5-954f-92ebcce83a64/full-build.log:1344: trailing whitespace.
+### mwldeppc.exe Linker Warning:
eternal-darkness-decomp/reports/GEDE01/attempt-78696cb5-6b03-40d5-954f-92ebcce83a64/full-build.log:1345: trailing whitespace.
+#   Section '.ignored' is unknown. Section ignored.
eternal-darkness-decomp/reports/GEDE01/attempt-78696cb5-6b03-40d5-954f-92ebcce83a64/full-build.log:1346: trailing whitespace.
+### mwldeppc.exe Linker Warning:
eternal-darkness-decomp/reports/GEDE01/attempt-78696cb5-6b03-40d5-954f-92ebcce83a64/full-build.log:1347: trailing whitespace.
+#   Section '.ignored' is unknown. Section ignored.
eternal-darkness-decomp/reports/GEDE01/attempt-78696cb5-6b03-40d5-954f-92ebcce83a64/full-build.log:1348: trailing whitespace.
+### mwldeppc.exe Linker Warning:
eternal-darkness-decomp/reports/GEDE01/attempt-78696cb5-6b03-40d5-954f-92ebcce83a64/full-build.log:1349: trailing whitespace.
+#   Section '.ignored' is unknown. Section ignored.
eternal-darkness-decomp/reports/GEDE01/attempt-78696cb5-6b03-40d5-954f-92ebcce83a64/full-build.log:1350: trailing whitespace.
+### mwldeppc.exe Linker Warning:
eternal-darkness-decomp/reports/GEDE01/attempt-78696cb5-6b03-40d5-954f-92ebcce83a64/full-build.log:1351: trailing whitespace.
+#   Section '.ignored' is unknown. Section ignored.
eternal-darkness-decomp/reports/GEDE01/attempt-78696cb5-6b03-40d5-954f-92ebcce83a64/full-build.log:1352: trailing whitespace.
+### mwldeppc.exe Linker Warning:
eternal-darkness-decomp/reports/GEDE01/attempt-78696cb5-6b03-40d5-954f-92ebcce83a64/full-build.log:1353: trailing whitespace.
+#   Section '.ignored' is unknown. Section ignored.
eternal-darkness-decomp/reports/GEDE01/attempt-78696cb5-6b03-40d5-954f-92ebcce83a64/full-build.log:1354: trailing whitespace.
+### mwldeppc.exe Linker Warning:
eternal-darkness-decomp/reports/GEDE01/attempt-78696cb5-6b03-40d5-954f-92ebcce83a64/full-build.log:1355: trailing whitespace.
+#   Section '.ignored' is unknown. Section ignored.
eternal-darkness-decomp/reports/GEDE01/attempt-78696cb5-6b03-40d5-954f-92ebcce83a64/full-build.log:1356: trailing whitespace.
+### mwldeppc.exe Linker Warning:
eternal-darkness-decomp/reports/GEDE01/attempt-78696cb5-6b03-40d5-954f-92ebcce83a64/full-build.log:1357: trailing whitespace.
+#   Section '.ignored' is unknown. Section ignored.
eternal-darkness-decomp/reports/GEDE01/attempt-78696cb5-6b03-40d5-954f-92ebcce83a64/full-build.log:1358: trailing whitespace.
+### mwldeppc.exe Linker Warning:
eternal-darkness-decomp/reports/GEDE01/attempt-78696cb5-6b03-40d5-954f-92ebcce83a64/full-build.log:1359: trailing whitespace.
+#   Section '.ignored' is unknown. Section ignored.
eternal-darkness-decomp/reports/GEDE01/attempt-78696cb5-6b03-40d5-954f-92ebcce83a64/full-build.log:1360: trailing whitespace.
+### mwldeppc.exe Linker Warning:
eternal-darkness-decomp/reports/GEDE01/attempt-78696cb5-6b03-40d5-954f-92ebcce83a64/full-build.log:1361: trailing whitespace.
+#   Section '.ignored' is unknown. Section ignored.
eternal-darkness-decomp/reports/GEDE01/attempt-78696cb5-6b03-40d5-954f-92ebcce83a64/full-build.log:1362: trailing whitespace.
+### mwldeppc.exe Linker Warning:
eternal-darkness-decomp/reports/GEDE01/attempt-78696cb5-6b03-40d5-954f-92ebcce83a64/full-build.log:1363: trailing whitespace.
+#   Section '.ignored' is unknown. Section ignored.
eternal-darkness-decomp/reports/GEDE01/attempt-78696cb5-6b03-40d5-954f-92ebcce83a64/full-build.log:1364: trailing whitespace.
+### mwldeppc.exe Linker Warning:
eternal-darkness-decomp/reports/GEDE01/attempt-78696cb5-6b03-40d5-954f-92ebcce83a64/full-build.log:1365: trailing whitespace.
+#   Section '.ignored' is unknown. Section ignored.
eternal-darkness-decomp/reports/GEDE01/attempt-78696cb5-6b03-40d5-954f-92ebcce83a64/full-build.log:1366: trailing whitespace.
+### mwldeppc.exe Linker Warning:
eternal-darkness-decomp/reports/GEDE01/attempt-78696cb5-6b03-40d5-954f-92ebcce83a64/full-build.log:1367: trailing whitespace.
+#   Section '.ignored' is unknown. Section ignored.
eternal-darkness-decomp/reports/GEDE01/attempt-78696cb5-6b03-40d5-954f-92ebcce83a64/full-build.log:1368: trailing whitespace.
+### mwldeppc.exe Linker Warning:
eternal-darkness-decomp/reports/GEDE01/attempt-78696cb5-6b03-40d5-954f-92ebcce83a64/full-build.log:1369: trailing whitespace.
+#   Section '.ignored' is unknown. Section ignored.
eternal-darkness-decomp/reports/GEDE01/attempt-78696cb5-6b03-40d5-954f-92ebcce83a64/full-build.log:1370: trailing whitespace.
+### mwldeppc.exe Linker Warning:
eternal-darkness-decomp/reports/GEDE01/attempt-78696cb5-6b03-40d5-954f-92ebcce83a64/full-build.log:1371: trailing whitespace.
+#   Section '.ignored' is unknown. Section ignored.
eternal-darkness-decomp/reports/GEDE01/attempt-78696cb5-6b03-40d5-954f-92ebcce83a64/full-build.log:1372: trailing whitespace.
+### mwldeppc.exe Linker Warning:
eternal-darkness-decomp/reports/GEDE01/attempt-78696cb5-6b03-40d5-954f-92ebcce83a64/full-build.log:1373: trailing whitespace.
+#   Section '.ignored' is unknown. Section ignored.
eternal-darkness-decomp/reports/GEDE01/attempt-78696cb5-6b03-40d5-954f-92ebcce83a64/full-build.log:1374: trailing whitespace.
+### mwldeppc.exe Linker Warning:
eternal-darkness-decomp/reports/GEDE01/attempt-78696cb5-6b03-40d5-954f-92ebcce83a64/full-build.log:1375: trailing whitespace.
+#   Section '.ignored' is unknown. Section ignored.
eternal-darkness-decomp/reports/GEDE01/attempt-78696cb5-6b03-40d5-954f-92ebcce83a64/full-build.log:1376: trailing whitespace.
+### mwldeppc.exe Linker Warning:
eternal-darkness-decomp/reports/GEDE01/attempt-78696cb5-6b03-40d5-954f-92ebcce83a64/full-build.log:1377: trailing whitespace.
+#   Section '.ignored' is unknown. Section ignored.
eternal-darkness-decomp/reports/GEDE01/attempt-78696cb5-6b03-40d5-954f-92ebcce83a64/full-build.log:1378: trailing whitespace.
+### mwldeppc.exe Linker Warning:
eternal-darkness-decomp/reports/GEDE01/attempt-78696cb5-6b03-40d5-954f-92ebcce83a64/full-build.log:1379: trailing whitespace.
+#   Section '.ignored' is unknown. Section ignored.
eternal-darkness-decomp/reports/GEDE01/attempt-78696cb5-6b03-40d5-954f-92ebcce83a64/full-build.log:1380: trailing whitespace.
+### mwldeppc.exe Linker Warning:
eternal-darkness-decomp/reports/GEDE01/attempt-78696cb5-6b03-40d5-954f-92ebcce83a64/full-build.log:1381: trailing whitespace.
+#   Section '.ignored' is unknown. Section ignored.
eternal-darkness-decomp/reports/GEDE01/attempt-78696cb5-6b03-40d5-954f-92ebcce83a64/full-build.log:1382: trailing whitespace.
+### mwldeppc.exe Linker Warning:
eternal-darkness-decomp/reports/GEDE01/attempt-78696cb5-6b03-40d5-954f-92ebcce83a64/full-build.log:1383: trailing whitespace.
+#   Section '.ignored' is unknown. Section ignored.
eternal-darkness-decomp/reports/GEDE01/attempt-78696cb5-6b03-40d5-954f-92ebcce83a64/full-build.log:1384: trailing whitespace.
+### mwldeppc.exe Linker Warning:
eternal-darkness-decomp/reports/GEDE01/attempt-78696cb5-6b03-40d5-954f-92ebcce83a64/full-build.log:1385: trailing whitespace.
+#   Section '.ignored' is unknown. Section ignored.
eternal-darkness-decomp/reports/GEDE01/attempt-78696cb5-6b03-40d5-954f-92ebcce83a64/full-build.log:1386: trailing whitespace.
+### mwldeppc.exe Linker Warning:
eternal-darkness-decomp/reports/GEDE01/attempt-78696cb5-6b03-40d5-954f-92ebcce83a64/full-build.log:1387: trailing whitespace.
+#   Section '.ignored' is unknown. Section ignored.
eternal-darkness-decomp/reports/GEDE01/attempt-78696cb5-6b03-40d5-954f-92ebcce83a64/full-build.log:1388: trailing whitespace.
+### mwldeppc.exe Linker Warning:
eternal-darkness-decomp/reports/GEDE01/attempt-78696cb5-6b03-40d5-954f-92ebcce83a64/full-build.log:1389: trailing whitespace.
+#   Section '.ignored' is unknown. Section ignored.
eternal-darkness-decomp/reports/GEDE01/attempt-78696cb5-6b03-40d5-954f-92ebcce83a64/full-build.log:1390: trailing whitespace.
+### mwldeppc.exe Linker Warning:
eternal-darkness-decomp/reports/GEDE01/attempt-78696cb5-6b03-40d5-954f-92ebcce83a64/full-build.log:1391: trailing whitespace.
+#   Section '.ignored' is unknown. Section ignored.
eternal-darkness-decomp/reports/GEDE01/attempt-78696cb5-6b03-40d5-954f-92ebcce83a64/full-build.log:1392: trailing whitespace.
+### mwldeppc.exe Linker Warning:
eternal-darkness-decomp/reports/GEDE01/attempt-78696cb5-6b03-40d5-954f-92ebcce83a64/full-build.log:1393: trailing whitespace.
+#   Section '.ignored' is unknown. Section ignored.
eternal-darkness-decomp/reports/GEDE01/attempt-78696cb5-6b03-40d5-954f-92ebcce83a64/full-build.log:1394: trailing whitespace.
+### mwldeppc.exe Linker Warning:
eternal-darkness-decomp/reports/GEDE01/attempt-78696cb5-6b03-40d5-954f-92ebcce83a64/full-build.log:1395: trailing whitespace.
+#   Section '.ignored' is unknown. Section ignored.
eternal-darkness-decomp/reports/GEDE01/attempt-78696cb5-6b03-40d5-954f-92ebcce83a64/full-build.log:1396: trailing whitespace.
+### mwldeppc.exe Linker Warning:
eternal-darkness-decomp/reports/GEDE01/attempt-78696cb5-6b03-40d5-954f-92ebcce83a64/full-build.log:1397: trailing whitespace.
+#   Section '.ignored' is unknown. Section ignored.
eternal-darkness-decomp/reports/GEDE01/attempt-78696cb5-6b03-40d5-954f-92ebcce83a64/full-build.log:1398: trailing whitespace.
+### mwldeppc.exe Linker Warning:
eternal-darkness-decomp/reports/GEDE01/attempt-78696cb5-6b03-40d5-954f-92ebcce83a64/full-build.log:1399: trailing whitespace.
+#   Section '.ignored' is unknown. Section ignored.
eternal-darkness-decomp/reports/GEDE01/attempt-78696cb5-6b03-40d5-954f-92ebcce83a64/full-build.log:1400: trailing whitespace.
+### mwldeppc.exe Linker Warning:
eternal-darkness-decomp/reports/GEDE01/attempt-78696cb5-6b03-40d5-954f-92ebcce83a64/full-build.log:1401: trailing whitespace.
+#   Section '.ignored' is unknown. Section ignored.
eternal-darkness-decomp/reports/GEDE01/attempt-78696cb5-6b03-40d5-954f-92ebcce83a64/full-build.log:1402: trailing whitespace.
+### mwldeppc.exe Linker Warning:
eternal-darkness-decomp/reports/GEDE01/attempt-78696cb5-6b03-40d5-954f-92ebcce83a64/full-build.log:1403: trailing whitespace.
+#   Section '.ignored' is unknown. Section ignored.
eternal-darkness-decomp/reports/GEDE01/attempt-78696cb5-6b03-40d5-954f-92ebcce83a64/full-build.log:1404: trailing whitespace.
+### mwldeppc.exe Linker Warning:
eternal-darkness-decomp/reports/GEDE01/attempt-78696cb5-6b03-40d5-954f-92ebcce83a64/full-build.log:1405: trailing whitespace.
+#   Section '.ignored' is unknown. Section ignored.
eternal-darkness-decomp/reports/GEDE01/attempt-78696cb5-6b03-40d5-954f-92ebcce83a64/full-build.log:1406: trailing whitespace.
+### mwldeppc.exe Linker Warning:
eternal-darkness-decomp/reports/GEDE01/attempt-78696cb5-6b03-40d5-954f-92ebcce83a64/full-build.log:1407: trailing whitespace.
+#   Section '.ignored' is unknown. Section ignored.
eternal-darkness-decomp/reports/GEDE01/attempt-78696cb5-6b03-40d5-954f-92ebcce83a64/full-build.log:1408: trailing whitespace.
+### mwldeppc.exe Linker Warning:
eternal-darkness-decomp/reports/GEDE01/attempt-78696cb5-6b03-40d5-954f-92ebcce83a64/full-build.log:1409: trailing whitespace.
+#   Section '.ignored' is unknown. Section ignored.
eternal-darkness-decomp/reports/GEDE01/attempt-78696cb5-6b03-40d5-954f-92ebcce83a64/full-build.log:1410: trailing whitespace.
+### mwldeppc.exe Linker Warning:
eternal-darkness-decomp/reports/GEDE01/attempt-78696cb5-6b03-40d5-954f-92ebcce83a64/full-build.log:1411: trailing whitespace.
+#   Section '.ignored' is unknown. Section ignored.
eternal-darkness-decomp/reports/GEDE01/attempt-78696cb5-6b03-40d5-954f-92ebcce83a64/full-build.log:1412: trailing whitespace.
+### mwldeppc.exe Linker Warning:
eternal-darkness-decomp/reports/GEDE01/attempt-78696cb5-6b03-40d5-954f-92ebcce83a64/full-build.log:1413: trailing whitespace.
+#   Section '.ignored' is unknown. Section ignored.
eternal-darkness-decomp/reports/GEDE01/attempt-78696cb5-6b03-40d5-954f-92ebcce83a64/full-build.log:1414: trailing whitespace.
+### mwldeppc.exe Linker Warning:
eternal-darkness-decomp/reports/GEDE01/attempt-78696cb5-6b03-40d5-954f-92ebcce83a64/full-build.log:1415: trailing whitespace.
+#   Section '.ignored' is unknown. Section ignored.
eternal-darkness-decomp/reports/GEDE01/attempt-78696cb5-6b03-40d5-954f-92ebcce83a64/full-build.log:1416: trailing whitespace.
+### mwldeppc.exe Linker Warning:
eternal-darkness-decomp/reports/GEDE01/attempt-78696cb5-6b03-40d5-954f-92ebcce83a64/full-build.log:1417: trailing whitespace.
+#   Section '.ignored' is unknown. Section ignored.
eternal-darkness-decomp/reports/GEDE01/attempt-78696cb5-6b03-40d5-954f-92ebcce83a64/full-build.log:1418: trailing whitespace.
+### mwldeppc.exe Linker Warning:
eternal-darkness-decomp/reports/GEDE01/attempt-78696cb5-6b03-40d5-954f-92ebcce83a64/full-build.log:1419: trailing whitespace.
+#   Section '.ignored' is unknown. Section ignored.
eternal-darkness-decomp/reports/GEDE01/attempt-78696cb5-6b03-40d5-954f-92ebcce83a64/full-build.log:1420: trailing whitespace.
+### mwldeppc.exe Linker Warning:
eternal-darkness-decomp/reports/GEDE01/attempt-78696cb5-6b03-40d5-954f-92ebcce83a64/full-build.log:1421: trailing whitespace.
+#   Section '.ignored' is unknown. Section ignored.
eternal-darkness-decomp/reports/GEDE01/attempt-78696cb5-6b03-40d5-954f-92ebcce83a64/full-build.log:1422: trailing whitespace.
+### mwldeppc.exe Linker Warning:
eternal-darkness-decomp/reports/GEDE01/attempt-78696cb5-6b03-40d5-954f-92ebcce83a64/full-build.log:1423: trailing whitespace.
+#   Section '.ignored' is unknown. Section ignored.
eternal-darkness-decomp/reports/GEDE01/attempt-78696cb5-6b03-40d5-954f-92ebcce83a64/full-build.log:1424: trailing whitespace.
+### mwldeppc.exe Linker Warning:
eternal-darkness-decomp/reports/GEDE01/attempt-78696cb5-6b03-40d5-954f-92ebcce83a64/full-build.log:1425: trailing whitespace.
+#   Section '.ignored' is unknown. Section ignored.
eternal-darkness-decomp/reports/GEDE01/attempt-78696cb5-6b03-40d5-954f-92ebcce83a64/full-build.log:1426: trailing whitespace.
+### mwldeppc.exe Linker Warning:
eternal-darkness-decomp/reports/GEDE01/attempt-78696cb5-6b03-40d5-954f-92ebcce83a64/full-build.log:1427: trailing whitespace.
+#   Section '.ignored' is unknown. Section ignored.
eternal-darkness-decomp/reports/GEDE01/attempt-78696cb5-6b03-40d5-954f-92ebcce83a64/full-build.log:1428: trailing whitespace.
+### mwldeppc.exe Linker Warning:
eternal-darkness-decomp/reports/GEDE01/attempt-78696cb5-6b03-40d5-954f-92ebcce83a64/full-build.log:1429: trailing whitespace.
+#   Section '.ignored' is unknown. Section ignored.
eternal-darkness-decomp/reports/GEDE01/attempt-78696cb5-6b03-40d5-954f-92ebcce83a64/full-build.log:1430: trailing whitespace.
+### mwldeppc.exe Linker Warning:
eternal-darkness-decomp/reports/GEDE01/attempt-78696cb5-6b03-40d5-954f-92ebcce83a64/full-build.log:1431: trailing whitespace.
+#   Section '.ignored' is unknown. Section ignored.
eternal-darkness-decomp/reports/GEDE01/attempt-78696cb5-6b03-40d5-954f-92ebcce83a64/full-build.log:1432: trailing whitespace.
+### mwldeppc.exe Linker Warning:
eternal-darkness-decomp/reports/GEDE01/attempt-78696cb5-6b03-40d5-954f-92ebcce83a64/full-build.log:1433: trailing whitespace.
+#   Section '.ignored' is unknown. Section ignored.
eternal-darkness-decomp/reports/GEDE01/attempt-78696cb5-6b03-40d5-954f-92ebcce83a64/full-build.log:1434: trailing whitespace.
+### mwldeppc.exe Linker Warning:
eternal-darkness-decomp/reports/GEDE01/attempt-78696cb5-6b03-40d5-954f-92ebcce83a64/full-build.log:1435: trailing whitespace.
+#   Section '.ignored' is unknown. Section ignored.
eternal-darkness-decomp/reports/GEDE01/attempt-78696cb5-6b03-40d5-954f-92ebcce83a64/full-build.log:1436: trailing whitespace.
+### mwldeppc.exe Linker Warning:
eternal-darkness-decomp/reports/GEDE01/attempt-78696cb5-6b03-40d5-954f-92ebcce83a64/full-build.log:1437: trailing whitespace.
+#   Section '.ignored' is unknown. Section ignored.
eternal-darkness-decomp/reports/GEDE01/attempt-78696cb5-6b03-40d5-954f-92ebcce83a64/full-build.log:1438: trailing whitespace.
+### mwldeppc.exe Linker Warning:
eternal-darkness-decomp/reports/GEDE01/attempt-78696cb5-6b03-40d5-954f-92ebcce83a64/full-build.log:1439: trailing whitespace.
+#   Section '.ignored' is unknown. Section ignored.
eternal-darkness-decomp/reports/GEDE01/attempt-78696cb5-6b03-40d5-954f-92ebcce83a64/full-build.log:1440: trailing whitespace.
+### mwldeppc.exe Linker Warning:
eternal-darkness-decomp/reports/GEDE01/attempt-78696cb5-6b03-40d5-954f-92ebcce83a64/full-build.log:1441: trailing whitespace.
+#   Section '.ignored' is unknown. Section ignored.
eternal-darkness-decomp/reports/GEDE01/attempt-78696cb5-6b03-40d5-954f-92ebcce83a64/full-build.log:1442: trailing whitespace.
+### mwldeppc.exe Linker Warning:
eternal-darkness-decomp/reports/GEDE01/attempt-78696cb5-6b03-40d5-954f-92ebcce83a64/full-build.log:1443: trailing whitespace.
+#   Section '.ignored' is unknown. Section ignored.
eternal-darkness-decomp/reports/GEDE01/attempt-78696cb5-6b03-40d5-954f-92ebcce83a64/full-build.log:1444: trailing whitespace.
+### mwldeppc.exe Linker Warning:
eternal-darkness-decomp/reports/GEDE01/attempt-78696cb5-6b03-40d5-954f-92ebcce83a64/full-build.log:1445: trailing whitespace.
+#   Section '.ignored' is unknown. Section ignored.
eternal-darkness-decomp/reports/GEDE01/attempt-78696cb5-6b03-40d5-954f-92ebcce83a64/full-build.log:1446: trailing whitespace.
+### mwldeppc.exe Linker Warning:
eternal-darkness-decomp/reports/GEDE01/attempt-78696cb5-6b03-40d5-954f-92ebcce83a64/full-build.log:1447: trailing whitespace.
+#   Section '.ignored' is unknown. Section ignored.
eternal-darkness-decomp/reports/GEDE01/attempt-78696cb5-6b03-40d5-954f-92ebcce83a64/full-build.log:1448: trailing whitespace.
+### mwldeppc.exe Linker Warning:
eternal-darkness-decomp/reports/GEDE01/attempt-78696cb5-6b03-40d5-954f-92ebcce83a64/full-build.log:1449: trailing whitespace.
+#   Section '.ignored' is unknown. Section ignored.
eternal-darkness-decomp/reports/GEDE01/attempt-78696cb5-6b03-40d5-954f-92ebcce83a64/full-build.log:1450: trailing whitespace.
+### mwldeppc.exe Linker Warning:
eternal-darkness-decomp/reports/GEDE01/attempt-78696cb5-6b03-40d5-954f-92ebcce83a64/full-build.log:1451: trailing whitespace.
+#   Section '.ignored' is unknown. Section ignored.
eternal-darkness-decomp/reports/GEDE01/attempt-78696cb5-6b03-40d5-954f-92ebcce83a64/full-build.log:1452: trailing whitespace.
+### mwldeppc.exe Linker Warning:
eternal-darkness-decomp/reports/GEDE01/attempt-78696cb5-6b03-40d5-954f-92ebcce83a64/full-build.log:1453: trailing whitespace.
+#   Section '.ignored' is unknown. Section ignored.
eternal-darkness-decomp/reports/GEDE01/attempt-78696cb5-6b03-40d5-954f-92ebcce83a64/full-build.log:1454: trailing whitespace.
+### mwldeppc.exe Linker Warning:
eternal-darkness-decomp/reports/GEDE01/attempt-78696cb5-6b03-40d5-954f-92ebcce83a64/full-build.log:1455: trailing whitespace.
+#   Section '.ignored' is unknown. Section ignored.
eternal-darkness-decomp/reports/GEDE01/attempt-78696cb5-6b03-40d5-954f-92ebcce83a64/full-build.log:1456: trailing whitespace.
+### mwldeppc.exe Linker Warning:
eternal-darkness-decomp/reports/GEDE01/attempt-78696cb5-6b03-40d5-954f-92ebcce83a64/full-build.log:1457: trailing whitespace.
+#   Section '.ignored' is unknown. Section ignored.
eternal-darkness-decomp/reports/GEDE01/attempt-78696cb5-6b03-40d5-954f-92ebcce83a64/full-build.log:1458: trailing whitespace.
+### mwldeppc.exe Linker Warning:
eternal-darkness-decomp/reports/GEDE01/attempt-78696cb5-6b03-40d5-954f-92ebcce83a64/full-build.log:1459: trailing whitespace.
+#   Section '.ignored' is unknown. Section ignored.
eternal-darkness-decomp/reports/GEDE01/attempt-78696cb5-6b03-40d5-954f-92ebcce83a64/full-build.log:1460: trailing whitespace.
+### mwldeppc.exe Linker Warning:
eternal-darkness-decomp/reports/GEDE01/attempt-78696cb5-6b03-40d5-954f-92ebcce83a64/full-build.log:1461: trailing whitespace.
+#   Section '.ignored' is unknown. Section ignored.
eternal-darkness-decomp/reports/GEDE01/attempt-78696cb5-6b03-40d5-954f-92ebcce83a64/full-build.log:1462: trailing whitespace.
+### mwldeppc.exe Linker Warning:
eternal-darkness-decomp/reports/GEDE01/attempt-78696cb5-6b03-40d5-954f-92ebcce83a64/full-build.log:1463: trailing whitespace.
+#   Section '.ignored' is unknown. Section ignored.
eternal-darkness-decomp/reports/GEDE01/attempt-78696cb5-6b03-40d5-954f-92ebcce83a64/full-build.log:1464: trailing whitespace.
+### mwldeppc.exe Linker Warning:
eternal-darkness-decomp/reports/GEDE01/attempt-78696cb5-6b03-40d5-954f-92ebcce83a64/full-build.log:1465: trailing whitespace.
+#   Section '.ignored' is unknown. Section ignored.
eternal-darkness-decomp/reports/GEDE01/attempt-78696cb5-6b03-40d5-954f-92ebcce83a64/full-build.log:1466: trailing whitespace.
+### mwldeppc.exe Linker Warning:
eternal-darkness-decomp/reports/GEDE01/attempt-78696cb5-6b03-40d5-954f-92ebcce83a64/full-build.log:1467: trailing whitespace.
+#   Section '.ignored' is unknown. Section ignored.
eternal-darkness-decomp/reports/GEDE01/attempt-78696cb5-6b03-40d5-954f-92ebcce83a64/full-build.log:1468: trailing whitespace.
+### mwldeppc.exe Linker Warning:
eternal-darkness-decomp/reports/GEDE01/attempt-78696cb5-6b03-40d5-954f-92ebcce83a64/full-build.log:1469: trailing whitespace.
+#   Section '.ignored' is unknown. Section ignored.
eternal-darkness-decomp/reports/GEDE01/attempt-78696cb5-6b03-40d5-954f-92ebcce83a64/full-build.log:1470: trailing whitespace.
+### mwldeppc.exe Linker Warning:
eternal-darkness-decomp/reports/GEDE01/attempt-78696cb5-6b03-40d5-954f-92ebcce83a64/full-build.log:1471: trailing whitespace.
+#   Section '.ignored' is unknown. Section ignored.
eternal-darkness-decomp/reports/GEDE01/attempt-78696cb5-6b03-40d5-954f-92ebcce83a64/full-build.log:1472: trailing whitespace.
+### mwldeppc.exe Linker Warning:
eternal-darkness-decomp/reports/GEDE01/attempt-78696cb5-6b03-40d5-954f-92ebcce83a64/full-build.log:1473: trailing whitespace.
+#   Section '.ignored' is unknown. Section ignored.
eternal-darkness-decomp/reports/GEDE01/attempt-78696cb5-6b03-40d5-954f-92ebcce83a64/full-build.log:1474: trailing whitespace.
+### mwldeppc.exe Linker Warning:
eternal-darkness-decomp/reports/GEDE01/attempt-78696cb5-6b03-40d5-954f-92ebcce83a64/full-build.log:1475: trailing whitespace.
+#   Section '.ignored' is unknown. Section ignored.
eternal-darkness-decomp/reports/GEDE01/attempt-78696cb5-6b03-40d5-954f-92ebcce83a64/full-build.log:1476: trailing whitespace.
+### mwldeppc.exe Linker Warning:
eternal-darkness-decomp/reports/GEDE01/attempt-78696cb5-6b03-40d5-954f-92ebcce83a64/full-build.log:1477: trailing whitespace.
+#   Section '.ignored' is unknown. Section ignored.
eternal-darkness-decomp/reports/GEDE01/attempt-78696cb5-6b03-40d5-954f-92ebcce83a64/full-build.log:1478: trailing whitespace.
+### mwldeppc.exe Linker Warning:
eternal-darkness-decomp/reports/GEDE01/attempt-78696cb5-6b03-40d5-954f-92ebcce83a64/full-build.log:1479: trailing whitespace.
+#   Section '.ignored' is unknown. Section ignored.
eternal-darkness-decomp/reports/GEDE01/attempt-78696cb5-6b03-40d5-954f-92ebcce83a64/full-build.log:1480: trailing whitespace.
+### mwldeppc.exe Linker Warning:
eternal-darkness-decomp/reports/GEDE01/attempt-78696cb5-6b03-40d5-954f-92ebcce83a64/full-build.log:1481: trailing whitespace.
+#   Section '.ignored' is unknown. Section ignored.
eternal-darkness-decomp/reports/GEDE01/attempt-78696cb5-6b03-40d5-954f-92ebcce83a64/full-build.log:1482: trailing whitespace.
+### mwldeppc.exe Linker Warning:
eternal-darkness-decomp/reports/GEDE01/attempt-78696cb5-6b03-40d5-954f-92ebcce83a64/full-build.log:1483: trailing whitespace.
+#   Section '.ignored' is unknown. Section ignored.
eternal-darkness-decomp/reports/GEDE01/attempt-78696cb5-6b03-40d5-954f-92ebcce83a64/full-build.log:1484: trailing whitespace.
+### mwldeppc.exe Linker Warning:
eternal-darkness-decomp/reports/GEDE01/attempt-78696cb5-6b03-40d5-954f-92ebcce83a64/full-build.log:1485: trailing whitespace.
+#   Section '.ignored' is unknown. Section ignored.
eternal-darkness-decomp/reports/GEDE01/attempt-78696cb5-6b03-40d5-954f-92ebcce83a64/full-build.log:1486: trailing whitespace.
+### mwldeppc.exe Linker Warning:
eternal-darkness-decomp/reports/GEDE01/attempt-78696cb5-6b03-40d5-954f-92ebcce83a64/full-build.log:1487: trailing whitespace.
+#   Section '.ignored' is unknown. Section ignored.
eternal-darkness-decomp/reports/GEDE01/attempt-78696cb5-6b03-40d5-954f-92ebcce83a64/full-build.log:1488: trailing whitespace.
+### mwldeppc.exe Linker Warning:
eternal-darkness-decomp/reports/GEDE01/attempt-78696cb5-6b03-40d5-954f-92ebcce83a64/full-build.log:1489: trailing whitespace.
+#   Section '.ignored' is unknown. Section ignored.
eternal-darkness-decomp/reports/GEDE01/attempt-78696cb5-6b03-40d5-954f-92ebcce83a64/full-build.log:1490: trailing whitespace.
+### mwldeppc.exe Linker Warning:
eternal-darkness-decomp/reports/GEDE01/attempt-78696cb5-6b03-40d5-954f-92ebcce83a64/full-build.log:1491: trailing whitespace.
+#   Section '.ignored' is unknown. Section ignored.
eternal-darkness-decomp/reports/GEDE01/attempt-78696cb5-6b03-40d5-954f-92ebcce83a64/full-build.log:1492: trailing whitespace.
+### mwldeppc.exe Linker Warning:
eternal-darkness-decomp/reports/GEDE01/attempt-78696cb5-6b03-40d5-954f-92ebcce83a64/full-build.log:1493: trailing whitespace.
+#   Section '.ignored' is unknown. Section ignored.
eternal-darkness-decomp/reports/GEDE01/attempt-78696cb5-6b03-40d5-954f-92ebcce83a64/full-build.log:1494: trailing whitespace.
+### mwldeppc.exe Linker Warning:
eternal-darkness-decomp/reports/GEDE01/attempt-78696cb5-6b03-40d5-954f-92ebcce83a64/full-build.log:1495: trailing whitespace.
+#   Section '.ignored' is unknown. Section ignored.
eternal-darkness-decomp/reports/GEDE01/attempt-78696cb5-6b03-40d5-954f-92ebcce83a64/full-build.log:1496: trailing whitespace.
+### mwldeppc.exe Linker Warning:
eternal-darkness-decomp/reports/GEDE01/attempt-78696cb5-6b03-40d5-954f-92ebcce83a64/full-build.log:1497: trailing whitespace.
+#   Section '.ignored' is unknown. Section ignored.
eternal-darkness-decomp/reports/GEDE01/attempt-78696cb5-6b03-40d5-954f-92ebcce83a64/full-build.log:1498: trailing whitespace.
+### mwldeppc.exe Linker Warning:
eternal-darkness-decomp/reports/GEDE01/attempt-78696cb5-6b03-40d5-954f-92ebcce83a64/full-build.log:1499: trailing whitespace.
+#   Section '.ignored' is unknown. Section ignored.
eternal-darkness-decomp/reports/GEDE01/attempt-78696cb5-6b03-40d5-954f-92ebcce83a64/full-build.log:1500: trailing whitespace.
+### mwldeppc.exe Linker Warning:
eternal-darkness-decomp/reports/GEDE01/attempt-78696cb5-6b03-40d5-954f-92ebcce83a64/full-build.log:1501: trailing whitespace.
+#   Section '.ignored' is unknown. Section ignored.
eternal-darkness-decomp/reports/GEDE01/attempt-78696cb5-6b03-40d5-954f-92ebcce83a64/full-build.log:1502: trailing whitespace.
+### mwldeppc.exe Linker Warning:
eternal-darkness-decomp/reports/GEDE01/attempt-78696cb5-6b03-40d5-954f-92ebcce83a64/full-build.log:1503: trailing whitespace.
+#   Section '.ignored' is unknown. Section ignored.
eternal-darkness-decomp/reports/GEDE01/attempt-78696cb5-6b03-40d5-954f-92ebcce83a64/full-build.log:1504: trailing whitespace.
+### mwldeppc.exe Linker Warning:
eternal-darkness-decomp/reports/GEDE01/attempt-78696cb5-6b03-40d5-954f-92ebcce83a64/full-build.log:1505: trailing whitespace.
+#   Section '.ignored' is unknown. Section ignored.
eternal-darkness-decomp/reports/GEDE01/attempt-78696cb5-6b03-40d5-954f-92ebcce83a64/full-build.log:1506: trailing whitespace.
+### mwldeppc.exe Linker Warning:
eternal-darkness-decomp/reports/GEDE01/attempt-78696cb5-6b03-40d5-954f-92ebcce83a64/full-build.log:1507: trailing whitespace.
+#   Section '.ignored' is unknown. Section ignored.
eternal-darkness-decomp/reports/GEDE01/attempt-78696cb5-6b03-40d5-954f-92ebcce83a64/full-build.log:1508: trailing whitespace.
+### mwldeppc.exe Linker Warning:
eternal-darkness-decomp/reports/GEDE01/attempt-78696cb5-6b03-40d5-954f-92ebcce83a64/full-build.log:1509: trailing whitespace.
+#   Section '.ignored' is unknown. Section ignored.
eternal-darkness-decomp/reports/GEDE01/attempt-78696cb5-6b03-40d5-954f-92ebcce83a64/full-build.log:1510: trailing whitespace.
+### mwldeppc.exe Linker Warning:
eternal-darkness-decomp/reports/GEDE01/attempt-78696cb5-6b03-40d5-954f-92ebcce83a64/full-build.log:1511: trailing whitespace.
+#   Section '.ignored' is unknown. Section ignored.
eternal-darkness-decomp/reports/GEDE01/attempt-78696cb5-6b03-40d5-954f-92ebcce83a64/full-build.log:1512: trailing whitespace.
+### mwldeppc.exe Linker Warning:
eternal-darkness-decomp/reports/GEDE01/attempt-78696cb5-6b03-40d5-954f-92ebcce83a64/full-build.log:1513: trailing whitespace.
+#   Section '.ignored' is unknown. Section ignored.
eternal-darkness-decomp/reports/GEDE01/attempt-78696cb5-6b03-40d5-954f-92ebcce83a64/full-build.log:1514: trailing whitespace.
+### mwldeppc.exe Linker Warning:
eternal-darkness-decomp/reports/GEDE01/attempt-78696cb5-6b03-40d5-954f-92ebcce83a64/full-build.log:1515: trailing whitespace.
+#   Section '.ignored' is unknown. Section ignored.
eternal-darkness-decomp/reports/GEDE01/attempt-78696cb5-6b03-40d5-954f-92ebcce83a64/full-build.log:1516: trailing whitespace.
+### mwldeppc.exe Linker Warning:
eternal-darkness-decomp/reports/GEDE01/attempt-78696cb5-6b03-40d5-954f-92ebcce83a64/full-build.log:1517: trailing whitespace.
+#   Section '.ignored' is unknown. Section ignored.
eternal-darkness-decomp/reports/GEDE01/attempt-78696cb5-6b03-40d5-954f-92ebcce83a64/full-build.log:1518: trailing whitespace.
+### mwldeppc.exe Linker Warning:
eternal-darkness-decomp/reports/GEDE01/attempt-78696cb5-6b03-40d5-954f-92ebcce83a64/full-build.log:1519: trailing whitespace.
+#   Section '.ignored' is unknown. Section ignored.
eternal-darkness-decomp/reports/GEDE01/attempt-78696cb5-6b03-40d5-954f-92ebcce83a64/full-build.log:1520: trailing whitespace.
+### mwldeppc.exe Linker Warning:
eternal-darkness-decomp/reports/GEDE01/attempt-78696cb5-6b03-40d5-954f-92ebcce83a64/full-build.log:1521: trailing whitespace.
+#   Section '.ignored' is unknown. Section ignored.
eternal-darkness-decomp/reports/GEDE01/attempt-78696cb5-6b03-40d5-954f-92ebcce83a64/full-build.log:1522: trailing whitespace.
+### mwldeppc.exe Linker Warning:
eternal-darkness-decomp/reports/GEDE01/attempt-78696cb5-6b03-40d5-954f-92ebcce83a64/full-build.log:1523: trailing whitespace.
+#   Section '.ignored' is unknown. Section ignored.
eternal-darkness-decomp/reports/GEDE01/attempt-78696cb5-6b03-40d5-954f-92ebcce83a64/full-build.log:1524: trailing whitespace.
+### mwldeppc.exe Linker Warning:
eternal-darkness-decomp/reports/GEDE01/attempt-78696cb5-6b03-40d5-954f-92ebcce83a64/full-build.log:1525: trailing whitespace.
+#   Section '.ignored' is unknown. Section ignored.
eternal-darkness-decomp/reports/GEDE01/attempt-78696cb5-6b03-40d5-954f-92ebcce83a64/full-build.log:1526: trailing whitespace.
+### mwldeppc.exe Linker Warning:
eternal-darkness-decomp/reports/GEDE01/attempt-78696cb5-6b03-40d5-954f-92ebcce83a64/full-build.log:1527: trailing whitespace.
+#   Section '.ignored' is unknown. Section ignored.
eternal-darkness-decomp/reports/GEDE01/attempt-78696cb5-6b03-40d5-954f-92ebcce83a64/full-build.log:1528: trailing whitespace.
+### mwldeppc.exe Linker Warning:
eternal-darkness-decomp/reports/GEDE01/attempt-78696cb5-6b03-40d5-954f-92ebcce83a64/full-build.log:1529: trailing whitespace.
+#   Section '.ignored' is unknown. Section ignored.
eternal-darkness-decomp/reports/GEDE01/attempt-78696cb5-6b03-40d5-954f-92ebcce83a64/full-build.log:1530: trailing whitespace.
+### mwldeppc.exe Linker Warning:
eternal-darkness-decomp/reports/GEDE01/attempt-78696cb5-6b03-40d5-954f-92ebcce83a64/full-build.log:1531: trailing whitespace.
+#   Section '.ignored' is unknown. Section ignored.
eternal-darkness-decomp/reports/GEDE01/attempt-78696cb5-6b03-40d5-954f-92ebcce83a64/full-build.log:1532: trailing whitespace.
+### mwldeppc.exe Linker Warning:
eternal-darkness-decomp/reports/GEDE01/attempt-78696cb5-6b03-40d5-954f-92ebcce83a64/full-build.log:1533: trailing whitespace.
+#   Section '.ignored' is unknown. Section ignored.
eternal-darkness-decomp/reports/GEDE01/attempt-78696cb5-6b03-40d5-954f-92ebcce83a64/full-build.log:1534: trailing whitespace.
+### mwldeppc.exe Linker Warning:
eternal-darkness-decomp/reports/GEDE01/attempt-78696cb5-6b03-40d5-954f-92ebcce83a64/full-build.log:1535: trailing whitespace.
+#   Section '.ignored' is unknown. Section ignored.
eternal-darkness-decomp/reports/GEDE01/attempt-78696cb5-6b03-40d5-954f-92ebcce83a64/full-build.log:1536: trailing whitespace.
+### mwldeppc.exe Linker Warning:
eternal-darkness-decomp/reports/GEDE01/attempt-78696cb5-6b03-40d5-954f-92ebcce83a64/full-build.log:1537: trailing whitespace.
+#   Section '.ignored' is unknown. Section ignored.
eternal-darkness-decomp/reports/GEDE01/attempt-78696cb5-6b03-40d5-954f-92ebcce83a64/full-build.log:1538: trailing whitespace.
+### mwldeppc.exe Linker Warning:
eternal-darkness-decomp/reports/GEDE01/attempt-78696cb5-6b03-40d5-954f-92ebcce83a64/full-build.log:1539: trailing whitespace.
+#   Section '.ignored' is unknown. Section ignored.
eternal-darkness-decomp/reports/GEDE01/attempt-78696cb5-6b03-40d5-954f-92ebcce83a64/full-build.log:1540: trailing whitespace.
+### mwldeppc.exe Linker Warning:
eternal-darkness-decomp/reports/GEDE01/attempt-78696cb5-6b03-40d5-954f-92ebcce83a64/full-build.log:1541: trailing whitespace.
+#   Section '.ignored' is unknown. Section ignored.
eternal-darkness-decomp/reports/GEDE01/attempt-78696cb5-6b03-40d5-954f-92ebcce83a64/full-build.log:1542: trailing whitespace.
+### mwldeppc.exe Linker Warning:
eternal-darkness-decomp/reports/GEDE01/attempt-78696cb5-6b03-40d5-954f-92ebcce83a64/full-build.log:1543: trailing whitespace.
+#   Section '.ignored' is unknown. Section ignored.
eternal-darkness-decomp/reports/GEDE01/attempt-78696cb5-6b03-40d5-954f-92ebcce83a64/full-build.log:1544: trailing whitespace.
+### mwldeppc.exe Linker Warning:
eternal-darkness-decomp/reports/GEDE01/attempt-78696cb5-6b03-40d5-954f-92ebcce83a64/full-build.log:1545: trailing whitespace.
+#   Section '.ignored' is unknown. Section ignored.
eternal-darkness-decomp/reports/GEDE01/attempt-78696cb5-6b03-40d5-954f-92ebcce83a64/full-build.log:1546: trailing whitespace.
+### mwldeppc.exe Linker Warning:
eternal-darkness-decomp/reports/GEDE01/attempt-78696cb5-6b03-40d5-954f-92ebcce83a64/full-build.log:1547: trailing whitespace.
+#   Section '.ignored' is unknown. Section ignored.
eternal-darkness-decomp/reports/GEDE01/attempt-78696cb5-6b03-40d5-954f-92ebcce83a64/full-build.log:1548: trailing whitespace.
+### mwldeppc.exe Linker Warning:
eternal-darkness-decomp/reports/GEDE01/attempt-78696cb5-6b03-40d5-954f-92ebcce83a64/full-build.log:1549: trailing whitespace.
+#   Section '.ignored' is unknown. Section ignored.
eternal-darkness-decomp/reports/GEDE01/attempt-78696cb5-6b03-40d5-954f-92ebcce83a64/full-build.log:1550: trailing whitespace.
+### mwldeppc.exe Linker Warning:
eternal-darkness-decomp/reports/GEDE01/attempt-78696cb5-6b03-40d5-954f-92ebcce83a64/full-build.log:1551: trailing whitespace.
+#   Section '.ignored' is unknown. Section ignored.
eternal-darkness-decomp/reports/GEDE01/attempt-78696cb5-6b03-40d5-954f-92ebcce83a64/full-build.log:1552: trailing whitespace.
+### mwldeppc.exe Linker Warning:
eternal-darkness-decomp/reports/GEDE01/attempt-78696cb5-6b03-40d5-954f-92ebcce83a64/full-build.log:1553: trailing whitespace.
+#   Section '.ignored' is unknown. Section ignored.
eternal-darkness-decomp/reports/GEDE01/attempt-78696cb5-6b03-40d5-954f-92ebcce83a64/full-build.log:1554: trailing whitespace.
+### mwldeppc.exe Linker Warning:
eternal-darkness-decomp/reports/GEDE01/attempt-78696cb5-6b03-40d5-954f-92ebcce83a64/full-build.log:1555: trailing whitespace.
+#   Section '.ignored' is unknown. Section ignored.
eternal-darkness-decomp/reports/GEDE01/attempt-78696cb5-6b03-40d5-954f-92ebcce83a64/full-build.log:1556: trailing whitespace.
+### mwldeppc.exe Linker Warning:
eternal-darkness-decomp/reports/GEDE01/attempt-78696cb5-6b03-40d5-954f-92ebcce83a64/full-build.log:1557: trailing whitespace.
+#   Section '.ignored' is unknown. Section ignored.
eternal-darkness-decomp/reports/GEDE01/attempt-78696cb5-6b03-40d5-954f-92ebcce83a64/full-build.log:1558: trailing whitespace.
+### mwldeppc.exe Linker Warning:
eternal-darkness-decomp/reports/GEDE01/attempt-78696cb5-6b03-40d5-954f-92ebcce83a64/full-build.log:1559: trailing whitespace.
+#   Section '.ignored' is unknown. Section ignored.
eternal-darkness-decomp/reports/GEDE01/attempt-78696cb5-6b03-40d5-954f-92ebcce83a64/full-build.log:1560: trailing whitespace.
+### mwldeppc.exe Linker Warning:
eternal-darkness-decomp/reports/GEDE01/attempt-78696cb5-6b03-40d5-954f-92ebcce83a64/full-build.log:1561: trailing whitespace.
+#   Section '.ignored' is unknown. Section ignored.
eternal-darkness-decomp/reports/GEDE01/attempt-78696cb5-6b03-40d5-954f-92ebcce83a64/full-build.log:1562: trailing whitespace.
+### mwldeppc.exe Linker Warning:
eternal-darkness-decomp/reports/GEDE01/attempt-78696cb5-6b03-40d5-954f-92ebcce83a64/full-build.log:1563: trailing whitespace.
+#   Section '.ignored' is unknown. Section ignored.
eternal-darkness-decomp/reports/GEDE01/attempt-78696cb5-6b03-40d5-954f-92ebcce83a64/full-build.log:1564: trailing whitespace.
+### mwldeppc.exe Linker Warning:
eternal-darkness-decomp/reports/GEDE01/attempt-78696cb5-6b03-40d5-954f-92ebcce83a64/full-build.log:1565: trailing whitespace.
+#   Section '.ignored' is unknown. Section ignored.
eternal-darkness-decomp/reports/GEDE01/attempt-78696cb5-6b03-40d5-954f-92ebcce83a64/full-build.log:1566: trailing whitespace.
+### mwldeppc.exe Linker Warning:
eternal-darkness-decomp/reports/GEDE01/attempt-78696cb5-6b03-40d5-954f-92ebcce83a64/full-build.log:1567: trailing whitespace.
+#   Section '.ignored' is unknown. Section ignored.
eternal-darkness-decomp/reports/GEDE01/attempt-78696cb5-6b03-40d5-954f-92ebcce83a64/full-build.log:1568: trailing whitespace.
+### mwldeppc.exe Linker Warning:
eternal-darkness-decomp/reports/GEDE01/attempt-78696cb5-6b03-40d5-954f-92ebcce83a64/full-build.log:1569: trailing whitespace.
+#   Section '.ignored' is unknown. Section ignored.
eternal-darkness-decomp/reports/GEDE01/attempt-78696cb5-6b03-40d5-954f-92ebcce83a64/full-build.log:1570: trailing whitespace.
+### mwldeppc.exe Linker Warning:
eternal-darkness-decomp/reports/GEDE01/attempt-78696cb5-6b03-40d5-954f-92ebcce83a64/full-build.log:1571: trailing whitespace.
+#   Section '.ignored' is unknown. Section ignored.
eternal-darkness-decomp/reports/GEDE01/attempt-78696cb5-6b03-40d5-954f-92ebcce83a64/full-build.log:1572: trailing whitespace.
+### mwldeppc.exe Linker Warning:
eternal-darkness-decomp/reports/GEDE01/attempt-78696cb5-6b03-40d5-954f-92ebcce83a64/full-build.log:1573: trailing whitespace.
+#   Section '.ignored' is unknown. Section ignored.
eternal-darkness-decomp/reports/GEDE01/attempt-78696cb5-6b03-40d5-954f-92ebcce83a64/full-build.log:1574: trailing whitespace.
+### mwldeppc.exe Linker Warning:
eternal-darkness-decomp/reports/GEDE01/attempt-78696cb5-6b03-40d5-954f-92ebcce83a64/full-build.log:1575: trailing whitespace.
+#   Section '.ignored' is unknown. Section ignored.
eternal-darkness-decomp/reports/GEDE01/attempt-78696cb5-6b03-40d5-954f-92ebcce83a64/full-build.log:1576: trailing whitespace.
+### mwldeppc.exe Linker Warning:
eternal-darkness-decomp/reports/GEDE01/attempt-78696cb5-6b03-40d5-954f-92ebcce83a64/full-build.log:1577: trailing whitespace.
+#   Section '.ignored' is unknown. Section ignored.
eternal-darkness-decomp/reports/GEDE01/attempt-78696cb5-6b03-40d5-954f-92ebcce83a64/full-build.log:1578: trailing whitespace.
+### mwldeppc.exe Linker Warning:
eternal-darkness-decomp/reports/GEDE01/attempt-78696cb5-6b03-40d5-954f-92ebcce83a64/full-build.log:1579: trailing whitespace.
+#   Section '.ignored' is unknown. Section ignored.
eternal-darkness-decomp/reports/GEDE01/attempt-78696cb5-6b03-40d5-954f-92ebcce83a64/full-build.log:1580: trailing whitespace.
+### mwldeppc.exe Linker Warning:
eternal-darkness-decomp/reports/GEDE01/attempt-78696cb5-6b03-40d5-954f-92ebcce83a64/full-build.log:1581: trailing whitespace.
+#   Section '.ignored' is unknown. Section ignored.
eternal-darkness-decomp/reports/GEDE01/attempt-78696cb5-6b03-40d5-954f-92ebcce83a64/full-build.log:1582: trailing whitespace.
+### mwldeppc.exe Linker Warning:
eternal-darkness-decomp/reports/GEDE01/attempt-78696cb5-6b03-40d5-954f-92ebcce83a64/full-build.log:1583: trailing whitespace.
+#   Section '.ignored' is unknown. Section ignored.
eternal-darkness-decomp/reports/GEDE01/attempt-78696cb5-6b03-40d5-954f-92ebcce83a64/full-build.log:1584: trailing whitespace.
+### mwldeppc.exe Linker Warning:
eternal-darkness-decomp/reports/GEDE01/attempt-78696cb5-6b03-40d5-954f-92ebcce83a64/full-build.log:1585: trailing whitespace.
+#   Section '.ignored' is unknown. Section ignored.
eternal-darkness-decomp/reports/GEDE01/attempt-78696cb5-6b03-40d5-954f-92ebcce83a64/full-build.log:1586: trailing whitespace.
+### mwldeppc.exe Linker Warning:
eternal-darkness-decomp/reports/GEDE01/attempt-78696cb5-6b03-40d5-954f-92ebcce83a64/full-build.log:1587: trailing whitespace.
+#   Section '.ignored' is unknown. Section ignored.
eternal-darkness-decomp/reports/GEDE01/attempt-78696cb5-6b03-40d5-954f-92ebcce83a64/full-build.log:1588: trailing whitespace.
+### mwldeppc.exe Linker Warning:
eternal-darkness-decomp/reports/GEDE01/attempt-78696cb5-6b03-40d5-954f-92ebcce83a64/full-build.log:1589: trailing whitespace.
+#   Section '.ignored' is unknown. Section ignored.
eternal-darkness-decomp/reports/GEDE01/attempt-78696cb5-6b03-40d5-954f-92ebcce83a64/full-build.log:1590: trailing whitespace.
+### mwldeppc.exe Linker Warning:
eternal-darkness-decomp/reports/GEDE01/attempt-78696cb5-6b03-40d5-954f-92ebcce83a64/full-build.log:1591: trailing whitespace.
+#   Section '.ignored' is unknown. Section ignored.
eternal-darkness-decomp/reports/GEDE01/attempt-78696cb5-6b03-40d5-954f-92ebcce83a64/full-build.log:1592: trailing whitespace.
+### mwldeppc.exe Linker Warning:
eternal-darkness-decomp/reports/GEDE01/attempt-78696cb5-6b03-40d5-954f-92ebcce83a64/full-build.log:1593: trailing whitespace.
+#   Section '.ignored' is unknown. Section ignored.
eternal-darkness-decomp/reports/GEDE01/attempt-78696cb5-6b03-40d5-954f-92ebcce83a64/full-build.log:1594: trailing whitespace.
+### mwldeppc.exe Linker Warning:
eternal-darkness-decomp/reports/GEDE01/attempt-78696cb5-6b03-40d5-954f-92ebcce83a64/full-build.log:1595: trailing whitespace.
+#   Section '.ignored' is unknown. Section ignored.
eternal-darkness-decomp/reports/GEDE01/attempt-78696cb5-6b03-40d5-954f-92ebcce83a64/full-build.log:1596: trailing whitespace.
+### mwldeppc.exe Linker Warning:
eternal-darkness-decomp/reports/GEDE01/attempt-78696cb5-6b03-40d5-954f-92ebcce83a64/full-build.log:1597: trailing whitespace.
+#   Section '.ignored' is unknown. Section ignored.
eternal-darkness-decomp/reports/GEDE01/attempt-78696cb5-6b03-40d5-954f-92ebcce83a64/full-build.log:1598: trailing whitespace.
+### mwldeppc.exe Linker Warning:
eternal-darkness-decomp/reports/GEDE01/attempt-78696cb5-6b03-40d5-954f-92ebcce83a64/full-build.log:1599: trailing whitespace.
+#   Section '.ignored' is unknown. Section ignored.
eternal-darkness-decomp/reports/GEDE01/attempt-78696cb5-6b03-40d5-954f-92ebcce83a64/full-build.log:1600: trailing whitespace.
+### mwldeppc.exe Linker Warning:
eternal-darkness-decomp/reports/GEDE01/attempt-78696cb5-6b03-40d5-954f-92ebcce83a64/full-build.log:1601: trailing whitespace.
+#   Section '.ignored' is unknown. Section ignored.
eternal-darkness-decomp/reports/GEDE01/attempt-78696cb5-6b03-40d5-954f-92ebcce83a64/full-build.log:1602: trailing whitespace.
+### mwldeppc.exe Linker Warning:
eternal-darkness-decomp/reports/GEDE01/attempt-78696cb5-6b03-40d5-954f-92ebcce83a64/full-build.log:1603: trailing whitespace.
+#   Section '.ignored' is unknown. Section ignored.
eternal-darkness-decomp/reports/GEDE01/attempt-78696cb5-6b03-40d5-954f-92ebcce83a64/full-build.log:1604: trailing whitespace.
+### mwldeppc.exe Linker Warning:
eternal-darkness-decomp/reports/GEDE01/attempt-78696cb5-6b03-40d5-954f-92ebcce83a64/full-build.log:1605: trailing whitespace.
+#   Section '.ignored' is unknown. Section ignored.
eternal-darkness-decomp/reports/GEDE01/attempt-78696cb5-6b03-40d5-954f-92ebcce83a64/full-build.log:1606: trailing whitespace.
+### mwldeppc.exe Linker Warning:
eternal-darkness-decomp/reports/GEDE01/attempt-78696cb5-6b03-40d5-954f-92ebcce83a64/full-build.log:1607: trailing whitespace.
+#   Section '.ignored' is unknown. Section ignored.
eternal-darkness-decomp/reports/GEDE01/attempt-78696cb5-6b03-40d5-954f-92ebcce83a64/full-build.log:1608: trailing whitespace.
+### mwldeppc.exe Linker Warning:
eternal-darkness-decomp/reports/GEDE01/attempt-78696cb5-6b03-40d5-954f-92ebcce83a64/full-build.log:1609: trailing whitespace.
+#   Section '.ignored' is unknown. Section ignored.
eternal-darkness-decomp/reports/GEDE01/attempt-78696cb5-6b03-40d5-954f-92ebcce83a64/full-build.log:1610: trailing whitespace.
+### mwldeppc.exe Linker Warning:
eternal-darkness-decomp/reports/GEDE01/attempt-78696cb5-6b03-40d5-954f-92ebcce83a64/full-build.log:1611: trailing whitespace.
+#   Section '.ignored' is unknown. Section ignored.
eternal-darkness-decomp/reports/GEDE01/attempt-78696cb5-6b03-40d5-954f-92ebcce83a64/full-build.log:1612: trailing whitespace.
+### mwldeppc.exe Linker Warning:
eternal-darkness-decomp/reports/GEDE01/attempt-78696cb5-6b03-40d5-954f-92ebcce83a64/full-build.log:1613: trailing whitespace.
+#   Section '.ignored' is unknown. Section ignored.
eternal-darkness-decomp/reports/GEDE01/attempt-78696cb5-6b03-40d5-954f-92ebcce83a64/full-build.log:1614: trailing whitespace.
+### mwldeppc.exe Linker Warning:
eternal-darkness-decomp/reports/GEDE01/attempt-78696cb5-6b03-40d5-954f-92ebcce83a64/full-build.log:1615: trailing whitespace.
+#   Section '.ignored' is unknown. Section ignored.
eternal-darkness-decomp/reports/GEDE01/attempt-78696cb5-6b03-40d5-954f-92ebcce83a64/full-build.log:1616: trailing whitespace.
+### mwldeppc.exe Linker Warning:
eternal-darkness-decomp/reports/GEDE01/attempt-78696cb5-6b03-40d5-954f-92ebcce83a64/full-build.log:1617: trailing whitespace.
+#   Section '.ignored' is unknown. Section ignored.
eternal-darkness-decomp/reports/GEDE01/attempt-78696cb5-6b03-40d5-954f-92ebcce83a64/full-build.log:1618: trailing whitespace.
+### mwldeppc.exe Linker Warning:
eternal-darkness-decomp/reports/GEDE01/attempt-78696cb5-6b03-40d5-954f-92ebcce83a64/full-build.log:1619: trailing whitespace.
+#   Section '.ignored' is unknown. Section ignored.
eternal-darkness-decomp/reports/GEDE01/attempt-78696cb5-6b03-40d5-954f-92ebcce83a64/full-build.log:1620: trailing whitespace.
+### mwldeppc.exe Linker Warning:
eternal-darkness-decomp/reports/GEDE01/attempt-78696cb5-6b03-40d5-954f-92ebcce83a64/full-build.log:1621: trailing whitespace.
+#   Section '.ignored' is unknown. Section ignored.
eternal-darkness-decomp/reports/GEDE01/attempt-78696cb5-6b03-40d5-954f-92ebcce83a64/full-build.log:1622: trailing whitespace.
+### mwldeppc.exe Linker Warning:
eternal-darkness-decomp/reports/GEDE01/attempt-78696cb5-6b03-40d5-954f-92ebcce83a64/full-build.log:1623: trailing whitespace.
+#   Section '.ignored' is unknown. Section ignored.
eternal-darkness-decomp/reports/GEDE01/attempt-78696cb5-6b03-40d5-954f-92ebcce83a64/full-build.log:1624: trailing whitespace.
+### mwldeppc.exe Linker Warning:
eternal-darkness-decomp/reports/GEDE01/attempt-78696cb5-6b03-40d5-954f-92ebcce83a64/full-build.log:1625: trailing whitespace.
+#   Section '.ignored' is unknown. Section ignored.
eternal-darkness-decomp/reports/GEDE01/attempt-78696cb5-6b03-40d5-954f-92ebcce83a64/full-build.log:1626: trailing whitespace.
+### mwldeppc.exe Linker Warning:
eternal-darkness-decomp/reports/GEDE01/attempt-78696cb5-6b03-40d5-954f-92ebcce83a64/full-build.log:1627: trailing whitespace.
+#   Section '.ignored' is unknown. Section ignored.
eternal-darkness-decomp/reports/GEDE01/attempt-78696cb5-6b03-40d5-954f-92ebcce83a64/full-build.log:1628: trailing whitespace.
+### mwldeppc.exe Linker Warning:
eternal-darkness-decomp/reports/GEDE01/attempt-78696cb5-6b03-40d5-954f-92ebcce83a64/full-build.log:1629: trailing whitespace.
+#   Section '.ignored' is unknown. Section ignored.
eternal-darkness-decomp/reports/GEDE01/attempt-78696cb5-6b03-40d5-954f-92ebcce83a64/full-build.log:1630: trailing whitespace.
+### mwldeppc.exe Linker Warning:
eternal-darkness-decomp/reports/GEDE01/attempt-78696cb5-6b03-40d5-954f-92ebcce83a64/full-build.log:1631: trailing whitespace.
+#   Section '.ignored' is unknown. Section ignored.
eternal-darkness-decomp/reports/GEDE01/attempt-78696cb5-6b03-40d5-954f-92ebcce83a64/full-build.log:1632: trailing whitespace.
+### mwldeppc.exe Linker Warning:
eternal-darkness-decomp/reports/GEDE01/attempt-78696cb5-6b03-40d5-954f-92ebcce83a64/full-build.log:1633: trailing whitespace.
+#   Section '.ignored' is unknown. Section ignored.
eternal-darkness-decomp/reports/GEDE01/attempt-78696cb5-6b03-40d5-954f-92ebcce83a64/full-build.log:1634: trailing whitespace.
+### mwldeppc.exe Linker Warning:
eternal-darkness-decomp/reports/GEDE01/attempt-78696cb5-6b03-40d5-954f-92ebcce83a64/full-build.log:1635: trailing whitespace.
+#   Section '.ignored' is unknown. Section ignored.
eternal-darkness-decomp/reports/GEDE01/attempt-78696cb5-6b03-40d5-954f-92ebcce83a64/full-build.log:1636: trailing whitespace.
+### mwldeppc.exe Linker Warning:
eternal-darkness-decomp/reports/GEDE01/attempt-78696cb5-6b03-40d5-954f-92ebcce83a64/full-build.log:1637: trailing whitespace.
+#   Section '.ignored' is unknown. Section ignored.
eternal-darkness-decomp/reports/GEDE01/attempt-78696cb5-6b03-40d5-954f-92ebcce83a64/full-build.log:1638: trailing whitespace.
+### mwldeppc.exe Linker Warning:
eternal-darkness-decomp/reports/GEDE01/attempt-78696cb5-6b03-40d5-954f-92ebcce83a64/full-build.log:1639: trailing whitespace.
+#   Section '.ignored' is unknown. Section ignored.
eternal-darkness-decomp/reports/GEDE01/attempt-78696cb5-6b03-40d5-954f-92ebcce83a64/full-build.log:1640: trailing whitespace.
+### mwldeppc.exe Linker Warning:
eternal-darkness-decomp/reports/GEDE01/attempt-78696cb5-6b03-40d5-954f-92ebcce83a64/full-build.log:1641: trailing whitespace.
+#   Section '.ignored' is unknown. Section ignored.
eternal-darkness-decomp/reports/GEDE01/attempt-78696cb5-6b03-40d5-954f-92ebcce83a64/full-build.log:1642: trailing whitespace.
+### mwldeppc.exe Linker Warning:
eternal-darkness-decomp/reports/GEDE01/attempt-78696cb5-6b03-40d5-954f-92ebcce83a64/full-build.log:1643: trailing whitespace.
+#   Section '.ignored' is unknown. Section ignored.
eternal-darkness-decomp/reports/GEDE01/attempt-78696cb5-6b03-40d5-954f-92ebcce83a64/full-build.log:1644: trailing whitespace.
+### mwldeppc.exe Linker Warning:
eternal-darkness-decomp/reports/GEDE01/attempt-78696cb5-6b03-40d5-954f-92ebcce83a64/full-build.log:1645: trailing whitespace.
+#   Section '.ignored' is unknown. Section ignored.
eternal-darkness-decomp/reports/GEDE01/attempt-78696cb5-6b03-40d5-954f-92ebcce83a64/full-build.log:1646: trailing whitespace.
+### mwldeppc.exe Linker Warning:
eternal-darkness-decomp/reports/GEDE01/attempt-78696cb5-6b03-40d5-954f-92ebcce83a64/full-build.log:1647: trailing whitespace.
+#   Section '.ignored' is unknown. Section ignored.
eternal-darkness-decomp/reports/GEDE01/attempt-78696cb5-6b03-40d5-954f-92ebcce83a64/full-build.log:1648: trailing whitespace.
+### mwldeppc.exe Linker Warning:
eternal-darkness-decomp/reports/GEDE01/attempt-78696cb5-6b03-40d5-954f-92ebcce83a64/full-build.log:1649: trailing whitespace.
+#   Section '.ignored' is unknown. Section ignored.
eternal-darkness-decomp/reports/GEDE01/attempt-78696cb5-6b03-40d5-954f-92ebcce83a64/full-build.log:1650: trailing whitespace.
+### mwldeppc.exe Linker Warning:
eternal-darkness-decomp/reports/GEDE01/attempt-78696cb5-6b03-40d5-954f-92ebcce83a64/full-build.log:1651: trailing whitespace.
+#   Section '.ignored' is unknown. Section ignored.
eternal-darkness-decomp/reports/GEDE01/attempt-78696cb5-6b03-40d5-954f-92ebcce83a64/full-build.log:1652: trailing whitespace.
+### mwldeppc.exe Linker Warning:
eternal-darkness-decomp/reports/GEDE01/attempt-78696cb5-6b03-40d5-954f-92ebcce83a64/full-build.log:1653: trailing whitespace.
+#   Section '.ignored' is unknown. Section ignored.
eternal-darkness-decomp/reports/GEDE01/attempt-78696cb5-6b03-40d5-954f-92ebcce83a64/full-build.log:1654: trailing whitespace.
+### mwldeppc.exe Linker Warning:
eternal-darkness-decomp/reports/GEDE01/attempt-78696cb5-6b03-40d5-954f-92ebcce83a64/full-build.log:1655: trailing whitespace.
+#   Section '.ignored' is unknown. Section ignored.
eternal-darkness-decomp/reports/GEDE01/attempt-78696cb5-6b03-40d5-954f-92ebcce83a64/full-build.log:1656: trailing whitespace.
+### mwldeppc.exe Linker Warning:
eternal-darkness-decomp/reports/GEDE01/attempt-78696cb5-6b03-40d5-954f-92ebcce83a64/full-build.log:1657: trailing whitespace.
+#   Section '.ignored' is unknown. Section ignored.
eternal-darkness-decomp/reports/GEDE01/attempt-78696cb5-6b03-40d5-954f-92ebcce83a64/full-build.log:1658: trailing whitespace.
+### mwldeppc.exe Linker Warning:
eternal-darkness-decomp/reports/GEDE01/attempt-78696cb5-6b03-40d5-954f-92ebcce83a64/full-build.log:1659: trailing whitespace.
+#   Section '.ignored' is unknown. Section ignored.
eternal-darkness-decomp/reports/GEDE01/attempt-78696cb5-6b03-40d5-954f-92ebcce83a64/full-build.log:1660: trailing whitespace.
+### mwldeppc.exe Linker Warning:
eternal-darkness-decomp/reports/GEDE01/attempt-78696cb5-6b03-40d5-954f-92ebcce83a64/full-build.log:1661: trailing whitespace.
+#   Section '.ignored' is unknown. Section ignored.
eternal-darkness-decomp/reports/GEDE01/attempt-78696cb5-6b03-40d5-954f-92ebcce83a64/full-build.log:1662: trailing whitespace.
+### mwldeppc.exe Linker Warning:
eternal-darkness-decomp/reports/GEDE01/attempt-78696cb5-6b03-40d5-954f-92ebcce83a64/full-build.log:1663: trailing whitespace.
+#   Section '.ignored' is unknown. Section ignored.
eternal-darkness-decomp/reports/GEDE01/attempt-78696cb5-6b03-40d5-954f-92ebcce83a64/full-build.log:1664: trailing whitespace.
+### mwldeppc.exe Linker Warning:
eternal-darkness-decomp/reports/GEDE01/attempt-78696cb5-6b03-40d5-954f-92ebcce83a64/full-build.log:1665: trailing whitespace.
+#   Section '.ignored' is unknown. Section ignored.
eternal-darkness-decomp/reports/GEDE01/attempt-78696cb5-6b03-40d5-954f-92ebcce83a64/full-build.log:1666: trailing whitespace.
+### mwldeppc.exe Linker Warning:
eternal-darkness-decomp/reports/GEDE01/attempt-78696cb5-6b03-40d5-954f-92ebcce83a64/full-build.log:1667: trailing whitespace.
+#   Section '.ignored' is unknown. Section ignored.
eternal-darkness-decomp/reports/GEDE01/attempt-78696cb5-6b03-40d5-954f-92ebcce83a64/full-build.log:1668: trailing whitespace.
+### mwldeppc.exe Linker Warning:
eternal-darkness-decomp/reports/GEDE01/attempt-78696cb5-6b03-40d5-954f-92ebcce83a64/full-build.log:1669: trailing whitespace.
+#   Section '.ignored' is unknown. Section ignored.
eternal-darkness-decomp/reports/GEDE01/attempt-78696cb5-6b03-40d5-954f-92ebcce83a64/full-build.log:1670: trailing whitespace.
+### mwldeppc.exe Linker Warning:
eternal-darkness-decomp/reports/GEDE01/attempt-78696cb5-6b03-40d5-954f-92ebcce83a64/full-build.log:1671: trailing whitespace.
+#   Section '.ignored' is unknown. Section ignored.
eternal-darkness-decomp/reports/GEDE01/attempt-78696cb5-6b03-40d5-954f-92ebcce83a64/full-build.log:1672: trailing whitespace.
+### mwldeppc.exe Linker Warning:
eternal-darkness-decomp/reports/GEDE01/attempt-78696cb5-6b03-40d5-954f-92ebcce83a64/full-build.log:1673: trailing whitespace.
+#   Section '.ignored' is unknown. Section ignored.
eternal-darkness-decomp/reports/GEDE01/attempt-78696cb5-6b03-40d5-954f-92ebcce83a64/full-build.log:1674: trailing whitespace.
+### mwldeppc.exe Linker Warning:
eternal-darkness-decomp/reports/GEDE01/attempt-78696cb5-6b03-40d5-954f-92ebcce83a64/full-build.log:1675: trailing whitespace.
+#   Section '.ignored' is unknown. Section ignored.
eternal-darkness-decomp/reports/GEDE01/attempt-78696cb5-6b03-40d5-954f-92ebcce83a64/full-build.log:1676: trailing whitespace.
+### mwldeppc.exe Linker Warning:
eternal-darkness-decomp/reports/GEDE01/attempt-78696cb5-6b03-40d5-954f-92ebcce83a64/full-build.log:1677: trailing whitespace.
+#   Section '.ignored' is unknown. Section ignored.
eternal-darkness-decomp/reports/GEDE01/attempt-78696cb5-6b03-40d5-954f-92ebcce83a64/full-build.log:1678: trailing whitespace.
+### mwldeppc.exe Linker Warning:
eternal-darkness-decomp/reports/GEDE01/attempt-78696cb5-6b03-40d5-954f-92ebcce83a64/full-build.log:1679: trailing whitespace.
+#   Section '.ignored' is unknown. Section ignored.
eternal-darkness-decomp/reports/GEDE01/attempt-78696cb5-6b03-40d5-954f-92ebcce83a64/full-build.log:1680: trailing whitespace.
+### mwldeppc.exe Linker Warning:
eternal-darkness-decomp/reports/GEDE01/attempt-78696cb5-6b03-40d5-954f-92ebcce83a64/full-build.log:1681: trailing whitespace.
+#   Section '.ignored' is unknown. Section ignored.
eternal-darkness-decomp/reports/GEDE01/attempt-78696cb5-6b03-40d5-954f-92ebcce83a64/full-build.log:1682: trailing whitespace.
+### mwldeppc.exe Linker Warning:
eternal-darkness-decomp/reports/GEDE01/attempt-78696cb5-6b03-40d5-954f-92ebcce83a64/full-build.log:1683: trailing whitespace.
+#   Section '.ignored' is unknown. Section ignored.
eternal-darkness-decomp/reports/GEDE01/attempt-78696cb5-6b03-40d5-954f-92ebcce83a64/full-build.log:1684: trailing whitespace.
+### mwldeppc.exe Linker Warning:
eternal-darkness-decomp/reports/GEDE01/attempt-78696cb5-6b03-40d5-954f-92ebcce83a64/full-build.log:1685: trailing whitespace.
+#   Section '.ignored' is unknown. Section ignored.
eternal-darkness-decomp/reports/GEDE01/attempt-78696cb5-6b03-40d5-954f-92ebcce83a64/full-build.log:1686: trailing whitespace.
+### mwldeppc.exe Linker Warning:
eternal-darkness-decomp/reports/GEDE01/attempt-78696cb5-6b03-40d5-954f-92ebcce83a64/full-build.log:1687: trailing whitespace.
+#   Section '.ignored' is unknown. Section ignored.
eternal-darkness-decomp/reports/GEDE01/attempt-78696cb5-6b03-40d5-954f-92ebcce83a64/full-build.log:1688: trailing whitespace.
+### mwldeppc.exe Linker Warning:
eternal-darkness-decomp/reports/GEDE01/attempt-78696cb5-6b03-40d5-954f-92ebcce83a64/full-build.log:1689: trailing whitespace.
+#   Section '.ignored' is unknown. Section ignored.
eternal-darkness-decomp/reports/GEDE01/attempt-78696cb5-6b03-40d5-954f-92ebcce83a64/full-build.log:1690: trailing whitespace.
+### mwldeppc.exe Linker Warning:
eternal-darkness-decomp/reports/GEDE01/attempt-78696cb5-6b03-40d5-954f-92ebcce83a64/full-build.log:1691: trailing whitespace.
+#   Section '.ignored' is unknown. Section ignored.
eternal-darkness-decomp/reports/GEDE01/attempt-78696cb5-6b03-40d5-954f-92ebcce83a64/full-build.log:1692: trailing whitespace.
+### mwldeppc.exe Linker Warning:
eternal-darkness-decomp/reports/GEDE01/attempt-78696cb5-6b03-40d5-954f-92ebcce83a64/full-build.log:1693: trailing whitespace.
+#   Section '.ignored' is unknown. Section ignored.
eternal-darkness-decomp/reports/GEDE01/attempt-78696cb5-6b03-40d5-954f-92ebcce83a64/full-build.log:1694: trailing whitespace.
+### mwldeppc.exe Linker Warning:
eternal-darkness-decomp/reports/GEDE01/attempt-78696cb5-6b03-40d5-954f-92ebcce83a64/full-build.log:1695: trailing whitespace.
+#   Section '.ignored' is unknown. Section ignored.
eternal-darkness-decomp/reports/GEDE01/attempt-78696cb5-6b03-40d5-954f-92ebcce83a64/full-build.log:1696: trailing whitespace.
+### mwldeppc.exe Linker Warning:
eternal-darkness-decomp/reports/GEDE01/attempt-78696cb5-6b03-40d5-954f-92ebcce83a64/full-build.log:1697: trailing whitespace.
+#   Section '.ignored' is unknown. Section ignored.
eternal-darkness-decomp/reports/GEDE01/attempt-78696cb5-6b03-40d5-954f-92ebcce83a64/full-build.log:1698: trailing whitespace.
+### mwldeppc.exe Linker Warning:
eternal-darkness-decomp/reports/GEDE01/attempt-78696cb5-6b03-40d5-954f-92ebcce83a64/full-build.log:1699: trailing whitespace.
+#   Section '.ignored' is unknown. Section ignored.
eternal-darkness-decomp/reports/GEDE01/attempt-78696cb5-6b03-40d5-954f-92ebcce83a64/full-build.log:1700: trailing whitespace.
+### mwldeppc.exe Linker Warning:
eternal-darkness-decomp/reports/GEDE01/attempt-78696cb5-6b03-40d5-954f-92ebcce83a64/full-build.log:1701: trailing whitespace.
+#   Section '.ignored' is unknown. Section ignored.
eternal-darkness-decomp/reports/GEDE01/attempt-78696cb5-6b03-40d5-954f-92ebcce83a64/full-build.log:1702: trailing whitespace.
+### mwldeppc.exe Linker Warning:
eternal-darkness-decomp/reports/GEDE01/attempt-78696cb5-6b03-40d5-954f-92ebcce83a64/full-build.log:1703: trailing whitespace.
+#   Section '.ignored' is unknown. Section ignored.
eternal-darkness-decomp/reports/GEDE01/attempt-78696cb5-6b03-40d5-954f-92ebcce83a64/full-build.log:1704: trailing whitespace.
+### mwldeppc.exe Linker Warning:
eternal-darkness-decomp/reports/GEDE01/attempt-78696cb5-6b03-40d5-954f-92ebcce83a64/full-build.log:1705: trailing whitespace.
+#   Section '.ignored' is unknown. Section ignored.
eternal-darkness-decomp/reports/GEDE01/attempt-78696cb5-6b03-40d5-954f-92ebcce83a64/full-build.log:1706: trailing whitespace.
+### mwldeppc.exe Linker Warning:
eternal-darkness-decomp/reports/GEDE01/attempt-78696cb5-6b03-40d5-954f-92ebcce83a64/full-build.log:1707: trailing whitespace.
+#   Section '.ignored' is unknown. Section ignored.
eternal-darkness-decomp/reports/GEDE01/attempt-78696cb5-6b03-40d5-954f-92ebcce83a64/full-build.log:1708: trailing whitespace.
+### mwldeppc.exe Linker Warning:
eternal-darkness-decomp/reports/GEDE01/attempt-78696cb5-6b03-40d5-954f-92ebcce83a64/full-build.log:1709: trailing whitespace.
+#   Section '.ignored' is unknown. Section ignored.
eternal-darkness-decomp/reports/GEDE01/attempt-78696cb5-6b03-40d5-954f-92ebcce83a64/full-build.log:1710: trailing whitespace.
+### mwldeppc.exe Linker Warning:
eternal-darkness-decomp/reports/GEDE01/attempt-78696cb5-6b03-40d5-954f-92ebcce83a64/full-build.log:1711: trailing whitespace.
+#   Section '.ignored' is unknown. Section ignored.
eternal-darkness-decomp/reports/GEDE01/attempt-78696cb5-6b03-40d5-954f-92ebcce83a64/full-build.log:1712: trailing whitespace.
+### mwldeppc.exe Linker Warning:
eternal-darkness-decomp/reports/GEDE01/attempt-78696cb5-6b03-40d5-954f-92ebcce83a64/full-build.log:1713: trailing whitespace.
+#   Section '.ignored' is unknown. Section ignored.
eternal-darkness-decomp/reports/GEDE01/attempt-78696cb5-6b03-40d5-954f-92ebcce83a64/full-build.log:1714: trailing whitespace.
+### mwldeppc.exe Linker Warning:
eternal-darkness-decomp/reports/GEDE01/attempt-78696cb5-6b03-40d5-954f-92ebcce83a64/full-build.log:1715: trailing whitespace.
+#   Section '.ignored' is unknown. Section ignored.
eternal-darkness-decomp/reports/GEDE01/attempt-78696cb5-6b03-40d5-954f-92ebcce83a64/full-build.log:1716: trailing whitespace.
+### mwldeppc.exe Linker Warning:
eternal-darkness-decomp/reports/GEDE01/attempt-78696cb5-6b03-40d5-954f-92ebcce83a64/full-build.log:1717: trailing whitespace.
+#   Section '.ignored' is unknown. Section ignored.
eternal-darkness-decomp/reports/GEDE01/attempt-78696cb5-6b03-40d5-954f-92ebcce83a64/full-build.log:1718: trailing whitespace.
+### mwldeppc.exe Linker Warning:
eternal-darkness-decomp/reports/GEDE01/attempt-78696cb5-6b03-40d5-954f-92ebcce83a64/full-build.log:1719: trailing whitespace.
+#   Section '.ignored' is unknown. Section ignored.
eternal-darkness-decomp/reports/GEDE01/attempt-78696cb5-6b03-40d5-954f-92ebcce83a64/full-build.log:1720: trailing whitespace.
+### mwldeppc.exe Linker Warning:
eternal-darkness-decomp/reports/GEDE01/attempt-78696cb5-6b03-40d5-954f-92ebcce83a64/full-build.log:1721: trailing whitespace.
+#   Section '.ignored' is unknown. Section ignored.
eternal-darkness-decomp/reports/GEDE01/attempt-78696cb5-6b03-40d5-954f-92ebcce83a64/full-build.log:1722: trailing whitespace.
+### mwldeppc.exe Linker Warning:
eternal-darkness-decomp/reports/GEDE01/attempt-78696cb5-6b03-40d5-954f-92ebcce83a64/full-build.log:1723: trailing whitespace.
+#   Section '.ignored' is unknown. Section ignored.
eternal-darkness-decomp/reports/GEDE01/attempt-78696cb5-6b03-40d5-954f-92ebcce83a64/full-build.log:1724: trailing whitespace.
+### mwldeppc.exe Linker Warning:
eternal-darkness-decomp/reports/GEDE01/attempt-78696cb5-6b03-40d5-954f-92ebcce83a64/full-build.log:1725: trailing whitespace.
+#   Section '.ignored' is unknown. Section ignored.
eternal-darkness-decomp/reports/GEDE01/attempt-78696cb5-6b03-40d5-954f-92ebcce83a64/full-build.log:1726: trailing whitespace.
+### mwldeppc.exe Linker Warning:
eternal-darkness-decomp/reports/GEDE01/attempt-78696cb5-6b03-40d5-954f-92ebcce83a64/full-build.log:1727: trailing whitespace.
+#   Section '.ignored' is unknown. Section ignored.
eternal-darkness-decomp/reports/GEDE01/attempt-78696cb5-6b03-40d5-954f-92ebcce83a64/full-build.log:1728: trailing whitespace.
+### mwldeppc.exe Linker Warning:
eternal-darkness-decomp/reports/GEDE01/attempt-78696cb5-6b03-40d5-954f-92ebcce83a64/full-build.log:1729: trailing whitespace.
+#   Section '.ignored' is unknown. Section ignored.
eternal-darkness-decomp/reports/GEDE01/attempt-78696cb5-6b03-40d5-954f-92ebcce83a64/full-build.log:1730: trailing whitespace.
+### mwldeppc.exe Linker Warning:
eternal-darkness-decomp/reports/GEDE01/attempt-78696cb5-6b03-40d5-954f-92ebcce83a64/full-build.log:1731: trailing whitespace.
+#   Section '.ignored' is unknown. Section ignored.
eternal-darkness-decomp/reports/GEDE01/attempt-78696cb5-6b03-40d5-954f-92ebcce83a64/full-build.log:1732: trailing whitespace.
+### mwldeppc.exe Linker Warning:
eternal-darkness-decomp/reports/GEDE01/attempt-78696cb5-6b03-40d5-954f-92ebcce83a64/full-build.log:1733: trailing whitespace.
+#   Section '.ignored' is unknown. Section ignored.
eternal-darkness-decomp/reports/GEDE01/attempt-78696cb5-6b03-40d5-954f-92ebcce83a64/full-build.log:1734: trailing whitespace.
+### mwldeppc.exe Linker Warning:
eternal-darkness-decomp/reports/GEDE01/attempt-78696cb5-6b03-40d5-954f-92ebcce83a64/full-build.log:1735: trailing whitespace.
+#   Section '.ignored' is unknown. Section ignored.
eternal-darkness-decomp/reports/GEDE01/attempt-78696cb5-6b03-40d5-954f-92ebcce83a64/full-build.log:1736: trailing whitespace.
+### mwldeppc.exe Linker Warning:
eternal-darkness-decomp/reports/GEDE01/attempt-78696cb5-6b03-40d5-954f-92ebcce83a64/full-build.log:1737: trailing whitespace.
+#   Section '.ignored' is unknown. Section ignored.
eternal-darkness-decomp/reports/GEDE01/attempt-78696cb5-6b03-40d5-954f-92ebcce83a64/full-build.log:1738: trailing whitespace.
+### mwldeppc.exe Linker Warning:
eternal-darkness-decomp/reports/GEDE01/attempt-78696cb5-6b03-40d5-954f-92ebcce83a64/full-build.log:1739: trailing whitespace.
+#   Section '.ignored' is unknown. Section ignored.
eternal-darkness-decomp/reports/GEDE01/attempt-78696cb5-6b03-40d5-954f-92ebcce83a64/full-build.log:1740: trailing whitespace.
+### mwldeppc.exe Linker Warning:
eternal-darkness-decomp/reports/GEDE01/attempt-78696cb5-6b03-40d5-954f-92ebcce83a64/full-build.log:1741: trailing whitespace.
+#   Section '.ignored' is unknown. Section ignored.
eternal-darkness-decomp/reports/GEDE01/attempt-78696cb5-6b03-40d5-954f-92ebcce83a64/full-build.log:1742: trailing whitespace.
+### mwldeppc.exe Linker Warning:
eternal-darkness-decomp/reports/GEDE01/attempt-78696cb5-6b03-40d5-954f-92ebcce83a64/full-build.log:1743: trailing whitespace.
+#   Section '.ignored' is unknown. Section ignored.
eternal-darkness-decomp/reports/GEDE01/attempt-78696cb5-6b03-40d5-954f-92ebcce83a64/full-build.log:1744: trailing whitespace.
+### mwldeppc.exe Linker Warning:
eternal-darkness-decomp/reports/GEDE01/attempt-78696cb5-6b03-40d5-954f-92ebcce83a64/full-build.log:1745: trailing whitespace.
+#   Section '.ignored' is unknown. Section ignored.
eternal-darkness-decomp/reports/GEDE01/attempt-78696cb5-6b03-40d5-954f-92ebcce83a64/full-build.log:1746: trailing whitespace.
+### mwldeppc.exe Linker Warning:
eternal-darkness-decomp/reports/GEDE01/attempt-78696cb5-6b03-40d5-954f-92ebcce83a64/full-build.log:1747: trailing whitespace.
+#   Section '.ignored' is unknown. Section ignored.
eternal-darkness-decomp/reports/GEDE01/attempt-78696cb5-6b03-40d5-954f-92ebcce83a64/full-build.log:1748: trailing whitespace.
+### mwldeppc.exe Linker Warning:
eternal-darkness-decomp/reports/GEDE01/attempt-78696cb5-6b03-40d5-954f-92ebcce83a64/full-build.log:1749: trailing whitespace.
+#   Section '.ignored' is unknown. Section ignored.
eternal-darkness-decomp/reports/GEDE01/attempt-78696cb5-6b03-40d5-954f-92ebcce83a64/full-build.log:1750: trailing whitespace.
+### mwldeppc.exe Linker Warning:
eternal-darkness-decomp/reports/GEDE01/attempt-78696cb5-6b03-40d5-954f-92ebcce83a64/full-build.log:1751: trailing whitespace.
+#   Section '.ignored' is unknown. Section ignored.
eternal-darkness-decomp/reports/GEDE01/attempt-78696cb5-6b03-40d5-954f-92ebcce83a64/full-build.log:1752: trailing whitespace.
+### mwldeppc.exe Linker Warning:
eternal-darkness-decomp/reports/GEDE01/attempt-78696cb5-6b03-40d5-954f-92ebcce83a64/full-build.log:1753: trailing whitespace.
+#   Section '.ignored' is unknown. Section ignored.
eternal-darkness-decomp/reports/GEDE01/attempt-78696cb5-6b03-40d5-954f-92ebcce83a64/full-build.log:1754: trailing whitespace.
+### mwldeppc.exe Linker Warning:
eternal-darkness-decomp/reports/GEDE01/attempt-78696cb5-6b03-40d5-954f-92ebcce83a64/full-build.log:1755: trailing whitespace.
+#   Section '.ignored' is unknown. Section ignored.
eternal-darkness-decomp/reports/GEDE01/attempt-78696cb5-6b03-40d5-954f-92ebcce83a64/full-build.log:1756: trailing whitespace.
+### mwldeppc.exe Linker Warning:
eternal-darkness-decomp/reports/GEDE01/attempt-78696cb5-6b03-40d5-954f-92ebcce83a64/full-build.log:1757: trailing whitespace.
+#   Section '.ignored' is unknown. Section ignored.
eternal-darkness-decomp/reports/GEDE01/attempt-78696cb5-6b03-40d5-954f-92ebcce83a64/full-build.log:1758: trailing whitespace.
+### mwldeppc.exe Linker Warning:
eternal-darkness-decomp/reports/GEDE01/attempt-78696cb5-6b03-40d5-954f-92ebcce83a64/full-build.log:1759: trailing whitespace.
+#   Section '.ignored' is unknown. Section ignored.
eternal-darkness-decomp/reports/GEDE01/attempt-78696cb5-6b03-40d5-954f-92ebcce83a64/full-build.log:1760: trailing whitespace.
+### mwldeppc.exe Linker Warning:
eternal-darkness-decomp/reports/GEDE01/attempt-78696cb5-6b03-40d5-954f-92ebcce83a64/full-build.log:1761: trailing whitespace.
+#   Section '.ignored' is unknown. Section ignored.
eternal-darkness-decomp/reports/GEDE01/attempt-78696cb5-6b03-40d5-954f-92ebcce83a64/full-build.log:1762: trailing whitespace.
+### mwldeppc.exe Linker Warning:
eternal-darkness-decomp/reports/GEDE01/attempt-78696cb5-6b03-40d5-954f-92ebcce83a64/full-build.log:1763: trailing whitespace.
+#   Section '.ignored' is unknown. Section ignored.
eternal-darkness-decomp/reports/GEDE01/attempt-78696cb5-6b03-40d5-954f-92ebcce83a64/full-build.log:1764: trailing whitespace.
+### mwldeppc.exe Linker Warning:
eternal-darkness-decomp/reports/GEDE01/attempt-78696cb5-6b03-40d5-954f-92ebcce83a64/full-build.log:1765: trailing whitespace.
+#   Section '.ignored' is unknown. Section ignored.
eternal-darkness-decomp/reports/GEDE01/attempt-78696cb5-6b03-40d5-954f-92ebcce83a64/full-build.log:1766: trailing whitespace.
+### mwldeppc.exe Linker Warning:
eternal-darkness-decomp/reports/GEDE01/attempt-78696cb5-6b03-40d5-954f-92ebcce83a64/full-build.log:1767: trailing whitespace.
+#   Section '.ignored' is unknown. Section ignored.
eternal-darkness-decomp/reports/GEDE01/attempt-78696cb5-6b03-40d5-954f-92ebcce83a64/full-build.log:1768: trailing whitespace.
+### mwldeppc.exe Linker Warning:
eternal-darkness-decomp/reports/GEDE01/attempt-78696cb5-6b03-40d5-954f-92ebcce83a64/full-build.log:1769: trailing whitespace.
+#   Section '.ignored' is unknown. Section ignored.
eternal-darkness-decomp/reports/GEDE01/attempt-78696cb5-6b03-40d5-954f-92ebcce83a64/full-build.log:1770: trailing whitespace.
+### mwldeppc.exe Linker Warning:
eternal-darkness-decomp/reports/GEDE01/attempt-78696cb5-6b03-40d5-954f-92ebcce83a64/full-build.log:1771: trailing whitespace.
+#   Section '.ignored' is unknown. Section ignored.
eternal-darkness-decomp/reports/GEDE01/attempt-78696cb5-6b03-40d5-954f-92ebcce83a64/full-build.log:1772: trailing whitespace.
+### mwldeppc.exe Linker Warning:
eternal-darkness-decomp/reports/GEDE01/attempt-78696cb5-6b03-40d5-954f-92ebcce83a64/full-build.log:1773: trailing whitespace.
+#   Section '.ignored' is unknown. Section ignored.
eternal-darkness-decomp/reports/GEDE01/attempt-78696cb5-6b03-40d5-954f-92ebcce83a64/full-build.log:1774: trailing whitespace.
+### mwldeppc.exe Linker Warning:
eternal-darkness-decomp/reports/GEDE01/attempt-78696cb5-6b03-40d5-954f-92ebcce83a64/full-build.log:1775: trailing whitespace.
+#   Section '.ignored' is unknown. Section ignored.
eternal-darkness-decomp/reports/GEDE01/attempt-78696cb5-6b03-40d5-954f-92ebcce83a64/full-build.log:1776: trailing whitespace.
+### mwldeppc.exe Linker Warning:
eternal-darkness-decomp/reports/GEDE01/attempt-78696cb5-6b03-40d5-954f-92ebcce83a64/full-build.log:1777: trailing whitespace.
+#   Section '.ignored' is unknown. Section ignored.
eternal-darkness-decomp/reports/GEDE01/attempt-78696cb5-6b03-40d5-954f-92ebcce83a64/full-build.log:1778: trailing whitespace.
+### mwldeppc.exe Linker Warning:
eternal-darkness-decomp/reports/GEDE01/attempt-78696cb5-6b03-40d5-954f-92ebcce83a64/full-build.log:1779: trailing whitespace.
+#   Section '.ignored' is unknown. Section ignored.
eternal-darkness-decomp/reports/GEDE01/attempt-78696cb5-6b03-40d5-954f-92ebcce83a64/full-build.log:1780: trailing whitespace.
+### mwldeppc.exe Linker Warning:
eternal-darkness-decomp/reports/GEDE01/attempt-78696cb5-6b03-40d5-954f-92ebcce83a64/full-build.log:1781: trailing whitespace.
+#   Section '.ignored' is unknown. Section ignored.
eternal-darkness-decomp/reports/GEDE01/attempt-78696cb5-6b03-40d5-954f-92ebcce83a64/full-build.log:1782: trailing whitespace.
+### mwldeppc.exe Linker Warning:
eternal-darkness-decomp/reports/GEDE01/attempt-78696cb5-6b03-40d5-954f-92ebcce83a64/full-build.log:1783: trailing whitespace.
+#   Section '.ignored' is unknown. Section ignored.
eternal-darkness-decomp/reports/GEDE01/attempt-78696cb5-6b03-40d5-954f-92ebcce83a64/full-build.log:1784: trailing whitespace.
+### mwldeppc.exe Linker Warning:
eternal-darkness-decomp/reports/GEDE01/attempt-78696cb5-6b03-40d5-954f-92ebcce83a64/full-build.log:1785: trailing whitespace.
+#   Section '.ignored' is unknown. Section ignored.
eternal-darkness-decomp/reports/GEDE01/attempt-78696cb5-6b03-40d5-954f-92ebcce83a64/full-build.log:1786: trailing whitespace.
+### mwldeppc.exe Linker Warning:
eternal-darkness-decomp/reports/GEDE01/attempt-78696cb5-6b03-40d5-954f-92ebcce83a64/full-build.log:1787: trailing whitespace.
+#   Section '.ignored' is unknown. Section ignored.
eternal-darkness-decomp/reports/GEDE01/attempt-78696cb5-6b03-40d5-954f-92ebcce83a64/full-build.log:1788: trailing whitespace.
+### mwldeppc.exe Linker Warning:
eternal-darkness-decomp/reports/GEDE01/attempt-78696cb5-6b03-40d5-954f-92ebcce83a64/full-build.log:1789: trailing whitespace.
+#   Section '.ignored' is unknown. Section ignored.
eternal-darkness-decomp/reports/GEDE01/attempt-78696cb5-6b03-40d5-954f-92ebcce83a64/full-build.log:1790: trailing whitespace.
+### mwldeppc.exe Linker Warning:
eternal-darkness-decomp/reports/GEDE01/attempt-78696cb5-6b03-40d5-954f-92ebcce83a64/full-build.log:1791: trailing whitespace.
+#   Section '.ignored' is unknown. Section ignored.
eternal-darkness-decomp/reports/GEDE01/attempt-78696cb5-6b03-40d5-954f-92ebcce83a64/full-build.log:1792: trailing whitespace.
+### mwldeppc.exe Linker Warning:
eternal-darkness-decomp/reports/GEDE01/attempt-78696cb5-6b03-40d5-954f-92ebcce83a64/full-build.log:1793: trailing whitespace.
+#   Section '.ignored' is unknown. Section ignored.
eternal-darkness-decomp/reports/GEDE01/attempt-78696cb5-6b03-40d5-954f-92ebcce83a64/full-build.log:1794: trailing whitespace.
+### mwldeppc.exe Linker Warning:
eternal-darkness-decomp/reports/GEDE01/attempt-78696cb5-6b03-40d5-954f-92ebcce83a64/full-build.log:1795: trailing whitespace.
+#   Section '.ignored' is unknown. Section ignored.
eternal-darkness-decomp/reports/GEDE01/attempt-78696cb5-6b03-40d5-954f-92ebcce83a64/full-build.log:1796: trailing whitespace.
+### mwldeppc.exe Linker Warning:
eternal-darkness-decomp/reports/GEDE01/attempt-78696cb5-6b03-40d5-954f-92ebcce83a64/full-build.log:1797: trailing whitespace.
+#   Section '.ignored' is unknown. Section ignored.
eternal-darkness-decomp/reports/GEDE01/attempt-78696cb5-6b03-40d5-954f-92ebcce83a64/full-build.log:1798: trailing whitespace.
+### mwldeppc.exe Linker Warning:
eternal-darkness-decomp/reports/GEDE01/attempt-78696cb5-6b03-40d5-954f-92ebcce83a64/full-build.log:1799: trailing whitespace.
+#   Section '.ignored' is unknown. Section ignored.
eternal-darkness-decomp/reports/GEDE01/attempt-78696cb5-6b03-40d5-954f-92ebcce83a64/full-build.log:1800: trailing whitespace.
+### mwldeppc.exe Linker Warning:
eternal-darkness-decomp/reports/GEDE01/attempt-78696cb5-6b03-40d5-954f-92ebcce83a64/full-build.log:1801: trailing whitespace.
+#   Section '.ignored' is unknown. Section ignored.
eternal-darkness-decomp/reports/GEDE01/attempt-78696cb5-6b03-40d5-954f-92ebcce83a64/full-build.log:1802: trailing whitespace.
+### mwldeppc.exe Linker Warning:
eternal-darkness-decomp/reports/GEDE01/attempt-78696cb5-6b03-40d5-954f-92ebcce83a64/full-build.log:1803: trailing whitespace.
+#   Section '.ignored' is unknown. Section ignored.
eternal-darkness-decomp/reports/GEDE01/attempt-78696cb5-6b03-40d5-954f-92ebcce83a64/full-build.log:1804: trailing whitespace.
+### mwldeppc.exe Linker Warning:
eternal-darkness-decomp/reports/GEDE01/attempt-78696cb5-6b03-40d5-954f-92ebcce83a64/full-build.log:1805: trailing whitespace.
+#   Section '.ignored' is unknown. Section ignored.
eternal-darkness-decomp/reports/GEDE01/attempt-78696cb5-6b03-40d5-954f-92ebcce83a64/full-build.log:1806: trailing whitespace.
+### mwldeppc.exe Linker Warning:
eternal-darkness-decomp/reports/GEDE01/attempt-78696cb5-6b03-40d5-954f-92ebcce83a64/full-build.log:1807: trailing whitespace.
+#   Section '.ignored' is unknown. Section ignored.
eternal-darkness-decomp/reports/GEDE01/attempt-78696cb5-6b03-40d5-954f-92ebcce83a64/full-build.log:1808: trailing whitespace.
+### mwldeppc.exe Linker Warning:
eternal-darkness-decomp/reports/GEDE01/attempt-78696cb5-6b03-40d5-954f-92ebcce83a64/full-build.log:1809: trailing whitespace.
+#   Section '.ignored' is unknown. Section ignored.
eternal-darkness-decomp/reports/GEDE01/attempt-78696cb5-6b03-40d5-954f-92ebcce83a64/full-build.log:1810: trailing whitespace.
+### mwldeppc.exe Linker Warning:
eternal-darkness-decomp/reports/GEDE01/attempt-78696cb5-6b03-40d5-954f-92ebcce83a64/full-build.log:1811: trailing whitespace.
+#   Section '.ignored' is unknown. Section ignored.
eternal-darkness-decomp/reports/GEDE01/attempt-78696cb5-6b03-40d5-954f-92ebcce83a64/full-build.log:1812: trailing whitespace.
+### mwldeppc.exe Linker Warning:
eternal-darkness-decomp/reports/GEDE01/attempt-78696cb5-6b03-40d5-954f-92ebcce83a64/full-build.log:1813: trailing whitespace.
+#   Section '.ignored' is unknown. Section ignored.
eternal-darkness-decomp/reports/GEDE01/attempt-78696cb5-6b03-40d5-954f-92ebcce83a64/full-build.log:1814: trailing whitespace.
+### mwldeppc.exe Linker Warning:
eternal-darkness-decomp/reports/GEDE01/attempt-78696cb5-6b03-40d5-954f-92ebcce83a64/full-build.log:1815: trailing whitespace.
+#   Section '.ignored' is unknown. Section ignored.
eternal-darkness-decomp/reports/GEDE01/attempt-78696cb5-6b03-40d5-954f-92ebcce83a64/full-build.log:1816: trailing whitespace.
+### mwldeppc.exe Linker Warning:
eternal-darkness-decomp/reports/GEDE01/attempt-78696cb5-6b03-40d5-954f-92ebcce83a64/full-build.log:1817: trailing whitespace.
+#   Section '.ignored' is unknown. Section ignored.
eternal-darkness-decomp/reports/GEDE01/attempt-78696cb5-6b03-40d5-954f-92ebcce83a64/full-build.log:1818: trailing whitespace.
+### mwldeppc.exe Linker Warning:
eternal-darkness-decomp/reports/GEDE01/attempt-78696cb5-6b03-40d5-954f-92ebcce83a64/full-build.log:1819: trailing whitespace.
+#   Section '.ignored' is unknown. Section ignored.
eternal-darkness-decomp/reports/GEDE01/attempt-78696cb5-6b03-40d5-954f-92ebcce83a64/full-build.log:1820: trailing whitespace.
+### mwldeppc.exe Linker Warning:
eternal-darkness-decomp/reports/GEDE01/attempt-78696cb5-6b03-40d5-954f-92ebcce83a64/full-build.log:1821: trailing whitespace.
+#   Section '.ignored' is unknown. Section ignored.
eternal-darkness-decomp/reports/GEDE01/attempt-78696cb5-6b03-40d5-954f-92ebcce83a64/full-build.log:1822: trailing whitespace.
+### mwldeppc.exe Linker Warning:
eternal-darkness-decomp/reports/GEDE01/attempt-78696cb5-6b03-40d5-954f-92ebcce83a64/full-build.log:1823: trailing whitespace.
+#   Section '.ignored' is unknown. Section ignored.
eternal-darkness-decomp/reports/GEDE01/attempt-78696cb5-6b03-40d5-954f-92ebcce83a64/full-build.log:1824: trailing whitespace.
+### mwldeppc.exe Linker Warning:
eternal-darkness-decomp/reports/GEDE01/attempt-78696cb5-6b03-40d5-954f-92ebcce83a64/full-build.log:1825: trailing whitespace.
+#   Section '.ignored' is unknown. Section ignored.
eternal-darkness-decomp/reports/GEDE01/attempt-78696cb5-6b03-40d5-954f-92ebcce83a64/full-build.log:1826: trailing whitespace.
+### mwldeppc.exe Linker Warning:
eternal-darkness-decomp/reports/GEDE01/attempt-78696cb5-6b03-40d5-954f-92ebcce83a64/full-build.log:1827: trailing whitespace.
+#   Section '.ignored' is unknown. Section ignored.
eternal-darkness-decomp/reports/GEDE01/attempt-78696cb5-6b03-40d5-954f-92ebcce83a64/full-build.log:1828: trailing whitespace.
+### mwldeppc.exe Linker Warning:
eternal-darkness-decomp/reports/GEDE01/attempt-78696cb5-6b03-40d5-954f-92ebcce83a64/full-build.log:1829: trailing whitespace.
+#   Section '.ignored' is unknown. Section ignored.
eternal-darkness-decomp/reports/GEDE01/attempt-78696cb5-6b03-40d5-954f-92ebcce83a64/full-build.log:1830: trailing whitespace.
+### mwldeppc.exe Linker Warning:
eternal-darkness-decomp/reports/GEDE01/attempt-78696cb5-6b03-40d5-954f-92ebcce83a64/full-build.log:1831: trailing whitespace.
+#   Section '.ignored' is unknown. Section ignored.
eternal-darkness-decomp/reports/GEDE01/attempt-78696cb5-6b03-40d5-954f-92ebcce83a64/full-build.log:1832: trailing whitespace.
+### mwldeppc.exe Linker Warning:
eternal-darkness-decomp/reports/GEDE01/attempt-78696cb5-6b03-40d5-954f-92ebcce83a64/full-build.log:1833: trailing whitespace.
+#   Section '.ignored' is unknown. Section ignored.
eternal-darkness-decomp/reports/GEDE01/attempt-78696cb5-6b03-40d5-954f-92ebcce83a64/full-build.log:1834: trailing whitespace.
+### mwldeppc.exe Linker Warning:
eternal-darkness-decomp/reports/GEDE01/attempt-78696cb5-6b03-40d5-954f-92ebcce83a64/full-build.log:1835: trailing whitespace.
+#   Section '.ignored' is unknown. Section ignored.
eternal-darkness-decomp/reports/GEDE01/attempt-78696cb5-6b03-40d5-954f-92ebcce83a64/full-build.log:1836: trailing whitespace.
+### mwldeppc.exe Linker Warning:
eternal-darkness-decomp/reports/GEDE01/attempt-78696cb5-6b03-40d5-954f-92ebcce83a64/full-build.log:1837: trailing whitespace.
+#   Section '.ignored' is unknown. Section ignored.
eternal-darkness-decomp/reports/GEDE01/attempt-78696cb5-6b03-40d5-954f-92ebcce83a64/full-build.log:1838: trailing whitespace.
+### mwldeppc.exe Linker Warning:
eternal-darkness-decomp/reports/GEDE01/attempt-78696cb5-6b03-40d5-954f-92ebcce83a64/full-build.log:1839: trailing whitespace.
+#   Section '.ignored' is unknown. Section ignored.
eternal-darkness-decomp/reports/GEDE01/attempt-78696cb5-6b03-40d5-954f-92ebcce83a64/full-build.log:1840: trailing whitespace.
+### mwldeppc.exe Linker Warning:
eternal-darkness-decomp/reports/GEDE01/attempt-78696cb5-6b03-40d5-954f-92ebcce83a64/full-build.log:1841: trailing whitespace.
+#   Section '.ignored' is unknown. Section ignored.
eternal-darkness-decomp/reports/GEDE01/attempt-78696cb5-6b03-40d5-954f-92ebcce83a64/full-build.log:1842: trailing whitespace.
+### mwldeppc.exe Linker Warning:
eternal-darkness-decomp/reports/GEDE01/attempt-78696cb5-6b03-40d5-954f-92ebcce83a64/full-build.log:1843: trailing whitespace.
+#   Section '.ignored' is unknown. Section ignored.
eternal-darkness-decomp/reports/GEDE01/attempt-78696cb5-6b03-40d5-954f-92ebcce83a64/full-build.log:1844: trailing whitespace.
+### mwldeppc.exe Linker Warning:
eternal-darkness-decomp/reports/GEDE01/attempt-78696cb5-6b03-40d5-954f-92ebcce83a64/full-build.log:1845: trailing whitespace.
+#   Section '.ignored' is unknown. Section ignored.
eternal-darkness-decomp/reports/GEDE01/attempt-78696cb5-6b03-40d5-954f-92ebcce83a64/full-build.log:1846: trailing whitespace.
+### mwldeppc.exe Linker Warning:
eternal-darkness-decomp/reports/GEDE01/attempt-78696cb5-6b03-40d5-954f-92ebcce83a64/full-build.log:1847: trailing whitespace.
+#   Section '.ignored' is unknown. Section ignored.
eternal-darkness-decomp/reports/GEDE01/attempt-78696cb5-6b03-40d5-954f-92ebcce83a64/full-build.log:1848: trailing whitespace.
+### mwldeppc.exe Linker Warning:
eternal-darkness-decomp/reports/GEDE01/attempt-78696cb5-6b03-40d5-954f-92ebcce83a64/full-build.log:1849: trailing whitespace.
+#   Section '.ignored' is unknown. Section ignored.
eternal-darkness-decomp/reports/GEDE01/attempt-78696cb5-6b03-40d5-954f-92ebcce83a64/full-build.log:1850: trailing whitespace.
+### mwldeppc.exe Linker Warning:
eternal-darkness-decomp/reports/GEDE01/attempt-78696cb5-6b03-40d5-954f-92ebcce83a64/full-build.log:1851: trailing whitespace.
+#   Section '.ignored' is unknown. Section ignored.
eternal-darkness-decomp/reports/GEDE01/attempt-78696cb5-6b03-40d5-954f-92ebcce83a64/full-build.log:1852: trailing whitespace.
+### mwldeppc.exe Linker Warning:
eternal-darkness-decomp/reports/GEDE01/attempt-78696cb5-6b03-40d5-954f-92ebcce83a64/full-build.log:1853: trailing whitespace.
+#   Section '.ignored' is unknown. Section ignored.
eternal-darkness-decomp/reports/GEDE01/attempt-78696cb5-6b03-40d5-954f-92ebcce83a64/full-build.log:1854: trailing whitespace.
+### mwldeppc.exe Linker Warning:
eternal-darkness-decomp/reports/GEDE01/attempt-78696cb5-6b03-40d5-954f-92ebcce83a64/full-build.log:1855: trailing whitespace.
+#   Section '.ignored' is unknown. Section ignored.
eternal-darkness-decomp/reports/GEDE01/attempt-78696cb5-6b03-40d5-954f-92ebcce83a64/full-build.log:1856: trailing whitespace.
+### mwldeppc.exe Linker Warning:
eternal-darkness-decomp/reports/GEDE01/attempt-78696cb5-6b03-40d5-954f-92ebcce83a64/full-build.log:1857: trailing whitespace.
+#   Section '.ignored' is unknown. Section ignored.
eternal-darkness-decomp/reports/GEDE01/attempt-78696cb5-6b03-40d5-954f-92ebcce83a64/full-build.log:1858: trailing whitespace.
+### mwldeppc.exe Linker Warning:
eternal-darkness-decomp/reports/GEDE01/attempt-78696cb5-6b03-40d5-954f-92ebcce83a64/full-build.log:1859: trailing whitespace.
+#   Section '.ignored' is unknown. Section ignored.
eternal-darkness-decomp/reports/GEDE01/attempt-78696cb5-6b03-40d5-954f-92ebcce83a64/full-build.log:1860: trailing whitespace.
+### mwldeppc.exe Linker Warning:
eternal-darkness-decomp/reports/GEDE01/attempt-78696cb5-6b03-40d5-954f-92ebcce83a64/full-build.log:1861: trailing whitespace.
+#   Section '.ignored' is unknown. Section ignored.
eternal-darkness-decomp/reports/GEDE01/attempt-78696cb5-6b03-40d5-954f-92ebcce83a64/full-build.log:1862: trailing whitespace.
+### mwldeppc.exe Linker Warning:
eternal-darkness-decomp/reports/GEDE01/attempt-78696cb5-6b03-40d5-954f-92ebcce83a64/full-build.log:1863: trailing whitespace.
+#   Section '.ignored' is unknown. Section ignored.
eternal-darkness-decomp/reports/GEDE01/attempt-78696cb5-6b03-40d5-954f-92ebcce83a64/full-build.log:1864: trailing whitespace.
+### mwldeppc.exe Linker Warning:
eternal-darkness-decomp/reports/GEDE01/attempt-78696cb5-6b03-40d5-954f-92ebcce83a64/full-build.log:1865: trailing whitespace.
+#   Section '.ignored' is unknown. Section ignored.
eternal-darkness-decomp/reports/GEDE01/attempt-78696cb5-6b03-40d5-954f-92ebcce83a64/full-build.log:1866: trailing whitespace.
+### mwldeppc.exe Linker Warning:
eternal-darkness-decomp/reports/GEDE01/attempt-78696cb5-6b03-40d5-954f-92ebcce83a64/full-build.log:1867: trailing whitespace.
+#   Section '.ignored' is unknown. Section ignored.
eternal-darkness-decomp/reports/GEDE01/attempt-78696cb5-6b03-40d5-954f-92ebcce83a64/full-build.log:1868: trailing whitespace.
+### mwldeppc.exe Linker Warning:
eternal-darkness-decomp/reports/GEDE01/attempt-78696cb5-6b03-40d5-954f-92ebcce83a64/full-build.log:1869: trailing whitespace.
+#   Section '.ignored' is unknown. Section ignored.
eternal-darkness-decomp/reports/GEDE01/attempt-78696cb5-6b03-40d5-954f-92ebcce83a64/full-build.log:1870: trailing whitespace.
+### mwldeppc.exe Linker Warning:
eternal-darkness-decomp/reports/GEDE01/attempt-78696cb5-6b03-40d5-954f-92ebcce83a64/full-build.log:1871: trailing whitespace.
+#   Section '.ignored' is unknown. Section ignored.
eternal-darkness-decomp/reports/GEDE01/attempt-78696cb5-6b03-40d5-954f-92ebcce83a64/full-build.log:1872: trailing whitespace.
+### mwldeppc.exe Linker Warning:
eternal-darkness-decomp/reports/GEDE01/attempt-78696cb5-6b03-40d5-954f-92ebcce83a64/full-build.log:1873: trailing whitespace.
+#   Section '.ignored' is unknown. Section ignored.
eternal-darkness-decomp/reports/GEDE01/attempt-78696cb5-6b03-40d5-954f-92ebcce83a64/full-build.log:1874: trailing whitespace.
+### mwldeppc.exe Linker Warning:
eternal-darkness-decomp/reports/GEDE01/attempt-78696cb5-6b03-40d5-954f-92ebcce83a64/full-build.log:1875: trailing whitespace.
+#   Section '.ignored' is unknown. Section ignored.
eternal-darkness-decomp/reports/GEDE01/attempt-78696cb5-6b03-40d5-954f-92ebcce83a64/full-build.log:1876: trailing whitespace.
+### mwldeppc.exe Linker Warning:
eternal-darkness-decomp/reports/GEDE01/attempt-78696cb5-6b03-40d5-954f-92ebcce83a64/full-build.log:1877: trailing whitespace.
+#   Section '.ignored' is unknown. Section ignored.
eternal-darkness-decomp/reports/GEDE01/attempt-78696cb5-6b03-40d5-954f-92ebcce83a64/full-build.log:1878: trailing whitespace.
+### mwldeppc.exe Linker Warning:
eternal-darkness-decomp/reports/GEDE01/attempt-78696cb5-6b03-40d5-954f-92ebcce83a64/full-build.log:1879: trailing whitespace.
+#   Section '.ignored' is unknown. Section ignored.
eternal-darkness-decomp/reports/GEDE01/attempt-78696cb5-6b03-40d5-954f-92ebcce83a64/full-build.log:1880: trailing whitespace.
+### mwldeppc.exe Linker Warning:
eternal-darkness-decomp/reports/GEDE01/attempt-78696cb5-6b03-40d5-954f-92ebcce83a64/full-build.log:1881: trailing whitespace.
+#   Section '.ignored' is unknown. Section ignored.
eternal-darkness-decomp/reports/GEDE01/attempt-78696cb5-6b03-40d5-954f-92ebcce83a64/full-build.log:1882: trailing whitespace.
+### mwldeppc.exe Linker Warning:
eternal-darkness-decomp/reports/GEDE01/attempt-78696cb5-6b03-40d5-954f-92ebcce83a64/full-build.log:1883: trailing whitespace.
+#   Section '.ignored' is unknown. Section ignored.
eternal-darkness-decomp/reports/GEDE01/attempt-78696cb5-6b03-40d5-954f-92ebcce83a64/full-build.log:1884: trailing whitespace.
+### mwldeppc.exe Linker Warning:
eternal-darkness-decomp/reports/GEDE01/attempt-78696cb5-6b03-40d5-954f-92ebcce83a64/full-build.log:1885: trailing whitespace.
+#   Section '.ignored' is unknown. Section ignored.
eternal-darkness-decomp/reports/GEDE01/attempt-78696cb5-6b03-40d5-954f-92ebcce83a64/full-build.log:1886: trailing whitespace.
+### mwldeppc.exe Linker Warning:
eternal-darkness-decomp/reports/GEDE01/attempt-78696cb5-6b03-40d5-954f-92ebcce83a64/full-build.log:1887: trailing whitespace.
+#   Section '.ignored' is unknown. Section ignored.
eternal-darkness-decomp/reports/GEDE01/attempt-78696cb5-6b03-40d5-954f-92ebcce83a64/full-build.log:1888: trailing whitespace.
+### mwldeppc.exe Linker Warning:
eternal-darkness-decomp/reports/GEDE01/attempt-78696cb5-6b03-40d5-954f-92ebcce83a64/full-build.log:1889: trailing whitespace.
+#   Section '.ignored' is unknown. Section ignored.
eternal-darkness-decomp/reports/GEDE01/attempt-78696cb5-6b03-40d5-954f-92ebcce83a64/full-build.log:1890: trailing whitespace.
+### mwldeppc.exe Linker Warning:
eternal-darkness-decomp/reports/GEDE01/attempt-78696cb5-6b03-40d5-954f-92ebcce83a64/full-build.log:1891: trailing whitespace.
+#   Section '.ignored' is unknown. Section ignored.
eternal-darkness-decomp/reports/GEDE01/attempt-78696cb5-6b03-40d5-954f-92ebcce83a64/full-build.log:1892: trailing whitespace.
+### mwldeppc.exe Linker Warning:
eternal-darkness-decomp/reports/GEDE01/attempt-78696cb5-6b03-40d5-954f-92ebcce83a64/full-build.log:1893: trailing whitespace.
+#   Section '.ignored' is unknown. Section ignored.
eternal-darkness-decomp/reports/GEDE01/attempt-78696cb5-6b03-40d5-954f-92ebcce83a64/full-build.log:1894: trailing whitespace.
+### mwldeppc.exe Linker Warning:
eternal-darkness-decomp/reports/GEDE01/attempt-78696cb5-6b03-40d5-954f-92ebcce83a64/full-build.log:1895: trailing whitespace.
+#   Section '.ignored' is unknown. Section ignored.
eternal-darkness-decomp/reports/GEDE01/attempt-78696cb5-6b03-40d5-954f-92ebcce83a64/full-build.log:1896: trailing whitespace.
+### mwldeppc.exe Linker Warning:
eternal-darkness-decomp/reports/GEDE01/attempt-78696cb5-6b03-40d5-954f-92ebcce83a64/full-build.log:1897: trailing whitespace.
+#   Section '.ignored' is unknown. Section ignored.
eternal-darkness-decomp/reports/GEDE01/attempt-78696cb5-6b03-40d5-954f-92ebcce83a64/full-build.log:1898: trailing whitespace.
+### mwldeppc.exe Linker Warning:
eternal-darkness-decomp/reports/GEDE01/attempt-78696cb5-6b03-40d5-954f-92ebcce83a64/full-build.log:1899: trailing whitespace.
+#   Section '.ignored' is unknown. Section ignored.
eternal-darkness-decomp/reports/GEDE01/attempt-78696cb5-6b03-40d5-954f-92ebcce83a64/full-build.log:1900: trailing whitespace.
+### mwldeppc.exe Linker Warning:
eternal-darkness-decomp/reports/GEDE01/attempt-78696cb5-6b03-40d5-954f-92ebcce83a64/full-build.log:1901: trailing whitespace.
+#   Section '.ignored' is unknown. Section ignored.
eternal-darkness-decomp/reports/GEDE01/attempt-78696cb5-6b03-40d5-954f-92ebcce83a64/full-build.log:1902: trailing whitespace.
+### mwldeppc.exe Linker Warning:
eternal-darkness-decomp/reports/GEDE01/attempt-78696cb5-6b03-40d5-954f-92ebcce83a64/full-build.log:1903: trailing whitespace.
+#   Section '.ignored' is unknown. Section ignored.
eternal-darkness-decomp/reports/GEDE01/attempt-78696cb5-6b03-40d5-954f-92ebcce83a64/full-build.log:1904: trailing whitespace.
+### mwldeppc.exe Linker Warning:
eternal-darkness-decomp/reports/GEDE01/attempt-78696cb5-6b03-40d5-954f-92ebcce83a64/full-build.log:1905: trailing whitespace.
+#   Section '.ignored' is unknown. Section ignored.
eternal-darkness-decomp/reports/GEDE01/attempt-78696cb5-6b03-40d5-954f-92ebcce83a64/full-build.log:1906: trailing whitespace.
+### mwldeppc.exe Linker Warning:
eternal-darkness-decomp/reports/GEDE01/attempt-78696cb5-6b03-40d5-954f-92ebcce83a64/full-build.log:1907: trailing whitespace.
+#   Section '.ignored' is unknown. Section ignored.
eternal-darkness-decomp/reports/GEDE01/attempt-78696cb5-6b03-40d5-954f-92ebcce83a64/full-build.log:1908: trailing whitespace.
+### mwldeppc.exe Linker Warning:
eternal-darkness-decomp/reports/GEDE01/attempt-78696cb5-6b03-40d5-954f-92ebcce83a64/full-build.log:1909: trailing whitespace.
+#   Section '.ignored' is unknown. Section ignored.
eternal-darkness-decomp/reports/GEDE01/attempt-78696cb5-6b03-40d5-954f-92ebcce83a64/full-build.log:1910: trailing whitespace.
+### mwldeppc.exe Linker Warning:
eternal-darkness-decomp/reports/GEDE01/attempt-78696cb5-6b03-40d5-954f-92ebcce83a64/full-build.log:1911: trailing whitespace.
+#   Section '.ignored' is unknown. Section ignored.
eternal-darkness-decomp/reports/GEDE01/attempt-78696cb5-6b03-40d5-954f-92ebcce83a64/full-build.log:1912: trailing whitespace.
+### mwldeppc.exe Linker Warning:
eternal-darkness-decomp/reports/GEDE01/attempt-78696cb5-6b03-40d5-954f-92ebcce83a64/full-build.log:1913: trailing whitespace.
+#   Section '.ignored' is unknown. Section ignored.
eternal-darkness-decomp/reports/GEDE01/attempt-78696cb5-6b03-40d5-954f-92ebcce83a64/full-build.log:1914: trailing whitespace.
+### mwldeppc.exe Linker Warning:
eternal-darkness-decomp/reports/GEDE01/attempt-78696cb5-6b03-40d5-954f-92ebcce83a64/full-build.log:1915: trailing whitespace.
+#   Section '.ignored' is unknown. Section ignored.
eternal-darkness-decomp/reports/GEDE01/attempt-78696cb5-6b03-40d5-954f-92ebcce83a64/full-build.log:1916: trailing whitespace.
+### mwldeppc.exe Linker Warning:
eternal-darkness-decomp/reports/GEDE01/attempt-78696cb5-6b03-40d5-954f-92ebcce83a64/full-build.log:1917: trailing whitespace.
+#   Section '.ignored' is unknown. Section ignored.
eternal-darkness-decomp/reports/GEDE01/attempt-78696cb5-6b03-40d5-954f-92ebcce83a64/full-build.log:1918: trailing whitespace.
+### mwldeppc.exe Linker Warning:
eternal-darkness-decomp/reports/GEDE01/attempt-78696cb5-6b03-40d5-954f-92ebcce83a64/full-build.log:1919: trailing whitespace.
+#   Section '.ignored' is unknown. Section ignored.
eternal-darkness-decomp/reports/GEDE01/attempt-78696cb5-6b03-40d5-954f-92ebcce83a64/full-build.log:1920: trailing whitespace.
+### mwldeppc.exe Linker Warning:
eternal-darkness-decomp/reports/GEDE01/attempt-78696cb5-6b03-40d5-954f-92ebcce83a64/full-build.log:1921: trailing whitespace.
+#   Section '.ignored' is unknown. Section ignored.
eternal-darkness-decomp/reports/GEDE01/attempt-78696cb5-6b03-40d5-954f-92ebcce83a64/full-build.log:1922: trailing whitespace.
+### mwldeppc.exe Linker Warning:
eternal-darkness-decomp/reports/GEDE01/attempt-78696cb5-6b03-40d5-954f-92ebcce83a64/full-build.log:1923: trailing whitespace.
+#   Section '.ignored' is unknown. Section ignored.
eternal-darkness-decomp/reports/GEDE01/attempt-78696cb5-6b03-40d5-954f-92ebcce83a64/full-build.log:1924: trailing whitespace.
+### mwldeppc.exe Linker Warning:
eternal-darkness-decomp/reports/GEDE01/attempt-78696cb5-6b03-40d5-954f-92ebcce83a64/full-build.log:1925: trailing whitespace.
+#   Section '.ignored' is unknown. Section ignored.
eternal-darkness-decomp/reports/GEDE01/attempt-78696cb5-6b03-40d5-954f-92ebcce83a64/full-build.log:1926: trailing whitespace.
+### mwldeppc.exe Linker Warning:
eternal-darkness-decomp/reports/GEDE01/attempt-78696cb5-6b03-40d5-954f-92ebcce83a64/full-build.log:1927: trailing whitespace.
+#   Section '.ignored' is unknown. Section ignored.
eternal-darkness-decomp/reports/GEDE01/attempt-78696cb5-6b03-40d5-954f-92ebcce83a64/full-build.log:1928: trailing whitespace.
+### mwldeppc.exe Linker Warning:
eternal-darkness-decomp/reports/GEDE01/attempt-78696cb5-6b03-40d5-954f-92ebcce83a64/full-build.log:1929: trailing whitespace.
+#   Section '.ignored' is unknown. Section ignored.
eternal-darkness-decomp/reports/GEDE01/attempt-78696cb5-6b03-40d5-954f-92ebcce83a64/full-build.log:1930: trailing whitespace.
+### mwldeppc.exe Linker Warning:
eternal-darkness-decomp/reports/GEDE01/attempt-78696cb5-6b03-40d5-954f-92ebcce83a64/full-build.log:1931: trailing whitespace.
+#   Section '.ignored' is unknown. Section ignored.
eternal-darkness-decomp/reports/GEDE01/attempt-78696cb5-6b03-40d5-954f-92ebcce83a64/full-build.log:1932: trailing whitespace.
+### mwldeppc.exe Linker Warning:
eternal-darkness-decomp/reports/GEDE01/attempt-78696cb5-6b03-40d5-954f-92ebcce83a64/full-build.log:1933: trailing whitespace.
+#   Section '.ignored' is unknown. Section ignored.
eternal-darkness-decomp/reports/GEDE01/attempt-78696cb5-6b03-40d5-954f-92ebcce83a64/full-build.log:1934: trailing whitespace.
+### mwldeppc.exe Linker Warning:
eternal-darkness-decomp/reports/GEDE01/attempt-78696cb5-6b03-40d5-954f-92ebcce83a64/full-build.log:1935: trailing whitespace.
+#   Section '.ignored' is unknown. Section ignored.
eternal-darkness-decomp/reports/GEDE01/attempt-78696cb5-6b03-40d5-954f-92ebcce83a64/full-build.log:1936: trailing whitespace.
+### mwldeppc.exe Linker Warning:
eternal-darkness-decomp/reports/GEDE01/attempt-78696cb5-6b03-40d5-954f-92ebcce83a64/full-build.log:1937: trailing whitespace.
+#   Section '.ignored' is unknown. Section ignored.
eternal-darkness-decomp/reports/GEDE01/attempt-78696cb5-6b03-40d5-954f-92ebcce83a64/full-build.log:1938: trailing whitespace.
+### mwldeppc.exe Linker Warning:
eternal-darkness-decomp/reports/GEDE01/attempt-78696cb5-6b03-40d5-954f-92ebcce83a64/full-build.log:1939: trailing whitespace.
+#   Section '.ignored' is unknown. Section ignored.
eternal-darkness-decomp/reports/GEDE01/attempt-78696cb5-6b03-40d5-954f-92ebcce83a64/full-build.log:1940: trailing whitespace.
+### mwldeppc.exe Linker Warning:
eternal-darkness-decomp/reports/GEDE01/attempt-78696cb5-6b03-40d5-954f-92ebcce83a64/full-build.log:1941: trailing whitespace.
+#   Section '.ignored' is unknown. Section ignored.
eternal-darkness-decomp/reports/GEDE01/attempt-78696cb5-6b03-40d5-954f-92ebcce83a64/full-build.log:1942: trailing whitespace.
+### mwldeppc.exe Linker Warning:
eternal-darkness-decomp/reports/GEDE01/attempt-78696cb5-6b03-40d5-954f-92ebcce83a64/full-build.log:1943: trailing whitespace.
+#   Section '.ignored' is unknown. Section ignored.
eternal-darkness-decomp/reports/GEDE01/attempt-78696cb5-6b03-40d5-954f-92ebcce83a64/full-build.log:1944: trailing whitespace.
+### mwldeppc.exe Linker Warning:
eternal-darkness-decomp/reports/GEDE01/attempt-78696cb5-6b03-40d5-954f-92ebcce83a64/full-build.log:1945: trailing whitespace.
+#   Section '.ignored' is unknown. Section ignored.
eternal-darkness-decomp/reports/GEDE01/attempt-78696cb5-6b03-40d5-954f-92ebcce83a64/full-build.log:1946: trailing whitespace.
+### mwldeppc.exe Linker Warning:
eternal-darkness-decomp/reports/GEDE01/attempt-78696cb5-6b03-40d5-954f-92ebcce83a64/full-build.log:1947: trailing whitespace.
+#   Section '.ignored' is unknown. Section ignored.
eternal-darkness-decomp/reports/GEDE01/attempt-78696cb5-6b03-40d5-954f-92ebcce83a64/full-build.log:1948: trailing whitespace.
+### mwldeppc.exe Linker Warning:
eternal-darkness-decomp/reports/GEDE01/attempt-78696cb5-6b03-40d5-954f-92ebcce83a64/full-build.log:1949: trailing whitespace.
+#   Section '.ignored' is unknown. Section ignored.
eternal-darkness-decomp/reports/GEDE01/attempt-78696cb5-6b03-40d5-954f-92ebcce83a64/full-build.log:1950: trailing whitespace.
+### mwldeppc.exe Linker Warning:
eternal-darkness-decomp/reports/GEDE01/attempt-78696cb5-6b03-40d5-954f-92ebcce83a64/full-build.log:1951: trailing whitespace.
+#   Section '.ignored' is unknown. Section ignored.
eternal-darkness-decomp/reports/GEDE01/attempt-78696cb5-6b03-40d5-954f-92ebcce83a64/full-build.log:1952: trailing whitespace.
+### mwldeppc.exe Linker Warning:
eternal-darkness-decomp/reports/GEDE01/attempt-78696cb5-6b03-40d5-954f-92ebcce83a64/full-build.log:1953: trailing whitespace.
+#   Section '.ignored' is unknown. Section ignored.
eternal-darkness-decomp/reports/GEDE01/attempt-78696cb5-6b03-40d5-954f-92ebcce83a64/full-build.log:1954: trailing whitespace.
+### mwldeppc.exe Linker Warning:
eternal-darkness-decomp/reports/GEDE01/attempt-78696cb5-6b03-40d5-954f-92ebcce83a64/full-build.log:1955: trailing whitespace.
+#   Section '.ignored' is unknown. Section ignored.
eternal-darkness-decomp/reports/GEDE01/attempt-78696cb5-6b03-40d5-954f-92ebcce83a64/full-build.log:1956: trailing whitespace.
+### mwldeppc.exe Linker Warning:
eternal-darkness-decomp/reports/GEDE01/attempt-78696cb5-6b03-40d5-954f-92ebcce83a64/full-build.log:1957: trailing whitespace.
+#   Section '.ignored' is unknown. Section ignored.
eternal-darkness-decomp/reports/GEDE01/attempt-78696cb5-6b03-40d5-954f-92ebcce83a64/full-build.log:1958: trailing whitespace.
+### mwldeppc.exe Linker Warning:
eternal-darkness-decomp/reports/GEDE01/attempt-78696cb5-6b03-40d5-954f-92ebcce83a64/full-build.log:1959: trailing whitespace.
+#   Section '.ignored' is unknown. Section ignored.
eternal-darkness-decomp/reports/GEDE01/attempt-78696cb5-6b03-40d5-954f-92ebcce83a64/full-build.log:1960: trailing whitespace.
+### mwldeppc.exe Linker Warning:
eternal-darkness-decomp/reports/GEDE01/attempt-78696cb5-6b03-40d5-954f-92ebcce83a64/full-build.log:1961: trailing whitespace.
+#   Section '.ignored' is unknown. Section ignored.
eternal-darkness-decomp/reports/GEDE01/attempt-78696cb5-6b03-40d5-954f-92ebcce83a64/full-build.log:1962: trailing whitespace.
+### mwldeppc.exe Linker Warning:
eternal-darkness-decomp/reports/GEDE01/attempt-78696cb5-6b03-40d5-954f-92ebcce83a64/full-build.log:1963: trailing whitespace.
+#   Section '.ignored' is unknown. Section ignored.
eternal-darkness-decomp/reports/GEDE01/attempt-78696cb5-6b03-40d5-954f-92ebcce83a64/full-build.log:1964: trailing whitespace.
+### mwldeppc.exe Linker Warning:
eternal-darkness-decomp/reports/GEDE01/attempt-78696cb5-6b03-40d5-954f-92ebcce83a64/full-build.log:1965: trailing whitespace.
+#   Section '.ignored' is unknown. Section ignored.
eternal-darkness-decomp/reports/GEDE01/attempt-78696cb5-6b03-40d5-954f-92ebcce83a64/full-build.log:1966: trailing whitespace.
+### mwldeppc.exe Linker Warning:
eternal-darkness-decomp/reports/GEDE01/attempt-78696cb5-6b03-40d5-954f-92ebcce83a64/full-build.log:1967: trailing whitespace.
+#   Section '.ignored' is unknown. Section ignored.
eternal-darkness-decomp/reports/GEDE01/attempt-78696cb5-6b03-40d5-954f-92ebcce83a64/full-build.log:1968: trailing whitespace.
+### mwldeppc.exe Linker Warning:
eternal-darkness-decomp/reports/GEDE01/attempt-78696cb5-6b03-40d5-954f-92ebcce83a64/full-build.log:1969: trailing whitespace.
+#   Section '.ignored' is unknown. Section ignored.
eternal-darkness-decomp/reports/GEDE01/attempt-78696cb5-6b03-40d5-954f-92ebcce83a64/full-build.log:1970: trailing whitespace.
+### mwldeppc.exe Linker Warning:
eternal-darkness-decomp/reports/GEDE01/attempt-78696cb5-6b03-40d5-954f-92ebcce83a64/full-build.log:1971: trailing whitespace.
+#   Section '.ignored' is unknown. Section ignored.
eternal-darkness-decomp/reports/GEDE01/attempt-78696cb5-6b03-40d5-954f-92ebcce83a64/full-build.log:1972: trailing whitespace.
+### mwldeppc.exe Linker Warning:
eternal-darkness-decomp/reports/GEDE01/attempt-78696cb5-6b03-40d5-954f-92ebcce83a64/full-build.log:1973: trailing whitespace.
+#   Section '.ignored' is unknown. Section ignored.
eternal-darkness-decomp/reports/GEDE01/attempt-78696cb5-6b03-40d5-954f-92ebcce83a64/full-build.log:1974: trailing whitespace.
+### mwldeppc.exe Linker Warning:
eternal-darkness-decomp/reports/GEDE01/attempt-78696cb5-6b03-40d5-954f-92ebcce83a64/full-build.log:1975: trailing whitespace.
+#   Section '.ignored' is unknown. Section ignored.
eternal-darkness-decomp/reports/GEDE01/attempt-78696cb5-6b03-40d5-954f-92ebcce83a64/full-build.log:1976: trailing whitespace.
+### mwldeppc.exe Linker Warning:
eternal-darkness-decomp/reports/GEDE01/attempt-78696cb5-6b03-40d5-954f-92ebcce83a64/full-build.log:1977: trailing whitespace.
+#   Section '.ignored' is unknown. Section ignored.
eternal-darkness-decomp/reports/GEDE01/attempt-78696cb5-6b03-40d5-954f-92ebcce83a64/full-build.log:1978: trailing whitespace.
+### mwldeppc.exe Linker Warning:
eternal-darkness-decomp/reports/GEDE01/attempt-78696cb5-6b03-40d5-954f-92ebcce83a64/full-build.log:1979: trailing whitespace.
+#   Section '.ignored' is unknown. Section ignored.
eternal-darkness-decomp/reports/GEDE01/attempt-78696cb5-6b03-40d5-954f-92ebcce83a64/full-build.log:1980: trailing whitespace.
+### mwldeppc.exe Linker Warning:
eternal-darkness-decomp/reports/GEDE01/attempt-78696cb5-6b03-40d5-954f-92ebcce83a64/full-build.log:1981: trailing whitespace.
+#   Section '.ignored' is unknown. Section ignored.
eternal-darkness-decomp/reports/GEDE01/attempt-78696cb5-6b03-40d5-954f-92ebcce83a64/full-build.log:1982: trailing whitespace.
+### mwldeppc.exe Linker Warning:
eternal-darkness-decomp/reports/GEDE01/attempt-78696cb5-6b03-40d5-954f-92ebcce83a64/full-build.log:1983: trailing whitespace.
+#   Section '.ignored' is unknown. Section ignored.
eternal-darkness-decomp/reports/GEDE01/attempt-78696cb5-6b03-40d5-954f-92ebcce83a64/full-build.log:1984: trailing whitespace.
+### mwldeppc.exe Linker Warning:
eternal-darkness-decomp/reports/GEDE01/attempt-78696cb5-6b03-40d5-954f-92ebcce83a64/full-build.log:1985: trailing whitespace.
+#   Section '.ignored' is unknown. Section ignored.
eternal-darkness-decomp/reports/GEDE01/attempt-78696cb5-6b03-40d5-954f-92ebcce83a64/full-build.log:1986: trailing whitespace.
+### mwldeppc.exe Linker Warning:
eternal-darkness-decomp/reports/GEDE01/attempt-78696cb5-6b03-40d5-954f-92ebcce83a64/full-build.log:1987: trailing whitespace.
+#   Section '.ignored' is unknown. Section ignored.
eternal-darkness-decomp/reports/GEDE01/attempt-78696cb5-6b03-40d5-954f-92ebcce83a64/full-build.log:1988: trailing whitespace.
+### mwldeppc.exe Linker Warning:
eternal-darkness-decomp/reports/GEDE01/attempt-78696cb5-6b03-40d5-954f-92ebcce83a64/full-build.log:1989: trailing whitespace.
+#   Section '.ignored' is unknown. Section ignored.
eternal-darkness-decomp/reports/GEDE01/attempt-78696cb5-6b03-40d5-954f-92ebcce83a64/full-build.log:1990: trailing whitespace.
+### mwldeppc.exe Linker Warning:
eternal-darkness-decomp/reports/GEDE01/attempt-78696cb5-6b03-40d5-954f-92ebcce83a64/full-build.log:1991: trailing whitespace.
+#   Section '.ignored' is unknown. Section ignored.
eternal-darkness-decomp/reports/GEDE01/attempt-78696cb5-6b03-40d5-954f-92ebcce83a64/full-build.log:1992: trailing whitespace.
+### mwldeppc.exe Linker Warning:
eternal-darkness-decomp/reports/GEDE01/attempt-78696cb5-6b03-40d5-954f-92ebcce83a64/full-build.log:1993: trailing whitespace.
+#   Section '.ignored' is unknown. Section ignored.
eternal-darkness-decomp/reports/GEDE01/attempt-78696cb5-6b03-40d5-954f-92ebcce83a64/full-build.log:1994: trailing whitespace.
+### mwldeppc.exe Linker Warning:
eternal-darkness-decomp/reports/GEDE01/attempt-78696cb5-6b03-40d5-954f-92ebcce83a64/full-build.log:1995: trailing whitespace.
+#   Section '.ignored' is unknown. Section ignored.
eternal-darkness-decomp/reports/GEDE01/attempt-78696cb5-6b03-40d5-954f-92ebcce83a64/full-build.log:1996: trailing whitespace.
+### mwldeppc.exe Linker Warning:
eternal-darkness-decomp/reports/GEDE01/attempt-78696cb5-6b03-40d5-954f-92ebcce83a64/full-build.log:1997: trailing whitespace.
+#   Section '.ignored' is unknown. Section ignored.
eternal-darkness-decomp/reports/GEDE01/attempt-78696cb5-6b03-40d5-954f-92ebcce83a64/full-build.log:1998: trailing whitespace.
+### mwldeppc.exe Linker Warning:
eternal-darkness-decomp/reports/GEDE01/attempt-78696cb5-6b03-40d5-954f-92ebcce83a64/full-build.log:1999: trailing whitespace.
+#   Section '.ignored' is unknown. Section ignored.
eternal-darkness-decomp/reports/GEDE01/attempt-78696cb5-6b03-40d5-954f-92ebcce83a64/full-build.log:2000: trailing whitespace.
+### mwldeppc.exe Linker Warning:
eternal-darkness-decomp/reports/GEDE01/attempt-78696cb5-6b03-40d5-954f-92ebcce83a64/full-build.log:2001: trailing whitespace.
+#   Section '.ignored' is unknown. Section ignored.
eternal-darkness-decomp/reports/GEDE01/attempt-78696cb5-6b03-40d5-954f-92ebcce83a64/full-build.log:2002: trailing whitespace.
+### mwldeppc.exe Linker Warning:
eternal-darkness-decomp/reports/GEDE01/attempt-78696cb5-6b03-40d5-954f-92ebcce83a64/full-build.log:2003: trailing whitespace.
+#   Section '.ignored' is unknown. Section ignored.
eternal-darkness-decomp/reports/GEDE01/attempt-78696cb5-6b03-40d5-954f-92ebcce83a64/full-build.log:2004: trailing whitespace.
+### mwldeppc.exe Linker Warning:
eternal-darkness-decomp/reports/GEDE01/attempt-78696cb5-6b03-40d5-954f-92ebcce83a64/full-build.log:2005: trailing whitespace.
+#   Section '.ignored' is unknown. Section ignored.
eternal-darkness-decomp/reports/GEDE01/attempt-78696cb5-6b03-40d5-954f-92ebcce83a64/full-build.log:2006: trailing whitespace.
+### mwldeppc.exe Linker Warning:
eternal-darkness-decomp/reports/GEDE01/attempt-78696cb5-6b03-40d5-954f-92ebcce83a64/full-build.log:2007: trailing whitespace.
+#   Section '.ignored' is unknown. Section ignored.
eternal-darkness-decomp/reports/GEDE01/attempt-78696cb5-6b03-40d5-954f-92ebcce83a64/full-build.log:2008: trailing whitespace.
+### mwldeppc.exe Linker Warning:
eternal-darkness-decomp/reports/GEDE01/attempt-78696cb5-6b03-40d5-954f-92ebcce83a64/full-build.log:2009: trailing whitespace.
+#   Section '.ignored' is unknown. Section ignored.
eternal-darkness-decomp/reports/GEDE01/attempt-78696cb5-6b03-40d5-954f-92ebcce83a64/full-build.log:2010: trailing whitespace.
+### mwldeppc.exe Linker Warning:
eternal-darkness-decomp/reports/GEDE01/attempt-78696cb5-6b03-40d5-954f-92ebcce83a64/full-build.log:2011: trailing whitespace.
+#   Section '.ignored' is unknown. Section ignored.
eternal-darkness-decomp/reports/GEDE01/attempt-78696cb5-6b03-40d5-954f-92ebcce83a64/full-build.log:2012: trailing whitespace.
+### mwldeppc.exe Linker Warning:
eternal-darkness-decomp/reports/GEDE01/attempt-78696cb5-6b03-40d5-954f-92ebcce83a64/full-build.log:2013: trailing whitespace.
+#   Section '.ignored' is unknown. Section ignored.
eternal-darkness-decomp/reports/GEDE01/attempt-78696cb5-6b03-40d5-954f-92ebcce83a64/full-build.log:2014: trailing whitespace.
+### mwldeppc.exe Linker Warning:
eternal-darkness-decomp/reports/GEDE01/attempt-78696cb5-6b03-40d5-954f-92ebcce83a64/full-build.log:2015: trailing whitespace.
+#   Section '.ignored' is unknown. Section ignored.
eternal-darkness-decomp/reports/GEDE01/attempt-78696cb5-6b03-40d5-954f-92ebcce83a64/full-build.log:2016: trailing whitespace.
+### mwldeppc.exe Linker Warning:
eternal-darkness-decomp/reports/GEDE01/attempt-78696cb5-6b03-40d5-954f-92ebcce83a64/full-build.log:2017: trailing whitespace.
+#   Section '.ignored' is unknown. Section ignored.
eternal-darkness-decomp/reports/GEDE01/attempt-78696cb5-6b03-40d5-954f-92ebcce83a64/full-build.log:2018: trailing whitespace.
+### mwldeppc.exe Linker Warning:
eternal-darkness-decomp/reports/GEDE01/attempt-78696cb5-6b03-40d5-954f-92ebcce83a64/full-build.log:2019: trailing whitespace.
+#   Section '.ignored' is unknown. Section ignored.
eternal-darkness-decomp/reports/GEDE01/attempt-78696cb5-6b03-40d5-954f-92ebcce83a64/full-build.log:2020: trailing whitespace.
+### mwldeppc.exe Linker Warning:
eternal-darkness-decomp/reports/GEDE01/attempt-78696cb5-6b03-40d5-954f-92ebcce83a64/full-build.log:2021: trailing whitespace.
+#   Section '.ignored' is unknown. Section ignored.
eternal-darkness-decomp/reports/GEDE01/attempt-78696cb5-6b03-40d5-954f-92ebcce83a64/full-build.log:2022: trailing whitespace.
+### mwldeppc.exe Linker Warning:
eternal-darkness-decomp/reports/GEDE01/attempt-78696cb5-6b03-40d5-954f-92ebcce83a64/full-build.log:2023: trailing whitespace.
+#   Section '.ignored' is unknown. Section ignored.
eternal-darkness-decomp/reports/GEDE01/attempt-78696cb5-6b03-40d5-954f-92ebcce83a64/full-build.log:2024: trailing whitespace.
+### mwldeppc.exe Linker Warning:
eternal-darkness-decomp/reports/GEDE01/attempt-78696cb5-6b03-40d5-954f-92ebcce83a64/full-build.log:2025: trailing whitespace.
+#   Section '.ignored' is unknown. Section ignored.
eternal-darkness-decomp/reports/GEDE01/attempt-78696cb5-6b03-40d5-954f-92ebcce83a64/full-build.log:2026: trailing whitespace.
+### mwldeppc.exe Linker Warning:
eternal-darkness-decomp/reports/GEDE01/attempt-78696cb5-6b03-40d5-954f-92ebcce83a64/full-build.log:2027: trailing whitespace.
+#   Section '.ignored' is unknown. Section ignored.
eternal-darkness-decomp/reports/GEDE01/attempt-78696cb5-6b03-40d5-954f-92ebcce83a64/full-build.log:2028: trailing whitespace.
+### mwldeppc.exe Linker Warning:
eternal-darkness-decomp/reports/GEDE01/attempt-78696cb5-6b03-40d5-954f-92ebcce83a64/full-build.log:2029: trailing whitespace.
+#   Section '.ignored' is unknown. Section ignored.
eternal-darkness-decomp/reports/GEDE01/attempt-78696cb5-6b03-40d5-954f-92ebcce83a64/late-pair-bases-mask.patch:8: trailing whitespace.
+ 
eternal-darkness-decomp/reports/GEDE01/attempt-78696cb5-6b03-40d5-954f-92ebcce83a64/late-pair-bases-mask.patch:40: trailing whitespace.
+ 
eternal-darkness-decomp/reports/GEDE01/attempt-78696cb5-6b03-40d5-954f-92ebcce83a64/late-pair-bases-mask.patch:50: trailing whitespace.
+ 
eternal-darkness-decomp/reports/GEDE01/attempt-78696cb5-6b03-40d5-954f-92ebcce83a64/late-pair-bases-mask.patch:60: trailing whitespace.
+ 
eternal-darkness-decomp/reports/GEDE01/attempt-78696cb5-6b03-40d5-954f-92ebcce83a64/late-pair-bases-mask.patch:67: trailing whitespace.
+ 
eternal-darkness-decomp/reports/GEDE01/attempt-78696cb5-6b03-40d5-954f-92ebcce83a64/late-pair-bases.patch:8: trailing whitespace.
+ 
eternal-darkness-decomp/reports/GEDE01/attempt-78696cb5-6b03-40d5-954f-92ebcce83a64/late-pair-bases.patch:40: trailing whitespace.
+ 
eternal-darkness-decomp/reports/GEDE01/attempt-78696cb5-6b03-40d5-954f-92ebcce83a64/late-pair-bases.patch:50: trailing whitespace.
+ 
eternal-darkness-decomp/reports/GEDE01/attempt-78696cb5-6b03-40d5-954f-92ebcce83a64/late-pair-bases.patch:60: trailing whitespace.
+ 
eternal-darkness-decomp/reports/GEDE01/attempt-78696cb5-6b03-40d5-954f-92ebcce83a64/late-pair-bases.patch:67: trailing whitespace.
+ 
eternal-darkness-decomp/reports/GEDE01/attempt-78696cb5-6b03-40d5-954f-92ebcce83a64/mask-index-local.patch:8: trailing whitespace.
+ 
eternal-darkness-decomp/reports/GEDE01/attempt-78696cb5-6b03-40d5-954f-92ebcce83a64/mask-index-local.patch:40: trailing whitespace.
+ 
eternal-darkness-decomp/reports/GEDE01/attempt-78696cb5-6b03-40d5-954f-92ebcce83a64/mask-index-local.patch:50: trailing whitespace.
+ 
eternal-darkness-decomp/reports/GEDE01/attempt-78696cb5-6b03-40d5-954f-92ebcce83a64/mask-index-local.patch:60: trailing whitespace.
+ 
eternal-darkness-decomp/reports/GEDE01/attempt-78696cb5-6b03-40d5-954f-92ebcce83a64/mask-index-local.patch:67: trailing whitespace.
+ 
eternal-darkness-decomp/reports/GEDE01/attempt-78696cb5-6b03-40d5-954f-92ebcce83a64/normalized-mask.patch:13: trailing whitespace.
+ 
eternal-darkness-decomp/reports/GEDE01/attempt-78696cb5-6b03-40d5-954f-92ebcce83a64/normalized-mask.patch:16: trailing whitespace.
+ 
eternal-darkness-decomp/reports/GEDE01/attempt-78696cb5-6b03-40d5-954f-92ebcce83a64/normalized-mask.patch:23: trailing whitespace.
+ 
eternal-darkness-decomp/reports/GEDE01/attempt-78696cb5-6b03-40d5-954f-92ebcce83a64/pair-arrays-mask.patch:8: trailing whitespace.
+ 
eternal-darkness-decomp/reports/GEDE01/attempt-78696cb5-6b03-40d5-954f-92ebcce83a64/pair-arrays-mask.patch:13: trailing whitespace.
+ 
eternal-darkness-decomp/reports/GEDE01/attempt-78696cb5-6b03-40d5-954f-92ebcce83a64/pair-arrays-mask.patch:19: trailing whitespace.
+ 
eternal-darkness-decomp/reports/GEDE01/attempt-78696cb5-6b03-40d5-954f-92ebcce83a64/pair-arrays-mask.patch:50: trailing whitespace.
+ 
eternal-darkness-decomp/reports/GEDE01/attempt-78696cb5-6b03-40d5-954f-92ebcce83a64/pair-arrays-mask.patch:60: trailing whitespace.
+ 
eternal-darkness-decomp/reports/GEDE01/attempt-78696cb5-6b03-40d5-954f-92ebcce83a64/pair-arrays-mask.patch:74: trailing whitespace.
+ 
eternal-darkness-decomp/reports/GEDE01/attempt-78696cb5-6b03-40d5-954f-92ebcce83a64/pair-arrays-mask.patch:81: trailing whitespace.
+ 
eternal-darkness-decomp/reports/GEDE01/attempt-78696cb5-6b03-40d5-954f-92ebcce83a64/pair-arrays.patch:8: trailing whitespace.
+ 
eternal-darkness-decomp/reports/GEDE01/attempt-78696cb5-6b03-40d5-954f-92ebcce83a64/pair-arrays.patch:13: trailing whitespace.
+ 
eternal-darkness-decomp/reports/GEDE01/attempt-78696cb5-6b03-40d5-954f-92ebcce83a64/pair-arrays.patch:19: trailing whitespace.
+ 
eternal-darkness-decomp/reports/GEDE01/attempt-78696cb5-6b03-40d5-954f-92ebcce83a64/pair-arrays.patch:50: trailing whitespace.
+ 
eternal-darkness-decomp/reports/GEDE01/attempt-78696cb5-6b03-40d5-954f-92ebcce83a64/pair-arrays.patch:60: trailing whitespace.
+ 
eternal-darkness-decomp/reports/GEDE01/attempt-78696cb5-6b03-40d5-954f-92ebcce83a64/pair-arrays.patch:74: trailing whitespace.
+ 
eternal-darkness-decomp/reports/GEDE01/attempt-78696cb5-6b03-40d5-954f-92ebcce83a64/pair-arrays.patch:81: trailing whitespace.
+ 
eternal-darkness-decomp/reports/GEDE01/attempt-78696cb5-6b03-40d5-954f-92ebcce83a64/pair-order.patch:8: trailing whitespace.
+ 
eternal-darkness-decomp/reports/GEDE01/attempt-78696cb5-6b03-40d5-954f-92ebcce83a64/pair-order.patch:40: trailing whitespace.
+ 
eternal-darkness-decomp/reports/GEDE01/attempt-78696cb5-6b03-40d5-954f-92ebcce83a64/pair-order.patch:50: trailing whitespace.
+ 
eternal-darkness-decomp/reports/GEDE01/attempt-78696cb5-6b03-40d5-954f-92ebcce83a64/pair-order.patch:60: trailing whitespace.
+ 
eternal-darkness-decomp/reports/GEDE01/attempt-78696cb5-6b03-40d5-954f-92ebcce83a64/pair-order.patch:67: trailing whitespace.
+ 
eternal-darkness-decomp/reports/GEDE01/attempt-78696cb5-6b03-40d5-954f-92ebcce83a64/random-order.patch:13: trailing whitespace.
+ 
eternal-darkness-decomp/reports/GEDE01/attempt-78696cb5-6b03-40d5-954f-92ebcce83a64/random-order.patch:16: trailing whitespace.
+ 
eternal-darkness-decomp/reports/GEDE01/attempt-78696cb5-6b03-40d5-954f-92ebcce83a64/random-order.patch:23: trailing whitespace.
+ 
eternal-darkness-decomp/reports/GEDE01/attempt-78696cb5-6b03-40d5-954f-92ebcce83a64/register-range.patch:8: trailing whitespace.
+ 
eternal-darkness-decomp/reports/GEDE01/attempt-78696cb5-6b03-40d5-954f-92ebcce83a64/register-range.patch:40: trailing whitespace.
+ 
eternal-darkness-decomp/reports/GEDE01/attempt-78696cb5-6b03-40d5-954f-92ebcce83a64/register-range.patch:50: trailing whitespace.
+ 
eternal-darkness-decomp/reports/GEDE01/attempt-78696cb5-6b03-40d5-954f-92ebcce83a64/register-range.patch:60: trailing whitespace.
+ 
eternal-darkness-decomp/reports/GEDE01/attempt-78696cb5-6b03-40d5-954f-92ebcce83a64/register-range.patch:67: trailing whitespace.
+ 
eternal-darkness-decomp/reports/GEDE01/attempt-78696cb5-6b03-40d5-954f-92ebcce83a64/reuse-range-fixed.patch:8: trailing whitespace.
+ 
eternal-darkness-decomp/reports/GEDE01/attempt-78696cb5-6b03-40d5-954f-92ebcce83a64/reuse-range-fixed.patch:32: trailing whitespace.
+ 
eternal-darkness-decomp/reports/GEDE01/attempt-78696cb5-6b03-40d5-954f-92ebcce83a64/reuse-range-fixed.patch:42: trailing whitespace.
+ 
eternal-darkness-decomp/reports/GEDE01/attempt-78696cb5-6b03-40d5-954f-92ebcce83a64/reuse-range-fixed.patch:56: trailing whitespace.
+ 
eternal-darkness-decomp/reports/GEDE01/attempt-78696cb5-6b03-40d5-954f-92ebcce83a64/reuse-range-fixed.patch:63: trailing whitespace.
+ 
eternal-darkness-decomp/reports/GEDE01/attempt-78696cb5-6b03-40d5-954f-92ebcce83a64/reuse-range-mask.patch:8: trailing whitespace.
+ 
eternal-darkness-decomp/reports/GEDE01/attempt-78696cb5-6b03-40d5-954f-92ebcce83a64/reuse-range-mask.patch:32: trailing whitespace.
+ 
eternal-darkness-decomp/reports/GEDE01/attempt-78696cb5-6b03-40d5-954f-92ebcce83a64/reuse-range-mask.patch:42: trailing whitespace.
+ 
eternal-darkness-decomp/reports/GEDE01/attempt-78696cb5-6b03-40d5-954f-92ebcce83a64/reuse-range-mask.patch:56: trailing whitespace.
+ 
eternal-darkness-decomp/reports/GEDE01/attempt-78696cb5-6b03-40d5-954f-92ebcce83a64/reuse-range-mask.patch:63: trailing whitespace.
+ 
eternal-darkness-decomp/reports/GEDE01/attempt-78696cb5-6b03-40d5-954f-92ebcce83a64/reuse-range.log:4: trailing whitespace.
+FAILED: [code=2] build/GEDE01/src/game/game_fn_8005F8D0.o 
eternal-darkness-decomp/reports/GEDE01/attempt-78696cb5-6b03-40d5-954f-92ebcce83a64/reuse-range.patch:16: trailing whitespace.
+ 
eternal-darkness-decomp/reports/GEDE01/attempt-78696cb5-6b03-40d5-954f-92ebcce83a64/reuse-range.patch:40: trailing whitespace.
+ 
eternal-darkness-decomp/reports/GEDE01/attempt-78696cb5-6b03-40d5-954f-92ebcce83a64/reuse-range.patch:50: trailing whitespace.
+ 
eternal-darkness-decomp/reports/GEDE01/attempt-78696cb5-6b03-40d5-954f-92ebcce83a64/reuse-range.patch:64: trailing whitespace.
+ 
eternal-darkness-decomp/reports/GEDE01/attempt-78696cb5-6b03-40d5-954f-92ebcce83a64/reuse-range.patch:71: trailing whitespace.
+ 
eternal-darkness-decomp/reports/GEDE01/attempt-78696cb5-6b03-40d5-954f-92ebcce83a64/short-range.patch:8: trailing whitespace.
+ 
eternal-darkness-decomp/reports/GEDE01/attempt-78696cb5-6b03-40d5-954f-92ebcce83a64/short-range.patch:40: trailing whitespace.
+ 
eternal-darkness-decomp/reports/GEDE01/attempt-78696cb5-6b03-40d5-954f-92ebcce83a64/short-range.patch:50: trailing whitespace.
+ 
eternal-darkness-decomp/reports/GEDE01/attempt-78696cb5-6b03-40d5-954f-92ebcce83a64/short-range.patch:64: trailing whitespace.
+ 
eternal-darkness-decomp/reports/GEDE01/attempt-78696cb5-6b03-40d5-954f-92ebcce83a64/short-range.patch:71: trailing whitespace.
+ 
eternal-darkness-decomp/reports/GEDE01/attempt-78696cb5-6b03-40d5-954f-92ebcce83a64/typed-table-base-mask.patch:8: trailing whitespace.
+ 
eternal-darkness-decomp/reports/GEDE01/attempt-78696cb5-6b03-40d5-954f-92ebcce83a64/typed-table-base-mask.patch:39: trailing whitespace.
+ 
eternal-darkness-decomp/reports/GEDE01/attempt-78696cb5-6b03-40d5-954f-92ebcce83a64/typed-table-base-mask.patch:49: trailing whitespace.
+ 
eternal-darkness-decomp/reports/GEDE01/attempt-78696cb5-6b03-40d5-954f-92ebcce83a64/typed-table-base-mask.patch:63: trailing whitespace.
+ 
eternal-darkness-decomp/reports/GEDE01/attempt-78696cb5-6b03-40d5-954f-92ebcce83a64/typed-table-base-mask.patch:70: trailing whitespace.
+ 
eternal-darkness-decomp/reports/GEDE01/attempt-78696cb5-6b03-40d5-954f-92ebcce83a64/typed-table-base.patch:8: trailing whitespace.
+ 
eternal-darkness-decomp/reports/GEDE01/attempt-78696cb5-6b03-40d5-954f-92ebcce83a64/typed-table-base.patch:39: trailing whitespace.
+ 
eternal-darkness-decomp/reports/GEDE01/attempt-78696cb5-6b03-40d5-954f-92ebcce83a64/typed-table-base.patch:49: trailing whitespace.
+ 
eternal-darkness-decomp/reports/GEDE01/attempt-78696cb5-6b03-40d5-954f-92ebcce83a64/typed-table-base.patch:63: trailing whitespace.
+ 
eternal-darkness-decomp/reports/GEDE01/attempt-78696cb5-6b03-40d5-954f-92ebcce83a64/typed-table-base.patch:70: trailing whitespace.
+ 

exit=2
