[1/1] RUN configure.py
[1/940] MWCC build/GEDE01/src/game/game_fn_80008014.o
[2/940] MWCC build/GEDE01/src/game/game_fn_800094C0.o
[3/940] MWCC build/GEDE01/src/game/game_fn_800096E0.o
[4/940] MWCC build/GEDE01/src/game/game_fn_800098C0.o
[5/940] MWCC build/GEDE01/src/game/game_fn_800099D8.o
[6/940] MWCC build/GEDE01/src/game/game_fn_80009AB4.o
[7/940] MWCC build/GEDE01/src/game/game_fn_8000A26C.o
[8/940] MWCC build/GEDE01/src/game/game_fn_8000AC88.o
[9/940] MWCC build/GEDE01/src/game/game_fn_8000AFB4.o
[10/940] MWCC build/GEDE01/src/game/game_fn_8000AEB4.o
[11/940] MWCC build/GEDE01/src/game/game_fn_8000B1B8.o
[12/940] MWCC build/GEDE01/src/game/game_fn_8000B36C.o
[13/940] MWCC build/GEDE01/src/game/game_fn_8000B630.o
[14/940] MWCC build/GEDE01/src/game/game_fn_8000B7FC.o
[15/940] MWCC build/GEDE01/src/game/game_fn_8000B900.o
[16/940] MWCC build/GEDE01/src/game/game_fn_8000BA0C.o
[17/940] MWCC build/GEDE01/src/game/game_fn_8000BAA0.o
[18/940] MWCC build/GEDE01/src/game/game_fn_8000BC40.o
[19/940] MWCC build/GEDE01/src/game/game_fn_8000C06C.o
[20/940] MWCC build/GEDE01/src/game/game_fn_8000C17C.o
[21/940] MWCC build/GEDE01/src/game/game_fn_8000C400.o
[22/940] MWCC build/GEDE01/src/game/game_fn_8000C848.o
[23/940] MWCC build/GEDE01/src/game/game_fn_8000C91C.o
[24/940] MWCC build/GEDE01/src/game/game_fn_8000D0BC.o
[25/940] MWCC build/GEDE01/src/game/game_fn_8000D3D4.o
[26/940] MWCC build/GEDE01/src/game/game_fn_8000D590.o
[27/940] MWCC build/GEDE01/src/game/game_fn_8000D8A4.o
[28/940] MWCC build/GEDE01/src/game/game_fn_8000DA50.o
[29/940] MWCC build/GEDE01/src/game/game_fn_8000DAF4.o
[30/940] MWCC build/GEDE01/src/game/game_fn_8000E054.o
[31/940] MWCC build/GEDE01/src/game/game_fn_8000E0AC.o
[32/940] MWCC build/GEDE01/src/game/game_fn_8000E138.o
[33/940] MWCC build/GEDE01/src/game/game_fn_8000E1C4.o
[34/940] MWCC build/GEDE01/src/game/game_fn_8000E96C.o
[35/940] MWCC build/GEDE01/src/game/game_fn_8000EB14.o
[36/940] MWCC build/GEDE01/src/game/game_fn_8000EBD4.o
[37/940] MWCC build/GEDE01/src/game/game_fn_8000ED44.o
[38/940] MWCC build/GEDE01/src/game/game_fn_8000EFC4.o
[39/940] MWCC build/GEDE01/src/game/game_fn_8000F4B0.o
[40/940] MWCC build/GEDE01/src/game/game_fn_8000F774.o
[41/940] MWCC build/GEDE01/src/game/game_fn_8000FDE8.o
[42/940] MWCC build/GEDE01/src/game/game_fn_8000FFD8.o
[43/940] MWCC build/GEDE01/src/game/game_fn_800119FC.o
[44/940] MWCC build/GEDE01/src/game/game_fn_80012DA8.o
[45/940] MWCC build/GEDE01/src/game/game_fn_80012F40.o
[46/940] MWCC build/GEDE01/src/game/game_fn_80012FD0.o
[47/940] MWCC build/GEDE01/src/game/game_fn_800131E8.o
[48/940] MWCC build/GEDE01/src/game/game_fn_80013340.o
[49/940] MWCC build/GEDE01/src/game/game_fn_80013870.o
[50/940] MWCC build/GEDE01/src/game/game_fn_80013CB0.o
[51/940] MWCC build/GEDE01/src/game/game_fn_80013D54.o
[52/940] MWCC build/GEDE01/src/game/game_fn_800142DC.o
[53/940] MWCC build/GEDE01/src/game/game_fn_800144CC.o
[54/940] MWCC build/GEDE01/src/game/game_fn_80014784.o
[55/940] MWCC build/GEDE01/src/game/game_fn_800149D4.o
[56/940] MWCC build/GEDE01/src/game/game_fn_80015058.o
[57/940] MWCC build/GEDE01/src/game/game_fn_80015320.o
[58/940] MWCC build/GEDE01/src/game/game_fn_80015568.o
[59/940] MWCC build/GEDE01/src/game/game_fn_800156FC.o
[60/940] MWCC build/GEDE01/src/game/game_fn_80015BE0.o
[61/940] MWCC build/GEDE01/src/game/game_fn_80015D40.o
[62/940] MWCC build/GEDE01/src/game/game_fn_80015F04.o
[63/940] MWCC build/GEDE01/src/game/game_fn_80016128.o
[64/940] MWCC build/GEDE01/src/game/game_fn_80016270.o
[65/940] MWCC build/GEDE01/src/game/game_fn_80016904.o
[66/940] MWCC build/GEDE01/src/game/game_fn_80016B24.o
[67/940] MWCC build/GEDE01/src/game/game_fn_800171C0.o
[68/940] MWCC build/GEDE01/src/game/game_fn_800173CC.o
[69/940] MWCC build/GEDE01/src/game/game_fn_800176F0.o
[70/940] MWCC build/GEDE01/src/game/game_fn_80017910.o
[71/940] MWCC build/GEDE01/src/game/game_fn_800179AC.o
[72/940] MWCC build/GEDE01/src/game/game_fn_80017A3C.o
[73/940] MWCC build/GEDE01/src/game/game_fn_80017AE4.o
[74/940] MWCC build/GEDE01/src/game/game_fn_80017C3C.o
[75/940] MWCC build/GEDE01/src/game/game_fn_80017CC8.o
[76/940] MWCC build/GEDE01/src/game/game_fn_80017DB0.o
[77/940] MWCC build/GEDE01/src/game/game_fn_80018EF4.o
[78/940] MWCC build/GEDE01/src/game/game_fn_80019054.o
[79/940] MWCC build/GEDE01/src/game/game_fn_80019244.o
[80/940] MWCC build/GEDE01/src/game/game_fn_800194D0.o
[81/940] MWCC build/GEDE01/src/game/game_fn_80019940.o
[82/940] MWCC build/GEDE01/src/game/game_fn_80019C10.o
[83/940] MWCC build/GEDE01/src/game/game_fn_80019D2C.o
[84/940] MWCC build/GEDE01/src/game/game_fn_80019F98.o
[85/940] MWCC build/GEDE01/src/game/game_fn_8001A6C4.o
[86/940] MWCC build/GEDE01/src/game/game_fn_8001AAB8.o
[87/940] MWCC build/GEDE01/src/game/game_fn_8001ADF8.o
[88/940] MWCC build/GEDE01/src/game/game_fn_8001AF68.o
[89/940] MWCC build/GEDE01/src/game/game_fn_8001B124.o
[90/940] MWCC build/GEDE01/src/game/game_fn_8001B294.o
[91/940] MWCC build/GEDE01/src/game/game_fn_8001B808.o
[92/940] MWCC build/GEDE01/src/game/game_fn_8001B874.o
[93/940] MWCC build/GEDE01/src/game/game_fn_8001C078.o
[94/940] MWCC build/GEDE01/src/game/game_fn_8001CA04.o
[95/940] MWCC build/GEDE01/src/game/game_fn_8001CD58.o
[96/940] MWCC build/GEDE01/src/game/game_fn_8001CE94.o
[97/940] MWCC build/GEDE01/src/game/game_fn_8001E644.o
[98/940] MWCC build/GEDE01/src/game/game_fn_8001FE1C.o
[99/940] MWCC build/GEDE01/src/game/game_fn_80020E94.o
[100/940] MWCC build/GEDE01/src/game/game_fn_80024F28.o
[101/940] MWCC build/GEDE01/src/game/game_fn_800272B4.o
[102/940] MWCC build/GEDE01/src/game/game_fn_8002B748.o
[103/940] MWCC build/GEDE01/src/game/game_fn_8002DAE0.o
[104/940] MWCC build/GEDE01/src/game/game_fn_8002E3F0.o
[105/940] MWCC build/GEDE01/src/game/game_fn_8002EA68.o
[106/940] MWCC build/GEDE01/src/game/game_fn_8002F428.o
[107/940] MWCC build/GEDE01/src/game/game_fn_80031544.o
[108/940] MWCC build/GEDE01/src/game/game_fn_8003232C.o
[109/940] MWCC build/GEDE01/src/game/game_fn_80032B84.o
[110/940] MWCC build/GEDE01/src/game/game_fn_80033038.o
[111/940] MWCC build/GEDE01/src/game/game_fn_80033180.o
[112/940] MWCC build/GEDE01/src/game/game_fn_800359A0.o
[113/940] MWCC build/GEDE01/src/game/game_fn_800361F8.o
[114/940] MWCC build/GEDE01/src/game/game_fn_80036C40.o
[115/940] MWCC build/GEDE01/src/game/game_fn_80038878.o
[116/940] MWCC build/GEDE01/src/game/game_fn_80048ADC.o
[117/940] MWCC build/GEDE01/src/game/game_fn_80048B24.o
[118/940] MWCC build/GEDE01/src/game/game_fn_8004998C.o
[119/940] MWCC build/GEDE01/src/game/game_fn_80050B08.o
[120/940] MWCC build/GEDE01/src/game/game_fn_80052310.o
[121/940] MWCC build/GEDE01/src/game/game_fn_800542D0.o
[122/940] MWCC build/GEDE01/src/game/game_fn_8005EC6C.o
[123/940] MWCC build/GEDE01/src/game/game_fn_8005EE9C.o
[124/940] MWCC build/GEDE01/src/game/game_fn_8005EF94.o
[125/940] MWCC build/GEDE01/src/game/game_data_80239E10.o
[126/940] MWCC build/GEDE01/src/game/game_data_80239E18.o
[127/940] MWCC build/GEDE01/src/game/game_fn_8005FD84.o
[128/940] MWCC build/GEDE01/src/game/game_fn_80066888.o
[129/940] MWCC build/GEDE01/src/game/game_fn_80066E78.o
[130/940] MWCC build/GEDE01/src/game/game_fn_8006B0F0.o
[131/940] MWCC build/GEDE01/src/game/game_fn_8006B620.o
[132/940] MWCC build/GEDE01/src/game/game_fn_8006E53C.o
[133/940] MWCC build/GEDE01/src/game/game_fn_80071A58.o
[134/940] MWCC build/GEDE01/src/game/game_fn_80074310.o
[135/940] MWCC build/GEDE01/src/game/game_fn_80078500.o
[136/940] MWCC build/GEDE01/src/game/game_fn_80079908.o
[137/940] MWCC build/GEDE01/src/game/game_fn_80079AA4.o
[138/940] MWCC build/GEDE01/src/game/game_fn_8007B2F4.o
[139/940] MWCC build/GEDE01/src/game/game_fn_8007B540.o
[140/940] MWCC build/GEDE01/src/game/game_fn_8007B640.o
[141/940] MWCC build/GEDE01/src/game/game_fn_8007B828.o
[142/940] MWCC build/GEDE01/src/game/game_fn_8007BA3C.o
[143/940] MWCC build/GEDE01/src/game/game_fn_8007D4D8.o
[144/940] MWCC build/GEDE01/src/game/game_fn_8007F770.o
[145/940] MWCC build/GEDE01/src/game/game_fn_800886D8.o
[146/940] MWCC build/GEDE01/src/game/game_fn_80088F4C.o
[147/940] MWCC build/GEDE01/src/game/game_fn_80089A34.o
[148/940] MWCC build/GEDE01/src/game/game_fn_8008A2E0.o
[149/940] MWCC build/GEDE01/src/game/game_fn_8008F224.o
[150/940] MWCC build/GEDE01/src/game/game_fn_8008F890.o
[151/940] MWCC build/GEDE01/src/game/game_fn_80090004.o
[152/940] MWCC build/GEDE01/src/game/game_fn_800934A0.o
[153/940] MWCC build/GEDE01/src/game/game_fn_80095D10.o
[154/940] MWCC build/GEDE01/src/game/game_fn_80095E64.o
[155/940] MWCC build/GEDE01/src/game/game_fn_80095FDC.o
[156/940] MWCC build/GEDE01/src/game/game_fn_80096830.o
[157/940] MWCC build/GEDE01/src/game/game_fn_8009C424.o
[158/940] MWCC build/GEDE01/src/game/game_fn_8009E808.o
[159/940] MWCC build/GEDE01/src/game/game_fn_800A2130.o
[160/940] MWCC build/GEDE01/src/game/game_fn_800A2B8C.o
[161/940] MWCC build/GEDE01/src/game/game_fn_800A2FCC.o
[162/940] MWCC build/GEDE01/src/game/game_fn_800A3180.o
[163/940] MWCC build/GEDE01/src/game/game_fn_800A3894.o
[164/940] MWCC build/GEDE01/src/game/game_fn_800A4428.o
[165/940] MWCC build/GEDE01/src/game/game_fn_800A4798.o
[166/940] MWCC build/GEDE01/src/game/game_fn_800A7E88.o
[167/940] MWCC build/GEDE01/src/game/game_fn_800AF230.o
[168/940] MWCC build/GEDE01/src/game/game_fn_800B2EC0.o
[169/940] MWCC build/GEDE01/src/game/game_fn_800BB5C4.o
[170/940] MWCC build/GEDE01/src/game/game_fn_800BB7A8.o
[171/940] MWCC build/GEDE01/src/game/game_fn_800BB9A4.o
[172/940] MWCC build/GEDE01/src/game/game_fn_800BBAF0.o
[173/940] MWCC build/GEDE01/src/game/game_fn_800C030C.o
[174/940] MWCC build/GEDE01/src/game/game_fn_800C17EC.o
[175/940] MWCC build/GEDE01/src/game/game_fn_800C59F0.o
[176/940] MWCC build/GEDE01/src/game/game_fn_800C644C.o
[177/940] MWCC build/GEDE01/src/game/game_fn_800C65FC.o
[178/940] MWCC build/GEDE01/src/game/game_fn_800C9C60.o
[179/940] MWCC build/GEDE01/src/game/game_fn_800CB760.o
[180/940] MWCC build/GEDE01/src/game/game_fn_800CB8F4.o
[181/940] MWCC build/GEDE01/src/game/game_fn_800CF598.o
[182/940] MWCC build/GEDE01/src/game/game_fn_800D9064.o
[183/940] MWCC build/GEDE01/src/game/game_fn_800D9E10.o
[184/940] MWCC build/GEDE01/src/game/game_fn_800DC4D4.o
[185/940] MWCC build/GEDE01/src/game/game_fn_800E4980.o
[186/940] MWCC build/GEDE01/src/game/game_TRKNubWelcome.o
[187/940] MWCC build/GEDE01/src/game/game_TRK_main.o
[188/940] MWCC build/GEDE01/src/game/game_InitMetroTRKCommTable.o
[189/940] MWCC build/GEDE01/src/game/game_fn_800FD0C8.o
[190/940] MWCC build/GEDE01/src/game/game_fn_8010242C.o
[191/940] MWCC build/GEDE01/src/game/game_fn_801098C0.o
[192/940] MWCC build/GEDE01/src/game/game_fn_8010F184.o
[193/940] MWCC build/GEDE01/src/game/game_fn_801126E0.o
[194/940] MWCC build/GEDE01/src/game/game_fn_801128E4.o
[195/940] MWCC build/GEDE01/src/game/game_fn_801141B8.o
[196/940] MWCC build/GEDE01/src/game/game_fn_80119C70.o
[197/940] MWCC build/GEDE01/src/game/game_fn_8011F140.o
[198/940] MWCC build/GEDE01/src/game/game_fn_801247F8.o
[199/940] MWCC build/GEDE01/src/game/game_fn_80126A00.o
[200/940] MWCC build/GEDE01/src/game/game_fn_8012976C.o
[201/940] MWCC build/GEDE01/src/game/game_fn_8012DB28.o
[202/940] MWCC build/GEDE01/src/game/game_fn_8013CBE4.o
[203/940] MWCC build/GEDE01/src/game/game_fn_8013D6A4.o
[204/940] MWCC build/GEDE01/src/game/game_fn_8013DB8C.o
[205/940] MWCC build/GEDE01/src/game/game_fn_8014549C.o
[206/940] MWCC build/GEDE01/src/game/game_fn_8014AF38.o
[207/940] MWCC build/GEDE01/src/game/game_fn_8014B494.o
[208/940] MWCC build/GEDE01/src/game/game_fn_8014BA14.o
[209/940] MWCC build/GEDE01/src/game/game_fn_8014CA98.o
[210/940] MWCC build/GEDE01/src/game/game_fn_80150A24.o
[211/940] MWCC build/GEDE01/src/game/game_fn_801535D8.o
[212/940] MWCC build/GEDE01/src/game/game_fn_80153898.o
[213/940] MWCC build/GEDE01/src/game/game_fn_80153A24.o
[214/940] MWCC build/GEDE01/src/game/game_fn_80154F74.o
[215/940] MWCC build/GEDE01/src/game/game_fn_80155814.o
[216/940] MWCC build/GEDE01/src/game/game_fn_80157C0C.o
[217/940] MWCC build/GEDE01/src/game/game_fn_80158B20.o
[218/940] MWCC build/GEDE01/src/game/game_fn_80158D38.o
[219/940] MWCC build/GEDE01/src/game/game_fn_8015DB84.o
[220/940] MWCC build/GEDE01/src/game/game_fn_8015DC54.o
[221/940] MWCC build/GEDE01/src/game/game_fn_8015EDC0.o
[222/940] MWCC build/GEDE01/src/game/game_fn_80167454.o
[223/940] MWCC build/GEDE01/src/game/game_fn_80167B5C.o
[224/940] MWCC build/GEDE01/src/game/game_fn_80169650.o
[225/940] MWCC build/GEDE01/src/game/game_fn_8016BD0C.o
[226/940] MWCC build/GEDE01/src/game/game_fn_8016BE1C.o
[227/940] MWCC build/GEDE01/src/game/game_fn_8016BF60.o
[228/940] MWCC build/GEDE01/src/game/game_fn_8016C0BC.o
[229/940] MWCC build/GEDE01/src/game/game_fn_8016C164.o
[230/940] MWCC build/GEDE01/src/game/game_fn_8016C238.o
[231/940] MWCC build/GEDE01/src/game/game_fn_8016C4BC.o
[232/940] MWCC build/GEDE01/src/game/game_fn_8016C774.o
[233/940] MWCC build/GEDE01/src/game/game_fn_8016D040.o
[234/940] MWCC build/GEDE01/src/game/game_fn_8016D1F8.o
[235/940] MWCC build/GEDE01/src/game/game_fn_8016D2B8.o
[236/940] MWCC build/GEDE01/src/game/game_fn_8016D9C0.o
[237/940] MWCC build/GEDE01/src/game/game_fn_8016DF4C.o
[238/940] MWCC build/GEDE01/src/game/game_fn_8016E8F8.o
[239/940] MWCC build/GEDE01/src/game/game_fn_8016FEF8.o
[240/940] MWCC build/GEDE01/src/game/game_fn_8017038C.o
[241/940] MWCC build/GEDE01/src/game/game_fn_801704F8.o
[242/940] MWCC build/GEDE01/src/game/game_fn_801706DC.o
[243/940] MWCC build/GEDE01/src/game/game_fn_80170A40.o
[244/940] MWCC build/GEDE01/src/game/game_fn_80170DF4.o
[245/940] MWCC build/GEDE01/src/game/game_fn_80170E9C.o
[246/940] MWCC build/GEDE01/src/game/game_fn_8017138C.o
[247/940] MWCC build/GEDE01/src/game/game_fn_80171664.o
[248/940] MWCC build/GEDE01/src/game/game_fn_801718F4.o
[249/940] MWCC build/GEDE01/src/game/game_fn_801719B4.o
[250/940] MWCC build/GEDE01/src/game/game_fn_80171F30.o
[251/940] MWCC build/GEDE01/src/game/game_fn_8017250C.o
[252/940] MWCC build/GEDE01/src/game/game_fn_801726EC.o
[253/940] MWCC build/GEDE01/src/game/game_fn_80172BB0.o
[254/940] MWCC build/GEDE01/src/game/game_fn_80172C78.o
[255/940] MWCC build/GEDE01/src/game/game_fn_80172DB8.o
[256/940] MWCC build/GEDE01/src/game/game_fn_80173270.o
[257/940] MWCC build/GEDE01/src/game/game_fn_801734B4.o
[258/940] MWCC build/GEDE01/src/game/game_fn_80173770.o
[259/940] MWCC build/GEDE01/src/game/game_fn_80173BDC.o
[260/940] MWCC build/GEDE01/src/game/game_fn_80173D44.o
[261/940] MWCC build/GEDE01/src/game/game_fn_80173F04.o
[262/940] MWCC build/GEDE01/src/game/game_fn_80174184.o
[263/940] MWCC build/GEDE01/src/game/game_fn_80174358.o
[264/940] MWCC build/GEDE01/src/game/game_fn_80174F2C.o
[265/940] MWCC build/GEDE01/src/game/game_fn_801752B0.o
[266/940] MWCC build/GEDE01/src/game/game_fn_8017553C.o
[267/940] MWCC build/GEDE01/src/game/game_fn_80175A08.o
[268/940] MWCC build/GEDE01/src/game/game_fn_80175E64.o
[269/940] MWCC build/GEDE01/src/game/game_fn_80175F0C.o
[270/940] MWCC build/GEDE01/src/game/game_fn_80175FD4.o
[271/940] MWCC build/GEDE01/src/game/game_fn_80176098.o
[272/940] MWCC build/GEDE01/src/game/game_fn_80176160.o
[273/940] MWCC build/GEDE01/src/game/game_fn_80176220.o
[274/940] MWCC build/GEDE01/src/game/game_fn_801762E8.o
[275/940] MWCC build/GEDE01/src/game/game_fn_8017652C.o
[276/940] MWCC build/GEDE01/src/game/game_fn_80176DF4.o
[277/940] MWCC build/GEDE01/src/game/game_fn_80176FA0.o
[278/940] MWCC build/GEDE01/src/game/game_fn_801770F8.o
[279/940] MWCC build/GEDE01/src/game/game_fn_8017718C.o
[280/940] MWCC build/GEDE01/src/game/game_fn_80178F88.o
[281/940] MWCC build/GEDE01/src/game/game_fn_80177434.o
[282/940] MWCC build/GEDE01/src/game/game_fn_80179398.o
[283/940] MWCC build/GEDE01/src/game/game_fn_8017960C.o
[284/940] MWCC build/GEDE01/src/game/game_fn_8017974C.o
[285/940] MWCC build/GEDE01/src/game/game_fn_80179904.o
[286/940] MWCC build/GEDE01/src/game/game_fn_80179A18.o
[287/940] MWCC build/GEDE01/src/game/game_fn_80179A74.o
[288/940] MWCC build/GEDE01/src/game/game_fn_80179EB8.o
[289/940] MWCC build/GEDE01/src/game/game_fn_80179F20.o
[290/940] MWCC build/GEDE01/src/game/game_fn_8017A010.o
[291/940] MWCC build/GEDE01/src/game/game_fn_8017A12C.o
[292/940] MWCC build/GEDE01/src/game/game_fn_8017A1C0.o
[293/940] MWCC build/GEDE01/src/game/game_fn_8017A9B8.o
[294/940] MWCC build/GEDE01/src/game/game_fn_8017AC20.o
[295/940] MWCC build/GEDE01/src/game/game_fn_8017E850.o
[296/940] MWCC build/GEDE01/src/game/game_fn_8017E958.o
[297/940] MWCC build/GEDE01/src/game/game_fn_80180DDC.o
[298/940] MWCC build/GEDE01/src/game/game_fn_801810A0.o
[299/940] MWCC build/GEDE01/src/game/game_fn_801816D4.o
[300/940] MWCC build/GEDE01/src/game/game_fn_801859FC.o
[301/940] MWCC build/GEDE01/src/game/game_fn_80185AE8.o
[302/940] MWCC build/GEDE01/src/game/game_fn_80185F10.o
[303/940] MWCC build/GEDE01/src/game/game_fn_801861C4.o
[304/940] MWCC build/GEDE01/src/game/game_fn_801865EC.o
[305/940] MWCC build/GEDE01/src/game/game_fn_8018680C.o
[306/940] MWCC build/GEDE01/src/game/game_fn_80186E10.o
[307/940] MWCC build/GEDE01/src/game/game_fn_80186F70.o
[308/940] MWCC build/GEDE01/src/game/game_fn_80187120.o
[309/940] MWCC build/GEDE01/src/game/game_fn_80187320.o
[310/940] MWCC build/GEDE01/src/game/game_fn_801875FC.o
[311/940] MWCC build/GEDE01/src/game/game_fn_801878E0.o
[312/940] MWCC build/GEDE01/src/game/game_fn_80187BB4.o
[313/940] MWCC build/GEDE01/src/game/game_fn_80187E40.o
[314/940] MWCC build/GEDE01/src/game/game_fn_80188A7C.o
[315/940] MWCC build/GEDE01/src/game/game_fn_80188B44.o
[316/940] MWCC build/GEDE01/src/game/game_fn_80188C1C.o
[317/940] MWCC build/GEDE01/src/game/game_fn_80188E28.o
[318/940] MWCC build/GEDE01/src/game/game_fn_80189028.o
[319/940] MWCC build/GEDE01/src/game/game_fn_801891D8.o
[320/940] MWCC build/GEDE01/src/game/game_fn_80189390.o
[321/940] MWCC build/GEDE01/src/game/game_fn_801895E8.o
[322/940] MWCC build/GEDE01/src/game/game_fn_801896A0.o
[323/940] MWCC build/GEDE01/src/game/game_fn_80189760.o
[324/940] MWCC build/GEDE01/src/game/game_fn_80189968.o
[325/940] MWCC build/GEDE01/src/game/game_fn_80189C14.o
[326/940] MWCC build/GEDE01/src/game/game_fn_8018C2D0.o
[327/940] MWCC build/GEDE01/src/game/game_fn_8018D1F0.o
[328/940] MWCC build/GEDE01/src/game/game_fn_8018D2E0.o
[329/940] MWCC build/GEDE01/src/game/game_fn_8018D400.o
[330/940] MWCC build/GEDE01/src/game/game_fn_8018D688.o
[331/940] MWCC build/GEDE01/src/game/game_fn_8018DC24.o
[332/940] MWCC build/GEDE01/src/game/game_fn_8018E0D8.o
[333/940] MWCC build/GEDE01/src/game/game_fn_8018F1D0.o
[334/940] MWCC build/GEDE01/src/game/game_fn_8018F81C.o
[335/940] MWCC build/GEDE01/src/game/game_fn_8018FEDC.o
[336/940] MWCC build/GEDE01/src/game/game_fn_8019120C.o
[337/940] MWCC build/GEDE01/src/game/game_fn_80191360.o
[338/940] MWCC build/GEDE01/src/game/game_fn_801916D0.o
[339/940] MWCC build/GEDE01/src/game/game_fn_8019197C.o
[340/940] MWCC build/GEDE01/src/game/game_fn_80191F58.o
[341/940] MWCC build/GEDE01/src/game/game_fn_801926EC.o
[342/940] MWCC build/GEDE01/src/game/game_fn_801929A4.o
[343/940] MWCC build/GEDE01/src/game/game_fn_80192F54.o
[344/940] MWCC build/GEDE01/src/game/game_fn_801931C4.o
[345/940] MWCC build/GEDE01/src/game/game_fn_80193E1C.o
[346/940] MWCC build/GEDE01/src/game/game_fn_80193F3C.o
[347/940] MWCC build/GEDE01/src/game/game_fn_80194F80.o
[348/940] MWCC build/GEDE01/src/game/game_fn_801952E8.o
[349/940] MWCC build/GEDE01/src/game/game_fn_80197910.o
[350/940] MWCC build/GEDE01/src/game/game_fn_80198154.o
[351/940] MWCC build/GEDE01/src/game/game_fn_80198AAC.o
[352/940] MWCC build/GEDE01/src/game/game_fn_80198BF4.o
[353/940] MWCC build/GEDE01/src/game/game_fn_801991E0.o
[354/940] MWCC build/GEDE01/src/game/game_fn_8019B1BC.o
[355/940] MWCC build/GEDE01/src/game/game_fn_8019CC28.o
[356/940] MWCC build/GEDE01/src/game/game_fn_8019CFC4.o
[357/940] MWCC build/GEDE01/src/game/game_fn_8019E5E4.o
[358/940] MWCC build/GEDE01/src/game/game_fn_8019E8C8.o
[359/940] MWCC build/GEDE01/src/game/game_fn_801A1F18.o
[360/940] MWCC build/GEDE01/src/game/game_fn_801A1F8C.o
[361/940] MWCC build/GEDE01/src/game/game_fn_801A2A54.o
[362/940] MWCC build/GEDE01/src/game/game_fn_801A34BC.o
[363/940] MWCC build/GEDE01/src/game/game_fn_801A3A78.o
[364/940] MWCC build/GEDE01/src/game/game_fn_801A4430.o
[365/940] MWCC build/GEDE01/src/game/game_fn_801A4CE0.o
[366/940] MWCC build/GEDE01/src/game/game_fn_801A6350.o
[367/940] MWCC build/GEDE01/src/game/game_fn_801A5FB0.o
[368/940] MWCC build/GEDE01/src/game/game_fn_801A657C.o
[369/940] MWCC build/GEDE01/src/game/game_fn_801A6410.o
[370/940] MWCC build/GEDE01/src/game/game_fn_801A6C58.o
[371/940] MWCC build/GEDE01/src/game/game_fn_801A6ADC.o
[372/940] MWCC build/GEDE01/src/game/game_fn_801A6CB4.o
[373/940] MWCC build/GEDE01/src/game/game_fn_801A7E04.o
[374/940] MWCC build/GEDE01/src/game/game_fn_801A7EA8.o
[375/940] MWCC build/GEDE01/src/game/game_fn_801A93E8.o
[376/940] MWCC build/GEDE01/src/game/game_fn_801AB154.o
[377/940] MWCC build/GEDE01/src/game/game_fn_801ABD3C.o
[378/940] MWCC build/GEDE01/src/game/game_fn_801AC8AC.o
[379/940] MWCC build/GEDE01/src/game/game_fn_801ACFE8.o
[380/940] MWCC build/GEDE01/src/game/game_fn_801AFA74.o
[381/940] MWCC build/GEDE01/src/game/game_fn_801AD08C.o
[382/940] MWCC build/GEDE01/src/game/game_fn_801B02F0.o
[383/940] MWCC build/GEDE01/src/game/game_fn_801B1BA0.o
[384/940] MWCC build/GEDE01/src/game/game_fn_801B35BC.o
[385/940] MWCC build/GEDE01/src/game/game_fn_801B46C8.o
[386/940] MWCC build/GEDE01/src/game/game_fn_801B4FB4.o
[387/940] MWCC build/GEDE01/src/game/game_fn_801B5228.o
[388/940] MWCC build/GEDE01/src/game/game_fn_801B58F0.o
[389/940] MWCC build/GEDE01/src/game/game_fn_801B6F1C.o
[390/940] MWCC build/GEDE01/src/game/game_fn_801B86C0.o
[391/940] MWCC build/GEDE01/src/game/game_fn_801B941C.o
[392/940] MWCC build/GEDE01/src/game/game_fn_801B9E7C.o
[393/940] MWCC build/GEDE01/src/game/game_fn_801BA15C.o
[394/940] MWCC build/GEDE01/src/game/game_fn_801BA708.o
[395/940] MWCC build/GEDE01/src/game/game_fn_801BA94C.o
[396/940] MWCC build/GEDE01/src/game/game_fn_801BB1A0.o
[397/940] MWCC build/GEDE01/src/game/game_fn_801BC0D4.o
[398/940] MWCC build/GEDE01/src/game/game_fn_801BC240.o
[399/940] MWCC build/GEDE01/src/game/game_fn_801BC8F4.o
[400/940] MWCC build/GEDE01/src/game/game_fn_801BCC04.o
[401/940] MWCC build/GEDE01/src/game/game_fn_801BD990.o
[402/940] MWCC build/GEDE01/src/game/game_fn_801BDE7C.o
[403/940] MWCC build/GEDE01/src/game/game_fn_801BE0D4.o
[404/940] MWCC build/GEDE01/src/game/game_fn_801C1CB0.o
[405/940] MWCC build/GEDE01/src/game/game_fn_801BEF40.o
[406/940] MWCC build/GEDE01/src/game/game_fn_801C2980.o
[407/940] MWCC build/GEDE01/src/game/game_fn_801C29BC.o
[408/940] MWCC build/GEDE01/src/game/game_fn_801C2AAC.o
[409/940] MWCC build/GEDE01/src/game/game_fn_801C2D9C.o
[410/940] MWCC build/GEDE01/src/game/game_fn_801C8160.o
[411/940] MWCC build/GEDE01/src/game/game_fn_801C8224.o
[412/940] MWCC build/GEDE01/src/game/game_fn_801C4B5C.o
[413/940] MWCC build/GEDE01/src/game/game_fn_801C8600.o
[414/940] MWCC build/GEDE01/src/game/game_fn_801C87DC.o
[415/940] MWCC build/GEDE01/src/game/game_fn_801C8CC0.o
[416/940] MWCC build/GEDE01/src/game/game_fn_801C8F50.o
[417/940] MWCC build/GEDE01/src/game/game_fn_801C90A4.o
[418/940] MWCC build/GEDE01/src/game/game_fn_801C970C.o
[419/940] MWCC build/GEDE01/src/game/game_fn_801C9510.o
[420/940] MWCC build/GEDE01/src/game/game_fn_801C9B1C.o
[421/940] MWCC build/GEDE01/src/game/game_fn_801C9A08.o
[422/940] MWCC build/GEDE01/src/game/game_fn_801CD228.o
[423/940] MWCC build/GEDE01/src/game/game_fn_801CB4F8.o
[424/940] MWCC build/GEDE01/src/game/game_fn_801CE09C.o
[425/940] MWCC build/GEDE01/src/game/game_fn_801CE594.o
[426/940] MWCC build/GEDE01/src/game/game_fn_801D1B10.o
[427/940] MWCC build/GEDE01/src/game/game_fn_801D1F78.o
[428/940] MWCC build/GEDE01/src/game/game_fn_801D3988.o
[429/940] MWCC build/GEDE01/src/game/game_fn_801D73D0.o
[430/940] MWCC build/GEDE01/src/game/game_fn_801D76A8.o
[431/940] MWCC build/GEDE01/src/game/game_fn_801D7C24.o
[432/940] MWCC build/GEDE01/src/game/game_fn_801D8050.o
[433/940] MWCC build/GEDE01/src/game/game_fn_801D9FE4.o
[434/940] MWCC build/GEDE01/src/game/game_fn_801DE8B4.o
[435/940] MWCC build/GEDE01/src/game/game_fn_801E2A48.o
[436/940] MWCC build/GEDE01/src/game/game_fn_801E41AC.o
[437/940] MWCC build/GEDE01/src/game/game_fn_801E504C.o
[438/940] MWCC build/GEDE01/src/game/game_fn_801E6814.o
[439/940] MWCC build/GEDE01/src/game/game_fn_801E7014.o
[440/940] MWCC build/GEDE01/src/game/game_fn_801EAA04.o
[441/940] MWCC build/GEDE01/src/game/game_fn_801E995C.o
[442/940] MWCC build/GEDE01/src/game/game_fn_801EB09C.o
[443/940] MWCC build/GEDE01/src/game/game_fn_801EB11C.o
[444/940] MWCC build/GEDE01/src/game/game_fn_801ECD74.o
[445/940] MWCC build/GEDE01/src/game/game_fn_801ECF50.o
[446/940] MWCC build/GEDE01/src/game/game_fn_801ED5F4.o
[447/940] MWCC build/GEDE01/src/game/game_fn_801EF580.o
[448/940] MWCC build/GEDE01/src/game/game_fn_801EF910.o
[449/940] MWCC build/GEDE01/src/game/game_fn_801F0CB0.o
[450/940] MWCC build/GEDE01/src/game/game_fn_801F10BC.o
[451/940] MWCC build/GEDE01/src/game/game_fn_801F1A38.o
[452/940] MWCC build/GEDE01/src/game/game_fn_801F35A8.o
[453/940] MWCC build/GEDE01/src/game/game_fn_801F55A0.o
[454/940] MWCC build/GEDE01/src/game/game_fn_801F69F0.o
[455/940] MWCC build/GEDE01/src/game/game_fn_801F6BD8.o
[456/940] MWCC build/GEDE01/src/game/game_fn_801F7510.o
[457/940] MWCC build/GEDE01/src/game/game_fn_801F76EC.o
[458/940] MWCC build/GEDE01/src/game/game_fn_801F8264.o
[459/940] MWCC build/GEDE01/src/game/game_fn_801F89B4.o
[460/940] MWCC build/GEDE01/src/game/game_fn_801F8FAC.o
[461/940] MWCC build/GEDE01/src/game/game_fn_801F9AF8.o
[462/940] MWCC build/GEDE01/src/game/game_fn_801F9CF4.o
[463/940] MWCC build/GEDE01/src/game/game_fn_801FA9C8.o
[464/940] MWCC build/GEDE01/src/game/game_fn_801FB6A4.o
[465/940] MWCC build/GEDE01/src/game/game_fn_801FC034.o
[466/940] MWCC build/GEDE01/src/game/game_fn_801FC204.o
[467/940] EXTERNALIZE build/GEDE01/src/game/game_fn_800A2B8C.o
[468/940] MWCC build/GEDE01/src/game/game_fn_801FFE78.o
[469/940] EXTERNALIZE build/GEDE01/src/game/game_fn_800DC4D4.o
[470/940] EXTERNALIZE build/GEDE01/src/game/game_fn_80119C70.o
[471/940] EXTERNALIZE build/GEDE01/src/game/game_fn_80175A08.o
[472/940] EXTERNALIZE build/GEDE01/src/game/game_fn_80066E78.o
[473/940] EXTERNALIZE build/GEDE01/src/game/game_fn_801247F8.o
[474/940] EXTERNALIZE build/GEDE01/src/game/game_fn_801EF910.o
[475/940] EXTERNALIZE build/GEDE01/src/game/game_fn_801ECF50.o
[476/940] EXTERNALIZE build/GEDE01/src/game/game_fn_801FC204.o
[477/940] EXTERNALIZE build/GEDE01/src/game/game_fn_801EB09C.o
[478/940] EXTERNALIZE JUMPTABLES build/GEDE01/src/game/game_fn_80050B08.o
[479/940] EXTERNALIZE build/GEDE01/src/game/game_fn_801EB11C.o
[480/940] EXTERNALIZE build/GEDE01/src/game/game_fn_801D9FE4.o
[481/940] EXTERNALIZE build/GEDE01/src/game/game_fn_801E41AC.o
[482/940] EXTERNALIZE build/GEDE01/src/game/game_fn_801D73D0.o
[483/940] EXTERNALIZE build/GEDE01/src/game/game_fn_801D76A8.o
[484/940] EXTERNALIZE build/GEDE01/src/game/game_fn_801D8050.o
[485/940] EXTERNALIZE build/GEDE01/src/game/game_fn_801D7C24.o
[486/940] EXTERNALIZE build/GEDE01/src/game/game_fn_8019B1BC.o
[487/940] EXTERNALIZE build/GEDE01/src/game/game_fn_80178F88.o
[488/940] EXTERNALIZE build/GEDE01/src/game/game_fn_801CD228.o
[489/940] EXTERNALIZE build/GEDE01/src/game/game_fn_801BA15C.o
[490/940] EXTERNALIZE build/GEDE01/src/game/game_fn_801C970C.o
[491/940] EXTERNALIZE build/GEDE01/src/game/game_fn_801C9510.o
[492/940] EXTERNALIZE build/GEDE01/src/game/game_fn_80126A00.o
[493/940] EXTERNALIZE build/GEDE01/src/game/game_fn_8013D6A4.o
[494/940] EXTERNALIZE build/GEDE01/src/game/game_fn_800C9C60.o
[495/940] EXTERNALIZE build/GEDE01/src/game/game_fn_801B5228.o
[496/940] EXTERNALIZE build/GEDE01/src/game/game_fn_801B4FB4.o
[497/940] EXTERNALIZE build/GEDE01/src/game/game_fn_801C87DC.o
[498/940] EXTERNALIZE build/GEDE01/src/game/game_fn_801C8CC0.o
[499/940] EXTERNALIZE build/GEDE01/src/game/game_fn_801B6F1C.o
[500/940] EXTERNALIZE build/GEDE01/src/game/game_fn_800FD0C8.o
[501/940] EXTERNALIZE build/GEDE01/src/game/game_fn_801BE0D4.o
[502/940] EXTERNALIZE build/GEDE01/src/game/game_fn_801BDE7C.o
[503/940] EXTERNALIZE STATIC POOL build/GEDE01/src/game/game_fn_801C9A08.o
build/GEDE01/src/game/game_fn_801C9A08.o: lbl_80629390 now undefined; section 3 emptied
[504/940] EXTERNALIZE STATIC POOL build/GEDE01/src/game/game_fn_801C9B1C.o
build/GEDE01/src/game/game_fn_801C9B1C.o: lbl_80629390 now undefined; section 3 emptied
[505/940] EXTERNALIZE build/GEDE01/src/game/game_fn_801B941C.o
[506/940] EXTERNALIZE STATIC POOL build/GEDE01/src/game/game_fn_801BD990.o
build/GEDE01/src/game/game_fn_801BD990.o: lbl_80626D80 now undefined; section 6 emptied
[507/940] EXTERNALIZE STATIC POOL build/GEDE01/src/game/game_fn_801B58F0.o
build/GEDE01/src/game/game_fn_801B58F0.o: lbl_8060C020 now undefined; section 3 emptied
[508/940] EXTERNALIZE STATIC POOL build/GEDE01/src/game/game_fn_801B9E7C.o
build/GEDE01/src/game/game_fn_801B9E7C.o: 0 relocation(s) moved from streamInfo to ...bss.0
build/GEDE01/src/game/game_fn_801B9E7C.o: lbl_8061AE48 now undefined; section 6 emptied
[509/940] EXTERNALIZE STATIC POOL build/GEDE01/src/game/game_fn_801BB1A0.o
build/GEDE01/src/game/game_fn_801BB1A0.o: 0 relocation(s) moved from streamInfo to ...bss.0
build/GEDE01/src/game/game_fn_801BB1A0.o: lbl_8061AE48 now undefined; section 6 emptied
[510/940] EXTERNALIZE STATIC POOL build/GEDE01/src/game/game_fn_801BA708.o
build/GEDE01/src/game/game_fn_801BA708.o: 0 relocation(s) moved from streamInfo to ...bss.0
build/GEDE01/src/game/game_fn_801BA708.o: lbl_8061AE48 now undefined; section 6 emptied
[511/940] EXTERNALIZE STATIC build/GEDE01/src/game/game_fn_801B35BC.o
build/GEDE01/src/game/game_fn_801B35BC.o: lbl_8060D420 now undefined; section 6 emptied
[512/940] EXTERNALIZE build/GEDE01/src/game/game_fn_801BA94C.o
build/GEDE01/src/game/game_fn_801BA94C.o: 0 relocation(s) moved from streamInfo to ...bss.0
build/GEDE01/src/game/game_fn_801BA94C.o: lbl_8061AE48 now undefined; section 6 emptied
[513/940] EXTERNALIZE STATIC POOL build/GEDE01/src/game/game_fn_801BC8F4.o
build/GEDE01/src/game/game_fn_801BC8F4.o: lbl_8061C748 now undefined; section 6 emptied
[514/940] EXTERNALIZE STATIC build/GEDE01/src/game/game_fn_801BC240.o
build/GEDE01/src/game/game_fn_801BC240.o: lbl_8061C748 now undefined; section 6 emptied
[515/940] EXTERNALIZE STATIC POOL build/GEDE01/src/game/game_fn_801BCC04.o
build/GEDE01/src/game/game_fn_801BCC04.o: lbl_8061C748 now undefined; section 6 emptied
[516/940] EXTERNALIZE STATIC POOL build/GEDE01/src/game/game_fn_801BC0D4.o
build/GEDE01/src/game/game_fn_801BC0D4.o: lbl_8061C748 now undefined; section 6 emptied
[517/940] EXTERNALIZE STATIC POOL build/GEDE01/src/game/game_fn_801C1CB0.o
build/GEDE01/src/game/game_fn_801C1CB0.o: lbl_80626DA0 now undefined; section 3 emptied
[518/940] EXTERNALIZE STATIC POOL build/GEDE01/src/game/game_fn_801CE09C.o
build/GEDE01/src/game/game_fn_801CE09C.o: lbl_80631340 now undefined; section 6 emptied
[519/940] RENAME build/GEDE01/src/game/game_InitMetroTRKCommTable.o
[520/940] RENAME RUNTIME INTRINSICS build/GEDE01/src/game/game_fn_801CB4F8.o
[521/940] EXTERNALIZE build/GEDE01/src/game/game_fn_801D3988.o
[522/940] EXTERNALIZE STATIC POOL build/GEDE01/src/game/game_fn_8010242C.o
build/GEDE01/src/game/game_fn_8010242C.o: lbl_8032CC08 now undefined; section 3 emptied
[523/940] EXTERNALIZE build/GEDE01/src/game/game_fn_801D1B10.o
[524/940] ALIGN DATA build/GEDE01/src/game/game_fn_8005EF94.o
[525/940] ALIGN DATA build/GEDE01/src/game/game_fn_801A6350.o
[526/940] EXTERNALIZE build/GEDE01/src/game/game_fn_801CE594.o
[527/940] ALIGN DATA build/GEDE01/src/game/game_fn_80008014.o
[528/940] EXTERNALIZE build/GEDE01/src/game/game_fn_8014549C.o
[529/940] EXTERNALIZE build/GEDE01/src/game/game_fn_801C8224.o
[530/940] EXTERNALIZE build/GEDE01/src/game/game_fn_801098C0.o
[531/940] EXTERNALIZE build/GEDE01/src/game/game_fn_8000FDE8.o
[532/940] EXTERNALIZE build/GEDE01/src/game/game_fn_80185F10.o
[533/940] EXTERNALIZE build/GEDE01/src/game/game_fn_801C29BC.o
[534/940] EXTERNALIZE build/GEDE01/src/game/game_fn_801C8F50.o
[535/940] EXTERNALIZE build/GEDE01/src/game/game_fn_8007B828.o
[536/940] EXTERNALIZE build/GEDE01/src/game/game_fn_801C90A4.o
[537/940] EXTERNALIZE build/GEDE01/src/game/game_fn_801C8160.o
[538/940] EXTERNALIZE build/GEDE01/src/game/game_fn_801C2AAC.o
[539/940] EXTERNALIZE build/GEDE01/src/game/game_fn_801C2D9C.o
[540/940] EXTERNALIZE build/GEDE01/src/game/game_fn_801C2980.o
[541/940] EXTERNALIZE build/GEDE01/src/game/game_fn_801B02F0.o
[542/940] EXTERNALIZE build/GEDE01/src/game/game_fn_801AFA74.o
[543/940] EXTERNALIZE build/GEDE01/src/game/game_fn_801AC8AC.o
[544/940] EXTERNALIZE build/GEDE01/src/game/game_fn_801ABD3C.o
[545/940] EXTERNALIZE build/GEDE01/src/game/game_fn_801816D4.o
[546/940] EXTERNALIZE build/GEDE01/src/game/game_fn_8011F140.o
[547/940] EXTERNALIZE build/GEDE01/src/game/game_fn_801AD08C.o
[548/940] EXTERNALIZE build/GEDE01/src/game/game_fn_8004998C.o
[549/940] EXTERNALIZE build/GEDE01/src/game/game_fn_80079AA4.o
[550/940] EXTERNALIZE build/GEDE01/src/game/game_fn_80158D38.o
[551/940] EXTERNALIZE build/GEDE01/src/game/game_fn_801A3A78.o
[552/940] EXTERNALIZE build/GEDE01/src/game/game_fn_8008F224.o
[553/940] EXTERNALIZE build/GEDE01/src/game/game_fn_80167454.o
[554/940] EXTERNALIZE build/GEDE01/src/game/game_fn_800AF230.o
[555/940] EXTERNALIZE build/GEDE01/src/game/game_fn_801A93E8.o
[556/940] EXTERNALIZE build/GEDE01/src/game/game_fn_801AB154.o
[557/940] EXTERNALIZE build/GEDE01/src/game/game_fn_801A7E04.o
[558/940] EXTERNALIZE build/GEDE01/src/game/game_fn_801A7EA8.o
[559/940] EXTERNALIZE build/GEDE01/src/game/game_fn_801A6CB4.o
[560/940] EXTERNALIZE build/GEDE01/src/game/game_fn_801A4CE0.o
[561/940] EXTERNALIZE build/GEDE01/src/game/game_fn_801A6C58.o
[562/940] NAME JUMPTABLE build/GEDE01/src/game/game_fn_801A6ADC.o
[563/940] EXTERNALIZE build/GEDE01/src/game/game_fn_801A6410.o
[564/940] EXTERNALIZE build/GEDE01/src/game/game_fn_801A5FB0.o
[565/940] EXTERNALIZE build/GEDE01/src/game/game_fn_801A1F18.o
[566/940] EXTERNALIZE build/GEDE01/src/game/game_fn_8019E8C8.o
[567/940] EXTERNALIZE build/GEDE01/src/game/game_fn_8019E5E4.o
[568/940] EXTERNALIZE build/GEDE01/src/game/game_fn_8019CFC4.o
[569/940] EXTERNALIZE build/GEDE01/src/game/game_fn_8019CC28.o
[570/940] EXTERNALIZE build/GEDE01/src/game/game_fn_801991E0.o
[571/940] EXTERNALIZE build/GEDE01/src/game/game_fn_80198BF4.o
[572/940] EXTERNALIZE build/GEDE01/src/game/game_fn_80198AAC.o
[573/940] EXTERNALIZE build/GEDE01/src/game/game_fn_80198154.o
[574/940] EXTERNALIZE build/GEDE01/src/game/game_fn_80194F80.o
[575/940] EXTERNALIZE build/GEDE01/src/game/game_fn_80197910.o
[576/940] EXTERNALIZE build/GEDE01/src/game/game_fn_80177434.o
repointed 2 relocations to lbl_80250588
[577/940] EXTERNALIZE build/GEDE01/src/game/game_fn_80193E1C.o
[578/940] EXTERNALIZE build/GEDE01/src/game/game_fn_801931C4.o
[579/940] EXTERNALIZE build/GEDE01/src/game/game_fn_80193F3C.o
[580/940] EXTERNALIZE build/GEDE01/src/game/game_fn_80192F54.o
[581/940] EXTERNALIZE build/GEDE01/src/game/game_fn_80191F58.o
[582/940] EXTERNALIZE build/GEDE01/src/game/game_fn_8019197C.o
[583/940] EXTERNALIZE build/GEDE01/src/game/game_fn_80191360.o
[584/940] GLOBALIZE build/GEDE01/src/game/game_fn_8018F1D0.o
[585/940] EXTERNALIZE build/GEDE01/src/game/game_fn_8018D688.o
[586/940] EXTERNALIZE build/GEDE01/src/game/game_fn_8018F81C.o
[587/940] EXTERNALIZE build/GEDE01/src/game/game_fn_8018D2E0.o
[588/940] EXTERNALIZE build/GEDE01/src/game/game_fn_80189968.o
[589/940] EXTERNALIZE build/GEDE01/src/game/game_fn_80189760.o
[590/940] EXTERNALIZE build/GEDE01/src/game/game_fn_8018D1F0.o
[591/940] EXTERNALIZE build/GEDE01/src/game/game_fn_801896A0.o
[592/940] EXTERNALIZE build/GEDE01/src/game/game_fn_801895E8.o
[593/940] EXTERNALIZE build/GEDE01/src/game/game_fn_80189390.o
[594/940] EXTERNALIZE build/GEDE01/src/game/game_fn_801891D8.o
[595/940] EXTERNALIZE build/GEDE01/src/game/game_fn_80189028.o
[596/940] EXTERNALIZE build/GEDE01/src/game/game_fn_80188E28.o
[597/940] EXTERNALIZE build/GEDE01/src/game/game_fn_80188B44.o
[598/940] EXTERNALIZE build/GEDE01/src/game/game_fn_80188C1C.o
[599/940] EXTERNALIZE build/GEDE01/src/game/game_fn_80188A7C.o
[600/940] EXTERNALIZE build/GEDE01/src/game/game_fn_801878E0.o
[601/940] EXTERNALIZE build/GEDE01/src/game/game_fn_80187120.o
[602/940] EXTERNALIZE build/GEDE01/src/game/game_fn_8018FEDC.o
[603/940] EXTERNALIZE build/GEDE01/src/game/game_fn_80186E10.o
[604/940] EXTERNALIZE build/GEDE01/src/game/game_fn_801865EC.o
[605/940] EXTERNALIZE build/GEDE01/src/game/game_fn_801859FC.o
[606/940] EXTERNALIZE build/GEDE01/src/game/game_fn_80185AE8.o
[607/940] EXTERNALIZE build/GEDE01/src/game/game_fn_80180DDC.o
[608/940] EXTERNALIZE build/GEDE01/src/game/game_fn_8017E958.o
[609/940] EXTERNALIZE build/GEDE01/src/game/game_fn_8017E850.o
[610/940] EXTERNALIZE build/GEDE01/src/game/game_fn_8017718C.o
[611/940] EXTERNALIZE build/GEDE01/src/game/game_fn_801770F8.o
[612/940] EXTERNALIZE build/GEDE01/src/game/game_fn_80176FA0.o
[613/940] EXTERNALIZE build/GEDE01/src/game/game_fn_80174358.o
[614/940] EXTERNALIZE build/GEDE01/src/game/game_fn_80176DF4.o
[615/940] EXTERNALIZE build/GEDE01/src/game/game_fn_80173F04.o
[616/940] EXTERNALIZE build/GEDE01/src/game/game_fn_80174184.o
[617/940] EXTERNALIZE build/GEDE01/src/game/game_fn_80173D44.o
[618/940] EXTERNALIZE build/GEDE01/src/game/game_fn_8017553C.o
[619/940] EXTERNALIZE build/GEDE01/src/game/game_fn_80173770.o
[620/940] EXTERNALIZE build/GEDE01/src/game/game_fn_801734B4.o
[621/940] EXTERNALIZE build/GEDE01/src/game/game_fn_80173270.o
[622/940] EXTERNALIZE build/GEDE01/src/game/game_fn_80172DB8.o
[623/940] EXTERNALIZE build/GEDE01/src/game/game_fn_80172C78.o
[624/940] EXTERNALIZE build/GEDE01/src/game/game_fn_80172BB0.o
[625/940] EXTERNALIZE build/GEDE01/src/game/game_fn_801726EC.o
[626/940] EXTERNALIZE build/GEDE01/src/game/game_fn_8017250C.o
[627/940] EXTERNALIZE build/GEDE01/src/game/game_fn_80171F30.o
[628/940] EXTERNALIZE build/GEDE01/src/game/game_fn_801719B4.o
[629/940] EXTERNALIZE build/GEDE01/src/game/game_fn_80171664.o
[630/940] EXTERNALIZE build/GEDE01/src/game/game_fn_801718F4.o
[631/940] EXTERNALIZE build/GEDE01/src/game/game_fn_8017138C.o
[632/940] EXTERNALIZE build/GEDE01/src/game/game_fn_80170A40.o
[633/940] NORMALIZE build/GEDE01/src/game/game_TRKNubWelcome.o
[634/940] NORMALIZE build/GEDE01/src/game/game_TRK_main.o
[635/940] NORMALIZE build/GEDE01/src/game/game_data_80239E10.o
[636/940] NORMALIZE build/GEDE01/src/game/game_data_80239E18.o
[637/940] EXTERNALIZE build/GEDE01/src/game/game_fn_801706DC.o
[638/940] EXTERNALIZE build/GEDE01/src/game/game_fn_8017652C.o
[639/940] EXTERNALIZE build/GEDE01/src/game/game_fn_80170E9C.o
[640/940] EXTERNALIZE build/GEDE01/src/game/game_fn_80175E64.o
[641/940] EXTERNALIZE build/GEDE01/src/game/game_fn_80175F0C.o
[642/940] EXTERNALIZE build/GEDE01/src/game/game_fn_80175FD4.o
[643/940] EXTERNALIZE build/GEDE01/src/game/game_fn_80176098.o
[644/940] EXTERNALIZE build/GEDE01/src/game/game_fn_80176160.o
[645/940] EXTERNALIZE build/GEDE01/src/game/game_fn_80176220.o
[646/940] EXTERNALIZE build/GEDE01/src/game/game_fn_80170DF4.o
[647/940] EXTERNALIZE build/GEDE01/src/game/game_fn_801762E8.o
[648/940] EXTERNALIZE build/GEDE01/src/game/game_fn_8016E8F8.o
[649/940] EXTERNALIZE build/GEDE01/src/game/game_fn_8016FEF8.o
[650/940] EXTERNALIZE build/GEDE01/src/game/game_fn_801704F8.o
[651/940] NORMALIZE build/GEDE01/src/game/game_fn_8016DF4C.o
[652/940] EXTERNALIZE build/GEDE01/src/game/game_fn_8016D2B8.o
[653/940] EXTERNALIZE build/GEDE01/src/game/game_fn_8016D040.o
[654/940] EXTERNALIZE build/GEDE01/src/game/game_fn_8016D1F8.o
[655/940] EXTERNALIZE build/GEDE01/src/game/game_fn_8016C774.o
[656/940] EXTERNALIZE build/GEDE01/src/game/game_fn_8016C4BC.o
[657/940] EXTERNALIZE build/GEDE01/src/game/game_fn_8016C238.o
[658/940] EXTERNALIZE build/GEDE01/src/game/game_fn_8016C164.o
[659/940] EXTERNALIZE build/GEDE01/src/game/game_fn_8016C0BC.o
[660/940] EXTERNALIZE build/GEDE01/src/game/game_fn_8017038C.o
[661/940] EXTERNALIZE build/GEDE01/src/game/game_fn_8016BE1C.o
[662/940] EXTERNALIZE build/GEDE01/src/game/game_fn_8016BF60.o
[663/940] EXTERNALIZE build/GEDE01/src/game/game_fn_8016BD0C.o
[664/940] EXTERNALIZE build/GEDE01/src/game/game_fn_80169650.o
[665/940] EXTERNALIZE build/GEDE01/src/game/game_fn_80167B5C.o
[666/940] EXTERNALIZE build/GEDE01/src/game/game_fn_8015EDC0.o
[667/940] EXTERNALIZE build/GEDE01/src/game/game_fn_8015DB84.o
[668/940] EXTERNALIZE build/GEDE01/src/game/game_fn_8015DC54.o
[669/940] EXTERNALIZE build/GEDE01/src/game/game_fn_80158B20.o
[670/940] EXTERNALIZE build/GEDE01/src/game/game_fn_80179398.o
[671/940] EXTERNALIZE build/GEDE01/src/game/game_fn_8017960C.o
[672/940] EXTERNALIZE build/GEDE01/src/game/game_fn_8017974C.o
[673/940] EXTERNALIZE build/GEDE01/src/game/game_fn_80179904.o
[674/940] EXTERNALIZE build/GEDE01/src/game/game_fn_8017A9B8.o
[675/940] EXTERNALIZE build/GEDE01/src/game/game_fn_80179A18.o
[676/940] EXTERNALIZE build/GEDE01/src/game/game_fn_80179A74.o
[677/940] EXTERNALIZE build/GEDE01/src/game/game_fn_80179EB8.o
[678/940] EXTERNALIZE build/GEDE01/src/game/game_fn_80179F20.o
[679/940] EXTERNALIZE build/GEDE01/src/game/game_fn_8017A010.o
[680/940] EXTERNALIZE build/GEDE01/src/game/game_fn_8017A12C.o
[681/940] EXTERNALIZE build/GEDE01/src/game/game_fn_80157C0C.o
[682/940] EXTERNALIZE build/GEDE01/src/game/game_fn_8017A1C0.o
[683/940] EXTERNALIZE build/GEDE01/src/game/game_fn_80155814.o
[684/940] EXTERNALIZE build/GEDE01/src/game/game_fn_80153898.o
[685/940] EXTERNALIZE build/GEDE01/src/game/game_fn_8014B494.o
[686/940] EXTERNALIZE build/GEDE01/src/game/game_fn_8014AF38.o
[687/940] EXTERNALIZE build/GEDE01/src/game/game_fn_8012DB28.o
[688/940] EXTERNALIZE build/GEDE01/src/game/game_fn_801141B8.o
[689/940] EXTERNALIZE build/GEDE01/src/game/game_fn_801128E4.o
[690/940] EXTERNALIZE build/GEDE01/src/game/game_fn_801126E0.o
[691/940] EXTERNALIZE build/GEDE01/src/game/game_fn_8010F184.o
[692/940] EXTERNALIZE build/GEDE01/src/game/game_fn_800E4980.o
[693/940] EXTERNALIZE build/GEDE01/src/game/game_fn_800C17EC.o
[694/940] EXTERNALIZE build/GEDE01/src/game/game_fn_800C030C.o
[695/940] EXTERNALIZE build/GEDE01/src/game/game_fn_800C59F0.o
[696/940] EXTERNALIZE build/GEDE01/src/game/game_fn_800C644C.o
[697/940] EXTERNALIZE build/GEDE01/src/game/game_fn_800C65FC.o
[698/940] EXTERNALIZE build/GEDE01/src/game/game_fn_800CB760.o
[699/940] EXTERNALIZE build/GEDE01/src/game/game_fn_800CB8F4.o
[700/940] EXTERNALIZE build/GEDE01/src/game/game_fn_80078500.o
[701/940] EXTERNALIZE build/GEDE01/src/game/game_fn_80079908.o
[702/940] EXTERNALIZE build/GEDE01/src/game/game_fn_8007B2F4.o
[703/940] EXTERNALIZE build/GEDE01/src/game/game_fn_8007B640.o
[704/940] EXTERNALIZE build/GEDE01/src/game/game_fn_8007B540.o
[705/940] EXTERNALIZE build/GEDE01/src/game/game_fn_800886D8.o
[706/940] EXTERNALIZE build/GEDE01/src/game/game_fn_800934A0.o
[707/940] EXTERNALIZE build/GEDE01/src/game/game_fn_8007BA3C.o
[708/940] EXTERNALIZE build/GEDE01/src/game/game_fn_800A3894.o
[709/940] EXTERNALIZE build/GEDE01/src/game/game_fn_800A7E88.o
[710/940] EXTERNALIZE build/GEDE01/src/game/game_fn_800A4798.o
[711/940] EXTERNALIZE build/GEDE01/src/game/game_fn_800A2FCC.o
[712/940] GLOBALIZE build/GEDE01/src/game/game_fn_800A2130.o
[713/940] EXTERNALIZE build/GEDE01/src/game/game_fn_8009C424.o
[714/940] EXTERNALIZE build/GEDE01/src/game/game_fn_80096830.o
[715/940] GLOBALIZE build/GEDE01/src/game/game_fn_8008F890.o
[716/940] EXTERNALIZE SWITCHES build/GEDE01/src/game/game_fn_80095FDC.o
[717/940] EXTERNALIZE build/GEDE01/src/game/game_fn_800A4428.o
[718/940] EXTERNALIZE build/GEDE01/src/game/game_fn_80074310.o
[719/940] GLOBALIZE build/GEDE01/src/game/game_fn_8005FD84.o
[720/940] EXTERNALIZE build/GEDE01/src/game/game_fn_80066888.o
[721/940] EXTERNALIZE build/GEDE01/src/game/game_fn_80052310.o
[722/940] EXTERNALIZE build/GEDE01/src/game/game_fn_8005EC6C.o
[723/940] EXTERNALIZE build/GEDE01/src/game/game_fn_80048B24.o
[724/940] NAME SWITCH build/GEDE01/src/game/game_fn_80020E94.o
[725/940] NAME SWITCH build/GEDE01/src/game/game_fn_8005EE9C.o
[726/940] EXTERNALIZE build/GEDE01/src/game/game_fn_80048ADC.o
[727/940] NAME SWITCH build/GEDE01/src/game/game_fn_8016D9C0.o
[728/940] NAME SWITCH build/GEDE01/src/game/game_fn_80071A58.o
[729/940] NAME SWITCH build/GEDE01/src/game/game_fn_8006B620.o
[730/940] NAME SWITCH build/GEDE01/src/game/game_fn_8001FE1C.o
[731/940] NAME SWITCH build/GEDE01/src/game/game_fn_8001E644.o
[732/940] EXTERNALIZE build/GEDE01/src/game/game_fn_80038878.o
[733/940] EXTERNALIZE build/GEDE01/src/game/game_fn_801B46C8.o
build/GEDE01/src/game/game_fn_801B46C8.o: lbl_8060C020 now undefined; section 6 emptied
[734/940] EXTERNALIZE build/GEDE01/src/game/game_fn_80036C40.o
[735/940] EXTERNALIZE build/GEDE01/src/game/game_fn_800359A0.o
[736/940] EXTERNALIZE build/GEDE01/src/game/game_fn_80033180.o
[737/940] EXTERNALIZE build/GEDE01/src/game/game_fn_80033038.o
[738/940] EXTERNALIZE build/GEDE01/src/game/game_fn_80032B84.o
[739/940] EXTERNALIZE build/GEDE01/src/game/game_fn_8003232C.o
[740/940] EXTERNALIZE build/GEDE01/src/game/game_fn_8002E3F0.o
[741/940] EXTERNALIZE build/GEDE01/src/game/game_fn_8002DAE0.o
[742/940] EXTERNALIZE build/GEDE01/src/game/game_fn_8002EA68.o
[743/940] GLOBALIZE build/GEDE01/src/game/game_fn_8002B748.o
[744/940] EXTERNALIZE build/GEDE01/src/game/game_fn_8002F428.o
[745/940] NAME SWITCHES build/GEDE01/src/game/game_fn_80024F28.o
[746/940] EXTERNALIZE build/GEDE01/src/game/game_fn_800272B4.o
[747/940] EXTERNALIZE build/GEDE01/src/game/game_fn_8001CE94.o
[748/940] EXTERNALIZE build/GEDE01/src/game/game_fn_8001CD58.o
[749/940] EXTERNALIZE build/GEDE01/src/game/game_fn_8001C078.o
[750/940] EXTERNALIZE build/GEDE01/src/game/game_fn_8001B874.o
[751/940] EXTERNALIZE build/GEDE01/src/game/game_fn_8001B808.o
[752/940] EXTERNALIZE build/GEDE01/src/game/game_fn_8001B294.o
[753/940] EXTERNALIZE build/GEDE01/src/game/game_fn_8001B124.o
[754/940] EXTERNALIZE build/GEDE01/src/game/game_fn_8001AF68.o
[755/940] EXTERNALIZE build/GEDE01/src/game/game_fn_8001ADF8.o
[756/940] EXTERNALIZE build/GEDE01/src/game/game_fn_8001AAB8.o
[757/940] EXTERNALIZE build/GEDE01/src/game/game_fn_8001A6C4.o
[758/940] EXTERNALIZE build/GEDE01/src/game/game_fn_80019F98.o
[759/940] EXTERNALIZE build/GEDE01/src/game/game_fn_80019D2C.o
[760/940] EXTERNALIZE build/GEDE01/src/game/game_fn_80019C10.o
[761/940] EXTERNALIZE build/GEDE01/src/game/game_fn_80019940.o
[762/940] EXTERNALIZE build/GEDE01/src/game/game_fn_80019244.o
[763/940] EXTERNALIZE build/GEDE01/src/game/game_fn_800194D0.o
[764/940] EXTERNALIZE build/GEDE01/src/game/game_fn_80019054.o
[765/940] EXTERNALIZE build/GEDE01/src/game/game_fn_80018EF4.o
[766/940] EXTERNALIZE build/GEDE01/src/game/game_fn_80017DB0.o
[767/940] EXTERNALIZE build/GEDE01/src/game/game_fn_80017CC8.o
[768/940] EXTERNALIZE build/GEDE01/src/game/game_fn_80017C3C.o
[769/940] EXTERNALIZE build/GEDE01/src/game/game_fn_80017AE4.o
[770/940] EXTERNALIZE build/GEDE01/src/game/game_fn_80017A3C.o
[771/940] EXTERNALIZE build/GEDE01/src/game/game_fn_800179AC.o
[772/940] EXTERNALIZE build/GEDE01/src/game/game_fn_80017910.o
[773/940] EXTERNALIZE FLAGS build/GEDE01/src/game/game_fn_800119FC.o
[774/940] EXTERNALIZE build/GEDE01/src/game/game_fn_8000FFD8.o
[775/940] EXTERNALIZE build/GEDE01/src/game/game_fn_8000F4B0.o
[776/940] GLOBALIZE build/GEDE01/src/game/game_fn_800094C0.o
[777/940] EXTERNALIZE build/GEDE01/src/game/game_fn_8000EFC4.o
[778/940] EXTERNALIZE build/GEDE01/src/game/game_fn_800096E0.o
[779/940] EXTERNALIZE build/GEDE01/src/game/game_fn_800098C0.o
[780/940] EXTERNALIZE build/GEDE01/src/game/game_fn_800099D8.o
[781/940] EXTERNALIZE build/GEDE01/src/game/game_fn_80009AB4.o
[782/940] EXTERNALIZE build/GEDE01/src/game/game_fn_8000A26C.o
[783/940] EXTERNALIZE build/GEDE01/src/game/game_fn_800171C0.o
[784/940] EXTERNALIZE build/GEDE01/src/game/game_fn_800176F0.o
[785/940] EXTERNALIZE build/GEDE01/src/game/game_fn_8000AEB4.o
[786/940] EXTERNALIZE build/GEDE01/src/game/game_fn_8000AC88.o
[787/940] EXTERNALIZE build/GEDE01/src/game/game_fn_8000AFB4.o
[788/940] EXTERNALIZE build/GEDE01/src/game/game_fn_8000B1B8.o
[789/940] EXTERNALIZE build/GEDE01/src/game/game_fn_8000B36C.o
[790/940] EXTERNALIZE build/GEDE01/src/game/game_fn_8000B630.o
[791/940] EXTERNALIZE build/GEDE01/src/game/game_fn_8000B900.o
[792/940] EXTERNALIZE build/GEDE01/src/game/game_fn_8000B7FC.o
[793/940] EXTERNALIZE build/GEDE01/src/game/game_fn_8000BA0C.o
[794/940] EXTERNALIZE build/GEDE01/src/game/game_fn_8000BAA0.o
[795/940] EXTERNALIZE build/GEDE01/src/game/game_fn_8000C06C.o
[796/940] EXTERNALIZE build/GEDE01/src/game/game_fn_8000BC40.o
[797/940] EXTERNALIZE build/GEDE01/src/game/game_fn_8000C17C.o
[798/940] EXTERNALIZE build/GEDE01/src/game/game_fn_8000C400.o
[799/940] EXTERNALIZE build/GEDE01/src/game/game_fn_8000C848.o
[800/940] EXTERNALIZE build/GEDE01/src/game/game_fn_8000C91C.o
[801/940] EXTERNALIZE build/GEDE01/src/game/game_fn_8000D0BC.o
[802/940] EXTERNALIZE build/GEDE01/src/game/game_fn_8000D3D4.o
[803/940] NAME SWITCH build/GEDE01/src/game/game_fn_8000D8A4.o
[804/940] EXTERNALIZE build/GEDE01/src/game/game_fn_8000E054.o
[805/940] EXTERNALIZE build/GEDE01/src/game/game_fn_8000E0AC.o
[806/940] EXTERNALIZE build/GEDE01/src/game/game_fn_8000E96C.o
[807/940] EXTERNALIZE build/GEDE01/src/game/game_fn_8000F774.o
[808/940] EXTERNALIZE build/GEDE01/src/game/game_fn_8000EB14.o
[809/940] EXTERNALIZE build/GEDE01/src/game/game_fn_8000EBD4.o
[810/940] EXTERNALIZE build/GEDE01/src/game/game_fn_8000ED44.o
[811/940] EXTERNALIZE build/GEDE01/src/game/game_fn_8000E138.o
[812/940] EXTERNALIZE build/GEDE01/src/game/game_fn_8000E1C4.o
[813/940] EXTERNALIZE build/GEDE01/src/game/game_fn_8000D590.o
[814/940] EXTERNALIZE build/GEDE01/src/game/game_fn_8000DAF4.o
[815/940] EXTERNALIZE build/GEDE01/src/game/game_fn_8000DA50.o
[816/940] EXTERNALIZE build/GEDE01/src/game/game_fn_80012DA8.o
[817/940] EXTERNALIZE build/GEDE01/src/game/game_fn_80012F40.o
[818/940] EXTERNALIZE build/GEDE01/src/game/game_fn_80012FD0.o
[819/940] EXTERNALIZE build/GEDE01/src/game/game_fn_800131E8.o
[820/940] EXTERNALIZE build/GEDE01/src/game/game_fn_80013340.o
[821/940] EXTERNALIZE build/GEDE01/src/game/game_fn_80013870.o
[822/940] EXTERNALIZE build/GEDE01/src/game/game_fn_80013CB0.o
[823/940] EXTERNALIZE build/GEDE01/src/game/game_fn_80013D54.o
[824/940] EXTERNALIZE build/GEDE01/src/game/game_fn_800144CC.o
[825/940] EXTERNALIZE build/GEDE01/src/game/game_fn_800142DC.o
[826/940] EXTERNALIZE build/GEDE01/src/game/game_fn_80014784.o
[827/940] EXTERNALIZE build/GEDE01/src/game/game_fn_800149D4.o
[828/940] EXTERNALIZE build/GEDE01/src/game/game_fn_80015058.o
[829/940] EXTERNALIZE build/GEDE01/src/game/game_fn_80015320.o
[830/940] EXTERNALIZE build/GEDE01/src/game/game_fn_800156FC.o
[831/940] EXTERNALIZE build/GEDE01/src/game/game_fn_80015568.o
[832/940] EXTERNALIZE build/GEDE01/src/game/game_fn_80015BE0.o
[833/940] EXTERNALIZE build/GEDE01/src/game/game_fn_80015D40.o
[834/940] EXTERNALIZE build/GEDE01/src/game/game_fn_80015F04.o
[835/940] EXTERNALIZE build/GEDE01/src/game/game_fn_80016128.o
[836/940] EXTERNALIZE build/GEDE01/src/game/game_fn_80016270.o
[837/940] EXTERNALIZE build/GEDE01/src/game/game_fn_80016904.o
[838/940] EXTERNALIZE build/GEDE01/src/game/game_fn_80016B24.o
[839/940] EXTERNALIZE build/GEDE01/src/game/game_fn_800173CC.o
[840/940] EXTERNALIZE build/GEDE01/src/game/game_fn_801BEF40.o
[841/940] EXTERNALIZE build/GEDE01/src/game/game_fn_801B86C0.o
[842/940] EXTERNALIZE STATIC POOL build/GEDE01/src/game/game_fn_801C4B5C.o
build/GEDE01/src/game/game_fn_801C4B5C.o: lbl_80628CB0 now undefined; section 6 emptied
[843/940] EXTERNALIZE build/GEDE01/src/game/game_fn_801C8600.o
[844/940] EXTERNALIZE build/GEDE01/src/game/game_fn_801EAA04.o
[845/940] EXTERNALIZE build/GEDE01/src/game/game_fn_801DE8B4.o
[846/940] EXTERNALIZE build/GEDE01/src/game/game_fn_80173BDC.o
[847/940] EXTERNALIZE build/GEDE01/src/game/game_fn_801E7014.o
[848/940] EXTERNALIZE build/GEDE01/src/game/game_fn_801A4430.o
[849/940] EXTERNALIZE build/GEDE01/src/game/game_fn_8014BA14.o
[850/940] EXTERNALIZE build/GEDE01/src/game/game_fn_800B2EC0.o
[851/940] EXTERNALIZE build/GEDE01/src/game/game_fn_8001CA04.o
[852/940] EXTERNALIZE build/GEDE01/src/game/game_fn_80031544.o
[853/940] EXTERNALIZE build/GEDE01/src/game/game_fn_8006B0F0.o
[854/940] EXTERNALIZE build/GEDE01/src/game/game_fn_8007D4D8.o
[855/940] EXTERNALIZE build/GEDE01/src/game/game_fn_8007F770.o
[856/940] EXTERNALIZE build/GEDE01/src/game/game_fn_80088F4C.o
[857/940] EXTERNALIZE build/GEDE01/src/game/game_fn_80089A34.o
[858/940] EXTERNALIZE build/GEDE01/src/game/game_fn_8008A2E0.o
[859/940] EXTERNALIZE build/GEDE01/src/game/game_fn_80090004.o
[860/940] EXTERNALIZE build/GEDE01/src/game/game_fn_80095D10.o
[861/940] EXTERNALIZE build/GEDE01/src/game/game_fn_800A3180.o
[862/940] EXTERNALIZE build/GEDE01/src/game/game_fn_800BB5C4.o
[863/940] EXTERNALIZE build/GEDE01/src/game/game_fn_800BB7A8.o
[864/940] EXTERNALIZE build/GEDE01/src/game/game_fn_800BB9A4.o
[865/940] EXTERNALIZE build/GEDE01/src/game/game_fn_800BBAF0.o
[866/940] EXTERNALIZE build/GEDE01/src/game/game_fn_800D9E10.o
[867/940] EXTERNALIZE build/GEDE01/src/game/game_fn_800D9064.o
[868/940] EXTERNALIZE build/GEDE01/src/game/game_fn_8012976C.o
[869/940] EXTERNALIZE build/GEDE01/src/game/game_fn_8013CBE4.o
[870/940] EXTERNALIZE build/GEDE01/src/game/game_fn_8013DB8C.o
[871/940] EXTERNALIZE build/GEDE01/src/game/game_fn_8014CA98.o
[872/940] EXTERNALIZE build/GEDE01/src/game/game_fn_80153A24.o
[873/940] EXTERNALIZE build/GEDE01/src/game/game_fn_80174F2C.o
[874/940] EXTERNALIZE build/GEDE01/src/game/game_fn_801535D8.o
[875/940] EXTERNALIZE build/GEDE01/src/game/game_fn_8017AC20.o
[876/940] EXTERNALIZE build/GEDE01/src/game/game_fn_801752B0.o
[877/940] EXTERNALIZE build/GEDE01/src/game/game_fn_801861C4.o
[878/940] EXTERNALIZE build/GEDE01/src/game/game_fn_8018680C.o
[879/940] EXTERNALIZE build/GEDE01/src/game/game_fn_80186F70.o
[880/940] EXTERNALIZE build/GEDE01/src/game/game_fn_80187320.o
[881/940] EXTERNALIZE build/GEDE01/src/game/game_fn_801810A0.o
[882/940] EXTERNALIZE build/GEDE01/src/game/game_fn_801875FC.o
[883/940] EXTERNALIZE build/GEDE01/src/game/game_fn_800542D0.o
[884/940] EXTERNALIZE build/GEDE01/src/game/game_fn_80187E40.o
[885/940] EXTERNALIZE build/GEDE01/src/game/game_fn_80187BB4.o
[886/940] EXTERNALIZE build/GEDE01/src/game/game_fn_80189C14.o
[887/940] EXTERNALIZE build/GEDE01/src/game/game_fn_8018C2D0.o
[888/940] EXTERNALIZE build/GEDE01/src/game/game_fn_8018D400.o
[889/940] EXTERNALIZE build/GEDE01/src/game/game_fn_8018E0D8.o
[890/940] EXTERNALIZE build/GEDE01/src/game/game_fn_8019120C.o
[891/940] EXTERNALIZE build/GEDE01/src/game/game_fn_8018DC24.o
[892/940] EXTERNALIZE build/GEDE01/src/game/game_fn_801916D0.o
[893/940] EXTERNALIZE build/GEDE01/src/game/game_fn_801926EC.o
[894/940] EXTERNALIZE build/GEDE01/src/game/game_fn_801929A4.o
[895/940] EXTERNALIZE build/GEDE01/src/game/game_fn_801952E8.o
[896/940] EXTERNALIZE build/GEDE01/src/game/game_fn_801A2A54.o
[897/940] EXTERNALIZE build/GEDE01/src/game/game_fn_801A34BC.o
[898/940] EXTERNALIZE build/GEDE01/src/game/game_fn_801A657C.o
[899/940] EXTERNALIZE build/GEDE01/src/game/game_fn_801A1F8C.o
[900/940] EXTERNALIZE build/GEDE01/src/game/game_fn_801D1F78.o
[901/940] EXTERNALIZE build/GEDE01/src/game/game_fn_801E2A48.o
[902/940] EXTERNALIZE build/GEDE01/src/game/game_fn_801E6814.o
[903/940] EXTERNALIZE build/GEDE01/src/game/game_fn_801E995C.o
[904/940] EXTERNALIZE build/GEDE01/src/game/game_fn_801EF580.o
[905/940] EXTERNALIZE build/GEDE01/src/game/game_fn_801F0CB0.o
[906/940] EXTERNALIZE build/GEDE01/src/game/game_fn_801F10BC.o
[907/940] EXTERNALIZE build/GEDE01/src/game/game_fn_801F35A8.o
[908/940] EXTERNALIZE build/GEDE01/src/game/game_fn_801ECD74.o
[909/940] EXTERNALIZE build/GEDE01/src/game/game_fn_801ED5F4.o
[910/940] EXTERNALIZE build/GEDE01/src/game/game_fn_801F69F0.o
[911/940] EXTERNALIZE build/GEDE01/src/game/game_fn_801F76EC.o
[912/940] EXTERNALIZE build/GEDE01/src/game/game_fn_801F8264.o
[913/940] EXTERNALIZE build/GEDE01/src/game/game_fn_801F89B4.o
[914/940] EXTERNALIZE build/GEDE01/src/game/game_fn_801F9AF8.o
[915/940] EXTERNALIZE build/GEDE01/src/game/game_fn_801F6BD8.o
[916/940] EXTERNALIZE build/GEDE01/src/game/game_fn_80095E64.o
[917/940] EXTERNALIZE JUMPTABLES build/GEDE01/src/game/game_fn_800361F8.o
[918/940] EXTERNALIZE build/GEDE01/src/game/game_fn_801FB6A4.o
[919/940] EXTERNALIZE JUMPTABLES build/GEDE01/src/game/game_fn_8006E53C.o
[920/940] EXTERNALIZE JUMPTABLES build/GEDE01/src/game/game_fn_800CF598.o
[921/940] EXTERNALIZE JUMPTABLES build/GEDE01/src/game/game_fn_801ACFE8.o
[922/940] EXTERNALIZE JUMPTABLES build/GEDE01/src/game/game_fn_801B1BA0.o
[923/940] EXTERNALIZE build/GEDE01/src/game/game_fn_80150A24.o
[924/940] EXTERNALIZE build/GEDE01/src/game/game_fn_80154F74.o
[925/940] EXTERNALIZE build/GEDE01/src/game/game_fn_801E504C.o
[926/940] EXTERNALIZE build/GEDE01/src/game/game_fn_8009E808.o
[927/940] EXTERNALIZE build/GEDE01/src/game/game_fn_801FFE78.o
[928/940] EXTERNALIZE build/GEDE01/src/game/game_fn_801F1A38.o
[929/940] EXTERNALIZE build/GEDE01/src/game/game_fn_801F55A0.o
[930/940] EXTERNALIZE build/GEDE01/src/game/game_fn_801F7510.o
[931/940] EXTERNALIZE build/GEDE01/src/game/game_fn_801F8FAC.o
[932/940] EXTERNALIZE build/GEDE01/src/game/game_fn_801F9CF4.o
[933/940] EXTERNALIZE build/GEDE01/src/game/game_fn_801FC034.o
[934/940] EXTERNALIZE build/GEDE01/src/game/game_fn_801FA9C8.o
[935/940] REPORT
 INFO Loading project .
 INFO Generating report for 7069 units (using 8 threads)
 INFO Report generated in 0.185s
 INFO Writing to build/GEDE01/report.json
[936/940] LINK build/GEDE01/main.elf
### mwldeppc.exe Linker Warning:
#   Section '.ignored' is unknown. Section ignored.
### mwldeppc.exe Linker Warning:
#   Section '.ignored' is unknown. Section ignored.
### mwldeppc.exe Linker Warning:
#   Section '.ignored' is unknown. Section ignored.
### mwldeppc.exe Linker Warning:
#   Section '.ignored' is unknown. Section ignored.
### mwldeppc.exe Linker Warning:
#   Section '.ignored' is unknown. Section ignored.
### mwldeppc.exe Linker Warning:
#   Section '.ignored' is unknown. Section ignored.
### mwldeppc.exe Linker Warning:
#   Section '.ignored' is unknown. Section ignored.
### mwldeppc.exe Linker Warning:
#   Section '.ignored' is unknown. Section ignored.
### mwldeppc.exe Linker Warning:
#   Section '.ignored' is unknown. Section ignored.
### mwldeppc.exe Linker Warning:
#   Section '.ignored' is unknown. Section ignored.
### mwldeppc.exe Linker Warning:
#   Section '.ignored' is unknown. Section ignored.
### mwldeppc.exe Linker Warning:
#   Section '.ignored' is unknown. Section ignored.
### mwldeppc.exe Linker Warning:
#   Section '.ignored' is unknown. Section ignored.
### mwldeppc.exe Linker Warning:
#   Section '.ignored' is unknown. Section ignored.
### mwldeppc.exe Linker Warning:
#   Section '.ignored' is unknown. Section ignored.
### mwldeppc.exe Linker Warning:
#   Section '.ignored' is unknown. Section ignored.
### mwldeppc.exe Linker Warning:
#   Section '.ignored' is unknown. Section ignored.
### mwldeppc.exe Linker Warning:
#   Section '.ignored' is unknown. Section ignored.
### mwldeppc.exe Linker Warning:
#   Section '.ignored' is unknown. Section ignored.
### mwldeppc.exe Linker Warning:
#   Section '.ignored' is unknown. Section ignored.
### mwldeppc.exe Linker Warning:
#   Section '.ignored' is unknown. Section ignored.
### mwldeppc.exe Linker Warning:
#   Section '.ignored' is unknown. Section ignored.
### mwldeppc.exe Linker Warning:
#   Section '.ignored' is unknown. Section ignored.
### mwldeppc.exe Linker Warning:
#   Section '.ignored' is unknown. Section ignored.
### mwldeppc.exe Linker Warning:
#   Section '.ignored' is unknown. Section ignored.
### mwldeppc.exe Linker Warning:
#   Section '.ignored' is unknown. Section ignored.
### mwldeppc.exe Linker Warning:
#   Section '.ignored' is unknown. Section ignored.
### mwldeppc.exe Linker Warning:
#   Section '.ignored' is unknown. Section ignored.
### mwldeppc.exe Linker Warning:
#   Section '.ignored' is unknown. Section ignored.
### mwldeppc.exe Linker Warning:
#   Section '.ignored' is unknown. Section ignored.
### mwldeppc.exe Linker Warning:
#   Section '.ignored' is unknown. Section ignored.
### mwldeppc.exe Linker Warning:
#   Section '.ignored' is unknown. Section ignored.
### mwldeppc.exe Linker Warning:
#   Section '.ignored' is unknown. Section ignored.
### mwldeppc.exe Linker Warning:
#   Section '.ignored' is unknown. Section ignored.
### mwldeppc.exe Linker Warning:
#   Section '.ignored' is unknown. Section ignored.
### mwldeppc.exe Linker Warning:
#   Section '.ignored' is unknown. Section ignored.
### mwldeppc.exe Linker Warning:
#   Section '.ignored' is unknown. Section ignored.
### mwldeppc.exe Linker Warning:
#   Section '.ignored' is unknown. Section ignored.
### mwldeppc.exe Linker Warning:
#   Section '.ignored' is unknown. Section ignored.
### mwldeppc.exe Linker Warning:
#   Section '.ignored' is unknown. Section ignored.
### mwldeppc.exe Linker Warning:
#   Section '.ignored' is unknown. Section ignored.
### mwldeppc.exe Linker Warning:
#   Section '.ignored' is unknown. Section ignored.
### mwldeppc.exe Linker Warning:
#   Section '.ignored' is unknown. Section ignored.
### mwldeppc.exe Linker Warning:
#   Section '.ignored' is unknown. Section ignored.
### mwldeppc.exe Linker Warning:
#   Section '.ignored' is unknown. Section ignored.
### mwldeppc.exe Linker Warning:
#   Section '.ignored' is unknown. Section ignored.
### mwldeppc.exe Linker Warning:
#   Section '.ignored' is unknown. Section ignored.
### mwldeppc.exe Linker Warning:
#   Section '.ignored' is unknown. Section ignored.
### mwldeppc.exe Linker Warning:
#   Section '.ignored' is unknown. Section ignored.
### mwldeppc.exe Linker Warning:
#   Section '.ignored' is unknown. Section ignored.
### mwldeppc.exe Linker Warning:
#   Section '.ignored' is unknown. Section ignored.
### mwldeppc.exe Linker Warning:
#   Section '.ignored' is unknown. Section ignored.
### mwldeppc.exe Linker Warning:
#   Section '.ignored' is unknown. Section ignored.
### mwldeppc.exe Linker Warning:
#   Section '.ignored' is unknown. Section ignored.
### mwldeppc.exe Linker Warning:
#   Section '.ignored' is unknown. Section ignored.
### mwldeppc.exe Linker Warning:
#   Section '.ignored' is unknown. Section ignored.
### mwldeppc.exe Linker Warning:
#   Section '.ignored' is unknown. Section ignored.
### mwldeppc.exe Linker Warning:
#   Section '.ignored' is unknown. Section ignored.
### mwldeppc.exe Linker Warning:
#   Section '.ignored' is unknown. Section ignored.
### mwldeppc.exe Linker Warning:
#   Section '.ignored' is unknown. Section ignored.
### mwldeppc.exe Linker Warning:
#   Section '.ignored' is unknown. Section ignored.
### mwldeppc.exe Linker Warning:
#   Section '.ignored' is unknown. Section ignored.
### mwldeppc.exe Linker Warning:
#   Section '.ignored' is unknown. Section ignored.
### mwldeppc.exe Linker Warning:
#   Section '.ignored' is unknown. Section ignored.
### mwldeppc.exe Linker Warning:
#   Section '.ignored' is unknown. Section ignored.
### mwldeppc.exe Linker Warning:
#   Section '.ignored' is unknown. Section ignored.
### mwldeppc.exe Linker Warning:
#   Section '.ignored' is unknown. Section ignored.
### mwldeppc.exe Linker Warning:
#   Section '.ignored' is unknown. Section ignored.
### mwldeppc.exe Linker Warning:
#   Section '.ignored' is unknown. Section ignored.
### mwldeppc.exe Linker Warning:
#   Section '.ignored' is unknown. Section ignored.
### mwldeppc.exe Linker Warning:
#   Section '.ignored' is unknown. Section ignored.
### mwldeppc.exe Linker Warning:
#   Section '.ignored' is unknown. Section ignored.
### mwldeppc.exe Linker Warning:
#   Section '.ignored' is unknown. Section ignored.
### mwldeppc.exe Linker Warning:
#   Section '.ignored' is unknown. Section ignored.
### mwldeppc.exe Linker Warning:
#   Section '.ignored' is unknown. Section ignored.
### mwldeppc.exe Linker Warning:
#   Section '.ignored' is unknown. Section ignored.
### mwldeppc.exe Linker Warning:
#   Section '.ignored' is unknown. Section ignored.
### mwldeppc.exe Linker Warning:
#   Section '.ignored' is unknown. Section ignored.
### mwldeppc.exe Linker Warning:
#   Section '.ignored' is unknown. Section ignored.
### mwldeppc.exe Linker Warning:
#   Section '.ignored' is unknown. Section ignored.
### mwldeppc.exe Linker Warning:
#   Section '.ignored' is unknown. Section ignored.
### mwldeppc.exe Linker Warning:
#   Section '.ignored' is unknown. Section ignored.
### mwldeppc.exe Linker Warning:
#   Section '.ignored' is unknown. Section ignored.
### mwldeppc.exe Linker Warning:
#   Section '.ignored' is unknown. Section ignored.
### mwldeppc.exe Linker Warning:
#   Section '.ignored' is unknown. Section ignored.
### mwldeppc.exe Linker Warning:
#   Section '.ignored' is unknown. Section ignored.
### mwldeppc.exe Linker Warning:
#   Section '.ignored' is unknown. Section ignored.
### mwldeppc.exe Linker Warning:
#   Section '.ignored' is unknown. Section ignored.
### mwldeppc.exe Linker Warning:
#   Section '.ignored' is unknown. Section ignored.
### mwldeppc.exe Linker Warning:
#   Section '.ignored' is unknown. Section ignored.
### mwldeppc.exe Linker Warning:
#   Section '.ignored' is unknown. Section ignored.
### mwldeppc.exe Linker Warning:
#   Section '.ignored' is unknown. Section ignored.
### mwldeppc.exe Linker Warning:
#   Section '.ignored' is unknown. Section ignored.
### mwldeppc.exe Linker Warning:
#   Section '.ignored' is unknown. Section ignored.
### mwldeppc.exe Linker Warning:
#   Section '.ignored' is unknown. Section ignored.
### mwldeppc.exe Linker Warning:
#   Section '.ignored' is unknown. Section ignored.
### mwldeppc.exe Linker Warning:
#   Section '.ignored' is unknown. Section ignored.
### mwldeppc.exe Linker Warning:
#   Section '.ignored' is unknown. Section ignored.
### mwldeppc.exe Linker Warning:
#   Section '.ignored' is unknown. Section ignored.
### mwldeppc.exe Linker Warning:
#   Section '.ignored' is unknown. Section ignored.
### mwldeppc.exe Linker Warning:
#   Section '.ignored' is unknown. Section ignored.
### mwldeppc.exe Linker Warning:
#   Section '.ignored' is unknown. Section ignored.
### mwldeppc.exe Linker Warning:
#   Section '.ignored' is unknown. Section ignored.
### mwldeppc.exe Linker Warning:
#   Section '.ignored' is unknown. Section ignored.
### mwldeppc.exe Linker Warning:
#   Section '.ignored' is unknown. Section ignored.
### mwldeppc.exe Linker Warning:
#   Section '.ignored' is unknown. Section ignored.
### mwldeppc.exe Linker Warning:
#   Section '.ignored' is unknown. Section ignored.
### mwldeppc.exe Linker Warning:
#   Section '.ignored' is unknown. Section ignored.
### mwldeppc.exe Linker Warning:
#   Section '.ignored' is unknown. Section ignored.
### mwldeppc.exe Linker Warning:
#   Section '.ignored' is unknown. Section ignored.
### mwldeppc.exe Linker Warning:
#   Section '.ignored' is unknown. Section ignored.
### mwldeppc.exe Linker Warning:
#   Section '.ignored' is unknown. Section ignored.
### mwldeppc.exe Linker Warning:
#   Section '.ignored' is unknown. Section ignored.
### mwldeppc.exe Linker Warning:
#   Section '.ignored' is unknown. Section ignored.
### mwldeppc.exe Linker Warning:
#   Section '.ignored' is unknown. Section ignored.
### mwldeppc.exe Linker Warning:
#   Section '.ignored' is unknown. Section ignored.
### mwldeppc.exe Linker Warning:
#   Section '.ignored' is unknown. Section ignored.
### mwldeppc.exe Linker Warning:
#   Section '.ignored' is unknown. Section ignored.
### mwldeppc.exe Linker Warning:
#   Section '.ignored' is unknown. Section ignored.
### mwldeppc.exe Linker Warning:
#   Section '.ignored' is unknown. Section ignored.
### mwldeppc.exe Linker Warning:
#   Section '.ignored' is unknown. Section ignored.
### mwldeppc.exe Linker Warning:
#   Section '.ignored' is unknown. Section ignored.
### mwldeppc.exe Linker Warning:
#   Section '.ignored' is unknown. Section ignored.
### mwldeppc.exe Linker Warning:
#   Section '.ignored' is unknown. Section ignored.
### mwldeppc.exe Linker Warning:
#   Section '.ignored' is unknown. Section ignored.
### mwldeppc.exe Linker Warning:
#   Section '.ignored' is unknown. Section ignored.
### mwldeppc.exe Linker Warning:
#   Section '.ignored' is unknown. Section ignored.
### mwldeppc.exe Linker Warning:
#   Section '.ignored' is unknown. Section ignored.
### mwldeppc.exe Linker Warning:
#   Section '.ignored' is unknown. Section ignored.
### mwldeppc.exe Linker Warning:
#   Section '.ignored' is unknown. Section ignored.
### mwldeppc.exe Linker Warning:
#   Section '.ignored' is unknown. Section ignored.
### mwldeppc.exe Linker Warning:
#   Section '.ignored' is unknown. Section ignored.
### mwldeppc.exe Linker Warning:
#   Section '.ignored' is unknown. Section ignored.
### mwldeppc.exe Linker Warning:
#   Section '.ignored' is unknown. Section ignored.
### mwldeppc.exe Linker Warning:
#   Section '.ignored' is unknown. Section ignored.
### mwldeppc.exe Linker Warning:
#   Section '.ignored' is unknown. Section ignored.
### mwldeppc.exe Linker Warning:
#   Section '.ignored' is unknown. Section ignored.
### mwldeppc.exe Linker Warning:
#   Section '.ignored' is unknown. Section ignored.
### mwldeppc.exe Linker Warning:
#   Section '.ignored' is unknown. Section ignored.
### mwldeppc.exe Linker Warning:
#   Section '.ignored' is unknown. Section ignored.
### mwldeppc.exe Linker Warning:
#   Section '.ignored' is unknown. Section ignored.
### mwldeppc.exe Linker Warning:
#   Section '.ignored' is unknown. Section ignored.
### mwldeppc.exe Linker Warning:
#   Section '.ignored' is unknown. Section ignored.
### mwldeppc.exe Linker Warning:
#   Section '.ignored' is unknown. Section ignored.
### mwldeppc.exe Linker Warning:
#   Section '.ignored' is unknown. Section ignored.
### mwldeppc.exe Linker Warning:
#   Section '.ignored' is unknown. Section ignored.
### mwldeppc.exe Linker Warning:
#   Section '.ignored' is unknown. Section ignored.
### mwldeppc.exe Linker Warning:
#   Section '.ignored' is unknown. Section ignored.
### mwldeppc.exe Linker Warning:
#   Section '.ignored' is unknown. Section ignored.
### mwldeppc.exe Linker Warning:
#   Section '.ignored' is unknown. Section ignored.
### mwldeppc.exe Linker Warning:
#   Section '.ignored' is unknown. Section ignored.
### mwldeppc.exe Linker Warning:
#   Section '.ignored' is unknown. Section ignored.
### mwldeppc.exe Linker Warning:
#   Section '.ignored' is unknown. Section ignored.
### mwldeppc.exe Linker Warning:
#   Section '.ignored' is unknown. Section ignored.
### mwldeppc.exe Linker Warning:
#   Section '.ignored' is unknown. Section ignored.
### mwldeppc.exe Linker Warning:
#   Section '.ignored' is unknown. Section ignored.
### mwldeppc.exe Linker Warning:
#   Section '.ignored' is unknown. Section ignored.
### mwldeppc.exe Linker Warning:
#   Section '.ignored' is unknown. Section ignored.
### mwldeppc.exe Linker Warning:
#   Section '.ignored' is unknown. Section ignored.
### mwldeppc.exe Linker Warning:
#   Section '.ignored' is unknown. Section ignored.
### mwldeppc.exe Linker Warning:
#   Section '.ignored' is unknown. Section ignored.
### mwldeppc.exe Linker Warning:
#   Section '.ignored' is unknown. Section ignored.
### mwldeppc.exe Linker Warning:
#   Section '.ignored' is unknown. Section ignored.
### mwldeppc.exe Linker Warning:
#   Section '.ignored' is unknown. Section ignored.
### mwldeppc.exe Linker Warning:
#   Section '.ignored' is unknown. Section ignored.
### mwldeppc.exe Linker Warning:
#   Section '.ignored' is unknown. Section ignored.
### mwldeppc.exe Linker Warning:
#   Section '.ignored' is unknown. Section ignored.
### mwldeppc.exe Linker Warning:
#   Section '.ignored' is unknown. Section ignored.
### mwldeppc.exe Linker Warning:
#   Section '.ignored' is unknown. Section ignored.
### mwldeppc.exe Linker Warning:
#   Section '.ignored' is unknown. Section ignored.
### mwldeppc.exe Linker Warning:
#   Section '.ignored' is unknown. Section ignored.
### mwldeppc.exe Linker Warning:
#   Section '.ignored' is unknown. Section ignored.
### mwldeppc.exe Linker Warning:
#   Section '.ignored' is unknown. Section ignored.
### mwldeppc.exe Linker Warning:
#   Section '.ignored' is unknown. Section ignored.
### mwldeppc.exe Linker Warning:
#   Section '.ignored' is unknown. Section ignored.
### mwldeppc.exe Linker Warning:
#   Section '.ignored' is unknown. Section ignored.
### mwldeppc.exe Linker Warning:
#   Section '.ignored' is unknown. Section ignored.
### mwldeppc.exe Linker Warning:
#   Section '.ignored' is unknown. Section ignored.
### mwldeppc.exe Linker Warning:
#   Section '.ignored' is unknown. Section ignored.
### mwldeppc.exe Linker Warning:
#   Section '.ignored' is unknown. Section ignored.
### mwldeppc.exe Linker Warning:
#   Section '.ignored' is unknown. Section ignored.
### mwldeppc.exe Linker Warning:
#   Section '.ignored' is unknown. Section ignored.
### mwldeppc.exe Linker Warning:
#   Section '.ignored' is unknown. Section ignored.
### mwldeppc.exe Linker Warning:
#   Section '.ignored' is unknown. Section ignored.
### mwldeppc.exe Linker Warning:
#   Section '.ignored' is unknown. Section ignored.
### mwldeppc.exe Linker Warning:
#   Section '.ignored' is unknown. Section ignored.
### mwldeppc.exe Linker Warning:
#   Section '.ignored' is unknown. Section ignored.
### mwldeppc.exe Linker Warning:
#   Section '.ignored' is unknown. Section ignored.
### mwldeppc.exe Linker Warning:
#   Section '.ignored' is unknown. Section ignored.
### mwldeppc.exe Linker Warning:
#   Section '.ignored' is unknown. Section ignored.
### mwldeppc.exe Linker Warning:
#   Section '.ignored' is unknown. Section ignored.
### mwldeppc.exe Linker Warning:
#   Section '.ignored' is unknown. Section ignored.
### mwldeppc.exe Linker Warning:
#   Section '.ignored' is unknown. Section ignored.
### mwldeppc.exe Linker Warning:
#   Section '.ignored' is unknown. Section ignored.
### mwldeppc.exe Linker Warning:
#   Section '.ignored' is unknown. Section ignored.
### mwldeppc.exe Linker Warning:
#   Section '.ignored' is unknown. Section ignored.
### mwldeppc.exe Linker Warning:
#   Section '.ignored' is unknown. Section ignored.
### mwldeppc.exe Linker Warning:
#   Section '.ignored' is unknown. Section ignored.
### mwldeppc.exe Linker Warning:
#   Section '.ignored' is unknown. Section ignored.
### mwldeppc.exe Linker Warning:
#   Section '.ignored' is unknown. Section ignored.
### mwldeppc.exe Linker Warning:
#   Section '.ignored' is unknown. Section ignored.
### mwldeppc.exe Linker Warning:
#   Section '.ignored' is unknown. Section ignored.
### mwldeppc.exe Linker Warning:
#   Section '.ignored' is unknown. Section ignored.
### mwldeppc.exe Linker Warning:
#   Section '.ignored' is unknown. Section ignored.
### mwldeppc.exe Linker Warning:
#   Section '.ignored' is unknown. Section ignored.
### mwldeppc.exe Linker Warning:
#   Section '.ignored' is unknown. Section ignored.
### mwldeppc.exe Linker Warning:
#   Section '.ignored' is unknown. Section ignored.
### mwldeppc.exe Linker Warning:
#   Section '.ignored' is unknown. Section ignored.
### mwldeppc.exe Linker Warning:
#   Section '.ignored' is unknown. Section ignored.
### mwldeppc.exe Linker Warning:
#   Section '.ignored' is unknown. Section ignored.
### mwldeppc.exe Linker Warning:
#   Section '.ignored' is unknown. Section ignored.
### mwldeppc.exe Linker Warning:
#   Section '.ignored' is unknown. Section ignored.
### mwldeppc.exe Linker Warning:
#   Section '.ignored' is unknown. Section ignored.
### mwldeppc.exe Linker Warning:
#   Section '.ignored' is unknown. Section ignored.
### mwldeppc.exe Linker Warning:
#   Section '.ignored' is unknown. Section ignored.
### mwldeppc.exe Linker Warning:
#   Section '.ignored' is unknown. Section ignored.
### mwldeppc.exe Linker Warning:
#   Section '.ignored' is unknown. Section ignored.
### mwldeppc.exe Linker Warning:
#   Section '.ignored' is unknown. Section ignored.
### mwldeppc.exe Linker Warning:
#   Section '.ignored' is unknown. Section ignored.
### mwldeppc.exe Linker Warning:
#   Section '.ignored' is unknown. Section ignored.
### mwldeppc.exe Linker Warning:
#   Section '.ignored' is unknown. Section ignored.
### mwldeppc.exe Linker Warning:
#   Section '.ignored' is unknown. Section ignored.
### mwldeppc.exe Linker Warning:
#   Section '.ignored' is unknown. Section ignored.
### mwldeppc.exe Linker Warning:
#   Section '.ignored' is unknown. Section ignored.
### mwldeppc.exe Linker Warning:
#   Section '.ignored' is unknown. Section ignored.
### mwldeppc.exe Linker Warning:
#   Section '.ignored' is unknown. Section ignored.
### mwldeppc.exe Linker Warning:
#   Section '.ignored' is unknown. Section ignored.
### mwldeppc.exe Linker Warning:
#   Section '.ignored' is unknown. Section ignored.
### mwldeppc.exe Linker Warning:
#   Section '.ignored' is unknown. Section ignored.
### mwldeppc.exe Linker Warning:
#   Section '.ignored' is unknown. Section ignored.
### mwldeppc.exe Linker Warning:
#   Section '.ignored' is unknown. Section ignored.
### mwldeppc.exe Linker Warning:
#   Section '.ignored' is unknown. Section ignored.
### mwldeppc.exe Linker Warning:
#   Section '.ignored' is unknown. Section ignored.
### mwldeppc.exe Linker Warning:
#   Section '.ignored' is unknown. Section ignored.
### mwldeppc.exe Linker Warning:
#   Section '.ignored' is unknown. Section ignored.
### mwldeppc.exe Linker Warning:
#   Section '.ignored' is unknown. Section ignored.
### mwldeppc.exe Linker Warning:
#   Section '.ignored' is unknown. Section ignored.
### mwldeppc.exe Linker Warning:
#   Section '.ignored' is unknown. Section ignored.
### mwldeppc.exe Linker Warning:
#   Section '.ignored' is unknown. Section ignored.
### mwldeppc.exe Linker Warning:
#   Section '.ignored' is unknown. Section ignored.
### mwldeppc.exe Linker Warning:
#   Section '.ignored' is unknown. Section ignored.
### mwldeppc.exe Linker Warning:
#   Section '.ignored' is unknown. Section ignored.
### mwldeppc.exe Linker Warning:
#   Section '.ignored' is unknown. Section ignored.
### mwldeppc.exe Linker Warning:
#   Section '.ignored' is unknown. Section ignored.
### mwldeppc.exe Linker Warning:
#   Section '.ignored' is unknown. Section ignored.
### mwldeppc.exe Linker Warning:
#   Section '.ignored' is unknown. Section ignored.
### mwldeppc.exe Linker Warning:
#   Section '.ignored' is unknown. Section ignored.
### mwldeppc.exe Linker Warning:
#   Section '.ignored' is unknown. Section ignored.
### mwldeppc.exe Linker Warning:
#   Section '.ignored' is unknown. Section ignored.
### mwldeppc.exe Linker Warning:
#   Section '.ignored' is unknown. Section ignored.
### mwldeppc.exe Linker Warning:
#   Section '.ignored' is unknown. Section ignored.
### mwldeppc.exe Linker Warning:
#   Section '.ignored' is unknown. Section ignored.
### mwldeppc.exe Linker Warning:
#   Section '.ignored' is unknown. Section ignored.
### mwldeppc.exe Linker Warning:
#   Section '.ignored' is unknown. Section ignored.
### mwldeppc.exe Linker Warning:
#   Section '.ignored' is unknown. Section ignored.
### mwldeppc.exe Linker Warning:
#   Section '.ignored' is unknown. Section ignored.
### mwldeppc.exe Linker Warning:
#   Section '.ignored' is unknown. Section ignored.
### mwldeppc.exe Linker Warning:
#   Section '.ignored' is unknown. Section ignored.
### mwldeppc.exe Linker Warning:
#   Section '.ignored' is unknown. Section ignored.
### mwldeppc.exe Linker Warning:
#   Section '.ignored' is unknown. Section ignored.
### mwldeppc.exe Linker Warning:
#   Section '.ignored' is unknown. Section ignored.
### mwldeppc.exe Linker Warning:
#   Section '.ignored' is unknown. Section ignored.
### mwldeppc.exe Linker Warning:
#   Section '.ignored' is unknown. Section ignored.
### mwldeppc.exe Linker Warning:
#   Section '.ignored' is unknown. Section ignored.
### mwldeppc.exe Linker Warning:
#   Section '.ignored' is unknown. Section ignored.
### mwldeppc.exe Linker Warning:
#   Section '.ignored' is unknown. Section ignored.
### mwldeppc.exe Linker Warning:
#   Section '.ignored' is unknown. Section ignored.
### mwldeppc.exe Linker Warning:
#   Section '.ignored' is unknown. Section ignored.
### mwldeppc.exe Linker Warning:
#   Section '.ignored' is unknown. Section ignored.
### mwldeppc.exe Linker Warning:
#   Section '.ignored' is unknown. Section ignored.
### mwldeppc.exe Linker Warning:
#   Section '.ignored' is unknown. Section ignored.
### mwldeppc.exe Linker Warning:
#   Section '.ignored' is unknown. Section ignored.
### mwldeppc.exe Linker Warning:
#   Section '.ignored' is unknown. Section ignored.
### mwldeppc.exe Linker Warning:
#   Section '.ignored' is unknown. Section ignored.
### mwldeppc.exe Linker Warning:
#   Section '.ignored' is unknown. Section ignored.
### mwldeppc.exe Linker Warning:
#   Section '.ignored' is unknown. Section ignored.
### mwldeppc.exe Linker Warning:
#   Section '.ignored' is unknown. Section ignored.
### mwldeppc.exe Linker Warning:
#   Section '.ignored' is unknown. Section ignored.
### mwldeppc.exe Linker Warning:
#   Section '.ignored' is unknown. Section ignored.
### mwldeppc.exe Linker Warning:
#   Section '.ignored' is unknown. Section ignored.
### mwldeppc.exe Linker Warning:
#   Section '.ignored' is unknown. Section ignored.
### mwldeppc.exe Linker Warning:
#   Section '.ignored' is unknown. Section ignored.
### mwldeppc.exe Linker Warning:
#   Section '.ignored' is unknown. Section ignored.
### mwldeppc.exe Linker Warning:
#   Section '.ignored' is unknown. Section ignored.
### mwldeppc.exe Linker Warning:
#   Section '.ignored' is unknown. Section ignored.
### mwldeppc.exe Linker Warning:
#   Section '.ignored' is unknown. Section ignored.
### mwldeppc.exe Linker Warning:
#   Section '.ignored' is unknown. Section ignored.
### mwldeppc.exe Linker Warning:
#   Section '.ignored' is unknown. Section ignored.
### mwldeppc.exe Linker Warning:
#   Section '.ignored' is unknown. Section ignored.
### mwldeppc.exe Linker Warning:
#   Section '.ignored' is unknown. Section ignored.
### mwldeppc.exe Linker Warning:
#   Section '.ignored' is unknown. Section ignored.
### mwldeppc.exe Linker Warning:
#   Section '.ignored' is unknown. Section ignored.
### mwldeppc.exe Linker Warning:
#   Section '.ignored' is unknown. Section ignored.
### mwldeppc.exe Linker Warning:
#   Section '.ignored' is unknown. Section ignored.
### mwldeppc.exe Linker Warning:
#   Section '.ignored' is unknown. Section ignored.
### mwldeppc.exe Linker Warning:
#   Section '.ignored' is unknown. Section ignored.
### mwldeppc.exe Linker Warning:
#   Section '.ignored' is unknown. Section ignored.
### mwldeppc.exe Linker Warning:
#   Section '.ignored' is unknown. Section ignored.
### mwldeppc.exe Linker Warning:
#   Section '.ignored' is unknown. Section ignored.
### mwldeppc.exe Linker Warning:
#   Section '.ignored' is unknown. Section ignored.
### mwldeppc.exe Linker Warning:
#   Section '.ignored' is unknown. Section ignored.
### mwldeppc.exe Linker Warning:
#   Section '.ignored' is unknown. Section ignored.
### mwldeppc.exe Linker Warning:
#   Section '.ignored' is unknown. Section ignored.
### mwldeppc.exe Linker Warning:
#   Section '.ignored' is unknown. Section ignored.
### mwldeppc.exe Linker Warning:
#   Section '.ignored' is unknown. Section ignored.
### mwldeppc.exe Linker Warning:
#   Section '.ignored' is unknown. Section ignored.
### mwldeppc.exe Linker Warning:
#   Section '.ignored' is unknown. Section ignored.
### mwldeppc.exe Linker Warning:
#   Section '.ignored' is unknown. Section ignored.
### mwldeppc.exe Linker Warning:
#   Section '.ignored' is unknown. Section ignored.
### mwldeppc.exe Linker Warning:
#   Section '.ignored' is unknown. Section ignored.
### mwldeppc.exe Linker Warning:
#   Section '.ignored' is unknown. Section ignored.
### mwldeppc.exe Linker Warning:
#   Section '.ignored' is unknown. Section ignored.
### mwldeppc.exe Linker Warning:
#   Section '.ignored' is unknown. Section ignored.
### mwldeppc.exe Linker Warning:
#   Section '.ignored' is unknown. Section ignored.
### mwldeppc.exe Linker Warning:
#   Section '.ignored' is unknown. Section ignored.
### mwldeppc.exe Linker Warning:
#   Section '.ignored' is unknown. Section ignored.
### mwldeppc.exe Linker Warning:
#   Section '.ignored' is unknown. Section ignored.
### mwldeppc.exe Linker Warning:
#   Section '.ignored' is unknown. Section ignored.
### mwldeppc.exe Linker Warning:
#   Section '.ignored' is unknown. Section ignored.
### mwldeppc.exe Linker Warning:
#   Section '.ignored' is unknown. Section ignored.
### mwldeppc.exe Linker Warning:
#   Section '.ignored' is unknown. Section ignored.
### mwldeppc.exe Linker Warning:
#   Section '.ignored' is unknown. Section ignored.
### mwldeppc.exe Linker Warning:
#   Section '.ignored' is unknown. Section ignored.
### mwldeppc.exe Linker Warning:
#   Section '.ignored' is unknown. Section ignored.
### mwldeppc.exe Linker Warning:
#   Section '.ignored' is unknown. Section ignored.
### mwldeppc.exe Linker Warning:
#   Section '.ignored' is unknown. Section ignored.
### mwldeppc.exe Linker Warning:
#   Section '.ignored' is unknown. Section ignored.
### mwldeppc.exe Linker Warning:
#   Section '.ignored' is unknown. Section ignored.
### mwldeppc.exe Linker Warning:
#   Section '.ignored' is unknown. Section ignored.
### mwldeppc.exe Linker Warning:
#   Section '.ignored' is unknown. Section ignored.
### mwldeppc.exe Linker Warning:
#   Section '.ignored' is unknown. Section ignored.
### mwldeppc.exe Linker Warning:
#   Section '.ignored' is unknown. Section ignored.
### mwldeppc.exe Linker Warning:
#   Section '.ignored' is unknown. Section ignored.
### mwldeppc.exe Linker Warning:
#   Section '.ignored' is unknown. Section ignored.
### mwldeppc.exe Linker Warning:
#   Section '.ignored' is unknown. Section ignored.
### mwldeppc.exe Linker Warning:
#   Section '.ignored' is unknown. Section ignored.
### mwldeppc.exe Linker Warning:
#   Section '.ignored' is unknown. Section ignored.
### mwldeppc.exe Linker Warning:
#   Section '.ignored' is unknown. Section ignored.
### mwldeppc.exe Linker Warning:
#   Section '.ignored' is unknown. Section ignored.
### mwldeppc.exe Linker Warning:
#   Section '.ignored' is unknown. Section ignored.
### mwldeppc.exe Linker Warning:
#   Section '.ignored' is unknown. Section ignored.
### mwldeppc.exe Linker Warning:
#   Section '.ignored' is unknown. Section ignored.
### mwldeppc.exe Linker Warning:
#   Section '.ignored' is unknown. Section ignored.
### mwldeppc.exe Linker Warning:
#   Section '.ignored' is unknown. Section ignored.
### mwldeppc.exe Linker Warning:
#   Section '.ignored' is unknown. Section ignored.
### mwldeppc.exe Linker Warning:
#   Section '.ignored' is unknown. Section ignored.
### mwldeppc.exe Linker Warning:
#   Section '.ignored' is unknown. Section ignored.
### mwldeppc.exe Linker Warning:
#   Section '.ignored' is unknown. Section ignored.
### mwldeppc.exe Linker Warning:
#   Section '.ignored' is unknown. Section ignored.
### mwldeppc.exe Linker Warning:
#   Section '.ignored' is unknown. Section ignored.
### mwldeppc.exe Linker Warning:
#   Section '.ignored' is unknown. Section ignored.
### mwldeppc.exe Linker Warning:
#   Section '.ignored' is unknown. Section ignored.
### mwldeppc.exe Linker Warning:
#   Section '.ignored' is unknown. Section ignored.
### mwldeppc.exe Linker Warning:
#   Section '.ignored' is unknown. Section ignored.
### mwldeppc.exe Linker Warning:
#   Section '.ignored' is unknown. Section ignored.
### mwldeppc.exe Linker Warning:
#   Section '.ignored' is unknown. Section ignored.
### mwldeppc.exe Linker Warning:
#   Section '.ignored' is unknown. Section ignored.
### mwldeppc.exe Linker Warning:
#   Section '.ignored' is unknown. Section ignored.
### mwldeppc.exe Linker Warning:
#   Section '.ignored' is unknown. Section ignored.
### mwldeppc.exe Linker Warning:
#   Section '.ignored' is unknown. Section ignored.
### mwldeppc.exe Linker Warning:
#   Section '.ignored' is unknown. Section ignored.
### mwldeppc.exe Linker Warning:
#   Section '.ignored' is unknown. Section ignored.
### mwldeppc.exe Linker Warning:
#   Section '.ignored' is unknown. Section ignored.
### mwldeppc.exe Linker Warning:
#   Section '.ignored' is unknown. Section ignored.
### mwldeppc.exe Linker Warning:
#   Section '.ignored' is unknown. Section ignored.
### mwldeppc.exe Linker Warning:
#   Section '.ignored' is unknown. Section ignored.
### mwldeppc.exe Linker Warning:
#   Section '.ignored' is unknown. Section ignored.
### mwldeppc.exe Linker Warning:
#   Section '.ignored' is unknown. Section ignored.
### mwldeppc.exe Linker Warning:
#   Section '.ignored' is unknown. Section ignored.
### mwldeppc.exe Linker Warning:
#   Section '.ignored' is unknown. Section ignored.
### mwldeppc.exe Linker Warning:
#   Section '.ignored' is unknown. Section ignored.
### mwldeppc.exe Linker Warning:
#   Section '.ignored' is unknown. Section ignored.
### mwldeppc.exe Linker Warning:
#   Section '.ignored' is unknown. Section ignored.
### mwldeppc.exe Linker Warning:
#   Section '.ignored' is unknown. Section ignored.
### mwldeppc.exe Linker Warning:
#   Section '.ignored' is unknown. Section ignored.
### mwldeppc.exe Linker Warning:
#   Section '.ignored' is unknown. Section ignored.
### mwldeppc.exe Linker Warning:
#   Section '.ignored' is unknown. Section ignored.
### mwldeppc.exe Linker Warning:
#   Section '.ignored' is unknown. Section ignored.
### mwldeppc.exe Linker Warning:
#   Section '.ignored' is unknown. Section ignored.
### mwldeppc.exe Linker Warning:
#   Section '.ignored' is unknown. Section ignored.
### mwldeppc.exe Linker Warning:
#   Section '.ignored' is unknown. Section ignored.
### mwldeppc.exe Linker Warning:
#   Section '.ignored' is unknown. Section ignored.
### mwldeppc.exe Linker Warning:
#   Section '.ignored' is unknown. Section ignored.
### mwldeppc.exe Linker Warning:
#   Section '.ignored' is unknown. Section ignored.
### mwldeppc.exe Linker Warning:
#   Section '.ignored' is unknown. Section ignored.
### mwldeppc.exe Linker Warning:
#   Section '.ignored' is unknown. Section ignored.
### mwldeppc.exe Linker Warning:
#   Section '.ignored' is unknown. Section ignored.
### mwldeppc.exe Linker Warning:
#   Section '.ignored' is unknown. Section ignored.
### mwldeppc.exe Linker Warning:
#   Section '.ignored' is unknown. Section ignored.
### mwldeppc.exe Linker Warning:
#   Section '.ignored' is unknown. Section ignored.
### mwldeppc.exe Linker Warning:
#   Section '.ignored' is unknown. Section ignored.
### mwldeppc.exe Linker Warning:
#   Section '.ignored' is unknown. Section ignored.
### mwldeppc.exe Linker Warning:
#   Section '.ignored' is unknown. Section ignored.
### mwldeppc.exe Linker Warning:
#   Section '.ignored' is unknown. Section ignored.
### mwldeppc.exe Linker Warning:
#   Section '.ignored' is unknown. Section ignored.
### mwldeppc.exe Linker Warning:
#   Section '.ignored' is unknown. Section ignored.
### mwldeppc.exe Linker Warning:
#   Section '.ignored' is unknown. Section ignored.
### mwldeppc.exe Linker Warning:
#   Section '.ignored' is unknown. Section ignored.
### mwldeppc.exe Linker Warning:
#   Section '.ignored' is unknown. Section ignored.
### mwldeppc.exe Linker Warning:
#   Section '.ignored' is unknown. Section ignored.
### mwldeppc.exe Linker Warning:
#   Section '.ignored' is unknown. Section ignored.
### mwldeppc.exe Linker Warning:
#   Section '.ignored' is unknown. Section ignored.
### mwldeppc.exe Linker Warning:
#   Section '.ignored' is unknown. Section ignored.
### mwldeppc.exe Linker Warning:
#   Section '.ignored' is unknown. Section ignored.
### mwldeppc.exe Linker Warning:
#   Section '.ignored' is unknown. Section ignored.
### mwldeppc.exe Linker Warning:
#   Section '.ignored' is unknown. Section ignored.
### mwldeppc.exe Linker Warning:
#   Section '.ignored' is unknown. Section ignored.
### mwldeppc.exe Linker Warning:
#   Section '.ignored' is unknown. Section ignored.
### mwldeppc.exe Linker Warning:
#   Section '.ignored' is unknown. Section ignored.
### mwldeppc.exe Linker Warning:
#   Section '.ignored' is unknown. Section ignored.
### mwldeppc.exe Linker Warning:
#   Section '.ignored' is unknown. Section ignored.
### mwldeppc.exe Linker Warning:
#   Section '.ignored' is unknown. Section ignored.
### mwldeppc.exe Linker Warning:
#   Section '.ignored' is unknown. Section ignored.
### mwldeppc.exe Linker Warning:
#   Section '.ignored' is unknown. Section ignored.
### mwldeppc.exe Linker Warning:
#   Section '.ignored' is unknown. Section ignored.
### mwldeppc.exe Linker Warning:
#   Section '.ignored' is unknown. Section ignored.
### mwldeppc.exe Linker Warning:
#   Section '.ignored' is unknown. Section ignored.
### mwldeppc.exe Linker Warning:
#   Section '.ignored' is unknown. Section ignored.
### mwldeppc.exe Linker Warning:
#   Section '.ignored' is unknown. Section ignored.
### mwldeppc.exe Linker Warning:
#   Section '.ignored' is unknown. Section ignored.
### mwldeppc.exe Linker Warning:
#   Section '.ignored' is unknown. Section ignored.
### mwldeppc.exe Linker Warning:
#   Section '.ignored' is unknown. Section ignored.
### mwldeppc.exe Linker Warning:
#   Section '.ignored' is unknown. Section ignored.
### mwldeppc.exe Linker Warning:
#   Section '.ignored' is unknown. Section ignored.
### mwldeppc.exe Linker Warning:
#   Section '.ignored' is unknown. Section ignored.
### mwldeppc.exe Linker Warning:
#   Section '.ignored' is unknown. Section ignored.
### mwldeppc.exe Linker Warning:
#   Section '.ignored' is unknown. Section ignored.
### mwldeppc.exe Linker Warning:
#   Section '.ignored' is unknown. Section ignored.
### mwldeppc.exe Linker Warning:
#   Section '.ignored' is unknown. Section ignored.
### mwldeppc.exe Linker Warning:
#   Section '.ignored' is unknown. Section ignored.
### mwldeppc.exe Linker Warning:
#   Section '.ignored' is unknown. Section ignored.
### mwldeppc.exe Linker Warning:
#   Section '.ignored' is unknown. Section ignored.
### mwldeppc.exe Linker Warning:
#   Section '.ignored' is unknown. Section ignored.
### mwldeppc.exe Linker Warning:
#   Section '.ignored' is unknown. Section ignored.
### mwldeppc.exe Linker Warning:
#   Section '.ignored' is unknown. Section ignored.
### mwldeppc.exe Linker Warning:
#   Section '.ignored' is unknown. Section ignored.
### mwldeppc.exe Linker Warning:
#   Section '.ignored' is unknown. Section ignored.
### mwldeppc.exe Linker Warning:
#   Section '.ignored' is unknown. Section ignored.
### mwldeppc.exe Linker Warning:
#   Section '.ignored' is unknown. Section ignored.
### mwldeppc.exe Linker Warning:
#   Section '.ignored' is unknown. Section ignored.
### mwldeppc.exe Linker Warning:
#   Section '.ignored' is unknown. Section ignored.
### mwldeppc.exe Linker Warning:
#   Section '.ignored' is unknown. Section ignored.
### mwldeppc.exe Linker Warning:
#   Section '.ignored' is unknown. Section ignored.
### mwldeppc.exe Linker Warning:
#   Section '.ignored' is unknown. Section ignored.
### mwldeppc.exe Linker Warning:
#   Section '.ignored' is unknown. Section ignored.
### mwldeppc.exe Linker Warning:
#   Section '.ignored' is unknown. Section ignored.
### mwldeppc.exe Linker Warning:
#   Section '.ignored' is unknown. Section ignored.
### mwldeppc.exe Linker Warning:
#   Section '.ignored' is unknown. Section ignored.
### mwldeppc.exe Linker Warning:
#   Section '.ignored' is unknown. Section ignored.
### mwldeppc.exe Linker Warning:
#   Section '.ignored' is unknown. Section ignored.
### mwldeppc.exe Linker Warning:
#   Section '.ignored' is unknown. Section ignored.
### mwldeppc.exe Linker Warning:
#   Section '.ignored' is unknown. Section ignored.
### mwldeppc.exe Linker Warning:
#   Section '.ignored' is unknown. Section ignored.
### mwldeppc.exe Linker Warning:
#   Section '.ignored' is unknown. Section ignored.
### mwldeppc.exe Linker Warning:
#   Section '.ignored' is unknown. Section ignored.
### mwldeppc.exe Linker Warning:
#   Section '.ignored' is unknown. Section ignored.
### mwldeppc.exe Linker Warning:
#   Section '.ignored' is unknown. Section ignored.
### mwldeppc.exe Linker Warning:
#   Section '.ignored' is unknown. Section ignored.
### mwldeppc.exe Linker Warning:
#   Section '.ignored' is unknown. Section ignored.
### mwldeppc.exe Linker Warning:
#   Section '.ignored' is unknown. Section ignored.
### mwldeppc.exe Linker Warning:
#   Section '.ignored' is unknown. Section ignored.
### mwldeppc.exe Linker Warning:
#   Section '.ignored' is unknown. Section ignored.
### mwldeppc.exe Linker Warning:
#   Section '.ignored' is unknown. Section ignored.
### mwldeppc.exe Linker Warning:
#   Section '.ignored' is unknown. Section ignored.
### mwldeppc.exe Linker Warning:
#   Section '.ignored' is unknown. Section ignored.
### mwldeppc.exe Linker Warning:
#   Section '.ignored' is unknown. Section ignored.
### mwldeppc.exe Linker Warning:
#   Section '.ignored' is unknown. Section ignored.
### mwldeppc.exe Linker Warning:
#   Section '.ignored' is unknown. Section ignored.
### mwldeppc.exe Linker Warning:
#   Section '.ignored' is unknown. Section ignored.
### mwldeppc.exe Linker Warning:
#   Section '.ignored' is unknown. Section ignored.
### mwldeppc.exe Linker Warning:
#   Section '.ignored' is unknown. Section ignored.
### mwldeppc.exe Linker Warning:
#   Section '.ignored' is unknown. Section ignored.
### mwldeppc.exe Linker Warning:
#   Section '.ignored' is unknown. Section ignored.
### mwldeppc.exe Linker Warning:
#   Section '.ignored' is unknown. Section ignored.
### mwldeppc.exe Linker Warning:
#   Section '.ignored' is unknown. Section ignored.
### mwldeppc.exe Linker Warning:
#   Section '.ignored' is unknown. Section ignored.
### mwldeppc.exe Linker Warning:
#   Section '.ignored' is unknown. Section ignored.
### mwldeppc.exe Linker Warning:
#   Section '.ignored' is unknown. Section ignored.
### mwldeppc.exe Linker Warning:
#   Section '.ignored' is unknown. Section ignored.
### mwldeppc.exe Linker Warning:
#   Section '.ignored' is unknown. Section ignored.
### mwldeppc.exe Linker Warning:
#   Section '.ignored' is unknown. Section ignored.
### mwldeppc.exe Linker Warning:
#   Section '.ignored' is unknown. Section ignored.
### mwldeppc.exe Linker Warning:
#   Section '.ignored' is unknown. Section ignored.
### mwldeppc.exe Linker Warning:
#   Section '.ignored' is unknown. Section ignored.
### mwldeppc.exe Linker Warning:
#   Section '.ignored' is unknown. Section ignored.
### mwldeppc.exe Linker Warning:
#   Section '.ignored' is unknown. Section ignored.
### mwldeppc.exe Linker Warning:
#   Section '.ignored' is unknown. Section ignored.
### mwldeppc.exe Linker Warning:
#   Section '.ignored' is unknown. Section ignored.
### mwldeppc.exe Linker Warning:
#   Section '.ignored' is unknown. Section ignored.
### mwldeppc.exe Linker Warning:
#   Section '.ignored' is unknown. Section ignored.
### mwldeppc.exe Linker Warning:
#   Section '.ignored' is unknown. Section ignored.
### mwldeppc.exe Linker Warning:
#   Section '.ignored' is unknown. Section ignored.
### mwldeppc.exe Linker Warning:
#   Section '.ignored' is unknown. Section ignored.
### mwldeppc.exe Linker Warning:
#   Section '.ignored' is unknown. Section ignored.
### mwldeppc.exe Linker Warning:
#   Section '.ignored' is unknown. Section ignored.
### mwldeppc.exe Linker Warning:
#   Section '.ignored' is unknown. Section ignored.
### mwldeppc.exe Linker Warning:
#   Section '.ignored' is unknown. Section ignored.
### mwldeppc.exe Linker Warning:
#   Section '.ignored' is unknown. Section ignored.
### mwldeppc.exe Linker Warning:
#   Section '.ignored' is unknown. Section ignored.
### mwldeppc.exe Linker Warning:
#   Section '.ignored' is unknown. Section ignored.
### mwldeppc.exe Linker Warning:
#   Section '.ignored' is unknown. Section ignored.
### mwldeppc.exe Linker Warning:
#   Section '.ignored' is unknown. Section ignored.
### mwldeppc.exe Linker Warning:
#   Section '.ignored' is unknown. Section ignored.
### mwldeppc.exe Linker Warning:
#   Section '.ignored' is unknown. Section ignored.
### mwldeppc.exe Linker Warning:
#   Section '.ignored' is unknown. Section ignored.
### mwldeppc.exe Linker Warning:
#   Section '.ignored' is unknown. Section ignored.
### mwldeppc.exe Linker Warning:
#   Section '.ignored' is unknown. Section ignored.
### mwldeppc.exe Linker Warning:
#   Section '.ignored' is unknown. Section ignored.
### mwldeppc.exe Linker Warning:
#   Section '.ignored' is unknown. Section ignored.
### mwldeppc.exe Linker Warning:
#   Section '.ignored' is unknown. Section ignored.
### mwldeppc.exe Linker Warning:
#   Section '.ignored' is unknown. Section ignored.
### mwldeppc.exe Linker Warning:
#   Section '.ignored' is unknown. Section ignored.
### mwldeppc.exe Linker Warning:
#   Section '.ignored' is unknown. Section ignored.
### mwldeppc.exe Linker Warning:
#   Section '.ignored' is unknown. Section ignored.
### mwldeppc.exe Linker Warning:
#   Section '.ignored' is unknown. Section ignored.
### mwldeppc.exe Linker Warning:
#   Section '.ignored' is unknown. Section ignored.
### mwldeppc.exe Linker Warning:
#   Section '.ignored' is unknown. Section ignored.
### mwldeppc.exe Linker Warning:
#   Section '.ignored' is unknown. Section ignored.
### mwldeppc.exe Linker Warning:
#   Section '.ignored' is unknown. Section ignored.
### mwldeppc.exe Linker Warning:
#   Section '.ignored' is unknown. Section ignored.
### mwldeppc.exe Linker Warning:
#   Section '.ignored' is unknown. Section ignored.
### mwldeppc.exe Linker Warning:
#   Section '.ignored' is unknown. Section ignored.
### mwldeppc.exe Linker Warning:
#   Section '.ignored' is unknown. Section ignored.
### mwldeppc.exe Linker Warning:
#   Section '.ignored' is unknown. Section ignored.
### mwldeppc.exe Linker Warning:
#   Section '.ignored' is unknown. Section ignored.
### mwldeppc.exe Linker Warning:
#   Section '.ignored' is unknown. Section ignored.
### mwldeppc.exe Linker Warning:
#   Section '.ignored' is unknown. Section ignored.
### mwldeppc.exe Linker Warning:
#   Section '.ignored' is unknown. Section ignored.
### mwldeppc.exe Linker Warning:
#   Section '.ignored' is unknown. Section ignored.
### mwldeppc.exe Linker Warning:
#   Section '.ignored' is unknown. Section ignored.
### mwldeppc.exe Linker Warning:
#   Section '.ignored' is unknown. Section ignored.
### mwldeppc.exe Linker Warning:
#   Section '.ignored' is unknown. Section ignored.
### mwldeppc.exe Linker Warning:
#   Section '.ignored' is unknown. Section ignored.
### mwldeppc.exe Linker Warning:
#   Section '.ignored' is unknown. Section ignored.
### mwldeppc.exe Linker Warning:
#   Section '.ignored' is unknown. Section ignored.
### mwldeppc.exe Linker Warning:
#   Section '.ignored' is unknown. Section ignored.
### mwldeppc.exe Linker Warning:
#   Section '.ignored' is unknown. Section ignored.
### mwldeppc.exe Linker Warning:
#   Section '.ignored' is unknown. Section ignored.
### mwldeppc.exe Linker Warning:
#   Section '.ignored' is unknown. Section ignored.
### mwldeppc.exe Linker Warning:
#   Section '.ignored' is unknown. Section ignored.
[937/940] DOL build/GEDE01/main.dol
[938/940] CHECK config/GEDE01/build.sha1
build/GEDE01/main.dol: OK
[939/940] PROGRESS
Progress:
  All: 58.97% fuzzy, 50.07% matched, 49.88% linked (6333 / 7069 files)
    Code: 1151904 / 2300692 bytes (6102 / 8214 functions)
    Data: 39858 / 4305642 bytes (0.93%)
  Game Code: 94.98% fuzzy, 80.62% matched, 80.31% linked (6315 / 6633 files)
    Code: 1148876 / 1425104 bytes (6040 / 6354 functions)
    Data: 39634 / 40522 bytes (97.81%)
  SDK/Runtime: 100.00% fuzzy, 100.00% matched, 100.00% linked (18 / 18 files)
    Code: 3028 / 3028 bytes (62 / 62 functions)
    Data: 224 / 224 bytes (100.00%)
